prioridad,negocio,categoria,dist_m,lat,lon,maps
1,Venta De Jugos Jugos Por Litro,café,0,18.458881,-97.398549,https://mitehuacan.mx/?ruta=19
1,Venta De Jugos Sin Nombre,café,0,18.450446,-97.413916,https://mitehuacan.mx/?ruta=19
1,Cafeteria Mientras Espero,café,1,18.461001,-97.394901,https://mitehuacan.mx/?ruta=19
1,Refugio Cafe,café,1,18.461028,-97.395972,https://mitehuacan.mx/?ruta=19
1,Paleteria La Morelense,café,2,18.456897,-97.408834,https://mitehuacan.mx/?ruta=19
1,Venta De Pan Casero Mr Dumpling,café,2,18.463368,-97.38943,https://mitehuacan.mx/?ruta=19
1,Tienda Escolar De La Primaria Federal Ejercito Mexicano Turn,café,3,18.477675,-97.383589,https://mitehuacan.mx/?ruta=19
1,Tienda Escolar De Primaria Emiliano Zapata Turno Matutino,café,3,18.477675,-97.383589,https://mitehuacan.mx/?ruta=19
1,Cafeteria A & A Smoothies,café,5,18.465754,-97.391335,https://mitehuacan.mx/?ruta=19
1,Jugueria Doña Delfis,café,5,18.455426,-97.412674,https://mitehuacan.mx/?ruta=19
1,Helados Y Paletas De Hielo Abisai,café,6,18.455763,-97.411944,https://mitehuacan.mx/?ruta=19
1,Jugueria Sin Nombre,café,6,18.455831,-97.411799,https://mitehuacan.mx/?ruta=19
1,Jugueria De Frutas El Naranjito,café,7,18.466879,-97.391429,https://mitehuacan.mx/?ruta=19
1,Cafeteria Llerrier,café,9,18.460912,-97.39498,https://mitehuacan.mx/?ruta=19
1,Venta De Jugos Y Licuados,café,9,18.460862,-97.393094,https://mitehuacan.mx/?ruta=19
1,Tienda Escolar Primaria Mexico,café,11,18.45237,-97.414765,https://mitehuacan.mx/?ruta=19
1,Cooperativa Escolar,café,12,18.451991,-97.415628,https://mitehuacan.mx/?ruta=19
1,Cafeteria Morentina,café,25,18.462982,-97.391163,https://mitehuacan.mx/?ruta=19
1,Caffe Arce,café,25,18.461948,-97.391178,https://mitehuacan.mx/?ruta=19
1,Cocina Economica Lolita,café,25,18.461948,-97.391178,https://mitehuacan.mx/?ruta=19
1,Jugueria La Esperanza,café,25,18.461948,-97.391178,https://mitehuacan.mx/?ruta=19
1,Refresqueria Y Jugueria Gemita,café,25,18.461948,-97.391178,https://mitehuacan.mx/?ruta=19
1,Venta De Jugos Super Jugos Curativos,café,32,18.458671,-97.391184,https://mitehuacan.mx/?ruta=19
1,Venta De Aguas Sin Nombre,café,34,18.460548,-97.389868,https://mitehuacan.mx/?ruta=19
1,Fuente De Sodas Christ,café,43,18.460688,-97.398267,https://mitehuacan.mx/?ruta=19
1,Desayunos Panchis,café,44,18.469035,-97.389801,https://mitehuacan.mx/?ruta=19
1,Restauran Casa Rayon,café,65,18.462506,-97.392019,https://mitehuacan.mx/?ruta=19
1,Cafeteria Flor De Cafe,café,70,18.461501,-97.390292,https://mitehuacan.mx/?ruta=19
1,Jugos Hernandez,café,79,18.461786,-97.390665,https://mitehuacan.mx/?ruta=19
1,Finca San Agustin Cafe,café,83,18.457938,-97.392445,https://mitehuacan.mx/?ruta=19
1,Venta De Aguas Frescas Sin Nombre,café,86,18.458655,-97.390673,https://mitehuacan.mx/?ruta=19
1,Cafeteria Coffe & Sando,café,87,18.460139,-97.392444,https://mitehuacan.mx/?ruta=19
1,Destino Cafeteria,café,89,18.460277,-97.398178,https://mitehuacan.mx/?ruta=19
1,El Frapecito,café,89,18.459684,-97.398307,https://mitehuacan.mx/?ruta=19
1,Jugos Y Tortas California,café,89,18.459495,-97.392424,https://mitehuacan.mx/?ruta=19
1,Dr. Tapioca,café,94,18.457891,-97.393578,https://mitehuacan.mx/?ruta=19
1,Venta De Jugo De Naranja,café,98,18.472399,-97.389272,https://mitehuacan.mx/?ruta=19
1,Ambrosia,café,107,18.470355,-97.392347,https://mitehuacan.mx/?ruta=19
1,Heladeria Helados Y Nieves Naturales Tehuacan,café,108,18.459748,-97.394209,https://mitehuacan.mx/?ruta=19
1,Mr. Creping,café,110,18.464957,-97.392434,https://mitehuacan.mx/?ruta=19
1,Cafeteria Antara,café,112,18.463021,-97.392461,https://mitehuacan.mx/?ruta=19
1,Cafeteria Ceut,café,113,18.463635,-97.388377,https://mitehuacan.mx/?ruta=19
1,Coffee Mr Johnn,café,117,18.476204,-97.385821,https://mitehuacan.mx/?ruta=19
1,Cafe Sierra Negra,café,120,18.457574,-97.391481,https://mitehuacan.mx/?ruta=19
1,Cafe La Giralda,café,122,18.462077,-97.394352,https://mitehuacan.mx/?ruta=19
1,Coth06_Ruta Cafe Tehuacan Ado,café,125,18.462133,-97.395305,https://mitehuacan.mx/?ruta=19
1,Chez Bardo Crepas Sushi Cafe,café,133,18.462333,-97.400112,https://mitehuacan.mx/?ruta=19
1,Cafeteria 3 Leches,café,137,18.462305,-97.397589,https://mitehuacan.mx/?ruta=19
1,Venta De Desayunos Sin Nombre,café,139,18.462891,-97.388139,https://mitehuacan.mx/?ruta=19
1,La Casa De La Tecnologia,celulares,0,18.461866,-97.389462,https://mitehuacan.mx/?ruta=19
1,Tiendas De Telefonos Distribuidor Autorizado Telcel Pamec,celulares,0,18.461441,-97.389465,https://mitehuacan.mx/?ruta=19
1,Tienda De Telefonos Distribuidor Autorizado Pamec Telcel,celulares,1,18.458753,-97.394037,https://mitehuacan.mx/?ruta=19
1,Venta De Accesorios Para Celulares Sin Nombre,celulares,1,18.457169,-97.405304,https://mitehuacan.mx/?ruta=19
1,Tienda De Telefonos Pamec Telcel,celulares,2,18.460943,-97.392408,https://mitehuacan.mx/?ruta=19
1,Venta De Productos De Electronica D& D Promotion,celulares,2,18.460975,-97.393687,https://mitehuacan.mx/?ruta=19
1,Yeyi Cell Accesorios Y Reparacion,celulares,2,18.458698,-97.392199,https://mitehuacan.mx/?ruta=19
1,Accesorios Para Celular Rom Cell,celulares,3,18.460917,-97.391298,https://mitehuacan.mx/?ruta=19
1,Accesorios Y Novedades Panda,celulares,3,18.4609,-97.390654,https://mitehuacan.mx/?ruta=19
1,Tap-Cel,celulares,3,18.45989,-97.391429,https://mitehuacan.mx/?ruta=19
1,Technology Store,celulares,3,18.460025,-97.391426,https://mitehuacan.mx/?ruta=19
1,Tienda De Telefonia Pamec Telcel,celulares,3,18.461663,-97.391396,https://mitehuacan.mx/?ruta=19
1,Venta De Accesorios Para Celular Novedades Hernandez,celulares,3,18.460876,-97.389735,https://mitehuacan.mx/?ruta=19
1,Venta De Accesorios Telefonicos Dido Cell,celulares,3,18.460874,-97.389668,https://mitehuacan.mx/?ruta=19
1,Compra Venta De Accesorios Para Celulares Technology Store,celulares,4,18.463817,-97.391357,https://mitehuacan.mx/?ruta=19
1,Tienda De Telefonos Autorizado Pamec Telcel,celulares,4,18.458876,-97.391448,https://mitehuacan.mx/?ruta=19
1,Compra Venta De Accesorios Para Celular La Reina,celulares,5,18.464143,-97.391352,https://mitehuacan.mx/?ruta=19
1,Compra Venta De Accesorios Para Celular Telef Mania,celulares,5,18.464369,-97.391348,https://mitehuacan.mx/?ruta=19
1,Compra Venta De Refacciones Para Celular,celulares,5,18.464343,-97.3894,https://mitehuacan.mx/?ruta=19
1,Tienda De Telefonia Genius Movil,celulares,5,18.466822,-97.391325,https://mitehuacan.mx/?ruta=19
1,Dsitribuidor Autorizado Ultracel,celulares,6,18.464833,-97.391448,https://mitehuacan.mx/?ruta=19
1,Reparacion De Computadoras Movil Cel Lap,celulares,6,18.464993,-97.391447,https://mitehuacan.mx/?ruta=19
1,Estacion De La Tecnologia,celulares,7,18.461067,-97.399993,https://mitehuacan.mx/?ruta=19
1,J-Cell Accesorios,celulares,8,18.461313,-97.391509,https://mitehuacan.mx/?ruta=19
1,Tecnologia Inalambrica Del Itsmo,celulares,8,18.460856,-97.392705,https://mitehuacan.mx/?ruta=19
1,Tmac Telcel Distribuidor Autorizado,celulares,8,18.460857,-97.39279,https://mitehuacan.mx/?ruta=19
1,Accesorios De Celulares Movistar,celulares,9,18.46086,-97.392989,https://mitehuacan.mx/?ruta=19
1,Accesorios Para Celular Sin Nombre,celulares,9,18.460828,-97.391975,https://mitehuacan.mx/?ruta=19
1,Accesorios Para Celular Telefonmania,celulares,9,18.459839,-97.391547,https://mitehuacan.mx/?ruta=19
1,Celular Wort,celulares,9,18.460796,-97.390838,https://mitehuacan.mx/?ruta=19
1,Dido Cell,celulares,9,18.460882,-97.393909,https://mitehuacan.mx/?ruta=19
1,La Casa Del Celular,celulares,9,18.460865,-97.393283,https://mitehuacan.mx/?ruta=19
1,Reparacion Y Accesorios Movile Zone,celulares,9,18.460781,-97.390222,https://mitehuacan.mx/?ruta=19
1,Tienda De Accesorios Para Celular Nick Cell,celulares,9,18.460804,-97.391151,https://mitehuacan.mx/?ruta=19
1,Tienda De Accesorios Para Celulares Centro Cell,celulares,9,18.459377,-97.391553,https://mitehuacan.mx/?ruta=19
1,Tienda De Accesorios Para Celulares Dido Cell,celulares,9,18.460835,-97.392196,https://mitehuacan.mx/?ruta=19
1,Tienda De Accesorios Para El Celular Accs Cell,celulares,9,18.460803,-97.391122,https://mitehuacan.mx/?ruta=19
1,Tienda De Telefonos Distribuidor Autorizado Pamec Telcel,celulares,9,18.460765,-97.389624,https://mitehuacan.mx/?ruta=19
1,Venta De Accesorios Para Celular,celulares,9,18.458929,-97.396972,https://mitehuacan.mx/?ruta=19
1,Venta De Accesorios Para Celular Cell Phone,celulares,9,18.460791,-97.39062,https://mitehuacan.mx/?ruta=19
1,Venta De Accesorios Para Celular Compu Planet,celulares,9,18.460787,-97.390449,https://mitehuacan.mx/?ruta=19
1,Venta De Accesorios Para Celulares Celular Tab,celulares,9,18.460822,-97.391807,https://mitehuacan.mx/?ruta=19
1,Venta De Accesorios Telefonicos Y Electronicos La Casa Del C,celulares,9,18.460767,-97.389729,https://mitehuacan.mx/?ruta=19
1,Venta De Celulares Celular World,celulares,9,18.460765,-97.389624,https://mitehuacan.mx/?ruta=19
1,Venta De Celulares Grupo Accel,celulares,9,18.460765,-97.389624,https://mitehuacan.mx/?ruta=19
1,Venta De Display Para Celulares House Cel,celulares,9,18.460828,-97.391975,https://mitehuacan.mx/?ruta=19
1,Venta De Telefonos Telcel,celulares,9,18.460865,-97.393283,https://mitehuacan.mx/?ruta=19
1,Venta De Telefonos Celulares Distribuidor Autorizado Telcel,celulares,11,18.461954,-97.391311,https://mitehuacan.mx/?ruta=19
1,Venta De Audio Y Computo Mitzu Electronicos,celulares,14,18.462677,-97.38932,https://mitehuacan.mx/?ruta=19
1,Accesorios Para Celular Cell Ma-Va,celulares,15,18.462758,-97.389318,https://mitehuacan.mx/?ruta=19
1,Macropay,celulares,18,18.460713,-97.390664,https://mitehuacan.mx/?ruta=19
1,Tienda De Accesorios Pra Celular Sin Nombre,celulares,18,18.462871,-97.391233,https://mitehuacan.mx/?ruta=19
1,Venta De Accesorios Para Celular Digo Cell,celulares,20,18.46075,-97.392595,https://mitehuacan.mx/?ruta=19
1,Venta Y Reparacion De Celulares La Casa Del Celular Casa Cel,celulares,20,18.46075,-97.392595,https://mitehuacan.mx/?ruta=19
1,Tienda De Telefonos Telcel,celulares,21,18.462948,-97.389655,https://mitehuacan.mx/?ruta=19
1,Reparacion Y Accesorios Para Celular Sin Nombre,celulares,24,18.461574,-97.389692,https://mitehuacan.mx/?ruta=19
1,Accesorios Y Reparacion De Celulares Cell Master,celulares,25,18.461948,-97.391178,https://mitehuacan.mx/?ruta=19
1,Cell Master,celulares,27,18.461176,-97.392646,https://mitehuacan.mx/?ruta=19
1,Technology Store,celulares,33,18.461222,-97.392646,https://mitehuacan.mx/?ruta=19
1,Venta De Accesorios Para Celular Cell-Tab,celulares,36,18.464852,-97.391052,https://mitehuacan.mx/?ruta=19
1,Tienda De Accesorios Para El Celular City Cell,celulares,41,18.46194,-97.391027,https://mitehuacan.mx/?ruta=19
1,King Memori,celulares,47,18.460751,-97.389027,https://mitehuacan.mx/?ruta=19
1,Tecnology Estore,celulares,48,18.46075,-97.389018,https://mitehuacan.mx/?ruta=19
1,Dmaeg Technology In Your Hands,celulares,53,18.469039,-97.389886,https://mitehuacan.mx/?ruta=19
1,Grupo Accel Tienda De Telefonos Celulares De Telcel,celulares,62,18.462892,-97.391991,https://mitehuacan.mx/?ruta=19
1,Compra Venta De Accesorios Para Celular Accesorios Una Hora ,celulares,68,18.464835,-97.390085,https://mitehuacan.mx/?ruta=19
1,Compra Venta De Refacciones Para Celulares Iplus Refacciones,celulares,68,18.464835,-97.390085,https://mitehuacan.mx/?ruta=19
1,Tienda De Accesorios Para El Celular Centro Cell,celulares,68,18.462305,-97.390762,https://mitehuacan.mx/?ruta=19
1,La Casa Del Celular Deluxe,celulares,69,18.461567,-97.393286,https://mitehuacan.mx/?ruta=19
1,Distribuidor Autorizado Movistar,celulares,70,18.461501,-97.390292,https://mitehuacan.mx/?ruta=19
1,Venta De Refacciones Para Celulares Celular Center,celulares,70,18.461501,-97.390292,https://mitehuacan.mx/?ruta=19
1,House - Cel,celulares,72,18.460746,-97.38879,https://mitehuacan.mx/?ruta=19
1,El Rey De Las Fundas,celulares,76,18.461657,-97.394166,https://mitehuacan.mx/?ruta=19
1,Novedades Fabys,celulares,76,18.460746,-97.388752,https://mitehuacan.mx/?ruta=19
1,Venta De Accesorios Para Celular Case Store,celulares,79,18.461582,-97.390318,https://mitehuacan.mx/?ruta=19
1,Grupo Accel,celulares,82,18.458657,-97.390711,https://mitehuacan.mx/?ruta=19
1,Venta De Celulares Cellular Wordl,celulares,82,18.458657,-97.390711,https://mitehuacan.mx/?ruta=19
1,Accesorios Para Celular Sin Nombre,celulares,84,18.460271,-97.396484,https://mitehuacan.mx/?ruta=19
1,Compra Venta De Accesorios Para Celular Life Style,celulares,88,18.462976,-97.390565,https://mitehuacan.mx/?ruta=19
1,Tienda De Accesorios Para Celular Bas Prix,celulares,88,18.460133,-97.392572,https://mitehuacan.mx/?ruta=19
1,Macropay,celulares,89,18.460041,-97.389377,https://mitehuacan.mx/?ruta=19
1,Tienda De Telefonos Distribuidor Autorizado Pamec Telcel,celulares,90,18.462848,-97.390304,https://mitehuacan.mx/?ruta=19
1,Servicel Tehuacan Centro,celulares,94,18.46182,-97.39416,https://mitehuacan.mx/?ruta=19
1,Telefonica Movistar,celulares,95,18.462854,-97.390503,https://mitehuacan.mx/?ruta=19
1,Celular Shop,celulares,102,18.459776,-97.392433,https://mitehuacan.mx/?ruta=19
1,Venta De Accesorios Alpha Systems,celulares,103,18.459849,-97.392435,https://mitehuacan.mx/?ruta=19
1,Macropay,celulares,115,18.459805,-97.389379,https://mitehuacan.mx/?ruta=19
1,Grupo Accell,celulares,117,18.462098,-97.39659,https://mitehuacan.mx/?ruta=19
1,Bodega De Telcel Grupo Accell,celulares,119,18.462123,-97.39695,https://mitehuacan.mx/?ruta=19
1,Accesorios Para Celulares Lucky,celulares,122,18.462071,-97.394239,https://mitehuacan.mx/?ruta=19
1,Venta De Accesorios Para Celular Sin Nombre,celulares,124,18.464879,-97.392569,https://mitehuacan.mx/?ruta=19
1,Servicio Tecnico De Celulares El Vencedor,celulares,138,18.457442,-97.391188,https://mitehuacan.mx/?ruta=19
1,Reparacion Y Venta De Accesorios Telefonicos Ganac,celulares,139,18.462891,-97.388139,https://mitehuacan.mx/?ruta=19
1,Consultorio De Similares,consultorio,0,18.461731,-97.389463,https://mitehuacan.mx/?ruta=19
1,Consultorio Medico Torrescano,consultorio,0,18.462645,-97.389454,https://mitehuacan.mx/?ruta=19
1,Consultorio Dental,consultorio,1,18.451887,-97.415615,https://mitehuacan.mx/?ruta=19
1,Consultorio Dental Estomadent,consultorio,1,18.456237,-97.402252,https://mitehuacan.mx/?ruta=19
1,Consultorio Dental Ortho-Dent,consultorio,1,18.461022,-97.395801,https://mitehuacan.mx/?ruta=19
1,Consultorio Medico General Doctor Pablo Garcia Merino,consultorio,1,18.458748,-97.393867,https://mitehuacan.mx/?ruta=19
1,Consultorio Medico Homeopatico Sin Nombre,consultorio,1,18.458813,-97.395534,https://mitehuacan.mx/?ruta=19
1,Consultorio Medico Sin Nombre,consultorio,1,18.478627,-97.379535,https://mitehuacan.mx/?ruta=19
1,Dermatologa Susana Cornejo Rodriguez,consultorio,1,18.460998,-97.394806,https://mitehuacan.mx/?ruta=19
1,Ginecologia Y Obstetricia Dr Ruben Gonzalez Gomez,consultorio,1,18.460993,-97.394607,https://mitehuacan.mx/?ruta=19
1,Axel Sport Terapia Fisica,consultorio,2,18.458694,-97.392,https://mitehuacan.mx/?ruta=19
1,Clinica Dental Puebla,consultorio,2,18.458694,-97.392,https://mitehuacan.mx/?ruta=19
1,Consultorio Dental Sin Nombre,consultorio,2,18.460975,-97.393687,https://mitehuacan.mx/?ruta=19
1,Consultorio Medico De Fundacion Best,consultorio,2,18.458694,-97.392009,https://mitehuacan.mx/?ruta=19
1,Consultorio Medico De Fundacion Best Fin De Semana,consultorio,2,18.458694,-97.392009,https://mitehuacan.mx/?ruta=19
1,Consultorio Medico Dental,consultorio,2,18.4587,-97.392303,https://mitehuacan.mx/?ruta=19
1,Consultorio Medico Fundacion Best,consultorio,2,18.460921,-97.391801,https://mitehuacan.mx/?ruta=19
1,Consultorio Medico Fundacion Best Vespertino,consultorio,2,18.458694,-97.392009,https://mitehuacan.mx/?ruta=19
1,Consultorio Medico Juan Luna Diaz,consultorio,2,18.458698,-97.392199,https://mitehuacan.mx/?ruta=19
1,Consultorio Medico Sin Nombre,consultorio,2,18.460974,-97.39364,https://mitehuacan.mx/?ruta=19
1,Rigadent,consultorio,2,18.456557,-97.410194,https://mitehuacan.mx/?ruta=19
1,Sanaury Control De Peso,consultorio,2,18.458694,-97.392,https://mitehuacan.mx/?ruta=19
1,Clinica Dental Diamante,consultorio,3,18.463319,-97.391369,https://mitehuacan.mx/?ruta=19
1,Consultorio Dental,consultorio,3,18.460896,-97.390474,https://mitehuacan.mx/?ruta=19
1,Consultorio Medico Cims,consultorio,3,18.463156,-97.391375,https://mitehuacan.mx/?ruta=19
1,Consultorio Medico De Similares,consultorio,3,18.461645,-97.391396,https://mitehuacan.mx/?ruta=19
1,Consultorio Medico Similares,consultorio,3,18.461609,-97.391397,https://mitehuacan.mx/?ruta=19
1,Dental Guevara,consultorio,3,18.45689,-97.408966,https://mitehuacan.mx/?ruta=19
1,Dental San Jose,consultorio,3,18.459962,-97.391428,https://mitehuacan.mx/?ruta=19
1,Servicio De Control De Peso,consultorio,3,18.463319,-97.391369,https://mitehuacan.mx/?ruta=19
1,Consultorio Dental,consultorio,4,18.469268,-97.391384,https://mitehuacan.mx/?ruta=19
1,Consultorio Medico Pediatrico Sin Nombre,consultorio,4,18.463482,-97.391363,https://mitehuacan.mx/?ruta=19
1,Neo Dental,consultorio,4,18.455207,-97.413768,https://mitehuacan.mx/?ruta=19
1,Nutriologa Consultorio,consultorio,4,18.467645,-97.391318,https://mitehuacan.mx/?ruta=19
1,Clinica De Rehabilitacion De Fisioterapia,consultorio,5,18.466563,-97.389381,https://mitehuacan.mx/?ruta=19
1,Clinica Dental Art,consultorio,5,18.467365,-97.39132,https://mitehuacan.mx/?ruta=19
1,Consultorio De Especialidad En Pediatria Y Nutricion Del Niñ,consultorio,5,18.464264,-97.389402,https://mitehuacan.mx/?ruta=19
1,Consultorio Dental Haim,consultorio,5,18.465736,-97.391336,https://mitehuacan.mx/?ruta=19
1,Consultorio Dental Macdent,consultorio,5,18.466563,-97.389381,https://mitehuacan.mx/?ruta=19
1,Consultorio Dental Prodental,consultorio,5,18.46516,-97.389394,https://mitehuacan.mx/?ruta=19
1,Laboratorio Dental Los Angeles,consultorio,5,18.465766,-97.389388,https://mitehuacan.mx/?ruta=19
1,Psicologia,consultorio,5,18.468743,-97.391402,https://mitehuacan.mx/?ruta=19
1,Centro De Rehabilitacion Olin,consultorio,6,18.466173,-97.391436,https://mitehuacan.mx/?ruta=19
1,Clinica Dermatofuncional,consultorio,6,18.466173,-97.391436,https://mitehuacan.mx/?ruta=19
1,Consultorio De Psicologia,consultorio,6,18.464833,-97.391448,https://mitehuacan.mx/?ruta=19
1,Consultorio Dental,consultorio,6,18.466101,-97.391436,https://mitehuacan.mx/?ruta=19
1,Consultorio Dental Mag,consultorio,6,18.469021,-97.391294,https://mitehuacan.mx/?ruta=19
1,Consultorio Dental Sin Nombre,consultorio,6,18.465621,-97.391441,https://mitehuacan.mx/?ruta=19
1,Podologia Salud Y Bienestar Para Sus Pies,consultorio,6,18.468056,-97.391412,https://mitehuacan.mx/?ruta=19
1,Spa Jenn,consultorio,6,18.466173,-97.391436,https://mitehuacan.mx/?ruta=19
1,Terapia Fisica Y Rehabilitacion Physiokineur,consultorio,6,18.469356,-97.39129,https://mitehuacan.mx/?ruta=19
1,Clinica Dental Bocare,consultorio,8,18.460978,-97.39697,https://mitehuacan.mx/?ruta=19
1,Consultorio Dental Ortodoncia Homeopatia,consultorio,8,18.461666,-97.3915,https://mitehuacan.mx/?ruta=19
1,Consultorio Dental San Pablo,consultorio,8,18.46154,-97.391503,https://mitehuacan.mx/?ruta=19
1,Consultorio De Ginecologia Y Obstetricia Dr Jose Luis Aquino,consultorio,9,18.458886,-97.395418,https://mitehuacan.mx/?ruta=19
1,Consultorio De Similares,consultorio,9,18.460787,-97.39044,https://mitehuacan.mx/?ruta=19
1,Consultorio Dental Dental 4 Tehuacan,consultorio,9,18.460828,-97.391975,https://mitehuacan.mx/?ruta=19
1,Consultorio Dental Olmos,consultorio,9,18.459902,-97.391546,https://mitehuacan.mx/?ruta=19
1,Consultorio Mb Dental,consultorio,9,18.458883,-97.395238,https://mitehuacan.mx/?ruta=19
1,Consultorio Medico,consultorio,9,18.460946,-97.396221,https://mitehuacan.mx/?ruta=19
1,Consultorio Medico Farmacias Similares,consultorio,9,18.460787,-97.39044,https://mitehuacan.mx/?ruta=19
1,Consultorio Nutricional Nutrifitnes,consultorio,9,18.460828,-97.391975,https://mitehuacan.mx/?ruta=19
1,Estetica Dental Dentismile,consultorio,9,18.458943,-97.397551,https://mitehuacan.mx/?ruta=19
1,Ident Odontologia Integral Y Ortodoncia,consultorio,9,18.460832,-97.392127,https://mitehuacan.mx/?ruta=19
1,Medico Pediatra,consultorio,9,18.461286,-97.39151,https://mitehuacan.mx/?ruta=19
1,Optica Verbien,consultorio,9,18.460827,-97.391966,https://mitehuacan.mx/?ruta=19
1,Consultorio Dental Oral Medica,consultorio,10,18.458912,-97.39611,https://mitehuacan.mx/?ruta=19
1,Consultorio Medico Rogelio Miranda Ruiz,consultorio,10,18.462947,-97.389551,https://mitehuacan.mx/?ruta=19
1,Grupo Dental Bulas,consultorio,10,18.458843,-97.393721,https://mitehuacan.mx/?ruta=19
1,Consultorio Dental Go,consultorio,11,18.461132,-97.396516,https://mitehuacan.mx/?ruta=19
1,Consultorio Medico Agustin Pacheco Merlo,consultorio,12,18.458816,-97.392897,https://mitehuacan.mx/?ruta=19
1,Uneme Sorid,consultorio,12,18.448507,-97.418572,https://mitehuacan.mx/?ruta=19
1,Clinica Dental Familiar,consultorio,13,18.467008,-97.391492,https://mitehuacan.mx/?ruta=19
1,Consultorio Dental Zona Dental,consultorio,14,18.468397,-97.389267,https://mitehuacan.mx/?ruta=19
1,Consultorio Medico De Farmacia De Apollo,consultorio,14,18.458562,-97.392434,https://mitehuacan.mx/?ruta=19
1,Clinica Britania,consultorio,15,18.467845,-97.38927,https://mitehuacan.mx/?ruta=19
1,Clinica Dental Catedral,consultorio,15,18.460812,-97.393473,https://mitehuacan.mx/?ruta=19
1,Consultorio Medico,consultorio,16,18.463427,-97.389299,https://mitehuacan.mx/?ruta=19
1,Clinicasca Dental Safir,consultorio,18,18.464296,-97.389281,https://mitehuacan.mx/?ruta=19
1,Local De Servicios Optica Tehuacan,consultorio,18,18.465436,-97.389265,https://mitehuacan.mx/?ruta=19
1,Clinica Dental Martinez,consultorio,19,18.462931,-97.389276,https://mitehuacan.mx/?ruta=19
1,Consultorio Dental Dental Center Rosmed,consultorio,19,18.465093,-97.389266,https://mitehuacan.mx/?ruta=19
1,Consultorio Medico Medicina General,consultorio,19,18.460672,-97.389473,https://mitehuacan.mx/?ruta=19
1,Consultorio Dental Sin Nombre,consultorio,20,18.458907,-97.399971,https://mitehuacan.mx/?ruta=19
1,Consultorio De Odontologia Integral Am,consultorio,22,18.460644,-97.389474,https://mitehuacan.mx/?ruta=19
1,Consultorio Salud Dental,consultorio,22,18.460833,-97.396499,https://mitehuacan.mx/?ruta=19
1,Consultorio Bio Dental,consultorio,23,18.461252,-97.396883,https://mitehuacan.mx/?ruta=19
1,Consultorio Dental Sin Nombre,consultorio,23,18.470478,-97.391273,https://mitehuacan.mx/?ruta=19
1,Clinica Dental Integral Rie,consultorio,24,18.458437,-97.391574,https://mitehuacan.mx/?ruta=19
1,Consultorio Medico Doctor Roberto Nakid,consultorio,24,18.460753,-97.394195,https://mitehuacan.mx/?ruta=19
1,Consultorio Medico Eduardo Gonzalez Barbosa,consultorio,24,18.460753,-97.394195,https://mitehuacan.mx/?ruta=19
1,Consultorio De Pediatria Juan Fernando Barroso Zarate,consultorio,27,18.459077,-97.396519,https://mitehuacan.mx/?ruta=19
1,Consultorio Dental Creadent,consultorio,27,18.459077,-97.396519,https://mitehuacan.mx/?ruta=19
1,Unidad De Cuidado De Heridas,consultorio,30,18.469993,-97.389352,https://mitehuacan.mx/?ruta=19
1,Medico Cirujano,consultorio,32,18.458543,-97.396526,https://mitehuacan.mx/?ruta=19
1,Clinica Dental Guadalupe,consultorio,33,18.462807,-97.389138,https://mitehuacan.mx/?ruta=19
1,Consultorio Dental,consultorio,34,18.470569,-97.389599,https://mitehuacan.mx/?ruta=19
1,Consultorio Dental Dentirob,consultorio,36,18.460601,-97.392459,https://mitehuacan.mx/?ruta=19
1,Optometria Integral Tehuacan,consultorio,36,18.464863,-97.391735,https://mitehuacan.mx/?ruta=19
1,Consultorio Fisioterapia,consultorio,39,18.460679,-97.396577,https://mitehuacan.mx/?ruta=19
1,Clinica La Luz,consultorio,40,18.47838,-97.378439,https://mitehuacan.mx/?ruta=19
1,Ortho Plus Clinica Dental,consultorio,40,18.464933,-97.391012,https://mitehuacan.mx/?ruta=19
1,Consultorio En Ginecologia Y Obstetricia,consultorio,42,18.464933,-97.390993,https://mitehuacan.mx/?ruta=19
1,Consultorio Medico,consultorio,42,18.476804,-97.384995,https://mitehuacan.mx/?ruta=19
1,Consultorio Dental Docky Dental,consultorio,43,18.459129,-97.393483,https://mitehuacan.mx/?ruta=19
1,Consultorio Dental,consultorio,46,18.458416,-97.396525,https://mitehuacan.mx/?ruta=19
1,Consultorio Medico,consultorio,46,18.458416,-97.396525,https://mitehuacan.mx/?ruta=19
1,Medico Cirujano,consultorio,46,18.458416,-97.396525,https://mitehuacan.mx/?ruta=19
1,Consultorio Clinico,consultorio,49,18.460588,-97.39649,https://mitehuacan.mx/?ruta=19
1,Clinica Dental A&R,consultorio,51,18.464832,-97.389924,https://mitehuacan.mx/?ruta=19
1,Consultorio Dental Sin Nombre,consultorio,51,18.470292,-97.391818,https://mitehuacan.mx/?ruta=19
1,Clinica Urologica De Tehuacan,consultorio,54,18.465966,-97.389952,https://mitehuacan.mx/?ruta=19
1,Consultorio Dental Divino Salvador,consultorio,54,18.458031,-97.398418,https://mitehuacan.mx/?ruta=19
1,Consultorio Dental Smile,consultorio,54,18.458904,-97.399554,https://mitehuacan.mx/?ruta=19
1,Sanadores Espirituales,consultorio,55,18.45924,-97.393573,https://mitehuacan.mx/?ruta=19
1,Consultorio Dental Sin Nombre,consultorio,57,18.46205,-97.390871,https://mitehuacan.mx/?ruta=19
1,Nutri Logros,consultorio,58,18.458327,-97.397441,https://mitehuacan.mx/?ruta=19
1,Consultorio Medico Pediatra Neonatologo,consultorio,60,18.458283,-97.398397,https://mitehuacan.mx/?ruta=19
1,Servicio Dental Dental 24 Horass,consultorio,60,18.461574,-97.388895,https://mitehuacan.mx/?ruta=19
1,Consultorio Dental Sin Nombre,consultorio,63,18.464815,-97.388843,https://mitehuacan.mx/?ruta=19
1,Dispensario Medico San Vicente De Paul,consultorio,66,18.461536,-97.39317,https://mitehuacan.mx/?ruta=19
1,Consultorio Dental Ortidenth,consultorio,70,18.461501,-97.390292,https://mitehuacan.mx/?ruta=19
1,Consultorio De Ginecologia Y Colposcopia,consultorio,71,18.464812,-97.388776,https://mitehuacan.mx/?ruta=19
1,Centro De Diagnostico Y Terapia Cdti,consultorio,72,18.460382,-97.396571,https://mitehuacan.mx/?ruta=19
1,Spa Pies Podologia,consultorio,75,18.46702,-97.39208,https://mitehuacan.mx/?ruta=19
1,Terapias Orientales Contacto Energetico,consultorio,75,18.46702,-97.39208,https://mitehuacan.mx/?ruta=19
1,Consultorio Medico Sin Nombre,consultorio,76,18.469049,-97.390104,https://mitehuacan.mx/?ruta=19
1,Consultorio Medico,consultorio,79,18.462859,-97.390654,https://mitehuacan.mx/?ruta=19
1,Optica Delabli,consultorio,79,18.457983,-97.392728,https://mitehuacan.mx/?ruta=19
1,Consultorio Dental May Dental Studio,consultorio,80,18.464926,-97.390632,https://mitehuacan.mx/?ruta=19
1,Control De Peso Y Terapia Auricular Acupuntura,consultorio,82,18.460187,-97.392574,https://mitehuacan.mx/?ruta=19
1,Consultorio Dental,consultorio,83,18.468632,-97.392139,https://mitehuacan.mx/?ruta=19
1,Consultorio De Odontologia Integral Y Pediatrica Sin Nombre,consultorio,84,18.459578,-97.396106,https://mitehuacan.mx/?ruta=19
1,Consultorio Pediatrico Sin Nombre,consultorio,84,18.459578,-97.396106,https://mitehuacan.mx/?ruta=19
1,Consultorio Psicologico Efecto Mariposa,consultorio,84,18.465955,-97.388643,https://mitehuacan.mx/?ruta=19
1,Consultoriode Terapia Diego,consultorio,88,18.466949,-97.39026,https://mitehuacan.mx/?ruta=19
1,Partera Rural Adiestrada Sin Nombre,consultorio,90,18.45144,-97.413999,https://mitehuacan.mx/?ruta=19
1,Consultorio De Psicologia Apoyo Profesional Y Psicologico Hu,consultorio,91,18.459702,-97.398306,https://mitehuacan.mx/?ruta=19
1,Clinica Dental Bolaños,consultorio,92,18.461778,-97.393376,https://mitehuacan.mx/?ruta=19
1,Consultorio Dental,consultorio,92,18.461778,-97.393376,https://mitehuacan.mx/?ruta=19
1,Consultorio Medico,consultorio,92,18.461781,-97.39348,https://mitehuacan.mx/?ruta=19
1,Consultorio Dental Sin Nombre,consultorio,94,18.462849,-97.390342,https://mitehuacan.mx/?ruta=19
1,Consultorio Dental Sin Nombre,consultorio,95,18.469065,-97.390445,https://mitehuacan.mx/?ruta=19
1,Unidad Medica San Agustin,consultorio,95,18.457838,-97.392731,https://mitehuacan.mx/?ruta=19
1,Oroz Podologia,consultorio,97,18.45962,-97.393558,https://mitehuacan.mx/?ruta=19
1,Consultorio Dental Ortho Shine,consultorio,98,18.464874,-97.392323,https://mitehuacan.mx/?ruta=19
1,Consultorio Dental Sin Nombre,consultorio,98,18.464874,-97.392323,https://mitehuacan.mx/?ruta=19
1,Espacio Nutritivo,consultorio,98,18.464874,-97.392323,https://mitehuacan.mx/?ruta=19
1,Servicio Medico De Optometria Optishop,consultorio,98,18.464874,-97.392323,https://mitehuacan.mx/?ruta=19
1,Centro De Podologia De Tehuacan,consultorio,99,18.462784,-97.388522,https://mitehuacan.mx/?ruta=19
1,Consultorio Dental,consultorio,99,18.462851,-97.390389,https://mitehuacan.mx/?ruta=19
1,Sanatorio El Nuevo Siglo,consultorio,99,18.465891,-97.388503,https://mitehuacan.mx/?ruta=19
1,Consultorio Medico Homeopatico,consultorio,102,18.46382,-97.392364,https://mitehuacan.mx/?ruta=19
1,Dental Martinez,consultorio,102,18.463947,-97.392362,https://mitehuacan.mx/?ruta=19
1,Consultorio Dental Sin Nombre,consultorio,103,18.471196,-97.391367,https://mitehuacan.mx/?ruta=19
1,Consultorio Dental,consultorio,104,18.460036,-97.394478,https://mitehuacan.mx/?ruta=19
1,Consultorio Dental Dra Jazmin Sanchez Tecuatl,consultorio,104,18.460036,-97.394478,https://mitehuacan.mx/?ruta=19
1,Consultorio Medico Sin Nombre,consultorio,104,18.460036,-97.394478,https://mitehuacan.mx/?ruta=19
1,Dental Veracruzana,consultorio,104,18.460741,-97.388487,https://mitehuacan.mx/?ruta=19
1,Consultorio Doctor Alfredo M Balderas L,consultorio,105,18.462026,-97.398206,https://mitehuacan.mx/?ruta=19
1,Consultorio Medico Luis Alberto Frias Vera,consultorio,105,18.460136,-97.398288,https://mitehuacan.mx/?ruta=19
1,Consultorio Dental Consuldent,consultorio,106,18.466923,-97.392368,https://mitehuacan.mx/?ruta=19
1,Consultorio De Oftalmologia,consultorio,107,18.460065,-97.396573,https://mitehuacan.mx/?ruta=19
1,Consultorio De Pediatria Sin Nombre,consultorio,107,18.460065,-97.396573,https://mitehuacan.mx/?ruta=19
1,Consultorio Medico Dr Mario Breton Reyes,consultorio,107,18.460065,-97.396573,https://mitehuacan.mx/?ruta=19
1,Consultorio Medico General Doctor Carlos Nakid Garcia,consultorio,107,18.460065,-97.396573,https://mitehuacan.mx/?ruta=19
1,Consultorio Medico Ginecologia Sin Nombre,consultorio,107,18.460065,-97.396573,https://mitehuacan.mx/?ruta=19
1,Km Consultorio Dental,consultorio,109,18.464622,-97.388409,https://mitehuacan.mx/?ruta=19
1,Clinica Dental Sin Nombre,consultorio,110,18.463461,-97.392443,https://mitehuacan.mx/?ruta=19
1,Consultorio Dental Jose De Jesus Leon Frias,consultorio,111,18.460082,-97.39829,https://mitehuacan.mx/?ruta=19
1,Consultorio Psicologico,consultorio,112,18.462005,-97.394981,https://mitehuacan.mx/?ruta=19
1,Consultorio Medico General,consultorio,114,18.457713,-97.393685,https://mitehuacan.mx/?ruta=19
1,Clinica De Fisioterapia Reintegrate,consultorio,115,18.471302,-97.39027,https://mitehuacan.mx/?ruta=19
1,Consultorio Dental,consultorio,115,18.464958,-97.392481,https://mitehuacan.mx/?ruta=19
1,Clinica Dental Oral,consultorio,118,18.464794,-97.388322,https://mitehuacan.mx/?ruta=19
1,Centro De Neurodesarrollo Y Rehabilitacion Fisica,consultorio,121,18.45759,-97.410944,https://mitehuacan.mx/?ruta=19
1,Optica De Jesus,consultorio,121,18.464878,-97.392541,https://mitehuacan.mx/?ruta=19
1,Consultorio De Pediatria Doctor Ramon Guerrero Bayardo,consultorio,122,18.462077,-97.394352,https://mitehuacan.mx/?ruta=19
1,Consultorio Dental Sin Nombre,consultorio,122,18.462077,-97.394352,https://mitehuacan.mx/?ruta=19
1,Consultorio Medico De Cardiologia,consultorio,122,18.462077,-97.394352,https://mitehuacan.mx/?ruta=19
1,Consultorio Dental,consultorio,123,18.457557,-97.391943,https://mitehuacan.mx/?ruta=19
1,Consultorio Medico Guillermo Ulises Gonzalez Hernandez,consultorio,123,18.462088,-97.394542,https://mitehuacan.mx/?ruta=19
1,Deposito Dental La Plazuela,consultorio,123,18.462088,-97.394542,https://mitehuacan.mx/?ruta=19
1,Clinica De Ortodoncia,consultorio,124,18.462203,-97.398093,https://mitehuacan.mx/?ruta=19
1,Consultorio De Fisioterapia,consultorio,124,18.462203,-97.398093,https://mitehuacan.mx/?ruta=19
1,Consultorio De Ginecologia,consultorio,124,18.462203,-97.398093,https://mitehuacan.mx/?ruta=19
1,Consultorio De Ginecologia Sin Nombre,consultorio,124,18.462203,-97.398093,https://mitehuacan.mx/?ruta=19
1,Consultorio De Otorrino Dr Alejo Gutierrez Cruz,consultorio,124,18.462203,-97.398093,https://mitehuacan.mx/?ruta=19
1,Consultorio Estetica Dental Cano Landa,consultorio,124,18.462203,-97.398093,https://mitehuacan.mx/?ruta=19
1,Consultorio Medico,consultorio,124,18.462203,-97.398093,https://mitehuacan.mx/?ruta=19
1,Consultorio Medico Sin Nombre,consultorio,124,18.462203,-97.398093,https://mitehuacan.mx/?ruta=19
1,Consultorio Pediatrico Sin Nombre,consultorio,124,18.462203,-97.398093,https://mitehuacan.mx/?ruta=19
1,Odontopediatria Y Ortopedia Maxilar,consultorio,124,18.462203,-97.398093,https://mitehuacan.mx/?ruta=19
1,Optica Visual Blue,consultorio,124,18.464793,-97.388274,https://mitehuacan.mx/?ruta=19
1,Consultorio Ortodoncia Sin Nomnre,consultorio,125,18.462203,-97.398075,https://mitehuacan.mx/?ruta=19
1,Optica Galileo,consultorio,127,18.462777,-97.388257,https://mitehuacan.mx/?ruta=19
1,Consultorio De Medicina Alternativa Sin Nombre,consultorio,128,18.462257,-97.398919,https://mitehuacan.mx/?ruta=19
1,Medicina Alternativa Doc.Gerardo Sanchez,consultorio,128,18.462253,-97.398853,https://mitehuacan.mx/?ruta=19
1,Clinica De Columna Ozonoterapia,consultorio,129,18.462777,-97.388238,https://mitehuacan.mx/?ruta=19
1,Consultorio Medico,consultorio,129,18.462279,-97.399273,https://mitehuacan.mx/?ruta=19
1,Clinica Dental Gara,consultorio,134,18.462775,-97.38819,https://mitehuacan.mx/?ruta=19
1,Bio Fit Centro De Fisioterapia,consultorio,135,18.455409,-97.409805,https://mitehuacan.mx/?ruta=19
1,Consultorio Dental Rehabilident,consultorio,136,18.457536,-97.390948,https://mitehuacan.mx/?ruta=19
1,Dentista Sin Nombre,consultorio,138,18.478252,-97.37671,https://mitehuacan.mx/?ruta=19
1,Consultorio Doctor Sergio Avendano Aguilar,consultorio,139,18.462891,-97.388139,https://mitehuacan.mx/?ruta=19
1,Consultorio Dermatologia,consultorio,141,18.462358,-97.398356,https://mitehuacan.mx/?ruta=19
1,Consultorio Pediatrico,consultorio,141,18.462354,-97.398289,https://mitehuacan.mx/?ruta=19
1,Consultorio Psocologico,consultorio,141,18.462354,-97.398289,https://mitehuacan.mx/?ruta=19
1,Clinica Endodental,consultorio,142,18.462254,-97.394142,https://mitehuacan.mx/?ruta=19
1,Consultorio Dental Valencia,consultorio,142,18.46238,-97.398716,https://mitehuacan.mx/?ruta=19
1,Consultorio Oftalmologico,consultorio,142,18.462254,-97.394142,https://mitehuacan.mx/?ruta=19
1,Consultorio Medico,consultorio,144,18.458117,-97.41031,https://mitehuacan.mx/?ruta=19
1,Galez Centro Odontologico,consultorio,145,18.459528,-97.389383,https://mitehuacan.mx/?ruta=19
1,Servicio Dental Smile Dental,consultorio,146,18.464883,-97.392778,https://mitehuacan.mx/?ruta=19
1,Consultorio De Medicina Natural,consultorio,147,18.462889,-97.388063,https://mitehuacan.mx/?ruta=19
1,Consultorio Medico,consultorio,149,18.454956,-97.398237,https://mitehuacan.mx/?ruta=19
1,Consultorio Medico General,consultorio,150,18.471621,-97.39136,https://mitehuacan.mx/?ruta=19
1,Laboratorio Dental Gasca,dentista,14,18.462586,-97.389323,https://mitehuacan.mx/?ruta=19
1,Consultorio Clínico Dental de Tehuacán,dentista,128,18.464981,-97.392605,https://mitehuacan.mx/?ruta=19
1,Laboratorio Dental,dentista,135,18.46589,-97.388162,https://mitehuacan.mx/?ruta=19
1,Compusisteh,electrónica,1,18.456899,-97.404849,https://mitehuacan.mx/?ruta=19
1,Profesionistas Y Tecnicos Tobon,electrónica,1,18.458806,-97.39525,https://mitehuacan.mx/?ruta=19
1,Reparacion De Celulares 911 Fon,electrónica,1,18.461028,-97.395972,https://mitehuacan.mx/?ruta=19
1,Servicio En Electronica Acevedo,electrónica,1,18.457006,-97.400149,https://mitehuacan.mx/?ruta=19
1,Repara Phohe,electrónica,2,18.460924,-97.391886,https://mitehuacan.mx/?ruta=19
1,Servicio De Equipo De Audio E Iluminacion Profesional Sin No,electrónica,2,18.456888,-97.407458,https://mitehuacan.mx/?ruta=19
1,Servicio Y Refacciones Castro,electrónica,2,18.460921,-97.391782,https://mitehuacan.mx/?ruta=19
1,Tecni-Cell,electrónica,2,18.463106,-97.389438,https://mitehuacan.mx/?ruta=19
1,Refaccionaria Espinoza,electrónica,3,18.460945,-97.392436,https://mitehuacan.mx/?ruta=19
1,Refacciones Espinosa,electrónica,3,18.460947,-97.392493,https://mitehuacan.mx/?ruta=19
1,Renta De Videojuegos Sn,electrónica,3,18.457329,-97.408327,https://mitehuacan.mx/?ruta=19
1,Reparacion De Celulares City Cell,electrónica,3,18.46353,-97.389425,https://mitehuacan.mx/?ruta=19
1,Reparacion De Celulares Salto Del Agua,electrónica,3,18.460898,-97.390569,https://mitehuacan.mx/?ruta=19
1,Servicio De Recargas De Cartuchos Ypc Computadoras,electrónica,3,18.461735,-97.391394,https://mitehuacan.mx/?ruta=19
1,Servicio De Reparacion Yo Reparo,electrónica,3,18.463676,-97.38942,https://mitehuacan.mx/?ruta=19
1,Tecnocell Charly,electrónica,3,18.456003,-97.411757,https://mitehuacan.mx/?ruta=19
1,Tienda De Electronica Muebleria Tenorio,electrónica,3,18.460315,-97.391421,https://mitehuacan.mx/?ruta=19
1,Compra Venta De Accesorios Para Celular Cell Partes Puebla,electrónica,4,18.464001,-97.389409,https://mitehuacan.mx/?ruta=19
1,Renta De Videojuegos Y Maquinitas Sin Nombre,electrónica,4,18.464006,-97.389409,https://mitehuacan.mx/?ruta=19
1,Reparacion De Celulares Sin Nombre,electrónica,4,18.453053,-97.413237,https://mitehuacan.mx/?ruta=19
1,Servicio De Reparacion De Celulares Alfa Cell,electrónica,4,18.4634,-97.391366,https://mitehuacan.mx/?ruta=19
1,Game Over Video Juegos,electrónica,5,18.458653,-97.392717,https://mitehuacan.mx/?ruta=19
1,N Soluciones,electrónica,5,18.464957,-97.391343,https://mitehuacan.mx/?ruta=19
1,Renta De Videojuegos Xbox,electrónica,5,18.464278,-97.391349,https://mitehuacan.mx/?ruta=19
1,Reparacion De Celulares Playstore,electrónica,5,18.464253,-97.389402,https://mitehuacan.mx/?ruta=19
1,Servicio De Maquinitas De Videojuegos,electrónica,5,18.464061,-97.391353,https://mitehuacan.mx/?ruta=19
1,Taller De Reparacion De Celulares Sin Nombre,electrónica,5,18.46426,-97.39135,https://mitehuacan.mx/?ruta=19
1,Compra Venta De Electrodomesticos,electrónica,6,18.464644,-97.39145,https://mitehuacan.mx/?ruta=19
1,Electronica Y Servicio Sin Nombre,electrónica,6,18.466753,-97.389379,https://mitehuacan.mx/?ruta=19
1,Mantenimiento Y Reparacion De Computadoras Y Laptops Megaton,electrónica,6,18.464815,-97.391448,https://mitehuacan.mx/?ruta=19
1,Meaven S Tinteh Servicio Tecnico De Reparacion De Impresoras,electrónica,6,18.464806,-97.391448,https://mitehuacan.mx/?ruta=19
1,Mega Toners,electrónica,6,18.464843,-97.391448,https://mitehuacan.mx/?ruta=19
1,Servicio De Reparacion De Celulares Celular Center,electrónica,6,18.464392,-97.391452,https://mitehuacan.mx/?ruta=19
1,Venta Y Reparacion De Computadoras Equipa.Com,electrónica,6,18.4663,-97.391434,https://mitehuacan.mx/?ruta=19
1,7375 Mega Tehuacan Calle 3,electrónica,7,18.463832,-97.391461,https://mitehuacan.mx/?ruta=19
1,Electronica Jensen,electrónica,7,18.468904,-97.389263,https://mitehuacan.mx/?ruta=19
1,Compu cell,electrónica,7,18.464465,-97.391463,https://mitehuacan.mx/?ruta=19
1,Renta De Video Juegos X-Box,electrónica,8,18.46154,-97.391503,https://mitehuacan.mx/?ruta=19
1,Reparacion De Aparatos Electronicoselectronica Phillips,electrónica,8,18.46101,-97.39815,https://mitehuacan.mx/?ruta=19
1,1562 Mega Tehuacan,electrónica,9,18.460826,-97.391925,https://mitehuacan.mx/?ruta=19
1,Reparacel,electrónica,9,18.460863,-97.39315,https://mitehuacan.mx/?ruta=19
1,Reparacion De Celulaes Y Servicio Tecnico,electrónica,9,18.462345,-97.391493,https://mitehuacan.mx/?ruta=19
1,Taller De Reparacion De Celulares Network Unlook,electrónica,9,18.460808,-97.391283,https://mitehuacan.mx/?ruta=19
1,Servicio De Reparacion De Electronicos Y Refacciones Tobon,electrónica,10,18.458878,-97.394963,https://mitehuacan.mx/?ruta=19
1,Decar Computacion,electrónica,11,18.457129,-97.401792,https://mitehuacan.mx/?ruta=19
1,Yekcel Reparacion De Celulares,electrónica,11,18.458821,-97.393075,https://mitehuacan.mx/?ruta=19
1,Reparacion De Telefonos Sin Nombre,electrónica,12,18.461293,-97.389346,https://mitehuacan.mx/?ruta=19
1,Electronica Osorio,electrónica,15,18.462803,-97.389317,https://mitehuacan.mx/?ruta=19
1,Electronica Y Linea Blanca Tenorio,electrónica,16,18.460366,-97.400153,https://mitehuacan.mx/?ruta=19
1,Reparacion De Celulares Fixcel,electrónica,17,18.463744,-97.389291,https://mitehuacan.mx/?ruta=19
1,Taller De Reparacion De Pantallas Servicio Digitial,electrónica,18,18.464486,-97.389278,https://mitehuacan.mx/?ruta=19
1,Renta De Xbox,electrónica,21,18.461573,-97.389661,https://mitehuacan.mx/?ruta=19
1,Compra Venta De Audios Y Video,electrónica,23,18.460666,-97.390749,https://mitehuacan.mx/?ruta=19
1,Videojuegos Sin Nombre,electrónica,25,18.461948,-97.391178,https://mitehuacan.mx/?ruta=19
1,Tv Servicio Panasonic,electrónica,44,18.466912,-97.39178,https://mitehuacan.mx/?ruta=19
1,Reparacion De Telefonos Repara Phone,electrónica,51,18.46485,-97.39091,https://mitehuacan.mx/?ruta=19
1,Venta De Accesorios Celulares Computacion Y Repaciones De Ce,electrónica,56,18.460845,-97.388939,https://mitehuacan.mx/?ruta=19
1,Taller De Reparacion De Celulares Loby Reparaciones,electrónica,59,18.46493,-97.390831,https://mitehuacan.mx/?ruta=19
1,Taller De Reparacion De Celulares Tecnicel,electrónica,63,18.461502,-97.392641,https://mitehuacan.mx/?ruta=19
1,Maquinitas Juegos Sin Nombre,electrónica,64,18.461579,-97.390071,https://mitehuacan.mx/?ruta=19
1,Tienda Sin Nombre,electrónica,67,18.456314,-97.408644,https://mitehuacan.mx/?ruta=19
1,Reparaciones Telcel,electrónica,68,18.459309,-97.392541,https://mitehuacan.mx/?ruta=19
1,Steren,electrónica,70,18.462825,-97.388796,https://mitehuacan.mx/?ruta=19
1,Servicio Tecnico De Celulares,electrónica,72,18.474963,-97.387459,https://mitehuacan.mx/?ruta=19
1,Renta De Maquinitas,electrónica,74,18.457993,-97.40873,https://mitehuacan.mx/?ruta=19
1,Venta De Material De Bocina Y Reparacion Tecnica Universal,electrónica,77,18.460153,-97.389375,https://mitehuacan.mx/?ruta=19
1,Taller De Reparacion Electronica Dipsic,electrónica,90,18.460268,-97.398179,https://mitehuacan.mx/?ruta=19
1,Servicio Electronico Mexico,electrónica,93,18.452104,-97.412314,https://mitehuacan.mx/?ruta=19
1,Taller De Reparacion De Celulares Hospital Del Celular,electrónica,103,18.459994,-97.39244,https://mitehuacan.mx/?ruta=19
1,Ciber Pichon,electrónica,112,18.475325,-97.387625,https://mitehuacan.mx/?ruta=19
1,Centro De Servicios Incomex,electrónica,128,18.471359,-97.391744,https://mitehuacan.mx/?ruta=19
1,Compra Y Venta Reparacion De Laptop Y Pc Mundo Lap,electrónica,131,18.46488,-97.392636,https://mitehuacan.mx/?ruta=19
1,Servicios De Computadoras Tehuacan,electrónica,139,18.462891,-97.388139,https://mitehuacan.mx/?ruta=19
1,Taller De Reparacion De Celulares Moviles Azuani,electrónica,149,18.457435,-97.390894,https://mitehuacan.mx/?ruta=19
1,Aplicacion De Tatuajes Corazon Negro Tattoo,estética,0,18.458724,-97.393156,https://mitehuacan.mx/?ruta=19
1,Estetica Radiance,estética,0,18.458726,-97.393203,https://mitehuacan.mx/?ruta=19
1,Fash Barber Barberia Cortes De Cabello,estética,0,18.456186,-97.399304,https://mitehuacan.mx/?ruta=19
1,Fersts Barber,estética,0,18.478721,-97.378601,https://mitehuacan.mx/?ruta=19
1,Barberia Barber Shop One Piece,estética,1,18.456894,-97.405351,https://mitehuacan.mx/?ruta=19
1,Barberia Y Peluqueria Abad,estética,1,18.458811,-97.395468,https://mitehuacan.mx/?ruta=19
1,Estetica Kary Rios,estética,1,18.46597,-97.389449,https://mitehuacan.mx/?ruta=19
1,Estetica Mayan,estética,1,18.449743,-97.415542,https://mitehuacan.mx/?ruta=19
1,Humberto Martinez Huerta,estética,1,18.477027,-97.384496,https://mitehuacan.mx/?ruta=19
1,Mc Beauty Salon De Belleza,estética,1,18.46101,-97.395299,https://mitehuacan.mx/?ruta=19
1,Peluqueria Cruz,estética,1,18.451819,-97.415769,https://mitehuacan.mx/?ruta=19
1,Barber Shop,estética,2,18.45705,-97.401494,https://mitehuacan.mx/?ruta=19
1,Barber Shop Seven Day,estética,2,18.456899,-97.408643,https://mitehuacan.mx/?ruta=19
1,Barberia Sin Nombre,estética,2,18.456434,-97.410806,https://mitehuacan.mx/?ruta=19
1,Bella Aplicacion De Uñas,estética,2,18.471066,-97.388311,https://mitehuacan.mx/?ruta=19
1,Blessed Academy Escuela De Estilismo,estética,2,18.458694,-97.392,https://mitehuacan.mx/?ruta=19
1,Estetica Inspira,estética,2,18.456898,-97.408815,https://mitehuacan.mx/?ruta=19
1,Estetica New Look,estética,2,18.449518,-97.416333,https://mitehuacan.mx/?ruta=19
1,Estetica Nora,estética,2,18.477319,-97.384085,https://mitehuacan.mx/?ruta=19
1,Tatuajes Aruma Coi,estética,2,18.462305,-97.391382,https://mitehuacan.mx/?ruta=19
1,Barber Shop Mamalon,estética,3,18.455957,-97.411865,https://mitehuacan.mx/?ruta=19
1,Barberia Bronx,estética,3,18.463319,-97.391369,https://mitehuacan.mx/?ruta=19
1,Barberia Frank,estética,3,18.451691,-97.413136,https://mitehuacan.mx/?ruta=19
1,Barberia Pepes,estética,3,18.451473,-97.413119,https://mitehuacan.mx/?ruta=19
1,Beauty Pink,estética,3,18.45597,-97.411834,https://mitehuacan.mx/?ruta=19
1,Estetica Grecia,estética,3,18.461083,-97.39746,https://mitehuacan.mx/?ruta=19
1,Estetica Maribel,estética,3,18.46089,-97.390227,https://mitehuacan.mx/?ruta=19
1,Estetica Paris,estética,3,18.462269,-97.391382,https://mitehuacan.mx/?ruta=19
1,Estetica Sin Nombre,estética,3,18.456885,-97.407088,https://mitehuacan.mx/?ruta=19
1,Peluqueria Hugo,estética,3,18.461083,-97.39746,https://mitehuacan.mx/?ruta=19
1,Peluqueria Sin Nombre,estética,3,18.468908,-97.388572,https://mitehuacan.mx/?ruta=19
1,Peluqueria Varela,estética,3,18.46088,-97.389877,https://mitehuacan.mx/?ruta=19
1,Aplicacion De Uñas,estética,4,18.456201,-97.399872,https://mitehuacan.mx/?ruta=19
1,Estetica Itzel Guevara,estética,4,18.456883,-97.40908,https://mitehuacan.mx/?ruta=19
1,Estetica Salon De Spa Jaz Trujillo,estética,4,18.474909,-97.384625,https://mitehuacan.mx/?ruta=19
1,Estetica Unisex Francis,estética,4,18.468481,-97.389359,https://mitehuacan.mx/?ruta=19
1,Nails Y Glamour,estética,4,18.469141,-97.391385,https://mitehuacan.mx/?ruta=19
1,Peluqueria Tehuacan,estética,4,18.455365,-97.413419,https://mitehuacan.mx/?ruta=19
1,Salern,estética,4,18.45111,-97.417141,https://mitehuacan.mx/?ruta=19
1,Barberia Enchulame La Greña,estética,5,18.466577,-97.391328,https://mitehuacan.mx/?ruta=19
1,Estetica Fashion Nails,estética,5,18.464695,-97.391345,https://mitehuacan.mx/?ruta=19
1,Peluqueria Sin Nombre,estética,5,18.477084,-97.384321,https://mitehuacan.mx/?ruta=19
1,Peluqueria Y Estetica El Gran Tocador,estética,5,18.465781,-97.391335,https://mitehuacan.mx/?ruta=19
1,Salon De Belleza La Bella Rose,estética,5,18.465021,-97.391342,https://mitehuacan.mx/?ruta=19
1,Salon De Belleza Nale Studio,estética,5,18.466125,-97.391332,https://mitehuacan.mx/?ruta=19
1,Salon Y Spa Yetro,estética,5,18.467591,-97.391318,https://mitehuacan.mx/?ruta=19
1,Barberia Merimar,estética,6,18.464906,-97.389504,https://mitehuacan.mx/?ruta=19
1,Estetica Marce,estética,6,18.46754,-97.39142,https://mitehuacan.mx/?ruta=19
1,Aplicacion De Uñas Sin Nombre,estética,7,18.456967,-97.401696,https://mitehuacan.mx/?ruta=19
1,Estetica Jeremy,estética,7,18.456973,-97.401839,https://mitehuacan.mx/?ruta=19
1,Estetica Pinces By Alerruiz,estética,7,18.461004,-97.39788,https://mitehuacan.mx/?ruta=19
1,Glo Nail,estética,7,18.461027,-97.398488,https://mitehuacan.mx/?ruta=19
1,Peluqueria La Cabañita,estética,7,18.475867,-97.384543,https://mitehuacan.mx/?ruta=19
1,Salon De Belleza Melani,estética,7,18.468669,-97.389462,https://mitehuacan.mx/?ruta=19
1,Aplicacion De Uñas Nails Nice,estética,9,18.460944,-97.396174,https://mitehuacan.mx/?ruta=19
1,Centro De Belleza De Manos Y Pies Normis,estética,9,18.460917,-97.395207,https://mitehuacan.mx/?ruta=19
1,Curvilenea Curvilinea Spa,estética,9,18.460828,-97.391975,https://mitehuacan.mx/?ruta=19
1,Peluqueria Sin Nombre,estética,9,18.450111,-97.41445,https://mitehuacan.mx/?ruta=19
1,Sala De Uñas Sin Nombre,estética,9,18.458942,-97.397522,https://mitehuacan.mx/?ruta=19
1,Estetica Jacks Beauty Style,estética,10,18.458879,-97.39502,https://mitehuacan.mx/?ruta=19
1,Diamond Joyeria Y Tatuajes,estética,11,18.458624,-97.393269,https://mitehuacan.mx/?ruta=19
1,Estetica Nueva Imagen,estética,13,18.4612,-97.398141,https://mitehuacan.mx/?ruta=19
1,Estetica Unisex,estética,13,18.474042,-97.38878,https://mitehuacan.mx/?ruta=19
1,Aplicacion De Uñas Sin Nombre,estética,14,18.458813,-97.400018,https://mitehuacan.mx/?ruta=19
1,Barberia Mamalon,estética,15,18.464826,-97.389582,https://mitehuacan.mx/?ruta=19
1,Barberia Black Barber,estética,16,18.469022,-97.389536,https://mitehuacan.mx/?ruta=19
1,Salon De Belleza Reine,estética,16,18.46699,-97.391217,https://mitehuacan.mx/?ruta=19
1,Blola Nails Y Bar,estética,17,18.46072,-97.400178,https://mitehuacan.mx/?ruta=19
1,Estitica Unisex Estilo Y Color,estética,17,18.463581,-97.389293,https://mitehuacan.mx/?ruta=19
1,Decoracion De Uñas Estudio De Uñas Nancy Robles,estética,18,18.465826,-97.389265,https://mitehuacan.mx/?ruta=19
1,Instituto De Belleza Essence,estética,18,18.465744,-97.389265,https://mitehuacan.mx/?ruta=19
1,Estetica Unisex Sarey,estética,19,18.456836,-97.400783,https://mitehuacan.mx/?ruta=19
1,Melendez Beauty Studio,estética,19,18.469151,-97.389344,https://mitehuacan.mx/?ruta=19
1,Estetica Sin Nombre,estética,20,18.469027,-97.391158,https://mitehuacan.mx/?ruta=19
1,Jhv Estudio,estética,20,18.461266,-97.398242,https://mitehuacan.mx/?ruta=19
1,Peluqueria Y Barber Shop Yeico,estética,21,18.456377,-97.399107,https://mitehuacan.mx/?ruta=19
1,Peluqueria Torres,estética,22,18.450776,-97.412899,https://mitehuacan.mx/?ruta=19
1,Aplicacion De Tatuajes Iniestra In,estética,23,18.458446,-97.391574,https://mitehuacan.mx/?ruta=19
1,Barber Shop Cruz,estética,23,18.45856,-97.394127,https://mitehuacan.mx/?ruta=19
1,Estetica Fashion Nails,estética,24,18.461493,-97.389685,https://mitehuacan.mx/?ruta=19
1,Peluqueria Sin Nombre,estética,25,18.465889,-97.389196,https://mitehuacan.mx/?ruta=19
1,Estetica Sin Nombre,estética,28,18.459143,-97.398972,https://mitehuacan.mx/?ruta=19
1,Estetica Sin Nombre,estética,29,18.470525,-97.389276,https://mitehuacan.mx/?ruta=19
1,Peluqueria El Avante,estética,29,18.474574,-97.388153,https://mitehuacan.mx/?ruta=19
1,Salon De Belleza Divine,estética,30,18.464896,-97.389163,https://mitehuacan.mx/?ruta=19
1,Body & Face,estética,34,18.469287,-97.389345,https://mitehuacan.mx/?ruta=19
1,Estetica Danely,estética,35,18.45867,-97.391156,https://mitehuacan.mx/?ruta=19
1,Estetica Model Studio,estética,35,18.460629,-97.393391,https://mitehuacan.mx/?ruta=19
1,Sala De Belleza Unisex,estética,39,18.458523,-97.398261,https://mitehuacan.mx/?ruta=19
1,Estetica Estudio M,estética,41,18.473323,-97.388793,https://mitehuacan.mx/?ruta=19
1,Alberto Garcia Peluqueria Y Estetica,estética,43,18.456611,-97.399946,https://mitehuacan.mx/?ruta=19
1,Centro Estetico Carmen,estética,43,18.460849,-97.389062,https://mitehuacan.mx/?ruta=19
1,Estetica Mago,estética,43,18.464912,-97.389855,https://mitehuacan.mx/?ruta=19
1,Studio De Tatuajes Sin Nombre,estética,44,18.461327,-97.392551,https://mitehuacan.mx/?ruta=19
1,Barber Shop Barracuda,estética,47,18.464932,-97.390945,https://mitehuacan.mx/?ruta=19
1,Estetica Chelys,estética,47,18.464832,-97.389886,https://mitehuacan.mx/?ruta=19
1,Estetica Eloisa,estética,50,18.456454,-97.40757,https://mitehuacan.mx/?ruta=19
1,Peluqueria El Arte,estética,50,18.461577,-97.389939,https://mitehuacan.mx/?ruta=19
1,Salon De Belleza Susan,estética,50,18.477158,-97.38502,https://mitehuacan.mx/?ruta=19
1,Barberia Ballesteros Barber Shop,estética,51,18.464832,-97.389924,https://mitehuacan.mx/?ruta=19
1,Astrid Sanches Nail Salon Botique,estética,53,18.45794,-97.398421,https://mitehuacan.mx/?ruta=19
1,Estetica Edu,estética,54,18.476173,-97.385225,https://mitehuacan.mx/?ruta=19
1,Estetica Jireh,estética,58,18.469082,-97.390796,https://mitehuacan.mx/?ruta=19
1,Barberia Sin Nombre,estética,59,18.458238,-97.398401,https://mitehuacan.mx/?ruta=19
1,Estetica Diannails,estética,59,18.469731,-97.389349,https://mitehuacan.mx/?ruta=19
1,Estetica Unisex Sin Nombre,estética,60,18.458663,-97.390919,https://mitehuacan.mx/?ruta=19
1,Estetica Cecy,estética,61,18.451324,-97.417708,https://mitehuacan.mx/?ruta=19
1,Barberia Crisis Estudio,estética,62,18.462977,-97.390812,https://mitehuacan.mx/?ruta=19
1,Servicio De Tatuajes Perforaciones Barberia Crisis Estudio,estética,62,18.462977,-97.390812,https://mitehuacan.mx/?ruta=19
1,Estetica Estudio 13,estética,64,18.459455,-97.398212,https://mitehuacan.mx/?ruta=19
1,Spa Revive,estética,67,18.460428,-97.396572,https://mitehuacan.mx/?ruta=19
1,Estetica Athelier,estética,68,18.464917,-97.390092,https://mitehuacan.mx/?ruta=19
1,Estetica Unisex Interbel,estética,68,18.462495,-97.390763,https://mitehuacan.mx/?ruta=19
1,Servicio De Tatuajes Ramons Tattoo,estética,68,18.464835,-97.390085,https://mitehuacan.mx/?ruta=19
1,Spa Oh My Lashes,estética,68,18.464835,-97.390085,https://mitehuacan.mx/?ruta=19
1,Barberia Kings,estética,69,18.464928,-97.390737,https://mitehuacan.mx/?ruta=19
1,Estetica Galindos,estética,69,18.456283,-97.404926,https://mitehuacan.mx/?ruta=19
1,Estetica Unisex,estética,69,18.466941,-97.39008,https://mitehuacan.mx/?ruta=19
1,Estetica Unisex Siempre Bella,estética,69,18.458208,-97.396535,https://mitehuacan.mx/?ruta=19
1,Estetica Cecy Court,estética,71,18.45941,-97.394111,https://mitehuacan.mx/?ruta=19
1,Estetica Fashion Nails,estética,75,18.459724,-97.390751,https://mitehuacan.mx/?ruta=19
1,Estetica Nessy,estética,75,18.456242,-97.404159,https://mitehuacan.mx/?ruta=19
1,Estetica Unisex Ariana,estética,75,18.45976,-97.39075,https://mitehuacan.mx/?ruta=19
1,Estetica Corte Y Color,estética,76,18.457895,-97.40612,https://mitehuacan.mx/?ruta=19
1,Peluqueria El Sol,estética,76,18.459118,-97.390754,https://mitehuacan.mx/?ruta=19
1,Tienda De Bisuteria Sin Nombre,estética,76,18.459244,-97.390753,https://mitehuacan.mx/?ruta=19
1,Estetica Unisex Sin Nombre,estética,79,18.475026,-97.387522,https://mitehuacan.mx/?ruta=19
1,Estudio De Arte Utopia Studio,estética,79,18.462859,-97.390654,https://mitehuacan.mx/?ruta=19
1,Perforaciones Para El Cuerpo Teocalli,estética,79,18.462859,-97.390654,https://mitehuacan.mx/?ruta=19
1,Tatoos Y Piercing Hackalo,estética,79,18.462859,-97.390654,https://mitehuacan.mx/?ruta=19
1,Jatzibet Showroom & Nails,estética,80,18.457965,-97.392444,https://mitehuacan.mx/?ruta=19
1,Barberia Yankees,estética,82,18.459432,-97.392422,https://mitehuacan.mx/?ruta=19
1,Aplicacion De Uñas Nail Room Flocz,estética,83,18.461786,-97.39658,https://mitehuacan.mx/?ruta=19
1,Pm Peluqueria,estética,83,18.461707,-97.393568,https://mitehuacan.mx/?ruta=19
1,Arte Y Decoracion De Uñas Anel,estética,84,18.460271,-97.396484,https://mitehuacan.mx/?ruta=19
1,Estetica Ileanss,estética,84,18.460271,-97.396484,https://mitehuacan.mx/?ruta=19
1,Manhattan Studio,estética,84,18.464926,-97.390594,https://mitehuacan.mx/?ruta=19
1,Matizze Hair Salon De Belleza,estética,87,18.460299,-97.398282,https://mitehuacan.mx/?ruta=19
1,Estetica Beauty_ Rox,estética,88,18.460287,-97.398178,https://mitehuacan.mx/?ruta=19
1,Salon De Belleza Edith,estética,88,18.476446,-97.38548,https://mitehuacan.mx/?ruta=19
1,Estetica Sanlops,estética,89,18.465882,-97.390277,https://mitehuacan.mx/?ruta=19
1,Salon De Belleza Maria Isabel,estética,91,18.473688,-97.389425,https://mitehuacan.mx/?ruta=19
1,Estetica Dians,estética,92,18.45783,-97.39158,https://mitehuacan.mx/?ruta=19
1,Estetica Sin Nombre,estética,93,18.471111,-97.390249,https://mitehuacan.mx/?ruta=19
1,Ballesteros Barber Shop,estética,95,18.46484,-97.390341,https://mitehuacan.mx/?ruta=19
1,Salon De Belleza Vanity,estética,95,18.461935,-97.39821,https://mitehuacan.mx/?ruta=19
1,Kaily Salon Y Spa,estética,97,18.468983,-97.390306,https://mitehuacan.mx/?ruta=19
1,Estetica Osiris Estudio,estética,98,18.466421,-97.390359,https://mitehuacan.mx/?ruta=19
1,Estetica Unisex Mijeri,estética,99,18.449903,-97.41291,https://mitehuacan.mx/?ruta=19
1,Estetica Vero,estética,99,18.452102,-97.412257,https://mitehuacan.mx/?ruta=19
1,Barberia Pacheco,estética,101,18.460012,-97.39244,https://mitehuacan.mx/?ruta=19
1,Aplicacion De Uñas Studio Princess,estética,102,18.460006,-97.392567,https://mitehuacan.mx/?ruta=19
1,Peluqueria Zarate,estética,103,18.477944,-97.384814,https://mitehuacan.mx/?ruta=19
1,Estetica Madoza,estética,108,18.459869,-97.38955,https://mitehuacan.mx/?ruta=19
1,Aplicacion De Uñas Shey Nails,estética,109,18.464405,-97.388419,https://mitehuacan.mx/?ruta=19
1,Estetica Sin Nombre,estética,110,18.46465,-97.388408,https://mitehuacan.mx/?ruta=19
1,Salon De Belleza Cortes De Cabello Y Aplicacion De Uñas,estética,110,18.459874,-97.398299,https://mitehuacan.mx/?ruta=19
1,Salon De Belleza Alessandro Bernabehut,estética,111,18.464957,-97.392443,https://mitehuacan.mx/?ruta=19
1,Estetica Unisex Moda,estética,112,18.449213,-97.414147,https://mitehuacan.mx/?ruta=19
1,Estetica Enyel,estética,114,18.455876,-97.40514,https://mitehuacan.mx/?ruta=19
1,Barberia Imperio,estética,115,18.46205,-97.395653,https://mitehuacan.mx/?ruta=19
1,Estetica Marilyn,estética,116,18.455299,-97.402934,https://mitehuacan.mx/?ruta=19
1,Estetica Le Future,estética,117,18.455291,-97.398228,https://mitehuacan.mx/?ruta=19
1,Pau Hair Studio,estética,118,18.477436,-97.38024,https://mitehuacan.mx/?ruta=19
1,Salon De Belleza Marbella,estética,120,18.462052,-97.394027,https://mitehuacan.mx/?ruta=19
1,Decoracion De Uñas Sin Nombre,estética,122,18.462778,-97.388304,https://mitehuacan.mx/?ruta=19
1,Peluqueria La Fortuna,estética,122,18.449048,-97.414296,https://mitehuacan.mx/?ruta=19
1,Sala De Belleza Capri,estética,122,18.477155,-97.385732,https://mitehuacan.mx/?ruta=19
1,Estetica Unisex Ines,estética,123,18.44953,-97.413207,https://mitehuacan.mx/?ruta=19
1,Estetica Unisex Sin Nombre,estética,123,18.457557,-97.391962,https://mitehuacan.mx/?ruta=19
1,Barberia Fabrica De Guapos,estética,126,18.477777,-97.377884,https://mitehuacan.mx/?ruta=19
1,Servicio De Uñas Venity Nails,estética,126,18.462229,-97.398512,https://mitehuacan.mx/?ruta=19
1,Perfect Lashes,estética,128,18.47238,-97.389556,https://mitehuacan.mx/?ruta=19
1,Estetica Susy,estética,130,18.475492,-97.386674,https://mitehuacan.mx/?ruta=19
1,Estetica Angy,estética,133,18.455119,-97.398233,https://mitehuacan.mx/?ruta=19
1,Aplicacion De Uñas Yadis Nails,estética,134,18.457456,-97.391814,https://mitehuacan.mx/?ruta=19
1,Servicio De Tatuajes Veneno,estética,134,18.458423,-97.390239,https://mitehuacan.mx/?ruta=19
1,Peluqueria La Tijera De Oro,estética,136,18.455676,-97.406379,https://mitehuacan.mx/?ruta=19
1,Estetica Corte Y Color,estética,137,18.45842,-97.40523,https://mitehuacan.mx/?ruta=19
1,Barberia Marquez,estética,138,18.473328,-97.389771,https://mitehuacan.mx/?ruta=19
1,Estetica Mayumi,estética,138,18.478241,-97.376804,https://mitehuacan.mx/?ruta=19
1,Estetica Centro De Belleza Vanity,estética,139,18.457441,-97.39115,https://mitehuacan.mx/?ruta=19
1,Estetica Praga,estética,141,18.455346,-97.409806,https://mitehuacan.mx/?ruta=19
1,Barberia Cecy Court,estética,142,18.462254,-97.394142,https://mitehuacan.mx/?ruta=19
1,Estetica Mv,estética,143,18.458479,-97.405381,https://mitehuacan.mx/?ruta=19
1,Peluqueria Y Barberia Papi Chulo,estética,149,18.459492,-97.389383,https://mitehuacan.mx/?ruta=19
1,Farmacias Similares,farmacia,0,18.461701,-97.389463,https://mitehuacan.mx/?ruta=19
1,Farmacia de apoyo,farmacia,0,18.460892,-97.391438,https://mitehuacan.mx/?ruta=19
1,Farmacia Fe Y Esperanza,farmacia,1,18.479483,-97.37776,https://mitehuacan.mx/?ruta=19
1,Farmacia Mi Farmacia,farmacia,1,18.456714,-97.410185,https://mitehuacan.mx/?ruta=19
1,Farmacia De Apoyo,farmacia,2,18.448464,-97.418359,https://mitehuacan.mx/?ruta=19
1,Farmacias Similares,farmacia,2,18.460922,-97.391806,https://mitehuacan.mx/?ruta=19
1,Farmacias Similares,farmacia,2,18.458694,-97.391999,https://mitehuacan.mx/?ruta=19
1,Ultrafarmacias San Antonio,farmacia,2,18.460982,-97.393924,https://mitehuacan.mx/?ruta=19
1,Farmacia el pastillero,farmacia,2,18.46086,-97.390762,https://mitehuacan.mx/?ruta=19
1,Farmacia De Apoyo Sucursal 26,farmacia,3,18.463361,-97.391368,https://mitehuacan.mx/?ruta=19
1,Farmacia El Angel Y Consultorio Medico,farmacia,3,18.456884,-97.406272,https://mitehuacan.mx/?ruta=19
1,Farmacias Similares,farmacia,3,18.461784,-97.391392,https://mitehuacan.mx/?ruta=19
1,Farmacias Similares,farmacia,3,18.456876,-97.405484,https://mitehuacan.mx/?ruta=19
1,Farmacia de Apoyo,farmacia,3,18.458722,-97.392464,https://mitehuacan.mx/?ruta=19
1,Farmacia Pro Salud,farmacia,4,18.451146,-97.417159,https://mitehuacan.mx/?ruta=19
1,Farmacia Sin Nombre,farmacia,5,18.470137,-97.391379,https://mitehuacan.mx/?ruta=19
1,Farmacia de Apoyo,farmacia,5,18.46298,-97.389497,https://mitehuacan.mx/?ruta=19
1,Farmacia Farma Ortiz,farmacia,6,18.468617,-97.391404,https://mitehuacan.mx/?ruta=19
1,Farmacia Mh Farma,farmacia,6,18.465024,-97.391446,https://mitehuacan.mx/?ruta=19
1,Farmacia De Apoyo Sucursal 24,farmacia,7,18.462946,-97.389518,https://mitehuacan.mx/?ruta=19
1,Farmacia de Ahorro,farmacia,7,18.460775,-97.389493,https://mitehuacan.mx/?ruta=19
1,Farmacia de Apoyo,farmacia,7,18.460864,-97.389397,https://mitehuacan.mx/?ruta=19
1,Farmacias Similares,farmacia,7,18.456842,-97.405536,https://mitehuacan.mx/?ruta=19
1,Casa Del Medico,farmacia,9,18.460865,-97.393282,https://mitehuacan.mx/?ruta=19
1,Farmacia Apoyo Popular,farmacia,9,18.46083,-97.392047,https://mitehuacan.mx/?ruta=19
1,Farmacia La Providencia,farmacia,9,18.461241,-97.391511,https://mitehuacan.mx/?ruta=19
1,Farmacias Del Ahorro Pue Pe3O 3 Oriente,farmacia,9,18.460764,-97.389602,https://mitehuacan.mx/?ruta=19
1,Farmacias Gs,farmacia,9,18.46094,-97.39606,https://mitehuacan.mx/?ruta=19
1,Farmacias Similares,farmacia,9,18.46078,-97.390203,https://mitehuacan.mx/?ruta=19
1,Casa del Médico,farmacia,12,18.460837,-97.39336,https://mitehuacan.mx/?ruta=19
1,Consultorio Farmacia Tanamed,farmacia,13,18.456279,-97.399718,https://mitehuacan.mx/?ruta=19
1,Farmacia Los Garzones,farmacia,13,18.477244,-97.38437,https://mitehuacan.mx/?ruta=19
1,Farmacias Similares,farmacia,13,18.462989,-97.391527,https://mitehuacan.mx/?ruta=19
1,Farmacias del Ahorro,farmacia,13,18.458894,-97.394292,https://mitehuacan.mx/?ruta=19
1,Farmacia Apoyo Popular,farmacia,14,18.460893,-97.389336,https://mitehuacan.mx/?ruta=19
1,Farmacia De Apoyo,farmacia,15,18.462948,-97.389595,https://mitehuacan.mx/?ruta=19
1,Farmacias Similares,farmacia,17,18.461122,-97.394185,https://mitehuacan.mx/?ruta=19
1,Farmacia De Apoyo,farmacia,34,18.474618,-97.387959,https://mitehuacan.mx/?ruta=19
1,Farmacia Pasteur,farmacia,40,18.460487,-97.389371,https://mitehuacan.mx/?ruta=19
1,Farmacia De Especialidades Ds,farmacia,51,18.459296,-97.396595,https://mitehuacan.mx/?ruta=19
1,Farmacia Call,farmacia,54,18.458391,-97.398387,https://mitehuacan.mx/?ruta=19
1,Farmacias del Ahorro,farmacia,65,18.463037,-97.392018,https://mitehuacan.mx/?ruta=19
1,Farmacia De Apoyo,farmacia,83,18.461723,-97.394163,https://mitehuacan.mx/?ruta=19
1,Venta De Medicamentos Farmacia De La Economia,farmacia,91,18.462787,-97.388598,https://mitehuacan.mx/?ruta=19
1,Asesoria Dermatologica Farmacia De Apoyo,farmacia,92,18.461776,-97.39331,https://mitehuacan.mx/?ruta=19
1,Farmacia de Apoyo,farmacia,96,18.461814,-97.393264,https://mitehuacan.mx/?ruta=19
1,Venta De Medicamentos Farmacia El Pastillero,farmacia,108,18.460829,-97.388446,https://mitehuacan.mx/?ruta=19
1,Farmacia Victorinox,farmacia,117,18.45866,-97.390378,https://mitehuacan.mx/?ruta=19
1,Venta De Productos Farmaceuticos Botica Del Mercado,farmacia,130,18.459667,-97.389483,https://mitehuacan.mx/?ruta=19
1,Farmacia Y Perfumeria Victorino,farmacia,133,18.458637,-97.390227,https://mitehuacan.mx/?ruta=19
1,Farmacia Farmatodo,farmacia,135,18.462166,-97.393242,https://mitehuacan.mx/?ruta=19
1,Paraiso Fumigaciones Tehuacan,farmacia,135,18.457445,-97.391283,https://mitehuacan.mx/?ruta=19
1,Farmacia A Flor De Piel,farmacia,142,18.462254,-97.394142,https://mitehuacan.mx/?ruta=19
1,Ferreteria Sin Nombre,ferretería,1,18.474344,-97.384688,https://mitehuacan.mx/?ruta=19
1,Distribuidora De Bandas Y Baleros Importados,ferretería,2,18.46106,-97.396796,https://mitehuacan.mx/?ruta=19
1,Ferreteria Montalvo,ferretería,2,18.456897,-97.408834,https://mitehuacan.mx/?ruta=19
1,Ferre Pat,ferretería,3,18.460194,-97.391423,https://mitehuacan.mx/?ruta=19
1,Ferre Pat Autoservicio,ferretería,3,18.459929,-97.391428,https://mitehuacan.mx/?ruta=19
1,Ferretera Leon,ferretería,3,18.460874,-97.389668,https://mitehuacan.mx/?ruta=19
1,Ferreteria Arriaga,ferretería,3,18.456189,-97.411342,https://mitehuacan.mx/?ruta=19
1,Ferreteria Comercial Gonzalez,ferretería,3,18.46087,-97.389517,https://mitehuacan.mx/?ruta=19
1,Ferreteria Gomez Ollivier,ferretería,3,18.456831,-97.409593,https://mitehuacan.mx/?ruta=19
1,Ferreteria Leon,ferretería,3,18.460891,-97.390265,https://mitehuacan.mx/?ruta=19
1,Ferreteria Sanchez,ferretería,3,18.474342,-97.385334,https://mitehuacan.mx/?ruta=19
1,Ferreteria La Fortaleza,ferretería,4,18.474656,-97.384625,https://mitehuacan.mx/?ruta=19
1,Ferreteria Sin Nombre,ferretería,4,18.456201,-97.399872,https://mitehuacan.mx/?ruta=19
1,Ferreteria El Ferretero,ferretería,5,18.464915,-97.389396,https://mitehuacan.mx/?ruta=19
1,Ferreteria Le Extension Electrica,ferretería,5,18.457271,-97.408545,https://mitehuacan.mx/?ruta=19
1,La Ferre De La 3,ferretería,6,18.469419,-97.391288,https://mitehuacan.mx/?ruta=19
1,Todo Para Agua Calentadores Solares,ferretería,6,18.468752,-97.391402,https://mitehuacan.mx/?ruta=19
1,Estacionamiento Wally,ferretería,9,18.459846,-97.391547,https://mitehuacan.mx/?ruta=19
1,Ferreteria Antonio Ceja,ferretería,9,18.460828,-97.392004,https://mitehuacan.mx/?ruta=19
1,Bodega De La 5 Poniente,ferretería,10,18.458874,-97.394569,https://mitehuacan.mx/?ruta=19
1,Ferreteria El Trebol,ferretería,10,18.452764,-97.413849,https://mitehuacan.mx/?ruta=19
1,Ferreteria Altamirano,ferretería,12,18.450567,-97.413372,https://mitehuacan.mx/?ruta=19
1,Tripay Del Centro,ferretería,12,18.461293,-97.389346,https://mitehuacan.mx/?ruta=19
1,Ferretera Arriaga,ferretería,13,18.462252,-97.389331,https://mitehuacan.mx/?ruta=19
1,Aceros Y Materiales Goti Goav,ferretería,14,18.477861,-97.383487,https://mitehuacan.mx/?ruta=19
1,El Ferretero,ferretería,15,18.462812,-97.389317,https://mitehuacan.mx/?ruta=19
1,Ferreteria El Proveedor Ferretero,ferretería,15,18.46322,-97.389308,https://mitehuacan.mx/?ruta=19
1,Ferreteria Mexico,ferretería,15,18.46322,-97.389308,https://mitehuacan.mx/?ruta=19
1,Centro Ferrelectrico Cefemsa,ferretería,16,18.464936,-97.391239,https://mitehuacan.mx/?ruta=19
1,Ferreteria King,ferretería,17,18.46426,-97.389282,https://mitehuacan.mx/?ruta=19
1,Cefemsa Centro Ferretero Mayorista,ferretería,18,18.460965,-97.400196,https://mitehuacan.mx/?ruta=19
1,Fix Tehuacan,ferretería,32,18.46063,-97.39246,https://mitehuacan.mx/?ruta=19
1,Tienda De Novedades Casa Andrea,ferretería,44,18.461939,-97.390998,https://mitehuacan.mx/?ruta=19
1,Ferretería El Martillo,ferretería,44,18.459173,-97.39425,https://mitehuacan.mx/?ruta=19
1,Ferreteria El Ferretero,ferretería,50,18.462839,-97.389925,https://mitehuacan.mx/?ruta=19
1,Ferreteria El Martillo,ferretería,51,18.459233,-97.394219,https://mitehuacan.mx/?ruta=19
1,Fix Tehuacan 2,ferretería,55,18.461467,-97.394049,https://mitehuacan.mx/?ruta=19
1,Estacionamiento Ecologico,ferretería,61,18.45924,-97.392415,https://mitehuacan.mx/?ruta=19
1,Ferreteria Ilumination,ferretería,63,18.458201,-97.394239,https://mitehuacan.mx/?ruta=19
1,Ferreteria Ferre Todo De Tehuacan,ferretería,64,18.459455,-97.398212,https://mitehuacan.mx/?ruta=19
1,Electrica Codesa,ferretería,68,18.462332,-97.390762,https://mitehuacan.mx/?ruta=19
1,Fix Ferreterias Tehuacan Centro,ferretería,70,18.461597,-97.394045,https://mitehuacan.mx/?ruta=19
1,Ave Ferreteria,ferretería,75,18.459977,-97.390749,https://mitehuacan.mx/?ruta=19
1,Todo Para Gas Y Agua Bianchi Gas,ferretería,88,18.460743,-97.388639,https://mitehuacan.mx/?ruta=19
1,Tlapaleria Lezama,ferretería,93,18.456061,-97.404822,https://mitehuacan.mx/?ruta=19
1,Ferreteria Y Tlapaleria Del Mercado,ferretería,98,18.462853,-97.390474,https://mitehuacan.mx/?ruta=19
1,Materiales Para Construccion Y Acabados Sin Nombre,ferretería,98,18.449906,-97.412938,https://mitehuacan.mx/?ruta=19
1,Materiales Bora,ferretería,110,18.453873,-97.414919,https://mitehuacan.mx/?ruta=19
1,Cefemsa,ferretería,113,18.456877,-97.397715,https://mitehuacan.mx/?ruta=19
1,Ferreteria Arriaga Ferreteria,ferretería,124,18.458444,-97.390331,https://mitehuacan.mx/?ruta=19
1,Ferremateriales Zapata,ferretería,125,18.475441,-97.386752,https://mitehuacan.mx/?ruta=19
1,Ferreteria Sin Nombre,ferretería,128,18.45539,-97.403266,https://mitehuacan.mx/?ruta=19
1,Ferreteria San Sebastian,ferretería,144,18.47931,-97.383364,https://mitehuacan.mx/?ruta=19
1,Hotel El Campanario,hotel,0,18.462149,-97.389459,https://mitehuacan.mx/?ruta=19
1,Hotel Mex-Mar,hotel,1,18.456896,-97.405276,https://mitehuacan.mx/?ruta=19
1,Ph Hotel,hotel,3,18.463201,-97.391374,https://mitehuacan.mx/?ruta=19
1,Hotel Posada El Viajero,hotel,4,18.461129,-97.398786,https://mitehuacan.mx/?ruta=19
1,Hotel San Miguel,hotel,6,18.464435,-97.391452,https://mitehuacan.mx/?ruta=19
1,Hotel Finca Real,hotel,7,18.461063,-97.399804,https://mitehuacan.mx/?ruta=19
1,Hotel Luxor,hotel,13,18.461157,-97.396601,https://mitehuacan.mx/?ruta=19
1,Hotel Casa Real,hotel,24,18.461188,-97.394228,https://mitehuacan.mx/?ruta=19
1,Hotel Paraiso Inn,hotel,26,18.457258,-97.40127,https://mitehuacan.mx/?ruta=19
1,Hotel Belen,hotel,33,18.464896,-97.389134,https://mitehuacan.mx/?ruta=19
1,Hotel Casa Real Tehuacan,hotel,34,18.461278,-97.394179,https://mitehuacan.mx/?ruta=19
1,Hotel Plaza Iberia,hotel,35,18.462996,-97.391731,https://mitehuacan.mx/?ruta=19
1,Motel Durango,hotel,35,18.450518,-97.412981,https://mitehuacan.mx/?ruta=19
1,Hotel Casa Del Prado,hotel,41,18.461576,-97.389853,https://mitehuacan.mx/?ruta=19
1,Motel Aventura,hotel,46,18.452113,-97.41406,https://mitehuacan.mx/?ruta=19
1,Hotel Alejandrina,hotel,47,18.465881,-97.390939,https://mitehuacan.mx/?ruta=19
1,Hotel Cr,hotel,67,18.460365,-97.3942,https://mitehuacan.mx/?ruta=19
1,Hotel Posada Del Viajero,hotel,69,18.462792,-97.388806,https://mitehuacan.mx/?ruta=19
1,Hotelitto Inn,hotel,90,18.460834,-97.388616,https://mitehuacan.mx/?ruta=19
1,Motel Acuario,hotel,95,18.459751,-97.399009,https://mitehuacan.mx/?ruta=19
1,Hotel Zenith,hotel,111,18.46198,-97.394545,https://mitehuacan.mx/?ruta=19
1,Hotel Boutique Tehuacan,hotel,116,18.462063,-97.395808,https://mitehuacan.mx/?ruta=19
1,Inmobiliaria Y Construcciones La Torre Tehuacan,inmobiliaria,2,18.458694,-97.392,https://mitehuacan.mx/?ruta=19
1,Oficina Administrativa De Plaza Ana Maria,inmobiliaria,2,18.458694,-97.392,https://mitehuacan.mx/?ruta=19
1,Oficina Administrativa Del Mercado Licenciado Benito Juarez,inmobiliaria,2,18.456208,-97.400391,https://mitehuacan.mx/?ruta=19
1,Casa Blanca Inmobiliaria,inmobiliaria,3,18.463319,-97.391369,https://mitehuacan.mx/?ruta=19
1,Inmobiliaria Cruz,inmobiliaria,3,18.462269,-97.391382,https://mitehuacan.mx/?ruta=19
1,Inmobiliaria Multiventas,inmobiliaria,3,18.460896,-97.390474,https://mitehuacan.mx/?ruta=19
1,D D Inmobiliaria,inmobiliaria,6,18.466155,-97.391436,https://mitehuacan.mx/?ruta=19
1,Asesoria Juridica Inmobiliaria,inmobiliaria,8,18.46154,-97.391503,https://mitehuacan.mx/?ruta=19
1,Inmobiliaria Sin Nombre,inmobiliaria,10,18.458843,-97.393721,https://mitehuacan.mx/?ruta=19
1,Inmoviliaria Fincasa,inmobiliaria,27,18.462927,-97.3892,https://mitehuacan.mx/?ruta=19
1,Inmobiliaria Jc,inmobiliaria,50,18.470292,-97.391808,https://mitehuacan.mx/?ruta=19
1,Inmobiliaria Grupo Independiente De Remates,inmobiliaria,68,18.462287,-97.390762,https://mitehuacan.mx/?ruta=19
1,Administracion Plaza El Mezon,inmobiliaria,70,18.461501,-97.390292,https://mitehuacan.mx/?ruta=19
1,Venta De Terrenos Palma,inmobiliaria,79,18.462859,-97.390654,https://mitehuacan.mx/?ruta=19
1,Comercializadora Terrecasas,inmobiliaria,102,18.466955,-97.390402,https://mitehuacan.mx/?ruta=19
1,Venta De Terrenos,inmobiliaria,112,18.462005,-97.394981,https://mitehuacan.mx/?ruta=19
1,Inmobiliaria Dasa Vivienda,inmobiliaria,133,18.462249,-97.396804,https://mitehuacan.mx/?ruta=19
1,Vulcanizadora Beristain,llantera,1,18.457185,-97.405788,https://mitehuacan.mx/?ruta=19
1,Vulcanizadora Vazquez,llantera,2,18.456524,-97.410593,https://mitehuacan.mx/?ruta=19
1,Vulcanizadora Sin Nombre,llantera,3,18.456926,-97.403283,https://mitehuacan.mx/?ruta=19
1,Vulcanizadora Guicho,llantera,5,18.455899,-97.411655,https://mitehuacan.mx/?ruta=19
1,Vulcanizadora El Jefe,llantera,6,18.455811,-97.411841,https://mitehuacan.mx/?ruta=19
1,Llantera Abarrotes Barroso,llantera,9,18.459549,-97.391549,https://mitehuacan.mx/?ruta=19
1,Taller De Bisicletas Sin Nimbre,llantera,9,18.476099,-97.3848,https://mitehuacan.mx/?ruta=19
1,Vulcanizadora El Guero,llantera,18,18.456997,-97.399855,https://mitehuacan.mx/?ruta=19
1,Talacheria Sin Nombre,llantera,34,18.450772,-97.412786,https://mitehuacan.mx/?ruta=19
1,Venta De Llantas La Nueva Era,llantera,63,18.456358,-97.404146,https://mitehuacan.mx/?ruta=19
1,Talacheria La Zapata,llantera,83,18.476331,-97.385477,https://mitehuacan.mx/?ruta=19
1,Vulcanizadora Azvi,llantera,83,18.456214,-97.413245,https://mitehuacan.mx/?ruta=19
1,Vitalizadora La Union,llantera,143,18.462178,-97.388102,https://mitehuacan.mx/?ruta=19
1,Carpinteria Sin Nombre,muebles,0,18.456179,-97.398962,https://mitehuacan.mx/?ruta=19
1,Muebleria Hermanos Vazquez,muebles,1,18.458806,-97.39525,https://mitehuacan.mx/?ruta=19
1,Muebleria Patjane Ceja,muebles,1,18.461004,-97.395043,https://mitehuacan.mx/?ruta=19
1,Muebles Huba,muebles,1,18.461025,-97.395896,https://mitehuacan.mx/?ruta=19
1,Muebles Tk,muebles,1,18.461003,-97.395015,https://mitehuacan.mx/?ruta=19
1,Deep And Clean,muebles,2,18.45577,-97.412326,https://mitehuacan.mx/?ruta=19
1,Articulos Para Tapiceria Anita,muebles,3,18.463522,-97.389425,https://mitehuacan.mx/?ruta=19
1,Muebleria Ofilinea,muebles,5,18.465594,-97.38939,https://mitehuacan.mx/?ruta=19
1,Muebles Secundino,muebles,5,18.468514,-97.391303,https://mitehuacan.mx/?ruta=19
1,Tapiceria Diaz,muebles,7,18.464825,-97.389507,https://mitehuacan.mx/?ruta=19
1,Carpinteria Hernandez,muebles,10,18.449905,-97.415351,https://mitehuacan.mx/?ruta=19
1,Muebleria Secundino,muebles,13,18.464937,-97.391267,https://mitehuacan.mx/?ruta=19
1,Carpinteria La 15 Letras,muebles,16,18.467039,-97.389275,https://mitehuacan.mx/?ruta=19
1,Ebanisteria Chavez,muebles,18,18.456744,-97.405485,https://mitehuacan.mx/?ruta=19
1,La Comercial De Tehuacan,muebles,20,18.45895,-97.394133,https://mitehuacan.mx/?ruta=19
1,Muebleria Bonanza,muebles,25,18.466908,-97.391607,https://mitehuacan.mx/?ruta=19
1,Mueblería Delfer,muebles,44,18.460443,-97.389475,https://mitehuacan.mx/?ruta=19
1,Muebleria Lezama De Tehuacan,muebles,55,18.461965,-97.391935,https://mitehuacan.mx/?ruta=19
1,Tapiceria Mendez,muebles,63,18.476785,-97.383803,https://mitehuacan.mx/?ruta=19
1,Carpinteria Martinez,muebles,68,18.454938,-97.412327,https://mitehuacan.mx/?ruta=19
1,Grupo Constructor Hernandezperez,muebles,71,18.456606,-97.412064,https://mitehuacan.mx/?ruta=19
1,Venta De Muebles De Madera Sin Nombre,muebles,72,18.454737,-97.41266,https://mitehuacan.mx/?ruta=19
1,Muebleria Feria Del Mueble,muebles,80,18.460745,-97.388714,https://mitehuacan.mx/?ruta=19
1,Muebleria La Casa De Los Muebles,muebles,85,18.460177,-97.393424,https://mitehuacan.mx/?ruta=19
1,Rb Decoraciones,muebles,91,18.466864,-97.39051,https://mitehuacan.mx/?ruta=19
1,Muebleria La Descendencia,muebles,98,18.454539,-97.412518,https://mitehuacan.mx/?ruta=19
1,Carpinteria Tehuacan,muebles,117,18.454395,-97.412415,https://mitehuacan.mx/?ruta=19
1,Taller De Madera Muebles Y Esculturas,muebles,127,18.458344,-97.390332,https://mitehuacan.mx/?ruta=19
1,Panadería La Paz,panadería,8,18.466174,-97.391306,https://mitehuacan.mx/?ruta=19
1,Pastelix,panadería,17,18.467348,-97.391525,https://mitehuacan.mx/?ruta=19
1,Guti-Pan,panadería,58,18.459224,-97.39263,https://mitehuacan.mx/?ruta=19
1,Hernandez Motors,refacciones,1,18.457157,-97.404925,https://mitehuacan.mx/?ruta=19
1,Refacciones Usadas El Volante,refacciones,1,18.455198,-97.413236,https://mitehuacan.mx/?ruta=19
1,Hules Y Rodajas Sanchez,refacciones,3,18.456882,-97.406775,https://mitehuacan.mx/?ruta=19
1,Refaccionaria Diesel Reforma,refacciones,3,18.457059,-97.401741,https://mitehuacan.mx/?ruta=19
1,Refaccionaria Numan,refacciones,3,18.456291,-97.410798,https://mitehuacan.mx/?ruta=19
1,El Riego,refacciones,4,18.456704,-97.409839,https://mitehuacan.mx/?ruta=19
1,Centro Muellero La Asuncion,refacciones,25,18.457113,-97.409881,https://mitehuacan.mx/?ruta=19
1,Comercio Al Por Mayor De Partes Y Refacciones Nuevas Para Au,refacciones,39,18.456979,-97.399173,https://mitehuacan.mx/?ruta=19
1,Amortiguadores Reconstruidos El Jarocho,refacciones,47,18.455793,-97.413412,https://mitehuacan.mx/?ruta=19
1,Refaccionaria Macsa,refacciones,60,18.464889,-97.388878,https://mitehuacan.mx/?ruta=19
1,Partes Automotrices De Emergencia,refacciones,78,18.462968,-97.390195,https://mitehuacan.mx/?ruta=19
1,Refaccionaria Vidal,refacciones,84,18.457883,-97.409592,https://mitehuacan.mx/?ruta=19
1,Venta De Partes Para Muelles Castillo,refacciones,84,18.469144,-97.392141,https://mitehuacan.mx/?ruta=19
1,Instalacion De Alarmas,refacciones,130,18.458022,-97.410209,https://mitehuacan.mx/?ruta=19
1,Cocina Economica Ana Karen,restaurante,0,18.45678,-97.410045,https://mitehuacan.mx/?ruta=19
1,Cocina Economica Maricarmen,restaurante,0,18.458829,-97.396388,https://mitehuacan.mx/?ruta=19
1,Pizzas Archie S,restaurante,0,18.461133,-97.389468,https://mitehuacan.mx/?ruta=19
1,Preparacion De Desayunos Sin Nombre,restaurante,0,18.476172,-97.382387,https://mitehuacan.mx/?ruta=19
1,Restaurante La Casa Del Abuelo,restaurante,0,18.456415,-97.402438,https://mitehuacan.mx/?ruta=19
1,Rosticeria Pollos Guerrero,restaurante,0,18.461468,-97.389465,https://mitehuacan.mx/?ruta=19
1,Taqueria La Especial,restaurante,0,18.457261,-97.407317,https://mitehuacan.mx/?ruta=19
1,Torteria La Super Torta,restaurante,0,18.462011,-97.38946,https://mitehuacan.mx/?ruta=19
1,Venta De Comida Y Tortillas Doña Delfis,restaurante,0,18.450446,-97.413916,https://mitehuacan.mx/?ruta=19
1,Bull Bike,restaurante,1,18.455098,-97.413458,https://mitehuacan.mx/?ruta=19
1,Cemitas La Poblanita,restaurante,1,18.461044,-97.396455,https://mitehuacan.mx/?ruta=19
1,Cocina Economica Sin Nombre,restaurante,1,18.45198,-97.415403,https://mitehuacan.mx/?ruta=19
1,La Cocina De Tina,restaurante,1,18.457157,-97.404925,https://mitehuacan.mx/?ruta=19
1,Pizza Rodris,restaurante,1,18.480664,-97.376078,https://mitehuacan.mx/?ruta=19
1,Pizzeria Sin Nombre,restaurante,1,18.451887,-97.415615,https://mitehuacan.mx/?ruta=19
1,Restaurante El Tule,restaurante,1,18.461017,-97.395593,https://mitehuacan.mx/?ruta=19
1,Taqueria El Dorado,restaurante,1,18.45066,-97.413408,https://mitehuacan.mx/?ruta=19
1,Venta De Comida Las Cazuelas,restaurante,1,18.455129,-97.413389,https://mitehuacan.mx/?ruta=19
1,Venta De Pollo Estilo Sinaloa Servicio Solo Para Llevar,restaurante,1,18.457011,-97.4003,https://mitehuacan.mx/?ruta=19
1,Antojitos Mexicanos Sin Nombre,restaurante,2,18.475987,-97.384628,https://mitehuacan.mx/?ruta=19
1,Antojitos Mexicanos Sin Nombre,restaurante,2,18.477204,-97.384248,https://mitehuacan.mx/?ruta=19
1,Carnitas El Oasis,restaurante,2,18.456878,-97.409858,https://mitehuacan.mx/?ruta=19
1,Carnitas El Porky,restaurante,2,18.464824,-97.389459,https://mitehuacan.mx/?ruta=19
1,Cemitas La Poblanita,restaurante,2,18.458797,-97.394529,https://mitehuacan.mx/?ruta=19
1,Cocina Economica El Buen Sazon,restaurante,2,18.457214,-97.406669,https://mitehuacan.mx/?ruta=19
1,Cocina Economica La Incondicional Del Sabor,restaurante,2,18.458694,-97.392,https://mitehuacan.mx/?ruta=19
1,Cocina Economica Lupita,restaurante,2,18.456322,-97.411056,https://mitehuacan.mx/?ruta=19
1,Cocina Economica Sin Nombre,restaurante,2,18.478104,-97.382848,https://mitehuacan.mx/?ruta=19
1,Coco Burger,restaurante,2,18.457228,-97.407067,https://mitehuacan.mx/?ruta=19
1,Pizzas Yankees,restaurante,2,18.463169,-97.389436,https://mitehuacan.mx/?ruta=19
1,Pizzas Yankees,restaurante,2,18.458694,-97.392,https://mitehuacan.mx/?ruta=19
1,Pizzeria Yankees,restaurante,2,18.458694,-97.392,https://mitehuacan.mx/?ruta=19
1,Preparacion De Comida Para Llevar Sin Nombre,restaurante,2,18.453398,-97.413496,https://mitehuacan.mx/?ruta=19
1,Restaurante Mexico Lindo,restaurante,2,18.462469,-97.391382,https://mitehuacan.mx/?ruta=19
1,Tacos Tijuana,restaurante,2,18.458664,-97.399,https://mitehuacan.mx/?ruta=19
1,Taqueria La Especial,restaurante,2,18.455071,-97.413515,https://mitehuacan.mx/?ruta=19
1,Alex Pizza,restaurante,3,18.456884,-97.407041,https://mitehuacan.mx/?ruta=19
1,Cocina Economica,restaurante,3,18.454281,-97.413932,https://mitehuacan.mx/?ruta=19
1,Cocina Economica Erandy,restaurante,3,18.456912,-97.403644,https://mitehuacan.mx/?ruta=19
1,Comedor Ines,restaurante,3,18.455846,-97.412124,https://mitehuacan.mx/?ruta=19
1,El Rey De Los Taquitos,restaurante,3,18.455858,-97.412093,https://mitehuacan.mx/?ruta=19
1,Polleria Fiesta,restaurante,3,18.456835,-97.409585,https://mitehuacan.mx/?ruta=19
1,Pollos A La Leña,restaurante,3,18.45613,-97.411468,https://mitehuacan.mx/?ruta=19
1,Rosticeria El Pollo Bravo,restaurante,3,18.476403,-97.384634,https://mitehuacan.mx/?ruta=19
1,Taqueria La Parrilla Del Pastor,restaurante,3,18.460917,-97.391289,https://mitehuacan.mx/?ruta=19
1,Taqueria Vic Taco,restaurante,3,18.463739,-97.389418,https://mitehuacan.mx/?ruta=19
1,Tortas Rosy,restaurante,3,18.461165,-97.400237,https://mitehuacan.mx/?ruta=19
1,Venta De Alimentos El Cabrito,restaurante,3,18.460906,-97.390881,https://mitehuacan.mx/?ruta=19
1,Venta De Comida,restaurante,3,18.451609,-97.41313,https://mitehuacan.mx/?ruta=19
1,Venta De Pizzas Rogers Pizzas,restaurante,3,18.461155,-97.399867,https://mitehuacan.mx/?ruta=19
1,Venta De Postres,restaurante,3,18.476171,-97.384712,https://mitehuacan.mx/?ruta=19
1,Antojitos Mexicanos Marijo,restaurante,4,18.469214,-97.391385,https://mitehuacan.mx/?ruta=19
1,Antojitos Mexicanos Sin Nombre,restaurante,4,18.456201,-97.399872,https://mitehuacan.mx/?ruta=19
1,Arli Pizza,restaurante,4,18.478838,-97.378405,https://mitehuacan.mx/?ruta=19
1,Cocina E Economica Din Nombre,restaurante,4,18.456201,-97.399872,https://mitehuacan.mx/?ruta=19
1,Cocina Economica Las Cazuelas,restaurante,4,18.456201,-97.399872,https://mitehuacan.mx/?ruta=19
1,Cocina Economica Sazon Santa Lucia,restaurante,4,18.46915,-97.391385,https://mitehuacan.mx/?ruta=19
1,Cocina Economica Sin Nombre,restaurante,4,18.456201,-97.399872,https://mitehuacan.mx/?ruta=19
1,Cocina El Rinconcito Sanchez,restaurante,4,18.456201,-97.399872,https://mitehuacan.mx/?ruta=19
1,Fonda Guerrero,restaurante,4,18.456201,-97.399872,https://mitehuacan.mx/?ruta=19
1,Hamburguesas El Betos,restaurante,4,18.468472,-97.389359,https://mitehuacan.mx/?ruta=19
1,Las Pizzas De Ale,restaurante,4,18.47442,-97.384625,https://mitehuacan.mx/?ruta=19
1,Pollos A La Leña El Ranchito,restaurante,4,18.457073,-97.402253,https://mitehuacan.mx/?ruta=19
1,Rosticeria El Pollo Gigante,restaurante,4,18.457069,-97.402035,https://mitehuacan.mx/?ruta=19
1,Tacos Y Tortas Tehuacan,restaurante,4,18.463464,-97.391364,https://mitehuacan.mx/?ruta=19
1,Taqueria Los Carnales,restaurante,4,18.457069,-97.402016,https://mitehuacan.mx/?ruta=19
1,Venta De Antojitos Itamar,restaurante,4,18.456201,-97.399872,https://mitehuacan.mx/?ruta=19
1,Venta De Comida Cocina Laura,restaurante,4,18.456201,-97.399872,https://mitehuacan.mx/?ruta=19
1,Venta De Comida Sin Nombre,restaurante,4,18.456201,-97.399872,https://mitehuacan.mx/?ruta=19
1,Venta De Comida Taquito De Sal,restaurante,4,18.467428,-97.39132,https://mitehuacan.mx/?ruta=19
1,Venta De Desayunos Sin Nombre,restaurante,4,18.479338,-97.378471,https://mitehuacan.mx/?ruta=19
1,Venta De Hamburguesas Crazy Foods,restaurante,4,18.469186,-97.391385,https://mitehuacan.mx/?ruta=19
1,Venta De Memelas Y Quesadillas Y Jugos,restaurante,4,18.456883,-97.40908,https://mitehuacan.mx/?ruta=19
1,Venta De Tacos Sin Nombre,restaurante,4,18.457124,-97.402479,https://mitehuacan.mx/?ruta=19
1,Vivero Entre Flores Y Mas,restaurante,4,18.4703,-97.39084,https://mitehuacan.mx/?ruta=19
1,Helados Catedral,restaurante,4,18.460979,-97.393188,https://mitehuacan.mx/?ruta=19
1,Carnitas El Altepexano,restaurante,5,18.464824,-97.389488,https://mitehuacan.mx/?ruta=19
1,Comedor Huautla,restaurante,5,18.454369,-97.413872,https://mitehuacan.mx/?ruta=19
1,Rosticeria Raquel,restaurante,5,18.468897,-97.3914,https://mitehuacan.mx/?ruta=19
1,Tacos El Chino Y Algo Mas,restaurante,5,18.46963,-97.391382,https://mitehuacan.mx/?ruta=19
1,Tacos Genaro,restaurante,5,18.465808,-97.391335,https://mitehuacan.mx/?ruta=19
1,Cocina Clasicos,restaurante,6,18.464843,-97.391448,https://mitehuacan.mx/?ruta=19
1,Cocina Economica Antojitos Mexicanos,restaurante,6,18.464833,-97.391448,https://mitehuacan.mx/?ruta=19
1,De Rapidito,restaurante,6,18.456864,-97.409463,https://mitehuacan.mx/?ruta=19
1,Restaurante La Casa De Ocaña,restaurante,6,18.466336,-97.391434,https://mitehuacan.mx/?ruta=19
1,Venta De Carne Arabe Doner Kebab,restaurante,6,18.467286,-97.391424,https://mitehuacan.mx/?ruta=19
1,Venta De Tacos Estilo Michoacan,restaurante,6,18.466481,-97.391433,https://mitehuacan.mx/?ruta=19
1,Hamburguesas Big Burger,restaurante,7,18.455736,-97.412001,https://mitehuacan.mx/?ruta=19
1,Tacos El Primo,restaurante,7,18.463947,-97.391459,https://mitehuacan.mx/?ruta=19
1,Venta De Tortas Claris,restaurante,7,18.46107,-97.400193,https://mitehuacan.mx/?ruta=19
1,Taqueria Mariluz,restaurante,8,18.46904,-97.391423,https://mitehuacan.mx/?ruta=19
1,Antojitos Doña Tere,restaurante,9,18.458798,-97.398352,https://mitehuacan.mx/?ruta=19
1,Cemitas De Puebla,restaurante,9,18.460811,-97.391359,https://mitehuacan.mx/?ruta=19
1,Cocina Economica Sin Nombre,restaurante,9,18.449652,-97.416291,https://mitehuacan.mx/?ruta=19
1,La Nueva Rosticeria,restaurante,9,18.460797,-97.390876,https://mitehuacan.mx/?ruta=19
1,Pizzas Angelotti,restaurante,9,18.459902,-97.391546,https://mitehuacan.mx/?ruta=19
1,Pizzas El Oasis,restaurante,9,18.460808,-97.391264,https://mitehuacan.mx/?ruta=19
1,Pizzeria Yankees,restaurante,9,18.46081,-97.391331,https://mitehuacan.mx/?ruta=19
1,Pollos Guerrero Tehuacán 2,restaurante,9,18.460791,-97.390633,https://mitehuacan.mx/?ruta=19
1,Restaurant Carnitas Santa Elena,restaurante,9,18.460865,-97.393283,https://mitehuacan.mx/?ruta=19
1,Restaurante El Meson Del Refugio,restaurante,9,18.460912,-97.394961,https://mitehuacan.mx/?ruta=19
1,Restaurante Meson De La Biosfera,restaurante,9,18.460909,-97.394857,https://mitehuacan.mx/?ruta=19
1,Rosticeria Granada,restaurante,9,18.458853,-97.391563,https://mitehuacan.mx/?ruta=19
1,Rosticeria Pollos Guerrero,restaurante,9,18.460792,-97.390658,https://mitehuacan.mx/?ruta=19
1,Taqueria Tizon Sureño,restaurante,9,18.46094,-97.39606,https://mitehuacan.mx/?ruta=19
1,Tortas Paquita,restaurante,9,18.460826,-97.391937,https://mitehuacan.mx/?ruta=19
1,Venta De Antojitos,restaurante,9,18.457353,-97.40765,https://mitehuacan.mx/?ruta=19
1,Cocina Economica Sin Nombre,restaurante,10,18.450263,-97.414094,https://mitehuacan.mx/?ruta=19
1,Pollos David Pollos Cocinados Al Carbon Y En Horno Servicio ,restaurante,10,18.458969,-97.398413,https://mitehuacan.mx/?ruta=19
1,Tacos Pacheco,restaurante,10,18.456915,-97.40038,https://mitehuacan.mx/?ruta=19
1,Venta De Antojitos Doña Lety,restaurante,10,18.457081,-97.399935,https://mitehuacan.mx/?ruta=19
1,Tasty Burguer,restaurante,11,18.467008,-97.391473,https://mitehuacan.mx/?ruta=19
1,Chicharron Y Carnitas,restaurante,12,18.473319,-97.388499,https://mitehuacan.mx/?ruta=19
1,Rosticeria El Buen Sabor,restaurante,12,18.458777,-97.391371,https://mitehuacan.mx/?ruta=19
1,Taqueria San Juditas,restaurante,12,18.456914,-97.401266,https://mitehuacan.mx/?ruta=19
1,Pizzas Pizzaiolo,restaurante,13,18.462984,-97.391276,https://mitehuacan.mx/?ruta=19
1,Taqueria Adalin,restaurante,13,18.450688,-97.413085,https://mitehuacan.mx/?ruta=19
1,Venta De Carnitas,restaurante,13,18.477671,-97.383751,https://mitehuacan.mx/?ruta=19
1,Venta De Memelitas Antojitos Yuli,restaurante,13,18.461572,-97.389588,https://mitehuacan.mx/?ruta=19
1,Loncheria Sin Nombre,restaurante,14,18.459003,-97.398235,https://mitehuacan.mx/?ruta=19
1,Taqueria Sin Nombre,restaurante,14,18.470138,-97.389353,https://mitehuacan.mx/?ruta=19
1,Tortas Mago,restaurante,14,18.46101,-97.400199,https://mitehuacan.mx/?ruta=19
1,Tortas Orozco,restaurante,14,18.462984,-97.389318,https://mitehuacan.mx/?ruta=19
1,Venta De Hamburguesas. Burguer Daddy,restaurante,14,18.462469,-97.389326,https://mitehuacan.mx/?ruta=19
1,Rosticeria Granada,restaurante,15,18.458521,-97.39147,https://mitehuacan.mx/?ruta=19
1,Servicio De Comida. Restaurant El Cochibil,restaurante,15,18.468008,-97.389269,https://mitehuacan.mx/?ruta=19
1,Venta De Antojitos Mexicanos Comedor Mexicano,restaurante,15,18.464826,-97.389582,https://mitehuacan.mx/?ruta=19
1,Cocina Economica Casa Del Comensal,restaurante,17,18.464151,-97.389284,https://mitehuacan.mx/?ruta=19
1,Tacos El Paisa,restaurante,17,18.457235,-97.402315,https://mitehuacan.mx/?ruta=19
1,Taqueria Cayu,restaurante,17,18.46426,-97.389282,https://mitehuacan.mx/?ruta=19
1,Cocina Econimica Jefe Roli,restaurante,18,18.465969,-97.389611,https://mitehuacan.mx/?ruta=19
1,Comida Rapida Antojitos Sin Nombre,restaurante,18,18.464694,-97.389274,https://mitehuacan.mx/?ruta=19
1,Pizzas Alma Mixteco,restaurante,18,18.46464,-97.389275,https://mitehuacan.mx/?ruta=19
1,Taqueria Estilo Michoacan,restaurante,18,18.465645,-97.389265,https://mitehuacan.mx/?ruta=19
1,Taqueria Super Trompo,restaurante,18,18.476977,-97.384761,https://mitehuacan.mx/?ruta=19
1,Cocina Economica La Flor De Veracruz,restaurante,19,18.464827,-97.38962,https://mitehuacan.mx/?ruta=19
1,Rosticeria Pollos Fiesta,restaurante,19,18.462931,-97.389276,https://mitehuacan.mx/?ruta=19
1,Venta De Antojitos Mexicanos Oly,restaurante,19,18.457411,-97.406873,https://mitehuacan.mx/?ruta=19
1,Pollos Guerrero Tehuacán 1,restaurante,20,18.461493,-97.38965,https://mitehuacan.mx/?ruta=19
1,Venta De Antojitos,restaurante,20,18.456051,-97.40235,https://mitehuacan.mx/?ruta=19
1,Rosticeria Pollo Fiesta,restaurante,21,18.458879,-97.392404,https://mitehuacan.mx/?ruta=19
1,Restaurante Ken Gourmet Japones,restaurante,22,18.458525,-97.393273,https://mitehuacan.mx/?ruta=19
1,Coctel Inn,restaurante,24,18.460709,-97.392462,https://mitehuacan.mx/?ruta=19
1,Tacos Arabes Maha,restaurante,24,18.477162,-97.384679,https://mitehuacan.mx/?ruta=19
1,Taqueria El Pastorcito,restaurante,24,18.460641,-97.38937,https://mitehuacan.mx/?ruta=19
1,Antojitos Doña Agus,restaurante,25,18.461948,-97.391178,https://mitehuacan.mx/?ruta=19
1,Antojitos Mexicanos Adelita,restaurante,25,18.461948,-97.391178,https://mitehuacan.mx/?ruta=19
1,Antojitos Mexicanos Gloria,restaurante,25,18.461948,-97.391178,https://mitehuacan.mx/?ruta=19
1,Antojitos Mexicanos Sin Nombre,restaurante,25,18.461948,-97.391178,https://mitehuacan.mx/?ruta=19
1,Antojitos Mexicanos Sinnombre,restaurante,25,18.461948,-97.391178,https://mitehuacan.mx/?ruta=19
1,Antojitos Y Desayunos Sin Nombre,restaurante,25,18.461948,-97.391178,https://mitehuacan.mx/?ruta=19
1,Cocina Angelita,restaurante,25,18.461948,-97.391178,https://mitehuacan.mx/?ruta=19
1,Cocina Economica Las Brazas,restaurante,25,18.461948,-97.391178,https://mitehuacan.mx/?ruta=19
1,Cocina Economica Sin Nombre,restaurante,25,18.449504,-97.415494,https://mitehuacan.mx/?ruta=19
1,Cocina Nohemi,restaurante,25,18.461948,-97.391178,https://mitehuacan.mx/?ruta=19
1,Cocina Un Rinconcito De Sabor,restaurante,25,18.461948,-97.391178,https://mitehuacan.mx/?ruta=19
1,Comedor Alondra,restaurante,25,18.461948,-97.391178,https://mitehuacan.mx/?ruta=19
1,Comedor Juquilita,restaurante,25,18.461948,-97.391178,https://mitehuacan.mx/?ruta=19
1,Comedor La Patrona,restaurante,25,18.461948,-97.391178,https://mitehuacan.mx/?ruta=19
1,Comedor Mary,restaurante,25,18.461948,-97.391178,https://mitehuacan.mx/?ruta=19
1,Comedor Rosalba,restaurante,25,18.461948,-97.391178,https://mitehuacan.mx/?ruta=19
1,El Chaparrito 2,restaurante,25,18.461948,-97.391178,https://mitehuacan.mx/?ruta=19
1,Expendio De Barbacoa Hermanos Roman Flores,restaurante,25,18.461948,-97.391178,https://mitehuacan.mx/?ruta=19
1,Expendio De Barbacoa Jose,restaurante,25,18.461948,-97.391178,https://mitehuacan.mx/?ruta=19
1,Fonda Carmen Blanco,restaurante,25,18.461948,-97.391178,https://mitehuacan.mx/?ruta=19
1,Fonda Comedor Las Granadas,restaurante,25,18.461948,-97.391178,https://mitehuacan.mx/?ruta=19
1,Fonda Florentina,restaurante,25,18.461948,-97.391178,https://mitehuacan.mx/?ruta=19
1,Fonda Julieta,restaurante,25,18.461948,-97.391178,https://mitehuacan.mx/?ruta=19
1,Fonda La Flor,restaurante,25,18.461948,-97.391178,https://mitehuacan.mx/?ruta=19
1,Fonda La Flor De Atlixco,restaurante,25,18.461948,-97.391178,https://mitehuacan.mx/?ruta=19
1,Fonda La Flor De Oaxaca,restaurante,25,18.461948,-97.391178,https://mitehuacan.mx/?ruta=19
1,Fonda La Oaxaqueña,restaurante,25,18.461948,-97.391178,https://mitehuacan.mx/?ruta=19
1,Fonda La Poblanita,restaurante,25,18.461948,-97.391178,https://mitehuacan.mx/?ruta=19
1,Fonda Mary Carmen,restaurante,25,18.461948,-97.391178,https://mitehuacan.mx/?ruta=19
1,Fonda Maty,restaurante,25,18.461948,-97.391178,https://mitehuacan.mx/?ruta=19
1,Fonda Rosita,restaurante,25,18.461948,-97.391178,https://mitehuacan.mx/?ruta=19
1,Fonda Ruth,restaurante,25,18.461948,-97.391178,https://mitehuacan.mx/?ruta=19
1,Fonda Teresita,restaurante,25,18.461948,-97.391178,https://mitehuacan.mx/?ruta=19
1,Huaraches Y Memelas El Chaparrito,restaurante,25,18.461948,-97.391178,https://mitehuacan.mx/?ruta=19
1,Pizzas Pizzaiolo,restaurante,25,18.461948,-97.391178,https://mitehuacan.mx/?ruta=19
1,Taqueria,restaurante,25,18.461948,-97.391178,https://mitehuacan.mx/?ruta=19
1,Taqueria La Guadalupana,restaurante,25,18.461948,-97.391178,https://mitehuacan.mx/?ruta=19
1,Taqueria Los 3 Garcias,restaurante,25,18.461948,-97.391178,https://mitehuacan.mx/?ruta=19
1,Venta De Barbacoa Bolaños,restaurante,25,18.461948,-97.391178,https://mitehuacan.mx/?ruta=19
1,Venta De Comida Catita,restaurante,25,18.461948,-97.391178,https://mitehuacan.mx/?ruta=19
1,Venta De Comida Sin Nombre,restaurante,25,18.461948,-97.391178,https://mitehuacan.mx/?ruta=19
1,Venta De Huaraches Sin Nombre,restaurante,25,18.461948,-97.391178,https://mitehuacan.mx/?ruta=19
1,Venta De Antojitos Mexicanos Doña Mari,restaurante,26,18.461558,-97.389218,https://mitehuacan.mx/?ruta=19
1,Venta De Comida Ana,restaurante,26,18.456674,-97.407646,https://mitehuacan.mx/?ruta=19
1,Pollos El Crucero,restaurante,29,18.455233,-97.412537,https://mitehuacan.mx/?ruta=19
1,Carnitas El Oasis,restaurante,30,18.460677,-97.393483,https://mitehuacan.mx/?ruta=19
1,Venta De Alimentos Los Laureles,restaurante,30,18.469022,-97.391061,https://mitehuacan.mx/?ruta=19
1,Cocina Economica Sin Nombre,restaurante,31,18.466984,-97.391075,https://mitehuacan.mx/?ruta=19
1,Cocina Economica Sin Nombre,restaurante,32,18.45859,-97.39837,https://mitehuacan.mx/?ruta=19
1,Desayunos Don Rene,restaurante,33,18.461579,-97.389151,https://mitehuacan.mx/?ruta=19
1,Cocina Angy,restaurante,34,18.458506,-97.395911,https://mitehuacan.mx/?ruta=19
1,Restaurant Mi Lupita,restaurante,35,18.460542,-97.389371,https://mitehuacan.mx/?ruta=19
1,Venta De Memelitas Sin Nombre,restaurante,37,18.476839,-97.384947,https://mitehuacan.mx/?ruta=19
1,La Cochineria,restaurante,39,18.458345,-97.392722,https://mitehuacan.mx/?ruta=19
1,Cocina Economica Isa,restaurante,40,18.456672,-97.399856,https://mitehuacan.mx/?ruta=19
1,Comida Casera El Sazon De La Abuelita,restaurante,40,18.458292,-97.391574,https://mitehuacan.mx/?ruta=19
1,Cocina Economica Doña Sofi,restaurante,41,18.457663,-97.407988,https://mitehuacan.mx/?ruta=19
1,Venta De Tacos Randy,restaurante,41,18.456251,-97.412194,https://mitehuacan.mx/?ruta=19
1,Cocina Economica Sin Nombre,restaurante,44,18.45837,-97.394129,https://mitehuacan.mx/?ruta=19
1,Antojitos Jane,restaurante,45,18.473868,-97.389032,https://mitehuacan.mx/?ruta=19
1,Cocina Economica Sin Nombre,restaurante,45,18.461489,-97.398127,https://mitehuacan.mx/?ruta=19
1,Pizzerias Angelloti,restaurante,45,18.458766,-97.391058,https://mitehuacan.mx/?ruta=19
1,Venta De Hamburguesas Le Crepe,restaurante,45,18.462649,-97.389879,https://mitehuacan.mx/?ruta=19
1,Tacos Carranza,restaurante,46,18.461345,-97.392551,https://mitehuacan.mx/?ruta=19
1,Tacos Y Tlayudas Kekis,restaurante,46,18.459306,-97.398977,https://mitehuacan.mx/?ruta=19
1,Preparacion De Comida Sin Nombre,restaurante,47,18.477158,-97.384982,https://mitehuacan.mx/?ruta=19
1,Play Game,restaurante,49,18.460505,-97.393495,https://mitehuacan.mx/?ruta=19
1,Venta De Tortas Y Jugos Sin Nombre,restaurante,49,18.456178,-97.398365,https://mitehuacan.mx/?ruta=19
1,Pollo Fiesta,restaurante,51,18.46303,-97.39188,https://mitehuacan.mx/?ruta=19
1,Venta De Empanadas Sin Nombre,restaurante,52,18.460379,-97.389373,https://mitehuacan.mx/?ruta=19
1,Venta De Memelita Sin Nombre,restaurante,52,18.477089,-97.383552,https://mitehuacan.mx/?ruta=19
1,Lico Lico Villa Asiatica,restaurante,53,18.458257,-97.393389,https://mitehuacan.mx/?ruta=19
1,Tacos Arabe Rickis,restaurante,53,18.461403,-97.392643,https://mitehuacan.mx/?ruta=19
1,Tacos Y Tortas,restaurante,53,18.456425,-97.405413,https://mitehuacan.mx/?ruta=19
1,Comedor Toña,restaurante,54,18.456457,-97.403357,https://mitehuacan.mx/?ruta=19
1,Taqueria La Sabrosita,restaurante,54,18.454752,-97.414771,https://mitehuacan.mx/?ruta=19
1,Taqueria Robles,restaurante,55,18.451172,-97.415966,https://mitehuacan.mx/?ruta=19
1,Torteria La Torteria Un Gusto,restaurante,56,18.462977,-97.390869,https://mitehuacan.mx/?ruta=19
1,Restaurante Carnitas Santa Elena,restaurante,58,18.460421,-97.393406,https://mitehuacan.mx/?ruta=19
1,Pizzas Angelotti,restaurante,60,18.457621,-97.409601,https://mitehuacan.mx/?ruta=19
1,Venta De Comida Jfv,restaurante,60,18.457867,-97.408725,https://mitehuacan.mx/?ruta=19
1,Preparacion Tortas El Ruso,restaurante,61,18.461625,-97.398121,https://mitehuacan.mx/?ruta=19
1,Cocina Economica El Restaurancito De La Siete,restaurante,62,18.457064,-97.410801,https://mitehuacan.mx/?ruta=19
1,Cocina Economica Sin Nombre,restaurante,62,18.473693,-97.38768,https://mitehuacan.mx/?ruta=19
1,Antojitos Bere,restaurante,64,18.449343,-97.414968,https://mitehuacan.mx/?ruta=19
1,Mapetos Restaurante,restaurante,66,18.464949,-97.392017,https://mitehuacan.mx/?ruta=19
1,Venta De Comida Sin Nombre,restaurante,67,18.477914,-97.384274,https://mitehuacan.mx/?ruta=19
1,Puesto De Chicharron Sin Nombre,restaurante,68,18.466969,-97.390725,https://mitehuacan.mx/?ruta=19
1,Tacos Y Cemitas El Compadre,restaurante,68,18.457763,-97.404445,https://mitehuacan.mx/?ruta=19
1,Taqueria El Gran Poblano,restaurante,68,18.462792,-97.388807,https://mitehuacan.mx/?ruta=19
1,Tortas Checkos,restaurante,68,18.461547,-97.39264,https://mitehuacan.mx/?ruta=19
1,Cocina Economica Doña Glo,restaurante,69,18.4578,-97.402725,https://mitehuacan.mx/?ruta=19
1,Venta De Comida Para Llevar Sin Nombre,restaurante,72,18.457171,-97.398142,https://mitehuacan.mx/?ruta=19
1,Venta De Hamburguesas Sin Nombre,restaurante,73,18.452213,-97.416507,https://mitehuacan.mx/?ruta=19
1,Taqueria Mac Tac,restaurante,74,18.461612,-97.393285,https://mitehuacan.mx/?ruta=19
1,Rosticeria El Tiempo,restaurante,75,18.460177,-97.390749,https://mitehuacan.mx/?ruta=19
1,Restaurante Welik,restaurante,76,18.461657,-97.394166,https://mitehuacan.mx/?ruta=19
1,Venta De Comida Sin Nombre,restaurante,77,18.473328,-97.389154,https://mitehuacan.mx/?ruta=19
1,Taqueria La Zapata,restaurante,78,18.476545,-97.385344,https://mitehuacan.mx/?ruta=19
1,Venta De Tortas Y Aguas Cristal,restaurante,79,18.462859,-97.390654,https://mitehuacan.mx/?ruta=19
1,Cocina Economica Y Bazar,restaurante,80,18.456203,-97.403925,https://mitehuacan.mx/?ruta=19
1,Antojitos Martita,restaurante,82,18.455495,-97.401364,https://mitehuacan.mx/?ruta=19
1,Cocina Economica La Gran Victoria,restaurante,82,18.475057,-97.387322,https://mitehuacan.mx/?ruta=19
1,Venta De Comida Sin Nombre,restaurante,82,18.457941,-97.405864,https://mitehuacan.mx/?ruta=19
1,Loncheria El Antojo,restaurante,83,18.461708,-97.393606,https://mitehuacan.mx/?ruta=19
1,Loncheria Sin Nombre,restaurante,83,18.461711,-97.393739,https://mitehuacan.mx/?ruta=19
1,Sergios Antojos Tlalpeños,restaurante,83,18.461717,-97.393975,https://mitehuacan.mx/?ruta=19
1,Torteria Rico Rico,restaurante,83,18.461717,-97.393975,https://mitehuacan.mx/?ruta=19
1,Yankees Pizzas,restaurante,83,18.461721,-97.394163,https://mitehuacan.mx/?ruta=19
1,Cocina Economica Sin Nombre,restaurante,84,18.459676,-97.390666,https://mitehuacan.mx/?ruta=19
1,Tacos Y Cemitas Alma,restaurante,84,18.45615,-97.407667,https://mitehuacan.mx/?ruta=19
1,Birrieria Los Gueros,restaurante,85,18.457972,-97.393572,https://mitehuacan.mx/?ruta=19
1,Loncheria Sazon El Sabor De La Casa,restaurante,85,18.459604,-97.396583,https://mitehuacan.mx/?ruta=19
1,Preparacion De Antojitos Sin Nombre,restaurante,87,18.47029,-97.392159,https://mitehuacan.mx/?ruta=19
1,Taqueria El Chino,restaurante,87,18.460835,-97.388645,https://mitehuacan.mx/?ruta=19
1,Venta De Antojitos Mexicanos Sin Nombre,restaurante,89,18.451023,-97.414603,https://mitehuacan.mx/?ruta=19
1,Almuerzos La Gloria,restaurante,91,18.461858,-97.396575,https://mitehuacan.mx/?ruta=19
1,Cocina Economica Sin Nombre,restaurante,93,18.450658,-97.41223,https://mitehuacan.mx/?ruta=19
1,Venta De Bebidas Y Alimentos Franzzinos,restaurante,93,18.456186,-97.397947,https://mitehuacan.mx/?ruta=19
1,Pollos Asados Sin Nombre,restaurante,94,18.476381,-97.385571,https://mitehuacan.mx/?ruta=19
1,La Esquina Del Sabor,restaurante,95,18.47866,-97.376668,https://mitehuacan.mx/?ruta=19
1,Antojitos Mexicanos Sin Nombre,restaurante,96,18.476231,-97.385619,https://mitehuacan.mx/?ruta=19
1,Cocina Economica Sin Nombre,restaurante,96,18.455798,-97.409799,https://mitehuacan.mx/?ruta=19
1,Desayunos Tobon,restaurante,96,18.457873,-97.409836,https://mitehuacan.mx/?ruta=19
1,Antojitos Juanita,restaurante,97,18.469992,-97.392251,https://mitehuacan.mx/?ruta=19
1,Antojitos Mexicanos Zenaida,restaurante,98,18.460219,-97.399313,https://mitehuacan.mx/?ruta=19
1,Venta De Hamburguesas Zapata Burguer,restaurante,98,18.471666,-97.389271,https://mitehuacan.mx/?ruta=19
1,Restaurant Bar Ambar,restaurante,99,18.458037,-97.409587,https://mitehuacan.mx/?ruta=19
1,Venta De Tacos De Cabeza Sin Nombre,restaurante,100,18.457754,-97.391477,https://mitehuacan.mx/?ruta=19
1,Antojitos Mexicanos Mary,restaurante,101,18.461948,-97.396567,https://mitehuacan.mx/?ruta=19
1,Pizzas Angelotti,restaurante,101,18.457784,-97.392732,https://mitehuacan.mx/?ruta=19
1,Wajil Restaurante,restaurante,102,18.457766,-97.392448,https://mitehuacan.mx/?ruta=19
1,Cocina De Sarita,restaurante,104,18.458215,-97.40769,https://mitehuacan.mx/?ruta=19
1,Cocina Economica El Buen Comer,restaurante,105,18.460136,-97.398288,https://mitehuacan.mx/?ruta=19
1,Fonda Juquilita,restaurante,105,18.462783,-97.388465,https://mitehuacan.mx/?ruta=19
1,Caseta De Tacos,restaurante,106,18.458133,-97.405233,https://mitehuacan.mx/?ruta=19
1,Antojitos Tita,restaurante,108,18.464387,-97.38842,https://mitehuacan.mx/?ruta=19
1,Antojitos Kukos Luchs,restaurante,109,18.464469,-97.388416,https://mitehuacan.mx/?ruta=19
1,El Pariente Birrieria Estilo Tijuana,restaurante,109,18.45772,-97.392733,https://mitehuacan.mx/?ruta=19
1,Venta De Barbacoa,restaurante,110,18.475314,-97.388385,https://mitehuacan.mx/?ruta=19
1,Antojitos Rosita,restaurante,111,18.454443,-97.412449,https://mitehuacan.mx/?ruta=19
1,Taqueria Cortes,restaurante,111,18.476246,-97.385762,https://mitehuacan.mx/?ruta=19
1,ZEDRO'S,restaurante,113,18.462027,-97.395476,https://mitehuacan.mx/?ruta=19
1,Tacos De La 3,restaurante,114,18.471301,-97.39127,https://mitehuacan.mx/?ruta=19
1,Taqueria Al Estilo Jalisco Sin Nombre,restaurante,114,18.458325,-97.408023,https://mitehuacan.mx/?ruta=19
1,Elaboracion De Comida Sin Nombre,restaurante,115,18.455867,-97.407435,https://mitehuacan.mx/?ruta=19
1,La Catedral Del Buen Sabor,restaurante,115,18.46205,-97.395653,https://mitehuacan.mx/?ruta=19
1,Restaurante Zedros,restaurante,115,18.46205,-97.395653,https://mitehuacan.mx/?ruta=19
1,Venta De Antojitos Sin Nombre,restaurante,116,18.462122,-97.398097,https://mitehuacan.mx/?ruta=19
1,Chequielo Venta De Chimichangas,restaurante,117,18.471376,-97.389447,https://mitehuacan.mx/?ruta=19
1,Cocina Economica El Comedor De Lupita,restaurante,118,18.457595,-97.391585,https://mitehuacan.mx/?ruta=19
1,Cocina Express La Chatta,restaurante,118,18.459902,-97.396576,https://mitehuacan.mx/?ruta=19
1,Rosticeria Granada,restaurante,119,18.462105,-97.396419,https://mitehuacan.mx/?ruta=19
1,Venta De Tortas Y Refrescos Sin Nombre,restaurante,119,18.462115,-97.396837,https://mitehuacan.mx/?ruta=19
1,Caseta De Tacos Alejandro,restaurante,121,18.456646,-97.397647,https://mitehuacan.mx/?ruta=19
1,Grupo Gastronomico Casa Vieja,restaurante,122,18.462083,-97.394447,https://mitehuacan.mx/?ruta=19
1,Cocina Economica Candia,restaurante,123,18.462186,-97.39783,https://mitehuacan.mx/?ruta=19
1,Puesto De Tacos El Brodert,restaurante,123,18.448807,-97.414852,https://mitehuacan.mx/?ruta=19
1,Rosticeria Pollo Mix,restaurante,123,18.457558,-97.39199,https://mitehuacan.mx/?ruta=19
1,Venta De Tortas Tacos Manolo,restaurante,123,18.462181,-97.397755,https://mitehuacan.mx/?ruta=19
1,Restaurante La Gallera,restaurante,124,18.462198,-97.398001,https://mitehuacan.mx/?ruta=19
1,Casa Vieja,restaurante,125,18.462114,-97.394636,https://mitehuacan.mx/?ruta=19
1,Restaurante La Greca,restaurante,128,18.462168,-97.395762,https://mitehuacan.mx/?ruta=19
1,Venta De Antojitos Sin Nombre,restaurante,128,18.462253,-97.398853,https://mitehuacan.mx/?ruta=19
1,La chatta Restaurante,restaurante,128,18.462197,-97.396647,https://mitehuacan.mx/?ruta=19
1,La Chatta Restaurant Y Terraza,restaurante,130,18.462207,-97.396283,https://mitehuacan.mx/?ruta=19
1,Las Crepitantes Crepas,restaurante,130,18.457207,-97.412045,https://mitehuacan.mx/?ruta=19
1,Taqueria El Chino Venta De Tacos,restaurante,130,18.456642,-97.397562,https://mitehuacan.mx/?ruta=19
1,Cocina Economica Doña Julia,restaurante,133,18.47338,-97.38974,https://mitehuacan.mx/?ruta=19
1,Venta De Tortas El Guero,restaurante,133,18.46233,-97.400065,https://mitehuacan.mx/?ruta=19
1,Cocina Economica Flores,restaurante,134,18.45746,-97.39207,https://mitehuacan.mx/?ruta=19
1,Antojitos Doña Chabe,restaurante,136,18.457488,-97.39315,https://mitehuacan.mx/?ruta=19
1,Lulu Y Jaro,restaurante,136,18.476078,-97.385999,https://mitehuacan.mx/?ruta=19
1,Venta De Carnitas Y Tacos,restaurante,136,18.473026,-97.385938,https://mitehuacan.mx/?ruta=19
1,La Parrilla Real,restaurante,139,18.462327,-97.397902,https://mitehuacan.mx/?ruta=19
1,Antojitos La Jarochita,restaurante,140,18.467029,-97.392696,https://mitehuacan.mx/?ruta=19
1,Taqueria Los Volcanes,restaurante,141,18.462354,-97.398289,https://mitehuacan.mx/?ruta=19
1,Restaurante Sauce,restaurante,144,18.462413,-97.399236,https://mitehuacan.mx/?ruta=19
1,Venta De Antojitos Gisel,restaurante,144,18.458437,-97.404066,https://mitehuacan.mx/?ruta=19
1,Venta De Comida Sin Nombre,restaurante,144,18.474692,-97.389886,https://mitehuacan.mx/?ruta=19
1,Cocina Economica Luna,restaurante,145,18.462423,-97.399397,https://mitehuacan.mx/?ruta=19
1,Cemitas La Estrella De Puebla,restaurante,146,18.464883,-97.392778,https://mitehuacan.mx/?ruta=19
1,Carnitas Doña Mari,restaurante,147,18.45807,-97.39024,https://mitehuacan.mx/?ruta=19
1,Loncheria Frutileto,restaurante,147,18.462299,-97.39414,https://mitehuacan.mx/?ruta=19
1,Antojitos Mexicanos Las Lichas,restaurante,149,18.458673,-97.409066,https://mitehuacan.mx/?ruta=19
1,La Pagoda Servicio De Comida Para Llevar,súper,0,18.458724,-97.393156,https://mitehuacan.mx/?ruta=19
1,Ta Barato,súper,3,18.460215,-97.391423,https://mitehuacan.mx/?ruta=19
1,Ta Barato,súper,9,18.46022,-97.391543,https://mitehuacan.mx/?ruta=19
1,Creepi Puercas,súper,76,18.464927,-97.39067,https://mitehuacan.mx/?ruta=19
1,Zapata Burger,súper,112,18.476239,-97.385772,https://mitehuacan.mx/?ruta=19
1,Elaboracion De Comida,súper,121,18.457603,-97.392735,https://mitehuacan.mx/?ruta=19
1,Centro Comercial Alatriste,súper,129,18.461037,-97.388238,https://mitehuacan.mx/?ruta=19
1,Elaboracion De Buñuelos Sin Nombre,taller,0,18.456687,-97.402436,https://mitehuacan.mx/?ruta=19
1,Taller Mecanico Automotriz Maka,taller,0,18.45222,-97.414856,https://mitehuacan.mx/?ruta=19
1,Venta De Elotes Gasper,taller,0,18.462174,-97.389459,https://mitehuacan.mx/?ruta=19
1,Auto Servicio Leon,taller,1,18.457008,-97.400196,https://mitehuacan.mx/?ruta=19
1,Centro De Servicio Automotriz Sion-Mach,taller,1,18.449695,-97.415649,https://mitehuacan.mx/?ruta=19
1,Refacciones Y Servicio Electrico,taller,1,18.4569,-97.404488,https://mitehuacan.mx/?ruta=19
1,Servicio Karcher,taller,1,18.455922,-97.412051,https://mitehuacan.mx/?ruta=19
1,Transmisiones Automaticas Richard,taller,1,18.449141,-97.416899,https://mitehuacan.mx/?ruta=19
1,Gelatinas Fruti Rico,taller,2,18.463323,-97.389432,https://mitehuacan.mx/?ruta=19
1,Pasteleria Beyle,taller,2,18.456382,-97.410927,https://mitehuacan.mx/?ruta=19
1,Servicio Automotriz Sin Nombre,taller,2,18.475715,-97.384628,https://mitehuacan.mx/?ruta=19
1,Servicio Diesel Leyva El Yuco,taller,2,18.456888,-97.40741,https://mitehuacan.mx/?ruta=19
1,Venta De Tamales Sin Nombre,taller,2,18.457811,-97.398889,https://mitehuacan.mx/?ruta=19
1,Bodega De Chef Leo Eventos,taller,3,18.46115,-97.399715,https://mitehuacan.mx/?ruta=19
1,Dulceria Dorilocos,taller,3,18.463283,-97.391371,https://mitehuacan.mx/?ruta=19
1,Remolques Y Adaptaciones Zarate,taller,3,18.454168,-97.413875,https://mitehuacan.mx/?ruta=19
1,Reparacion De Linea Blanca Servitec Gl,taller,3,18.456916,-97.40353,https://mitehuacan.mx/?ruta=19
1,Reparacion De Maquinaria De Panaderia Sin Nombre,taller,3,18.474954,-97.384625,https://mitehuacan.mx/?ruta=19
1,Servicio Y Mantenimiento Cruz,taller,3,18.456909,-97.40389,https://mitehuacan.mx/?ruta=19
1,Taller De Hojalateria Y Pintura Mexicali,taller,3,18.479669,-97.375628,https://mitehuacan.mx/?ruta=19
1,Taller De Hojalateria Y Pintura Mofles,taller,3,18.455832,-97.41216,https://mitehuacan.mx/?ruta=19
1,Taller De Joyeria Poly,taller,3,18.460915,-97.391232,https://mitehuacan.mx/?ruta=19
1,Taller De Transmisiones Automaticas El Ardilla,taller,3,18.474341,-97.385135,https://mitehuacan.mx/?ruta=19
1,Taller Mecanico Automotriz Santy,taller,3,18.455106,-97.41399,https://mitehuacan.mx/?ruta=19
1,Taller Mecanico Sin Nombre,taller,3,18.470291,-97.388488,https://mitehuacan.mx/?ruta=19
1,Venta De Papas Sin Nombre,taller,3,18.463301,-97.39137,https://mitehuacan.mx/?ruta=19
1,Taller De Embobinado De Motores Servicio Trujillo,taller,4,18.468933,-97.389169,https://mitehuacan.mx/?ruta=19
1,Club De Nutricion Herbalife,taller,5,18.465486,-97.389391,https://mitehuacan.mx/?ruta=19
1,Elaboracion De Somreros,taller,5,18.45834,-97.399026,https://mitehuacan.mx/?ruta=19
1,Refacciones Y Servicio Tecnico Tobon,taller,5,18.455944,-97.41156,https://mitehuacan.mx/?ruta=19
1,Joyeria Raymundo,taller,7,18.466879,-97.391429,https://mitehuacan.mx/?ruta=19
1,Composturas De Ropa,taller,8,18.478311,-97.381313,https://mitehuacan.mx/?ruta=19
1,Kabuba Banderillas,taller,8,18.457366,-97.408056,https://mitehuacan.mx/?ruta=19
1,Club De Nutricion Herbalife,taller,9,18.460828,-97.391975,https://mitehuacan.mx/?ruta=19
1,Embobinado De Motores,taller,9,18.458932,-97.397096,https://mitehuacan.mx/?ruta=19
1,Reparacion De Relojes Y Alhajas,taller,9,18.460828,-97.391975,https://mitehuacan.mx/?ruta=19
1,Taller De Reparacion De Computadoras I Bit,taller,9,18.458935,-97.397228,https://mitehuacan.mx/?ruta=19
1,Venta De Postres Fruti Rico,taller,9,18.460773,-97.389937,https://mitehuacan.mx/?ruta=19
1,Taller Mecanico Mexico,taller,12,18.450498,-97.413535,https://mitehuacan.mx/?ruta=19
1,Taller Mecanico Sin Nombre,taller,13,18.457348,-97.406603,https://mitehuacan.mx/?ruta=19
1,Venta De Aguas Frescas El Numero 1,taller,13,18.461572,-97.389588,https://mitehuacan.mx/?ruta=19
1,Servicio Automotriz La Central,taller,15,18.460048,-97.400129,https://mitehuacan.mx/?ruta=19
1,Taller Mecanico Centro Integral Automotriz Romero Tehuacan,taller,15,18.467736,-97.389271,https://mitehuacan.mx/?ruta=19
1,Venta De Productos Naturistas Club De Nutricion,taller,16,18.463337,-97.389303,https://mitehuacan.mx/?ruta=19
1,Licuados Sin Nombre,taller,17,18.463952,-97.389288,https://mitehuacan.mx/?ruta=19
1,Mecanica Industrial Moreno Franco,taller,18,18.466804,-97.389265,https://mitehuacan.mx/?ruta=19
1,Hojalateria Y Pintura El Pato,taller,19,18.469889,-97.38816,https://mitehuacan.mx/?ruta=19
1,Taller Mecanico Nieva,taller,20,18.449659,-97.415232,https://mitehuacan.mx/?ruta=19
1,Carrera Neumaticos Y Soluciones,taller,21,18.476954,-97.384792,https://mitehuacan.mx/?ruta=19
1,Taller De Joyeria Lrj,taller,21,18.462948,-97.389655,https://mitehuacan.mx/?ruta=19
1,Centro De Costura Sam,taller,22,18.458612,-97.395823,https://mitehuacan.mx/?ruta=19
1,Taller De Reparacion De Autos,taller,23,18.458528,-97.393377,https://mitehuacan.mx/?ruta=19
1,Club Nutricional De Herbalife,taller,25,18.461948,-97.391178,https://mitehuacan.mx/?ruta=19
1,Grabados Juanito,taller,25,18.461948,-97.391178,https://mitehuacan.mx/?ruta=19
1,Venta De Comida Sin Nombre,taller,25,18.473975,-97.388878,https://mitehuacan.mx/?ruta=19
1,Compostura De Ropa Sin Nombre,taller,27,18.477996,-97.382225,https://mitehuacan.mx/?ruta=19
1,Taller El Coco,taller,29,18.455819,-97.411282,https://mitehuacan.mx/?ruta=19
1,Club De Nutricion Herbalife,taller,31,18.460646,-97.39246,https://mitehuacan.mx/?ruta=19
1,Sastreria De Fajardo,taller,34,18.467012,-97.391691,https://mitehuacan.mx/?ruta=19
1,Servicio De Hojalateria Y Pintura Sanchez,taller,34,18.458906,-97.399839,https://mitehuacan.mx/?ruta=19
1,Com-Sec Compra Venta Y Venta De Compresoras,taller,35,18.456978,-97.399135,https://mitehuacan.mx/?ruta=19
1,Fruti Rico,taller,35,18.46124,-97.392645,https://mitehuacan.mx/?ruta=19
1,Servicio De Banquetes Angros Tehuacan,taller,35,18.459192,-97.398225,https://mitehuacan.mx/?ruta=19
1,Taller De Joyeria El Cronometro,taller,38,18.464895,-97.389087,https://mitehuacan.mx/?ruta=19
1,Sastreria Charly,taller,40,18.456543,-97.405412,https://mitehuacan.mx/?ruta=19
1,Taller Mecanico El Tio,taller,40,18.470627,-97.389652,https://mitehuacan.mx/?ruta=19
1,Churros Rellenos Apachurro,taller,42,18.459072,-97.392525,https://mitehuacan.mx/?ruta=19
1,Servicio De Hojalateria Y Pintura Guamar,taller,45,18.455689,-97.411234,https://mitehuacan.mx/?ruta=19
1,Taller De Joyeria Sin Nombre,taller,45,18.461577,-97.389037,https://mitehuacan.mx/?ruta=19
1,Taller De Mantenimiento De Motores Estacionarios,taller,47,18.466838,-97.389875,https://mitehuacan.mx/?ruta=19
1,Venta De Papas Sin Nombre,taller,50,18.46075,-97.388999,https://mitehuacan.mx/?ruta=19
1,Taller Mecanico El Fresno,taller,52,18.479948,-97.377792,https://mitehuacan.mx/?ruta=19
1,Compostura De Ropa Sin Nombre,taller,59,18.458238,-97.398401,https://mitehuacan.mx/?ruta=19
1,Muelles Y Suspensiones Zobek,taller,61,18.469135,-97.391923,https://mitehuacan.mx/?ruta=19
1,Servicio Mecanico Multimarcas,taller,61,18.453027,-97.414411,https://mitehuacan.mx/?ruta=19
1,Servicio Electrico Machuca,taller,62,18.454812,-97.412714,https://mitehuacan.mx/?ruta=19
1,Electrico Automotriz,taller,66,18.468797,-97.391979,https://mitehuacan.mx/?ruta=19
1,Postres Diseños Mau Artesanales,taller,66,18.468897,-97.391977,https://mitehuacan.mx/?ruta=19
1,Hojalateria Y Pintura Piolin,taller,67,18.470871,-97.389349,https://mitehuacan.mx/?ruta=19
1,Venta De Elotes Sin Nombre,taller,69,18.451928,-97.413963,https://mitehuacan.mx/?ruta=19
1,Frutas Coco Bongo,taller,70,18.46084,-97.388806,https://mitehuacan.mx/?ruta=19
1,Venta De Ropa Para Bebes Y Dama Tejida A Mano Con Estambre S,taller,74,18.456491,-97.3981,https://mitehuacan.mx/?ruta=19
1,Reconstructora Automotriz Cruz,taller,75,18.456242,-97.404159,https://mitehuacan.mx/?ruta=19
1,Servicio Automotriz Marquez,taller,75,18.457702,-97.401163,https://mitehuacan.mx/?ruta=19
1,Bodega De Rectificadora Bravo,taller,76,18.469141,-97.392065,https://mitehuacan.mx/?ruta=19
1,Centro De Servicio Arriaga,taller,76,18.470957,-97.391272,https://mitehuacan.mx/?ruta=19
1,Club De Nutricion Puebla,taller,78,18.45028,-97.412611,https://mitehuacan.mx/?ruta=19
1,Fat Bastard,taller,80,18.457965,-97.392444,https://mitehuacan.mx/?ruta=19
1,Club Herbalife Color Esperanza,taller,85,18.459196,-97.390668,https://mitehuacan.mx/?ruta=19
1,Taller De Embobinados De Motores Electricos Tecni Embobinado,taller,85,18.466911,-97.38862,https://mitehuacan.mx/?ruta=19
1,Lonas Tehuacan,taller,88,18.454789,-97.412221,https://mitehuacan.mx/?ruta=19
1,Embobinado De Motores,taller,92,18.457086,-97.411436,https://mitehuacan.mx/?ruta=19
1,Servicio Automotriz Autolux,taller,93,18.455345,-97.398816,https://mitehuacan.mx/?ruta=19
1,Nutricion De Herbalife,taller,96,18.470254,-97.392243,https://mitehuacan.mx/?ruta=19
1,Servicio Lozano,taller,99,18.471267,-97.389272,https://mitehuacan.mx/?ruta=19
1,Taller Mecanico En General Sin Nombre,taller,101,18.477913,-97.375696,https://mitehuacan.mx/?ruta=19
1,Club De Nutricion Herbalife,taller,102,18.459622,-97.392428,https://mitehuacan.mx/?ruta=19
1,Servicio Lezama,taller,104,18.45467,-97.412136,https://mitehuacan.mx/?ruta=19
1,Composturas De Ropa Sin Nombre,taller,105,18.450916,-97.415203,https://mitehuacan.mx/?ruta=19
1,Papas Juquilita,taller,106,18.465954,-97.388434,https://mitehuacan.mx/?ruta=19
1,Taller De Compostura De Ropa De Vestir,taller,108,18.455209,-97.39882,https://mitehuacan.mx/?ruta=19
1,Desayunador De Herbalife,taller,109,18.451705,-97.412135,https://mitehuacan.mx/?ruta=19
1,Bodega Sin Nombre,taller,111,18.458164,-97.409583,https://mitehuacan.mx/?ruta=19
1,Rojas Automotriz,taller,111,18.469895,-97.387286,https://mitehuacan.mx/?ruta=19
1,Servicio Tecnico De Refrigeracion Sin Nombre,taller,112,18.455345,-97.398227,https://mitehuacan.mx/?ruta=19
1,Auto Servicio Jimenez,taller,113,18.449282,-97.413993,https://mitehuacan.mx/?ruta=19
1,Mantenimiento Automotriz Rhino Cars,taller,117,18.454395,-97.412415,https://mitehuacan.mx/?ruta=19
1,Auto Total,taller,118,18.458236,-97.40958,https://mitehuacan.mx/?ruta=19
1,Muelles Vidal,taller,118,18.462779,-97.388333,https://mitehuacan.mx/?ruta=19
1,Servicio Tecnico Automotriz Lezama,taller,120,18.456043,-97.414498,https://mitehuacan.mx/?ruta=19
1,Satreria Tony,taller,122,18.457641,-97.393691,https://mitehuacan.mx/?ruta=19
1,Servicio Electrico Automotriz Cario,taller,122,18.475418,-97.386786,https://mitehuacan.mx/?ruta=19
1,Servicio De Seguridad Automotriz,taller,123,18.454525,-97.412033,https://mitehuacan.mx/?ruta=19
1,Taller Mecanico De Transportes Logisticos De Tehuacan,taller,123,18.453274,-97.415244,https://mitehuacan.mx/?ruta=19
1,Ing Mecanica Full Inyection,taller,128,18.476168,-97.385927,https://mitehuacan.mx/?ruta=19
1,Servicio Mecanico Automotriz Tehuacan,taller,128,18.45539,-97.403266,https://mitehuacan.mx/?ruta=19
1,Reparacion De Maquinas Sin Nombre,taller,129,18.457601,-97.394159,https://mitehuacan.mx/?ruta=19
1,Taller Mecanico Automotriz Sin Nombre,taller,130,18.471439,-97.390392,https://mitehuacan.mx/?ruta=19
1,Botanas Mezcladito,taller,133,18.457565,-97.394161,https://mitehuacan.mx/?ruta=19
1,Hojalateria Y Pintura Chivis,taller,136,18.456619,-97.413538,https://mitehuacan.mx/?ruta=19
1,Composturas De Prendas De Vestir Sin Nombre,taller,137,18.463991,-97.388149,https://mitehuacan.mx/?ruta=19
1,Taller Electrico Industrial Galo,taller,138,18.458296,-97.390239,https://mitehuacan.mx/?ruta=19
1,Reparacion De Electrodomesticos Giron,taller,142,18.476662,-97.379972,https://mitehuacan.mx/?ruta=19
1,Veterinaria Santa Cruz,veterinaria,0,18.462491,-97.389456,https://mitehuacan.mx/?ruta=19
1,Veterinaria Tehuacan Salva,veterinaria,3,18.46109,-97.397716,https://mitehuacan.mx/?ruta=19
1,Consultorio Veterinario Leon,veterinaria,4,18.451073,-97.417123,https://mitehuacan.mx/?ruta=19
1,Veterinaria Mundo Animal,veterinaria,6,18.465956,-97.391438,https://mitehuacan.mx/?ruta=19
1,Veterinaria Keiko,veterinaria,7,18.455707,-97.412062,https://mitehuacan.mx/?ruta=19
1,Venta De Alimentos Para Aves Alimentos Balanceados La Granji,veterinaria,13,18.462206,-97.389332,https://mitehuacan.mx/?ruta=19
1,M2 Peritos,veterinaria,19,18.465129,-97.389266,https://mitehuacan.mx/?ruta=19
2,Abarrotes El Faro,abarrotes,0,18.456977,-97.402512,https://mitehuacan.mx/?ruta=19
2,Miscelanea De La Nueve,abarrotes,0,18.456178,-97.398858,https://mitehuacan.mx/?ruta=19
2,Miscelanea Jr,abarrotes,0,18.45683,-97.409938,https://mitehuacan.mx/?ruta=19
2,Miscelanea Sin Nombre,abarrotes,0,18.456191,-97.399465,https://mitehuacan.mx/?ruta=19
2,Miscelanea Titos,abarrotes,0,18.45883,-97.396473,https://mitehuacan.mx/?ruta=19
2,Tendajon Alex,abarrotes,0,18.456231,-97.401864,https://mitehuacan.mx/?ruta=19
2,Abarrotes Meza,abarrotes,1,18.452171,-97.414968,https://mitehuacan.mx/?ruta=19
2,Abarrotes Y Semillas Carrera,abarrotes,1,18.449726,-97.41558,https://mitehuacan.mx/?ruta=19
2,Miscelanea Andrade,abarrotes,1,18.478613,-97.379667,https://mitehuacan.mx/?ruta=19
2,Miscelanea Ceci,abarrotes,1,18.449141,-97.416899,https://mitehuacan.mx/?ruta=19
2,Miscelanea Juanita,abarrotes,1,18.449089,-97.417019,https://mitehuacan.mx/?ruta=19
2,Miscelanea Nieves,abarrotes,1,18.476173,-97.382843,https://mitehuacan.mx/?ruta=19
2,Miscelanea Poniente,abarrotes,1,18.449586,-97.415891,https://mitehuacan.mx/?ruta=19
2,Miscelanea Sebastian,abarrotes,1,18.456894,-97.405399,https://mitehuacan.mx/?ruta=19
2,Miscelanea Sin Nombre,abarrotes,1,18.456227,-97.401408,https://mitehuacan.mx/?ruta=19
2,Miscelanea Sin Nombre,abarrotes,1,18.479556,-97.377103,https://mitehuacan.mx/?ruta=19
2,Misselanea Karol,abarrotes,1,18.478595,-97.379867,https://mitehuacan.mx/?ruta=19
2,El Vergel,abarrotes,2,18.456487,-97.410356,https://mitehuacan.mx/?ruta=19
2,Maria Sirila Alva,abarrotes,2,18.478523,-97.380534,https://mitehuacan.mx/?ruta=19
2,Minisuper Y Papeleria Maguito,abarrotes,2,18.476164,-97.38419,https://mitehuacan.mx/?ruta=19
2,Miscelanea Alan,abarrotes,2,18.463124,-97.389438,https://mitehuacan.mx/?ruta=19
2,Miscelanea Carrera Ii,abarrotes,2,18.450131,-97.41466,https://mitehuacan.mx/?ruta=19
2,Miscelanea Las Carolinas,abarrotes,2,18.456899,-97.40853,https://mitehuacan.mx/?ruta=19
2,Miscelanea Sin Nombre,abarrotes,2,18.476174,-97.383213,https://mitehuacan.mx/?ruta=19
2,Miscelanea Sin Nombre,abarrotes,2,18.453305,-97.413454,https://mitehuacan.mx/?ruta=19
2,Tienda De Abarrotes Ultramarinos Y Miscelanea El Surtidor,abarrotes,2,18.460926,-97.391934,https://mitehuacan.mx/?ruta=19
2,Miscelanea Aqui,abarrotes,3,18.458681,-97.391459,https://mitehuacan.mx/?ruta=19
2,Miscelanea Dela 9,abarrotes,3,18.475136,-97.384626,https://mitehuacan.mx/?ruta=19
2,Miscelanea El Don,abarrotes,3,18.478931,-97.37478,https://mitehuacan.mx/?ruta=19
2,Miscelanea Erandi,abarrotes,3,18.456912,-97.403644,https://mitehuacan.mx/?ruta=19
2,Miscelanea Gely,abarrotes,3,18.46107,-97.397024,https://mitehuacan.mx/?ruta=19
2,Miscelanea Juquilita,abarrotes,3,18.456911,-97.403767,https://mitehuacan.mx/?ruta=19
2,Miscelanea La Joyita,abarrotes,3,18.474276,-97.386702,https://mitehuacan.mx/?ruta=19
2,Miscelanea Luci,abarrotes,3,18.454335,-97.41396,https://mitehuacan.mx/?ruta=19
2,Miscelanea Mia,abarrotes,3,18.474342,-97.385334,https://mitehuacan.mx/?ruta=19
2,Miscelanea Panisimo,abarrotes,3,18.454936,-97.413814,https://mitehuacan.mx/?ruta=19
2,Miscelanea San Miguel,abarrotes,3,18.474342,-97.385334,https://mitehuacan.mx/?ruta=19
2,Miscelanea Sebastian,abarrotes,3,18.456882,-97.406728,https://mitehuacan.mx/?ruta=19
2,Miscelanea Sin Nombre,abarrotes,3,18.478867,-97.375323,https://mitehuacan.mx/?ruta=19
2,Tienda De Abarrotes Sin Nombre,abarrotes,3,18.455838,-97.412144,https://mitehuacan.mx/?ruta=19
2,Abarrotes Del Ahorro,abarrotes,4,18.456201,-97.399872,https://mitehuacan.mx/?ruta=19
2,Abarrotes Osorio,abarrotes,4,18.456201,-97.399872,https://mitehuacan.mx/?ruta=19
2,Abarrotes Y Semillas Granos El Gallero,abarrotes,4,18.456201,-97.399872,https://mitehuacan.mx/?ruta=19
2,Miscelanea 3Y6,abarrotes,4,18.469123,-97.391385,https://mitehuacan.mx/?ruta=19
2,Miscelanea Cheyenne,abarrotes,4,18.457282,-97.398798,https://mitehuacan.mx/?ruta=19
2,Miscelanea Don Beto,abarrotes,4,18.456201,-97.399872,https://mitehuacan.mx/?ruta=19
2,Miscelanea Gael,abarrotes,4,18.474592,-97.384625,https://mitehuacan.mx/?ruta=19
2,Miscelanea Mi Tiendita,abarrotes,4,18.47964,-97.37411,https://mitehuacan.mx/?ruta=19
2,Miscelanea Mini Ocsito,abarrotes,4,18.463518,-97.391362,https://mitehuacan.mx/?ruta=19
2,Miscelanea San Marcos,abarrotes,4,18.453072,-97.413245,https://mitehuacan.mx/?ruta=19
2,Miscelanea Sin Nombre,abarrotes,4,18.474348,-97.385732,https://mitehuacan.mx/?ruta=19
2,Miscelanea Y Papeleria Sin Nombre,abarrotes,4,18.456201,-97.399872,https://mitehuacan.mx/?ruta=19
2,Miscelanea Yuli,abarrotes,4,18.450714,-97.416946,https://mitehuacan.mx/?ruta=19
2,Miscelanea Zair,abarrotes,4,18.455247,-97.413679,https://mitehuacan.mx/?ruta=19
2,Six,abarrotes,4,18.456053,-97.411328,https://mitehuacan.mx/?ruta=19
2,Venta De Articulos Varios Sin Nombre,abarrotes,4,18.456201,-97.399872,https://mitehuacan.mx/?ruta=19
2,Mini Super Gamma,abarrotes,5,18.466822,-97.391325,https://mitehuacan.mx/?ruta=19
2,Miscelanea,abarrotes,5,18.479596,-97.373674,https://mitehuacan.mx/?ruta=19
2,Miscelanea Adris,abarrotes,5,18.458226,-97.400063,https://mitehuacan.mx/?ruta=19
2,Miscelanea Carmelita,abarrotes,5,18.457278,-97.408925,https://mitehuacan.mx/?ruta=19
2,Miscelanea Chivis Venta D Abarrotes En General,abarrotes,5,18.45834,-97.399026,https://mitehuacan.mx/?ruta=19
2,Miscelanea Don Claudio,abarrotes,5,18.468867,-97.391297,https://mitehuacan.mx/?ruta=19
2,Miscelanea La Esperanza,abarrotes,5,18.457917,-97.40004,https://mitehuacan.mx/?ruta=19
2,Miscelanea Lupita,abarrotes,5,18.465431,-97.389391,https://mitehuacan.mx/?ruta=19
2,Miscelanea Nuevo Mundo,abarrotes,5,18.464939,-97.391343,https://mitehuacan.mx/?ruta=19
2,Miscelanea Ohana,abarrotes,5,18.455881,-97.411693,https://mitehuacan.mx/?ruta=19
2,Tienda Sin Nombre,abarrotes,5,18.454202,-97.413787,https://mitehuacan.mx/?ruta=19
2,Venta De Abarrotes,abarrotes,5,18.457691,-97.400022,https://mitehuacan.mx/?ruta=19
2,Miscelanea Don Fer,abarrotes,6,18.473091,-97.388224,https://mitehuacan.mx/?ruta=19
2,Miscelanea Don Santi,abarrotes,6,18.461033,-97.398647,https://mitehuacan.mx/?ruta=19
2,Miscelanea Elena,abarrotes,6,18.457546,-97.400011,https://mitehuacan.mx/?ruta=19
2,Miscelanea La Casita,abarrotes,6,18.474373,-97.387961,https://mitehuacan.mx/?ruta=19
2,Miscelanea La Luz,abarrotes,6,18.467187,-97.391425,https://mitehuacan.mx/?ruta=19
2,Miscelanea Sin Nombre,abarrotes,6,18.47678,-97.381263,https://mitehuacan.mx/?ruta=19
2,Papeleria Y Miscelanea Creativo,abarrotes,6,18.480232,-97.376924,https://mitehuacan.mx/?ruta=19
2,Tienda De Abarrotes La Nueva Sonrisa,abarrotes,6,18.469138,-97.391293,https://mitehuacan.mx/?ruta=19
2,Tienda Sin Nombre,abarrotes,6,18.467612,-97.389361,https://mitehuacan.mx/?ruta=19
2,Bodega De Miscelanea La Abeja,abarrotes,7,18.461027,-97.398486,https://mitehuacan.mx/?ruta=19
2,Miscelanea La Abeja,abarrotes,7,18.46102,-97.398297,https://mitehuacan.mx/?ruta=19
2,Miscelanea La Cabañita,abarrotes,7,18.47593,-97.384543,https://mitehuacan.mx/?ruta=19
2,Miscelanea Sin Nombre,abarrotes,7,18.477016,-97.381271,https://mitehuacan.mx/?ruta=19
2,Miscelanea Higienicos Baby,abarrotes,8,18.456963,-97.402209,https://mitehuacan.mx/?ruta=19
2,Miscelanea Isi,abarrotes,8,18.452033,-97.415091,https://mitehuacan.mx/?ruta=19
2,Tienda Sin Nombre,abarrotes,8,18.451552,-97.416166,https://mitehuacan.mx/?ruta=19
2,Abarrotes La Corona De Tehuacan,abarrotes,9,18.460777,-97.390061,https://mitehuacan.mx/?ruta=19
2,Barroso,abarrotes,9,18.459605,-97.391549,https://mitehuacan.mx/?ruta=19
2,Miscelanea La Guera,abarrotes,9,18.458933,-97.397143,https://mitehuacan.mx/?ruta=19
2,Tienda De Abarrotes Dany,abarrotes,9,18.460761,-97.389492,https://mitehuacan.mx/?ruta=19
2,Casa Velasco,abarrotes,10,18.460876,-97.39406,https://mitehuacan.mx/?ruta=19
2,Miscelanea Castillo,abarrotes,10,18.456912,-97.400294,https://mitehuacan.mx/?ruta=19
2,Miscelanea El Trebol,abarrotes,10,18.452706,-97.413984,https://mitehuacan.mx/?ruta=19
2,Miscelanea Esperancita,abarrotes,10,18.470358,-97.390108,https://mitehuacan.mx/?ruta=19
2,Miscelanea Hernandez,abarrotes,10,18.461046,-97.400202,https://mitehuacan.mx/?ruta=19
2,Miscelanea Las Crayolitas,abarrotes,10,18.458973,-97.398593,https://mitehuacan.mx/?ruta=19
2,Miscelanea Mary,abarrotes,10,18.470358,-97.390838,https://mitehuacan.mx/?ruta=19
2,Miscelanea Coco Bongo Venta De Abarrotes,abarrotes,11,18.458901,-97.399146,https://mitehuacan.mx/?ruta=19
2,Miscelanea Sin Nombre,abarrotes,11,18.468868,-97.389264,https://mitehuacan.mx/?ruta=19
2,Abarrotes El Vergel,abarrotes,12,18.456962,-97.398907,https://mitehuacan.mx/?ruta=19
2,Tienda De Abarrotes Comercializadora Casa Hernandez,abarrotes,12,18.461609,-97.389347,https://mitehuacan.mx/?ruta=19
2,Abarrotes La Providencia,abarrotes,13,18.456907,-97.401352,https://mitehuacan.mx/?ruta=19
2,Miscelanea Sin Nombre,abarrotes,13,18.456304,-97.39911,https://mitehuacan.mx/?ruta=19
2,Sucursal Rodriguez,abarrotes,13,18.455185,-97.412982,https://mitehuacan.mx/?ruta=19
2,Mini Super La Guereja,abarrotes,14,18.462785,-97.389318,https://mitehuacan.mx/?ruta=19
2,Cremeria Mama Gude,abarrotes,15,18.458968,-97.396523,https://mitehuacan.mx/?ruta=19
2,Miscelanea La Estrella,abarrotes,15,18.467519,-97.389272,https://mitehuacan.mx/?ruta=19
2,Miscelanea Sin Nombre,abarrotes,15,18.479528,-97.376791,https://mitehuacan.mx/?ruta=19
2,Miscelanea Manos Magicas,abarrotes,16,18.469022,-97.389536,https://mitehuacan.mx/?ruta=19
2,Abarrotes El Changarrito,abarrotes,17,18.457355,-97.405915,https://mitehuacan.mx/?ruta=19
2,Miscelanea 6 Sur,abarrotes,17,18.460665,-97.400175,https://mitehuacan.mx/?ruta=19
2,Miscelanea La Veracruzana 1,abarrotes,18,18.465871,-97.389265,https://mitehuacan.mx/?ruta=19
2,Miscelanea Angel,abarrotes,22,18.4761,-97.384923,https://mitehuacan.mx/?ruta=19
2,Miscelanea Hernandez,abarrotes,22,18.470464,-97.389354,https://mitehuacan.mx/?ruta=19
2,Abarrotes Sin Nombre,abarrotes,25,18.461948,-97.391178,https://mitehuacan.mx/?ruta=19
2,Abarrotes Y Semillas La Ideal,abarrotes,25,18.461948,-97.391178,https://mitehuacan.mx/?ruta=19
2,Miscelanea Camigary,abarrotes,25,18.469195,-97.389284,https://mitehuacan.mx/?ruta=19
2,Miscelanea Kioto,abarrotes,25,18.465968,-97.389677,https://mitehuacan.mx/?ruta=19
2,Miscelanea Rosita,abarrotes,25,18.478096,-97.381685,https://mitehuacan.mx/?ruta=19
2,Miscelanea La Botana,abarrotes,26,18.461175,-97.393181,https://mitehuacan.mx/?ruta=19
2,Miscelanea Dulce,abarrotes,30,18.469993,-97.389352,https://mitehuacan.mx/?ruta=19
2,Tienda De Abarrotes La Cordobesa,abarrotes,32,18.461164,-97.390761,https://mitehuacan.mx/?ruta=19
2,Miscelanea Carmen,abarrotes,33,18.469968,-97.389036,https://mitehuacan.mx/?ruta=19
2,Miscelanea Cristal,abarrotes,33,18.475853,-97.383821,https://mitehuacan.mx/?ruta=19
2,Miscelanea Rosy,abarrotes,33,18.457631,-97.409027,https://mitehuacan.mx/?ruta=19
2,Tienda Sin Nombre,abarrotes,33,18.454101,-97.413444,https://mitehuacan.mx/?ruta=19
2,Miscelanea Sofi,abarrotes,34,18.44959,-97.415085,https://mitehuacan.mx/?ruta=19
2,Miscelanea Esmeralda,abarrotes,35,18.450701,-97.414119,https://mitehuacan.mx/?ruta=19
2,Miscelanea Ventanita,abarrotes,35,18.481004,-97.375845,https://mitehuacan.mx/?ruta=19
2,Papeleria Chuchin,abarrotes,35,18.457527,-97.406222,https://mitehuacan.mx/?ruta=19
2,Miscelanea Revolucion,abarrotes,36,18.478449,-97.378354,https://mitehuacan.mx/?ruta=19
2,Miscelanea Sin Nombre,abarrotes,36,18.477905,-97.382221,https://mitehuacan.mx/?ruta=19
2,Miscelanea Abejita 2,abarrotes,39,18.478473,-97.374833,https://mitehuacan.mx/?ruta=19
2,Miscelanea Sin Nombre,abarrotes,39,18.478323,-97.383133,https://mitehuacan.mx/?ruta=19
2,Mini Super Cuquita Venta De Abarrotes En General,abarrotes,41,18.456991,-97.399637,https://mitehuacan.mx/?ruta=19
2,Miscelanea Los Fresnos,abarrotes,41,18.451715,-97.415054,https://mitehuacan.mx/?ruta=19
2,Miscelanea Rocio,abarrotes,43,18.458491,-97.398379,https://mitehuacan.mx/?ruta=19
2,Tendajon Lore Venta De Abarrotes,abarrotes,43,18.458465,-97.397525,https://mitehuacan.mx/?ruta=19
2,Miscelanea Sofi,abarrotes,45,18.459013,-97.400603,https://mitehuacan.mx/?ruta=19
2,Miscelanea Adriana,abarrotes,47,18.465962,-97.390939,https://mitehuacan.mx/?ruta=19
2,Miscelanea La Tiendita,abarrotes,48,18.462958,-97.389911,https://mitehuacan.mx/?ruta=19
2,Miscelanea Sin Nombre,abarrotes,48,18.45931,-97.398219,https://mitehuacan.mx/?ruta=19
2,Miscelanea Liz,abarrotes,50,18.456306,-97.412279,https://mitehuacan.mx/?ruta=19
2,Miscelanea Paty,abarrotes,51,18.47749,-97.384642,https://mitehuacan.mx/?ruta=19
2,Miscelanea Fiat,abarrotes,52,18.448512,-97.416917,https://mitehuacan.mx/?ruta=19
2,Miscelanea Wendy,abarrotes,52,18.477178,-97.381841,https://mitehuacan.mx/?ruta=19
2,Polleria Y Miscelanea Doña Elo,abarrotes,52,18.451658,-97.412668,https://mitehuacan.mx/?ruta=19
2,Pequeña Tienda De Abarrotes Super Tienda,abarrotes,54,18.476717,-97.385112,https://mitehuacan.mx/?ruta=19
2,Miscelanea Pingos,abarrotes,55,18.457529,-97.401867,https://mitehuacan.mx/?ruta=19
2,Miscelanea Juquilita,abarrotes,58,18.456388,-97.408452,https://mitehuacan.mx/?ruta=19
2,Miscelanea Donca,abarrotes,59,18.450508,-97.416172,https://mitehuacan.mx/?ruta=19
2,Miscelanea Yera,abarrotes,60,18.455818,-97.41057,https://mitehuacan.mx/?ruta=19
2,Miscelanea Amyluis. Venta De Abarrotes,abarrotes,61,18.459442,-97.398983,https://mitehuacan.mx/?ruta=19
2,Miscelanea Violeta,abarrotes,61,18.451722,-97.41734,https://mitehuacan.mx/?ruta=19
2,Miscelanea Hernandez,abarrotes,64,18.451503,-97.413763,https://mitehuacan.mx/?ruta=19
2,Miscelanea Servicaty,abarrotes,64,18.456354,-97.403937,https://mitehuacan.mx/?ruta=19
2,Miscelanea Sin Nombre,abarrotes,64,18.477088,-97.383353,https://mitehuacan.mx/?ruta=19
2,Miscelanea Elizabeth,abarrotes,65,18.452197,-97.412586,https://mitehuacan.mx/?ruta=19
2,Tienda De Abarrotes Sin Nombre,abarrotes,65,18.449986,-97.413488,https://mitehuacan.mx/?ruta=19
2,Abarrotes Ofeve De Tehuacan,abarrotes,68,18.460233,-97.389374,https://mitehuacan.mx/?ruta=19
2,Miscelanea Fer,abarrotes,68,18.451407,-97.417752,https://mitehuacan.mx/?ruta=19
2,Miscelanea Jose,abarrotes,68,18.456302,-97.408303,https://mitehuacan.mx/?ruta=19
2,Miscelanea Santamaria,abarrotes,68,18.45629,-97.407241,https://mitehuacan.mx/?ruta=19
2,Abarrotes San Francisco,abarrotes,69,18.457765,-97.404236,https://mitehuacan.mx/?ruta=19
2,"Comercio Al Por Menor En Tiendas De Abarrotes, Ultramarinos ",abarrotes,69,18.478501,-97.37786,https://mitehuacan.mx/?ruta=19
2,Miscelanea Almir,abarrotes,69,18.456286,-97.405989,https://mitehuacan.mx/?ruta=19
2,Miscelanea Arfer,abarrotes,69,18.456242,-97.403097,https://mitehuacan.mx/?ruta=19
2,Tienda De Abarrotes Dimama,abarrotes,69,18.456284,-97.405391,https://mitehuacan.mx/?ruta=19
2,Abarrotes La Colmenita,abarrotes,70,18.461662,-97.390759,https://mitehuacan.mx/?ruta=19
2,Miscelanea De Jesus,abarrotes,70,18.456901,-97.411357,https://mitehuacan.mx/?ruta=19
2,Miscelanea Mi Fe,abarrotes,70,18.455704,-97.410627,https://mitehuacan.mx/?ruta=19
2,Miscelanea Sol,abarrotes,70,18.457099,-97.398148,https://mitehuacan.mx/?ruta=19
2,Miscelanea Arylu,abarrotes,71,18.464812,-97.388776,https://mitehuacan.mx/?ruta=19
2,Miscelanea Luz,abarrotes,71,18.481204,-97.376933,https://mitehuacan.mx/?ruta=19
2,Miscelanea Pily,abarrotes,71,18.455593,-97.402341,https://mitehuacan.mx/?ruta=19
2,Miscelanea Ana Karen,abarrotes,73,18.478281,-97.383829,https://mitehuacan.mx/?ruta=19
2,Miscelanea Sin Nombre,abarrotes,73,18.450853,-97.414624,https://mitehuacan.mx/?ruta=19
2,Tienda De Abarrotes,abarrotes,73,18.45529,-97.411505,https://mitehuacan.mx/?ruta=19
2,Miscelanea Gael,abarrotes,74,18.457962,-97.408004,https://mitehuacan.mx/?ruta=19
2,Misselanea Lopez,abarrotes,74,18.477956,-97.379481,https://mitehuacan.mx/?ruta=19
2,Tienda De Abarrotes La Karnik,abarrotes,74,18.47339,-97.387586,https://mitehuacan.mx/?ruta=19
2,La Pichi Tiendita,abarrotes,75,18.459995,-97.390749,https://mitehuacan.mx/?ruta=19
2,Miscelanea Cruz,abarrotes,75,18.478722,-97.376077,https://mitehuacan.mx/?ruta=19
2,Miscelanea Ely,abarrotes,75,18.456242,-97.404159,https://mitehuacan.mx/?ruta=19
2,Miscelanea San Isidrio,abarrotes,75,18.456319,-97.398105,https://mitehuacan.mx/?ruta=19
2,Miscelanea Sanchez,abarrotes,77,18.466913,-97.388696,https://mitehuacan.mx/?ruta=19
2,Miscelanea Sin Nombre,abarrotes,78,18.475758,-97.385442,https://mitehuacan.mx/?ruta=19
2,Miscelanea Dadilu,abarrotes,79,18.454653,-97.414989,https://mitehuacan.mx/?ruta=19
2,Miscelanea Juquilita,abarrotes,79,18.481125,-97.377496,https://mitehuacan.mx/?ruta=19
2,Miscelanea El Guero,abarrotes,80,18.457965,-97.392444,https://mitehuacan.mx/?ruta=19
2,Miscelanea Sin Nombre,abarrotes,81,18.467713,-97.390588,https://mitehuacan.mx/?ruta=19
2,Cremeria Veris,abarrotes,82,18.459617,-97.398205,https://mitehuacan.mx/?ruta=19
2,Abarrotes La Poblanita,abarrotes,83,18.460837,-97.388683,https://mitehuacan.mx/?ruta=19
2,Miscelanea Genesis,abarrotes,83,18.455102,-97.411711,https://mitehuacan.mx/?ruta=19
2,Miscelanea Luis,abarrotes,84,18.457967,-97.406115,https://mitehuacan.mx/?ruta=19
2,Miscelanea Sin Nombre,abarrotes,84,18.461833,-97.398111,https://mitehuacan.mx/?ruta=19
2,Miscelanea Cristy,abarrotes,85,18.456143,-97.404522,https://mitehuacan.mx/?ruta=19
2,Venta De Dulces Y Miscelanea Yoloxochilt,abarrotes,85,18.460085,-97.38983,https://mitehuacan.mx/?ruta=19
2,Abarrotes La Guadalupana,abarrotes,86,18.460065,-97.389479,https://mitehuacan.mx/?ruta=19
2,Miscelanea As De Oros,abarrotes,87,18.478721,-97.376752,https://mitehuacan.mx/?ruta=19
2,Miscelanea Goriut,abarrotes,87,18.457986,-97.40586,https://mitehuacan.mx/?ruta=19
2,Miscelanea Teresita,abarrotes,87,18.457942,-97.403203,https://mitehuacan.mx/?ruta=19
2,Terminal Independencia,abarrotes,87,18.462847,-97.390275,https://mitehuacan.mx/?ruta=19
2,Abarrotes Ofeve De Tehuacan,abarrotes,88,18.460048,-97.389377,https://mitehuacan.mx/?ruta=19
2,Miscelanea Gloria,abarrotes,88,18.45554,-97.402844,https://mitehuacan.mx/?ruta=19
2,Miscelanea La Nueva,abarrotes,88,18.477086,-97.382964,https://mitehuacan.mx/?ruta=19
2,Miscelanea Sin Nombre,abarrotes,92,18.451523,-97.414356,https://mitehuacan.mx/?ruta=19
2,Miscelanea Soledad,abarrotes,92,18.466856,-97.390301,https://mitehuacan.mx/?ruta=19
2,Abarrotes La Mision,abarrotes,94,18.455387,-97.401363,https://mitehuacan.mx/?ruta=19
2,Mini Super La Guadalupana,abarrotes,95,18.457379,-97.410851,https://mitehuacan.mx/?ruta=19
2,Miscelanea Mayito,abarrotes,96,18.466957,-97.390459,https://mitehuacan.mx/?ruta=19
2,Miscelanea Juquilita,abarrotes,97,18.45346,-97.414577,https://mitehuacan.mx/?ruta=19
2,Miscelanea Karin,abarrotes,97,18.472245,-97.389269,https://mitehuacan.mx/?ruta=19
2,Dulces Y Algo Mas,abarrotes,98,18.473006,-97.38928,https://mitehuacan.mx/?ruta=19
2,Miscelanea Castillo,abarrotes,99,18.471403,-97.389271,https://mitehuacan.mx/?ruta=19
2,Abarrotes Y Semillas Grisel,abarrotes,100,18.4582,-97.408102,https://mitehuacan.mx/?ruta=19
2,Miscelanea Rosita,abarrotes,100,18.452434,-97.41661,https://mitehuacan.mx/?ruta=19
2,Miscelanea La Joya,abarrotes,101,18.473368,-97.384333,https://mitehuacan.mx/?ruta=19
2,Miscelanea Torres,abarrotes,102,18.455984,-97.405117,https://mitehuacan.mx/?ruta=19
2,Tienda La Morenita,abarrotes,102,18.462982,-97.390421,https://mitehuacan.mx/?ruta=19
2,Miscelanea Castillo Venta De Abarrotes,abarrotes,103,18.460172,-97.39915,https://mitehuacan.mx/?ruta=19
2,Miscelanea Rocha,abarrotes,104,18.458115,-97.405195,https://mitehuacan.mx/?ruta=19
2,Miscelanea Sin Nombre,abarrotes,104,18.478692,-97.376401,https://mitehuacan.mx/?ruta=19
2,Tienda De Abarrotes Casa Gonzalez,abarrotes,104,18.476174,-97.385699,https://mitehuacan.mx/?ruta=19
2,Estrella De Oriente 3,abarrotes,105,18.450846,-97.415365,https://mitehuacan.mx/?ruta=19
2,Miscelanea Angie,abarrotes,105,18.475266,-97.386451,https://mitehuacan.mx/?ruta=19
2,Miscelanea Casa Rivera,abarrotes,105,18.478248,-97.376179,https://mitehuacan.mx/?ruta=19
2,Abarrotes Y Lacteos Angelita,abarrotes,106,18.459851,-97.399018,https://mitehuacan.mx/?ruta=19
2,Micelabea San Juditas,abarrotes,106,18.470288,-97.39234,https://mitehuacan.mx/?ruta=19
2,Miscelanea Casa Duran,abarrotes,106,18.475267,-97.38591,https://mitehuacan.mx/?ruta=19
2,Miscelanea Carlitos,abarrotes,108,18.451642,-97.412132,https://mitehuacan.mx/?ruta=19
2,Miscelanea El Panda,abarrotes,109,18.477931,-97.384938,https://mitehuacan.mx/?ruta=19
2,Miscelanea Guille,abarrotes,109,18.458311,-97.409051,https://mitehuacan.mx/?ruta=19
2,Miscelanea La Veracruzana Ii,abarrotes,109,18.464415,-97.388418,https://mitehuacan.mx/?ruta=19
2,Miscelanea Sin Nombre,abarrotes,110,18.453301,-97.412201,https://mitehuacan.mx/?ruta=19
2,Miscelanea Gonzalez,abarrotes,111,18.448914,-97.414879,https://mitehuacan.mx/?ruta=19
2,Helados Y Paletas Holanda,abarrotes,112,18.469078,-97.392409,https://mitehuacan.mx/?ruta=19
2,Miscelanea Bolaños,abarrotes,113,18.471291,-97.39041,https://mitehuacan.mx/?ruta=19
2,Miscelanea Casa Velasco,abarrotes,113,18.461964,-97.393247,https://mitehuacan.mx/?ruta=19
2,Miscelanea Chely,abarrotes,113,18.455886,-97.40567,https://mitehuacan.mx/?ruta=19
2,Miscelanea El Punto,abarrotes,113,18.475334,-97.387169,https://mitehuacan.mx/?ruta=19
2,Miscelanea Marisol,abarrotes,113,18.449043,-97.414532,https://mitehuacan.mx/?ruta=19
2,Miscelanea San Pedro,abarrotes,113,18.455609,-97.40329,https://mitehuacan.mx/?ruta=19
2,"Comercio Al Por Menor En Tiendas De Abarrotes, Ultramarinos ",abarrotes,114,18.457568,-97.410841,https://mitehuacan.mx/?ruta=19
2,Miscelanea Aguilar,abarrotes,114,18.452096,-97.412115,https://mitehuacan.mx/?ruta=19
2,Miscelanea Emily,abarrotes,114,18.455876,-97.40514,https://mitehuacan.mx/?ruta=19
2,Miscelanea Gamez,abarrotes,114,18.458171,-97.403889,https://mitehuacan.mx/?ruta=19
2,Miscelanea Romero Y Antojitos,abarrotes,114,18.4524,-97.417002,https://mitehuacan.mx/?ruta=19
2,Miscelanea Brenda,abarrotes,115,18.455867,-97.407435,https://mitehuacan.mx/?ruta=19
2,Tiendita Sin Nombre,abarrotes,116,18.478153,-97.377558,https://mitehuacan.mx/?ruta=19
2,Miscelanea Del Carmen,abarrotes,117,18.474325,-97.389756,https://mitehuacan.mx/?ruta=19
2,Miscelanea Lopez,abarrotes,118,18.462093,-97.396192,https://mitehuacan.mx/?ruta=19
2,Misselanea Juquilita,abarrotes,118,18.476587,-97.380193,https://mitehuacan.mx/?ruta=19
2,Miscelanea Mary,abarrotes,119,18.455572,-97.409803,https://mitehuacan.mx/?ruta=19
2,Polleria Y Miscelane El Carmen,abarrotes,120,18.478719,-97.383959,https://mitehuacan.mx/?ruta=19
2,Estacionamiento La Corona,abarrotes,121,18.460738,-97.388324,https://mitehuacan.mx/?ruta=19
2,El Habito,abarrotes,122,18.463024,-97.392556,https://mitehuacan.mx/?ruta=19
2,Miscelanea Vero,abarrotes,123,18.471374,-97.389741,https://mitehuacan.mx/?ruta=19
2,Tienda De Abarrotes Sin Nombre,abarrotes,123,18.448702,-97.415096,https://mitehuacan.mx/?ruta=19
2,Tienda De Abarrotes Sin Nombre,abarrotes,124,18.457591,-97.393042,https://mitehuacan.mx/?ruta=19
2,Miscelanea Leo,abarrotes,125,18.452365,-97.417335,https://mitehuacan.mx/?ruta=19
2,Miscelanea Sin Nombre,abarrotes,125,18.455783,-97.407562,https://mitehuacan.mx/?ruta=19
2,Changarro Mimis,abarrotes,126,18.46222,-97.398341,https://mitehuacan.mx/?ruta=19
2,Miscelanea Sin Nombre,abarrotes,128,18.477606,-97.378271,https://mitehuacan.mx/?ruta=19
2,Venta De Refrescos Y Botanas Sin Nombre,abarrotes,129,18.45754,-97.391128,https://mitehuacan.mx/?ruta=19
2,Miscelanea Evelyn,abarrotes,130,18.478318,-97.376808,https://mitehuacan.mx/?ruta=19
2,Miscelanea Sin Nomre,abarrotes,130,18.462291,-97.399459,https://mitehuacan.mx/?ruta=19
2,Abarrotes Estrella De Oriente,abarrotes,133,18.457453,-97.391614,https://mitehuacan.mx/?ruta=19
2,Miscelanea Gloria,abarrotes,133,18.477122,-97.380079,https://mitehuacan.mx/?ruta=19
2,Miscelanea Mari,abarrotes,134,18.449734,-97.41251,https://mitehuacan.mx/?ruta=19
2,Miscelanea Morales,abarrotes,134,18.473445,-97.389775,https://mitehuacan.mx/?ruta=19
2,Tienda Sin Nombre,abarrotes,134,18.458025,-97.410285,https://mitehuacan.mx/?ruta=19
2,Abarrotes La Union,abarrotes,136,18.45835,-97.390239,https://mitehuacan.mx/?ruta=19
2,Miscelanea Maritere,abarrotes,137,18.451346,-97.411837,https://mitehuacan.mx/?ruta=19
2,Miscelanea Vic Mar,abarrotes,138,18.477067,-97.385896,https://mitehuacan.mx/?ruta=19
2,Miscelanea Bolaños,abarrotes,140,18.477798,-97.377617,https://mitehuacan.mx/?ruta=19
2,Miscelanea Santiago,abarrotes,140,18.456858,-97.413064,https://mitehuacan.mx/?ruta=19
2,"Comercio Al Por Menor En Tiendas De Abarrotes, Ultramarinos ",abarrotes,143,18.477472,-97.37824,https://mitehuacan.mx/?ruta=19
2,Miselanea La Tiendita,abarrotes,143,18.46289,-97.388101,https://mitehuacan.mx/?ruta=19
2,Miscelanea Karime,abarrotes,144,18.448644,-97.414743,https://mitehuacan.mx/?ruta=19
2,Miscelanea Mi Tiendita,abarrotes,144,18.458483,-97.405229,https://mitehuacan.mx/?ruta=19
2,Miscelanea Las Flores Venta De Abarrotes Y Papaleria,abarrotes,146,18.457467,-97.397468,https://mitehuacan.mx/?ruta=19
2,Miscelanea Cuahtemoc,abarrotes,147,18.457909,-97.390336,https://mitehuacan.mx/?ruta=19
2,Tienda De Abarrotes El Señor De La Misericordia,abarrotes,147,18.464856,-97.388054,https://mitehuacan.mx/?ruta=19
2,Miscelanea Vero,abarrotes,149,18.457129,-97.412658,https://mitehuacan.mx/?ruta=19
2,Bancoppel 3 Sur,banco,2,18.462486,-97.391382,https://mitehuacan.mx/?ruta=19
2,Banco Forjadores,banco,5,18.467247,-97.391321,https://mitehuacan.mx/?ruta=19
2,Banco Azteca,banco,7,18.463772,-97.391462,https://mitehuacan.mx/?ruta=19
2,Banco Azteca,banco,9,18.460831,-97.392086,https://mitehuacan.mx/?ruta=19
2,BBVA,banco,59,18.461516,-97.394688,https://mitehuacan.mx/?ruta=19
2,Bbva Bancomer Tehuacan Reforma,banco,61,18.461519,-97.394171,https://mitehuacan.mx/?ruta=19
2,Banamex,banco,78,18.461672,-97.394179,https://mitehuacan.mx/?ruta=19
2,Banamex Reforma Tehuacan,banco,84,18.461726,-97.394163,https://mitehuacan.mx/?ruta=19
2,Hsbc Suc Tehuacan,banco,102,18.461895,-97.394157,https://mitehuacan.mx/?ruta=19
2,HSBC,banco,110,18.461966,-97.394184,https://mitehuacan.mx/?ruta=19
2,Banco Santander Principal Tehuacan,banco,115,18.462057,-97.395733,https://mitehuacan.mx/?ruta=19
2,Santander,banco,116,18.462061,-97.395832,https://mitehuacan.mx/?ruta=19
2,Banco Santander Box Select Principal Tehuacan,banco,117,18.462072,-97.39592,https://mitehuacan.mx/?ruta=19
2,Banorte Tehuacan,banco,118,18.459837,-97.394093,https://mitehuacan.mx/?ruta=19
2,Banorte,banco,118,18.459836,-97.394165,https://mitehuacan.mx/?ruta=19
2,Ceat Centro De Aprendizaje Tehuacan,escuela,0,18.458828,-97.396369,https://mitehuacan.mx/?ruta=19
2,Universidad De Los Angeles,escuela,0,18.458883,-97.398644,https://mitehuacan.mx/?ruta=19
2,Centro De Asistencia Infantil Comunitario Riego Num2,escuela,1,18.457144,-97.404413,https://mitehuacan.mx/?ruta=19
2,Especialidades Culinari0 Tehuacan,escuela,1,18.46102,-97.395716,https://mitehuacan.mx/?ruta=19
2,Harmon Hall Tehuacan,escuela,1,18.461018,-97.39565,https://mitehuacan.mx/?ruta=19
2,Universidad De Los Angeles,escuela,1,18.458867,-97.398238,https://mitehuacan.mx/?ruta=19
2,Academia De Baile Italy Dance,escuela,2,18.462505,-97.391382,https://mitehuacan.mx/?ruta=19
2,Escuela De Alto Rendimiento Boxeo Estilo Cesar,escuela,2,18.458797,-97.394558,https://mitehuacan.mx/?ruta=19
2,Escuela De Baile Dance Latino,escuela,2,18.461401,-97.391404,https://mitehuacan.mx/?ruta=19
2,Consejo Nacional De Fomento Educativo,escuela,3,18.457241,-97.407484,https://mitehuacan.mx/?ruta=19
2,Escuela De Tae Kwon Do,escuela,3,18.475099,-97.384626,https://mitehuacan.mx/?ruta=19
2,Escuela Primaria Federal Ejercito Mexicano Turno Vespertino,escuela,3,18.477675,-97.383589,https://mitehuacan.mx/?ruta=19
2,Escuela Primaria Federal Emiliano Zapata Turno Matutino,escuela,3,18.477675,-97.383589,https://mitehuacan.mx/?ruta=19
2,Instituto De Belleza Fashion Line,escuela,3,18.460896,-97.390474,https://mitehuacan.mx/?ruta=19
2,Jardin De Niños Federal Octavio Paz Turno Vespertino,escuela,3,18.477675,-97.383589,https://mitehuacan.mx/?ruta=19
2,Taekwondo Kids,escuela,3,18.456884,-97.406272,https://mitehuacan.mx/?ruta=19
2,Usaer 22 Unidad De Servicio A La Educacion Regular,escuela,3,18.477675,-97.383589,https://mitehuacan.mx/?ruta=19
2,Instituto De Belleza Matisse,escuela,4,18.463482,-97.391363,https://mitehuacan.mx/?ruta=19
2,Bachillerato Universitario Simon Bolivar Tehuacan,escuela,5,18.466463,-97.389382,https://mitehuacan.mx/?ruta=19
2,Escuela De Enfermeria Benavente,escuela,5,18.467817,-97.391315,https://mitehuacan.mx/?ruta=19
2,Escuela Nacional De Sistemas Abiertos Sc,escuela,5,18.46645,-97.391329,https://mitehuacan.mx/?ruta=19
2,Escuela Primaria General Lazaro Cardenas Turno Matutino,escuela,5,18.47937,-97.378238,https://mitehuacan.mx/?ruta=19
2,Jardin De Niños Royal,escuela,5,18.466577,-97.391328,https://mitehuacan.mx/?ruta=19
2,Escuela Para Adultos Ineda,escuela,6,18.46439,-97.391452,https://mitehuacan.mx/?ruta=19
2,Escuela Profesional De Tae Kwan Do,escuela,7,18.462985,-97.391333,https://mitehuacan.mx/?ruta=19
2,Colegio Sor Juana Ines De La Cruz,escuela,8,18.460853,-97.392599,https://mitehuacan.mx/?ruta=19
2,Academia De Belleza Stilisciima,escuela,9,18.460782,-97.390259,https://mitehuacan.mx/?ruta=19
2,Escuela De Canto Le Canto,escuela,9,18.460808,-97.391283,https://mitehuacan.mx/?ruta=19
2,Escuela Particular Cetec Tehuacan,escuela,9,18.462872,-97.391318,https://mitehuacan.mx/?ruta=19
2,Instituto De Compuingles De Tehuacan,escuela,9,18.459957,-97.391546,https://mitehuacan.mx/?ruta=19
2,Unidad Escolar Licenciado Benito Juarez Tehuacan,escuela,9,18.459776,-97.391547,https://mitehuacan.mx/?ruta=19
2,Academia De Musica Yamaha,escuela,10,18.460763,-97.389788,https://mitehuacan.mx/?ruta=19
2,Universidad Los Angeles Salon Oaxaca,escuela,10,18.458971,-97.398522,https://mitehuacan.mx/?ruta=19
2,Escuela Primaria Mexico,escuela,11,18.452412,-97.414668,https://mitehuacan.mx/?ruta=19
2,Escuela De Taekwodo 5,escuela,12,18.461293,-97.389346,https://mitehuacan.mx/?ruta=19
2,Escuela Secundaria Tecnica 86,escuela,12,18.451991,-97.415628,https://mitehuacan.mx/?ruta=19
2,Seccion Educativa 414,escuela,12,18.461302,-97.389346,https://mitehuacan.mx/?ruta=19
2,Studio De Baile Bracil,escuela,12,18.4588,-97.392338,https://mitehuacan.mx/?ruta=19
2,Escuela De Taekwondo Deportivo Mexicano Taekwondo,escuela,16,18.467356,-97.389273,https://mitehuacan.mx/?ruta=19
2,Escuela De Mecanica Del Grupo Holandes,escuela,21,18.461225,-97.396599,https://mitehuacan.mx/?ruta=19
2,Academia De Belleza Glamour Tehuacan,escuela,27,18.460682,-97.392462,https://mitehuacan.mx/?ruta=19
2,Fashion Line Intitutos De Belleza,escuela,30,18.461958,-97.3917,https://mitehuacan.mx/?ruta=19
2,Academia De Ballet Collette,escuela,31,18.466984,-97.391075,https://mitehuacan.mx/?ruta=19
2,Colegio Del Idioma Ingles English Center,escuela,37,18.460701,-97.396578,https://mitehuacan.mx/?ruta=19
2,Escuela Primaria Federal Vicente Guerrero,escuela,43,18.456837,-97.39965,https://mitehuacan.mx/?ruta=19
2,Jardinde Niños Simon Bolivar,escuela,43,18.458335,-97.393281,https://mitehuacan.mx/?ruta=19
2,Escuela De Ingles Gaia Institute,escuela,44,18.466979,-97.390952,https://mitehuacan.mx/?ruta=19
2,Centro De Diseño De Modas Marlut,escuela,45,18.457321,-97.409868,https://mitehuacan.mx/?ruta=19
2,Instituto De Belleza Y Barber Shop Elegance,escuela,49,18.462979,-97.390935,https://mitehuacan.mx/?ruta=19
2,Kinder Joaquin Paredes Colin,escuela,49,18.456241,-97.402907,https://mitehuacan.mx/?ruta=19
2,Academia De Belleza Elegance,escuela,54,18.460382,-97.390664,https://mitehuacan.mx/?ruta=19
2,Jardin De Niños Y Primaria Benemerita De Las Americas Unidad,escuela,54,18.476101,-97.385227,https://mitehuacan.mx/?ruta=19
2,Colegio Bertha Von Glumer Preescolar Y Primaria,escuela,58,18.458199,-97.393287,https://mitehuacan.mx/?ruta=19
2,Taller De Danza Florclurica,escuela,58,18.460561,-97.398271,https://mitehuacan.mx/?ruta=19
2,Centro De Educacion Preescolar Federal Bilingue Niños Heroes,escuela,61,18.452391,-97.412632,https://mitehuacan.mx/?ruta=19
2,Servicios De Uñas Y Barberia Bel,escuela,61,18.465884,-97.390012,https://mitehuacan.mx/?ruta=19
2,Linguastic,escuela,63,18.460379,-97.393504,https://mitehuacan.mx/?ruta=19
2,Colegio Britanico De Tehuacan Seccion Jardin De Niños,escuela,65,18.46162,-97.3965,https://mitehuacan.mx/?ruta=19
2,Centro De Estudio Y Entretenimiento Arte Sana,escuela,68,18.464835,-97.390085,https://mitehuacan.mx/?ruta=19
2,Barber Shop Instituto De Belleza Karol,escuela,70,18.461501,-97.390292,https://mitehuacan.mx/?ruta=19
2,Instituto De Belleza Karol,escuela,70,18.461501,-97.390292,https://mitehuacan.mx/?ruta=19
2,Campus Tehuacan Bufete Juridico,escuela,73,18.460369,-97.396485,https://mitehuacan.mx/?ruta=19
2,Estetica Y Academia Leo,escuela,74,18.464836,-97.390142,https://mitehuacan.mx/?ruta=19
2,Jardin De Niños Federal Jorge L Tamayo Castillejos,escuela,74,18.47718,-97.383056,https://mitehuacan.mx/?ruta=19
2,Centro De Asistencia Infantil Comunitario,escuela,75,18.459887,-97.39075,https://mitehuacan.mx/?ruta=19
2,Centro Educativo Prescolar,escuela,75,18.459923,-97.39075,https://mitehuacan.mx/?ruta=19
2,Colegio Summerhill,escuela,82,18.460344,-97.39828,https://mitehuacan.mx/?ruta=19
2,Instituto Kennedy,escuela,84,18.459499,-97.393468,https://mitehuacan.mx/?ruta=19
2,Jardin De Niños Loris Malaguzzi,escuela,85,18.46492,-97.390253,https://mitehuacan.mx/?ruta=19
2,Academia Musical Harmos,escuela,86,18.460151,-97.392573,https://mitehuacan.mx/?ruta=19
2,Forte Instituto Educatico,escuela,97,18.460071,-97.393526,https://mitehuacan.mx/?ruta=19
2,Colegio Sor Juana Ines De La Cruz,escuela,102,18.465881,-97.390416,https://mitehuacan.mx/?ruta=19
2,Escuela De Baile Mas Que Baile,escuela,102,18.463169,-97.39237,https://mitehuacan.mx/?ruta=19
2,Centro Universitario Tehuacan,escuela,107,18.463976,-97.388438,https://mitehuacan.mx/?ruta=19
2,Jardin De Niños Chilam Balam,escuela,112,18.453043,-97.415519,https://mitehuacan.mx/?ruta=19
2,Ateneo Universitario En Humanidades Y Ciencias,escuela,113,18.463642,-97.388377,https://mitehuacan.mx/?ruta=19
2,Clases De Yoga,escuela,115,18.46205,-97.395653,https://mitehuacan.mx/?ruta=19
2,Escuela Preescolar Hermanos Serdan,escuela,116,18.450409,-97.412085,https://mitehuacan.mx/?ruta=19
2,Instituto Comercial Royal,escuela,122,18.471371,-97.390131,https://mitehuacan.mx/?ruta=19
2,Instituto De Belleza Matisse,escuela,122,18.463024,-97.392556,https://mitehuacan.mx/?ruta=19
2,Say Yes Escuela De Ingles,escuela,123,18.457556,-97.391896,https://mitehuacan.mx/?ruta=19
2,Escuela Preescolar Jose Maria Morelos Y Pavon,escuela,130,18.462289,-97.399421,https://mitehuacan.mx/?ruta=19
2,Estetica Y Academia De Belleza Secrets,escuela,141,18.458,-97.390336,https://mitehuacan.mx/?ruta=19
2,Escuela Primaria Lic Jose Vasconcelos,escuela,149,18.45859,-97.406878,https://mitehuacan.mx/?ruta=19
2,Papeleria 4 Hermanos,papelería,0,18.458829,-97.396426,https://mitehuacan.mx/?ruta=19
2,Papeleria Sin Nombre,papelería,0,18.452285,-97.41471,https://mitehuacan.mx/?ruta=19
2,Papeleria Chuco,papelería,1,18.456177,-97.399061,https://mitehuacan.mx/?ruta=19
2,Papeleria El Colibri,papelería,1,18.451875,-97.415642,https://mitehuacan.mx/?ruta=19
2,Papeleria Los Peques,papelería,1,18.457011,-97.4003,https://mitehuacan.mx/?ruta=19
2,Papeleria Y Abarrotes Colors,papelería,1,18.479497,-97.377636,https://mitehuacan.mx/?ruta=19
2,Papeleria El Nuevo Japones,papelería,2,18.460986,-97.394038,https://mitehuacan.mx/?ruta=19
2,Papeleria Sin Nombre,papelería,2,18.456907,-97.404023,https://mitehuacan.mx/?ruta=19
2,Bodega De Papeleria Multiescolar,papelería,3,18.460893,-97.39036,https://mitehuacan.mx/?ruta=19
2,Papeleria Crist,papelería,3,18.465889,-97.389461,https://mitehuacan.mx/?ruta=19
2,Papeleria El Trebol,papelería,3,18.460959,-97.392948,https://mitehuacan.mx/?ruta=19
2,Papeleria Impresiones Isa,papelería,3,18.473318,-97.388404,https://mitehuacan.mx/?ruta=19
2,Papeleria La Pape,papelería,3,18.456883,-97.40687,https://mitehuacan.mx/?ruta=19
2,Papeleria Mishel,papelería,3,18.450045,-97.414861,https://mitehuacan.mx/?ruta=19
2,Papeleria Multiescolar,papelería,3,18.460897,-97.390502,https://mitehuacan.mx/?ruta=19
2,Papeleria Lupita,papelería,4,18.474638,-97.384625,https://mitehuacan.mx/?ruta=19
2,Papeleria Copias Y Regalos Sin Nobre,papelería,5,18.470065,-97.391379,https://mitehuacan.mx/?ruta=19
2,Papeleria La Estrellita,papelería,5,18.479193,-97.378452,https://mitehuacan.mx/?ruta=19
2,Papeleria La Pape,papelería,6,18.468318,-97.391409,https://mitehuacan.mx/?ruta=19
2,Papeleria Siglo Xxi,papelería,6,18.468327,-97.391408,https://mitehuacan.mx/?ruta=19
2,Bodega De La Papeleria El Refugio,papelería,9,18.460808,-97.391283,https://mitehuacan.mx/?ruta=19
2,El Paje De Tehuacan,papelería,9,18.461893,-97.391498,https://mitehuacan.mx/?ruta=19
2,Papeleria El Refugio,papelería,9,18.460808,-97.391283,https://mitehuacan.mx/?ruta=19
2,Papeleria Mally,papelería,10,18.450238,-97.414152,https://mitehuacan.mx/?ruta=19
2,Papeleria Y Regalos Karen,papelería,13,18.457423,-97.408417,https://mitehuacan.mx/?ruta=19
2,Papeleria Gissfer,papelería,15,18.460941,-97.398257,https://mitehuacan.mx/?ruta=19
2,Papeleria Didactica Premier,papelería,16,18.463337,-97.389303,https://mitehuacan.mx/?ruta=19
2,Papeleria Magliz,papelería,17,18.456296,-97.411559,https://mitehuacan.mx/?ruta=19
2,Papeleria Yahel,papelería,17,18.451439,-97.412981,https://mitehuacan.mx/?ruta=19
2,Papeleria Y Regalos,papelería,24,18.457393,-97.402441,https://mitehuacan.mx/?ruta=19
2,Papeleria Y Regalos El Regalito,papelería,24,18.474535,-97.388079,https://mitehuacan.mx/?ruta=19
2,Papeleria Crayons,papelería,25,18.461948,-97.391178,https://mitehuacan.mx/?ruta=19
2,Rosalia Buenabad Rivera,papelería,29,18.455785,-97.41136,https://mitehuacan.mx/?ruta=19
2,Papeleria Y Regalos Spidercom,papelería,34,18.477158,-97.384831,https://mitehuacan.mx/?ruta=19
2,Papeleria Coariz,papelería,37,18.451179,-97.413478,https://mitehuacan.mx/?ruta=19
2,Papelerio Leonarydi,papelería,45,18.45773,-97.408718,https://mitehuacan.mx/?ruta=19
2,Papaleria El Nuevo Japones,papelería,46,18.461382,-97.394052,https://mitehuacan.mx/?ruta=19
2,Papeleria Corro,papelería,48,18.455803,-97.401365,https://mitehuacan.mx/?ruta=19
2,Plaza Vent,papelería,51,18.46485,-97.39091,https://mitehuacan.mx/?ruta=19
2,Papeleria Comyk,papelería,53,18.469783,-97.38928,https://mitehuacan.mx/?ruta=19
2,Papeleria San Francisco,papelería,53,18.460394,-97.390749,https://mitehuacan.mx/?ruta=19
2,Papeleria Isabel,papelería,56,18.452075,-97.416436,https://mitehuacan.mx/?ruta=19
2,Papeleria Ixchel,papelería,56,18.456988,-97.399495,https://mitehuacan.mx/?ruta=19
2,Papeleria El Marinerito,papelería,58,18.457752,-97.406495,https://mitehuacan.mx/?ruta=19
2,Papeleria Seymco,papelería,61,18.451928,-97.412604,https://mitehuacan.mx/?ruta=19
2,Papeleria Abaco,papelería,62,18.462962,-97.390044,https://mitehuacan.mx/?ruta=19
2,Papeleria El Trebol,papelería,73,18.465883,-97.390126,https://mitehuacan.mx/?ruta=19
2,Venta De Regalos Diana,papelería,75,18.456264,-97.403608,https://mitehuacan.mx/?ruta=19
2,Papeleria Aragon,papelería,77,18.462845,-97.39018,https://mitehuacan.mx/?ruta=19
2,Papeleria Sin Nombre,papelería,82,18.455725,-97.398216,https://mitehuacan.mx/?ruta=19
2,Papeleria El Fenix,papelería,91,18.460123,-97.393428,https://mitehuacan.mx/?ruta=19
2,Papeleria Design It,papelería,92,18.461783,-97.393546,https://mitehuacan.mx/?ruta=19
2,Papeleria Angel,papelería,97,18.478552,-97.377373,https://mitehuacan.mx/?ruta=19
2,Papeleria La Miss,papelería,100,18.456186,-97.397881,https://mitehuacan.mx/?ruta=19
2,Papeleria Becky,papelería,101,18.477913,-97.375696,https://mitehuacan.mx/?ruta=19
2,Papeleria Isep,papelería,112,18.457499,-97.410948,https://mitehuacan.mx/?ruta=19
2,Papeleria Liz,papelería,124,18.455789,-97.406783,https://mitehuacan.mx/?ruta=19
2,Papeleria Y Regalos Matias,papelería,124,18.458256,-97.404063,https://mitehuacan.mx/?ruta=19
2,Papeleria Ferrari,papelería,134,18.457457,-97.391861,https://mitehuacan.mx/?ruta=19
2,Papeleria Y Regalos Gis,papelería,143,18.458569,-97.407706,https://mitehuacan.mx/?ruta=19
2,Papeleria Y Regalos Janeth,papelería,149,18.458632,-97.407709,https://mitehuacan.mx/?ruta=19
2,Papeleria Colors,papelería,150,18.475668,-97.386622,https://mitehuacan.mx/?ruta=19
2,Boneteria Y Lenceria Intimos,ropa,0,18.461658,-97.389463,https://mitehuacan.mx/?ruta=19
2,Exodos Moda,ropa,0,18.461631,-97.389464,https://mitehuacan.mx/?ruta=19
2,Novedades Lupita,ropa,0,18.46135,-97.389466,https://mitehuacan.mx/?ruta=19
2,Rv Bolsos,ropa,0,18.458724,-97.393156,https://mitehuacan.mx/?ruta=19
2,Tienda De Ropa El Jocker,ropa,0,18.462563,-97.389455,https://mitehuacan.mx/?ruta=19
2,Venta De Articulos Varios,ropa,0,18.461296,-97.389467,https://mitehuacan.mx/?ruta=19
2,Venta De Ropa Autentica,ropa,0,18.461658,-97.389463,https://mitehuacan.mx/?ruta=19
2,Venta De Ropa Boutique Sonn,ropa,0,18.458879,-97.398426,https://mitehuacan.mx/?ruta=19
2,Venta De Ropa De Dama,ropa,0,18.462075,-97.38946,https://mitehuacan.mx/?ruta=19
2,Venta De Ropa Modas Zoe,ropa,0,18.461731,-97.389463,https://mitehuacan.mx/?ruta=19
2,Venta De Ropa Para Dama Oh My God,ropa,0,18.461658,-97.389463,https://mitehuacan.mx/?ruta=19
2,Ventade Ropa,ropa,0,18.456633,-97.402436,https://mitehuacan.mx/?ruta=19
2,Parisina,ropa,0,18.458668,-97.391732,https://mitehuacan.mx/?ruta=19
2,Boutique Good Vibes,ropa,1,18.458751,-97.393955,https://mitehuacan.mx/?ruta=19
2,Boutique Lobo,ropa,1,18.460998,-97.394806,https://mitehuacan.mx/?ruta=19
2,Casuals Boutique,ropa,1,18.461032,-97.396086,https://mitehuacan.mx/?ruta=19
2,Diseños Y Confecciones Mc,ropa,1,18.456218,-97.401086,https://mitehuacan.mx/?ruta=19
2,Empaque De Pantalon Sin Nombre,ropa,1,18.469457,-97.388354,https://mitehuacan.mx/?ruta=19
2,Local De Ropa Yared,ropa,1,18.45872,-97.393004,https://mitehuacan.mx/?ruta=19
2,Tienda De Ropa Novedades Mary,ropa,1,18.463052,-97.38944,https://mitehuacan.mx/?ruta=19
2,Venta De Ropa Caballero,ropa,1,18.461052,-97.389469,https://mitehuacan.mx/?ruta=19
2,Venta De Uniformes Lupita,ropa,1,18.461022,-97.395801,https://mitehuacan.mx/?ruta=19
2,Milano,ropa,1,18.462994,-97.391391,https://mitehuacan.mx/?ruta=19
2,3413 Milano,ropa,2,18.462986,-97.391382,https://mitehuacan.mx/?ruta=19
2,Comercio Al Por Menor De Ropa De Bebé Sin Nombre,ropa,2,18.456898,-97.408824,https://mitehuacan.mx/?ruta=19
2,Confecciones Loga,ropa,2,18.475851,-97.384628,https://mitehuacan.mx/?ruta=19
2,Confecciones Ruiz,ropa,2,18.470885,-97.388311,https://mitehuacan.mx/?ruta=19
2,El Boton,ropa,2,18.460977,-97.393745,https://mitehuacan.mx/?ruta=19
2,Novedades Aly,ropa,2,18.46096,-97.393014,https://mitehuacan.mx/?ruta=19
2,Ropa Zahara,ropa,2,18.461157,-97.391409,https://mitehuacan.mx/?ruta=19
2,Solecito Babys,ropa,2,18.45626,-97.41119,https://mitehuacan.mx/?ruta=19
2,Taller De Costura,ropa,2,18.474272,-97.386323,https://mitehuacan.mx/?ruta=19
2,Tienda De Ropa Dani Bazz,ropa,2,18.449795,-97.415427,https://mitehuacan.mx/?ruta=19
2,Tienda De Ropa De Bebe Sin Nombre,ropa,2,18.46122,-97.391409,https://mitehuacan.mx/?ruta=19
2,Tienda De Ropa El Boton Del Ahorro,ropa,2,18.460974,-97.393626,https://mitehuacan.mx/?ruta=19
2,Tienda De Ropa Jeñans World,ropa,2,18.457029,-97.400935,https://mitehuacan.mx/?ruta=19
2,Tienda De Ropa Sin Nombre,ropa,2,18.4587,-97.392303,https://mitehuacan.mx/?ruta=19
2,1363 Tiendas Eleczion,ropa,3,18.461837,-97.39139,https://mitehuacan.mx/?ruta=19
2,Almacenes Flores B,ropa,3,18.4609,-97.390644,https://mitehuacan.mx/?ruta=19
2,Bordados Y Uniformes Uniformania,ropa,3,18.461071,-97.397043,https://mitehuacan.mx/?ruta=19
2,Brio Tehuacan,ropa,3,18.460957,-97.392853,https://mitehuacan.mx/?ruta=19
2,Compra Venta De Ropa Para Dama Sin Nombre,ropa,3,18.463522,-97.389425,https://mitehuacan.mx/?ruta=19
2,Mesa De Corte Proyecto Perfecto,ropa,3,18.46115,-97.399706,https://mitehuacan.mx/?ruta=19
2,Novedades Bronco,ropa,3,18.460909,-97.391014,https://mitehuacan.mx/?ruta=19
2,Tienda De Bolsas Y Mochilas Eva,ropa,3,18.459709,-97.391432,https://mitehuacan.mx/?ruta=19
2,Tienda De Bolsas Y Mochilas Mb,ropa,3,18.459365,-97.391439,https://mitehuacan.mx/?ruta=19
2,Tienda De Ropa Aditivo,ropa,3,18.459971,-97.391427,https://mitehuacan.mx/?ruta=19
2,Tienda De Ropa Infantil Sin Nombre,ropa,3,18.459709,-97.391432,https://mitehuacan.mx/?ruta=19
2,Tienda De Ropa Para Dama,ropa,3,18.460351,-97.39142,https://mitehuacan.mx/?ruta=19
2,Tienda Ropa Dxx Jeans,ropa,3,18.463265,-97.391371,https://mitehuacan.mx/?ruta=19
2,Venta Cinturones Juquilita,ropa,3,18.460893,-97.390351,https://mitehuacan.mx/?ruta=19
2,Venta De Ropa De Dama,ropa,3,18.459763,-97.391431,https://mitehuacan.mx/?ruta=19
2,Venta De Ropa El Closet,ropa,3,18.456894,-97.40889,https://mitehuacan.mx/?ruta=19
2,Venta De Ropa Para Dama Creaciones Mariyer,ropa,3,18.459844,-97.39143,https://mitehuacan.mx/?ruta=19
2,Venta De Ropa Para Dama Sin Nombre,ropa,3,18.460874,-97.389668,https://mitehuacan.mx/?ruta=19
2,Venta De Ropa Para Dama Y Caballero,ropa,3,18.459654,-97.391433,https://mitehuacan.mx/?ruta=19
2,Venta De Ropa Rvainzs Collection,ropa,3,18.460892,-97.390322,https://mitehuacan.mx/?ruta=19
2,Venta De Ropa Y Lenceria Reciclando Trapos,ropa,3,18.460896,-97.390496,https://mitehuacan.mx/?ruta=19
2,Boutique Mary Venta De Ropa,ropa,4,18.456201,-97.399872,https://mitehuacan.mx/?ruta=19
2,Kyma Shop Venta De Ropa Y Novedades,ropa,4,18.457072,-97.40217,https://mitehuacan.mx/?ruta=19
2,Novedades Y Ropa,ropa,4,18.456201,-97.399872,https://mitehuacan.mx/?ruta=19
2,Tienda De Ropa Maria,ropa,4,18.457262,-97.408233,https://mitehuacan.mx/?ruta=19
2,Tienda De Ropa Top Ii Men,ropa,4,18.4635,-97.391363,https://mitehuacan.mx/?ruta=19
2,Venta De Pantalones Sin Nombre,ropa,4,18.474337,-97.38454,https://mitehuacan.mx/?ruta=19
2,Venta De Ropa Boutique Mary,ropa,4,18.456201,-97.399872,https://mitehuacan.mx/?ruta=19
2,Venta De Ropa Nissi,ropa,4,18.456201,-97.399872,https://mitehuacan.mx/?ruta=19
2,Venta De Ropa Sin Nombre,ropa,4,18.459084,-97.391444,https://mitehuacan.mx/?ruta=19
2,Venta De Ropa Y Discos,ropa,4,18.456201,-97.399872,https://mitehuacan.mx/?ruta=19
2,Venta De Ropa Y Novedades Sin Nombre,ropa,4,18.456201,-97.399872,https://mitehuacan.mx/?ruta=19
2,Boutique Novedades Mary,ropa,5,18.464513,-97.391347,https://mitehuacan.mx/?ruta=19
2,Compra Venta De Ropa Liz Antony,ropa,5,18.466197,-97.391331,https://mitehuacan.mx/?ruta=19
2,Compra Venta De Ropa Mundo Cool,ropa,5,18.466767,-97.391326,https://mitehuacan.mx/?ruta=19
2,El Mundo Del Rodeo,ropa,5,18.46703,-97.391323,https://mitehuacan.mx/?ruta=19
2,Tienda De Ropa Bella Sulamita,ropa,5,18.464251,-97.39135,https://mitehuacan.mx/?ruta=19
2,Venta De Mochilas Equipajes Y Mochilas Vagabundo,ropa,5,18.45868,-97.39144,https://mitehuacan.mx/?ruta=19
2,Venta De Ropa Sin Nombre,ropa,5,18.47922,-97.378456,https://mitehuacan.mx/?ruta=19
2,Confecciones Mendez,ropa,6,18.472693,-97.388224,https://mitehuacan.mx/?ruta=19
2,Men S Boutique Venta De Ropa Exterior De Caballero,ropa,6,18.464435,-97.391452,https://mitehuacan.mx/?ruta=19
2,Tienda De Camisas S L B,ropa,6,18.466264,-97.391435,https://mitehuacan.mx/?ruta=19
2,Tienda De Ropa Kevin Sport,ropa,6,18.465503,-97.391442,https://mitehuacan.mx/?ruta=19
2,Venta De Productos Para Bebe Mimos,ropa,6,18.467105,-97.391426,https://mitehuacan.mx/?ruta=19
2,Venta De Ropa Marometas,ropa,6,18.468707,-97.391403,https://mitehuacan.mx/?ruta=19
2,Venta De Ropa Sin Nombre,ropa,6,18.476754,-97.384548,https://mitehuacan.mx/?ruta=19
2,Mania Boutique,ropa,7,18.455606,-97.412284,https://mitehuacan.mx/?ruta=19
2,Venta De Ropa Sin Nombre,ropa,7,18.474196,-97.388226,https://mitehuacan.mx/?ruta=19
2,Venta De Ropa Y Accesorios Shein,ropa,7,18.47622,-97.384546,https://mitehuacan.mx/?ruta=19
2,Tienda De Articulos Para Bebe Miniprecios,ropa,8,18.461576,-97.391502,https://mitehuacan.mx/?ruta=19
2,Tienda De Ropa Mujer Bonita,ropa,8,18.461476,-97.391504,https://mitehuacan.mx/?ruta=19
2,Tienda De Ropa Sin Nombre,ropa,8,18.461259,-97.39151,https://mitehuacan.mx/?ruta=19
2,Tienda El Vergel,ropa,8,18.478332,-97.382107,https://mitehuacan.mx/?ruta=19
2,Venta De Ropa Para Niño El Rincon De Los Peques,ropa,8,18.458779,-97.391408,https://mitehuacan.mx/?ruta=19
2,Bodega De Ropa Creaciones En Tu Moda,ropa,9,18.460808,-97.391283,https://mitehuacan.mx/?ruta=19
2,Boutique Malila,ropa,9,18.46094,-97.39606,https://mitehuacan.mx/?ruta=19
2,Centro Comercial Salvador Ceja,ropa,9,18.46116,-97.391513,https://mitehuacan.mx/?ruta=19
2,"Comercio Al Por Menor De Ropa, Excepto De Bebé Y Lencería Si",ropa,9,18.478157,-97.381318,https://mitehuacan.mx/?ruta=19
2,Creaciones En Tu Moda,ropa,9,18.460795,-97.390771,https://mitehuacan.mx/?ruta=19
2,Diseños Y Confecciones Mc,ropa,9,18.456302,-97.400931,https://mitehuacan.mx/?ruta=19
2,Mochilas Y Regalos Sin Nombre,ropa,9,18.460783,-97.390288,https://mitehuacan.mx/?ruta=19
2,Revelacion Juvenil,ropa,9,18.462662,-97.391491,https://mitehuacan.mx/?ruta=19
2,Tienda De Ropa De Dama Sin Nombre,ropa,9,18.45933,-97.391553,https://mitehuacan.mx/?ruta=19
2,Tienda De Ropa La Barata No 1,ropa,9,18.460828,-97.391975,https://mitehuacan.mx/?ruta=19
2,Tienda De Ropa Moda Reynita,ropa,9,18.460808,-97.391283,https://mitehuacan.mx/?ruta=19
2,Tienda De Ropa Mode Star,ropa,9,18.45928,-97.391554,https://mitehuacan.mx/?ruta=19
2,Tienda De Ropa Shein,ropa,9,18.460808,-97.391283,https://mitehuacan.mx/?ruta=19
2,Tienda De Ropa Sin Nombre,ropa,9,18.461838,-97.391499,https://mitehuacan.mx/?ruta=19
2,Tienda De Ropa Sin Nombre,ropa,9,18.460801,-97.391035,https://mitehuacan.mx/?ruta=19
2,Tienda De Ropa Th Street,ropa,9,18.460808,-97.391283,https://mitehuacan.mx/?ruta=19
2,Venta De Ropa En General Centro Comercial De Tehuacan,ropa,9,18.460789,-97.390525,https://mitehuacan.mx/?ruta=19
2,Venta De Ropa Para Caballero Sin Nombre,ropa,9,18.460808,-97.391283,https://mitehuacan.mx/?ruta=19
2,Venta De Ropa Para Dama Sin Nombre,ropa,9,18.459142,-97.391557,https://mitehuacan.mx/?ruta=19
2,Venta De Ropa Sin Nombre,ropa,9,18.456917,-97.400427,https://mitehuacan.mx/?ruta=19
2,Boutique Chalitas,ropa,10,18.458875,-97.394745,https://mitehuacan.mx/?ruta=19
2,Boutique Paty,ropa,10,18.458876,-97.394783,https://mitehuacan.mx/?ruta=19
2,Tienda De Ropa Sin Nombre,ropa,10,18.458846,-97.393797,https://mitehuacan.mx/?ruta=19
2,Tienda De Ropa Sin Nombre,ropa,10,18.458879,-97.39502,https://mitehuacan.mx/?ruta=19
2,Venta De Pantalones Yhir,ropa,10,18.458906,-97.395967,https://mitehuacan.mx/?ruta=19
2,Boutique Paseo Hidalgo,ropa,11,18.45882,-97.393048,https://mitehuacan.mx/?ruta=19
2,Venta De Cinturones Sin Nombre,ropa,11,18.460772,-97.390664,https://mitehuacan.mx/?ruta=19
2,Venta De Ropa Sin Nombre,ropa,11,18.458678,-97.391383,https://mitehuacan.mx/?ruta=19
2,Venta De Tines Kal C Tin,ropa,11,18.460772,-97.390664,https://mitehuacan.mx/?ruta=19
2,Maquiladora Sin Nombre,ropa,12,18.451638,-97.416429,https://mitehuacan.mx/?ruta=19
2,Tienda De Ropa Trapos,ropa,12,18.464907,-97.389561,https://mitehuacan.mx/?ruta=19
2,Venta De Ropa De Dama Sin Nombre,ropa,12,18.461483,-97.389351,https://mitehuacan.mx/?ruta=19
2,Boutique Bambu,ropa,13,18.461084,-97.394063,https://mitehuacan.mx/?ruta=19
2,Boutique Lore,ropa,13,18.450663,-97.413143,https://mitehuacan.mx/?ruta=19
2,Venta De Ropa De Caballero Sin Nombre,ropa,13,18.461211,-97.389344,https://mitehuacan.mx/?ruta=19
2,Venta De Ropa De Dama Modas Jaky,ropa,13,18.461129,-97.389342,https://mitehuacan.mx/?ruta=19
2,Venta De Ropa De. Dama Novedades Marsy,ropa,13,18.46103,-97.389339,https://mitehuacan.mx/?ruta=19
2,Venta De Ropa Modas Valeria,ropa,13,18.461572,-97.389588,https://mitehuacan.mx/?ruta=19
2,Venta De Ropa Niño Y Niña Sol Mery,ropa,13,18.460756,-97.390749,https://mitehuacan.mx/?ruta=19
2,Venta De Ropa Para Caballero Be Rektro,ropa,13,18.460753,-97.390664,https://mitehuacan.mx/?ruta=19
2,Venta De Ropa Deportiva Modas Adulcin,ropa,14,18.462776,-97.389318,https://mitehuacan.mx/?ruta=19
2,Venta De Ropa Sin Nombre,ropa,14,18.462632,-97.389321,https://mitehuacan.mx/?ruta=19
2,Ropa Para Hombre Sin Nombre,ropa,15,18.460735,-97.390664,https://mitehuacan.mx/?ruta=19
2,Venta De Pantalones Sin Nombre,ropa,15,18.459358,-97.400066,https://mitehuacan.mx/?ruta=19
2,Venta De Playeras Para Publicidad. Playeras Invictos,ropa,15,18.462812,-97.389317,https://mitehuacan.mx/?ruta=19
2,Venta De Ropa De Dama Cv Shop,ropa,15,18.462794,-97.389317,https://mitehuacan.mx/?ruta=19
2,Diancarlo Boutique,ropa,16,18.467009,-97.39152,https://mitehuacan.mx/?ruta=19
2,Tienda De Ropa Moda Y Estilo Por Shein,ropa,16,18.463437,-97.389299,https://mitehuacan.mx/?ruta=19
2,Venta De Ropa Ferny American Shop,ropa,16,18.46713,-97.389274,https://mitehuacan.mx/?ruta=19
2,Maquildora Sin Nombre,ropa,17,18.449388,-97.415949,https://mitehuacan.mx/?ruta=19
2,Venta De Zapatos Pantalones,ropa,17,18.4607,-97.389858,https://mitehuacan.mx/?ruta=19
2,Boutique Bremed,ropa,18,18.464414,-97.389279,https://mitehuacan.mx/?ruta=19
2,Venta De Juguetes Y Ropa Sin Nombre,ropa,18,18.477502,-97.381195,https://mitehuacan.mx/?ruta=19
2,Venta De Ropa Pekes,ropa,18,18.458605,-97.394127,https://mitehuacan.mx/?ruta=19
2,Deshebrado Sin Nombre,ropa,19,18.478723,-97.374412,https://mitehuacan.mx/?ruta=19
2,Tienda De Ropa Selah,ropa,19,18.464966,-97.389266,https://mitehuacan.mx/?ruta=19
2,Venta De Ropa Modas Rubi,ropa,19,18.461043,-97.390667,https://mitehuacan.mx/?ruta=19
2,Venta De Ropa Para Dama Richie Colection,ropa,19,18.460672,-97.389473,https://mitehuacan.mx/?ruta=19
2,Tienda De Ropa Uva Bombon,ropa,20,18.46075,-97.392595,https://mitehuacan.mx/?ruta=19
2,Boutique Kovz Shein,ropa,21,18.460653,-97.389473,https://mitehuacan.mx/?ruta=19
2,Rafaelos Jeans,ropa,21,18.460758,-97.389283,https://mitehuacan.mx/?ruta=19
2,Tienda De Ropa Interior Ferchis,ropa,21,18.462948,-97.389655,https://mitehuacan.mx/?ruta=19
2,Venta De Ropa Para Dama,ropa,21,18.456899,-97.399858,https://mitehuacan.mx/?ruta=19
2,Venta De Interior,ropa,22,18.46107,-97.390667,https://mitehuacan.mx/?ruta=19
2,Tienda De Ropa Shein,ropa,23,18.458451,-97.39147,https://mitehuacan.mx/?ruta=19
2,Taller De Costura Sin Nombre,ropa,24,18.474532,-97.387071,https://mitehuacan.mx/?ruta=19
2,Venta De Ropa Sin Nombre,ropa,24,18.458551,-97.394127,https://mitehuacan.mx/?ruta=19
2,Novedades Arsavel,ropa,25,18.461948,-97.391178,https://mitehuacan.mx/?ruta=19
2,Taller De Costura Sin Nombre,ropa,25,18.474542,-97.387441,https://mitehuacan.mx/?ruta=19
2,Tienda De Ropa Para Bebe Sin Nombre,ropa,25,18.461948,-97.391178,https://mitehuacan.mx/?ruta=19
2,Tienda De Ropa Para Dama,ropa,25,18.461948,-97.391178,https://mitehuacan.mx/?ruta=19
2,Tienda De Ropa Para Dama Sin Nombre,ropa,25,18.458773,-97.391246,https://mitehuacan.mx/?ruta=19
2,Tienda De Ropa Sin Nombre,ropa,25,18.461948,-97.391178,https://mitehuacan.mx/?ruta=19
2,Venta De Ropa De Bebe Y Accesorios,ropa,25,18.461948,-97.391178,https://mitehuacan.mx/?ruta=19
2,Venta De Ropa Sin Nombre,ropa,25,18.461948,-97.391178,https://mitehuacan.mx/?ruta=19
2,Venta De Ropa Y Plantas Medicinales Sin Nombre,ropa,25,18.461948,-97.391178,https://mitehuacan.mx/?ruta=19
2,Tienda De Ropa El Jocker,ropa,26,18.460688,-97.392462,https://mitehuacan.mx/?ruta=19
2,Novedades Y Regalos Sin Nombre,ropa,27,18.474337,-97.384328,https://mitehuacan.mx/?ruta=19
2,1074 Tiendas Eleczion,ropa,28,18.461958,-97.391683,https://mitehuacan.mx/?ruta=19
2,Boutique Mio Mio,ropa,28,18.460677,-97.392592,https://mitehuacan.mx/?ruta=19
2,Tienda De Ropa Johans Boutique,ropa,28,18.464828,-97.389706,https://mitehuacan.mx/?ruta=19
2,Modas Amy,ropa,29,18.460611,-97.390749,https://mitehuacan.mx/?ruta=19
2,Tienda De Ropa Infantil Modas Nicole,ropa,29,18.460664,-97.392461,https://mitehuacan.mx/?ruta=19
2,Venta De Ropa Para Dama Modas Reynita,ropa,29,18.460609,-97.390664,https://mitehuacan.mx/?ruta=19
2,Taller De Costura Sin Nombre,ropa,30,18.47757,-97.381654,https://mitehuacan.mx/?ruta=19
2,Venta De Ropa Kids,ropa,31,18.461494,-97.389752,https://mitehuacan.mx/?ruta=19
2,Vertiche,ropa,31,18.461958,-97.391707,https://mitehuacan.mx/?ruta=19
2,Creaciones Diana,ropa,32,18.461232,-97.393292,https://mitehuacan.mx/?ruta=19
2,Venta De Ropa Novedades Lucy,ropa,32,18.461161,-97.390666,https://mitehuacan.mx/?ruta=19
2,Venta De Ropa Sin Nombre,ropa,32,18.45877,-97.391181,https://mitehuacan.mx/?ruta=19
2,Venta De Ropa Y Chacharas Sin Nombre,ropa,32,18.475259,-97.384999,https://mitehuacan.mx/?ruta=19
2,Alexa Jeans,ropa,33,18.461494,-97.389771,https://mitehuacan.mx/?ruta=19
2,Moda Infantil Juquilita,ropa,33,18.460575,-97.390749,https://mitehuacan.mx/?ruta=19
2,Tienda De Ropa Rivag,ropa,33,18.474616,-97.388094,https://mitehuacan.mx/?ruta=19
2,Deshebrado Y Empaque Sin Nombre,ropa,34,18.449981,-97.415735,https://mitehuacan.mx/?ruta=19
2,Venta De Jeans Darling,ropa,35,18.458381,-97.392721,https://mitehuacan.mx/?ruta=19
2,Oficina Sin Nombre,ropa,36,18.469305,-97.389346,https://mitehuacan.mx/?ruta=19
2,Tienda De Mochilas Y Equipajes Vagabundo,ropa,36,18.4612,-97.390761,https://mitehuacan.mx/?ruta=19
2,Tienda De Ropa Rock Shop,ropa,36,18.460851,-97.389128,https://mitehuacan.mx/?ruta=19
2,Venta De Ropa Infantil Modas Nicol,ropa,36,18.460545,-97.390664,https://mitehuacan.mx/?ruta=19
2,Venta De Ropa Para Bebe,ropa,36,18.460545,-97.390664,https://mitehuacan.mx/?ruta=19
2,Paolo Di Roma,ropa,37,18.462884,-97.391754,https://mitehuacan.mx/?ruta=19
2,Tienda De Ropa El Gran Remate,ropa,37,18.464821,-97.38909,https://mitehuacan.mx/?ruta=19
2,Boutique 4 Estaciones,ropa,38,18.460626,-97.394197,https://mitehuacan.mx/?ruta=19
2,Boutique Maya,ropa,38,18.459179,-97.3966,https://mitehuacan.mx/?ruta=19
2,Queen Fashuion,ropa,38,18.46053,-97.390749,https://mitehuacan.mx/?ruta=19
2,Angeline Boutique,ropa,39,18.462998,-97.391769,https://mitehuacan.mx/?ruta=19
2,Venta De Ropa Para Dama Sin Nombre,ropa,40,18.458767,-97.391105,https://mitehuacan.mx/?ruta=19
2,Tienda De Ropa Moda Bella,ropa,41,18.461245,-97.39076,https://mitehuacan.mx/?ruta=19
2,Venta De Bolsas Sin Nombre,ropa,42,18.46194,-97.391017,https://mitehuacan.mx/?ruta=19
2,Lavanderia Fashion Wash,ropa,43,18.469897,-97.387931,https://mitehuacan.mx/?ruta=19
2,Revelacion Juvenil,ropa,43,18.46126,-97.390665,https://mitehuacan.mx/?ruta=19
2,Tienda De Mochilas,ropa,44,18.461576,-97.389882,https://mitehuacan.mx/?ruta=19
2,Tienda De Ropa 8 24,ropa,44,18.461496,-97.389875,https://mitehuacan.mx/?ruta=19
2,Venta De De Ropa Star Cool,ropa,44,18.460445,-97.389475,https://mitehuacan.mx/?ruta=19
2,Venta De Cinturones Cinturon Casual,ropa,45,18.460464,-97.390664,https://mitehuacan.mx/?ruta=19
2,Tienda De Ropa Infantil Sin Nombre,ropa,46,18.458765,-97.391048,https://mitehuacan.mx/?ruta=19
2,Venta De Ropa Modas Capricho,ropa,46,18.458666,-97.391052,https://mitehuacan.mx/?ruta=19
2,Allez-Ca Boutique,ropa,47,18.461368,-97.39329,https://mitehuacan.mx/?ruta=19
2,Venta De Ropa Mb Jeans,ropa,48,18.460437,-97.390664,https://mitehuacan.mx/?ruta=19
2,Tienda De Mochilas El Gran Surtidor,ropa,49,18.461318,-97.390759,https://mitehuacan.mx/?ruta=19
2,Tienda Jueguetes Easy Shopping,ropa,49,18.462054,-97.390947,https://mitehuacan.mx/?ruta=19
2,Tienda Mmh,ropa,49,18.460505,-97.393495,https://mitehuacan.mx/?ruta=19
2,Boutique For Seanson,ropa,50,18.460633,-97.398269,https://mitehuacan.mx/?ruta=19
2,Novedades July,ropa,50,18.460421,-97.390749,https://mitehuacan.mx/?ruta=19
2,Ropa De Caballero Be Rektro,ropa,51,18.460409,-97.390664,https://mitehuacan.mx/?ruta=19
2,Venta De Camisas Señor Camisas,ropa,51,18.460846,-97.388986,https://mitehuacan.mx/?ruta=19
2,Tienda De Bolsas Y Mochilas Importaciones Ortiz,ropa,52,18.460456,-97.392454,https://mitehuacan.mx/?ruta=19
2,Venta De Ropa De Dama Sin Nombre,ropa,53,18.460846,-97.388967,https://mitehuacan.mx/?ruta=19
2,Tienda De Ropa Yanabel Collete,ropa,55,18.461369,-97.390664,https://mitehuacan.mx/?ruta=19
2,Venta De Ropa Para Dama Creativa,ropa,56,18.460364,-97.390664,https://mitehuacan.mx/?ruta=19
2,Venta De Ropa Sin Nombre,ropa,56,18.461578,-97.389996,https://mitehuacan.mx/?ruta=19
2,Venta De Ropa Para Dama Be Rektro,ropa,57,18.460355,-97.390664,https://mitehuacan.mx/?ruta=19
2,Tienda De Ropa Y Uniformes Mega Familia,ropa,59,18.46034,-97.390749,https://mitehuacan.mx/?ruta=19
2,Venta De Ropa Y Lenceria,ropa,59,18.460337,-97.390664,https://mitehuacan.mx/?ruta=19
2,Mercader Ramos,ropa,60,18.460748,-97.388908,https://mitehuacan.mx/?ruta=19
2,Venta De Ropa Creaciones En Tu Moda,ropa,60,18.461498,-97.390027,https://mitehuacan.mx/?ruta=19
2,Venta De Ropa Modas Rocio,ropa,60,18.460328,-97.390664,https://mitehuacan.mx/?ruta=19
2,Venta De Ropa Para Dama Sin Nombre,ropa,61,18.460843,-97.388891,https://mitehuacan.mx/?ruta=19
2,Venta De Ropa Para Dama Minguis,ropa,62,18.461498,-97.390046,https://mitehuacan.mx/?ruta=19
2,Dinastia Jeans Tienda De Ropa,ropa,63,18.463005,-97.391997,https://mitehuacan.mx/?ruta=19
2,Venta De Ropa Para Bebe Travesuras,ropa,63,18.460279,-97.389374,https://mitehuacan.mx/?ruta=19
2,Venta De Ropa Para Caballero Bee Retro,ropa,63,18.460303,-97.390749,https://mitehuacan.mx/?ruta=19
2,Creaciones El Guero,ropa,64,18.460292,-97.390664,https://mitehuacan.mx/?ruta=19
2,Venta De Ropa Juniors,ropa,65,18.461498,-97.390074,https://mitehuacan.mx/?ruta=19
2,Venta De Ropa Sin Nombre,ropa,65,18.477644,-97.384644,https://mitehuacan.mx/?ruta=19
2,Maquiladora Desarrollo Confeccion Y Diseño,ropa,66,18.450374,-97.415561,https://mitehuacan.mx/?ruta=19
2,Maquiladora Sin Nombre,ropa,66,18.451053,-97.417747,https://mitehuacan.mx/?ruta=19
2,Tienda De Mochilas Markis Backpacks,ropa,66,18.462803,-97.390777,https://mitehuacan.mx/?ruta=19
2,Tienda De Ropa Sin Nombre,ropa,66,18.462785,-97.390776,https://mitehuacan.mx/?ruta=19
2,Venta De Ropa Infantil Angelitos,ropa,66,18.460274,-97.390664,https://mitehuacan.mx/?ruta=19
2,Venta De Ropa Sin Nombre,ropa,67,18.460267,-97.390749,https://mitehuacan.mx/?ruta=19
2,Venta De Ropa Sin Nombre,ropa,67,18.470871,-97.389349,https://mitehuacan.mx/?ruta=19
2,Compra Venta De Ropa Enly Moda,ropa,68,18.464835,-97.390085,https://mitehuacan.mx/?ruta=19
2,Compra Venta De Ropa Jovas Shop,ropa,68,18.464835,-97.390085,https://mitehuacan.mx/?ruta=19
2,Compra Venta De Ropa Y Accesorios Mirandamen Shop,ropa,68,18.464835,-97.390085,https://mitehuacan.mx/?ruta=19
2,Maquiladora Sin Nombre,ropa,68,18.477089,-97.381987,https://mitehuacan.mx/?ruta=19
2,Venta De Ropa Sin Nombre,ropa,68,18.462269,-97.390762,https://mitehuacan.mx/?ruta=19
2,"Comercio Al Por Menor De Ropa, Excepto De Bebé Y Lencería Si",ropa,69,18.4578,-97.402725,https://mitehuacan.mx/?ruta=19
2,Venta De Ropa De Bebe Valery,ropa,69,18.461579,-97.390119,https://mitehuacan.mx/?ruta=19
2,Bodega De Ropa Colette Fashion,ropa,70,18.461501,-97.390292,https://mitehuacan.mx/?ruta=19
2,Bodega De Ropa Yanabel Colette,ropa,70,18.461501,-97.390292,https://mitehuacan.mx/?ruta=19
2,Maquiladora Sin Nombre,ropa,70,18.456231,-97.409434,https://mitehuacan.mx/?ruta=19
2,Taller De Costura,ropa,70,18.455168,-97.411854,https://mitehuacan.mx/?ruta=19
2,Tienda De Ropa Moda Rosy,ropa,70,18.461505,-97.390539,https://mitehuacan.mx/?ruta=19
2,Tienda De Ropa Modas Erikos,ropa,70,18.461653,-97.390759,https://mitehuacan.mx/?ruta=19
2,Tienda De Ropa Pekes,ropa,70,18.461579,-97.390124,https://mitehuacan.mx/?ruta=19
2,Venta De Ropa Moda Bella,ropa,70,18.461503,-97.390453,https://mitehuacan.mx/?ruta=19
2,Venta De Ropa Mujer Bonita,ropa,70,18.461506,-97.390615,https://mitehuacan.mx/?ruta=19
2,Venta De Ropa Sexy Moda,ropa,70,18.461504,-97.39051,https://mitehuacan.mx/?ruta=19
2,Boutique De Ropa Alegria,ropa,71,18.469139,-97.392018,https://mitehuacan.mx/?ruta=19
2,Venta De Ropa Rags,ropa,71,18.460207,-97.389375,https://mitehuacan.mx/?ruta=19
2,Uniformes Deportivos Flomar,ropa,74,18.458758,-97.390783,https://mitehuacan.mx/?ruta=19
2,Venta De Calcetas Tamy Shop,ropa,74,18.466943,-97.390128,https://mitehuacan.mx/?ruta=19
2,Venta De Ropa Para Dama,ropa,74,18.461902,-97.392113,https://mitehuacan.mx/?ruta=19
2,Venta De Ropa Sin Nombre,ropa,74,18.460204,-97.390749,https://mitehuacan.mx/?ruta=19
2,Compra Venta De Ropa Y Tenis De La Calle,ropa,75,18.464927,-97.390682,https://mitehuacan.mx/?ruta=19
2,El Machetazo,ropa,75,18.459806,-97.39075,https://mitehuacan.mx/?ruta=19
2,Importaciones Marin,ropa,75,18.46015,-97.390749,https://mitehuacan.mx/?ruta=19
2,La Barata,ropa,75,18.459833,-97.39075,https://mitehuacan.mx/?ruta=19
2,Moda Rebel,ropa,75,18.460014,-97.390749,https://mitehuacan.mx/?ruta=19
2,Novedades Aldo,ropa,75,18.459977,-97.390749,https://mitehuacan.mx/?ruta=19
2,Ropa Para Bebe,ropa,75,18.460005,-97.390749,https://mitehuacan.mx/?ruta=19
2,Tienda De Ropa Bermex,ropa,75,18.462976,-97.390688,https://mitehuacan.mx/?ruta=19
2,Venta De Mochilas,ropa,75,18.460104,-97.390749,https://mitehuacan.mx/?ruta=19
2,Venta De Ropa,ropa,75,18.459724,-97.390751,https://mitehuacan.mx/?ruta=19
2,Venta De Ropa De Bebe Sin Nombre,ropa,75,18.459787,-97.39075,https://mitehuacan.mx/?ruta=19
2,Venta De Ropa Para Adulto,ropa,75,18.459869,-97.39075,https://mitehuacan.mx/?ruta=19
2,Venta De Ropa Para Bebe,ropa,75,18.459959,-97.39075,https://mitehuacan.mx/?ruta=19
2,Venta De Ropa Para Dama,ropa,75,18.459932,-97.39075,https://mitehuacan.mx/?ruta=19
2,El Corcel De Oro,ropa,76,18.459597,-97.390751,https://mitehuacan.mx/?ruta=19
2,Modas Morales,ropa,76,18.459081,-97.390754,https://mitehuacan.mx/?ruta=19
2,Modas Nicole,ropa,76,18.459579,-97.390751,https://mitehuacan.mx/?ruta=19
2,Modas Para,ropa,76,18.459253,-97.390753,https://mitehuacan.mx/?ruta=19
2,Venta De Ropa De Bebe Sin Nombre,ropa,76,18.459145,-97.390753,https://mitehuacan.mx/?ruta=19
2,Venta De Ropa De Dama Sin Nombre,ropa,76,18.459072,-97.390754,https://mitehuacan.mx/?ruta=19
2,Venta De Ropa Infantil,ropa,76,18.459081,-97.390754,https://mitehuacan.mx/?ruta=19
2,Venta De Ropa Infantil,ropa,76,18.459389,-97.390752,https://mitehuacan.mx/?ruta=19
2,Venta De Ropa Infantil Key Fashion,ropa,76,18.459235,-97.390753,https://mitehuacan.mx/?ruta=19
2,Venta De Ropa Sin Nombre,ropa,76,18.459072,-97.390754,https://mitehuacan.mx/?ruta=19
2,Venta De Ropa Y Uniformes Azzurri,ropa,76,18.458758,-97.390764,https://mitehuacan.mx/?ruta=19
2,Venta De Uniformes Escolares Sin Nombre,ropa,76,18.459407,-97.390752,https://mitehuacan.mx/?ruta=19
2,Venta Deropa,ropa,76,18.45919,-97.390753,https://mitehuacan.mx/?ruta=19
2,Uniformes Abraham,ropa,77,18.458801,-97.390755,https://mitehuacan.mx/?ruta=19
2,Venta De Ropa De Caballero Sin Nombre,ropa,77,18.458846,-97.390755,https://mitehuacan.mx/?ruta=19
2,Venta De Ropa Modas Eben Ezer,ropa,77,18.458945,-97.390754,https://mitehuacan.mx/?ruta=19
2,Venta De Ropa Sin Nombre,ropa,77,18.458909,-97.390754,https://mitehuacan.mx/?ruta=19
2,Sr Camisa,ropa,78,18.46026,-97.394075,https://mitehuacan.mx/?ruta=19
2,Tienda De Ropa Sunshine,ropa,78,18.46481,-97.38871,https://mitehuacan.mx/?ruta=19
2,Bodega Venta De Rpa Mia Clection,ropa,79,18.461582,-97.390318,https://mitehuacan.mx/?ruta=19
2,Tienda De Playeras Y Venta De Aerosoles,ropa,79,18.462859,-97.390654,https://mitehuacan.mx/?ruta=19
2,Tienda De Ropa Sin Nombre,ropa,79,18.462859,-97.390654,https://mitehuacan.mx/?ruta=19
2,Venta De Ropa Mia Colection,ropa,79,18.461582,-97.390346,https://mitehuacan.mx/?ruta=19
2,Venta De Ropa Modas Yolanda,ropa,79,18.461585,-97.390546,https://mitehuacan.mx/?ruta=19
2,Venta De Ropa Para Caballero Fashion Mens,ropa,79,18.461583,-97.390365,https://mitehuacan.mx/?ruta=19
2,Venta De Ropa Sin Nombre,ropa,79,18.461584,-97.39047,https://mitehuacan.mx/?ruta=19
2,Venta De Ropa Y Tenis Sin Nombre,ropa,79,18.462859,-97.390654,https://mitehuacan.mx/?ruta=19
2,Venta De Ropa Monse,ropa,80,18.461581,-97.390223,https://mitehuacan.mx/?ruta=19
2,Venta De Ropa Si Nombre,ropa,80,18.461581,-97.390223,https://mitehuacan.mx/?ruta=19
2,Winik Tienda De Ropa Para Caballero,ropa,80,18.457965,-97.392444,https://mitehuacan.mx/?ruta=19
2,Aitana Boutique,ropa,82,18.457982,-97.393297,https://mitehuacan.mx/?ruta=19
2,Taller De Maquila Sin Nombre,ropa,82,18.455885,-97.398117,https://mitehuacan.mx/?ruta=19
2,Diseños Moem,ropa,83,18.46171,-97.393701,https://mitehuacan.mx/?ruta=19
2,L. G. Viste A La Moda Boutique,ropa,83,18.461706,-97.39353,https://mitehuacan.mx/?ruta=19
2,Tienda De Ropa Bermex,ropa,83,18.462976,-97.390613,https://mitehuacan.mx/?ruta=19
2,Boutique Rafiseep,ropa,84,18.460271,-97.396484,https://mitehuacan.mx/?ruta=19
2,Venta De Ropa Fina Para Dama Sin Nombre,ropa,84,18.459649,-97.390666,https://mitehuacan.mx/?ruta=19
2,Venta De Ropa Infantil Sin Nombre,ropa,84,18.459767,-97.390665,https://mitehuacan.mx/?ruta=19
2,Maquiladora Confeccion De Ropa Sin Nombre,ropa,85,18.474627,-97.389283,https://mitehuacan.mx/?ruta=19
2,Venta De Cinturones Cinturon Casual,ropa,85,18.45954,-97.390666,https://mitehuacan.mx/?ruta=19
2,Venta De Cinturones Sin Nombre,ropa,85,18.45916,-97.390668,https://mitehuacan.mx/?ruta=19
2,Venta De Playeras Sin Nombre,ropa,85,18.459178,-97.390668,https://mitehuacan.mx/?ruta=19
2,Venta De Ropa Creaciones En Tu Moda,ropa,85,18.459567,-97.390666,https://mitehuacan.mx/?ruta=19
2,Venta De Ropa De Niño Y Niña Novedades Nicol,ropa,85,18.459061,-97.390669,https://mitehuacan.mx/?ruta=19
2,Venta De Tines Y Ropa Interior,ropa,85,18.459513,-97.390666,https://mitehuacan.mx/?ruta=19
2,Venta De Vestidos Infantiles Britany,ropa,85,18.459206,-97.390668,https://mitehuacan.mx/?ruta=19
2,Venta De Ropa En General El Divino Niño,ropa,86,18.458889,-97.390669,https://mitehuacan.mx/?ruta=19
2,Venta De Ropa Para Dama Queen Fashion,ropa,86,18.458916,-97.390669,https://mitehuacan.mx/?ruta=19
2,Venta De Ropa Para Niño Y Niña Interior Y Exterior Leon De J,ropa,86,18.458843,-97.39067,https://mitehuacan.mx/?ruta=19
2,Venta De Ropa Sin Nonbre,ropa,87,18.462847,-97.390278,https://mitehuacan.mx/?ruta=19
2,Bella Boutique,ropa,89,18.460144,-97.393521,https://mitehuacan.mx/?ruta=19
2,Compra Venta De Ropa Teens,ropa,90,18.463014,-97.392253,https://mitehuacan.mx/?ruta=19
2,Confecciones De Calidad De La Sarabia,ropa,90,18.470407,-97.392174,https://mitehuacan.mx/?ruta=19
2,Inari Boutique,ropa,91,18.460126,-97.393522,https://mitehuacan.mx/?ruta=19
2,Modas Nicole,ropa,91,18.460106,-97.392571,https://mitehuacan.mx/?ruta=19
2,Bolchima,ropa,92,18.462976,-97.390527,https://mitehuacan.mx/?ruta=19
2,Boutique Exodo,ropa,92,18.461777,-97.393319,https://mitehuacan.mx/?ruta=19
2,Tienda De Ropa Para Caballeros Sr.Camisa,ropa,92,18.460093,-97.392443,https://mitehuacan.mx/?ruta=19
2,Venta De Ropa Y Accesorios Sin Nombre,ropa,94,18.462849,-97.390342,https://mitehuacan.mx/?ruta=19
2,Taller De Costura Sin Nombre,ropa,95,18.461948,-97.39861,https://mitehuacan.mx/?ruta=19
2,Venta De Uniformes De Enfermeria Sin Nombre,ropa,95,18.466857,-97.39033,https://mitehuacan.mx/?ruta=19
2,Venta De Ropa Interior Sin Nombre,ropa,96,18.45815,-97.407843,https://mitehuacan.mx/?ruta=19
2,Venta De Ropa Para Hombre Sin Nombre,ropa,96,18.458753,-97.390575,https://mitehuacan.mx/?ruta=19
2,Compra Venta De Ropa En General La Camisa,ropa,98,18.462853,-97.390474,https://mitehuacan.mx/?ruta=19
2,Venta De Ropa Sin Nombre,ropa,98,18.473646,-97.389485,https://mitehuacan.mx/?ruta=19
2,Ferma Uniformes,ropa,99,18.457767,-97.391581,https://mitehuacan.mx/?ruta=19
2,Ropa Y Maquillaje Rosa Pastel,ropa,99,18.461932,-97.396483,https://mitehuacan.mx/?ruta=19
2,Tienda De Ropa Para Mujer Dovi Fashion,ropa,99,18.460832,-97.388531,https://mitehuacan.mx/?ruta=19
2,Textiles Las Flores,ropa,100,18.469379,-97.387399,https://mitehuacan.mx/?ruta=19
2,Venta De Ropa Para Caballero Modas Fikshion,ropa,100,18.459937,-97.389624,https://mitehuacan.mx/?ruta=19
2,Venta De Trajes Quali,ropa,100,18.460021,-97.39244,https://mitehuacan.mx/?ruta=19
2,Modas Y Manualidades Eddy,ropa,102,18.476315,-97.385664,https://mitehuacan.mx/?ruta=19
2,Taller De Costura Sin Nombre,ropa,102,18.475233,-97.387875,https://mitehuacan.mx/?ruta=19
2,Towers Boutique,ropa,102,18.463105,-97.39237,https://mitehuacan.mx/?ruta=19
2,Cielito Lindo,ropa,104,18.450502,-97.412172,https://mitehuacan.mx/?ruta=19
2,De Todo Punto.Com,ropa,105,18.462026,-97.398206,https://mitehuacan.mx/?ruta=19
2,Taller De Maquila Familiar,ropa,105,18.455446,-97.410407,https://mitehuacan.mx/?ruta=19
2,Boutique D Perlas,ropa,110,18.461971,-97.394384,https://mitehuacan.mx/?ruta=19
2,Deshebrado Sn,ropa,111,18.458329,-97.408738,https://mitehuacan.mx/?ruta=19
2,Venta De Ropa En General Modas Morales,ropa,112,18.45875,-97.390423,https://mitehuacan.mx/?ruta=19
2,Venta De Bolsas Y Mochilas Zie 3,ropa,113,18.462013,-97.395104,https://mitehuacan.mx/?ruta=19
2,Venta De Ropa Para Hombre Novedades Martinez,ropa,113,18.459821,-97.389481,https://mitehuacan.mx/?ruta=19
2,Venta De Ropa Sin Nombre,ropa,115,18.455871,-97.406866,https://mitehuacan.mx/?ruta=19
2,Bodega De Ropa Sin Nombre,ropa,118,18.47238,-97.38947,https://mitehuacan.mx/?ruta=19
2,Boutique Zaure,ropa,118,18.462098,-97.396296,https://mitehuacan.mx/?ruta=19
2,Maquiladora Sin Nombre,ropa,118,18.474235,-97.389781,https://mitehuacan.mx/?ruta=19
2,Venta De Articulos De Piel Credipiel,ropa,118,18.462093,-97.396192,https://mitehuacan.mx/?ruta=19
2,Venta De Ropa En General Modas Livey,ropa,118,18.458748,-97.390366,https://mitehuacan.mx/?ruta=19
2,Venta De Ropa De Dama Y Caballero Minguis,ropa,120,18.462779,-97.388323,https://mitehuacan.mx/?ruta=19
2,Bodega Zapata Apparel,ropa,122,18.477069,-97.385745,https://mitehuacan.mx/?ruta=19
2,Coco Boutique Tienda De Ropa,ropa,122,18.463024,-97.392556,https://mitehuacan.mx/?ruta=19
2,Venta De Ropa De Dama Sin Nombre,ropa,122,18.460738,-97.388316,https://mitehuacan.mx/?ruta=19
2,Confecciones Shorts Pants,ropa,123,18.449453,-97.413381,https://mitehuacan.mx/?ruta=19
2,Venta De Ropa Sin Nombre,ropa,123,18.457558,-97.391981,https://mitehuacan.mx/?ruta=19
2,Venta De Jeans Mundana,ropa,124,18.462778,-97.388285,https://mitehuacan.mx/?ruta=19
2,Maquila Sin Nombre,ropa,126,18.449824,-97.412509,https://mitehuacan.mx/?ruta=19
2,Boutique Yes,ropa,127,18.462115,-97.394025,https://mitehuacan.mx/?ruta=19
2,French Chic Sa De Cv,ropa,128,18.455747,-97.404847,https://mitehuacan.mx/?ruta=19
2,Maquiladora Julio Acevedo,ropa,128,18.45576,-97.408995,https://mitehuacan.mx/?ruta=19
2,Venta De Ropa Sin Nombre,ropa,128,18.476168,-97.385927,https://mitehuacan.mx/?ruta=19
2,Compra Venta De Ropa Para Dama Novedades Angeles,ropa,133,18.458459,-97.390239,https://mitehuacan.mx/?ruta=19
2,Maquiladora Sin Nombre,ropa,133,18.47458,-97.383331,https://mitehuacan.mx/?ruta=19
2,Bonita Boutique,ropa,134,18.462775,-97.38819,https://mitehuacan.mx/?ruta=19
2,Uniformes Premier,ropa,134,18.457447,-97.391377,https://mitehuacan.mx/?ruta=19
2,Tienda De Ropa Para Caballero,ropa,135,18.457468,-97.392439,https://mitehuacan.mx/?ruta=19
2,Taller De Costura Sn,ropa,136,18.455707,-97.403618,https://mitehuacan.mx/?ruta=19
2,Industrias Textiles Zapata,ropa,137,18.476168,-97.386012,https://mitehuacan.mx/?ruta=19
2,Venta De Ropa Juvenil Para Dama Sin Nombre,ropa,137,18.459601,-97.389382,https://mitehuacan.mx/?ruta=19
2,Venta De Ropa Para Dama D Moda,ropa,137,18.458744,-97.390184,https://mitehuacan.mx/?ruta=19
2,"Comercio Al Por Menor De Ropa, Excepto De Bebé Y Lencería Si",ropa,138,18.473863,-97.383338,https://mitehuacan.mx/?ruta=19
2,Taller De Costura Sn,ropa,138,18.455668,-97.409091,https://mitehuacan.mx/?ruta=19
2,Venta De Ropa De Dama Sin Nombre,ropa,138,18.459595,-97.389484,https://mitehuacan.mx/?ruta=19
2,Venta De Ropa Para Caballero Y Accesorios Sin Nombre,ropa,139,18.458743,-97.390167,https://mitehuacan.mx/?ruta=19
2,Candido Terminados De Maquilas,ropa,140,18.457133,-97.39748,https://mitehuacan.mx/?ruta=19
2,Venta De Ropa Sin Nombre,ropa,141,18.459567,-97.389484,https://mitehuacan.mx/?ruta=19
2,Confecciones San Jose,ropa,146,18.451304,-97.411752,https://mitehuacan.mx/?ruta=19
2,Taller De Maquiladora,ropa,148,18.45287,-97.416715,https://mitehuacan.mx/?ruta=19
2,Taller De Pequeño Mundo,ropa,149,18.46229,-97.39324,https://mitehuacan.mx/?ruta=19
2,Confecciones Loga,ropa,150,18.478152,-97.376696,https://mitehuacan.mx/?ruta=19
2,Reparadora De Calzado La Rosita,zapatería,0,18.462075,-97.38946,https://mitehuacan.mx/?ruta=19
2,Andrea,zapatería,0,18.4629,-97.391401,https://mitehuacan.mx/?ruta=19
2,Reparadora De Calzado Mitre,zapatería,1,18.457155,-97.404859,https://mitehuacan.mx/?ruta=19
2,Reparadora De Calzado Nery,zapatería,1,18.461016,-97.389469,https://mitehuacan.mx/?ruta=19
2,Calzado Por Catalogo,zapatería,2,18.4587,-97.392303,https://mitehuacan.mx/?ruta=19
2,Ferre,zapatería,2,18.461142,-97.391409,https://mitehuacan.mx/?ruta=19
2,Pakar Zapateria,zapatería,2,18.460913,-97.391555,https://mitehuacan.mx/?ruta=19
2,Reparadora De Calzado Hidalgo,zapatería,2,18.458698,-97.392199,https://mitehuacan.mx/?ruta=19
2,Zapateria Andrea,zapatería,2,18.462577,-97.391381,https://mitehuacan.mx/?ruta=19
2,Zapateria Calza A La Moda,zapatería,2,18.463178,-97.389436,https://mitehuacan.mx/?ruta=19
2,Zapateria Crazy Feet,zapatería,2,18.461211,-97.391409,https://mitehuacan.mx/?ruta=19
2,Zapateria Express,zapatería,2,18.461229,-97.391409,https://mitehuacan.mx/?ruta=19
2,Zapateria Gama,zapatería,2,18.462432,-97.391382,https://mitehuacan.mx/?ruta=19
2,Zapateria Isabel,zapatería,2,18.460932,-97.392142,https://mitehuacan.mx/?ruta=19
2,Zapateria Rachell,zapatería,2,18.460937,-97.392265,https://mitehuacan.mx/?ruta=19
2,Zapateria Sports Shoes,zapatería,2,18.461383,-97.391404,https://mitehuacan.mx/?ruta=19
2,Bodega De Zapateria El Pequeño Gigante,zapatería,3,18.461148,-97.399668,https://mitehuacan.mx/?ruta=19
2,Pakar Al Costo,zapatería,3,18.459457,-97.391437,https://mitehuacan.mx/?ruta=19
2,Real Zapateria,zapatería,3,18.459796,-97.391431,https://mitehuacan.mx/?ruta=19
2,Sandalias Crysty,zapatería,3,18.460918,-97.391327,https://mitehuacan.mx/?ruta=19
2,Shoes Collection Pakar,zapatería,3,18.459472,-97.391437,https://mitehuacan.mx/?ruta=19
2,Taller De Costura Sn Nombre,zapatería,3,18.461155,-97.39986,https://mitehuacan.mx/?ruta=19
2,Zapateria Andata,zapatería,3,18.461894,-97.391389,https://mitehuacan.mx/?ruta=19
2,Zapateria Arther,zapatería,3,18.460955,-97.39273,https://mitehuacan.mx/?ruta=19
2,Zapateria Don Zapato,zapatería,3,18.461681,-97.391395,https://mitehuacan.mx/?ruta=19
2,Zapateria El Nuevo Modelo,zapatería,3,18.461943,-97.391387,https://mitehuacan.mx/?ruta=19
2,Zapateria El Pequeño Gigante,zapatería,3,18.460984,-97.391407,https://mitehuacan.mx/?ruta=19
2,Zapaterias Don Zapato,zapatería,3,18.462106,-97.391382,https://mitehuacan.mx/?ruta=19
2,Pakar Zapaterias,zapatería,4,18.460937,-97.391519,https://mitehuacan.mx/?ruta=19
2,Reparadora De Calzado El Venadito Express,zapatería,4,18.463793,-97.389416,https://mitehuacan.mx/?ruta=19
2,Zapateria Ana Maria,zapatería,4,18.45878,-97.391446,https://mitehuacan.mx/?ruta=19
2,Zapateria Andrea,zapatería,4,18.462873,-97.391366,https://mitehuacan.mx/?ruta=19
2,Zapaterias Ana Maria,zapatería,4,18.460812,-97.391406,https://mitehuacan.mx/?ruta=19
2,Elaboracion De Calzado Para Bebe Sin Nombre,zapatería,5,18.45834,-97.399026,https://mitehuacan.mx/?ruta=19
2,Reparadora De Calzado El Gato,zapatería,5,18.4744,-97.38454,https://mitehuacan.mx/?ruta=19
2,Zapateria Montana,zapatería,6,18.469491,-97.391287,https://mitehuacan.mx/?ruta=19
2,Tienda De Accesorios Para Calzado Sin Nombre,zapatería,8,18.461549,-97.391502,https://mitehuacan.mx/?ruta=19
2,Zapateria Aldi,zapatería,9,18.462852,-97.391489,https://mitehuacan.mx/?ruta=19
2,Zapateria El Reventon,zapatería,9,18.461757,-97.3915,https://mitehuacan.mx/?ruta=19
2,Zapateria El Rey Del Ahorro,zapatería,9,18.461721,-97.3915,https://mitehuacan.mx/?ruta=19
2,Zapateria Elite,zapatería,9,18.460817,-97.39165,https://mitehuacan.mx/?ruta=19
2,Zapateria Miranda,zapatería,9,18.46081,-97.391331,https://mitehuacan.mx/?ruta=19
2,Zapaterias Sports Shoes,zapatería,9,18.460772,-97.389899,https://mitehuacan.mx/?ruta=19
2,Zapateria C Klass,zapatería,10,18.458874,-97.394548,https://mitehuacan.mx/?ruta=19
2,Cklass,zapatería,11,18.458877,-97.394541,https://mitehuacan.mx/?ruta=19
2,Cklass,zapatería,12,18.458878,-97.394228,https://mitehuacan.mx/?ruta=19
2,Zapateria Pachikitos,zapatería,12,18.458807,-97.392631,https://mitehuacan.mx/?ruta=19
2,Venta De Tenis Juquilita,zapatería,13,18.458796,-97.392157,https://mitehuacan.mx/?ruta=19
2,Zapateria Ana Maria,zapatería,14,18.460744,-97.390664,https://mitehuacan.mx/?ruta=19
2,Zapateria Calza Ahorros,zapatería,15,18.462803,-97.389317,https://mitehuacan.mx/?ruta=19
2,Zapateria Dica,zapatería,15,18.463165,-97.38931,https://mitehuacan.mx/?ruta=19
2,Tehuacan,zapatería,16,18.462877,-97.391552,https://mitehuacan.mx/?ruta=19
2,Zapateria Arther,zapatería,17,18.461951,-97.391254,https://mitehuacan.mx/?ruta=19
2,Reparadora De Calzado El Venado,zapatería,18,18.46464,-97.389275,https://mitehuacan.mx/?ruta=19
2,Zapateria Capa De Ozono,zapatería,23,18.462879,-97.391617,https://mitehuacan.mx/?ruta=19
2,Zapateria Zona Confort,zapatería,30,18.458966,-97.392519,https://mitehuacan.mx/?ruta=19
2,Calzado Por Catalogo,zapatería,31,18.464934,-97.391097,https://mitehuacan.mx/?ruta=19
2,Reparadora De Calzado California,zapatería,34,18.465968,-97.389763,https://mitehuacan.mx/?ruta=19
2,Temo Outlet,zapatería,36,18.462997,-97.391741,https://mitehuacan.mx/?ruta=19
2,Zapateria Lazos,zapatería,36,18.464863,-97.391735,https://mitehuacan.mx/?ruta=19
2,Zapateria Dica,zapatería,37,18.462804,-97.389109,https://mitehuacan.mx/?ruta=19
2,Zapaterias Vazza,zapatería,37,18.462884,-97.391754,https://mitehuacan.mx/?ruta=19
2,Zapateria Aurora Cepeda,zapatería,38,18.459083,-97.393485,https://mitehuacan.mx/?ruta=19
2,Baby Buchin,zapatería,41,18.459113,-97.393578,https://mitehuacan.mx/?ruta=19
2,Zapateria Moda Shoes,zapatería,41,18.460559,-97.392588,https://mitehuacan.mx/?ruta=19
2,Zapaterias Greys,zapatería,44,18.460532,-97.392587,https://mitehuacan.mx/?ruta=19
2,Coppel Calzado Oriente 765,zapatería,45,18.460751,-97.389053,https://mitehuacan.mx/?ruta=19
2,Elaboracion De Calzado Para Bebe Sin Nombre,zapatería,49,18.45827,-97.400581,https://mitehuacan.mx/?ruta=19
2,Reparadora De Calzado Sin Nombre,zapatería,52,18.474788,-97.387711,https://mitehuacan.mx/?ruta=19
2,Zapateria Soperanez,zapatería,54,18.458763,-97.390973,https://mitehuacan.mx/?ruta=19
2,Zapateria Tio Beto,zapatería,54,18.460382,-97.390664,https://mitehuacan.mx/?ruta=19
2,Zapateria Papos Andy,zapatería,56,18.46289,-97.391934,https://mitehuacan.mx/?ruta=19
2,Venta De Sandalias De Plastico,zapatería,58,18.461578,-97.390014,https://mitehuacan.mx/?ruta=19
2,Taller De Calzado 3 Hermanos,zapatería,61,18.458146,-97.392725,https://mitehuacan.mx/?ruta=19
2,Zapaterias El Reventon,zapatería,61,18.462048,-97.390833,https://mitehuacan.mx/?ruta=19
2,Oficina Administrativa Y Publicidad,zapatería,65,18.462732,-97.392017,https://mitehuacan.mx/?ruta=19
2,Zapateria Angeles,zapatería,65,18.462778,-97.392017,https://mitehuacan.mx/?ruta=19
2,Huaracheria Gloria,zapatería,70,18.461544,-97.390758,https://mitehuacan.mx/?ruta=19
2,Venta De Articulos Varios Sin Nombre,zapatería,70,18.46021,-97.389478,https://mitehuacan.mx/?ruta=19
2,Zapapateria Expres,zapatería,70,18.461616,-97.390758,https://mitehuacan.mx/?ruta=19
2,Zapateria Crazy Feet,zapatería,70,18.461504,-97.390491,https://mitehuacan.mx/?ruta=19
2,Venta De Calzado Por Catalogo Emeva Multimarcas,zapatería,74,18.460297,-97.394075,https://mitehuacan.mx/?ruta=19
2,Zapateria El Reventon,zapatería,75,18.460131,-97.390749,https://mitehuacan.mx/?ruta=19
2,Zapateria Eduars,zapatería,76,18.459072,-97.390754,https://mitehuacan.mx/?ruta=19
2,Venta De Tenis Juquilita,zapatería,77,18.458891,-97.390755,https://mitehuacan.mx/?ruta=19
2,Fabricas De Calzado Andrea Suc Tehuacan,zapatería,79,18.460238,-97.393419,https://mitehuacan.mx/?ruta=19
2,Zapateria Don Zapato,zapatería,79,18.462859,-97.390654,https://mitehuacan.mx/?ruta=19
2,Zapateria Kristal,zapatería,79,18.462859,-97.390654,https://mitehuacan.mx/?ruta=19
2,Zapateria Olaya,zapatería,83,18.461786,-97.39658,https://mitehuacan.mx/?ruta=19
2,Zapaterias Arther,zapatería,84,18.459803,-97.390665,https://mitehuacan.mx/?ruta=19
2,Zapaterias El Reventon,zapatería,84,18.45993,-97.390665,https://mitehuacan.mx/?ruta=19
2,Zapateria 3 Hermanos,zapatería,85,18.459233,-97.390668,https://mitehuacan.mx/?ruta=19
2,Renovadora De Calzado Puebla Ii,zapatería,88,18.458755,-97.39065,https://mitehuacan.mx/?ruta=19
2,Zapateria Giorgio Moretto,zapatería,92,18.460834,-97.388597,https://mitehuacan.mx/?ruta=19
2,Fabrica De Zapatitos Calzado Sandalo,zapatería,98,18.457924,-97.395837,https://mitehuacan.mx/?ruta=19
2,Zapateria Mayfer,zapatería,100,18.460024,-97.392568,https://mitehuacan.mx/?ruta=19
2,Zapateria Cruzitos,zapatería,102,18.459923,-97.389378,https://mitehuacan.mx/?ruta=19
2,Zapatera Outlet,zapatería,106,18.461993,-97.396563,https://mitehuacan.mx/?ruta=19
2,Venta De Articulos Para Calzado Sin Nombre,zapatería,108,18.459871,-97.389579,https://mitehuacan.mx/?ruta=19
2,Arreglo De Calzado Sin Nombre,zapatería,113,18.455882,-97.40587,https://mitehuacan.mx/?ruta=19
2,Reparadora De Calzado Garcia,zapatería,113,18.456877,-97.397715,https://mitehuacan.mx/?ruta=19
2,Peke Kids,zapatería,115,18.448234,-97.416135,https://mitehuacan.mx/?ruta=19
2,Zapateria Ana Maria,zapatería,118,18.458643,-97.390369,https://mitehuacan.mx/?ruta=19
2,Reparadora De Calzado Daniel,zapatería,120,18.454498,-97.415339,https://mitehuacan.mx/?ruta=19
2,Zapateria Sport Shoes,zapatería,120,18.459763,-97.38938,https://mitehuacan.mx/?ruta=19
2,Shoes Collection Pakar,zapatería,122,18.462083,-97.394444,https://mitehuacan.mx/?ruta=19
2,Zapateria Gloria,zapatería,124,18.46496,-97.392567,https://mitehuacan.mx/?ruta=19
2,Zapateria Ing Roberto,zapatería,137,18.462892,-97.388158,https://mitehuacan.mx/?ruta=19
3,Accesorios Michelle,accesorios,0,18.461178,-97.389468,https://mitehuacan.mx/?ruta=19
3,Venta De Accesorios Para Niña,accesorios,0,18.458724,-97.393128,https://mitehuacan.mx/?ruta=19
3,Bisuteria Amor Mio,accesorios,1,18.460934,-97.38947,https://mitehuacan.mx/?ruta=19
3,Accesorios Michel,accesorios,2,18.461202,-97.391409,https://mitehuacan.mx/?ruta=19
3,Novedades Lin,accesorios,2,18.458669,-97.39147,https://mitehuacan.mx/?ruta=19
3,Bisuteria Kiru,accesorios,3,18.460915,-97.391232,https://mitehuacan.mx/?ruta=19
3,Novedades Itzel,accesorios,3,18.460704,-97.391414,https://mitehuacan.mx/?ruta=19
3,Tienda De Accesorios Por Mayoreo Merca Asia,accesorios,3,18.459347,-97.391439,https://mitehuacan.mx/?ruta=19
3,Tienda De Bisuteria Y Novedades Magic,accesorios,3,18.459419,-97.391438,https://mitehuacan.mx/?ruta=19
3,Tienda De Ropa Sin Nombre,accesorios,3,18.462269,-97.391382,https://mitehuacan.mx/?ruta=19
3,Venta De Accesorios Para Dama Escaparate,accesorios,3,18.459573,-97.391435,https://mitehuacan.mx/?ruta=19
3,Venta De Cinturones Y Gorras Publicidad Fercho,accesorios,3,18.460885,-97.390066,https://mitehuacan.mx/?ruta=19
3,Venta De Gorras Yoseline,accesorios,3,18.460872,-97.389583,https://mitehuacan.mx/?ruta=19
3,Venta De Moños Nina,accesorios,3,18.4609,-97.390635,https://mitehuacan.mx/?ruta=19
3,Las Mochilas De Samn Y Mas Venta De Mochilas Y Bolsas,accesorios,4,18.457072,-97.402186,https://mitehuacan.mx/?ruta=19
3,Amatista Bisuteria,accesorios,5,18.466125,-97.391332,https://mitehuacan.mx/?ruta=19
3,Bisuteria Ar,accesorios,8,18.464825,-97.389516,https://mitehuacan.mx/?ruta=19
3,Novedades El Chacharas,accesorios,8,18.460859,-97.392932,https://mitehuacan.mx/?ruta=19
3,Accesorios Para Cabello Sin Nombre,accesorios,9,18.462381,-97.391493,https://mitehuacan.mx/?ruta=19
3,Venta De Mochilas Y Bolsas Sin Nombre,accesorios,13,18.458793,-97.391996,https://mitehuacan.mx/?ruta=19
3,Tienda Dechacharas El Baratetito,accesorios,16,18.463346,-97.389303,https://mitehuacan.mx/?ruta=19
3,Venta De Chucherias Farez Bazar,accesorios,18,18.464776,-97.389273,https://mitehuacan.mx/?ruta=19
3,Chacharas Venta De Diferentes Articulos De Temporada Sin Nom,accesorios,20,18.460686,-97.389369,https://mitehuacan.mx/?ruta=19
3,Bisuteria Y Regalos Sin Nombre,accesorios,25,18.461948,-97.391178,https://mitehuacan.mx/?ruta=19
3,Tienda De Novedades Aremi,accesorios,25,18.460855,-97.389232,https://mitehuacan.mx/?ruta=19
3,Cinturon Casual,accesorios,42,18.460493,-97.390749,https://mitehuacan.mx/?ruta=19
3,Tienda De Ropa Sin Nombre,accesorios,44,18.462056,-97.390994,https://mitehuacan.mx/?ruta=19
3,D Lid Venta De Accesorios,accesorios,46,18.458416,-97.396525,https://mitehuacan.mx/?ruta=19
3,Gemas Preciosas,accesorios,46,18.459159,-97.393577,https://mitehuacan.mx/?ruta=19
3,Ark Bisuteria,accesorios,47,18.458346,-97.394238,https://mitehuacan.mx/?ruta=19
3,Bolsas Y Accesorios Egos Longinos,accesorios,51,18.46485,-97.39091,https://mitehuacan.mx/?ruta=19
3,Venta De Accesorios Para Dama Novedades Flor De Abril,accesorios,53,18.460364,-97.389476,https://mitehuacan.mx/?ruta=19
3,Venta De Mochilas Y Bolsas Sin Nombre,accesorios,58,18.460844,-97.38892,https://mitehuacan.mx/?ruta=19
3,Perfumeria Y Regalos,accesorios,65,18.46152,-97.392641,https://mitehuacan.mx/?ruta=19
3,Venta De Moños Y Accesorios,accesorios,66,18.460274,-97.390664,https://mitehuacan.mx/?ruta=19
3,Bisuteria Michelle,accesorios,76,18.461657,-97.394166,https://mitehuacan.mx/?ruta=19
3,Venta De Gorras Publicidad Y Beisbol,accesorios,77,18.458973,-97.390754,https://mitehuacan.mx/?ruta=19
3,Articulos De Bisuteria Fantasias Dany,accesorios,79,18.462859,-97.390654,https://mitehuacan.mx/?ruta=19
3,Joyeria De Fantasia Y Plata - Plata Linda,accesorios,79,18.462859,-97.390654,https://mitehuacan.mx/?ruta=19
3,Joyeria Y Accesorios Valeria,accesorios,79,18.459407,-97.392421,https://mitehuacan.mx/?ruta=19
3,Venta De Accesorios De Acero Inoxidable Tx Acero Inoxidable,accesorios,79,18.462859,-97.390654,https://mitehuacan.mx/?ruta=19
3,Centro Comercial Casa China,accesorios,80,18.458658,-97.39073,https://mitehuacan.mx/?ruta=19
3,Compra Venta De Bisuteria Y Accesorios Para Dama La Bella,accesorios,84,18.462976,-97.390603,https://mitehuacan.mx/?ruta=19
3,Accesorios De Perlas,accesorios,92,18.461777,-97.393351,https://mitehuacan.mx/?ruta=19
3,Compra Venta De Bisuteria Ark,accesorios,95,18.456046,-97.404877,https://mitehuacan.mx/?ruta=19
3,Venta De Bisuteria Y Novedades Sarang,accesorios,97,18.458651,-97.390568,https://mitehuacan.mx/?ruta=19
3,Mas Bella Accesorios De Dama,accesorios,109,18.461952,-97.394031,https://mitehuacan.mx/?ruta=19
3,Chacharitas Todo Moda Inc,accesorios,110,18.461969,-97.394356,https://mitehuacan.mx/?ruta=19
3,Grace Bolsas Y Accesorios,accesorios,114,18.462107,-97.398202,https://mitehuacan.mx/?ruta=19
3,Venta De Bolsas El Rey De La Bolsa,accesorios,121,18.462779,-97.388314,https://mitehuacan.mx/?ruta=19
3,Du Ciel Bolsas Y Cesorios,accesorios,122,18.458254,-97.403503,https://mitehuacan.mx/?ruta=19
3,Bisuteria Amor Mio,accesorios,124,18.459718,-97.38938,https://mitehuacan.mx/?ruta=19
3,Compra Venta De Accesorios Para Dama,accesorios,124,18.464879,-97.392569,https://mitehuacan.mx/?ruta=19
3,Chacharas Sin Nombre,accesorios,132,18.471461,-97.39027,https://mitehuacan.mx/?ruta=19
3,Venta De Moñoz Moñoz Coqueta,accesorios,132,18.459649,-97.389483,https://mitehuacan.mx/?ruta=19
3,Accesorios N&T,accesorios,141,18.471357,-97.392019,https://mitehuacan.mx/?ruta=19
3,Preparatoria Federal,asistencia social,2,18.466677,-97.389415,https://mitehuacan.mx/?ruta=19
3,Auto Lavado Los Angeles,autolavado,1,18.457168,-97.405276,https://mitehuacan.mx/?ruta=19
3,Autolavado Express Y Pension El Venado,autolavado,1,18.457209,-97.409238,https://mitehuacan.mx/?ruta=19
3,Lavado De Autos Ecowash,autolavado,1,18.458804,-97.395117,https://mitehuacan.mx/?ruta=19
3,Autolavado Star Wash,autolavado,2,18.456462,-97.410414,https://mitehuacan.mx/?ruta=19
3,Autolavado Mendoza,autolavado,3,18.456231,-97.410933,https://mitehuacan.mx/?ruta=19
3,El Pato Mojado Estetica Automotriz,autolavado,3,18.45604,-97.411672,https://mitehuacan.mx/?ruta=19
3,El Vochito Feliz,autolavado,3,18.474342,-97.384992,https://mitehuacan.mx/?ruta=19
3,Auto Lavado El Tiburon 2,autolavado,4,18.473399,-97.388364,https://mitehuacan.mx/?ruta=19
3,Autolavado El Pato Mojado,autolavado,6,18.469799,-97.391282,https://mitehuacan.mx/?ruta=19
3,Estacionamiento Y Autolavado Los Tovis,autolavado,6,18.460486,-97.400257,https://mitehuacan.mx/?ruta=19
3,Autolavado El Abuelo,autolavado,11,18.456135,-97.402435,https://mitehuacan.mx/?ruta=19
3,Autolavado El Pato Mojado Jr,autolavado,27,18.459129,-97.399084,https://mitehuacan.mx/?ruta=19
3,Lavado De Autos Sin Nombre,autolavado,38,18.465891,-97.389082,https://mitehuacan.mx/?ruta=19
3,Lavado De Autos Checo,autolavado,46,18.467015,-97.391805,https://mitehuacan.mx/?ruta=19
3,Auto Lavado El Tiburon,autolavado,50,18.469519,-97.38882,https://mitehuacan.mx/?ruta=19
3,Autolavado Castillo,autolavado,52,18.458298,-97.394129,https://mitehuacan.mx/?ruta=19
3,Lavado De Autos El Pelon,autolavado,78,18.457892,-97.405399,https://mitehuacan.mx/?ruta=19
3,Auto Lavado Sin Nombre,autolavado,89,18.475117,-97.387234,https://mitehuacan.mx/?ruta=19
3,Lavado De Autos Pits,autolavado,93,18.45972,-97.398305,https://mitehuacan.mx/?ruta=19
3,Lavado Y Estacionamiento Riko,autolavado,103,18.466922,-97.392339,https://mitehuacan.mx/?ruta=19
3,Autolavado Juquilita,autolavado,105,18.457427,-97.410952,https://mitehuacan.mx/?ruta=19
3,Lavado De Autos Zuly,autolavado,124,18.467027,-97.392544,https://mitehuacan.mx/?ruta=19
3,Auto Lavado De Jesus,autolavado,140,18.472988,-97.384517,https://mitehuacan.mx/?ruta=19
3,Bar El Caracol,bar,2,18.456887,-97.407363,https://mitehuacan.mx/?ruta=19
3,Alimentos Y Bebidas De La 3 Poniente,bar,3,18.461097,-97.397953,https://mitehuacan.mx/?ruta=19
3,Bar 69 Club,bar,3,18.463431,-97.389428,https://mitehuacan.mx/?ruta=19
3,Bar Max Le Club,bar,3,18.460904,-97.390834,https://mitehuacan.mx/?ruta=19
3,Bar Kevin,bar,4,18.457373,-97.398814,https://mitehuacan.mx/?ruta=19
3,Bar La Providencia,bar,4,18.461126,-97.398701,https://mitehuacan.mx/?ruta=19
3,Bar Presidente,bar,4,18.467012,-97.391324,https://mitehuacan.mx/?ruta=19
3,Bar El Muelle De La Presa,bar,9,18.460916,-97.395141,https://mitehuacan.mx/?ruta=19
3,Bar Camaroninas Beer,bar,10,18.458979,-97.398954,https://mitehuacan.mx/?ruta=19
3,Bar El Nuevo Aterrizaje,bar,15,18.463165,-97.38931,https://mitehuacan.mx/?ruta=19
3,Bar Los Colorines,bar,16,18.4634,-97.389301,https://mitehuacan.mx/?ruta=19
3,Venta De Bebidas Preparadas Los Traguitos,bar,18,18.473401,-97.388582,https://mitehuacan.mx/?ruta=19
3,Hoster Video Bar,bar,24,18.458481,-97.39272,https://mitehuacan.mx/?ruta=19
3,Che Drinks,bar,25,18.47049,-97.391377,https://mitehuacan.mx/?ruta=19
3,Bubas Bar Venta De Bebidas Alcoholicas Y No Alcolicas,bar,38,18.458491,-97.396611,https://mitehuacan.mx/?ruta=19
3,Bar Costa Rica,bar,55,18.457835,-97.400602,https://mitehuacan.mx/?ruta=19
3,La Katryna Lounge Antro Bar,bar,80,18.466918,-97.392121,https://mitehuacan.mx/?ruta=19
3,El Punto,bar,102,18.459801,-97.398302,https://mitehuacan.mx/?ruta=19
3,Bar Los Compañeros,bar,130,18.458244,-97.390333,https://mitehuacan.mx/?ruta=19
3,Venta De Bebidas Balche,bar,137,18.457529,-97.394164,https://mitehuacan.mx/?ruta=19
3,Mientas Espero,bebidas,0,18.460991,-97.395028,https://mitehuacan.mx/?ruta=19
3,Taller De Bicicletas,bicicletas,2,18.456557,-97.410194,https://mitehuacan.mx/?ruta=19
3,Taller De Bicicletas Sin Nombre,bicicletas,6,18.469573,-97.391286,https://mitehuacan.mx/?ruta=19
3,Taller De Bicicletas El Charli,bicicletas,8,18.449819,-97.416378,https://mitehuacan.mx/?ruta=19
3,Venta Refacciones Y Bicicletas Bicimundo,bicicletas,9,18.460768,-97.389738,https://mitehuacan.mx/?ruta=19
3,Bici Refacciones Del Centro,bicicletas,12,18.461329,-97.389347,https://mitehuacan.mx/?ruta=19
3,Taller De Bicicletas Rojas,bicicletas,23,18.470473,-97.389511,https://mitehuacan.mx/?ruta=19
3,Bicicletas Y Refacciones Ikki,bicicletas,29,18.460854,-97.389194,https://mitehuacan.mx/?ruta=19
3,Compra - Venta De Refacciones Bicipartes Juquilita,bicicletas,30,18.452771,-97.414275,https://mitehuacan.mx/?ruta=19
3,Tienda De Bicicletas La Santa Cleta,bicicletas,47,18.466838,-97.389875,https://mitehuacan.mx/?ruta=19
3,Taller De Bicicletas Sin Nombre,bicicletas,52,18.452107,-97.41394,https://mitehuacan.mx/?ruta=19
3,Taller De Bicicleta,bicicletas,66,18.47382,-97.389232,https://mitehuacan.mx/?ruta=19
3,Tienda De Refacciones Para Bicicletas Foxy,bicicletas,74,18.459359,-97.392419,https://mitehuacan.mx/?ruta=19
3,Refacciones Para Bicletas Y Bicicletas Foxy,bicicletas,83,18.459444,-97.392546,https://mitehuacan.mx/?ruta=19
3,Ciclo Sport Benotto,bicicletas,84,18.460093,-97.390664,https://mitehuacan.mx/?ruta=19
3,Bicicletas Y Refacciones Analishia,bicicletas,116,18.459779,-97.392559,https://mitehuacan.mx/?ruta=19
3,Compra Venta De Refacciones Para Bicicleta Ciclismo Total,bicicletas,131,18.462307,-97.399705,https://mitehuacan.mx/?ruta=19
3,Renta De Mesas De Billar Snookball,billar,3,18.463319,-97.391369,https://mitehuacan.mx/?ruta=19
3,Billares Rocker Pool,billar,38,18.462357,-97.389817,https://mitehuacan.mx/?ruta=19
3,Adima Servicios Financieros,caja de ahorro,21,18.460737,-97.392463,https://mitehuacan.mx/?ruta=19
3,Caja Popular Mexicana Sucursal Tehuacan,caja de ahorro,65,18.462504,-97.39202,https://mitehuacan.mx/?ruta=19
3,Caja Zongolica Suc Tehuacan,caja de ahorro,85,18.464838,-97.390248,https://mitehuacan.mx/?ruta=19
3,Caja Universal Cooperativa De Ahorro Y Prestamo,caja de ahorro,112,18.459916,-97.392564,https://mitehuacan.mx/?ruta=19
3,Casa De Empeño Respuesta Rapida,casa de empeño,0,18.462346,-97.389457,https://mitehuacan.mx/?ruta=19
3,Casa De Empeños Presta Teh,casa de empeño,0,18.462545,-97.389455,https://mitehuacan.mx/?ruta=19
3,Prestodin,casa de empeño,0,18.449464,-97.416159,https://mitehuacan.mx/?ruta=19
3,Casa De Empeño Prenda Joya,casa de empeño,2,18.460936,-97.392246,https://mitehuacan.mx/?ruta=19
3,Casa De Empeño Prestaval,casa de empeño,2,18.462333,-97.391382,https://mitehuacan.mx/?ruta=19
3,Casa De Empeño Prenda Lana,casa de empeño,3,18.463319,-97.391369,https://mitehuacan.mx/?ruta=19
3,Casa De Empeño De Remate,casa de empeño,5,18.465169,-97.389394,https://mitehuacan.mx/?ruta=19
3,Casa De Empeño La Esperanza,casa de empeño,5,18.464535,-97.389395,https://mitehuacan.mx/?ruta=19
3,Casa De Empeño Multiventas,casa de empeño,5,18.464504,-97.391347,https://mitehuacan.mx/?ruta=19
3,Casa De Empeño Prendaval,casa de empeño,5,18.464553,-97.389395,https://mitehuacan.mx/?ruta=19
3,Casa De Empeño Casa Prendaria,casa de empeño,6,18.464508,-97.391451,https://mitehuacan.mx/?ruta=19
3,Casa Prendaria,casa de empeño,7,18.45568,-97.412119,https://mitehuacan.mx/?ruta=19
3,Casa De Empeño Mega Empeños,casa de empeño,8,18.460845,-97.392424,https://mitehuacan.mx/?ruta=19
3,Realice Sucursal 4237 Pue,casa de empeño,8,18.462872,-97.391322,https://mitehuacan.mx/?ruta=19
3,Casa De Empeño Valle De Oro,casa de empeño,13,18.462871,-97.39128,https://mitehuacan.mx/?ruta=19
3,Casa De Empeño Surti Empeños,casa de empeño,14,18.462414,-97.389327,https://mitehuacan.mx/?ruta=19
3,Prenda Mex Sucursal 1849 Pue,casa de empeño,14,18.460754,-97.389368,https://mitehuacan.mx/?ruta=19
3,Casa De Empeño Prenda Joya,casa de empeño,16,18.463283,-97.389305,https://mitehuacan.mx/?ruta=19
3,Prendaval,casa de empeño,18,18.460711,-97.390749,https://mitehuacan.mx/?ruta=19
3,Empeño Facial Tehuacan,casa de empeño,32,18.462868,-97.391095,https://mitehuacan.mx/?ruta=19
3,Maple Empeños,casa de empeño,76,18.461657,-97.394166,https://mitehuacan.mx/?ruta=19
3,Casa De Empeño Ayuda Familiar,casa de empeño,93,18.4736,-97.389421,https://mitehuacan.mx/?ruta=19
3,Vision Prendaria Mega Empeño,casa de empeño,102,18.461868,-97.393249,https://mitehuacan.mx/?ruta=19
3,Casa De Empeño Prenda Joya,casa de empeño,126,18.458746,-97.39029,https://mitehuacan.mx/?ruta=19
3,Presta Mas Casa De Empeño,casa de empeño,132,18.475503,-97.386823,https://mitehuacan.mx/?ruta=19
3,Megaempeños,casa de empeño,135,18.462166,-97.393242,https://mitehuacan.mx/?ruta=19
3,Prenda Mex,casa de empeño,135,18.462166,-97.393242,https://mitehuacan.mx/?ruta=19
3,Realice Sucursal 4236 Pue,casa de empeño,144,18.462243,-97.393241,https://mitehuacan.mx/?ruta=19
3,Cerrajeria Imperial,cerrajería,2,18.462541,-97.391381,https://mitehuacan.mx/?ruta=19
3,Cerrajeria Mexicana,cerrajería,3,18.456398,-97.410556,https://mitehuacan.mx/?ruta=19
3,Cerrajeria Mg,cerrajería,3,18.455982,-97.411807,https://mitehuacan.mx/?ruta=19
3,Cerrajeria Mexicana,cerrajería,6,18.464653,-97.389392,https://mitehuacan.mx/?ruta=19
3,Cerrajeria Montoro,cerrajería,9,18.460165,-97.391544,https://mitehuacan.mx/?ruta=19
3,Servicio De Cerrajeria Cerrajeria Gaba,cerrajería,13,18.462288,-97.38933,https://mitehuacan.mx/?ruta=19
3,Cerrajeria,cerrajería,16,18.457436,-97.407975,https://mitehuacan.mx/?ruta=19
3,Cerrajeria Independencia,cerrajería,17,18.462871,-97.391242,https://mitehuacan.mx/?ruta=19
3,Cerrajeria La Cerrajeria,cerrajería,45,18.461938,-97.390989,https://mitehuacan.mx/?ruta=19
3,Cerrajeria Express,cerrajería,70,18.454748,-97.412668,https://mitehuacan.mx/?ruta=19
3,Cerrajeria Sin Nombre,cerrajería,74,18.458659,-97.390786,https://mitehuacan.mx/?ruta=19
3,Cerrajeria El Aguila,cerrajería,76,18.457972,-97.391473,https://mitehuacan.mx/?ruta=19
3,Cerrajeria Arroyo,cerrajería,79,18.460129,-97.389478,https://mitehuacan.mx/?ruta=19
3,Cafetería Morentina,coffee,49,18.463246,-97.390936,https://mitehuacan.mx/?ruta=19
3,Taqueria el Tizon Sureño,comida,3,18.45872,-97.393782,https://mitehuacan.mx/?ruta=19
3,Yankees Pizzas,comida,3,18.458704,-97.392054,https://mitehuacan.mx/?ruta=19
3,Cemitas la Poblanita,comida,4,18.461069,-97.396655,https://mitehuacan.mx/?ruta=19
3,Cemitas La Poblanita,comida,4,18.463967,-97.391361,https://mitehuacan.mx/?ruta=19
3,Pollos Guerrero,comida,4,18.461542,-97.389421,https://mitehuacan.mx/?ruta=19
3,Tacos El Primó,comida,8,18.463791,-97.391472,https://mitehuacan.mx/?ruta=19
3,Pollos Guerrero,comida,10,18.460788,-97.390676,https://mitehuacan.mx/?ruta=19
3,Pizzas iolo,comida,25,18.462976,-97.391165,https://mitehuacan.mx/?ruta=19
3,Pizzas Yankees,comida,69,18.461596,-97.394163,https://mitehuacan.mx/?ruta=19
3,Tacos el Compadre,comida,81,18.457882,-97.404446,https://mitehuacan.mx/?ruta=19
3,Antojitos Teresa,comida,90,18.457973,-97.403235,https://mitehuacan.mx/?ruta=19
3,Pizzas Angelotti,comida,109,18.458236,-97.409415,https://mitehuacan.mx/?ruta=19
3,EL TAQUERO DE RABEL,comida,129,18.4622,-97.396574,https://mitehuacan.mx/?ruta=19
3,Okreativa,company,5,18.458801,-97.397236,https://mitehuacan.mx/?ruta=19
3,Ciber Acct,computación,3,18.462269,-97.391382,https://mitehuacan.mx/?ruta=19
3,La Weba Internet,computación,3,18.45614,-97.411137,https://mitehuacan.mx/?ruta=19
3,Papeleria Dacom,computación,4,18.467184,-97.391322,https://mitehuacan.mx/?ruta=19
3,Internet Sin Nombre,computación,5,18.466577,-97.391328,https://mitehuacan.mx/?ruta=19
3,Cafe Con Aroma De Internet,computación,6,18.464508,-97.391451,https://mitehuacan.mx/?ruta=19
3,Ciber Lalo S Corp,computación,10,18.449578,-97.415663,https://mitehuacan.mx/?ruta=19
3,Cibercafe The Site,computación,18,18.465572,-97.389265,https://mitehuacan.mx/?ruta=19
3,Mahomi Computadoras Ciber,computación,20,18.458698,-97.398361,https://mitehuacan.mx/?ruta=19
3,Informatica Aplicada De Tehuacan,computación,32,18.458979,-97.392407,https://mitehuacan.mx/?ruta=19
3,Internet Del Centro,computación,63,18.461502,-97.392641,https://mitehuacan.mx/?ruta=19
3,Impresiones Pau,computación,98,18.473367,-97.384475,https://mitehuacan.mx/?ruta=19
3,Kaos Renta De Computadoras,computación,102,18.463105,-97.39237,https://mitehuacan.mx/?ruta=19
3,Papeleria Angelito,computación,133,18.47843,-97.384597,https://mitehuacan.mx/?ruta=19
3,Iberobienes,construcción,3,18.461138,-97.399256,https://mitehuacan.mx/?ruta=19
3,Servicio De Internet Sin Nombre,construcción,9,18.458884,-97.395304,https://mitehuacan.mx/?ruta=19
3,Servicio De Plomeria Sin Nombre,construcción,25,18.461948,-97.391178,https://mitehuacan.mx/?ruta=19
3,Sistemas Solares Y Electricos De Mexico,construcción,26,18.467401,-97.389173,https://mitehuacan.mx/?ruta=19
3,Casas Herrero,construcción,110,18.461967,-97.394318,https://mitehuacan.mx/?ruta=19
3,Constructora De Vivienda Tehuacan,construcción,111,18.46199,-97.394713,https://mitehuacan.mx/?ruta=19
3,Iberobienes,construcción,116,18.464958,-97.392493,https://mitehuacan.mx/?ruta=19
3,Creat Sa De Cv,construcción,123,18.45497,-97.415469,https://mitehuacan.mx/?ruta=19
3,Despacho Contable Sin Nombre,contadores,1,18.455146,-97.413351,https://mitehuacan.mx/?ruta=19
3,Rampah Soluciones Estrategicas,contadores,2,18.458694,-97.392,https://mitehuacan.mx/?ruta=19
3,Despacho Contable Martinez,contadores,4,18.463482,-97.391363,https://mitehuacan.mx/?ruta=19
3,Corporativo Fiscal Magno,contadores,6,18.469708,-97.391283,https://mitehuacan.mx/?ruta=19
3,Despacho Contable Fiscal Sebline,contadores,6,18.466173,-97.391436,https://mitehuacan.mx/?ruta=19
3,Servicios De Contabilidad Y Auditoría Sin Nombre,contadores,6,18.469708,-97.391283,https://mitehuacan.mx/?ruta=19
3,Amaro Reyna Y Herrero Consultores,contadores,8,18.460858,-97.392828,https://mitehuacan.mx/?ruta=19
3,Despacho Contable Sin Nombre,contadores,21,18.460755,-97.393382,https://mitehuacan.mx/?ruta=19
3,Despacho Contable Y Fiscal Sin Nombre,contadores,44,18.458346,-97.39364,https://mitehuacan.mx/?ruta=19
3,Despacho Gil Conde,contadores,61,18.45932,-97.394114,https://mitehuacan.mx/?ruta=19
3,Despacho Mora Morales,contadores,74,18.469668,-97.392038,https://mitehuacan.mx/?ruta=19
3,Despacho Contable,contadores,75,18.470947,-97.390346,https://mitehuacan.mx/?ruta=19
3,Despacho Contable Sin Nombre,contadores,82,18.460204,-97.393422,https://mitehuacan.mx/?ruta=19
3,Despacho Cap Contadores,contadores,97,18.470037,-97.39225,https://mitehuacan.mx/?ruta=19
3,Inmobiliaria Amin,contadores,98,18.464874,-97.392323,https://mitehuacan.mx/?ruta=19
3,Waldo Alonso Y Asociados,contadores,102,18.46306,-97.392371,https://mitehuacan.mx/?ruta=19
3,Despacho Contable Martinez Y Asociados,contadores,116,18.471312,-97.390967,https://mitehuacan.mx/?ruta=19
3,Despacho Contable Y Fiscal Sin Nombre,contadores,133,18.457568,-97.394333,https://mitehuacan.mx/?ruta=19
3,Despacho Contable Y Fiscal Gerardo Ramirez Tobon,contadores,146,18.457464,-97.394678,https://mitehuacan.mx/?ruta=19
3,Centro De Copiado Quality Sharp,copias,18,18.46474,-97.389273,https://mitehuacan.mx/?ruta=19
3,Soluciones Digitales Tehuacan,copias,19,18.461115,-97.393295,https://mitehuacan.mx/?ruta=19
3,Quality Copier,copias,24,18.460731,-97.393479,https://mitehuacan.mx/?ruta=19
3,Centro De Copiado Kiwi,copias,54,18.461431,-97.393288,https://mitehuacan.mx/?ruta=19
3,Copias Saraoma,copias,115,18.464877,-97.392484,https://mitehuacan.mx/?ruta=19
3,Copias Y Papeleria Hidalgo,copias,135,18.457462,-97.392231,https://mitehuacan.mx/?ruta=19
3,Tienda De Ropa Deportiva Sin Nombre,deportes,0,18.462219,-97.389458,https://mitehuacan.mx/?ruta=19
3,Venta De Tenis Y Gorras Sin Nombre,deportes,1,18.461215,-97.389468,https://mitehuacan.mx/?ruta=19
3,Compra Venta De Ropa Deportiva Anda Sports,deportes,5,18.46541,-97.391339,https://mitehuacan.mx/?ruta=19
3,Venta De Calzado Y Accesorios,deportes,5,18.45735,-97.408413,https://mitehuacan.mx/?ruta=19
3,Tienda De Ropa Deportiva Ga Mat Sport,deportes,6,18.46659,-97.391432,https://mitehuacan.mx/?ruta=19
3,Tienda De Ropa Deportiva Sportworld Factory,deportes,6,18.465359,-97.391443,https://mitehuacan.mx/?ruta=19
3,Uniformes Payma,deportes,6,18.455793,-97.411879,https://mitehuacan.mx/?ruta=19
3,Tienda De Tennis Señor Tenni,deportes,8,18.46135,-97.391508,https://mitehuacan.mx/?ruta=19
3,Tienda De Articulos Deportivos Montaño,deportes,9,18.459151,-97.391557,https://mitehuacan.mx/?ruta=19
3,Tienda De Tenis Fly Shoes,deportes,9,18.450108,-97.414458,https://mitehuacan.mx/?ruta=19
3,Tienda De Deportes Atleticos,deportes,10,18.462985,-97.391305,https://mitehuacan.mx/?ruta=19
3,Deportes Dialta,deportes,13,18.461184,-97.389343,https://mitehuacan.mx/?ruta=19
3,Tienda De Deportes Tehuacan Zona Sport,deportes,16,18.463328,-97.389304,https://mitehuacan.mx/?ruta=19
3,Venta De Ropa Deportiva Para Hombre Sin Nombre,deportes,16,18.460726,-97.390664,https://mitehuacan.mx/?ruta=19
3,Atleticos,deportes,18,18.462986,-97.391234,https://mitehuacan.mx/?ruta=19
3,Compra Y Venta De Ropa Deportiva Zas Sport,deportes,20,18.46182,-97.389646,https://mitehuacan.mx/?ruta=19
3,Compra Venta De Ropa Deportiva Influencers,deportes,32,18.464862,-97.391697,https://mitehuacan.mx/?ruta=19
3,Temo Tenis,deportes,36,18.462997,-97.391741,https://mitehuacan.mx/?ruta=19
3,Zapateria Juquilita,deportes,37,18.460536,-97.390664,https://mitehuacan.mx/?ruta=19
3,Zapateria Stop,deportes,38,18.464944,-97.391751,https://mitehuacan.mx/?ruta=19
3,Zapateria Tenis Juquilita,deportes,40,18.458668,-97.391109,https://mitehuacan.mx/?ruta=19
3,Venta De Tenis Always Cute,deportes,42,18.460546,-97.392457,https://mitehuacan.mx/?ruta=19
3,Atleticos,deportes,46,18.462899,-97.391839,https://mitehuacan.mx/?ruta=19
3,Tieda De Articulos Deportivos Atleticos,deportes,50,18.462888,-97.391877,https://mitehuacan.mx/?ruta=19
3,Venta De Tenis En General Pirma,deportes,61,18.460319,-97.390664,https://mitehuacan.mx/?ruta=19
3,Compra Venta De Articulos Deportivos Lily,deportes,68,18.464835,-97.390085,https://mitehuacan.mx/?ruta=19
3,Articulos Deportivos Barroso,deportes,75,18.460068,-97.390749,https://mitehuacan.mx/?ruta=19
3,Venta De Ropa Deportiva Sin Nombre,deportes,75,18.456292,-97.398105,https://mitehuacan.mx/?ruta=19
3,Zapateria Moda A Tus Pies,deportes,77,18.46158,-97.390195,https://mitehuacan.mx/?ruta=19
3,Tienda De Ropa Venta Gorras Y Playeras El Chino,deportes,79,18.462859,-97.390654,https://mitehuacan.mx/?ruta=19
3,Zapateria Pirma Orange Sport,deportes,84,18.459785,-97.390665,https://mitehuacan.mx/?ruta=19
3,Zapaterias Venta De Tenis,deportes,85,18.459033,-97.390669,https://mitehuacan.mx/?ruta=19
3,Compra Venta De Ropa Deportiva Cory Fit,deportes,96,18.464873,-97.392304,https://mitehuacan.mx/?ruta=19
3,Venta De Playeras Deportivas Sin Nombre,deportes,109,18.459863,-97.389379,https://mitehuacan.mx/?ruta=19
3,Tienda De Playeras Real Comos,deportes,118,18.460015,-97.398189,https://mitehuacan.mx/?ruta=19
3,Caseta Esquina De La Suerte,deportes,132,18.462915,-97.392654,https://mitehuacan.mx/?ruta=19
3,Venta De Tenis Y Gorras Sin Nombre,deportes,142,18.458634,-97.390142,https://mitehuacan.mx/?ruta=19
3,Zapateria Champions Shoes,deportes,142,18.462254,-97.394142,https://mitehuacan.mx/?ruta=19
3,Compra Venta De Tenis Luna Nueva,deportes,143,18.458634,-97.390133,https://mitehuacan.mx/?ruta=19
3,Venta De Articulos Deportivos Central Deportiva,deportes,149,18.45753,-97.390711,https://mitehuacan.mx/?ruta=19
3,Modelorama Avenida Ejercito Mexicano,depósito,1,18.477027,-97.384496,https://mitehuacan.mx/?ruta=19
3,Six El Canal,depósito,6,18.456966,-97.406926,https://mitehuacan.mx/?ruta=19
3,Deposito El Cedro,depósito,7,18.455703,-97.412069,https://mitehuacan.mx/?ruta=19
3,Deka Beer Deposito De Cerveza,depósito,9,18.456936,-97.400863,https://mitehuacan.mx/?ruta=19
3,Deposito Cerveceria El Depo,depósito,15,18.468225,-97.389268,https://mitehuacan.mx/?ruta=19
3,Pue Six Agencia Tehuacan,depósito,74,18.478579,-97.373629,https://mitehuacan.mx/?ruta=19
3,La Caguamita Feliz,depósito,128,18.454466,-97.415413,https://mitehuacan.mx/?ruta=19
3,Cerveceria Merino,depósito,144,18.471567,-97.391361,https://mitehuacan.mx/?ruta=19
3,Dulceria Santa Clara,dulcería,1,18.46103,-97.396029,https://mitehuacan.mx/?ruta=19
3,Caseta De Dulces Ale,dulcería,3,18.452377,-97.414432,https://mitehuacan.mx/?ruta=19
3,Dulceria Aby,dulcería,4,18.455216,-97.413748,https://mitehuacan.mx/?ruta=19
3,Central De Dulces,dulcería,10,18.460563,-97.39154,https://mitehuacan.mx/?ruta=19
3,Venta De Dulces Sin Nombre,dulcería,11,18.450945,-97.413009,https://mitehuacan.mx/?ruta=19
3,Dulces Y Piñatas Bello,dulcería,25,18.461948,-97.391178,https://mitehuacan.mx/?ruta=19
3,El Reyno De Dabichos,dulcería,25,18.461948,-97.391178,https://mitehuacan.mx/?ruta=19
3,Venta De Dulces Sin Nombre,dulcería,25,18.461948,-97.391178,https://mitehuacan.mx/?ruta=19
3,Venta De Dulces,dulcería,31,18.457603,-97.408712,https://mitehuacan.mx/?ruta=19
3,Dulceria Walos Express,dulcería,38,18.460626,-97.394197,https://mitehuacan.mx/?ruta=19
3,Tendajon Lupita,dulcería,42,18.456529,-97.407652,https://mitehuacan.mx/?ruta=19
3,Venta De Dulces Sin Nombre,dulcería,44,18.457639,-97.406929,https://mitehuacan.mx/?ruta=19
3,Venta De Dulces Sueños Magicos,dulcería,45,18.47709,-97.383666,https://mitehuacan.mx/?ruta=19
3,Elaboracion De Mueganos Tehuacan,dulcería,67,18.459451,-97.397192,https://mitehuacan.mx/?ruta=19
3,Venta De Dulces,dulcería,69,18.456127,-97.403081,https://mitehuacan.mx/?ruta=19
3,Asuka Venta De Materias Primas Y Utensilios Para Reposteria,dulcería,80,18.457965,-97.392444,https://mitehuacan.mx/?ruta=19
3,Venta De Dulces Sin Nombre,dulcería,103,18.478563,-97.376838,https://mitehuacan.mx/?ruta=19
3,Venta De Dulces Y Refrescos Paola,dulcería,107,18.462091,-97.392426,https://mitehuacan.mx/?ruta=19
3,Venta De Dulces Refrescos Y Cigarros,dulcería,109,18.462907,-97.392436,https://mitehuacan.mx/?ruta=19
3,Venta De Dulces Tipicos Mueganos El Aguila,dulcería,115,18.457619,-97.39148,https://mitehuacan.mx/?ruta=19
3,Tienda De Dulces Isabel,dulcería,123,18.455795,-97.404934,https://mitehuacan.mx/?ruta=19
3,Caseta De Parque,dulcería,129,18.462098,-97.392729,https://mitehuacan.mx/?ruta=19
3,Venta De Dulces Sin Nombre,dulcería,133,18.455119,-97.398233,https://mitehuacan.mx/?ruta=19
3,Mueganos El Real,dulcería,144,18.462403,-97.399085,https://mitehuacan.mx/?ruta=19
3,Puebla Comunicaciones,energía,3,18.45724,-97.407474,https://mitehuacan.mx/?ruta=19
3,Exa Fm,energía,139,18.4622,-97.393242,https://mitehuacan.mx/?ruta=19
3,La Mejor 1007 Fm,energía,139,18.4622,-97.393242,https://mitehuacan.mx/?ruta=19
3,Radio Comunitaria Hermanos Serdan,energía,146,18.460324,-97.388195,https://mitehuacan.mx/?ruta=19
3,Estudio Visual Films,fotografía,1,18.450324,-97.414207,https://mitehuacan.mx/?ruta=19
3,Foto Estudio Mendez,fotografía,2,18.456897,-97.408834,https://mitehuacan.mx/?ruta=19
3,Foto Fujillama,fotografía,2,18.46094,-97.392332,https://mitehuacan.mx/?ruta=19
3,La Casa De La Plata,fotografía,2,18.458694,-97.392,https://mitehuacan.mx/?ruta=19
3,Foto Estudio Lumiere,fotografía,5,18.465522,-97.38939,https://mitehuacan.mx/?ruta=19
3,Foto Estudio Noba Digital Servicio De Fotografia,fotografía,6,18.464526,-97.391451,https://mitehuacan.mx/?ruta=19
3,Tienda De Telefonia Distribuidor Autorizado Pamec Telcel,fotografía,8,18.460856,-97.392705,https://mitehuacan.mx/?ruta=19
3,La Feria,fotografía,17,18.461083,-97.392555,https://mitehuacan.mx/?ruta=19
3,Estudio Saul Magaña,fotografía,34,18.464934,-97.391068,https://mitehuacan.mx/?ruta=19
3,Foto Klick,fotografía,36,18.464863,-97.391735,https://mitehuacan.mx/?ruta=19
3,Fotos Y Video Franco,fotografía,54,18.476641,-97.383806,https://mitehuacan.mx/?ruta=19
3,Foto Estudio Noba Digital Estudio De Fotografia,fotografía,79,18.464951,-97.39214,https://mitehuacan.mx/?ruta=19
3,Centro Digital Fotografico,fotografía,100,18.464874,-97.392342,https://mitehuacan.mx/?ruta=19
3,Foto Studio Mario,fotografía,136,18.464962,-97.39268,https://mitehuacan.mx/?ruta=19
3,Estudio De Fotos Fujifilm,fotografía,137,18.462713,-97.388158,https://mitehuacan.mx/?ruta=19
3,Fotoestudio Mario,fotografía,145,18.464951,-97.392762,https://mitehuacan.mx/?ruta=19
3,San Isidro,frutería,1,18.457159,-97.405001,https://mitehuacan.mx/?ruta=19
3,Verduleria,frutería,1,18.476162,-97.384001,https://mitehuacan.mx/?ruta=19
3,Coco Bongo Venta De Coco Y Piña,frutería,3,18.457056,-97.401656,https://mitehuacan.mx/?ruta=19
3,Venta De Jitomate,frutería,3,18.461564,-97.391399,https://mitehuacan.mx/?ruta=19
3,Compra Venta De Frutas Y Verduras Sin Nombre,frutería,4,18.456201,-97.399872,https://mitehuacan.mx/?ruta=19
3,Venta De Frutas Y Verduras Jeison,frutería,4,18.456201,-97.399872,https://mitehuacan.mx/?ruta=19
3,Venta De Frutas Y Verduras Manolo,frutería,4,18.456201,-97.399872,https://mitehuacan.mx/?ruta=19
3,Venta De Frutas Y Verduras Sin Nombre,frutería,4,18.456201,-97.399872,https://mitehuacan.mx/?ruta=19
3,Venta De Jitomate Sin Nombre,frutería,4,18.468985,-97.38892,https://mitehuacan.mx/?ruta=19
3,Venta Verduras Y Aguas Frescas,frutería,4,18.456201,-97.399872,https://mitehuacan.mx/?ruta=19
3,Venta De Verduras Y Frutas Sin Nombre,frutería,5,18.47901,-97.378428,https://mitehuacan.mx/?ruta=19
3,Frutas Y Verduras Befelseh,frutería,6,18.465024,-97.391446,https://mitehuacan.mx/?ruta=19
3,Venta De Frutas Y Verduras Befelseh,frutería,6,18.465024,-97.391446,https://mitehuacan.mx/?ruta=19
3,Verduleria Sin Nombre,frutería,8,18.477487,-97.381284,https://mitehuacan.mx/?ruta=19
3,Frutas Y Verduras Sanadu,frutería,9,18.458936,-97.397257,https://mitehuacan.mx/?ruta=19
3,Venta De Frutas Y Verduras,frutería,9,18.46079,-97.390563,https://mitehuacan.mx/?ruta=19
3,Venta De Frutas Sin Nombre,frutería,16,18.476993,-97.38474,https://mitehuacan.mx/?ruta=19
3,Frutas Lupe,frutería,25,18.461948,-97.391178,https://mitehuacan.mx/?ruta=19
3,Frutas Y Verduras El Huerto,frutería,25,18.461948,-97.391178,https://mitehuacan.mx/?ruta=19
3,Frutas Y Verduras Irma,frutería,25,18.461948,-97.391178,https://mitehuacan.mx/?ruta=19
3,Frutas Y Verduras La Flor De Tabasco,frutería,25,18.461948,-97.391178,https://mitehuacan.mx/?ruta=19
3,Frutas Y Verduras Sin Nombre,frutería,25,18.461948,-97.391178,https://mitehuacan.mx/?ruta=19
3,Frutas Y Verduras Toya,frutería,25,18.461948,-97.391178,https://mitehuacan.mx/?ruta=19
3,Venta De Abarrotes Y Verduras,frutería,25,18.461948,-97.391178,https://mitehuacan.mx/?ruta=19
3,Venta De Frutas Y Verduras Sin Nombre,frutería,25,18.461948,-97.391178,https://mitehuacan.mx/?ruta=19
3,Venta De Verduras Sin Nombre,frutería,25,18.461948,-97.391178,https://mitehuacan.mx/?ruta=19
3,Venta De Verduras Y Legumbres Piachis,frutería,25,18.461948,-97.391178,https://mitehuacan.mx/?ruta=19
3,Verduleria Las Tres Palomas,frutería,25,18.461948,-97.391178,https://mitehuacan.mx/?ruta=19
3,Verduleria Sin Nombre,frutería,25,18.461948,-97.391178,https://mitehuacan.mx/?ruta=19
3,Verduras Divina Providencia,frutería,25,18.461948,-97.391178,https://mitehuacan.mx/?ruta=19
3,Verduras Sin Nombre,frutería,25,18.461948,-97.391178,https://mitehuacan.mx/?ruta=19
3,Verduras Y Chiles Secos Sin Nombre,frutería,25,18.461948,-97.391178,https://mitehuacan.mx/?ruta=19
3,Verduras Y Frutas Sin Nombre,frutería,25,18.461948,-97.391178,https://mitehuacan.mx/?ruta=19
3,Verduras Y Legumbres Sin Nombre,frutería,25,18.461948,-97.391178,https://mitehuacan.mx/?ruta=19
3,Verduleria Sin Nombre,frutería,46,18.457624,-97.40614,https://mitehuacan.mx/?ruta=19
3,Fruteria Y Verduleria Yoyis,frutería,48,18.45699,-97.399571,https://mitehuacan.mx/?ruta=19
3,Frutas Dani,frutería,55,18.474811,-97.387679,https://mitehuacan.mx/?ruta=19
3,Venta De Frutas Y Verduras Romero,frutería,62,18.456986,-97.399438,https://mitehuacan.mx/?ruta=19
3,Abastecedora Del Campo,frutería,63,18.464815,-97.388852,https://mitehuacan.mx/?ruta=19
3,Venta De Verduras Y Frutas Zapata,frutería,69,18.477689,-97.384644,https://mitehuacan.mx/?ruta=19
3,Venta De Jitomate Sin Nombre,frutería,86,18.458655,-97.390673,https://mitehuacan.mx/?ruta=19
3,Venta De Frutas Y Verduras,frutería,87,18.458064,-97.407732,https://mitehuacan.mx/?ruta=19
3,Venta De Frutas Y Verduras Sin Nombre,frutería,90,18.46898,-97.390249,https://mitehuacan.mx/?ruta=19
3,Verduleria,frutería,91,18.45803,-97.40611,https://mitehuacan.mx/?ruta=19
3,Frutas Y Verduras Mendoza,frutería,97,18.450919,-97.412186,https://mitehuacan.mx/?ruta=19
3,Frutas Y Verduras Sin Nombre,frutería,99,18.456014,-97.407671,https://mitehuacan.mx/?ruta=19
3,El Expendio,frutería,110,18.457667,-97.391583,https://mitehuacan.mx/?ruta=19
3,Venta De Frutas Y Verduras Sin Nombre,frutería,110,18.477766,-97.378288,https://mitehuacan.mx/?ruta=19
3,Funeraria Velazquez,funeraria,0,18.44927,-97.416602,https://mitehuacan.mx/?ruta=19
3,Funerales Cristo Rey,funeraria,1,18.449156,-97.416864,https://mitehuacan.mx/?ruta=19
3,Funerales Del Sureste,funeraria,1,18.448975,-97.417029,https://mitehuacan.mx/?ruta=19
3,Funerales Santa Fe,funeraria,5,18.46607,-97.391332,https://mitehuacan.mx/?ruta=19
3,Funerarias Santa Fe,funeraria,6,18.4663,-97.391434,https://mitehuacan.mx/?ruta=19
3,Velatorios Y Funerales Jardin,funeraria,6,18.468083,-97.391412,https://mitehuacan.mx/?ruta=19
3,Funerales Garcia,funeraria,7,18.475785,-97.384543,https://mitehuacan.mx/?ruta=19
3,Funerales Del Valle,funeraria,123,18.454486,-97.415366,https://mitehuacan.mx/?ruta=19
3,Maquila Sin Nombre,fábrica,0,18.456179,-97.39901,https://mitehuacan.mx/?ruta=19
3,Papas Y Platanos Crazy,fábrica,0,18.456188,-97.39936,https://mitehuacan.mx/?ruta=19
3,Bordadora Sin Nombre,fábrica,1,18.451701,-97.416039,https://mitehuacan.mx/?ruta=19
3,Diseños Rosetti Fabricacion De Disfrases Muñecos De Peluche ,fábrica,1,18.458853,-97.397563,https://mitehuacan.mx/?ruta=19
3,La Catedral Del Helado Don Sebastian,fábrica,2,18.460962,-97.393128,https://mitehuacan.mx/?ruta=19
3,Neveria Xolotl,fábrica,2,18.473772,-97.388486,https://mitehuacan.mx/?ruta=19
3,Novedades Rina,fábrica,2,18.477204,-97.384248,https://mitehuacan.mx/?ruta=19
3,Bordados Y Aplicaciones Textiles,fábrica,3,18.461138,-97.399223,https://mitehuacan.mx/?ruta=19
3,Carrocerias Zarate,fábrica,3,18.454124,-97.413852,https://mitehuacan.mx/?ruta=19
3,Hechuras Y Composturas De Prendas,fábrica,3,18.461155,-97.399867,https://mitehuacan.mx/?ruta=19
3,Helados San Jose,fábrica,3,18.450025,-97.414908,https://mitehuacan.mx/?ruta=19
3,Composturas De Ropa,fábrica,4,18.468463,-97.389359,https://mitehuacan.mx/?ruta=19
3,Elaboracion De Uniformes Industriales Creaciones Idalid,fábrica,4,18.474846,-97.384625,https://mitehuacan.mx/?ruta=19
3,Maquila El Riego,fábrica,4,18.456106,-97.411213,https://mitehuacan.mx/?ruta=19
3,Elaboracion Y Venta De Papas Fritas Lupita,fábrica,5,18.466143,-97.391332,https://mitehuacan.mx/?ruta=19
3,Paleteria Y Neveria La Michoacana,fábrica,5,18.465084,-97.391342,https://mitehuacan.mx/?ruta=19
3,Taller De Talla Y Escultura,fábrica,5,18.469585,-97.391382,https://mitehuacan.mx/?ruta=19
3,Venta De Productos De Limpieza Qatara,fábrica,5,18.469775,-97.391381,https://mitehuacan.mx/?ruta=19
3,Ataudes De Tehuacan,fábrica,6,18.475423,-97.384541,https://mitehuacan.mx/?ruta=19
3,Bordados Js Bordadora,fábrica,6,18.456977,-97.401962,https://mitehuacan.mx/?ruta=19
3,Canteras Para Pisos Y Fachadas,fábrica,8,18.470349,-97.3884,https://mitehuacan.mx/?ruta=19
3,Confecciones Same,fábrica,8,18.476091,-97.382877,https://mitehuacan.mx/?ruta=19
3,Taller De Artesania De Marmol Sin Nombre,fábrica,8,18.45002,-97.414663,https://mitehuacan.mx/?ruta=19
3,Balconeria Sin Nombre,fábrica,9,18.45895,-97.397826,https://mitehuacan.mx/?ruta=19
3,Carpinteria El Portal,fábrica,9,18.458946,-97.397655,https://mitehuacan.mx/?ruta=19
3,Confecciones Y Composturas De Ropa Sin Nombre,fábrica,9,18.460773,-97.389937,https://mitehuacan.mx/?ruta=19
3,Elaboracion Y Venta De Piñatas Villa Piñata,fábrica,9,18.458881,-97.395143,https://mitehuacan.mx/?ruta=19
3,Maquiladora Sin Nombre,fábrica,9,18.478212,-97.381316,https://mitehuacan.mx/?ruta=19
3,Confección En Serie De Camisas Sin Nombre,fábrica,10,18.470358,-97.391009,https://mitehuacan.mx/?ruta=19
3,Maquiladora Sin Nombre,fábrica,10,18.470353,-97.388704,https://mitehuacan.mx/?ruta=19
3,Carpinteria Sin Nombre,fábrica,11,18.457399,-97.39995,https://mitehuacan.mx/?ruta=19
3,Carpinteria El Chuy,fábrica,12,18.450798,-97.413401,https://mitehuacan.mx/?ruta=19
3,Rm Vitrales,fábrica,12,18.456962,-97.398907,https://mitehuacan.mx/?ruta=19
3,Confeccion De Camisa Roman,fábrica,21,18.456048,-97.401366,https://mitehuacan.mx/?ruta=19
3,Confecciones Sin Nombre,fábrica,21,18.474506,-97.386968,https://mitehuacan.mx/?ruta=19
3,Paleteria Y Neveria La Michoacana,fábrica,21,18.461122,-97.392647,https://mitehuacan.mx/?ruta=19
3,Sellos Expres,fábrica,21,18.464854,-97.391194,https://mitehuacan.mx/?ruta=19
3,Confecciones Alcobo Sa De Cv,fábrica,22,18.456434,-97.401279,https://mitehuacan.mx/?ruta=19
3,Confeccion Y Venta De Dizfraces,fábrica,23,18.459084,-97.398231,https://mitehuacan.mx/?ruta=19
3,Carpinteria Micer,fábrica,25,18.466829,-97.389667,https://mitehuacan.mx/?ruta=19
3,Compostura De Ropa Sin Nombre,fábrica,26,18.45739,-97.403219,https://mitehuacan.mx/?ruta=19
3,Carpinteria Rangel,fábrica,27,18.458567,-97.395824,https://mitehuacan.mx/?ruta=19
3,Costurera Sin Nombre,fábrica,27,18.453493,-97.413851,https://mitehuacan.mx/?ruta=19
3,Carpinteria Sin Nombre,fábrica,33,18.476172,-97.385025,https://mitehuacan.mx/?ruta=19
3,Centro De Diseño,fábrica,35,18.465961,-97.389108,https://mitehuacan.mx/?ruta=19
3,Talabarteria La Silla Poblana,fábrica,35,18.460554,-97.390664,https://mitehuacan.mx/?ruta=19
3,Señorial Sastreria,fábrica,38,18.45847,-97.395911,https://mitehuacan.mx/?ruta=19
3,Taller De Elaboracion De Camisa,fábrica,41,18.478415,-97.37549,https://mitehuacan.mx/?ruta=19
3,Balconeria Montalvo,fábrica,46,18.476173,-97.385149,https://mitehuacan.mx/?ruta=19
3,Sastreria El Buen Vestir,fábrica,47,18.461563,-97.400238,https://mitehuacan.mx/?ruta=19
3,Teller De Costura Garald,fábrica,48,18.464821,-97.388994,https://mitehuacan.mx/?ruta=19
3,Flexicolor Lonas Y Anuncios,fábrica,50,18.470716,-97.391374,https://mitehuacan.mx/?ruta=19
3,Carroserias Beristain,fábrica,56,18.448858,-97.41604,https://mitehuacan.mx/?ruta=19
3,Manufacturas Janofer,fábrica,56,18.464947,-97.391922,https://mitehuacan.mx/?ruta=19
3,Congelados El Guero,fábrica,57,18.456224,-97.412633,https://mitehuacan.mx/?ruta=19
3,Suajes Jr Elaboracion De Troqueles,fábrica,57,18.458904,-97.39962,https://mitehuacan.mx/?ruta=19
3,Taller De Bordado Sin Nombre,fábrica,59,18.470292,-97.391894,https://mitehuacan.mx/?ruta=19
3,Maquiladora La Comer,fábrica,60,18.466843,-97.389998,https://mitehuacan.mx/?ruta=19
3,Regalos Y Novedades Mochilas Maty,fábrica,62,18.461435,-97.390758,https://mitehuacan.mx/?ruta=19
3,Bordadoras Industriales,fábrica,75,18.455514,-97.398717,https://mitehuacan.mx/?ruta=19
3,Imprenta El Sello,fábrica,75,18.46702,-97.39208,https://mitehuacan.mx/?ruta=19
3,Elaboracion De Jaulas Sin Nombre,fábrica,76,18.477851,-97.380263,https://mitehuacan.mx/?ruta=19
3,Confecciones Candy,fábrica,78,18.451022,-97.41578,https://mitehuacan.mx/?ruta=19
3,Carpinteria En General Roberts,fábrica,79,18.457532,-97.398116,https://mitehuacan.mx/?ruta=19
3,Carpinteria Y Ebanisteria Sin Nombre,fábrica,85,18.471034,-97.390178,https://mitehuacan.mx/?ruta=19
3,Bloquera Zapata,fábrica,86,18.475265,-97.385511,https://mitehuacan.mx/?ruta=19
3,Ali Confecciones,fábrica,100,18.457908,-97.397971,https://mitehuacan.mx/?ruta=19
3,Ali Confecciones Confecciona Todo Tipo De Prendas De Vestir ,fábrica,100,18.457908,-97.397971,https://mitehuacan.mx/?ruta=19
3,Mosaico Moreno,fábrica,102,18.464873,-97.38848,https://mitehuacan.mx/?ruta=19
3,Uniformes Sait,fábrica,103,18.473171,-97.389355,https://mitehuacan.mx/?ruta=19
3,Vestidos Ceremoniales Novia Bella Alta Costura,fábrica,103,18.459849,-97.392435,https://mitehuacan.mx/?ruta=19
3,Maquiladora Sin Nombre,fábrica,106,18.473804,-97.383691,https://mitehuacan.mx/?ruta=19
3,Bordados San Miguel,fábrica,108,18.464279,-97.388424,https://mitehuacan.mx/?ruta=19
3,Confeccion De Disfraces La Magia De Oz,fábrica,110,18.464677,-97.388407,https://mitehuacan.mx/?ruta=19
3,Taller De Bordados Sin Nombre,fábrica,110,18.453611,-97.414786,https://mitehuacan.mx/?ruta=19
3,Bordados Sin Nombre,fábrica,111,18.478177,-97.384611,https://mitehuacan.mx/?ruta=19
3,Carpinteria Hernandez,fábrica,113,18.448758,-97.415197,https://mitehuacan.mx/?ruta=19
3,Taller De Costura Vazquez,fábrica,113,18.475331,-97.38734,https://mitehuacan.mx/?ruta=19
3,Confeccion De Disfraces Para Niñas,fábrica,115,18.455137,-97.399387,https://mitehuacan.mx/?ruta=19
3,Vidrios Y Vitrales San Francisco,fábrica,117,18.455291,-97.398228,https://mitehuacan.mx/?ruta=19
3,Confeccion De Ropa Sin Nombre,fábrica,122,18.464793,-97.388293,https://mitehuacan.mx/?ruta=19
3,Exhibicion De Sastreria El Buen Vestir,fábrica,122,18.462244,-97.400307,https://mitehuacan.mx/?ruta=19
3,Tienda De Exhibicion De Trajes Black Prince,fábrica,122,18.462244,-97.400307,https://mitehuacan.mx/?ruta=19
3,Tallado A Mano De Figuras De Madera,fábrica,123,18.471375,-97.389561,https://mitehuacan.mx/?ruta=19
3,Maquila Sin Nombre,fábrica,124,18.455115,-97.401362,https://mitehuacan.mx/?ruta=19
3,Carpinteria Rojas,fábrica,126,18.455191,-97.398231,https://mitehuacan.mx/?ruta=19
3,Balconeria Sin Nombre,fábrica,128,18.458313,-97.40468,https://mitehuacan.mx/?ruta=19
3,Elaboracon De Sellos De Goma Ojeda,fábrica,128,18.457587,-97.393694,https://mitehuacan.mx/?ruta=19
3,Carpinteria Sin Nombre,fábrica,132,18.458024,-97.410247,https://mitehuacan.mx/?ruta=19
3,Taller De Balconeria Natividad Palestino,fábrica,138,18.449132,-97.413764,https://mitehuacan.mx/?ruta=19
3,Taller De Elaboracion De Sacos De Vestir,fábrica,138,18.455662,-97.409176,https://mitehuacan.mx/?ruta=19
3,Elaboracion De Productos Quimicos Sin Nombre,fábrica,143,18.462396,-97.398962,https://mitehuacan.mx/?ruta=19
3,Elaboracion De Artesanias De Onix Y Marmol,fábrica,145,18.455992,-97.415108,https://mitehuacan.mx/?ruta=19
3,Bugambilia,garden,8,18.457136,-97.4095,https://mitehuacan.mx/?ruta=19
3,Flora de la Región,garden,11,18.457093,-97.409214,https://mitehuacan.mx/?ruta=19
3,Estación De Servicio,gasolinera,0,18.455631,-97.412676,https://mitehuacan.mx/?ruta=19
3,Guarderia Itzya,guardería,1,18.457148,-97.404593,https://mitehuacan.mx/?ruta=19
3,Guarderia La Casa Del Niño Sedesol,guardería,45,18.459301,-97.399091,https://mitehuacan.mx/?ruta=19
3,Centro De Atencion Infantil Karoline Meyer,guardería,63,18.45752,-97.409855,https://mitehuacan.mx/?ruta=19
3,Club De Tareas Chikoritos,guardería,142,18.454417,-97.415529,https://mitehuacan.mx/?ruta=19
3,Frutileto,health food,142,18.462251,-97.394131,https://mitehuacan.mx/?ruta=19
3,Taller De Herreria Kokis,herrería,2,18.478987,-97.374303,https://mitehuacan.mx/?ruta=19
3,Herreria Y Balconeria Ideal,herrería,3,18.456884,-97.406272,https://mitehuacan.mx/?ruta=19
3,Taller De Herreria Soldpay,herrería,3,18.470297,-97.391218,https://mitehuacan.mx/?ruta=19
3,Balconeria Hernandez,herrería,4,18.46859,-97.389359,https://mitehuacan.mx/?ruta=19
3,Balconeria Soto,herrería,5,18.474762,-97.38454,https://mitehuacan.mx/?ruta=19
3,Balconeria Y Herreria El Pollo,herrería,10,18.468895,-97.388269,https://mitehuacan.mx/?ruta=19
3,Herreria Y Balconeria Libertad,herrería,22,18.452207,-97.412994,https://mitehuacan.mx/?ruta=19
3,Taller De Balconeria Express,herrería,28,18.465887,-97.389699,https://mitehuacan.mx/?ruta=19
3,Puertas Y Cortinas Automaticas Tehuacan,herrería,37,18.466834,-97.38978,https://mitehuacan.mx/?ruta=19
3,Taller De Herreria Y Balconeria,herrería,38,18.47526,-97.385056,https://mitehuacan.mx/?ruta=19
3,Balconeria Y Herreria Caryolot,herrería,51,18.450355,-97.412973,https://mitehuacan.mx/?ruta=19
3,Balconeria Emmanuel,herrería,57,18.469666,-97.391877,https://mitehuacan.mx/?ruta=19
3,Balconeria Espindola,herrería,62,18.463677,-97.388865,https://mitehuacan.mx/?ruta=19
3,Herreria Sin Nombre,herrería,78,18.45782,-97.409594,https://mitehuacan.mx/?ruta=19
3,Balconeria Sn,herrería,79,18.456214,-97.403884,https://mitehuacan.mx/?ruta=19
3,Balconeria Sin Nombre,herrería,81,18.475066,-97.383823,https://mitehuacan.mx/?ruta=19
3,Herreria Avendaño,herrería,84,18.461833,-97.398111,https://mitehuacan.mx/?ruta=19
3,Herreria La Changa,herrería,89,18.475117,-97.387234,https://mitehuacan.mx/?ruta=19
3,Herreria Ponce,herrería,89,18.455387,-97.39872,https://mitehuacan.mx/?ruta=19
3,Herreria Y Anuncios La Fragua,herrería,95,18.464876,-97.388547,https://mitehuacan.mx/?ruta=19
3,Balconeria Juquilita,herrería,100,18.455593,-97.403109,https://mitehuacan.mx/?ruta=19
3,Balconeria Mendoza,herrería,138,18.454928,-97.399369,https://mitehuacan.mx/?ruta=19
3,Taller De Balconeria,herrería,141,18.457122,-97.412478,https://mitehuacan.mx/?ruta=19
3,Herreria Balconeria Y Mantenimiento A Empresas,herrería,149,18.474692,-97.389933,https://mitehuacan.mx/?ruta=19
3,Hospital General De Tehuacan,hospital,11,18.448232,-97.418427,https://mitehuacan.mx/?ruta=19
3,Sanatorio Sagrado Corazon De Tehuacan,hospital,24,18.460753,-97.394195,https://mitehuacan.mx/?ruta=19
3,Instituto De Seguridad Y Servicios Sociales De Los Trabajado,hospital,42,18.458903,-97.39944,https://mitehuacan.mx/?ruta=19
3,Clinica Del Divino Salvador,hospital,84,18.459576,-97.395993,https://mitehuacan.mx/?ruta=19
3,Clinica San Fernando,hospital,124,18.457564,-97.392351,https://mitehuacan.mx/?ruta=19
3,emai,hostel,5,18.461045,-97.395234,https://mitehuacan.mx/?ruta=19
3,La Casona,hostel,10,18.468554,-97.391449,https://mitehuacan.mx/?ruta=19
3,I.B. Emmanuel,iglesia,17,18.458579,-97.393472,https://mitehuacan.mx/?ruta=19
3,Virgen,iglesia,34,18.457482,-97.405265,https://mitehuacan.mx/?ruta=19
3,Divino Salvador,iglesia,46,18.457675,-97.398449,https://mitehuacan.mx/?ruta=19
3,San Francisco,iglesia,73,18.462079,-97.39015,https://mitehuacan.mx/?ruta=19
3,Joyeria Reyes,joyería,3,18.462269,-97.391382,https://mitehuacan.mx/?ruta=19
3,Joyeria Brillante,joyería,6,18.465359,-97.391443,https://mitehuacan.mx/?ruta=19
3,Joyeria R&M,joyería,6,18.464435,-97.391452,https://mitehuacan.mx/?ruta=19
3,Joyeria Arth,joyería,15,18.462984,-97.391257,https://mitehuacan.mx/?ruta=19
3,Joyeria Casa Virginia,joyería,25,18.461948,-97.391178,https://mitehuacan.mx/?ruta=19
3,Joyeria De Acero Sin Nombre,joyería,25,18.460645,-97.390664,https://mitehuacan.mx/?ruta=19
3,Relojeria Casa Virginia,joyería,25,18.461948,-97.391178,https://mitehuacan.mx/?ruta=19
3,Relojeria Murguia,joyería,25,18.461948,-97.391178,https://mitehuacan.mx/?ruta=19
3,Joyeria La Moneda,joyería,32,18.461944,-97.391112,https://mitehuacan.mx/?ruta=19
3,Relojeria Murguia,joyería,41,18.462058,-97.391023,https://mitehuacan.mx/?ruta=19
3,Joyeria San Francisco,joyería,52,18.462052,-97.390919,https://mitehuacan.mx/?ruta=19
3,Relojeria Y Regalos Mary,joyería,55,18.461934,-97.390894,https://mitehuacan.mx/?ruta=19
3,Joyeria Mely,joyería,56,18.46296,-97.389987,https://mitehuacan.mx/?ruta=19
3,Joyeria Jk,joyería,63,18.461502,-97.392641,https://mitehuacan.mx/?ruta=19
3,Tienda De Acero Sin Nombre,joyería,67,18.462731,-97.390773,https://mitehuacan.mx/?ruta=19
3,Joyeria Osorio,joyería,68,18.464835,-97.390085,https://mitehuacan.mx/?ruta=19
3,Tienda De Relojeria Y Joyeria Kairos,joyería,69,18.462078,-97.390761,https://mitehuacan.mx/?ruta=19
3,Comercio De Regalos Reparacion De Articulos Personales Casa ,joyería,70,18.461789,-97.390759,https://mitehuacan.mx/?ruta=19
3,Venta De Joyeria Y Pedreria Jalisco,joyería,70,18.461501,-97.390292,https://mitehuacan.mx/?ruta=19
3,Venta De Plata Plata Linda,joyería,79,18.462859,-97.390654,https://mitehuacan.mx/?ruta=19
3,Venta De Reaglos Sin Nombre,joyería,79,18.462859,-97.390654,https://mitehuacan.mx/?ruta=19
3,Euphoria Jewelry Joyeria Y Accesorios,joyería,80,18.457965,-97.392444,https://mitehuacan.mx/?ruta=19
3,Bodega De Novedades Yani,joyería,96,18.459987,-97.389902,https://mitehuacan.mx/?ruta=19
3,Joyeria Jk,joyería,98,18.46181,-97.392636,https://mitehuacan.mx/?ruta=19
3,Novedades Electronica Y Novedades Mastr,joyería,99,18.462851,-97.390389,https://mitehuacan.mx/?ruta=19
3,Venta De Plata Joyeria Jk,joyería,123,18.458543,-97.39033,https://mitehuacan.mx/?ruta=19
3,Joyeria Y Relojeria El Rubi,joyería,133,18.458504,-97.390238,https://mitehuacan.mx/?ruta=19
3,Venta De Plata B O,joyería,133,18.457449,-97.391463,https://mitehuacan.mx/?ruta=19
3,Centro Joyero Reforma,joyería,146,18.462287,-97.394018,https://mitehuacan.mx/?ruta=19
3,Criss Toys,juguetería,3,18.45597,-97.411834,https://mitehuacan.mx/?ruta=19
3,Jugueteria,juguetería,3,18.45673,-97.398814,https://mitehuacan.mx/?ruta=19
3,Tienda De Juguetes Nacionales,juguetería,3,18.461717,-97.391394,https://mitehuacan.mx/?ruta=19
3,Tiendade Juguetes,juguetería,3,18.461083,-97.39746,https://mitehuacan.mx/?ruta=19
3,Venta De Carros De Coleccion Sin Nombre,juguetería,4,18.46859,-97.389359,https://mitehuacan.mx/?ruta=19
3,Gamer Store Reparacion De Videojuegos,juguetería,6,18.465621,-97.391441,https://mitehuacan.mx/?ruta=19
3,Tienda De Regalos Alexis,juguetería,6,18.465847,-97.391439,https://mitehuacan.mx/?ruta=19
3,Juguetes Y Regalos Lagunilla,juguetería,13,18.461863,-97.389341,https://mitehuacan.mx/?ruta=19
3,Tienda De Peluches El Gran Peluche,juguetería,18,18.464595,-97.389276,https://mitehuacan.mx/?ruta=19
3,Jugueteria Sin Nombre,juguetería,25,18.461948,-97.391178,https://mitehuacan.mx/?ruta=19
3,Novedades Y Juguetes Sin Nombre,juguetería,25,18.461948,-97.391178,https://mitehuacan.mx/?ruta=19
3,Novedades Y Regalos Sin Nombre,juguetería,25,18.461948,-97.391178,https://mitehuacan.mx/?ruta=19
3,Tienda De Gorras Y Juguetes,juguetería,25,18.461948,-97.391178,https://mitehuacan.mx/?ruta=19
3,Tienda De Novedades Rosita,juguetería,25,18.461948,-97.391178,https://mitehuacan.mx/?ruta=19
3,Venta De Juguetes Sin Nombre,juguetería,25,18.461948,-97.391178,https://mitehuacan.mx/?ruta=19
3,Accesorios Videojuegos Niky Games,juguetería,68,18.46235,-97.390762,https://mitehuacan.mx/?ruta=19
3,Jugueteria La Lagunilla,juguetería,70,18.461671,-97.390759,https://mitehuacan.mx/?ruta=19
3,Novedades Actitud,juguetería,79,18.461583,-97.390365,https://mitehuacan.mx/?ruta=19
3,Novedades Y Accesorios De Mexico,juguetería,86,18.458988,-97.390669,https://mitehuacan.mx/?ruta=19
3,Laboratorio Labsa,laboratorio,1,18.460999,-97.394811,https://mitehuacan.mx/?ruta=19
3,Venta De Uniformes Clinicos Plus,laboratorio,1,18.46099,-97.394522,https://mitehuacan.mx/?ruta=19
3,Compra Venta De Uniformes Quirurgicos Monstera Scrub,laboratorio,3,18.463319,-97.391369,https://mitehuacan.mx/?ruta=19
3,Tienda De Productos Dentales Dental Plus,laboratorio,3,18.463319,-97.391369,https://mitehuacan.mx/?ruta=19
3,Centro Radiologico Digital Maxilofacial,laboratorio,5,18.464577,-97.391346,https://mitehuacan.mx/?ruta=19
3,Deposito Dental Universitario,laboratorio,5,18.468585,-97.391301,https://mitehuacan.mx/?ruta=19
3,Laboratorio San Angel,laboratorio,5,18.466545,-97.389381,https://mitehuacan.mx/?ruta=19
3,Gabinete Especializado De Radiologia Gerx,laboratorio,9,18.4589,-97.395844,https://mitehuacan.mx/?ruta=19
3,Laboratorio De Mecanica De Suelos,laboratorio,9,18.476094,-97.382039,https://mitehuacan.mx/?ruta=19
3,San Antonio Laboratorios,laboratorio,9,18.460877,-97.393719,https://mitehuacan.mx/?ruta=19
3,Venta De Uniformes Fashion Medical,laboratorio,9,18.460928,-97.395643,https://mitehuacan.mx/?ruta=19
3,Deposito Dental Bulas,laboratorio,10,18.458843,-97.393721,https://mitehuacan.mx/?ruta=19
3,Laboratorios Clinicos De Tehuacan,laboratorio,16,18.463283,-97.389305,https://mitehuacan.mx/?ruta=19
3,Uniformes Quirurgicos Rash,laboratorio,18,18.462819,-97.389289,https://mitehuacan.mx/?ruta=19
3,Laboratorios Mycrolab,laboratorio,26,18.458978,-97.393584,https://mitehuacan.mx/?ruta=19
3,Deposito Dental,laboratorio,58,18.465881,-97.390828,https://mitehuacan.mx/?ruta=19
3,Laboratorio Clinico Bioclif,laboratorio,69,18.469604,-97.389348,https://mitehuacan.mx/?ruta=19
3,Deposito Dental Dentstore,laboratorio,74,18.458659,-97.390787,https://mitehuacan.mx/?ruta=19
3,Laboratorio De Diagnostico Molecular Y Clinico Gen Dna,laboratorio,75,18.46702,-97.39208,https://mitehuacan.mx/?ruta=19
3,Laboratorio Clinico Analyzer,laboratorio,83,18.460175,-97.392445,https://mitehuacan.mx/?ruta=19
3,Venta De Uniformes Hospitalarios,laboratorio,86,18.45792,-97.392729,https://mitehuacan.mx/?ruta=19
3,Deposito Dental Sin Nombre,laboratorio,92,18.461778,-97.393376,https://mitehuacan.mx/?ruta=19
3,Quality Laboratorio,laboratorio,99,18.459586,-97.392427,https://mitehuacan.mx/?ruta=19
3,Laboratorio Diagnostico Clinico,laboratorio,106,18.460011,-97.394205,https://mitehuacan.mx/?ruta=19
3,Laboratorios De Analisis Clinicos Diagnostica,laboratorio,108,18.46074,-97.388449,https://mitehuacan.mx/?ruta=19
3,Salud Digna Tehuacán,laboratorio,114,18.462037,-97.395493,https://mitehuacan.mx/?ruta=19
3,Material Medico Hospitalario,laboratorio,115,18.454514,-97.4153,https://mitehuacan.mx/?ruta=19
3,Santa Fe Biolaboratorios,laboratorio,122,18.462244,-97.400307,https://mitehuacan.mx/?ruta=19
3,Laboratorios Ab,laboratorio,123,18.462186,-97.39783,https://mitehuacan.mx/?ruta=19
3,Radiologia Y Ultrasonido La Plazuela,laboratorio,123,18.462088,-97.394542,https://mitehuacan.mx/?ruta=19
3,Lavado De Tennis The Cleaning Style Tehuacan,lavandería,1,18.46101,-97.395299,https://mitehuacan.mx/?ruta=19
3,Tinto Limp,lavandería,1,18.457002,-97.400016,https://mitehuacan.mx/?ruta=19
3,Lavanderia Yolis,lavandería,3,18.456916,-97.40353,https://mitehuacan.mx/?ruta=19
3,Tintoreria El Refugio,lavandería,3,18.461112,-97.398303,https://mitehuacan.mx/?ruta=19
3,Lavanderia Sin Nombre,lavandería,4,18.474351,-97.386111,https://mitehuacan.mx/?ruta=19
3,Lavanderia Lavamatyc,lavandería,6,18.467142,-97.391426,https://mitehuacan.mx/?ruta=19
3,Tintoreria Suprema,lavandería,6,18.469301,-97.39129,https://mitehuacan.mx/?ruta=19
3,Tintoreria Y Lavanderia La Imperial,lavandería,6,18.469708,-97.391283,https://mitehuacan.mx/?ruta=19
3,Tintoreria Y Lavanderia Sarai,lavandería,6,18.457667,-97.398945,https://mitehuacan.mx/?ruta=19
3,Lavanderia De Autoservicio Burbujas Tehuacan,lavandería,8,18.456941,-97.401005,https://mitehuacan.mx/?ruta=19
3,Lavanderia Jose Leonardo Trujillo Hernandez,lavandería,10,18.449492,-97.415855,https://mitehuacan.mx/?ruta=19
3,Lava Jean Tehuacan,lavandería,16,18.467193,-97.389274,https://mitehuacan.mx/?ruta=19
3,Planchaduria Y Lavanderia,lavandería,18,18.455319,-97.412598,https://mitehuacan.mx/?ruta=19
3,Lavanderia Santa Teresa,lavandería,25,18.450499,-97.414336,https://mitehuacan.mx/?ruta=19
3,Tintoreria Tehuacan,lavandería,28,18.464819,-97.389175,https://mitehuacan.mx/?ruta=19
3,Lavanderia Servic Clean Lavado De Ropa Asi Como Colchas Saba,lavandería,34,18.458906,-97.399839,https://mitehuacan.mx/?ruta=19
3,Tintoreria Puebla,lavandería,36,18.462837,-97.389792,https://mitehuacan.mx/?ruta=19
3,Lavanderia Mama Mia,lavandería,41,18.466929,-97.389815,https://mitehuacan.mx/?ruta=19
3,Lavanderías Y Tintorerías Sin Nombre,lavandería,49,18.459676,-97.400703,https://mitehuacan.mx/?ruta=19
3,Lavanderia Y Planchaduria La Imperial,lavandería,59,18.469731,-97.389349,https://mitehuacan.mx/?ruta=19
3,Lavanderia Splash,lavandería,82,18.457719,-97.409844,https://mitehuacan.mx/?ruta=19
3,Lavanderia Mexico,lavandería,85,18.450951,-97.414674,https://mitehuacan.mx/?ruta=19
3,Lavanderia Jazmin,lavandería,110,18.455372,-97.398226,https://mitehuacan.mx/?ruta=19
3,Lavanderia Y Tintoreria Suprema,lavandería,117,18.474072,-97.38978,https://mitehuacan.mx/?ruta=19
3,Lavanderia La Estrella,lavandería,121,18.458251,-97.40339,https://mitehuacan.mx/?ruta=19
3,Lavanderia Perfect Wash,lavandería,122,18.465954,-97.388283,https://mitehuacan.mx/?ruta=19
3,Sastreria Emmanuel,lavandería,135,18.457446,-97.391321,https://mitehuacan.mx/?ruta=19
3,Lavanderia Zapata,lavandería,137,18.475548,-97.386756,https://mitehuacan.mx/?ruta=19
3,Librolandia de Tehuacán,librería,6,18.464658,-97.391339,https://mitehuacan.mx/?ruta=19
3,Libreria Tehuacan,librería,42,18.461319,-97.393177,https://mitehuacan.mx/?ruta=19
3,Libreria Promade,librería,55,18.466841,-97.389951,https://mitehuacan.mx/?ruta=19
3,Libreria El Arte De Leer,librería,112,18.462005,-97.394981,https://mitehuacan.mx/?ruta=19
3,Restaurante De Mariscos El Coral,mariscos,4,18.458831,-97.391449,https://mitehuacan.mx/?ruta=19
3,Marisqueria Langostino,mariscos,25,18.461948,-97.391178,https://mitehuacan.mx/?ruta=19
3,Marisqueria Las Palmas,mariscos,25,18.461948,-97.391178,https://mitehuacan.mx/?ruta=19
3,Marisqueria Puerto De Alvarado,mariscos,25,18.461948,-97.391178,https://mitehuacan.mx/?ruta=19
3,Pescaderia Puerto De Alvarado,mariscos,25,18.461948,-97.391178,https://mitehuacan.mx/?ruta=19
3,Restaurante De Pescados Y Mariscos El Puerto Piloto,mariscos,25,18.461948,-97.391178,https://mitehuacan.mx/?ruta=19
3,Marisqueria La Barra De Alvarado,mariscos,34,18.457337,-97.401788,https://mitehuacan.mx/?ruta=19
3,Restaurante De Mariscos Villa Del Mar,mariscos,38,18.460771,-97.399625,https://mitehuacan.mx/?ruta=19
3,Venta De Verduras El Chino,mariscos,44,18.457722,-97.408825,https://mitehuacan.mx/?ruta=19
3,Pescaderia El Barquito 7 Mares,mariscos,52,18.461611,-97.400342,https://mitehuacan.mx/?ruta=19
3,Marisqueria Puerto Escondido,mariscos,63,18.461513,-97.393287,https://mitehuacan.mx/?ruta=19
3,Nutrimentos Purina,mascotas,0,18.462219,-97.389458,https://mitehuacan.mx/?ruta=19
3,Tienda Para Mascotas El Canario De Oro,mascotas,0,18.461631,-97.389464,https://mitehuacan.mx/?ruta=19
3,Tienda De Accesorios Para Mascotas El Canario De Oro,mascotas,2,18.463115,-97.389438,https://mitehuacan.mx/?ruta=19
3,Distribuidora De Alimento Cos,mascotas,3,18.457245,-97.407645,https://mitehuacan.mx/?ruta=19
3,Venta De Accesorios Y Estetica Canina Terra Rep,mascotas,6,18.467114,-97.391426,https://mitehuacan.mx/?ruta=19
3,Venta De Articulos Para Mascotas Oh My Can,mascotas,6,18.466173,-97.391436,https://mitehuacan.mx/?ruta=19
3,Accesorios Para Mascotas Good Kat,mascotas,10,18.45892,-97.396457,https://mitehuacan.mx/?ruta=19
3,Veterinaria Pacheco,mascotas,12,18.458944,-97.39661,https://mitehuacan.mx/?ruta=19
3,Tienda De Articulos Para Mascota El Canario De Oro,mascotas,25,18.461948,-97.391178,https://mitehuacan.mx/?ruta=19
3,Veterinaria Tqa Can,mascotas,25,18.474048,-97.388904,https://mitehuacan.mx/?ruta=19
3,Acuario Biosfera,mascotas,36,18.456581,-97.405487,https://mitehuacan.mx/?ruta=19
3,Venta De Accesorios Para Mascotas Spa Y Pet Shop Mascotiland,mascotas,36,18.458769,-97.391143,https://mitehuacan.mx/?ruta=19
3,Veterinaria Sarabia,mascotas,59,18.469731,-97.389349,https://mitehuacan.mx/?ruta=19
3,Plasticos Erandi,mascotas,71,18.458017,-97.391472,https://mitehuacan.mx/?ruta=19
3,Tienda De Accesorios Para Mascotas Sin Nombre,mascotas,76,18.459597,-97.390751,https://mitehuacan.mx/?ruta=19
3,Acuario Agua Vida,mascotas,109,18.462782,-97.388427,https://mitehuacan.mx/?ruta=19
3,Veterinaria El Granero,mascotas,115,18.455881,-97.40921,https://mitehuacan.mx/?ruta=19
3,Veterinaria Sin Nombre,mascotas,140,18.459576,-97.389484,https://mitehuacan.mx/?ruta=19
3,Acuario Fish Paradise,mascotas,150,18.457302,-97.391484,https://mitehuacan.mx/?ruta=19
3,Bodega De Maderas El Nogal Tepole,materiales,72,18.475336,-97.383921,https://mitehuacan.mx/?ruta=19
3,Madereria La Casa Del Carpintero,mayoreo,0,18.474314,-97.388523,https://mitehuacan.mx/?ruta=19
3,Botica Herbolaria San Ildefonso,mayoreo,1,18.458751,-97.393961,https://mitehuacan.mx/?ruta=19
3,Materiales Reyes,mayoreo,1,18.460998,-97.394806,https://mitehuacan.mx/?ruta=19
3,Compra Y Venta De Reciclados Alamo,mayoreo,2,18.458793,-97.39582,https://mitehuacan.mx/?ruta=19
3,Electronica Sin Nombre,mayoreo,2,18.45635,-97.410995,https://mitehuacan.mx/?ruta=19
3,Refacciones Especializadas,mayoreo,2,18.460935,-97.392209,https://mitehuacan.mx/?ruta=19
3,Refrigeracion Basculas Y Equipos Comerciales,mayoreo,2,18.458692,-97.391933,https://mitehuacan.mx/?ruta=19
3,Compra Venta De Materiales De Reciclados,mayoreo,3,18.456916,-97.40353,https://mitehuacan.mx/?ruta=19
3,Construcasa,mayoreo,3,18.456925,-97.40332,https://mitehuacan.mx/?ruta=19
3,Chiles Y Botanas Los Carlos,mayoreo,4,18.45523,-97.413718,https://mitehuacan.mx/?ruta=19
3,Distribuidora De Quimicos Paraiso Productos Para Fumigacion,mayoreo,4,18.457069,-97.402035,https://mitehuacan.mx/?ruta=19
3,Venta De Marcos De Madera Marcos Tehuacan,mayoreo,4,18.458681,-97.39145,https://mitehuacan.mx/?ruta=19
3,Mecatronica Inv Inc,mayoreo,5,18.468002,-97.38936,https://mitehuacan.mx/?ruta=19
3,Suministros Graficos De Tehuacan,mayoreo,5,18.465848,-97.389387,https://mitehuacan.mx/?ruta=19
3,Tienda De Tintas Para Imprenta Tinta Y Color Para Las Artes ,mayoreo,5,18.465694,-97.389389,https://mitehuacan.mx/?ruta=19
3,Acidepuebla,mayoreo,6,18.45578,-97.411906,https://mitehuacan.mx/?ruta=19
3,Pinturas Doal 3 Norte,mayoreo,6,18.466164,-97.391436,https://mitehuacan.mx/?ruta=19
3,Abastecedora Electrica Sin Nombre,mayoreo,7,18.458779,-97.391418,https://mitehuacan.mx/?ruta=19
3,Tienda De Refacciones Industriales,mayoreo,7,18.460995,-97.397558,https://mitehuacan.mx/?ruta=19
3,Agroquimicos Urbania,mayoreo,8,18.458699,-97.394237,https://mitehuacan.mx/?ruta=19
3,Medicine Depot,mayoreo,9,18.458689,-97.394128,https://mitehuacan.mx/?ruta=19
3,Casa Jimenez De Maquinas De Coser,mayoreo,10,18.458854,-97.394091,https://mitehuacan.mx/?ruta=19
3,Articulos Para El Hogar Dehogar,mayoreo,11,18.45884,-97.393636,https://mitehuacan.mx/?ruta=19
3,Compra Venta De Desperdicios Industriales Sin Nombre,mayoreo,11,18.457499,-97.399955,https://mitehuacan.mx/?ruta=19
3,Tienda De Refacciones Agromaq Del Sur,mayoreo,13,18.458796,-97.392129,https://mitehuacan.mx/?ruta=19
3,Bodega De Hilos Hidalgo,mayoreo,14,18.458998,-97.400034,https://mitehuacan.mx/?ruta=19
3,Grupo Conpremex,mayoreo,14,18.470389,-97.391377,https://mitehuacan.mx/?ruta=19
3,Venta De Focos Y Luminaria Distribuciones Jorrta,mayoreo,14,18.462659,-97.389321,https://mitehuacan.mx/?ruta=19
3,La Cas Del Cementin Bodega,mayoreo,15,18.459849,-97.400111,https://mitehuacan.mx/?ruta=19
3,La Casa Del Cementin,mayoreo,15,18.459333,-97.400064,https://mitehuacan.mx/?ruta=19
3,Tienda Bombas Motores Y Rodamientos Industriales Electro-Mar,mayoreo,19,18.459048,-97.398232,https://mitehuacan.mx/?ruta=19
3,Plaga Fin Insectisida,mayoreo,20,18.461213,-97.396514,https://mitehuacan.mx/?ruta=19
3,Proveedora Remco De Tehuacan,mayoreo,23,18.45856,-97.394127,https://mitehuacan.mx/?ruta=19
3,Lubricantes Y Refacciones Sinai,mayoreo,28,18.458985,-97.399285,https://mitehuacan.mx/?ruta=19
3,Electronica Politec,mayoreo,29,18.469123,-97.39162,https://mitehuacan.mx/?ruta=19
3,Universal Mexico Central Mx,mayoreo,29,18.458505,-97.394236,https://mitehuacan.mx/?ruta=19
3,Ventade Maquinas Textiles Macointeh,mayoreo,29,18.458506,-97.394128,https://mitehuacan.mx/?ruta=19
3,Ferretera Arriaga,mayoreo,33,18.462923,-97.389143,https://mitehuacan.mx/?ruta=19
3,Venta De Refacciones Para Maquinas De Coser Calderi Tehuacan,mayoreo,33,18.458473,-97.394237,https://mitehuacan.mx/?ruta=19
3,Materiales Tochapa,mayoreo,34,18.479631,-97.376616,https://mitehuacan.mx/?ruta=19
3,Casa Dany,mayoreo,37,18.459103,-97.394125,https://mitehuacan.mx/?ruta=19
3,Refrigeracion Basculas Y Equipos Comerciales Rebecsa,mayoreo,37,18.458401,-97.393383,https://mitehuacan.mx/?ruta=19
3,Recicladora Un Mundo Mejor,mayoreo,39,18.473902,-97.388983,https://mitehuacan.mx/?ruta=19
3,Envases Y Tapas De Plastico Jisan,mayoreo,40,18.466884,-97.390984,https://mitehuacan.mx/?ruta=19
3,Compra De Desperdicio Social,mayoreo,46,18.464894,-97.389011,https://mitehuacan.mx/?ruta=19
3,Comercializadora De Granos De Tehuacan,mayoreo,49,18.454771,-97.414728,https://mitehuacan.mx/?ruta=19
3,Quality Copier,mayoreo,49,18.464932,-97.390926,https://mitehuacan.mx/?ruta=19
3,Sinergia Materiales Publicitarios,mayoreo,57,18.466878,-97.390832,https://mitehuacan.mx/?ruta=19
3,Comercializadora De Fertilizantes Zero,mayoreo,66,18.469059,-97.391972,https://mitehuacan.mx/?ruta=19
3,Bodega Sin Nombre,mayoreo,71,18.47789,-97.380299,https://mitehuacan.mx/?ruta=19
3,Exito,mayoreo,71,18.460324,-97.394074,https://mitehuacan.mx/?ruta=19
3,Recicladora La Familia,mayoreo,76,18.456252,-97.403753,https://mitehuacan.mx/?ruta=19
3,Sala De Exhibicion De Circulo B,mayoreo,79,18.462859,-97.390654,https://mitehuacan.mx/?ruta=19
3,Maderas Mg,mayoreo,81,18.454842,-97.412259,https://mitehuacan.mx/?ruta=19
3,Reciclatet,mayoreo,83,18.475068,-97.387462,https://mitehuacan.mx/?ruta=19
3,Bodega De Musical Sinfonia,mayoreo,86,18.460078,-97.389897,https://mitehuacan.mx/?ruta=19
3,Refrigeracion Comercial Tehuacan,mayoreo,90,18.460268,-97.398179,https://mitehuacan.mx/?ruta=19
3,Venta De Aceros Y Materiales Goti Goav,mayoreo,99,18.460187,-97.398182,https://mitehuacan.mx/?ruta=19
3,Bodega De Huevo El Riego,mayoreo,102,18.450913,-97.418058,https://mitehuacan.mx/?ruta=19
3,Tehuacán,mayoreo,103,18.459706,-97.394209,https://mitehuacan.mx/?ruta=19
3,El Nogal Tepole,mayoreo,105,18.47122,-97.391271,https://mitehuacan.mx/?ruta=19
3,Maderas La Casa Del Carpintero,mayoreo,111,18.475322,-97.387806,https://mitehuacan.mx/?ruta=19
3,Miscelanea Y Ferreteria Y Materiales Para Costruccion Sucurs,mayoreo,118,18.455564,-97.403311,https://mitehuacan.mx/?ruta=19
3,Barradas Refrigeracion Comercial Tehuacan,mayoreo,120,18.459889,-97.394207,https://mitehuacan.mx/?ruta=19
3,Compra Venta De Refrigeradores Refrigeracion Comercial,mayoreo,120,18.459857,-97.394207,https://mitehuacan.mx/?ruta=19
3,Distribuidora Erco,mayoreo,129,18.462281,-97.399298,https://mitehuacan.mx/?ruta=19
3,Super Naturista,mayoreo,135,18.462191,-97.394022,https://mitehuacan.mx/?ruta=19
3,El Nogal Tepole,mayoreo,138,18.47151,-97.39127,https://mitehuacan.mx/?ruta=19
3,Venta De Insumos Para Plantas Purificadas Tapas Sellos Nayar,mayoreo,139,18.456091,-97.414829,https://mitehuacan.mx/?ruta=19
3,Comercializadora De Maderas El Riego,mayoreo,142,18.458489,-97.409571,https://mitehuacan.mx/?ruta=19
3,Venta De Tuberias Orion,mayoreo,147,18.455579,-97.406355,https://mitehuacan.mx/?ruta=19
3,Mercado 16 de Marzo,mercado,38,18.461411,-97.391067,https://mitehuacan.mx/?ruta=19
3,Lic. Benito Juarez,mercado,53,18.455695,-97.399986,https://mitehuacan.mx/?ruta=19
3,Merceria Javier Heriberto Velasco Recio,mercería,0,18.458724,-97.393156,https://mitehuacan.mx/?ruta=19
3,Venta De Hilos Y Avios Dura Avios,mercería,2,18.458796,-97.394472,https://mitehuacan.mx/?ruta=19
3,Boneteria La Teresita,mercería,8,18.461621,-97.391501,https://mitehuacan.mx/?ruta=19
3,Tienda De Estambres Juguetes Y Revistas Sin Nombre,mercería,8,18.46154,-97.391503,https://mitehuacan.mx/?ruta=19
3,Estambres El Gato,mercería,9,18.46278,-97.39149,https://mitehuacan.mx/?ruta=19
3,Merceria Y Jugueteria El Leon,mercería,9,18.460817,-97.391645,https://mitehuacan.mx/?ruta=19
3,Entre Costuras Merceria,mercería,16,18.458509,-97.391574,https://mitehuacan.mx/?ruta=19
3,El Globito,mercería,17,18.463771,-97.389291,https://mitehuacan.mx/?ruta=19
3,Venta De Boneteria Sin Nombre,mercería,17,18.461951,-97.391254,https://mitehuacan.mx/?ruta=19
3,Venta De Cierres Y Botones Creaciones Andy,mercería,21,18.458578,-97.394127,https://mitehuacan.mx/?ruta=19
3,Tienda De Merceria Y Ropa De Bebe Sin Nombre,mercería,25,18.461948,-97.391178,https://mitehuacan.mx/?ruta=19
3,Hilos Y Cordeles San Pablo,mercería,27,18.458673,-97.391232,https://mitehuacan.mx/?ruta=19
3,El Globito,mercería,31,18.458382,-97.391574,https://mitehuacan.mx/?ruta=19
3,Herbolaria Y Cosmetica Artesanal,mercería,44,18.466979,-97.390952,https://mitehuacan.mx/?ruta=19
3,Comercializadora Reforma,mercería,51,18.45831,-97.394238,https://mitehuacan.mx/?ruta=19
3,Hilos Dularon,mercería,64,18.4511,-97.415928,https://mitehuacan.mx/?ruta=19
3,Estambres El Patito,mercería,76,18.459416,-97.390752,https://mitehuacan.mx/?ruta=19
3,Merceria Y Boneteria,mercería,97,18.478603,-97.376897,https://mitehuacan.mx/?ruta=19
3,Merceria Telas Del Centro,mercería,111,18.457765,-97.394258,https://mitehuacan.mx/?ruta=19
3,Hilos Lobo,mercería,139,18.457511,-97.394165,https://mitehuacan.mx/?ruta=19
3,Taller De Moto Quiroz,motos,1,18.449107,-97.416724,https://mitehuacan.mx/?ruta=19
3,Refaccionaria Huert S,motos,2,18.477204,-97.384248,https://mitehuacan.mx/?ruta=19
3,Suzuki Motoforum,motos,2,18.455763,-97.412345,https://mitehuacan.mx/?ruta=19
3,Refaccionaria De Motocicletas Montes,motos,4,18.455277,-97.413614,https://mitehuacan.mx/?ruta=19
3,Reparacion De Motocicletas En General Sin Nombre,motos,4,18.455331,-97.413496,https://mitehuacan.mx/?ruta=19
3,Taller De Motos Montes,motos,4,18.455426,-97.413285,https://mitehuacan.mx/?ruta=19
3,Dinamo Sucursal Tehuacan Puebla,motos,5,18.464359,-97.3894,https://mitehuacan.mx/?ruta=19
3,7103 Ekt Motos Tehuacan,motos,9,18.460904,-97.394669,https://mitehuacan.mx/?ruta=19
3,Taller De Motos Sin Nombre,motos,13,18.474372,-97.388644,https://mitehuacan.mx/?ruta=19
3,Reparacion De Motocicletas Sin Nombre,motos,29,18.456466,-97.400528,https://mitehuacan.mx/?ruta=19
3,Taller De Motos Drivers,motos,42,18.45077,-97.41271,https://mitehuacan.mx/?ruta=19
3,Moto Mik Venta De Refacciones Y Servicios Para Motocicletas,motos,47,18.45757,-97.402301,https://mitehuacan.mx/?ruta=19
3,Distribuidora Italika,motos,48,18.466912,-97.391818,https://mitehuacan.mx/?ruta=19
3,Taller De Motos Sin Nombre,motos,58,18.474842,-97.387634,https://mitehuacan.mx/?ruta=19
3,Tienda De Refacciones Y Accesorios Para Motos De Los Angeles,motos,69,18.459314,-97.392418,https://mitehuacan.mx/?ruta=19
3,Taller De Motos Baez,motos,85,18.459604,-97.396583,https://mitehuacan.mx/?ruta=19
3,Motocicletas Dinamo Taller,motos,89,18.464878,-97.388603,https://mitehuacan.mx/?ruta=19
3,Refaccionaria Romero,motos,93,18.457087,-97.411464,https://mitehuacan.mx/?ruta=19
3,Refaccionaria Arellano,motos,94,18.471119,-97.390342,https://mitehuacan.mx/?ruta=19
3,Vento Motorcycles Usa,motos,99,18.458037,-97.409587,https://mitehuacan.mx/?ruta=19
3,Moto Servicio Romero,motos,105,18.457096,-97.41172,https://mitehuacan.mx/?ruta=19
3,Motoservicio Romers,motos,105,18.457096,-97.41172,https://mitehuacan.mx/?ruta=19
3,Moto Servicio Dunlop,motos,108,18.466844,-97.388404,https://mitehuacan.mx/?ruta=19
3,Taller De Motos Maui,motos,113,18.475334,-97.387151,https://mitehuacan.mx/?ruta=19
3,Motocicletas Italika Distribuidor,motos,145,18.457456,-97.394168,https://mitehuacan.mx/?ruta=19
3,Logistica Internacional Marmo,mudanzas,85,18.45463,-97.415039,https://mitehuacan.mx/?ruta=19
3,Alcoholicos Anonimos,negocio,0,18.46126,-97.389467,https://mitehuacan.mx/?ruta=19
3,Grupo De Autoayuda Valle De Guerreros,negocio,0,18.455233,-97.413159,https://mitehuacan.mx/?ruta=19
3,Panaderia Anahi,negocio,0,18.45049,-97.413811,https://mitehuacan.mx/?ruta=19
3,Centro De Psicologia Soctlan,negocio,1,18.458849,-97.397412,https://mitehuacan.mx/?ruta=19
3,Corporativo Juridico Vazquez Y Asociados,negocio,1,18.461032,-97.396086,https://mitehuacan.mx/?ruta=19
3,Despacho Juridico Contable,negocio,1,18.461032,-97.396086,https://mitehuacan.mx/?ruta=19
3,Diseño E Impresion D Mi,negocio,1,18.457193,-97.406043,https://mitehuacan.mx/?ruta=19
3,Estacionamiento Del Refugio,negocio,1,18.46103,-97.396029,https://mitehuacan.mx/?ruta=19
3,Imprenta Centro Grafico Tehuacan,negocio,1,18.456238,-97.402319,https://mitehuacan.mx/?ruta=19
3,Imprenta La Imprenta,negocio,1,18.458811,-97.395468,https://mitehuacan.mx/?ruta=19
3,Okreativa Diseño,negocio,1,18.458845,-97.39725,https://mitehuacan.mx/?ruta=19
3,Panaderia Dlicel,negocio,1,18.474262,-97.384815,https://mitehuacan.mx/?ruta=19
3,Prestamo Feliz Suc. 3 Poniente,negocio,1,18.461014,-97.39547,https://mitehuacan.mx/?ruta=19
3,Renta De Trajes Classic,negocio,1,18.461022,-97.395801,https://mitehuacan.mx/?ruta=19
3,Taller Mecanico Teco,negocio,1,18.47026,-97.391274,https://mitehuacan.mx/?ruta=19
3,Bar La Cita,negocio,2,18.456902,-97.404355,https://mitehuacan.mx/?ruta=19
3,Baños Publicos,negocio,2,18.458694,-97.392,https://mitehuacan.mx/?ruta=19
3,Baños Publicos,negocio,2,18.456208,-97.400391,https://mitehuacan.mx/?ruta=19
3,Biotecnologia Y Mas,negocio,2,18.460979,-97.393811,https://mitehuacan.mx/?ruta=19
3,Club De Ajedrez Angel Randy,negocio,2,18.458694,-97.392,https://mitehuacan.mx/?ruta=19
3,Credifiel,negocio,2,18.461052,-97.396632,https://mitehuacan.mx/?ruta=19
3,Despacho Juridico Consultor Juridico,negocio,2,18.458694,-97.392,https://mitehuacan.mx/?ruta=19
3,Estacionamiento Moto Tres,negocio,2,18.460931,-97.392085,https://mitehuacan.mx/?ruta=19
3,Estacionamiento Publico Lunas,negocio,2,18.460939,-97.392303,https://mitehuacan.mx/?ruta=19
3,Fundacion Patronato San Antonio,negocio,2,18.460975,-97.393687,https://mitehuacan.mx/?ruta=19
3,Gym California,negocio,2,18.456906,-97.40408,https://mitehuacan.mx/?ruta=19
3,Iglesia Evangelica,negocio,2,18.479789,-97.376969,https://mitehuacan.mx/?ruta=19
3,Integridad Juridica Social,negocio,2,18.460979,-97.393811,https://mitehuacan.mx/?ruta=19
3,Mofles Morguz,negocio,2,18.456463,-97.410737,https://mitehuacan.mx/?ruta=19
3,Mofles Ruiz,negocio,2,18.457018,-97.40049,https://mitehuacan.mx/?ruta=19
3,Pasteleria Y Panaderia Juquilita,negocio,2,18.449764,-97.415496,https://mitehuacan.mx/?ruta=19
3,Purificadora De Agua Leycor,negocio,2,18.456888,-97.40741,https://mitehuacan.mx/?ruta=19
3,Tapiceria Luis Xv,negocio,2,18.475336,-97.384683,https://mitehuacan.mx/?ruta=19
3,Transportes Rapidos De Puebla,negocio,2,18.460975,-97.393682,https://mitehuacan.mx/?ruta=19
3,Baños Publicos Sin Nombre,negocio,3,18.462269,-97.391382,https://mitehuacan.mx/?ruta=19
3,Cualquier Lavado,negocio,3,18.454364,-97.413974,https://mitehuacan.mx/?ruta=19
3,Estacionamiento Sin Nombre,negocio,3,18.459374,-97.391439,https://mitehuacan.mx/?ruta=19
3,Gimnasio Heroes,negocio,3,18.456912,-97.403672,https://mitehuacan.mx/?ruta=19
3,Mofles Sistemas De Escape,negocio,3,18.455115,-97.413971,https://mitehuacan.mx/?ruta=19
3,Ofiicina,negocio,3,18.461071,-97.397043,https://mitehuacan.mx/?ruta=19
3,Panaderia Anita,negocio,3,18.45689,-97.408966,https://mitehuacan.mx/?ruta=19
3,Panaderia Doña Lore,negocio,3,18.460895,-97.390445,https://mitehuacan.mx/?ruta=19
3,Panaderia Guti Pan,negocio,3,18.460888,-97.390161,https://mitehuacan.mx/?ruta=19
3,Panificadora La Paz,negocio,3,18.4609,-97.390654,https://mitehuacan.mx/?ruta=19
3,Purificadora De Agua Los Abuelos,negocio,3,18.478802,-97.37522,https://mitehuacan.mx/?ruta=19
3,Super Embraguez,negocio,3,18.454844,-97.414017,https://mitehuacan.mx/?ruta=19
3,Tapiceria Automotriz Plus,negocio,3,18.456757,-97.398814,https://mitehuacan.mx/?ruta=19
3,Vanguardia Juridica,negocio,3,18.460896,-97.390474,https://mitehuacan.mx/?ruta=19
3,Wondertrip Agencia De Viajes,negocio,3,18.463319,-97.391369,https://mitehuacan.mx/?ruta=19
3,Arrendadora Silva,negocio,4,18.470302,-97.389683,https://mitehuacan.mx/?ruta=19
3,Canchas De Tenis,negocio,4,18.468968,-97.388513,https://mitehuacan.mx/?ruta=19
3,Casa De Rescate Cristiano,negocio,4,18.479696,-97.374668,https://mitehuacan.mx/?ruta=19
3,Centro Integrador De Desarrollo De Bienestar,negocio,4,18.456201,-97.399872,https://mitehuacan.mx/?ruta=19
3,Cibercity,negocio,4,18.456883,-97.40908,https://mitehuacan.mx/?ruta=19
3,Despacho De Abogado,negocio,4,18.463793,-97.389416,https://mitehuacan.mx/?ruta=19
3,Estacionamiento 3 Norte,negocio,4,18.463455,-97.391364,https://mitehuacan.mx/?ruta=19
3,Iglesia Nacional Presbiteriana De Mexico,negocio,4,18.456931,-97.402874,https://mitehuacan.mx/?ruta=19
3,Llantara,negocio,4,18.456693,-97.409866,https://mitehuacan.mx/?ruta=19
3,Panaderia Mi Angel,negocio,4,18.474346,-97.38559,https://mitehuacan.mx/?ruta=19
3,Serigrafia Mereki,negocio,4,18.450455,-97.416815,https://mitehuacan.mx/?ruta=19
3,Trajes Tipicos Juarez Rivera Vestuaristas,negocio,4,18.469304,-97.391384,https://mitehuacan.mx/?ruta=19
3,Cancha De Futbol Joga Bonito,negocio,5,18.468291,-97.389359,https://mitehuacan.mx/?ruta=19
3,Clases De Baile Alpha Woman,negocio,5,18.468098,-97.39131,https://mitehuacan.mx/?ruta=19
3,Diseño E Impresiones Camaleon,negocio,5,18.4664,-97.389382,https://mitehuacan.mx/?ruta=19
3,Estacionamiento De La 3,negocio,5,18.465129,-97.391341,https://mitehuacan.mx/?ruta=19
3,Gimnasio Genesis,negocio,5,18.465165,-97.391341,https://mitehuacan.mx/?ruta=19
3,Impresiones De Calidad Gomgar,negocio,5,18.469956,-97.39138,https://mitehuacan.mx/?ruta=19
3,Local Tehuacan Pue 023,negocio,5,18.465149,-97.391341,https://mitehuacan.mx/?ruta=19
3,Panificadora La Paz,negocio,5,18.466034,-97.391333,https://mitehuacan.mx/?ruta=19
3,Renta De Disfraces Show Time,negocio,5,18.465784,-97.389388,https://mitehuacan.mx/?ruta=19
3,Renta De Trajes De Pool,negocio,5,18.468292,-97.391307,https://mitehuacan.mx/?ruta=19
3,Servicio De Agente De Seguros,negocio,5,18.465545,-97.391337,https://mitehuacan.mx/?ruta=19
3,Taller De Torno Industrial Velasco,negocio,5,18.477084,-97.384321,https://mitehuacan.mx/?ruta=19
3,Tehuacan Spininng Center,negocio,5,18.465766,-97.389388,https://mitehuacan.mx/?ruta=19
3,Casa De Huespedes La Casona,negocio,6,18.468644,-97.391404,https://mitehuacan.mx/?ruta=19
3,Despacho De Abogado Sin Nombre,negocio,6,18.466399,-97.391434,https://mitehuacan.mx/?ruta=19
3,Despacho Juridico Aquino & Flores,negocio,6,18.466173,-97.391436,https://mitehuacan.mx/?ruta=19
3,Grafic World,negocio,6,18.474365,-97.387288,https://mitehuacan.mx/?ruta=19
3,Grafos,negocio,6,18.464435,-97.391452,https://mitehuacan.mx/?ruta=19
3,Gran Fraternidad Universal Tehuacan,negocio,6,18.464833,-97.391448,https://mitehuacan.mx/?ruta=19
3,Grupo Familiar Al Anon,negocio,6,18.46544,-97.391443,https://mitehuacan.mx/?ruta=19
3,Id Impresion Y Diseño,negocio,6,18.464435,-97.391452,https://mitehuacan.mx/?ruta=19
3,Iglesia Biblica Bautista Libertad,negocio,6,18.453603,-97.413486,https://mitehuacan.mx/?ruta=19
3,Iglesia Doxa Internacional,negocio,6,18.46621,-97.391435,https://mitehuacan.mx/?ruta=19
3,Oficinas De Sindicato,negocio,6,18.466128,-97.391436,https://mitehuacan.mx/?ruta=19
3,Pasteleria Pastelin,negocio,6,18.467223,-97.391425,https://mitehuacan.mx/?ruta=19
3,Pixel Servicio De Imprenta Digital,negocio,6,18.464435,-97.391452,https://mitehuacan.mx/?ruta=19
3,Salon Pepes,negocio,6,18.458685,-97.399072,https://mitehuacan.mx/?ruta=19
3,Cac Tehuacan Y Edificio De Zona Tehuacan,negocio,7,18.460687,-97.400271,https://mitehuacan.mx/?ruta=19
3,Congregacion Cristiana Ibm,negocio,7,18.478271,-97.382392,https://mitehuacan.mx/?ruta=19
3,Ermita De La Santa Cruz,negocio,7,18.456962,-97.401554,https://mitehuacan.mx/?ruta=19
3,Estacionamiento Publico Sin Nombre,negocio,7,18.463856,-97.391461,https://mitehuacan.mx/?ruta=19
3,Imprenta Estudio Creativo,negocio,7,18.460983,-97.397131,https://mitehuacan.mx/?ruta=19
3,Jardin De Fiestas Las Marias,negocio,7,18.461053,-97.399519,https://mitehuacan.mx/?ruta=19
3,La Pan Expendio De Pan,negocio,7,18.456971,-97.401801,https://mitehuacan.mx/?ruta=19
3,Panaderia El Carmen,negocio,8,18.460961,-97.39661,https://mitehuacan.mx/?ruta=19
3,Refacciones Y Rectificaciones Rivera,negocio,8,18.469458,-97.388421,https://mitehuacan.mx/?ruta=19
3,Supervision Escolar De Bachilleratos Zona 025,negocio,8,18.456309,-97.401482,https://mitehuacan.mx/?ruta=19
3,Baños San Jose,negocio,9,18.460802,-97.391065,https://mitehuacan.mx/?ruta=19
3,Estacionamiento El Refugio,negocio,9,18.460919,-97.395293,https://mitehuacan.mx/?ruta=19
3,Estacionamiento Granada,negocio,9,18.460767,-97.3897,https://mitehuacan.mx/?ruta=19
3,Estacionamiento Milena,negocio,9,18.460825,-97.391899,https://mitehuacan.mx/?ruta=19
3,Estacionamiento Publico Sin Nombre,negocio,9,18.45983,-97.391547,https://mitehuacan.mx/?ruta=19
3,Estacionamiento San Chava,negocio,9,18.458944,-97.397598,https://mitehuacan.mx/?ruta=19
3,Estacionamiento San Jose,negocio,9,18.460802,-97.391065,https://mitehuacan.mx/?ruta=19
3,Financiera Popular En Comunidad,negocio,9,18.460953,-97.396439,https://mitehuacan.mx/?ruta=19
3,Gimnasio Montecarlo,negocio,9,18.461838,-97.391499,https://mitehuacan.mx/?ruta=19
3,Iglesia Nuestra Señora Del Refugio,negocio,9,18.460914,-97.395075,https://mitehuacan.mx/?ruta=19
3,Oficina Administrativa De La Plaza,negocio,9,18.460808,-97.391283,https://mitehuacan.mx/?ruta=19
3,Oficina De Seguros Salvatori,negocio,9,18.460947,-97.396269,https://mitehuacan.mx/?ruta=19
3,Panaderia La Camelia,negocio,9,18.458883,-97.395238,https://mitehuacan.mx/?ruta=19
3,Pasteleria Lupita,negocio,9,18.459495,-97.39155,https://mitehuacan.mx/?ruta=19
3,Sanitarios Publicos Nueva España,negocio,9,18.460808,-97.391283,https://mitehuacan.mx/?ruta=19
3,Sindicato De Maestros D435,negocio,9,18.458941,-97.397484,https://mitehuacan.mx/?ruta=19
3,Casa De Oracion Santa Teresa,negocio,10,18.458947,-97.397693,https://mitehuacan.mx/?ruta=19
3,Panaderia Katia,negocio,10,18.449905,-97.415351,https://mitehuacan.mx/?ruta=19
3,Tienda De Manualidades Sin Nombre,negocio,10,18.458877,-97.394906,https://mitehuacan.mx/?ruta=19
3,Abogados Asociados S Y L,negocio,11,18.461173,-97.398142,https://mitehuacan.mx/?ruta=19
3,Punto Grafico Imprenta,negocio,11,18.456807,-97.407555,https://mitehuacan.mx/?ruta=19
3,Rectificadora Mexico,negocio,11,18.450461,-97.413624,https://mitehuacan.mx/?ruta=19
3,Base De La Ruta Ajalpa Tehuacan Camaleonas,negocio,12,18.461265,-97.389345,https://mitehuacan.mx/?ruta=19
3,Bufete Juridico Sin Nombre,negocio,12,18.461302,-97.389346,https://mitehuacan.mx/?ruta=19
3,Estacionamiento Sin Nombre,negocio,12,18.461265,-97.389345,https://mitehuacan.mx/?ruta=19
3,Panaderia Mary,negocio,12,18.469042,-97.391461,https://mitehuacan.mx/?ruta=19
3,Panaderia Tula,negocio,12,18.469078,-97.389278,https://mitehuacan.mx/?ruta=19
3,Supervision Escolar 414,negocio,12,18.461302,-97.389346,https://mitehuacan.mx/?ruta=19
3,Supervision Escolar 419,negocio,12,18.461302,-97.389346,https://mitehuacan.mx/?ruta=19
3,Supervision Escolar 721,negocio,12,18.461302,-97.389346,https://mitehuacan.mx/?ruta=19
3,Transportes Y Turismos Marbe,negocio,12,18.461293,-97.389346,https://mitehuacan.mx/?ruta=19
3,Elaboracion De Marcos De Madera Sin Nombre,negocio,13,18.468893,-97.38824,https://mitehuacan.mx/?ruta=19
3,Estacionamiento Publico Goti Goav,negocio,13,18.461989,-97.389338,https://mitehuacan.mx/?ruta=19
3,Iglesia Bautista Emmanuel,negocio,13,18.458618,-97.393373,https://mitehuacan.mx/?ruta=19
3,Pasteles Leo,negocio,13,18.462152,-97.389334,https://mitehuacan.mx/?ruta=19
3,Base De Las Combis De Oxaca - Tehuacan Turisticos Capilla Ab,negocio,14,18.462704,-97.38932,https://mitehuacan.mx/?ruta=19
3,Casa De Huespedes Hidalgo,negocio,14,18.459113,-97.400045,https://mitehuacan.mx/?ruta=19
3,Estacionamiento Gomez Olivier,negocio,14,18.462785,-97.389318,https://mitehuacan.mx/?ruta=19
3,Estacionamiento Y Pension Sin Nombre,negocio,15,18.468135,-97.389268,https://mitehuacan.mx/?ruta=19
3,Servicios De Imprenta Pink Print,negocio,15,18.477166,-97.384527,https://mitehuacan.mx/?ruta=19
3,Estacionamiento Angels,negocio,16,18.463437,-97.389299,https://mitehuacan.mx/?ruta=19
3,Mofles Guadalupe,negocio,16,18.456997,-97.399874,https://mitehuacan.mx/?ruta=19
3,Rotulos Diseño Y Produccion Grafica Sigprint,negocio,16,18.467248,-97.389273,https://mitehuacan.mx/?ruta=19
3,Bodega De Renta De Sillas,negocio,17,18.474471,-97.3883,https://mitehuacan.mx/?ruta=19
3,Estacionamiento Reyna,negocio,17,18.464215,-97.389283,https://mitehuacan.mx/?ruta=19
3,Oficinas Del Sindicato De Electricistas De Comision Federal ,negocio,17,18.460665,-97.400175,https://mitehuacan.mx/?ruta=19
3,Purificadora Mexico,negocio,17,18.453531,-97.413766,https://mitehuacan.mx/?ruta=19
3,Coorporativo Juridico,negocio,18,18.462819,-97.389289,https://mitehuacan.mx/?ruta=19
3,Purificadora De Agua Inmaculada,negocio,18,18.456075,-97.401366,https://mitehuacan.mx/?ruta=19
3,Soluciones Legales Y De Cobranzas Qv,negocio,18,18.465853,-97.389265,https://mitehuacan.mx/?ruta=19
3,Taller De Mofles,negocio,18,18.466342,-97.389265,https://mitehuacan.mx/?ruta=19
3,Agencia De Viajes Vagabundos Turs,negocio,19,18.46091,-97.398154,https://mitehuacan.mx/?ruta=19
3,Altar Publico De La Santa Muerte,negocio,19,18.460776,-97.393475,https://mitehuacan.mx/?ruta=19
3,Estacionamiento El Nogal,negocio,19,18.458912,-97.393492,https://mitehuacan.mx/?ruta=19
3,Panaderia Santa Masa,negocio,19,18.461207,-97.396599,https://mitehuacan.mx/?ruta=19
3,Estacionamiento El Paseo Hidalgo,negocio,20,18.458517,-97.392719,https://mitehuacan.mx/?ruta=19
3,Casa Hogar Santa Maria Goreti,negocio,21,18.469383,-97.388146,https://mitehuacan.mx/?ruta=19
3,Inversion Sistema Apple,negocio,21,18.460737,-97.392463,https://mitehuacan.mx/?ruta=19
3,Estacionamiento Y Pension Solca,negocio,22,18.464909,-97.389656,https://mitehuacan.mx/?ruta=19
3,Direccion De Fomento Comercial Y Abasto,negocio,25,18.461948,-97.391178,https://mitehuacan.mx/?ruta=19
3,Baños Publicos Mercado 16 De Marzo,negocio,26,18.461947,-97.391171,https://mitehuacan.mx/?ruta=19
3,Bufete Juridico Navarro Y Asociados,negocio,26,18.45739,-97.403219,https://mitehuacan.mx/?ruta=19
3,Estacionamiento Publico Hernandez,negocio,26,18.464828,-97.389687,https://mitehuacan.mx/?ruta=19
3,Imprenta Impresos De Jesus,negocio,26,18.46158,-97.389217,https://mitehuacan.mx/?ruta=19
3,Estacionamiento Estacionateh,negocio,27,18.462982,-97.391144,https://mitehuacan.mx/?ruta=19
3,Gimnasio Adn Fitness Gym,negocio,27,18.462927,-97.3892,https://mitehuacan.mx/?ruta=19
3,25 Zona Militar,negocio,30,18.478326,-97.38297,https://mitehuacan.mx/?ruta=19
3,Estacionamiento Guadalupe,negocio,31,18.458382,-97.391574,https://mitehuacan.mx/?ruta=19
3,Impresos San Lorenzo,negocio,31,18.464829,-97.389734,https://mitehuacan.mx/?ruta=19
3,Mofles Y Escapes Miller,negocio,31,18.455046,-97.412882,https://mitehuacan.mx/?ruta=19
3,Agencia De Publicidad Sublime,negocio,32,18.464862,-97.391697,https://mitehuacan.mx/?ruta=19
3,Despacho Juridic0,negocio,32,18.467012,-97.391672,https://mitehuacan.mx/?ruta=19
3,Servio De Escapes Automotriz,negocio,32,18.456744,-97.399862,https://mitehuacan.mx/?ruta=19
3,Herreria Sin Nombre,negocio,34,18.480231,-97.376397,https://mitehuacan.mx/?ruta=19
3,Panificadora San Francisco De Asis,negocio,34,18.460536,-97.389475,https://mitehuacan.mx/?ruta=19
3,Despacho Juridico Asesoria Legal Y Administrativa,negocio,35,18.46482,-97.389108,https://mitehuacan.mx/?ruta=19
3,Imprenta Graphico,negocio,35,18.458455,-97.394237,https://mitehuacan.mx/?ruta=19
3,La Carreta,negocio,35,18.460631,-97.393486,https://mitehuacan.mx/?ruta=19
3,Panaderia Olivo Y Miel,negocio,35,18.456993,-97.399694,https://mitehuacan.mx/?ruta=19
3,Imprenta Ingraf,negocio,37,18.471409,-97.388687,https://mitehuacan.mx/?ruta=19
3,Estacionamiento Llerrier,negocio,38,18.460626,-97.394197,https://mitehuacan.mx/?ruta=19
3,Iglesia Biblica Bautista Maranatha,negocio,38,18.449984,-97.414087,https://mitehuacan.mx/?ruta=19
3,Sindicato Unico De Jubilados De Electricistas,negocio,39,18.460764,-97.399721,https://mitehuacan.mx/?ruta=19
3,Sistemas Inteligentes De Puebla,negocio,39,18.458906,-97.399795,https://mitehuacan.mx/?ruta=19
3,Grupo Dorset Alcoholicos Anonimos,negocio,40,18.470626,-97.391376,https://mitehuacan.mx/?ruta=19
3,Afore Xxi Banorte,negocio,41,18.459139,-97.394123,https://mitehuacan.mx/?ruta=19
3,Gimnasio Centro De Alto Rendimiento,negocio,42,18.465958,-97.389041,https://mitehuacan.mx/?ruta=19
3,Pension De Vehiculos Sin Nombre,negocio,42,18.459072,-97.392525,https://mitehuacan.mx/?ruta=19
3,Supervision Escolar Zona 022 Tehuacan,negocio,43,18.456837,-97.39965,https://mitehuacan.mx/?ruta=19
3,Centro Espiritual Sin Nombre,negocio,44,18.461939,-97.390998,https://mitehuacan.mx/?ruta=19
3,Estacionamiento San Luis,negocio,44,18.462999,-97.391817,https://mitehuacan.mx/?ruta=19
3,Estacionamiento Publico Gomez Ollivier,negocio,45,18.460442,-97.389372,https://mitehuacan.mx/?ruta=19
3,Instituto De Fondo Nacional De La Vivienda Para Los Trabajad,negocio,45,18.464864,-97.39182,https://mitehuacan.mx/?ruta=19
3,Panaderia Y Pasteleria La Tradicional,negocio,45,18.473868,-97.389032,https://mitehuacan.mx/?ruta=19
3,Reparadora De Discos De Clutch Platos Opresores Poli Clutch,negocio,45,18.462386,-97.389883,https://mitehuacan.mx/?ruta=19
3,Despacho Juridico,negocio,46,18.465967,-97.389876,https://mitehuacan.mx/?ruta=19
3,Ela Renta De Vestidos,negocio,46,18.458416,-97.396525,https://mitehuacan.mx/?ruta=19
3,Purificadora San Mar,negocio,46,18.4737,-97.387946,https://mitehuacan.mx/?ruta=19
3,Rectificadora Automotriz Ramos,negocio,46,18.469429,-97.388782,https://mitehuacan.mx/?ruta=19
3,Estacionamiento Publico El Zocalo,negocio,47,18.461354,-97.392551,https://mitehuacan.mx/?ruta=19
3,Gimnasio Fonseca Gym,negocio,47,18.464832,-97.389886,https://mitehuacan.mx/?ruta=19
3,Salon D Reyes,negocio,47,18.450682,-97.414425,https://mitehuacan.mx/?ruta=19
3,Sanitarios San Francisco,negocio,47,18.460448,-97.390749,https://mitehuacan.mx/?ruta=19
3,Purificadora San Juan,negocio,48,18.450687,-97.412665,https://mitehuacan.mx/?ruta=19
3,Neuroticos Anonimos,negocio,49,18.466839,-97.389894,https://mitehuacan.mx/?ruta=19
3,Panaderia Y Pizzas Montalvo,negocio,49,18.454907,-97.412783,https://mitehuacan.mx/?ruta=19
3,Alcoholicos Anonimos,negocio,50,18.466839,-97.389903,https://mitehuacan.mx/?ruta=19
3,Iglesia De Dios Sociedad Misionera Mundial,negocio,50,18.46482,-97.388975,https://mitehuacan.mx/?ruta=19
3,Dijo Fotocopiadoras Soporte Tecnico,negocio,51,18.459296,-97.396595,https://mitehuacan.mx/?ruta=19
3,Viajes Gomez Jimenez,negocio,51,18.461431,-97.394174,https://mitehuacan.mx/?ruta=19
3,Capilla De Santiago Apostol,negocio,52,18.468963,-97.389889,https://mitehuacan.mx/?ruta=19
3,Casa De Formacion Religioso Damasco,negocio,52,18.46688,-97.390879,https://mitehuacan.mx/?ruta=19
3,Parroquia El Divino Salvador,negocio,52,18.457895,-97.398422,https://mitehuacan.mx/?ruta=19
3,Ruta San Gabriel Chilac Tehuacan,negocio,53,18.460749,-97.388972,https://mitehuacan.mx/?ruta=19
3,Escuela De Boxeo Estilo Cesar,negocio,54,18.469084,-97.390834,https://mitehuacan.mx/?ruta=19
3,Purificadora De Agua Sani,negocio,54,18.456259,-97.398315,https://mitehuacan.mx/?ruta=19
3,Esculturas Creart,negocio,55,18.469133,-97.391866,https://mitehuacan.mx/?ruta=19
3,Fierro Palacios Abogados,negocio,55,18.465881,-97.390856,https://mitehuacan.mx/?ruta=19
3,Mofles Y Escapes Juquilita,negocio,57,18.45603,-97.413068,https://mitehuacan.mx/?ruta=19
3,Ferrosur,negocio,58,18.461003,-97.40092,https://mitehuacan.mx/?ruta=19
3,Bodega Sin Nombre,negocio,59,18.470801,-97.389811,https://mitehuacan.mx/?ruta=19
3,Imprenta Expresion Visual,negocio,59,18.461504,-97.394171,https://mitehuacan.mx/?ruta=19
3,Mecanico Diesel Leo,negocio,59,18.456376,-97.407522,https://mitehuacan.mx/?ruta=19
3,Neuroticos Anonimos,negocio,59,18.464816,-97.388881,https://mitehuacan.mx/?ruta=19
3,Iglesia De Dios Israelita,negocio,60,18.456367,-97.406546,https://mitehuacan.mx/?ruta=19
3,Oficina Administrativa,negocio,60,18.458115,-97.39147,https://mitehuacan.mx/?ruta=19
3,Refacil Sucursal Tehuacán,negocio,60,18.461578,-97.396502,https://mitehuacan.mx/?ruta=19
3,Renta De Recamaras Sin Nombre,negocio,60,18.451121,-97.412558,https://mitehuacan.mx/?ruta=19
3,Dinerito Xtra,negocio,62,18.459326,-97.394114,https://mitehuacan.mx/?ruta=19
3,Estacionamiento De La Dos Oriente,negocio,63,18.464948,-97.391988,https://mitehuacan.mx/?ruta=19
3,Rastro Municipal,negocio,63,18.456738,-97.398188,https://mitehuacan.mx/?ruta=19
3,Panificadora Gutipan,negocio,64,18.459272,-97.392538,https://mitehuacan.mx/?ruta=19
3,Salon De Fiestas Bugambilias,negocio,65,18.462515,-97.392019,https://mitehuacan.mx/?ruta=19
3,Casa Latina,negocio,66,18.468797,-97.391979,https://mitehuacan.mx/?ruta=19
3,Despacho Juridico Sin Nombre,negocio,66,18.465881,-97.390761,https://mitehuacan.mx/?ruta=19
3,Mofles Guicho,negocio,66,18.454779,-97.41269,https://mitehuacan.mx/?ruta=19
3,Banco Del Bienestar 0705 Tehuacan Sur,negocio,67,18.460342,-97.393507,https://mitehuacan.mx/?ruta=19
3,Pensiones Y Seguros Abc,negocio,68,18.459453,-97.396589,https://mitehuacan.mx/?ruta=19
3,Templo La Senda Antigua De Tehuacan,negocio,68,18.47331,-97.387636,https://mitehuacan.mx/?ruta=19
3,Despacho Juridico,negocio,69,18.466941,-97.39008,https://mitehuacan.mx/?ruta=19
3,Grupo Mexico Ferrosur,negocio,69,18.460875,-97.401014,https://mitehuacan.mx/?ruta=19
3,Mayoristas En Publicidad Y Diseño,negocio,69,18.46291,-97.388803,https://mitehuacan.mx/?ruta=19
3,Baños Publicos El Meson,negocio,70,18.461501,-97.390292,https://mitehuacan.mx/?ruta=19
3,Estacionamiento Independencia,negocio,70,18.462965,-97.390119,https://mitehuacan.mx/?ruta=19
3,Iglesia Del Señor De La Misericordia,negocio,70,18.4761,-97.385379,https://mitehuacan.mx/?ruta=19
3,Macs Diseño Y Produccion Publicitaria,negocio,70,18.4709,-97.390277,https://mitehuacan.mx/?ruta=19
3,Arrendadora De Mesas Y Sillas Yosami,negocio,71,18.459528,-97.399099,https://mitehuacan.mx/?ruta=19
3,Comunidad Catolica La Buena Nueva,negocio,71,18.458102,-97.393658,https://mitehuacan.mx/?ruta=19
3,Coordinacion Nacional De Becas Benito Juarez Tehuacan,negocio,71,18.462237,-97.392084,https://mitehuacan.mx/?ruta=19
3,Impresos Publi-K-T,negocio,71,18.464812,-97.388776,https://mitehuacan.mx/?ruta=19
3,Modulo De Cobro Ooselite,negocio,71,18.462246,-97.392084,https://mitehuacan.mx/?ruta=19
3,Presidencia Municipal De Tehuacan,negocio,71,18.462237,-97.392084,https://mitehuacan.mx/?ruta=19
3,Secretaria De Bienestar Tehuacan,negocio,71,18.462237,-97.392084,https://mitehuacan.mx/?ruta=19
3,Instituto Religioso Hermanas Menores De Jesus De La Diocesis,negocio,72,18.459391,-97.393473,https://mitehuacan.mx/?ruta=19
3,Panificación Tradicional Sin Nombre,negocio,73,18.477413,-97.380666,https://mitehuacan.mx/?ruta=19
3,Salon La Quintita,negocio,73,18.474022,-97.389355,https://mitehuacan.mx/?ruta=19
3,Radiadores Mendoza,negocio,74,18.454721,-97.412649,https://mitehuacan.mx/?ruta=19
3,Grupo De Alcoholicos Anonimos Buenos Veteranos,negocio,75,18.460436,-97.399364,https://mitehuacan.mx/?ruta=19
3,Imprenta Mega Graficos Tehuacan,negocio,75,18.46702,-97.39208,https://mitehuacan.mx/?ruta=19
3,Inconfundible Mariachi Guadalajara,negocio,75,18.456859,-97.411587,https://mitehuacan.mx/?ruta=19
3,Smart Transports Ventanilla 2 Oriente,negocio,77,18.464951,-97.39212,https://mitehuacan.mx/?ruta=19
3,Bufete Juridico Gerardo Cepeda Ortiz,negocio,78,18.461787,-97.398113,https://mitehuacan.mx/?ruta=19
3,Consultoria Juridica,negocio,78,18.475695,-97.385441,https://mitehuacan.mx/?ruta=19
3,Articulos Para Fiesta Decoraciones Aurora,negocio,79,18.461583,-97.390432,https://mitehuacan.mx/?ruta=19
3,Baños El Nene,negocio,79,18.462859,-97.390654,https://mitehuacan.mx/?ruta=19
3,Marimba Orquesta Cruz Conchita,negocio,79,18.456214,-97.403884,https://mitehuacan.mx/?ruta=19
3,Oficina De La Diocesis De Tehuacan,negocio,79,18.46193,-97.390665,https://mitehuacan.mx/?ruta=19
3,Parroquia Del Sagrario Diocesano Templo De San Francisco De ,negocio,79,18.461976,-97.390666,https://mitehuacan.mx/?ruta=19
3,Renta Y Venta De Trajes De Etiqueta Cisnes,negocio,79,18.462859,-97.390654,https://mitehuacan.mx/?ruta=19
3,Restaurante Bar Tole Tole,negocio,79,18.461658,-97.393284,https://mitehuacan.mx/?ruta=19
3,Unidad De Servicio Y Recuperacion Alcoholicos Anonimos,negocio,79,18.462859,-97.390654,https://mitehuacan.mx/?ruta=19
3,Vidrios Y Aluminios Juarez,negocio,79,18.476536,-97.385356,https://mitehuacan.mx/?ruta=19
3,Engrateh,negocio,80,18.466849,-97.38867,https://mitehuacan.mx/?ruta=19
3,Estudio Valsistico,negocio,80,18.457721,-97.398132,https://mitehuacan.mx/?ruta=19
3,Pasteleria Gabany Postres,negocio,80,18.459466,-97.393564,https://mitehuacan.mx/?ruta=19
3,Smart Transportes,negocio,80,18.464951,-97.392146,https://mitehuacan.mx/?ruta=19
3,Casa De La Cristiandad,negocio,81,18.461662,-97.392546,https://mitehuacan.mx/?ruta=19
3,Panaderia La Flor,negocio,82,18.461685,-97.393283,https://mitehuacan.mx/?ruta=19
3,Panaderia Y Pasteleria Vales,negocio,83,18.457911,-97.391578,https://mitehuacan.mx/?ruta=19
3,Sanitario Publico Sin Nombre,negocio,83,18.461717,-97.393975,https://mitehuacan.mx/?ruta=19
3,Tecno Estacionamientos,negocio,83,18.463245,-97.392187,https://mitehuacan.mx/?ruta=19
3,Construccion Y Topografia De Tehuacan,negocio,84,18.473725,-97.389371,https://mitehuacan.mx/?ruta=19
3,Gimnasio Genesis,negocio,84,18.458011,-97.394243,https://mitehuacan.mx/?ruta=19
3,Taller De Torno,negocio,84,18.458054,-97.395919,https://mitehuacan.mx/?ruta=19
3,Estacionamiento San Juan,negocio,85,18.46016,-97.392573,https://mitehuacan.mx/?ruta=19
3,Imprentadit,negocio,85,18.455812,-97.398119,https://mitehuacan.mx/?ruta=19
3,Pension La Suiza,negocio,86,18.460075,-97.390008,https://mitehuacan.mx/?ruta=19
3,Templo Sion Iglesia De Dios,negocio,86,18.457279,-97.410856,https://mitehuacan.mx/?ruta=19
3,Base De Combis Tehuacan Huajuapan,negocio,87,18.462847,-97.390275,https://mitehuacan.mx/?ruta=19
3,Base De Combis Tehuacan Teotitlan,negocio,87,18.462848,-97.390281,https://mitehuacan.mx/?ruta=19
3,Panaderia Y Pasteleria Mi Pan,negocio,88,18.464844,-97.390559,https://mitehuacan.mx/?ruta=19
3,Expresiones Graficas Publicidad,negocio,89,18.456105,-97.407668,https://mitehuacan.mx/?ruta=19
3,Universalacer,negocio,89,18.456891,-97.397942,https://mitehuacan.mx/?ruta=19
3,Venta De Articulos De Fiesta Q Shulos,negocio,89,18.458654,-97.390644,https://mitehuacan.mx/?ruta=19
3,Bufette Juridico,negocio,91,18.464925,-97.390528,https://mitehuacan.mx/?ruta=19
3,Conagua,negocio,91,18.461744,-97.392545,https://mitehuacan.mx/?ruta=19
3,Imprenta Publigrafica,negocio,91,18.460254,-97.398284,https://mitehuacan.mx/?ruta=19
3,Mueganos El Aguila,negocio,91,18.457836,-97.391476,https://mitehuacan.mx/?ruta=19
3,Cardio Tania,negocio,92,18.457987,-97.404687,https://mitehuacan.mx/?ruta=19
3,Estacionamiento Sin Nombre,negocio,92,18.460017,-97.389377,https://mitehuacan.mx/?ruta=19
3,Coorporativo Juridico,negocio,93,18.464873,-97.392275,https://mitehuacan.mx/?ruta=19
3,Despacho Juridico,negocio,93,18.464873,-97.392275,https://mitehuacan.mx/?ruta=19
3,Juristas Asociados,negocio,93,18.464873,-97.392275,https://mitehuacan.mx/?ruta=19
3,Capilla De San Jose,negocio,94,18.480418,-97.377951,https://mitehuacan.mx/?ruta=19
3,Casa De Huespedes El Panalito,negocio,94,18.462849,-97.390342,https://mitehuacan.mx/?ruta=19
3,Despacho Juridico Sin Nombre,negocio,94,18.46837,-97.390463,https://mitehuacan.mx/?ruta=19
3,Estudio De Arte Cuadros,negocio,94,18.459685,-97.39658,https://mitehuacan.mx/?ruta=19
3,Panaderia Karina,negocio,94,18.451668,-97.417889,https://mitehuacan.mx/?ruta=19
3,Diseño E Impresion En General,negocio,95,18.456062,-97.409237,https://mitehuacan.mx/?ruta=19
3,Neuroticos Anonimos Movimiento Buena Voluntad 24 Horas,negocio,95,18.459549,-97.392425,https://mitehuacan.mx/?ruta=19
3,Expresiones Graficas,negocio,96,18.464873,-97.392304,https://mitehuacan.mx/?ruta=19
3,Casa De Retiros Espirituales Casa Betania,negocio,97,18.460156,-97.396571,https://mitehuacan.mx/?ruta=19
3,Estacionamiento Vargas,negocio,97,18.45962,-97.393558,https://mitehuacan.mx/?ruta=19
3,Jefatura Del Sector 06 Telesecundarias Estatales,negocio,97,18.470426,-97.392237,https://mitehuacan.mx/?ruta=19
3,Panificadora El Pan Del Cielo,negocio,97,18.466921,-97.392282,https://mitehuacan.mx/?ruta=19
3,Ruta De Combis Los Arcos De Coculco Ajalpan Tehuacan,negocio,97,18.462993,-97.390483,https://mitehuacan.mx/?ruta=19
3,Ruta De Combis Tehuacan Teotitlan,negocio,97,18.463038,-97.390482,https://mitehuacan.mx/?ruta=19
3,Cesi Tehuacan,negocio,98,18.464874,-97.392323,https://mitehuacan.mx/?ruta=19
3,Enigma Estudio Coreografico,negocio,98,18.460042,-97.392569,https://mitehuacan.mx/?ruta=19
3,Tehuacan,negocio,98,18.46186,-97.394158,https://mitehuacan.mx/?ruta=19
3,Transformando Miradas,negocio,98,18.466665,-97.390361,https://mitehuacan.mx/?ruta=19
3,Unicredix,negocio,98,18.464874,-97.392323,https://mitehuacan.mx/?ruta=19
3,Villa Maria Del Carmen,negocio,98,18.457924,-97.395837,https://mitehuacan.mx/?ruta=19
3,Estacionamiento Cantabria,negocio,99,18.459667,-97.39421,https://mitehuacan.mx/?ruta=19
3,Oficinas De Administracion De Plaza Victoria,negocio,99,18.458037,-97.409587,https://mitehuacan.mx/?ruta=19
3,Publicidad Grapi,negocio,100,18.457837,-97.393582,https://mitehuacan.mx/?ruta=19
3,Estacionamienton Y Pension De Autos Charlie Brown,negocio,101,18.464842,-97.390436,https://mitehuacan.mx/?ruta=19
3,Proheco,negocio,102,18.454507,-97.412495,https://mitehuacan.mx/?ruta=19
3,Ruta De Combis Tehuacan Altepexi,negocio,102,18.462991,-97.390421,https://mitehuacan.mx/?ruta=19
3,Transportes Turisticos Tehuacan Tamazulapan,negocio,102,18.459622,-97.392428,https://mitehuacan.mx/?ruta=19
3,Pasteleria La Ideal,negocio,103,18.459903,-97.392437,https://mitehuacan.mx/?ruta=19
3,Despacho De Abogados Sin Nombre,negocio,104,18.460036,-97.394478,https://mitehuacan.mx/?ruta=19
3,Grupos De Ayudallegamos A Creer,negocio,104,18.462081,-97.400315,https://mitehuacan.mx/?ruta=19
3,Justicia Mixteca,negocio,104,18.460036,-97.394478,https://mitehuacan.mx/?ruta=19
3,Taller De Arte Emilio Pazos,negocio,104,18.460036,-97.394478,https://mitehuacan.mx/?ruta=19
3,Alcoholicos Anonimos 20 De Septiembre,negocio,105,18.472845,-97.389349,https://mitehuacan.mx/?ruta=19
3,Taller De Artesanias Sin Nombre,negocio,105,18.451461,-97.414205,https://mitehuacan.mx/?ruta=19
3,Bufet Juridico Lic Jorge Olmos Calderon,negocio,106,18.466923,-97.392368,https://mitehuacan.mx/?ruta=19
3,Tapiceria Sarabia,negocio,106,18.470288,-97.39234,https://mitehuacan.mx/?ruta=19
3,Capilla De La S. Virgen De Guadalupe,negocio,107,18.451125,-97.412109,https://mitehuacan.mx/?ruta=19
3,Tehuacan Fd-0068,negocio,108,18.461917,-97.393248,https://mitehuacan.mx/?ruta=19
3,Panaderia Libertad,negocio,109,18.45176,-97.412137,https://mitehuacan.mx/?ruta=19
3,Consultares Juridicos B Y B,negocio,110,18.463488,-97.392442,https://mitehuacan.mx/?ruta=19
3,Despacho Juridico Alvarado Y Asociados,negocio,110,18.462132,-97.400204,https://mitehuacan.mx/?ruta=19
3,Despacho Juridico Consultoria Juridica Sin Nombre,negocio,110,18.465891,-97.388399,https://mitehuacan.mx/?ruta=19
3,Bodega De Aparatos Para Hacer Ejercicio,negocio,111,18.472381,-97.389404,https://mitehuacan.mx/?ruta=19
3,Casa Hermanas Violetas,negocio,111,18.459839,-97.396577,https://mitehuacan.mx/?ruta=19
3,Consultores Juridicos Asociados - Despacho Juridico,negocio,111,18.464876,-97.392446,https://mitehuacan.mx/?ruta=19
3,Estacionamiento Juarez,negocio,111,18.461979,-97.392468,https://mitehuacan.mx/?ruta=19
3,Unidad De Notificacion Verificacion Y Cobro Coactivo,negocio,111,18.461979,-97.392468,https://mitehuacan.mx/?ruta=19
3,Rectificadora Bravo,negocio,112,18.469152,-97.392406,https://mitehuacan.mx/?ruta=19
3,Servicio De Estacionamiento Estacionamiento Tehuacan,negocio,112,18.462005,-97.394981,https://mitehuacan.mx/?ruta=19
3,Despacho De Abogados Cruz Trujillo Y Asociados,negocio,113,18.462013,-97.395104,https://mitehuacan.mx/?ruta=19
3,Imprenta Grafos,negocio,113,18.464958,-97.392462,https://mitehuacan.mx/?ruta=19
3,Servicio De Administracion Tributaria Servicios Al Contribuy,negocio,114,18.46198,-97.392496,https://mitehuacan.mx/?ruta=19
3,Estacionamiento Antonio Garcia,negocio,116,18.459821,-97.394208,https://mitehuacan.mx/?ruta=19
3,Internado Rafael Ayala Y Ayala,negocio,116,18.469832,-97.387241,https://mitehuacan.mx/?ruta=19
3,Purificadora De Agua Sin Nombre,negocio,116,18.448058,-97.416512,https://mitehuacan.mx/?ruta=19
3,Rectificadora Automotriz Franco,negocio,116,18.471313,-97.390635,https://mitehuacan.mx/?ruta=19
3,Catedral De La Inmaculada Concepcion,negocio,118,18.462002,-97.392856,https://mitehuacan.mx/?ruta=19
3,Federacion Sindicalista De Obreros Y Campesinos De La Region,negocio,118,18.462087,-97.396107,https://mitehuacan.mx/?ruta=19
3,Invitaciones De Corazon,negocio,118,18.459882,-97.39354,https://mitehuacan.mx/?ruta=19
3,Paint Imprsesiones,negocio,118,18.462105,-97.396691,https://mitehuacan.mx/?ruta=19
3,Panaderia Lupita,negocio,119,18.449684,-97.41295,https://mitehuacan.mx/?ruta=19
3,Financiera Xpress,negocio,120,18.464878,-97.392531,https://mitehuacan.mx/?ruta=19
3,Panificadora San Jose,negocio,120,18.470287,-97.392473,https://mitehuacan.mx/?ruta=19
3,Servicio De Alineacion Y Balanceo Danny,negocio,120,18.456873,-97.397648,https://mitehuacan.mx/?ruta=19
3,Bar Los Dragones,negocio,121,18.457603,-97.392735,https://mitehuacan.mx/?ruta=19
3,Gimnasio Gym,negocio,121,18.457603,-97.392735,https://mitehuacan.mx/?ruta=19
3,Afore Xxi Banorte,negocio,122,18.46208,-97.394403,https://mitehuacan.mx/?ruta=19
3,Alquiladora Casa Azul,negocio,122,18.457707,-97.395842,https://mitehuacan.mx/?ruta=19
3,Despacho Juridico,negocio,122,18.465954,-97.388283,https://mitehuacan.mx/?ruta=19
3,Qualitas Compania De Seguros,negocio,122,18.462074,-97.394294,https://mitehuacan.mx/?ruta=19
3,Click Impresion Digital,negocio,123,18.457555,-97.391782,https://mitehuacan.mx/?ruta=19
3,Estancia De Dia Nuevo Amanecer,negocio,123,18.458331,-97.406335,https://mitehuacan.mx/?ruta=19
3,Salon De Juntas Venustiano Carranza,negocio,123,18.458258,-97.40374,https://mitehuacan.mx/?ruta=19
3,Cristafacil,negocio,124,18.454342,-97.412376,https://mitehuacan.mx/?ruta=19
3,Iglecia Casa De Oracion,negocio,124,18.477429,-97.38013,https://mitehuacan.mx/?ruta=19
3,Elaboracion Y Venta De Donas La Pecosita,negocio,125,18.462778,-97.388276,https://mitehuacan.mx/?ruta=19
3,Capilla De La Virgen Del Rosario,negocio,126,18.452279,-97.417536,https://mitehuacan.mx/?ruta=19
3,Despacho De Abogado Jhm Jesus Hernandez Mota,negocio,126,18.462229,-97.398512,https://mitehuacan.mx/?ruta=19
3,Sanitarios Publicos Ely,negocio,129,18.458272,-97.390333,https://mitehuacan.mx/?ruta=19
3,Iglesia Cristiana Pentecostes,negocio,130,18.462296,-97.399534,https://mitehuacan.mx/?ruta=19
3,Comisariado Ejidal Poblado El Riego,negocio,131,18.455726,-97.405744,https://mitehuacan.mx/?ruta=19
3,Purificadora De Agua Atzin,negocio,131,18.44875,-97.414797,https://mitehuacan.mx/?ruta=19
3,Salon El Ejido Del Riego,negocio,131,18.45572,-97.40577,https://mitehuacan.mx/?ruta=19
3,Cluth Clops,negocio,133,18.45445,-97.41198,https://mitehuacan.mx/?ruta=19
3,"Autobuses Tehuacan, Coxcatlan Teotitlan Sa De Cv",negocio,134,18.462893,-97.388182,https://mitehuacan.mx/?ruta=19
3,Despacho Juridico,negocio,134,18.45511,-97.398233,https://mitehuacan.mx/?ruta=19
3,Purificadora De Agua Vive Sanamente,negocio,134,18.457459,-97.392041,https://mitehuacan.mx/?ruta=19
3,Estacionamiento De La 1 Poniente,negocio,135,18.462275,-97.397172,https://mitehuacan.mx/?ruta=19
3,Galerias Leon,negocio,135,18.458744,-97.390205,https://mitehuacan.mx/?ruta=19
3,Gimnasio De Box Puño De Oro,negocio,135,18.468653,-97.392632,https://mitehuacan.mx/?ruta=19
3,Supervision De Bachilleratos Generales Ajalpan Puebla Zona E,negocio,136,18.457487,-97.393131,https://mitehuacan.mx/?ruta=19
3,Taller Mecanico Torno Industrial,negocio,136,18.462334,-97.388172,https://mitehuacan.mx/?ruta=19
3,Van Valu Alquiladora,negocio,136,18.457794,-97.410829,https://mitehuacan.mx/?ruta=19
3,Casa De Huespedes Iris,negocio,137,18.469088,-97.392646,https://mitehuacan.mx/?ruta=19
3,Despacho Juridico,negocio,137,18.457545,-97.394856,https://mitehuacan.mx/?ruta=19
3,Estacionamiento Para Clientes De Distribuidora De Poliester,negocio,137,18.458091,-97.390335,https://mitehuacan.mx/?ruta=19
3,Oficinas De Inegi,negocio,137,18.457536,-97.390938,https://mitehuacan.mx/?ruta=19
3,Purificadora De Agua Claro,negocio,137,18.455425,-97.40972,https://mitehuacan.mx/?ruta=19
3,Estacionamiento Angel,negocio,138,18.457442,-97.391188,https://mitehuacan.mx/?ruta=19
3,Estacionamiento Sin Nombre,negocio,138,18.457535,-97.390919,https://mitehuacan.mx/?ruta=19
3,Gimnacio Tiger Gym,negocio,138,18.457442,-97.391188,https://mitehuacan.mx/?ruta=19
3,Envasados De Garrafones De Agua,negocio,139,18.453239,-97.415684,https://mitehuacan.mx/?ruta=19
3,Gimnasio Iron Fitness World,negocio,139,18.464882,-97.392711,https://mitehuacan.mx/?ruta=19
3,Imprenta Y Papeleria Blest,negocio,142,18.474486,-97.383236,https://mitehuacan.mx/?ruta=19
3,Oficina De Antorcha Campesina,negocio,143,18.462389,-97.398858,https://mitehuacan.mx/?ruta=19
3,Tapiceria Tapimex,negocio,143,18.457365,-97.391483,https://mitehuacan.mx/?ruta=19
3,Despacho Juridico Sin Nombre,negocio,144,18.462548,-97.38809,https://mitehuacan.mx/?ruta=19
3,Corporativo Romero Calderon Abogados,negocio,145,18.458633,-97.390114,https://mitehuacan.mx/?ruta=19
3,Oficina De Distrito De Central Mexicana Aa,negocio,145,18.462426,-97.399445,https://mitehuacan.mx/?ruta=19
3,Taller De Serigrafia Sin Nombre,negocio,145,18.455597,-97.406279,https://mitehuacan.mx/?ruta=19
3,Tienda Trajes Emiliano,negocio,145,18.462423,-97.399397,https://mitehuacan.mx/?ruta=19
3,La Michoacana,nieves,1,18.451506,-97.416482,https://mitehuacan.mx/?ruta=19
3,Choco Paletas,nieves,21,18.461061,-97.390667,https://mitehuacan.mx/?ruta=19
3,Helados Y Paletas De La Rosa,nieves,33,18.457627,-97.408913,https://mitehuacan.mx/?ruta=19
3,La flor del desierto,nieves,59,18.458158,-97.392406,https://mitehuacan.mx/?ruta=19
3,Papeleria Y Neveria La Michoacana,nieves,68,18.46244,-97.390763,https://mitehuacan.mx/?ruta=19
3,Paleteria La Michoacana,nieves,86,18.462857,-97.390588,https://mitehuacan.mx/?ruta=19
3,Neveria Y Heladeria La Michoacana,nieves,126,18.457543,-97.391232,https://mitehuacan.mx/?ruta=19
3,Notaria N 5,notaría,30,18.460699,-97.394196,https://mitehuacan.mx/?ruta=19
3,Contratos Mercantiles Corredor Publico Numero 3,notaría,79,18.460215,-97.392575,https://mitehuacan.mx/?ruta=19
3,Auxiliar De La Notaria Numero 2,notaría,80,18.460206,-97.392575,https://mitehuacan.mx/?ruta=19
3,Correduria Publica Numero 5,notaría,80,18.460206,-97.392575,https://mitehuacan.mx/?ruta=19
3,Notaria Publica Numero 2,notaría,80,18.460206,-97.392575,https://mitehuacan.mx/?ruta=19
3,Notaria Publica N 1 Distrito Judicial Tehuacan Puebla,notaría,121,18.462145,-97.397262,https://mitehuacan.mx/?ruta=19
3,Notaria Publica No. 8,notaría,141,18.462364,-97.39846,https://mitehuacan.mx/?ruta=19
3,Sin Esperar Servicio De Reparto,paquetería,2,18.458694,-97.392,https://mitehuacan.mx/?ruta=19
3,Fedex,paquetería,7,18.461047,-97.399202,https://mitehuacan.mx/?ruta=19
3,Scm Operaciones Pba,paquetería,86,18.466866,-97.390551,https://mitehuacan.mx/?ruta=19
3,Servicio De Paqueteria Odm Express,paquetería,123,18.462181,-97.397755,https://mitehuacan.mx/?ruta=19
3,Fedex,paquetería,128,18.462174,-97.395841,https://mitehuacan.mx/?ruta=19
3,Parque De la 7 Pte,parque,14,18.457078,-97.406032,https://mitehuacan.mx/?ruta=19
3,Parque Av 7 Poniemte,parque,15,18.457051,-97.405628,https://mitehuacan.mx/?ruta=19
3,Infonavit Granada,parque,58,18.45772,-97.405698,https://mitehuacan.mx/?ruta=19
3,Parque Av del Mestro,parque,72,18.457813,-97.404742,https://mitehuacan.mx/?ruta=19
3,Parque de la 7,parque,120,18.457049,-97.412165,https://mitehuacan.mx/?ruta=19
3,Parque Juárez,parque,131,18.462417,-97.392642,https://mitehuacan.mx/?ruta=19
3,La Pedrera,parque,145,18.456693,-97.39742,https://mitehuacan.mx/?ruta=19
3,Parque de los Abuelos,parque,149,18.458572,-97.40656,https://mitehuacan.mx/?ruta=19
3,Tienda De Perfumes Y Esencias Inspiracion,perfumería,0,18.462717,-97.389454,https://mitehuacan.mx/?ruta=19
3,Compra Venta De Maquillaje Y Accesorios,perfumería,3,18.463319,-97.391369,https://mitehuacan.mx/?ruta=19
3,Distribuidora Jafra,perfumería,3,18.463319,-97.391369,https://mitehuacan.mx/?ruta=19
3,Venta De Cosmeticos Sin Nombre,perfumería,4,18.456201,-97.399872,https://mitehuacan.mx/?ruta=19
3,Perfumes Bravos,perfumería,6,18.465313,-97.391444,https://mitehuacan.mx/?ruta=19
3,F160 Puebla 22. Tehuacan Puebla Fraiche,perfumería,9,18.46082,-97.39174,https://mitehuacan.mx/?ruta=19
3,Tienda De Perfumes Fragance,perfumería,9,18.459848,-97.391547,https://mitehuacan.mx/?ruta=19
3,Novedades Karina,perfumería,12,18.461799,-97.389342,https://mitehuacan.mx/?ruta=19
3,Oficina De Jafra,perfumería,12,18.461311,-97.389346,https://mitehuacan.mx/?ruta=19
3,Venta De Cosmeticos Despacho 8 Sin Nombre,perfumería,12,18.461293,-97.389346,https://mitehuacan.mx/?ruta=19
3,Venta De Cosmeticos Magic Glam,perfumería,15,18.458677,-97.391345,https://mitehuacan.mx/?ruta=19
3,Tienda De Articulos De Belleza Bissu,perfumería,20,18.462067,-97.391222,https://mitehuacan.mx/?ruta=19
3,Nails Cosmetics Tehuacan,perfumería,27,18.46491,-97.389703,https://mitehuacan.mx/?ruta=19
3,Oficina De Mary Kay,perfumería,33,18.465753,-97.391695,https://mitehuacan.mx/?ruta=19
3,Centro De Distribucion Zermat,perfumería,40,18.461294,-97.392644,https://mitehuacan.mx/?ruta=19
3,Distribuidora Kuull,perfumería,43,18.460559,-97.393491,https://mitehuacan.mx/?ruta=19
3,Perfumes Y Esencias Hans Collection,perfumería,53,18.458183,-97.391574,https://mitehuacan.mx/?ruta=19
3,Venta De Accesorios Para Uñas Y Cosmeticos Georgia,perfumería,55,18.461555,-97.388943,https://mitehuacan.mx/?ruta=19
3,Tienda De Productos De Belleza Kaprich,perfumería,56,18.462051,-97.390881,https://mitehuacan.mx/?ruta=19
3,Venta De Cosmeticos Y Accesorios,perfumería,62,18.460278,-97.389477,https://mitehuacan.mx/?ruta=19
3,Tienda De Articulos De Belleza Karina,perfumería,65,18.461929,-97.390799,https://mitehuacan.mx/?ruta=19
3,Tienda De Cosmeticos Mi Central De Mayoreo,perfumería,67,18.462631,-97.390767,https://mitehuacan.mx/?ruta=19
3,Bodega De Articulos De Belleza Kaprich,perfumería,70,18.461501,-97.390292,https://mitehuacan.mx/?ruta=19
3,Bodega De Articulos Para Belleza Kaprich,perfumería,70,18.461501,-97.390292,https://mitehuacan.mx/?ruta=19
3,Bodega De Kaprich,perfumería,70,18.461501,-97.390292,https://mitehuacan.mx/?ruta=19
3,Productos De Belleza Sin Nombre,perfumería,70,18.461501,-97.390292,https://mitehuacan.mx/?ruta=19
3,Articulos Para Velleza Estilos,perfumería,79,18.462859,-97.390654,https://mitehuacan.mx/?ruta=19
3,Bodega De Articulos De Belleza Circulo B,perfumería,79,18.462859,-97.390654,https://mitehuacan.mx/?ruta=19
3,Tienda De Articulos De Belleza Circulo B,perfumería,79,18.462859,-97.390654,https://mitehuacan.mx/?ruta=19
3,Cosmeticos Accesorios Y Algo Mas Buva,perfumería,80,18.461686,-97.390664,https://mitehuacan.mx/?ruta=19
3,Venta De Material Para Uñas Sin Nombre,perfumería,84,18.465883,-97.39023,https://mitehuacan.mx/?ruta=19
3,Distribuidora De Tintes Kulver,perfumería,102,18.459924,-97.389378,https://mitehuacan.mx/?ruta=19
3,Tienda De Uñas Sublime,perfumería,115,18.457704,-97.393686,https://mitehuacan.mx/?ruta=19
3,Venta De Pintura Y Pastas Texturiedos Textuplax,pinturas,48,18.458225,-97.39147,https://mitehuacan.mx/?ruta=19
3,Juegos Infantiles,playground,19,18.457086,-97.407967,https://mitehuacan.mx/?ruta=19
3,Plaza Kristal Tehuacán,plaza,88,18.462826,-97.390568,https://mitehuacan.mx/?ruta=19
3,Polleria Dulce,pollería,0,18.449516,-97.416044,https://mitehuacan.mx/?ruta=19
3,Polleria Jessi,pollería,0,18.452434,-97.414362,https://mitehuacan.mx/?ruta=19
3,Polleria Marijo,pollería,1,18.477027,-97.384496,https://mitehuacan.mx/?ruta=19
3,Venta De Pollo Por Kilo Y Pieza,pollería,1,18.458863,-97.397999,https://mitehuacan.mx/?ruta=19
3,Venta De Pollo Sin Nombre Pollo Crudo Por Kilo,pollería,1,18.458863,-97.397999,https://mitehuacan.mx/?ruta=19
3,Venta De Pollos Patsa,pollería,1,18.457163,-97.405113,https://mitehuacan.mx/?ruta=19
3,Distribuidora Avicola Marijo,pollería,2,18.472786,-97.388304,https://mitehuacan.mx/?ruta=19
3,Venta De Pollo Chabelita,pollería,3,18.474342,-97.385059,https://mitehuacan.mx/?ruta=19
3,Polleria Los Polluelos,pollería,4,18.456201,-97.399872,https://mitehuacan.mx/?ruta=19
3,Polleria Nicks,pollería,4,18.456883,-97.40908,https://mitehuacan.mx/?ruta=19
3,Polleria Socorro,pollería,4,18.456201,-97.399872,https://mitehuacan.mx/?ruta=19
3,Venta De Pollo Fresco,pollería,4,18.480525,-97.376861,https://mitehuacan.mx/?ruta=19
3,Venta De Pollo Mi Juquilita,pollería,4,18.456201,-97.399872,https://mitehuacan.mx/?ruta=19
3,Polleria Angel,pollería,5,18.468921,-97.391296,https://mitehuacan.mx/?ruta=19
3,Polleria La Paz,pollería,5,18.464418,-97.389399,https://mitehuacan.mx/?ruta=19
3,Polleria Sagat,pollería,5,18.46621,-97.389384,https://mitehuacan.mx/?ruta=19
3,Venta De Pollo Gold Chicken,pollería,5,18.467672,-97.391317,https://mitehuacan.mx/?ruta=19
3,Venta De Pollo Crudo,pollería,7,18.46103,-97.398562,https://mitehuacan.mx/?ruta=19
3,Polleria La Favorita,pollería,10,18.450227,-97.414179,https://mitehuacan.mx/?ruta=19
3,Polleria Y Venta De Verduras,pollería,10,18.457245,-97.403224,https://mitehuacan.mx/?ruta=19
3,Pollos Nicks,pollería,15,18.456178,-97.398687,https://mitehuacan.mx/?ruta=19
3,Polleria Abi,pollería,25,18.461948,-97.391178,https://mitehuacan.mx/?ruta=19
3,Polleria Adris,pollería,25,18.461948,-97.391178,https://mitehuacan.mx/?ruta=19
3,Polleria Alex,pollería,25,18.461948,-97.391178,https://mitehuacan.mx/?ruta=19
3,Polleria Anita,pollería,25,18.461948,-97.391178,https://mitehuacan.mx/?ruta=19
3,Polleria Conchita,pollería,25,18.461948,-97.391178,https://mitehuacan.mx/?ruta=19
3,Polleria Don Pollo,pollería,25,18.461948,-97.391178,https://mitehuacan.mx/?ruta=19
3,Polleria El Pilar,pollería,25,18.461948,-97.391178,https://mitehuacan.mx/?ruta=19
3,Polleria El Pollo Feliz,pollería,25,18.461948,-97.391178,https://mitehuacan.mx/?ruta=19
3,Polleria El Rosario,pollería,25,18.461948,-97.391178,https://mitehuacan.mx/?ruta=19
3,Polleria El Tete,pollería,25,18.461948,-97.391178,https://mitehuacan.mx/?ruta=19
3,Polleria Juquilita,pollería,25,18.461948,-97.391178,https://mitehuacan.mx/?ruta=19
3,Polleria Karla,pollería,25,18.461948,-97.391178,https://mitehuacan.mx/?ruta=19
3,Polleria Lucy,pollería,25,18.461948,-97.391178,https://mitehuacan.mx/?ruta=19
3,Polleria Lupita,pollería,25,18.461948,-97.391178,https://mitehuacan.mx/?ruta=19
3,Polleria Maru,pollería,25,18.461948,-97.391178,https://mitehuacan.mx/?ruta=19
3,Polleria Oralia,pollería,25,18.461948,-97.391178,https://mitehuacan.mx/?ruta=19
3,Polleria Pollo Travieso,pollería,25,18.461948,-97.391178,https://mitehuacan.mx/?ruta=19
3,Polleria Teresita,pollería,25,18.461948,-97.391178,https://mitehuacan.mx/?ruta=19
3,Polleria Feli,pollería,34,18.473929,-97.388944,https://mitehuacan.mx/?ruta=19
3,Polleria Crudi Pollo,pollería,39,18.462954,-97.389826,https://mitehuacan.mx/?ruta=19
3,Polleria Lulu,pollería,48,18.469014,-97.390893,https://mitehuacan.mx/?ruta=19
3,Polleria Vanessa,pollería,61,18.452108,-97.412615,https://mitehuacan.mx/?ruta=19
3,Polleria Chavita,pollería,74,18.477735,-97.384645,https://mitehuacan.mx/?ruta=19
3,Compra Venta De Pollo Fresco,pollería,78,18.465962,-97.390645,https://mitehuacan.mx/?ruta=19
3,Venta De Pollo Sin Nombre,pollería,82,18.475165,-97.383822,https://mitehuacan.mx/?ruta=19
3,Polleria La Fortaleza,pollería,86,18.456902,-97.411727,https://mitehuacan.mx/?ruta=19
3,Venta De Pollo Crudo Destazado,pollería,86,18.458062,-97.407789,https://mitehuacan.mx/?ruta=19
3,Venta De Pollo Sin Nombre,pollería,89,18.450707,-97.415965,https://mitehuacan.mx/?ruta=19
3,Venta De Pollo Sin Nombre,pollería,102,18.477088,-97.382717,https://mitehuacan.mx/?ruta=19
3,Polleria Tanis,pollería,104,18.474256,-97.3836,https://mitehuacan.mx/?ruta=19
3,Polleria Alli,pollería,106,18.458103,-97.403566,https://mitehuacan.mx/?ruta=19
3,Polleria La Granjita,pollería,106,18.449982,-97.412596,https://mitehuacan.mx/?ruta=19
3,Polleria El Shaddai,pollería,110,18.470288,-97.392378,https://mitehuacan.mx/?ruta=19
3,Compra Y Venta De Pollo En Pie Sin Nombre,pollería,113,18.449636,-97.413193,https://mitehuacan.mx/?ruta=19
3,Polleria Karina,pollería,118,18.475307,-97.388964,https://mitehuacan.mx/?ruta=19
3,Polleria Merlin,pollería,120,18.455993,-97.414614,https://mitehuacan.mx/?ruta=19
3,Venta De Pollo Fresco Sin Nombre,pollería,121,18.460825,-97.388323,https://mitehuacan.mx/?ruta=19
3,Venta De Pollo,pollería,127,18.458338,-97.405652,https://mitehuacan.mx/?ruta=19
3,Polleria Bezaleel,pollería,134,18.457455,-97.391738,https://mitehuacan.mx/?ruta=19
3,Polleria Da Vinci,pollería,135,18.477677,-97.375926,https://mitehuacan.mx/?ruta=19
3,Venta De Pollo Fresco Sin Nombre,pollería,138,18.460819,-97.388162,https://mitehuacan.mx/?ruta=19
3,Publicidad Print Center,publicidad,9,18.458881,-97.395133,https://mitehuacan.mx/?ruta=19
3,Agencia De Publicidad Publi Max,publicidad,40,18.458409,-97.394237,https://mitehuacan.mx/?ruta=19
3,Ok Publicidad,publicidad,122,18.464878,-97.39255,https://mitehuacan.mx/?ruta=19
3,Tienda De Abarrotes Andrea,purificadora,2,18.462669,-97.391381,https://mitehuacan.mx/?ruta=19
3,Venta De Dulces Sin Nombre,purificadora,12,18.461256,-97.389345,https://mitehuacan.mx/?ruta=19
3,Bodega De Refresco Sin Nombre,purificadora,25,18.461948,-97.391178,https://mitehuacan.mx/?ruta=19
3,Venta Refrescos Sin Nombre,purificadora,55,18.461575,-97.388942,https://mitehuacan.mx/?ruta=19
3,Tienda La Comelona,purificadora,76,18.459503,-97.395995,https://mitehuacan.mx/?ruta=19
3,Compra Venta De Jugos Refrescos Y Dulces Ponce,purificadora,78,18.462968,-97.390195,https://mitehuacan.mx/?ruta=19
3,Venta De Dulces Y Refrescos,purificadora,79,18.475024,-97.386609,https://mitehuacan.mx/?ruta=19
3,Procesadora Industrial De Hielo Y Agua,purificadora,92,18.46025,-97.398179,https://mitehuacan.mx/?ruta=19
3,Tienda De Refrescos La China,purificadora,102,18.463055,-97.390421,https://mitehuacan.mx/?ruta=19
3,Tendajon Sin Nombre,purificadora,119,18.458264,-97.405501,https://mitehuacan.mx/?ruta=19
3,Venta De Garrafones De Agua Sin Nombre,purificadora,129,18.462307,-97.400305,https://mitehuacan.mx/?ruta=19
3,Miscelanea Bety,purificadora,136,18.471308,-97.392021,https://mitehuacan.mx/?ruta=19
3,Novedades Alis,regalos,0,18.462011,-97.38946,https://mitehuacan.mx/?ruta=19
3,Novedades Bodega De Mayoreo,regalos,0,18.461658,-97.389463,https://mitehuacan.mx/?ruta=19
3,Novedades Sin Nombre,regalos,0,18.461396,-97.389466,https://mitehuacan.mx/?ruta=19
3,Novedades Y Regalos Sol,regalos,0,18.456764,-97.410079,https://mitehuacan.mx/?ruta=19
3,Sweet And Delicius,regalos,0,18.458726,-97.393203,https://mitehuacan.mx/?ruta=19
3,Venta De Novedades Relojeria Cano,regalos,0,18.461731,-97.389463,https://mitehuacan.mx/?ruta=19
3,Tienda De Regalos Shantal,regalos,1,18.458748,-97.393848,https://mitehuacan.mx/?ruta=19
3,Venta De Tortillas A Mano Balderas,regalos,1,18.478555,-97.38023,https://mitehuacan.mx/?ruta=19
3,Gpekas,regalos,2,18.460935,-97.392209,https://mitehuacan.mx/?ruta=19
3,Novedades,regalos,2,18.456406,-97.410872,https://mitehuacan.mx/?ruta=19
3,Novedades Nepta,regalos,2,18.456427,-97.410822,https://mitehuacan.mx/?ruta=19
3,Novedades Rossinova,regalos,2,18.458694,-97.392,https://mitehuacan.mx/?ruta=19
3,Venta De Novedades Sin Nombre,regalos,2,18.458651,-97.39147,https://mitehuacan.mx/?ruta=19
3,Chacharas Y Novedades,regalos,3,18.460912,-97.391156,https://mitehuacan.mx/?ruta=19
3,Compra De Articulos Para Fiestas Party Sofi,regalos,3,18.463724,-97.389418,https://mitehuacan.mx/?ruta=19
3,Papeleria Miky,regalos,3,18.468917,-97.388809,https://mitehuacan.mx/?ruta=19
3,Tienda De Regalos Ortenzia,regalos,3,18.463319,-97.391369,https://mitehuacan.mx/?ruta=19
3,Venta De Peluches Y Novedades Maggy,regalos,3,18.462269,-97.391382,https://mitehuacan.mx/?ruta=19
3,Novedades Y Venta De Ropa La Maestra De Las Ofertas,regalos,4,18.456201,-97.399872,https://mitehuacan.mx/?ruta=19
3,Plasticos Y Novedades Sin Nombre,regalos,4,18.456201,-97.399872,https://mitehuacan.mx/?ruta=19
3,Venta De Articulos Varios,regalos,4,18.456201,-97.399872,https://mitehuacan.mx/?ruta=19
3,Venta De Novedades Manualidades Y Artesanias Yireth,regalos,4,18.456201,-97.399872,https://mitehuacan.mx/?ruta=19
3,Venta De Novedades Sin Nombre,regalos,4,18.456201,-97.399872,https://mitehuacan.mx/?ruta=19
3,Venta De Novedades Y Dulces Sin Nombre,regalos,4,18.456201,-97.399872,https://mitehuacan.mx/?ruta=19
3,Venta De Regalos Y Novedades Theots,regalos,4,18.458662,-97.392716,https://mitehuacan.mx/?ruta=19
3,Tienda De Regalos Sin Nombre,regalos,5,18.467893,-97.38936,https://mitehuacan.mx/?ruta=19
3,Venta De Regalos,regalos,5,18.474762,-97.38454,https://mitehuacan.mx/?ruta=19
3,Detalles Y Regalos Chemms,regalos,6,18.46922,-97.391292,https://mitehuacan.mx/?ruta=19
3,Tienda De Regalos Sin Nombre,regalos,7,18.460983,-97.39715,https://mitehuacan.mx/?ruta=19
3,Regalos Aladino,regalos,8,18.461386,-97.391507,https://mitehuacan.mx/?ruta=19
3,Bodega De Novedades Yani,regalos,9,18.460808,-97.391283,https://mitehuacan.mx/?ruta=19
3,Novedades Alexandra,regalos,9,18.460839,-97.392307,https://mitehuacan.mx/?ruta=19
3,Novedades Yanni,regalos,9,18.460799,-97.39097,https://mitehuacan.mx/?ruta=19
3,Tienda De Novedades Sin Nombre,regalos,9,18.460806,-97.391217,https://mitehuacan.mx/?ruta=19
3,Tienda De Novedades Tehuacan,regalos,9,18.460029,-97.391545,https://mitehuacan.mx/?ruta=19
3,Tienda De Regalos Kenval,regalos,9,18.460808,-97.391283,https://mitehuacan.mx/?ruta=19
3,Novedades Brends,regalos,11,18.451589,-97.413055,https://mitehuacan.mx/?ruta=19
3,Regalo Magico Tehuacan,regalos,12,18.461274,-97.389346,https://mitehuacan.mx/?ruta=19
3,Tienda De Novedades Sin Nombre,regalos,12,18.458799,-97.392309,https://mitehuacan.mx/?ruta=19
3,Venta De Juguetes Regalos Y Articulos De Toda Temporada Sono,regalos,13,18.46122,-97.389344,https://mitehuacan.mx/?ruta=19
3,Tienda De Novedades Tula,regalos,14,18.468678,-97.389265,https://mitehuacan.mx/?ruta=19
3,Venta De Accesorios Varios Centro Mayorista,regalos,14,18.46265,-97.389321,https://mitehuacan.mx/?ruta=19
3,Tienda De Articulos Para Fiesta Deseo Globos,regalos,16,18.464908,-97.389599,https://mitehuacan.mx/?ruta=19
3,Regalos Rossy,regalos,18,18.461129,-97.394062,https://mitehuacan.mx/?ruta=19
3,Novedades Sin Nombre,regalos,25,18.461948,-97.391178,https://mitehuacan.mx/?ruta=19
3,Novedades Y Articulos De Temporada Sin Nombre,regalos,25,18.461948,-97.391178,https://mitehuacan.mx/?ruta=19
3,Monerias Y Detalles,regalos,29,18.461192,-97.392553,https://mitehuacan.mx/?ruta=19
3,Venta De Regalos Sin Nombre,regalos,30,18.470294,-97.391619,https://mitehuacan.mx/?ruta=19
3,Regalos Y Detalles Cocoy,regalos,31,18.461204,-97.392646,https://mitehuacan.mx/?ruta=19
3,Venta De Regalos Sin Nombre,regalos,32,18.456648,-97.399096,https://mitehuacan.mx/?ruta=19
3,Venta De Articulos De Temporada Sin Nombre,regalos,33,18.461558,-97.389152,https://mitehuacan.mx/?ruta=19
3,Regalos Y Novedades Sin Nombre,regalos,36,18.450988,-97.413496,https://mitehuacan.mx/?ruta=19
3,Jugueteria Y Novedades Angelito,regalos,38,18.460527,-97.390664,https://mitehuacan.mx/?ruta=19
3,Tienda De Regalos Y Novedades Alix Fashion,regalos,38,18.458768,-97.391124,https://mitehuacan.mx/?ruta=19
3,Casa Athie,regalos,43,18.461318,-97.392551,https://mitehuacan.mx/?ruta=19
3,Novedades Y Regalos Qualitas,regalos,43,18.457717,-97.40892,https://mitehuacan.mx/?ruta=19
3,Novedades Key,regalos,45,18.458666,-97.391061,https://mitehuacan.mx/?ruta=19
3,Tienda De Accesorios H Y G,regalos,48,18.460492,-97.392456,https://mitehuacan.mx/?ruta=19
3,Tienda De Novedades Coquette,regalos,48,18.458765,-97.391029,https://mitehuacan.mx/?ruta=19
3,Articulos Y Novedades Vero,regalos,58,18.460346,-97.390664,https://mitehuacan.mx/?ruta=19
3,Tienda De Globos Globimagic,regalos,58,18.464834,-97.38999,https://mitehuacan.mx/?ruta=19
3,La Casita,regalos,62,18.465881,-97.390799,https://mitehuacan.mx/?ruta=19
3,Tienda De Regalos Sin Nombre,regalos,62,18.473687,-97.384618,https://mitehuacan.mx/?ruta=19
3,Tienda De Juguetes Toys Selectos,regalos,63,18.462863,-97.390806,https://mitehuacan.mx/?ruta=19
3,Venta De Novedades Sin Nombre,regalos,63,18.455669,-97.401797,https://mitehuacan.mx/?ruta=19
3,Plaza China,regalos,65,18.460378,-97.394072,https://mitehuacan.mx/?ruta=19
3,Novedades Mickie,regalos,67,18.45631,-97.40853,https://mitehuacan.mx/?ruta=19
3,Tienda De Regalos Sin Nombre,regalos,67,18.462667,-97.390769,https://mitehuacan.mx/?ruta=19
3,Bodega De Tienda De Novedades Y Accesorios Buva,regalos,70,18.461501,-97.390292,https://mitehuacan.mx/?ruta=19
3,Tienda De Accesorios Buva Mayoristas,regalos,70,18.461501,-97.390292,https://mitehuacan.mx/?ruta=19
3,Novedades Bolaños,regalos,73,18.462843,-97.390143,https://mitehuacan.mx/?ruta=19
3,Novedades Y Dulces Fany,regalos,76,18.47029,-97.392055,https://mitehuacan.mx/?ruta=19
3,Papeleria Y Novedades Marisol,regalos,78,18.456226,-97.403838,https://mitehuacan.mx/?ruta=19
3,Almacen De Central De Mayoreo,regalos,79,18.462859,-97.390654,https://mitehuacan.mx/?ruta=19
3,Distribuidora Lalo,regalos,79,18.461584,-97.39047,https://mitehuacan.mx/?ruta=19
3,Electronica Y Novedades Memin,regalos,79,18.461586,-97.390659,https://mitehuacan.mx/?ruta=19
3,Novedades Make Up Store,regalos,79,18.461582,-97.390346,https://mitehuacan.mx/?ruta=19
3,Tienda De Regalos Andimy,regalos,79,18.461638,-97.392639,https://mitehuacan.mx/?ruta=19
3,Bonetria Y Novedades My Pink House,regalos,81,18.460745,-97.388706,https://mitehuacan.mx/?ruta=19
3,Novedades Valeria,regalos,81,18.460116,-97.389376,https://mitehuacan.mx/?ruta=19
3,Tienda De Novedades Sin Nombre,regalos,83,18.461786,-97.39658,https://mitehuacan.mx/?ruta=19
3,Jugueteria Smiles,regalos,84,18.459975,-97.390664,https://mitehuacan.mx/?ruta=19
3,Novedades Sin Nombre,regalos,84,18.459676,-97.390666,https://mitehuacan.mx/?ruta=19
3,Tienda Ee Regalos Dona Petit Tehuacan,regalos,84,18.461833,-97.398111,https://mitehuacan.mx/?ruta=19
3,Novedades Angelito,regalos,85,18.459214,-97.390668,https://mitehuacan.mx/?ruta=19
3,Tienda De Regalos Dino Isla,regalos,90,18.460268,-97.398179,https://mitehuacan.mx/?ruta=19
3,Tienda De Regalos Party Mix,regalos,97,18.462974,-97.390375,https://mitehuacan.mx/?ruta=19
3,Tienda De Regalos Monse,regalos,98,18.460042,-97.392569,https://mitehuacan.mx/?ruta=19
3,Novedades Miguelin,regalos,101,18.462784,-97.388503,https://mitehuacan.mx/?ruta=19
3,Venta De Novedades Y Moda Sin Nombre,regalos,102,18.459622,-97.392428,https://mitehuacan.mx/?ruta=19
3,D Chelo Shop Venta De Regalos Y Novedades Para Toda Ocacion,regalos,103,18.460172,-97.39915,https://mitehuacan.mx/?ruta=19
3,Novedades Y Regalos Sin Nombre,regalos,103,18.457757,-97.392448,https://mitehuacan.mx/?ruta=19
3,Tienda De Regalos Tsunanime,regalos,108,18.459671,-97.392555,https://mitehuacan.mx/?ruta=19
3,Tienda De Gatos Arigato,regalos,109,18.45968,-97.392555,https://mitehuacan.mx/?ruta=19
3,Novedades Y Regalos Ximena,regalos,114,18.459923,-97.399024,https://mitehuacan.mx/?ruta=19
3,Venta De Novedades La Vida Es Bella,regalos,115,18.457704,-97.393686,https://mitehuacan.mx/?ruta=19
3,Tienda De Accesorios Lovely,regalos,117,18.464867,-97.388338,https://mitehuacan.mx/?ruta=19
3,Compra Venta De Regalos Buenos Dias Amor,regalos,120,18.464878,-97.392531,https://mitehuacan.mx/?ruta=19
3,Novedades Ilusion,regalos,123,18.47764,-97.378331,https://mitehuacan.mx/?ruta=19
3,Regalos De Corazon,regalos,134,18.457455,-97.391785,https://mitehuacan.mx/?ruta=19
3,Tienda De Globos Globifiesta,regalos,135,18.462351,-97.4005,https://mitehuacan.mx/?ruta=19
3,Novedades Y Regalos Michelle,regalos,138,18.473328,-97.389771,https://mitehuacan.mx/?ruta=19
3,Gran Plaza Comercial Los Barateros,regalos,141,18.45957,-97.389382,https://mitehuacan.mx/?ruta=19
3,Ace Corp,salud,5,18.468763,-97.391299,https://mitehuacan.mx/?ruta=19
3,Uneme Cecosama,salud,12,18.448507,-97.418572,https://mitehuacan.mx/?ruta=19
3,Star Emision De Carnales Para Television,servicio,0,18.456777,-97.402435,https://mitehuacan.mx/?ruta=19
3,Gestoria Empresarial En Medio Ambiente Y Seguridad,servicio,1,18.45884,-97.397032,https://mitehuacan.mx/?ruta=19
3,Plan.Ok Arquitectura E Ingenieria,servicio,1,18.461028,-97.395972,https://mitehuacan.mx/?ruta=19
3,Apoyo Comercial Proct,servicio,2,18.460975,-97.393687,https://mitehuacan.mx/?ruta=19
3,Despacho Juridico,servicio,2,18.460975,-97.393687,https://mitehuacan.mx/?ruta=19
3,Dm Inmobiliaria,servicio,2,18.460979,-97.393811,https://mitehuacan.mx/?ruta=19
3,Empaques Distribuidor Amperad Comercial,servicio,2,18.460975,-97.393687,https://mitehuacan.mx/?ruta=19
3,Elaboracion De Planos Prourbanismo,servicio,3,18.461735,-97.391394,https://mitehuacan.mx/?ruta=19
3,Oal Bienes Raices,servicio,3,18.463319,-97.391369,https://mitehuacan.mx/?ruta=19
3,Sitarteh Soluciones Industriales,servicio,3,18.470297,-97.39122,https://mitehuacan.mx/?ruta=19
3,Sevicios Profesionales Sin Nombre,servicio,4,18.463482,-97.391363,https://mitehuacan.mx/?ruta=19
3,Cruz Roja Mexicana Delegacion Tehuacan,servicio,6,18.458914,-97.400215,https://mitehuacan.mx/?ruta=19
3,Laboratorio De Comunicaciones,servicio,6,18.466481,-97.391433,https://mitehuacan.mx/?ruta=19
3,Servicio De Asesoria De Seguridad E Higiene,servicio,6,18.467766,-97.389361,https://mitehuacan.mx/?ruta=19
3,Establecimiento Sin Nombre,servicio,7,18.461063,-97.399804,https://mitehuacan.mx/?ruta=19
3,Oficina Olivier Arquitectos,servicio,9,18.460828,-97.392004,https://mitehuacan.mx/?ruta=19
3,Servicios Veterinarios Keiko,servicio,10,18.456575,-97.402342,https://mitehuacan.mx/?ruta=19
3,Caseta Telefonica Globalfom,servicio,13,18.460921,-97.389337,https://mitehuacan.mx/?ruta=19
3,Centro De Regularizacion Escolar Club De Aprendizaje Las Let,servicio,14,18.468823,-97.389264,https://mitehuacan.mx/?ruta=19
3,Servicio De Ingenieria Nidilexa,servicio,15,18.468271,-97.389267,https://mitehuacan.mx/?ruta=19
3,Lectura Del Tarot Osiris,servicio,18,18.462819,-97.389289,https://mitehuacan.mx/?ruta=19
3,Sheicho No Ie Nucleo Tehuacan,servicio,24,18.458957,-97.39349,https://mitehuacan.mx/?ruta=19
3,Eduteh,servicio,25,18.458587,-97.395909,https://mitehuacan.mx/?ruta=19
3,Oficina Administrativa Pamec Telcel,servicio,35,18.458451,-97.394128,https://mitehuacan.mx/?ruta=19
3,Gruas Gam,servicio,37,18.455288,-97.414336,https://mitehuacan.mx/?ruta=19
3,Transportes Integrados Nacionales E Internacionales,servicio,42,18.45705,-97.410393,https://mitehuacan.mx/?ruta=19
3,Telesystemas Programacion Y Servicio De Internet,servicio,59,18.458238,-97.398401,https://mitehuacan.mx/?ruta=19
3,Fumigaciones Sin Nombre,servicio,63,18.464815,-97.388843,https://mitehuacan.mx/?ruta=19
3,Oficina De Cobro Oasapat,servicio,65,18.462452,-97.39202,https://mitehuacan.mx/?ruta=19
3,Asesoria A Derecho Habientes Mejoravit,servicio,68,18.464835,-97.390085,https://mitehuacan.mx/?ruta=19
3,At & T Tienda De Telefonia,servicio,70,18.460337,-97.394201,https://mitehuacan.mx/?ruta=19
3,Floreria Arlet,servicio,75,18.46702,-97.39208,https://mitehuacan.mx/?ruta=19
3,Renta De Inflables Y Rockolas,servicio,78,18.462968,-97.390195,https://mitehuacan.mx/?ruta=19
3,Servicios De Seguridad Grupo Escorpion Empresarial,servicio,79,18.459606,-97.398997,https://mitehuacan.mx/?ruta=19
3,Lectura De Cartas Maestro Pedro Y Paulo,servicio,82,18.461685,-97.393283,https://mitehuacan.mx/?ruta=19
3,Oficina De Arquitecto Carlos Olaya Lajud,servicio,86,18.471042,-97.391369,https://mitehuacan.mx/?ruta=19
3,Santeria,servicio,88,18.457928,-97.393299,https://mitehuacan.mx/?ruta=19
3,Club De Tareas Femat,servicio,103,18.454782,-97.415263,https://mitehuacan.mx/?ruta=19
3,Sistemas De Descontaminacion Ambiental Nuevo Respiro,servicio,104,18.460036,-97.394478,https://mitehuacan.mx/?ruta=19
3,Despacho Administrativo Sin Nombre,servicio,110,18.46347,-97.392443,https://mitehuacan.mx/?ruta=19
3,Campo De Gotcha War Zone,servicio,111,18.460029,-97.396573,https://mitehuacan.mx/?ruta=19
3,Grafox Producciones Publicidad,servicio,112,18.471283,-97.39127,https://mitehuacan.mx/?ruta=19
3,Cuidados Angelicales,servicio,114,18.454519,-97.415289,https://mitehuacan.mx/?ruta=19
3,Tehuacán,servicio,114,18.461953,-97.392542,https://mitehuacan.mx/?ruta=19
3,Correos De Mexico Sucursal Tehuacan,servicio,116,18.46198,-97.392513,https://mitehuacan.mx/?ruta=19
3,Servicio De Seguridad Industrial Y Capacitacion De Brigadas ,servicio,119,18.462213,-97.4002,https://mitehuacan.mx/?ruta=19
3,Oficina De Asesoria Alanjo Construcciones,servicio,120,18.464878,-97.392531,https://mitehuacan.mx/?ruta=19
3,At&T,servicio,123,18.462091,-97.394589,https://mitehuacan.mx/?ruta=19
3,Fundacion Guillermo Diaz,servicio,123,18.462088,-97.394542,https://mitehuacan.mx/?ruta=19
3,Sistema Educativo De Lectura Integral,servicio,123,18.462088,-97.394542,https://mitehuacan.mx/?ruta=19
3,Centros De Integracion Juvenil,servicio,135,18.455109,-97.402937,https://mitehuacan.mx/?ruta=19
3,Paqueteria Chila Travel Usa Mex,servicio,135,18.457461,-97.392127,https://mitehuacan.mx/?ruta=19
3,Sky Visatel,servicio,148,18.46237,-97.396451,https://mitehuacan.mx/?ruta=19
3,Laboratorio De Biologia,servicio,150,18.469162,-97.386934,https://mitehuacan.mx/?ruta=19
3,Pozo Estacion,servicio de agua,58,18.461016,-97.40092,https://mitehuacan.mx/?ruta=19
3,Pozo Mexico 68,servicio de agua,106,18.450691,-97.41574,https://mitehuacan.mx/?ruta=19
3,Creaciones Tere,telas,1,18.460993,-97.394617,https://mitehuacan.mx/?ruta=19
3,Venta De Hilos Y Avios,telas,1,18.456228,-97.401522,https://mitehuacan.mx/?ruta=19
3,Hilos Torzal,telas,2,18.458796,-97.394396,https://mitehuacan.mx/?ruta=19
3,Telas Parisina 2105 Tehuacan,telas,3,18.458685,-97.391576,https://mitehuacan.mx/?ruta=19
3,Venta De Telas Jimenez,telas,3,18.459012,-97.391446,https://mitehuacan.mx/?ruta=19
3,Venta De Cable De Plastico E Hilos,telas,8,18.459124,-97.391557,https://mitehuacan.mx/?ruta=19
3,114 Modatelas Tehuacan,telas,9,18.46014,-97.391544,https://mitehuacan.mx/?ruta=19
3,Telas Parisina 2129 Tehuacan Lopez Mateos,telas,9,18.460111,-97.391544,https://mitehuacan.mx/?ruta=19
3,Hilos Y Especialidades Pegasus,telas,38,18.458425,-97.394237,https://mitehuacan.mx/?ruta=19
3,Telas Mym,telas,70,18.458064,-97.392727,https://mitehuacan.mx/?ruta=19
3,Telas Janina,telas,113,18.461988,-97.39403,https://mitehuacan.mx/?ruta=19
3,izzi,telecommunication,18,18.458973,-97.395734,https://mitehuacan.mx/?ruta=19
3,Megacable,telecommunication,121,18.457627,-97.393204,https://mitehuacan.mx/?ruta=19
3,Sociedad De Permisionarios Ruta 19,terminal,3,18.478847,-97.374901,https://mitehuacan.mx/?ruta=19
3,Base De La Ruta 12,terminal,11,18.449394,-97.416071,https://mitehuacan.mx/?ruta=19
3,Base De La Ruta 2,terminal,48,18.476173,-97.385168,https://mitehuacan.mx/?ruta=19
3,Transporte Colectivo Urbano Y Suburbano De Pasajeros En Auto,terminal,74,18.456267,-97.403672,https://mitehuacan.mx/?ruta=19
3,Transportadora Turistica Yucunitza,terminal,78,18.462968,-97.390195,https://mitehuacan.mx/?ruta=19
3,Zinacatepec-Libram-Tehuacan Zt,terminal,85,18.462976,-97.390594,https://mitehuacan.mx/?ruta=19
3,Ruta La Asuncion Tehuacan Azumbilla,terminal,102,18.463028,-97.390421,https://mitehuacan.mx/?ruta=19
3,Base Ruta 2,terminal,115,18.47707,-97.385674,https://mitehuacan.mx/?ruta=19
3,Union Turistica Cuicateca,terminal,126,18.457543,-97.391239,https://mitehuacan.mx/?ruta=19
3,Base De La Ruta Santa Ana Teloxtoc,terminal,142,18.458184,-97.390239,https://mitehuacan.mx/?ruta=19
3,Carnicera Santa Fe,tienda,0,18.458857,-97.397715,https://mitehuacan.mx/?ruta=19
3,Compra-Venta De Articulos Usados De Remate,tienda,0,18.462075,-97.38946,https://mitehuacan.mx/?ruta=19
3,Panaderia Zapata,tienda,0,18.476099,-97.384715,https://mitehuacan.mx/?ruta=19
3,Plasticos Rosita,tienda,0,18.462174,-97.389459,https://mitehuacan.mx/?ruta=19
3,Tienda De Autopartes Para Autos Gonza,tienda,0,18.455242,-97.41314,https://mitehuacan.mx/?ruta=19
3,Venta De Productos Herbalife,tienda,0,18.456741,-97.410128,https://mitehuacan.mx/?ruta=19
3,Bazar De Ropa Usada,tienda,1,18.456228,-97.401475,https://mitehuacan.mx/?ruta=19
3,Bazar Sin Nombre,tienda,1,18.45716,-97.402913,https://mitehuacan.mx/?ruta=19
3,C0Mpra Venta De Artesanias,tienda,1,18.479544,-97.377216,https://mitehuacan.mx/?ruta=19
3,Farmacia Naturista Y Homeopatica Equilibrium,tienda,1,18.458813,-97.395534,https://mitehuacan.mx/?ruta=19
3,Tienda De Artesanias De Onix Mexmar,tienda,1,18.456899,-97.404564,https://mitehuacan.mx/?ruta=19
3,Tienda De Artesanias Onix,tienda,1,18.456899,-97.404915,https://mitehuacan.mx/?ruta=19
3,Tienda De Impermeabilizantes Impertec,tienda,1,18.463043,-97.38944,https://mitehuacan.mx/?ruta=19
3,Tiendas Tres B,tienda,1,18.449122,-97.41669,https://mitehuacan.mx/?ruta=19
3,Venta De Bocinas Y Accesorios Sin Nombre,tienda,1,18.461088,-97.389469,https://mitehuacan.mx/?ruta=19
3,Venta De Instrumentos Musicales Emai,tienda,1,18.461003,-97.394986,https://mitehuacan.mx/?ruta=19
3,Venta De Leña Sin Nombre,tienda,1,18.450324,-97.414207,https://mitehuacan.mx/?ruta=19
3,Venta De Productos Hortopedicos,tienda,1,18.458798,-97.394719,https://mitehuacan.mx/?ruta=19
3,Armisa Comercial,tienda,2,18.460979,-97.393811,https://mitehuacan.mx/?ruta=19
3,Bazar De Ropa Sin Nombre,tienda,2,18.457052,-97.401551,https://mitehuacan.mx/?ruta=19
3,Bodega De Empaque De Artesanias Mex-Mar,tienda,2,18.456904,-97.404203,https://mitehuacan.mx/?ruta=19
3,Boutique De Carnes Cerdo Y Res Y Verduras Xochipilli,tienda,2,18.456899,-97.408681,https://mitehuacan.mx/?ruta=19
3,Carniceria La Antigua,tienda,2,18.456888,-97.407477,https://mitehuacan.mx/?ruta=19
3,Coppel Tienda Departamental 3 Sur 125,tienda,2,18.462368,-97.391382,https://mitehuacan.mx/?ruta=19
3,Expendio De Pan Lupita,tienda,2,18.45723,-97.407133,https://mitehuacan.mx/?ruta=19
3,Informatica Aplicada De Tehuacan,tienda,2,18.460942,-97.392379,https://mitehuacan.mx/?ruta=19
3,Max Pan,tienda,2,18.458694,-97.392,https://mitehuacan.mx/?ruta=19
3,Maxi Pinturas,tienda,2,18.456905,-97.404137,https://mitehuacan.mx/?ruta=19
3,Optica Optishop Venta De Lentes De Sol Y Graduados,tienda,2,18.457033,-97.40104,https://mitehuacan.mx/?ruta=19
3,Pasteleria Gabanny,tienda,2,18.462613,-97.391381,https://mitehuacan.mx/?ruta=19
3,Tienda De Vestidos Reina Novia,tienda,2,18.46092,-97.391773,https://mitehuacan.mx/?ruta=19
3,Todo Para Su Bebe,tienda,2,18.460973,-97.393593,https://mitehuacan.mx/?ruta=19
3,Venta De Articulos De Limpieza Sin Nombre,tienda,2,18.473148,-97.388304,https://mitehuacan.mx/?ruta=19
3,Venta De Pinturas Pyt,tienda,2,18.456889,-97.407551,https://mitehuacan.mx/?ruta=19
3,Venta De Ropa Fashion Tricks,tienda,2,18.456899,-97.408729,https://mitehuacan.mx/?ruta=19
3,Venta De Ropa Usada,tienda,2,18.457947,-97.398904,https://mitehuacan.mx/?ruta=19
3,3753 Waldos,tienda,3,18.461643,-97.391396,https://mitehuacan.mx/?ruta=19
3,6206 Tehuacan Puebla,tienda,3,18.460097,-97.391425,https://mitehuacan.mx/?ruta=19
3,Abarrotes Y Semillas La Fortaleza,tienda,3,18.460912,-97.391137,https://mitehuacan.mx/?ruta=19
3,Aceites Y Lubricantes Sonora,tienda,3,18.450108,-97.416634,https://mitehuacan.mx/?ruta=19
3,Almacenes Veana Sucursal Tehuacan,tienda,3,18.460945,-97.39244,https://mitehuacan.mx/?ruta=19
3,Antojitos Mexicanos Silvia,tienda,3,18.460904,-97.390825,https://mitehuacan.mx/?ruta=19
3,Bazar De Ropa,tienda,3,18.456886,-97.40724,https://mitehuacan.mx/?ruta=19
3,Bazar Sin Nombre,tienda,3,18.476684,-97.384634,https://mitehuacan.mx/?ruta=19
3,Carniceria Magnolia,tienda,3,18.460912,-97.391156,https://mitehuacan.mx/?ruta=19
3,Carniceria Y Cremeria Bufalo,tienda,3,18.460899,-97.390597,https://mitehuacan.mx/?ruta=19
3,Chiles Secos El Semillero,tienda,3,18.475009,-97.384625,https://mitehuacan.mx/?ruta=19
3,Cremeria La Margarita,tienda,3,18.474281,-97.387148,https://mitehuacan.mx/?ruta=19
3,Desayuno Dulce Gesto,tienda,3,18.456274,-97.410837,https://mitehuacan.mx/?ruta=19
3,Distribuidora Hafid,tienda,3,18.456884,-97.407041,https://mitehuacan.mx/?ruta=19
3,Distribuidora Multimarcas Michelle,tienda,3,18.463319,-97.391369,https://mitehuacan.mx/?ruta=19
3,Distribuidora Naturista Herbosan,tienda,3,18.460895,-97.390426,https://mitehuacan.mx/?ruta=19
3,Establecimiento Venta De Gorras Sin Nombre,tienda,3,18.460919,-97.391355,https://mitehuacan.mx/?ruta=19
3,Expendio De Pan Frio Bimbo,tienda,3,18.456912,-97.403691,https://mitehuacan.mx/?ruta=19
3,Impulsora De Cristalerias Tenorio,tienda,3,18.460098,-97.391425,https://mitehuacan.mx/?ruta=19
3,La Casa Del Recuerdo,tienda,3,18.460907,-97.390938,https://mitehuacan.mx/?ruta=19
3,Papas Fritas La Guera,tienda,3,18.456883,-97.40687,https://mitehuacan.mx/?ruta=19
3,Pasteleria La Princesa,tienda,3,18.455866,-97.412074,https://mitehuacan.mx/?ruta=19
3,Pinturas Comex Sucursal Centro,tienda,3,18.456911,-97.403769,https://mitehuacan.mx/?ruta=19
3,Productos De Limpieza,tienda,3,18.456916,-97.40353,https://mitehuacan.mx/?ruta=19
3,Quimicos Ale,tienda,3,18.456923,-97.403358,https://mitehuacan.mx/?ruta=19
3,Tienda De Pañales Mi Bebe,tienda,3,18.460895,-97.390455,https://mitehuacan.mx/?ruta=19
3,Tienda De Recuerdos La Casa Del Recuerdo,tienda,3,18.460915,-97.391232,https://mitehuacan.mx/?ruta=19
3,Tienda De Ropa Interior Shaddai,tienda,3,18.460908,-97.390976,https://mitehuacan.mx/?ruta=19
3,Tienda De Ropa Interior Yaenkos,tienda,3,18.460915,-97.391232,https://mitehuacan.mx/?ruta=19
3,Tienda De Vinos Y Licores Vinolesa,tienda,3,18.461103,-97.398104,https://mitehuacan.mx/?ruta=19
3,Tienda Happy Cupcakes,tienda,3,18.461083,-97.39746,https://mitehuacan.mx/?ruta=19
3,Venta De Productos De Limpieza Sin Nombre,tienda,3,18.472399,-97.388378,https://mitehuacan.mx/?ruta=19
3,Venta De Productos De Limpieza Sin Nombre,tienda,3,18.450005,-97.414954,https://mitehuacan.mx/?ruta=19
3,Vestidos Para 15 Años Miss 15 Queen,tienda,3,18.460883,-97.389981,https://mitehuacan.mx/?ruta=19
3,Yaenkos,tienda,3,18.460915,-97.391232,https://mitehuacan.mx/?ruta=19
3,Bazar De Antiguedades Sin Nombre,tienda,4,18.456201,-97.399872,https://mitehuacan.mx/?ruta=19
3,Bazar De Zapatos,tienda,4,18.456201,-97.399872,https://mitehuacan.mx/?ruta=19
3,Bazar De Zapatos Sin Nombre,tienda,4,18.456201,-97.399872,https://mitehuacan.mx/?ruta=19
3,Bazar Sin Nombre,tienda,4,18.476765,-97.384634,https://mitehuacan.mx/?ruta=19
3,Carniceria Angy,tienda,4,18.456201,-97.399872,https://mitehuacan.mx/?ruta=19
3,Carniceria El Divino Niño,tienda,4,18.456201,-97.399872,https://mitehuacan.mx/?ruta=19
3,Carniceria La Huasteca,tienda,4,18.467709,-97.391317,https://mitehuacan.mx/?ruta=19
3,Carniceria Los Toritos,tienda,4,18.456201,-97.399872,https://mitehuacan.mx/?ruta=19
3,Carniceria Santa Maria,tienda,4,18.456201,-97.399872,https://mitehuacan.mx/?ruta=19
3,Compra Venta De Equipos De Computo Y Mantenimiento Pineda Te,tienda,4,18.463952,-97.391355,https://mitehuacan.mx/?ruta=19
3,Cremeria Carmelita,tienda,4,18.457139,-97.402658,https://mitehuacan.mx/?ruta=19
3,Cremeria Y Salchichoneria La Pastora,tienda,4,18.463916,-97.389412,https://mitehuacan.mx/?ruta=19
3,Cremeria Y Salchichoneria Rosy,tienda,4,18.456201,-97.399872,https://mitehuacan.mx/?ruta=19
3,Jp Jorge Ponce Venta De Ropa Usada,tienda,4,18.457067,-97.40194,https://mitehuacan.mx/?ruta=19
3,La Comercial De Tehuacan,tienda,4,18.459227,-97.391441,https://mitehuacan.mx/?ruta=19
3,Optica Univer,tienda,4,18.456201,-97.399872,https://mitehuacan.mx/?ruta=19
3,Pomos Y Chelas,tienda,4,18.456846,-97.409538,https://mitehuacan.mx/?ruta=19
3,Productos De Limpieza Garcia,tienda,4,18.457251,-97.407863,https://mitehuacan.mx/?ruta=19
3,Romss,tienda,4,18.458969,-97.391446,https://mitehuacan.mx/?ruta=19
3,Tienda De Articulos Militares,tienda,4,18.478203,-97.382634,https://mitehuacan.mx/?ruta=19
3,Venta Cafe Ganoderma,tienda,4,18.456201,-97.399872,https://mitehuacan.mx/?ruta=19
3,Venta Chiles Nina Y Julio,tienda,4,18.456201,-97.399872,https://mitehuacan.mx/?ruta=19
3,Venta De Artesanias Sin Nombre,tienda,4,18.459175,-97.391442,https://mitehuacan.mx/?ruta=19
3,Venta De Chiles Secos Y Semilla La Hormiga,tienda,4,18.456201,-97.399872,https://mitehuacan.mx/?ruta=19
3,Venta De Comida Antojitos Oaxaqueños,tienda,4,18.456201,-97.399872,https://mitehuacan.mx/?ruta=19
3,Venta De Huevo Sin Nombre,tienda,4,18.456201,-97.399872,https://mitehuacan.mx/?ruta=19
3,Venta De Novedades Y Bazar De Ropa,tienda,4,18.456201,-97.399872,https://mitehuacan.mx/?ruta=19
3,Venta De Ofnimife Sin Nombre,tienda,4,18.456201,-97.399872,https://mitehuacan.mx/?ruta=19
3,Venta De Peliculas Sin Nombre,tienda,4,18.456201,-97.399872,https://mitehuacan.mx/?ruta=19
3,Venta De Productos Oaxaqueños Flor De Piña,tienda,4,18.456201,-97.399872,https://mitehuacan.mx/?ruta=19
3,Venta De Productos Ofmilife,tienda,4,18.456201,-97.399872,https://mitehuacan.mx/?ruta=19
3,Venta De Suplementos Alimenticios Ismerely Multinivel,tienda,4,18.461134,-97.398928,https://mitehuacan.mx/?ruta=19
3,Venta De Trastes De Plastico,tienda,4,18.456201,-97.399872,https://mitehuacan.mx/?ruta=19
3,Venta Trastes De Plastipisco Sin Nombre,tienda,4,18.456201,-97.399872,https://mitehuacan.mx/?ruta=19
3,Worldtek,tienda,4,18.463771,-97.391358,https://mitehuacan.mx/?ruta=19
3,Compra Venta De Accesorios Para Celular Tecno City,tienda,5,18.464105,-97.391352,https://mitehuacan.mx/?ruta=19
3,Compra Venta De Accesorios Para Computacion Mr Web,tienda,5,18.464532,-97.391347,https://mitehuacan.mx/?ruta=19
3,Compra Venta De Lentes Sin Nombre,tienda,5,18.464296,-97.391349,https://mitehuacan.mx/?ruta=19
3,Cruces Alamo,tienda,5,18.458766,-97.39582,https://mitehuacan.mx/?ruta=19
3,Expendio De Pan Sin Nombre,tienda,5,18.457133,-97.402592,https://mitehuacan.mx/?ruta=19
3,Panaderia Jose Gumaro Pastelin,tienda,5,18.465875,-97.389387,https://mitehuacan.mx/?ruta=19
3,Papeleria Y Libreria Librolandia,tienda,5,18.46455,-97.391347,https://mitehuacan.mx/?ruta=19
3,Pinta Comex De Tehuacan,tienda,5,18.46525,-97.389393,https://mitehuacan.mx/?ruta=19
3,Refaccionaria Vecar,tienda,5,18.466336,-97.389383,https://mitehuacan.mx/?ruta=19
3,Venta De Ropa Americana Clothes,tienda,5,18.46582,-97.389387,https://mitehuacan.mx/?ruta=19
3,Venta De Ropa Interior Mi Mosa Store Th,tienda,5,18.466002,-97.389386,https://mitehuacan.mx/?ruta=19
3,Venta De Ropa Interior Sadda,tienda,5,18.465115,-97.389394,https://mitehuacan.mx/?ruta=19
3,Venta De Ropa Usada Sin Nombre,tienda,5,18.453421,-97.413404,https://mitehuacan.mx/?ruta=19
3,Carniceria Mi Linda Rosita,tienda,6,18.474943,-97.38454,https://mitehuacan.mx/?ruta=19
3,Compra Venta De Computadoras Genius,tienda,6,18.464598,-97.39145,https://mitehuacan.mx/?ruta=19
3,Compra Venta De Computadoras Y Accesorios Nestore,tienda,6,18.464689,-97.39145,https://mitehuacan.mx/?ruta=19
3,Computadoras Genius,tienda,6,18.466155,-97.391436,https://mitehuacan.mx/?ruta=19
3,Optica Galeon,tienda,6,18.466092,-97.391436,https://mitehuacan.mx/?ruta=19
3,Optica Lentes Plus,tienda,6,18.464435,-97.391452,https://mitehuacan.mx/?ruta=19
3,Pasteleria Leo,tienda,6,18.464435,-97.391452,https://mitehuacan.mx/?ruta=19
3,Plaza Compu Cell,tienda,6,18.464645,-97.39145,https://mitehuacan.mx/?ruta=19
3,Tehuacan,tienda,6,18.458715,-97.394238,https://mitehuacan.mx/?ruta=19
3,Tienda De Suplementos T Articulos Gym Beast Mode,tienda,6,18.466155,-97.391436,https://mitehuacan.mx/?ruta=19
3,Venta De Accesorios Para Computadora Improving Tecnology,tienda,6,18.468626,-97.391404,https://mitehuacan.mx/?ruta=19
3,Venta De Ceramica Sin Nombre,tienda,6,18.466327,-97.391434,https://mitehuacan.mx/?ruta=19
3,Compra Venta De Computadoras Genius Ct,tienda,7,18.464019,-97.391458,https://mitehuacan.mx/?ruta=19
3,Ke Papitas Venta De Botanas,tienda,7,18.456971,-97.401801,https://mitehuacan.mx/?ruta=19
3,Venta De Aceite Automotriz Sin Nombre,tienda,7,18.478413,-97.381563,https://mitehuacan.mx/?ruta=19
3,Venta De Ropa Bazar,tienda,7,18.46114,-97.398248,https://mitehuacan.mx/?ruta=19
3,Bazar Venta De Ropa Usada,tienda,8,18.456958,-97.40146,https://mitehuacan.mx/?ruta=19
3,Tienda De Cortinas Y Blancos Sin Nombre,tienda,8,18.461476,-97.391504,https://mitehuacan.mx/?ruta=19
3,Venta De Suplementos Alimenticios Mr Nutrishion,tienda,8,18.458778,-97.391405,https://mitehuacan.mx/?ruta=19
3,Antiguedades Y Obras De Arte Garcia,tienda,9,18.460808,-97.391283,https://mitehuacan.mx/?ruta=19
3,Articulos Para Limpieza Jarciplas,tienda,9,18.450156,-97.414345,https://mitehuacan.mx/?ruta=19
3,Babys Forever,tienda,9,18.460879,-97.393804,https://mitehuacan.mx/?ruta=19
3,Centro Naturista El Panalito,tienda,9,18.460862,-97.393084,https://mitehuacan.mx/?ruta=19
3,Chiles Y Semillas Flores,tienda,9,18.449743,-97.415299,https://mitehuacan.mx/?ruta=19
3,Comercial Vinolesa,tienda,9,18.45973,-97.391548,https://mitehuacan.mx/?ruta=19
3,Compra Venta De Novedades Y Articulos De Limpieza,tienda,9,18.456916,-97.400408,https://mitehuacan.mx/?ruta=19
3,Cristaleria Pacheco,tienda,9,18.460809,-97.391302,https://mitehuacan.mx/?ruta=19
3,Cristaleria Tenorio,tienda,9,18.461793,-97.391499,https://mitehuacan.mx/?ruta=19
3,Diseños Meraly,tienda,9,18.460873,-97.393577,https://mitehuacan.mx/?ruta=19
3,Estacionamiento De Musical Sinfonia,tienda,9,18.460768,-97.389742,https://mitehuacan.mx/?ruta=19
3,La Casa Del Pintor,tienda,9,18.462617,-97.391491,https://mitehuacan.mx/?ruta=19
3,Lenceria Sin Nombre,tienda,9,18.460779,-97.390155,https://mitehuacan.mx/?ruta=19
3,Mabel Novias,tienda,9,18.460824,-97.391861,https://mitehuacan.mx/?ruta=19
3,Optica Bella Luz,tienda,9,18.460828,-97.391975,https://mitehuacan.mx/?ruta=19
3,Sombreros El Gallo,tienda,9,18.460827,-97.391956,https://mitehuacan.mx/?ruta=19
3,Tienda De Articulos De Ceramica Fulanitos,tienda,9,18.458945,-97.397636,https://mitehuacan.mx/?ruta=19
3,Tienda De Articulos Religiosos Sin Nombre,tienda,9,18.460764,-97.389621,https://mitehuacan.mx/?ruta=19
3,Tienda De Bazar Bazar Sin Nombre,tienda,9,18.458934,-97.39719,https://mitehuacan.mx/?ruta=19
3,Tienda De Ropa Casa Rios,tienda,9,18.460862,-97.393094,https://mitehuacan.mx/?ruta=19
3,Tienda De Vestidos De Comunion Karen,tienda,9,18.460828,-97.391975,https://mitehuacan.mx/?ruta=19
3,Venta De Cafe Cafe La Giralda,tienda,9,18.460788,-97.390487,https://mitehuacan.mx/?ruta=19
3,Venta De Ropa Interior Y Lenceria Sin Nombre,tienda,9,18.460765,-97.389634,https://mitehuacan.mx/?ruta=19
3,Vianney Tehuacan Centro,tienda,9,18.460897,-97.39444,https://mitehuacan.mx/?ruta=19
3,Bazar Sin Nombre,tienda,10,18.452578,-97.413129,https://mitehuacan.mx/?ruta=19
3,Carniceria Chela,tienda,10,18.458921,-97.396479,https://mitehuacan.mx/?ruta=19
3,Musical Sinfonia,tienda,10,18.460763,-97.389788,https://mitehuacan.mx/?ruta=19
3,Productos De Limpieza,tienda,10,18.470358,-97.390781,https://mitehuacan.mx/?ruta=19
3,Venta De Ropa De Bazar,tienda,10,18.460717,-97.391538,https://mitehuacan.mx/?ruta=19
3,Venta Renta Soporte Tecnico Sisco Tecnologia Corporativa,tienda,10,18.464856,-97.391299,https://mitehuacan.mx/?ruta=19
3,7/24,tienda,10,18.458785,-97.392528,https://mitehuacan.mx/?ruta=19
3,Bazar Sin Nombre Venta De Ropa Usada,tienda,11,18.457226,-97.399942,https://mitehuacan.mx/?ruta=19
3,Centros De Apoyo Omnilife,tienda,11,18.457625,-97.399962,https://mitehuacan.mx/?ruta=19
3,Gabanny Postres,tienda,11,18.458833,-97.393437,https://mitehuacan.mx/?ruta=19
3,Productos De Limpieza Dogo,tienda,11,18.469031,-97.391242,https://mitehuacan.mx/?ruta=19
3,Productos De Limpieza Sin Nombres,tienda,11,18.4504,-97.413768,https://mitehuacan.mx/?ruta=19
3,724 Super 102 Tehuacan Paseo Hidalgo,tienda,12,18.458804,-97.392536,https://mitehuacan.mx/?ruta=19
3,Carniceria El Novillo De Oro,tienda,12,18.457154,-97.402319,https://mitehuacan.mx/?ruta=19
3,Compra Venta De Copiadoras Sharp,tienda,12,18.464826,-97.389554,https://mitehuacan.mx/?ruta=19
3,Pasteleria La Artesanal,tienda,12,18.458811,-97.392745,https://mitehuacan.mx/?ruta=19
3,Pasteleria La Ideal,tienda,12,18.461238,-97.389345,https://mitehuacan.mx/?ruta=19
3,Tienda Accesorios Importadora Veracruz,tienda,12,18.458816,-97.392894,https://mitehuacan.mx/?ruta=19
3,Venta De Pinturas Pinturas Estrada,tienda,12,18.461293,-97.389346,https://mitehuacan.mx/?ruta=19
3,Carniceria Turkos,tienda,13,18.450652,-97.41317,https://mitehuacan.mx/?ruta=19
3,Expendio Bimbo,tienda,13,18.460975,-97.389338,https://mitehuacan.mx/?ruta=19
3,Sex Shop Condesa,tienda,13,18.458762,-97.398355,https://mitehuacan.mx/?ruta=19
3,Sombreria Tehuacan,tienda,13,18.461102,-97.389341,https://mitehuacan.mx/?ruta=19
3,Venta De Pinturas La Casa Del Pintor,tienda,13,18.458798,-97.392214,https://mitehuacan.mx/?ruta=19
3,Venta De Ropa Usada,tienda,13,18.45858,-97.392718,https://mitehuacan.mx/?ruta=19
3,Vestidos Ceremoniales Karylu,tienda,13,18.458799,-97.392271,https://mitehuacan.mx/?ruta=19
3,Mega Elecktra,tienda,13,18.464143,-97.391514,https://mitehuacan.mx/?ruta=19
3,Articulos De Plastico Super Plas,tienda,14,18.458788,-97.391731,https://mitehuacan.mx/?ruta=19
3,Bodega Sin Nombre De Servicio Electronico Digital Jensen,tienda,14,18.468741,-97.389264,https://mitehuacan.mx/?ruta=19
3,Gruppo Medico Adrian Guzman,tienda,14,18.462324,-97.389329,https://mitehuacan.mx/?ruta=19
3,Oxxo Suc 50Ibd Zona Militar Pbf,tienda,14,18.477017,-97.384707,https://mitehuacan.mx/?ruta=19
3,Pinturas Y Tlapaleria,tienda,14,18.462731,-97.389319,https://mitehuacan.mx/?ruta=19
3,Tienda Naturista Juquilita,tienda,14,18.462387,-97.389328,https://mitehuacan.mx/?ruta=19
3,Bazar Sin Nombre,tienda,15,18.476854,-97.38474,https://mitehuacan.mx/?ruta=19
3,Centro De Blancos Sin Nombre,tienda,15,18.461007,-97.390668,https://mitehuacan.mx/?ruta=19
3,La Zarza,tienda,15,18.463059,-97.389315,https://mitehuacan.mx/?ruta=19
3,Optica Especializada Lottica,tienda,15,18.460897,-97.396503,https://mitehuacan.mx/?ruta=19
3,Tienda Naturista Centro Botanico Azteca,tienda,15,18.462803,-97.389317,https://mitehuacan.mx/?ruta=19
3,Compra Venta De Muebles Usados Sin Nombre,tienda,16,18.467311,-97.389273,https://mitehuacan.mx/?ruta=19
3,Exclusivos Lulu,tienda,16,18.460726,-97.390664,https://mitehuacan.mx/?ruta=19
3,Kodak Moments Camaras Y Fotos,tienda,16,18.464941,-97.391538,https://mitehuacan.mx/?ruta=19
3,Optica Optimagg,tienda,16,18.463346,-97.389303,https://mitehuacan.mx/?ruta=19
3,Venta De Lenceria Sensual,tienda,16,18.461492,-97.389609,https://mitehuacan.mx/?ruta=19
3,American Clothes Shop,tienda,18,18.46569,-97.389265,https://mitehuacan.mx/?ruta=19
3,Expendio Tehuacan,tienda,18,18.465489,-97.389265,https://mitehuacan.mx/?ruta=19
3,Tienda De Ropa Americana,tienda,18,18.465799,-97.389265,https://mitehuacan.mx/?ruta=19
3,Jarcieria Puebla Y Plasticos Mop,tienda,19,18.465265,-97.389266,https://mitehuacan.mx/?ruta=19
3,Pasteleria La Artesanal,tienda,19,18.464898,-97.389266,https://mitehuacan.mx/?ruta=19
3,Tienda De Boneteria Paola,tienda,19,18.461046,-97.390762,https://mitehuacan.mx/?ruta=19
3,Tienda De Tintas Computadoras Y Accesorios Tintas Hm,tienda,19,18.465228,-97.389266,https://mitehuacan.mx/?ruta=19
3,Pinturas Comex Sucursal Independencia,tienda,20,18.462983,-97.39121,https://mitehuacan.mx/?ruta=19
3,Plasticos Lupita,tienda,21,18.464818,-97.389242,https://mitehuacan.mx/?ruta=19
3,Venta De Blancos Sin Nombre,tienda,21,18.461061,-97.390667,https://mitehuacan.mx/?ruta=19
3,Bazar Leo,tienda,22,18.470464,-97.389354,https://mitehuacan.mx/?ruta=19
3,Centro De Blancos Sin Nombre,tienda,22,18.46107,-97.390667,https://mitehuacan.mx/?ruta=19
3,Floreria Y Novedades Han-Jung,tienda,22,18.460758,-97.389274,https://mitehuacan.mx/?ruta=19
3,Optica Reyes,tienda,22,18.464827,-97.389649,https://mitehuacan.mx/?ruta=19
3,Bazar De Ropa Usada,tienda,23,18.478843,-97.375589,https://mitehuacan.mx/?ruta=19
3,Bodega De Steren Sin Nombre,tienda,23,18.462814,-97.389233,https://mitehuacan.mx/?ruta=19
3,Productos De Limpieza Sin Nombre,tienda,23,18.466864,-97.38921,https://mitehuacan.mx/?ruta=19
3,Suplementos Alimenticios Centro De Distribucion Bio-4,tienda,23,18.458446,-97.391574,https://mitehuacan.mx/?ruta=19
3,Vestidos De Novia Reyna Novias,tienda,23,18.460663,-97.390664,https://mitehuacan.mx/?ruta=19
3,Decoraciones Milla Y Juan,tienda,24,18.460626,-97.389474,https://mitehuacan.mx/?ruta=19
3,Expendio De Pan Olivo Y Miel,tienda,24,18.460868,-97.39826,https://mitehuacan.mx/?ruta=19
3,Tienda De Articulos Para Computadoras Genius Ct,tienda,24,18.461183,-97.39406,https://mitehuacan.mx/?ruta=19
3,Tienda De Material Electrico Mitrelectric,tienda,24,18.461252,-97.396598,https://mitehuacan.mx/?ruta=19
3,3643 Waldos,tienda,25,18.461957,-97.391654,https://mitehuacan.mx/?ruta=19
3,Abarrotes Y Chiles Secos El Trebol,tienda,25,18.461948,-97.391178,https://mitehuacan.mx/?ruta=19
3,Bodega Carniceria Victoria,tienda,25,18.461948,-97.391178,https://mitehuacan.mx/?ruta=19
3,Bodega De Carniceria La Azucena,tienda,25,18.461948,-97.391178,https://mitehuacan.mx/?ruta=19
3,Bodega De Carniceria La China Poblana,tienda,25,18.461948,-97.391178,https://mitehuacan.mx/?ruta=19
3,Bodega De Carniceria La Rosita,tienda,25,18.461948,-97.391178,https://mitehuacan.mx/?ruta=19
3,Bodega De Carniceria Maribel,tienda,25,18.461948,-97.391178,https://mitehuacan.mx/?ruta=19
3,Bodega De Carniceria Norma,tienda,25,18.461948,-97.391178,https://mitehuacan.mx/?ruta=19
3,Bodega De Carniceria Sin Nombre,tienda,25,18.461948,-97.391178,https://mitehuacan.mx/?ruta=19
3,Bodega De Carniceria Y Cremeria Sonia,tienda,25,18.461948,-97.391178,https://mitehuacan.mx/?ruta=19
3,Bodega De Cremeria Lupita,tienda,25,18.461948,-97.391178,https://mitehuacan.mx/?ruta=19
3,Bodega De Cremeria Y Salchichoneria Jennifer,tienda,25,18.461948,-97.391178,https://mitehuacan.mx/?ruta=19
3,Botanas Tipicas,tienda,25,18.461948,-97.391178,https://mitehuacan.mx/?ruta=19
3,Carniceria Andrea,tienda,25,18.461948,-97.391178,https://mitehuacan.mx/?ruta=19
3,Carniceria Blanca Estela,tienda,25,18.461948,-97.391178,https://mitehuacan.mx/?ruta=19
3,Carniceria Carmelita,tienda,25,18.461948,-97.391178,https://mitehuacan.mx/?ruta=19
3,Carniceria Chilacteca,tienda,25,18.461948,-97.391178,https://mitehuacan.mx/?ruta=19
3,Carniceria Dany,tienda,25,18.461948,-97.391178,https://mitehuacan.mx/?ruta=19
3,Carniceria Del Carmen,tienda,25,18.461948,-97.391178,https://mitehuacan.mx/?ruta=19
3,Carniceria El Torito Cebu,tienda,25,18.461948,-97.391178,https://mitehuacan.mx/?ruta=19
3,Carniceria Esmeralda,tienda,25,18.461948,-97.391178,https://mitehuacan.mx/?ruta=19
3,Carniceria Holanda,tienda,25,18.461948,-97.391178,https://mitehuacan.mx/?ruta=19
3,Carniceria La Azucena,tienda,25,18.461948,-97.391178,https://mitehuacan.mx/?ruta=19
3,Carniceria La Chileñita,tienda,25,18.461948,-97.391178,https://mitehuacan.mx/?ruta=19
3,Carniceria La China Poblana,tienda,25,18.461948,-97.391178,https://mitehuacan.mx/?ruta=19
3,Carniceria La Reina De Mexico,tienda,25,18.461948,-97.391178,https://mitehuacan.mx/?ruta=19
3,Carniceria La Rosita,tienda,25,18.461948,-97.391178,https://mitehuacan.mx/?ruta=19
3,Carniceria La Siempre Viva,tienda,25,18.461948,-97.391178,https://mitehuacan.mx/?ruta=19
3,Carniceria La Surtidora,tienda,25,18.461948,-97.391178,https://mitehuacan.mx/?ruta=19
3,Carniceria La Tehuacanera,tienda,25,18.461948,-97.391178,https://mitehuacan.mx/?ruta=19
3,Carniceria Lety,tienda,25,18.461948,-97.391178,https://mitehuacan.mx/?ruta=19
3,Carniceria Lupita,tienda,25,18.461948,-97.391178,https://mitehuacan.mx/?ruta=19
3,Carniceria Magnolia,tienda,25,18.461948,-97.391178,https://mitehuacan.mx/?ruta=19
3,Carniceria Maribel,tienda,25,18.461948,-97.391178,https://mitehuacan.mx/?ruta=19
3,Carniceria Monte Alban,tienda,25,18.461948,-97.391178,https://mitehuacan.mx/?ruta=19
3,Carniceria Norma,tienda,25,18.461948,-97.391178,https://mitehuacan.mx/?ruta=19
3,Carniceria Pavita,tienda,25,18.461948,-97.391178,https://mitehuacan.mx/?ruta=19
3,Carniceria Pavita 2,tienda,25,18.461948,-97.391178,https://mitehuacan.mx/?ruta=19
3,Carniceria Premium,tienda,25,18.461948,-97.391178,https://mitehuacan.mx/?ruta=19
3,Carniceria San Gabriel,tienda,25,18.461948,-97.391178,https://mitehuacan.mx/?ruta=19
3,Carniceria Santa Fe,tienda,25,18.461948,-97.391178,https://mitehuacan.mx/?ruta=19
3,Carniceria Sin Nombre,tienda,25,18.461948,-97.391178,https://mitehuacan.mx/?ruta=19
3,Carniceria Victoria,tienda,25,18.461948,-97.391178,https://mitehuacan.mx/?ruta=19
3,Carniceria Y Cremeria Juquilita,tienda,25,18.461948,-97.391178,https://mitehuacan.mx/?ruta=19
3,Carniceria Y Cremeria San Juditas,tienda,25,18.461948,-97.391178,https://mitehuacan.mx/?ruta=19
3,Chiles Secos Don Juan,tienda,25,18.461948,-97.391178,https://mitehuacan.mx/?ruta=19
3,Chiles Secos Sin Nombre,tienda,25,18.461948,-97.391178,https://mitehuacan.mx/?ruta=19
3,Cremeria Del Carmen,tienda,25,18.461948,-97.391178,https://mitehuacan.mx/?ruta=19
3,Cremeria Juquilita,tienda,25,18.461948,-97.391178,https://mitehuacan.mx/?ruta=19
3,Cremeria La Chileñita,tienda,25,18.461948,-97.391178,https://mitehuacan.mx/?ruta=19
3,Cremeria La Juchiteca,tienda,25,18.461948,-97.391178,https://mitehuacan.mx/?ruta=19
3,Cremeria Lupita,tienda,25,18.461948,-97.391178,https://mitehuacan.mx/?ruta=19
3,Cremeria Sin Nombre,tienda,25,18.461948,-97.391178,https://mitehuacan.mx/?ruta=19
3,Cremeria Y Carniceria San Juditas,tienda,25,18.461948,-97.391178,https://mitehuacan.mx/?ruta=19
3,Cremeria Y Carniceria Sonia,tienda,25,18.461948,-97.391178,https://mitehuacan.mx/?ruta=19
3,Cremeria Y Salchichoneria Jennifer,tienda,25,18.461948,-97.391178,https://mitehuacan.mx/?ruta=19
3,Expendio De Bisceras De Res Sin Nombre,tienda,25,18.461948,-97.391178,https://mitehuacan.mx/?ruta=19
3,Expendio De Pan Petrita 1,tienda,25,18.461948,-97.391178,https://mitehuacan.mx/?ruta=19
3,Expendio De Pan Petrita 2,tienda,25,18.461948,-97.391178,https://mitehuacan.mx/?ruta=19
3,Expendio De Viceras Monte Alban,tienda,25,18.461948,-97.391178,https://mitehuacan.mx/?ruta=19
3,Expendio De Visceras De Res Y Carniceria El Torito,tienda,25,18.461948,-97.391178,https://mitehuacan.mx/?ruta=19
3,Panaderia Guti Pan,tienda,25,18.461948,-97.391178,https://mitehuacan.mx/?ruta=19
3,Plasticos Lupita,tienda,25,18.461948,-97.391178,https://mitehuacan.mx/?ruta=19
3,Plaza Granel,tienda,25,18.461948,-97.391178,https://mitehuacan.mx/?ruta=19
3,Queseria Rombitos,tienda,25,18.461948,-97.391178,https://mitehuacan.mx/?ruta=19
3,Surtidora De Carne,tienda,25,18.461948,-97.391178,https://mitehuacan.mx/?ruta=19
3,Tienda De Sombreros Sin Nombre,tienda,25,18.461948,-97.391178,https://mitehuacan.mx/?ruta=19
3,Tocineria Chabelita,tienda,25,18.461948,-97.391178,https://mitehuacan.mx/?ruta=19
3,Venta De Chicharron,tienda,25,18.461948,-97.391178,https://mitehuacan.mx/?ruta=19
3,Venta De Chiles Secos,tienda,25,18.461948,-97.391178,https://mitehuacan.mx/?ruta=19
3,Venta De Chiles Secos Gilber,tienda,25,18.461948,-97.391178,https://mitehuacan.mx/?ruta=19
3,Venta De Chiles Secos Y Carne De Matanza La Coapeñita,tienda,25,18.461948,-97.391178,https://mitehuacan.mx/?ruta=19
3,Venta De Chiles Y Condimentos Sin Nombre,tienda,25,18.461948,-97.391178,https://mitehuacan.mx/?ruta=19
3,Venta De Plantas Medicinales Doña Celia,tienda,25,18.461948,-97.391178,https://mitehuacan.mx/?ruta=19
3,Venta De Semillas Y Condimentos,tienda,25,18.461948,-97.391178,https://mitehuacan.mx/?ruta=19
3,Tienda De Adornos Para Fiestas Aydu,tienda,26,18.46111,-97.390761,https://mitehuacan.mx/?ruta=19
3,Tiendas Tres B,tienda,26,18.464828,-97.389687,https://mitehuacan.mx/?ruta=19
3,Venta De Lenceria Isabela,tienda,26,18.458424,-97.39147,https://mitehuacan.mx/?ruta=19
3,Establecimiento Sin Nombre,tienda,28,18.458985,-97.399285,https://mitehuacan.mx/?ruta=19
3,Ropa De Primera Comunion Sin Nombre,tienda,28,18.461196,-97.393293,https://mitehuacan.mx/?ruta=19
3,Venta De Accesorios Y Molde Para Pasteleria Chios,tienda,28,18.460605,-97.38937,https://mitehuacan.mx/?ruta=19
3,Vestidos De Novia Y Primera Comunion Diana Barroso,tienda,28,18.461196,-97.393293,https://mitehuacan.mx/?ruta=19
3,Panaderia Danymar,tienda,29,18.455948,-97.398704,https://mitehuacan.mx/?ruta=19
3,Bolsas Y Desechables Lafeliz,tienda,30,18.462925,-97.389172,https://mitehuacan.mx/?ruta=19
3,Plasticos Juquilita,tienda,30,18.460587,-97.38937,https://mitehuacan.mx/?ruta=19
3,Novedades Lalo,tienda,31,18.460593,-97.390749,https://mitehuacan.mx/?ruta=19
3,Optica Optimex Van,tienda,31,18.46491,-97.389741,https://mitehuacan.mx/?ruta=19
3,Expendio De Pan Sin Nombre,tienda,32,18.456829,-97.399089,https://mitehuacan.mx/?ruta=19
3,Musical Yañez De Tehuacan,tienda,32,18.462981,-97.391096,https://mitehuacan.mx/?ruta=19
3,Venta De Frituras Sin Nombre,tienda,32,18.456829,-97.399089,https://mitehuacan.mx/?ruta=19
3,Venta De Ropa Para Dama Caballero Y Niños,tienda,32,18.458903,-97.399345,https://mitehuacan.mx/?ruta=19
3,Bodega Tienda Musical Yañez,tienda,33,18.462981,-97.391087,https://mitehuacan.mx/?ruta=19
3,Cremeria La Cañada,tienda,33,18.460557,-97.389867,https://mitehuacan.mx/?ruta=19
3,Auto Electrica Casa Del Chofer,tienda,36,18.45586,-97.398801,https://mitehuacan.mx/?ruta=19
3,Galerias Laciana,tienda,36,18.461269,-97.393292,https://mitehuacan.mx/?ruta=19
3,Optica Ver-Bien,tienda,36,18.461292,-97.394056,https://mitehuacan.mx/?ruta=19
3,Pasteleria Leo,tienda,36,18.462981,-97.391058,https://mitehuacan.mx/?ruta=19
3,Productos De Limpieza Casa Limpia,tienda,39,18.464821,-97.389071,https://mitehuacan.mx/?ruta=19
3,Bazar Los Girasoles,tienda,40,18.456554,-97.411483,https://mitehuacan.mx/?ruta=19
3,Opticalia,tienda,40,18.464933,-97.391012,https://mitehuacan.mx/?ruta=19
3,Productos De Limpieza Para El Hogar Sin Nombre,tienda,40,18.476996,-97.383883,https://mitehuacan.mx/?ruta=19
3,Venta De Ropa Interior Para Dama Dulce Secreto,tienda,41,18.461576,-97.389853,https://mitehuacan.mx/?ruta=19
3,Bazar Sin Nombre,tienda,42,18.456527,-97.407567,https://mitehuacan.mx/?ruta=19
3,Carniceria La Azucena,tienda,42,18.458309,-97.392439,https://mitehuacan.mx/?ruta=19
3,Optica Mendoza,tienda,42,18.464831,-97.389838,https://mitehuacan.mx/?ruta=19
3,Venta De Lentes Optica Reyes,tienda,43,18.45827,-97.39147,https://mitehuacan.mx/?ruta=19
3,Vneta De Peliculas,tienda,45,18.462712,-97.389878,https://mitehuacan.mx/?ruta=19
3,O Y P,tienda,46,18.459184,-97.39412,https://mitehuacan.mx/?ruta=19
3,Venta De Ropa Americana. Paca La Frontera,tienda,47,18.460847,-97.389024,https://mitehuacan.mx/?ruta=19
3,Venta De Ropa Interior De Dama Sin Nombre,tienda,47,18.458765,-97.391039,https://mitehuacan.mx/?ruta=19
3,Venta De Blancos Balderas,tienda,48,18.461306,-97.390665,https://mitehuacan.mx/?ruta=19
3,Venta De Frituras Sin Nombre,tienda,48,18.46983,-97.38935,https://mitehuacan.mx/?ruta=19
3,Optica Pura Vision,tienda,49,18.464913,-97.389912,https://mitehuacan.mx/?ruta=19
3,Venta De Instrumentos Musical Tehuacan,tienda,49,18.466933,-97.389891,https://mitehuacan.mx/?ruta=19
3,Lenceria Alis,tienda,51,18.465881,-97.390894,https://mitehuacan.mx/?ruta=19
3,Venta De Cobertores Y Blancos Caleb,tienda,51,18.458665,-97.391004,https://mitehuacan.mx/?ruta=19
3,Artesanias Sin Nombre,tienda,52,18.461503,-97.396504,https://mitehuacan.mx/?ruta=19
3,Ivaliss Closhop,tienda,53,18.460374,-97.389373,https://mitehuacan.mx/?ruta=19
3,Pasteleria Cristal,tienda,53,18.45818,-97.39147,https://mitehuacan.mx/?ruta=19
3,Venta De Productos De Limpieza El Pato,tienda,53,18.456983,-97.399305,https://mitehuacan.mx/?ruta=19
3,Optica Visual World,tienda,54,18.464931,-97.390879,https://mitehuacan.mx/?ruta=19
3,Venta De Pan De Burro,tienda,54,18.460749,-97.388961,https://mitehuacan.mx/?ruta=19
3,Articulos De Limpieza Sin Nombre,tienda,55,18.469477,-97.389347,https://mitehuacan.mx/?ruta=19
3,Manuelote Venta De Chiles Secos Granos Y Semillas,tienda,55,18.458379,-97.39827,https://mitehuacan.mx/?ruta=19
3,Venta De Pinturas Texturplast,tienda,55,18.458162,-97.39147,https://mitehuacan.mx/?ruta=19
3,Tienda De Ropa Para Dama Sin Nombre,tienda,57,18.458663,-97.390948,https://mitehuacan.mx/?ruta=19
3,Venta De Pastel Gourment,tienda,57,18.457654,-97.404212,https://mitehuacan.mx/?ruta=19
3,Bazar Sin Nombre,tienda,58,18.457752,-97.406495,https://mitehuacan.mx/?ruta=19
3,Artesanias Mexico Lindo,tienda,59,18.461504,-97.394171,https://mitehuacan.mx/?ruta=19
3,Bazar De Ropa Sin Nombre,tienda,60,18.469081,-97.390777,https://mitehuacan.mx/?ruta=19
3,Pipochi,tienda,60,18.455814,-97.41058,https://mitehuacan.mx/?ruta=19
3,Ba Express Ejercito Mexicano 2558,tienda,61,18.474867,-97.387742,https://mitehuacan.mx/?ruta=19
3,Bazar De Ropa,tienda,62,18.457761,-97.405879,https://mitehuacan.mx/?ruta=19
3,Comercio Al Por Menor En Tiendas De Artesanías Sin Nombre,tienda,62,18.473688,-97.387481,https://mitehuacan.mx/?ruta=19
3,Tienda De Ropa Sin Nombre,tienda,62,18.477088,-97.383391,https://mitehuacan.mx/?ruta=19
3,Ventas De Acabado Indeco,tienda,62,18.460525,-97.398273,https://mitehuacan.mx/?ruta=19
3,Cafeteria Le Cholat,tienda,63,18.461502,-97.392641,https://mitehuacan.mx/?ruta=19
3,Bazar De Ropa Sin Nombre,tienda,64,18.469683,-97.389281,https://mitehuacan.mx/?ruta=19
3,Bodega De Plasticos Lupita Sin Nombre,tienda,64,18.461573,-97.388857,https://mitehuacan.mx/?ruta=19
3,Carniceria Shalon,tienda,64,18.456711,-97.398188,https://mitehuacan.mx/?ruta=19
3,Expendio De Carne,tienda,64,18.456548,-97.398193,https://mitehuacan.mx/?ruta=19
3,Artesanias Aby,tienda,65,18.461462,-97.390758,https://mitehuacan.mx/?ruta=19
3,Jarceria Sn,tienda,67,18.456314,-97.408644,https://mitehuacan.mx/?ruta=19
3,Pasteleria Juquilita,tienda,67,18.461968,-97.392051,https://mitehuacan.mx/?ruta=19
3,Tienda De Lenceria Fany,tienda,67,18.461481,-97.390758,https://mitehuacan.mx/?ruta=19
3,Bodega De Plasticos Lupita Sin Nombre,tienda,68,18.461572,-97.388819,https://mitehuacan.mx/?ruta=19
3,Compra Venta De Empaques Para Regalos Packingmex,tienda,68,18.464835,-97.390085,https://mitehuacan.mx/?ruta=19
3,Compra Venta De Suplementos Alimenticios Saya,tienda,68,18.464835,-97.390085,https://mitehuacan.mx/?ruta=19
3,Libreria Luz Y Vida,tienda,68,18.462422,-97.390763,https://mitehuacan.mx/?ruta=19
3,Omega Nutricion,tienda,68,18.464835,-97.390085,https://mitehuacan.mx/?ruta=19
3,Optica Elvision,tienda,68,18.464835,-97.390085,https://mitehuacan.mx/?ruta=19
3,Ropa Tipica El Leon De Juda,tienda,68,18.46149,-97.390758,https://mitehuacan.mx/?ruta=19
3,Tienda De Articulos Religiosos Y Ceras San Judas Tadeo,tienda,68,18.462232,-97.390762,https://mitehuacan.mx/?ruta=19
3,Ilusion Tehuacan,tienda,69,18.464949,-97.392046,https://mitehuacan.mx/?ruta=19
3,Oxxo Suc 50Rxn Rayon Pbf,tienda,69,18.461968,-97.392064,https://mitehuacan.mx/?ruta=19
3,Adornos Y Novedades Dulce,tienda,70,18.461653,-97.390759,https://mitehuacan.mx/?ruta=19
3,Veladoras Y Parafinas Maria Milagrosa,tienda,70,18.461501,-97.390292,https://mitehuacan.mx/?ruta=19
3,Venta De Carbon Sin Nombre,tienda,70,18.451753,-97.417461,https://mitehuacan.mx/?ruta=19
3,Venta De Ropa Para Primera Comunion Sin Nombre,tienda,70,18.460237,-97.390664,https://mitehuacan.mx/?ruta=19
3,Venta De Vestidos De Xv Años Sin Nombre,tienda,70,18.460237,-97.390664,https://mitehuacan.mx/?ruta=19
3,Expendio De Pan Bimbo,tienda,71,18.45866,-97.390815,https://mitehuacan.mx/?ruta=19
3,Fast Cash,tienda,71,18.474955,-97.38747,https://mitehuacan.mx/?ruta=19
3,Optica Bella Luz,tienda,71,18.460228,-97.390664,https://mitehuacan.mx/?ruta=19
3,Ropa Tipica La Oaxaqueña La Pequeña,tienda,71,18.461499,-97.39015,https://mitehuacan.mx/?ruta=19
3,Libreria Taller De Nazaret,tienda,72,18.459391,-97.393473,https://mitehuacan.mx/?ruta=19
3,Tienda Naturista Juquilita,tienda,73,18.462843,-97.390143,https://mitehuacan.mx/?ruta=19
3,Carniceria Romms Cerdo De Calidad,tienda,74,18.46702,-97.392071,https://mitehuacan.mx/?ruta=19
3,Cremeria Sanciri,tienda,74,18.473959,-97.389355,https://mitehuacan.mx/?ruta=19
3,Carniceria San Miguel,tienda,75,18.456602,-97.398085,https://mitehuacan.mx/?ruta=19
3,Creaciones Diana,tienda,75,18.460095,-97.390749,https://mitehuacan.mx/?ruta=19
3,Expendio De Huevo,tienda,75,18.46702,-97.39208,https://mitehuacan.mx/?ruta=19
3,Venta De Suplementos L Vid New,tienda,75,18.46702,-97.39208,https://mitehuacan.mx/?ruta=19
3,Pomos Y Chelas,tienda,76,18.457975,-97.391577,https://mitehuacan.mx/?ruta=19
3,Tienda De Artesanias De Madera Sin Nombre,tienda,76,18.460236,-97.392447,https://mitehuacan.mx/?ruta=19
3,Taboo Sex Shop,tienda,77,18.459468,-97.394213,https://mitehuacan.mx/?ruta=19
3,Tienda De Vestidos Detalles De Comunion Novias Maqueda,tienda,77,18.458819,-97.390755,https://mitehuacan.mx/?ruta=19
3,Venta De Articulos Religiosos Isabelita,tienda,77,18.462845,-97.39018,https://mitehuacan.mx/?ruta=19
3,Electronica Lamparas Mr Web,tienda,78,18.460138,-97.389478,https://mitehuacan.mx/?ruta=19
3,Venta De Vestidos Novias Aranda,tienda,78,18.46251,-97.390668,https://mitehuacan.mx/?ruta=19
3,Colecturia Inmaculadala,tienda,79,18.46184,-97.390665,https://mitehuacan.mx/?ruta=19
3,El Ricon Del Comic,tienda,79,18.462859,-97.390654,https://mitehuacan.mx/?ruta=19
3,Exotica Sex Shop,tienda,79,18.462859,-97.390654,https://mitehuacan.mx/?ruta=19
3,Sala De Exhibicion De Lentes Sin Nombre,tienda,79,18.462859,-97.390654,https://mitehuacan.mx/?ruta=19
3,Venta De Hierbas Y Plantas Curativas,tienda,79,18.461586,-97.390612,https://mitehuacan.mx/?ruta=19
3,Venta De Plantas Medicinales Sin Nombre,tienda,79,18.461583,-97.390365,https://mitehuacan.mx/?ruta=19
3,Venta De Productos De Limpieza,tienda,79,18.477888,-97.379655,https://mitehuacan.mx/?ruta=19
3,Venta De Veladoras San Juditas,tienda,79,18.461584,-97.390508,https://mitehuacan.mx/?ruta=19
3,Venta De Veladoras San Juditas Tadeo,tienda,79,18.461586,-97.390631,https://mitehuacan.mx/?ruta=19
3,Venta De Productos De Limpieza,tienda,80,18.456203,-97.403925,https://mitehuacan.mx/?ruta=19
3,Venta De Valadoras E Imagenes San Francisco De Asis,tienda,80,18.46174,-97.390664,https://mitehuacan.mx/?ruta=19
3,Oxxo,tienda,80,18.461897,-97.392175,https://mitehuacan.mx/?ruta=19
3,Bazar Sin Nombre,tienda,81,18.46588,-97.390619,https://mitehuacan.mx/?ruta=19
3,Grupo Dhr Autopartes,tienda,81,18.457595,-97.398112,https://mitehuacan.mx/?ruta=19
3,Coppel Tienda Departamental Reforma 448,tienda,83,18.461718,-97.394039,https://mitehuacan.mx/?ruta=19
3,Los Girasoles,tienda,83,18.461712,-97.393767,https://mitehuacan.mx/?ruta=19
3,Tienda De Lentes Suplementos Opticos,tienda,83,18.464838,-97.390227,https://mitehuacan.mx/?ruta=19
3,Venta De Papas Fritas La Inmaculada,tienda,83,18.462976,-97.390613,https://mitehuacan.mx/?ruta=19
3,Bazar De Ropa Sin Nombre,tienda,84,18.477979,-97.384453,https://mitehuacan.mx/?ruta=19
3,Bodega De Veladora Maria Milagrosa,tienda,84,18.459676,-97.390666,https://mitehuacan.mx/?ruta=19
3,Colecturia Articulos Religiosos,tienda,84,18.461699,-97.393165,https://mitehuacan.mx/?ruta=19
3,Elegance By Mabel,tienda,84,18.457929,-97.392445,https://mitehuacan.mx/?ruta=19
3,Lenceria Y Corseteria Pasion Seduccion Fantasia Y Elegancia,tienda,85,18.462976,-97.390594,https://mitehuacan.mx/?ruta=19
3,Venta De Lenceria,tienda,85,18.45916,-97.390668,https://mitehuacan.mx/?ruta=19
3,Miscelánea Gomez,tienda,86,18.457936,-97.403149,https://mitehuacan.mx/?ruta=19
3,Bazar De Ropa Sin Nombre,tienda,88,18.466949,-97.39026,https://mitehuacan.mx/?ruta=19
3,Pasteleria La Artesanal,tienda,88,18.462856,-97.390569,https://mitehuacan.mx/?ruta=19
3,Tienda De Ropa Sin Nombre,tienda,88,18.459538,-97.393562,https://mitehuacan.mx/?ruta=19
3,Carniceria Emmanuel,tienda,89,18.456891,-97.397942,https://mitehuacan.mx/?ruta=19
3,Venta De Marcos Fotograficos Marcos De Tehuacan,tienda,90,18.460029,-97.389479,https://mitehuacan.mx/?ruta=19
3,Plaza Kristal,tienda,93,18.462691,-97.390518,https://mitehuacan.mx/?ruta=19
3,Expendio De Pan Bimbo Independencia,tienda,94,18.462854,-97.390512,https://mitehuacan.mx/?ruta=19
3,Valentina Diseños Y Moda,tienda,94,18.460099,-97.393524,https://mitehuacan.mx/?ruta=19
3,Velatorios Machorro,tienda,94,18.467023,-97.39226,https://mitehuacan.mx/?ruta=19
3,Bazar De Ropa Sin Nombre,tienda,95,18.458146,-97.407919,https://mitehuacan.mx/?ruta=19
3,Compra Venta De Productos De Limpieza Eco Limpieza Tehuacan,tienda,95,18.46484,-97.390341,https://mitehuacan.mx/?ruta=19
3,Tensobioquim,tienda,95,18.460107,-97.394081,https://mitehuacan.mx/?ruta=19
3,Carniceria Merino,tienda,97,18.456588,-97.397876,https://mitehuacan.mx/?ruta=19
3,Venta De Peliculas Sin Nombre,tienda,97,18.450766,-97.412179,https://mitehuacan.mx/?ruta=19
3,La Cremeria,tienda,98,18.477087,-97.382793,https://mitehuacan.mx/?ruta=19
3,Tienda De Lenceria La Chica De Hoy,tienda,98,18.459956,-97.38948,https://mitehuacan.mx/?ruta=19
3,Exxotica Sex Shop Tienda,tienda,99,18.463017,-97.392338,https://mitehuacan.mx/?ruta=19
3,Tienda De Cintas Plasticas Para Elaborar Bolsas La Antigua J,tienda,99,18.460033,-97.392568,https://mitehuacan.mx/?ruta=19
3,Venta De Ropa Usada Sin Nombre,tienda,101,18.462784,-97.388494,https://mitehuacan.mx/?ruta=19
3,Comercializadora Venta De Pintura E Impermeabilizante,tienda,102,18.456884,-97.397819,https://mitehuacan.mx/?ruta=19
3,Optica Central,tienda,102,18.463018,-97.392366,https://mitehuacan.mx/?ruta=19
3,Prodetap Proveedor De Articulos Para Tapiceria,tienda,102,18.464923,-97.390424,https://mitehuacan.mx/?ruta=19
3,Romss Venta De Carnes,tienda,102,18.460831,-97.388503,https://mitehuacan.mx/?ruta=19
3,Tienda Naturista El Guero,tienda,102,18.456001,-97.404244,https://mitehuacan.mx/?ruta=19
3,Casa De Angeles Meditacion Y Sanancion,tienda,103,18.459764,-97.396493,https://mitehuacan.mx/?ruta=19
3,Jarceria Sin Nombre,tienda,103,18.474323,-97.383608,https://mitehuacan.mx/?ruta=19
3,Venta De Gorras Y Ropa Interior Sin Nombre Novedades,tienda,103,18.462783,-97.388484,https://mitehuacan.mx/?ruta=19
3,Compra Venta De Chiles Secos Y Semillas Adelita,tienda,104,18.455965,-97.404795,https://mitehuacan.mx/?ruta=19
3,Productos De Limpieza Quimlim,tienda,104,18.451087,-97.415061,https://mitehuacan.mx/?ruta=19
3,Venta De Cruces Villanueva,tienda,104,18.458648,-97.390502,https://mitehuacan.mx/?ruta=19
3,Venta De Libros El Santuario Del Anime,tienda,104,18.467024,-97.392355,https://mitehuacan.mx/?ruta=19
3,Coppel,tienda,104,18.461896,-97.393764,https://mitehuacan.mx/?ruta=19
3,Carniceria Felix,tienda,105,18.458274,-97.408737,https://mitehuacan.mx/?ruta=19
3,Optica Optizone,tienda,105,18.459643,-97.392554,https://mitehuacan.mx/?ruta=19
3,Venta De Artesanias Suika W Chile,tienda,105,18.459689,-97.393459,https://mitehuacan.mx/?ruta=19
3,Venta De Productos De Limpieza Sin Nombre,tienda,105,18.451039,-97.414921,https://mitehuacan.mx/?ruta=19
3,Bazar Elena,tienda,106,18.475267,-97.385701,https://mitehuacan.mx/?ruta=19
3,Servitec Mantenimiento De Computadoras,tienda,108,18.455929,-97.405338,https://mitehuacan.mx/?ruta=19
3,Venta De Libros Sin Nombre,tienda,108,18.465954,-97.388415,https://mitehuacan.mx/?ruta=19
3,Oxxo Suc 5006T Libramiento Tecnológico Pbf,tienda,109,18.45626,-97.41375,https://mitehuacan.mx/?ruta=19
3,Carniceria Sin Nombre,tienda,110,18.453702,-97.414832,https://mitehuacan.mx/?ruta=19
3,Carniceria Galicia,tienda,111,18.478177,-97.384611,https://mitehuacan.mx/?ruta=19
3,El Jarocho Carnicerias Suc Tehuacan,tienda,111,18.460739,-97.38842,https://mitehuacan.mx/?ruta=19
3,Pomos Y Chelas,tienda,112,18.454527,-97.415269,https://mitehuacan.mx/?ruta=19
3,Carniceria La Consentida,tienda,113,18.458203,-97.405235,https://mitehuacan.mx/?ruta=19
3,Gas Uno De Puebla,tienda,114,18.454416,-97.41243,https://mitehuacan.mx/?ruta=19
3,Venta De Ropa Y Accesorios Bazar Minisuper Dh,tienda,114,18.462107,-97.398202,https://mitehuacan.mx/?ruta=19
3,Centro Naturista Sana,tienda,115,18.462056,-97.395728,https://mitehuacan.mx/?ruta=19
3,Venta De Discos Y Peliculas Sin Nombre,tienda,115,18.458644,-97.390398,https://mitehuacan.mx/?ruta=19
3,Optica Bulas,tienda,116,18.45977,-97.392559,https://mitehuacan.mx/?ruta=19
3,Oxxo Suc 50Rr6 1 Pte Pbf,tienda,117,18.462084,-97.396074,https://mitehuacan.mx/?ruta=19
3,Pasteleria Cristal,tienda,117,18.460738,-97.388363,https://mitehuacan.mx/?ruta=19
3,Productos De Limpieza Castillo,tienda,117,18.473373,-97.383972,https://mitehuacan.mx/?ruta=19
3,Becondom Sex Shop,tienda,119,18.466926,-97.392491,https://mitehuacan.mx/?ruta=19
3,Estacionamiento Privado Abarrotes La Corona,tienda,120,18.460738,-97.388335,https://mitehuacan.mx/?ruta=19
3,Casa Castillo Venta De Artesanias,tienda,122,18.473328,-97.389609,https://mitehuacan.mx/?ruta=19
3,Galeria La Casa De Los Cuadros,tienda,122,18.462077,-97.394352,https://mitehuacan.mx/?ruta=19
3,Opticas Bulas,tienda,122,18.462077,-97.394352,https://mitehuacan.mx/?ruta=19
3,Pinturas Sayer,tienda,122,18.471365,-97.39089,https://mitehuacan.mx/?ruta=19
3,Productos Naturistas Nature Sunshine,tienda,122,18.462077,-97.394352,https://mitehuacan.mx/?ruta=19
3,Venta De Ropa Sin Nombre,tienda,122,18.457729,-97.396554,https://mitehuacan.mx/?ruta=19
3,Consultorio Si Oira Centro,tienda,123,18.462088,-97.394542,https://mitehuacan.mx/?ruta=19
3,Optica Dr. Lente,tienda,123,18.462088,-97.394542,https://mitehuacan.mx/?ruta=19
3,Tienda De Colchas Y Blancos Concord Tehuacan,tienda,123,18.462098,-97.394712,https://mitehuacan.mx/?ruta=19
3,Venta De Cruces Sin Nombre,tienda,123,18.458507,-97.390331,https://mitehuacan.mx/?ruta=19
3,Optica Del Angel,tienda,126,18.460737,-97.388278,https://mitehuacan.mx/?ruta=19
3,Proquimax,tienda,126,18.475451,-97.386901,https://mitehuacan.mx/?ruta=19
3,Optica Jimeli,tienda,128,18.462178,-97.395886,https://mitehuacan.mx/?ruta=19
3,Cortes Finos Y Cremeria La Carlota,tienda,129,18.475484,-97.386851,https://mitehuacan.mx/?ruta=19
3,Venta De Ropa Americana Sin Nombre,tienda,129,18.471431,-97.391363,https://mitehuacan.mx/?ruta=19
3,Super Servicio Alatriste,tienda,130,18.458745,-97.390252,https://mitehuacan.mx/?ruta=19
3,Bazar Sin Nombre,tienda,133,18.45851,-97.408276,https://mitehuacan.mx/?ruta=19
3,Pasteleria La Cereza,tienda,133,18.46082,-97.388209,https://mitehuacan.mx/?ruta=19
3,Tienda De Artesanias La Talavera,tienda,133,18.462249,-97.396804,https://mitehuacan.mx/?ruta=19
3,Frituras Tehuacan,tienda,134,18.457457,-97.391885,https://mitehuacan.mx/?ruta=19
3,Venta De Lenceria Sin Nombre,tienda,134,18.459632,-97.389483,https://mitehuacan.mx/?ruta=19
3,Suplementos Alimenticios Mystems Fitness,tienda,135,18.457465,-97.392364,https://mitehuacan.mx/?ruta=19
3,Del Sol Sucursal 2239 Tehuacan,tienda,136,18.463029,-97.39269,https://mitehuacan.mx/?ruta=19
3,El Artesano Paqueteria Y Arte,tienda,136,18.457494,-97.393292,https://mitehuacan.mx/?ruta=19
3,Woolworth,tienda,136,18.463514,-97.392683,https://mitehuacan.mx/?ruta=19
3,Aparatos Ortopedicos Orthomott,tienda,139,18.462891,-97.388139,https://mitehuacan.mx/?ruta=19
3,650191 Neto Tehuacan 5 Sur,tienda,141,18.459564,-97.389484,https://mitehuacan.mx/?ruta=19
3,Distribuidora De Optica Indigo High Technology,tienda,142,18.462254,-97.394142,https://mitehuacan.mx/?ruta=19
3,Tienda De Suplementos Alimenticios Muscular Nutrition Supple,tienda,142,18.46238,-97.398716,https://mitehuacan.mx/?ruta=19
3,Venta De Articulos Para Manualidades Tus Sueños En Laser,tienda,143,18.457438,-97.391017,https://mitehuacan.mx/?ruta=19
3,Venta De Dulces Y Botanas,tienda,144,18.458442,-97.40418,https://mitehuacan.mx/?ruta=19
3,Visual Look,tienda,145,18.462423,-97.399397,https://mitehuacan.mx/?ruta=19
3,Pasteleria La Cereza,tienda,146,18.458633,-97.390104,https://mitehuacan.mx/?ruta=19
3,Venta De Pinturas Alvamex,tienda,146,18.457437,-97.39096,https://mitehuacan.mx/?ruta=19
3,Oxxo,tienda,149,18.469236,-97.392751,https://mitehuacan.mx/?ruta=19
3,Tintorería Tehuacán,tintorería,31,18.464826,-97.389153,https://mitehuacan.mx/?ruta=19
3,BarberShop,tintorería,38,18.464847,-97.391034,https://mitehuacan.mx/?ruta=19
3,Elaboracion De Tortillas Sin Nombre,tortillería,0,18.456687,-97.402436,https://mitehuacan.mx/?ruta=19
3,Elaboración De Tortillas De Maíz Y Molienda De Nixtamal Sin ,tortillería,0,18.478678,-97.37903,https://mitehuacan.mx/?ruta=19
3,Tortilleria Tehuacan,tortillería,0,18.462011,-97.38946,https://mitehuacan.mx/?ruta=19
3,Cocina Economica Oly,tortillería,1,18.451917,-97.415546,https://mitehuacan.mx/?ruta=19
3,Molino De Nixtamal El Chino,tortillería,1,18.477058,-97.384454,https://mitehuacan.mx/?ruta=19
3,Tortillas Hechas A Mano Sin Nombre,tortillería,1,18.474262,-97.384815,https://mitehuacan.mx/?ruta=19
3,Tortilleria Romero,tortillería,1,18.452022,-97.415307,https://mitehuacan.mx/?ruta=19
3,Venta De Tortillas A Mano,tortillería,1,18.45034,-97.414168,https://mitehuacan.mx/?ruta=19
3,Venta De Tortillas De Mano,tortillería,1,18.458818,-97.395733,https://mitehuacan.mx/?ruta=19
3,Venta De Tortillas Sin Nombre,tortillería,1,18.450368,-97.414102,https://mitehuacan.mx/?ruta=19
3,Venta De Tortillas Sin Nombre,tortillería,1,18.479556,-97.377103,https://mitehuacan.mx/?ruta=19
3,Elaboracion Y Venta De Tortillas,tortillería,2,18.457341,-97.409017,https://mitehuacan.mx/?ruta=19
3,Molino De Nixtamal Sin Nombre,tortillería,2,18.475914,-97.384628,https://mitehuacan.mx/?ruta=19
3,Tortilleria El Riego,tortillería,2,18.456899,-97.408596,https://mitehuacan.mx/?ruta=19
3,Tortilleria Maizcali,tortillería,2,18.450246,-97.414389,https://mitehuacan.mx/?ruta=19
3,Venta De Tortillas Sin Nombre,tortillería,2,18.47427,-97.386162,https://mitehuacan.mx/?ruta=19
3,Tortillas De Mano Doña Rufina,tortillería,3,18.47519,-97.384626,https://mitehuacan.mx/?ruta=19
3,Venta De Tortillas,tortillería,3,18.461139,-97.399327,https://mitehuacan.mx/?ruta=19
3,Venta De Tortillas Mano,tortillería,3,18.461116,-97.398436,https://mitehuacan.mx/?ruta=19
3,Venta De Tortillas Sin Nombre,tortillería,3,18.468668,-97.389425,https://mitehuacan.mx/?ruta=19
3,Elaboracion De Tortilla Sin Nombre,tortillería,4,18.456201,-97.399872,https://mitehuacan.mx/?ruta=19
3,Elaboracion De Tortillas De Maiz Sin Nombre,tortillería,4,18.456201,-97.399872,https://mitehuacan.mx/?ruta=19
3,Tortillas De Harina Chalya,tortillería,4,18.470301,-97.390651,https://mitehuacan.mx/?ruta=19
3,Tortilleria Del Sol Tortillas De Maquina,tortillería,4,18.457073,-97.402253,https://mitehuacan.mx/?ruta=19
3,Venta De Tortillas Sin Nombre,tortillería,4,18.468981,-97.388816,https://mitehuacan.mx/?ruta=19
3,Elaboracion De Tortillas Dayis,tortillería,5,18.469847,-97.391381,https://mitehuacan.mx/?ruta=19
3,Elaboracion De Tortillas De Maiz Sin Nombre,tortillería,5,18.458521,-97.39905,https://mitehuacan.mx/?ruta=19
3,Venta De Tortillas A Mano,tortillería,5,18.4572,-97.403224,https://mitehuacan.mx/?ruta=19
3,Venta De Tortillas Sin Nombre,tortillería,5,18.473399,-97.388354,https://mitehuacan.mx/?ruta=19
3,Venta Y Elaboracion De Tortillas A Mano,tortillería,5,18.458167,-97.399003,https://mitehuacan.mx/?ruta=19
3,Elaboracion De Tortillas De Maiz Sin Nombre,tortillería,6,18.457419,-97.400002,https://mitehuacan.mx/?ruta=19
3,Tortilla De Harina El Molino,tortillería,6,18.468599,-97.391404,https://mitehuacan.mx/?ruta=19
3,Venta De Tortillas Sin Nombre,tortillería,6,18.476093,-97.384288,https://mitehuacan.mx/?ruta=19
3,Venta De Tortillas Hechas A Mano,tortillería,7,18.479642,-97.375829,https://mitehuacan.mx/?ruta=19
3,Venta De Tortillas Sin Nombre,tortillería,8,18.456309,-97.401482,https://mitehuacan.mx/?ruta=19
3,Elaboracion De Tortillas A Mano Sin Nombre,tortillería,9,18.4589,-97.395844,https://mitehuacan.mx/?ruta=19
3,Elaboracion De Tortillas De Maiz Sin Nombre,tortillería,9,18.45626,-97.39895,https://mitehuacan.mx/?ruta=19
3,Tortilleria Plus,tortillería,9,18.460762,-97.389539,https://mitehuacan.mx/?ruta=19
3,Elaboracion De Tortillas De Maiz Sin Nombre,tortillería,10,18.449578,-97.415663,https://mitehuacan.mx/?ruta=19
3,Venta De Tortillas Sin Nombre,tortillería,11,18.452487,-97.413121,https://mitehuacan.mx/?ruta=19
3,Torillas Hechas A Maquina Tortilleria Molina,tortillería,13,18.456277,-97.399652,https://mitehuacan.mx/?ruta=19
3,Venta De Tortillas Sin Nombre,tortillería,13,18.477086,-97.384188,https://mitehuacan.mx/?ruta=19
3,Tortilleria Sin Nombre,tortillería,18,18.457424,-97.407302,https://mitehuacan.mx/?ruta=19
3,Elaboracion Y Venta De Tortillas,tortillería,26,18.457558,-97.40871,https://mitehuacan.mx/?ruta=19
3,Elaboracion De Tortillas A Mano Sin Nombre,tortillería,30,18.473981,-97.387425,https://mitehuacan.mx/?ruta=19
3,Venta De Tortillas De Mano,tortillería,30,18.4569,-97.410465,https://mitehuacan.mx/?ruta=19
3,Elaboracion De Tortillas De Maiz Y Venta De Abarrotes Sin No,tortillería,32,18.456711,-97.399954,https://mitehuacan.mx/?ruta=19
3,Venta De Tortillas Hechas A Mano,tortillería,32,18.478451,-97.378449,https://mitehuacan.mx/?ruta=19
3,Tortillas Hechas A Mano Sin Nombre,tortillería,33,18.469968,-97.389036,https://mitehuacan.mx/?ruta=19
3,Tortilleria Teocintle,tortillería,34,18.473877,-97.388161,https://mitehuacan.mx/?ruta=19
3,Venta De Tortillas A Mano Sin Nombre,tortillería,36,18.457556,-97.406586,https://mitehuacan.mx/?ruta=19
3,Tortilleria Sin Nombre,tortillería,38,18.459179,-97.3966,https://mitehuacan.mx/?ruta=19
3,Molino De Nixtamal Guzman,tortillería,40,18.456178,-97.39845,https://mitehuacan.mx/?ruta=19
3,Venta De Tortillas Sin Nombre,tortillería,42,18.452872,-97.414329,https://mitehuacan.mx/?ruta=19
3,Venta De Tortillas Sin Nombre,tortillería,44,18.457606,-97.406141,https://mitehuacan.mx/?ruta=19
3,Tortillas Y Barbacoa Las Coapeñitas,tortillería,45,18.456981,-97.399229,https://mitehuacan.mx/?ruta=19
3,Cocina Economica La Esquina Del Sabor,tortillería,47,18.478472,-97.378136,https://mitehuacan.mx/?ruta=19
3,Tortillas Hechas A Mano,tortillería,47,18.474338,-97.384138,https://mitehuacan.mx/?ruta=19
3,Tortillas Hechas A Mano Sin Nombre,tortillería,51,18.457603,-97.403696,https://mitehuacan.mx/?ruta=19
3,Tortilleria Libertad,tortillería,53,18.452384,-97.412712,https://mitehuacan.mx/?ruta=19
3,Venta De Tortillas Sin Nombre,tortillería,53,18.469783,-97.38928,https://mitehuacan.mx/?ruta=19
3,Puesto De Tortillas,tortillería,55,18.456901,-97.411034,https://mitehuacan.mx/?ruta=19
3,Venta De Tortilla,tortillería,55,18.45899,-97.399551,https://mitehuacan.mx/?ruta=19
3,Venta De Tortillas Sin Nombre,tortillería,55,18.456409,-97.407572,https://mitehuacan.mx/?ruta=19
3,Tortilleria Sin Nombre,tortillería,56,18.455379,-97.411702,https://mitehuacan.mx/?ruta=19
3,Tortillerias San Antonio,tortillería,56,18.477158,-97.385078,https://mitehuacan.mx/?ruta=19
3,Venta De Tortillas Flor,tortillería,61,18.469059,-97.391926,https://mitehuacan.mx/?ruta=19
3,Elaboracion De Tortillas De Maiz Sin Nombre,tortillería,62,18.45567,-97.401873,https://mitehuacan.mx/?ruta=19
3,Elaboracion Y Venta De Tortillas Sin Nombre,tortillería,66,18.465962,-97.390759,https://mitehuacan.mx/?ruta=19
3,Tortilleria De Harina Juquilita,tortillería,68,18.458047,-97.391575,https://mitehuacan.mx/?ruta=19
3,Tortilleria Panchita,tortillería,69,18.461579,-97.390119,https://mitehuacan.mx/?ruta=19
3,Venta De Tortillas Sin Nombre,tortillería,71,18.470905,-97.389273,https://mitehuacan.mx/?ruta=19
3,Venta De Tortillas Sin Nombre,tortillería,71,18.461551,-97.388791,https://mitehuacan.mx/?ruta=19
3,Venta De Tortillas Sin Nombre,tortillería,73,18.474787,-97.383897,https://mitehuacan.mx/?ruta=19
3,Tortillas De Mano Coapita La Bella,tortillería,75,18.456824,-97.411661,https://mitehuacan.mx/?ruta=19
3,Venta De Tortillas Hechas A Mano,tortillería,75,18.478722,-97.376077,https://mitehuacan.mx/?ruta=19
3,Las Carnalas,tortillería,78,18.457851,-97.404388,https://mitehuacan.mx/?ruta=19
3,Tortilleria Limon,tortillería,78,18.460838,-97.38873,https://mitehuacan.mx/?ruta=19
3,Venta De Tortillas Sin Nombre,tortillería,81,18.467614,-97.390596,https://mitehuacan.mx/?ruta=19
3,Venta De Tortillas Sin Nombre,tortillería,82,18.450926,-97.414661,https://mitehuacan.mx/?ruta=19
3,Venta De Tortillas De Mano Sin Nombre,tortillería,83,18.452108,-97.412409,https://mitehuacan.mx/?ruta=19
3,Venta De Tortillas A Mano Sin Nombre,tortillería,85,18.47432,-97.383779,https://mitehuacan.mx/?ruta=19
3,Venta De Tortillas Y Venta De Comida Doña Magda,tortillería,85,18.458043,-97.407682,https://mitehuacan.mx/?ruta=19
3,Venta De Tortillas Sin Nombre,tortillería,88,18.45812,-97.408733,https://mitehuacan.mx/?ruta=19
3,Cocina Economica Valeria,tortillería,90,18.476171,-97.385566,https://mitehuacan.mx/?ruta=19
3,Molino De Nixtamal Sin Nombre,tortillería,90,18.473524,-97.389358,https://mitehuacan.mx/?ruta=19
3,Tortilleria Aries,tortillería,93,18.461914,-97.398107,https://mitehuacan.mx/?ruta=19
3,Tortilla De Mano Alborada,tortillería,94,18.473425,-97.389358,https://mitehuacan.mx/?ruta=19
3,Tortilleria El Manjar De Todos Los Dias,tortillería,95,18.475176,-97.387146,https://mitehuacan.mx/?ruta=19
3,Venta De Tortillas A Mano Sin Nombre,tortillería,95,18.45801,-97.403464,https://mitehuacan.mx/?ruta=19
3,Venta De Tortillas Y Memelas Sin Nombre,tortillería,98,18.473646,-97.389485,https://mitehuacan.mx/?ruta=19
3,Molino De Nixtamal Sin Nombre,tortillería,100,18.451271,-97.414728,https://mitehuacan.mx/?ruta=19
3,Venta De Tortillas Sin Nombre,tortillería,100,18.451908,-97.412229,https://mitehuacan.mx/?ruta=19
3,Elaboracion De Tortillas De Harina Sabrositas,tortillería,104,18.462078,-97.400206,https://mitehuacan.mx/?ruta=19
3,Elaboracion De Tortillas De Maiz Sin Nombre,tortillería,104,18.455965,-97.404795,https://mitehuacan.mx/?ruta=19
3,Elaboracion De Tortillas La Coapeñita,tortillería,105,18.458274,-97.408737,https://mitehuacan.mx/?ruta=19
3,Venta De Tortillas Mary,tortillería,105,18.472537,-97.389344,https://mitehuacan.mx/?ruta=19
3,Molino De Nixtamal San Juditas,tortillería,112,18.452611,-97.412164,https://mitehuacan.mx/?ruta=19
3,Venta De Memelas Sin Nombre,tortillería,116,18.448457,-97.415637,https://mitehuacan.mx/?ruta=19
3,Venta De Tortillas,tortillería,119,18.456911,-97.412466,https://mitehuacan.mx/?ruta=19
3,Venta De Tortillas Hechas A Mano,tortillería,121,18.477114,-97.380193,https://mitehuacan.mx/?ruta=19
3,Elaboracion De Tortillas Sin Nombre,tortillería,123,18.448769,-97.414941,https://mitehuacan.mx/?ruta=19
3,Venta De Tortillas De Maiz,tortillería,123,18.458301,-97.405576,https://mitehuacan.mx/?ruta=19
3,Venta De Tortillas Doña Aurelia,tortillería,127,18.455765,-97.408245,https://mitehuacan.mx/?ruta=19
3,Venta De Tortillas Sin Nombre,tortillería,134,18.477547,-97.375294,https://mitehuacan.mx/?ruta=19
3,Elaboracion Y Venta De Tortillas De Harina La Abuela,tortillería,143,18.46289,-97.388101,https://mitehuacan.mx/?ruta=19
3,Venta Tortillas,tortillería,144,18.449634,-97.412511,https://mitehuacan.mx/?ruta=19
3,Distribucion Y Servicios Delsur,transporte,49,18.454771,-97.414728,https://mitehuacan.mx/?ruta=19
3,Logistica Internacional Marmo,transporte,49,18.454771,-97.414728,https://mitehuacan.mx/?ruta=19
3,Vidrios Y Aluminios Garcia,vidriería,0,18.458828,-97.39635,https://mitehuacan.mx/?ruta=19
3,Vidrios Y Aluminios Garcia,vidriería,0,18.458824,-97.396075,https://mitehuacan.mx/?ruta=19
3,Aluminios Y Herrajes Aluher,vidriería,1,18.458817,-97.395676,https://mitehuacan.mx/?ruta=19
3,Vidrio Y Aluminio Fama,vidriería,1,18.456685,-97.410247,https://mitehuacan.mx/?ruta=19
3,Vidrios Y Aluminios,vidriería,3,18.45689,-97.408966,https://mitehuacan.mx/?ruta=19
3,Vidrios Y Aluminios Brayan,vidriería,3,18.456882,-97.406728,https://mitehuacan.mx/?ruta=19
3,Vidrios Y Aluminios Tehuacan,vidriería,3,18.456205,-97.41099,https://mitehuacan.mx/?ruta=19
3,Vidrios Y Aluminios Muñoz,vidriería,4,18.469001,-97.389148,https://mitehuacan.mx/?ruta=19
3,Vidrios Y Alumnios Gonzalez,vidriería,5,18.468405,-97.391305,https://mitehuacan.mx/?ruta=19
3,Vidrios Y Aluminios Arquitectonicos De Mexico,vidriería,17,18.46407,-97.389286,https://mitehuacan.mx/?ruta=19
3,Bodega De Vidrios Aluher,vidriería,21,18.455996,-97.398797,https://mitehuacan.mx/?ruta=19
3,Vidrios Y Aluminios De Cordova,vidriería,27,18.456974,-97.399059,https://mitehuacan.mx/?ruta=19
3,Vidrios Y Aluminios San Tian,vidriería,36,18.46076,-97.398264,https://mitehuacan.mx/?ruta=19
3,Vidrios Y Aluminios Horus,vidriería,49,18.469131,-97.391809,https://mitehuacan.mx/?ruta=19
3,Vidrios Y Aluminios Sarabia,vidriería,53,18.470749,-97.391272,https://mitehuacan.mx/?ruta=19
3,Vidreria Mendoza,vidriería,63,18.464815,-97.388843,https://mitehuacan.mx/?ruta=19
3,Aluminios Aluvid,vidriería,64,18.464848,-97.390787,https://mitehuacan.mx/?ruta=19
3,Vidrios Y Aluminios Vimac,vidriería,69,18.466941,-97.39008,https://mitehuacan.mx/?ruta=19
3,Vidrieria San Juditas,vidriería,76,18.455675,-97.40286,https://mitehuacan.mx/?ruta=19
3,Vidrieria Mexico,vidriería,127,18.456549,-97.413488,https://mitehuacan.mx/?ruta=19
3,Vidrios Y Aluminios Franco,vidriería,145,18.458097,-97.39024,https://mitehuacan.mx/?ruta=19
3,Floreria Mb,vivero,3,18.456337,-97.410695,https://mitehuacan.mx/?ruta=19
3,Floreria Ceci,vivero,4,18.456201,-97.399872,https://mitehuacan.mx/?ruta=19
3,Floreria Florelli,vivero,4,18.454818,-97.414074,https://mitehuacan.mx/?ruta=19
3,Venta De Plantas Sin Nombre,vivero,4,18.456201,-97.399872,https://mitehuacan.mx/?ruta=19
3,Floreria Flores Y Colores,vivero,6,18.467178,-97.391425,https://mitehuacan.mx/?ruta=19
3,Compra Y Venta De Plantas,vivero,7,18.477084,-97.384283,https://mitehuacan.mx/?ruta=19
3,Venta De Plantitas,vivero,7,18.479311,-97.373696,https://mitehuacan.mx/?ruta=19
3,Vivero Natural Green,vivero,15,18.460708,-97.389473,https://mitehuacan.mx/?ruta=19
3,Floreria Rosy,vivero,16,18.463283,-97.389305,https://mitehuacan.mx/?ruta=19
3,Venta De Flores Sin Nombre,vivero,25,18.461948,-97.391178,https://mitehuacan.mx/?ruta=19
3,Venta De Hoja De Tamal,vivero,25,18.461948,-97.391178,https://mitehuacan.mx/?ruta=19
3,Venta De Hojas De Platano Sin Nombre,vivero,25,18.461948,-97.391178,https://mitehuacan.mx/?ruta=19
3,Floreria Iris,vivero,35,18.474628,-97.388077,https://mitehuacan.mx/?ruta=19
3,Floreria D Xochitl,vivero,38,18.461575,-97.389825,https://mitehuacan.mx/?ruta=19
3,Vivero Los Tulipanes,vivero,42,18.455755,-97.413385,https://mitehuacan.mx/?ruta=19
3,Floreria El Clavel,vivero,50,18.461577,-97.389939,https://mitehuacan.mx/?ruta=19
3,Floreria Boutique Lisiantus,vivero,52,18.458305,-97.394238,https://mitehuacan.mx/?ruta=19
3,Bodega De Floreria Detalles,vivero,70,18.461501,-97.390292,https://mitehuacan.mx/?ruta=19
3,Floreria Adelita,vivero,70,18.461501,-97.390292,https://mitehuacan.mx/?ruta=19
3,Floreria Angelito,vivero,70,18.461501,-97.390292,https://mitehuacan.mx/?ruta=19
3,Floreria Betty,vivero,70,18.461503,-97.390406,https://mitehuacan.mx/?ruta=19
3,Floreria Bety,vivero,70,18.461502,-97.39034,https://mitehuacan.mx/?ruta=19
3,Floreria Detalles,vivero,70,18.461501,-97.390292,https://mitehuacan.mx/?ruta=19
3,Floreria El Campesino,vivero,70,18.461502,-97.390378,https://mitehuacan.mx/?ruta=19
3,Floreria Emmanuel,vivero,70,18.461501,-97.390292,https://mitehuacan.mx/?ruta=19
3,Floreria Joselyn,vivero,70,18.461501,-97.390292,https://mitehuacan.mx/?ruta=19
3,Floreria Juquilita,vivero,70,18.461501,-97.390292,https://mitehuacan.mx/?ruta=19
3,Floreria Ramos,vivero,70,18.461501,-97.390292,https://mitehuacan.mx/?ruta=19
3,Floreria Sin Nombre,vivero,70,18.461501,-97.390292,https://mitehuacan.mx/?ruta=19
3,Floreria San Antonio,vivero,79,18.461586,-97.390593,https://mitehuacan.mx/?ruta=19
3,Floreria Jade,vivero,80,18.462789,-97.388702,https://mitehuacan.mx/?ruta=19
3,Venta De Plantas Y Chacharas Sin Nombre,vivero,96,18.470082,-97.392248,https://mitehuacan.mx/?ruta=19
3,Floreria Flor Y Arte,vivero,108,18.459671,-97.392555,https://mitehuacan.mx/?ruta=19
3,Floreria Sl,vivero,124,18.462203,-97.398093,https://mitehuacan.mx/?ruta=19
3,Floreria Emmanuel,vivero,135,18.462775,-97.388181,https://mitehuacan.mx/?ruta=19
3,Floristeria Bessy,vivero,147,18.462463,-97.400032,https://mitehuacan.mx/?ruta=19
