prioridad,negocio,categoria,dist_m,lat,lon,maps
1,Cafeteria Naxi Kita A Sa,café,0,18.465013,-97.39487,https://mitehuacan.mx/?ruta=15-frailes
1,Mr. Creping,café,0,18.464957,-97.392434,https://mitehuacan.mx/?ruta=15-frailes
1,The Italian Coffe Company Tehuacan,café,0,18.462887,-97.393226,https://mitehuacan.mx/?ruta=15-frailes
1,Jugos Y Tortas Las Tias,café,1,18.481196,-97.40664,https://mitehuacan.mx/?ruta=15-frailes
1,Tienda Escolar Centro Escolar Presidente Venustiano Carranza,café,1,18.469225,-97.396996,https://mitehuacan.mx/?ruta=15-frailes
1,Cafeteria Ugm,café,3,18.466861,-97.396451,https://mitehuacan.mx/?ruta=15-frailes
1,Venta De Alimentos Las Refreskitas,café,3,18.466562,-97.396453,https://mitehuacan.mx/?ruta=15-frailes
1,Venta De Tortas Sin Nombre,café,3,18.469257,-97.39839,https://mitehuacan.mx/?ruta=15-frailes
1,Pasteleria Francesa Le Coin Sucre,café,4,18.46429,-97.394087,https://mitehuacan.mx/?ruta=15-frailes
1,Jugos Maguie,café,7,18.471917,-97.401175,https://mitehuacan.mx/?ruta=15-frailes
1,Arlequin Coffe,café,9,18.464909,-97.393906,https://mitehuacan.mx/?ruta=15-frailes
1,Jugueria Los Frayles,café,9,18.473178,-97.404642,https://mitehuacan.mx/?ruta=15-frailes
1,Mom Petit Peche,café,9,18.464887,-97.392958,https://mitehuacan.mx/?ruta=15-frailes
1,Jugos Maxi,café,10,18.480838,-97.404528,https://mitehuacan.mx/?ruta=15-frailes
1,Venta De Crepas Sweet Pink,café,10,18.467736,-97.39783,https://mitehuacan.mx/?ruta=15-frailes
1,Occo Vintaje Cafe & Bagel,café,11,18.464892,-97.393948,https://mitehuacan.mx/?ruta=15-frailes
1,Jugueria Sin Nombre,café,14,18.45699,-97.38517,https://mitehuacan.mx/?ruta=15-frailes
1,Cafeteria La Suiza,café,15,18.459039,-97.389388,https://mitehuacan.mx/?ruta=15-frailes
1,Cafeteria Morentina,café,15,18.462982,-97.391163,https://mitehuacan.mx/?ruta=15-frailes
1,Coffe Run,café,15,18.474606,-97.40467,https://mitehuacan.mx/?ruta=15-frailes
1,Jugueria Guisel,café,15,18.456791,-97.385179,https://mitehuacan.mx/?ruta=15-frailes
1,The Italian Coffe,café,16,18.462746,-97.393261,https://mitehuacan.mx/?ruta=15-frailes
1,Cafeteria Antara,café,17,18.463021,-97.392461,https://mitehuacan.mx/?ruta=15-frailes
1,Cafeteria Bombay,café,17,18.466439,-97.393904,https://mitehuacan.mx/?ruta=15-frailes
1,Cafeteria Entre Aromas & Cafe,café,17,18.46648,-97.393904,https://mitehuacan.mx/?ruta=15-frailes
1,Hemingway Coffe,café,17,18.466656,-97.393901,https://mitehuacan.mx/?ruta=15-frailes
1,La Incluyente Cafeteria Y Panaderia,café,17,18.466737,-97.393899,https://mitehuacan.mx/?ruta=15-frailes
1,Mokafe Cafeteria,café,17,18.466774,-97.393899,https://mitehuacan.mx/?ruta=15-frailes
1,Hemingway,café,17,18.466255,-97.393907,https://mitehuacan.mx/?ruta=15-frailes
1,Servicio De Venta De Helados Nutrisa,café,21,18.464133,-97.393932,https://mitehuacan.mx/?ruta=15-frailes
1,Elaboracion Y Venta De Bebidas Bobba Go,café,26,18.458623,-97.389801,https://mitehuacan.mx/?ruta=15-frailes
1,Restaurante Cocina De Autor Sante,café,26,18.462652,-97.393231,https://mitehuacan.mx/?ruta=15-frailes
1,Venta De Jugos Y Licuados Sin Nombre,café,27,18.47958,-97.39998,https://mitehuacan.mx/?ruta=15-frailes
1,Caffe Arce,café,28,18.461948,-97.391178,https://mitehuacan.mx/?ruta=15-frailes
1,Cocina Economica Lolita,café,28,18.461948,-97.391178,https://mitehuacan.mx/?ruta=15-frailes
1,Jugueria La Esperanza,café,28,18.461948,-97.391178,https://mitehuacan.mx/?ruta=15-frailes
1,Refresqueria Y Jugueria Gemita,café,28,18.461948,-97.391178,https://mitehuacan.mx/?ruta=15-frailes
1,Venta De Jugo Sin Nombre,café,29,18.456949,-97.385583,https://mitehuacan.mx/?ruta=15-frailes
1,Cafeteria Picnic,café,31,18.469492,-97.396337,https://mitehuacan.mx/?ruta=15-frailes
1,Cafeteria Saludable V & V,café,31,18.46525,-97.392939,https://mitehuacan.mx/?ruta=15-frailes
1,Restaurante Drayeck,café,32,18.477961,-97.397836,https://mitehuacan.mx/?ruta=15-frailes
1,Venta De Aguas Sin Nombre,café,34,18.460548,-97.389868,https://mitehuacan.mx/?ruta=15-frailes
1,Restauran Casa Rayon,café,39,18.462506,-97.392019,https://mitehuacan.mx/?ruta=15-frailes
1,Santa te,café,43,18.462499,-97.393262,https://mitehuacan.mx/?ruta=15-frailes
1,Ruta Cafe,café,49,18.459007,-97.388643,https://mitehuacan.mx/?ruta=15-frailes
1,Tortas Y Jugos Lupita,café,50,18.474394,-97.400621,https://mitehuacan.mx/?ruta=15-frailes
1,Elaboracion Y Venta De Banderillas Y Derivados,café,55,18.463382,-97.393129,https://mitehuacan.mx/?ruta=15-frailes
1,Mientras Espero Foro Y Cafe,café,56,18.46361,-97.393608,https://mitehuacan.mx/?ruta=15-frailes
1,Ricafet,café,57,18.46711,-97.393528,https://mitehuacan.mx/?ruta=15-frailes
1,Donas Match Donuts,café,59,18.462368,-97.394014,https://mitehuacan.mx/?ruta=15-frailes
1,Venta De Pan Casero Mr Dumpling,café,62,18.463368,-97.38943,https://mitehuacan.mx/?ruta=15-frailes
1,Cafeteria Si Encanta,café,66,18.469809,-97.396335,https://mitehuacan.mx/?ruta=15-frailes
1,Cafeteria Idue Cafe,café,67,18.459066,-97.385896,https://mitehuacan.mx/?ruta=15-frailes
1,Cafeteria Flor De Cafe,café,70,18.461501,-97.390292,https://mitehuacan.mx/?ruta=15-frailes
1,Venta De Comida Frutileto,café,81,18.465694,-97.392929,https://mitehuacan.mx/?ruta=15-frailes
1,Jugos Hernandez,café,82,18.461786,-97.390665,https://mitehuacan.mx/?ruta=15-frailes
1,Cafeteria A & A Smoothies,café,91,18.465754,-97.391335,https://mitehuacan.mx/?ruta=15-frailes
1,Cafe La Giralda,café,94,18.462077,-97.394352,https://mitehuacan.mx/?ruta=15-frailes
1,Cafe Sierra Negra,café,109,18.465978,-97.393045,https://mitehuacan.mx/?ruta=15-frailes
1,Maple Cafeteria,café,109,18.46634,-97.393037,https://mitehuacan.mx/?ruta=15-frailes
1,Marquesitas Alux S,café,115,18.467328,-97.399033,https://mitehuacan.mx/?ruta=15-frailes
1,Venta De Aguas Frescas Sin Nombre,café,119,18.458655,-97.390673,https://mitehuacan.mx/?ruta=15-frailes
1,Hamburguesas Burguer Lukas,café,122,18.467461,-97.393003,https://mitehuacan.mx/?ruta=15-frailes
1,Jugueria Sin Nombre,café,131,18.475164,-97.409427,https://mitehuacan.mx/?ruta=15-frailes
1,Cafeteria Coffe & Sando,café,134,18.460139,-97.392444,https://mitehuacan.mx/?ruta=15-frailes
1,Venta De Desayunos Sin Nombre,café,135,18.462891,-97.388139,https://mitehuacan.mx/?ruta=15-frailes
1,Cooperativa Escolar Turno Matutino,café,136,18.477033,-97.397059,https://mitehuacan.mx/?ruta=15-frailes
1,Tienda Escolar Liberacion Turno Vespertino Numero De Concesi,café,136,18.477033,-97.397059,https://mitehuacan.mx/?ruta=15-frailes
1,Cafeteria Ceut,café,143,18.463635,-97.388377,https://mitehuacan.mx/?ruta=15-frailes
1,Cafeteria Izla Cafe,café,145,18.463125,-97.395531,https://mitehuacan.mx/?ruta=15-frailes
1,Tienda Escolar Sin Nombre,café,145,18.465846,-97.397909,https://mitehuacan.mx/?ruta=15-frailes
1,Cooperativa Escolar El Caramelo,café,146,18.465837,-97.397909,https://mitehuacan.mx/?ruta=15-frailes
1,Coth06_Ruta Cafe Tehuacan Ado,café,148,18.462133,-97.395305,https://mitehuacan.mx/?ruta=15-frailes
1,Titinas Ensaladas Y Mas,café,148,18.473626,-97.397691,https://mitehuacan.mx/?ruta=15-frailes
1,La Casa De La Tecnologia,celulares,1,18.461866,-97.389462,https://mitehuacan.mx/?ruta=15-frailes
1,Tiendas De Telefonos Distribuidor Autorizado Telcel Pamec,celulares,1,18.461441,-97.389465,https://mitehuacan.mx/?ruta=15-frailes
1,Venta De Telefonos Celulares Distribuidor Autorizado Telcel ,celulares,2,18.458583,-97.388607,https://mitehuacan.mx/?ruta=15-frailes
1,Accesorios Para Celular Rom Cell,celulares,3,18.460917,-97.391298,https://mitehuacan.mx/?ruta=15-frailes
1,Accesorios Y Novedades Panda,celulares,3,18.4609,-97.390654,https://mitehuacan.mx/?ruta=15-frailes
1,Enchula Tu Celular,celulares,3,18.464992,-97.393067,https://mitehuacan.mx/?ruta=15-frailes
1,Grupo Accel Tienda De Telefonos Celulares De Telcel,celulares,3,18.462892,-97.391991,https://mitehuacan.mx/?ruta=15-frailes
1,Telefonica Movistar,celulares,3,18.462854,-97.390503,https://mitehuacan.mx/?ruta=15-frailes
1,Tienda De Accesorios Pra Celular Sin Nombre,celulares,3,18.462871,-97.391233,https://mitehuacan.mx/?ruta=15-frailes
1,Tienda De Telefonos Distribuidor Autorizado Pamec Telcel,celulares,3,18.458618,-97.389317,https://mitehuacan.mx/?ruta=15-frailes
1,Tienda De Telefonos Distribuidor Autorizado Pamec Telcel,celulares,3,18.462848,-97.390304,https://mitehuacan.mx/?ruta=15-frailes
1,Venta De Accesorios Para Celular Novedades Hernandez,celulares,3,18.460876,-97.389735,https://mitehuacan.mx/?ruta=15-frailes
1,Venta De Accesorios Telefonicos Dido Cell,celulares,3,18.460874,-97.389668,https://mitehuacan.mx/?ruta=15-frailes
1,Cellular World,celulares,4,18.464082,-97.394092,https://mitehuacan.mx/?ruta=15-frailes
1,De Tocho Morocho,celulares,4,18.464498,-97.394081,https://mitehuacan.mx/?ruta=15-frailes
1,Tienda De Telefonia Pamec Telcel,celulares,5,18.461663,-97.391396,https://mitehuacan.mx/?ruta=15-frailes
1,Celular World,celulares,6,18.462946,-97.393574,https://mitehuacan.mx/?ruta=15-frailes
1,Compra Venta De Accesorios Para Celular La Reina,celulares,6,18.464143,-97.391352,https://mitehuacan.mx/?ruta=15-frailes
1,Compra Venta De Accesorios Para Celular Telef Mania,celulares,6,18.464369,-97.391348,https://mitehuacan.mx/?ruta=15-frailes
1,Compra Venta De Accesorios Para Celulares Technology Store,celulares,6,18.463817,-97.391357,https://mitehuacan.mx/?ruta=15-frailes
1,Dsitribuidor Autorizado Ultracel,celulares,6,18.464833,-97.391448,https://mitehuacan.mx/?ruta=15-frailes
1,J-Cell Accesorios,celulares,6,18.461313,-97.391509,https://mitehuacan.mx/?ruta=15-frailes
1,Tienda De Telefonos Distribuidor Autorizado Pamec Telcel,celulares,6,18.462956,-97.393886,https://mitehuacan.mx/?ruta=15-frailes
1,Tienda De Telefonos Distribuidor Autorizado Pamec Telcel,celulares,6,18.462954,-97.393829,https://mitehuacan.mx/?ruta=15-frailes
1,Reparacion De Computadoras Movil Cel Lap,celulares,7,18.464993,-97.391447,https://mitehuacan.mx/?ruta=15-frailes
1,Telefonia Y Accesorios Novedades Max,celulares,7,18.457083,-97.385238,https://mitehuacan.mx/?ruta=15-frailes
1,Black Cell,celulares,9,18.460724,-97.387596,https://mitehuacan.mx/?ruta=15-frailes
1,Celular Wort,celulares,9,18.460796,-97.390838,https://mitehuacan.mx/?ruta=15-frailes
1,House - Cel,celulares,9,18.460746,-97.38879,https://mitehuacan.mx/?ruta=15-frailes
1,King Memori,celulares,9,18.460751,-97.389027,https://mitehuacan.mx/?ruta=15-frailes
1,Novedades Fabys,celulares,9,18.460746,-97.388752,https://mitehuacan.mx/?ruta=15-frailes
1,Reparacion Y Accesorios Movile Zone,celulares,9,18.460781,-97.390222,https://mitehuacan.mx/?ruta=15-frailes
1,Smart Service,celulares,9,18.46073,-97.388003,https://mitehuacan.mx/?ruta=15-frailes
1,Tienda De Accesorios Para Celular Nick Cell,celulares,9,18.460804,-97.391151,https://mitehuacan.mx/?ruta=15-frailes
1,Tienda De Accesorios Para El Celular Accs Cell,celulares,9,18.460803,-97.391122,https://mitehuacan.mx/?ruta=15-frailes
1,Tienda De Telefonos Distribuidor Autorizado Pamec Telcel,celulares,9,18.460765,-97.389624,https://mitehuacan.mx/?ruta=15-frailes
1,Venta De Accesorios Para Celular Cell Phone,celulares,9,18.460791,-97.39062,https://mitehuacan.mx/?ruta=15-frailes
1,Venta De Accesorios Para Celular Compu Planet,celulares,9,18.460787,-97.390449,https://mitehuacan.mx/?ruta=15-frailes
1,Venta De Accesorios Para Celular Sin Nombre,celulares,9,18.464879,-97.392569,https://mitehuacan.mx/?ruta=15-frailes
1,Venta De Accesorios Telefonicos Y Electronicos La Casa Del C,celulares,9,18.460767,-97.389729,https://mitehuacan.mx/?ruta=15-frailes
1,Venta De Celulares Celular World,celulares,9,18.460765,-97.389624,https://mitehuacan.mx/?ruta=15-frailes
1,Venta De Celulares Grupo Accel,celulares,9,18.460765,-97.389624,https://mitehuacan.mx/?ruta=15-frailes
1,Accesorios Para Celular Cell Ma-Va,celulares,10,18.462758,-97.389318,https://mitehuacan.mx/?ruta=15-frailes
1,Tecnology Estore,celulares,10,18.46075,-97.389018,https://mitehuacan.mx/?ruta=15-frailes
1,Venta De Accesorios Para Celular Farmacell,celulares,10,18.458602,-97.38727,https://mitehuacan.mx/?ruta=15-frailes
1,Venta De Telefonos Celulares Distribuidor Autorizado Telcel,celulares,10,18.458608,-97.387363,https://mitehuacan.mx/?ruta=15-frailes
1,Venta De Audio Y Computo Mitzu Electronicos,celulares,11,18.462677,-97.38932,https://mitehuacan.mx/?ruta=15-frailes
1,Macropay,celulares,12,18.460041,-97.389377,https://mitehuacan.mx/?ruta=15-frailes
1,Macropay,celulares,13,18.459805,-97.389379,https://mitehuacan.mx/?ruta=15-frailes
1,Venta De Accesorios Para Celulares Sin Nombre,celulares,13,18.457479,-97.385153,https://mitehuacan.mx/?ruta=15-frailes
1,Accesorios De Celulares Vale Bu,celulares,14,18.458722,-97.389285,https://mitehuacan.mx/?ruta=15-frailes
1,Venta De Telefonos Celulares Distribuidor Autorizado Telcel,celulares,14,18.461954,-97.391311,https://mitehuacan.mx/?ruta=15-frailes
1,Tienda De Telefonos Telcel,celulares,15,18.462948,-97.389655,https://mitehuacan.mx/?ruta=15-frailes
1,Venta De Accesorios De Celulares Sin Nombre,celulares,15,18.456565,-97.385189,https://mitehuacan.mx/?ruta=15-frailes
1,Compra Venta De Accesorios Para Celular Life Style,celulares,16,18.462976,-97.390565,https://mitehuacan.mx/?ruta=15-frailes
1,Lapcel Laboratorio De Celulares,celulares,16,18.456276,-97.385201,https://mitehuacan.mx/?ruta=15-frailes
1,Venta De Accesorios Para Celular Redi,celulares,16,18.45875,-97.389393,https://mitehuacan.mx/?ruta=15-frailes
1,Venta De Cables Y Fundas Y Herramientas De Mano Sin Nombre,celulares,16,18.456222,-97.385204,https://mitehuacan.mx/?ruta=15-frailes
1,Discoteca Moderna- Venta De Refacciones Electronicas,celulares,17,18.46304,-97.393011,https://mitehuacan.mx/?ruta=15-frailes
1,Fundas Para Celular Fundashernandez,celulares,18,18.463063,-97.393712,https://mitehuacan.mx/?ruta=15-frailes
1,Macropay,celulares,18,18.460713,-97.390664,https://mitehuacan.mx/?ruta=15-frailes
1,Reparacion Y Accesorios Para Celular Sin Nombre,celulares,25,18.461574,-97.389692,https://mitehuacan.mx/?ruta=15-frailes
1,Accesorios Y Reparacion De Celulares Cell Master,celulares,28,18.461948,-97.391178,https://mitehuacan.mx/?ruta=15-frailes
1,Venta De Accesorios Para Celular Cell-Tab,celulares,36,18.464852,-97.391052,https://mitehuacan.mx/?ruta=15-frailes
1,Venta De Accesorios Para Celulares Celular Tab,celulares,38,18.460822,-97.391807,https://mitehuacan.mx/?ruta=15-frailes
1,Tienda De Accesorios Para El Celular City Cell,celulares,44,18.46194,-97.391027,https://mitehuacan.mx/?ruta=15-frailes
1,Unlock Cell Andy Venta De Articulos Para Celulares,celulares,45,18.458629,-97.389972,https://mitehuacan.mx/?ruta=15-frailes
1,Accesorios Para Celular Sin Nombre,celulares,55,18.460828,-97.391975,https://mitehuacan.mx/?ruta=15-frailes
1,Venta De Display Para Celulares House Cel,celulares,55,18.460828,-97.391975,https://mitehuacan.mx/?ruta=15-frailes
1,Tienda De Accesorios Para Celular Shoppy Phone,celulares,57,18.467054,-97.393512,https://mitehuacan.mx/?ruta=15-frailes
1,Tienda De Accesorios Para El Celular Centro Cell,celulares,58,18.462305,-97.390762,https://mitehuacan.mx/?ruta=15-frailes
1,Venta De Accesorios Para. Celulares,celulares,63,18.461357,-97.387035,https://mitehuacan.mx/?ruta=15-frailes
1,Accesorios De Celular Happy,celulares,65,18.458996,-97.385047,https://mitehuacan.mx/?ruta=15-frailes
1,Accsphone,celulares,65,18.465558,-97.392932,https://mitehuacan.mx/?ruta=15-frailes
1,Tienda De Discos Sin Nombre,celulares,69,18.457302,-97.385937,https://mitehuacan.mx/?ruta=15-frailes
1,Distribuidor Autorizado Movistar,celulares,70,18.461501,-97.390292,https://mitehuacan.mx/?ruta=15-frailes
1,Venta De Refacciones Para Celulares Celular Center,celulares,70,18.461501,-97.390292,https://mitehuacan.mx/?ruta=15-frailes
1,Tienda De Accesorios Para Celulares Dido Cell,celulares,78,18.460835,-97.392196,https://mitehuacan.mx/?ruta=15-frailes
1,Venta De Accesorios Para Celular Case Store,celulares,79,18.461582,-97.390318,https://mitehuacan.mx/?ruta=15-frailes
1,Accesorios Para Celulares Lucky,celulares,93,18.462071,-97.394239,https://mitehuacan.mx/?ruta=15-frailes
1,Technology Store,celulares,96,18.460025,-97.391426,https://mitehuacan.mx/?ruta=15-frailes
1,Tienda De Telefonos Pamec Telcel,celulares,101,18.460943,-97.392408,https://mitehuacan.mx/?ruta=15-frailes
1,Horus Venta E Instalacion De Servicios Inalambricos,celulares,105,18.474779,-97.400172,https://mitehuacan.mx/?ruta=15-frailes
1,Megacenter Reparacion De Telefonos Celulares,celulares,108,18.468279,-97.400187,https://mitehuacan.mx/?ruta=15-frailes
1,Tap-Cel,celulares,111,18.45989,-97.391429,https://mitehuacan.mx/?ruta=15-frailes
1,Accesorios Para Celular Telefonmania,celulares,117,18.459839,-97.391547,https://mitehuacan.mx/?ruta=15-frailes
1,Servicel Tehuacan Centro,celulares,120,18.46182,-97.39416,https://mitehuacan.mx/?ruta=15-frailes
1,Venta De Accesorios Para Celular Digo Cell,celulares,121,18.46075,-97.392595,https://mitehuacan.mx/?ruta=15-frailes
1,Venta Y Reparacion De Celulares La Casa Del Celular Casa Cel,celulares,121,18.46075,-97.392595,https://mitehuacan.mx/?ruta=15-frailes
1,Grupo Accel,celulares,123,18.458657,-97.390711,https://mitehuacan.mx/?ruta=15-frailes
1,Venta De Celulares Cellular Wordl,celulares,123,18.458657,-97.390711,https://mitehuacan.mx/?ruta=15-frailes
1,Cell Master,celulares,126,18.461176,-97.392646,https://mitehuacan.mx/?ruta=15-frailes
1,Technology Store,celulares,126,18.461222,-97.392646,https://mitehuacan.mx/?ruta=15-frailes
1,Tecnologia Inalambrica Del Itsmo,celulares,132,18.460856,-97.392705,https://mitehuacan.mx/?ruta=15-frailes
1,Reparacion Y Venta De Accesorios Telefonicos Ganac,celulares,135,18.462891,-97.388139,https://mitehuacan.mx/?ruta=15-frailes
1,Compra Venta De Accesorios Para Celular Accesorios Una Hora ,celulares,138,18.464835,-97.390085,https://mitehuacan.mx/?ruta=15-frailes
1,Compra Venta De Refacciones Para Celulares Iplus Refacciones,celulares,138,18.464835,-97.390085,https://mitehuacan.mx/?ruta=15-frailes
1,El Rey De Las Fundas,celulares,138,18.461657,-97.394166,https://mitehuacan.mx/?ruta=15-frailes
1,Accesorios De Celulares Sin Nombre,celulares,141,18.456393,-97.384005,https://mitehuacan.mx/?ruta=15-frailes
1,Accesorios Para Celulares Y Celulares Sin Nombre,celulares,141,18.456484,-97.384,https://mitehuacan.mx/?ruta=15-frailes
1,Accesorios Y Celulares Sin Nombre,celulares,141,18.457441,-97.383939,https://mitehuacan.mx/?ruta=15-frailes
1,Compra Venta De Celulares Los Guapos De La Tecnologia,celulares,141,18.456164,-97.384021,https://mitehuacan.mx/?ruta=15-frailes
1,Tmac Telcel Distribuidor Autorizado,celulares,141,18.460857,-97.39279,https://mitehuacan.mx/?ruta=15-frailes
1,Venta De Accesorios Para Telefonos Celulares,celulares,141,18.458137,-97.383896,https://mitehuacan.mx/?ruta=15-frailes
1,Tienda De Accesorios Para Celular Bas Prix,celulares,145,18.460133,-97.392572,https://mitehuacan.mx/?ruta=15-frailes
1,La Casa Del Celular Deluxe,celulares,146,18.461567,-97.393286,https://mitehuacan.mx/?ruta=15-frailes
1,Cirujano Dentista,consultorio,0,18.465012,-97.394851,https://mitehuacan.mx/?ruta=15-frailes
1,Clinica Dental Orduña,consultorio,0,18.460811,-97.387849,https://mitehuacan.mx/?ruta=15-frailes
1,Consultorio,consultorio,0,18.464995,-97.394216,https://mitehuacan.mx/?ruta=15-frailes
1,Consultorio De Odontologia Integral Am,consultorio,0,18.460644,-97.389474,https://mitehuacan.mx/?ruta=15-frailes
1,Consultorio De Rehabilitacion Rivelez,consultorio,0,18.467378,-97.397948,https://mitehuacan.mx/?ruta=15-frailes
1,Consultorio De Similares,consultorio,0,18.461731,-97.389463,https://mitehuacan.mx/?ruta=15-frailes
1,Consultorio Dental,consultorio,0,18.464958,-97.392481,https://mitehuacan.mx/?ruta=15-frailes
1,Consultorio Ginecologico Jose Hassan Chalini Sarabia,consultorio,0,18.465013,-97.39487,https://mitehuacan.mx/?ruta=15-frailes
1,Consultorio Medico Medicina General,consultorio,0,18.460672,-97.389473,https://mitehuacan.mx/?ruta=15-frailes
1,Consultorio De Fisioterapia Rehabilitare,consultorio,1,18.458541,-97.387745,https://mitehuacan.mx/?ruta=15-frailes
1,Consultorio Dental Oral E,consultorio,1,18.476437,-97.40848,https://mitehuacan.mx/?ruta=15-frailes
1,Consultorio Dental Sin Nombre,consultorio,1,18.465029,-97.395353,https://mitehuacan.mx/?ruta=15-frailes
1,Consultorio E Dental,consultorio,1,18.478699,-97.407427,https://mitehuacan.mx/?ruta=15-frailes
1,Consultorio Fundacion Best,consultorio,1,18.458547,-97.387868,https://mitehuacan.mx/?ruta=15-frailes
1,Consultorio Dental,consultorio,2,18.46712,-97.396279,https://mitehuacan.mx/?ruta=15-frailes
1,Consultorio Dental Dentarix,consultorio,2,18.46525,-97.396465,https://mitehuacan.mx/?ruta=15-frailes
1,Unidad De Terapia Y Rehabilitacion,consultorio,2,18.468137,-97.39792,https://mitehuacan.mx/?ruta=15-frailes
1,Consultorio De Podologia Sin Nombre,consultorio,3,18.459295,-97.3871,https://mitehuacan.mx/?ruta=15-frailes
1,Consultorio Dental,consultorio,3,18.462851,-97.390389,https://mitehuacan.mx/?ruta=15-frailes
1,Consultorio Dental,consultorio,3,18.460896,-97.390474,https://mitehuacan.mx/?ruta=15-frailes
1,Consultorio Dental Sin Nombre,consultorio,3,18.462849,-97.390342,https://mitehuacan.mx/?ruta=15-frailes
1,Consultorio Medico,consultorio,3,18.462859,-97.390654,https://mitehuacan.mx/?ruta=15-frailes
1,Consultorio Medico Torrescano,consultorio,3,18.462645,-97.389454,https://mitehuacan.mx/?ruta=15-frailes
1,Fisiohelp Fisioterapeuta,consultorio,3,18.474983,-97.403596,https://mitehuacan.mx/?ruta=15-frailes
1,Macplan Tehuacan Clinica Dental,consultorio,3,18.466217,-97.396455,https://mitehuacan.mx/?ruta=15-frailes
1,Centro De Atencion Psicologica Aplicada Capsa,consultorio,4,18.464507,-97.394081,https://mitehuacan.mx/?ruta=15-frailes
1,Clinica Dental Oral,consultorio,4,18.464244,-97.394088,https://mitehuacan.mx/?ruta=15-frailes
1,Clinica Guadalupe,consultorio,4,18.46919,-97.398335,https://mitehuacan.mx/?ruta=15-frailes
1,Consultorio De Especialista En Cirugia Gastrointestinal,consultorio,4,18.46919,-97.398335,https://mitehuacan.mx/?ruta=15-frailes
1,Consultorio De Ginecologia Y Obstetricia,consultorio,4,18.46514,-97.394059,https://mitehuacan.mx/?ruta=15-frailes
1,Consultorio Dental Cirugia Maxilofacial,consultorio,4,18.464434,-97.394083,https://mitehuacan.mx/?ruta=15-frailes
1,Consultorio Dental Soludent,consultorio,4,18.464118,-97.394091,https://mitehuacan.mx/?ruta=15-frailes
1,Consultorio Medico,consultorio,4,18.464643,-97.394078,https://mitehuacan.mx/?ruta=15-frailes
1,Consultorio R.V. Dental,consultorio,4,18.46919,-97.398335,https://mitehuacan.mx/?ruta=15-frailes
1,Mundo Optico,consultorio,4,18.459216,-97.387164,https://mitehuacan.mx/?ruta=15-frailes
1,Casa De Oracion Espiritualista,consultorio,5,18.469276,-97.399015,https://mitehuacan.mx/?ruta=15-frailes
1,Clinica De Odontologia Integral Arte Dental,consultorio,5,18.466162,-97.394031,https://mitehuacan.mx/?ruta=15-frailes
1,Clinica Dental Rosma,consultorio,5,18.468207,-97.396355,https://mitehuacan.mx/?ruta=15-frailes
1,Consultorio Dental,consultorio,5,18.466162,-97.394031,https://mitehuacan.mx/?ruta=15-frailes
1,Consultorio Medico Cims,consultorio,5,18.463156,-97.391375,https://mitehuacan.mx/?ruta=15-frailes
1,Consultorio Medico De Similares,consultorio,5,18.461645,-97.391396,https://mitehuacan.mx/?ruta=15-frailes
1,Consultorio Medico Similares,consultorio,5,18.461609,-97.391397,https://mitehuacan.mx/?ruta=15-frailes
1,Clinica Dental Diamante,consultorio,6,18.463319,-97.391369,https://mitehuacan.mx/?ruta=15-frailes
1,Consultorio De Psicologia,consultorio,6,18.464833,-97.391448,https://mitehuacan.mx/?ruta=15-frailes
1,Consultorio Dental Ortodoncia Homeopatia,consultorio,6,18.461666,-97.3915,https://mitehuacan.mx/?ruta=15-frailes
1,Consultorio Dental San Pablo,consultorio,6,18.46154,-97.391503,https://mitehuacan.mx/?ruta=15-frailes
1,Consultorio Medico Pediatrico Sin Nombre,consultorio,6,18.463482,-97.391363,https://mitehuacan.mx/?ruta=15-frailes
1,Medico Pediatra,consultorio,6,18.461286,-97.39151,https://mitehuacan.mx/?ruta=15-frailes
1,Servicio De Control De Peso,consultorio,6,18.463319,-97.391369,https://mitehuacan.mx/?ruta=15-frailes
1,Terapias Alternativas Y De Rehabilitacion Cerayem,consultorio,7,18.45692,-97.385246,https://mitehuacan.mx/?ruta=15-frailes
1,Clinica De Alergia,consultorio,8,18.464934,-97.394626,https://mitehuacan.mx/?ruta=15-frailes
1,Clinica De Ortodoncia,consultorio,8,18.464909,-97.393802,https://mitehuacan.mx/?ruta=15-frailes
1,Clinica Dental Infantil Y Ortodoncia,consultorio,8,18.464934,-97.394626,https://mitehuacan.mx/?ruta=15-frailes
1,Clinica Dental Sin Nombre,consultorio,8,18.47667,-97.398675,https://mitehuacan.mx/?ruta=15-frailes
1,Consultorio De Fundacion Best,consultorio,8,18.45645,-97.385269,https://mitehuacan.mx/?ruta=15-frailes
1,Consultorio Medico Terapias Alternativas Para La Salud,consultorio,8,18.464932,-97.394541,https://mitehuacan.mx/?ruta=15-frailes
1,Optometria Integral Tehuacan,consultorio,8,18.464863,-97.391735,https://mitehuacan.mx/?ruta=15-frailes
1,Unidad Medica De Pediatria Niño Jesus,consultorio,8,18.477485,-97.399764,https://mitehuacan.mx/?ruta=15-frailes
1,Clinica Dental Sin Nombre,consultorio,9,18.460719,-97.38733,https://mitehuacan.mx/?ruta=15-frailes
1,Consultorio De Similares,consultorio,9,18.460787,-97.39044,https://mitehuacan.mx/?ruta=15-frailes
1,Consultorio Dental Ortho Shine,consultorio,9,18.464874,-97.392323,https://mitehuacan.mx/?ruta=15-frailes
1,Consultorio Dental Sin Nombre,consultorio,9,18.464874,-97.392323,https://mitehuacan.mx/?ruta=15-frailes
1,Consultorio Medico Farmacias Similares,consultorio,9,18.460787,-97.39044,https://mitehuacan.mx/?ruta=15-frailes
1,Dental Veracruzana,consultorio,9,18.460741,-97.388487,https://mitehuacan.mx/?ruta=15-frailes
1,Espacio Nutritivo,consultorio,9,18.464874,-97.392323,https://mitehuacan.mx/?ruta=15-frailes
1,Optica De Jesus,consultorio,9,18.464878,-97.392541,https://mitehuacan.mx/?ruta=15-frailes
1,Optica Servicios Optico,consultorio,9,18.465059,-97.396529,https://mitehuacan.mx/?ruta=15-frailes
1,Radiografia Dental Maxilo 3D,consultorio,9,18.464909,-97.39384,https://mitehuacan.mx/?ruta=15-frailes
1,Servicio Dental Smile Dental,consultorio,9,18.464883,-97.392778,https://mitehuacan.mx/?ruta=15-frailes
1,Servicio Medico De Optometria Optishop,consultorio,9,18.464874,-97.392323,https://mitehuacan.mx/?ruta=15-frailes
1,Consultorio Medico Doctor Jose Federico Lazaro Urbano,consultorio,10,18.479749,-97.399847,https://mitehuacan.mx/?ruta=15-frailes
1,Optica Look Vission,consultorio,10,18.458524,-97.385203,https://mitehuacan.mx/?ruta=15-frailes
1,Fisio Sport,consultorio,11,18.470013,-97.400058,https://mitehuacan.mx/?ruta=15-frailes
1,Fisioterapia Y Rehabilitacion,consultorio,11,18.480724,-97.403923,https://mitehuacan.mx/?ruta=15-frailes
1,Similium Orientacion Nutricional,consultorio,12,18.465078,-97.392942,https://mitehuacan.mx/?ruta=15-frailes
1,Unidad Medica El Angel,consultorio,12,18.478335,-97.397937,https://mitehuacan.mx/?ruta=15-frailes
1,Consultorio Dental Sin Nombre,consultorio,14,18.458699,-97.38884,https://mitehuacan.mx/?ruta=15-frailes
1,Galez Centro Odontologico,consultorio,14,18.459528,-97.389383,https://mitehuacan.mx/?ruta=15-frailes
1,Clinica Dental Ardent Odontologia Integral,consultorio,15,18.459148,-97.389387,https://mitehuacan.mx/?ruta=15-frailes
1,Consultorio Medico General,consultorio,15,18.458732,-97.389393,https://mitehuacan.mx/?ruta=15-frailes
1,Consultorio Medico Rogelio Miranda Ruiz,consultorio,15,18.462947,-97.389551,https://mitehuacan.mx/?ruta=15-frailes
1,Traumatologia Y Ortopedia,consultorio,15,18.47005,-97.399798,https://mitehuacan.mx/?ruta=15-frailes
1,Consultorio Deltan Sin Nombre,consultorio,16,18.458894,-97.38939,https://mitehuacan.mx/?ruta=15-frailes
1,Consultorio Medico Del Doctor Luis Rogelio Vazquez Jimenez,consultorio,16,18.458295,-97.385493,https://mitehuacan.mx/?ruta=15-frailes
1,Consultorio Dental Cooldent,consultorio,17,18.464648,-97.393954,https://mitehuacan.mx/?ruta=15-frailes
1,Optica Reforma,consultorio,17,18.464693,-97.393953,https://mitehuacan.mx/?ruta=15-frailes
1,Consultorio De Nutricion Nutri Vive,consultorio,19,18.464876,-97.396387,https://mitehuacan.mx/?ruta=15-frailes
1,Clinica Dental Martinez,consultorio,20,18.462931,-97.389276,https://mitehuacan.mx/?ruta=15-frailes
1,Consultorio Dental Santos,consultorio,20,18.469384,-97.396338,https://mitehuacan.mx/?ruta=15-frailes
1,Consultorio Ginecologico,consultorio,20,18.467762,-97.397738,https://mitehuacan.mx/?ruta=15-frailes
1,Especialidades Odontologicas,consultorio,21,18.464133,-97.393932,https://mitehuacan.mx/?ruta=15-frailes
1,Recover Center,consultorio,21,18.464133,-97.393932,https://mitehuacan.mx/?ruta=15-frailes
1,Dentalis Especialidades Odontologicas Tehuacan,consultorio,24,18.46694,-97.397862,https://mitehuacan.mx/?ruta=15-frailes
1,Gabinete De Coaching Y Pnl,consultorio,28,18.467239,-97.394013,https://mitehuacan.mx/?ruta=15-frailes
1,Clinica Dental Guadalupe,consultorio,29,18.462807,-97.389138,https://mitehuacan.mx/?ruta=15-frailes
1,Dentista Sin Nombre,consultorio,30,18.472783,-97.401088,https://mitehuacan.mx/?ruta=15-frailes
1,Consultorio Dental San Pedro,consultorio,32,18.461079,-97.387118,https://mitehuacan.mx/?ruta=15-frailes
1,Consultorio De Odontopediatria Mary,consultorio,33,18.462603,-97.394007,https://mitehuacan.mx/?ruta=15-frailes
1,Consultorio Dental,consultorio,33,18.462603,-97.394007,https://mitehuacan.mx/?ruta=15-frailes
1,Consultorio Medico Fundacion Best,consultorio,36,18.460921,-97.391801,https://mitehuacan.mx/?ruta=15-frailes
1,Clinica Dental Santa Maria,consultorio,37,18.455959,-97.387272,https://mitehuacan.mx/?ruta=15-frailes
1,Consultorio De Fisioterapia Fisio Corp,consultorio,37,18.467736,-97.396761,https://mitehuacan.mx/?ruta=15-frailes
1,Centro De Formacion Total Cefot,consultorio,38,18.462552,-97.393513,https://mitehuacan.mx/?ruta=15-frailes
1,Clinica Dental Tehuacan,consultorio,38,18.464621,-97.393079,https://mitehuacan.mx/?ruta=15-frailes
1,Consultorio De Dermatologia A Flor De Piel,consultorio,38,18.462989,-97.394521,https://mitehuacan.mx/?ruta=15-frailes
1,Consultorio De Doctor Julio Herrera Silva,consultorio,38,18.462989,-97.394521,https://mitehuacan.mx/?ruta=15-frailes
1,Consultorio Dental Doctara Iriana Mendez Vargas,consultorio,38,18.462989,-97.394521,https://mitehuacan.mx/?ruta=15-frailes
1,Consultorio Medico Doctor Tapia,consultorio,38,18.462989,-97.394521,https://mitehuacan.mx/?ruta=15-frailes
1,Consultorio Medico Internista Dr Raymundo Hernandez Gomez,consultorio,38,18.462989,-97.394521,https://mitehuacan.mx/?ruta=15-frailes
1,Consultorio Medico Jose Juan Carreno Montiel,consultorio,38,18.462989,-97.394521,https://mitehuacan.mx/?ruta=15-frailes
1,Ginecologo Rigoberto Bobadilla Valenzuela,consultorio,38,18.462989,-97.394521,https://mitehuacan.mx/?ruta=15-frailes
1,Centro De Tratamiento Corporal,consultorio,40,18.46461,-97.39329,https://mitehuacan.mx/?ruta=15-frailes
1,Ortho Plus Clinica Dental,consultorio,40,18.464933,-97.391012,https://mitehuacan.mx/?ruta=15-frailes
1,Consultorio En Ginecologia Y Obstetricia,consultorio,42,18.464933,-97.390993,https://mitehuacan.mx/?ruta=15-frailes
1,Consultorio Dental Clinic Felp,consultorio,44,18.462489,-97.393235,https://mitehuacan.mx/?ruta=15-frailes
1,Consultorio Dental,consultorio,48,18.464534,-97.393179,https://mitehuacan.mx/?ruta=15-frailes
1,Clinica De Rehabilitacion,consultorio,51,18.464589,-97.396482,https://mitehuacan.mx/?ruta=15-frailes
1,Clinica Dental B Y B,consultorio,51,18.476716,-97.397949,https://mitehuacan.mx/?ruta=15-frailes
1,Consultorio Rehabilitacion,consultorio,51,18.464589,-97.396482,https://mitehuacan.mx/?ruta=15-frailes
1,Consultorio Medico,consultorio,52,18.467434,-97.393885,https://mitehuacan.mx/?ruta=15-frailes
1,Optica Verbien,consultorio,54,18.460827,-97.391966,https://mitehuacan.mx/?ruta=15-frailes
1,Consultorio Dental Dental 4 Tehuacan,consultorio,55,18.460828,-97.391975,https://mitehuacan.mx/?ruta=15-frailes
1,Consultorio Nutricional Nutrifitnes,consultorio,55,18.460828,-97.391975,https://mitehuacan.mx/?ruta=15-frailes
1,Servicio Dental Dental 24 Horass,consultorio,59,18.461574,-97.388895,https://mitehuacan.mx/?ruta=15-frailes
1,Consultorio Dental Sin Nombre,consultorio,60,18.46205,-97.390871,https://mitehuacan.mx/?ruta=15-frailes
1,Fisio Silva,consultorio,61,18.47164,-97.398928,https://mitehuacan.mx/?ruta=15-frailes
1,Consultorio Dental Santa Apolonia,consultorio,62,18.45899,-97.385132,https://mitehuacan.mx/?ruta=15-frailes
1,Clinica Dental Sin Nombre,consultorio,65,18.463461,-97.392443,https://mitehuacan.mx/?ruta=15-frailes
1,Consultorio Dental,consultorio,67,18.467579,-97.39388,https://mitehuacan.mx/?ruta=15-frailes
1,Consultorio Oftalmologia,consultorio,67,18.467579,-97.39388,https://mitehuacan.mx/?ruta=15-frailes
1,Consultorio Medico Sin Nombre,consultorio,69,18.461414,-97.38711,https://mitehuacan.mx/?ruta=15-frailes
1,Consultorio De Oftalmologia,consultorio,70,18.464418,-97.396488,https://mitehuacan.mx/?ruta=15-frailes
1,Consultorio Dental Ortidenth,consultorio,70,18.461501,-97.390292,https://mitehuacan.mx/?ruta=15-frailes
1,Consultorio Ginecologia Sin Nombre,consultorio,70,18.464418,-97.396488,https://mitehuacan.mx/?ruta=15-frailes
1,Consultorio Medico,consultorio,70,18.463427,-97.389299,https://mitehuacan.mx/?ruta=15-frailes
1,Consultorio Medico,consultorio,70,18.464418,-97.396488,https://mitehuacan.mx/?ruta=15-frailes
1,Consultorio Pediatrico,consultorio,70,18.464418,-97.396488,https://mitehuacan.mx/?ruta=15-frailes
1,Ident Odontologia Integral Y Ortodoncia,consultorio,71,18.460832,-97.392127,https://mitehuacan.mx/?ruta=15-frailes
1,Clinica Endodental,consultorio,72,18.462254,-97.394142,https://mitehuacan.mx/?ruta=15-frailes
1,Consultorio Medico,consultorio,72,18.467624,-97.393879,https://mitehuacan.mx/?ruta=15-frailes
1,Consultorio Oftalmologico,consultorio,72,18.462254,-97.394142,https://mitehuacan.mx/?ruta=15-frailes
1,Consultorio Psicologico Sin Nombre,consultorio,72,18.469864,-97.401686,https://mitehuacan.mx/?ruta=15-frailes
1,Quiropractica Tradicional Y Masajista,consultorio,74,18.460144,-97.388213,https://mitehuacan.mx/?ruta=15-frailes
1,Consultorio Dental Sin Nombre,consultorio,76,18.465621,-97.391441,https://mitehuacan.mx/?ruta=15-frailes
1,Consultorio Medico General Sin Nombre,consultorio,76,18.466473,-97.397986,https://mitehuacan.mx/?ruta=15-frailes
1,Consultorio De Fisioterapia F Vital,consultorio,77,18.471224,-97.397026,https://mitehuacan.mx/?ruta=15-frailes
1,Consultorio Dental The Nurture Dental,consultorio,77,18.471224,-97.397026,https://mitehuacan.mx/?ruta=15-frailes
1,Consultorio Dental May Dental Studio,consultorio,80,18.464926,-97.390632,https://mitehuacan.mx/?ruta=15-frailes
1,Bicodent,consultorio,85,18.467742,-97.393875,https://mitehuacan.mx/?ruta=15-frailes
1,Consulta De Nutricion,consultorio,85,18.465734,-97.393051,https://mitehuacan.mx/?ruta=15-frailes
1,Consultorio De Psicologia,consultorio,85,18.465734,-97.393051,https://mitehuacan.mx/?ruta=15-frailes
1,Especialidad En Endodoncia Y Periodoncia,consultorio,85,18.465739,-97.392928,https://mitehuacan.mx/?ruta=15-frailes
1,Oncologia Cirugia Laparoscopia,consultorio,85,18.465739,-97.392928,https://mitehuacan.mx/?ruta=15-frailes
1,Pro Estetica Dental,consultorio,85,18.465734,-97.393051,https://mitehuacan.mx/?ruta=15-frailes
1,Clinica Dental Sin Nombre,consultorio,86,18.457326,-97.386391,https://mitehuacan.mx/?ruta=15-frailes
1,Clinica Dentis,consultorio,87,18.463006,-97.394985,https://mitehuacan.mx/?ruta=15-frailes
1,Consultorio Dental Clinico,consultorio,87,18.463006,-97.394985,https://mitehuacan.mx/?ruta=15-frailes
1,Consultorio Dental Karla Arellano,consultorio,87,18.463006,-97.394985,https://mitehuacan.mx/?ruta=15-frailes
1,Consultorio Psicologico Silvia Vera Arellano,consultorio,87,18.463006,-97.394985,https://mitehuacan.mx/?ruta=15-frailes
1,Consultorio Dental Haim,consultorio,89,18.465736,-97.391336,https://mitehuacan.mx/?ruta=15-frailes
1,Consultorio Medico,consultorio,90,18.464157,-97.393022,https://mitehuacan.mx/?ruta=15-frailes
1,Laser Ocular Reforma,consultorio,90,18.467787,-97.393874,https://mitehuacan.mx/?ruta=15-frailes
1,Consultorio Medico De Otorrinolaringologia,consultorio,93,18.467814,-97.393873,https://mitehuacan.mx/?ruta=15-frailes
1,Centro De Podologia De Tehuacan,consultorio,94,18.462784,-97.388522,https://mitehuacan.mx/?ruta=15-frailes
1,Consultorio De Pediatria Doctor Ramon Guerrero Bayardo,consultorio,94,18.462077,-97.394352,https://mitehuacan.mx/?ruta=15-frailes
1,Consultorio Dental Sin Nombre,consultorio,94,18.464528,-97.397148,https://mitehuacan.mx/?ruta=15-frailes
1,Consultorio Dental Sin Nombre,consultorio,94,18.462077,-97.394352,https://mitehuacan.mx/?ruta=15-frailes
1,Consultorio Medico De Cardiologia,consultorio,94,18.462077,-97.394352,https://mitehuacan.mx/?ruta=15-frailes
1,Consultorio De Odontologia,consultorio,96,18.467841,-97.393872,https://mitehuacan.mx/?ruta=15-frailes
1,Consultorio De Medicina General,consultorio,97,18.459294,-97.385027,https://mitehuacan.mx/?ruta=15-frailes
1,Consultorio De Traumatologia,consultorio,98,18.467859,-97.393871,https://mitehuacan.mx/?ruta=15-frailes
1,Terapias De Biomagnetismo Medico,consultorio,98,18.466444,-97.398501,https://mitehuacan.mx/?ruta=15-frailes
1,Consultorio Dental Especialidades Dentales,consultorio,99,18.463109,-97.395096,https://mitehuacan.mx/?ruta=15-frailes
1,Consultorio Medico Guillermo Ulises Gonzalez Hernandez,consultorio,99,18.462088,-97.394542,https://mitehuacan.mx/?ruta=15-frailes
1,Deposito Dental La Plazuela,consultorio,99,18.462088,-97.394542,https://mitehuacan.mx/?ruta=15-frailes
1,Consultorio De Ginecologia,consultorio,100,18.467877,-97.393871,https://mitehuacan.mx/?ruta=15-frailes
1,Consultorio Medico Homeopatico,consultorio,100,18.46382,-97.392364,https://mitehuacan.mx/?ruta=15-frailes
1,Dental Martinez,consultorio,100,18.463947,-97.392362,https://mitehuacan.mx/?ruta=15-frailes
1,Clinica Dental Denti Dent,consultorio,101,18.467886,-97.39387,https://mitehuacan.mx/?ruta=15-frailes
1,Consultorio Medico Internista Sin Nombre,consultorio,101,18.464137,-97.396498,https://mitehuacan.mx/?ruta=15-frailes
1,Consultorio Medico Sin Nombre,consultorio,101,18.464137,-97.396498,https://mitehuacan.mx/?ruta=15-frailes
1,Consultorio Dental,consultorio,102,18.464049,-97.393026,https://mitehuacan.mx/?ruta=15-frailes
1,Centro De Atencion Psicologica Renacer,consultorio,103,18.464042,-97.393102,https://mitehuacan.mx/?ruta=15-frailes
1,Consultorio Pediatrico Pediacare,consultorio,103,18.467904,-97.39387,https://mitehuacan.mx/?ruta=15-frailes
1,Dental San Jose,consultorio,103,18.459962,-97.391428,https://mitehuacan.mx/?ruta=15-frailes
1,Consultorio Medicina General,consultorio,105,18.467923,-97.393869,https://mitehuacan.mx/?ruta=15-frailes
1,Consultorio De Cardiologia Pediatrica,consultorio,107,18.467941,-97.393869,https://mitehuacan.mx/?ruta=15-frailes
1,Consultorio Dental Olmos,consultorio,110,18.459902,-97.391546,https://mitehuacan.mx/?ruta=15-frailes
1,Consultorio Dental Raul Romero Alvarado,consultorio,110,18.463014,-97.395203,https://mitehuacan.mx/?ruta=15-frailes
1,Gerson Clinica Dental Avanzada,consultorio,110,18.471284,-97.396718,https://mitehuacan.mx/?ruta=15-frailes
1,Consultorio Dental Dentirob,consultorio,111,18.460601,-97.392459,https://mitehuacan.mx/?ruta=15-frailes
1,Consultorio,consultorio,112,18.470045,-97.395778,https://mitehuacan.mx/?ruta=15-frailes
1,Consultorio Dental Mora,consultorio,115,18.461828,-97.387031,https://mitehuacan.mx/?ruta=15-frailes
1,Focus Denth,consultorio,119,18.472053,-97.402631,https://mitehuacan.mx/?ruta=15-frailes
1,Basident Clinica Dental,consultorio,121,18.470307,-97.396333,https://mitehuacan.mx/?ruta=15-frailes
1,Optica Galileo,consultorio,122,18.462777,-97.388257,https://mitehuacan.mx/?ruta=15-frailes
1,Clinica Dental Bolaños,consultorio,123,18.461778,-97.393376,https://mitehuacan.mx/?ruta=15-frailes
1,Consultorio Dental,consultorio,123,18.461778,-97.393376,https://mitehuacan.mx/?ruta=15-frailes
1,Consultorio Medico,consultorio,123,18.461781,-97.39348,https://mitehuacan.mx/?ruta=15-frailes
1,Huesero,consultorio,123,18.457456,-97.388635,https://mitehuacan.mx/?ruta=15-frailes
1,Clinica De Columna Ozonoterapia,consultorio,124,18.462777,-97.388238,https://mitehuacan.mx/?ruta=15-frailes
1,Consultorio Dental Idental,consultorio,124,18.457501,-97.389772,https://mitehuacan.mx/?ruta=15-frailes
1,Caritas Tehuacan,consultorio,127,18.469285,-97.395182,https://mitehuacan.mx/?ruta=15-frailes
1,Clinica Dental Gara,consultorio,129,18.462775,-97.38819,https://mitehuacan.mx/?ruta=15-frailes
1,Consultorio Dental,consultorio,129,18.466101,-97.391436,https://mitehuacan.mx/?ruta=15-frailes
1,Consultorio Psicologico,consultorio,132,18.462005,-97.394981,https://mitehuacan.mx/?ruta=15-frailes
1,Centro Optico,consultorio,134,18.460675,-97.385823,https://mitehuacan.mx/?ruta=15-frailes
1,Consultorio Dental Consultorio Mona Lisa,consultorio,135,18.457352,-97.388885,https://mitehuacan.mx/?ruta=15-frailes
1,Consultorio Doctor Sergio Avendano Aguilar,consultorio,135,18.462891,-97.388139,https://mitehuacan.mx/?ruta=15-frailes
1,Centro De Rehabilitacion Olin,consultorio,137,18.466173,-97.391436,https://mitehuacan.mx/?ruta=15-frailes
1,Clinica Dermatofuncional,consultorio,137,18.466173,-97.391436,https://mitehuacan.mx/?ruta=15-frailes
1,Spa Jenn,consultorio,137,18.466173,-97.391436,https://mitehuacan.mx/?ruta=15-frailes
1,Consultorio Dental Diaz,consultorio,138,18.46591,-97.397906,https://mitehuacan.mx/?ruta=15-frailes
1,Consultorio De Fisioterapia Axis,consultorio,139,18.475114,-97.397522,https://mitehuacan.mx/?ruta=15-frailes
1,Control De Peso Y Terapia Auricular Acupuntura,consultorio,142,18.460187,-97.392574,https://mitehuacan.mx/?ruta=15-frailes
1,Consultorio De Medicina Natural,consultorio,143,18.462889,-97.388063,https://mitehuacan.mx/?ruta=15-frailes
1,Consultorio Dental Clideen,consultorio,144,18.466677,-97.399226,https://mitehuacan.mx/?ruta=15-frailes
1,Fisioterapia Fisio Valler,consultorio,144,18.475188,-97.409598,https://mitehuacan.mx/?ruta=15-frailes
1,Consultorio Dental,consultorio,145,18.460744,-97.385726,https://mitehuacan.mx/?ruta=15-frailes
1,Dispensario Medico San Vicente De Paul,consultorio,149,18.461536,-97.39317,https://mitehuacan.mx/?ruta=15-frailes
1,Consultorio Clínico Dental de Tehuacán,dentista,3,18.464981,-97.392605,https://mitehuacan.mx/?ruta=15-frailes
1,Mastercell,electrónica,1,18.458461,-97.385803,https://mitehuacan.mx/?ruta=15-frailes
1,Reparacion De Computadoras Sin Nombre,electrónica,1,18.467051,-97.39501,https://mitehuacan.mx/?ruta=15-frailes
1,Venta De Accesorios Celulares Computacion Y Repaciones De Ce,electrónica,1,18.460845,-97.388939,https://mitehuacan.mx/?ruta=15-frailes
1,Arcade G.O.2,electrónica,3,18.458825,-97.387168,https://mitehuacan.mx/?ruta=15-frailes
1,Reparacion De Celulares Global Technology,electrónica,3,18.458612,-97.389194,https://mitehuacan.mx/?ruta=15-frailes
1,Reparacion De Celulares Salto Del Agua,electrónica,3,18.460898,-97.390569,https://mitehuacan.mx/?ruta=15-frailes
1,Reparacel,electrónica,4,18.458653,-97.387108,https://mitehuacan.mx/?ruta=15-frailes
1,7375 Mega Tehuacan Calle 3,electrónica,5,18.463832,-97.391461,https://mitehuacan.mx/?ruta=15-frailes
1,Compra Venta De Electrodomesticos,electrónica,5,18.464644,-97.39145,https://mitehuacan.mx/?ruta=15-frailes
1,Mantenimiento Y Reparacion De Computadoras Y Laptops Megaton,electrónica,5,18.464815,-97.391448,https://mitehuacan.mx/?ruta=15-frailes
1,Meaven S Tinteh Servicio Tecnico De Reparacion De Impresoras,electrónica,5,18.464806,-97.391448,https://mitehuacan.mx/?ruta=15-frailes
1,Servicio De Recargas De Cartuchos Ypc Computadoras,electrónica,5,18.461735,-97.391394,https://mitehuacan.mx/?ruta=15-frailes
1,Servicio De Reparacion De Celulares Celular Center,electrónica,5,18.464392,-97.391452,https://mitehuacan.mx/?ruta=15-frailes
1,Maquinas Ludicas Activadas Por Monedas,electrónica,6,18.457255,-97.385229,https://mitehuacan.mx/?ruta=15-frailes
1,Mega Toners,electrónica,6,18.464843,-97.391448,https://mitehuacan.mx/?ruta=15-frailes
1,N Soluciones,electrónica,6,18.464957,-97.391343,https://mitehuacan.mx/?ruta=15-frailes
1,Renta De Video Juegos X-Box,electrónica,6,18.46154,-97.391503,https://mitehuacan.mx/?ruta=15-frailes
1,Renta De Videojuegos Xbox,electrónica,6,18.464278,-97.391349,https://mitehuacan.mx/?ruta=15-frailes
1,Reparacion De Celulaes Y Servicio Tecnico,electrónica,6,18.462345,-97.391493,https://mitehuacan.mx/?ruta=15-frailes
1,Servicio De Maquinitas De Videojuegos,electrónica,6,18.464061,-97.391353,https://mitehuacan.mx/?ruta=15-frailes
1,Servicio De Reparacion De Celulares Alfa Cell,electrónica,6,18.4634,-97.391366,https://mitehuacan.mx/?ruta=15-frailes
1,Taller De Reparacion De Celulares Sin Nombre,electrónica,6,18.46426,-97.39135,https://mitehuacan.mx/?ruta=15-frailes
1,Compu cell,electrónica,6,18.464465,-97.391463,https://mitehuacan.mx/?ruta=15-frailes
1,Servicio De Reparacion Electronica Juarez,electrónica,8,18.460718,-97.387216,https://mitehuacan.mx/?ruta=15-frailes
1,Compra Y Venta Reparacion De Laptop Y Pc Mundo Lap,electrónica,9,18.46488,-97.392636,https://mitehuacan.mx/?ruta=15-frailes
1,Mobile Unlock,electrónica,9,18.460729,-97.387937,https://mitehuacan.mx/?ruta=15-frailes
1,Taller De Reparacion De Celulares Network Unlook,electrónica,9,18.460808,-97.391283,https://mitehuacan.mx/?ruta=15-frailes
1,Dr Cell Reparacion De Celulares,electrónica,10,18.467244,-97.397632,https://mitehuacan.mx/?ruta=15-frailes
1,Electronica Osorio,electrónica,10,18.462803,-97.389317,https://mitehuacan.mx/?ruta=15-frailes
1,Taller De Reparaciones Fierro,electrónica,11,18.47316,-97.404644,https://mitehuacan.mx/?ruta=15-frailes
1,Reparacion De Telefonos Sin Nombre,electrónica,12,18.461293,-97.389346,https://mitehuacan.mx/?ruta=15-frailes
1,Venta De Material De Bocina Y Reparacion Tecnica Universal,electrónica,12,18.460153,-97.389375,https://mitehuacan.mx/?ruta=15-frailes
1,Videojuegos,electrónica,13,18.457632,-97.385141,https://mitehuacan.mx/?ruta=15-frailes
1,Discoteca Moderna,electrónica,15,18.463014,-97.39291,https://mitehuacan.mx/?ruta=15-frailes
1,Renta De Maquinitas,electrónica,19,18.460705,-97.386913,https://mitehuacan.mx/?ruta=15-frailes
1,Renta De Xbox,electrónica,21,18.461573,-97.389661,https://mitehuacan.mx/?ruta=15-frailes
1,Servicio Tecnico Diagnostico Y Reparacion De Celulares Sin N,electrónica,21,18.470733,-97.40093,https://mitehuacan.mx/?ruta=15-frailes
1,Compra Venta De Audios Y Video,electrónica,23,18.460666,-97.390749,https://mitehuacan.mx/?ruta=15-frailes
1,Servicio De Reparacion De Celulares Asphone,electrónica,28,18.456804,-97.385586,https://mitehuacan.mx/?ruta=15-frailes
1,Videojuegos Sin Nombre,electrónica,28,18.461948,-97.391178,https://mitehuacan.mx/?ruta=15-frailes
1,Servicio De Video Juegos Sin Nombre,electrónica,29,18.456029,-97.387194,https://mitehuacan.mx/?ruta=15-frailes
1,Venta De Accesorios Para Celulares Apple & Laptop Tehuacan,electrónica,31,18.46525,-97.392939,https://mitehuacan.mx/?ruta=15-frailes
1,Basculas La Purisima,electrónica,33,18.457817,-97.385567,https://mitehuacan.mx/?ruta=15-frailes
1,Tecni-Cell,electrónica,33,18.463106,-97.389438,https://mitehuacan.mx/?ruta=15-frailes
1,Servicio Y Refacciones Castro,electrónica,34,18.460921,-97.391782,https://mitehuacan.mx/?ruta=15-frailes
1,Repara Phohe,electrónica,45,18.460924,-97.391886,https://mitehuacan.mx/?ruta=15-frailes
1,1562 Mega Tehuacan,electrónica,50,18.460826,-97.391925,https://mitehuacan.mx/?ruta=15-frailes
1,Reparacion De Telefonos Repara Phone,electrónica,51,18.46485,-97.39091,https://mitehuacan.mx/?ruta=15-frailes
1,Reparaciones A7,electrónica,56,18.465471,-97.393058,https://mitehuacan.mx/?ruta=15-frailes
1,Taller De Reparacion De Celulares Loby Reparaciones,electrónica,59,18.46493,-97.390831,https://mitehuacan.mx/?ruta=15-frailes
1,Tienda De Electronica Muebleria Tenorio,electrónica,64,18.460315,-97.391421,https://mitehuacan.mx/?ruta=15-frailes
1,Maquinitas Juegos Sin Nombre,electrónica,65,18.461579,-97.390071,https://mitehuacan.mx/?ruta=15-frailes
1,Steren,electrónica,65,18.462825,-97.388796,https://mitehuacan.mx/?ruta=15-frailes
1,Reparacion De Maquinitas,electrónica,70,18.459084,-97.385551,https://mitehuacan.mx/?ruta=15-frailes
1,Reparacion De Celulares City Cell,electrónica,80,18.46353,-97.389425,https://mitehuacan.mx/?ruta=15-frailes
1,Taller De Electronica Juarez,electrónica,82,18.459171,-97.38512,https://mitehuacan.mx/?ruta=15-frailes
1,Servicio De Reparacion Yo Reparo,electrónica,96,18.463676,-97.38942,https://mitehuacan.mx/?ruta=15-frailes
1,Proveedora De Maquinaria Para La Industria De La Lavanderia,electrónica,102,18.473885,-97.400207,https://mitehuacan.mx/?ruta=15-frailes
1,Venta De Accesorios Para Celular Y Reparaciones Imarc Store,electrónica,103,18.464042,-97.393102,https://mitehuacan.mx/?ruta=15-frailes
1,Refaccionaria Espinoza,electrónica,104,18.460945,-97.392436,https://mitehuacan.mx/?ruta=15-frailes
1,Taller De Sistemas Audio Fuentes,electrónica,104,18.461486,-97.386431,https://mitehuacan.mx/?ruta=15-frailes
1,Reparacion De Celulares Fixcel,electrónica,105,18.463744,-97.389291,https://mitehuacan.mx/?ruta=15-frailes
1,Refacciones Espinosa,electrónica,110,18.460947,-97.392493,https://mitehuacan.mx/?ruta=15-frailes
1,Reparacion De Celulares Androicell,electrónica,118,18.459985,-97.385997,https://mitehuacan.mx/?ruta=15-frailes
1,Reparacion Celulares Megatronic,electrónica,122,18.461891,-97.38703,https://mitehuacan.mx/?ruta=15-frailes
1,Taller De Electronica Escorpion,electrónica,123,18.457469,-97.389128,https://mitehuacan.mx/?ruta=15-frailes
1,Tienda De Articulos Para Celular Gsm Un Looker,electrónica,123,18.457474,-97.389213,https://mitehuacan.mx/?ruta=15-frailes
1,Taller De Reparacion De Celulares Tecnicel,electrónica,126,18.461502,-97.392641,https://mitehuacan.mx/?ruta=15-frailes
1,Compra Venta De Accesorios Para Celular Cell Partes Puebla,electrónica,132,18.464001,-97.389409,https://mitehuacan.mx/?ruta=15-frailes
1,Renta De Videojuegos Y Maquinitas Sin Nombre,electrónica,133,18.464006,-97.389409,https://mitehuacan.mx/?ruta=15-frailes
1,Servicios De Computadoras Tehuacan,electrónica,135,18.462891,-97.388139,https://mitehuacan.mx/?ruta=15-frailes
1,Venta De Radios Y Bocinas Sin Nombre,electrónica,141,18.457215,-97.383957,https://mitehuacan.mx/?ruta=15-frailes
1,Venta De Ropa Sin Nombre,electrónica,141,18.456294,-97.384011,https://mitehuacan.mx/?ruta=15-frailes
1,Taller De Reparacion De Celulares Hospital Del Celular,electrónica,144,18.459994,-97.39244,https://mitehuacan.mx/?ruta=15-frailes
1,Reparacion De Celulares Jereh,electrónica,149,18.457547,-97.383861,https://mitehuacan.mx/?ruta=15-frailes
1,Barberia Martinez Tehuacan,estética,0,18.465021,-97.395145,https://mitehuacan.mx/?ruta=15-frailes
1,Eclipse Esteticas,estética,0,18.464966,-97.39286,https://mitehuacan.mx/?ruta=15-frailes
1,Gina Salon,estética,0,18.458506,-97.387006,https://mitehuacan.mx/?ruta=15-frailes
1,Peluqueria De Barrio,estética,0,18.460795,-97.387327,https://mitehuacan.mx/?ruta=15-frailes
1,Peluqueria Rafa,estética,0,18.477241,-97.398699,https://mitehuacan.mx/?ruta=15-frailes
1,Salon De Belleza Alessandro Bernabehut,estética,0,18.464957,-97.392443,https://mitehuacan.mx/?ruta=15-frailes
1,Centro Estetico Carmen,estética,1,18.460849,-97.389062,https://mitehuacan.mx/?ruta=15-frailes
1,Estetica Luana Estudio,estética,1,18.477453,-97.400058,https://mitehuacan.mx/?ruta=15-frailes
1,Estetica Unisex Sin Nombre,estética,1,18.4749,-97.404487,https://mitehuacan.mx/?ruta=15-frailes
1,Stetica Jiret,estética,1,18.472364,-97.401448,https://mitehuacan.mx/?ruta=15-frailes
1,Cute Nails,estética,2,18.46571,-97.396458,https://mitehuacan.mx/?ruta=15-frailes
1,Estetica Y Peluqueria Anthony,estética,2,18.467096,-97.395844,https://mitehuacan.mx/?ruta=15-frailes
1,Asari Cano Beauty Salon,estética,3,18.47047,-97.397814,https://mitehuacan.mx/?ruta=15-frailes
1,Estetica Maribel,estética,3,18.46089,-97.390227,https://mitehuacan.mx/?ruta=15-frailes
1,Estetica Sin Nombre,estética,3,18.46921,-97.399378,https://mitehuacan.mx/?ruta=15-frailes
1,Estetica Unisex Angela,estética,3,18.47897,-97.40783,https://mitehuacan.mx/?ruta=15-frailes
1,Estetica Unisex Sofia,estética,3,18.4692,-97.398762,https://mitehuacan.mx/?ruta=15-frailes
1,Estudio De Arte Utopia Studio,estética,3,18.462859,-97.390654,https://mitehuacan.mx/?ruta=15-frailes
1,Estudio Lovely Nails & Spa,estética,3,18.471021,-97.397792,https://mitehuacan.mx/?ruta=15-frailes
1,Peluqueria Varela,estética,3,18.46088,-97.389877,https://mitehuacan.mx/?ruta=15-frailes
1,Perforaciones Para El Cuerpo Teocalli,estética,3,18.462859,-97.390654,https://mitehuacan.mx/?ruta=15-frailes
1,Sisters Studio,estética,3,18.469258,-97.398437,https://mitehuacan.mx/?ruta=15-frailes
1,Tatoos Y Piercing Hackalo,estética,3,18.462859,-97.390654,https://mitehuacan.mx/?ruta=15-frailes
1,Barber Shop Pacos,estética,4,18.469186,-97.398174,https://mitehuacan.mx/?ruta=15-frailes
1,Centro Depilatorio Depilax Tehuacan,estética,4,18.466669,-97.394023,https://mitehuacan.mx/?ruta=15-frailes
1,Estetica Cocoa Beauty,estética,4,18.466931,-97.394019,https://mitehuacan.mx/?ruta=15-frailes
1,Estetica Vero,estética,4,18.458707,-97.387108,https://mitehuacan.mx/?ruta=15-frailes
1,Salon De Uñas Nails Marsha,estética,4,18.466669,-97.394023,https://mitehuacan.mx/?ruta=15-frailes
1,Estetica Madoza,estética,5,18.459869,-97.38955,https://mitehuacan.mx/?ruta=15-frailes
1,Estetica Unisex K. I. Pardes,estética,5,18.467565,-97.396363,https://mitehuacan.mx/?ruta=15-frailes
1,Estetica Unisex Sin Nombre,estética,5,18.477891,-97.402967,https://mitehuacan.mx/?ruta=15-frailes
1,Estetica Unisex Studio Reforma,estética,5,18.466162,-97.394031,https://mitehuacan.mx/?ruta=15-frailes
1,Estetica Vero,estética,5,18.458889,-97.389495,https://mitehuacan.mx/?ruta=15-frailes
1,Peluqueria Rihino,estética,5,18.473527,-97.403628,https://mitehuacan.mx/?ruta=15-frailes
1,Barberia Bronx,estética,6,18.463319,-97.391369,https://mitehuacan.mx/?ruta=15-frailes
1,Estetica Fashion Nails,estética,6,18.464695,-97.391345,https://mitehuacan.mx/?ruta=15-frailes
1,Estetica Iridium,estética,6,18.474872,-97.403491,https://mitehuacan.mx/?ruta=15-frailes
1,Estetica Paris,estética,6,18.462269,-97.391382,https://mitehuacan.mx/?ruta=15-frailes
1,Peluqueria Garcia,estética,6,18.456636,-97.387177,https://mitehuacan.mx/?ruta=15-frailes
1,Peluqueria Y Barberia Isaias,estética,6,18.457237,-97.38523,https://mitehuacan.mx/?ruta=15-frailes
1,Salon De Belleza Style,estética,6,18.478523,-97.406674,https://mitehuacan.mx/?ruta=15-frailes
1,Tatuajes Aruma Coi,estética,6,18.462305,-97.391382,https://mitehuacan.mx/?ruta=15-frailes
1,Spa Center Girl,estética,7,18.465322,-97.394167,https://mitehuacan.mx/?ruta=15-frailes
1,Estetica Maya Huel,estética,8,18.476571,-97.398394,https://mitehuacan.mx/?ruta=15-frailes
1,Estetica Unisex Faby,estética,8,18.458492,-97.388671,https://mitehuacan.mx/?ruta=15-frailes
1,Estetica Unisex Mery,estética,8,18.477571,-97.400303,https://mitehuacan.mx/?ruta=15-frailes
1,Peluqueria Sin Nombre,estética,8,18.472369,-97.398295,https://mitehuacan.mx/?ruta=15-frailes
1,Estetica Luisita,estética,9,18.460727,-97.387823,https://mitehuacan.mx/?ruta=15-frailes
1,Centro De Estetica Unisex Cambio De Imagen,estética,10,18.467221,-97.397054,https://mitehuacan.mx/?ruta=15-frailes
1,Estetica Nueva Imagen,estética,10,18.458605,-97.387316,https://mitehuacan.mx/?ruta=15-frailes
1,Barber Shop,estética,11,18.480731,-97.403952,https://mitehuacan.mx/?ruta=15-frailes
1,Big Moy Barber Shop,estética,11,18.464892,-97.393948,https://mitehuacan.mx/?ruta=15-frailes
1,Salon De Belleza La Bella Rose,estética,11,18.465021,-97.391342,https://mitehuacan.mx/?ruta=15-frailes
1,Salon De Belleza Sin Nombre,estética,11,18.45863,-97.387693,https://mitehuacan.mx/?ruta=15-frailes
1,Peluqueria El Sol,estética,12,18.458657,-97.388092,https://mitehuacan.mx/?ruta=15-frailes
1,Estetica Mich,estética,13,18.457379,-97.38516,https://mitehuacan.mx/?ruta=15-frailes
1,Salon De Belleza Bonita,estética,13,18.462784,-97.394003,https://mitehuacan.mx/?ruta=15-frailes
1,Estetica Jc,estética,14,18.476879,-97.40577,https://mitehuacan.mx/?ruta=15-frailes
1,Peluqueria Y Barberia Papi Chulo,estética,14,18.459492,-97.389383,https://mitehuacan.mx/?ruta=15-frailes
1,Salon De Belleza The Beauty Salon Yazmiin,estética,14,18.456165,-97.38719,https://mitehuacan.mx/?ruta=15-frailes
1,Barberia Crisis Estudio,estética,16,18.462977,-97.390812,https://mitehuacan.mx/?ruta=15-frailes
1,Estetica Mia,estética,16,18.479768,-97.399762,https://mitehuacan.mx/?ruta=15-frailes
1,Servicio De Tatuajes Perforaciones Barberia Crisis Estudio,estética,16,18.462977,-97.390812,https://mitehuacan.mx/?ruta=15-frailes
1,Uñas Y Maquillaje Don Nombre,estética,16,18.479634,-97.398695,https://mitehuacan.mx/?ruta=15-frailes
1,Love Lashes,estética,17,18.464666,-97.393954,https://mitehuacan.mx/?ruta=15-frailes
1,Estetica Beuri,estética,18,18.464888,-97.396471,https://mitehuacan.mx/?ruta=15-frailes
1,Rasura Barberia,estética,20,18.470651,-97.399938,https://mitehuacan.mx/?ruta=15-frailes
1,Salon De Belleza Mb,estética,21,18.464133,-97.393932,https://mitehuacan.mx/?ruta=15-frailes
1,Uñas Artisticas Kenia,estética,23,18.471984,-97.399661,https://mitehuacan.mx/?ruta=15-frailes
1,Barberia Ferrer,estética,24,18.473042,-97.404653,https://mitehuacan.mx/?ruta=15-frailes
1,Estetica Fashion Nails,estética,24,18.461493,-97.389685,https://mitehuacan.mx/?ruta=15-frailes
1,Servicio De Spa,estética,26,18.458623,-97.389801,https://mitehuacan.mx/?ruta=15-frailes
1,Barberia Caballero,estética,27,18.460779,-97.386835,https://mitehuacan.mx/?ruta=15-frailes
1,Salon De Belleza Sin Nombre,estética,30,18.469152,-97.396097,https://mitehuacan.mx/?ruta=15-frailes
1,Barberia Shop Hype,estética,31,18.46525,-97.392939,https://mitehuacan.mx/?ruta=15-frailes
1,Estetica La Rosa,estética,35,18.470973,-97.400011,https://mitehuacan.mx/?ruta=15-frailes
1,Estetica Unisex Interbel,estética,37,18.462495,-97.390763,https://mitehuacan.mx/?ruta=15-frailes
1,Estetica Oscar Reene,estética,40,18.464611,-97.393309,https://mitehuacan.mx/?ruta=15-frailes
1,Estudio Y Academia Ryn May,estética,40,18.464612,-97.393328,https://mitehuacan.mx/?ruta=15-frailes
1,Estetica Angy,estética,43,18.47446,-97.400693,https://mitehuacan.mx/?ruta=15-frailes
1,Estetica Unisex Arllet,estética,45,18.46883,-97.39985,https://mitehuacan.mx/?ruta=15-frailes
1,Rebel Six Gallery Y Tattoo,estética,45,18.469619,-97.396337,https://mitehuacan.mx/?ruta=15-frailes
1,Estetica Marisol,estética,46,18.461203,-97.387037,https://mitehuacan.mx/?ruta=15-frailes
1,Barber Shop Barracuda,estética,47,18.464932,-97.390945,https://mitehuacan.mx/?ruta=15-frailes
1,Barber Shop Montana,estética,47,18.472756,-97.400927,https://mitehuacan.mx/?ruta=15-frailes
1,Salon De Belleza Sin Nombre,estética,47,18.458876,-97.385553,https://mitehuacan.mx/?ruta=15-frailes
1,Estetica Unisex Eus,estética,51,18.470993,-97.400162,https://mitehuacan.mx/?ruta=15-frailes
1,Peluqueria El Arte,estética,51,18.461577,-97.389939,https://mitehuacan.mx/?ruta=15-frailes
1,Curvilenea Curvilinea Spa,estética,55,18.460828,-97.391975,https://mitehuacan.mx/?ruta=15-frailes
1,Estetica Unisex Lucy,estética,56,18.472792,-97.404845,https://mitehuacan.mx/?ruta=15-frailes
1,Yuvaika Spa,estética,57,18.458958,-97.385552,https://mitehuacan.mx/?ruta=15-frailes
1,Lash Art,estética,59,18.456357,-97.387809,https://mitehuacan.mx/?ruta=15-frailes
1,Nails & Lashes,estética,60,18.469775,-97.398764,https://mitehuacan.mx/?ruta=15-frailes
1,Spa Con Servicios Podologicos Lineosovi,estética,61,18.457333,-97.386628,https://mitehuacan.mx/?ruta=15-frailes
1,Estetica Estudio Angy Carrera,estética,64,18.465076,-97.39705,https://mitehuacan.mx/?ruta=15-frailes
1,Barberia Kings,estética,69,18.464928,-97.390737,https://mitehuacan.mx/?ruta=15-frailes
1,Uñas Sin Nombre,estética,69,18.472657,-97.404798,https://mitehuacan.mx/?ruta=15-frailes
1,Barberia Cecy Court,estética,72,18.462254,-97.394142,https://mitehuacan.mx/?ruta=15-frailes
1,Studio De Belleza Naty,estética,72,18.467637,-97.393999,https://mitehuacan.mx/?ruta=15-frailes
1,Servicio De Tatuajes Veneno,estética,75,18.458423,-97.390239,https://mitehuacan.mx/?ruta=15-frailes
1,Estetica Chelyn,estética,77,18.476759,-97.400388,https://mitehuacan.mx/?ruta=15-frailes
1,Estetica Sin Nombre,estética,78,18.473993,-97.402912,https://mitehuacan.mx/?ruta=15-frailes
1,Estetica Yadira Valle,estética,78,18.470826,-97.397032,https://mitehuacan.mx/?ruta=15-frailes
1,Servicio De Barberia,estética,78,18.45744,-97.387943,https://mitehuacan.mx/?ruta=15-frailes
1,Estetica Chelita,estética,81,18.460693,-97.386325,https://mitehuacan.mx/?ruta=15-frailes
1,Manhattan Studio,estética,84,18.464926,-97.390594,https://mitehuacan.mx/?ruta=15-frailes
1,Salon De Belleza Bloomy Lashes,estética,85,18.465739,-97.392928,https://mitehuacan.mx/?ruta=15-frailes
1,Spa Cabina Metamorfosis,estética,85,18.465734,-97.393051,https://mitehuacan.mx/?ruta=15-frailes
1,Tatuajes Black Letters Ink,estética,85,18.465734,-97.393051,https://mitehuacan.mx/?ruta=15-frailes
1,Estitica Unisex Estilo Y Color,estética,87,18.463581,-97.389293,https://mitehuacan.mx/?ruta=15-frailes
1,Estetica Unisex Ingrid,estética,89,18.464785,-97.397245,https://mitehuacan.mx/?ruta=15-frailes
1,Estetica Unisex Claudia,estética,94,18.473055,-97.402806,https://mitehuacan.mx/?ruta=15-frailes
1,Peluqueria Los Angeles,estética,94,18.478964,-97.399846,https://mitehuacan.mx/?ruta=15-frailes
1,Peluqueria Y Estetica El Gran Tocador,estética,94,18.465781,-97.391335,https://mitehuacan.mx/?ruta=15-frailes
1,Salon De Belleza Marbella,estética,94,18.462052,-97.394027,https://mitehuacan.mx/?ruta=15-frailes
1,Clinica Moon Spa,estética,95,18.467832,-97.393872,https://mitehuacan.mx/?ruta=15-frailes
1,Estetica Sin Nombre,estética,95,18.470091,-97.398748,https://mitehuacan.mx/?ruta=15-frailes
1,Estetica Unisex Luis Cordova,estética,100,18.457401,-97.386256,https://mitehuacan.mx/?ruta=15-frailes
1,Estetica Unisex Sin Nombre,estética,101,18.457364,-97.388164,https://mitehuacan.mx/?ruta=15-frailes
1,Estetica Sin Nombre,estética,102,18.469408,-97.401284,https://mitehuacan.mx/?ruta=15-frailes
1,Any Nils,estética,103,18.464042,-97.393102,https://mitehuacan.mx/?ruta=15-frailes
1,Nails Y Lashes,estética,105,18.472618,-97.400391,https://mitehuacan.mx/?ruta=15-frailes
1,Salon De Belleza Codigo Rosa,estética,107,18.464356,-97.397155,https://mitehuacan.mx/?ruta=15-frailes
1,Clinica Y Spa Zazil Ha,estética,109,18.455479,-97.387839,https://mitehuacan.mx/?ruta=15-frailes
1,Salon De Belleza Divaos,estética,109,18.461776,-97.387107,https://mitehuacan.mx/?ruta=15-frailes
1,Servicio De Tatuajes Tatto Shop,estética,110,18.46443,-97.397262,https://mitehuacan.mx/?ruta=15-frailes
1,Ballesteros Barber Shop,estética,111,18.46484,-97.390341,https://mitehuacan.mx/?ruta=15-frailes
1,Barberia Royal,estética,111,18.478851,-97.400201,https://mitehuacan.mx/?ruta=15-frailes
1,Studio De Tatuajes Sin Nombre,estética,116,18.461327,-97.392551,https://mitehuacan.mx/?ruta=15-frailes
1,Decoracion De Uñas Sin Nombre,estética,117,18.462778,-97.388304,https://mitehuacan.mx/?ruta=15-frailes
1,Tienda De Tatuajes Y Piercing Firme Tinta,estética,121,18.457368,-97.388354,https://mitehuacan.mx/?ruta=15-frailes
1,Estetica Ibe,estética,122,18.457452,-97.388493,https://mitehuacan.mx/?ruta=15-frailes
1,Barber Shop Big Boy,estética,123,18.457483,-97.389336,https://mitehuacan.mx/?ruta=15-frailes
1,Estetica Unisex Ariana,estética,123,18.45976,-97.39075,https://mitehuacan.mx/?ruta=15-frailes
1,Estetica Unisex Estilo,estética,123,18.457479,-97.389279,https://mitehuacan.mx/?ruta=15-frailes
1,Nails Love Boutique,estética,123,18.457497,-97.389649,https://mitehuacan.mx/?ruta=15-frailes
1,Salon De Belleza Sin Nombre,estética,123,18.466759,-97.39904,https://mitehuacan.mx/?ruta=15-frailes
1,Estetica Fashion Nails,estética,127,18.459724,-97.390751,https://mitehuacan.mx/?ruta=15-frailes
1,Estetica Y Cosmiatria Jm,estética,127,18.467332,-97.399147,https://mitehuacan.mx/?ruta=15-frailes
1,Peluqueria Chava,estética,127,18.474593,-97.407628,https://mitehuacan.mx/?ruta=15-frailes
1,Peluqueria Superpeluqueria,estética,127,18.456108,-97.384155,https://mitehuacan.mx/?ruta=15-frailes
1,Peluqueria El Sol,estética,129,18.459118,-97.390754,https://mitehuacan.mx/?ruta=15-frailes
1,Tienda De Bisuteria Sin Nombre,estética,130,18.459244,-97.390753,https://mitehuacan.mx/?ruta=15-frailes
1,Pm Peluqueria,estética,131,18.461707,-97.393568,https://mitehuacan.mx/?ruta=15-frailes
1,Salon De Belleza Nale Studio,estética,132,18.466125,-97.391332,https://mitehuacan.mx/?ruta=15-frailes
1,Studio Dm,estética,132,18.472078,-97.404809,https://mitehuacan.mx/?ruta=15-frailes
1,Estetica Athelier,estética,137,18.464917,-97.390092,https://mitehuacan.mx/?ruta=15-frailes
1,Peluqueria Flores Vidal,estética,137,18.471857,-97.403787,https://mitehuacan.mx/?ruta=15-frailes
1,Servicio De Tatuajes Ramons Tattoo,estética,138,18.464835,-97.390085,https://mitehuacan.mx/?ruta=15-frailes
1,Spa Oh My Lashes,estética,138,18.464835,-97.390085,https://mitehuacan.mx/?ruta=15-frailes
1,Dair Barberia,estética,140,18.476282,-97.409817,https://mitehuacan.mx/?ruta=15-frailes
1,Peluqueria Y Barberia Sin Nombre,estética,140,18.460673,-97.385766,https://mitehuacan.mx/?ruta=15-frailes
1,Barberia Pacheco,estética,142,18.460012,-97.39244,https://mitehuacan.mx/?ruta=15-frailes
1,Estetica Unisex Sin Nombre,estética,145,18.458663,-97.390919,https://mitehuacan.mx/?ruta=15-frailes
1,Estetica Estetica Unisex Luz,estética,146,18.457275,-97.389432,https://mitehuacan.mx/?ruta=15-frailes
1,Estetica De Belleza Camila,estética,148,18.467899,-97.399902,https://mitehuacan.mx/?ruta=15-frailes
1,Estetica Liso Beauty Estudio,estética,149,18.467879,-97.392987,https://mitehuacan.mx/?ruta=15-frailes
1,Hm Nails,estética,149,18.473632,-97.397594,https://mitehuacan.mx/?ruta=15-frailes
1,Farmacias Similares,farmacia,0,18.461701,-97.389463,https://mitehuacan.mx/?ruta=15-frailes
1,Farmacia de apoyo,farmacia,0,18.460892,-97.391438,https://mitehuacan.mx/?ruta=15-frailes
1,Venta De Medicamentos Farmacia El Pastillero,farmacia,1,18.460829,-97.388446,https://mitehuacan.mx/?ruta=15-frailes
1,Farmacias San Pio,farmacia,2,18.469692,-97.397845,https://mitehuacan.mx/?ruta=15-frailes
1,Farmacia de Apoyo,farmacia,2,18.460864,-97.389397,https://mitehuacan.mx/?ruta=15-frailes
1,Farmacia el pastillero,farmacia,2,18.46086,-97.390762,https://mitehuacan.mx/?ruta=15-frailes
1,Venta De Productos Farmaceuticos Botica Del Mercado,farmacia,3,18.459667,-97.389483,https://mitehuacan.mx/?ruta=15-frailes
1,Farmacia de Ahorro,farmacia,3,18.460775,-97.389493,https://mitehuacan.mx/?ruta=15-frailes
1,Oficina Farmacia De Apoyo,farmacia,4,18.468246,-97.396435,https://mitehuacan.mx/?ruta=15-frailes
1,Farmacia Apoyo Popular,farmacia,5,18.460893,-97.389336,https://mitehuacan.mx/?ruta=15-frailes
1,Farmacia La Purisima,farmacia,5,18.457978,-97.385194,https://mitehuacan.mx/?ruta=15-frailes
1,Farmacia De Apoyo Sucursal 26,farmacia,6,18.463361,-97.391368,https://mitehuacan.mx/?ruta=15-frailes
1,Farmacia Farmex,farmacia,6,18.460707,-97.387036,https://mitehuacan.mx/?ruta=15-frailes
1,Farmacia La Providencia,farmacia,6,18.461241,-97.391511,https://mitehuacan.mx/?ruta=15-frailes
1,Farmacias Similares,farmacia,6,18.461784,-97.391392,https://mitehuacan.mx/?ruta=15-frailes
1,Farmacias Guadalajara,farmacia,7,18.476131,-97.398792,https://mitehuacan.mx/?ruta=15-frailes
1,Farmacias Similares,farmacia,8,18.456477,-97.385268,https://mitehuacan.mx/?ruta=15-frailes
1,Farmacias Del Ahorro Pue Pe3O 3 Oriente,farmacia,9,18.460764,-97.389602,https://mitehuacan.mx/?ruta=15-frailes
1,Farmacias Similares,farmacia,9,18.468356,-97.397807,https://mitehuacan.mx/?ruta=15-frailes
1,Farmacias Similares,farmacia,9,18.46078,-97.390203,https://mitehuacan.mx/?ruta=15-frailes
1,Farmacia Mh Farma,farmacia,10,18.465024,-97.391446,https://mitehuacan.mx/?ruta=15-frailes
1,Farmacias Similares,farmacia,10,18.462989,-97.391527,https://mitehuacan.mx/?ruta=15-frailes
1,Farmacia Pasteur,farmacia,11,18.460487,-97.389371,https://mitehuacan.mx/?ruta=15-frailes
1,Farmacia Libertad,farmacia,12,18.474691,-97.403505,https://mitehuacan.mx/?ruta=15-frailes
1,Farmacias Similares,farmacia,12,18.458655,-97.388072,https://mitehuacan.mx/?ruta=15-frailes
1,Farmacia De Apoyo,farmacia,15,18.462948,-97.389595,https://mitehuacan.mx/?ruta=15-frailes
1,Farmacia De Apoyo Sucursal 24,farmacia,15,18.462946,-97.389518,https://mitehuacan.mx/?ruta=15-frailes
1,Farmacia De Apoyo A Tu Salud,farmacia,17,18.463265,-97.393989,https://mitehuacan.mx/?ruta=15-frailes
1,Farmacia de Apoyo,farmacia,19,18.46298,-97.389497,https://mitehuacan.mx/?ruta=15-frailes
1,Farmacias del Ahorro,farmacia,19,18.463037,-97.392018,https://mitehuacan.mx/?ruta=15-frailes
1,Bodega Aurrera Express San Lorenzo,farmacia,20,18.475926,-97.408689,https://mitehuacan.mx/?ruta=15-frailes
1,Farmacias del Ahorro,farmacia,26,18.463118,-97.393239,https://mitehuacan.mx/?ruta=15-frailes
1,Farmacia De Apoyo,farmacia,30,18.477976,-97.397848,https://mitehuacan.mx/?ruta=15-frailes
1,Farmacias Similares,farmacia,37,18.460922,-97.391806,https://mitehuacan.mx/?ruta=15-frailes
1,Farmacia Gude,farmacia,50,18.471949,-97.40199,https://mitehuacan.mx/?ruta=15-frailes
1,Farmacias Optima,farmacia,50,18.466708,-97.397976,https://mitehuacan.mx/?ruta=15-frailes
1,Farmacia Apoyo Popular,farmacia,63,18.46083,-97.392047,https://mitehuacan.mx/?ruta=15-frailes
1,Farmacias Similares,farmacia,65,18.463477,-97.393217,https://mitehuacan.mx/?ruta=15-frailes
1,Farmacia Y Perfumeria Victorino,farmacia,71,18.458637,-97.390227,https://mitehuacan.mx/?ruta=15-frailes
1,Farmacia A Flor De Piel,farmacia,72,18.462254,-97.394142,https://mitehuacan.mx/?ruta=15-frailes
1,Bodega Aurrera Express La Purísima,farmacia,73,18.455571,-97.385487,https://mitehuacan.mx/?ruta=15-frailes
1,Farmacia Farmatodo,farmacia,80,18.462166,-97.393242,https://mitehuacan.mx/?ruta=15-frailes
1,Venta De Medicamentos Farmacia De La Economia,farmacia,86,18.462787,-97.388598,https://mitehuacan.mx/?ruta=15-frailes
1,Farmacia Victorinox,farmacia,88,18.45866,-97.390378,https://mitehuacan.mx/?ruta=15-frailes
1,Farmacia Sin Nombre,farmacia,95,18.474343,-97.405467,https://mitehuacan.mx/?ruta=15-frailes
1,Oficina Administrativa,farmacia,97,18.464632,-97.397252,https://mitehuacan.mx/?ruta=15-frailes
1,Farmacia De Genericos,farmacia,117,18.46051,-97.385988,https://mitehuacan.mx/?ruta=15-frailes
1,Farmacia de Apoyo,farmacia,119,18.461814,-97.393264,https://mitehuacan.mx/?ruta=15-frailes
1,Farmacias San Pio,farmacia,122,18.466164,-97.392918,https://mitehuacan.mx/?ruta=15-frailes
1,Asesoria Dermatologica Farmacia De Apoyo,farmacia,123,18.461776,-97.39331,https://mitehuacan.mx/?ruta=15-frailes
1,Farmacias Del Ahorro Pue Petl Tehuacan Liberacion,farmacia,125,18.476965,-97.397182,https://mitehuacan.mx/?ruta=15-frailes
1,Farmacia De Apoyo,farmacia,131,18.461723,-97.394163,https://mitehuacan.mx/?ruta=15-frailes
1,Farmacias Similares,farmacia,147,18.462888,-97.388024,https://mitehuacan.mx/?ruta=15-frailes
1,Articulos Para Casa Y Negocio Gas Rey,ferretería,0,18.460801,-97.387536,https://mitehuacan.mx/?ruta=15-frailes
1,Ferreteria Sin Nombre,ferretería,1,18.477468,-97.400153,https://mitehuacan.mx/?ruta=15-frailes
1,Bodega Ferretera Arriaga,ferretería,2,18.467176,-97.397814,https://mitehuacan.mx/?ruta=15-frailes
1,Ferretera Arriaga,ferretería,2,18.467178,-97.397843,https://mitehuacan.mx/?ruta=15-frailes
1,Ferreteria Comercial Gonzalez,ferretería,2,18.46087,-97.389517,https://mitehuacan.mx/?ruta=15-frailes
1,Ferretera Leon,ferretería,3,18.460874,-97.389668,https://mitehuacan.mx/?ruta=15-frailes
1,Ferreteria El Ferretero,ferretería,3,18.462839,-97.389925,https://mitehuacan.mx/?ruta=15-frailes
1,Ferreteria Leon,ferretería,3,18.460891,-97.390265,https://mitehuacan.mx/?ruta=15-frailes
1,Ferreteria Y Tlapaleria Del Mercado,ferretería,3,18.462853,-97.390474,https://mitehuacan.mx/?ruta=15-frailes
1,Ferreteria Arriaga,ferretería,9,18.46086,-97.38705,https://mitehuacan.mx/?ruta=15-frailes
1,Sucursal El Gallo Ferreteria,ferretería,9,18.460723,-97.387586,https://mitehuacan.mx/?ruta=15-frailes
1,Taller De Mantenimiento De Coches De Ferrepat,ferretería,9,18.469081,-97.397773,https://mitehuacan.mx/?ruta=15-frailes
1,Todo Para Gas Y Agua Bianchi Gas,ferretería,9,18.460743,-97.388639,https://mitehuacan.mx/?ruta=15-frailes
1,El Ferretero,ferretería,10,18.462812,-97.389317,https://mitehuacan.mx/?ruta=15-frailes
1,Ferreteria La Union,ferretería,11,18.480594,-97.40334,https://mitehuacan.mx/?ruta=15-frailes
1,Tripay Del Centro,ferretería,12,18.461293,-97.389346,https://mitehuacan.mx/?ruta=15-frailes
1,Ferretera Arriaga,ferretería,13,18.462252,-97.389331,https://mitehuacan.mx/?ruta=15-frailes
1,Venta De Articulos De Ferreteria,ferretería,13,18.45746,-97.385154,https://mitehuacan.mx/?ruta=15-frailes
1,Novedades Lopez,ferretería,14,18.457307,-97.385157,https://mitehuacan.mx/?ruta=15-frailes
1,Distribuciones Jorta,ferretería,15,18.459184,-97.389387,https://mitehuacan.mx/?ruta=15-frailes
1,Centro Ferrelectrico Cefemsa,ferretería,16,18.464936,-97.391239,https://mitehuacan.mx/?ruta=15-frailes
1,Ferreteria Y Tlapaleria Reforma,ferretería,17,18.463707,-97.393979,https://mitehuacan.mx/?ruta=15-frailes
1,Tornilleria Independencia,ferretería,25,18.460704,-97.386856,https://mitehuacan.mx/?ruta=15-frailes
1,Ferreteria La Ferre De Gabriel,ferretería,29,18.467065,-97.393786,https://mitehuacan.mx/?ruta=15-frailes
1,Ferreteria Reforma,ferretería,30,18.463785,-97.393849,https://mitehuacan.mx/?ruta=15-frailes
1,Materiales El Topollo,ferretería,37,18.472605,-97.399529,https://mitehuacan.mx/?ruta=15-frailes
1,Carpinteria Y Ferreteria De La 9,ferretería,40,18.455872,-97.385297,https://mitehuacan.mx/?ruta=15-frailes
1,Todo Pa Gas Y Agua Bianchi Gas,ferretería,40,18.460776,-97.386711,https://mitehuacan.mx/?ruta=15-frailes
1,Ferreteria El Proveedor Ferretero,ferretería,47,18.46322,-97.389308,https://mitehuacan.mx/?ruta=15-frailes
1,Ferreteria Mexico,ferretería,47,18.46322,-97.389308,https://mitehuacan.mx/?ruta=15-frailes
1,Tienda De Novedades Casa Andrea,ferretería,47,18.461939,-97.390998,https://mitehuacan.mx/?ruta=15-frailes
1,Electrica Codesa,ferretería,55,18.462332,-97.390762,https://mitehuacan.mx/?ruta=15-frailes
1,Todo Para Gas Y Agua Bianchi Gas,ferretería,57,18.460697,-97.386553,https://mitehuacan.mx/?ruta=15-frailes
1,Ferreteria Antonio Ceja,ferretería,58,18.460828,-97.392004,https://mitehuacan.mx/?ruta=15-frailes
1,Ferre Pat,ferretería,77,18.460194,-97.391423,https://mitehuacan.mx/?ruta=15-frailes
1,Ferreteria Arriaga Ferreteria,ferretería,84,18.458444,-97.390331,https://mitehuacan.mx/?ruta=15-frailes
1,Ferreteria El Zorro Ferretero,ferretería,88,18.457404,-97.38637,https://mitehuacan.mx/?ruta=15-frailes
1,Venta Y Compra De Materiales De Ferreteria Tellez,ferretería,88,18.455429,-97.385319,https://mitehuacan.mx/?ruta=15-frailes
1,Ave Ferreteria,ferretería,99,18.459977,-97.390749,https://mitehuacan.mx/?ruta=15-frailes
1,Venta De Chacharas Sin Nombre,ferretería,104,18.458387,-97.38423,https://mitehuacan.mx/?ruta=15-frailes
1,Ferre Pat Autoservicio,ferretería,106,18.459929,-97.391428,https://mitehuacan.mx/?ruta=15-frailes
1,Fix Tehuacan,ferretería,110,18.46063,-97.39246,https://mitehuacan.mx/?ruta=15-frailes
1,Estacionamiento Wally,ferretería,116,18.459846,-97.391547,https://mitehuacan.mx/?ruta=15-frailes
1,Ferreteria La Extension Electrica,ferretería,117,18.455531,-97.384524,https://mitehuacan.mx/?ruta=15-frailes
1,Ferreteria Sariz,ferretería,118,18.472193,-97.404712,https://mitehuacan.mx/?ruta=15-frailes
1,Herramientas Sin Nombre,ferretería,141,18.456231,-97.384015,https://mitehuacan.mx/?ruta=15-frailes
1,Puesto De Articulos De Ferreteria Sin Nombre,ferretería,141,18.457062,-97.383966,https://mitehuacan.mx/?ruta=15-frailes
1,Puesto De Herramientas De Mano Sin Nombre,ferretería,141,18.456836,-97.383979,https://mitehuacan.mx/?ruta=15-frailes
1,Venta De Articulos De Ferreteria Sin Nombre,ferretería,141,18.457206,-97.383958,https://mitehuacan.mx/?ruta=15-frailes
1,Venta De Jarceria,ferretería,141,18.457667,-97.383925,https://mitehuacan.mx/?ruta=15-frailes
1,Fix Ferreterias Tehuacan Centro,ferretería,145,18.461597,-97.394045,https://mitehuacan.mx/?ruta=15-frailes
1,Hotel El Campanario,hotel,0,18.462149,-97.389459,https://mitehuacan.mx/?ruta=15-frailes
1,Hotelitto Inn,hotel,1,18.460834,-97.388616,https://mitehuacan.mx/?ruta=15-frailes
1,Hotel Monroy,hotel,5,18.466162,-97.394031,https://mitehuacan.mx/?ruta=15-frailes
1,Hotel San Miguel,hotel,5,18.464435,-97.391452,https://mitehuacan.mx/?ruta=15-frailes
1,Hotel Tehuacan Plaza,hotel,5,18.462842,-97.393227,https://mitehuacan.mx/?ruta=15-frailes
1,Ph Hotel,hotel,5,18.463201,-97.391374,https://mitehuacan.mx/?ruta=15-frailes
1,Hotel Moniett,hotel,7,18.464973,-97.395801,https://mitehuacan.mx/?ruta=15-frailes
1,Hotel Granada,hotel,8,18.4585,-97.388709,https://mitehuacan.mx/?ruta=15-frailes
1,Hotel Carmelita,hotel,10,18.467159,-97.395642,https://mitehuacan.mx/?ruta=15-frailes
1,Hotel Ivanna Thais,hotel,11,18.458638,-97.387818,https://mitehuacan.mx/?ruta=15-frailes
1,Hotel La Suiza,hotel,15,18.459076,-97.389388,https://mitehuacan.mx/?ruta=15-frailes
1,Hotel Plaza Iberia,hotel,16,18.462996,-97.391731,https://mitehuacan.mx/?ruta=15-frailes
1,Estacionamiento Hotel Bogh Suites,hotel,17,18.463319,-97.393988,https://mitehuacan.mx/?ruta=15-frailes
1,Tehuacan Plaza,hotel,19,18.462714,-97.393383,https://mitehuacan.mx/?ruta=15-frailes
1,bogh Suites,hotel,21,18.463071,-97.393039,https://mitehuacan.mx/?ruta=15-frailes
1,Hotel Margot,hotel,22,18.457001,-97.385514,https://mitehuacan.mx/?ruta=15-frailes
1,Paraiso El Paraiso,hotel,23,18.45859,-97.385071,https://mitehuacan.mx/?ruta=15-frailes
1,Casa Cantarranas,hotel,23,18.480958,-97.399842,https://mitehuacan.mx/?ruta=15-frailes
1,Hotel Emperador,hotel,29,18.45823,-97.386627,https://mitehuacan.mx/?ruta=15-frailes
1,Hotel Juquilita,hotel,33,18.458152,-97.385562,https://mitehuacan.mx/?ruta=15-frailes
1,Hotel Palace,hotel,34,18.463558,-97.393819,https://mitehuacan.mx/?ruta=15-frailes
1,Hotel México,hotel,40,18.463335,-97.394532,https://mitehuacan.mx/?ruta=15-frailes
1,Bogh Suites Hotel,hotel,42,18.46326,-97.393058,https://mitehuacan.mx/?ruta=15-frailes
1,Hotel Casa Del Prado,hotel,42,18.461576,-97.389853,https://mitehuacan.mx/?ruta=15-frailes
1,Hotel & Spa Casa Cantarranas,hotel,44,18.481147,-97.39992,https://mitehuacan.mx/?ruta=15-frailes
1,Hotel Ilucion,hotel,49,18.45858,-97.384776,https://mitehuacan.mx/?ruta=15-frailes
1,Motel Romance 1,hotel,58,18.477013,-97.409021,https://mitehuacan.mx/?ruta=15-frailes
1,Hotel Granada,hotel,60,18.458022,-97.388704,https://mitehuacan.mx/?ruta=15-frailes
1,Hotel Posada Del Viajero,hotel,64,18.462792,-97.388806,https://mitehuacan.mx/?ruta=15-frailes
1,Motel Rooms,hotel,87,18.47309,-97.399144,https://mitehuacan.mx/?ruta=15-frailes
1,Hotel Mendoza,hotel,93,18.46069,-97.386211,https://mitehuacan.mx/?ruta=15-frailes
1,Hotel Zenith,hotel,110,18.46198,-97.394545,https://mitehuacan.mx/?ruta=15-frailes
1,Hotel Alejandrina,hotel,116,18.465881,-97.390939,https://mitehuacan.mx/?ruta=15-frailes
1,Hotel Motel Pasion,hotel,126,18.457369,-97.388401,https://mitehuacan.mx/?ruta=15-frailes
1,Inmobiliaria Multiventas,inmobiliaria,3,18.460896,-97.390474,https://mitehuacan.mx/?ruta=15-frailes
1,Venta De Terrenos Palma,inmobiliaria,3,18.462859,-97.390654,https://mitehuacan.mx/?ruta=15-frailes
1,Asesoria Juridica Inmobiliaria,inmobiliaria,6,18.46154,-97.391503,https://mitehuacan.mx/?ruta=15-frailes
1,Casa Blanca Inmobiliaria,inmobiliaria,6,18.463319,-97.391369,https://mitehuacan.mx/?ruta=15-frailes
1,Inmobiliaria Cruz,inmobiliaria,6,18.462269,-97.391382,https://mitehuacan.mx/?ruta=15-frailes
1,Inmobiliaria Cima,inmobiliaria,17,18.464894,-97.396386,https://mitehuacan.mx/?ruta=15-frailes
1,Ma&Ch Consultores Inmobiliarios,inmobiliaria,21,18.464133,-97.393932,https://mitehuacan.mx/?ruta=15-frailes
1,Bienes Raices Juma,inmobiliaria,22,18.471705,-97.399717,https://mitehuacan.mx/?ruta=15-frailes
1,Inmoviliaria Fincasa,inmobiliaria,26,18.462927,-97.3892,https://mitehuacan.mx/?ruta=15-frailes
1,Fomento Inmobiliario De Tehuacan,inmobiliaria,32,18.462616,-97.394129,https://mitehuacan.mx/?ruta=15-frailes
1,Consultores Y Expectativas,inmobiliaria,33,18.462603,-97.394007,https://mitehuacan.mx/?ruta=15-frailes
1,Inmobiliaria Grupo Independiente De Remates,inmobiliaria,60,18.462287,-97.390762,https://mitehuacan.mx/?ruta=15-frailes
1,Inmobiliaria Zapata,inmobiliaria,64,18.466579,-97.397877,https://mitehuacan.mx/?ruta=15-frailes
1,Administracion Plaza El Mezon,inmobiliaria,70,18.461501,-97.390292,https://mitehuacan.mx/?ruta=15-frailes
1,Inmobiliaria Mds,inmobiliaria,72,18.469863,-97.396335,https://mitehuacan.mx/?ruta=15-frailes
1,Administracion Del Mercado La Purisima,inmobiliaria,78,18.456192,-97.384615,https://mitehuacan.mx/?ruta=15-frailes
1,Virtus Terra Bienes Raices,inmobiliaria,87,18.463006,-97.394985,https://mitehuacan.mx/?ruta=15-frailes
1,Oficina De Administacion De Plaza Tehuacanera,inmobiliaria,103,18.464042,-97.393102,https://mitehuacan.mx/?ruta=15-frailes
1,Inmobiliaria La Roca,inmobiliaria,124,18.460678,-97.385918,https://mitehuacan.mx/?ruta=15-frailes
1,Venta De Terrenos,inmobiliaria,132,18.462005,-97.394981,https://mitehuacan.mx/?ruta=15-frailes
1,D D Inmobiliaria,inmobiliaria,135,18.466155,-97.391436,https://mitehuacan.mx/?ruta=15-frailes
1,Vulcanizadora El Copete,llantera,3,18.459033,-97.387106,https://mitehuacan.mx/?ruta=15-frailes
1,Vulcanizadora San Nicolas,llantera,8,18.477103,-97.398581,https://mitehuacan.mx/?ruta=15-frailes
1,Vulcanizadora Y Lubricantes Rojam,llantera,10,18.480587,-97.399392,https://mitehuacan.mx/?ruta=15-frailes
1,Llantera Neumaticar,llantera,42,18.479564,-97.398355,https://mitehuacan.mx/?ruta=15-frailes
1,Vulcanizadora Sin Nombre,llantera,44,18.475883,-97.408911,https://mitehuacan.mx/?ruta=15-frailes
1,Vulcanizadora El Copetes,llantera,47,18.455867,-97.3872,https://mitehuacan.mx/?ruta=15-frailes
1,Talacheria,llantera,56,18.471256,-97.401619,https://mitehuacan.mx/?ruta=15-frailes
1,Vulcanizadora Contreras,llantera,102,18.474863,-97.407808,https://mitehuacan.mx/?ruta=15-frailes
1,Venta De Llantas Sin Nombre,llantera,103,18.461412,-97.386367,https://mitehuacan.mx/?ruta=15-frailes
1,Vulcanizadora Roberto,llantera,137,18.45735,-97.389236,https://mitehuacan.mx/?ruta=15-frailes
1,Vitalizadora La Union,llantera,143,18.462178,-97.388102,https://mitehuacan.mx/?ruta=15-frailes
1,Llantera Abarrotes Barroso,llantera,149,18.459549,-97.391549,https://mitehuacan.mx/?ruta=15-frailes
1,Muebleria Los Angeles,muebles,0,18.460796,-97.387356,https://mitehuacan.mx/?ruta=15-frailes
1,Mueblería Delfer,muebles,0,18.460443,-97.389475,https://mitehuacan.mx/?ruta=15-frailes
1,Muebleria Sin Nombre,muebles,1,18.458558,-97.388095,https://mitehuacan.mx/?ruta=15-frailes
1,Salinas & Rocha,muebles,2,18.462916,-97.393676,https://mitehuacan.mx/?ruta=15-frailes
1,Doña Cama Y Don Ropero,muebles,4,18.460593,-97.387134,https://mitehuacan.mx/?ruta=15-frailes
1,2961 Salinas Y Rocha Tehuacan,muebles,6,18.462951,-97.393733,https://mitehuacan.mx/?ruta=15-frailes
1,Muebleria Bruno,muebles,7,18.464973,-97.39583,https://mitehuacan.mx/?ruta=15-frailes
1,Muebleria Feria Del Mueble,muebles,9,18.460745,-97.388714,https://mitehuacan.mx/?ruta=15-frailes
1,Muebleria Secundino,muebles,13,18.464937,-97.391267,https://mitehuacan.mx/?ruta=15-frailes
1,Servi Hogar,muebles,13,18.462784,-97.394003,https://mitehuacan.mx/?ruta=15-frailes
1,Muebles Tapia Rusticos,muebles,28,18.467239,-97.394013,https://mitehuacan.mx/?ruta=15-frailes
1,Tapiceria Sin Nombre,muebles,45,18.471442,-97.401485,https://mitehuacan.mx/?ruta=15-frailes
1,Muebleria Lezama De Tehuacan,muebles,52,18.461965,-97.391935,https://mitehuacan.mx/?ruta=15-frailes
1,Venta De Muebles Emmanuel,muebles,52,18.477978,-97.400292,https://mitehuacan.mx/?ruta=15-frailes
1,Articulos Para Tapiceria Anita,muebles,79,18.463522,-97.389425,https://mitehuacan.mx/?ruta=15-frailes
1,Muebleria Doña Cama Y Don Ropero,muebles,94,18.459318,-97.386074,https://mitehuacan.mx/?ruta=15-frailes
1,Tapiceria Jose Luis,muebles,98,18.46149,-97.386526,https://mitehuacan.mx/?ruta=15-frailes
1,Venta De Muebles De Madera Sin Nombre,muebles,141,18.457215,-97.383957,https://mitehuacan.mx/?ruta=15-frailes
1,Panadería La Paz,panadería,138,18.466174,-97.391306,https://mitehuacan.mx/?ruta=15-frailes
1,Refacciones Lay,refacciones,1,18.467595,-97.39794,https://mitehuacan.mx/?ruta=15-frailes
1,Refacciones Y Aceites Mendoza,refacciones,6,18.475371,-97.406068,https://mitehuacan.mx/?ruta=15-frailes
1,Comercializadora Ferrehules,refacciones,8,18.456486,-97.385267,https://mitehuacan.mx/?ruta=15-frailes
1,Mr Web,refacciones,9,18.460725,-97.387672,https://mitehuacan.mx/?ruta=15-frailes
1,Partes Automotrices De Emergencia,refacciones,16,18.462968,-97.390195,https://mitehuacan.mx/?ruta=15-frailes
1,Refaccionaria Disel Hernandez,refacciones,22,18.469431,-97.398781,https://mitehuacan.mx/?ruta=15-frailes
1,Venta De Accesorios Para Vehiculos Vidal,refacciones,34,18.46685,-97.397865,https://mitehuacan.mx/?ruta=15-frailes
1,Representaciones Industriales Y Comerciales Rosas,refacciones,37,18.457431,-97.387555,https://mitehuacan.mx/?ruta=15-frailes
1,Compra Venta De Accesorios Para Automoviles Blacky,refacciones,41,18.458628,-97.389939,https://mitehuacan.mx/?ruta=15-frailes
1,Saiko Autopartes,refacciones,41,18.475772,-97.40884,https://mitehuacan.mx/?ruta=15-frailes
1,Venta De Accesorios Para Vehiculos,refacciones,56,18.455734,-97.385228,https://mitehuacan.mx/?ruta=15-frailes
1,Parabrisas Hernandez,refacciones,61,18.468701,-97.4001,https://mitehuacan.mx/?ruta=15-frailes
1,Refaccionaria Lider,refacciones,61,18.468783,-97.400395,https://mitehuacan.mx/?ruta=15-frailes
1,Diagsa Automotriz,refacciones,71,18.481147,-97.4033,https://mitehuacan.mx/?ruta=15-frailes
1,Refaccionaria Alma Automotriz,refacciones,81,18.456286,-97.38802,https://mitehuacan.mx/?ruta=15-frailes
1,Diagsa Automotriz,refacciones,92,18.459258,-97.385114,https://mitehuacan.mx/?ruta=15-frailes
1,Venta De Magueras La Casa De La Manguera,refacciones,113,18.468234,-97.400196,https://mitehuacan.mx/?ruta=15-frailes
1,Refacciones Don Paco,refacciones,117,18.464342,-97.397266,https://mitehuacan.mx/?ruta=15-frailes
1,Compra Venta De Accesorios Para Automoviles Blaky,refacciones,123,18.457493,-97.389564,https://mitehuacan.mx/?ruta=15-frailes
1,Parabrisas Vitrocar Tehuacan,refacciones,123,18.475548,-97.3975,https://mitehuacan.mx/?ruta=15-frailes
1,Refacciones Osorio,refacciones,125,18.473941,-97.405803,https://mitehuacan.mx/?ruta=15-frailes
1,Venta De Accesorios Automotrices Sin Nombre,refacciones,141,18.462063,-97.387029,https://mitehuacan.mx/?ruta=15-frailes
1,Aca Las Tortas,restaurante,0,18.458465,-97.385964,https://mitehuacan.mx/?ruta=15-frailes
1,Caseta Blanca,restaurante,0,18.480597,-97.407739,https://mitehuacan.mx/?ruta=15-frailes
1,La Cenaduria Rosita,restaurante,0,18.471854,-97.401291,https://mitehuacan.mx/?ruta=15-frailes
1,Restaurante Casa Lupita,restaurante,0,18.460799,-97.387479,https://mitehuacan.mx/?ruta=15-frailes
1,Rosticeria Barvil,restaurante,0,18.475951,-97.408477,https://mitehuacan.mx/?ruta=15-frailes
1,Taqueria Sin Nombre,restaurante,0,18.477284,-97.398973,https://mitehuacan.mx/?ruta=15-frailes
1,Venta De Antojitos Sin Nombre,restaurante,0,18.465044,-97.396274,https://mitehuacan.mx/?ruta=15-frailes
1,A La Parrilla Tacos,restaurante,1,18.474926,-97.403487,https://mitehuacan.mx/?ruta=15-frailes
1,Cemitas Mary,restaurante,1,18.458517,-97.387243,https://mitehuacan.mx/?ruta=15-frailes
1,Chaday Desayunos,restaurante,1,18.478668,-97.407219,https://mitehuacan.mx/?ruta=15-frailes
1,Cocina Economica Mama Kena,restaurante,1,18.475842,-97.399097,https://mitehuacan.mx/?ruta=15-frailes
1,El Fogon De Tehuacan,restaurante,1,18.476675,-97.40518,https://mitehuacan.mx/?ruta=15-frailes
1,Mapetos Restaurante,restaurante,1,18.464949,-97.392017,https://mitehuacan.mx/?ruta=15-frailes
1,Pizzas Archie S,restaurante,1,18.461133,-97.389468,https://mitehuacan.mx/?ruta=15-frailes
1,Rosticeria Pollos Guerrero,restaurante,1,18.461468,-97.389465,https://mitehuacan.mx/?ruta=15-frailes
1,Super Distribuibuidoras Alvarez,restaurante,1,18.458444,-97.385225,https://mitehuacan.mx/?ruta=15-frailes
1,Taqueria El Chino,restaurante,1,18.460835,-97.388645,https://mitehuacan.mx/?ruta=15-frailes
1,Taqueria Juquilita,restaurante,1,18.473143,-97.403913,https://mitehuacan.mx/?ruta=15-frailes
1,Torteria La Super Torta,restaurante,1,18.462011,-97.38946,https://mitehuacan.mx/?ruta=15-frailes
1,La Lonja,restaurante,1,18.462878,-97.393261,https://mitehuacan.mx/?ruta=15-frailes
1,Ameli Restaurante,restaurante,2,18.470108,-97.397827,https://mitehuacan.mx/?ruta=15-frailes
1,Antojitos Mary Fer,restaurante,2,18.458579,-97.388522,https://mitehuacan.mx/?ruta=15-frailes
1,Cocina Economica Norita,restaurante,2,18.458598,-97.388929,https://mitehuacan.mx/?ruta=15-frailes
1,Restaurante Cafe La Plazuela,restaurante,2,18.469244,-97.397982,https://mitehuacan.mx/?ruta=15-frailes
1,Restaurante Mis Dos Regalos,restaurante,2,18.458569,-97.388323,https://mitehuacan.mx/?ruta=15-frailes
1,Super Tortas Hidalguenses,restaurante,2,18.458581,-97.388569,https://mitehuacan.mx/?ruta=15-frailes
1,Taqueria El Mismo,restaurante,2,18.477632,-97.401229,https://mitehuacan.mx/?ruta=15-frailes
1,Taqueria Los Pinos,restaurante,2,18.478701,-97.407654,https://mitehuacan.mx/?ruta=15-frailes
1,Venta De Antojitos Sin Nombre,restaurante,2,18.476997,-97.408282,https://mitehuacan.mx/?ruta=15-frailes
1,Venta De Memelas Especiales Sin Nombre,restaurante,2,18.458563,-97.3882,https://mitehuacan.mx/?ruta=15-frailes
1,Antojitos Aryse,restaurante,3,18.45832,-97.387184,https://mitehuacan.mx/?ruta=15-frailes
1,Cocina Economica Sin Nombre,restaurante,3,18.45925,-97.387101,https://mitehuacan.mx/?ruta=15-frailes
1,Jbs Restaurant Bar,restaurante,3,18.459177,-97.387102,https://mitehuacan.mx/?ruta=15-frailes
1,Taqueria El Rey Del Taco,restaurante,3,18.45841,-97.38718,https://mitehuacan.mx/?ruta=15-frailes
1,Taqueria La Parrilla Del Pastor,restaurante,3,18.460917,-97.391289,https://mitehuacan.mx/?ruta=15-frailes
1,Venta De Alimentos El Cabrito,restaurante,3,18.460906,-97.390881,https://mitehuacan.mx/?ruta=15-frailes
1,Venta De Tortas Y Aguas Cristal,restaurante,3,18.462859,-97.390654,https://mitehuacan.mx/?ruta=15-frailes
1,Cocina Economica America,restaurante,4,18.480476,-97.403088,https://mitehuacan.mx/?ruta=15-frailes
1,Cocina Economica Las Gueras,restaurante,4,18.469188,-97.398259,https://mitehuacan.mx/?ruta=15-frailes
1,Cocina Economica Male,restaurante,4,18.475288,-97.405264,https://mitehuacan.mx/?ruta=15-frailes
1,Susushi Cocina Japonesa,restaurante,4,18.466669,-97.394023,https://mitehuacan.mx/?ruta=15-frailes
1,Taqueria Los Laureles,restaurante,4,18.466289,-97.394028,https://mitehuacan.mx/?ruta=15-frailes
1,Taqueria Taki Rock,restaurante,4,18.475283,-97.405227,https://mitehuacan.mx/?ruta=15-frailes
1,Cocina Economica Doña Mary,restaurante,5,18.466795,-97.396371,https://mitehuacan.mx/?ruta=15-frailes
1,Restaurante Bar La Internacional,restaurante,5,18.465438,-97.39405,https://mitehuacan.mx/?ruta=15-frailes
1,Restaurante La Lonja,restaurante,5,18.462937,-97.393308,https://mitehuacan.mx/?ruta=15-frailes
1,Rosticeria Alvarez,restaurante,5,18.45824,-97.385181,https://mitehuacan.mx/?ruta=15-frailes
1,Rosticeria Guadalupe,restaurante,5,18.45833,-97.385175,https://mitehuacan.mx/?ruta=15-frailes
1,Super Distribuidora Alvares,restaurante,5,18.458267,-97.385179,https://mitehuacan.mx/?ruta=15-frailes
1,Tacos El Primo,restaurante,5,18.463947,-97.391459,https://mitehuacan.mx/?ruta=15-frailes
1,Taqueria Estilo Michoacan Sucursal 7 Sur,restaurante,5,18.458435,-97.387103,https://mitehuacan.mx/?ruta=15-frailes
1,Venta De Botanas Y Tortas Camila,restaurante,5,18.469182,-97.398051,https://mitehuacan.mx/?ruta=15-frailes
1,Cocina Clasicos,restaurante,6,18.464843,-97.391448,https://mitehuacan.mx/?ruta=15-frailes
1,Cocina Economica Antojitos Mexicanos,restaurante,6,18.464833,-97.391448,https://mitehuacan.mx/?ruta=15-frailes
1,Cocina Economica Aranzita,restaurante,6,18.477982,-97.404689,https://mitehuacan.mx/?ruta=15-frailes
1,Cocina Economica Su Super Cocina,restaurante,6,18.466071,-97.396375,https://mitehuacan.mx/?ruta=15-frailes
1,Restaurante Mexico Lindo,restaurante,6,18.462469,-97.391382,https://mitehuacan.mx/?ruta=15-frailes
1,Rosticeria Super Pollo El Jarocho,restaurante,6,18.457467,-97.387145,https://mitehuacan.mx/?ruta=15-frailes
1,Tacos Y Tortas Tehuacan,restaurante,6,18.463464,-97.391364,https://mitehuacan.mx/?ruta=15-frailes
1,Taqueria Chente,restaurante,6,18.477714,-97.39815,https://mitehuacan.mx/?ruta=15-frailes
1,Taqueria Licha,restaurante,6,18.457716,-97.385207,https://mitehuacan.mx/?ruta=15-frailes
1,Barbacoa La Chiva Pinta,restaurante,7,18.47604,-97.398514,https://mitehuacan.mx/?ruta=15-frailes
1,Cocina Casera De La 7,restaurante,7,18.456437,-97.387182,https://mitehuacan.mx/?ruta=15-frailes
1,Cocina Economica Rosas,restaurante,7,18.475851,-97.398556,https://mitehuacan.mx/?ruta=15-frailes
1,Cocina Las Dos Amazonas,restaurante,7,18.470603,-97.397719,https://mitehuacan.mx/?ruta=15-frailes
1,Delicias La Casa Del Hojaldre,restaurante,7,18.464972,-97.395782,https://mitehuacan.mx/?ruta=15-frailes
1,Servicio De Banquetes Los Angeles,restaurante,7,18.470563,-97.399698,https://mitehuacan.mx/?ruta=15-frailes
1,Taqueria Junior,restaurante,7,18.476121,-97.398495,https://mitehuacan.mx/?ruta=15-frailes
1,Venta De Antojitos Y Tortillas Sin Nombre,restaurante,7,18.456174,-97.3857,https://mitehuacan.mx/?ruta=15-frailes
1,Antojitos La Maria,restaurante,8,18.476698,-97.398669,https://mitehuacan.mx/?ruta=15-frailes
1,Cocina Economica Y Antojitos Marielita,restaurante,8,18.472369,-97.398399,https://mitehuacan.mx/?ruta=15-frailes
1,Venta De Antojitos Doña Reyna,restaurante,8,18.456333,-97.385275,https://mitehuacan.mx/?ruta=15-frailes
1,Venta De Pollos A La Leña El Pico Sito Pio,restaurante,8,18.456495,-97.385267,https://mitehuacan.mx/?ruta=15-frailes
1,Antojitos Tere,restaurante,9,18.472213,-97.398266,https://mitehuacan.mx/?ruta=15-frailes
1,Cemitas De Puebla,restaurante,9,18.460811,-97.391359,https://mitehuacan.mx/?ruta=15-frailes
1,Cemitas La Estrella De Puebla,restaurante,9,18.464883,-97.392778,https://mitehuacan.mx/?ruta=15-frailes
1,Cocina Economica Yarhe,restaurante,9,18.467139,-97.395282,https://mitehuacan.mx/?ruta=15-frailes
1,La Nueva Rosticeria,restaurante,9,18.460797,-97.390876,https://mitehuacan.mx/?ruta=15-frailes
1,Pizzas El Oasis,restaurante,9,18.460808,-97.391264,https://mitehuacan.mx/?ruta=15-frailes
1,Pizzeria Yankees,restaurante,9,18.46081,-97.391331,https://mitehuacan.mx/?ruta=15-frailes
1,Pollos Guerrero Tehuacán 2,restaurante,9,18.460791,-97.390633,https://mitehuacan.mx/?ruta=15-frailes
1,Rosticeria Pollos Guerrero,restaurante,9,18.460792,-97.390658,https://mitehuacan.mx/?ruta=15-frailes
1,Taqueria El Sombrerudo,restaurante,9,18.468423,-97.397805,https://mitehuacan.mx/?ruta=15-frailes
1,Antojitos Fey,restaurante,10,18.481488,-97.407495,https://mitehuacan.mx/?ruta=15-frailes
1,Cocina Economica Maru,restaurante,10,18.474131,-97.40355,https://mitehuacan.mx/?ruta=15-frailes
1,Restaurante La Casona De Luciano,restaurante,10,18.467192,-97.396286,https://mitehuacan.mx/?ruta=15-frailes
1,Taqueria El Comalito,restaurante,10,18.47978,-97.399819,https://mitehuacan.mx/?ruta=15-frailes
1,Tortas Y Hamburguesas Mariels,restaurante,10,18.479749,-97.399847,https://mitehuacan.mx/?ruta=15-frailes
1,Antojitos Mexicanos Los Chilanguitos,restaurante,11,18.469137,-97.399831,https://mitehuacan.mx/?ruta=15-frailes
1,Cocina Economica Lupita,restaurante,11,18.47003,-97.400055,https://mitehuacan.mx/?ruta=15-frailes
1,Desayunos Y Comida Las Tres Mariposas,restaurante,11,18.469976,-97.400065,https://mitehuacan.mx/?ruta=15-frailes
1,La Gran Parrillada,restaurante,11,18.467266,-97.397848,https://mitehuacan.mx/?ruta=15-frailes
1,Restaurant Mi Lupita,restaurante,11,18.460542,-97.389371,https://mitehuacan.mx/?ruta=15-frailes
1,Taqueria El Pastorcito,restaurante,11,18.460641,-97.38937,https://mitehuacan.mx/?ruta=15-frailes
1,Venta De Empanadas Sin Nombre,restaurante,11,18.460379,-97.389373,https://mitehuacan.mx/?ruta=15-frailes
1,Pizzas Angelotti,restaurante,12,18.464854,-97.392994,https://mitehuacan.mx/?ruta=15-frailes
1,Tacos De Asada El Guero,restaurante,12,18.476609,-97.403443,https://mitehuacan.mx/?ruta=15-frailes
1,Taqueria El Buen Pastor,restaurante,12,18.474592,-97.403513,https://mitehuacan.mx/?ruta=15-frailes
1,Taqueria El Jefe,restaurante,12,18.458603,-97.386775,https://mitehuacan.mx/?ruta=15-frailes
1,Taqueria Los Patrones,restaurante,12,18.47479,-97.403497,https://mitehuacan.mx/?ruta=15-frailes
1,Venta De Hamburguesas. Burguer Daddy,restaurante,12,18.462469,-97.389326,https://mitehuacan.mx/?ruta=15-frailes
1,Venta De Quesadillas Sin Nombre,restaurante,12,18.464854,-97.392994,https://mitehuacan.mx/?ruta=15-frailes
1,Bodega De Utensilios Para Elaborar Chicharron,restaurante,13,18.457326,-97.385158,https://mitehuacan.mx/?ruta=15-frailes
1,Cemitas La Poblanita,restaurante,13,18.457804,-97.385128,https://mitehuacan.mx/?ruta=15-frailes
1,Cocina Economica Doña Amada,restaurante,13,18.457442,-97.385155,https://mitehuacan.mx/?ruta=15-frailes
1,Cocina Economica Lucero,restaurante,13,18.457397,-97.385159,https://mitehuacan.mx/?ruta=15-frailes
1,Pizerias Chepe Pizas,restaurante,13,18.458447,-97.388675,https://mitehuacan.mx/?ruta=15-frailes
1,Taqueria Taco Loko,restaurante,13,18.457497,-97.385151,https://mitehuacan.mx/?ruta=15-frailes
1,Venta De Antojitos Mexicanos Sin Nombre,restaurante,13,18.45765,-97.385139,https://mitehuacan.mx/?ruta=15-frailes
1,Venta De Antojitos Mexicanos Sin Nombre,restaurante,13,18.457524,-97.385149,https://mitehuacan.mx/?ruta=15-frailes
1,Venta De Antojitos Mexicanos Sin Nombre,restaurante,13,18.457822,-97.385126,https://mitehuacan.mx/?ruta=15-frailes
1,Venta De Barbacoa Don Alfredo,restaurante,13,18.457506,-97.385151,https://mitehuacan.mx/?ruta=15-frailes
1,Venta De Barbacoa El Cabrito,restaurante,13,18.457813,-97.385127,https://mitehuacan.mx/?ruta=15-frailes
1,Venta De Barbacoa Rodriguez,restaurante,13,18.457479,-97.385153,https://mitehuacan.mx/?ruta=15-frailes
1,Venta De Barbacoa Sin Nombre,restaurante,13,18.457479,-97.385153,https://mitehuacan.mx/?ruta=15-frailes
1,Venta De Chicharron Sin Nombre,restaurante,13,18.457469,-97.385153,https://mitehuacan.mx/?ruta=15-frailes
1,Antojitos Mexicanos Creaciones De La Abuela,restaurante,14,18.471748,-97.40144,https://mitehuacan.mx/?ruta=15-frailes
1,Antojitos Tete,restaurante,14,18.472168,-97.398026,https://mitehuacan.mx/?ruta=15-frailes
1,Taqueria King Taco,restaurante,14,18.458391,-97.385082,https://mitehuacan.mx/?ruta=15-frailes
1,Venta De Cemitas La Poblanita De Sofi,restaurante,14,18.457289,-97.385157,https://mitehuacan.mx/?ruta=15-frailes
1,Venta De Memelitas Antojitos Yuli,restaurante,14,18.461572,-97.389588,https://mitehuacan.mx/?ruta=15-frailes
1,Fonda Luchita,restaurante,15,18.456809,-97.385178,https://mitehuacan.mx/?ruta=15-frailes
1,Pizzas Pizzaiolo,restaurante,15,18.462984,-97.391276,https://mitehuacan.mx/?ruta=15-frailes
1,Taqueria Sanchez,restaurante,15,18.458345,-97.386541,https://mitehuacan.mx/?ruta=15-frailes
1,Venta De Chicharron Sin Nombre,restaurante,15,18.456737,-97.385181,https://mitehuacan.mx/?ruta=15-frailes
1,Antojitos Sin Nombre,restaurante,16,18.456222,-97.385204,https://mitehuacan.mx/?ruta=15-frailes
1,Bodega De Antojitos Mexicanos Yamileth,restaurante,16,18.456222,-97.385204,https://mitehuacan.mx/?ruta=15-frailes
1,Chicharroneria Sin Nombre,restaurante,16,18.456267,-97.385202,https://mitehuacan.mx/?ruta=15-frailes
1,Cocina Doña Licha,restaurante,16,18.456421,-97.385195,https://mitehuacan.mx/?ruta=15-frailes
1,Cocina Economica Doña Petra,restaurante,16,18.45622,-97.385204,https://mitehuacan.mx/?ruta=15-frailes
1,Tacos De Birria Sin Nombre,restaurante,16,18.458777,-97.389392,https://mitehuacan.mx/?ruta=15-frailes
1,Taqueria El Poblanito,restaurante,16,18.456256,-97.387395,https://mitehuacan.mx/?ruta=15-frailes
1,Torteria La Torteria Un Gusto,restaurante,16,18.462977,-97.390869,https://mitehuacan.mx/?ruta=15-frailes
1,Antojitos De Reforma,restaurante,17,18.464467,-97.393959,https://mitehuacan.mx/?ruta=15-frailes
1,Cafeteria Finca San Agustin,restaurante,17,18.466891,-97.393896,https://mitehuacan.mx/?ruta=15-frailes
1,La Gran Via Cafe,restaurante,17,18.466602,-97.393902,https://mitehuacan.mx/?ruta=15-frailes
1,La Parrila De Tony,restaurante,17,18.475671,-97.398888,https://mitehuacan.mx/?ruta=15-frailes
1,Antojitos Pepes,restaurante,18,18.474612,-97.404699,https://mitehuacan.mx/?ruta=15-frailes
1,Venta De Hamburguesas Le Crepe,restaurante,18,18.462649,-97.389879,https://mitehuacan.mx/?ruta=15-frailes
1,Almuerzos De La 9,restaurante,19,18.458592,-97.385158,https://mitehuacan.mx/?ruta=15-frailes
1,Antojitos Jade,restaurante,19,18.473087,-97.404649,https://mitehuacan.mx/?ruta=15-frailes
1,Cocina Economica Lupita,restaurante,19,18.456218,-97.385176,https://mitehuacan.mx/?ruta=15-frailes
1,Taqueria Garcia,restaurante,19,18.456218,-97.385176,https://mitehuacan.mx/?ruta=15-frailes
1,Venta De Quesadillas Sin Nombre,restaurante,19,18.456218,-97.385176,https://mitehuacan.mx/?ruta=15-frailes
1,Pollo Fiesta,restaurante,19,18.46303,-97.39188,https://mitehuacan.mx/?ruta=15-frailes
1,Rosticeria Pollos Fiesta,restaurante,20,18.462931,-97.389276,https://mitehuacan.mx/?ruta=15-frailes
1,Franzzino S,restaurante,21,18.464133,-97.393932,https://mitehuacan.mx/?ruta=15-frailes
1,Pollos Guerrero Tehuacán 1,restaurante,21,18.461493,-97.38965,https://mitehuacan.mx/?ruta=15-frailes
1,Carnitas Los Gemelos De Ochoa,restaurante,22,18.471642,-97.39973,https://mitehuacan.mx/?ruta=15-frailes
1,Expendio De Barbacoa Roman,restaurante,22,18.475842,-97.400576,https://mitehuacan.mx/?ruta=15-frailes
1,Tortas Orozco,restaurante,22,18.462984,-97.389318,https://mitehuacan.mx/?ruta=15-frailes
1,Mar Y Sol,restaurante,24,18.470354,-97.398021,https://mitehuacan.mx/?ruta=15-frailes
1,Tortas Monterrey,restaurante,25,18.464747,-97.393074,https://mitehuacan.mx/?ruta=15-frailes
1,Venta De Antojitos Mexicanos Doña Mari,restaurante,25,18.461558,-97.389218,https://mitehuacan.mx/?ruta=15-frailes
1,Antojitos Mercedes,restaurante,27,18.472034,-97.399157,https://mitehuacan.mx/?ruta=15-frailes
1,Antojitos Doña Agus,restaurante,28,18.461948,-97.391178,https://mitehuacan.mx/?ruta=15-frailes
1,Antojitos Mexicanos Adelita,restaurante,28,18.461948,-97.391178,https://mitehuacan.mx/?ruta=15-frailes
1,Antojitos Mexicanos Gloria,restaurante,28,18.461948,-97.391178,https://mitehuacan.mx/?ruta=15-frailes
1,Antojitos Mexicanos Shabocho,restaurante,28,18.476317,-97.40043,https://mitehuacan.mx/?ruta=15-frailes
1,Antojitos Mexicanos Sin Nombre,restaurante,28,18.461948,-97.391178,https://mitehuacan.mx/?ruta=15-frailes
1,Antojitos Mexicanos Sinnombre,restaurante,28,18.461948,-97.391178,https://mitehuacan.mx/?ruta=15-frailes
1,Antojitos Y Desayunos Sin Nombre,restaurante,28,18.461948,-97.391178,https://mitehuacan.mx/?ruta=15-frailes
1,Cocina Angelita,restaurante,28,18.461948,-97.391178,https://mitehuacan.mx/?ruta=15-frailes
1,Cocina Economica Las Brazas,restaurante,28,18.461948,-97.391178,https://mitehuacan.mx/?ruta=15-frailes
1,Cocina Nohemi,restaurante,28,18.461948,-97.391178,https://mitehuacan.mx/?ruta=15-frailes
1,Cocina Un Rinconcito De Sabor,restaurante,28,18.461948,-97.391178,https://mitehuacan.mx/?ruta=15-frailes
1,Comedor Alondra,restaurante,28,18.461948,-97.391178,https://mitehuacan.mx/?ruta=15-frailes
1,Comedor Juquilita,restaurante,28,18.461948,-97.391178,https://mitehuacan.mx/?ruta=15-frailes
1,Comedor La Patrona,restaurante,28,18.461948,-97.391178,https://mitehuacan.mx/?ruta=15-frailes
1,Comedor Mary,restaurante,28,18.461948,-97.391178,https://mitehuacan.mx/?ruta=15-frailes
1,Comedor Rosalba,restaurante,28,18.461948,-97.391178,https://mitehuacan.mx/?ruta=15-frailes
1,El Chaparrito 2,restaurante,28,18.461948,-97.391178,https://mitehuacan.mx/?ruta=15-frailes
1,Expendio De Barbacoa Hermanos Roman Flores,restaurante,28,18.461948,-97.391178,https://mitehuacan.mx/?ruta=15-frailes
1,Expendio De Barbacoa Jose,restaurante,28,18.461948,-97.391178,https://mitehuacan.mx/?ruta=15-frailes
1,Fonda Carmen Blanco,restaurante,28,18.461948,-97.391178,https://mitehuacan.mx/?ruta=15-frailes
1,Fonda Comedor Las Granadas,restaurante,28,18.461948,-97.391178,https://mitehuacan.mx/?ruta=15-frailes
1,Fonda Florentina,restaurante,28,18.461948,-97.391178,https://mitehuacan.mx/?ruta=15-frailes
1,Fonda Julieta,restaurante,28,18.461948,-97.391178,https://mitehuacan.mx/?ruta=15-frailes
1,Fonda La Flor,restaurante,28,18.461948,-97.391178,https://mitehuacan.mx/?ruta=15-frailes
1,Fonda La Flor De Atlixco,restaurante,28,18.461948,-97.391178,https://mitehuacan.mx/?ruta=15-frailes
1,Fonda La Flor De Oaxaca,restaurante,28,18.461948,-97.391178,https://mitehuacan.mx/?ruta=15-frailes
1,Fonda La Oaxaqueña,restaurante,28,18.461948,-97.391178,https://mitehuacan.mx/?ruta=15-frailes
1,Fonda La Poblanita,restaurante,28,18.461948,-97.391178,https://mitehuacan.mx/?ruta=15-frailes
1,Fonda Mary Carmen,restaurante,28,18.461948,-97.391178,https://mitehuacan.mx/?ruta=15-frailes
1,Fonda Maty,restaurante,28,18.461948,-97.391178,https://mitehuacan.mx/?ruta=15-frailes
1,Fonda Rosita,restaurante,28,18.461948,-97.391178,https://mitehuacan.mx/?ruta=15-frailes
1,Fonda Ruth,restaurante,28,18.461948,-97.391178,https://mitehuacan.mx/?ruta=15-frailes
1,Fonda Teresita,restaurante,28,18.461948,-97.391178,https://mitehuacan.mx/?ruta=15-frailes
1,Huaraches Y Memelas El Chaparrito,restaurante,28,18.461948,-97.391178,https://mitehuacan.mx/?ruta=15-frailes
1,La Granja Restaurante,restaurante,28,18.466959,-97.39379,https://mitehuacan.mx/?ruta=15-frailes
1,Pizzas Pizzaiolo,restaurante,28,18.461948,-97.391178,https://mitehuacan.mx/?ruta=15-frailes
1,Taqueria,restaurante,28,18.461948,-97.391178,https://mitehuacan.mx/?ruta=15-frailes
1,Taqueria La Guadalupana,restaurante,28,18.461948,-97.391178,https://mitehuacan.mx/?ruta=15-frailes
1,Taqueria Los 3 Garcias,restaurante,28,18.461948,-97.391178,https://mitehuacan.mx/?ruta=15-frailes
1,Venta De Barbacoa Bolaños,restaurante,28,18.461948,-97.391178,https://mitehuacan.mx/?ruta=15-frailes
1,Venta De Comida Catita,restaurante,28,18.461948,-97.391178,https://mitehuacan.mx/?ruta=15-frailes
1,Venta De Comida Sin Nombre,restaurante,28,18.461948,-97.391178,https://mitehuacan.mx/?ruta=15-frailes
1,Venta De Huaraches Sin Nombre,restaurante,28,18.461948,-97.391178,https://mitehuacan.mx/?ruta=15-frailes
1,Cocina Economica Juquilita,restaurante,30,18.472988,-97.404657,https://mitehuacan.mx/?ruta=15-frailes
1,Restaurante Sabores,restaurante,30,18.462616,-97.393231,https://mitehuacan.mx/?ruta=15-frailes
1,Carnitas Los Laureles De Tehuacan,restaurante,33,18.467284,-97.398257,https://mitehuacan.mx/?ruta=15-frailes
1,Desayunos Don Rene,restaurante,33,18.461579,-97.389151,https://mitehuacan.mx/?ruta=15-frailes
1,Cocina De Doris,restaurante,34,18.473824,-97.404953,https://mitehuacan.mx/?ruta=15-frailes
1,Pollos Ximbones,restaurante,34,18.469543,-97.39889,https://mitehuacan.mx/?ruta=15-frailes
1,Bodega Sin Nombre,restaurante,36,18.458141,-97.386093,https://mitehuacan.mx/?ruta=15-frailes
1,Pollos Asados La Fortaleza,restaurante,36,18.46891,-97.39892,https://mitehuacan.mx/?ruta=15-frailes
1,Taqueria Diaz,restaurante,37,18.45853,-97.38488,https://mitehuacan.mx/?ruta=15-frailes
1,La Hambuguesa Magica,restaurante,38,18.468907,-97.399996,https://mitehuacan.mx/?ruta=15-frailes
1,Cocina Economica Doña Marty,restaurante,40,18.472743,-97.403803,https://mitehuacan.mx/?ruta=15-frailes
1,Pizzas Yankees,restaurante,40,18.463169,-97.389436,https://mitehuacan.mx/?ruta=15-frailes
1,Taqueria Licha,restaurante,40,18.458418,-97.384836,https://mitehuacan.mx/?ruta=15-frailes
1,Venta De Hambuerguesas Like,restaurante,42,18.45822,-97.389523,https://mitehuacan.mx/?ruta=15-frailes
1,Venta De Antojitos Mexicanos Sin Nombre,restaurante,43,18.458082,-97.386224,https://mitehuacan.mx/?ruta=15-frailes
1,Venta De Comida Sin Nombre,restaurante,43,18.471596,-97.400609,https://mitehuacan.mx/?ruta=15-frailes
1,La Granja Restaurant Bar,restaurante,44,18.462489,-97.393235,https://mitehuacan.mx/?ruta=15-frailes
1,Tacos Fabi,restaurante,46,18.477373,-97.402122,https://mitehuacan.mx/?ruta=15-frailes
1,Taqueria El Tacotehua,restaurante,47,18.467058,-97.393615,https://mitehuacan.mx/?ruta=15-frailes
1,Taqueria Garcia,restaurante,47,18.455869,-97.387275,https://mitehuacan.mx/?ruta=15-frailes
1,Cocina Economica Sin Nombre,restaurante,51,18.458135,-97.389409,https://mitehuacan.mx/?ruta=15-frailes
1,Tortas Paquita,restaurante,51,18.460826,-97.391937,https://mitehuacan.mx/?ruta=15-frailes
1,Antojitos Mexicanos Antojitos De La Cuatro,restaurante,52,18.467206,-97.398449,https://mitehuacan.mx/?ruta=15-frailes
1,Sabores,restaurante,52,18.462418,-97.393277,https://mitehuacan.mx/?ruta=15-frailes
1,Taqueria El Flamazo,restaurante,53,18.458116,-97.389409,https://mitehuacan.mx/?ruta=15-frailes
1,Venta De Comida Sin Nombre,restaurante,53,18.479507,-97.400824,https://mitehuacan.mx/?ruta=15-frailes
1,Bodega Luchita,restaurante,57,18.456201,-97.384816,https://mitehuacan.mx/?ruta=15-frailes
1,Casa Rivera,restaurante,57,18.462368,-97.393238,https://mitehuacan.mx/?ruta=15-frailes
1,Miscelanea La Guadalupana,restaurante,57,18.47196,-97.402056,https://mitehuacan.mx/?ruta=15-frailes
1,Venta De Chicharron Sin Nombre,restaurante,57,18.458411,-97.384675,https://mitehuacan.mx/?ruta=15-frailes
1,Restaurante La Tehuacanera,restaurante,59,18.464438,-97.393011,https://mitehuacan.mx/?ruta=15-frailes
1,Cocina Economica Donaji,restaurante,63,18.460696,-97.386496,https://mitehuacan.mx/?ruta=15-frailes
1,Taqueria Chayito,restaurante,63,18.476931,-97.400371,https://mitehuacan.mx/?ruta=15-frailes
1,Restaurante Los Pepes,restaurante,64,18.466579,-97.397877,https://mitehuacan.mx/?ruta=15-frailes
1,Taqueria El Gran Poblano,restaurante,64,18.462792,-97.388807,https://mitehuacan.mx/?ruta=15-frailes
1,Antojitos Tete,restaurante,65,18.478109,-97.407494,https://mitehuacan.mx/?ruta=15-frailes
1,Fonda Chela,restaurante,65,18.457893,-97.386564,https://mitehuacan.mx/?ruta=15-frailes
1,Venta De Comida Para Llevar Sin Nombre,restaurante,65,18.472219,-97.400539,https://mitehuacan.mx/?ruta=15-frailes
1,Preparacion De Hamburguesas La Casita,restaurante,66,18.476021,-97.405155,https://mitehuacan.mx/?ruta=15-frailes
1,Taqueria El Pariente,restaurante,66,18.457301,-97.385908,https://mitehuacan.mx/?ruta=15-frailes
1,Venta De Memelitas Doña Queta,restaurante,66,18.467303,-97.398569,https://mitehuacan.mx/?ruta=15-frailes
1,Loncheria Frutileto,restaurante,67,18.462299,-97.39414,https://mitehuacan.mx/?ruta=15-frailes
1,Venta De Tortillas De Mano Sin Nombre,restaurante,69,18.457357,-97.387861,https://mitehuacan.mx/?ruta=15-frailes
1,Restaurante Las Patatas,restaurante,70,18.464994,-97.39711,https://mitehuacan.mx/?ruta=15-frailes
1,Venta De Tortas Sin Nombre,restaurante,71,18.457394,-97.385953,https://mitehuacan.mx/?ruta=15-frailes
1,Taqueria Sin Nombre,restaurante,73,18.457395,-97.385972,https://mitehuacan.mx/?ruta=15-frailes
1,Venta De Antojitos Mexicanos Las Flores,restaurante,73,18.456194,-97.384665,https://mitehuacan.mx/?ruta=15-frailes
1,Antojitos Sin Nombre,restaurante,75,18.471531,-97.398455,https://mitehuacan.mx/?ruta=15-frailes
1,Venta De Mole Sin Nombre,restaurante,75,18.471422,-97.398459,https://mitehuacan.mx/?ruta=15-frailes
1,Cocina Economica Y Elaboracion De Postres Sin Nombre,restaurante,76,18.461427,-97.386813,https://mitehuacan.mx/?ruta=15-frailes
1,Rosticeria El Tiempo,restaurante,77,18.460177,-97.390749,https://mitehuacan.mx/?ruta=15-frailes
1,Venta De Antojitos Yamileth,restaurante,77,18.456193,-97.384627,https://mitehuacan.mx/?ruta=15-frailes
1,Burger Karol,restaurante,79,18.476789,-97.400481,https://mitehuacan.mx/?ruta=15-frailes
1,Venta De Antojitos Gil,restaurante,79,18.458958,-97.384709,https://mitehuacan.mx/?ruta=15-frailes
1,Antojitos Sin Nombre,restaurante,80,18.472048,-97.400276,https://mitehuacan.mx/?ruta=15-frailes
1,Dogos,restaurante,80,18.472519,-97.400081,https://mitehuacan.mx/?ruta=15-frailes
1,Pizzeria Zautla,restaurante,81,18.457696,-97.386034,https://mitehuacan.mx/?ruta=15-frailes
1,Venta De Memelas Y Quesadillas Sin Nombre,restaurante,81,18.460089,-97.388219,https://mitehuacan.mx/?ruta=15-frailes
1,Taqueria El Jalisciense,restaurante,84,18.475079,-97.399019,https://mitehuacan.mx/?ruta=15-frailes
1,Cocina Economica Kika,restaurante,87,18.472342,-97.403978,https://mitehuacan.mx/?ruta=15-frailes
1,Quinto Tortas,restaurante,89,18.470396,-97.396947,https://mitehuacan.mx/?ruta=15-frailes
1,Antojitos Sin Nombre,restaurante,94,18.4554,-97.385147,https://mitehuacan.mx/?ruta=15-frailes
1,Carnitas Doña Mari,restaurante,94,18.45807,-97.39024,https://mitehuacan.mx/?ruta=15-frailes
1,Taqueria El Rey De Taco,restaurante,94,18.468405,-97.400161,https://mitehuacan.mx/?ruta=15-frailes
1,Cocina Economica Elsita,restaurante,95,18.455469,-97.387498,https://mitehuacan.mx/?ruta=15-frailes
1,Venta De Antojitos Sin Nombre,restaurante,95,18.476602,-97.409384,https://mitehuacan.mx/?ruta=15-frailes
1,Antojitos Rosy,restaurante,96,18.465005,-97.397356,https://mitehuacan.mx/?ruta=15-frailes
1,Cocina Economica Y Rosticeria De Pollos Rosticocina Zaragoza,restaurante,96,18.465005,-97.397356,https://mitehuacan.mx/?ruta=15-frailes
1,Grupo Gastronomico Casa Vieja,restaurante,96,18.462083,-97.394447,https://mitehuacan.mx/?ruta=15-frailes
1,Restaurante De Hamburguesas Beef And Pork,restaurante,96,18.456292,-97.388162,https://mitehuacan.mx/?ruta=15-frailes
1,Cocina Economica Vazquez,restaurante,97,18.47624,-97.397601,https://mitehuacan.mx/?ruta=15-frailes
1,Tacos Genaro,restaurante,97,18.465808,-97.391335,https://mitehuacan.mx/?ruta=15-frailes
1,Antojitos Mexicanos La Primera Concepcion,restaurante,99,18.46723,-97.398894,https://mitehuacan.mx/?ruta=15-frailes
1,Fonda Juquilita,restaurante,100,18.462783,-97.388465,https://mitehuacan.mx/?ruta=15-frailes
1,Venta De Hamburguesas La Papa Caliente,restaurante,100,18.469115,-97.401042,https://mitehuacan.mx/?ruta=15-frailes
1,Restaurat Burger Home,restaurante,101,18.455374,-97.387026,https://mitehuacan.mx/?ruta=15-frailes
1,Casa Vieja,restaurante,101,18.462114,-97.394636,https://mitehuacan.mx/?ruta=15-frailes
1,Antojitos De La Via,restaurante,102,18.474971,-97.408293,https://mitehuacan.mx/?ruta=15-frailes
1,Venta De Antojitos Sin Nombre,restaurante,102,18.467063,-97.398912,https://mitehuacan.mx/?ruta=15-frailes
1,Venta De Cucharon Sin Nombre,restaurante,102,18.456118,-97.384392,https://mitehuacan.mx/?ruta=15-frailes
1,Antojitos Sin Nombre,restaurante,103,18.466265,-97.398234,https://mitehuacan.mx/?ruta=15-frailes
1,Cocina Doña Sol,restaurante,103,18.469008,-97.401045,https://mitehuacan.mx/?ruta=15-frailes
1,Restaurante Lindo Mexico,restaurante,103,18.464042,-97.393102,https://mitehuacan.mx/?ruta=15-frailes
1,Taqueria Vic Taco,restaurante,103,18.463739,-97.389418,https://mitehuacan.mx/?ruta=15-frailes
1,Carnitas El Oasis,restaurante,104,18.463825,-97.393111,https://mitehuacan.mx/?ruta=15-frailes
1,Coctel Inn,restaurante,108,18.460709,-97.392462,https://mitehuacan.mx/?ruta=15-frailes
1,Venta De Memelitas Y Antojitos Sin Nombre,restaurante,108,18.457619,-97.389413,https://mitehuacan.mx/?ruta=15-frailes
1,Restaurante Chiltepe,restaurante,109,18.466611,-97.39303,https://mitehuacan.mx/?ruta=15-frailes
1,Antojitos Doña Siria,restaurante,110,18.455393,-97.38769,https://mitehuacan.mx/?ruta=15-frailes
1,Carnitas El Oasis,restaurante,110,18.465091,-97.397486,https://mitehuacan.mx/?ruta=15-frailes
1,Pizzas Angelotti,restaurante,110,18.459902,-97.391546,https://mitehuacan.mx/?ruta=15-frailes
1,Venta De Antojitos Mexicanos Doña Rosi,restaurante,112,18.465091,-97.397505,https://mitehuacan.mx/?ruta=15-frailes
1,Taqueria Manu,restaurante,113,18.474782,-97.398782,https://mitehuacan.mx/?ruta=15-frailes
1,Cocina Economica La Casita,restaurante,114,18.472062,-97.403697,https://mitehuacan.mx/?ruta=15-frailes
1,Restaurante Casa Amachu,restaurante,114,18.469926,-97.395606,https://mitehuacan.mx/?ruta=15-frailes
1,Tacos Y Tortas Del Del Boulevard,restaurante,115,18.473351,-97.399367,https://mitehuacan.mx/?ruta=15-frailes
1,Tacos Carranza,restaurante,116,18.461345,-97.392551,https://mitehuacan.mx/?ruta=15-frailes
1,Cocina Economica Un Cachito De Sabor,restaurante,117,18.464342,-97.397266,https://mitehuacan.mx/?ruta=15-frailes
1,Fonda Cecy,restaurante,117,18.46023,-97.385993,https://mitehuacan.mx/?ruta=15-frailes
1,Cocina Economica Sin Nombre,restaurante,122,18.459676,-97.390666,https://mitehuacan.mx/?ruta=15-frailes
1,Cocina Economica Como En Casa,restaurante,123,18.465014,-97.397612,https://mitehuacan.mx/?ruta=15-frailes
1,Venta De Carnitas Sin Nombre,restaurante,123,18.461903,-97.387106,https://mitehuacan.mx/?ruta=15-frailes
1,Tortas Y Tacos Leo,restaurante,125,18.466027,-97.397901,https://mitehuacan.mx/?ruta=15-frailes
1,Tacos Arabe Rickis,restaurante,126,18.461403,-97.392643,https://mitehuacan.mx/?ruta=15-frailes
1,Tortas Checkos,restaurante,126,18.461547,-97.39264,https://mitehuacan.mx/?ruta=15-frailes
1,Venta De Antojitos Mexicanos Sin Nombre,restaurante,126,18.460678,-97.385899,https://mitehuacan.mx/?ruta=15-frailes
1,Comida Rapida Pichos Originales,restaurante,127,18.467543,-97.393,https://mitehuacan.mx/?ruta=15-frailes
1,Loncheria El Antojo,restaurante,131,18.461708,-97.393606,https://mitehuacan.mx/?ruta=15-frailes
1,Loncheria Sin Nombre,restaurante,131,18.461711,-97.393739,https://mitehuacan.mx/?ruta=15-frailes
1,Sergios Antojos Tlalpeños,restaurante,131,18.461717,-97.393975,https://mitehuacan.mx/?ruta=15-frailes
1,Torteria Rico Rico,restaurante,131,18.461717,-97.393975,https://mitehuacan.mx/?ruta=15-frailes
1,Yankees Pizzas,restaurante,131,18.461721,-97.394163,https://mitehuacan.mx/?ruta=15-frailes
1,Restaurante Bar Infinity,restaurante,132,18.466935,-97.392799,https://mitehuacan.mx/?ruta=15-frailes
1,Taqueria Juquilita,restaurante,132,18.460748,-97.38584,https://mitehuacan.mx/?ruta=15-frailes
1,Antojitos La Bella Coapita,restaurante,133,18.474638,-97.399099,https://mitehuacan.mx/?ruta=15-frailes
1,Jacarandas Desayunos,restaurante,133,18.470418,-97.396405,https://mitehuacan.mx/?ruta=15-frailes
1,Restaurante Santa Lucia,restaurante,134,18.468631,-97.39512,https://mitehuacan.mx/?ruta=15-frailes
1,Restaurante Welik,restaurante,138,18.461657,-97.394166,https://mitehuacan.mx/?ruta=15-frailes
1,Antojitos Mexicanos Elo,restaurante,141,18.457188,-97.383959,https://mitehuacan.mx/?ruta=15-frailes
1,Pollos Rostizados Renata,restaurante,141,18.458327,-97.383884,https://mitehuacan.mx/?ruta=15-frailes
1,Puesto Taquitos De Carniceria Sin Nombre,restaurante,141,18.457324,-97.383946,https://mitehuacan.mx/?ruta=15-frailes
1,Taqueria El Gran Tako,restaurante,141,18.457459,-97.383937,https://mitehuacan.mx/?ruta=15-frailes
1,Taqueria Mac Tac,restaurante,141,18.461612,-97.393285,https://mitehuacan.mx/?ruta=15-frailes
1,Venta De Antojitos Mexicanos Sin Nombre,restaurante,141,18.457089,-97.383965,https://mitehuacan.mx/?ruta=15-frailes
1,Venta De Antojitos Mexicanos Sin Nombre,restaurante,141,18.458363,-97.383882,https://mitehuacan.mx/?ruta=15-frailes
1,Venta De Antojitos Sin Nombre,restaurante,141,18.457107,-97.383963,https://mitehuacan.mx/?ruta=15-frailes
1,Venta De Chicharron Sin Nombre,restaurante,141,18.458264,-97.383888,https://mitehuacan.mx/?ruta=15-frailes
1,Venta De Comida,restaurante,141,18.457767,-97.383918,https://mitehuacan.mx/?ruta=15-frailes
1,Venta De Loza Y Alcancias De Yeso,restaurante,141,18.457902,-97.38391,https://mitehuacan.mx/?ruta=15-frailes
1,Venta De Pollo Enchilado Sin Nombre,restaurante,141,18.456908,-97.383975,https://mitehuacan.mx/?ruta=15-frailes
1,Venta De Tacos Sin Nombre,restaurante,141,18.457261,-97.383952,https://mitehuacan.mx/?ruta=15-frailes
1,Cocina Economica Lupita,restaurante,142,18.472088,-97.402848,https://mitehuacan.mx/?ruta=15-frailes
1,Antojitos La Jarochita,restaurante,143,18.467029,-97.392696,https://mitehuacan.mx/?ruta=15-frailes
1,Restaurante Casa Oaxaca,restaurante,143,18.456395,-97.388605,https://mitehuacan.mx/?ruta=15-frailes
1,Jugos Tortas Y Licuados Mary,restaurante,148,18.467912,-97.400021,https://mitehuacan.mx/?ruta=15-frailes
1,Restaurante El Punto,restaurante,148,18.467992,-97.400576,https://mitehuacan.mx/?ruta=15-frailes
1,Santo Remedio,restaurante,148,18.469024,-97.401538,https://mitehuacan.mx/?ruta=15-frailes
1,Cocina Economica Casa Del Comensal,restaurante,149,18.464151,-97.389284,https://mitehuacan.mx/?ruta=15-frailes
1,Venta De Antojitos Sin Nombre,restaurante,149,18.455823,-97.38401,https://mitehuacan.mx/?ruta=15-frailes
1,Super Mi Es Mi Super,súper,0,18.458481,-97.386504,https://mitehuacan.mx/?ruta=15-frailes
1,Street Burger,súper,1,18.473231,-97.404527,https://mitehuacan.mx/?ruta=15-frailes
1,Venta De Sushi Asahui Sushi Ross,súper,4,18.46504,-97.394061,https://mitehuacan.mx/?ruta=15-frailes
1,Comida Japonesa Melche Food,súper,23,18.466957,-97.393837,https://mitehuacan.mx/?ruta=15-frailes
1,Centro Comercial Alatriste,súper,24,18.461037,-97.388238,https://mitehuacan.mx/?ruta=15-frailes
1,Vent De Comida Oni Hot Ramen,súper,48,18.464538,-97.393283,https://mitehuacan.mx/?ruta=15-frailes
1,Ta Barato,súper,75,18.46022,-97.391543,https://mitehuacan.mx/?ruta=15-frailes
1,Ta Barato,súper,75,18.460215,-97.391423,https://mitehuacan.mx/?ruta=15-frailes
1,Creepi Puercas,súper,76,18.464927,-97.39067,https://mitehuacan.mx/?ruta=15-frailes
1,Delicias La Casa Del Hojaldre,súper,111,18.463886,-97.393033,https://mitehuacan.mx/?ruta=15-frailes
1,Tamales De La Iglesia Del Carmen,taller,0,18.464975,-97.393211,https://mitehuacan.mx/?ruta=15-frailes
1,Venta De Elotes Gasper,taller,0,18.462174,-97.389459,https://mitehuacan.mx/?ruta=15-frailes
1,Venta De Elotes Sin Nombre,taller,0,18.471402,-97.401057,https://mitehuacan.mx/?ruta=15-frailes
1,Autoservicio Y Refacciones Gomez,taller,1,18.46754,-97.397942,https://mitehuacan.mx/?ruta=15-frailes
1,Club De Herbalife,taller,1,18.467053,-97.395048,https://mitehuacan.mx/?ruta=15-frailes
1,Frutas Coco Bongo,taller,1,18.46084,-97.388806,https://mitehuacan.mx/?ruta=15-frailes
1,La Mansion Banquetes Y Eventos,taller,1,18.467039,-97.394736,https://mitehuacan.mx/?ruta=15-frailes
1,Servicio Autoelectrico Mario,taller,1,18.476958,-97.407903,https://mitehuacan.mx/?ruta=15-frailes
1,Servicio Mecanico Garcia,taller,1,18.476038,-97.400353,https://mitehuacan.mx/?ruta=15-frailes
1,Venta De Productos De Herbalife Sin Nombre,taller,1,18.467486,-97.397944,https://mitehuacan.mx/?ruta=15-frailes
1,Auto Servicio Paco,taller,2,18.473608,-97.401273,https://mitehuacan.mx/?ruta=15-frailes
1,Hojalateria Ciro,taller,2,18.473546,-97.401281,https://mitehuacan.mx/?ruta=15-frailes
1,Hojalateria Y Pintura Al Taller Del Maestro,taller,2,18.473527,-97.401284,https://mitehuacan.mx/?ruta=15-frailes
1,Mecanica Industrial Zarate,taller,2,18.47028,-97.39782,https://mitehuacan.mx/?ruta=15-frailes
1,Servicios De Reparacion Refrigeradores Lav,taller,2,18.468454,-97.397908,https://mitehuacan.mx/?ruta=15-frailes
1,Taller De Costura Sin Nombre,taller,2,18.469502,-97.397853,https://mitehuacan.mx/?ruta=15-frailes
1,Club De Nutricion Sin Nombre,taller,3,18.471049,-97.397791,https://mitehuacan.mx/?ruta=15-frailes
1,Coco Bongo,taller,3,18.459096,-97.387104,https://mitehuacan.mx/?ruta=15-frailes
1,La Esquina Del Sabor,taller,3,18.470497,-97.397813,https://mitehuacan.mx/?ruta=15-frailes
1,Servicio De Banquetes El Manjar,taller,3,18.480455,-97.402994,https://mitehuacan.mx/?ruta=15-frailes
1,Taller De Joyeria Poly,taller,3,18.460915,-97.391232,https://mitehuacan.mx/?ruta=15-frailes
1,Taller De Reparacion De Bocinas,taller,3,18.458616,-97.389289,https://mitehuacan.mx/?ruta=15-frailes
1,Tortas Y Jugos Sin Nombre,taller,3,18.4692,-97.398733,https://mitehuacan.mx/?ruta=15-frailes
1,Servicio Automotriz Esmeralda,taller,4,18.478048,-97.403616,https://mitehuacan.mx/?ruta=15-frailes
1,Servicio Automotriz Luna,taller,4,18.459713,-97.387154,https://mitehuacan.mx/?ruta=15-frailes
1,Servicio De Reparacion De Electrodomesticos Osorio,taller,4,18.469103,-97.396351,https://mitehuacan.mx/?ruta=15-frailes
1,Servicio Mecanico Automotriz Navor,taller,4,18.478043,-97.403958,https://mitehuacan.mx/?ruta=15-frailes
1,The Corn Bowl,taller,4,18.46449,-97.394082,https://mitehuacan.mx/?ruta=15-frailes
1,Dulceria Dorilocos,taller,6,18.463283,-97.391371,https://mitehuacan.mx/?ruta=15-frailes
1,Elaboracion De Tenate,taller,6,18.470297,-97.400347,https://mitehuacan.mx/?ruta=15-frailes
1,Servicio Automotriz Jimenez,taller,6,18.45669,-97.387175,https://mitehuacan.mx/?ruta=15-frailes
1,Servicio Automotriz Lavoignet,taller,6,18.45659,-97.387178,https://mitehuacan.mx/?ruta=15-frailes
1,Taller De Embobinados Koke,taller,6,18.469463,-97.400124,https://mitehuacan.mx/?ruta=15-frailes
1,Taller Electrico Automotriz Icn Servicios Electricos,taller,6,18.478179,-97.405205,https://mitehuacan.mx/?ruta=15-frailes
1,Taller Mecanico Autotec,taller,6,18.477034,-97.407967,https://mitehuacan.mx/?ruta=15-frailes
1,Venta De Papas Fritas Y Frituras,taller,6,18.457513,-97.387143,https://mitehuacan.mx/?ruta=15-frailes
1,Venta De Papas Sin Nombre,taller,6,18.463301,-97.39137,https://mitehuacan.mx/?ruta=15-frailes
1,Centro De Nutricion Herbalife,taller,7,18.464973,-97.395801,https://mitehuacan.mx/?ruta=15-frailes
1,Servicio Automotriz Jr,taller,7,18.45617,-97.385605,https://mitehuacan.mx/?ruta=15-frailes
1,Taller Mecanico Jma,taller,7,18.476624,-97.403948,https://mitehuacan.mx/?ruta=15-frailes
1,Taller Mecanico Sin Nombre,taller,7,18.472369,-97.398788,https://mitehuacan.mx/?ruta=15-frailes
1,Costurera,taller,8,18.477591,-97.400372,https://mitehuacan.mx/?ruta=15-frailes
1,Infraestructura Vial Y Asfaltos,taller,8,18.476685,-97.398672,https://mitehuacan.mx/?ruta=15-frailes
1,Servicio Automotriz Elchilo,taller,8,18.475394,-97.406238,https://mitehuacan.mx/?ruta=15-frailes
1,Servicio Ruiz,taller,8,18.472369,-97.398095,https://mitehuacan.mx/?ruta=15-frailes
1,Venta De Papas Sin Nombre,taller,9,18.46075,-97.388999,https://mitehuacan.mx/?ruta=15-frailes
1,Venta De Postres Fruti Rico,taller,9,18.460773,-97.389937,https://mitehuacan.mx/?ruta=15-frailes
1,Club De Nutricion Herbalife,taller,10,18.458527,-97.385288,https://mitehuacan.mx/?ruta=15-frailes
1,Dikar Hojalateria Y Pintura,taller,10,18.467519,-97.397838,https://mitehuacan.mx/?ruta=15-frailes
1,Servicio Automotriz Mendoza,taller,10,18.480831,-97.404489,https://mitehuacan.mx/?ruta=15-frailes
1,Taller Mecanico Universal,taller,10,18.48033,-97.399228,https://mitehuacan.mx/?ruta=15-frailes
1,Torno Truco,taller,10,18.476401,-97.402153,https://mitehuacan.mx/?ruta=15-frailes
1,Venta De Donas Y Churros Sin Nombre,taller,10,18.458509,-97.38952,https://mitehuacan.mx/?ruta=15-frailes
1,Club De Nutricion Herbalife,taller,11,18.458633,-97.387732,https://mitehuacan.mx/?ruta=15-frailes
1,Club De Nutricion Herbalife,taller,11,18.46986,-97.400086,https://mitehuacan.mx/?ruta=15-frailes
1,Servicio Electrico Automotriz Oropeza,taller,11,18.475551,-97.407085,https://mitehuacan.mx/?ruta=15-frailes
1,Atoles Y Tamales Sanchez,taller,12,18.458606,-97.386908,https://mitehuacan.mx/?ruta=15-frailes
1,Venta De Aguas Frescas El Jarocho,taller,13,18.457488,-97.385152,https://mitehuacan.mx/?ruta=15-frailes
1,Aforos Equipos Y Mantenimientos,taller,14,18.472168,-97.398026,https://mitehuacan.mx/?ruta=15-frailes
1,Club Ismerely,taller,14,18.458029,-97.385372,https://mitehuacan.mx/?ruta=15-frailes
1,Venta De Aguas Frescas El Numero 1,taller,14,18.461572,-97.389588,https://mitehuacan.mx/?ruta=15-frailes
1,Venta De Tamales Y Atole Sin Nombre,taller,14,18.457289,-97.385157,https://mitehuacan.mx/?ruta=15-frailes
1,Atoles Y Tamales Chayito,taller,15,18.457382,-97.385422,https://mitehuacan.mx/?ruta=15-frailes
1,Club De Nutricion Herbalife,taller,15,18.459211,-97.389386,https://mitehuacan.mx/?ruta=15-frailes
1,Herbalife Club De Nutricion,taller,15,18.456638,-97.385185,https://mitehuacan.mx/?ruta=15-frailes
1,Taller De Joyeria Lrj,taller,15,18.462948,-97.389655,https://mitehuacan.mx/?ruta=15-frailes
1,Venta De Tempesquistles Preparados Sin Nombre,taller,15,18.456683,-97.385184,https://mitehuacan.mx/?ruta=15-frailes
1,Club De Nutricion Herbalife,taller,16,18.456484,-97.385192,https://mitehuacan.mx/?ruta=15-frailes
1,Relojeria Casa Virginia,taller,16,18.458867,-97.389391,https://mitehuacan.mx/?ruta=15-frailes
1,Taller De Relojeria La Abj,taller,16,18.458822,-97.389391,https://mitehuacan.mx/?ruta=15-frailes
1,Taller De Reparacion Aceros Inoxidables Tehuacan,taller,17,18.456386,-97.385523,https://mitehuacan.mx/?ruta=15-frailes
1,Venta De Yogur Natural Yogus,taller,17,18.464702,-97.393953,https://mitehuacan.mx/?ruta=15-frailes
1,Servicio Electrico Cuper,taller,19,18.4705,-97.39997,https://mitehuacan.mx/?ruta=15-frailes
1,Venta De Elotes Y Esquites Sin Nombre,taller,20,18.458426,-97.385026,https://mitehuacan.mx/?ruta=15-frailes
1,Reparacion De Computadoras Automotrices Prosoft Automotriz,taller,23,18.471912,-97.399676,https://mitehuacan.mx/?ruta=15-frailes
1,Club Nutricional De Herbalife,taller,28,18.461948,-97.391178,https://mitehuacan.mx/?ruta=15-frailes
1,Grabados Juanito,taller,28,18.461948,-97.391178,https://mitehuacan.mx/?ruta=15-frailes
1,Taller Mecanico Cortes,taller,29,18.475813,-97.398349,https://mitehuacan.mx/?ruta=15-frailes
1,Mobil Audio Sistem,taller,34,18.467195,-97.398279,https://mitehuacan.mx/?ruta=15-frailes
1,Club De Nutricion Herbalife,taller,41,18.475772,-97.40884,https://mitehuacan.mx/?ruta=15-frailes
1,Servicio Automotriz Huerta,taller,44,18.478107,-97.401526,https://mitehuacan.mx/?ruta=15-frailes
1,Taller De Joyeria Sin Nombre,taller,45,18.461577,-97.389037,https://mitehuacan.mx/?ruta=15-frailes
1,Servicio Automotriz De Jesus,taller,46,18.474416,-97.402781,https://mitehuacan.mx/?ruta=15-frailes
1,Taller De Composturas Sin Nombre,taller,46,18.470532,-97.401617,https://mitehuacan.mx/?ruta=15-frailes
1,Centro De Nutricion Del Eco,taller,48,18.467058,-97.393606,https://mitehuacan.mx/?ruta=15-frailes
1,Taller De Mecanica Automotriz Sin Nombre,taller,48,18.470738,-97.40068,https://mitehuacan.mx/?ruta=15-frailes
1,Taller Mecanico El Tico,taller,48,18.478804,-97.405654,https://mitehuacan.mx/?ruta=15-frailes
1,Composturas,taller,51,18.473055,-97.401851,https://mitehuacan.mx/?ruta=15-frailes
1,Servicio De Hojalateria Y Pintura Centro Automotriz Cadillac,taller,51,18.456272,-97.387736,https://mitehuacan.mx/?ruta=15-frailes
1,Club De Nutricion Herbalife,taller,55,18.460828,-97.391975,https://mitehuacan.mx/?ruta=15-frailes
1,Reparacion De Relojes Y Alhajas,taller,55,18.460828,-97.391975,https://mitehuacan.mx/?ruta=15-frailes
1,Composturas Sin Nombre,taller,57,18.478525,-97.403337,https://mitehuacan.mx/?ruta=15-frailes
1,Gelatinas Fruti Rico,taller,57,18.463323,-97.389432,https://mitehuacan.mx/?ruta=15-frailes
1,Taller De Hojalateria Mazda,taller,59,18.475025,-97.406715,https://mitehuacan.mx/?ruta=15-frailes
1,Venta De Productos Naturistas Club De Nutricion,taller,60,18.463337,-97.389303,https://mitehuacan.mx/?ruta=15-frailes
1,Polarizados Mg,taller,61,18.468701,-97.4001,https://mitehuacan.mx/?ruta=15-frailes
1,Servicio De Transmisiones De Transmisiones Jc,taller,61,18.474794,-97.400675,https://mitehuacan.mx/?ruta=15-frailes
1,Electrica Max Jr,taller,62,18.458039,-97.389525,https://mitehuacan.mx/?ruta=15-frailes
1,Servicio Automotriz Junior,taller,70,18.475309,-97.408514,https://mitehuacan.mx/?ruta=15-frailes
1,Esquites Don Boni,taller,71,18.469106,-97.400757,https://mitehuacan.mx/?ruta=15-frailes
1,Venta De Elotes Y Esquites Sin Nombre,taller,73,18.4731,-97.403004,https://mitehuacan.mx/?ruta=15-frailes
1,Servicio Electrico Y Mecanico,taller,77,18.46863,-97.40043,https://mitehuacan.mx/?ruta=15-frailes
1,Composturas Contreras,taller,78,18.477215,-97.403434,https://mitehuacan.mx/?ruta=15-frailes
1,Reparaciones Hidraulicas De Camiones Pesados Juquilita,taller,78,18.473244,-97.402085,https://mitehuacan.mx/?ruta=15-frailes
1,Taller Electrico Industrial Galo,taller,80,18.458296,-97.390239,https://mitehuacan.mx/?ruta=15-frailes
1,Venta De Elotes Y Esquites,taller,82,18.46008,-97.38822,https://mitehuacan.mx/?ruta=15-frailes
1,Servicio Hernandez Refrigeracion Domestica Y Comercial,taller,83,18.457849,-97.389526,https://mitehuacan.mx/?ruta=15-frailes
1,Taller Cesmar,taller,86,18.473062,-97.397615,https://mitehuacan.mx/?ruta=15-frailes
1,Venta Y Recarga De Extintores,taller,89,18.464785,-97.397245,https://mitehuacan.mx/?ruta=15-frailes
1,Club Nutricion De Herbalife Sin Nombre,taller,91,18.455408,-97.385431,https://mitehuacan.mx/?ruta=15-frailes
1,Taller De Suspenciones Vegar,taller,92,18.461493,-97.386621,https://mitehuacan.mx/?ruta=15-frailes
1,Embobinados Lara,taller,93,18.46076,-97.386209,https://mitehuacan.mx/?ruta=15-frailes
1,Taller De Hojalateria Y Pintura Naty,taller,94,18.473055,-97.402806,https://mitehuacan.mx/?ruta=15-frailes
1,Mantenimiento Industrial,taller,96,18.467916,-97.395134,https://mitehuacan.mx/?ruta=15-frailes
1,Taller Joyero La Bonita,taller,98,18.463769,-97.393038,https://mitehuacan.mx/?ruta=15-frailes
1,Club De Nutricion Sin Nombre,taller,99,18.461686,-97.387108,https://mitehuacan.mx/?ruta=15-frailes
1,Servicio Mecanico H Performace,taller,99,18.467768,-97.398866,https://mitehuacan.mx/?ruta=15-frailes
1,Servicompresores Rg,taller,102,18.473234,-97.399391,https://mitehuacan.mx/?ruta=15-frailes
1,Taller Mecanico General El Motor De Tehuacan,taller,102,18.474863,-97.407808,https://mitehuacan.mx/?ruta=15-frailes
1,Que Le Doy Servicios De Antojitos,taller,103,18.464042,-97.393102,https://mitehuacan.mx/?ruta=15-frailes
1,Taller Mecanico Sin Nombre,taller,103,18.474863,-97.400243,https://mitehuacan.mx/?ruta=15-frailes
1,Club De Nutricion Colibri,taller,104,18.455388,-97.3875,https://mitehuacan.mx/?ruta=15-frailes
1,Club De Nutricion Herbalife,taller,109,18.460646,-97.39246,https://mitehuacan.mx/?ruta=15-frailes
1,Tecnica Automotriz Josue,taller,110,18.471148,-97.402208,https://mitehuacan.mx/?ruta=15-frailes
1,Taller Mecanico Servicio Automotriz Zarate,taller,111,18.467672,-97.398985,https://mitehuacan.mx/?ruta=15-frailes
1,Venta De Frituras Sin Nombre,taller,112,18.467491,-97.398996,https://mitehuacan.mx/?ruta=15-frailes
1,Muelles Vidal,taller,114,18.462779,-97.388333,https://mitehuacan.mx/?ruta=15-frailes
1,Auto Servicio Carrera,taller,117,18.473355,-97.398385,https://mitehuacan.mx/?ruta=15-frailes
1,Herbalife Club Sin Nombre,taller,117,18.45561,-97.384453,https://mitehuacan.mx/?ruta=15-frailes
1,Servicio De Hojalateria Vidal,taller,119,18.459517,-97.38548,https://mitehuacan.mx/?ruta=15-frailes
1,Club Herbalife Color Esperanza,taller,120,18.459196,-97.390668,https://mitehuacan.mx/?ruta=15-frailes
1,Hojalateria Y Pintura De Automoviles Y Camiones Son Nombre,taller,122,18.463947,-97.396504,https://mitehuacan.mx/?ruta=15-frailes
1,Sistemas Hidraulico De Tehuacan,taller,122,18.473413,-97.399355,https://mitehuacan.mx/?ruta=15-frailes
1,Venta De Elotes El Esquiton,taller,122,18.466644,-97.392906,https://mitehuacan.mx/?ruta=15-frailes
1,Club De Nutricion,taller,123,18.457472,-97.389175,https://mitehuacan.mx/?ruta=15-frailes
1,Club De Nutricion Herba Life,taller,123,18.457498,-97.389696,https://mitehuacan.mx/?ruta=15-frailes
1,Servicios De Preparación De Otros Alimentos Para Consumo Inm,taller,124,18.466039,-97.398005,https://mitehuacan.mx/?ruta=15-frailes
1,Fruti Rico,taller,126,18.46124,-97.392645,https://mitehuacan.mx/?ruta=15-frailes
1,Licuados Sin Nombre,taller,127,18.463952,-97.389288,https://mitehuacan.mx/?ruta=15-frailes
1,Servicio Automotriz Rching,taller,128,18.456388,-97.388463,https://mitehuacan.mx/?ruta=15-frailes
1,Llantas Y Servicio Nacozari,taller,130,18.468154,-97.400541,https://mitehuacan.mx/?ruta=15-frailes
1,Papas Fritas,taller,132,18.460748,-97.38584,https://mitehuacan.mx/?ruta=15-frailes
1,Servicio Electrico Carrera,taller,132,18.457373,-97.388591,https://mitehuacan.mx/?ruta=15-frailes
1,Taller Mecanico Diesel Y Gasolina Lalo,taller,132,18.459217,-97.384268,https://mitehuacan.mx/?ruta=15-frailes
1,Taller Mecanico Valerio,taller,138,18.474621,-97.39931,https://mitehuacan.mx/?ruta=15-frailes
1,Club Ismerely,taller,141,18.45708,-97.383965,https://mitehuacan.mx/?ruta=15-frailes
1,Venta De Atole Y Tamales Sin Nombre,taller,141,18.458273,-97.383887,https://mitehuacan.mx/?ruta=15-frailes
1,Venta De Cocteles De Fruta Sin Nombre,taller,141,18.457351,-97.383944,https://mitehuacan.mx/?ruta=15-frailes
1,K Chicrepas,taller,145,18.463125,-97.395531,https://mitehuacan.mx/?ruta=15-frailes
1,Club De Nutricion Herbalife,taller,149,18.458099,-97.383825,https://mitehuacan.mx/?ruta=15-frailes
1,Herbalefe,taller,149,18.459764,-97.384998,https://mitehuacan.mx/?ruta=15-frailes
1,Clinica Veterinaria Villa Mascota,veterinaria,2,18.467175,-97.397795,https://mitehuacan.mx/?ruta=15-frailes
1,Veterinaria Santa Cruz,veterinaria,2,18.462491,-97.389456,https://mitehuacan.mx/?ruta=15-frailes
1,Veterinaria San Francisco,veterinaria,8,18.477396,-97.398217,https://mitehuacan.mx/?ruta=15-frailes
1,Hospital Veterinario,veterinaria,12,18.470311,-97.400014,https://mitehuacan.mx/?ruta=15-frailes
1,Venta De Alimentos Para Aves Alimentos Balanceados La Granji,veterinaria,13,18.462206,-97.389332,https://mitehuacan.mx/?ruta=15-frailes
1,Farmacia Veterinaria Doctor Balvanera De Tehuacan Sa De Cv,veterinaria,17,18.464693,-97.393953,https://mitehuacan.mx/?ruta=15-frailes
1,Veterinaria Dogxo,veterinaria,20,18.479841,-97.399712,https://mitehuacan.mx/?ruta=15-frailes
1,Veterinaria Catdog,veterinaria,29,18.479823,-97.399627,https://mitehuacan.mx/?ruta=15-frailes
1,Forrajera Hidalgo,veterinaria,52,18.457336,-97.386714,https://mitehuacan.mx/?ruta=15-frailes
1,Alpesur Tehuacan,veterinaria,57,18.457334,-97.386661,https://mitehuacan.mx/?ruta=15-frailes
1,Veterinaria San Marcos,veterinaria,68,18.457408,-97.386559,https://mitehuacan.mx/?ruta=15-frailes
1,Division Agripecuaria Diagro,veterinaria,72,18.468602,-97.40012,https://mitehuacan.mx/?ruta=15-frailes
1,Nutrialimentos Plus Tehuacan S.A. De C.V,veterinaria,73,18.459069,-97.385041,https://mitehuacan.mx/?ruta=15-frailes
1,Veterinaria Belka,veterinaria,74,18.456364,-97.387951,https://mitehuacan.mx/?ruta=15-frailes
1,Norel,veterinaria,76,18.457395,-97.386,https://mitehuacan.mx/?ruta=15-frailes
1,Clinica Veterinaria La Huella,veterinaria,91,18.467809,-97.393994,https://mitehuacan.mx/?ruta=15-frailes
1,Veterinaria Mundo Animal,veterinaria,113,18.465956,-97.391438,https://mitehuacan.mx/?ruta=15-frailes
1,Nutrimentos Plus,veterinaria,148,18.46277,-97.38801,https://mitehuacan.mx/?ruta=15-frailes
1,Ópticas Bulas,óptica,6,18.464964,-97.395066,https://mitehuacan.mx/?ruta=15-frailes
2,Abarrotes 3 Estrellas,abarrotes,0,18.458466,-97.386002,https://mitehuacan.mx/?ruta=15-frailes
2,Abarrotes El Gallo De Tehuacan,abarrotes,0,18.460806,-97.387678,https://mitehuacan.mx/?ruta=15-frailes
2,Cremeria Luna,abarrotes,0,18.481091,-97.406141,https://mitehuacan.mx/?ruta=15-frailes
2,Mi Tiendita,abarrotes,0,18.458463,-97.385879,https://mitehuacan.mx/?ruta=15-frailes
2,Miscelanea Citlali,abarrotes,0,18.465043,-97.396349,https://mitehuacan.mx/?ruta=15-frailes
2,Miscelanea El Recodito,abarrotes,0,18.465044,-97.396169,https://mitehuacan.mx/?ruta=15-frailes
2,Miscelanea La Cremeria,abarrotes,0,18.465013,-97.39487,https://mitehuacan.mx/?ruta=15-frailes
2,Miscelanea Sin Nombre,abarrotes,0,18.472211,-97.401475,https://mitehuacan.mx/?ruta=15-frailes
2,Tienda La Montaña,abarrotes,0,18.458498,-97.386854,https://mitehuacan.mx/?ruta=15-frailes
2,Tienda Sin Nombre,abarrotes,0,18.477279,-97.398945,https://mitehuacan.mx/?ruta=15-frailes
2,Venta De Abarrotes Ultramarinos Y Miscelaneas,abarrotes,0,18.460791,-97.387214,https://mitehuacan.mx/?ruta=15-frailes
2,Venta De Huevo El Arcangel,abarrotes,0,18.474883,-97.404499,https://mitehuacan.mx/?ruta=15-frailes
2,Abarrotes La Guadalupana,abarrotes,1,18.460065,-97.389479,https://mitehuacan.mx/?ruta=15-frailes
2,Abarrotes La Poblanita,abarrotes,1,18.460837,-97.388683,https://mitehuacan.mx/?ruta=15-frailes
2,Miscelanea Cuello,abarrotes,1,18.478715,-97.407758,https://mitehuacan.mx/?ruta=15-frailes
2,Miscelanea El Arca De Noe,abarrotes,1,18.477489,-97.400285,https://mitehuacan.mx/?ruta=15-frailes
2,Miscelanea Jimenez,abarrotes,1,18.458448,-97.385357,https://mitehuacan.mx/?ruta=15-frailes
2,Miscelanea Las Brisas,abarrotes,1,18.458555,-97.38802,https://mitehuacan.mx/?ruta=15-frailes
2,Miscelanea Mago,abarrotes,1,18.47868,-97.407295,https://mitehuacan.mx/?ruta=15-frailes
2,Miscelanea Mini Super,abarrotes,1,18.475842,-97.399097,https://mitehuacan.mx/?ruta=15-frailes
2,Miscelanea Portes Gil,abarrotes,1,18.480891,-97.405169,https://mitehuacan.mx/?ruta=15-frailes
2,Miscelanea Sin Nombre,abarrotes,1,18.467053,-97.395048,https://mitehuacan.mx/?ruta=15-frailes
2,Miscelanea Sin Nombre,abarrotes,1,18.475158,-97.404472,https://mitehuacan.mx/?ruta=15-frailes
2,Miscelanea Velazquez,abarrotes,1,18.477493,-97.400314,https://mitehuacan.mx/?ruta=15-frailes
2,Abarrotes Sin Nombre,abarrotes,2,18.458574,-97.388417,https://mitehuacan.mx/?ruta=15-frailes
2,Miscelanea Beristain,abarrotes,2,18.467124,-97.396365,https://mitehuacan.mx/?ruta=15-frailes
2,Miscelanea De La Siete Ysiete,abarrotes,2,18.456801,-97.387248,https://mitehuacan.mx/?ruta=15-frailes
2,Miscelanea La Tiendita,abarrotes,2,18.480106,-97.401307,https://mitehuacan.mx/?ruta=15-frailes
2,Miscelanea Lety,abarrotes,2,18.477516,-97.400522,https://mitehuacan.mx/?ruta=15-frailes
2,Miscelanea Norma,abarrotes,2,18.480839,-97.404869,https://mitehuacan.mx/?ruta=15-frailes
2,Miscelanea Sebastian,abarrotes,2,18.470316,-97.397818,https://mitehuacan.mx/?ruta=15-frailes
2,Miscelanea Sin Nombre,abarrotes,2,18.473904,-97.401154,https://mitehuacan.mx/?ruta=15-frailes
2,Miscelanea Camacho,abarrotes,3,18.475281,-97.405208,https://mitehuacan.mx/?ruta=15-frailes
2,Miscelanea Los Arcos,abarrotes,3,18.458139,-97.387192,https://mitehuacan.mx/?ruta=15-frailes
2,Miscelanea Rosy,abarrotes,3,18.459422,-97.387096,https://mitehuacan.mx/?ruta=15-frailes
2,Miscelanea Sanchez,abarrotes,3,18.466612,-97.396453,https://mitehuacan.mx/?ruta=15-frailes
2,Terminal Independencia,abarrotes,3,18.462847,-97.390275,https://mitehuacan.mx/?ruta=15-frailes
2,Tienda De Abarrotes Dany,abarrotes,3,18.460761,-97.389492,https://mitehuacan.mx/?ruta=15-frailes
2,Abarrotes Ofeve De Tehuacan,abarrotes,4,18.460184,-97.387143,https://mitehuacan.mx/?ruta=15-frailes
2,Comercio Al Por Mayor De Abarrotes Sin Nombre,abarrotes,4,18.460242,-97.387142,https://mitehuacan.mx/?ruta=15-frailes
2,Miscelanea Anhel,abarrotes,4,18.468898,-97.396432,https://mitehuacan.mx/?ruta=15-frailes
2,Miscelanea El Tambor Magico,abarrotes,4,18.466977,-97.394018,https://mitehuacan.mx/?ruta=15-frailes
2,Miscelanea Karina,abarrotes,4,18.473256,-97.403645,https://mitehuacan.mx/?ruta=15-frailes
2,Miscelanea Sin Nombre,abarrotes,4,18.480507,-97.403229,https://mitehuacan.mx/?ruta=15-frailes
2,Miscelanea Vainilla Y Chocolate,abarrotes,4,18.471894,-97.401555,https://mitehuacan.mx/?ruta=15-frailes
2,Tienda Sin Nombre,abarrotes,4,18.46031,-97.38714,https://mitehuacan.mx/?ruta=15-frailes
2,Abarrotes Hernandez,abarrotes,5,18.478407,-97.406031,https://mitehuacan.mx/?ruta=15-frailes
2,Miscelanea El Estudiante,abarrotes,5,18.469156,-97.396334,https://mitehuacan.mx/?ruta=15-frailes
2,Miscelanea La Cabañita,abarrotes,5,18.477963,-97.404633,https://mitehuacan.mx/?ruta=15-frailes
2,Miscelanea Nuevo Mundo,abarrotes,5,18.464939,-97.391343,https://mitehuacan.mx/?ruta=15-frailes
2,Miscelanea Pibe,abarrotes,5,18.477948,-97.402737,https://mitehuacan.mx/?ruta=15-frailes
2,Miscelanea Sin Nombre,abarrotes,5,18.4783,-97.405266,https://mitehuacan.mx/?ruta=15-frailes
2,Abarrotes Cadena,abarrotes,6,18.457572,-97.385214,https://mitehuacan.mx/?ruta=15-frailes
2,Miscelanea El Angel 1,abarrotes,6,18.456238,-97.387188,https://mitehuacan.mx/?ruta=15-frailes
2,Miscelanea Elcamino,abarrotes,6,18.476734,-97.405083,https://mitehuacan.mx/?ruta=15-frailes
2,Miscelanea Juquilita,abarrotes,6,18.457648,-97.387137,https://mitehuacan.mx/?ruta=15-frailes
2,Miscelanea Mini Ocsito,abarrotes,6,18.463518,-97.391362,https://mitehuacan.mx/?ruta=15-frailes
2,Tienda La Ventanita,abarrotes,6,18.478016,-97.404791,https://mitehuacan.mx/?ruta=15-frailes
2,Abarrotes La Hacienda,abarrotes,7,18.456179,-97.385794,https://mitehuacan.mx/?ruta=15-frailes
2,Miscelanea Conchita,abarrotes,7,18.47112,-97.401017,https://mitehuacan.mx/?ruta=15-frailes
2,Miscelanea Isis,abarrotes,7,18.456193,-97.386097,https://mitehuacan.mx/?ruta=15-frailes
2,Miscelanea Rebeca,abarrotes,7,18.479294,-97.407774,https://mitehuacan.mx/?ruta=15-frailes
2,Miscelanea San Miguel,abarrotes,7,18.475933,-97.398835,https://mitehuacan.mx/?ruta=15-frailes
2,Tendajon Sin Nombre,abarrotes,7,18.477002,-97.407541,https://mitehuacan.mx/?ruta=15-frailes
2,Tienda Sin Nombre,abarrotes,7,18.472325,-97.401366,https://mitehuacan.mx/?ruta=15-frailes
2,Miscelanea El Convento,abarrotes,8,18.476787,-97.405425,https://mitehuacan.mx/?ruta=15-frailes
2,Miscelanea Lupita,abarrotes,8,18.479911,-97.40074,https://mitehuacan.mx/?ruta=15-frailes
2,Miscelanea San Nicolas,abarrotes,8,18.476062,-97.399944,https://mitehuacan.mx/?ruta=15-frailes
2,Miscelanea Tania,abarrotes,8,18.476912,-97.406586,https://mitehuacan.mx/?ruta=15-frailes
2,Pollo Y Verduras Sin Nombre,abarrotes,8,18.481073,-97.407619,https://mitehuacan.mx/?ruta=15-frailes
2,Abarrotes La Corona De Tehuacan,abarrotes,9,18.460777,-97.390061,https://mitehuacan.mx/?ruta=15-frailes
2,Abarrotes Mendoza,abarrotes,9,18.460727,-97.387814,https://mitehuacan.mx/?ruta=15-frailes
2,Estacionamiento La Corona,abarrotes,9,18.460738,-97.388324,https://mitehuacan.mx/?ruta=15-frailes
2,Miscelanea Herrera,abarrotes,9,18.476531,-97.403079,https://mitehuacan.mx/?ruta=15-frailes
2,Miscelanea Jalhy,abarrotes,9,18.469151,-97.398795,https://mitehuacan.mx/?ruta=15-frailes
2,Miscelanea Sanchez,abarrotes,9,18.473885,-97.4047,https://mitehuacan.mx/?ruta=15-frailes
2,Tienda Sin Nombre,abarrotes,9,18.477355,-97.398904,https://mitehuacan.mx/?ruta=15-frailes
2,Abarrotes Conchita,abarrotes,10,18.4586,-97.387249,https://mitehuacan.mx/?ruta=15-frailes
2,Mini Super La Guereja,abarrotes,10,18.462785,-97.389318,https://mitehuacan.mx/?ruta=15-frailes
2,Miscelanea El Retoño,abarrotes,10,18.467953,-97.397822,https://mitehuacan.mx/?ruta=15-frailes
2,Miscelanea Rodriguez,abarrotes,10,18.4814,-97.407089,https://mitehuacan.mx/?ruta=15-frailes
2,Weekend Mini Super,abarrotes,11,18.474835,-97.403494,https://mitehuacan.mx/?ruta=15-frailes
2,Abarrotes La Unica,abarrotes,12,18.4586,-97.386652,https://mitehuacan.mx/?ruta=15-frailes
2,Abarrotes Ofeve De Tehuacan,abarrotes,12,18.460233,-97.389374,https://mitehuacan.mx/?ruta=15-frailes
2,Abarrotes Ofeve De Tehuacan,abarrotes,12,18.460048,-97.389377,https://mitehuacan.mx/?ruta=15-frailes
2,Miscelanea Las Maravillas,abarrotes,12,18.480199,-97.401322,https://mitehuacan.mx/?ruta=15-frailes
2,Miscelanea Sari,abarrotes,12,18.465078,-97.392942,https://mitehuacan.mx/?ruta=15-frailes
2,Tienda De Abarrotes Comercializadora Casa Hernandez,abarrotes,12,18.461609,-97.389347,https://mitehuacan.mx/?ruta=15-frailes
2,Miscelanea Silvia,abarrotes,13,18.457813,-97.385127,https://mitehuacan.mx/?ruta=15-frailes
2,Miscelanea Sin Nombre,abarrotes,13,18.477591,-97.401557,https://mitehuacan.mx/?ruta=15-frailes
2,Venta De Huevo Sin Nombre,abarrotes,13,18.457677,-97.385137,https://mitehuacan.mx/?ruta=15-frailes
2,Abarrotes San Marcos,abarrotes,14,18.457144,-97.385163,https://mitehuacan.mx/?ruta=15-frailes
2,Minisuper Bombon,abarrotes,14,18.476202,-97.40054,https://mitehuacan.mx/?ruta=15-frailes
2,Miscelanea Danfer,abarrotes,14,18.457271,-97.385158,https://mitehuacan.mx/?ruta=15-frailes
2,Miscelanea Fany,abarrotes,14,18.469109,-97.39891,https://mitehuacan.mx/?ruta=15-frailes
2,Miscelanea Juquilita,abarrotes,14,18.457316,-97.385157,https://mitehuacan.mx/?ruta=15-frailes
2,Miscelanea La Purisima,abarrotes,14,18.457298,-97.385157,https://mitehuacan.mx/?ruta=15-frailes
2,Miscelanea Lupita,abarrotes,14,18.4754,-97.406523,https://mitehuacan.mx/?ruta=15-frailes
2,Miscelanea Mi Tiendita,abarrotes,14,18.480611,-97.407603,https://mitehuacan.mx/?ruta=15-frailes
2,Refrescos Y Antojitos,abarrotes,14,18.457307,-97.385157,https://mitehuacan.mx/?ruta=15-frailes
2,Tienda Las Gemelas,abarrotes,14,18.457316,-97.385157,https://mitehuacan.mx/?ruta=15-frailes
2,Venta De Abarrotes Sin Nombre,abarrotes,14,18.457289,-97.385157,https://mitehuacan.mx/?ruta=15-frailes
2,Venta De Cafe Y Abarrotes Cafe Puro Cafe Y Abarrotes,abarrotes,14,18.457307,-97.385157,https://mitehuacan.mx/?ruta=15-frailes
2,Miscelanea Dani,abarrotes,15,18.480386,-97.40217,https://mitehuacan.mx/?ruta=15-frailes
2,Miscelanea Girasol,abarrotes,15,18.456819,-97.385178,https://mitehuacan.mx/?ruta=15-frailes
2,Miscelanea Juquilita,abarrotes,15,18.47603,-97.40864,https://mitehuacan.mx/?ruta=15-frailes
2,Venta De Articulos De Abarrotes Sin Nombre,abarrotes,15,18.456728,-97.385182,https://mitehuacan.mx/?ruta=15-frailes
2,Venta De Huevo Sucursal 9 Sur,abarrotes,15,18.456475,-97.385193,https://mitehuacan.mx/?ruta=15-frailes
2,Abarrotes Dani,abarrotes,16,18.46912,-97.400156,https://mitehuacan.mx/?ruta=15-frailes
2,Miscelanea Angelina,abarrotes,16,18.480623,-97.403253,https://mitehuacan.mx/?ruta=15-frailes
2,Miscelanea La Tiendita,abarrotes,16,18.462958,-97.389911,https://mitehuacan.mx/?ruta=15-frailes
2,El Habito,abarrotes,17,18.463024,-97.392556,https://mitehuacan.mx/?ruta=15-frailes
2,Tienda La Morenita,abarrotes,17,18.462982,-97.390421,https://mitehuacan.mx/?ruta=15-frailes
2,Miscelanea Charly,abarrotes,18,18.45615,-97.385208,https://mitehuacan.mx/?ruta=15-frailes
2,Miscelanea La Mora,abarrotes,18,18.475456,-97.406947,https://mitehuacan.mx/?ruta=15-frailes
2,Miscelanea Mini,abarrotes,18,18.460782,-97.38692,https://mitehuacan.mx/?ruta=15-frailes
2,Miscelanea Reyna,abarrotes,20,18.476063,-97.408091,https://mitehuacan.mx/?ruta=15-frailes
2,Tienda De Abarrotes,abarrotes,20,18.470849,-97.399895,https://mitehuacan.mx/?ruta=15-frailes
2,Miscelanea Haro,abarrotes,21,18.470593,-97.401371,https://mitehuacan.mx/?ruta=15-frailes
2,Miscelanea Sin Nombre,abarrotes,21,18.476748,-97.407707,https://mitehuacan.mx/?ruta=15-frailes
2,Miscelanea Urbana,abarrotes,22,18.478208,-97.403368,https://mitehuacan.mx/?ruta=15-frailes
2,Minisuper De La Nueve Sur,abarrotes,25,18.458656,-97.385154,https://mitehuacan.mx/?ruta=15-frailes
2,Abarrotes Y Alimentos Para Mascotas Santiago,abarrotes,26,18.47204,-97.400904,https://mitehuacan.mx/?ruta=15-frailes
2,Miscelanea El Palmar,abarrotes,26,18.457417,-97.386957,https://mitehuacan.mx/?ruta=15-frailes
2,Miscelanea Memo,abarrotes,26,18.474593,-97.402687,https://mitehuacan.mx/?ruta=15-frailes
2,La Tiendita De Mari,abarrotes,27,18.477606,-97.398502,https://mitehuacan.mx/?ruta=15-frailes
2,Abarrotes Sin Nombre,abarrotes,28,18.461948,-97.391178,https://mitehuacan.mx/?ruta=15-frailes
2,Abarrotes Y Semillas La Ideal,abarrotes,28,18.461948,-97.391178,https://mitehuacan.mx/?ruta=15-frailes
2,Bodega De Minisuper De La 9,abarrotes,28,18.458644,-97.385068,https://mitehuacan.mx/?ruta=15-frailes
2,Miscelanea 33,abarrotes,31,18.480587,-97.402431,https://mitehuacan.mx/?ruta=15-frailes
2,Tienda De Abarrotes La Cordobesa,abarrotes,32,18.461164,-97.390761,https://mitehuacan.mx/?ruta=15-frailes
2,Miscelanea Balher,abarrotes,33,18.476192,-97.408162,https://mitehuacan.mx/?ruta=15-frailes
2,Miscelanea Diana,abarrotes,33,18.455935,-97.385294,https://mitehuacan.mx/?ruta=15-frailes
2,"Comercio Al Por Menor En Tiendas De Abarrotes, Ultramarinos ",abarrotes,35,18.458125,-97.385562,https://mitehuacan.mx/?ruta=15-frailes
2,Miscelanea Alan,abarrotes,35,18.463124,-97.389438,https://mitehuacan.mx/?ruta=15-frailes
2,Venta De Dulces Y Miscelanea Yoloxochilt,abarrotes,36,18.460085,-97.38983,https://mitehuacan.mx/?ruta=15-frailes
2,Miscelanea San Miguel,abarrotes,39,18.470356,-97.398163,https://mitehuacan.mx/?ruta=15-frailes
2,Abarrotes Ofeve De Tehuacan,abarrotes,41,18.458795,-97.385144,https://mitehuacan.mx/?ruta=15-frailes
2,Miscelanea Alex,abarrotes,43,18.47446,-97.400693,https://mitehuacan.mx/?ruta=15-frailes
2,Miscelanea Agus,abarrotes,45,18.471848,-97.400563,https://mitehuacan.mx/?ruta=15-frailes
2,Miscelanea La Terminal,abarrotes,45,18.457351,-97.387633,https://mitehuacan.mx/?ruta=15-frailes
2,Miscelanea Sin Nombre,abarrotes,45,18.471333,-97.401501,https://mitehuacan.mx/?ruta=15-frailes
2,Cremeria Edith,abarrotes,47,18.479703,-97.399452,https://mitehuacan.mx/?ruta=15-frailes
2,Miscelanea Emmanuel,abarrotes,47,18.472756,-97.400927,https://mitehuacan.mx/?ruta=15-frailes
2,Miscelanea Mary,abarrotes,48,18.474871,-97.405551,https://mitehuacan.mx/?ruta=15-frailes
2,Miscelanea Memo,abarrotes,48,18.473123,-97.40324,https://mitehuacan.mx/?ruta=15-frailes
2,Miscelanea Jimenez,abarrotes,51,18.472965,-97.401864,https://mitehuacan.mx/?ruta=15-frailes
2,Miscelanea Panchito,abarrotes,51,18.469792,-97.400553,https://mitehuacan.mx/?ruta=15-frailes
2,Miscelanea Sin Nombre,abarrotes,51,18.476288,-97.407763,https://mitehuacan.mx/?ruta=15-frailes
2,Tienda De Abarrotes Ultramarinos Y Miscelanea El Surtidor,abarrotes,51,18.460926,-97.391934,https://mitehuacan.mx/?ruta=15-frailes
2,Miscelanea Fernandez,abarrotes,54,18.466669,-97.397873,https://mitehuacan.mx/?ruta=15-frailes
2,Miscelanea La Grandeza,abarrotes,54,18.480668,-97.406499,https://mitehuacan.mx/?ruta=15-frailes
2,Miscelanea Mary Cruz,abarrotes,56,18.472925,-97.405078,https://mitehuacan.mx/?ruta=15-frailes
2,Miscelanea La Colmenita,abarrotes,57,18.477292,-97.40598,https://mitehuacan.mx/?ruta=15-frailes
2,Miscelanea Robert,abarrotes,57,18.476424,-97.407765,https://mitehuacan.mx/?ruta=15-frailes
2,Miscelanea Yesy,abarrotes,58,18.469767,-97.400896,https://mitehuacan.mx/?ruta=15-frailes
2,Tienda La Casetita,abarrotes,59,18.472624,-97.403427,https://mitehuacan.mx/?ruta=15-frailes
2,Tienda Sin Nombre,abarrotes,60,18.478548,-97.403694,https://mitehuacan.mx/?ruta=15-frailes
2,Miscelanea Tienda De Todo,abarrotes,61,18.478214,-97.408058,https://mitehuacan.mx/?ruta=15-frailes
2,Tienda De Dulces,abarrotes,61,18.47175,-97.398529,https://mitehuacan.mx/?ruta=15-frailes
2,Miscelanea Andy,abarrotes,67,18.471317,-97.400237,https://mitehuacan.mx/?ruta=15-frailes
2,Miscelanea Doña Tere,abarrotes,71,18.472169,-97.400082,https://mitehuacan.mx/?ruta=15-frailes
2,Miscelanea Lucianita,abarrotes,72,18.476898,-97.401675,https://mitehuacan.mx/?ruta=15-frailes
2,Abarrotes La Colmenita,abarrotes,73,18.461662,-97.390759,https://mitehuacan.mx/?ruta=15-frailes
2,Miscelanea La Ventanita,abarrotes,73,18.458895,-97.384721,https://mitehuacan.mx/?ruta=15-frailes
2,Miscelanea El Punto,abarrotes,75,18.474318,-97.405278,https://mitehuacan.mx/?ruta=15-frailes
2,Abarrotes La Union,abarrotes,78,18.45835,-97.390239,https://mitehuacan.mx/?ruta=15-frailes
2,Miscelanea Duran,abarrotes,78,18.472877,-97.402129,https://mitehuacan.mx/?ruta=15-frailes
2,Tienda De Snacks Y Bebidas Sin Nombre,abarrotes,80,18.467046,-97.393293,https://mitehuacan.mx/?ruta=15-frailes
2,Miscelania Pily,abarrotes,81,18.469945,-97.396335,https://mitehuacan.mx/?ruta=15-frailes
2,Miscelanea San Martin,abarrotes,82,18.480393,-97.406975,https://mitehuacan.mx/?ruta=15-frailes
2,Miscelanea Chemita,abarrotes,83,18.459216,-97.386009,https://mitehuacan.mx/?ruta=15-frailes
2,Miscelanea Ale,abarrotes,84,18.478702,-97.40867,https://mitehuacan.mx/?ruta=15-frailes
2,Tienda De Abarrotes La Jacaranda,abarrotes,89,18.457361,-97.38805,https://mitehuacan.mx/?ruta=15-frailes
2,Miscelanea Fuente,abarrotes,90,18.471549,-97.402291,https://mitehuacan.mx/?ruta=15-frailes
2,Miscelanea Geminis,abarrotes,91,18.461417,-97.386528,https://mitehuacan.mx/?ruta=15-frailes
2,Miscelanea Valencia,abarrotes,91,18.476075,-97.409366,https://mitehuacan.mx/?ruta=15-frailes
2,Miscelanea Juquilita,abarrotes,94,18.456019,-97.384496,https://mitehuacan.mx/?ruta=15-frailes
2,Miscelanea Ringo,abarrotes,94,18.457749,-97.389527,https://mitehuacan.mx/?ruta=15-frailes
2,Tienda Sin Nombre,abarrotes,95,18.469687,-97.40181,https://mitehuacan.mx/?ruta=15-frailes
2,Miscelanea Camila,abarrotes,96,18.472099,-97.402411,https://mitehuacan.mx/?ruta=15-frailes
2,Abarrotes Xitlama,abarrotes,97,18.472316,-97.40433,https://mitehuacan.mx/?ruta=15-frailes
2,La Pichi Tiendita,abarrotes,97,18.459995,-97.390749,https://mitehuacan.mx/?ruta=15-frailes
2,Venta Abarrotes Sin Nombre,abarrotes,98,18.458389,-97.384287,https://mitehuacan.mx/?ruta=15-frailes
2,Miscelanea Eve,abarrotes,99,18.470218,-97.398742,https://mitehuacan.mx/?ruta=15-frailes
2,Abarrotes Roger,abarrotes,100,18.459333,-97.385109,https://mitehuacan.mx/?ruta=15-frailes
2,Tienda De Abarrotes Arreola,abarrotes,101,18.455366,-97.38678,https://mitehuacan.mx/?ruta=15-frailes
2,Mini Super La Colmena,abarrotes,102,18.478419,-97.400201,https://mitehuacan.mx/?ruta=15-frailes
2,Miscelanea Avelino,abarrotes,102,18.458811,-97.384335,https://mitehuacan.mx/?ruta=15-frailes
2,Miscelanea Casa Velasco,abarrotes,102,18.461964,-97.393247,https://mitehuacan.mx/?ruta=15-frailes
2,Miscelanea Sin Nombre,abarrotes,102,18.475327,-97.409211,https://mitehuacan.mx/?ruta=15-frailes
2,Miscelanea Las 2 Mariposas,abarrotes,103,18.472428,-97.405104,https://mitehuacan.mx/?ruta=15-frailes
2,Venta De Abarrotes Sin Nombre,abarrotes,103,18.474556,-97.400137,https://mitehuacan.mx/?ruta=15-frailes
2,Miscelanea Gabriel,abarrotes,104,18.469117,-97.401079,https://mitehuacan.mx/?ruta=15-frailes
2,Miscelanea Moy,abarrotes,104,18.455388,-97.3875,https://mitehuacan.mx/?ruta=15-frailes
2,Miscelanea Sin Nombre,abarrotes,104,18.472955,-97.402714,https://mitehuacan.mx/?ruta=15-frailes
2,Miscelanea Ruiz,abarrotes,105,18.474516,-97.406344,https://mitehuacan.mx/?ruta=15-frailes
2,Abarrotes Vinos Y Licores Lucy,abarrotes,106,18.475303,-97.409242,https://mitehuacan.mx/?ruta=15-frailes
2,Abarrotes Sanchez,abarrotes,107,18.47481,-97.407771,https://mitehuacan.mx/?ruta=15-frailes
2,Miscelanea Rufi,abarrotes,109,18.466476,-97.393033,https://mitehuacan.mx/?ruta=15-frailes
2,Miscelanea Vale,abarrotes,111,18.468015,-97.398965,https://mitehuacan.mx/?ruta=15-frailes
2,Miscelanea Cuahtemoc,abarrotes,113,18.457909,-97.390336,https://mitehuacan.mx/?ruta=15-frailes
2,Miscelanea Sanchez,abarrotes,113,18.475488,-97.397611,https://mitehuacan.mx/?ruta=15-frailes
2,Miscelanea Y Carniceria Jesus Sebastian,abarrotes,114,18.455576,-97.384522,https://mitehuacan.mx/?ruta=15-frailes
2,Abarrotes Colibri,abarrotes,117,18.460411,-97.38599,https://mitehuacan.mx/?ruta=15-frailes
2,Miscelanea El Angel Iv,abarrotes,118,18.46068,-97.385975,https://mitehuacan.mx/?ruta=15-frailes
2,Miscelanea Lobo,abarrotes,119,18.469377,-97.401735,https://mitehuacan.mx/?ruta=15-frailes
2,Casa Martinez,abarrotes,120,18.455486,-97.384527,https://mitehuacan.mx/?ruta=15-frailes
2,Miscelanea Cinco Estrellas,abarrotes,121,18.461523,-97.38624,https://mitehuacan.mx/?ruta=15-frailes
2,Miscelanea La Campiña,abarrotes,121,18.456385,-97.388396,https://mitehuacan.mx/?ruta=15-frailes
2,Miscelanea Gaytan,abarrotes,122,18.474897,-97.408807,https://mitehuacan.mx/?ruta=15-frailes
2,Miscelanea Adriana,abarrotes,124,18.465962,-97.390939,https://mitehuacan.mx/?ruta=15-frailes
2,Miscelanea Denisse,abarrotes,127,18.472013,-97.404189,https://mitehuacan.mx/?ruta=15-frailes
2,Miscelanea La Estrella,abarrotes,127,18.474692,-97.399089,https://mitehuacan.mx/?ruta=15-frailes
2,Miscelanea Marycruz,abarrotes,127,18.471947,-97.403784,https://mitehuacan.mx/?ruta=15-frailes
2,Miscelanea Alegria,abarrotes,133,18.469289,-97.401834,https://mitehuacan.mx/?ruta=15-frailes
2,Miscelanea El Mirador,abarrotes,134,18.456391,-97.388519,https://mitehuacan.mx/?ruta=15-frailes
2,Bodega De Abarrotes Colibri,abarrotes,136,18.460391,-97.385814,https://mitehuacan.mx/?ruta=15-frailes
2,Tienda De Abarrotes Sin Nombre,abarrotes,136,18.472174,-97.402827,https://mitehuacan.mx/?ruta=15-frailes
2,Expendio De Huevo Olifer,abarrotes,137,18.458486,-97.383914,https://mitehuacan.mx/?ruta=15-frailes
2,Miscelanea La Concepcion,abarrotes,139,18.467733,-97.392992,https://mitehuacan.mx/?ruta=15-frailes
2,Miselanea La Tiendita,abarrotes,139,18.46289,-97.388101,https://mitehuacan.mx/?ruta=15-frailes
2,Miscelanea Angel,abarrotes,140,18.458485,-97.383886,https://mitehuacan.mx/?ruta=15-frailes
2,Miscelanea Marin,abarrotes,141,18.457143,-97.383961,https://mitehuacan.mx/?ruta=15-frailes
2,Miscelanea Lupita,abarrotes,142,18.474544,-97.398316,https://mitehuacan.mx/?ruta=15-frailes
2,Barroso,abarrotes,143,18.459605,-97.391549,https://mitehuacan.mx/?ruta=15-frailes
2,Miscelanea Maty,abarrotes,143,18.469128,-97.401705,https://mitehuacan.mx/?ruta=15-frailes
2,Miscelanea Zaragoza,abarrotes,144,18.467964,-97.400252,https://mitehuacan.mx/?ruta=15-frailes
2,Tienda De Abarrotes La China,abarrotes,144,18.454973,-97.384983,https://mitehuacan.mx/?ruta=15-frailes
2,Miscelanea Carmelita,abarrotes,149,18.458334,-97.38381,https://mitehuacan.mx/?ruta=15-frailes
2,Miscelanea Hernandez,abarrotes,149,18.457376,-97.383872,https://mitehuacan.mx/?ruta=15-frailes
2,Miscelanea Ortega,abarrotes,149,18.458288,-97.383813,https://mitehuacan.mx/?ruta=15-frailes
2,Banco Santander,banco,1,18.463572,-97.394132,https://mitehuacan.mx/?ruta=15-frailes
2,Banamex,banco,2,18.463452,-97.394126,https://mitehuacan.mx/?ruta=15-frailes
2,Banamex Tehuacan Pue,banco,4,18.463486,-97.394108,https://mitehuacan.mx/?ruta=15-frailes
2,Banco Santander Tehuacan,banco,4,18.463968,-97.394095,https://mitehuacan.mx/?ruta=15-frailes
2,Banco Azteca,banco,5,18.463772,-97.391462,https://mitehuacan.mx/?ruta=15-frailes
2,Banco Azteca,banco,6,18.462952,-97.393755,https://mitehuacan.mx/?ruta=15-frailes
2,Banco Azteca,banco,6,18.462947,-97.393622,https://mitehuacan.mx/?ruta=15-frailes
2,Bancoppel 3 Sur,banco,6,18.462486,-97.391382,https://mitehuacan.mx/?ruta=15-frailes
2,Bancoppel Reforma,banco,6,18.462948,-97.393651,https://mitehuacan.mx/?ruta=15-frailes
2,Banco Compartamos Tehuacan,banco,8,18.464936,-97.394697,https://mitehuacan.mx/?ruta=15-frailes
2,Banco Compartamos Tehuacan Reforma,banco,8,18.464939,-97.394798,https://mitehuacan.mx/?ruta=15-frailes
2,Banorte Tehuacan Centro,banco,17,18.463666,-97.39398,https://mitehuacan.mx/?ruta=15-frailes
2,Scotiabank Tehuacan,banco,18,18.463059,-97.393568,https://mitehuacan.mx/?ruta=15-frailes
2,Banorte,banco,20,18.463655,-97.393947,https://mitehuacan.mx/?ruta=15-frailes
2,Banco Azteca,banco,67,18.460831,-97.392086,https://mitehuacan.mx/?ruta=15-frailes
2,HSBC,banco,104,18.461966,-97.394184,https://mitehuacan.mx/?ruta=15-frailes
2,Hsbc Suc Tehuacan,banco,112,18.461895,-97.394157,https://mitehuacan.mx/?ruta=15-frailes
2,Banamex Reforma Tehuacan,banco,131,18.461726,-97.394163,https://mitehuacan.mx/?ruta=15-frailes
2,Banamex,banco,137,18.461672,-97.394179,https://mitehuacan.mx/?ruta=15-frailes
2,Escuela De Tae Kwon Do Juventud Marcial Tehuacan,escuela,0,18.458478,-97.3864,https://mitehuacan.mx/?ruta=15-frailes
2,Centro Escolar Presidente Venustiano Carranza Bachillerato M,escuela,1,18.469225,-97.396996,https://mitehuacan.mx/?ruta=15-frailes
2,Centro Escolar Presidente Venustiano Carranza Bachillerato V,escuela,1,18.469225,-97.396996,https://mitehuacan.mx/?ruta=15-frailes
2,Centro Escolar Presidente Venustiano Carranza Direccion Gene,escuela,1,18.469224,-97.396977,https://mitehuacan.mx/?ruta=15-frailes
2,Centro Escolar Presidente Venustiano Carranza Escuela De Cap,escuela,1,18.469225,-97.396996,https://mitehuacan.mx/?ruta=15-frailes
2,Centro Escolar Presidente Venustiano Carranza Primaria Matut,escuela,1,18.469225,-97.396996,https://mitehuacan.mx/?ruta=15-frailes
2,Centro Escolar Presidente Venustiano Carranza Primaria Vespe,escuela,1,18.469225,-97.396996,https://mitehuacan.mx/?ruta=15-frailes
2,Centro Escolar Presidente Venustiano Carranza Secundaria Mat,escuela,1,18.469225,-97.396996,https://mitehuacan.mx/?ruta=15-frailes
2,Centro Escolar Presidente Venustiano Carranza Secundaria Ves,escuela,1,18.469225,-97.396996,https://mitehuacan.mx/?ruta=15-frailes
2,Colegio La Paz,escuela,2,18.467091,-97.395739,https://mitehuacan.mx/?ruta=15-frailes
2,Instituto Jean Piaget,escuela,2,18.468571,-97.397902,https://mitehuacan.mx/?ruta=15-frailes
2,Centro De Asoria Paulo Freire,escuela,3,18.466698,-97.396452,https://mitehuacan.mx/?ruta=15-frailes
2,Escuela Particular Cetec Tehuacan,escuela,3,18.462872,-97.391318,https://mitehuacan.mx/?ruta=15-frailes
2,Instituto De Belleza Fashion Line,escuela,3,18.460896,-97.390474,https://mitehuacan.mx/?ruta=15-frailes
2,Ugmex Rectoria,escuela,3,18.466857,-97.396451,https://mitehuacan.mx/?ruta=15-frailes
2,Dance Central Estudio Profesional De Danza,escuela,4,18.466669,-97.394023,https://mitehuacan.mx/?ruta=15-frailes
2,Escuela De Baile Dance Latino,escuela,5,18.461401,-97.391404,https://mitehuacan.mx/?ruta=15-frailes
2,Escuela Para Adultos Ineda,escuela,5,18.46439,-97.391452,https://mitehuacan.mx/?ruta=15-frailes
2,Studio De Baile Fenix Family Dance,escuela,5,18.45888,-97.389495,https://mitehuacan.mx/?ruta=15-frailes
2,Academia De Baile Italy Dance,escuela,6,18.462505,-97.391382,https://mitehuacan.mx/?ruta=15-frailes
2,Centro De Capacitacion La Proteccion De La Joven,escuela,6,18.465618,-97.396379,https://mitehuacan.mx/?ruta=15-frailes
2,Instituto De Belleza Matisse,escuela,6,18.463482,-97.391363,https://mitehuacan.mx/?ruta=15-frailes
2,Sisu,escuela,6,18.469287,-97.399366,https://mitehuacan.mx/?ruta=15-frailes
2,Unidad Escolar Benavente,escuela,6,18.478922,-97.39847,https://mitehuacan.mx/?ruta=15-frailes
2,Escuela Liceo Raymod Cattell,escuela,7,18.476655,-97.404242,https://mitehuacan.mx/?ruta=15-frailes
2,Circulo De Estudios Centro San Jose Del Instituto Estatal De,escuela,8,18.464932,-97.394541,https://mitehuacan.mx/?ruta=15-frailes
2,Academia De Belleza Stilisciima,escuela,9,18.460782,-97.390259,https://mitehuacan.mx/?ruta=15-frailes
2,Escuela De Canto Le Canto,escuela,9,18.460808,-97.391283,https://mitehuacan.mx/?ruta=15-frailes
2,Estudio Profesional De Baile Porte Latino,escuela,9,18.465093,-97.394898,https://mitehuacan.mx/?ruta=15-frailes
2,Primaria Colegio Aleman De Tehuacan,escuela,9,18.467106,-97.39461,https://mitehuacan.mx/?ruta=15-frailes
2,Academia De Musica Yamaha,escuela,10,18.460763,-97.389788,https://mitehuacan.mx/?ruta=15-frailes
2,Anna Freud School,escuela,10,18.476346,-97.401794,https://mitehuacan.mx/?ruta=15-frailes
2,Escuela Profesional De Tae Kwan Do,escuela,10,18.462985,-97.391333,https://mitehuacan.mx/?ruta=15-frailes
2,Jardin De Niños Barney,escuela,10,18.467102,-97.394515,https://mitehuacan.mx/?ruta=15-frailes
2,Unidad Escolar Licenciado Benito Juarez,escuela,10,18.467211,-97.39677,https://mitehuacan.mx/?ruta=15-frailes
2,Escuela De Taekwodo 5,escuela,12,18.461293,-97.389346,https://mitehuacan.mx/?ruta=15-frailes
2,Seccion Educativa 414,escuela,12,18.461302,-97.389346,https://mitehuacan.mx/?ruta=15-frailes
2,Instituto De Belleza Y Barber Shop Elegance,escuela,16,18.462979,-97.390935,https://mitehuacan.mx/?ruta=15-frailes
2,Colegio Americano De Tehuacan Seccion Primaria,escuela,17,18.463788,-97.393977,https://mitehuacan.mx/?ruta=15-frailes
2,Instituto De Belleza Matisse,escuela,17,18.463024,-97.392556,https://mitehuacan.mx/?ruta=15-frailes
2,Taller Manitas Creativas,escuela,17,18.466475,-97.393904,https://mitehuacan.mx/?ruta=15-frailes
2,Instituto Tecnico Mexico,escuela,19,18.458428,-97.389521,https://mitehuacan.mx/?ruta=15-frailes
2,Escuela De Artes Marciales Fenix Fight Club,escuela,21,18.464133,-97.393932,https://mitehuacan.mx/?ruta=15-frailes
2,Escuela De Ballet Clasico Adage,escuela,21,18.464133,-97.393932,https://mitehuacan.mx/?ruta=15-frailes
2,Fashion Line Intitutos De Belleza,escuela,27,18.461958,-97.3917,https://mitehuacan.mx/?ruta=15-frailes
2,Escuela De Baile Mas Que Baile,escuela,33,18.463169,-97.39237,https://mitehuacan.mx/?ruta=15-frailes
2,Bachillerato General Escolarizado Diego Rivera,escuela,53,18.466287,-97.39457,https://mitehuacan.mx/?ruta=15-frailes
2,Academia De Belleza Elegance,escuela,54,18.460382,-97.390664,https://mitehuacan.mx/?ruta=15-frailes
2,Clases De Corte Y Confeccion Moda Y Estilo Sin Nombre,escuela,57,18.457597,-97.386655,https://mitehuacan.mx/?ruta=15-frailes
2,Escuela De Artes Marciales Hansun Mexico Central,escuela,64,18.466579,-97.397877,https://mitehuacan.mx/?ruta=15-frailes
2,Instituto Computacional Maria Sabina,escuela,65,18.469954,-97.401676,https://mitehuacan.mx/?ruta=15-frailes
2,Clases De Taekwondo Doyang Reforma,escuela,67,18.45636,-97.387885,https://mitehuacan.mx/?ruta=15-frailes
2,Jardin De Niños Maria Enriqueta Camarillo,escuela,67,18.476943,-97.40227,https://mitehuacan.mx/?ruta=15-frailes
2,Barber Shop Instituto De Belleza Karol,escuela,70,18.461501,-97.390292,https://mitehuacan.mx/?ruta=15-frailes
2,Instituto De Belleza Karol,escuela,70,18.461501,-97.390292,https://mitehuacan.mx/?ruta=15-frailes
2,Centro Escolar Presidente Venustiano Carranza Pre Escolar Ve,escuela,79,18.469929,-97.39641,https://mitehuacan.mx/?ruta=15-frailes
2,Centro Escolar Presidente Venustiano Carranza Preescolar Mat,escuela,79,18.469929,-97.39641,https://mitehuacan.mx/?ruta=15-frailes
2,Academia De Belleza Y Barberia Creativo Studio,escuela,82,18.463624,-97.393043,https://mitehuacan.mx/?ruta=15-frailes
2,Bachillerato General Oficial Emiliano Zapata,escuela,82,18.477305,-97.39752,https://mitehuacan.mx/?ruta=15-frailes
2,Centro Educativo Transformador De Mexico,escuela,85,18.465739,-97.392928,https://mitehuacan.mx/?ruta=15-frailes
2,Compañia Teatral Del Valle De Tehuacan,escuela,86,18.476972,-97.397563,https://mitehuacan.mx/?ruta=15-frailes
2,Usa English Clases,escuela,103,18.475923,-97.397613,https://mitehuacan.mx/?ruta=15-frailes
2,Instituto De Compuingles De Tehuacan,escuela,104,18.459957,-97.391546,https://mitehuacan.mx/?ruta=15-frailes
2,Centro Educativo Prescolar,escuela,105,18.459923,-97.39075,https://mitehuacan.mx/?ruta=15-frailes
2,Estetica Y Academia De Belleza Secrets,escuela,106,18.458,-97.390336,https://mitehuacan.mx/?ruta=15-frailes
2,Academia De Belleza Glamour Tehuacan,escuela,109,18.460682,-97.392462,https://mitehuacan.mx/?ruta=15-frailes
2,Centro De Asistencia Infantil Comunitario,escuela,109,18.459887,-97.39075,https://mitehuacan.mx/?ruta=15-frailes
2,Instituto Mozart,escuela,109,18.465951,-97.393046,https://mitehuacan.mx/?ruta=15-frailes
2,Preescolar Itzcoalt,escuela,112,18.460974,-97.386047,https://mitehuacan.mx/?ruta=15-frailes
2,Jardin De Niños Clausell,escuela,113,18.46101,-97.386047,https://mitehuacan.mx/?ruta=15-frailes
2,Jardin De Niños Loris Malaguzzi,escuela,120,18.46492,-97.390253,https://mitehuacan.mx/?ruta=15-frailes
2,Colegio Sor Juana Ines De La Cruz,escuela,121,18.460853,-97.392599,https://mitehuacan.mx/?ruta=15-frailes
2,Zima Taekwondo,escuela,123,18.466759,-97.39904,https://mitehuacan.mx/?ruta=15-frailes
2,Unidad Escolar Licenciado Benito Juarez Tehuacan,escuela,124,18.459776,-97.391547,https://mitehuacan.mx/?ruta=15-frailes
2,Estetica Y Academia Leo,escuela,132,18.464836,-97.390142,https://mitehuacan.mx/?ruta=15-frailes
2,Escuela Federal Liberacion 21Dpr2972H Turno Vespertino,escuela,136,18.477033,-97.397059,https://mitehuacan.mx/?ruta=15-frailes
2,Escuela Federal Liberacion Clave 21Dpr0417F Turno Matutino,escuela,136,18.477033,-97.397059,https://mitehuacan.mx/?ruta=15-frailes
2,Centro De Estudio Y Entretenimiento Arte Sana,escuela,138,18.464835,-97.390085,https://mitehuacan.mx/?ruta=15-frailes
2,Centro De Educacion Basica Para Adultos Octavio Paz,escuela,142,18.465873,-97.397908,https://mitehuacan.mx/?ruta=15-frailes
2,Ateneo Universitario En Humanidades Y Ciencias,escuela,143,18.463642,-97.388377,https://mitehuacan.mx/?ruta=15-frailes
2,Academia Musical Harmos,escuela,144,18.460151,-97.392573,https://mitehuacan.mx/?ruta=15-frailes
2,Escuela Primaria Federal Ignacio Zaragoza,escuela,145,18.465846,-97.397909,https://mitehuacan.mx/?ruta=15-frailes
2,Bachillerato Particular Union Pro-Educacion Morelos,escuela,146,18.463922,-97.397174,https://mitehuacan.mx/?ruta=15-frailes
2,Colegio Sor Juana Ines De La Cruz,escuela,147,18.465881,-97.390416,https://mitehuacan.mx/?ruta=15-frailes
2,Papeleria El Lapiz Magico,papelería,0,18.481074,-97.406057,https://mitehuacan.mx/?ruta=15-frailes
2,Papeleria Sin Nombre,papelería,0,18.477278,-97.398936,https://mitehuacan.mx/?ruta=15-frailes
2,Papeleria Splash,papelería,0,18.473177,-97.404149,https://mitehuacan.mx/?ruta=15-frailes
2,Papeleria Lerm,papelería,1,18.467712,-97.397935,https://mitehuacan.mx/?ruta=15-frailes
2,Papeleria Smira,papelería,1,18.458518,-97.387262,https://mitehuacan.mx/?ruta=15-frailes
2,Regalos Y Papeleria Lili,papelería,1,18.458526,-97.387423,https://mitehuacan.mx/?ruta=15-frailes
2,Papeleria Katy,papelería,2,18.467148,-97.397123,https://mitehuacan.mx/?ruta=15-frailes
2,Papeleria Lucy,papelería,2,18.470153,-97.397825,https://mitehuacan.mx/?ruta=15-frailes
2,Bodega De Papeleria Multiescolar,papelería,3,18.460893,-97.39036,https://mitehuacan.mx/?ruta=15-frailes
2,Papeleria Aragon,papelería,3,18.462845,-97.39018,https://mitehuacan.mx/?ruta=15-frailes
2,Papeleria Cositas,papelería,3,18.466246,-97.396455,https://mitehuacan.mx/?ruta=15-frailes
2,Papeleria Estrella,papelería,3,18.480366,-97.402588,https://mitehuacan.mx/?ruta=15-frailes
2,Papeleria Multiescolar,papelería,3,18.460897,-97.390502,https://mitehuacan.mx/?ruta=15-frailes
2,Papeleria Ofitodo,papelería,3,18.471211,-97.397785,https://mitehuacan.mx/?ruta=15-frailes
2,Papeleria La Colegiala,papelería,4,18.469177,-97.397149,https://mitehuacan.mx/?ruta=15-frailes
2,Papeleria Alebrijes,papelería,5,18.469172,-97.396912,https://mitehuacan.mx/?ruta=15-frailes
2,Papeleria Hernandez,papelería,5,18.479186,-97.407799,https://mitehuacan.mx/?ruta=15-frailes
2,El Paje De Tehuacan,papelería,6,18.461893,-97.391498,https://mitehuacan.mx/?ruta=15-frailes
2,Papeleria El Proveedor Escolar,papelería,6,18.457436,-97.38522,https://mitehuacan.mx/?ruta=15-frailes
2,Bodega De La Papeleria El Refugio,papelería,9,18.460808,-97.391283,https://mitehuacan.mx/?ruta=15-frailes
2,Papeleria El Refugio,papelería,9,18.460808,-97.391283,https://mitehuacan.mx/?ruta=15-frailes
2,Papeleria Rd,papelería,9,18.467144,-97.395368,https://mitehuacan.mx/?ruta=15-frailes
2,Los Barateros Mega Ofertas De Tehuacan,papelería,15,18.459148,-97.389387,https://mitehuacan.mx/?ruta=15-frailes
2,Mega Ofertas De Tehuacan Sucursal,papelería,15,18.459112,-97.389387,https://mitehuacan.mx/?ruta=15-frailes
2,Papeleria Abaco,papelería,16,18.462962,-97.390044,https://mitehuacan.mx/?ruta=15-frailes
2,Papeleria Y Copias Coco,papelería,16,18.476361,-97.404256,https://mitehuacan.mx/?ruta=15-frailes
2,Papeleria Taty,papelería,17,18.472153,-97.39923,https://mitehuacan.mx/?ruta=15-frailes
2,Papeleria Lety,papelería,19,18.477349,-97.400425,https://mitehuacan.mx/?ruta=15-frailes
2,Pepeleria Sin Nombre,papelería,23,18.475425,-97.404692,https://mitehuacan.mx/?ruta=15-frailes
2,Papeleria Crayons,papelería,28,18.461948,-97.391178,https://mitehuacan.mx/?ruta=15-frailes
2,Ciber Miahu,papelería,44,18.469931,-97.401223,https://mitehuacan.mx/?ruta=15-frailes
2,Plaza Vent,papelería,51,18.46485,-97.39091,https://mitehuacan.mx/?ruta=15-frailes
2,Papeleria Campanita,papelería,53,18.475691,-97.408924,https://mitehuacan.mx/?ruta=15-frailes
2,Papeleria Creaciones,papelería,53,18.469691,-97.396336,https://mitehuacan.mx/?ruta=15-frailes
2,Papeleria San Francisco,papelería,53,18.460394,-97.390749,https://mitehuacan.mx/?ruta=15-frailes
2,Papeleria,papelería,56,18.471349,-97.40052,https://mitehuacan.mx/?ruta=15-frailes
2,Papeleria Karely,papelería,59,18.480591,-97.406357,https://mitehuacan.mx/?ruta=15-frailes
2,Papeleria Didactica Premier,papelería,60,18.463337,-97.389303,https://mitehuacan.mx/?ruta=15-frailes
2,Planeta Escolar,papelería,61,18.480361,-97.405383,https://mitehuacan.mx/?ruta=15-frailes
2,Papeleria Baul De Vero,papelería,72,18.469863,-97.396335,https://mitehuacan.mx/?ruta=15-frailes
2,Papeleria Princess,papelería,74,18.471421,-97.40028,https://mitehuacan.mx/?ruta=15-frailes
2,Papeleria Lupita,papelería,113,18.477807,-97.409176,https://mitehuacan.mx/?ruta=15-frailes
2,Papeleria Y Regalos Mickey Mouse,papelería,120,18.455385,-97.384645,https://mitehuacan.mx/?ruta=15-frailes
2,Distribuidora Papelera De Tehuacan Dipath Tehuacan,papelería,121,18.464198,-97.397162,https://mitehuacan.mx/?ruta=15-frailes
2,Creaciones Pepe,papelería,123,18.457499,-97.389706,https://mitehuacan.mx/?ruta=15-frailes
2,Papeleria Design It,papelería,123,18.461783,-97.393546,https://mitehuacan.mx/?ruta=15-frailes
2,Papeleria La Cq,papelería,127,18.471947,-97.403784,https://mitehuacan.mx/?ruta=15-frailes
2,Papeleria Sin Nombre,papelería,138,18.477946,-97.396808,https://mitehuacan.mx/?ruta=15-frailes
2,Papeleria Rosy,papelería,139,18.4659,-97.397907,https://mitehuacan.mx/?ruta=15-frailes
2,Papeleria Sin Nombre,papelería,144,18.475188,-97.409598,https://mitehuacan.mx/?ruta=15-frailes
2,Boneteria Y Lenceria Intimos,ropa,0,18.461658,-97.389463,https://mitehuacan.mx/?ruta=15-frailes
2,Boutique Kovz Shein,ropa,0,18.460653,-97.389473,https://mitehuacan.mx/?ruta=15-frailes
2,Exodos Moda,ropa,0,18.461631,-97.389464,https://mitehuacan.mx/?ruta=15-frailes
2,Ropa Para Dama Bolsas Y Regalos Boutique Paloma,ropa,0,18.464993,-97.39414,https://mitehuacan.mx/?ruta=15-frailes
2,Tienda De Ropa Infinity,ropa,0,18.467405,-97.397947,https://mitehuacan.mx/?ruta=15-frailes
2,Tienda De Ropa Running Boutique,ropa,0,18.465008,-97.394671,https://mitehuacan.mx/?ruta=15-frailes
2,Tienda De Ropa Sin Nombre,ropa,0,18.465043,-97.396349,https://mitehuacan.mx/?ruta=15-frailes
2,Venta De De Ropa Star Cool,ropa,0,18.460445,-97.389475,https://mitehuacan.mx/?ruta=15-frailes
2,Venta De Ropa Autentica,ropa,0,18.461658,-97.389463,https://mitehuacan.mx/?ruta=15-frailes
2,Venta De Ropa De Dama,ropa,0,18.474993,-97.403462,https://mitehuacan.mx/?ruta=15-frailes
2,Venta De Ropa De Dama Sin Nombre,ropa,0,18.458506,-97.387006,https://mitehuacan.mx/?ruta=15-frailes
2,Venta De Ropa Modas Zoe,ropa,0,18.461731,-97.389463,https://mitehuacan.mx/?ruta=15-frailes
2,Venta De Ropa Para Dama Oh My God,ropa,0,18.461658,-97.389463,https://mitehuacan.mx/?ruta=15-frailes
2,Venta De Ropa Para Dama Richie Colection,ropa,0,18.460672,-97.389473,https://mitehuacan.mx/?ruta=15-frailes
2,Venta De Ropa Para Niño Y Niña Sin Nombre,ropa,0,18.458496,-97.386798,https://mitehuacan.mx/?ruta=15-frailes
2,Venta De Ropa Sin Nombre,ropa,0,18.457379,-97.38528,https://mitehuacan.mx/?ruta=15-frailes
2,Venta De Ropa Sin Nombre,ropa,0,18.458507,-97.387035,https://mitehuacan.mx/?ruta=15-frailes
2,Venta De Ropa Sin Nombre,ropa,0,18.473207,-97.404358,https://mitehuacan.mx/?ruta=15-frailes
2,Adiccion Jeans,ropa,1,18.458448,-97.385357,https://mitehuacan.mx/?ruta=15-frailes
2,Bazar De Ropa Sin Nombre,ropa,1,18.467586,-97.39794,https://mitehuacan.mx/?ruta=15-frailes
2,Bazmy Teh,ropa,1,18.473158,-97.404017,https://mitehuacan.mx/?ruta=15-frailes
2,Boutique Ella Y El,ropa,1,18.467649,-97.397938,https://mitehuacan.mx/?ruta=15-frailes
2,Novedades Lupita,ropa,1,18.46135,-97.389466,https://mitehuacan.mx/?ruta=15-frailes
2,Tienda De Ropa Closet Peques Bonitas,ropa,1,18.465045,-97.395808,https://mitehuacan.mx/?ruta=15-frailes
2,Tienda De Ropa De Hombre Sin Nombre,ropa,1,18.458559,-97.388114,https://mitehuacan.mx/?ruta=15-frailes
2,Tienda De Ropa Para Mujer Dovi Fashion,ropa,1,18.460832,-97.388531,https://mitehuacan.mx/?ruta=15-frailes
2,Tienda De Ropa Rock Shop,ropa,1,18.460851,-97.389128,https://mitehuacan.mx/?ruta=15-frailes
2,Tienda De Ropa Sin Nombre,ropa,1,18.458558,-97.388086,https://mitehuacan.mx/?ruta=15-frailes
2,Venta De Articulos Varios,ropa,1,18.461296,-97.389467,https://mitehuacan.mx/?ruta=15-frailes
2,Venta De Camisas Señor Camisas,ropa,1,18.460846,-97.388986,https://mitehuacan.mx/?ruta=15-frailes
2,Venta De Pantalones De Mezclilla Sin Nombre,ropa,1,18.458528,-97.38748,https://mitehuacan.mx/?ruta=15-frailes
2,Venta De Ropa Caballero,ropa,1,18.461052,-97.389469,https://mitehuacan.mx/?ruta=15-frailes
2,Venta De Ropa De Dama,ropa,1,18.462075,-97.38946,https://mitehuacan.mx/?ruta=15-frailes
2,Venta De Ropa De Dama Sin Nombre,ropa,1,18.460846,-97.388967,https://mitehuacan.mx/?ruta=15-frailes
2,Venta De Ropa Para Dama Sin Nombre,ropa,1,18.460843,-97.388891,https://mitehuacan.mx/?ruta=15-frailes
2,Venta De Ropa Sin Hombre,ropa,1,18.458541,-97.387745,https://mitehuacan.mx/?ruta=15-frailes
2,Venta De Ropa Sin Nombre,ropa,1,18.458541,-97.387745,https://mitehuacan.mx/?ruta=15-frailes
2,Compra Venta De Ropa Sin Nombre,ropa,2,18.456277,-97.386142,https://mitehuacan.mx/?ruta=15-frailes
2,Novedades El Capis,ropa,2,18.458585,-97.388654,https://mitehuacan.mx/?ruta=15-frailes
2,Tienda De Ropa Para Bebe Sin Nombre,ropa,2,18.456719,-97.38725,https://mitehuacan.mx/?ruta=15-frailes
2,Tienda De Ropa Y Regalos Sin Nombre,ropa,2,18.467124,-97.396365,https://mitehuacan.mx/?ruta=15-frailes
2,Venta De Ropa Para Dama Sin Nombre,ropa,2,18.456954,-97.387242,https://mitehuacan.mx/?ruta=15-frailes
2,Venta De Ropa Para Hombre Novedades Martinez,ropa,2,18.459821,-97.389481,https://mitehuacan.mx/?ruta=15-frailes
2,Venta De Ropa Sin Nombre,ropa,2,18.45859,-97.388749,https://mitehuacan.mx/?ruta=15-frailes
2,Venta De Ropa Sin Nombre,ropa,2,18.458567,-97.388275,https://mitehuacan.mx/?ruta=15-frailes
2,Venta De Ropa Stylus Moda Casual,ropa,2,18.467175,-97.397777,https://mitehuacan.mx/?ruta=15-frailes
2,Cuidado con el Perro,ropa,2,18.462895,-97.39418,https://mitehuacan.mx/?ruta=15-frailes
2,Almacenes Flores B,ropa,3,18.4609,-97.390644,https://mitehuacan.mx/?ruta=15-frailes
2,Compra Venta De Ropa En General La Camisa,ropa,3,18.462853,-97.390474,https://mitehuacan.mx/?ruta=15-frailes
2,Nadia Carrasco Ropa Americana,ropa,3,18.471166,-97.397787,https://mitehuacan.mx/?ruta=15-frailes
2,Novedades Bronco,ropa,3,18.460909,-97.391014,https://mitehuacan.mx/?ruta=15-frailes
2,Paolo Di Roma,ropa,3,18.462884,-97.391754,https://mitehuacan.mx/?ruta=15-frailes
2,Tienda De Mochilas Markis Backpacks,ropa,3,18.462803,-97.390777,https://mitehuacan.mx/?ruta=15-frailes
2,Tienda De Playeras Y Venta De Aerosoles,ropa,3,18.462859,-97.390654,https://mitehuacan.mx/?ruta=15-frailes
2,Tienda De Ropa El Jocker,ropa,3,18.462563,-97.389455,https://mitehuacan.mx/?ruta=15-frailes
2,Tienda De Ropa Sin Nombre,ropa,3,18.462859,-97.390654,https://mitehuacan.mx/?ruta=15-frailes
2,Venta Cinturones Juquilita,ropa,3,18.460893,-97.390351,https://mitehuacan.mx/?ruta=15-frailes
2,Venta De Ropa De Dama Sin Nombre,ropa,3,18.459595,-97.389484,https://mitehuacan.mx/?ruta=15-frailes
2,Venta De Ropa Para Dama Sin Nombre,ropa,3,18.460874,-97.389668,https://mitehuacan.mx/?ruta=15-frailes
2,Venta De Ropa Rvainzs Collection,ropa,3,18.460892,-97.390322,https://mitehuacan.mx/?ruta=15-frailes
2,Venta De Ropa Sin Nombre,ropa,3,18.459567,-97.389484,https://mitehuacan.mx/?ruta=15-frailes
2,Venta De Ropa Sin Nonbre,ropa,3,18.462847,-97.390278,https://mitehuacan.mx/?ruta=15-frailes
2,Venta De Ropa Y Accesorios Sin Nombre,ropa,3,18.462849,-97.390342,https://mitehuacan.mx/?ruta=15-frailes
2,Venta De Ropa Y Lenceria Reciclando Trapos,ropa,3,18.460896,-97.390496,https://mitehuacan.mx/?ruta=15-frailes
2,Venta De Ropa Y Tenis Sin Nombre,ropa,3,18.462859,-97.390654,https://mitehuacan.mx/?ruta=15-frailes
2,10245 Cuidado Con El Perro,ropa,4,18.462972,-97.394122,https://mitehuacan.mx/?ruta=15-frailes
2,Boutique Dress By Runway,ropa,4,18.464643,-97.394078,https://mitehuacan.mx/?ruta=15-frailes
2,Faith And Love Boutique,ropa,4,18.464082,-97.394092,https://mitehuacan.mx/?ruta=15-frailes
2,Tienda De Ropa Cactus Shop,ropa,4,18.466958,-97.394018,https://mitehuacan.mx/?ruta=15-frailes
2,Venta De Pantalones Mr Jeans,ropa,4,18.466931,-97.394019,https://mitehuacan.mx/?ruta=15-frailes
2,Venta De Ropa Sin Nombre,ropa,4,18.469187,-97.398212,https://mitehuacan.mx/?ruta=15-frailes
2,Venta De Uniformes Escolares Azul Garflo,ropa,4,18.460552,-97.387058,https://mitehuacan.mx/?ruta=15-frailes
2,Milano,ropa,4,18.462994,-97.391391,https://mitehuacan.mx/?ruta=15-frailes
2,3413 Milano,ropa,5,18.462986,-97.391382,https://mitehuacan.mx/?ruta=15-frailes
2,Men S Boutique Venta De Ropa Exterior De Caballero,ropa,5,18.464435,-97.391452,https://mitehuacan.mx/?ruta=15-frailes
2,Ropa Zahara,ropa,5,18.461157,-97.391409,https://mitehuacan.mx/?ruta=15-frailes
2,Tienda De Ropa De Bebe Sin Nombre,ropa,5,18.46122,-97.391409,https://mitehuacan.mx/?ruta=15-frailes
2,Tienda De Ropa Para Para Bebe Novedades Oscarin,ropa,5,18.456242,-97.38712,https://mitehuacan.mx/?ruta=15-frailes
2,Tienda De Ropa Sin Nombre,ropa,5,18.462785,-97.390776,https://mitehuacan.mx/?ruta=15-frailes
2,Venta De Accesorios De Piel A.P Arte Piel,ropa,5,18.462939,-97.393375,https://mitehuacan.mx/?ruta=15-frailes
2,Venta De Ropa Para Caballero Moda Para Ti,ropa,5,18.458852,-97.389495,https://mitehuacan.mx/?ruta=15-frailes
2,Venta De Ropa Para Dama,ropa,5,18.458753,-97.389497,https://mitehuacan.mx/?ruta=15-frailes
2,Venta De Ropa Y Personaliza2,ropa,5,18.466198,-97.39403,https://mitehuacan.mx/?ruta=15-frailes
2,Venta De Ropa Y Refresco,ropa,5,18.458916,-97.389494,https://mitehuacan.mx/?ruta=15-frailes
2,1363 Tiendas Eleczion,ropa,6,18.461837,-97.39139,https://mitehuacan.mx/?ruta=15-frailes
2,Boutique Novedades Mary,ropa,6,18.464513,-97.391347,https://mitehuacan.mx/?ruta=15-frailes
2,Centro Comercial Salvador Ceja,ropa,6,18.46116,-97.391513,https://mitehuacan.mx/?ruta=15-frailes
2,Revelacion Juvenil,ropa,6,18.462662,-97.391491,https://mitehuacan.mx/?ruta=15-frailes
2,Tienda De Articulos Para Bebe Miniprecios,ropa,6,18.461576,-97.391502,https://mitehuacan.mx/?ruta=15-frailes
2,Tienda De Ropa Bella Sulamita,ropa,6,18.464251,-97.39135,https://mitehuacan.mx/?ruta=15-frailes
2,Tienda De Ropa Mujer Bonita,ropa,6,18.461476,-97.391504,https://mitehuacan.mx/?ruta=15-frailes
2,Tienda De Ropa Sin Nombre,ropa,6,18.461259,-97.39151,https://mitehuacan.mx/?ruta=15-frailes
2,Tienda De Ropa Sin Nombre,ropa,6,18.461838,-97.391499,https://mitehuacan.mx/?ruta=15-frailes
2,Tienda De Ropa Top Ii Men,ropa,6,18.4635,-97.391363,https://mitehuacan.mx/?ruta=15-frailes
2,Tienda Ropa Dxx Jeans,ropa,6,18.463265,-97.391371,https://mitehuacan.mx/?ruta=15-frailes
2,Venta De Playeras,ropa,6,18.466071,-97.396375,https://mitehuacan.mx/?ruta=15-frailes
2,Venta De Ropa Para Dama Shanka,ropa,6,18.462952,-97.393773,https://mitehuacan.mx/?ruta=15-frailes
2,Venta De Ropa Shein,ropa,6,18.4582,-97.387113,https://mitehuacan.mx/?ruta=15-frailes
2,Venta De Ropa Sin Nombre,ropa,6,18.457486,-97.387144,https://mitehuacan.mx/?ruta=15-frailes
2,Hatzlaja Boutique,ropa,7,18.464972,-97.39602,https://mitehuacan.mx/?ruta=15-frailes
2,Venta De Ropa Para Dama Y Gorras Yoselin,ropa,7,18.458725,-97.389608,https://mitehuacan.mx/?ruta=15-frailes
2,Aurora Boutique,ropa,8,18.464905,-97.393593,https://mitehuacan.mx/?ruta=15-frailes
2,Nancs Closet,ropa,8,18.464905,-97.393593,https://mitehuacan.mx/?ruta=15-frailes
2,Tienda De Ropa Sin Nombre,ropa,8,18.456306,-97.385276,https://mitehuacan.mx/?ruta=15-frailes
2,Venta De Ropa Sin Nombre,ropa,8,18.460719,-97.387273,https://mitehuacan.mx/?ruta=15-frailes
2,Bodega De Ropa Creaciones En Tu Moda,ropa,9,18.460808,-97.391283,https://mitehuacan.mx/?ruta=15-frailes
2,Boutique Yared,ropa,9,18.464887,-97.392958,https://mitehuacan.mx/?ruta=15-frailes
2,Creaciones En Tu Moda,ropa,9,18.460795,-97.390771,https://mitehuacan.mx/?ruta=15-frailes
2,Mercader Ramos,ropa,9,18.460748,-97.388908,https://mitehuacan.mx/?ruta=15-frailes
2,Mochilas Y Regalos Sin Nombre,ropa,9,18.460783,-97.390288,https://mitehuacan.mx/?ruta=15-frailes
2,Rafaelos Jeans,ropa,9,18.460758,-97.389283,https://mitehuacan.mx/?ruta=15-frailes
2,Sherry & Rick Venta De Ropa,ropa,9,18.464887,-97.392958,https://mitehuacan.mx/?ruta=15-frailes
2,Tienda De Ropa Moda Reynita,ropa,9,18.460808,-97.391283,https://mitehuacan.mx/?ruta=15-frailes
2,Tienda De Ropa Shein,ropa,9,18.460808,-97.391283,https://mitehuacan.mx/?ruta=15-frailes
2,Tienda De Ropa Sin Nombre,ropa,9,18.460801,-97.391035,https://mitehuacan.mx/?ruta=15-frailes
2,Tienda De Ropa Th Street,ropa,9,18.460808,-97.391283,https://mitehuacan.mx/?ruta=15-frailes
2,Venta De Ropa De Dama Sin Nombre,ropa,9,18.460738,-97.388316,https://mitehuacan.mx/?ruta=15-frailes
2,Venta De Ropa En General Centro Comercial De Tehuacan,ropa,9,18.460789,-97.390525,https://mitehuacan.mx/?ruta=15-frailes
2,Venta De Ropa Para Caballero Sin Nombre,ropa,9,18.460808,-97.391283,https://mitehuacan.mx/?ruta=15-frailes
2,Bodega De Ropa Sin Nombre,ropa,10,18.45836,-97.385559,https://mitehuacan.mx/?ruta=15-frailes
2,Boutique Velvet,ropa,10,18.467149,-97.395443,https://mitehuacan.mx/?ruta=15-frailes
2,Compra Venta De Ropa Interior Dulce Tentacion,ropa,10,18.458509,-97.38952,https://mitehuacan.mx/?ruta=15-frailes
2,Venta De Playeras Para Publicidad. Playeras Invictos,ropa,10,18.462812,-97.389317,https://mitehuacan.mx/?ruta=15-frailes
2,Venta De Ropa De Dama Cv Shop,ropa,10,18.462794,-97.389317,https://mitehuacan.mx/?ruta=15-frailes
2,Venta De Ropa Deportiva Modas Adulcin,ropa,10,18.462776,-97.389318,https://mitehuacan.mx/?ruta=15-frailes
2,Venta De Ropa Para Dama Y Caballero Sin Nombre,ropa,10,18.458531,-97.385421,https://mitehuacan.mx/?ruta=15-frailes
2,Venta De Cinturones Sin Nombre,ropa,11,18.460772,-97.390664,https://mitehuacan.mx/?ruta=15-frailes
2,Venta De Ropa De Dama Sin Nombre,ropa,11,18.461483,-97.389351,https://mitehuacan.mx/?ruta=15-frailes
2,Venta De Ropa Sin Nombre,ropa,11,18.462632,-97.389321,https://mitehuacan.mx/?ruta=15-frailes
2,Venta De Ropa Sin Nombre,ropa,11,18.458726,-97.389646,https://mitehuacan.mx/?ruta=15-frailes
2,Venta De Ropa Sin Nombre,ropa,11,18.467338,-97.397845,https://mitehuacan.mx/?ruta=15-frailes
2,Venta De Tines Kal C Tin,ropa,11,18.460772,-97.390664,https://mitehuacan.mx/?ruta=15-frailes
2,Farah Jeans,ropa,12,18.474628,-97.40351,https://mitehuacan.mx/?ruta=15-frailes
2,Venta De Ropa De Caballero Sin Nombre,ropa,12,18.461211,-97.389344,https://mitehuacan.mx/?ruta=15-frailes
2,Venta De Ropa De Dama Modas Jaky,ropa,12,18.461129,-97.389342,https://mitehuacan.mx/?ruta=15-frailes
2,Venta De Ropa Para Bebe Travesuras,ropa,12,18.460279,-97.389374,https://mitehuacan.mx/?ruta=15-frailes
2,Venta De Ropa Para Caballeros Estilo Y Cultura 238,ropa,12,18.458604,-97.386823,https://mitehuacan.mx/?ruta=15-frailes
2,Venta De Ropa Rags,ropa,12,18.460207,-97.389375,https://mitehuacan.mx/?ruta=15-frailes
2,Venta De Ropa Sin Nombre,ropa,12,18.458609,-97.387022,https://mitehuacan.mx/?ruta=15-frailes
2,Creaciones En Tu Moda,ropa,13,18.457406,-97.385158,https://mitehuacan.mx/?ruta=15-frailes
2,Puesto De Zapatos Usada De Sin Nombre,ropa,13,18.457497,-97.385151,https://mitehuacan.mx/?ruta=15-frailes
2,Ropa De Bebe Sin Nombre,ropa,13,18.457406,-97.385158,https://mitehuacan.mx/?ruta=15-frailes
2,Venta De Ropa De Caballero Sin Nombre,ropa,13,18.457362,-97.385159,https://mitehuacan.mx/?ruta=15-frailes
2,Venta De Ropa De Hombre Sin Nombre,ropa,13,18.460706,-97.38697,https://mitehuacan.mx/?ruta=15-frailes
2,Venta De Ropa De Mezclilla Sin Nombre,ropa,13,18.457795,-97.385128,https://mitehuacan.mx/?ruta=15-frailes
2,Venta De Ropa De. Dama Novedades Marsy,ropa,13,18.46103,-97.389339,https://mitehuacan.mx/?ruta=15-frailes
2,Venta De Ropa Interior Para Dama,ropa,13,18.457371,-97.38516,https://mitehuacan.mx/?ruta=15-frailes
2,Venta De Ropa Niño Y Niña Sol Mery,ropa,13,18.460756,-97.390749,https://mitehuacan.mx/?ruta=15-frailes
2,Venta De Ropa Nueva Para Mujer Sin Nombre,ropa,13,18.457488,-97.385152,https://mitehuacan.mx/?ruta=15-frailes
2,Venta De Ropa Nueva Sin Nombre,ropa,13,18.457362,-97.385159,https://mitehuacan.mx/?ruta=15-frailes
2,Venta De Ropa Para Caballero Be Rektro,ropa,13,18.460753,-97.390664,https://mitehuacan.mx/?ruta=15-frailes
2,Venta De Ropa Para Caballero Modas Fikshion,ropa,13,18.459937,-97.389624,https://mitehuacan.mx/?ruta=15-frailes
2,Venta De Ropa Para Caballero Sin Nombre,ropa,13,18.457596,-97.385144,https://mitehuacan.mx/?ruta=15-frailes
2,Venta De Ropa Para Caballero Y Niño,ropa,13,18.457424,-97.385157,https://mitehuacan.mx/?ruta=15-frailes
2,Venta De Ropa Para Dama Sin Nombre,ropa,13,18.45747,-97.385153,https://mitehuacan.mx/?ruta=15-frailes
2,Venta De Ropa Para Dama Sin Nombre,ropa,13,18.457515,-97.38515,https://mitehuacan.mx/?ruta=15-frailes
2,Venta De Ropa Para Mujer Sin Nombre,ropa,13,18.457686,-97.385137,https://mitehuacan.mx/?ruta=15-frailes
2,Venta De Ropa Sin Nombre,ropa,13,18.457542,-97.385148,https://mitehuacan.mx/?ruta=15-frailes
2,Venta De Ropa Sin Nombre,ropa,13,18.457344,-97.385159,https://mitehuacan.mx/?ruta=15-frailes
2,Venta De Ropa Sin Nombre,ropa,13,18.457551,-97.385147,https://mitehuacan.mx/?ruta=15-frailes
2,Venta De Ropa Sin Nombre,ropa,13,18.457415,-97.385158,https://mitehuacan.mx/?ruta=15-frailes
2,Venta De Ropa Sin Nombre,ropa,13,18.45765,-97.385139,https://mitehuacan.mx/?ruta=15-frailes
2,"Comercio Al Por Menor De Ropa, Excepto De Bebé Y Lencería Si",ropa,14,18.469956,-97.397949,https://mitehuacan.mx/?ruta=15-frailes
2,Lam Boutique,ropa,14,18.458719,-97.389219,https://mitehuacan.mx/?ruta=15-frailes
2,Ross Braa Venta De Ropa Para Dama,ropa,14,18.458719,-97.389209,https://mitehuacan.mx/?ruta=15-frailes
2,Venta De Ropa Juvenil Para Dama Sin Nombre,ropa,14,18.459601,-97.389382,https://mitehuacan.mx/?ruta=15-frailes
2,Venta De Ropa Modas Valeria,ropa,14,18.461572,-97.389588,https://mitehuacan.mx/?ruta=15-frailes
2,Venta De Ropa Novedades Cristy,ropa,14,18.45872,-97.389228,https://mitehuacan.mx/?ruta=15-frailes
2,Venta De Ropa Para Dama,ropa,14,18.458382,-97.385083,https://mitehuacan.mx/?ruta=15-frailes
2,Venta De Ropa Para Niño Y Niña Sin Nombre,ropa,14,18.458701,-97.388878,https://mitehuacan.mx/?ruta=15-frailes
2,Venta De Ropa Sin Nombre,ropa,14,18.456954,-97.385172,https://mitehuacan.mx/?ruta=15-frailes
2,Venta De Ropa Sin Nombre,ropa,14,18.4584,-97.385082,https://mitehuacan.mx/?ruta=15-frailes
2,Venta De Ropa Sin Nombre,ropa,14,18.472168,-97.398026,https://mitehuacan.mx/?ruta=15-frailes
2,Bodega De Ropa Sin Nombre,ropa,15,18.458315,-97.385559,https://mitehuacan.mx/?ruta=15-frailes
2,Camisas Y Playeras Molina,ropa,15,18.456846,-97.385176,https://mitehuacan.mx/?ruta=15-frailes
2,Ropa Para Hombre Sin Nombre,ropa,15,18.460735,-97.390664,https://mitehuacan.mx/?ruta=15-frailes
2,Tienda De Ropa Interior Ferchis,ropa,15,18.462948,-97.389655,https://mitehuacan.mx/?ruta=15-frailes
2,Venta De Ropa De Dama De Nenas,ropa,15,18.4569,-97.385174,https://mitehuacan.mx/?ruta=15-frailes
2,Venta De Ropa Nueva Sin Nombre,ropa,15,18.456764,-97.38518,https://mitehuacan.mx/?ruta=15-frailes
2,Angeline Boutique,ropa,16,18.462998,-97.391769,https://mitehuacan.mx/?ruta=15-frailes
2,Bolchima,ropa,16,18.46713,-97.394015,https://mitehuacan.mx/?ruta=15-frailes
2,Bolchima,ropa,16,18.462976,-97.390527,https://mitehuacan.mx/?ruta=15-frailes
2,Compra Venta De Ropa Teens,ropa,16,18.463014,-97.392253,https://mitehuacan.mx/?ruta=15-frailes
2,Dinastia Jeans Tienda De Ropa,ropa,16,18.463005,-97.391997,https://mitehuacan.mx/?ruta=15-frailes
2,Fb Abbyzbzr,ropa,16,18.469951,-97.399808,https://mitehuacan.mx/?ruta=15-frailes
2,Tienda De Ropa Bermex,ropa,16,18.462976,-97.390688,https://mitehuacan.mx/?ruta=15-frailes
2,Tienda De Ropa Bermex,ropa,16,18.462976,-97.390613,https://mitehuacan.mx/?ruta=15-frailes
2,Venta De Mochilas Sin Nombre,ropa,16,18.458768,-97.389392,https://mitehuacan.mx/?ruta=15-frailes
2,Optima,ropa,16,18.463048,-97.393799,https://mitehuacan.mx/?ruta=15-frailes
2,Coco Boutique Tienda De Ropa,ropa,17,18.463024,-97.392556,https://mitehuacan.mx/?ruta=15-frailes
2,Compra Venta De Ropa Modas Garabatos,ropa,17,18.464765,-97.393951,https://mitehuacan.mx/?ruta=15-frailes
2,Creaciones Guille Ropa De Dama Y Pibes Infantil,ropa,17,18.464385,-97.393961,https://mitehuacan.mx/?ruta=15-frailes
2,Tienda De Ropa Boutique Kovz,ropa,17,18.464711,-97.393953,https://mitehuacan.mx/?ruta=15-frailes
2,Venta De Zapatos Pantalones,ropa,17,18.4607,-97.389858,https://mitehuacan.mx/?ruta=15-frailes
2,2227 Tehuacan,ropa,18,18.463066,-97.393793,https://mitehuacan.mx/?ruta=15-frailes
2,Venta De Ropa Modas Rubi,ropa,19,18.461043,-97.390667,https://mitehuacan.mx/?ruta=15-frailes
2,Compra Venta De Ropa Para Dama Creaciones Am,ropa,20,18.458619,-97.389744,https://mitehuacan.mx/?ruta=15-frailes
2,Mochilas Alex,ropa,21,18.464133,-97.393932,https://mitehuacan.mx/?ruta=15-frailes
2,Tienda De Ropa Antonia Vega Distribuidores,ropa,21,18.467109,-97.393893,https://mitehuacan.mx/?ruta=15-frailes
2,Venta De Interior,ropa,22,18.46107,-97.390667,https://mitehuacan.mx/?ruta=15-frailes
2,Venta De Ropa Para Caballero Be Rektro,ropa,22,18.45873,-97.38975,https://mitehuacan.mx/?ruta=15-frailes
2,Venta De Ropa Samy,ropa,23,18.457146,-97.385512,https://mitehuacan.mx/?ruta=15-frailes
2,Venta De Ropa Sin Nombre Camisas Palesaye,ropa,24,18.457453,-97.385507,https://mitehuacan.mx/?ruta=15-frailes
2,1074 Tiendas Eleczion,ropa,25,18.461958,-97.391683,https://mitehuacan.mx/?ruta=15-frailes
2,Towers Boutique,ropa,26,18.463105,-97.39237,https://mitehuacan.mx/?ruta=15-frailes
2,Tienda De Ropa Novedades Mary,ropa,27,18.463052,-97.38944,https://mitehuacan.mx/?ruta=15-frailes
2,Venta De Ropa Interior Sin Nombre,ropa,27,18.458423,-97.38496,https://mitehuacan.mx/?ruta=15-frailes
2,Venta De Ropa Novedades Y Accesorios Mambi,ropa,27,18.465256,-97.394888,https://mitehuacan.mx/?ruta=15-frailes
2,Novedades Arsavel,ropa,28,18.461948,-97.391178,https://mitehuacan.mx/?ruta=15-frailes
2,Tienda De Ropa Para Bebe Sin Nombre,ropa,28,18.461948,-97.391178,https://mitehuacan.mx/?ruta=15-frailes
2,Tienda De Ropa Para Dama,ropa,28,18.461948,-97.391178,https://mitehuacan.mx/?ruta=15-frailes
2,Tienda De Ropa Sin Nombre,ropa,28,18.461948,-97.391178,https://mitehuacan.mx/?ruta=15-frailes
2,Venta De Ropa De Bebe Y Accesorios,ropa,28,18.461948,-97.391178,https://mitehuacan.mx/?ruta=15-frailes
2,Venta De Ropa Sin Nombre,ropa,28,18.461948,-97.391178,https://mitehuacan.mx/?ruta=15-frailes
2,Venta De Ropa Y Plantas Medicinales Sin Nombre,ropa,28,18.461948,-97.391178,https://mitehuacan.mx/?ruta=15-frailes
2,Vertiche,ropa,28,18.461958,-97.391707,https://mitehuacan.mx/?ruta=15-frailes
2,Modas Amy,ropa,29,18.460611,-97.390749,https://mitehuacan.mx/?ruta=15-frailes
2,Venta De Ropa Para Dama Modas Reynita,ropa,29,18.460609,-97.390664,https://mitehuacan.mx/?ruta=15-frailes
2,Boutique Lam,ropa,31,18.46525,-97.392939,https://mitehuacan.mx/?ruta=15-frailes
2,Tienda De Ropa Moda Inditex,ropa,31,18.46525,-97.392939,https://mitehuacan.mx/?ruta=15-frailes
2,Venta De Ropa God Did,ropa,31,18.46525,-97.392939,https://mitehuacan.mx/?ruta=15-frailes
2,Venta De Ropa Kids,ropa,31,18.461494,-97.389752,https://mitehuacan.mx/?ruta=15-frailes
2,Venta De Ropa Novedades Lucy,ropa,32,18.461161,-97.390666,https://mitehuacan.mx/?ruta=15-frailes
2,Venta De Ropa Sin Nombre,ropa,32,18.458421,-97.384912,https://mitehuacan.mx/?ruta=15-frailes
2,Alexa Jeans,ropa,33,18.461494,-97.389771,https://mitehuacan.mx/?ruta=15-frailes
2,Gran Estrella De Oriente,ropa,33,18.462603,-97.394007,https://mitehuacan.mx/?ruta=15-frailes
2,Moda Infantil Juquilita,ropa,33,18.460575,-97.390749,https://mitehuacan.mx/?ruta=15-frailes
2,Compra Venta De Ropa Para Dama Jaih Asun,ropa,35,18.464655,-97.393002,https://mitehuacan.mx/?ruta=15-frailes
2,Almacenes Garcia/ Cuidado con el Perro,ropa,35,18.462823,-97.394482,https://mitehuacan.mx/?ruta=15-frailes
2,Tienda De Mochilas Y Equipajes Vagabundo,ropa,36,18.4612,-97.390761,https://mitehuacan.mx/?ruta=15-frailes
2,Venta De Ropa Infantil Modas Nicol,ropa,36,18.460545,-97.390664,https://mitehuacan.mx/?ruta=15-frailes
2,Venta De Ropa Para Bebe,ropa,36,18.460545,-97.390664,https://mitehuacan.mx/?ruta=15-frailes
2,Queen Fashuion,ropa,38,18.46053,-97.390749,https://mitehuacan.mx/?ruta=15-frailes
2,Rs Moda Boutique,ropa,38,18.462989,-97.394521,https://mitehuacan.mx/?ruta=15-frailes
2,Compra Venta De Ropa Para Bebe Sin Nombre,ropa,39,18.458627,-97.389915,https://mitehuacan.mx/?ruta=15-frailes
2,Venta De Ropa Para Dama Sin Nombre,ropa,39,18.458735,-97.389911,https://mitehuacan.mx/?ruta=15-frailes
2,Tienda De Ropa Y Accesorios Wear Shyo,ropa,40,18.467061,-97.393682,https://mitehuacan.mx/?ruta=15-frailes
2,Tienda De Ropa Moda Bella,ropa,41,18.461245,-97.39076,https://mitehuacan.mx/?ruta=15-frailes
2,Revelacion Juvenil,ropa,43,18.46126,-97.390665,https://mitehuacan.mx/?ruta=15-frailes
2,Tienda De Ropa 8 24,ropa,44,18.461496,-97.389875,https://mitehuacan.mx/?ruta=15-frailes
2,Tienda De Mochilas,ropa,45,18.461576,-97.389882,https://mitehuacan.mx/?ruta=15-frailes
2,Uniformes Escolares Galardon,ropa,45,18.466561,-97.396854,https://mitehuacan.mx/?ruta=15-frailes
2,Venta De Bolsas Sin Nombre,ropa,45,18.46194,-97.391017,https://mitehuacan.mx/?ruta=15-frailes
2,Venta De Cinturones Cinturon Casual,ropa,45,18.460464,-97.390664,https://mitehuacan.mx/?ruta=15-frailes
2,Compraventa De Ropa Para Dama Lovely Boutique,ropa,48,18.464539,-97.393321,https://mitehuacan.mx/?ruta=15-frailes
2,Venta De Playeras Shark,ropa,48,18.455815,-97.385224,https://mitehuacan.mx/?ruta=15-frailes
2,Venta De Ropa Mb Jeans,ropa,48,18.460437,-97.390664,https://mitehuacan.mx/?ruta=15-frailes
2,Venta De Ropa Sol Mery,ropa,48,18.458738,-97.389996,https://mitehuacan.mx/?ruta=15-frailes
2,Tienda De Mochilas El Gran Surtidor,ropa,49,18.461318,-97.390759,https://mitehuacan.mx/?ruta=15-frailes
2,Compra Venta De Ropa Para Niños Kiddies,ropa,50,18.458147,-97.389523,https://mitehuacan.mx/?ruta=15-frailes
2,Novedades July,ropa,50,18.460421,-97.390749,https://mitehuacan.mx/?ruta=15-frailes
2,Tata Y Lolo Clothes Venta De Ropa,ropa,50,18.466708,-97.397976,https://mitehuacan.mx/?ruta=15-frailes
2,Ropa De Caballero Be Rektro,ropa,51,18.460409,-97.390664,https://mitehuacan.mx/?ruta=15-frailes
2,Tienda Jueguetes Easy Shopping,ropa,52,18.462054,-97.390947,https://mitehuacan.mx/?ruta=15-frailes
2,Tienda De Ropa Y Articulos De Belleza Cosmi Kat Shop,ropa,53,18.455815,-97.387278,https://mitehuacan.mx/?ruta=15-frailes
2,Venta De Ropa Sin Nombre,ropa,53,18.458739,-97.390044,https://mitehuacan.mx/?ruta=15-frailes
2,Boutique Belany,ropa,54,18.462417,-97.394136,https://mitehuacan.mx/?ruta=15-frailes
2,Boutique Botox,ropa,54,18.462417,-97.394136,https://mitehuacan.mx/?ruta=15-frailes
2,Supreme Destroyer Venta De Ropa Casual,ropa,54,18.458897,-97.385053,https://mitehuacan.mx/?ruta=15-frailes
2,Venta De Ropa Para Bebe Sin Nombre,ropa,54,18.458412,-97.384704,https://mitehuacan.mx/?ruta=15-frailes
2,Tienda De Ropa La Barata No 1,ropa,55,18.460828,-97.391975,https://mitehuacan.mx/?ruta=15-frailes
2,Tienda De Ropa Yanabel Collete,ropa,55,18.461369,-97.390664,https://mitehuacan.mx/?ruta=15-frailes
2,Venta De Ropa Para Dama Creativa,ropa,56,18.460364,-97.390664,https://mitehuacan.mx/?ruta=15-frailes
2,Venta De Ropa Para Dama Newconcept,ropa,56,18.461296,-97.387111,https://mitehuacan.mx/?ruta=15-frailes
2,Venta De Ropa Americana Y Decoracion Con.Amorteh,ropa,57,18.457697,-97.386651,https://mitehuacan.mx/?ruta=15-frailes
2,Venta De Ropa Para Dama Be Rektro,ropa,57,18.460355,-97.390664,https://mitehuacan.mx/?ruta=15-frailes
2,Venta De Ropa Sin Nombre,ropa,57,18.461578,-97.389996,https://mitehuacan.mx/?ruta=15-frailes
2,Tienda De Ropa Y Uniformes Mega Familia,ropa,59,18.46034,-97.390749,https://mitehuacan.mx/?ruta=15-frailes
2,Venta De Ropa Y Lenceria,ropa,59,18.460337,-97.390664,https://mitehuacan.mx/?ruta=15-frailes
2,Tienda De Ropa Para Dama,ropa,60,18.460351,-97.39142,https://mitehuacan.mx/?ruta=15-frailes
2,Venta De Ropa Creaciones En Tu Moda,ropa,60,18.461498,-97.390027,https://mitehuacan.mx/?ruta=15-frailes
2,Venta De Ropa Modas Rocio,ropa,60,18.460328,-97.390664,https://mitehuacan.mx/?ruta=15-frailes
2,Boutique Yaret,ropa,62,18.478068,-97.400273,https://mitehuacan.mx/?ruta=15-frailes
2,Venta De Ropa Para Dama Minguis,ropa,62,18.461498,-97.390046,https://mitehuacan.mx/?ruta=15-frailes
2,Venta De Ropa Sin Nombre,ropa,62,18.462269,-97.390762,https://mitehuacan.mx/?ruta=15-frailes
2,Tienda De Ropa Kevin Sport,ropa,63,18.465503,-97.391442,https://mitehuacan.mx/?ruta=15-frailes
2,Venta De Ropa Para Caballero Bee Retro,ropa,63,18.460303,-97.390749,https://mitehuacan.mx/?ruta=15-frailes
2,Creaciones El Guero,ropa,64,18.460292,-97.390664,https://mitehuacan.mx/?ruta=15-frailes
2,Tienda De Ropa Lala & Toto,ropa,64,18.466579,-97.397877,https://mitehuacan.mx/?ruta=15-frailes
2,Venta De Ropa Juniors,ropa,65,18.461498,-97.390074,https://mitehuacan.mx/?ruta=15-frailes
2,Venta De Ropa Infantil Angelitos,ropa,66,18.460274,-97.390664,https://mitehuacan.mx/?ruta=15-frailes
2,Venta De Ropa Para Caballero Y Accesorios Sin Nombre,ropa,66,18.458743,-97.390167,https://mitehuacan.mx/?ruta=15-frailes
2,Venta De Ropa Sole Shop,ropa,66,18.465562,-97.393055,https://mitehuacan.mx/?ruta=15-frailes
2,Solmar Boutique,ropa,67,18.464359,-97.39309,https://mitehuacan.mx/?ruta=15-frailes
2,Venta De Mochilas Brendismania,ropa,67,18.465576,-97.392932,https://mitehuacan.mx/?ruta=15-frailes
2,Venta De Ropa Para Dama D Moda,ropa,67,18.458744,-97.390184,https://mitehuacan.mx/?ruta=15-frailes
2,Venta De Ropa Sin Nombre,ropa,67,18.460267,-97.390749,https://mitehuacan.mx/?ruta=15-frailes
2,Venta De Ropa Sin Nombre,ropa,68,18.461403,-97.387035,https://mitehuacan.mx/?ruta=15-frailes
2,Bodega De Ropa Colette Fashion,ropa,70,18.461501,-97.390292,https://mitehuacan.mx/?ruta=15-frailes
2,Bodega De Ropa Yanabel Colette,ropa,70,18.461501,-97.390292,https://mitehuacan.mx/?ruta=15-frailes
2,Tienda De Ropa Moda Rosy,ropa,70,18.461505,-97.390539,https://mitehuacan.mx/?ruta=15-frailes
2,Tienda De Ropa Pekes,ropa,70,18.461579,-97.390124,https://mitehuacan.mx/?ruta=15-frailes
2,Venta De Ropa De Bebe Valery,ropa,70,18.461579,-97.390119,https://mitehuacan.mx/?ruta=15-frailes
2,Venta De Ropa Moda Bella,ropa,70,18.461503,-97.390453,https://mitehuacan.mx/?ruta=15-frailes
2,Venta De Ropa Mujer Bonita,ropa,70,18.461506,-97.390615,https://mitehuacan.mx/?ruta=15-frailes
2,Venta De Ropa Sexy Moda,ropa,70,18.461504,-97.39051,https://mitehuacan.mx/?ruta=15-frailes
2,Tienda De Ropa Moda Y Estilo Por Shein,ropa,71,18.463437,-97.389299,https://mitehuacan.mx/?ruta=15-frailes
2,Venta De Ropa Para Dama,ropa,71,18.461902,-97.392113,https://mitehuacan.mx/?ruta=15-frailes
2,Tienda De Ropa Sin Nombre,ropa,72,18.45613,-97.384686,https://mitehuacan.mx/?ruta=15-frailes
2,Tienda De Ropa Modas Erikos,ropa,73,18.461653,-97.390759,https://mitehuacan.mx/?ruta=15-frailes
2,Compra Venta De Ropa Para Dama Novedades Angeles,ropa,74,18.458459,-97.390239,https://mitehuacan.mx/?ruta=15-frailes
2,Venta De Ropa Sin Nombre,ropa,74,18.460204,-97.390749,https://mitehuacan.mx/?ruta=15-frailes
2,Compra Venta De Ropa Y Tenis De La Calle,ropa,75,18.464927,-97.390682,https://mitehuacan.mx/?ruta=15-frailes
2,Venta De Ropa Ente Art,ropa,75,18.465643,-97.393053,https://mitehuacan.mx/?ruta=15-frailes
2,Venta De Ropa Y Estanteria Sin Nombre,ropa,78,18.457396,-97.386019,https://mitehuacan.mx/?ruta=15-frailes
2,Bodega Venta De Rpa Mia Clection,ropa,79,18.461582,-97.390318,https://mitehuacan.mx/?ruta=15-frailes
2,Compra Venta De Ropa Para Dama Sin Nombre,ropa,79,18.463522,-97.389425,https://mitehuacan.mx/?ruta=15-frailes
2,Venta De Ropa Mia Colection,ropa,79,18.461582,-97.390346,https://mitehuacan.mx/?ruta=15-frailes
2,Venta De Ropa Modas Yolanda,ropa,79,18.461585,-97.390546,https://mitehuacan.mx/?ruta=15-frailes
2,Venta De Ropa Monse,ropa,79,18.461581,-97.390223,https://mitehuacan.mx/?ruta=15-frailes
2,Venta De Ropa Para Caballero Fashion Mens,ropa,79,18.461583,-97.390365,https://mitehuacan.mx/?ruta=15-frailes
2,Venta De Ropa Si Nombre,ropa,79,18.461581,-97.390223,https://mitehuacan.mx/?ruta=15-frailes
2,Venta De Ropa Sin Nombre,ropa,79,18.461584,-97.39047,https://mitehuacan.mx/?ruta=15-frailes
2,Importaciones Marin,ropa,80,18.46015,-97.390749,https://mitehuacan.mx/?ruta=15-frailes
2,Boutique Alpha Mens,ropa,82,18.463624,-97.393043,https://mitehuacan.mx/?ruta=15-frailes
2,Boutique Cherry Bomb,ropa,82,18.463624,-97.393043,https://mitehuacan.mx/?ruta=15-frailes
2,Compra Venta De Ropa Para Dama I Love Shopping,ropa,82,18.463624,-97.393043,https://mitehuacan.mx/?ruta=15-frailes
2,Tienda De Ropa Unisex El Armario De Hanna,ropa,82,18.463624,-97.393043,https://mitehuacan.mx/?ruta=15-frailes
2,Dreams Boutique,ropa,83,18.463104,-97.394944,https://mitehuacan.mx/?ruta=15-frailes
2,Boutique Hey Lolita,ropa,84,18.467044,-97.393255,https://mitehuacan.mx/?ruta=15-frailes
2,Venta De Mochilas,ropa,85,18.460104,-97.390749,https://mitehuacan.mx/?ruta=15-frailes
2,Boutique Yes,ropa,87,18.462115,-97.394025,https://mitehuacan.mx/?ruta=15-frailes
2,Venta De Ropa En General Modas Livey,ropa,87,18.458748,-97.390366,https://mitehuacan.mx/?ruta=15-frailes
2,Tienda De Ropa Sin Nombre,ropa,88,18.456124,-97.384534,https://mitehuacan.mx/?ruta=15-frailes
2,Boutique Valery,ropa,93,18.463723,-97.393039,https://mitehuacan.mx/?ruta=15-frailes
2,Venta De Ropa En General Modas Morales,ropa,93,18.45875,-97.390423,https://mitehuacan.mx/?ruta=15-frailes
2,Moda Rebel,ropa,95,18.460014,-97.390749,https://mitehuacan.mx/?ruta=15-frailes
2,Ropa Para Bebe,ropa,96,18.460005,-97.390749,https://mitehuacan.mx/?ruta=15-frailes
2,Carpe Diem Boutique,ropa,98,18.465851,-97.393048,https://mitehuacan.mx/?ruta=15-frailes
2,Venta De Playeras Sin Nombre,ropa,98,18.460759,-97.386171,https://mitehuacan.mx/?ruta=15-frailes
2,Novedades Aldo,ropa,99,18.459977,-97.390749,https://mitehuacan.mx/?ruta=15-frailes
2,Venta De Ropa Para Bebe,ropa,101,18.459959,-97.39075,https://mitehuacan.mx/?ruta=15-frailes
2,Tienda De Ropa Aditivo,ropa,102,18.459971,-97.391427,https://mitehuacan.mx/?ruta=15-frailes
2,Compra Venta De Ropa Para Dama Rth,ropa,103,18.464042,-97.393102,https://mitehuacan.mx/?ruta=15-frailes
2,Tienda De Ropa Amax Vix Moda,ropa,103,18.464042,-97.393102,https://mitehuacan.mx/?ruta=15-frailes
2,Erss Moda En Piel,ropa,104,18.463825,-97.393111,https://mitehuacan.mx/?ruta=15-frailes
2,Venta De Ropa Para Dama,ropa,104,18.459932,-97.39075,https://mitehuacan.mx/?ruta=15-frailes
2,Boutique D Perlas,ropa,106,18.461971,-97.394384,https://mitehuacan.mx/?ruta=15-frailes
2,Eroos Jeans,ropa,109,18.46624,-97.393039,https://mitehuacan.mx/?ruta=15-frailes
2,Tienda De Ropa El Jocker,ropa,109,18.460688,-97.392462,https://mitehuacan.mx/?ruta=15-frailes
2,Tienda De Ropa Infantil Modas Nicole,ropa,109,18.460664,-97.392461,https://mitehuacan.mx/?ruta=15-frailes
2,Venta De Ropa Para Hombre Sin Nombre,ropa,109,18.458753,-97.390575,https://mitehuacan.mx/?ruta=15-frailes
2,Banana Boutique,ropa,110,18.463014,-97.395203,https://mitehuacan.mx/?ruta=15-frailes
2,Boutique Kiss Me,ropa,110,18.463014,-97.395203,https://mitehuacan.mx/?ruta=15-frailes
2,Tienda De Ropa Infantil Sin Nombre,ropa,110,18.464053,-97.396417,https://mitehuacan.mx/?ruta=15-frailes
2,Venta De Ropa Para Adulto,ropa,111,18.459869,-97.39075,https://mitehuacan.mx/?ruta=15-frailes
2,Venta De Ropa Friducha,ropa,112,18.467491,-97.398996,https://mitehuacan.mx/?ruta=15-frailes
2,La Barata,ropa,115,18.459833,-97.39075,https://mitehuacan.mx/?ruta=15-frailes
2,Venta De Ropa De Dama Y Caballero Minguis,ropa,115,18.462779,-97.388323,https://mitehuacan.mx/?ruta=15-frailes
2,Tienda De Bolsas Y Mochilas Importaciones Ortiz,ropa,116,18.460456,-97.392454,https://mitehuacan.mx/?ruta=15-frailes
2,Venta De Ropa Para Dama Creaciones Mariyer,ropa,116,18.459844,-97.39143,https://mitehuacan.mx/?ruta=15-frailes
2,El Machetazo,ropa,118,18.459806,-97.39075,https://mitehuacan.mx/?ruta=15-frailes
2,Venta De Jeans Mundana,ropa,119,18.462778,-97.388285,https://mitehuacan.mx/?ruta=15-frailes
2,Venta De Ropa En General El Divino Niño,ropa,119,18.458889,-97.390669,https://mitehuacan.mx/?ruta=15-frailes
2,Venta De Ropa Para Dama Queen Fashion,ropa,119,18.458916,-97.390669,https://mitehuacan.mx/?ruta=15-frailes
2,Venta De Ropa Para Niño Y Niña Interior Y Exterior Leon De J,ropa,119,18.458843,-97.39067,https://mitehuacan.mx/?ruta=15-frailes
2,Venta De Cinturones Sin Nombre,ropa,120,18.45916,-97.390668,https://mitehuacan.mx/?ruta=15-frailes
2,Venta De Playeras Sin Nombre,ropa,120,18.459178,-97.390668,https://mitehuacan.mx/?ruta=15-frailes
2,Venta De Ropa De Bebe Sin Nombre,ropa,120,18.459787,-97.39075,https://mitehuacan.mx/?ruta=15-frailes
2,Venta De Ropa De Niño Y Niña Novedades Nicol,ropa,120,18.459061,-97.390669,https://mitehuacan.mx/?ruta=15-frailes
2,Venta De Vestidos Infantiles Britany,ropa,120,18.459206,-97.390668,https://mitehuacan.mx/?ruta=15-frailes
2,Tienda De Ropa Uva Bombon,ropa,121,18.46075,-97.392595,https://mitehuacan.mx/?ruta=15-frailes
2,Venta De Tines Y Ropa Interior,ropa,121,18.459513,-97.390666,https://mitehuacan.mx/?ruta=15-frailes
2,Boutique Banana,ropa,122,18.466463,-97.39291,https://mitehuacan.mx/?ruta=15-frailes
2,Boutique Mio Mio,ropa,122,18.460677,-97.392592,https://mitehuacan.mx/?ruta=15-frailes
2,Venta De Cinturones Cinturon Casual,ropa,122,18.45954,-97.390666,https://mitehuacan.mx/?ruta=15-frailes
2,Venta De Ropa Baby Metal,ropa,122,18.466906,-97.3929,https://mitehuacan.mx/?ruta=15-frailes
2,Venta De Ropa Creaciones En Tu Moda,ropa,122,18.459567,-97.390666,https://mitehuacan.mx/?ruta=15-frailes
2,Venta De Ropa Fina Para Dama Sin Nombre,ropa,122,18.459649,-97.390666,https://mitehuacan.mx/?ruta=15-frailes
2,Venta De Ropa Infantil Sin Nombre,ropa,122,18.459767,-97.390665,https://mitehuacan.mx/?ruta=15-frailes
2,Boutique Exodo,ropa,123,18.461777,-97.393319,https://mitehuacan.mx/?ruta=15-frailes
2,Venta De Ropa De Dama,ropa,125,18.459763,-97.391431,https://mitehuacan.mx/?ruta=15-frailes
2,Venta De Ropa,ropa,127,18.459724,-97.390751,https://mitehuacan.mx/?ruta=15-frailes
2,Uniformes Abraham,ropa,128,18.458801,-97.390755,https://mitehuacan.mx/?ruta=15-frailes
2,Venta De Ropa De Caballero Sin Nombre,ropa,128,18.458846,-97.390755,https://mitehuacan.mx/?ruta=15-frailes
2,Venta De Ropa Modas Eben Ezer,ropa,128,18.458945,-97.390754,https://mitehuacan.mx/?ruta=15-frailes
2,Venta De Ropa Sin Nombre,ropa,128,18.458909,-97.390754,https://mitehuacan.mx/?ruta=15-frailes
2,Bonita Boutique,ropa,129,18.462775,-97.38819,https://mitehuacan.mx/?ruta=15-frailes
2,Modas Morales,ropa,129,18.459081,-97.390754,https://mitehuacan.mx/?ruta=15-frailes
2,Venta De Ropa De Bebe Sin Nombre,ropa,129,18.459145,-97.390753,https://mitehuacan.mx/?ruta=15-frailes
2,Venta De Ropa De Dama Sin Nombre,ropa,129,18.459072,-97.390754,https://mitehuacan.mx/?ruta=15-frailes
2,Venta De Ropa Infantil,ropa,129,18.459081,-97.390754,https://mitehuacan.mx/?ruta=15-frailes
2,Venta De Ropa Infantil Key Fashion,ropa,129,18.459235,-97.390753,https://mitehuacan.mx/?ruta=15-frailes
2,Venta De Ropa Sin Nombre,ropa,129,18.459072,-97.390754,https://mitehuacan.mx/?ruta=15-frailes
2,Venta De Ropa Y Uniformes Azzurri,ropa,129,18.458758,-97.390764,https://mitehuacan.mx/?ruta=15-frailes
2,Venta Deropa,ropa,129,18.45919,-97.390753,https://mitehuacan.mx/?ruta=15-frailes
2,Modas Para,ropa,130,18.459253,-97.390753,https://mitehuacan.mx/?ruta=15-frailes
2,Venta De Ropa Infantil,ropa,130,18.459389,-97.390752,https://mitehuacan.mx/?ruta=15-frailes
2,Venta De Uniformes Escolares Sin Nombre,ropa,130,18.459407,-97.390752,https://mitehuacan.mx/?ruta=15-frailes
2,Diseños Moem,ropa,131,18.46171,-97.393701,https://mitehuacan.mx/?ruta=15-frailes
2,El Corcel De Oro,ropa,131,18.459597,-97.390751,https://mitehuacan.mx/?ruta=15-frailes
2,L. G. Viste A La Moda Boutique,ropa,131,18.461706,-97.39353,https://mitehuacan.mx/?ruta=15-frailes
2,Modas Nicole,ropa,131,18.459579,-97.390751,https://mitehuacan.mx/?ruta=15-frailes
2,Tienda De Bolsas Y Mochilas Eva,ropa,131,18.459709,-97.391432,https://mitehuacan.mx/?ruta=15-frailes
2,Tienda De Ropa Infantil Sin Nombre,ropa,131,18.459709,-97.391432,https://mitehuacan.mx/?ruta=15-frailes
2,Uniformes Deportivos Flomar,ropa,131,18.458758,-97.390783,https://mitehuacan.mx/?ruta=15-frailes
2,Venta De Ropa Sin Nombre,ropa,132,18.460676,-97.385842,https://mitehuacan.mx/?ruta=15-frailes
2,Tienda De Ropa Para Caballeros Sr.Camisa,ropa,137,18.460093,-97.392443,https://mitehuacan.mx/?ruta=15-frailes
2,Venta De Ropa Para Dama Y Caballero,ropa,137,18.459654,-97.391433,https://mitehuacan.mx/?ruta=15-frailes
2,Compra Venta De Ropa Enly Moda,ropa,138,18.464835,-97.390085,https://mitehuacan.mx/?ruta=15-frailes
2,Compra Venta De Ropa Jovas Shop,ropa,138,18.464835,-97.390085,https://mitehuacan.mx/?ruta=15-frailes
2,Compra Venta De Ropa Y Accesorios Mirandamen Shop,ropa,138,18.464835,-97.390085,https://mitehuacan.mx/?ruta=15-frailes
2,Compra Venta De Ropa Liz Antony,ropa,140,18.466197,-97.391331,https://mitehuacan.mx/?ruta=15-frailes
2,Venta De Bolsas Y Mochilas Zie 3,ropa,140,18.462013,-97.395104,https://mitehuacan.mx/?ruta=15-frailes
2,Creaciones En Tu Moda,ropa,141,18.457143,-97.383961,https://mitehuacan.mx/?ruta=15-frailes
2,Puesto De Ropa Sin Nombre,ropa,141,18.457017,-97.383969,https://mitehuacan.mx/?ruta=15-frailes
2,Puesto De Ropa Sin Nombre,ropa,141,18.456926,-97.383974,https://mitehuacan.mx/?ruta=15-frailes
2,Puesto De Ropa Sin Nombre,ropa,141,18.457315,-97.383946,https://mitehuacan.mx/?ruta=15-frailes
2,Venta De Bazar Sin Nombre,ropa,141,18.457712,-97.383922,https://mitehuacan.mx/?ruta=15-frailes
2,Venta De Mandiles Ropa Para Niños E Hilos,ropa,141,18.457468,-97.383937,https://mitehuacan.mx/?ruta=15-frailes
2,Venta De Pantalon Sin Nombre,ropa,141,18.456944,-97.383973,https://mitehuacan.mx/?ruta=15-frailes
2,Venta De Playeras Sin Nombre,ropa,141,18.456791,-97.383982,https://mitehuacan.mx/?ruta=15-frailes
2,Venta De Ropa De Mujer Sin Nombre,ropa,141,18.456881,-97.383977,https://mitehuacan.mx/?ruta=15-frailes
2,Venta De Ropa Nueva Sin Nombre,ropa,141,18.458218,-97.383891,https://mitehuacan.mx/?ruta=15-frailes
2,Venta De Ropa Para Bebe Sin Nombre,ropa,141,18.457225,-97.383957,https://mitehuacan.mx/?ruta=15-frailes
2,Venta De Ropa Para Niña Y Dama Sin Nombre,ropa,141,18.457098,-97.383964,https://mitehuacan.mx/?ruta=15-frailes
2,Venta De Ropa Para Trabajo Sin Nombre,ropa,141,18.457215,-97.383957,https://mitehuacan.mx/?ruta=15-frailes
2,Venta De Ropa Sin Nombre,ropa,141,18.45745,-97.383938,https://mitehuacan.mx/?ruta=15-frailes
2,Venta De Ropa Sin Nombre,ropa,141,18.457161,-97.38396,https://mitehuacan.mx/?ruta=15-frailes
2,Venta De Tines Y Cortinas Sin Nombre,ropa,141,18.458218,-97.383891,https://mitehuacan.mx/?ruta=15-frailes
2,Compra Y Venta De Ropa Sin Nombre,ropa,142,18.457311,-97.389431,https://mitehuacan.mx/?ruta=15-frailes
2,Venta De Trajes Quali,ropa,142,18.460021,-97.39244,https://mitehuacan.mx/?ruta=15-frailes
2,Modas Nicole,ropa,146,18.460106,-97.392571,https://mitehuacan.mx/?ruta=15-frailes
2,Tienda De Camisas S L B,ropa,147,18.466264,-97.391435,https://mitehuacan.mx/?ruta=15-frailes
2,Bazar De Ropa Zapatos Y Chacharas Sin Nombre,ropa,148,18.455527,-97.388401,https://mitehuacan.mx/?ruta=15-frailes
2,Brio Tehuacan,ropa,148,18.460957,-97.392853,https://mitehuacan.mx/?ruta=15-frailes
2,Venta De Zapatos De Bebe Zapateria Infantil Pa Chiquitos,zapatería,0,18.460812,-97.387896,https://mitehuacan.mx/?ruta=15-frailes
2,Zapateria Aldi,zapatería,0,18.462852,-97.391489,https://mitehuacan.mx/?ruta=15-frailes
2,Zapateria Gloria,zapatería,0,18.46496,-97.392567,https://mitehuacan.mx/?ruta=15-frailes
2,Zapaterias Ros Fer,zapatería,0,18.458508,-97.387063,https://mitehuacan.mx/?ruta=15-frailes
2,Reparadora De Calzado La Rosita,zapatería,1,18.462075,-97.38946,https://mitehuacan.mx/?ruta=15-frailes
2,Reparadora De Calzado Nery,zapatería,1,18.461016,-97.389469,https://mitehuacan.mx/?ruta=15-frailes
2,Venta De Articulos Varios Sin Nombre,zapatería,1,18.46021,-97.389478,https://mitehuacan.mx/?ruta=15-frailes
2,Venta De Huarache De Piel Sin Nombre,zapatería,1,18.456385,-97.38726,https://mitehuacan.mx/?ruta=15-frailes
2,Zapateria Giorgio Moretto,zapatería,1,18.460834,-97.388597,https://mitehuacan.mx/?ruta=15-frailes
2,Reparacion De Calzado El Chavo,zapatería,2,18.467129,-97.396611,https://mitehuacan.mx/?ruta=15-frailes
2,Sandalias Crysty,zapatería,3,18.460918,-97.391327,https://mitehuacan.mx/?ruta=15-frailes
2,Tehuacan,zapatería,3,18.462877,-97.391552,https://mitehuacan.mx/?ruta=15-frailes
2,Zapateria Andrea,zapatería,3,18.462873,-97.391366,https://mitehuacan.mx/?ruta=15-frailes
2,Zapateria Capa De Ozono,zapatería,3,18.462879,-97.391617,https://mitehuacan.mx/?ruta=15-frailes
2,Zapateria Don Zapato,zapatería,3,18.462859,-97.390654,https://mitehuacan.mx/?ruta=15-frailes
2,Zapateria Kristal,zapatería,3,18.462859,-97.390654,https://mitehuacan.mx/?ruta=15-frailes
2,Zapateria Papos Andy,zapatería,3,18.46289,-97.391934,https://mitehuacan.mx/?ruta=15-frailes
2,Zapaterias Vazza,zapatería,3,18.462884,-97.391754,https://mitehuacan.mx/?ruta=15-frailes
2,Andrea,zapatería,3,18.4629,-97.391401,https://mitehuacan.mx/?ruta=15-frailes
2,Renovadora De Calzado El Coco,zapatería,4,18.46706,-97.39645,https://mitehuacan.mx/?ruta=15-frailes
2,Reparadora De Calzado Mavelu,zapatería,4,18.460606,-97.387056,https://mitehuacan.mx/?ruta=15-frailes
2,Venta De Zapatos Para Dama Y Accesorios,zapatería,4,18.464525,-97.394081,https://mitehuacan.mx/?ruta=15-frailes
2,Ferre,zapatería,5,18.461142,-97.391409,https://mitehuacan.mx/?ruta=15-frailes
2,Zapateria Crazy Feet,zapatería,5,18.461211,-97.391409,https://mitehuacan.mx/?ruta=15-frailes
2,Zapateria Don Zapato,zapatería,5,18.461681,-97.391395,https://mitehuacan.mx/?ruta=15-frailes
2,Zapateria El Pequeño Gigante,zapatería,5,18.460984,-97.391407,https://mitehuacan.mx/?ruta=15-frailes
2,Zapateria Express,zapatería,5,18.461229,-97.391409,https://mitehuacan.mx/?ruta=15-frailes
2,Zapateria Sports Shoes,zapatería,5,18.461383,-97.391404,https://mitehuacan.mx/?ruta=15-frailes
2,Coppel Calzado Independencia 589,zapatería,6,18.462945,-97.393542,https://mitehuacan.mx/?ruta=15-frailes
2,Reparadoa De Calzado La Puri,zapatería,6,18.457182,-97.385233,https://mitehuacan.mx/?ruta=15-frailes
2,Tienda De Accesorios Para Calzado Sin Nombre,zapatería,6,18.461549,-97.391502,https://mitehuacan.mx/?ruta=15-frailes
2,Zapateria Andata,zapatería,6,18.461894,-97.391389,https://mitehuacan.mx/?ruta=15-frailes
2,Zapateria Andrea,zapatería,6,18.462577,-97.391381,https://mitehuacan.mx/?ruta=15-frailes
2,Zapateria El Nuevo Modelo,zapatería,6,18.461943,-97.391387,https://mitehuacan.mx/?ruta=15-frailes
2,Zapateria El Reventon,zapatería,6,18.461757,-97.3915,https://mitehuacan.mx/?ruta=15-frailes
2,Zapateria El Rey Del Ahorro,zapatería,6,18.461721,-97.3915,https://mitehuacan.mx/?ruta=15-frailes
2,Zapateria Gama,zapatería,6,18.462432,-97.391382,https://mitehuacan.mx/?ruta=15-frailes
2,Zapateria Tres Hermanos,zapatería,6,18.462958,-97.393962,https://mitehuacan.mx/?ruta=15-frailes
2,Zapaterias Don Zapato,zapatería,6,18.462106,-97.391382,https://mitehuacan.mx/?ruta=15-frailes
2,Pakar Zapaterias,zapatería,7,18.460937,-97.391519,https://mitehuacan.mx/?ruta=15-frailes
2,Reparadora De Calzado Sin Nombre,zapatería,7,18.47758,-97.400415,https://mitehuacan.mx/?ruta=15-frailes
2,El Tigre Shoes,zapatería,8,18.464905,-97.393593,https://mitehuacan.mx/?ruta=15-frailes
2,Venta De Articulos Para Calzado Sin Nombre,zapatería,8,18.459871,-97.389579,https://mitehuacan.mx/?ruta=15-frailes
2,Zapateria Lazos,zapatería,8,18.464863,-97.391735,https://mitehuacan.mx/?ruta=15-frailes
2,3 Hermanos,zapatería,8,18.462834,-97.39394,https://mitehuacan.mx/?ruta=15-frailes
2,Coppel Calzado Oriente 765,zapatería,9,18.460751,-97.389053,https://mitehuacan.mx/?ruta=15-frailes
2,Zapateria Angeles,zapatería,9,18.462778,-97.392017,https://mitehuacan.mx/?ruta=15-frailes
2,Zapateria Miranda,zapatería,9,18.46081,-97.391331,https://mitehuacan.mx/?ruta=15-frailes
2,Zapaterias Ana Maria,zapatería,9,18.460812,-97.391406,https://mitehuacan.mx/?ruta=15-frailes
2,Zapaterias Sports Shoes,zapatería,9,18.460772,-97.389899,https://mitehuacan.mx/?ruta=15-frailes
2,Pakar Zapateria,zapatería,10,18.460913,-97.391555,https://mitehuacan.mx/?ruta=15-frailes
2,Zapateria Calza Ahorros,zapatería,10,18.462803,-97.389317,https://mitehuacan.mx/?ruta=15-frailes
2,Venta De Agujetas Y Plantillas Sin Nombre,zapatería,13,18.457533,-97.385148,https://mitehuacan.mx/?ruta=15-frailes
2,Venta De Huaraches Sin Nombre,zapatería,13,18.457433,-97.385156,https://mitehuacan.mx/?ruta=15-frailes
2,Zapateria Cruzitos,zapatería,13,18.459923,-97.389378,https://mitehuacan.mx/?ruta=15-frailes
2,Zapateria Sport Shoes,zapatería,13,18.459763,-97.38938,https://mitehuacan.mx/?ruta=15-frailes
2,Oficina Administrativa Y Publicidad,zapatería,14,18.462732,-97.392017,https://mitehuacan.mx/?ruta=15-frailes
2,Zapateria Ana Maria,zapatería,14,18.460744,-97.390664,https://mitehuacan.mx/?ruta=15-frailes
2,Zapateria Leoneza,zapatería,14,18.458703,-97.388906,https://mitehuacan.mx/?ruta=15-frailes
2,Zapaterías PAKAR,zapatería,14,18.463009,-97.39304,https://mitehuacan.mx/?ruta=15-frailes
2,Venta De Huaraches,zapatería,15,18.456791,-97.385179,https://mitehuacan.mx/?ruta=15-frailes
2,Venta De Tenis Sin Nombre,zapatería,15,18.456882,-97.385175,https://mitehuacan.mx/?ruta=15-frailes
2,Temo Outlet,zapatería,16,18.462997,-97.391741,https://mitehuacan.mx/?ruta=15-frailes
2,Nm Zapateria,zapatería,17,18.463526,-97.393984,https://mitehuacan.mx/?ruta=15-frailes
2,Pakar Zapateria,zapatería,17,18.463041,-97.393057,https://mitehuacan.mx/?ruta=15-frailes
2,Parque,zapatería,17,18.463036,-97.392901,https://mitehuacan.mx/?ruta=15-frailes
2,Tehuacan,zapatería,17,18.46304,-97.393029,https://mitehuacan.mx/?ruta=15-frailes
2,Zapateria Elite,zapatería,17,18.463081,-97.393993,https://mitehuacan.mx/?ruta=15-frailes
2,Zapaterías Elite,zapatería,18,18.463095,-97.39398,https://mitehuacan.mx/?ruta=15-frailes
2,Zapateria San Andres,zapatería,19,18.456406,-97.385589,https://mitehuacan.mx/?ruta=15-frailes
2,Zapateria Arther,zapatería,20,18.461951,-97.391254,https://mitehuacan.mx/?ruta=15-frailes
2,Calzado Para Pie Diabetico Zapatos Conforth,zapatería,22,18.464849,-97.396388,https://mitehuacan.mx/?ruta=15-frailes
2,Zapateria Elite,zapatería,22,18.460817,-97.39165,https://mitehuacan.mx/?ruta=15-frailes
2,Distribuidora De Calzado San Andres,zapatería,29,18.457039,-97.38558,https://mitehuacan.mx/?ruta=15-frailes
2,Sandalias Tierra Del Sol,zapatería,29,18.456922,-97.385583,https://mitehuacan.mx/?ruta=15-frailes
2,Calzado Por Catalogo,zapatería,31,18.464934,-97.391097,https://mitehuacan.mx/?ruta=15-frailes
2,Zapateria Dica,zapatería,32,18.462804,-97.389109,https://mitehuacan.mx/?ruta=15-frailes
2,Zapateria Calza A La Moda,zapatería,41,18.463178,-97.389436,https://mitehuacan.mx/?ruta=15-frailes
2,Zapateria Dica,zapatería,41,18.463165,-97.38931,https://mitehuacan.mx/?ruta=15-frailes
2,Zapateria Tio Beto,zapatería,54,18.460382,-97.390664,https://mitehuacan.mx/?ruta=15-frailes
2,Venta De Sandalias De Plastico,zapatería,59,18.461578,-97.390014,https://mitehuacan.mx/?ruta=15-frailes
2,Zapateria Femma,zapatería,59,18.458509,-97.384663,https://mitehuacan.mx/?ruta=15-frailes
2,Zapaterias El Reventon,zapatería,64,18.462048,-97.390833,https://mitehuacan.mx/?ruta=15-frailes
2,Zapateria Crazy Feet,zapatería,70,18.461504,-97.390491,https://mitehuacan.mx/?ruta=15-frailes
2,Zapateria Isabel,zapatería,72,18.460932,-97.392142,https://mitehuacan.mx/?ruta=15-frailes
2,Huaracheria Gloria,zapatería,73,18.461544,-97.390758,https://mitehuacan.mx/?ruta=15-frailes
2,Zapapateria Expres,zapatería,73,18.461616,-97.390758,https://mitehuacan.mx/?ruta=15-frailes
2,Zapateria El Reventon,zapatería,82,18.460131,-97.390749,https://mitehuacan.mx/?ruta=15-frailes
2,Zapateria Rachell,zapatería,85,18.460937,-97.392265,https://mitehuacan.mx/?ruta=15-frailes
2,Bodega De Calzado Sin Nombre,zapatería,86,18.457227,-97.386106,https://mitehuacan.mx/?ruta=15-frailes
2,Zapateria Ana Maria,zapatería,86,18.458643,-97.390369,https://mitehuacan.mx/?ruta=15-frailes
2,Reparacion De Zapatos Sin Nombre,zapatería,91,18.470626,-97.402036,https://mitehuacan.mx/?ruta=15-frailes
2,Renovadora De Calzado Zaragoza,zapatería,93,18.466316,-97.397889,https://mitehuacan.mx/?ruta=15-frailes
2,Zapateria Los 3 Charros,zapatería,95,18.461647,-97.387032,https://mitehuacan.mx/?ruta=15-frailes
2,Shoes Collection Pakar,zapatería,96,18.462083,-97.394444,https://mitehuacan.mx/?ruta=15-frailes
2,Zapaterias El Reventon,zapatería,104,18.45993,-97.390665,https://mitehuacan.mx/?ruta=15-frailes
2,Reparadora De Calzado El Venadito Express,zapatería,109,18.463793,-97.389416,https://mitehuacan.mx/?ruta=15-frailes
2,Venta De Huaraches Sin Nombre,zapatería,110,18.456185,-97.384314,https://mitehuacan.mx/?ruta=15-frailes
2,Renovadora De Calzado Puebla Ii,zapatería,117,18.458755,-97.39065,https://mitehuacan.mx/?ruta=15-frailes
2,Zapaterias Arther,zapatería,118,18.459803,-97.390665,https://mitehuacan.mx/?ruta=15-frailes
2,Real Zapateria,zapatería,121,18.459796,-97.391431,https://mitehuacan.mx/?ruta=15-frailes
2,Zapateria 3 Hermanos,zapatería,121,18.459233,-97.390668,https://mitehuacan.mx/?ruta=15-frailes
2,Zapateria Moda Shoes,zapatería,125,18.460559,-97.392588,https://mitehuacan.mx/?ruta=15-frailes
2,Zapaterias Greys,zapatería,126,18.460532,-97.392587,https://mitehuacan.mx/?ruta=15-frailes
2,Venta De Tenis Juquilita,zapatería,128,18.458891,-97.390755,https://mitehuacan.mx/?ruta=15-frailes
2,Zapateria Eduars,zapatería,129,18.459072,-97.390754,https://mitehuacan.mx/?ruta=15-frailes
2,Zapateria Ing Roberto,zapatería,133,18.462892,-97.388158,https://mitehuacan.mx/?ruta=15-frailes
2,Zapateria Arther,zapatería,135,18.460955,-97.39273,https://mitehuacan.mx/?ruta=15-frailes
2,Alcala Sucesores Huaracheria,zapatería,146,18.460672,-97.385709,https://mitehuacan.mx/?ruta=15-frailes
3,Venta De Gorras. Gorras Angelito,accesorios,0,18.458503,-97.386949,https://mitehuacan.mx/?ruta=15-frailes
3,Accesorios Michelle,accesorios,1,18.461178,-97.389468,https://mitehuacan.mx/?ruta=15-frailes
3,Bisuteria Amor Mio,accesorios,1,18.460934,-97.38947,https://mitehuacan.mx/?ruta=15-frailes
3,El Rey De La Bolsa,accesorios,1,18.458456,-97.385642,https://mitehuacan.mx/?ruta=15-frailes
3,Tienda Bisuteria Y Cosmeticos Sin Nombre,accesorios,1,18.458544,-97.387792,https://mitehuacan.mx/?ruta=15-frailes
3,Tienda De Bolsas Avenida Diez 09,accesorios,1,18.467051,-97.39501,https://mitehuacan.mx/?ruta=15-frailes
3,Tienda De Maquillaje Mundo Mujer Centro Mayorista,accesorios,1,18.458539,-97.387698,https://mitehuacan.mx/?ruta=15-frailes
3,Venta De Accesorios Para Dama Novedades Flor De Abril,accesorios,1,18.460364,-97.389476,https://mitehuacan.mx/?ruta=15-frailes
3,Venta De Bisuteria Manuela Conplemento De Bisuteria,accesorios,1,18.458536,-97.387641,https://mitehuacan.mx/?ruta=15-frailes
3,Venta De Mochilas Y Bolsas Sin Nombre,accesorios,1,18.460844,-97.38892,https://mitehuacan.mx/?ruta=15-frailes
3,Ohana,accesorios,2,18.477522,-97.400559,https://mitehuacan.mx/?ruta=15-frailes
3,Tienda De Novedades Aremi,accesorios,2,18.460855,-97.389232,https://mitehuacan.mx/?ruta=15-frailes
3,Articulos De Bisuteria Fantasias Dany,accesorios,3,18.462859,-97.390654,https://mitehuacan.mx/?ruta=15-frailes
3,Bisuteria Kiru,accesorios,3,18.460915,-97.391232,https://mitehuacan.mx/?ruta=15-frailes
3,Joyeria De Fantasia Y Plata - Plata Linda,accesorios,3,18.462859,-97.390654,https://mitehuacan.mx/?ruta=15-frailes
3,Venta De Accesorios De Acero Inoxidable Tx Acero Inoxidable,accesorios,3,18.462859,-97.390654,https://mitehuacan.mx/?ruta=15-frailes
3,Venta De Cinturones Y Gorras Publicidad Fercho,accesorios,3,18.460885,-97.390066,https://mitehuacan.mx/?ruta=15-frailes
3,Venta De Gorras Yoseline,accesorios,3,18.460872,-97.389583,https://mitehuacan.mx/?ruta=15-frailes
3,Venta De Moños Nina,accesorios,3,18.4609,-97.390635,https://mitehuacan.mx/?ruta=15-frailes
3,Venta De Moñoz Moñoz Coqueta,accesorios,3,18.459649,-97.389483,https://mitehuacan.mx/?ruta=15-frailes
3,Accesorios Michel,accesorios,5,18.461202,-97.391409,https://mitehuacan.mx/?ruta=15-frailes
3,Novedades Sin Nombre,accesorios,5,18.458925,-97.389494,https://mitehuacan.mx/?ruta=15-frailes
3,Novedades Y Bisuteria Josy,accesorios,5,18.45796,-97.385195,https://mitehuacan.mx/?ruta=15-frailes
3,Accesorios Para Cabello Sin Nombre,accesorios,6,18.462381,-97.391493,https://mitehuacan.mx/?ruta=15-frailes
3,Tienda De Ropa Sin Nombre,accesorios,6,18.462269,-97.391382,https://mitehuacan.mx/?ruta=15-frailes
3,Compra Venta De Accesorios Para Dama,accesorios,9,18.464879,-97.392569,https://mitehuacan.mx/?ruta=15-frailes
3,Chacharas Venta De Diferentes Articulos De Temporada Sin Nom,accesorios,10,18.460686,-97.389369,https://mitehuacan.mx/?ruta=15-frailes
3,Creaciones May Nali,accesorios,10,18.467164,-97.395746,https://mitehuacan.mx/?ruta=15-frailes
3,Venta De Accesorios Naimi,accesorios,11,18.467402,-97.397843,https://mitehuacan.mx/?ruta=15-frailes
3,Bisuteria Amor Mio,accesorios,13,18.459718,-97.38938,https://mitehuacan.mx/?ruta=15-frailes
3,Venta De Bisuteria Sin Nombre,accesorios,13,18.45746,-97.385154,https://mitehuacan.mx/?ruta=15-frailes
3,Venta De Bisuteria Sin Nombre,accesorios,13,18.457515,-97.38515,https://mitehuacan.mx/?ruta=15-frailes
3,Venta De Cinturones Y Articulos Varios Sin Nombre,accesorios,13,18.457371,-97.38516,https://mitehuacan.mx/?ruta=15-frailes
3,Venta De Novedades Sin Nombre,accesorios,13,18.457488,-97.385152,https://mitehuacan.mx/?ruta=15-frailes
3,Chacharitas Yael,accesorios,14,18.458712,-97.389058,https://mitehuacan.mx/?ruta=15-frailes
3,Venta De Chacharas Sin Nombre,accesorios,14,18.457026,-97.385169,https://mitehuacan.mx/?ruta=15-frailes
3,Gorras Y Playeras El Chino,accesorios,15,18.458732,-97.389393,https://mitehuacan.mx/?ruta=15-frailes
3,Bisuteria Sin Nombre,accesorios,16,18.456222,-97.385204,https://mitehuacan.mx/?ruta=15-frailes
3,Compra Venta De Bisuteria Y Accesorios Para Dama La Bella,accesorios,16,18.462976,-97.390603,https://mitehuacan.mx/?ruta=15-frailes
3,Novedades Vero,accesorios,16,18.458427,-97.385064,https://mitehuacan.mx/?ruta=15-frailes
3,Venta De Chacharas Sin Nombre,accesorios,16,18.45633,-97.385199,https://mitehuacan.mx/?ruta=15-frailes
3,Novedades Itzel,accesorios,21,18.460704,-97.391414,https://mitehuacan.mx/?ruta=15-frailes
3,Bisuteria Y Regalos Sin Nombre,accesorios,28,18.461948,-97.391178,https://mitehuacan.mx/?ruta=15-frailes
3,Comercio Al Por Menor De Bisutería Y Accesorios De Vestir Si,accesorios,29,18.470112,-97.398079,https://mitehuacan.mx/?ruta=15-frailes
3,Venta De Chacharitas Sin Nombre,accesorios,34,18.458292,-97.389522,https://mitehuacan.mx/?ruta=15-frailes
3,Venta De Aretes My Body Piercing,accesorios,35,18.465278,-97.392938,https://mitehuacan.mx/?ruta=15-frailes
3,Venta De Bisuteria Sin Nombre,accesorios,35,18.474592,-97.400819,https://mitehuacan.mx/?ruta=15-frailes
3,Cinturon Casual,accesorios,42,18.460493,-97.390749,https://mitehuacan.mx/?ruta=15-frailes
3,Tienda De Ropa Sin Nombre,accesorios,47,18.462056,-97.390994,https://mitehuacan.mx/?ruta=15-frailes
3,Tienda De Bolsas Y Morrales De Plastico Sin Nombre,accesorios,48,18.458028,-97.385941,https://mitehuacan.mx/?ruta=15-frailes
3,Bolsas Y Accesorios Egos Longinos,accesorios,51,18.46485,-97.39091,https://mitehuacan.mx/?ruta=15-frailes
3,Accesorios Y Novedades Mg Magic,accesorios,59,18.464438,-97.393011,https://mitehuacan.mx/?ruta=15-frailes
3,Tienda Dechacharas El Baratetito,accesorios,61,18.463346,-97.389303,https://mitehuacan.mx/?ruta=15-frailes
3,Venta De Moños Y Accesorios,accesorios,66,18.460274,-97.390664,https://mitehuacan.mx/?ruta=15-frailes
3,Compra Venta De Ropa Y Accesorios Enchulateh,accesorios,75,18.457921,-97.389526,https://mitehuacan.mx/?ruta=15-frailes
3,Plateria Gisel,accesorios,86,18.466383,-97.39799,https://mitehuacan.mx/?ruta=15-frailes
3,Mas Bella Accesorios De Dama,accesorios,105,18.461952,-97.394031,https://mitehuacan.mx/?ruta=15-frailes
3,Chacharitas Todo Moda Inc,accesorios,106,18.461969,-97.394356,https://mitehuacan.mx/?ruta=15-frailes
3,Venta De Bisuteria Y Novedades Sarang,accesorios,108,18.458651,-97.390568,https://mitehuacan.mx/?ruta=15-frailes
3,Venta De Bolsas El Rey De La Bolsa,accesorios,116,18.462779,-97.388314,https://mitehuacan.mx/?ruta=15-frailes
3,Accesorios De Perlas,accesorios,123,18.461777,-97.393351,https://mitehuacan.mx/?ruta=15-frailes
3,Centro Comercial Casa China,accesorios,125,18.458658,-97.39073,https://mitehuacan.mx/?ruta=15-frailes
3,Perfumeria Y Regalos,accesorios,126,18.46152,-97.392641,https://mitehuacan.mx/?ruta=15-frailes
3,Venta De Gorras Publicidad Y Beisbol,accesorios,128,18.458973,-97.390754,https://mitehuacan.mx/?ruta=15-frailes
3,Amatista Bisuteria,accesorios,132,18.466125,-97.391332,https://mitehuacan.mx/?ruta=15-frailes
3,Venta De Bolsos Y Novedades Anubis,accesorios,136,18.467503,-97.392878,https://mitehuacan.mx/?ruta=15-frailes
3,Vicmaly La Casa De Las Muñecas,accesorios,137,18.457349,-97.389273,https://mitehuacan.mx/?ruta=15-frailes
3,Bisuteria,accesorios,138,18.473547,-97.398678,https://mitehuacan.mx/?ruta=15-frailes
3,Bisuteria Michelle,accesorios,138,18.461657,-97.394166,https://mitehuacan.mx/?ruta=15-frailes
3,Tienda De Bisuteria Sin Nombre,accesorios,141,18.456917,-97.383975,https://mitehuacan.mx/?ruta=15-frailes
3,Venta De Juguetes Y Chacharas Sin Nombre,accesorios,141,18.45764,-97.383926,https://mitehuacan.mx/?ruta=15-frailes
3,Venta De Accesorios Para Dama Escaparate,accesorios,146,18.459573,-97.391435,https://mitehuacan.mx/?ruta=15-frailes
3,Auto Lavado Moragon,autolavado,0,18.474883,-97.402678,https://mitehuacan.mx/?ruta=15-frailes
3,Shiny Car Wash,autolavado,0,18.475893,-97.408162,https://mitehuacan.mx/?ruta=15-frailes
3,El Pato Mojado 2,autolavado,2,18.467025,-97.394385,https://mitehuacan.mx/?ruta=15-frailes
3,Lavo De Autos Paw Patrol,autolavado,6,18.457874,-97.387127,https://mitehuacan.mx/?ruta=15-frailes
3,Autolavado Chaira,autolavado,9,18.477395,-97.399169,https://mitehuacan.mx/?ruta=15-frailes
3,Autolavado De La 18 Poniente,autolavado,10,18.476518,-97.402946,https://mitehuacan.mx/?ruta=15-frailes
3,Autolavado Los Memines,autolavado,10,18.467225,-97.397187,https://mitehuacan.mx/?ruta=15-frailes
3,Autolavado Hernandez,autolavado,12,18.458608,-97.386965,https://mitehuacan.mx/?ruta=15-frailes
3,Autolavado Sin Nombre,autolavado,15,18.475671,-97.398575,https://mitehuacan.mx/?ruta=15-frailes
3,Autolavado Express El Pelon,autolavado,20,18.471173,-97.399819,https://mitehuacan.mx/?ruta=15-frailes
3,Autolavado Sin Nombre,autolavado,44,18.474054,-97.400733,https://mitehuacan.mx/?ruta=15-frailes
3,Lavado De Autos Uli,autolavado,57,18.457751,-97.386649,https://mitehuacan.mx/?ruta=15-frailes
3,Auto Lavado Sin Nombre,autolavado,71,18.477341,-97.403317,https://mitehuacan.mx/?ruta=15-frailes
3,Auto Lavado Sin Nombre,autolavado,78,18.477924,-97.407073,https://mitehuacan.mx/?ruta=15-frailes
3,Lavado Y Engrasado Gonzaga Prestige,autolavado,91,18.47306,-97.399716,https://mitehuacan.mx/?ruta=15-frailes
3,Autolavado Sin Nombre,autolavado,119,18.455307,-97.384761,https://mitehuacan.mx/?ruta=15-frailes
3,Auto Lavado Galvez,autolavado,131,18.468167,-97.393861,https://mitehuacan.mx/?ruta=15-frailes
3,Autolavado Terans,autolavado,144,18.472536,-97.405813,https://mitehuacan.mx/?ruta=15-frailes
3,Bar El Farolito,bar,3,18.458718,-97.387169,https://mitehuacan.mx/?ruta=15-frailes
3,Bar Max Le Club,bar,3,18.460904,-97.390834,https://mitehuacan.mx/?ruta=15-frailes
3,Bar Buffalos Draft Beer,bar,4,18.465275,-97.394055,https://mitehuacan.mx/?ruta=15-frailes
3,Zapata Cerveceria Tehuacan,bar,5,18.466162,-97.394031,https://mitehuacan.mx/?ruta=15-frailes
3,Bendita Cruda,bar,7,18.470213,-97.399778,https://mitehuacan.mx/?ruta=15-frailes
3,Bar La Malquerida,bar,9,18.467123,-97.394989,https://mitehuacan.mx/?ruta=15-frailes
3,Panchos Bar,bar,10,18.459234,-97.387029,https://mitehuacan.mx/?ruta=15-frailes
3,Venta De Pulque Sin Nombre,bar,13,18.457362,-97.385159,https://mitehuacan.mx/?ruta=15-frailes
3,Venta De Pulque Sin Nombre,bar,13,18.457488,-97.385152,https://mitehuacan.mx/?ruta=15-frailes
3,Cerveceria Chapultepec,bar,14,18.46276,-97.393229,https://mitehuacan.mx/?ruta=15-frailes
3,La Juana Cantina,bar,14,18.46276,-97.393229,https://mitehuacan.mx/?ruta=15-frailes
3,La Rockola,bar,14,18.46276,-97.393229,https://mitehuacan.mx/?ruta=15-frailes
3,Bar La Medusa,bar,18,18.465327,-97.394271,https://mitehuacan.mx/?ruta=15-frailes
3,Bodega De Bar Internacional,bar,18,18.465327,-97.394271,https://mitehuacan.mx/?ruta=15-frailes
3,Hakuna Matata,bar,28,18.477724,-97.398481,https://mitehuacan.mx/?ruta=15-frailes
3,Bar El Venadito,bar,37,18.479768,-97.399382,https://mitehuacan.mx/?ruta=15-frailes
3,Bar El Nuevo Aterrizaje,bar,41,18.463165,-97.38931,https://mitehuacan.mx/?ruta=15-frailes
3,La Tosta,bar,44,18.462489,-97.393235,https://mitehuacan.mx/?ruta=15-frailes
3,Restaurant Bar Los Tres Garcia,bar,59,18.467497,-97.393883,https://mitehuacan.mx/?ruta=15-frailes
3,Bar Los Colorines,bar,67,18.4634,-97.389301,https://mitehuacan.mx/?ruta=15-frailes
3,Bar 69 Club,bar,69,18.463431,-97.389428,https://mitehuacan.mx/?ruta=15-frailes
3,La Pasadita Restaurant Bar,bar,82,18.463624,-97.393043,https://mitehuacan.mx/?ruta=15-frailes
3,Bar Los Compañeros,bar,92,18.458244,-97.390333,https://mitehuacan.mx/?ruta=15-frailes
3,Sunset Resto Bar,bar,112,18.473289,-97.397533,https://mitehuacan.mx/?ruta=15-frailes
3,Bar California,bar,119,18.460752,-97.385963,https://mitehuacan.mx/?ruta=15-frailes
3,Albhacar Restaurant Bar,bar,122,18.466725,-97.392904,https://mitehuacan.mx/?ruta=15-frailes
3,Bar El Companero 1,bar,123,18.457498,-97.389678,https://mitehuacan.mx/?ruta=15-frailes
3,Restaurante Bar Terrazzo,bar,131,18.465097,-97.397685,https://mitehuacan.mx/?ruta=15-frailes
3,Bar Mar,bar,132,18.457377,-97.388733,https://mitehuacan.mx/?ruta=15-frailes
3,Venta De Pulque Sin Nombre,bar,141,18.456773,-97.383983,https://mitehuacan.mx/?ruta=15-frailes
3,Chelorama,bar,142,18.473588,-97.399046,https://mitehuacan.mx/?ruta=15-frailes
3,Rockola,bebidas,30,18.462613,-97.393266,https://mitehuacan.mx/?ruta=15-frailes
3,Bicis Extrem,bicicletas,0,18.460809,-97.387801,https://mitehuacan.mx/?ruta=15-frailes
3,Venta De Refacciones Para Bicicletas Y Reparacion De Bicicle,bicicletas,0,18.460793,-97.387271,https://mitehuacan.mx/?ruta=15-frailes
3,Bicicletas Y Refacciones Ikki,bicicletas,2,18.460854,-97.389194,https://mitehuacan.mx/?ruta=15-frailes
3,Bicimundo,bicicletas,4,18.458625,-97.387108,https://mitehuacan.mx/?ruta=15-frailes
3,Bici Reparaciones,bicicletas,5,18.460661,-97.387054,https://mitehuacan.mx/?ruta=15-frailes
3,Taller De Bicicletas Giro,bicicletas,7,18.471291,-97.399531,https://mitehuacan.mx/?ruta=15-frailes
3,Venta Refacciones Y Bicicletas Bicimundo,bicicletas,9,18.460768,-97.389738,https://mitehuacan.mx/?ruta=15-frailes
3,Taller De Bicicletas,bicicletas,10,18.467159,-97.395642,https://mitehuacan.mx/?ruta=15-frailes
3,Bici Refacciones Del Centro,bicicletas,12,18.461329,-97.389347,https://mitehuacan.mx/?ruta=15-frailes
3,Venta De Articulos De Bicicletas Sin Nombre,bicicletas,13,18.457479,-97.385153,https://mitehuacan.mx/?ruta=15-frailes
3,Biciservicios Aguiluchos,bicicletas,30,18.470915,-97.399974,https://mitehuacan.mx/?ruta=15-frailes
3,Ciclo Sport Benotto,bicicletas,86,18.460093,-97.390664,https://mitehuacan.mx/?ruta=15-frailes
3,Taller Efra Bikes,bicicletas,124,18.476304,-97.409664,https://mitehuacan.mx/?ruta=15-frailes
3,Reparaciony Venta De Accesorios Para Bicicletas,bicicletas,127,18.469343,-97.401831,https://mitehuacan.mx/?ruta=15-frailes
3,Renta De Mesas De Billar Snookball,billar,6,18.463319,-97.391369,https://mitehuacan.mx/?ruta=15-frailes
3,Billares Rocker Pool,billar,39,18.462357,-97.389817,https://mitehuacan.mx/?ruta=15-frailes
3,Billares La Purisima,billar,85,18.457019,-97.386108,https://mitehuacan.mx/?ruta=15-frailes
3,Bar Y Billares Kahomas,billar,94,18.457443,-97.388095,https://mitehuacan.mx/?ruta=15-frailes
3,Billares Kalynova,billar,137,18.455055,-97.387309,https://mitehuacan.mx/?ruta=15-frailes
3,Finagam Tehucan,caja de ahorro,4,18.464894,-97.394071,https://mitehuacan.mx/?ruta=15-frailes
3,Crediclub Suc 80 Tehuacan 2 Reforma,caja de ahorro,37,18.467287,-97.393889,https://mitehuacan.mx/?ruta=15-frailes
3,Caja Popular Mexicana Sucursal Tehuacan,caja de ahorro,39,18.462504,-97.39202,https://mitehuacan.mx/?ruta=15-frailes
3,Corporativo Financiero Ahorro Agro,caja de ahorro,45,18.458876,-97.386081,https://mitehuacan.mx/?ruta=15-frailes
3,Came Tehuacan 101,caja de ahorro,70,18.460767,-97.386433,https://mitehuacan.mx/?ruta=15-frailes
3,Adima Servicios Financieros,caja de ahorro,108,18.460737,-97.392463,https://mitehuacan.mx/?ruta=15-frailes
3,Caja Zongolica Suc Tehuacan,caja de ahorro,121,18.464838,-97.390248,https://mitehuacan.mx/?ruta=15-frailes
3,Casa De Empeño Prenda Flash,casa de empeño,0,18.4585,-97.386892,https://mitehuacan.mx/?ruta=15-frailes
3,Casa De Empeño Respuesta Rapida,casa de empeño,1,18.462346,-97.389457,https://mitehuacan.mx/?ruta=15-frailes
3,Casa De Empeño Valle De Oro,casa de empeño,3,18.462871,-97.39128,https://mitehuacan.mx/?ruta=15-frailes
3,Casa De Empeños Presta Teh,casa de empeño,3,18.462545,-97.389455,https://mitehuacan.mx/?ruta=15-frailes
3,Empeño Facial Tehuacan,casa de empeño,3,18.462868,-97.391095,https://mitehuacan.mx/?ruta=15-frailes
3,Realice Sucursal 4237 Pue,casa de empeño,3,18.462872,-97.391322,https://mitehuacan.mx/?ruta=15-frailes
3,Casa De Empeño Casa Prendaria,casa de empeño,5,18.464508,-97.391451,https://mitehuacan.mx/?ruta=15-frailes
3,Casa De Empeño Multiventas,casa de empeño,6,18.464504,-97.391347,https://mitehuacan.mx/?ruta=15-frailes
3,Casa De Empeño Prenda Lana,casa de empeño,6,18.463319,-97.391369,https://mitehuacan.mx/?ruta=15-frailes
3,Casa De Empeño Prestaval,casa de empeño,6,18.462333,-97.391382,https://mitehuacan.mx/?ruta=15-frailes
3,Prenda Mex Sucursal 1849 Pue,casa de empeño,10,18.460754,-97.389368,https://mitehuacan.mx/?ruta=15-frailes
3,Casa De Empeño Surti Empeños,casa de empeño,12,18.462414,-97.389327,https://mitehuacan.mx/?ruta=15-frailes
3,Prendaval,casa de empeño,18,18.460711,-97.390749,https://mitehuacan.mx/?ruta=15-frailes
3,Casa De Empeño Prenda Joya,casa de empeño,54,18.463283,-97.389305,https://mitehuacan.mx/?ruta=15-frailes
3,Prenda Mex Sucursal 1817 Pue,casa de empeño,62,18.462327,-97.393239,https://mitehuacan.mx/?ruta=15-frailes
3,Realice Sucursal 4236 Pue,casa de empeño,71,18.462243,-97.393241,https://mitehuacan.mx/?ruta=15-frailes
3,Casa De Empeño Prenda Joya,casa de empeño,79,18.458746,-97.39029,https://mitehuacan.mx/?ruta=15-frailes
3,Megaempeños,casa de empeño,80,18.462166,-97.393242,https://mitehuacan.mx/?ruta=15-frailes
3,Prenda Mex,casa de empeño,80,18.462166,-97.393242,https://mitehuacan.mx/?ruta=15-frailes
3,Casa De Empeño Prenda Joya,casa de empeño,83,18.460936,-97.392246,https://mitehuacan.mx/?ruta=15-frailes
3,Casa De Empeño Mega Empeños,casa de empeño,102,18.460845,-97.392424,https://mitehuacan.mx/?ruta=15-frailes
3,Casa De Empeño Respuesta Rapida,casa de empeño,109,18.464065,-97.3965,https://mitehuacan.mx/?ruta=15-frailes
3,Vision Prendaria Mega Empeño,casa de empeño,113,18.461868,-97.393249,https://mitehuacan.mx/?ruta=15-frailes
3,Maple Empeños,casa de empeño,138,18.461657,-97.394166,https://mitehuacan.mx/?ruta=15-frailes
3,Cerrajeria Arroyo,cerrajería,1,18.460129,-97.389478,https://mitehuacan.mx/?ruta=15-frailes
3,Cerrajeria Independencia,cerrajería,3,18.462871,-97.391242,https://mitehuacan.mx/?ruta=15-frailes
3,Cerrajeria Muñoz,cerrajería,4,18.460473,-97.387137,https://mitehuacan.mx/?ruta=15-frailes
3,Cerrajeria El Pato,cerrajería,6,18.470139,-97.400035,https://mitehuacan.mx/?ruta=15-frailes
3,Cerrajeria Imperial,cerrajería,6,18.462541,-97.391381,https://mitehuacan.mx/?ruta=15-frailes
3,Cerrajeria Armenta,cerrajería,7,18.477538,-97.400112,https://mitehuacan.mx/?ruta=15-frailes
3,Servicio De Cerrajeria Cerrajeria Gaba,cerrajería,13,18.462288,-97.38933,https://mitehuacan.mx/?ruta=15-frailes
3,Cerrajeria Rojas,cerrajería,23,18.471984,-97.399661,https://mitehuacan.mx/?ruta=15-frailes
3,Cerrajeria Moy,cerrajería,42,18.467427,-97.395139,https://mitehuacan.mx/?ruta=15-frailes
3,Cerrajeria La Cerrajeria,cerrajería,48,18.461938,-97.390989,https://mitehuacan.mx/?ruta=15-frailes
3,Cerrajeria Montoro,cerrajería,81,18.460165,-97.391544,https://mitehuacan.mx/?ruta=15-frailes
3,Cerrajeria Sin Nombre,cerrajería,131,18.458659,-97.390786,https://mitehuacan.mx/?ruta=15-frailes
3,Cine Reforma,cine,45,18.462587,-97.394428,https://mitehuacan.mx/?ruta=15-frailes
3,Cafetería Morentina,coffee,45,18.463246,-97.390936,https://mitehuacan.mx/?ruta=15-frailes
3,Cocina Buffet,comida,2,18.464998,-97.395046,https://mitehuacan.mx/?ruta=15-frailes
3,Pollos Guerrero,comida,4,18.461542,-97.389421,https://mitehuacan.mx/?ruta=15-frailes
3,Cemitas La Poblanita,comida,5,18.463967,-97.391361,https://mitehuacan.mx/?ruta=15-frailes
3,Tacos El Primó,comida,6,18.463791,-97.391472,https://mitehuacan.mx/?ruta=15-frailes
3,Tortas Hidalguenses,comida,7,18.458501,-97.388491,https://mitehuacan.mx/?ruta=15-frailes
3,Pollos Guerrero,comida,10,18.460788,-97.390676,https://mitehuacan.mx/?ruta=15-frailes
3,Pizzas iolo,comida,15,18.462976,-97.391165,https://mitehuacan.mx/?ruta=15-frailes
3,Pizzas Yankees,comida,145,18.461596,-97.394163,https://mitehuacan.mx/?ruta=15-frailes
3,Cyber Network,computación,0,18.460815,-97.387972,https://mitehuacan.mx/?ruta=15-frailes
3,Ciber Los Frailes,computación,1,18.473151,-97.40397,https://mitehuacan.mx/?ruta=15-frailes
3,Ciber Sin Nombre,computación,3,18.480379,-97.402646,https://mitehuacan.mx/?ruta=15-frailes
3,Cafe Con Aroma De Internet,computación,5,18.464508,-97.391451,https://mitehuacan.mx/?ruta=15-frailes
3,Ciber Acct,computación,6,18.462269,-97.391382,https://mitehuacan.mx/?ruta=15-frailes
3,Ciner Cafe Mari Fer,computación,15,18.480423,-97.402339,https://mitehuacan.mx/?ruta=15-frailes
3,Kaos Renta De Computadoras,computación,26,18.463105,-97.39237,https://mitehuacan.mx/?ruta=15-frailes
3,Ciberbox,computación,47,18.472692,-97.40354,https://mitehuacan.mx/?ruta=15-frailes
3,Internet Y Papeleria Shiamex,computación,64,18.475258,-97.398979,https://mitehuacan.mx/?ruta=15-frailes
3,Internet Del Centro,computación,126,18.461502,-97.392641,https://mitehuacan.mx/?ruta=15-frailes
3,Internet Nautilus,computación,141,18.457411,-97.390031,https://mitehuacan.mx/?ruta=15-frailes
3,Despacho Contable Martinez,contadores,6,18.463482,-97.391363,https://mitehuacan.mx/?ruta=15-frailes
3,Oficina De Inmobiliaria Oficina 2,contadores,6,18.471571,-97.399469,https://mitehuacan.mx/?ruta=15-frailes
3,Consuultor,contadores,7,18.464955,-97.395309,https://mitehuacan.mx/?ruta=15-frailes
3,Inmobiliaria Amin,contadores,9,18.464874,-97.392323,https://mitehuacan.mx/?ruta=15-frailes
3,Contador Publico,contadores,17,18.463155,-97.393991,https://mitehuacan.mx/?ruta=15-frailes
3,Waldo Alonso Y Asociados,contadores,21,18.46306,-97.392371,https://mitehuacan.mx/?ruta=15-frailes
3,Despacho Juridico Y Contable,contadores,34,18.465417,-97.39442,https://mitehuacan.mx/?ruta=15-frailes
3,Despacho Contable Sin Nombre,contadores,38,18.462552,-97.393513,https://mitehuacan.mx/?ruta=15-frailes
3,Despacho De Contadores,contadores,87,18.463006,-97.394985,https://mitehuacan.mx/?ruta=15-frailes
3,Despacho Contable Hernandez Asesores,contadores,110,18.463014,-97.395203,https://mitehuacan.mx/?ruta=15-frailes
3,Despacho Contable Sanchez Zarate Y Asociados,contadores,131,18.469777,-97.395298,https://mitehuacan.mx/?ruta=15-frailes
3,Despacho Contable Fiscal Sebline,contadores,137,18.466173,-97.391436,https://mitehuacan.mx/?ruta=15-frailes
3,Amaro Reyna Y Herrero Consultores,contadores,145,18.460858,-97.392828,https://mitehuacan.mx/?ruta=15-frailes
3,Centro De Copiado E Impresioes,copias,4,18.466943,-97.396451,https://mitehuacan.mx/?ruta=15-frailes
3,Copias Saraoma,copias,9,18.464877,-97.392484,https://mitehuacan.mx/?ruta=15-frailes
3,Copias San Nicolas,copias,111,18.478872,-97.400314,https://mitehuacan.mx/?ruta=15-frailes
3,Papeleria Y Jugueteria Bubitos Star,copias,148,18.455548,-97.388417,https://mitehuacan.mx/?ruta=15-frailes
3,Tienda De Ropa Deportiva Sin Nombre,deportes,0,18.462219,-97.389458,https://mitehuacan.mx/?ruta=15-frailes
3,Venta De Tenis Y Gorras Sin Nombre,deportes,1,18.461215,-97.389468,https://mitehuacan.mx/?ruta=15-frailes
3,Zapateria Stop,deportes,1,18.464944,-97.391751,https://mitehuacan.mx/?ruta=15-frailes
3,Sportica,deportes,1,18.462899,-97.393374,https://mitehuacan.mx/?ruta=15-frailes
3,La Donateria,deportes,2,18.469448,-97.397855,https://mitehuacan.mx/?ruta=15-frailes
3,Tieda De Articulos Deportivos Atleticos,deportes,3,18.462888,-97.391877,https://mitehuacan.mx/?ruta=15-frailes
3,Tienda De Ropa Venta Gorras Y Playeras El Chino,deportes,3,18.462859,-97.390654,https://mitehuacan.mx/?ruta=15-frailes
3,Tienda De Uniformes Israd,deportes,3,18.469249,-97.398134,https://mitehuacan.mx/?ruta=15-frailes
3,Caseta Esquina De La Suerte,deportes,4,18.462915,-97.392654,https://mitehuacan.mx/?ruta=15-frailes
3,Atleticos,deportes,5,18.462899,-97.391839,https://mitehuacan.mx/?ruta=15-frailes
3,Tienda De Tennis Señor Tenni,deportes,6,18.46135,-97.391508,https://mitehuacan.mx/?ruta=15-frailes
3,Compra Venta De Ropa Deportiva Influencers,deportes,8,18.464862,-97.391697,https://mitehuacan.mx/?ruta=15-frailes
3,Compra Venta De Ropa Deportiva Cory Fit,deportes,9,18.464873,-97.392304,https://mitehuacan.mx/?ruta=15-frailes
3,Tienda De Cartuchos Para Caceria Safari,deportes,9,18.460723,-97.387586,https://mitehuacan.mx/?ruta=15-frailes
3,Deportes Dialta,deportes,12,18.461184,-97.389343,https://mitehuacan.mx/?ruta=15-frailes
3,Tienda De Deportes Atleticos,deportes,13,18.462985,-97.391305,https://mitehuacan.mx/?ruta=15-frailes
3,Venta De Calzado Sin Nombre,deportes,13,18.457551,-97.385147,https://mitehuacan.mx/?ruta=15-frailes
3,Venta De Playeras Deportivas Sin Nombre,deportes,13,18.459863,-97.389379,https://mitehuacan.mx/?ruta=15-frailes
3,Uniformes Deportivos Barropaz,deportes,14,18.458707,-97.388972,https://mitehuacan.mx/?ruta=15-frailes
3,Zapateria Calza A La Moda,deportes,14,18.458712,-97.389048,https://mitehuacan.mx/?ruta=15-frailes
3,Temo Tenis,deportes,16,18.462997,-97.391741,https://mitehuacan.mx/?ruta=15-frailes
3,Venta De Ropa Deportiva Para Hombre Sin Nombre,deportes,16,18.460726,-97.390664,https://mitehuacan.mx/?ruta=15-frailes
3,Zapateria Nueva Moda,deportes,16,18.458795,-97.389392,https://mitehuacan.mx/?ruta=15-frailes
3,Atleticos,deportes,16,18.462986,-97.391234,https://mitehuacan.mx/?ruta=15-frailes
3,Atleticos Tienda Deportiva,deportes,17,18.463318,-97.393988,https://mitehuacan.mx/?ruta=15-frailes
3,Cadena Comercial De La Suerte,deportes,17,18.464431,-97.39396,https://mitehuacan.mx/?ruta=15-frailes
3,Compra Venta De Calzado Zapateria Ofertas,deportes,17,18.463155,-97.393991,https://mitehuacan.mx/?ruta=15-frailes
3,S015 Sp Centro Ii Tehuacan,deportes,17,18.463856,-97.393975,https://mitehuacan.mx/?ruta=15-frailes
3,Sportica,deportes,18,18.463053,-97.393527,https://mitehuacan.mx/?ruta=15-frailes
3,Compra Venta De Articulos Deportivos Pirma,deportes,19,18.463069,-97.393892,https://mitehuacan.mx/?ruta=15-frailes
3,Compra Y Venta De Ropa Deportiva Zas Sport,deportes,19,18.46182,-97.389646,https://mitehuacan.mx/?ruta=15-frailes
3,Venta De Calzado Deportivo Kampa,deportes,31,18.46525,-97.392939,https://mitehuacan.mx/?ruta=15-frailes
3,Zapateria Juquilita,deportes,37,18.460536,-97.390664,https://mitehuacan.mx/?ruta=15-frailes
3,Tienda De Ropa Deportiva Sportworld Factory,deportes,47,18.465359,-97.391443,https://mitehuacan.mx/?ruta=15-frailes
3,Compra Venta De Ropa Deportiva Anda Sports,deportes,53,18.46541,-97.391339,https://mitehuacan.mx/?ruta=15-frailes
3,Tienda De Deportes Tehuacan Zona Sport,deportes,59,18.463328,-97.389304,https://mitehuacan.mx/?ruta=15-frailes
3,Venta De Tenis En General Pirma,deportes,61,18.460319,-97.390664,https://mitehuacan.mx/?ruta=15-frailes
3,Compra Venta De Tenis Luna Nueva,deportes,62,18.458634,-97.390133,https://mitehuacan.mx/?ruta=15-frailes
3,Venta De Tenis Y Gorras Sin Nombre,deportes,62,18.458634,-97.390142,https://mitehuacan.mx/?ruta=15-frailes
3,Zapateria Champions Shoes,deportes,72,18.462254,-97.394142,https://mitehuacan.mx/?ruta=15-frailes
3,Compra Venta De Articulos Deportivos Sportico,deportes,77,18.463601,-97.393416,https://mitehuacan.mx/?ruta=15-frailes
3,Zapateria Moda A Tus Pies,deportes,78,18.46158,-97.390195,https://mitehuacan.mx/?ruta=15-frailes
3,Articulos Deportivos Barroso,deportes,89,18.460068,-97.390749,https://mitehuacan.mx/?ruta=15-frailes
3,Venta De Tenis Always Cute,deportes,112,18.460546,-97.392457,https://mitehuacan.mx/?ruta=15-frailes
3,Zapateria Pirma Orange Sport,deportes,120,18.459785,-97.390665,https://mitehuacan.mx/?ruta=15-frailes
3,Zapaterias Venta De Tenis,deportes,120,18.459033,-97.390669,https://mitehuacan.mx/?ruta=15-frailes
3,Venta De Calzado Panam,deportes,122,18.466924,-97.392899,https://mitehuacan.mx/?ruta=15-frailes
3,Venta De Tenis Stop 23,deportes,122,18.466644,-97.392906,https://mitehuacan.mx/?ruta=15-frailes
3,Compra Venta De Articulos Deportivos Lily,deportes,138,18.464835,-97.390085,https://mitehuacan.mx/?ruta=15-frailes
3,Modelorama,depósito,148,18.467992,-97.400576,https://mitehuacan.mx/?ruta=15-frailes
3,Abarrotes Ofeve Tehuacan,dulcería,3,18.459631,-97.387088,https://mitehuacan.mx/?ruta=15-frailes
3,Dulceria La Chispa Del Sabor,dulcería,3,18.458611,-97.389175,https://mitehuacan.mx/?ruta=15-frailes
3,Venta De Dulces Refrescos Y Cigarros,dulcería,4,18.462907,-97.392436,https://mitehuacan.mx/?ruta=15-frailes
3,Tienda De Dulces Sin Nombre,dulcería,7,18.470948,-97.401038,https://mitehuacan.mx/?ruta=15-frailes
3,Bodega,dulcería,15,18.456592,-97.385187,https://mitehuacan.mx/?ruta=15-frailes
3,Puesto De Dulces,dulcería,20,18.458426,-97.385026,https://mitehuacan.mx/?ruta=15-frailes
3,Dulces Y Piñatas Bello,dulcería,28,18.461948,-97.391178,https://mitehuacan.mx/?ruta=15-frailes
3,El Reyno De Dabichos,dulcería,28,18.461948,-97.391178,https://mitehuacan.mx/?ruta=15-frailes
3,Venta De Dulces Sin Nombre,dulcería,28,18.461948,-97.391178,https://mitehuacan.mx/?ruta=15-frailes
3,Mi Dulce Tradicion,dulcería,34,18.478319,-97.403423,https://mitehuacan.mx/?ruta=15-frailes
3,Central De Dulces,dulcería,38,18.460563,-97.39154,https://mitehuacan.mx/?ruta=15-frailes
3,Dulceria Paraiso,dulcería,57,18.472802,-97.404911,https://mitehuacan.mx/?ruta=15-frailes
3,Venta De Dulces Sin Nombre,dulcería,67,18.456197,-97.384722,https://mitehuacan.mx/?ruta=15-frailes
3,Caseta De Parque,dulcería,86,18.462098,-97.392729,https://mitehuacan.mx/?ruta=15-frailes
3,Venta De Dulces Y Refrescos Paola,dulcería,86,18.462091,-97.392426,https://mitehuacan.mx/?ruta=15-frailes
3,Mueganos El Real De Tehuacan,dulcería,92,18.457767,-97.389527,https://mitehuacan.mx/?ruta=15-frailes
3,Grupo De Empresas Sociales Quali,dulcería,113,18.466729,-97.398928,https://mitehuacan.mx/?ruta=15-frailes
3,Venta De Dulces Sin Nombre,dulcería,141,18.457071,-97.383966,https://mitehuacan.mx/?ruta=15-frailes
3,Venta De Dulces Y Refresco,dulcería,141,18.457857,-97.383913,https://mitehuacan.mx/?ruta=15-frailes
3,Foto Estudio Noba Digital Estudio De Fotografia,fotografía,0,18.464951,-97.39214,https://mitehuacan.mx/?ruta=15-frailes
3,Foto Studio Mario,fotografía,0,18.464962,-97.39268,https://mitehuacan.mx/?ruta=15-frailes
3,Fotoestudio Mario,fotografía,1,18.464951,-97.392762,https://mitehuacan.mx/?ruta=15-frailes
3,Fotografia Y Video Vizuet,fotografía,4,18.466654,-97.394024,https://mitehuacan.mx/?ruta=15-frailes
3,Estudio De Fotos Fotogama,fotografía,5,18.458762,-97.389497,https://mitehuacan.mx/?ruta=15-frailes
3,Foto Estudio Noba Digital Servicio De Fotografia,fotografía,5,18.464526,-97.391451,https://mitehuacan.mx/?ruta=15-frailes
3,Estudio Fotografico Bisuet,fotografía,7,18.464972,-97.395782,https://mitehuacan.mx/?ruta=15-frailes
3,Foto Klick,fotografía,8,18.464863,-97.391735,https://mitehuacan.mx/?ruta=15-frailes
3,Centro Digital Fotografico,fotografía,9,18.464874,-97.392342,https://mitehuacan.mx/?ruta=15-frailes
3,Estudio Meylin,fotografía,9,18.460724,-97.387605,https://mitehuacan.mx/?ruta=15-frailes
3,Fotografia Sin Nombre,fotografía,19,18.476156,-97.399902,https://mitehuacan.mx/?ruta=15-frailes
3,Estudio Saul Magaña,fotografía,34,18.464934,-97.391068,https://mitehuacan.mx/?ruta=15-frailes
3,Redes Latinas,fotografía,44,18.462489,-97.393235,https://mitehuacan.mx/?ruta=15-frailes
3,Foto Fujillama,fotografía,93,18.46094,-97.392332,https://mitehuacan.mx/?ruta=15-frailes
3,La Feria,fotografía,116,18.461083,-97.392555,https://mitehuacan.mx/?ruta=15-frailes
3,Tienda De Telefonia Distribuidor Autorizado Pamec Telcel,fotografía,132,18.460856,-97.392705,https://mitehuacan.mx/?ruta=15-frailes
3,Estudio De Fotos Fujifilm,fotografía,133,18.462713,-97.388158,https://mitehuacan.mx/?ruta=15-frailes
3,Venta De Frutas Y Verduras Sin Nombre,frutería,0,18.458488,-97.386646,https://mitehuacan.mx/?ruta=15-frailes
3,Venta De Frutas Y Verduras Sin Nombre,frutería,0,18.458492,-97.386722,https://mitehuacan.mx/?ruta=15-frailes
3,Comercializadora San Gabriel,frutería,1,18.458723,-97.389541,https://mitehuacan.mx/?ruta=15-frailes
3,Frutas Y Verduras Susy,frutería,1,18.45845,-97.385452,https://mitehuacan.mx/?ruta=15-frailes
3,Venta De Frutas Y Verduras Sin Nombre,frutería,1,18.458459,-97.385736,https://mitehuacan.mx/?ruta=15-frailes
3,Venta De Verduras Pollo Y Tortillas,frutería,1,18.470499,-97.401157,https://mitehuacan.mx/?ruta=15-frailes
3,Fruteria Meli,frutería,2,18.477745,-97.401918,https://mitehuacan.mx/?ruta=15-frailes
3,Venta Frutas Y Verduras Sin Nombre,frutería,2,18.473904,-97.401154,https://mitehuacan.mx/?ruta=15-frailes
3,Venta De Fruta Fruteria Chavez,frutería,3,18.459955,-97.387078,https://mitehuacan.mx/?ruta=15-frailes
3,Frutas Y Verduras La Guera,frutería,4,18.469192,-97.398382,https://mitehuacan.mx/?ruta=15-frailes
3,Frutas Y Verduras,frutería,5,18.469285,-97.39929,https://mitehuacan.mx/?ruta=15-frailes
3,Venta De Frutas Y Verduras El Paraiso,frutería,5,18.467268,-97.398001,https://mitehuacan.mx/?ruta=15-frailes
3,Venta De Frutas Y Verduras Sin Nombre,frutería,5,18.4693,-97.400139,https://mitehuacan.mx/?ruta=15-frailes
3,Venta De Jitomate,frutería,5,18.461564,-97.391399,https://mitehuacan.mx/?ruta=15-frailes
3,Venta De Jitomate Sin Nombre,frutería,5,18.458412,-97.38517,https://mitehuacan.mx/?ruta=15-frailes
3,Venta De Platanos Sin Nombre,frutería,5,18.45888,-97.389495,https://mitehuacan.mx/?ruta=15-frailes
3,Venta De Verduras Sin Nombre,frutería,6,18.45622,-97.386666,https://mitehuacan.mx/?ruta=15-frailes
3,Verduleria Sin Nombre,frutería,6,18.477957,-97.403458,https://mitehuacan.mx/?ruta=15-frailes
3,Compra Venta De Frutas Y Verduras El Caribe,frutería,9,18.458518,-97.38952,https://mitehuacan.mx/?ruta=15-frailes
3,Venta De Frutas Y Verduras,frutería,9,18.46079,-97.390563,https://mitehuacan.mx/?ruta=15-frailes
3,Frutas Y Verduras Befelseh,frutería,10,18.465024,-97.391446,https://mitehuacan.mx/?ruta=15-frailes
3,Venta De Fruta Sin Nombre,frutería,10,18.467159,-97.395642,https://mitehuacan.mx/?ruta=15-frailes
3,Venta De Frutas Y Verduras Befelseh,frutería,10,18.465024,-97.391446,https://mitehuacan.mx/?ruta=15-frailes
3,Puesto De Elotes Sin Nombre,frutería,13,18.457442,-97.385155,https://mitehuacan.mx/?ruta=15-frailes
3,Puesto De Frutas Y Verduras Sin Nombre,frutería,13,18.457569,-97.385146,https://mitehuacan.mx/?ruta=15-frailes
3,Puesto De Frutas Y Verduras Sin Nombre,frutería,13,18.457497,-97.385151,https://mitehuacan.mx/?ruta=15-frailes
3,Puesto De Jitomate Sin Nombre,frutería,13,18.457497,-97.385151,https://mitehuacan.mx/?ruta=15-frailes
3,Puesto De Verduras Sin Nombre,frutería,13,18.457506,-97.385151,https://mitehuacan.mx/?ruta=15-frailes
3,Venta De Ajo Sin Nombre,frutería,13,18.457578,-97.385145,https://mitehuacan.mx/?ruta=15-frailes
3,Venta De Elotes Sin Nombre,frutería,13,18.457497,-97.385151,https://mitehuacan.mx/?ruta=15-frailes
3,Venta De Fruta Y Verdura Sin Nombre,frutería,13,18.457469,-97.385153,https://mitehuacan.mx/?ruta=15-frailes
3,Venta De Frutas De Temporada Fers,frutería,13,18.457515,-97.38515,https://mitehuacan.mx/?ruta=15-frailes
3,Venta De Frutas De Temporada Sin Nombre,frutería,13,18.457497,-97.385151,https://mitehuacan.mx/?ruta=15-frailes
3,Venta De Frutas Sin Nombre,frutería,13,18.457813,-97.385127,https://mitehuacan.mx/?ruta=15-frailes
3,Venta De Frutas Sin Nombre,frutería,13,18.457569,-97.385146,https://mitehuacan.mx/?ruta=15-frailes
3,Venta De Frutas Y Verduras De Temporada Sin Nombre,frutería,13,18.457506,-97.385151,https://mitehuacan.mx/?ruta=15-frailes
3,Venta De Frutas Y Verduras Sin Nombre,frutería,13,18.457488,-97.385152,https://mitehuacan.mx/?ruta=15-frailes
3,Venta De Frutas Y Verduras Sin Nombre,frutería,13,18.457822,-97.385126,https://mitehuacan.mx/?ruta=15-frailes
3,Venta De Frutas Y Verduras Sin Nombre,frutería,13,18.457551,-97.385147,https://mitehuacan.mx/?ruta=15-frailes
3,Venta De Frutas Y Verduras Sin Nombre,frutería,13,18.457515,-97.38515,https://mitehuacan.mx/?ruta=15-frailes
3,Venta De Hierbas Sin Nombre,frutería,13,18.45746,-97.385154,https://mitehuacan.mx/?ruta=15-frailes
3,Venta De Hiervas Y Verduras Sin Nombre,frutería,13,18.457433,-97.385156,https://mitehuacan.mx/?ruta=15-frailes
3,Venta De Jitomate Sin Nombre,frutería,13,18.457497,-97.385151,https://mitehuacan.mx/?ruta=15-frailes
3,Venta De Legumbres Y Verduras Sin Nombre,frutería,13,18.457451,-97.385155,https://mitehuacan.mx/?ruta=15-frailes
3,Venta De Nopales Sin Nombre,frutería,13,18.45746,-97.385154,https://mitehuacan.mx/?ruta=15-frailes
3,Venta De Tempexquixtles Y Nopales Sin Nombre,frutería,13,18.457497,-97.385151,https://mitehuacan.mx/?ruta=15-frailes
3,Venta De Verdura Sin Nombre,frutería,13,18.457614,-97.385142,https://mitehuacan.mx/?ruta=15-frailes
3,Venta De Verdura Sin Nombre,frutería,13,18.45746,-97.385154,https://mitehuacan.mx/?ruta=15-frailes
3,Venta De Verdura Sin Nombre,frutería,13,18.457542,-97.385148,https://mitehuacan.mx/?ruta=15-frailes
3,Venta De Verduras Sin Nombre,frutería,13,18.457515,-97.38515,https://mitehuacan.mx/?ruta=15-frailes
3,Venta De Verduras Sin Nombre,frutería,13,18.457451,-97.385155,https://mitehuacan.mx/?ruta=15-frailes
3,Venta De Verduras Sin Nombre,frutería,13,18.457325,-97.385158,https://mitehuacan.mx/?ruta=15-frailes
3,Venta De Verduras Sin Nombre,frutería,13,18.457442,-97.385155,https://mitehuacan.mx/?ruta=15-frailes
3,Venta De Verduras Y Frutas Sin Nombre,frutería,13,18.457921,-97.385119,https://mitehuacan.mx/?ruta=15-frailes
3,Puesto De Frutas Y Verduras Sin Nombre,frutería,14,18.458382,-97.385083,https://mitehuacan.mx/?ruta=15-frailes
3,Puesto De Nopales Y Cebolla Sin Nombre,frutería,14,18.458048,-97.385109,https://mitehuacan.mx/?ruta=15-frailes
3,Puesto De Nopalitos Sin Nombre,frutería,14,18.4583,-97.385089,https://mitehuacan.mx/?ruta=15-frailes
3,Puesto De Tempezquistles Sin Nombre,frutería,14,18.458029,-97.38511,https://mitehuacan.mx/?ruta=15-frailes
3,Puesto De Verduras Y Frutas Sin Nombre,frutería,14,18.458237,-97.385094,https://mitehuacan.mx/?ruta=15-frailes
3,Venta De Fruta Sin Nombre,frutería,14,18.457316,-97.385157,https://mitehuacan.mx/?ruta=15-frailes
3,Venta De Frutas De Temporada Sin Nombre,frutería,14,18.45728,-97.385158,https://mitehuacan.mx/?ruta=15-frailes
3,Venta De Frutas Y Verduras El Baratero Del Mercado,frutería,14,18.458409,-97.385081,https://mitehuacan.mx/?ruta=15-frailes
3,Venta De Frutas Y Verduras Sin Nombre,frutería,14,18.457072,-97.385167,https://mitehuacan.mx/?ruta=15-frailes
3,Venta De Frutas Y Verduras Sin Nombre,frutería,14,18.457993,-97.385113,https://mitehuacan.mx/?ruta=15-frailes
3,Venta De Frutas Y Verduras Sin Nombre,frutería,14,18.45699,-97.38517,https://mitehuacan.mx/?ruta=15-frailes
3,Venta De Frutas Y Verduras Sin Nombres,frutería,14,18.45728,-97.385158,https://mitehuacan.mx/?ruta=15-frailes
3,Venta De Hierba Sin Nombre,frutería,14,18.45821,-97.385096,https://mitehuacan.mx/?ruta=15-frailes
3,Venta De Hierbas Para Cocinar Sin Nombre,frutería,14,18.45728,-97.385158,https://mitehuacan.mx/?ruta=15-frailes
3,Venta De Semillas Sin Nombre,frutería,14,18.458273,-97.385091,https://mitehuacan.mx/?ruta=15-frailes
3,Venta De Verduras Sin Nombre,frutería,14,18.457993,-97.385113,https://mitehuacan.mx/?ruta=15-frailes
3,Venta De Verduras Sin Nombre,frutería,14,18.458111,-97.385104,https://mitehuacan.mx/?ruta=15-frailes
3,Venta De Verduras Y Frutas Sin Nombre,frutería,14,18.457307,-97.385157,https://mitehuacan.mx/?ruta=15-frailes
3,Venta De Verduras Y Frutas Sin Nombre,frutería,14,18.458255,-97.385093,https://mitehuacan.mx/?ruta=15-frailes
3,Puesto De Frutas Y Verduras Sin Nombre,frutería,15,18.456746,-97.385181,https://mitehuacan.mx/?ruta=15-frailes
3,Puesto De Frutas Y Verduras Sin Nombre,frutería,15,18.4568,-97.385178,https://mitehuacan.mx/?ruta=15-frailes
3,Venta De Fruta Y Verdura De Temporada Sin Nombre,frutería,15,18.456746,-97.385181,https://mitehuacan.mx/?ruta=15-frailes
3,Venta De Frutas Y Verduras Sin Nombre,frutería,15,18.456791,-97.385179,https://mitehuacan.mx/?ruta=15-frailes
3,Venta De Frutas Y Verduras Sin Nombre,frutería,15,18.456683,-97.385184,https://mitehuacan.mx/?ruta=15-frailes
3,Venta De Hierbas Medicinales Sin Nombre,frutería,15,18.456683,-97.385184,https://mitehuacan.mx/?ruta=15-frailes
3,Venta De Tempesquixtles Sin Nombre,frutería,15,18.456683,-97.385184,https://mitehuacan.mx/?ruta=15-frailes
3,Venta De Verduras Sin Nombre,frutería,15,18.4568,-97.385178,https://mitehuacan.mx/?ruta=15-frailes
3,Venta De Verduras Sin Nombre,frutería,15,18.456683,-97.385184,https://mitehuacan.mx/?ruta=15-frailes
3,Puesto De Frutas Y Verduras Sin Nombre,frutería,16,18.456285,-97.385201,https://mitehuacan.mx/?ruta=15-frailes
3,Venta De Elotes,frutería,16,18.456339,-97.385198,https://mitehuacan.mx/?ruta=15-frailes
3,Venta De Fruta Y Verduras Sin Nombre,frutería,16,18.456222,-97.385204,https://mitehuacan.mx/?ruta=15-frailes
3,Venta De Frutas Y Verduras Sin Nombre,frutería,16,18.456348,-97.385198,https://mitehuacan.mx/?ruta=15-frailes
3,Venta De Jitomates Sin Nombre,frutería,16,18.456348,-97.385198,https://mitehuacan.mx/?ruta=15-frailes
3,Venta De Verduras Sin Nombre,frutería,16,18.456294,-97.3852,https://mitehuacan.mx/?ruta=15-frailes
3,Mercado La Purísima,frutería,16,18.458235,-97.385077,https://mitehuacan.mx/?ruta=15-frailes
3,Venta De Verduras Sin Nombre,frutería,17,18.458427,-97.385054,https://mitehuacan.mx/?ruta=15-frailes
3,Puesto De Verdura Y Fruta Claudia,frutería,18,18.458427,-97.385045,https://mitehuacan.mx/?ruta=15-frailes
3,Puesto De Verduras Sin Nombre,frutería,18,18.458427,-97.385045,https://mitehuacan.mx/?ruta=15-frailes
3,Puesto De Platanos Sin Nombre,frutería,19,18.458426,-97.385036,https://mitehuacan.mx/?ruta=15-frailes
3,Puesto De Verduras Sin Nombre,frutería,19,18.456218,-97.385176,https://mitehuacan.mx/?ruta=15-frailes
3,Bodega De Taras Bancos Y Tablas Sin Nombre,frutería,20,18.456151,-97.385179,https://mitehuacan.mx/?ruta=15-frailes
3,Puesto De Frutas Y Verduras Sin Nombre,frutería,20,18.458426,-97.385026,https://mitehuacan.mx/?ruta=15-frailes
3,Venta De Nopales Y Frutas De Temporada Sin Nombre,frutería,20,18.458426,-97.385026,https://mitehuacan.mx/?ruta=15-frailes
3,Venta De Platanos El Platano,frutería,20,18.458426,-97.385026,https://mitehuacan.mx/?ruta=15-frailes
3,Venta De Verdura Sin Nombre,frutería,20,18.456218,-97.385167,https://mitehuacan.mx/?ruta=15-frailes
3,Venta De Fruta De Temporada Sin Nombre,frutería,21,18.456217,-97.385157,https://mitehuacan.mx/?ruta=15-frailes
3,Venta De Frutas Y Verduras Luis Mendez,frutería,21,18.458425,-97.385017,https://mitehuacan.mx/?ruta=15-frailes
3,Compra Venta De Frutas Y Verduras Tehuacan,frutería,22,18.458401,-97.389521,https://mitehuacan.mx/?ruta=15-frailes
3,Venta De Verduras Y Frutas Sin Nombre,frutería,22,18.456217,-97.385148,https://mitehuacan.mx/?ruta=15-frailes
3,Puesto De Verduras Sin Nombre,frutería,23,18.456216,-97.385138,https://mitehuacan.mx/?ruta=15-frailes
3,Venta De Elotes Sin Nombre,frutería,24,18.456216,-97.385129,https://mitehuacan.mx/?ruta=15-frailes
3,Bodega De Frutas Y Legumbres Sin Nombre,frutería,25,18.457689,-97.385503,https://mitehuacan.mx/?ruta=15-frailes
3,Venta De Fruta Y Verdura Sin Nombre,frutería,25,18.456216,-97.385119,https://mitehuacan.mx/?ruta=15-frailes
3,Bodega De Frutas Y Verduras Sin Nombre,frutería,27,18.456551,-97.385587,https://mitehuacan.mx/?ruta=15-frailes
3,Bodega De Taras Y Tablas Sin Nombre,frutería,27,18.455989,-97.385291,https://mitehuacan.mx/?ruta=15-frailes
3,Bodega De Taras Tablas Y Bancos Frutas Y Verduras,frutería,28,18.456148,-97.385103,https://mitehuacan.mx/?ruta=15-frailes
3,Frutas Lupe,frutería,28,18.461948,-97.391178,https://mitehuacan.mx/?ruta=15-frailes
3,Frutas Y Verduras El Huerto,frutería,28,18.461948,-97.391178,https://mitehuacan.mx/?ruta=15-frailes
3,Frutas Y Verduras Irma,frutería,28,18.461948,-97.391178,https://mitehuacan.mx/?ruta=15-frailes
3,Frutas Y Verduras La Flor De Tabasco,frutería,28,18.461948,-97.391178,https://mitehuacan.mx/?ruta=15-frailes
3,Frutas Y Verduras Sin Nombre,frutería,28,18.461948,-97.391178,https://mitehuacan.mx/?ruta=15-frailes
3,Frutas Y Verduras Toya,frutería,28,18.461948,-97.391178,https://mitehuacan.mx/?ruta=15-frailes
3,Venta De Abarrotes Y Verduras,frutería,28,18.461948,-97.391178,https://mitehuacan.mx/?ruta=15-frailes
3,Venta De Frutas Y Verduras Sin Nombre,frutería,28,18.461948,-97.391178,https://mitehuacan.mx/?ruta=15-frailes
3,Venta De Frutas Y Verduras Sin Nombre,frutería,28,18.458423,-97.38495,https://mitehuacan.mx/?ruta=15-frailes
3,Venta De Verduras Sin Nombre,frutería,28,18.461948,-97.391178,https://mitehuacan.mx/?ruta=15-frailes
3,Venta De Verduras Y Legumbres Piachis,frutería,28,18.461948,-97.391178,https://mitehuacan.mx/?ruta=15-frailes
3,Verduleria Las Tres Palomas,frutería,28,18.461948,-97.391178,https://mitehuacan.mx/?ruta=15-frailes
3,Verduleria Sin Nombre,frutería,28,18.461948,-97.391178,https://mitehuacan.mx/?ruta=15-frailes
3,Verduras Divina Providencia,frutería,28,18.461948,-97.391178,https://mitehuacan.mx/?ruta=15-frailes
3,Verduras Sin Nombre,frutería,28,18.461948,-97.391178,https://mitehuacan.mx/?ruta=15-frailes
3,Verduras Y Chiles Secos Sin Nombre,frutería,28,18.461948,-97.391178,https://mitehuacan.mx/?ruta=15-frailes
3,Verduras Y Frutas Sin Nombre,frutería,28,18.461948,-97.391178,https://mitehuacan.mx/?ruta=15-frailes
3,Verduras Y Legumbres Sin Nombre,frutería,28,18.461948,-97.391178,https://mitehuacan.mx/?ruta=15-frailes
3,Bodega De Taras Y Mobiliario Para Exhibicion Sin Nombre,frutería,32,18.456146,-97.385065,https://mitehuacan.mx/?ruta=15-frailes
3,Puesto De Verduras Sin Nombre,frutería,34,18.45842,-97.384893,https://mitehuacan.mx/?ruta=15-frailes
3,Puesto De Frutas Y Verduras Sin Nombre,frutería,36,18.458419,-97.384874,https://mitehuacan.mx/?ruta=15-frailes
3,Venta De Frutas Y Verduras Sammy,frutería,36,18.456211,-97.385015,https://mitehuacan.mx/?ruta=15-frailes
3,Bodega De Maderas Tablas Y Bancos Sin Nombre,frutería,37,18.456144,-97.385018,https://mitehuacan.mx/?ruta=15-frailes
3,Venta De Elotes Sin Nombre,frutería,37,18.45621,-97.385006,https://mitehuacan.mx/?ruta=15-frailes
3,Venta De Verduras Sin Nombre,frutería,37,18.458419,-97.384865,https://mitehuacan.mx/?ruta=15-frailes
3,Venta De Verdura De Temporada Sin Nombre,frutería,38,18.45621,-97.384996,https://mitehuacan.mx/?ruta=15-frailes
3,Venta De Verduras Sin Nombre,frutería,40,18.456209,-97.384977,https://mitehuacan.mx/?ruta=15-frailes
3,Venta De Frutas Y Verduras Sin Nombre,frutería,41,18.458417,-97.384827,https://mitehuacan.mx/?ruta=15-frailes
3,Venta De Verduras Sin Nombre,frutería,44,18.458416,-97.384799,https://mitehuacan.mx/?ruta=15-frailes
3,Frutas Y Verduras San Nicolas,frutería,47,18.479388,-97.399923,https://mitehuacan.mx/?ruta=15-frailes
3,Venta De Citricos Richard,frutería,47,18.458415,-97.38477,https://mitehuacan.mx/?ruta=15-frailes
3,Venta De Elotes Sin Nombre,frutería,50,18.456205,-97.384883,https://mitehuacan.mx/?ruta=15-frailes
3,Venta De Frutas Y Verduras Sin Nombre,frutería,50,18.458414,-97.384742,https://mitehuacan.mx/?ruta=15-frailes
3,Frutas Y Verduras Sin Nombre,frutería,51,18.458511,-97.384739,https://mitehuacan.mx/?ruta=15-frailes
3,Puesto De Verdura Sin Nombre,frutería,52,18.456204,-97.384864,https://mitehuacan.mx/?ruta=15-frailes
3,Venta De Elotes Crudos Sin Nombre,frutería,53,18.456203,-97.384854,https://mitehuacan.mx/?ruta=15-frailes
3,Venta De Elotes Sin Nombre,frutería,56,18.456202,-97.384826,https://mitehuacan.mx/?ruta=15-frailes
3,Venta De Verduras Sin Nombre,frutería,59,18.456201,-97.384798,https://mitehuacan.mx/?ruta=15-frailes
3,Puesto De Frutas Y Verduras Sin Nombre,frutería,60,18.4562,-97.384788,https://mitehuacan.mx/?ruta=15-frailes
3,Venta De Frutas De Temporada Sin Nombre,frutería,62,18.456199,-97.384769,https://mitehuacan.mx/?ruta=15-frailes
3,Puesto De Verduras Sin Nombre,frutería,65,18.456198,-97.384741,https://mitehuacan.mx/?ruta=15-frailes
3,Venta De Frutas Y Verduras Sin Nombre,frutería,68,18.458407,-97.384571,https://mitehuacan.mx/?ruta=15-frailes
3,Puesto De Frutas Y Verduras Sin Nombre,frutería,73,18.458405,-97.384524,https://mitehuacan.mx/?ruta=15-frailes
3,Fruta Los Frailes,frutería,75,18.475829,-97.404318,https://mitehuacan.mx/?ruta=15-frailes
3,Venta De Frutas De Temporada Sin Nombre,frutería,79,18.458503,-97.384464,https://mitehuacan.mx/?ruta=15-frailes
3,Venta De Verduras,frutería,83,18.458401,-97.384429,https://mitehuacan.mx/?ruta=15-frailes
3,Verduleria Sin Nombre,frutería,89,18.479687,-97.403409,https://mitehuacan.mx/?ruta=15-frailes
3,Frutas Y Verduras Sin Nombre,frutería,94,18.475465,-97.409227,https://mitehuacan.mx/?ruta=15-frailes
3,Venta De Verduras Sin Nombre,frutería,97,18.455397,-97.385062,https://mitehuacan.mx/?ruta=15-frailes
3,Verduleria Weekend,frutería,97,18.472316,-97.40433,https://mitehuacan.mx/?ruta=15-frailes
3,Citricos Chabelita,frutería,98,18.458389,-97.384287,https://mitehuacan.mx/?ruta=15-frailes
3,Venta De Frutas Y Verduras Sin Nombre,frutería,99,18.456116,-97.384423,https://mitehuacan.mx/?ruta=15-frailes
3,Bodega De Papaya Sin Nombre,frutería,100,18.456026,-97.384429,https://mitehuacan.mx/?ruta=15-frailes
3,Venta De Frutas Sin Nombre,frutería,101,18.458388,-97.384259,https://mitehuacan.mx/?ruta=15-frailes
3,Frutas Y Verduras Chepa,frutería,105,18.474853,-97.398766,https://mitehuacan.mx/?ruta=15-frailes
3,Venta De Frutas Y Verduras,frutería,105,18.456116,-97.384364,https://mitehuacan.mx/?ruta=15-frailes
3,Venta De Jitomate Cebolla Y Chiles,frutería,107,18.456116,-97.384345,https://mitehuacan.mx/?ruta=15-frailes
3,Venta De Citricos Cristy,frutería,108,18.458494,-97.384189,https://mitehuacan.mx/?ruta=15-frailes
3,Venta De Frutas Y Verduras Sin Nombre,frutería,108,18.456115,-97.384336,https://mitehuacan.mx/?ruta=15-frailes
3,Frutas Y Verdura Bodegas Guadalupe,frutería,111,18.472222,-97.403166,https://mitehuacan.mx/?ruta=15-frailes
3,Venta De Platanos Sin Nombre,frutería,112,18.458384,-97.384155,https://mitehuacan.mx/?ruta=15-frailes
3,Venta De Verduras Y Frutas Sin Nomb,frutería,115,18.456182,-97.384267,https://mitehuacan.mx/?ruta=15-frailes
3,Bodega De Canastas Y Tarimas Sin Nombre,frutería,116,18.456112,-97.38426,https://mitehuacan.mx/?ruta=15-frailes
3,Bodega De Frutas Y Verduras,frutería,117,18.456112,-97.38425,https://mitehuacan.mx/?ruta=15-frailes
3,Compra Y Venta De Fruta Mendez,frutería,118,18.455483,-97.387971,https://mitehuacan.mx/?ruta=15-frailes
3,Frutas Y Verduras La Hortaliza,frutería,118,18.472373,-97.405299,https://mitehuacan.mx/?ruta=15-frailes
3,Fruteria Juquilita,frutería,118,18.458492,-97.384094,https://mitehuacan.mx/?ruta=15-frailes
3,Bodega De Jitomate Sin Nombre,frutería,119,18.456111,-97.384231,https://mitehuacan.mx/?ruta=15-frailes
3,Venta De Jitomate Sin Nombre,frutería,119,18.458655,-97.390673,https://mitehuacan.mx/?ruta=15-frailes
3,Venta De Frutas Y Verduras,frutería,120,18.455556,-97.384457,https://mitehuacan.mx/?ruta=15-frailes
3,Bodega De Frutas Y Verduras Sin Nombre,frutería,122,18.45611,-97.384203,https://mitehuacan.mx/?ruta=15-frailes
3,Fruteria El Guero,frutería,127,18.458489,-97.384009,https://mitehuacan.mx/?ruta=15-frailes
3,Venta De Frutas Sin Nombre,frutería,131,18.4595,-97.384672,https://mitehuacan.mx/?ruta=15-frailes
3,Bodega De Jitomate Sin Nombre,frutería,135,18.456104,-97.38408,https://mitehuacan.mx/?ruta=15-frailes
3,Verduleria,frutería,135,18.469121,-97.401383,https://mitehuacan.mx/?ruta=15-frailes
3,Bodega De Frutas Y Verduras Sin Nombre,frutería,138,18.456103,-97.384051,https://mitehuacan.mx/?ruta=15-frailes
3,Venta De Fruta Citrus Israel,frutería,140,18.459695,-97.385086,https://mitehuacan.mx/?ruta=15-frailes
3,Cocos Campechanos Don Polo,frutería,141,18.457351,-97.383944,https://mitehuacan.mx/?ruta=15-frailes
3,Melones Panchito,frutería,141,18.456294,-97.384011,https://mitehuacan.mx/?ruta=15-frailes
3,Melones San Juan,frutería,141,18.457152,-97.383961,https://mitehuacan.mx/?ruta=15-frailes
3,Puesto De Ajos Sin Nombre,frutería,141,18.456673,-97.383989,https://mitehuacan.mx/?ruta=15-frailes
3,Puesto De Fruta Y Verdura Sin Nombre,frutería,141,18.458345,-97.383883,https://mitehuacan.mx/?ruta=15-frailes
3,Puesto De Frutas De Temporada Sin Nombre,frutería,141,18.457478,-97.383936,https://mitehuacan.mx/?ruta=15-frailes
3,Puesto De Frutas Y Verduras,frutería,141,18.457459,-97.383937,https://mitehuacan.mx/?ruta=15-frailes
3,Puesto De Frutas Y Verduras Sin Nombre,frutería,141,18.457568,-97.383931,https://mitehuacan.mx/?ruta=15-frailes
3,Puesto De Frutas Y Verduras Sin Nombre,frutería,141,18.456619,-97.383992,https://mitehuacan.mx/?ruta=15-frailes
3,Puesto De Frutas Y Verduras Sin Nombre,frutería,141,18.456682,-97.383988,https://mitehuacan.mx/?ruta=15-frailes
3,Puesto De Frutas Y Verduras Sin Nombre,frutería,141,18.456547,-97.383996,https://mitehuacan.mx/?ruta=15-frailes
3,Puesto De Frutas Y Verduras Sin Nombre,frutería,141,18.457496,-97.383935,https://mitehuacan.mx/?ruta=15-frailes
3,Puesto De Frutas Y Verduras Sin Nombre,frutería,141,18.458255,-97.383888,https://mitehuacan.mx/?ruta=15-frailes
3,Puesto De Frutas Y Verduras Sin Nombre,frutería,141,18.457369,-97.383943,https://mitehuacan.mx/?ruta=15-frailes
3,Puesto De Hierbas Y Verduras Sin Nombre,frutería,141,18.45708,-97.383965,https://mitehuacan.mx/?ruta=15-frailes
3,Puesto De Verduras Sin Nombre,frutería,141,18.456294,-97.384011,https://mitehuacan.mx/?ruta=15-frailes
3,Puesto De Verduras Sin Nombre,frutería,141,18.4583,-97.383886,https://mitehuacan.mx/?ruta=15-frailes
3,Puesto De Verduras Sin Nombre,frutería,141,18.45689,-97.383976,https://mitehuacan.mx/?ruta=15-frailes
3,Puesto De Verduras Sin Nombre,frutería,141,18.456718,-97.383986,https://mitehuacan.mx/?ruta=15-frailes
3,Veenta De Frutas Y Verduras Sin Nombre,frutería,141,18.456203,-97.384017,https://mitehuacan.mx/?ruta=15-frailes
3,Venta De Ajo Sin Nombre,frutería,141,18.457071,-97.383966,https://mitehuacan.mx/?ruta=15-frailes
3,Venta De Ajo Sin Nombre,frutería,141,18.456908,-97.383975,https://mitehuacan.mx/?ruta=15-frailes
3,Venta De Ajo Sin Nombre,frutería,141,18.457703,-97.383922,https://mitehuacan.mx/?ruta=15-frailes
3,Venta De Ajos Y Tempexquixtles Sin Nombre,frutería,141,18.45689,-97.383976,https://mitehuacan.mx/?ruta=15-frailes
3,Venta De Cebollas Y Rabanos Sin Nombre,frutería,141,18.456908,-97.383975,https://mitehuacan.mx/?ruta=15-frailes
3,Venta De Chile Miahuateco Sin Nombre,frutería,141,18.456926,-97.383974,https://mitehuacan.mx/?ruta=15-frailes
3,Venta De Elote Sin Nombre,frutería,141,18.45689,-97.383976,https://mitehuacan.mx/?ruta=15-frailes
3,Venta De Fruta Y Verduras Sin Nombre,frutería,141,18.456845,-97.383979,https://mitehuacan.mx/?ruta=15-frailes
3,Venta De Frutas,frutería,141,18.456972,-97.383971,https://mitehuacan.mx/?ruta=15-frailes
3,Venta De Frutas,frutería,141,18.457487,-97.383936,https://mitehuacan.mx/?ruta=15-frailes
3,Venta De Frutas De Temporada Sin Nombre,frutería,141,18.457053,-97.383967,https://mitehuacan.mx/?ruta=15-frailes
3,Venta De Frutas De Temporada Sin Nombre,frutería,141,18.456899,-97.383976,https://mitehuacan.mx/?ruta=15-frailes
3,Venta De Frutas De Temporada Sin Nombre,frutería,141,18.458282,-97.383887,https://mitehuacan.mx/?ruta=15-frailes
3,Venta De Frutas Fruteritos,frutería,141,18.456321,-97.38401,https://mitehuacan.mx/?ruta=15-frailes
3,Venta De Frutas Sin Nombre,frutería,141,18.456944,-97.383973,https://mitehuacan.mx/?ruta=15-frailes
3,Venta De Frutas Sin Nombre,frutería,141,18.457044,-97.383967,https://mitehuacan.mx/?ruta=15-frailes
3,Venta De Frutas Sin Nombre,frutería,141,18.457514,-97.383934,https://mitehuacan.mx/?ruta=15-frailes
3,Venta De Frutas Sin Nombre,frutería,141,18.4582,-97.383892,https://mitehuacan.mx/?ruta=15-frailes
3,Venta De Frutas Y Hierbas Para Cocinar Sin Nombre,frutería,141,18.458227,-97.38389,https://mitehuacan.mx/?ruta=15-frailes
3,Venta De Frutas Y Verduras,frutería,141,18.457107,-97.383963,https://mitehuacan.mx/?ruta=15-frailes
3,Venta De Frutas Y Verduras Angelito,frutería,141,18.457459,-97.383937,https://mitehuacan.mx/?ruta=15-frailes
3,Venta De Frutas Y Verduras De Temporada Sin Nombre,frutería,141,18.45689,-97.383976,https://mitehuacan.mx/?ruta=15-frailes
3,Venta De Frutas Y Verduras De Temporada Sin Nombre,frutería,141,18.457053,-97.383967,https://mitehuacan.mx/?ruta=15-frailes
3,Venta De Frutas Y Verduras Sin Nombre,frutería,141,18.456691,-97.383988,https://mitehuacan.mx/?ruta=15-frailes
3,Venta De Frutas Y Verduras Sin Nombre,frutería,141,18.457225,-97.383957,https://mitehuacan.mx/?ruta=15-frailes
3,Venta De Frutas Y Verduras Sin Nombre,frutería,141,18.456194,-97.384017,https://mitehuacan.mx/?ruta=15-frailes
3,Venta De Frutas Y Verduras Sin Nombre,frutería,141,18.458363,-97.383882,https://mitehuacan.mx/?ruta=15-frailes
3,Venta De Frutas Y Verduras Sin Nombre,frutería,141,18.457478,-97.383936,https://mitehuacan.mx/?ruta=15-frailes
3,Venta De Frutas Y Verduras Sin Nombre,frutería,141,18.457044,-97.383967,https://mitehuacan.mx/?ruta=15-frailes
3,Venta De Frutas Y Verduras Sin Nombre,frutería,141,18.456312,-97.38401,https://mitehuacan.mx/?ruta=15-frailes
3,Venta De Frutas Y Verduras Sin Nombre,frutería,141,18.457983,-97.383905,https://mitehuacan.mx/?ruta=15-frailes
3,Venta De Frutas Y Verduras Sin Nombre,frutería,141,18.456592,-97.383994,https://mitehuacan.mx/?ruta=15-frailes
3,Venta De Frutas Y Verduras Sin Nombre,frutería,141,18.456854,-97.383978,https://mitehuacan.mx/?ruta=15-frailes
3,Venta De Frutas Y Verduras Sin Nombre,frutería,141,18.457803,-97.383916,https://mitehuacan.mx/?ruta=15-frailes
3,Venta De Frutas Y Verduras Sin Nombre,frutería,141,18.457568,-97.383931,https://mitehuacan.mx/?ruta=15-frailes
3,Venta De Frutas Y Verduras Sin Nombre,frutería,141,18.458336,-97.383883,https://mitehuacan.mx/?ruta=15-frailes
3,Venta De Frutas Y Verduras Sin Nombre,frutería,141,18.45708,-97.383965,https://mitehuacan.mx/?ruta=15-frailes
3,Venta De Frutas Y Verduras Sin Nombre,frutería,141,18.456845,-97.383979,https://mitehuacan.mx/?ruta=15-frailes
3,Venta De Frutas Y Verduras Sin Nombre,frutería,141,18.456529,-97.383997,https://mitehuacan.mx/?ruta=15-frailes
3,Venta De Frutas Y Verduras Sin Nombre,frutería,141,18.457324,-97.383946,https://mitehuacan.mx/?ruta=15-frailes
3,Venta De Frutas Y Verduras Sin Nombre,frutería,141,18.457911,-97.38391,https://mitehuacan.mx/?ruta=15-frailes
3,Venta De Frutas Y Verduras Sin Nombre,frutería,141,18.457369,-97.383943,https://mitehuacan.mx/?ruta=15-frailes
3,Venta De Frutas Y Verduras Sin Nombre,frutería,141,18.458227,-97.38389,https://mitehuacan.mx/?ruta=15-frailes
3,Venta De Frutas Y Verdutras Sin Nombre,frutería,141,18.457225,-97.383957,https://mitehuacan.mx/?ruta=15-frailes
3,Venta De Hierbas Para Cocina Sin Nombre,frutería,141,18.457342,-97.383945,https://mitehuacan.mx/?ruta=15-frailes
3,Venta De Hierbas Para Cocinar Sin Nombre,frutería,141,18.456963,-97.383972,https://mitehuacan.mx/?ruta=15-frailes
3,Venta De Hierbas Para Cocinar Sin Nombre,frutería,141,18.456872,-97.383977,https://mitehuacan.mx/?ruta=15-frailes
3,Venta De Hierbas Para Cocinar Sin Nombre,frutería,141,18.457053,-97.383967,https://mitehuacan.mx/?ruta=15-frailes
3,Venta De Hierbas Para Cocinar Sin Nombre,frutería,141,18.458227,-97.38389,https://mitehuacan.mx/?ruta=15-frailes
3,Venta De Hierbas Sin Nombre,frutería,141,18.457044,-97.383967,https://mitehuacan.mx/?ruta=15-frailes
3,Venta De Hierbas Sin Nombre,frutería,141,18.457269,-97.383951,https://mitehuacan.mx/?ruta=15-frailes
3,Venta De Hierbas Y Tempexquixtles Sin Nombre,frutería,141,18.456944,-97.383973,https://mitehuacan.mx/?ruta=15-frailes
3,Venta De Jitomate Sin Nombre,frutería,141,18.458309,-97.383885,https://mitehuacan.mx/?ruta=15-frailes
3,Venta De Jitomate Sin Nombre,frutería,141,18.456908,-97.383975,https://mitehuacan.mx/?ruta=15-frailes
3,Venta De Jitomate Sin Nombre,frutería,141,18.456836,-97.383979,https://mitehuacan.mx/?ruta=15-frailes
3,Venta De Jitomate Sin Nombre,frutería,141,18.457505,-97.383935,https://mitehuacan.mx/?ruta=15-frailes
3,Venta De Jitomates Sin Nombre,frutería,141,18.456167,-97.384019,https://mitehuacan.mx/?ruta=15-frailes
3,Venta De Limones Mary,frutería,141,18.457459,-97.383937,https://mitehuacan.mx/?ruta=15-frailes
3,Venta De Nopal Sin Nombre,frutería,141,18.457459,-97.383937,https://mitehuacan.mx/?ruta=15-frailes
3,Venta De Nopal Sin Nombre,frutería,141,18.456926,-97.383974,https://mitehuacan.mx/?ruta=15-frailes
3,Venta De Nopal Sin Nombre,frutería,141,18.456845,-97.383979,https://mitehuacan.mx/?ruta=15-frailes
3,Venta De Nopal Sin Nombre,frutería,141,18.458282,-97.383887,https://mitehuacan.mx/?ruta=15-frailes
3,Venta De Nopales Sin Nombre,frutería,141,18.457721,-97.383921,https://mitehuacan.mx/?ruta=15-frailes
3,Venta De Nopales Sin Nombre,frutería,141,18.457044,-97.383967,https://mitehuacan.mx/?ruta=15-frailes
3,Venta De Nopales Sin Nombre,frutería,141,18.45642,-97.384004,https://mitehuacan.mx/?ruta=15-frailes
3,Venta De Nopales Sin Nombre,frutería,141,18.457225,-97.383957,https://mitehuacan.mx/?ruta=15-frailes
3,Venta De Nopales Y De Hierbas Para Cocinar Sin Nombre,frutería,141,18.456981,-97.383971,https://mitehuacan.mx/?ruta=15-frailes
3,Venta De Pitayas Sin Nombre,frutería,141,18.457053,-97.383967,https://mitehuacan.mx/?ruta=15-frailes
3,Venta De Platano Sin Nombre,frutería,141,18.456185,-97.384018,https://mitehuacan.mx/?ruta=15-frailes
3,Venta De Platano Sin Nombre,frutería,141,18.458128,-97.383896,https://mitehuacan.mx/?ruta=15-frailes
3,Venta De Platano Sin Nombre,frutería,141,18.45755,-97.383932,https://mitehuacan.mx/?ruta=15-frailes
3,Venta De Platanos Sin Nombre,frutería,141,18.457938,-97.383908,https://mitehuacan.mx/?ruta=15-frailes
3,Venta De Platanos Sin Nombre,frutería,141,18.457143,-97.383961,https://mitehuacan.mx/?ruta=15-frailes
3,Venta De Platanos Sin Nombre,frutería,141,18.458363,-97.383882,https://mitehuacan.mx/?ruta=15-frailes
3,Venta De Platanos Sin Nombre,frutería,141,18.457459,-97.383937,https://mitehuacan.mx/?ruta=15-frailes
3,Venta De Tempexquixtles,frutería,141,18.456881,-97.383977,https://mitehuacan.mx/?ruta=15-frailes
3,Venta De Tempexquixtles Sin Nombre,frutería,141,18.457216,-97.383957,https://mitehuacan.mx/?ruta=15-frailes
3,Venta De Tempexquixtles Sin Nombre,frutería,141,18.456899,-97.383976,https://mitehuacan.mx/?ruta=15-frailes
3,Venta De Tetechas Y Chicozapote Sin Nombre,frutería,141,18.457089,-97.383965,https://mitehuacan.mx/?ruta=15-frailes
3,Venta De Verdura Y Fruta De Temporada Sin Nombre,frutería,141,18.456312,-97.38401,https://mitehuacan.mx/?ruta=15-frailes
3,Venta De Verduras Sin Nombre,frutería,141,18.45755,-97.383932,https://mitehuacan.mx/?ruta=15-frailes
3,Venta De Verduras Sin Nombre,frutería,141,18.456447,-97.384002,https://mitehuacan.mx/?ruta=15-frailes
3,Venta De Verduras Sin Nombre,frutería,141,18.458327,-97.383884,https://mitehuacan.mx/?ruta=15-frailes
3,Venta De Verduras Sin Nombre,frutería,141,18.457758,-97.383919,https://mitehuacan.mx/?ruta=15-frailes
3,Venta De Verduras Sin Nombre,frutería,141,18.457225,-97.383957,https://mitehuacan.mx/?ruta=15-frailes
3,Venta De Verduras Sin Nombre,frutería,141,18.457631,-97.383927,https://mitehuacan.mx/?ruta=15-frailes
3,Venta De Verduras Sin Nombre,frutería,141,18.457252,-97.383954,https://mitehuacan.mx/?ruta=15-frailes
3,Venta De Verduras Sin Nombre,frutería,141,18.456899,-97.383976,https://mitehuacan.mx/?ruta=15-frailes
3,Venta De Verduras Sin Nombre,frutería,141,18.457685,-97.383924,https://mitehuacan.mx/?ruta=15-frailes
3,Venta De Verduras Sin Nombre,frutería,141,18.457405,-97.383941,https://mitehuacan.mx/?ruta=15-frailes
3,Venta De Verduras Sin Nombre,frutería,141,18.457098,-97.383964,https://mitehuacan.mx/?ruta=15-frailes
3,Venta De Verduras Sin Nombre,frutería,141,18.457044,-97.383967,https://mitehuacan.mx/?ruta=15-frailes
3,Venta De Verduras Sin Nombre,frutería,141,18.456818,-97.38398,https://mitehuacan.mx/?ruta=15-frailes
3,Venta De Verduras Sin Nombre,frutería,141,18.457333,-97.383945,https://mitehuacan.mx/?ruta=15-frailes
3,Venta De Verduras Sin Nombre,frutería,141,18.458246,-97.383889,https://mitehuacan.mx/?ruta=15-frailes
3,Venta De Verduras Sin Nombre,frutería,141,18.456176,-97.384018,https://mitehuacan.mx/?ruta=15-frailes
3,Venta De Verduras Sin Nombre,frutería,141,18.458363,-97.383882,https://mitehuacan.mx/?ruta=15-frailes
3,Venta De Verduras Y Frutas De Temporada Monroy,frutería,141,18.456212,-97.384016,https://mitehuacan.mx/?ruta=15-frailes
3,Venta De Verduras Y Frutas Sin Nombre,frutería,141,18.457694,-97.383923,https://mitehuacan.mx/?ruta=15-frailes
3,Venta De Verduras Y Frutas Sin Nombre,frutería,141,18.457225,-97.383957,https://mitehuacan.mx/?ruta=15-frailes
3,Venta De Verduras Y Hierbas Para Cocinar Sin Nombre,frutería,141,18.457026,-97.383968,https://mitehuacan.mx/?ruta=15-frailes
3,Venta De Verduras Y Hierbas Sin Nombre,frutería,141,18.456836,-97.383979,https://mitehuacan.mx/?ruta=15-frailes
3,Venta De Verduras Y Nopales Sin Nombre,frutería,141,18.457423,-97.38394,https://mitehuacan.mx/?ruta=15-frailes
3,Bodega De Frutas Y Verduras Sin Nombre,frutería,145,18.456049,-97.383997,https://mitehuacan.mx/?ruta=15-frailes
3,Fruteria San Francisco,frutería,147,18.465103,-97.397837,https://mitehuacan.mx/?ruta=15-frailes
3,Bodega De Frutas Y Verduras Sin Nombre,frutería,148,18.45585,-97.384008,https://mitehuacan.mx/?ruta=15-frailes
3,Venta De Platanos Mariely,frutería,148,18.458715,-97.383846,https://mitehuacan.mx/?ruta=15-frailes
3,Fruteria Y Verduleria Jitomates Saladet Y Limones Criollos,frutería,149,18.458352,-97.383809,https://mitehuacan.mx/?ruta=15-frailes
3,Venta De Platanos Lobatos,frutería,149,18.457999,-97.383832,https://mitehuacan.mx/?ruta=15-frailes
3,Funerales Mendoza,funeraria,37,18.458627,-97.389905,https://mitehuacan.mx/?ruta=15-frailes
3,Grupo Funerario Machorro Y Sullivan,funeraria,44,18.469206,-97.395972,https://mitehuacan.mx/?ruta=15-frailes
3,Funerales San Antonio,funeraria,121,18.468076,-97.393864,https://mitehuacan.mx/?ruta=15-frailes
3,Funerales Santa Fe,funeraria,126,18.46607,-97.391332,https://mitehuacan.mx/?ruta=15-frailes
3,Gasolinera Peñafiel,gasolinera,2,18.480765,-97.399664,https://mitehuacan.mx/?ruta=15-frailes
3,Gasolinera,gasolinera,10,18.480412,-97.399509,https://mitehuacan.mx/?ruta=15-frailes
3,Oficinas Administrativas,gasolinera,78,18.467696,-97.393997,https://mitehuacan.mx/?ruta=15-frailes
3,Estancia Infantil El Mundo De Minev,guardería,6,18.471857,-97.399405,https://mitehuacan.mx/?ruta=15-frailes
3,Il Mondo Dei Bambini,guardería,16,18.46773,-97.396562,https://mitehuacan.mx/?ruta=15-frailes
3,Estancia De Bienestar Y Desarrollo Infantil 184 Instituto De,guardería,34,18.471284,-97.39743,https://mitehuacan.mx/?ruta=15-frailes
3,Estancia Infantil Cedei,guardería,104,18.478885,-97.400028,https://mitehuacan.mx/?ruta=15-frailes
3,Frutileto,health food,72,18.462251,-97.394131,https://mitehuacan.mx/?ruta=15-frailes
3,Clinica Hospital Issste,hospital,24,18.472083,-97.398755,https://mitehuacan.mx/?ruta=15-frailes
3,El Carmen,iglesia,33,18.465278,-97.393451,https://mitehuacan.mx/?ruta=15-frailes
3,San Francisco,iglesia,72,18.462079,-97.39015,https://mitehuacan.mx/?ruta=15-frailes
3,Novedades Electronica Y Novedades Mastr,joyería,3,18.462851,-97.390389,https://mitehuacan.mx/?ruta=15-frailes
3,Venta De Plata Plata Linda,joyería,3,18.462859,-97.390654,https://mitehuacan.mx/?ruta=15-frailes
3,Venta De Reaglos Sin Nombre,joyería,3,18.462859,-97.390654,https://mitehuacan.mx/?ruta=15-frailes
3,Joyeria R&M,joyería,5,18.464435,-97.391452,https://mitehuacan.mx/?ruta=15-frailes
3,Elaboracion De Bisuteria Sin Nombre,joyería,6,18.473056,-97.401263,https://mitehuacan.mx/?ruta=15-frailes
3,Joyeria Reyes,joyería,6,18.462269,-97.391382,https://mitehuacan.mx/?ruta=15-frailes
3,Joyeria Francos,joyería,11,18.464892,-97.393948,https://mitehuacan.mx/?ruta=15-frailes
3,Tienda De Acero Sin Nombre,joyería,11,18.462731,-97.390773,https://mitehuacan.mx/?ruta=15-frailes
3,Joyeria Arth,joyería,15,18.462984,-97.391257,https://mitehuacan.mx/?ruta=15-frailes
3,Joyeria Mely,joyería,16,18.46296,-97.389987,https://mitehuacan.mx/?ruta=15-frailes
3,Centro Joyero Casa 38,joyería,17,18.463327,-97.393988,https://mitehuacan.mx/?ruta=15-frailes
3,Joyeria Vizuet,joyería,18,18.463053,-97.39339,https://mitehuacan.mx/?ruta=15-frailes
3,Joyeria De Acero Sin Nombre,joyería,25,18.460645,-97.390664,https://mitehuacan.mx/?ruta=15-frailes
3,Joyeria Casa Virginia,joyería,28,18.461948,-97.391178,https://mitehuacan.mx/?ruta=15-frailes
3,Relojeria Casa Virginia,joyería,28,18.461948,-97.391178,https://mitehuacan.mx/?ruta=15-frailes
3,Relojeria Murguia,joyería,28,18.461948,-97.391178,https://mitehuacan.mx/?ruta=15-frailes
3,Joyeria La Moneda,joyería,35,18.461944,-97.391112,https://mitehuacan.mx/?ruta=15-frailes
3,Bodega De Novedades Yani,joyería,43,18.459987,-97.389902,https://mitehuacan.mx/?ruta=15-frailes
3,Relojeria Murguia,joyería,44,18.462058,-97.391023,https://mitehuacan.mx/?ruta=15-frailes
3,Joyeria Brillante,joyería,47,18.465359,-97.391443,https://mitehuacan.mx/?ruta=15-frailes
3,Joyeria San Francisco,joyería,55,18.462052,-97.390919,https://mitehuacan.mx/?ruta=15-frailes
3,Compra Venta De Regalos De Joyeria Bicsu,joyería,57,18.464458,-97.393086,https://mitehuacan.mx/?ruta=15-frailes
3,Relojeria Y Regalos Mary,joyería,58,18.461934,-97.390894,https://mitehuacan.mx/?ruta=15-frailes
3,Centro Joyero Reforma,joyería,68,18.462287,-97.394018,https://mitehuacan.mx/?ruta=15-frailes
3,Venta De Joyeria Y Pedreria Jalisco,joyería,70,18.461501,-97.390292,https://mitehuacan.mx/?ruta=15-frailes
3,Comercio De Regalos Reparacion De Articulos Personales Casa ,joyería,72,18.461789,-97.390759,https://mitehuacan.mx/?ruta=15-frailes
3,Tienda De Relojeria Y Joyeria Kairos,joyería,72,18.462078,-97.390761,https://mitehuacan.mx/?ruta=15-frailes
3,Joyeria Y Relojeria El Rubi,joyería,73,18.458504,-97.390238,https://mitehuacan.mx/?ruta=15-frailes
3,Venta De Plata Joyeria Jk,joyería,83,18.458543,-97.39033,https://mitehuacan.mx/?ruta=15-frailes
3,Maryzze Creaciones Venta De Joyeria Y Bisuteria,joyería,103,18.464042,-97.393102,https://mitehuacan.mx/?ruta=15-frailes
3,Joyeria Jk,joyería,118,18.46181,-97.392636,https://mitehuacan.mx/?ruta=15-frailes
3,Joyeria Jk,joyería,126,18.461502,-97.392641,https://mitehuacan.mx/?ruta=15-frailes
3,Joyeria Osorio,joyería,138,18.464835,-97.390085,https://mitehuacan.mx/?ruta=15-frailes
3,Jugueteria Zhu Fu,juguetería,1,18.458541,-97.387745,https://mitehuacan.mx/?ruta=15-frailes
3,Venta De Juguetes Y Bisuteria Sin Nombre,juguetería,1,18.458517,-97.387233,https://mitehuacan.mx/?ruta=15-frailes
3,Venta De Juguetes,juguetería,2,18.457795,-97.387206,https://mitehuacan.mx/?ruta=15-frailes
3,Tienda De Juguetes Nacionales,juguetería,5,18.461717,-97.391394,https://mitehuacan.mx/?ruta=15-frailes
3,Jugueteria Coqueta,juguetería,13,18.457344,-97.385159,https://mitehuacan.mx/?ruta=15-frailes
3,Venta De Juguetes Sin Nombre,juguetería,13,18.457497,-97.385151,https://mitehuacan.mx/?ruta=15-frailes
3,Venta De Juguetes Y Novedades Sin Nombre,juguetería,13,18.457442,-97.385155,https://mitehuacan.mx/?ruta=15-frailes
3,Juguetes Y Regalos Lagunilla,juguetería,14,18.461863,-97.389341,https://mitehuacan.mx/?ruta=15-frailes
3,Jugueteria Sin Nombre,juguetería,28,18.461948,-97.391178,https://mitehuacan.mx/?ruta=15-frailes
3,Novedades Y Juguetes Sin Nombre,juguetería,28,18.461948,-97.391178,https://mitehuacan.mx/?ruta=15-frailes
3,Novedades Y Regalos Sin Nombre,juguetería,28,18.461948,-97.391178,https://mitehuacan.mx/?ruta=15-frailes
3,Tienda De Gorras Y Juguetes,juguetería,28,18.461948,-97.391178,https://mitehuacan.mx/?ruta=15-frailes
3,Tienda De Novedades Rosita,juguetería,28,18.461948,-97.391178,https://mitehuacan.mx/?ruta=15-frailes
3,Venta De Juguetes Sin Nombre,juguetería,28,18.461948,-97.391178,https://mitehuacan.mx/?ruta=15-frailes
3,Figuras Tehuacan,juguetería,34,18.456212,-97.385034,https://mitehuacan.mx/?ruta=15-frailes
3,Accesorios Videojuegos Niky Games,juguetería,54,18.46235,-97.390762,https://mitehuacan.mx/?ruta=15-frailes
3,Jugueteria La Lagunilla,juguetería,73,18.461671,-97.390759,https://mitehuacan.mx/?ruta=15-frailes
3,Venta De Materiales Didacticos Edu Mart,juguetería,73,18.457939,-97.389525,https://mitehuacan.mx/?ruta=15-frailes
3,Gamer Store Reparacion De Videojuegos,juguetería,76,18.465621,-97.391441,https://mitehuacan.mx/?ruta=15-frailes
3,Novedades Actitud,juguetería,79,18.461583,-97.390365,https://mitehuacan.mx/?ruta=15-frailes
3,Tienda De Regalos Alexis,juguetería,101,18.465847,-97.391439,https://mitehuacan.mx/?ruta=15-frailes
3,Articulos De Novedad Sakura Store,juguetería,103,18.464042,-97.393102,https://mitehuacan.mx/?ruta=15-frailes
3,Compra Venta De Juguetes Andy,juguetería,103,18.464042,-97.393102,https://mitehuacan.mx/?ruta=15-frailes
3,Novedades Y Accesorios De Mexico,juguetería,120,18.458988,-97.390669,https://mitehuacan.mx/?ruta=15-frailes
3,Puesto De Juguetes Sin Nombre,juguetería,141,18.456782,-97.383983,https://mitehuacan.mx/?ruta=15-frailes
3,Venta De Juguetes Sin Nombre,juguetería,141,18.457956,-97.383907,https://mitehuacan.mx/?ruta=15-frailes
3,Venta De Juguetes Sin Nombre,juguetería,141,18.458336,-97.383883,https://mitehuacan.mx/?ruta=15-frailes
3,Laboratorio Clinico Y Bacteriologico,laboratorio,1,18.458534,-97.387593,https://mitehuacan.mx/?ruta=15-frailes
3,Centro Radiologico Digital Maxilofacial,laboratorio,6,18.464577,-97.391346,https://mitehuacan.mx/?ruta=15-frailes
3,Compra Venta De Uniformes Quirurgicos Monstera Scrub,laboratorio,6,18.463319,-97.391369,https://mitehuacan.mx/?ruta=15-frailes
3,Tienda De Productos Dentales Dental Plus,laboratorio,6,18.463319,-97.391369,https://mitehuacan.mx/?ruta=15-frailes
3,Servicio De Estudios Clinicos Eci,laboratorio,7,18.464951,-97.395195,https://mitehuacan.mx/?ruta=15-frailes
3,Laboratorio De Analisis Clinicos,laboratorio,9,18.46713,-97.395112,https://mitehuacan.mx/?ruta=15-frailes
3,Laboratorios De Analisis Clinicos Diagnostica,laboratorio,9,18.46074,-97.388449,https://mitehuacan.mx/?ruta=15-frailes
3,Uniformes Quirurgicos Rash,laboratorio,13,18.462819,-97.389289,https://mitehuacan.mx/?ruta=15-frailes
3,Deposito Dental Apex,laboratorio,21,18.464133,-97.393932,https://mitehuacan.mx/?ruta=15-frailes
3,Laboratorio Vitalysis,laboratorio,38,18.462989,-97.394521,https://mitehuacan.mx/?ruta=15-frailes
3,Laboratorios Anmiclit,laboratorio,38,18.462989,-97.394521,https://mitehuacan.mx/?ruta=15-frailes
3,Radiologia La Plazuela,laboratorio,38,18.462989,-97.394521,https://mitehuacan.mx/?ruta=15-frailes
3,Laboratorios Clinicos De Tehuacan,laboratorio,44,18.463616,-97.393722,https://mitehuacan.mx/?ruta=15-frailes
3,Centro De Radiologia Dental Roentgen,laboratorio,46,18.465388,-97.393059,https://mitehuacan.mx/?ruta=15-frailes
3,Centro De Radiologia Dental,laboratorio,50,18.463337,-97.393131,https://mitehuacan.mx/?ruta=15-frailes
3,Laboratorios Clinicos De Tehuacan,laboratorio,54,18.463283,-97.389305,https://mitehuacan.mx/?ruta=15-frailes
3,Laboratorios Clínicos de Tehuacán,laboratorio,58,18.463643,-97.39359,https://mitehuacan.mx/?ruta=15-frailes
3,Ultrasonido Parque Ecologico,laboratorio,65,18.467051,-97.393435,https://mitehuacan.mx/?ruta=15-frailes
3,Laboratorio Diagnostico Clinico,laboratorio,67,18.463488,-97.393049,https://mitehuacan.mx/?ruta=15-frailes
3,Radiologia Y Ultrasonido La Plazuela,laboratorio,99,18.462088,-97.394542,https://mitehuacan.mx/?ruta=15-frailes
3,Laboratorio Clinico Innova Lab,laboratorio,110,18.467968,-97.393868,https://mitehuacan.mx/?ruta=15-frailes
3,Deposito Dental,laboratorio,121,18.465881,-97.390828,https://mitehuacan.mx/?ruta=15-frailes
3,Deposito Dental Sin Nombre,laboratorio,123,18.461778,-97.393376,https://mitehuacan.mx/?ruta=15-frailes
3,Radiologia Medica De Tehuacan,laboratorio,128,18.46389,-97.396424,https://mitehuacan.mx/?ruta=15-frailes
3,Deposito Dental Dentstore,laboratorio,131,18.458659,-97.390787,https://mitehuacan.mx/?ruta=15-frailes
3,Laboratorio Clinico Analyzer,laboratorio,131,18.460175,-97.392445,https://mitehuacan.mx/?ruta=15-frailes
3,Venta De Uniformes Quirurgicos Pao,laboratorio,141,18.463124,-97.395494,https://mitehuacan.mx/?ruta=15-frailes
3,Lavanderia El Talladero,lavandería,1,18.479251,-97.407831,https://mitehuacan.mx/?ruta=15-frailes
3,Tintoreria El Vaporcito,lavandería,1,18.477414,-97.399804,https://mitehuacan.mx/?ruta=15-frailes
3,Genesis Planchaduria Y Costuras,lavandería,2,18.468381,-97.397911,https://mitehuacan.mx/?ruta=15-frailes
3,Tintoreria Puebla,lavandería,3,18.462837,-97.389792,https://mitehuacan.mx/?ruta=15-frailes
3,Ultra Clean,lavandería,6,18.478562,-97.406938,https://mitehuacan.mx/?ruta=15-frailes
3,Tintoreria Herrera,lavandería,10,18.467147,-97.395415,https://mitehuacan.mx/?ruta=15-frailes
3,Lavanderia San Jorge,lavandería,12,18.456343,-97.38559,https://mitehuacan.mx/?ruta=15-frailes
3,Lavanderia Fresita,lavandería,24,18.472118,-97.399634,https://mitehuacan.mx/?ruta=15-frailes
3,Lavanderia Celawi,lavandería,25,18.469458,-97.398779,https://mitehuacan.mx/?ruta=15-frailes
3,Tintoreria Mexico,lavandería,50,18.466708,-97.397976,https://mitehuacan.mx/?ruta=15-frailes
3,Lavanderia Limpiecito,lavandería,54,18.474713,-97.400682,https://mitehuacan.mx/?ruta=15-frailes
3,Lava Express De Tehucan,lavandería,56,18.468828,-97.400385,https://mitehuacan.mx/?ruta=15-frailes
3,Tintoreria Poblana,lavandería,56,18.467753,-97.397397,https://mitehuacan.mx/?ruta=15-frailes
3,Lavanderia Lava Luxx,lavandería,58,18.472788,-97.400816,https://mitehuacan.mx/?ruta=15-frailes
3,Tintoreria Flores Magon,lavandería,85,18.461498,-97.386782,https://mitehuacan.mx/?ruta=15-frailes
3,Renta De Lavadoras Sin Nombre,lavandería,109,18.47629,-97.397476,https://mitehuacan.mx/?ruta=15-frailes
3,Lavanderia City Wash,lavandería,131,18.474616,-97.398731,https://mitehuacan.mx/?ruta=15-frailes
3,Lavanderia Punto Azul,lavandería,142,18.477208,-97.409806,https://mitehuacan.mx/?ruta=15-frailes
3,Lavanderia Gus,lavandería,148,18.468252,-97.393585,https://mitehuacan.mx/?ruta=15-frailes
3,Librolandia de Tehuacán,librería,6,18.464658,-97.391339,https://mitehuacan.mx/?ruta=15-frailes
3,Libreria Universo Magico,librería,17,18.466701,-97.3939,https://mitehuacan.mx/?ruta=15-frailes
3,Libreria El Arte De Leer,librería,109,18.466059,-97.393043,https://mitehuacan.mx/?ruta=15-frailes
3,Libreria El Arte De Leer,librería,132,18.462005,-97.394981,https://mitehuacan.mx/?ruta=15-frailes
3,Marisqueria Brisa Del Mar,mariscos,16,18.456222,-97.385204,https://mitehuacan.mx/?ruta=15-frailes
3,Pescados Y Mariscos Brisa Del Mar,mariscos,16,18.45624,-97.385203,https://mitehuacan.mx/?ruta=15-frailes
3,Marisqueria Langostino,mariscos,28,18.461948,-97.391178,https://mitehuacan.mx/?ruta=15-frailes
3,Marisqueria Las Palmas,mariscos,28,18.461948,-97.391178,https://mitehuacan.mx/?ruta=15-frailes
3,Marisqueria Puerto De Alvarado,mariscos,28,18.461948,-97.391178,https://mitehuacan.mx/?ruta=15-frailes
3,Pescaderia Puerto De Alvarado,mariscos,28,18.461948,-97.391178,https://mitehuacan.mx/?ruta=15-frailes
3,Restaurante De Pescados Y Mariscos El Puerto Piloto,mariscos,28,18.461948,-97.391178,https://mitehuacan.mx/?ruta=15-frailes
3,Marisqueria El Peladito,mariscos,102,18.467038,-97.393085,https://mitehuacan.mx/?ruta=15-frailes
3,Nutrimentos Purina,mascotas,0,18.462219,-97.389458,https://mitehuacan.mx/?ruta=15-frailes
3,Tienda De Mascotas Oceanus Fish Room,mascotas,0,18.464965,-97.392832,https://mitehuacan.mx/?ruta=15-frailes
3,Tienda Para Mascotas El Canario De Oro,mascotas,0,18.461631,-97.389464,https://mitehuacan.mx/?ruta=15-frailes
3,Mundo Mascotas,mascotas,1,18.458449,-97.385491,https://mitehuacan.mx/?ruta=15-frailes
3,Venta De Alimentos Para Mascotas Pet Shop,mascotas,2,18.467173,-97.397739,https://mitehuacan.mx/?ruta=15-frailes
3,Veterinaria Sin Nombre,mascotas,3,18.459576,-97.389484,https://mitehuacan.mx/?ruta=15-frailes
3,Veterinaria La Huella,mascotas,4,18.46918,-97.397358,https://mitehuacan.mx/?ruta=15-frailes
3,Bodega De Habarrotes 3 Estrellas Sin Nombre,mascotas,9,18.458384,-97.386022,https://mitehuacan.mx/?ruta=15-frailes
3,Compra Y Venta De Acsesorios De Aves Sin Nombre,mascotas,16,18.457301,-97.385434,https://mitehuacan.mx/?ruta=15-frailes
3,Tienda De Accesorios Para Mascota Tu Amigo Fiel Th,mascotas,20,18.458415,-97.389407,https://mitehuacan.mx/?ruta=15-frailes
3,Tienda De Articulos Para Mascota El Canario De Oro,mascotas,28,18.461948,-97.391178,https://mitehuacan.mx/?ruta=15-frailes
3,Venta De Animales De Corral Sin Nombre,mascotas,32,18.458203,-97.386629,https://mitehuacan.mx/?ruta=15-frailes
3,Tienda De Accesorios Para Mascotas El Canario De Oro,mascotas,34,18.463115,-97.389438,https://mitehuacan.mx/?ruta=15-frailes
3,Veterinaria Pacheco,mascotas,36,18.457349,-97.387548,https://mitehuacan.mx/?ruta=15-frailes
3,Venta De Alimentos Balanceados Pecuarios Y Mascotas Mega Bod,mascotas,45,18.457389,-97.385706,https://mitehuacan.mx/?ruta=15-frailes
3,Venta De Alimento Para Animales Api-Aba,mascotas,53,18.457411,-97.386702,https://mitehuacan.mx/?ruta=15-frailes
3,Farmacia Veterinaria Disan Tehuacan,mascotas,100,18.457401,-97.386228,https://mitehuacan.mx/?ruta=15-frailes
3,Acuario Agua Vida,mascotas,104,18.462782,-97.388427,https://mitehuacan.mx/?ruta=15-frailes
3,Compra Venta De Alimentos Y Accesorios Para Aves El Piolin,mascotas,114,18.457807,-97.390242,https://mitehuacan.mx/?ruta=15-frailes
3,Clinica Veterinaria Hipiatra,mascotas,127,18.474593,-97.407628,https://mitehuacan.mx/?ruta=15-frailes
3,Tienda De Accesorios Para Mascotas Sin Nombre,mascotas,131,18.459597,-97.390751,https://mitehuacan.mx/?ruta=15-frailes
3,Venta De Articulos Para Mascotas Oh My Can,mascotas,137,18.466173,-97.391436,https://mitehuacan.mx/?ruta=15-frailes
3,Alimento Balanceado Para Ganado Y Mascotas,mascotas,141,18.457423,-97.38394,https://mitehuacan.mx/?ruta=15-frailes
3,Distribuidor De Plafones De Tehuacan,materiales,6,18.471534,-97.399477,https://mitehuacan.mx/?ruta=15-frailes
3,Estanterias Metalicas Flejuser,mayoreo,0,18.458507,-97.3871,https://mitehuacan.mx/?ruta=15-frailes
3,Distribuidora De Maquinaria Agricola Sin Nombre,mayoreo,1,18.458523,-97.387366,https://mitehuacan.mx/?ruta=15-frailes
3,Venta De Muebles Metalicos Tfg,mayoreo,1,18.458517,-97.387252,https://mitehuacan.mx/?ruta=15-frailes
3,Venta De Triplay,mayoreo,1,18.476881,-97.407175,https://mitehuacan.mx/?ruta=15-frailes
3,Oficina De Administracion De Insumos Para Purificadoras Marp,mayoreo,2,18.467173,-97.397739,https://mitehuacan.mx/?ruta=15-frailes
3,Barnices Otto,mayoreo,3,18.458608,-97.389118,https://mitehuacan.mx/?ruta=15-frailes
3,Sala De Exhibicion De Circulo B,mayoreo,3,18.462859,-97.390654,https://mitehuacan.mx/?ruta=15-frailes
3,Ap Equipos Integrados,mayoreo,4,18.469058,-97.396351,https://mitehuacan.mx/?ruta=15-frailes
3,Venta De Alcohol Etilico,mayoreo,4,18.464082,-97.394092,https://mitehuacan.mx/?ruta=15-frailes
3,Compra-Venta De Reciclaje,mayoreo,6,18.47577,-97.398866,https://mitehuacan.mx/?ruta=15-frailes
3,Abarrotes San Jose,mayoreo,7,18.456518,-97.38718,https://mitehuacan.mx/?ruta=15-frailes
3,Bodega De Alimentos Procesados Sin Nombre,mayoreo,7,18.47121,-97.401007,https://mitehuacan.mx/?ruta=15-frailes
3,Distribuidora Papelera Barza,mayoreo,7,18.46496,-97.395441,https://mitehuacan.mx/?ruta=15-frailes
3,Compra Y Venta De Productos Metalicos America,mayoreo,8,18.456504,-97.385266,https://mitehuacan.mx/?ruta=15-frailes
3,Venta De Muebles Metalicos Misadely,mayoreo,8,18.456157,-97.385321,https://mitehuacan.mx/?ruta=15-frailes
3,Ari Poc Recubrimientos Sherwin Williams,mayoreo,9,18.468776,-97.397788,https://mitehuacan.mx/?ruta=15-frailes
3,Flejuser Muebles Metalicos,mayoreo,10,18.458539,-97.385705,https://mitehuacan.mx/?ruta=15-frailes
3,Venta De Muebles Metalicos Tfg,mayoreo,10,18.458529,-97.385374,https://mitehuacan.mx/?ruta=15-frailes
3,Agroquimicos Y Semillas La Coa,mayoreo,11,18.458627,-97.387657,https://mitehuacan.mx/?ruta=15-frailes
3,Venta De Focos Y Luminaria Distribuciones Jorrta,mayoreo,11,18.462659,-97.389321,https://mitehuacan.mx/?ruta=15-frailes
3,Grupo Conpremex,mayoreo,13,18.480937,-97.399614,https://mitehuacan.mx/?ruta=15-frailes
3,Carnemart,mayoreo,14,18.458694,-97.388762,https://mitehuacan.mx/?ruta=15-frailes
3,Marleba Venta De Estanteria,mayoreo,19,18.45854,-97.385074,https://mitehuacan.mx/?ruta=15-frailes
3,Tienda De Insumos Para Purificadoras Marpa,mayoreo,23,18.467279,-97.398171,https://mitehuacan.mx/?ruta=15-frailes
3,Materiales El Topollo,mayoreo,25,18.474985,-97.401643,https://mitehuacan.mx/?ruta=15-frailes
3,Compra Y Venta De Plasticos Sin Nombre,mayoreo,27,18.45796,-97.385499,https://mitehuacan.mx/?ruta=15-frailes
3,Venta De Muebles Metalicos Marleba,mayoreo,29,18.45872,-97.385794,https://mitehuacan.mx/?ruta=15-frailes
3,Ferretera Arriaga,mayoreo,31,18.462923,-97.389143,https://mitehuacan.mx/?ruta=15-frailes
3,Recicladora Un Mundo Mejor,mayoreo,32,18.45743,-97.387507,https://mitehuacan.mx/?ruta=15-frailes
3,Venta De Bocinas Y Luces R-Audio,mayoreo,32,18.458719,-97.385149,https://mitehuacan.mx/?ruta=15-frailes
3,Dimmeeb,mayoreo,33,18.458784,-97.386618,https://mitehuacan.mx/?ruta=15-frailes
3,Distribuidora De Embalajes,mayoreo,36,18.457387,-97.385621,https://mitehuacan.mx/?ruta=15-frailes
3,Venta De Maquinaria Agricola Sin Nombre,mayoreo,38,18.458121,-97.386027,https://mitehuacan.mx/?ruta=15-frailes
3,Sucursal Estanterias Metalicas Flejuser,mayoreo,40,18.457296,-97.385662,https://mitehuacan.mx/?ruta=15-frailes
3,Venta De Maquinaria Agricola Sin Nombre,mayoreo,41,18.4588,-97.385144,https://mitehuacan.mx/?ruta=15-frailes
3,Bodega De Musical Sinfonia,mayoreo,43,18.460078,-97.389897,https://mitehuacan.mx/?ruta=15-frailes
3,Estanterias Jesmar,mayoreo,48,18.458843,-97.385056,https://mitehuacan.mx/?ruta=15-frailes
3,Quality Copier,mayoreo,49,18.464932,-97.390926,https://mitehuacan.mx/?ruta=15-frailes
3,Ferreteria Albeluan,mayoreo,54,18.459162,-97.386613,https://mitehuacan.mx/?ruta=15-frailes
3,Oficinas Centrales,mayoreo,62,18.467555,-97.394002,https://mitehuacan.mx/?ruta=15-frailes
3,Motoimplementos Y Equipos De Puebla,mayoreo,65,18.457676,-97.386575,https://mitehuacan.mx/?ruta=15-frailes
3,Servicios Electricos,mayoreo,75,18.472981,-97.399442,https://mitehuacan.mx/?ruta=15-frailes
3,Super Naturista,mayoreo,79,18.462191,-97.394022,https://mitehuacan.mx/?ruta=15-frailes
3,Refacciones Especializadas,mayoreo,80,18.460935,-97.392209,https://mitehuacan.mx/?ruta=15-frailes
3,Comercio De Accesorios De Computo Soluciones Tecnologicas Gm,mayoreo,87,18.457809,-97.389412,https://mitehuacan.mx/?ruta=15-frailes
3,Compra De Fierro Viejo,mayoreo,93,18.476511,-97.39759,https://mitehuacan.mx/?ruta=15-frailes
3,Maderas Tellez,mayoreo,93,18.4554,-97.385176,https://mitehuacan.mx/?ruta=15-frailes
3,La Casa De La Maquina,mayoreo,101,18.480842,-97.39854,https://mitehuacan.mx/?ruta=15-frailes
3,O & S Consultores,mayoreo,115,18.469731,-97.395442,https://mitehuacan.mx/?ruta=15-frailes
3,Bodega De Materiales Reciclados Sin Nombre,mayoreo,117,18.473355,-97.398385,https://mitehuacan.mx/?ruta=15-frailes
3,Compra Y Venta De Fierro Viejo Sin Nombre,mayoreo,121,18.474763,-97.408154,https://mitehuacan.mx/?ruta=15-frailes
3,Venta De Policarbonatos Polivinilos,mayoreo,122,18.466888,-97.3929,https://mitehuacan.mx/?ruta=15-frailes
3,Plasticos Y Costales Tehuacan,mayoreo,124,18.45955,-97.385095,https://mitehuacan.mx/?ruta=15-frailes
3,Pinturas Doal 3 Norte,mayoreo,136,18.466164,-97.391436,https://mitehuacan.mx/?ruta=15-frailes
3,Servicio Electronico Sanyo,mayoreo,137,18.468221,-97.39386,https://mitehuacan.mx/?ruta=15-frailes
3,Mercado 16 de Marzo,mercado,40,18.461411,-97.391067,https://mitehuacan.mx/?ruta=15-frailes
3,La Purisima,mercado,76,18.457306,-97.384567,https://mitehuacan.mx/?ruta=15-frailes
3,Comercializadora De Estambres El Carmen,mercería,0,18.464997,-97.394292,https://mitehuacan.mx/?ruta=15-frailes
3,Merceria El Redil,mercería,3,18.458761,-97.387107,https://mitehuacan.mx/?ruta=15-frailes
3,Boneteria La Teresita,mercería,6,18.461621,-97.391501,https://mitehuacan.mx/?ruta=15-frailes
3,Estambres El Gato,mercería,6,18.46278,-97.39149,https://mitehuacan.mx/?ruta=15-frailes
3,Tienda De Estambres Juguetes Y Revistas Sin Nombre,mercería,6,18.46154,-97.391503,https://mitehuacan.mx/?ruta=15-frailes
3,Compra Venta De Estambres Rosy Gamez,mercería,9,18.464885,-97.392892,https://mitehuacan.mx/?ruta=15-frailes
3,Merceria Sin Nombre,mercería,13,18.457424,-97.385157,https://mitehuacan.mx/?ruta=15-frailes
3,Venta De Articulos De Merceria Sin Nombre,mercería,13,18.457488,-97.385152,https://mitehuacan.mx/?ruta=15-frailes
3,Venta De Hilos Y Servilletas Sin Nombre,mercería,13,18.45747,-97.385153,https://mitehuacan.mx/?ruta=15-frailes
3,Merceria Jaqueline,mercería,14,18.457307,-97.385157,https://mitehuacan.mx/?ruta=15-frailes
3,Merceria Sin Nombre,mercería,15,18.456665,-97.385184,https://mitehuacan.mx/?ruta=15-frailes
3,Venta De Boneteria Sin Nombre,mercería,20,18.461951,-97.391254,https://mitehuacan.mx/?ruta=15-frailes
3,Merceria Y Jugueteria El Leon,mercería,22,18.460817,-97.391645,https://mitehuacan.mx/?ruta=15-frailes
3,Tienda De Merceria Y Ropa De Bebe Sin Nombre,mercería,28,18.461948,-97.391178,https://mitehuacan.mx/?ruta=15-frailes
3,Merceria Sin Nombre,mercería,52,18.458413,-97.384723,https://mitehuacan.mx/?ruta=15-frailes
3,Papeleria Merceria Y Regalos Dany Laura,mercería,68,18.459044,-97.385128,https://mitehuacan.mx/?ruta=15-frailes
3,Venta De Estambres Sin Nombre,mercería,97,18.472428,-97.400275,https://mitehuacan.mx/?ruta=15-frailes
3,El Globito,mercería,108,18.463771,-97.389291,https://mitehuacan.mx/?ruta=15-frailes
3,Tienda De Estambres Sin Nombre,mercería,108,18.459444,-97.386072,https://mitehuacan.mx/?ruta=15-frailes
3,Estambres El Patito,mercería,130,18.459416,-97.390752,https://mitehuacan.mx/?ruta=15-frailes
3,Venta De Recuerdos Y Regalos,mercería,140,18.465895,-97.398011,https://mitehuacan.mx/?ruta=15-frailes
3,Articulos Varios Sin Nombre,mercería,141,18.456267,-97.384013,https://mitehuacan.mx/?ruta=15-frailes
3,Motel Romance,motel,62,18.476955,-97.409058,https://mitehuacan.mx/?ruta=15-frailes
3,Centro De Servicio Para Motos,motos,2,18.467096,-97.395844,https://mitehuacan.mx/?ruta=15-frailes
3,Servicio De Motos Emmanuel,motos,6,18.4694,-97.40013,https://mitehuacan.mx/?ruta=15-frailes
3,Taller De Servicio Y Reparaciones Venegas Moto Garage,motos,24,18.472046,-97.399649,https://mitehuacan.mx/?ruta=15-frailes
3,Taller De Motos Scooter Y Motos,motos,43,18.464988,-97.396845,https://mitehuacan.mx/?ruta=15-frailes
3,Taller De Motos El Trono,motos,46,18.479395,-97.399921,https://mitehuacan.mx/?ruta=15-frailes
3,Leyra Motos,motos,61,18.468783,-97.400395,https://mitehuacan.mx/?ruta=15-frailes
3,Taller De Reparacion De Motos Sin Nombre,motos,71,18.472282,-97.400528,https://mitehuacan.mx/?ruta=15-frailes
3,Taller Leyra Motos,motos,126,18.468126,-97.400218,https://mitehuacan.mx/?ruta=15-frailes
3,Bonice,nieves,2,18.478586,-97.406653,https://mitehuacan.mx/?ruta=15-frailes
3,Paleteria La Michoacana,nieves,3,18.462857,-97.390588,https://mitehuacan.mx/?ruta=15-frailes
3,Venta De Helado Y Paletas Sin Nombre,nieves,4,18.46035,-97.387139,https://mitehuacan.mx/?ruta=15-frailes
3,Expendio De Bonice,nieves,9,18.45861,-97.38706,https://mitehuacan.mx/?ruta=15-frailes
3,Choco Paletas,nieves,21,18.461061,-97.390667,https://mitehuacan.mx/?ruta=15-frailes
3,Papeleria Y Neveria La Michoacana,nieves,44,18.46244,-97.390763,https://mitehuacan.mx/?ruta=15-frailes
3,Helados Don Sebastian,nieves,109,18.466566,-97.393031,https://mitehuacan.mx/?ruta=15-frailes
3,Helados Bambi,nieves,116,18.457546,-97.389414,https://mitehuacan.mx/?ruta=15-frailes
3,Paleteria Sin Nombre,nieves,146,18.455296,-97.384373,https://mitehuacan.mx/?ruta=15-frailes
3,Notaria Publica 4,notaría,21,18.464133,-97.393932,https://mitehuacan.mx/?ruta=15-frailes
3,Notaria Publica 7,notaría,51,18.463346,-97.39313,https://mitehuacan.mx/?ruta=15-frailes
3,Notaria Publica No 6,notaría,110,18.465965,-97.392923,https://mitehuacan.mx/?ruta=15-frailes
3,Auxiliar De La Notaria Numero 2,notaría,140,18.460206,-97.392575,https://mitehuacan.mx/?ruta=15-frailes
3,Contratos Mercantiles Corredor Publico Numero 3,notaría,140,18.460215,-97.392575,https://mitehuacan.mx/?ruta=15-frailes
3,Correduria Publica Numero 5,notaría,140,18.460206,-97.392575,https://mitehuacan.mx/?ruta=15-frailes
3,Notaria Publica Numero 2,notaría,140,18.460206,-97.392575,https://mitehuacan.mx/?ruta=15-frailes
3,Moto Lite Envios Tehuacan,paquetería,40,18.465068,-97.396823,https://mitehuacan.mx/?ruta=15-frailes
3,Fedex,paquetería,50,18.459007,-97.38828,https://mitehuacan.mx/?ruta=15-frailes
3,Redpack Servicios De Paqueteria,paquetería,101,18.464059,-97.393102,https://mitehuacan.mx/?ruta=15-frailes
3,Estafeta Mexicana,paquetería,123,18.468102,-97.393987,https://mitehuacan.mx/?ruta=15-frailes
3,Polígono Los Frailes Tehuacan,parque,7,18.473294,-97.40404,https://mitehuacan.mx/?ruta=15-frailes
3,El Carmen,parque,35,18.465304,-97.393749,https://mitehuacan.mx/?ruta=15-frailes
3,Los Frailes,parque,41,18.473693,-97.404134,https://mitehuacan.mx/?ruta=15-frailes
3,Parque Juárez,parque,51,18.462417,-97.392642,https://mitehuacan.mx/?ruta=15-frailes
3,Parque de San NIcolas Tetitzintla,parque,55,18.479401,-97.400371,https://mitehuacan.mx/?ruta=15-frailes
3,Parque Ecológico,parque,61,18.466286,-97.393494,https://mitehuacan.mx/?ruta=15-frailes
3,Rotonda de la Flores Magon,parque,133,18.461466,-97.386051,https://mitehuacan.mx/?ruta=15-frailes
3,La Casa del Pastel,pastry,1,18.462904,-97.393518,https://mitehuacan.mx/?ruta=15-frailes
3,Venta De Productos De Belleza Diprobel,perfumería,0,18.464968,-97.392936,https://mitehuacan.mx/?ruta=15-frailes
3,Venta De Articulos De Belleza,perfumería,1,18.477425,-97.399879,https://mitehuacan.mx/?ruta=15-frailes
3,Venta De Cosmeticos Y Accesorios,perfumería,1,18.460278,-97.389477,https://mitehuacan.mx/?ruta=15-frailes
3,Articulos Para Velleza Estilos,perfumería,3,18.462859,-97.390654,https://mitehuacan.mx/?ruta=15-frailes
3,Bodega De Articulos De Belleza Circulo B,perfumería,3,18.462859,-97.390654,https://mitehuacan.mx/?ruta=15-frailes
3,Tienda De Articulos De Belleza Circulo B,perfumería,3,18.462859,-97.390654,https://mitehuacan.mx/?ruta=15-frailes
3,Oficina Administrativa Oriflame Cosmetico Natural Sueco,perfumería,4,18.459469,-97.387159,https://mitehuacan.mx/?ruta=15-frailes
3,Tienda De Perfumes Y Esencias Inspiracion,perfumería,4,18.462717,-97.389454,https://mitehuacan.mx/?ruta=15-frailes
3,Compra Venta De Maquillaje Y Accesorios,perfumería,6,18.463319,-97.391369,https://mitehuacan.mx/?ruta=15-frailes
3,Distribuidora Jafra,perfumería,6,18.463319,-97.391369,https://mitehuacan.mx/?ruta=15-frailes
3,Oficina De Jafra,perfumería,12,18.461311,-97.389346,https://mitehuacan.mx/?ruta=15-frailes
3,Venta De Cosmeticos Despacho 8 Sin Nombre,perfumería,12,18.461293,-97.389346,https://mitehuacan.mx/?ruta=15-frailes
3,Distribuidora De Tintes Kulver,perfumería,13,18.459924,-97.389378,https://mitehuacan.mx/?ruta=15-frailes
3,Novedades Karina,perfumería,13,18.461799,-97.389342,https://mitehuacan.mx/?ruta=15-frailes
3,Tienda De Cosmeticos Mi Central De Mayoreo,perfumería,22,18.462631,-97.390767,https://mitehuacan.mx/?ruta=15-frailes
3,Tienda De Articulos De Belleza Bissu,perfumería,23,18.462067,-97.391222,https://mitehuacan.mx/?ruta=15-frailes
3,Compra Venta De Productos De Belleza Y Barberias Distribuido,perfumería,26,18.458623,-97.389801,https://mitehuacan.mx/?ruta=15-frailes
3,F160 Puebla 22. Tehuacan Puebla Fraiche,perfumería,31,18.46082,-97.39174,https://mitehuacan.mx/?ruta=15-frailes
3,Venta De Cosmeticos Glow Up,perfumería,31,18.46525,-97.392939,https://mitehuacan.mx/?ruta=15-frailes
3,Perfumes Bravos,perfumería,42,18.465313,-97.391444,https://mitehuacan.mx/?ruta=15-frailes
3,Tienda De Maquillaje Sin Nombre,perfumería,53,18.455812,-97.387202,https://mitehuacan.mx/?ruta=15-frailes
3,Venta De Accesorios Para Uñas Y Cosmeticos Georgia,perfumería,54,18.461555,-97.388943,https://mitehuacan.mx/?ruta=15-frailes
3,Miss Cosmeticos,perfumería,58,18.46444,-97.393087,https://mitehuacan.mx/?ruta=15-frailes
3,Tienda De Productos De Belleza Kaprich,perfumería,59,18.462051,-97.390881,https://mitehuacan.mx/?ruta=15-frailes
3,Perfumes Europeos,perfumería,66,18.464368,-97.393089,https://mitehuacan.mx/?ruta=15-frailes
3,Tienda De Articulos De Belleza Karina,perfumería,68,18.461929,-97.390799,https://mitehuacan.mx/?ruta=15-frailes
3,Bodega De Articulos De Belleza Kaprich,perfumería,70,18.461501,-97.390292,https://mitehuacan.mx/?ruta=15-frailes
3,Bodega De Articulos Para Belleza Kaprich,perfumería,70,18.461501,-97.390292,https://mitehuacan.mx/?ruta=15-frailes
3,Bodega De Kaprich,perfumería,70,18.461501,-97.390292,https://mitehuacan.mx/?ruta=15-frailes
3,Productos De Belleza Sin Nombre,perfumería,70,18.461501,-97.390292,https://mitehuacan.mx/?ruta=15-frailes
3,Cosmeticos Accesorios Y Algo Mas Buva,perfumería,83,18.461686,-97.390664,https://mitehuacan.mx/?ruta=15-frailes
3,Oficina De Mary Kay,perfumería,90,18.465753,-97.391695,https://mitehuacan.mx/?ruta=15-frailes
3,Venta De Productos Para El Cuidado De La Piel Y El Cabello L,perfumería,93,18.463723,-97.393039,https://mitehuacan.mx/?ruta=15-frailes
3,Venta De Accesorios Para Uñas May Mendoza,perfumería,111,18.459996,-97.386063,https://mitehuacan.mx/?ruta=15-frailes
3,Tienda De Perfumes Fragance,perfumería,116,18.459848,-97.391547,https://mitehuacan.mx/?ruta=15-frailes
3,Centro De Distribucion Zermat,perfumería,126,18.461294,-97.392644,https://mitehuacan.mx/?ruta=15-frailes
3,Plaza Kristal Tehuacán,plaza,0,18.462826,-97.390568,https://mitehuacan.mx/?ruta=15-frailes
3,Plaza Tehuacanera,plaza,93,18.463805,-97.393256,https://mitehuacan.mx/?ruta=15-frailes
3,Distribuidora De Pollos San Jorge,pollería,0,18.458466,-97.385983,https://mitehuacan.mx/?ruta=15-frailes
3,Pollos San Pedro,pollería,0,18.458472,-97.386182,https://mitehuacan.mx/?ruta=15-frailes
3,Venta De Pollo Fresco Sin Nombre,pollería,0,18.460819,-97.388162,https://mitehuacan.mx/?ruta=15-frailes
3,Polleria San Martin,pollería,1,18.458449,-97.385395,https://mitehuacan.mx/?ruta=15-frailes
3,Venta De Pollo Fresco Sin Nombre,pollería,1,18.460825,-97.388323,https://mitehuacan.mx/?ruta=15-frailes
3,Venta De Pollo San Pedro,pollería,1,18.458462,-97.385841,https://mitehuacan.mx/?ruta=15-frailes
3,Polleria Nicole,pollería,2,18.478581,-97.406616,https://mitehuacan.mx/?ruta=15-frailes
3,Venta De Pollo Pollones,pollería,2,18.474857,-97.404518,https://mitehuacan.mx/?ruta=15-frailes
3,Polleria San Jose,pollería,4,18.469266,-97.398683,https://mitehuacan.mx/?ruta=15-frailes
3,Abastecedora De Pollo Suprema,pollería,5,18.457969,-97.385194,https://mitehuacan.mx/?ruta=15-frailes
3,Distribuidora Avicola Caballero,pollería,6,18.458547,-97.38952,https://mitehuacan.mx/?ruta=15-frailes
3,Venta De Pollo Por Pieza O Entero Bon Chiken,pollería,6,18.457392,-97.385223,https://mitehuacan.mx/?ruta=15-frailes
3,Polleria Las Flores,pollería,7,18.477546,-97.400169,https://mitehuacan.mx/?ruta=15-frailes
3,Polleria Angel,pollería,8,18.456369,-97.385273,https://mitehuacan.mx/?ruta=15-frailes
3,Abastecedora De Pollo La Granjita,pollería,10,18.458614,-97.387448,https://mitehuacan.mx/?ruta=15-frailes
3,Polleria Conchita,pollería,13,18.457433,-97.385156,https://mitehuacan.mx/?ruta=15-frailes
3,Polleria Hernandez,pollería,13,18.457488,-97.385152,https://mitehuacan.mx/?ruta=15-frailes
3,Polleria San Juditas,pollería,13,18.457406,-97.385158,https://mitehuacan.mx/?ruta=15-frailes
3,Polleria Holanda,pollería,14,18.45699,-97.38517,https://mitehuacan.mx/?ruta=15-frailes
3,Polleria Crudi Pollo,pollería,15,18.462954,-97.389826,https://mitehuacan.mx/?ruta=15-frailes
3,Polleria Juquilita,pollería,15,18.480507,-97.402716,https://mitehuacan.mx/?ruta=15-frailes
3,Polleria Abi,pollería,28,18.461948,-97.391178,https://mitehuacan.mx/?ruta=15-frailes
3,Polleria Adris,pollería,28,18.461948,-97.391178,https://mitehuacan.mx/?ruta=15-frailes
3,Polleria Alex,pollería,28,18.461948,-97.391178,https://mitehuacan.mx/?ruta=15-frailes
3,Polleria Anita,pollería,28,18.461948,-97.391178,https://mitehuacan.mx/?ruta=15-frailes
3,Polleria Conchita,pollería,28,18.461948,-97.391178,https://mitehuacan.mx/?ruta=15-frailes
3,Polleria Don Pollo,pollería,28,18.461948,-97.391178,https://mitehuacan.mx/?ruta=15-frailes
3,Polleria El Pilar,pollería,28,18.461948,-97.391178,https://mitehuacan.mx/?ruta=15-frailes
3,Polleria El Pollo Feliz,pollería,28,18.461948,-97.391178,https://mitehuacan.mx/?ruta=15-frailes
3,Polleria El Rosario,pollería,28,18.461948,-97.391178,https://mitehuacan.mx/?ruta=15-frailes
3,Polleria El Tete,pollería,28,18.461948,-97.391178,https://mitehuacan.mx/?ruta=15-frailes
3,Polleria Juquilita,pollería,28,18.461948,-97.391178,https://mitehuacan.mx/?ruta=15-frailes
3,Polleria Karla,pollería,28,18.461948,-97.391178,https://mitehuacan.mx/?ruta=15-frailes
3,Polleria Lucy,pollería,28,18.461948,-97.391178,https://mitehuacan.mx/?ruta=15-frailes
3,Polleria Lupita,pollería,28,18.461948,-97.391178,https://mitehuacan.mx/?ruta=15-frailes
3,Polleria Maru,pollería,28,18.461948,-97.391178,https://mitehuacan.mx/?ruta=15-frailes
3,Polleria Oralia,pollería,28,18.461948,-97.391178,https://mitehuacan.mx/?ruta=15-frailes
3,Polleria Pollo Travieso,pollería,28,18.461948,-97.391178,https://mitehuacan.mx/?ruta=15-frailes
3,Polleria Teresita,pollería,28,18.461948,-97.391178,https://mitehuacan.mx/?ruta=15-frailes
3,Polleria Carmelita,pollería,32,18.456212,-97.385053,https://mitehuacan.mx/?ruta=15-frailes
3,Polleria Alex,pollería,37,18.477166,-97.400349,https://mitehuacan.mx/?ruta=15-frailes
3,Polleria Frutas Y Verduras La Casa De Ina,pollería,44,18.480896,-97.403309,https://mitehuacan.mx/?ruta=15-frailes
3,Venta De Pollo Gael,pollería,44,18.472513,-97.401854,https://mitehuacan.mx/?ruta=15-frailes
3,Polleria Tomy,pollería,58,18.478465,-97.408343,https://mitehuacan.mx/?ruta=15-frailes
3,Polleria San Rafael,pollería,60,18.468693,-97.39893,https://mitehuacan.mx/?ruta=15-frailes
3,Venta De Pollo Doña Mari,pollería,61,18.476535,-97.39986,https://mitehuacan.mx/?ruta=15-frailes
3,Polleria Crudi Pollo,pollería,90,18.466344,-97.397887,https://mitehuacan.mx/?ruta=15-frailes
3,Polleria Sin Nombre,pollería,90,18.475025,-97.399029,https://mitehuacan.mx/?ruta=15-frailes
3,Venta De Pollos Sin Nombre,pollería,91,18.458395,-97.384353,https://mitehuacan.mx/?ruta=15-frailes
3,Polleria La Suprema,pollería,93,18.465085,-97.397325,https://mitehuacan.mx/?ruta=15-frailes
3,Polleria Isaac,pollería,96,18.472099,-97.402411,https://mitehuacan.mx/?ruta=15-frailes
3,Polleria Sin Nombre,pollería,97,18.472316,-97.40433,https://mitehuacan.mx/?ruta=15-frailes
3,Polleria Jimmy,pollería,98,18.466271,-97.397891,https://mitehuacan.mx/?ruta=15-frailes
3,Polleria Sin Nombre,pollería,100,18.475339,-97.409195,https://mitehuacan.mx/?ruta=15-frailes
3,Polleria Rom,pollería,101,18.469116,-97.401051,https://mitehuacan.mx/?ruta=15-frailes
3,Polleria Hernandez,pollería,103,18.472495,-97.400311,https://mitehuacan.mx/?ruta=15-frailes
3,Polleria Belen,pollería,109,18.473436,-97.405706,https://mitehuacan.mx/?ruta=15-frailes
3,Polleria Beni,pollería,111,18.472222,-97.403166,https://mitehuacan.mx/?ruta=15-frailes
3,Polleria Guille,pollería,120,18.466076,-97.398003,https://mitehuacan.mx/?ruta=15-frailes
3,Polleria Los Tres Pinos,pollería,125,18.477001,-97.409653,https://mitehuacan.mx/?ruta=15-frailes
3,Compra Venta De Pollo Fresco,pollería,139,18.465962,-97.390645,https://mitehuacan.mx/?ruta=15-frailes
3,Super Polleria Zaragoza,pollería,143,18.465867,-97.398012,https://mitehuacan.mx/?ruta=15-frailes
3,Agencia De Publicidad Insignia,publicidad,4,18.464879,-97.394071,https://mitehuacan.mx/?ruta=15-frailes
3,Megaprint,publicidad,7,18.46497,-97.395716,https://mitehuacan.mx/?ruta=15-frailes
3,Ok Publicidad,publicidad,9,18.464878,-97.39255,https://mitehuacan.mx/?ruta=15-frailes
3,Sinergia Publicidad Y Mercadotecnia,publicidad,51,18.463346,-97.39313,https://mitehuacan.mx/?ruta=15-frailes
3,Sabia Multimedios,publicidad,89,18.46577,-97.39305,https://mitehuacan.mx/?ruta=15-frailes
3,Miscelanea La Esmeralda,purificadora,4,18.469178,-97.397244,https://mitehuacan.mx/?ruta=15-frailes
3,Deposito Daza,purificadora,5,18.457915,-97.385197,https://mitehuacan.mx/?ruta=15-frailes
3,Tienda De Abarrotes Andrea,purificadora,6,18.462669,-97.391381,https://mitehuacan.mx/?ruta=15-frailes
3,Venta De Dulces Sin Nombre,purificadora,12,18.461256,-97.389345,https://mitehuacan.mx/?ruta=15-frailes
3,Pulqueria Sin Nombre,purificadora,13,18.457433,-97.385156,https://mitehuacan.mx/?ruta=15-frailes
3,Compra Venta De Jugos Refrescos Y Dulces Ponce,purificadora,16,18.462968,-97.390195,https://mitehuacan.mx/?ruta=15-frailes
3,Tienda De Refrescos La China,purificadora,25,18.463055,-97.390421,https://mitehuacan.mx/?ruta=15-frailes
3,Bodega De Refresco Sin Nombre,purificadora,28,18.461948,-97.391178,https://mitehuacan.mx/?ruta=15-frailes
3,Venta De Productos Dermatologicos Little Market,purificadora,31,18.46525,-97.392939,https://mitehuacan.mx/?ruta=15-frailes
3,Venta Refrescos Sin Nombre,purificadora,55,18.461575,-97.388942,https://mitehuacan.mx/?ruta=15-frailes
3,Deposito Jimenez Bodega,purificadora,67,18.45887,-97.384779,https://mitehuacan.mx/?ruta=15-frailes
3,Deposito Tehuacan,purificadora,81,18.477602,-97.397455,https://mitehuacan.mx/?ruta=15-frailes
3,Ventas De Refrescos Y Jugos Envasados Hernandez,purificadora,139,18.459242,-97.384206,https://mitehuacan.mx/?ruta=15-frailes
3,Puesto De Refresco Sin Nombre,purificadora,141,18.457035,-97.383968,https://mitehuacan.mx/?ruta=15-frailes
3,Novedades Bodega De Mayoreo,regalos,0,18.461658,-97.389463,https://mitehuacan.mx/?ruta=15-frailes
3,Novedades Sin Nombre,regalos,0,18.458501,-97.386921,https://mitehuacan.mx/?ruta=15-frailes
3,Regalos El Desvan,regalos,0,18.460797,-97.387413,https://mitehuacan.mx/?ruta=15-frailes
3,Venta De Novedades Relojeria Cano,regalos,0,18.461731,-97.389463,https://mitehuacan.mx/?ruta=15-frailes
3,Novedades Alis,regalos,1,18.462011,-97.38946,https://mitehuacan.mx/?ruta=15-frailes
3,Novedades Sin Nombre,regalos,1,18.461396,-97.389466,https://mitehuacan.mx/?ruta=15-frailes
3,Novedades Bolaños,regalos,2,18.462843,-97.390143,https://mitehuacan.mx/?ruta=15-frailes
3,Tienda De Regalos Itachis Store,regalos,2,18.467098,-97.395872,https://mitehuacan.mx/?ruta=15-frailes
3,Almacen De Central De Mayoreo,regalos,3,18.462859,-97.390654,https://mitehuacan.mx/?ruta=15-frailes
3,Chacharas Y Novedades,regalos,3,18.460912,-97.391156,https://mitehuacan.mx/?ruta=15-frailes
3,Tienda De Juguetes Toys Selectos,regalos,3,18.462863,-97.390806,https://mitehuacan.mx/?ruta=15-frailes
3,Fastacias Y Regalos Anime History,regalos,5,18.458744,-97.389497,https://mitehuacan.mx/?ruta=15-frailes
3,Novedades Valeria,regalos,5,18.458381,-97.387106,https://mitehuacan.mx/?ruta=15-frailes
3,Regalos Aladino,regalos,6,18.461386,-97.391507,https://mitehuacan.mx/?ruta=15-frailes
3,Tienda De Regalos Ortenzia,regalos,6,18.463319,-97.391369,https://mitehuacan.mx/?ruta=15-frailes
3,Tienda De Ropa Sin Nombre,regalos,6,18.477946,-97.403325,https://mitehuacan.mx/?ruta=15-frailes
3,Venta De Peluches Y Novedades Maggy,regalos,6,18.462269,-97.391382,https://mitehuacan.mx/?ruta=15-frailes
3,Regalos Cecy,regalos,8,18.462815,-97.393227,https://mitehuacan.mx/?ruta=15-frailes
3,Tienda De Regalos Grace,regalos,8,18.462815,-97.393227,https://mitehuacan.mx/?ruta=15-frailes
3,Bodega De Novedades Yani,regalos,9,18.460808,-97.391283,https://mitehuacan.mx/?ruta=15-frailes
3,Bonetria Y Novedades My Pink House,regalos,9,18.460745,-97.388706,https://mitehuacan.mx/?ruta=15-frailes
3,Compra Venta De Regalos Buenos Dias Amor,regalos,9,18.464878,-97.392531,https://mitehuacan.mx/?ruta=15-frailes
3,Novedades Yanni,regalos,9,18.460799,-97.39097,https://mitehuacan.mx/?ruta=15-frailes
3,Tienda De Novedades Sin Nombre,regalos,9,18.460806,-97.391217,https://mitehuacan.mx/?ruta=15-frailes
3,Tienda De Regalos Kenval,regalos,9,18.460808,-97.391283,https://mitehuacan.mx/?ruta=15-frailes
3,Compra Venta De Regalos Y Novedades Zona Chain,regalos,11,18.464892,-97.393948,https://mitehuacan.mx/?ruta=15-frailes
3,Novedades Zazu,regalos,11,18.458629,-97.387685,https://mitehuacan.mx/?ruta=15-frailes
3,Venta De Accesorios Varios Centro Mayorista,regalos,11,18.46265,-97.389321,https://mitehuacan.mx/?ruta=15-frailes
3,Novedades Sin Nombre,regalos,12,18.458653,-97.388044,https://mitehuacan.mx/?ruta=15-frailes
3,Novedades Valeria,regalos,12,18.460116,-97.389376,https://mitehuacan.mx/?ruta=15-frailes
3,Regalo Magico Tehuacan,regalos,12,18.461274,-97.389346,https://mitehuacan.mx/?ruta=15-frailes
3,Trendy Regalos,regalos,12,18.464854,-97.392994,https://mitehuacan.mx/?ruta=15-frailes
3,Venta De Articulos Para Fiesta Pa La Pachanga,regalos,12,18.458652,-97.388016,https://mitehuacan.mx/?ruta=15-frailes
3,Venta De Juguetes Regalos Y Articulos De Toda Temporada Sono,regalos,12,18.46122,-97.389344,https://mitehuacan.mx/?ruta=15-frailes
3,Novedades Vero,regalos,13,18.457415,-97.385158,https://mitehuacan.mx/?ruta=15-frailes
3,Gran Plaza Comercial Los Barateros,regalos,14,18.45957,-97.389382,https://mitehuacan.mx/?ruta=15-frailes
3,Chacharas Don Leo,regalos,16,18.469154,-97.396239,https://mitehuacan.mx/?ruta=15-frailes
3,Novedades Angel,regalos,16,18.458849,-97.389391,https://mitehuacan.mx/?ruta=15-frailes
3,Tienda De Regalos Party Mix,regalos,16,18.462974,-97.390375,https://mitehuacan.mx/?ruta=15-frailes
3,Venta De Articulos De Temporada Sin Nombre,regalos,16,18.458759,-97.389392,https://mitehuacan.mx/?ruta=15-frailes
3,Tienda De Regalos Sin Nombre,regalos,18,18.462667,-97.390769,https://mitehuacan.mx/?ruta=15-frailes
3,Venta De Novedades Sin Nombre,regalos,18,18.458427,-97.385045,https://mitehuacan.mx/?ruta=15-frailes
3,Novedades Jireh,regalos,24,18.479728,-97.399203,https://mitehuacan.mx/?ruta=15-frailes
3,Venta De Regalos Popy,regalos,24,18.467203,-97.394014,https://mitehuacan.mx/?ruta=15-frailes
3,Tienda De Productos Para Decoraciones Sofi Fiestas,regalos,25,18.467067,-97.393833,https://mitehuacan.mx/?ruta=15-frailes
3,Novedades Sin Nombre,regalos,28,18.461948,-97.391178,https://mitehuacan.mx/?ruta=15-frailes
3,Novedades Y Articulos De Temporada Sin Nombre,regalos,28,18.461948,-97.391178,https://mitehuacan.mx/?ruta=15-frailes
3,Venta De Accesorios Electronicos Importaciones Marin,regalos,32,18.458733,-97.389845,https://mitehuacan.mx/?ruta=15-frailes
3,Venta De Articulos De Temporada Sin Nombre,regalos,32,18.461558,-97.389152,https://mitehuacan.mx/?ruta=15-frailes
3,Jugueteria Y Novedades Angelito,regalos,38,18.460527,-97.390664,https://mitehuacan.mx/?ruta=15-frailes
3,Novedades Guiza,regalos,38,18.467288,-97.398313,https://mitehuacan.mx/?ruta=15-frailes
3,Gran Plaza Comercial Los Barateros,regalos,41,18.458628,-97.389943,https://mitehuacan.mx/?ruta=15-frailes
3,Fara Novedades,regalos,47,18.470304,-97.398238,https://mitehuacan.mx/?ruta=15-frailes
3,Mundo De Novedades Eri,regalos,48,18.458863,-97.38514,https://mitehuacan.mx/?ruta=15-frailes
3,Tienda De Regalos Detalles,regalos,50,18.472406,-97.401927,https://mitehuacan.mx/?ruta=15-frailes
3,Novedades Y Regalos Sin Nombre,regalos,53,18.471954,-97.402017,https://mitehuacan.mx/?ruta=15-frailes
3,Centro Comercial Los Barateros,regalos,54,18.458631,-97.390057,https://mitehuacan.mx/?ruta=15-frailes
3,Articulos Y Novedades Vero,regalos,58,18.460346,-97.390664,https://mitehuacan.mx/?ruta=15-frailes
3,Novedades Monarka,regalos,62,18.462349,-97.394138,https://mitehuacan.mx/?ruta=15-frailes
3,Bodega De Tienda De Novedades Y Accesorios Buva,regalos,70,18.461501,-97.390292,https://mitehuacan.mx/?ruta=15-frailes
3,Tienda De Accesorios Buva Mayoristas,regalos,70,18.461501,-97.390292,https://mitehuacan.mx/?ruta=15-frailes
3,Distribuidora Lalo,regalos,79,18.461584,-97.39047,https://mitehuacan.mx/?ruta=15-frailes
3,Electronica Y Novedades Memin,regalos,79,18.461586,-97.390659,https://mitehuacan.mx/?ruta=15-frailes
3,Novedades Make Up Store,regalos,79,18.461582,-97.390346,https://mitehuacan.mx/?ruta=15-frailes
3,Gpekas,regalos,80,18.460935,-97.392209,https://mitehuacan.mx/?ruta=15-frailes
3,Novedades Sin Nombre,regalos,81,18.477509,-97.405949,https://mitehuacan.mx/?ruta=15-frailes
3,Novedades Alexandra,regalos,90,18.460839,-97.392307,https://mitehuacan.mx/?ruta=15-frailes
3,Tienda De Novedades Sin Nombre,regalos,91,18.455418,-97.385773,https://mitehuacan.mx/?ruta=15-frailes
3,Compra Venta De Articulos Para Fiestas Divertiglobo,regalos,96,18.457731,-97.389527,https://mitehuacan.mx/?ruta=15-frailes
3,Novedades Miguelin,regalos,96,18.462784,-97.388503,https://mitehuacan.mx/?ruta=15-frailes
3,Tienda De Novedades Tehuacan,regalos,96,18.460029,-97.391545,https://mitehuacan.mx/?ruta=15-frailes
3,Jugueteria Smiles,regalos,99,18.459975,-97.390664,https://mitehuacan.mx/?ruta=15-frailes
3,Compra De Articulos Para Fiestas Party Sofi,regalos,102,18.463724,-97.389418,https://mitehuacan.mx/?ruta=15-frailes
3,Tienda De Accesorios H Y G,regalos,115,18.460492,-97.392456,https://mitehuacan.mx/?ruta=15-frailes
3,Casa Athie,regalos,116,18.461318,-97.392551,https://mitehuacan.mx/?ruta=15-frailes
3,Monerias Y Detalles,regalos,116,18.461192,-97.392553,https://mitehuacan.mx/?ruta=15-frailes
3,Accesorios Y Novedades Tino,regalos,117,18.460284,-97.385992,https://mitehuacan.mx/?ruta=15-frailes
3,Novedades Angelito,regalos,120,18.459214,-97.390668,https://mitehuacan.mx/?ruta=15-frailes
3,La Casita,regalos,122,18.465881,-97.390799,https://mitehuacan.mx/?ruta=15-frailes
3,Novedades Sin Nombre,regalos,122,18.459676,-97.390666,https://mitehuacan.mx/?ruta=15-frailes
3,Desayunos Sorpresa Creatingbmemories,regalos,124,18.463927,-97.396422,https://mitehuacan.mx/?ruta=15-frailes
3,Regalos Y Detalles Cocoy,regalos,126,18.461204,-97.392646,https://mitehuacan.mx/?ruta=15-frailes
3,Tienda De Regalos Andimy,regalos,126,18.461638,-97.392639,https://mitehuacan.mx/?ruta=15-frailes
3,Venta De Regalos Sin Nolmbre,regalos,126,18.478697,-97.400143,https://mitehuacan.mx/?ruta=15-frailes
3,Lehi Novedades De Temporada,regalos,140,18.469178,-97.401751,https://mitehuacan.mx/?ruta=15-frailes
3,Novedades Conchita,regalos,145,18.475084,-97.409532,https://mitehuacan.mx/?ruta=15-frailes
3,Tienda De Globos Globimagic,regalos,148,18.464834,-97.38999,https://mitehuacan.mx/?ruta=15-frailes
3,Tlani Agencia De Publicidad,rótulos,3,18.471166,-97.397787,https://mitehuacan.mx/?ruta=15-frailes
3,Rotulos Aguilar,rótulos,86,18.470013,-97.398867,https://mitehuacan.mx/?ruta=15-frailes
3,Anuncios Expression,rótulos,131,18.457371,-97.388468,https://mitehuacan.mx/?ruta=15-frailes
3,Terra Arquitectos,servicio,0,18.465017,-97.395012,https://mitehuacan.mx/?ruta=15-frailes
3,Despacho De Arquitectjea Tort Arquitectura,servicio,1,18.465036,-97.395543,https://mitehuacan.mx/?ruta=15-frailes
3,Clases De Regularizacion Armonia,servicio,2,18.456247,-97.385517,https://mitehuacan.mx/?ruta=15-frailes
3,Estetica Canina Mi Mejor Amigo,servicio,2,18.465521,-97.396459,https://mitehuacan.mx/?ruta=15-frailes
3,Gruas Guadalupe,servicio,2,18.458576,-97.388465,https://mitehuacan.mx/?ruta=15-frailes
3,Servicio De Fumigacion Sin Nombre,servicio,2,18.47424,-97.40119,https://mitehuacan.mx/?ruta=15-frailes
3,Centro Integral De Prevencion Y Participacion Ciudadana,servicio,3,18.473289,-97.40424,https://mitehuacan.mx/?ruta=15-frailes
3,Estetica Canina Tac-Movil,servicio,3,18.459657,-97.387087,https://mitehuacan.mx/?ruta=15-frailes
3,Estetica Canina Ginger,servicio,4,18.477043,-97.408186,https://mitehuacan.mx/?ruta=15-frailes
3,Elaboracion De Planos Prourbanismo,servicio,5,18.461735,-97.391394,https://mitehuacan.mx/?ruta=15-frailes
3,Lectura De Cartas Adivinatorias Hermanos De La Salud,servicio,5,18.458073,-97.387119,https://mitehuacan.mx/?ruta=15-frailes
3,Calensol,servicio,6,18.471552,-97.399473,https://mitehuacan.mx/?ruta=15-frailes
3,Despacho De Arquitectos Celerino,servicio,6,18.471552,-97.399473,https://mitehuacan.mx/?ruta=15-frailes
3,Oal Bienes Raices,servicio,6,18.463319,-97.391369,https://mitehuacan.mx/?ruta=15-frailes
3,Sevicios Profesionales Sin Nombre,servicio,6,18.463482,-97.391363,https://mitehuacan.mx/?ruta=15-frailes
3,Centro De Enseñanza,servicio,7,18.47668,-97.404487,https://mitehuacan.mx/?ruta=15-frailes
3,G Y G Prevencion Proteccion Civil Y Medio Ambiente,servicio,7,18.464955,-97.395309,https://mitehuacan.mx/?ruta=15-frailes
3,Centro De Regularizacion Albert Einstein,servicio,8,18.477941,-97.404531,https://mitehuacan.mx/?ruta=15-frailes
3,Caseta Telefonica Globalfom,servicio,9,18.460921,-97.389337,https://mitehuacan.mx/?ruta=15-frailes
3,Oficina De Asesoria Alanjo Construcciones,servicio,9,18.464878,-97.392531,https://mitehuacan.mx/?ruta=15-frailes
3,Terminal De Autobuses Tehuacan Cuayucatepec,servicio,12,18.458655,-97.388073,https://mitehuacan.mx/?ruta=15-frailes
3,Lectura Del Tarot Osiris,servicio,13,18.462819,-97.389289,https://mitehuacan.mx/?ruta=15-frailes
3,Servicios De Mantenimiento Oriente Sa De Cv,servicio,13,18.458675,-97.388452,https://mitehuacan.mx/?ruta=15-frailes
3,Servicios De Mantenimiento Oriente,servicio,14,18.458696,-97.388804,https://mitehuacan.mx/?ruta=15-frailes
3,Renta De Inflables Y Rockolas,servicio,16,18.462968,-97.390195,https://mitehuacan.mx/?ruta=15-frailes
3,Creditaria,servicio,21,18.464133,-97.393932,https://mitehuacan.mx/?ruta=15-frailes
3,Miscelanea Las Peques,servicio,21,18.477021,-97.408669,https://mitehuacan.mx/?ruta=15-frailes
3,Oficinas Administrativas Sin Nombre,servicio,23,18.471912,-97.399676,https://mitehuacan.mx/?ruta=15-frailes
3,Establecimiento Auxiliar De Abarrotera El Gallo,servicio,25,18.461013,-97.387044,https://mitehuacan.mx/?ruta=15-frailes
3,Centro De Formacion Total,servicio,38,18.462552,-97.393513,https://mitehuacan.mx/?ruta=15-frailes
3,Limpieza De Reciclado Sin Nombre,servicio,49,18.477312,-97.406903,https://mitehuacan.mx/?ruta=15-frailes
3,Ia Ibr Arquitectura,servicio,52,18.467521,-97.395223,https://mitehuacan.mx/?ruta=15-frailes
3,Oficina De Arquitectura Sin Nombre,servicio,56,18.464991,-97.396968,https://mitehuacan.mx/?ruta=15-frailes
3,Oficina Olivier Arquitectos,servicio,58,18.460828,-97.392004,https://mitehuacan.mx/?ruta=15-frailes
3,Despacho Administrativo Sin Nombre,servicio,66,18.46347,-97.392443,https://mitehuacan.mx/?ruta=15-frailes
3,Promocion Social San Gabriel Chilac,servicio,70,18.476869,-97.40161,https://mitehuacan.mx/?ruta=15-frailes
3,Caseta Telefonica Enlase,servicio,72,18.457357,-97.387889,https://mitehuacan.mx/?ruta=15-frailes
3,Fems Center,servicio,77,18.47119,-97.397027,https://mitehuacan.mx/?ruta=15-frailes
3,Sonido Caly,servicio,79,18.47348,-97.402921,https://mitehuacan.mx/?ruta=15-frailes
3,Promagic Instalacion De Cercas,servicio,80,18.472999,-97.399597,https://mitehuacan.mx/?ruta=15-frailes
3,Camara De Comercio Servicios Y Turismo Detehuacan Puebla,servicio,82,18.463624,-97.393043,https://mitehuacan.mx/?ruta=15-frailes
3,Oficina De Apoyo De Alimentos Pecuarios,servicio,87,18.461574,-97.387033,https://mitehuacan.mx/?ruta=15-frailes
3,Estetica Canina Pretty Dog,servicio,89,18.465891,-97.394926,https://mitehuacan.mx/?ruta=15-frailes
3,Servicios De Arqitectura Y Planeacion De Edificaciones Resid,servicio,93,18.457362,-97.388088,https://mitehuacan.mx/?ruta=15-frailes
3,Clases De Regularizacion E Ingles,servicio,98,18.466444,-97.398501,https://mitehuacan.mx/?ruta=15-frailes
3,Correos De Mexico Sucursal Tehuacan,servicio,99,18.46198,-97.392513,https://mitehuacan.mx/?ruta=15-frailes
3,Fundacion Guillermo Diaz,servicio,99,18.462088,-97.394542,https://mitehuacan.mx/?ruta=15-frailes
3,Sistema Educativo De Lectura Integral,servicio,99,18.462088,-97.394542,https://mitehuacan.mx/?ruta=15-frailes
3,At&T,servicio,101,18.462091,-97.394589,https://mitehuacan.mx/?ruta=15-frailes
3,Tehuacán,servicio,102,18.461953,-97.392542,https://mitehuacan.mx/?ruta=15-frailes
3,Asesoria Integrfal Educativa De Tehuacan,servicio,111,18.478984,-97.40089,https://mitehuacan.mx/?ruta=15-frailes
3,Estetica Canina Sin Nombre,servicio,121,18.473382,-97.397701,https://mitehuacan.mx/?ruta=15-frailes
3,Camara Nacional De La Industria De Transformacion Delegacion,servicio,122,18.466463,-97.39291,https://mitehuacan.mx/?ruta=15-frailes
3,Camara Nacional De La Industria Del Vestido De Tehuacan,servicio,122,18.466463,-97.39291,https://mitehuacan.mx/?ruta=15-frailes
3,Lectura De Cartas Maestro Pedro Y Paulo,servicio,133,18.461685,-97.393283,https://mitehuacan.mx/?ruta=15-frailes
3,Asesoria A Derecho Habientes Mejoravit,servicio,138,18.464835,-97.390085,https://mitehuacan.mx/?ruta=15-frailes
3,Oficina Documentacion De Escrituras Sin Nombre,servicio,138,18.464089,-97.397278,https://mitehuacan.mx/?ruta=15-frailes
3,Gestoria Vehicular Tehuacan,servicio,148,18.455502,-97.38838,https://mitehuacan.mx/?ruta=15-frailes
3,Telas Don Luis,telas,59,18.462368,-97.394014,https://mitehuacan.mx/?ruta=15-frailes
3,114 Modatelas Tehuacan,telas,84,18.46014,-97.391544,https://mitehuacan.mx/?ruta=15-frailes
3,Telas Parisina 2129 Tehuacan Lopez Mateos,telas,87,18.460111,-97.391544,https://mitehuacan.mx/?ruta=15-frailes
3,Venta De Rollos De Palma,telas,99,18.467849,-97.398861,https://mitehuacan.mx/?ruta=15-frailes
3,Telas Janina,telas,101,18.461988,-97.39403,https://mitehuacan.mx/?ruta=15-frailes
3,Venta De Lonas Y Malla Sombra Sin Nombre,telas,141,18.456755,-97.383984,https://mitehuacan.mx/?ruta=15-frailes
3,Ignacio Salvador,terminal,0,18.458492,-97.386721,https://mitehuacan.mx/?ruta=15-frailes
3,Transporte Colectivo Urbano Y Suburbano De Pasajeros En Auto,terminal,1,18.48136,-97.407285,https://mitehuacan.mx/?ruta=15-frailes
3,Base De Autobuses Tehuacan Cuautla,terminal,2,18.457072,-97.387237,https://mitehuacan.mx/?ruta=15-frailes
3,Autotransportes De Pasaje Tepeteopan,terminal,3,18.458362,-97.387182,https://mitehuacan.mx/?ruta=15-frailes
3,Transportadora Turistica Yucunitza,terminal,16,18.462968,-97.390195,https://mitehuacan.mx/?ruta=15-frailes
3,Zinacatepec-Libram-Tehuacan Zt,terminal,16,18.462976,-97.390594,https://mitehuacan.mx/?ruta=15-frailes
3,Ruta 1 Chapulco Tehuacan,terminal,20,18.458267,-97.385494,https://mitehuacan.mx/?ruta=15-frailes
3,Ruta La Asuncion Tehuacan Azumbilla,terminal,22,18.463028,-97.390421,https://mitehuacan.mx/?ruta=15-frailes
3,Base Ruta 1,terminal,26,18.458083,-97.385484,https://mitehuacan.mx/?ruta=15-frailes
3,Ruta De Combis Tehuacan Tlaxiaco,terminal,39,18.458247,-97.389523,https://mitehuacan.mx/?ruta=15-frailes
3,Autotransportes De La Mixteca,terminal,55,18.457435,-97.387726,https://mitehuacan.mx/?ruta=15-frailes
3,Terminal AU Valles,terminal,57,18.459072,-97.388441,https://mitehuacan.mx/?ruta=15-frailes
3,Sociedad Transporte San Simon Tlacuilotepec,terminal,70,18.457833,-97.386098,https://mitehuacan.mx/?ruta=15-frailes
3,Autobuses Tehuacan-Coyomeapam,terminal,72,18.455641,-97.387209,https://mitehuacan.mx/?ruta=15-frailes
3,Base De La Ruta Santa Ana Teloxtoc,terminal,86,18.458184,-97.390239,https://mitehuacan.mx/?ruta=15-frailes
3,Clean Zone,tienda,0,18.479296,-97.407833,https://mitehuacan.mx/?ruta=15-frailes
3,Decoraciones Milla Y Juan,tienda,0,18.460626,-97.389474,https://mitehuacan.mx/?ruta=15-frailes
3,Ilusion Tehuacan,tienda,0,18.464949,-97.392046,https://mitehuacan.mx/?ruta=15-frailes
3,Opticas Zygnuvision,tienda,0,18.464995,-97.394063,https://mitehuacan.mx/?ruta=15-frailes
3,Ortopedia Central De Tehuacan,tienda,0,18.465014,-97.394889,https://mitehuacan.mx/?ruta=15-frailes
3,Pasteleria La Cereza,tienda,0,18.46082,-97.388209,https://mitehuacan.mx/?ruta=15-frailes
3,Plasticos Rosita,tienda,0,18.462174,-97.389459,https://mitehuacan.mx/?ruta=15-frailes
3,Tienda De Ropa Kids,tienda,0,18.465043,-97.396349,https://mitehuacan.mx/?ruta=15-frailes
3,Venta De Artesanias Mercaideas,tienda,0,18.462887,-97.393226,https://mitehuacan.mx/?ruta=15-frailes
3,Carniceria Bragus,tienda,1,18.475061,-97.404465,https://mitehuacan.mx/?ruta=15-frailes
3,Centro Naturista Jupiter,tienda,1,18.458545,-97.38783,https://mitehuacan.mx/?ruta=15-frailes
3,Clinica Optica Mundo Optico,tienda,1,18.458525,-97.387413,https://mitehuacan.mx/?ruta=15-frailes
3,Compra-Venta De Articulos Usados De Remate,tienda,1,18.462075,-97.38946,https://mitehuacan.mx/?ruta=15-frailes
3,Electronica Lamparas Mr Web,tienda,1,18.460138,-97.389478,https://mitehuacan.mx/?ruta=15-frailes
3,Fritangueria El Cerdito,tienda,1,18.458446,-97.385291,https://mitehuacan.mx/?ruta=15-frailes
3,Jarcieria Puebla Y Plasticos Mop,tienda,1,18.458522,-97.387338,https://mitehuacan.mx/?ruta=15-frailes
3,Kodak Moments Camaras Y Fotos,tienda,1,18.464941,-97.391538,https://mitehuacan.mx/?ruta=15-frailes
3,La Veinte Articulos De Limpieza,tienda,1,18.477477,-97.400209,https://mitehuacan.mx/?ruta=15-frailes
3,Oxxo Suc 50Yqp Purisima Pbf,tienda,1,18.458519,-97.387287,https://mitehuacan.mx/?ruta=15-frailes
3,Pasteleria Cristal,tienda,1,18.458524,-97.387394,https://mitehuacan.mx/?ruta=15-frailes
3,Productos De Limpieza,tienda,1,18.48006,-97.401108,https://mitehuacan.mx/?ruta=15-frailes
3,Romss Venta De Carnes,tienda,1,18.460831,-97.388503,https://mitehuacan.mx/?ruta=15-frailes
3,Tienda De Venta Y Compra De Productos De Limpieza Prisma,tienda,1,18.457379,-97.38527,https://mitehuacan.mx/?ruta=15-frailes
3,Tortillas De Harina De La Abuela,tienda,1,18.458454,-97.385575,https://mitehuacan.mx/?ruta=15-frailes
3,Venta De Bocinas Y Accesorios Sin Nombre,tienda,1,18.461088,-97.389469,https://mitehuacan.mx/?ruta=15-frailes
3,Venta De Ropa Americana. Paca La Frontera,tienda,1,18.460847,-97.389024,https://mitehuacan.mx/?ruta=15-frailes
3,Venta De Telas Y Servilletas Sin Nombre,tienda,1,18.458516,-97.387214,https://mitehuacan.mx/?ruta=15-frailes
3,Coppel,tienda,1,18.462903,-97.393564,https://mitehuacan.mx/?ruta=15-frailes
3,Abarrotes Vinos Y Licores Fandango,tienda,2,18.458571,-97.38837,https://mitehuacan.mx/?ruta=15-frailes
3,Bazar Sin Nombre,tienda,2,18.475906,-97.408325,https://mitehuacan.mx/?ruta=15-frailes
3,Compra Venta De Granos Y Semillas,tienda,2,18.457723,-97.38721,https://mitehuacan.mx/?ruta=15-frailes
3,Cruces Y Coronas San Angel,tienda,2,18.458601,-97.388986,https://mitehuacan.mx/?ruta=15-frailes
3,Distribuidor De Leche Liconsa,tienda,2,18.477516,-97.400522,https://mitehuacan.mx/?ruta=15-frailes
3,La Casa Del Apicultor,tienda,2,18.457434,-97.387222,https://mitehuacan.mx/?ruta=15-frailes
3,Optica Universal,tienda,2,18.477501,-97.400427,https://mitehuacan.mx/?ruta=15-frailes
3,Tienda De Lenceria La Chica De Hoy,tienda,2,18.459956,-97.38948,https://mitehuacan.mx/?ruta=15-frailes
3,Tienda De Ropa Y Accesorios Sin Nombre,tienda,2,18.468662,-97.397898,https://mitehuacan.mx/?ruta=15-frailes
3,Tienda Naturista Juquilita,tienda,2,18.462843,-97.390143,https://mitehuacan.mx/?ruta=15-frailes
3,Venta De Marcos Fotograficos Marcos De Tehuacan,tienda,2,18.460029,-97.389479,https://mitehuacan.mx/?ruta=15-frailes
3,Venta De Productos De Limpieza Grupo Gira,tienda,2,18.456683,-97.387251,https://mitehuacan.mx/?ruta=15-frailes
3,Venta De Toper,tienda,2,18.480267,-97.402136,https://mitehuacan.mx/?ruta=15-frailes
3,650191 Neto Tehuacan 5 Sur,tienda,3,18.459564,-97.389484,https://mitehuacan.mx/?ruta=15-frailes
3,Abarrotes Y Semillas La Fortaleza,tienda,3,18.460912,-97.391137,https://mitehuacan.mx/?ruta=15-frailes
3,Antojitos Mexicanos Silvia,tienda,3,18.460904,-97.390825,https://mitehuacan.mx/?ruta=15-frailes
3,Carniceria Magnolia,tienda,3,18.460912,-97.391156,https://mitehuacan.mx/?ruta=15-frailes
3,Carniceria Rosvel,tienda,3,18.469259,-97.398475,https://mitehuacan.mx/?ruta=15-frailes
3,Carniceria Y Cremeria Bufalo,tienda,3,18.460899,-97.390597,https://mitehuacan.mx/?ruta=15-frailes
3,Distribuidora Naturista Herbosan,tienda,3,18.460895,-97.390426,https://mitehuacan.mx/?ruta=15-frailes
3,El Ricon Del Comic,tienda,3,18.462859,-97.390654,https://mitehuacan.mx/?ruta=15-frailes
3,Establecimiento Venta De Gorras Sin Nombre,tienda,3,18.460919,-97.391355,https://mitehuacan.mx/?ruta=15-frailes
3,Exotica Sex Shop,tienda,3,18.462859,-97.390654,https://mitehuacan.mx/?ruta=15-frailes
3,Expendio De Pan Bimbo Independencia,tienda,3,18.462854,-97.390512,https://mitehuacan.mx/?ruta=15-frailes
3,Funerales Velez,tienda,3,18.458612,-97.389204,https://mitehuacan.mx/?ruta=15-frailes
3,La Casa Del Recuerdo,tienda,3,18.460907,-97.390938,https://mitehuacan.mx/?ruta=15-frailes
3,Latinos,tienda,3,18.458797,-97.387107,https://mitehuacan.mx/?ruta=15-frailes
3,Optica Look Vission,tienda,3,18.458615,-97.38926,https://mitehuacan.mx/?ruta=15-frailes
3,Pasteleria La Artesanal,tienda,3,18.462856,-97.390569,https://mitehuacan.mx/?ruta=15-frailes
3,Sala De Exhibicion De Lentes Sin Nombre,tienda,3,18.462859,-97.390654,https://mitehuacan.mx/?ruta=15-frailes
3,Tienda De Pañales Mi Bebe,tienda,3,18.460895,-97.390455,https://mitehuacan.mx/?ruta=15-frailes
3,Tienda De Recuerdos La Casa Del Recuerdo,tienda,3,18.460915,-97.391232,https://mitehuacan.mx/?ruta=15-frailes
3,Tienda De Ropa Interior Shaddai,tienda,3,18.460908,-97.390976,https://mitehuacan.mx/?ruta=15-frailes
3,Tienda De Ropa Interior Yaenkos,tienda,3,18.460915,-97.391232,https://mitehuacan.mx/?ruta=15-frailes
3,Tiendas Neto,tienda,3,18.459439,-97.389486,https://mitehuacan.mx/?ruta=15-frailes
3,Venta De Articulos Religiosos Isabelita,tienda,3,18.462845,-97.39018,https://mitehuacan.mx/?ruta=15-frailes
3,Venta De Cruces La Gloria De Dios,tienda,3,18.458613,-97.389232,https://mitehuacan.mx/?ruta=15-frailes
3,Venta De Lenceria Sin Nombre,tienda,3,18.459632,-97.389483,https://mitehuacan.mx/?ruta=15-frailes
3,Vestidos Para 15 Años Miss 15 Queen,tienda,3,18.460883,-97.389981,https://mitehuacan.mx/?ruta=15-frailes
3,Yaenkos,tienda,3,18.460915,-97.391232,https://mitehuacan.mx/?ruta=15-frailes
3,724 Super 110 Tehuacan Reforma Norte,tienda,4,18.464919,-97.39407,https://mitehuacan.mx/?ruta=15-frailes
3,Carnicos Grumen,tienda,4,18.478045,-97.403854,https://mitehuacan.mx/?ruta=15-frailes
3,Discos Y Tornillos,tienda,4,18.465058,-97.394061,https://mitehuacan.mx/?ruta=15-frailes
3,Expendio De Panaderia Burgoa,tienda,4,18.469031,-97.396351,https://mitehuacan.mx/?ruta=15-frailes
3,La Casa De La Novia Venta De Vestidos Para Fiesta,tienda,4,18.458564,-97.38952,https://mitehuacan.mx/?ruta=15-frailes
3,Venta De Equipo De Computo Y Papeleria Compuamo,tienda,4,18.464733,-97.394075,https://mitehuacan.mx/?ruta=15-frailes
3,Ventas Talisman,tienda,4,18.468481,-97.396434,https://mitehuacan.mx/?ruta=15-frailes
3,3753 Waldos,tienda,5,18.461643,-97.391396,https://mitehuacan.mx/?ruta=15-frailes
3,Accesorios De Limpieza,tienda,5,18.458366,-97.385172,https://mitehuacan.mx/?ruta=15-frailes
3,Carniceria Armas,tienda,5,18.475197,-97.40523,https://mitehuacan.mx/?ruta=15-frailes
3,Chiles Secos Semillas Y Granos El Temporal,tienda,5,18.47848,-97.406381,https://mitehuacan.mx/?ruta=15-frailes
3,Comercializadora Osorio,tienda,5,18.458344,-97.387107,https://mitehuacan.mx/?ruta=15-frailes
3,Compra Venta De Computadoras Genius,tienda,5,18.464598,-97.39145,https://mitehuacan.mx/?ruta=15-frailes
3,Compra Venta De Computadoras Genius Ct,tienda,5,18.464019,-97.391458,https://mitehuacan.mx/?ruta=15-frailes
3,Compra Venta De Computadoras Y Accesorios Nestore,tienda,5,18.464689,-97.39145,https://mitehuacan.mx/?ruta=15-frailes
3,Compra Venta Productos Y Pañales La Purisima,tienda,5,18.457869,-97.385199,https://mitehuacan.mx/?ruta=15-frailes
3,Impulsora Pañamex,tienda,5,18.458285,-97.385178,https://mitehuacan.mx/?ruta=15-frailes
3,La Casa Del Pastel,tienda,5,18.46294,-97.393403,https://mitehuacan.mx/?ruta=15-frailes
3,Modas Ericos,tienda,5,18.458852,-97.389495,https://mitehuacan.mx/?ruta=15-frailes
3,Optica Lentes Plus,tienda,5,18.464435,-97.391452,https://mitehuacan.mx/?ruta=15-frailes
3,Pasteleria Gabanny,tienda,5,18.465262,-97.394055,https://mitehuacan.mx/?ruta=15-frailes
3,Pasteleria La Princesa,tienda,5,18.458807,-97.389496,https://mitehuacan.mx/?ruta=15-frailes
3,Pasteleria Leo,tienda,5,18.464435,-97.391452,https://mitehuacan.mx/?ruta=15-frailes
3,Plasticos Lupita,tienda,5,18.458907,-97.389494,https://mitehuacan.mx/?ruta=15-frailes
3,Plaza Compu Cell,tienda,5,18.464645,-97.39145,https://mitehuacan.mx/?ruta=15-frailes
3,San Judas Tadeo,tienda,5,18.458318,-97.387108,https://mitehuacan.mx/?ruta=15-frailes
3,Sex Shop Sensual Boutique,tienda,5,18.466234,-97.394029,https://mitehuacan.mx/?ruta=15-frailes
3,Tienda Naturista Bienestar Y Vida,tienda,5,18.458173,-97.387115,https://mitehuacan.mx/?ruta=15-frailes
3,Valux,tienda,5,18.458195,-97.385183,https://mitehuacan.mx/?ruta=15-frailes
3,Venta De Pan Sin Nombre,tienda,5,18.458753,-97.389497,https://mitehuacan.mx/?ruta=15-frailes
3,Venta De Productos Naturistas,tienda,5,18.458294,-97.385177,https://mitehuacan.mx/?ruta=15-frailes
3,Bazar Sin Nombre,tienda,6,18.457051,-97.387162,https://mitehuacan.mx/?ruta=15-frailes
3,Bodega De Abarrotes 3 Estrellas Sin Nombre,tienda,6,18.458411,-97.386022,https://mitehuacan.mx/?ruta=15-frailes
3,Carniceria Zepeda,tienda,6,18.478364,-97.405881,https://mitehuacan.mx/?ruta=15-frailes
3,Compra Venta De Accesorios Para Celular Tecno City,tienda,6,18.464105,-97.391352,https://mitehuacan.mx/?ruta=15-frailes
3,Compra Venta De Accesorios Para Computacion Mr Web,tienda,6,18.464532,-97.391347,https://mitehuacan.mx/?ruta=15-frailes
3,Compra Venta De Equipos De Computo Y Mantenimiento Pineda Te,tienda,6,18.463952,-97.391355,https://mitehuacan.mx/?ruta=15-frailes
3,Compra Venta De Lentes Sin Nombre,tienda,6,18.464296,-97.391349,https://mitehuacan.mx/?ruta=15-frailes
3,Compra Y Venta De Pañales Pañamex,tienda,6,18.457445,-97.38522,https://mitehuacan.mx/?ruta=15-frailes
3,Coppel Tienda Departamental 3 Sur 125,tienda,6,18.462368,-97.391382,https://mitehuacan.mx/?ruta=15-frailes
3,Cremeria La Abundancia,tienda,6,18.479869,-97.399835,https://mitehuacan.mx/?ruta=15-frailes
3,Cristaleria Tenorio,tienda,6,18.461793,-97.391499,https://mitehuacan.mx/?ruta=15-frailes
3,Distribuidora Multimarcas Michelle,tienda,6,18.463319,-97.391369,https://mitehuacan.mx/?ruta=15-frailes
3,Expendio De Pan Bimbo,tienda,6,18.457218,-97.385231,https://mitehuacan.mx/?ruta=15-frailes
3,La Casa Del Pintor,tienda,6,18.462617,-97.391491,https://mitehuacan.mx/?ruta=15-frailes
3,Papeleria Y Libreria Librolandia,tienda,6,18.46455,-97.391347,https://mitehuacan.mx/?ruta=15-frailes
3,Pasteleria Gabanny,tienda,6,18.462613,-97.391381,https://mitehuacan.mx/?ruta=15-frailes
3,Plasticos Y Empaques Rave,tienda,6,18.475227,-97.405399,https://mitehuacan.mx/?ruta=15-frailes
3,Productos De Limpieza Dogo,tienda,6,18.457621,-97.387138,https://mitehuacan.mx/?ruta=15-frailes
3,Tienda De Cortinas Y Blancos Sin Nombre,tienda,6,18.461476,-97.391504,https://mitehuacan.mx/?ruta=15-frailes
3,Venta De Ropa Sin Nombre,tienda,6,18.457585,-97.38714,https://mitehuacan.mx/?ruta=15-frailes
3,Worldtek,tienda,6,18.463771,-97.391358,https://mitehuacan.mx/?ruta=15-frailes
3,Expendio De Pan Pastelin,tienda,7,18.456965,-97.385244,https://mitehuacan.mx/?ruta=15-frailes
3,Expendio Panaderia La Perlita,tienda,7,18.477566,-97.400302,https://mitehuacan.mx/?ruta=15-frailes
3,Melona Shop,tienda,7,18.464951,-97.395195,https://mitehuacan.mx/?ruta=15-frailes
3,Opticas Bulas,tienda,7,18.46496,-97.39546,https://mitehuacan.mx/?ruta=15-frailes
3,Pasteleria Gourmet,tienda,7,18.469212,-97.396323,https://mitehuacan.mx/?ruta=15-frailes
3,Productos De Limpieza Alhuelican,tienda,7,18.477946,-97.404351,https://mitehuacan.mx/?ruta=15-frailes
3,Tienda De Artesanias Sin Nombre,tienda,7,18.456577,-97.385263,https://mitehuacan.mx/?ruta=15-frailes
3,Venta De Costales,tienda,7,18.456938,-97.385245,https://mitehuacan.mx/?ruta=15-frailes
3,7/24,tienda,7,18.464864,-97.394176,https://mitehuacan.mx/?ruta=15-frailes
3,Carniceria Guzman,tienda,8,18.456405,-97.385271,https://mitehuacan.mx/?ruta=15-frailes
3,Deposito Morales,tienda,8,18.473264,-97.404764,https://mitehuacan.mx/?ruta=15-frailes
3,Oxxo Suc 50Nwx Del Golfo Pbf,tienda,8,18.46497,-97.396383,https://mitehuacan.mx/?ruta=15-frailes
3,Venta De Suplementos Alimenticios Food Evolution,tienda,8,18.464972,-97.396162,https://mitehuacan.mx/?ruta=15-frailes
3,Antiguedades Y Obras De Arte Garcia,tienda,9,18.460808,-97.391283,https://mitehuacan.mx/?ruta=15-frailes
3,Bazar Sin Nombre,tienda,9,18.476184,-97.400747,https://mitehuacan.mx/?ruta=15-frailes
3,Carniceria La Tapatia,tienda,9,18.468622,-97.397796,https://mitehuacan.mx/?ruta=15-frailes
3,Cedi Herbalia,tienda,9,18.460725,-97.387709,https://mitehuacan.mx/?ruta=15-frailes
3,Cerveceria Mi Chelita,tienda,9,18.476805,-97.398342,https://mitehuacan.mx/?ruta=15-frailes
3,Cremeria La Vaquita Feliz,tienda,9,18.474075,-97.404685,https://mitehuacan.mx/?ruta=15-frailes
3,Cristaleria Pacheco,tienda,9,18.460809,-97.391302,https://mitehuacan.mx/?ruta=15-frailes
3,El Jarocho Carnicerias Suc Tehuacan,tienda,9,18.460739,-97.38842,https://mitehuacan.mx/?ruta=15-frailes
3,Estacionamiento De Musical Sinfonia,tienda,9,18.460768,-97.389742,https://mitehuacan.mx/?ruta=15-frailes
3,Estacionamiento Privado Abarrotes La Corona,tienda,9,18.460738,-97.388335,https://mitehuacan.mx/?ruta=15-frailes
3,Floreria Y Novedades Han-Jung,tienda,9,18.460758,-97.389274,https://mitehuacan.mx/?ruta=15-frailes
3,La Central Del Tapicero,tienda,9,18.460726,-97.387757,https://mitehuacan.mx/?ruta=15-frailes
3,Lenceria Sin Nombre,tienda,9,18.460779,-97.390155,https://mitehuacan.mx/?ruta=15-frailes
3,Optica Del Angel,tienda,9,18.460737,-97.388278,https://mitehuacan.mx/?ruta=15-frailes
3,Pasteleria Cristal,tienda,9,18.460738,-97.388363,https://mitehuacan.mx/?ruta=15-frailes
3,Tirnda Decoraciones Greco,tienda,9,18.464975,-97.396475,https://mitehuacan.mx/?ruta=15-frailes
3,Venta De Cafe Cafe La Giralda,tienda,9,18.460788,-97.390487,https://mitehuacan.mx/?ruta=15-frailes
3,Venta De Pan De Burro,tienda,9,18.460749,-97.388961,https://mitehuacan.mx/?ruta=15-frailes
3,Venta De Ropa Interior Sin Nombre,tienda,9,18.460728,-97.387861,https://mitehuacan.mx/?ruta=15-frailes
3,Venta De Ropa Interior Y Lenceria Sin Nombre,tienda,9,18.460765,-97.389634,https://mitehuacan.mx/?ruta=15-frailes
3,Expendio De Huevo Sin Nombre,tienda,10,18.458616,-97.387486,https://mitehuacan.mx/?ruta=15-frailes
3,Libreria Palabra De Dios A Tu Vida,tienda,10,18.467095,-97.394335,https://mitehuacan.mx/?ruta=15-frailes
3,Musical Sinfonia,tienda,10,18.460763,-97.389788,https://mitehuacan.mx/?ruta=15-frailes
3,Pinturas Y Tlapaleria,tienda,10,18.462731,-97.389319,https://mitehuacan.mx/?ruta=15-frailes
3,Productos De Limpieza,tienda,10,18.481488,-97.407495,https://mitehuacan.mx/?ruta=15-frailes
3,Tienda De Articulos Religiosos Sin Nombre,tienda,10,18.460764,-97.389621,https://mitehuacan.mx/?ruta=15-frailes
3,Tienda Naturista Centro Botanico Azteca,tienda,10,18.462803,-97.389317,https://mitehuacan.mx/?ruta=15-frailes
3,Venta De Chicharron Chicharroneria Las Maravillas,tienda,10,18.458526,-97.38525,https://mitehuacan.mx/?ruta=15-frailes
3,Venta De Vestidos Bordados Las Raquelitas,tienda,10,18.458529,-97.385345,https://mitehuacan.mx/?ruta=15-frailes
3,Venta Renta Soporte Tecnico Sisco Tecnologia Corporativa,tienda,10,18.464856,-97.391299,https://mitehuacan.mx/?ruta=15-frailes
3,Expendio De Pan La Antigua,tienda,11,18.458631,-97.387704,https://mitehuacan.mx/?ruta=15-frailes
3,Inova Centro Visual,tienda,11,18.464892,-97.393948,https://mitehuacan.mx/?ruta=15-frailes
3,Ivaliss Closhop,tienda,11,18.460374,-97.389373,https://mitehuacan.mx/?ruta=15-frailes
3,La Casa De La Limpieza,tienda,11,18.467058,-97.397856,https://mitehuacan.mx/?ruta=15-frailes
3,Plasticos Juquilita,tienda,11,18.460587,-97.38937,https://mitehuacan.mx/?ruta=15-frailes
3,Tienda Naturista Tehuacan,tienda,11,18.458625,-97.387619,https://mitehuacan.mx/?ruta=15-frailes
3,Venta De Accesorios Y Molde Para Pasteleria Chios,tienda,11,18.460605,-97.38937,https://mitehuacan.mx/?ruta=15-frailes
3,Vneta De Peliculas,tienda,11,18.462712,-97.389878,https://mitehuacan.mx/?ruta=15-frailes
3,Mega Elecktra,tienda,11,18.464143,-97.391514,https://mitehuacan.mx/?ruta=15-frailes
3,Bodega Sin Nombre,tienda,12,18.45866,-97.388149,https://mitehuacan.mx/?ruta=15-frailes
3,Carniceria Miranda,tienda,12,18.473091,-97.403574,https://mitehuacan.mx/?ruta=15-frailes
3,Coth56 Servicio Total A Bordo Tehuacan Au,tienda,12,18.458667,-97.388338,https://mitehuacan.mx/?ruta=15-frailes
3,Gruppo Medico Adrian Guzman,tienda,12,18.462324,-97.389329,https://mitehuacan.mx/?ruta=15-frailes
3,Jarcieria J G,tienda,12,18.458605,-97.38687,https://mitehuacan.mx/?ruta=15-frailes
3,Marbel Opticos,tienda,12,18.465078,-97.392942,https://mitehuacan.mx/?ruta=15-frailes
3,Mezcal La Perla De Oaxaca,tienda,12,18.458658,-97.388111,https://mitehuacan.mx/?ruta=15-frailes
3,Optica Amalaya,tienda,12,18.464854,-97.392994,https://mitehuacan.mx/?ruta=15-frailes
3,Pasteleria La Ideal,tienda,12,18.461238,-97.389345,https://mitehuacan.mx/?ruta=15-frailes
3,Pomos Y Chelas,tienda,12,18.477229,-97.398216,https://mitehuacan.mx/?ruta=15-frailes
3,Proliteh Productos De Limpieza,tienda,12,18.474799,-97.403497,https://mitehuacan.mx/?ruta=15-frailes
3,Tienda Naturista Juquilita,tienda,12,18.462387,-97.389328,https://mitehuacan.mx/?ruta=15-frailes
3,Venta De Miel Mielisima,tienda,12,18.479695,-97.399052,https://mitehuacan.mx/?ruta=15-frailes
3,Venta De Pinturas Pintugama Tehuacan,tienda,12,18.458602,-97.386709,https://mitehuacan.mx/?ruta=15-frailes
3,Venta De Pinturas Pinturas Estrada,tienda,12,18.461293,-97.389346,https://mitehuacan.mx/?ruta=15-frailes
3,Venta De Vinos Y Licores Regional,tienda,12,18.458548,-97.38549,https://mitehuacan.mx/?ruta=15-frailes
3,Blancos Conde,tienda,13,18.458685,-97.388613,https://mitehuacan.mx/?ruta=15-frailes
3,Bodega De Canasta Sin Nombre,tienda,13,18.457524,-97.385149,https://mitehuacan.mx/?ruta=15-frailes
3,Carniceria Blandina,tienda,13,18.457479,-97.385153,https://mitehuacan.mx/?ruta=15-frailes
3,Carniceria Jork,tienda,13,18.457506,-97.385151,https://mitehuacan.mx/?ruta=15-frailes
3,Carniceria La Chileñita,tienda,13,18.457479,-97.385153,https://mitehuacan.mx/?ruta=15-frailes
3,Carniceria Sin Nombre,tienda,13,18.457362,-97.385159,https://mitehuacan.mx/?ruta=15-frailes
3,Carniceria Villalba,tienda,13,18.457479,-97.385153,https://mitehuacan.mx/?ruta=15-frailes
3,Coth51 Delimart Au,tienda,13,18.458687,-97.388656,https://mitehuacan.mx/?ruta=15-frailes
3,Expendio Bimbo,tienda,13,18.460975,-97.389338,https://mitehuacan.mx/?ruta=15-frailes
3,Expendio De Pan De Burro Disney,tienda,13,18.458685,-97.388613,https://mitehuacan.mx/?ruta=15-frailes
3,Plastico Zarate,tienda,13,18.457497,-97.385151,https://mitehuacan.mx/?ruta=15-frailes
3,Postres Lila Alta Reposteria,tienda,13,18.462784,-97.394003,https://mitehuacan.mx/?ruta=15-frailes
3,Puesto De Artesanias De Palma Sin Nombre,tienda,13,18.457497,-97.385151,https://mitehuacan.mx/?ruta=15-frailes
3,Puesto De Ropa Sin Nombre,tienda,13,18.457506,-97.385151,https://mitehuacan.mx/?ruta=15-frailes
3,Puesto De Tamarindo Sin Nombre,tienda,13,18.457894,-97.385121,https://mitehuacan.mx/?ruta=15-frailes
3,Reboseria Y Telas Lupita,tienda,13,18.457497,-97.385151,https://mitehuacan.mx/?ruta=15-frailes
3,Ropa Importacion Y Novedades Cho,tienda,13,18.457587,-97.385144,https://mitehuacan.mx/?ruta=15-frailes
3,Ropa Y Zapatos Usado Sin Nombre,tienda,13,18.457533,-97.385148,https://mitehuacan.mx/?ruta=15-frailes
3,Sombreria Tehuacan,tienda,13,18.461102,-97.389341,https://mitehuacan.mx/?ruta=15-frailes
3,Tienda De Pinturas Acuario,tienda,13,18.464978,-97.396541,https://mitehuacan.mx/?ruta=15-frailes
3,Tienda De Ropa Sami,tienda,13,18.457479,-97.385153,https://mitehuacan.mx/?ruta=15-frailes
3,Venta D Ropa Usada Sin Nombre,tienda,13,18.457479,-97.385153,https://mitehuacan.mx/?ruta=15-frailes
3,Venta De Artesania De Palma Sin Nombre,tienda,13,18.457515,-97.38515,https://mitehuacan.mx/?ruta=15-frailes
3,Venta De Artesania De Palma Sin Nombre,tienda,13,18.457506,-97.385151,https://mitehuacan.mx/?ruta=15-frailes
3,Venta De Artesanias De Palma Sin Nombre,tienda,13,18.457506,-97.385151,https://mitehuacan.mx/?ruta=15-frailes
3,Venta De Artesanias De Palma Sin Nombre,tienda,13,18.457515,-97.38515,https://mitehuacan.mx/?ruta=15-frailes
3,Venta De Articulos De Segunda Mano Sin Nombre,tienda,13,18.457515,-97.38515,https://mitehuacan.mx/?ruta=15-frailes
3,Venta De Articulos De Segunda Mano Sin Nombre,tienda,13,18.457488,-97.385152,https://mitehuacan.mx/?ruta=15-frailes
3,Venta De Articulos Usados Sin Nombre,tienda,13,18.457533,-97.385148,https://mitehuacan.mx/?ruta=15-frailes
3,Venta De Articulos Usados Sin Nombre,tienda,13,18.45747,-97.385153,https://mitehuacan.mx/?ruta=15-frailes
3,Venta De Bolsa Y Canasta De Plastico O Toquilla Sin Nombre,tienda,13,18.45747,-97.385153,https://mitehuacan.mx/?ruta=15-frailes
3,Venta De Bolsas De Plastico Y Toquillo Sin Nombre,tienda,13,18.45747,-97.385153,https://mitehuacan.mx/?ruta=15-frailes
3,Venta De Bolsas Tejidas De Plastico Sin Nombre,tienda,13,18.45746,-97.385154,https://mitehuacan.mx/?ruta=15-frailes
3,Venta De Cajetes Sin Nombre,tienda,13,18.457524,-97.385149,https://mitehuacan.mx/?ruta=15-frailes
3,Venta De Calzado Sin Nombre,tienda,13,18.457542,-97.385148,https://mitehuacan.mx/?ruta=15-frailes
3,Venta De Calzado Usado Sin Nombre,tienda,13,18.457524,-97.385149,https://mitehuacan.mx/?ruta=15-frailes
3,Venta De Canastas Sin Nombre,tienda,13,18.45775,-97.385132,https://mitehuacan.mx/?ruta=15-frailes
3,Venta De Canastas Sin Nombre,tienda,13,18.457524,-97.385149,https://mitehuacan.mx/?ruta=15-frailes
3,Venta De Chacharas Sin Nombre,tienda,13,18.457479,-97.385153,https://mitehuacan.mx/?ruta=15-frailes
3,Venta De Chiles Secos Sin Nombre,tienda,13,18.457506,-97.385151,https://mitehuacan.mx/?ruta=15-frailes
3,Venta De Discos Sin Nombre,tienda,13,18.45756,-97.385146,https://mitehuacan.mx/?ruta=15-frailes
3,Venta De Flores Y Plantas Medicinales Sin Nombre,tienda,13,18.457497,-97.385151,https://mitehuacan.mx/?ruta=15-frailes
3,Venta De Fruta Sin Nombre,tienda,13,18.457479,-97.385153,https://mitehuacan.mx/?ruta=15-frailes
3,Venta De Granos Y Semillas,tienda,13,18.457732,-97.385133,https://mitehuacan.mx/?ruta=15-frailes
3,Venta De Hierbas Medicinales,tienda,13,18.457506,-97.385151,https://mitehuacan.mx/?ruta=15-frailes
3,Venta De Hierbas Sin Nombre,tienda,13,18.457714,-97.385135,https://mitehuacan.mx/?ruta=15-frailes
3,Venta De Hierbas Sin Nombre,tienda,13,18.457433,-97.385156,https://mitehuacan.mx/?ruta=15-frailes
3,Venta De Juguetes Sin Nombre,tienda,13,18.457804,-97.385128,https://mitehuacan.mx/?ruta=15-frailes
3,Venta De Juguetes Y Zapatos De Segunda Sin Nombre,tienda,13,18.457479,-97.385153,https://mitehuacan.mx/?ruta=15-frailes
3,Venta De Loza De Barro,tienda,13,18.457433,-97.385156,https://mitehuacan.mx/?ruta=15-frailes
3,Venta De Miel Sin Nombre,tienda,13,18.457524,-97.385149,https://mitehuacan.mx/?ruta=15-frailes
3,Venta De Pan De Burro Sin Nombre,tienda,13,18.457442,-97.385155,https://mitehuacan.mx/?ruta=15-frailes
3,Venta De Plantas Medicinales Sin Nombre,tienda,13,18.457488,-97.385152,https://mitehuacan.mx/?ruta=15-frailes
3,Venta De Ropa De Segunda Mano Sin Nombre,tienda,13,18.457488,-97.385152,https://mitehuacan.mx/?ruta=15-frailes
3,Venta De Ropa Sin Nombre,tienda,13,18.457451,-97.385155,https://mitehuacan.mx/?ruta=15-frailes
3,Venta De Ropa Tipica Sin Nombre,tienda,13,18.457506,-97.385151,https://mitehuacan.mx/?ruta=15-frailes
3,Venta De Ropa Usada Sin Nombre,tienda,13,18.457542,-97.385148,https://mitehuacan.mx/?ruta=15-frailes
3,Venta De Ropa Usada Sin Nombre,tienda,13,18.457551,-97.385147,https://mitehuacan.mx/?ruta=15-frailes
3,Venta De Ropa Usada Sin Nombre,tienda,13,18.457786,-97.385129,https://mitehuacan.mx/?ruta=15-frailes
3,Venta De Ropa Usada Sin Nombre,tienda,13,18.45747,-97.385153,https://mitehuacan.mx/?ruta=15-frailes
3,Venta De Ropa Usada Sin Nombre,tienda,13,18.457326,-97.385158,https://mitehuacan.mx/?ruta=15-frailes
3,Venta De Ropa Y Zapatos Usados Sin Nombre,tienda,13,18.457488,-97.385152,https://mitehuacan.mx/?ruta=15-frailes
3,Venta De Servilletas Sin Nombre,tienda,13,18.457325,-97.385158,https://mitehuacan.mx/?ruta=15-frailes
3,Venta De Sombreros Y Pan El Vaquero,tienda,13,18.458692,-97.388736,https://mitehuacan.mx/?ruta=15-frailes
3,Venta De Tamarindo Sin Nombre,tienda,13,18.457867,-97.385123,https://mitehuacan.mx/?ruta=15-frailes
3,Venta De Tenates De Palma Sin Nombre,tienda,13,18.45746,-97.385154,https://mitehuacan.mx/?ruta=15-frailes
3,Venta De Tenates Y Canastas De Palma Carrizo Y Fibra Sin Nom,tienda,13,18.45747,-97.385153,https://mitehuacan.mx/?ruta=15-frailes
3,Venta De Zapatos Y Ropa Usada Sin Nombre,tienda,13,18.45747,-97.385153,https://mitehuacan.mx/?ruta=15-frailes
3,Venta Ropa Y Zapatos Usados Sin Nombre,tienda,13,18.45747,-97.385153,https://mitehuacan.mx/?ruta=15-frailes
3,Ventas De Anafres Y Comales Sin Nombre,tienda,13,18.457515,-97.38515,https://mitehuacan.mx/?ruta=15-frailes
3,Zapatos Usados Sin Nombre,tienda,13,18.457524,-97.385149,https://mitehuacan.mx/?ruta=15-frailes
3,Oxxo,tienda,13,18.464924,-97.396326,https://mitehuacan.mx/?ruta=15-frailes
3,Bodega De Carniceria La Favorita,tienda,14,18.457316,-97.385157,https://mitehuacan.mx/?ruta=15-frailes
3,Bodega De Carniceria Virgen De Juquila,tienda,14,18.45699,-97.38517,https://mitehuacan.mx/?ruta=15-frailes
3,Bodega De Ceramica De Barro,tienda,14,18.457017,-97.385169,https://mitehuacan.mx/?ruta=15-frailes
3,Bodega Hierbas Sin Nombre,tienda,14,18.457966,-97.385115,https://mitehuacan.mx/?ruta=15-frailes
3,Cafe Iberia,tienda,14,18.457316,-97.385157,https://mitehuacan.mx/?ruta=15-frailes
3,Carniceria El Divino Niño Jesus,tienda,14,18.457026,-97.385169,https://mitehuacan.mx/?ruta=15-frailes
3,Carniceria La Nacional,tienda,14,18.458002,-97.385112,https://mitehuacan.mx/?ruta=15-frailes
3,Carniceria Sin Nombre,tienda,14,18.457035,-97.385168,https://mitehuacan.mx/?ruta=15-frailes
3,Carniceria Sotavento,tienda,14,18.457307,-97.385157,https://mitehuacan.mx/?ruta=15-frailes
3,Compra Venta De Ropa Y Articulos Varios Sin Nombre,tienda,14,18.457993,-97.385113,https://mitehuacan.mx/?ruta=15-frailes
3,Cremeria Las Amiguitas,tienda,14,18.457008,-97.385169,https://mitehuacan.mx/?ruta=15-frailes
3,Expendio De Pan De Burro Sin Nombre,tienda,14,18.458705,-97.388935,https://mitehuacan.mx/?ruta=15-frailes
3,Puesto De Hierbas Sin Nombre,tienda,14,18.458364,-97.385085,https://mitehuacan.mx/?ruta=15-frailes
3,Puesto De Ropa,tienda,14,18.457993,-97.385113,https://mitehuacan.mx/?ruta=15-frailes
3,Puesto De Ropa Usada Sin Nombre,tienda,14,18.45709,-97.385166,https://mitehuacan.mx/?ruta=15-frailes
3,Sombrereria Coxcatlan,tienda,14,18.458721,-97.389257,https://mitehuacan.mx/?ruta=15-frailes
3,Veladoras San Judas Tadeo,tienda,14,18.458718,-97.389191,https://mitehuacan.mx/?ruta=15-frailes
3,Venta De Accesorios Celulares De Segunda Sin Nombre,tienda,14,18.456972,-97.385171,https://mitehuacan.mx/?ruta=15-frailes
3,Venta De Articulos Deportivos De Segunda Sin Nombre,tienda,14,18.457216,-97.38516,https://mitehuacan.mx/?ruta=15-frailes
3,Venta De Canastas Sin Nombre,tienda,14,18.457307,-97.385157,https://mitehuacan.mx/?ruta=15-frailes
3,Venta De Celulares Y Accesorios La Lupe,tienda,14,18.457063,-97.385167,https://mitehuacan.mx/?ruta=15-frailes
3,Venta De Celulares Y Accesorios Usados Sin Nombre,tienda,14,18.45718,-97.385162,https://mitehuacan.mx/?ruta=15-frailes
3,Venta De Chiles Secos Sin Nombre,tienda,14,18.457262,-97.385158,https://mitehuacan.mx/?ruta=15-frailes
3,Venta De Chiles Secos Y Semillas,tienda,14,18.457307,-97.385157,https://mitehuacan.mx/?ruta=15-frailes
3,Venta De Cilantro Papalo Y Pipicha Sin Nombre,tienda,14,18.457307,-97.385157,https://mitehuacan.mx/?ruta=15-frailes
3,Venta De Cristaleria Loza Y Peltre,tienda,14,18.457189,-97.385161,https://mitehuacan.mx/?ruta=15-frailes
3,Venta De Hierbas Medicinales Sin Nombre,tienda,14,18.457298,-97.385157,https://mitehuacan.mx/?ruta=15-frailes
3,Venta De Hierbas Y Nopal Sin Nombre,tienda,14,18.457316,-97.385157,https://mitehuacan.mx/?ruta=15-frailes
3,Venta De Lenceria Sin Nombre,tienda,14,18.457993,-97.385113,https://mitehuacan.mx/?ruta=15-frailes
3,Venta De Pan De Burro,tienda,14,18.458715,-97.389105,https://mitehuacan.mx/?ruta=15-frailes
3,Venta De Pan De Burro Sin Nombre,tienda,14,18.458391,-97.385082,https://mitehuacan.mx/?ruta=15-frailes
3,Venta De Plastico La Purisima,tienda,14,18.457017,-97.385169,https://mitehuacan.mx/?ruta=15-frailes
3,Venta De Plasticos Sin Nombre,tienda,14,18.458382,-97.385083,https://mitehuacan.mx/?ruta=15-frailes
3,Venta De Productos Naturistas Sana,tienda,14,18.458695,-97.388783,https://mitehuacan.mx/?ruta=15-frailes
3,Venta De Productos Oaxaqueños El Bombon Oaxaqueño,tienda,14,18.457026,-97.385169,https://mitehuacan.mx/?ruta=15-frailes
3,Venta De Rebozos Y Telas Sin Nombre,tienda,14,18.457993,-97.385113,https://mitehuacan.mx/?ruta=15-frailes
3,Venta De Ropa Interior Secret Fantasy,tienda,14,18.458724,-97.389323,https://mitehuacan.mx/?ruta=15-frailes
3,Venta De Ropa Sin Nombre,tienda,14,18.457993,-97.385113,https://mitehuacan.mx/?ruta=15-frailes
3,Venta De Ropa Usada Sin Nombre,tienda,14,18.457234,-97.38516,https://mitehuacan.mx/?ruta=15-frailes
3,Venta De Ropa Usada Sin Nombre,tienda,14,18.458138,-97.385102,https://mitehuacan.mx/?ruta=15-frailes
3,Venta De Ropa Usada Sin Nombre,tienda,14,18.458002,-97.385112,https://mitehuacan.mx/?ruta=15-frailes
3,Venta De Sal Sin Nombre,tienda,14,18.458318,-97.385088,https://mitehuacan.mx/?ruta=15-frailes
3,Venta De Semillas Sin Nombre,tienda,14,18.458075,-97.385107,https://mitehuacan.mx/?ruta=15-frailes
3,Venta De Sombreros Sin Nombre,tienda,14,18.457316,-97.385157,https://mitehuacan.mx/?ruta=15-frailes
3,Venta De Zapatos De Segunda Sin Nombre,tienda,14,18.456981,-97.385171,https://mitehuacan.mx/?ruta=15-frailes
3,Bodega Tienda Musical Yañez,tienda,15,18.462981,-97.391087,https://mitehuacan.mx/?ruta=15-frailes
3,Carniceria El Suavecito,tienda,15,18.456891,-97.385174,https://mitehuacan.mx/?ruta=15-frailes
3,Carniceria Gaby,tienda,15,18.456828,-97.385177,https://mitehuacan.mx/?ruta=15-frailes
3,Centro De Blancos Sin Nombre,tienda,15,18.461007,-97.390668,https://mitehuacan.mx/?ruta=15-frailes
3,Higienicos Y Desechables Elena,tienda,15,18.456683,-97.385184,https://mitehuacan.mx/?ruta=15-frailes
3,Musical Yañez De Tehuacan,tienda,15,18.462981,-97.391096,https://mitehuacan.mx/?ruta=15-frailes
3,Pinturas Comex Sucursal Independencia,tienda,15,18.462983,-97.39121,https://mitehuacan.mx/?ruta=15-frailes
3,Puesto De Desechables Viky,tienda,15,18.456746,-97.385181,https://mitehuacan.mx/?ruta=15-frailes
3,Puesto De Ropa Usada Sin Nombre,tienda,15,18.456782,-97.385179,https://mitehuacan.mx/?ruta=15-frailes
3,Surcursal De Miel San Miguel Tehuacan,tienda,15,18.459266,-97.389386,https://mitehuacan.mx/?ruta=15-frailes
3,Venta De Artesanias De Palma Sin Nombre,tienda,15,18.456683,-97.385184,https://mitehuacan.mx/?ruta=15-frailes
3,Venta De Articulos Usados Sin Nombre,tienda,15,18.456692,-97.385183,https://mitehuacan.mx/?ruta=15-frailes
3,Venta De Bolsas Y Tenates De Plastico Palma Y Fibra Sin Nomb,tienda,15,18.456791,-97.385179,https://mitehuacan.mx/?ruta=15-frailes
3,Venta De Celulares Usados Y Accesorios Sin Nombre,tienda,15,18.456701,-97.385183,https://mitehuacan.mx/?ruta=15-frailes
3,Venta De Chacharas Sin Nombre,tienda,15,18.456855,-97.385176,https://mitehuacan.mx/?ruta=15-frailes
3,Venta De Galletas Y Pays Sin Nombre,tienda,15,18.45671,-97.385182,https://mitehuacan.mx/?ruta=15-frailes
3,Venta De Granos Y Semillas,tienda,15,18.456493,-97.385192,https://mitehuacan.mx/?ruta=15-frailes
3,Venta De Hierbas Sin Nombre,tienda,15,18.456674,-97.385184,https://mitehuacan.mx/?ruta=15-frailes
3,Venta De Ropa Artesanal Artesanias Che,tienda,15,18.456692,-97.385183,https://mitehuacan.mx/?ruta=15-frailes
3,Venta De Ropa De Segunda Mano Sin Nombre,tienda,15,18.456755,-97.38518,https://mitehuacan.mx/?ruta=15-frailes
3,Venta De Ropa Usada Sin Nombre,tienda,15,18.456918,-97.385173,https://mitehuacan.mx/?ruta=15-frailes
3,Venta De Ropa Usada Sin Nombre,tienda,15,18.456764,-97.38518,https://mitehuacan.mx/?ruta=15-frailes
3,Venta De Ropa Usada Sin Nombre,tienda,15,18.456592,-97.385187,https://mitehuacan.mx/?ruta=15-frailes
3,Venta De Ropa Usada Sin Nombre,tienda,15,18.456746,-97.385181,https://mitehuacan.mx/?ruta=15-frailes
3,Venta De Sabanas Y Cobijas Blancos Banderas,tienda,15,18.459166,-97.389387,https://mitehuacan.mx/?ruta=15-frailes
3,Plaza Kristal,tienda,15,18.462691,-97.390518,https://mitehuacan.mx/?ruta=15-frailes
3,724 Super 109 Tehuacan 5 Sur,tienda,16,18.458786,-97.389392,https://mitehuacan.mx/?ruta=15-frailes
3,Carniceria Divino Niño Dios 2,tienda,16,18.45622,-97.385204,https://mitehuacan.mx/?ruta=15-frailes
3,Carniceria El Toro Montañez,tienda,16,18.456222,-97.385204,https://mitehuacan.mx/?ruta=15-frailes
3,Exclusivos Lulu,tienda,16,18.460726,-97.390664,https://mitehuacan.mx/?ruta=15-frailes
3,Exxotica Sex Shop Tienda,tienda,16,18.463017,-97.392338,https://mitehuacan.mx/?ruta=15-frailes
3,Lenceria Y Corseteria Pasion Seduccion Fantasia Y Elegancia,tienda,16,18.462976,-97.390594,https://mitehuacan.mx/?ruta=15-frailes
3,Oxxo Suc 50H8V Manuel Pereyra Pbf,tienda,16,18.472449,-97.399281,https://mitehuacan.mx/?ruta=15-frailes
3,Pasteleria Leo,tienda,16,18.462981,-97.391058,https://mitehuacan.mx/?ruta=15-frailes
3,Plasticos Lupita,tienda,16,18.458786,-97.389392,https://mitehuacan.mx/?ruta=15-frailes
3,Puesto De Hierbas Sin Nombre,tienda,16,18.456222,-97.385204,https://mitehuacan.mx/?ruta=15-frailes
3,Venta De Bicicletas Y Accesorios El Peco,tienda,16,18.456258,-97.385202,https://mitehuacan.mx/?ruta=15-frailes
3,Venta De Celulares Boz,tienda,16,18.456249,-97.385202,https://mitehuacan.mx/?ruta=15-frailes
3,Venta De Chiles Secos Y Semillas Sin Nombre,tienda,16,18.45622,-97.385204,https://mitehuacan.mx/?ruta=15-frailes
3,Venta De Lenceria Sensual,tienda,16,18.461492,-97.389609,https://mitehuacan.mx/?ruta=15-frailes
3,Venta De Papas Fritas La Inmaculada,tienda,16,18.462976,-97.390613,https://mitehuacan.mx/?ruta=15-frailes
3,Venta De Ropa Interior Sin Nombre,tienda,16,18.456502,-97.385191,https://mitehuacan.mx/?ruta=15-frailes
3,Venta De Ropa Usada Sin Nombre,tienda,16,18.456222,-97.385204,https://mitehuacan.mx/?ruta=15-frailes
3,Venta De Ropa Usada Sin Nombre,tienda,16,18.456321,-97.385199,https://mitehuacan.mx/?ruta=15-frailes
3,Venta De Textiles Y Mandiles Sin Nombre,tienda,16,18.456222,-97.385204,https://mitehuacan.mx/?ruta=15-frailes
3,Venta De Zapatos Usados Sin Nombre,tienda,16,18.456222,-97.385204,https://mitehuacan.mx/?ruta=15-frailes
3,Ventas De Computadoras Genius,tienda,16,18.458786,-97.389392,https://mitehuacan.mx/?ruta=15-frailes
3,Del Sol Sucursal 2239 Tehuacan,tienda,17,18.463029,-97.39269,https://mitehuacan.mx/?ruta=15-frailes
3,Optica Central,tienda,17,18.463018,-97.392366,https://mitehuacan.mx/?ruta=15-frailes
3,Opticas Dublin,tienda,17,18.4632,-97.39399,https://mitehuacan.mx/?ruta=15-frailes
3,Opticas Zygnuvision,tienda,17,18.46304,-97.393011,https://mitehuacan.mx/?ruta=15-frailes
3,Opticas Zygnuvision,tienda,17,18.463336,-97.393988,https://mitehuacan.mx/?ruta=15-frailes
3,Semillas Y Chiles Secos Tony Y Robert,tienda,17,18.458427,-97.385054,https://mitehuacan.mx/?ruta=15-frailes
3,Opticas Devlyn A874,tienda,18,18.463049,-97.393279,https://mitehuacan.mx/?ruta=15-frailes
3,Bodega De Steren Sin Nombre,tienda,19,18.462814,-97.389233,https://mitehuacan.mx/?ruta=15-frailes
3,My Boutique Erotica,tienda,19,18.465183,-97.394892,https://mitehuacan.mx/?ruta=15-frailes
3,Puesto De Chiles Secos,tienda,19,18.458426,-97.385036,https://mitehuacan.mx/?ruta=15-frailes
3,Tienda De Boneteria Paola,tienda,19,18.461046,-97.390762,https://mitehuacan.mx/?ruta=15-frailes
3,Fray Clean,tienda,20,18.473109,-97.404762,https://mitehuacan.mx/?ruta=15-frailes
3,Venta De Chacharas Sin Nombre,tienda,20,18.458426,-97.385026,https://mitehuacan.mx/?ruta=15-frailes
3,Optica Latinoamericana,tienda,21,18.464133,-97.393932,https://mitehuacan.mx/?ruta=15-frailes
3,Venta De Blancos Sin Nombre,tienda,21,18.461061,-97.390667,https://mitehuacan.mx/?ruta=15-frailes
3,Venta De Ropa De Bazar,tienda,21,18.460717,-97.391538,https://mitehuacan.mx/?ruta=15-frailes
3,3643 Waldos,tienda,22,18.461957,-97.391654,https://mitehuacan.mx/?ruta=15-frailes
3,Centro De Blancos Sin Nombre,tienda,22,18.46107,-97.390667,https://mitehuacan.mx/?ruta=15-frailes
3,Compra Y Venta De Articulos Usados Sin Nombre,tienda,22,18.456034,-97.385289,https://mitehuacan.mx/?ruta=15-frailes
3,Cremeria Ainara,tienda,22,18.456093,-97.387192,https://mitehuacan.mx/?ruta=15-frailes
3,Vestidos De Novia Reyna Novias,tienda,23,18.460663,-97.390664,https://mitehuacan.mx/?ruta=15-frailes
3,Venta De Lenceria Sin Nombre,tienda,24,18.458537,-97.385013,https://mitehuacan.mx/?ruta=15-frailes
3,650235 Neto Nervo,tienda,25,18.457691,-97.385503,https://mitehuacan.mx/?ruta=15-frailes
3,Venta De Articulos Ortopedicos Ortopedico Liz,tienda,25,18.464824,-97.396474,https://mitehuacan.mx/?ruta=15-frailes
3,Floreria Y Novedades Las Americas,tienda,26,18.458623,-97.389801,https://mitehuacan.mx/?ruta=15-frailes
3,Tienda De Adornos Para Fiestas Aydu,tienda,26,18.46111,-97.390761,https://mitehuacan.mx/?ruta=15-frailes
3,Tienda De Impermeabilizantes Impertec,tienda,26,18.463043,-97.38944,https://mitehuacan.mx/?ruta=15-frailes
3,Tienda Neto Sucursal Nervo,tienda,26,18.457847,-97.3855,https://mitehuacan.mx/?ruta=15-frailes
3,Cremeria La Rosita,tienda,27,18.458423,-97.38496,https://mitehuacan.mx/?ruta=15-frailes
3,Abarrotes Y Chiles Secos El Trebol,tienda,28,18.461948,-97.391178,https://mitehuacan.mx/?ruta=15-frailes
3,Bodega Carniceria Victoria,tienda,28,18.461948,-97.391178,https://mitehuacan.mx/?ruta=15-frailes
3,Bodega De Carniceria La Azucena,tienda,28,18.461948,-97.391178,https://mitehuacan.mx/?ruta=15-frailes
3,Bodega De Carniceria La China Poblana,tienda,28,18.461948,-97.391178,https://mitehuacan.mx/?ruta=15-frailes
3,Bodega De Carniceria La Rosita,tienda,28,18.461948,-97.391178,https://mitehuacan.mx/?ruta=15-frailes
3,Bodega De Carniceria Maribel,tienda,28,18.461948,-97.391178,https://mitehuacan.mx/?ruta=15-frailes
3,Bodega De Carniceria Norma,tienda,28,18.461948,-97.391178,https://mitehuacan.mx/?ruta=15-frailes
3,Bodega De Carniceria Sin Nombre,tienda,28,18.461948,-97.391178,https://mitehuacan.mx/?ruta=15-frailes
3,Bodega De Carniceria Y Cremeria Sonia,tienda,28,18.461948,-97.391178,https://mitehuacan.mx/?ruta=15-frailes
3,Bodega De Cremeria Lupita,tienda,28,18.461948,-97.391178,https://mitehuacan.mx/?ruta=15-frailes
3,Bodega De Cremeria Y Salchichoneria Jennifer,tienda,28,18.461948,-97.391178,https://mitehuacan.mx/?ruta=15-frailes
3,Botanas Tipicas,tienda,28,18.461948,-97.391178,https://mitehuacan.mx/?ruta=15-frailes
3,Carniceria Andrea,tienda,28,18.461948,-97.391178,https://mitehuacan.mx/?ruta=15-frailes
3,Carniceria Blanca Estela,tienda,28,18.461948,-97.391178,https://mitehuacan.mx/?ruta=15-frailes
3,Carniceria Carmelita,tienda,28,18.461948,-97.391178,https://mitehuacan.mx/?ruta=15-frailes
3,Carniceria Chilacteca,tienda,28,18.461948,-97.391178,https://mitehuacan.mx/?ruta=15-frailes
3,Carniceria Dany,tienda,28,18.461948,-97.391178,https://mitehuacan.mx/?ruta=15-frailes
3,Carniceria Del Carmen,tienda,28,18.461948,-97.391178,https://mitehuacan.mx/?ruta=15-frailes
3,Carniceria El Torito Cebu,tienda,28,18.461948,-97.391178,https://mitehuacan.mx/?ruta=15-frailes
3,Carniceria Esmeralda,tienda,28,18.461948,-97.391178,https://mitehuacan.mx/?ruta=15-frailes
3,Carniceria Holanda,tienda,28,18.461948,-97.391178,https://mitehuacan.mx/?ruta=15-frailes
3,Carniceria La Azucena,tienda,28,18.461948,-97.391178,https://mitehuacan.mx/?ruta=15-frailes
3,Carniceria La Chileñita,tienda,28,18.461948,-97.391178,https://mitehuacan.mx/?ruta=15-frailes
3,Carniceria La China Poblana,tienda,28,18.461948,-97.391178,https://mitehuacan.mx/?ruta=15-frailes
3,Carniceria La Reina De Mexico,tienda,28,18.461948,-97.391178,https://mitehuacan.mx/?ruta=15-frailes
3,Carniceria La Rosita,tienda,28,18.461948,-97.391178,https://mitehuacan.mx/?ruta=15-frailes
3,Carniceria La Siempre Viva,tienda,28,18.461948,-97.391178,https://mitehuacan.mx/?ruta=15-frailes
3,Carniceria La Surtidora,tienda,28,18.461948,-97.391178,https://mitehuacan.mx/?ruta=15-frailes
3,Carniceria La Tehuacanera,tienda,28,18.461948,-97.391178,https://mitehuacan.mx/?ruta=15-frailes
3,Carniceria Lety,tienda,28,18.461948,-97.391178,https://mitehuacan.mx/?ruta=15-frailes
3,Carniceria Lupita,tienda,28,18.461948,-97.391178,https://mitehuacan.mx/?ruta=15-frailes
3,Carniceria Magnolia,tienda,28,18.461948,-97.391178,https://mitehuacan.mx/?ruta=15-frailes
3,Carniceria Maribel,tienda,28,18.461948,-97.391178,https://mitehuacan.mx/?ruta=15-frailes
3,Carniceria Monte Alban,tienda,28,18.461948,-97.391178,https://mitehuacan.mx/?ruta=15-frailes
3,Carniceria Norma,tienda,28,18.461948,-97.391178,https://mitehuacan.mx/?ruta=15-frailes
3,Carniceria Pavita,tienda,28,18.461948,-97.391178,https://mitehuacan.mx/?ruta=15-frailes
3,Carniceria Pavita 2,tienda,28,18.461948,-97.391178,https://mitehuacan.mx/?ruta=15-frailes
3,Carniceria Premium,tienda,28,18.461948,-97.391178,https://mitehuacan.mx/?ruta=15-frailes
3,Carniceria San Gabriel,tienda,28,18.461948,-97.391178,https://mitehuacan.mx/?ruta=15-frailes
3,Carniceria Santa Fe,tienda,28,18.461948,-97.391178,https://mitehuacan.mx/?ruta=15-frailes
3,Carniceria Sin Nombre,tienda,28,18.461948,-97.391178,https://mitehuacan.mx/?ruta=15-frailes
3,Carniceria Victoria,tienda,28,18.461948,-97.391178,https://mitehuacan.mx/?ruta=15-frailes
3,Carniceria Y Cremeria Juquilita,tienda,28,18.461948,-97.391178,https://mitehuacan.mx/?ruta=15-frailes
3,Carniceria Y Cremeria San Juditas,tienda,28,18.461948,-97.391178,https://mitehuacan.mx/?ruta=15-frailes
3,Chiles Secos Don Juan,tienda,28,18.461948,-97.391178,https://mitehuacan.mx/?ruta=15-frailes
3,Chiles Secos Sin Nombre,tienda,28,18.461948,-97.391178,https://mitehuacan.mx/?ruta=15-frailes
3,Cremeria Del Carmen,tienda,28,18.461948,-97.391178,https://mitehuacan.mx/?ruta=15-frailes
3,Cremeria Juquilita,tienda,28,18.461948,-97.391178,https://mitehuacan.mx/?ruta=15-frailes
3,Cremeria La Chileñita,tienda,28,18.461948,-97.391178,https://mitehuacan.mx/?ruta=15-frailes
3,Cremeria La Juchiteca,tienda,28,18.461948,-97.391178,https://mitehuacan.mx/?ruta=15-frailes
3,Cremeria Lupita,tienda,28,18.461948,-97.391178,https://mitehuacan.mx/?ruta=15-frailes
3,Cremeria Sin Nombre,tienda,28,18.461948,-97.391178,https://mitehuacan.mx/?ruta=15-frailes
3,Cremeria Y Carniceria San Juditas,tienda,28,18.461948,-97.391178,https://mitehuacan.mx/?ruta=15-frailes
3,Cremeria Y Carniceria Sonia,tienda,28,18.461948,-97.391178,https://mitehuacan.mx/?ruta=15-frailes
3,Cremeria Y Salchichoneria Jennifer,tienda,28,18.461948,-97.391178,https://mitehuacan.mx/?ruta=15-frailes
3,Expendio De Bisceras De Res Sin Nombre,tienda,28,18.461948,-97.391178,https://mitehuacan.mx/?ruta=15-frailes
3,Expendio De Pan Petrita 1,tienda,28,18.461948,-97.391178,https://mitehuacan.mx/?ruta=15-frailes
3,Expendio De Pan Petrita 2,tienda,28,18.461948,-97.391178,https://mitehuacan.mx/?ruta=15-frailes
3,Expendio De Viceras Monte Alban,tienda,28,18.461948,-97.391178,https://mitehuacan.mx/?ruta=15-frailes
3,Expendio De Visceras De Res Y Carniceria El Torito,tienda,28,18.461948,-97.391178,https://mitehuacan.mx/?ruta=15-frailes
3,Panaderia Guti Pan,tienda,28,18.461948,-97.391178,https://mitehuacan.mx/?ruta=15-frailes
3,Plasticos Lupita,tienda,28,18.461948,-97.391178,https://mitehuacan.mx/?ruta=15-frailes
3,Plaza Granel,tienda,28,18.461948,-97.391178,https://mitehuacan.mx/?ruta=15-frailes
3,Queseria Rombitos,tienda,28,18.461948,-97.391178,https://mitehuacan.mx/?ruta=15-frailes
3,Surtidora De Carne,tienda,28,18.461948,-97.391178,https://mitehuacan.mx/?ruta=15-frailes
3,Tienda De Sombreros Sin Nombre,tienda,28,18.461948,-97.391178,https://mitehuacan.mx/?ruta=15-frailes
3,Tocineria Chabelita,tienda,28,18.461948,-97.391178,https://mitehuacan.mx/?ruta=15-frailes
3,Venta De Chicharron,tienda,28,18.461948,-97.391178,https://mitehuacan.mx/?ruta=15-frailes
3,Venta De Chiles Secos,tienda,28,18.461948,-97.391178,https://mitehuacan.mx/?ruta=15-frailes
3,Venta De Chiles Secos Gilber,tienda,28,18.461948,-97.391178,https://mitehuacan.mx/?ruta=15-frailes
3,Venta De Chiles Secos Y Carne De Matanza La Coapeñita,tienda,28,18.461948,-97.391178,https://mitehuacan.mx/?ruta=15-frailes
3,Venta De Chiles Y Condimentos Sin Nombre,tienda,28,18.461948,-97.391178,https://mitehuacan.mx/?ruta=15-frailes
3,Venta De Plantas Medicinales Doña Celia,tienda,28,18.461948,-97.391178,https://mitehuacan.mx/?ruta=15-frailes
3,Venta De Semillas Y Condimentos,tienda,28,18.461948,-97.391178,https://mitehuacan.mx/?ruta=15-frailes
3,Bolsas Y Desechables Lafeliz,tienda,29,18.462925,-97.389172,https://mitehuacan.mx/?ruta=15-frailes
3,Plasticos El Bolsas,tienda,29,18.458534,-97.384956,https://mitehuacan.mx/?ruta=15-frailes
3,Tienda Naturista San Benito,tienda,29,18.458334,-97.389408,https://mitehuacan.mx/?ruta=15-frailes
3,La Zarza,tienda,30,18.463059,-97.389315,https://mitehuacan.mx/?ruta=15-frailes
3,Novedades Lalo,tienda,31,18.460593,-97.390749,https://mitehuacan.mx/?ruta=15-frailes
3,Venta De Trajes Charros Charreria Maru,tienda,31,18.461068,-97.387042,https://mitehuacan.mx/?ruta=15-frailes
3,651627 Neto Tehuacan Portes Gil,tienda,32,18.479511,-97.398438,https://mitehuacan.mx/?ruta=15-frailes
3,Funerales De Jesus,tienda,32,18.458625,-97.389858,https://mitehuacan.mx/?ruta=15-frailes
3,Cremeria La Cañada,tienda,33,18.460557,-97.389867,https://mitehuacan.mx/?ruta=15-frailes
3,Pasteleria Beyle,tienda,34,18.478328,-97.398397,https://mitehuacan.mx/?ruta=15-frailes
3,Tienda De Vestidos Reina Novia,tienda,34,18.46092,-97.391773,https://mitehuacan.mx/?ruta=15-frailes
3,Venta De Veladoras E Inciensos La Abundancia,tienda,34,18.457908,-97.385566,https://mitehuacan.mx/?ruta=15-frailes
3,Mezcal De Oaxaca,tienda,35,18.458716,-97.385064,https://mitehuacan.mx/?ruta=15-frailes
3,Comercio Al Por Menor De Artículos Usados Sin Nombre,tienda,36,18.470356,-97.398135,https://mitehuacan.mx/?ruta=15-frailes
3,Venta De Vestidos Novias Aranda,tienda,36,18.46251,-97.390668,https://mitehuacan.mx/?ruta=15-frailes
3,Venta De Ropa Interior Para Toda La Familia Sin Nombre,tienda,38,18.458419,-97.384855,https://mitehuacan.mx/?ruta=15-frailes
3,Opticalia,tienda,40,18.464933,-97.391012,https://mitehuacan.mx/?ruta=15-frailes
3,Luminarias Jpl De Mexico,tienda,42,18.457351,-97.387605,https://mitehuacan.mx/?ruta=15-frailes
3,Venta De Ropa Interior Para Dama Dulce Secreto,tienda,42,18.461576,-97.389853,https://mitehuacan.mx/?ruta=15-frailes
3,Carniceria Galicia,tienda,43,18.479717,-97.399517,https://mitehuacan.mx/?ruta=15-frailes
3,Mabel Novias,tienda,43,18.460824,-97.391861,https://mitehuacan.mx/?ruta=15-frailes
3,Venta De Ropa Usada Sin Nombre,tienda,43,18.458082,-97.386271,https://mitehuacan.mx/?ruta=15-frailes
3,Venta De Colchas Para La Casa,tienda,44,18.467384,-97.394009,https://mitehuacan.mx/?ruta=15-frailes
3,Deli Mart,tienda,45,18.458975,-97.388646,https://mitehuacan.mx/?ruta=15-frailes
3,Libreria Luz Y Vida,tienda,46,18.462422,-97.390763,https://mitehuacan.mx/?ruta=15-frailes
3,Carniceria San Carlos,tienda,47,18.475726,-97.408876,https://mitehuacan.mx/?ruta=15-frailes
3,Pasteleria Cristal,tienda,47,18.458629,-97.39,https://mitehuacan.mx/?ruta=15-frailes
3,Tienda Naturista Nutricion Cinco Estrellas,tienda,48,18.465404,-97.392936,https://mitehuacan.mx/?ruta=15-frailes
3,Venta De Blancos Balderas,tienda,48,18.461306,-97.390665,https://mitehuacan.mx/?ruta=15-frailes
3,Tienda De Lenceria Pasion 360,tienda,51,18.458739,-97.390025,https://mitehuacan.mx/?ruta=15-frailes
3,Miel San Miguel,tienda,52,18.479458,-97.398178,https://mitehuacan.mx/?ruta=15-frailes
3,Carniceria El Sureño,tienda,53,18.456203,-97.384854,https://mitehuacan.mx/?ruta=15-frailes
3,Sombreros El Gallo,tienda,53,18.460827,-97.391956,https://mitehuacan.mx/?ruta=15-frailes
3,Optica Visual World,tienda,54,18.464931,-97.390879,https://mitehuacan.mx/?ruta=15-frailes
3,Leynez Jarcieria,tienda,55,18.458965,-97.386079,https://mitehuacan.mx/?ruta=15-frailes
3,Optica Bella Luz,tienda,55,18.460828,-97.391975,https://mitehuacan.mx/?ruta=15-frailes
3,Tienda De Vestidos De Comunion Karen,tienda,55,18.460828,-97.391975,https://mitehuacan.mx/?ruta=15-frailes
3,Venta De Leche Vaca,tienda,55,18.475165,-97.401236,https://mitehuacan.mx/?ruta=15-frailes
3,Venta De Salsa De Hormiga Sin Nombre,tienda,55,18.458412,-97.384694,https://mitehuacan.mx/?ruta=15-frailes
3,Venta De Pan De Burro Sin Nombre,tienda,56,18.458411,-97.384685,https://mitehuacan.mx/?ruta=15-frailes
3,Pasteleria La Cereza,tienda,58,18.458633,-97.390104,https://mitehuacan.mx/?ruta=15-frailes
3,Venta De Bolsas De Mandado Sin Nombre,tienda,58,18.458411,-97.384666,https://mitehuacan.mx/?ruta=15-frailes
3,Venta De Productos De Limpieza Sin Nombre,tienda,58,18.477878,-97.405889,https://mitehuacan.mx/?ruta=15-frailes
3,Venta De Granos Y Semillas Sin Nombre,tienda,59,18.45841,-97.384657,https://mitehuacan.mx/?ruta=15-frailes
3,Fashion Queen,tienda,60,18.458951,-97.385049,https://mitehuacan.mx/?ruta=15-frailes
3,Optica Optimagg,tienda,61,18.463346,-97.389303,https://mitehuacan.mx/?ruta=15-frailes
3,Bodega De Plasticos Lupita Sin Nombre,tienda,64,18.461573,-97.388857,https://mitehuacan.mx/?ruta=15-frailes
3,Pasteleria Juquilita,tienda,64,18.461968,-97.392051,https://mitehuacan.mx/?ruta=15-frailes
3,Tsk Tehuacan Centro,tienda,64,18.457393,-97.385887,https://mitehuacan.mx/?ruta=15-frailes
3,Artesanias Aby,tienda,65,18.461462,-97.390758,https://mitehuacan.mx/?ruta=15-frailes
3,Venta De Ropa Usada Sin Nombre,tienda,65,18.456198,-97.384741,https://mitehuacan.mx/?ruta=15-frailes
3,Optica Lumat,tienda,66,18.464454,-97.396487,https://mitehuacan.mx/?ruta=15-frailes
3,Oxxo Suc 50Rxn Rayon Pbf,tienda,66,18.461968,-97.392064,https://mitehuacan.mx/?ruta=15-frailes
3,Taller Dasop,tienda,67,18.467579,-97.39388,https://mitehuacan.mx/?ruta=15-frailes
3,Tienda De Articulos Religiosos Y Ceras San Judas Tadeo,tienda,67,18.462232,-97.390762,https://mitehuacan.mx/?ruta=15-frailes
3,Tienda De Lenceria Fany,tienda,67,18.461481,-97.390758,https://mitehuacan.mx/?ruta=15-frailes
3,Venta De Plasticos Sin Nombre,tienda,67,18.455618,-97.38531,https://mitehuacan.mx/?ruta=15-frailes
3,Bodega De Plasticos Lupita Sin Nombre,tienda,68,18.461572,-97.388819,https://mitehuacan.mx/?ruta=15-frailes
3,Ropa Tipica El Leon De Juda,tienda,68,18.46149,-97.390758,https://mitehuacan.mx/?ruta=15-frailes
3,Tienda Ropa Mala Fama,tienda,68,18.464994,-97.397091,https://mitehuacan.mx/?ruta=15-frailes
3,Tienda Naturista Natures Sunshine,tienda,69,18.46761,-97.394,https://mitehuacan.mx/?ruta=15-frailes
3,Optica San Angel,tienda,70,18.464418,-97.396488,https://mitehuacan.mx/?ruta=15-frailes
3,Ropa Tipica La Oaxaqueña La Pequeña,tienda,70,18.461499,-97.39015,https://mitehuacan.mx/?ruta=15-frailes
3,Veladoras Y Parafinas Maria Milagrosa,tienda,70,18.461501,-97.390292,https://mitehuacan.mx/?ruta=15-frailes
3,Venta De Ropa Para Primera Comunion Sin Nombre,tienda,70,18.460237,-97.390664,https://mitehuacan.mx/?ruta=15-frailes
3,Venta De Vestidos De Xv Años Sin Nombre,tienda,70,18.460237,-97.390664,https://mitehuacan.mx/?ruta=15-frailes
3,Optica Bella Luz,tienda,71,18.460228,-97.390664,https://mitehuacan.mx/?ruta=15-frailes
3,Productos De Limpieza Prisma,tienda,71,18.468684,-97.400417,https://mitehuacan.mx/?ruta=15-frailes
3,Woolworth,tienda,71,18.463514,-97.392683,https://mitehuacan.mx/?ruta=15-frailes
3,Distribuidora De Optica Indigo High Technology,tienda,72,18.462254,-97.394142,https://mitehuacan.mx/?ruta=15-frailes
3,Dulceria Pikys,tienda,72,18.457438,-97.38788,https://mitehuacan.mx/?ruta=15-frailes
3,Productos De Limpieza Star Clean,tienda,72,18.468602,-97.40012,https://mitehuacan.mx/?ruta=15-frailes
3,Venta De Mandiles Y Servilletas De Tela Sin Nombre,tienda,72,18.456195,-97.384674,https://mitehuacan.mx/?ruta=15-frailes
3,Adornos Y Novedades Dulce,tienda,73,18.461653,-97.390759,https://mitehuacan.mx/?ruta=15-frailes
3,Venta De Semillas La Pobedita,tienda,73,18.458505,-97.38453,https://mitehuacan.mx/?ruta=15-frailes
3,Cremeria Vaqueritos,tienda,74,18.45793,-97.389526,https://mitehuacan.mx/?ruta=15-frailes
3,Venta De Cigarrillos Grinders,tienda,74,18.465639,-97.39293,https://mitehuacan.mx/?ruta=15-frailes
3,Super Servicio Alatriste,tienda,75,18.458745,-97.390252,https://mitehuacan.mx/?ruta=15-frailes
3,Opticas Verlyn,tienda,76,18.46766,-97.393878,https://mitehuacan.mx/?ruta=15-frailes
3,Panaderia La Perla,tienda,76,18.472594,-97.404803,https://mitehuacan.mx/?ruta=15-frailes
3,Pinturas Adhler De La 4 Poniente,tienda,77,18.467309,-97.398673,https://mitehuacan.mx/?ruta=15-frailes
3,Oxxo,tienda,77,18.461897,-97.392175,https://mitehuacan.mx/?ruta=15-frailes
3,Carniceria Emmanuel,tienda,78,18.456192,-97.384617,https://mitehuacan.mx/?ruta=15-frailes
3,Venta De Hierbas Y Plantas Curativas,tienda,79,18.461586,-97.390612,https://mitehuacan.mx/?ruta=15-frailes
3,Venta De Plantas Medicinales Sin Nombre,tienda,79,18.461583,-97.390365,https://mitehuacan.mx/?ruta=15-frailes
3,Venta De Veladoras San Juditas,tienda,79,18.461584,-97.390508,https://mitehuacan.mx/?ruta=15-frailes
3,Venta De Veladoras San Juditas Tadeo,tienda,79,18.461586,-97.390631,https://mitehuacan.mx/?ruta=15-frailes
3,Venta De Ropa Tipica Artesanal Sin Nombre,tienda,80,18.458402,-97.384458,https://mitehuacan.mx/?ruta=15-frailes
3,Colecturia Inmaculadala,tienda,82,18.46184,-97.390665,https://mitehuacan.mx/?ruta=15-frailes
3,Venta De Valadoras E Imagenes San Francisco De Asis,tienda,82,18.46174,-97.390664,https://mitehuacan.mx/?ruta=15-frailes
3,Tienda De Plasticos Kary,tienda,83,18.457326,-97.38642,https://mitehuacan.mx/?ruta=15-frailes
3,Venta De Cruces Sin Nombre,tienda,83,18.458507,-97.390331,https://mitehuacan.mx/?ruta=15-frailes
3,Comerciales Bardahl De Puebla,tienda,84,18.471155,-97.398817,https://mitehuacan.mx/?ruta=15-frailes
3,Afrodita Sex Shop,tienda,85,18.465734,-97.393051,https://mitehuacan.mx/?ruta=15-frailes
3,Carniceria Conchita,tienda,86,18.472319,-97.403827,https://mitehuacan.mx/?ruta=15-frailes
3,Creaciones Diana,tienda,86,18.460095,-97.390749,https://mitehuacan.mx/?ruta=15-frailes
3,Venta De Charas Sin Nombre,tienda,86,18.456189,-97.384542,https://mitehuacan.mx/?ruta=15-frailes
3,Carniceria Mi Arcangel Gabriel,tienda,87,18.458399,-97.384391,https://mitehuacan.mx/?ruta=15-frailes
3,6206 Tehuacan Puebla,tienda,88,18.460097,-97.391425,https://mitehuacan.mx/?ruta=15-frailes
3,Carniceria Viki,tienda,88,18.472266,-97.400299,https://mitehuacan.mx/?ruta=15-frailes
3,Impulsora De Cristalerias Tenorio,tienda,88,18.460098,-97.391425,https://mitehuacan.mx/?ruta=15-frailes
3,Oxxo Suc 50Yp9 Los Frailes Pbf,tienda,88,18.472297,-97.403683,https://mitehuacan.mx/?ruta=15-frailes
3,Paredex Shop,tienda,90,18.480381,-97.406905,https://mitehuacan.mx/?ruta=15-frailes
3,Venta De Discos Y Peliculas Sin Nombre,tienda,90,18.458644,-97.390398,https://mitehuacan.mx/?ruta=15-frailes
3,Bazar De Ropa Sin Nombre,tienda,91,18.479173,-97.400894,https://mitehuacan.mx/?ruta=15-frailes
3,Compra Y Venta Bazar Sin Nombre,tienda,91,18.455416,-97.385697,https://mitehuacan.mx/?ruta=15-frailes
3,Pinturas De La 4 Poniente,tienda,91,18.467226,-97.398818,https://mitehuacan.mx/?ruta=15-frailes
3,Productos De Limpieza Supreme,tienda,91,18.461613,-97.387108,https://mitehuacan.mx/?ruta=15-frailes
3,Galeria La Casa De Los Cuadros,tienda,94,18.462077,-97.394352,https://mitehuacan.mx/?ruta=15-frailes
3,Opticas Bulas,tienda,94,18.462077,-97.394352,https://mitehuacan.mx/?ruta=15-frailes
3,Productos Naturistas Nature Sunshine,tienda,94,18.462077,-97.394352,https://mitehuacan.mx/?ruta=15-frailes
3,Venta De Basculas Sin Nombre,tienda,94,18.456189,-97.384467,https://mitehuacan.mx/?ruta=15-frailes
3,Soluciones En Empaques Biodegradables Monkey,tienda,96,18.455929,-97.384501,https://mitehuacan.mx/?ruta=15-frailes
3,Venta De Ropa Usada Sin Nombre,tienda,97,18.462784,-97.388494,https://mitehuacan.mx/?ruta=15-frailes
3,Informatica Aplicada De Tehuacan,tienda,98,18.460942,-97.392379,https://mitehuacan.mx/?ruta=15-frailes
3,Optica Optivision,tienda,98,18.457713,-97.389527,https://mitehuacan.mx/?ruta=15-frailes
3,Productos De Limpieza Gero,tienda,98,18.472573,-97.400249,https://mitehuacan.mx/?ruta=15-frailes
3,Venta De Gorras Y Ropa Interior Sin Nombre Novedades,tienda,98,18.462783,-97.388484,https://mitehuacan.mx/?ruta=15-frailes
3,Venta De Herramientas Sin Nombre,tienda,98,18.456191,-97.384428,https://mitehuacan.mx/?ruta=15-frailes
3,Consultorio Si Oira Centro,tienda,99,18.462088,-97.394542,https://mitehuacan.mx/?ruta=15-frailes
3,Optica Dr. Lente,tienda,99,18.462088,-97.394542,https://mitehuacan.mx/?ruta=15-frailes
3,Distribuidora De Suplementos Y Farmacologia Deportiva Umr,tienda,101,18.463796,-97.393036,https://mitehuacan.mx/?ruta=15-frailes
3,Venta De Cruces Villanueva,tienda,101,18.458648,-97.390502,https://mitehuacan.mx/?ruta=15-frailes
3,Venta De Ropa Usada Sin Nombre,tienda,101,18.459379,-97.386006,https://mitehuacan.mx/?ruta=15-frailes
3,Prodetap Proveedor De Articulos Para Tapiceria,tienda,102,18.464923,-97.390424,https://mitehuacan.mx/?ruta=15-frailes
3,Venta De Articulos De Coleccion Sin Nombre,tienda,102,18.456191,-97.38439,https://mitehuacan.mx/?ruta=15-frailes
3,Bodega Chiles Secos Sin Nombre,tienda,103,18.455393,-97.38492,https://mitehuacan.mx/?ruta=15-frailes
3,El Rinconcito De Natura,tienda,103,18.464042,-97.393102,https://mitehuacan.mx/?ruta=15-frailes
3,Almacenes Veana Sucursal Tehuacan,tienda,104,18.460945,-97.39244,https://mitehuacan.mx/?ruta=15-frailes
3,Venta De Ropa Usada,tienda,104,18.455881,-97.384437,https://mitehuacan.mx/?ruta=15-frailes
3,Venta De Ropa Usada Sin Nombre,tienda,105,18.456189,-97.384361,https://mitehuacan.mx/?ruta=15-frailes
3,Venta De Productos Alimenticios Omnilife,tienda,106,18.457637,-97.389413,https://mitehuacan.mx/?ruta=15-frailes
3,Tienda De Colchas Y Blancos Concord Tehuacan,tienda,107,18.462098,-97.394712,https://mitehuacan.mx/?ruta=15-frailes
3,Artesanias Cactus,tienda,109,18.466647,-97.393029,https://mitehuacan.mx/?ruta=15-frailes
3,Vicky Form,tienda,109,18.465953,-97.392923,https://mitehuacan.mx/?ruta=15-frailes
3,Dublin Opticas,tienda,110,18.463014,-97.395203,https://mitehuacan.mx/?ruta=15-frailes
3,Tienda De Productos Naturales Sin Nombre,tienda,110,18.463014,-97.395203,https://mitehuacan.mx/?ruta=15-frailes
3,Tienda De Productos Naturistas Alecos,tienda,110,18.463014,-97.395203,https://mitehuacan.mx/?ruta=15-frailes
3,Carniceria El Pontri,tienda,111,18.478852,-97.40021,https://mitehuacan.mx/?ruta=15-frailes
3,Compra Venta De Productos De Limpieza Eco Limpieza Tehuacan,tienda,111,18.46484,-97.390341,https://mitehuacan.mx/?ruta=15-frailes
3,Coppel,tienda,111,18.461896,-97.393764,https://mitehuacan.mx/?ruta=15-frailes
3,Compra Venta De Ropa Tipica Rhuama,tienda,112,18.457834,-97.390242,https://mitehuacan.mx/?ruta=15-frailes
3,Venta De Instrumentos Musicales Ruper Music,tienda,112,18.457583,-97.389414,https://mitehuacan.mx/?ruta=15-frailes
3,Venta De Ropa Usada Sin Nombre,tienda,113,18.456183,-97.384285,https://mitehuacan.mx/?ruta=15-frailes
3,Articulos Religiosos San Rafael,tienda,114,18.475263,-97.409295,https://mitehuacan.mx/?ruta=15-frailes
3,Opticas Verlyn,tienda,114,18.468004,-97.393867,https://mitehuacan.mx/?ruta=15-frailes
3,Bodega De Productos De Limpieza Prisma,tienda,115,18.468221,-97.400199,https://mitehuacan.mx/?ruta=15-frailes
3,Venta De Articulos Militares,tienda,117,18.46061,-97.385987,https://mitehuacan.mx/?ruta=15-frailes
3,Lenceria Alis,tienda,118,18.465881,-97.390894,https://mitehuacan.mx/?ruta=15-frailes
3,Sherwin Williams Tehuacan,tienda,119,18.459493,-97.385015,https://mitehuacan.mx/?ruta=15-frailes
3,Distribuidora De Productos De Limpieza Mega Limpio,tienda,120,18.466047,-97.392921,https://mitehuacan.mx/?ruta=15-frailes
3,Venta De Lenceria,tienda,120,18.45916,-97.390668,https://mitehuacan.mx/?ruta=15-frailes
3,Venta De Pinturas Distribuidora De Poliester,tienda,121,18.45781,-97.390337,https://mitehuacan.mx/?ruta=15-frailes
3,724 Super 101 Tehuacan Parque Ecologico,tienda,122,18.467053,-97.392895,https://mitehuacan.mx/?ruta=15-frailes
3,Bodega De Veladora Maria Milagrosa,tienda,122,18.459676,-97.390666,https://mitehuacan.mx/?ruta=15-frailes
3,Persianas Y Cortineros Monet,tienda,122,18.466173,-97.392917,https://mitehuacan.mx/?ruta=15-frailes
3,Tienda De Ropa De Disfraces,tienda,122,18.45745,-97.388389,https://mitehuacan.mx/?ruta=15-frailes
3,Cremeria Y Salchichoneria La Pastora,tienda,123,18.463916,-97.389412,https://mitehuacan.mx/?ruta=15-frailes
3,Productos De Limpieza Limpia Todo,tienda,123,18.457464,-97.389015,https://mitehuacan.mx/?ruta=15-frailes
3,Tienda De Lentes Suplementos Opticos,tienda,123,18.464838,-97.390227,https://mitehuacan.mx/?ruta=15-frailes
3,Consultorio De Medicina Omeopata,tienda,124,18.461153,-97.385978,https://mitehuacan.mx/?ruta=15-frailes
3,Venta De Juguetes Usados Sin Nombre,tienda,124,18.458379,-97.384041,https://mitehuacan.mx/?ruta=15-frailes
3,Cafeteria Le Cholat,tienda,126,18.461502,-97.392641,https://mitehuacan.mx/?ruta=15-frailes
3,Tienda De Artesanias De Madera Sin Nombre,tienda,127,18.460236,-97.392447,https://mitehuacan.mx/?ruta=15-frailes
3,Articulos De Limpieza Sin Nombre,tienda,128,18.455304,-97.384629,https://mitehuacan.mx/?ruta=15-frailes
3,Oficina Distribuidora De Productos Naturistas Advanced Nutri,tienda,128,18.464206,-97.397272,https://mitehuacan.mx/?ruta=15-frailes
3,Optica Galeon,tienda,128,18.466092,-97.391436,https://mitehuacan.mx/?ruta=15-frailes
3,Productos De Limpieza La 12,tienda,128,18.471927,-97.403702,https://mitehuacan.mx/?ruta=15-frailes
3,Tienda De Vestidos Detalles De Comunion Novias Maqueda,tienda,128,18.458819,-97.390755,https://mitehuacan.mx/?ruta=15-frailes
3,Venta De Pinturas Pintucom De Tehuacan,tienda,128,18.457653,-97.390247,https://mitehuacan.mx/?ruta=15-frailes
3,Comercial Vinolesa,tienda,129,18.45973,-97.391548,https://mitehuacan.mx/?ruta=15-frailes
3,7/24 Mix,tienda,129,18.467199,-97.392854,https://mitehuacan.mx/?ruta=15-frailes
3,Magic Cleaner,tienda,130,18.470327,-97.395991,https://mitehuacan.mx/?ruta=15-frailes
3,Venta De Chacharas Sin Nombre,tienda,130,18.458376,-97.383984,https://mitehuacan.mx/?ruta=15-frailes
3,Colecturia Articulos Religiosos,tienda,131,18.461699,-97.393165,https://mitehuacan.mx/?ruta=15-frailes
3,Coppel Tienda Departamental Reforma 448,tienda,131,18.461718,-97.394039,https://mitehuacan.mx/?ruta=15-frailes
3,Los Girasoles,tienda,131,18.461712,-97.393767,https://mitehuacan.mx/?ruta=15-frailes
3,Bazar Sin Nombre,tienda,133,18.46588,-97.390619,https://mitehuacan.mx/?ruta=15-frailes
3,Carniceria Mendez,tienda,133,18.475248,-97.409518,https://mitehuacan.mx/?ruta=15-frailes
3,Expendio De Pan Bimbo,tienda,134,18.45866,-97.390815,https://mitehuacan.mx/?ruta=15-frailes
3,Ink Color,tienda,134,18.457394,-97.389567,https://mitehuacan.mx/?ruta=15-frailes
3,Venta De Artesanias Y Recuerdos Sin Nombre,tienda,134,18.463022,-97.395431,https://mitehuacan.mx/?ruta=15-frailes
3,Venta De Ropa Usada Sin Nombre,tienda,134,18.458375,-97.383946,https://mitehuacan.mx/?ruta=15-frailes
3,Aparatos Ortopedicos Orthomott,tienda,135,18.462891,-97.388139,https://mitehuacan.mx/?ruta=15-frailes
3,Autos Usados Samuray S,tienda,135,18.465017,-97.397726,https://mitehuacan.mx/?ruta=15-frailes
3,Carniceria Zaragoza,tienda,135,18.465937,-97.397905,https://mitehuacan.mx/?ruta=15-frailes
3,Computadoras Genius,tienda,135,18.466155,-97.391436,https://mitehuacan.mx/?ruta=15-frailes
3,Tienda De Suplementos T Articulos Gym Beast Mode,tienda,135,18.466155,-97.391436,https://mitehuacan.mx/?ruta=15-frailes
3,Botanas Chucherias,tienda,136,18.45735,-97.389112,https://mitehuacan.mx/?ruta=15-frailes
3,Chiles Secos Y Semillas Casa Hermes,tienda,136,18.45735,-97.389112,https://mitehuacan.mx/?ruta=15-frailes
3,Opticas Franco,tienda,136,18.467503,-97.392878,https://mitehuacan.mx/?ruta=15-frailes
3,Tienda De Lenceria La Coqueteria,tienda,136,18.457351,-97.388998,https://mitehuacan.mx/?ruta=15-frailes
3,Bodega De Pinturas De Distribuidora De Poliester,tienda,137,18.457563,-97.39025,https://mitehuacan.mx/?ruta=15-frailes
3,Cremeria Jmc,tienda,137,18.457405,-97.38987,https://mitehuacan.mx/?ruta=15-frailes
3,Venta De Ropa Para Niño Dios Juquilita,tienda,137,18.45735,-97.389216,https://mitehuacan.mx/?ruta=15-frailes
3,Compra Venta De Empaques Para Regalos Packingmex,tienda,138,18.464835,-97.390085,https://mitehuacan.mx/?ruta=15-frailes
3,Compra Venta De Suplementos Alimenticios Saya,tienda,138,18.464835,-97.390085,https://mitehuacan.mx/?ruta=15-frailes
3,Distribuidoras De Carnes Majuf,tienda,138,18.457348,-97.389417,https://mitehuacan.mx/?ruta=15-frailes
3,Go Life Vive Bien,tienda,138,18.463803,-97.396509,https://mitehuacan.mx/?ruta=15-frailes
3,Omega Nutricion,tienda,138,18.464835,-97.390085,https://mitehuacan.mx/?ruta=15-frailes
3,Optica Elvision,tienda,138,18.464835,-97.390085,https://mitehuacan.mx/?ruta=15-frailes
3,Venta De Ceramica Sin Nombre,tienda,138,18.458373,-97.383908,https://mitehuacan.mx/?ruta=15-frailes
3,Distribuidora De Productos De Limpieza Tehuacan,tienda,139,18.474982,-97.397631,https://mitehuacan.mx/?ruta=15-frailes
3,Tienda De Lenceria Gigil,tienda,139,18.468246,-97.393983,https://mitehuacan.mx/?ruta=15-frailes
3,Carniceria El Novillo De Oro,tienda,141,18.45699,-97.38397,https://mitehuacan.mx/?ruta=15-frailes
3,Carniceria Hermanos De La Vega,tienda,141,18.457306,-97.383947,https://mitehuacan.mx/?ruta=15-frailes
3,Carniceria Virgen De Juquila,tienda,141,18.457441,-97.383939,https://mitehuacan.mx/?ruta=15-frailes
3,Cremeria El Carmen,tienda,141,18.456276,-97.384012,https://mitehuacan.mx/?ruta=15-frailes
3,Jarceria Sin Nombre,tienda,141,18.457287,-97.383949,https://mitehuacan.mx/?ruta=15-frailes
3,Jarcieria Sin Nombre,tienda,141,18.457225,-97.383957,https://mitehuacan.mx/?ruta=15-frailes
3,Mole Y Pasta De Mole Doña Licha,tienda,141,18.458011,-97.383903,https://mitehuacan.mx/?ruta=15-frailes
3,Panaderia Lalito,tienda,141,18.458218,-97.383891,https://mitehuacan.mx/?ruta=15-frailes
3,Puesto Chacharas Sin Nombre,tienda,141,18.457333,-97.383945,https://mitehuacan.mx/?ruta=15-frailes
3,Puesto De Bolsas Y Tenates Sin Nombre,tienda,141,18.457468,-97.383937,https://mitehuacan.mx/?ruta=15-frailes
3,Puesto De Chacharas Nombre,tienda,141,18.457468,-97.383937,https://mitehuacan.mx/?ruta=15-frailes
3,Puesto De Chiles Secos Sin Nombre,tienda,141,18.45689,-97.383976,https://mitehuacan.mx/?ruta=15-frailes
3,Puesto De Electronica Sin Nombre,tienda,141,18.457306,-97.383947,https://mitehuacan.mx/?ruta=15-frailes
3,Puesto De Ropa De Hombre Sin Nombe,tienda,141,18.456321,-97.38401,https://mitehuacan.mx/?ruta=15-frailes
3,Puesto De Ropa Interior Sin Nombre,tienda,141,18.457468,-97.383937,https://mitehuacan.mx/?ruta=15-frailes
3,Puesto De Ropa Sin Nombre,tienda,141,18.456583,-97.383994,https://mitehuacan.mx/?ruta=15-frailes
3,Puesto De Ropa Sin Nombre,tienda,141,18.45624,-97.384014,https://mitehuacan.mx/?ruta=15-frailes
3,Puesto De Ropa Tipica Y Plasticos Botellas Y Topers Sin Nomb,tienda,141,18.457712,-97.383922,https://mitehuacan.mx/?ruta=15-frailes
3,Puesto De Ropa Usada Sin Nombre,tienda,141,18.457278,-97.38395,https://mitehuacan.mx/?ruta=15-frailes
3,Puesto De Ropa Usada Sin Nombre,tienda,141,18.457721,-97.383921,https://mitehuacan.mx/?ruta=15-frailes
3,Puesto De Ropa Usada Sin Nombre,tienda,141,18.456999,-97.38397,https://mitehuacan.mx/?ruta=15-frailes
3,Puesto De Ropa Y Zapatos De Segunda Sin Nombre,tienda,141,18.457459,-97.383937,https://mitehuacan.mx/?ruta=15-frailes
3,Puesto De Toper Sin Nombre,tienda,141,18.457487,-97.383936,https://mitehuacan.mx/?ruta=15-frailes
3,Puesto De Zapatos Sin Nombre,tienda,141,18.456827,-97.38398,https://mitehuacan.mx/?ruta=15-frailes
3,Puesto De Zapatos Y Ropa Sin Nombre,tienda,141,18.456935,-97.383974,https://mitehuacan.mx/?ruta=15-frailes
3,Puesto Herramientas Sin Nombre,tienda,141,18.457315,-97.383946,https://mitehuacan.mx/?ruta=15-frailes
3,Puesto Zapatos Y Ropa Usados De Sin Nombre,tienda,141,18.457287,-97.383949,https://mitehuacan.mx/?ruta=15-frailes
3,Ropa Y Morrales De Plastico Sin Nombre,tienda,141,18.456863,-97.383978,https://mitehuacan.mx/?ruta=15-frailes
3,Ropa Y Zapatos De Sin Nombre,tienda,141,18.457278,-97.38395,https://mitehuacan.mx/?ruta=15-frailes
3,Sombrero Y Bolsas De Palma Sin Nombre,tienda,141,18.456637,-97.383991,https://mitehuacan.mx/?ruta=15-frailes
3,Tienda De Comestibles Sin Nombre,tienda,141,18.457134,-97.383962,https://mitehuacan.mx/?ruta=15-frailes
3,Venta De Accesorios Electronicos Sin Nombre,tienda,141,18.457423,-97.38394,https://mitehuacan.mx/?ruta=15-frailes
3,Venta De Aguacate Y Cacahuate Sin Nombre,tienda,141,18.456963,-97.383972,https://mitehuacan.mx/?ruta=15-frailes
3,Venta De Aguardiente De Caña Sin Nombre,tienda,141,18.457559,-97.383931,https://mitehuacan.mx/?ruta=15-frailes
3,Venta De Alcancias De Yeso Y Atensilios De Barro,tienda,141,18.457649,-97.383926,https://mitehuacan.mx/?ruta=15-frailes
3,Venta De Alfareria Cuca,tienda,141,18.457441,-97.383939,https://mitehuacan.mx/?ruta=15-frailes
3,Venta De Anafres Sin Nombre,tienda,141,18.457261,-97.383952,https://mitehuacan.mx/?ruta=15-frailes
3,Venta De Artesanias De Palma Sin Nombre,tienda,141,18.457215,-97.383957,https://mitehuacan.mx/?ruta=15-frailes
3,Venta De Articulos De Jarcieria Sin Nombre,tienda,141,18.456737,-97.383985,https://mitehuacan.mx/?ruta=15-frailes
3,Venta De Articulos De Jarcieria Sin Nombre,tienda,141,18.457125,-97.383962,https://mitehuacan.mx/?ruta=15-frailes
3,Venta De Articulos De Limpieza Sin Nombre,tienda,141,18.45717,-97.38396,https://mitehuacan.mx/?ruta=15-frailes
3,Venta De Articulos De Segunda Mano Sin Nombre,tienda,141,18.457206,-97.383958,https://mitehuacan.mx/?ruta=15-frailes
3,Venta De Articulos Para El Hogar Sin Nombre,tienda,141,18.458047,-97.383901,https://mitehuacan.mx/?ruta=15-frailes
3,Venta De Articulos Para El Hogar Sin Nombre,tienda,141,18.457523,-97.383934,https://mitehuacan.mx/?ruta=15-frailes
3,Venta De Articulos Usados Sin Nombre,tienda,141,18.456764,-97.383984,https://mitehuacan.mx/?ruta=15-frailes
3,Venta De Articulos Usados Sin Nombre,tienda,141,18.456737,-97.383985,https://mitehuacan.mx/?ruta=15-frailes
3,Venta De Articulos Usados Sin Nombre,tienda,141,18.458327,-97.383884,https://mitehuacan.mx/?ruta=15-frailes
3,Venta De Articulos Usados Sin Nombre,tienda,141,18.457803,-97.383916,https://mitehuacan.mx/?ruta=15-frailes
3,Venta De Articulos Usados Sin Nombre,tienda,141,18.458137,-97.383896,https://mitehuacan.mx/?ruta=15-frailes
3,Venta De Articulos Varios Usados Sin Nombre,tienda,141,18.45773,-97.383921,https://mitehuacan.mx/?ruta=15-frailes
3,Venta De Botanas Sin Nombre,tienda,141,18.458255,-97.383888,https://mitehuacan.mx/?ruta=15-frailes
3,Venta De Calzado Usado Sin Nombre,tienda,141,18.457776,-97.383918,https://mitehuacan.mx/?ruta=15-frailes
3,Venta De Calzado Usado Sin Nombre,tienda,141,18.456303,-97.384011,https://mitehuacan.mx/?ruta=15-frailes
3,Venta De Carbon Y Leña Sin Nombre,tienda,141,18.456773,-97.383983,https://mitehuacan.mx/?ruta=15-frailes
3,Venta De Cazuelas De Barro Y Loza Sin Nombre,tienda,141,18.456881,-97.383977,https://mitehuacan.mx/?ruta=15-frailes
3,Venta De Chacharas Sin Nombre,tienda,141,18.456981,-97.383971,https://mitehuacan.mx/?ruta=15-frailes
3,Venta De Chacharas Sin Nombre,tienda,141,18.457179,-97.383959,https://mitehuacan.mx/?ruta=15-frailes
3,Venta De Chiles Secos,tienda,141,18.45783,-97.383915,https://mitehuacan.mx/?ruta=15-frailes
3,Venta De Chiles Secos Sin Nombre,tienda,141,18.456954,-97.383972,https://mitehuacan.mx/?ruta=15-frailes
3,Venta De Chiles Secos Y Semillas Sin Nombre,tienda,141,18.457432,-97.383939,https://mitehuacan.mx/?ruta=15-frailes
3,Venta De Chiles Secos Y Semillas Sin Nombre,tienda,141,18.457468,-97.383937,https://mitehuacan.mx/?ruta=15-frailes
3,Venta De Dulces Y Chiles Secos Sin Nombre,tienda,141,18.456926,-97.383974,https://mitehuacan.mx/?ruta=15-frailes
3,Venta De Especies Y Condimentos Sin Nombre,tienda,141,18.457089,-97.383965,https://mitehuacan.mx/?ruta=15-frailes
3,Venta De Frijol Sin Nombre,tienda,141,18.456908,-97.383975,https://mitehuacan.mx/?ruta=15-frailes
3,Venta De Frijol Sin Nombre,tienda,141,18.457044,-97.383967,https://mitehuacan.mx/?ruta=15-frailes
3,Venta De Granos. Semillas Y Chiles Secos Sin Nombre,tienda,141,18.457134,-97.383962,https://mitehuacan.mx/?ruta=15-frailes
3,Venta De Gusanos De Maguey Sin Nombre,tienda,141,18.456935,-97.383974,https://mitehuacan.mx/?ruta=15-frailes
3,Venta De Hierbas De Temporada Sin Nombre,tienda,141,18.457215,-97.383957,https://mitehuacan.mx/?ruta=15-frailes
3,Venta De Hierbas Medicinales Y Para Cocinar Sin Nombre,tienda,141,18.458282,-97.383887,https://mitehuacan.mx/?ruta=15-frailes
3,Venta De Hierbas Para Cocinar Sin Nombre,tienda,141,18.458264,-97.383888,https://mitehuacan.mx/?ruta=15-frailes
3,Venta De Hierbas Sin Nombre,tienda,141,18.457848,-97.383913,https://mitehuacan.mx/?ruta=15-frailes
3,Venta De Huevo Sin Nombre,tienda,141,18.469128,-97.401667,https://mitehuacan.mx/?ruta=15-frailes
3,Venta De Jarcieria Sin Nombre,tienda,141,18.458083,-97.383899,https://mitehuacan.mx/?ruta=15-frailes
3,Venta De Juguetes De Segunda Mano Sin Nombre,tienda,141,18.457215,-97.383957,https://mitehuacan.mx/?ruta=15-frailes
3,Venta De Juguetes Usados Sin Nombre,tienda,141,18.457794,-97.383917,https://mitehuacan.mx/?ruta=15-frailes
3,Venta De Lenceria Boneteria Y Corseteria Amy Y Samy,tienda,141,18.45736,-97.383944,https://mitehuacan.mx/?ruta=15-frailes
3,Venta De Lenceria Sin Nombre,tienda,141,18.458237,-97.383889,https://mitehuacan.mx/?ruta=15-frailes
3,Venta De Loza De Barro,tienda,141,18.457459,-97.383937,https://mitehuacan.mx/?ruta=15-frailes
3,Venta De Loza Y Ceramica Sin Nombre,tienda,141,18.458146,-97.383895,https://mitehuacan.mx/?ruta=15-frailes
3,Venta De Medicina Naturista Sin Nombre,tienda,141,18.456972,-97.383971,https://mitehuacan.mx/?ruta=15-frailes
3,Venta De Medicina Naturista Sin Nombre,tienda,141,18.458209,-97.383891,https://mitehuacan.mx/?ruta=15-frailes
3,Venta De Pan De Burro,tienda,141,18.458065,-97.3839,https://mitehuacan.mx/?ruta=15-frailes
3,Venta De Pan De Burro Sin Nombre,tienda,141,18.457161,-97.38396,https://mitehuacan.mx/?ruta=15-frailes
3,Venta De Pan De Burro Sin Nombre,tienda,141,18.457622,-97.383927,https://mitehuacan.mx/?ruta=15-frailes
3,Venta De Peltre Y Plastico,tienda,141,18.458182,-97.383893,https://mitehuacan.mx/?ruta=15-frailes
3,Venta De Plantas Medicinales Sin Nombre,tienda,141,18.457261,-97.383952,https://mitehuacan.mx/?ruta=15-frailes
3,Venta De Plantas Medicinales Sin Nombre,tienda,141,18.457586,-97.38393,https://mitehuacan.mx/?ruta=15-frailes
3,Venta De Plantas Medicinales Y Productos Naturistas Sin Nomb,tienda,141,18.457378,-97.383943,https://mitehuacan.mx/?ruta=15-frailes
3,Venta De Productos De Pan Sin Nombre,tienda,141,18.457478,-97.383936,https://mitehuacan.mx/?ruta=15-frailes
3,Venta De Reliquias Y Hierbas Sin Nombre,tienda,141,18.457225,-97.383957,https://mitehuacan.mx/?ruta=15-frailes
3,Venta De Ropa Americana De Paca Sin Nombre,tienda,141,18.456818,-97.38398,https://mitehuacan.mx/?ruta=15-frailes
3,Venta De Ropa Americana Para Dama,tienda,141,18.45764,-97.383926,https://mitehuacan.mx/?ruta=15-frailes
3,Venta De Ropa Artesanal Sin Nombre,tienda,141,18.457414,-97.38394,https://mitehuacan.mx/?ruta=15-frailes
3,Venta De Ropa De Segunda Mano Sin Nombre,tienda,141,18.457215,-97.383957,https://mitehuacan.mx/?ruta=15-frailes
3,Venta De Ropa De Segunda Mano Sin Nombre,tienda,141,18.456809,-97.383981,https://mitehuacan.mx/?ruta=15-frailes
3,Venta De Ropa Nueva Sin Nombre,tienda,141,18.45745,-97.383938,https://mitehuacan.mx/?ruta=15-frailes
3,Venta De Ropa Sin Nombre,tienda,141,18.457261,-97.383952,https://mitehuacan.mx/?ruta=15-frailes
3,Venta De Ropa Sin Nombre,tienda,141,18.456737,-97.383985,https://mitehuacan.mx/?ruta=15-frailes
3,Venta De Ropa Sin Nombre,tienda,141,18.456384,-97.384006,https://mitehuacan.mx/?ruta=15-frailes
3,Venta De Ropa Usada Sin Nombre,tienda,141,18.457405,-97.383941,https://mitehuacan.mx/?ruta=15-frailes
3,Venta De Ropa Usada Sin Nombre,tienda,141,18.457008,-97.383969,https://mitehuacan.mx/?ruta=15-frailes
3,Venta De Ropa Usada Sin Nombre,tienda,141,18.457478,-97.383936,https://mitehuacan.mx/?ruta=15-frailes
3,Venta De Ropa Usada Sin Nombre,tienda,141,18.457161,-97.38396,https://mitehuacan.mx/?ruta=15-frailes
3,Venta De Ropa Usada Sin Nombre,tienda,141,18.457821,-97.383915,https://mitehuacan.mx/?ruta=15-frailes
3,Venta De Ropa Usada Sin Nombre,tienda,141,18.458119,-97.383897,https://mitehuacan.mx/?ruta=15-frailes
3,Venta De Ropa Usada Sin Nombre,tienda,141,18.456818,-97.38398,https://mitehuacan.mx/?ruta=15-frailes
3,Venta De Ropa Usada Sin Nombre,tienda,141,18.4583,-97.383886,https://mitehuacan.mx/?ruta=15-frailes
3,Venta De Ropa Usada Sin Nombre,tienda,141,18.457125,-97.383962,https://mitehuacan.mx/?ruta=15-frailes
3,Venta De Ropa Y Zapato Usado Sin Nombre,tienda,141,18.457387,-97.383942,https://mitehuacan.mx/?ruta=15-frailes
3,Venta De Ropa Y Zapatos Usada Sin Nombre,tienda,141,18.457062,-97.383966,https://mitehuacan.mx/?ruta=15-frailes
3,Venta De Sal Sin Nombre,tienda,141,18.457396,-97.383941,https://mitehuacan.mx/?ruta=15-frailes
3,Venta De Sal Sin Nombre,tienda,141,18.458209,-97.383891,https://mitehuacan.mx/?ruta=15-frailes
3,Venta De Sal Sin Nombre,tienda,141,18.456646,-97.383991,https://mitehuacan.mx/?ruta=15-frailes
3,Venta De Semillas Sin Nombre,tienda,141,18.457116,-97.383963,https://mitehuacan.mx/?ruta=15-frailes
3,Venta De Semillas Y Chiles Secos Sin Nombre,tienda,141,18.456972,-97.383971,https://mitehuacan.mx/?ruta=15-frailes
3,Venta De Semillas Y Chiles Secos Sin Nombre,tienda,141,18.456176,-97.384018,https://mitehuacan.mx/?ruta=15-frailes
3,Venta De Servilletas Para Bordar Sin Nombre,tienda,141,18.457062,-97.383966,https://mitehuacan.mx/?ruta=15-frailes
3,Venta De Tenates Sin Nombre,tienda,141,18.458209,-97.383891,https://mitehuacan.mx/?ruta=15-frailes
3,Venta De Trastes De Peltre Sin Nombre,tienda,141,18.458237,-97.383889,https://mitehuacan.mx/?ruta=15-frailes
3,Venta Ropa De Ropa Usada Sin Nombre,tienda,141,18.45699,-97.38397,https://mitehuacan.mx/?ruta=15-frailes
3,Optica Global Vision,tienda,142,18.465101,-97.397789,https://mitehuacan.mx/?ruta=15-frailes
3,Venta De Comics Y Mangas Panini Tehuacan,tienda,142,18.463124,-97.395503,https://mitehuacan.mx/?ruta=15-frailes
3,Bodega De Jardineria Sin Nombre,tienda,147,18.455895,-97.384006,https://mitehuacan.mx/?ruta=15-frailes
3,Intima Hogar,tienda,147,18.462888,-97.388018,https://mitehuacan.mx/?ruta=15-frailes
3,Compañia Poblana De Lubricantes,tienda,148,18.465899,-97.398431,https://mitehuacan.mx/?ruta=15-frailes
3,Tienda De Ropa Para Dama Sin Nombre,tienda,148,18.458663,-97.390948,https://mitehuacan.mx/?ruta=15-frailes
3,Lenceria Samy Y Amy,tienda,149,18.458225,-97.383817,https://mitehuacan.mx/?ruta=15-frailes
3,Tieda Naturista San Antonio,tienda,149,18.458316,-97.383811,https://mitehuacan.mx/?ruta=15-frailes
3,Venta De Articulos De Limpieza Provelym,tienda,149,18.463895,-97.397175,https://mitehuacan.mx/?ruta=15-frailes
3,Venta De Articulos De Plasticos Doña Mary,tienda,149,18.458171,-97.38382,https://mitehuacan.mx/?ruta=15-frailes
3,Venta De Semillas Y Chiles Secos Sin Nombres,tienda,149,18.457439,-97.383868,https://mitehuacan.mx/?ruta=15-frailes
3,BarberShop,tintorería,38,18.464847,-97.391034,https://mitehuacan.mx/?ruta=15-frailes
3,Vidrios La Purisima,vidriería,1,18.458516,-97.387224,https://mitehuacan.mx/?ruta=15-frailes
3,Vidrios Y Aluminios De La 7,vidriería,3,18.459358,-97.387098,https://mitehuacan.mx/?ruta=15-frailes
3,Taller De Vidrios Y Aluminios Perfiles,vidriería,6,18.47795,-97.403353,https://mitehuacan.mx/?ruta=15-frailes
3,Vidrios Y Aluminios Los Huehues,vidriería,8,18.479784,-97.398882,https://mitehuacan.mx/?ruta=15-frailes
3,Vidrios Y Aluminios Contreras,vidriería,10,18.469815,-97.40009,https://mitehuacan.mx/?ruta=15-frailes
3,Vidrios Y Aluminios Sin Nombre,vidriería,22,18.471705,-97.399717,https://mitehuacan.mx/?ruta=15-frailes
3,Venta De Vidrios Y Aluminios Sin Nombre,vidriería,29,18.457417,-97.386929,https://mitehuacan.mx/?ruta=15-frailes
3,Vidrios Y Aluminio Rulo,vidriería,29,18.472803,-97.401676,https://mitehuacan.mx/?ruta=15-frailes
3,Vidrios Y Cristales Lunas,vidriería,47,18.457433,-97.38765,https://mitehuacan.mx/?ruta=15-frailes
3,Aluminios Aluvid,vidriería,64,18.464848,-97.390787,https://mitehuacan.mx/?ruta=15-frailes
3,Vidrios Y Aluminios Mari,vidriería,91,18.466335,-97.397888,https://mitehuacan.mx/?ruta=15-frailes
3,Vidrios Y Aluminios Franco,vidriería,92,18.458097,-97.39024,https://mitehuacan.mx/?ruta=15-frailes
3,Vidrios Y Aluminios Garcia,vidriería,104,18.475869,-97.397615,https://mitehuacan.mx/?ruta=15-frailes
3,Bodega Sin Nombre De Muebles Metalicos Malerba,vidriería,117,18.459524,-97.386004,https://mitehuacan.mx/?ruta=15-frailes
3,Tienda De Vitrinas Saudi Mar,vidriería,126,18.463909,-97.396423,https://mitehuacan.mx/?ruta=15-frailes
3,Vidrios Y Aluminios Arquitectonicos De Mexico,vidriería,141,18.46407,-97.389286,https://mitehuacan.mx/?ruta=15-frailes
3,Vivero Natural Green,vivero,1,18.460708,-97.389473,https://mitehuacan.mx/?ruta=15-frailes
3,Floreria Irely,vivero,2,18.47751,-97.400483,https://mitehuacan.mx/?ruta=15-frailes
3,Vivero Mundo Verde,vivero,4,18.476455,-97.40292,https://mitehuacan.mx/?ruta=15-frailes
3,Floreria Florents,vivero,5,18.465538,-97.394047,https://mitehuacan.mx/?ruta=15-frailes
3,Floreria Juquilita,vivero,13,18.457406,-97.385158,https://mitehuacan.mx/?ruta=15-frailes
3,Floreria Sin Nombre,vivero,13,18.457596,-97.385144,https://mitehuacan.mx/?ruta=15-frailes
3,Venta De Flores Naturales Sin Nombre,vivero,13,18.45746,-97.385154,https://mitehuacan.mx/?ruta=15-frailes
3,Venta De Flores Sin Nombre,vivero,13,18.457451,-97.385155,https://mitehuacan.mx/?ruta=15-frailes
3,Venta De Plantas Naturales Sin Nombre,vivero,13,18.457515,-97.38515,https://mitehuacan.mx/?ruta=15-frailes
3,Venta De Plantas Naturales Sin Nombre,vivero,13,18.457469,-97.385153,https://mitehuacan.mx/?ruta=15-frailes
3,Venta De Plantas Sin Nombre,vivero,13,18.457479,-97.385153,https://mitehuacan.mx/?ruta=15-frailes
3,Venta De Flores Sin Nombre,vivero,14,18.457035,-97.385168,https://mitehuacan.mx/?ruta=15-frailes
3,Venta De Hoja De Platano,vivero,14,18.457144,-97.385163,https://mitehuacan.mx/?ruta=15-frailes
3,Venta De Plantas Naturales Sin Nombre,vivero,14,18.457271,-97.385158,https://mitehuacan.mx/?ruta=15-frailes
3,Venta De Flores Sin Nombre,vivero,15,18.456737,-97.385181,https://mitehuacan.mx/?ruta=15-frailes
3,Floreria Arely,vivero,16,18.479769,-97.399766,https://mitehuacan.mx/?ruta=15-frailes
3,Vivero Sin Nombre,vivero,25,18.474717,-97.401108,https://mitehuacan.mx/?ruta=15-frailes
3,Venta De Flores Sin Nombre,vivero,28,18.461948,-97.391178,https://mitehuacan.mx/?ruta=15-frailes
3,Venta De Hoja De Tamal,vivero,28,18.461948,-97.391178,https://mitehuacan.mx/?ruta=15-frailes
3,Venta De Hojas De Platano Sin Nombre,vivero,28,18.461948,-97.391178,https://mitehuacan.mx/?ruta=15-frailes
3,Floreria Amelia,vivero,36,18.479672,-97.399301,https://mitehuacan.mx/?ruta=15-frailes
3,Floreria D Xochitl,vivero,39,18.461575,-97.389825,https://mitehuacan.mx/?ruta=15-frailes
3,Floreria Florela,vivero,42,18.45878,-97.38506,https://mitehuacan.mx/?ruta=15-frailes
3,Floreria El Clavel,vivero,51,18.461577,-97.389939,https://mitehuacan.mx/?ruta=15-frailes
3,Floreria Rosy,vivero,54,18.463283,-97.389305,https://mitehuacan.mx/?ruta=15-frailes
3,Venta De Plantas Naturales Sin Nombre,vivero,60,18.45841,-97.384647,https://mitehuacan.mx/?ruta=15-frailes
3,Venta De Plantas Y Arboles Frutales Sin Nombre,vivero,64,18.456198,-97.38475,https://mitehuacan.mx/?ruta=15-frailes
3,Bodega De Floreria Detalles,vivero,70,18.461501,-97.390292,https://mitehuacan.mx/?ruta=15-frailes
3,Floreria Adelita,vivero,70,18.461501,-97.390292,https://mitehuacan.mx/?ruta=15-frailes
3,Floreria Angelito,vivero,70,18.461501,-97.390292,https://mitehuacan.mx/?ruta=15-frailes
3,Floreria Betty,vivero,70,18.461503,-97.390406,https://mitehuacan.mx/?ruta=15-frailes
3,Floreria Bety,vivero,70,18.461502,-97.39034,https://mitehuacan.mx/?ruta=15-frailes
3,Floreria Detalles,vivero,70,18.461501,-97.390292,https://mitehuacan.mx/?ruta=15-frailes
3,Floreria El Campesino,vivero,70,18.461502,-97.390378,https://mitehuacan.mx/?ruta=15-frailes
3,Floreria Emmanuel,vivero,70,18.461501,-97.390292,https://mitehuacan.mx/?ruta=15-frailes
3,Floreria Joselyn,vivero,70,18.461501,-97.390292,https://mitehuacan.mx/?ruta=15-frailes
3,Floreria Juquilita,vivero,70,18.461501,-97.390292,https://mitehuacan.mx/?ruta=15-frailes
3,Floreria Ramos,vivero,70,18.461501,-97.390292,https://mitehuacan.mx/?ruta=15-frailes
3,Floreria Sin Nombre,vivero,70,18.461501,-97.390292,https://mitehuacan.mx/?ruta=15-frailes
3,Floreria Jade,vivero,75,18.462789,-97.388702,https://mitehuacan.mx/?ruta=15-frailes
3,Floreria San Antonio,vivero,79,18.461586,-97.390593,https://mitehuacan.mx/?ruta=15-frailes
3,Manualidades Sin Nombre,vivero,82,18.469755,-97.401697,https://mitehuacan.mx/?ruta=15-frailes
3,Vivero Xochitl,vivero,88,18.466656,-97.3986,https://mitehuacan.mx/?ruta=15-frailes
3,Floreria Emmanuel,vivero,130,18.462775,-97.388181,https://mitehuacan.mx/?ruta=15-frailes
3,Vivero Mar Y Vida,vivero,132,18.457377,-97.388752,https://mitehuacan.mx/?ruta=15-frailes
3,Arreglos Flor Cerezo,vivero,137,18.457406,-97.38988,https://mitehuacan.mx/?ruta=15-frailes
3,Invernadero Sin Nombre,vivero,137,18.477481,-97.409684,https://mitehuacan.mx/?ruta=15-frailes
3,Floreria Si Nombre,vivero,141,18.457468,-97.383937,https://mitehuacan.mx/?ruta=15-frailes
3,Venta De Arreglos Florales Sin Nombre,vivero,141,18.457694,-97.383923,https://mitehuacan.mx/?ruta=15-frailes
3,Venta De Plantas De Ornato,vivero,141,18.458246,-97.383889,https://mitehuacan.mx/?ruta=15-frailes
3,Venta De Plantas Naturales Sin Nombre,vivero,141,18.456818,-97.38398,https://mitehuacan.mx/?ruta=15-frailes
3,Venta De Plantas Naturales Sin Nombre,vivero,141,18.456944,-97.383973,https://mitehuacan.mx/?ruta=15-frailes
