prioridad,negocio,categoria,dist_m,lat,lon,maps
1,Cherry Food & Coffee,café,0,18.456997,-97.392748,https://mitehuacan.mx/?ruta=16
1,Delicrep,café,1,18.456734,-97.392756,https://mitehuacan.mx/?ruta=16
1,Heladeria Helados Y Nieves Naturales Tehuacan,café,1,18.459748,-97.394209,https://mitehuacan.mx/?ruta=16
1,Venta De Pan Casero Mr Dumpling,café,2,18.463368,-97.38943,https://mitehuacan.mx/?ruta=16
1,Cafeteria Calle Melancolia,café,3,18.454898,-97.391618,https://mitehuacan.mx/?ruta=16
1,Cafeteria De La Universidad Upaep,café,3,18.441235,-97.381498,https://mitehuacan.mx/?ruta=16
1,Cafeteria Escolar Sin Nombre,café,3,18.444527,-97.386775,https://mitehuacan.mx/?ruta=16
1,Venta De Desayunos,café,3,18.472327,-97.390203,https://mitehuacan.mx/?ruta=16
1,Tienda Escolar Del Bachillerato General Oficial Lazaro Carde,café,4,18.472369,-97.381541,https://mitehuacan.mx/?ruta=16
1,Cafe Sierra Negra,café,5,18.457574,-97.391481,https://mitehuacan.mx/?ruta=16
1,Cooperativa Escolar Sin Nombre Turno Matutino Escuela Primar,café,5,18.455339,-97.391516,https://mitehuacan.mx/?ruta=16
1,Tienda Escolar Primaria Ing Pastor Roauix Turno Vespertino,café,5,18.455339,-97.391516,https://mitehuacan.mx/?ruta=16
1,Cafeteria A & A Smoothies,café,6,18.465754,-97.391335,https://mitehuacan.mx/?ruta=16
1,Jugueria De Frutas El Naranjito,café,6,18.466879,-97.391429,https://mitehuacan.mx/?ruta=16
1,Venta De Jugo De Naranja,café,6,18.472399,-97.389272,https://mitehuacan.mx/?ruta=16
1,Venta De Jugos Y Licuados,café,7,18.460862,-97.393094,https://mitehuacan.mx/?ruta=16
1,Tienda Escolar Telesecundaria Joan Sebastian Bach,café,24,18.472116,-97.381538,https://mitehuacan.mx/?ruta=16
1,Cafeteria Morentina,café,29,18.462982,-97.391163,https://mitehuacan.mx/?ruta=16
1,Caffe Arce,café,29,18.461948,-97.391178,https://mitehuacan.mx/?ruta=16
1,Cocina Economica Lolita,café,29,18.461948,-97.391178,https://mitehuacan.mx/?ruta=16
1,Jugueria La Esperanza,café,29,18.461948,-97.391178,https://mitehuacan.mx/?ruta=16
1,Refresqueria Y Jugueria Gemita,café,29,18.461948,-97.391178,https://mitehuacan.mx/?ruta=16
1,Finca San Agustin Cafe,café,31,18.457938,-97.392445,https://mitehuacan.mx/?ruta=16
1,Venta De Aguas Sin Nombre,café,33,18.460548,-97.389868,https://mitehuacan.mx/?ruta=16
1,Venta De Jugos Super Jugos Curativos,café,34,18.458671,-97.391184,https://mitehuacan.mx/?ruta=16
1,Desayunos Panchis,café,43,18.469035,-97.389801,https://mitehuacan.mx/?ruta=16
1,Venta De Comida San Pedro,café,45,18.456585,-97.391976,https://mitehuacan.mx/?ruta=16
1,Endulzate Cafeteria,café,53,18.45526,-97.392499,https://mitehuacan.mx/?ruta=16
1,Cooperativa Los Niños Son Primero Escuela Primaria Manuel Av,café,58,18.456419,-97.391004,https://mitehuacan.mx/?ruta=16
1,Restauran Casa Rayon,café,60,18.462506,-97.392019,https://mitehuacan.mx/?ruta=16
1,Tienda Escolar Sin Nombre Escuela Primaria Manuel Avila Cama,café,64,18.456415,-97.390938,https://mitehuacan.mx/?ruta=16
1,Cafeteria Flor De Cafe,café,71,18.461501,-97.390292,https://mitehuacan.mx/?ruta=16
1,Cafeteria Mientras Espero,café,78,18.461001,-97.394901,https://mitehuacan.mx/?ruta=16
1,Jugos Hernandez,café,84,18.461786,-97.390665,https://mitehuacan.mx/?ruta=16
1,Cafeteria Coffe & Sando,café,85,18.460139,-97.392444,https://mitehuacan.mx/?ruta=16
1,Cafeteria Llerrier,café,86,18.460912,-97.39498,https://mitehuacan.mx/?ruta=16
1,Cooperativa Escolar Benito Juarez,café,88,18.446668,-97.381355,https://mitehuacan.mx/?ruta=16
1,Venta De Aguas Frescas Sin Nombre,café,88,18.458655,-97.390673,https://mitehuacan.mx/?ruta=16
1,Dr. Tapioca,café,89,18.457891,-97.393578,https://mitehuacan.mx/?ruta=16
1,Jugos Y Tortas California,café,95,18.459495,-97.392424,https://mitehuacan.mx/?ruta=16
1,Ambrosia,café,108,18.470355,-97.392347,https://mitehuacan.mx/?ruta=16
1,Cafeteria Antara,café,108,18.463021,-97.392461,https://mitehuacan.mx/?ruta=16
1,Mr. Creping,café,108,18.464957,-97.392434,https://mitehuacan.mx/?ruta=16
1,Cafeteria Ceut,café,114,18.463635,-97.388377,https://mitehuacan.mx/?ruta=16
1,Heladeria Y Paleteria Creamy,café,116,18.454355,-97.392526,https://mitehuacan.mx/?ruta=16
1,La Casita De Dulces,café,116,18.453392,-97.39177,https://mitehuacan.mx/?ruta=16
1,Cafe La Giralda,café,127,18.462077,-97.394352,https://mitehuacan.mx/?ruta=16
1,Venta Jugos Sin Nombre,café,129,18.455119,-97.393257,https://mitehuacan.mx/?ruta=16
1,Venta De Desayunos Sin Nombre,café,137,18.462891,-97.388139,https://mitehuacan.mx/?ruta=16
1,Cafeteria Casa Macarena,café,149,18.453885,-97.39254,https://mitehuacan.mx/?ruta=16
1,La Casa De La Tecnologia,celulares,0,18.461866,-97.389462,https://mitehuacan.mx/?ruta=16
1,Tiendas De Telefonos Distribuidor Autorizado Telcel Pamec,celulares,0,18.461441,-97.389465,https://mitehuacan.mx/?ruta=16
1,Tienda De Telefonos Distribuidor Autorizado Pamec Telcel,celulares,1,18.458753,-97.394037,https://mitehuacan.mx/?ruta=16
1,Accesorios Y Novedades Panda,celulares,3,18.4609,-97.390654,https://mitehuacan.mx/?ruta=16
1,Venta De Accesorios Para Celular Novedades Hernandez,celulares,3,18.460876,-97.389735,https://mitehuacan.mx/?ruta=16
1,Venta De Accesorios Telefonicos Dido Cell,celulares,3,18.460874,-97.389668,https://mitehuacan.mx/?ruta=16
1,Accesorios Para Celular Rom Cell,celulares,4,18.460917,-97.391298,https://mitehuacan.mx/?ruta=16
1,Dsitribuidor Autorizado Ultracel,celulares,4,18.464833,-97.391448,https://mitehuacan.mx/?ruta=16
1,J-Cell Accesorios,celulares,4,18.461313,-97.391509,https://mitehuacan.mx/?ruta=16
1,Reparacion De Computadoras Movil Cel Lap,celulares,4,18.464993,-97.391447,https://mitehuacan.mx/?ruta=16
1,Tienda De Telefonos Pamec Telcel,celulares,4,18.460943,-97.392408,https://mitehuacan.mx/?ruta=16
1,Venta De Productos De Electronica D& D Promotion,celulares,4,18.460975,-97.393687,https://mitehuacan.mx/?ruta=16
1,Compra Venta De Refacciones Para Celular,celulares,5,18.464343,-97.3894,https://mitehuacan.mx/?ruta=16
1,Tienda De Telefonia Genius Movil,celulares,5,18.466822,-97.391325,https://mitehuacan.mx/?ruta=16
1,Venta De Accesorios Para Celulares Varios,celulares,5,18.446599,-97.382203,https://mitehuacan.mx/?ruta=16
1,Accesorios Para Celular Telefonmania,celulares,6,18.459839,-97.391547,https://mitehuacan.mx/?ruta=16
1,Dido Cell,celulares,6,18.460882,-97.393909,https://mitehuacan.mx/?ruta=16
1,Tap-Cel,celulares,6,18.45989,-97.391429,https://mitehuacan.mx/?ruta=16
1,Tecnologia Inalambrica Del Itsmo,celulares,6,18.460856,-97.392705,https://mitehuacan.mx/?ruta=16
1,Tienda De Accesorios Para Celulares Centro Cell,celulares,6,18.459377,-97.391553,https://mitehuacan.mx/?ruta=16
1,Tienda De Telefonos Autorizado Pamec Telcel,celulares,6,18.458876,-97.391448,https://mitehuacan.mx/?ruta=16
1,Accesorios De Celulares Movistar,celulares,7,18.46086,-97.392989,https://mitehuacan.mx/?ruta=16
1,Compra Venta De Accesorios Para Celular La Reina,celulares,7,18.464143,-97.391352,https://mitehuacan.mx/?ruta=16
1,Compra Venta De Accesorios Para Celular Telef Mania,celulares,7,18.464369,-97.391348,https://mitehuacan.mx/?ruta=16
1,Compra Venta De Accesorios Para Celulares Technology Store,celulares,7,18.463817,-97.391357,https://mitehuacan.mx/?ruta=16
1,La Casa Del Celular,celulares,7,18.460865,-97.393283,https://mitehuacan.mx/?ruta=16
1,Technology Store,celulares,7,18.460025,-97.391426,https://mitehuacan.mx/?ruta=16
1,Tienda De Telefonia Pamec Telcel,celulares,7,18.461663,-97.391396,https://mitehuacan.mx/?ruta=16
1,Tmac Telcel Distribuidor Autorizado,celulares,7,18.460857,-97.39279,https://mitehuacan.mx/?ruta=16
1,Venta De Telefonos Telcel,celulares,7,18.460865,-97.393283,https://mitehuacan.mx/?ruta=16
1,Accesorios Para Celular Sin Nombre,celulares,8,18.460828,-97.391975,https://mitehuacan.mx/?ruta=16
1,Tienda De Accesorios Para Celular Nick Cell,celulares,8,18.460804,-97.391151,https://mitehuacan.mx/?ruta=16
1,Tienda De Accesorios Para Celulares Dido Cell,celulares,8,18.460835,-97.392196,https://mitehuacan.mx/?ruta=16
1,Tienda De Tecnologia,celulares,8,18.47237,-97.390571,https://mitehuacan.mx/?ruta=16
1,Venta De Accesorios Para Celulares Celular Tab,celulares,8,18.460822,-97.391807,https://mitehuacan.mx/?ruta=16
1,Venta De Display Para Celulares House Cel,celulares,8,18.460828,-97.391975,https://mitehuacan.mx/?ruta=16
1,Celular Wort,celulares,9,18.460796,-97.390838,https://mitehuacan.mx/?ruta=16
1,Reparacion Y Accesorios Movile Zone,celulares,9,18.460781,-97.390222,https://mitehuacan.mx/?ruta=16
1,Tienda De Accesorios Para El Celular Accs Cell,celulares,9,18.460803,-97.391122,https://mitehuacan.mx/?ruta=16
1,Tienda De Telefonos Distribuidor Autorizado Pamec Telcel,celulares,9,18.460765,-97.389624,https://mitehuacan.mx/?ruta=16
1,Venta De Accesorios Para Celular Cell Phone,celulares,9,18.460791,-97.39062,https://mitehuacan.mx/?ruta=16
1,Venta De Accesorios Para Celular Compu Planet,celulares,9,18.460787,-97.390449,https://mitehuacan.mx/?ruta=16
1,Venta De Accesorios Telefonicos Y Electronicos La Casa Del C,celulares,9,18.460767,-97.389729,https://mitehuacan.mx/?ruta=16
1,Venta De Celulares Celular World,celulares,9,18.460765,-97.389624,https://mitehuacan.mx/?ruta=16
1,Venta De Celulares Grupo Accel,celulares,9,18.460765,-97.389624,https://mitehuacan.mx/?ruta=16
1,Accesorios Para Celular Cell Ma-Va,celulares,12,18.462758,-97.389318,https://mitehuacan.mx/?ruta=16
1,Venta De Audio Y Computo Mitzu Electronicos,celulares,12,18.462677,-97.38932,https://mitehuacan.mx/?ruta=16
1,Venta De Telefonos Celulares Distribuidor Autorizado Telcel,celulares,15,18.461954,-97.391311,https://mitehuacan.mx/?ruta=16
1,Macropay,celulares,17,18.460713,-97.390664,https://mitehuacan.mx/?ruta=16
1,Venta De Accesorios Para Celular Digo Cell,celulares,18,18.46075,-97.392595,https://mitehuacan.mx/?ruta=16
1,Venta Y Reparacion De Celulares La Casa Del Celular Casa Cel,celulares,18,18.46075,-97.392595,https://mitehuacan.mx/?ruta=16
1,Tienda De Accesorios Pra Celular Sin Nombre,celulares,22,18.462871,-97.391233,https://mitehuacan.mx/?ruta=16
1,Tienda De Telefonos Telcel,celulares,23,18.462948,-97.389655,https://mitehuacan.mx/?ruta=16
1,Reparacion Y Accesorios Para Celular Sin Nombre,celulares,24,18.461574,-97.389692,https://mitehuacan.mx/?ruta=16
1,Accesorios Y Reparacion De Celulares Cell Master,celulares,29,18.461948,-97.391178,https://mitehuacan.mx/?ruta=16
1,Cell Master,celulares,29,18.461176,-97.392646,https://mitehuacan.mx/?ruta=16
1,Technology Store,celulares,34,18.461222,-97.392646,https://mitehuacan.mx/?ruta=16
1,Servicio Tecnico De Celulares El Vencedor,celulares,36,18.457442,-97.391188,https://mitehuacan.mx/?ruta=16
1,Venta De Accesorios Para Celular Cell-Tab,celulares,38,18.464852,-97.391052,https://mitehuacan.mx/?ruta=16
1,Tienda De Accesorios Para El Celular City Cell,celulares,45,18.46194,-97.391027,https://mitehuacan.mx/?ruta=16
1,King Memori,celulares,47,18.460751,-97.389027,https://mitehuacan.mx/?ruta=16
1,Tecnology Estore,celulares,48,18.46075,-97.389018,https://mitehuacan.mx/?ruta=16
1,Dmaeg Technology In Your Hands,celulares,52,18.469039,-97.389886,https://mitehuacan.mx/?ruta=16
1,Yeyi Cell Accesorios Y Reparacion,celulares,56,18.458698,-97.392199,https://mitehuacan.mx/?ruta=16
1,Grupo Accel Tienda De Telefonos Celulares De Telcel,celulares,58,18.462892,-97.391991,https://mitehuacan.mx/?ruta=16
1,Compra Venta De Accesorios Para Celular Accesorios Una Hora ,celulares,68,18.464835,-97.390085,https://mitehuacan.mx/?ruta=16
1,Compra Venta De Refacciones Para Celulares Iplus Refacciones,celulares,68,18.464835,-97.390085,https://mitehuacan.mx/?ruta=16
1,Distribuidor Autorizado Movistar,celulares,71,18.461501,-97.390292,https://mitehuacan.mx/?ruta=16
1,La Casa Del Celular Deluxe,celulares,71,18.461567,-97.393286,https://mitehuacan.mx/?ruta=16
1,Venta De Refacciones Para Celulares Celular Center,celulares,71,18.461501,-97.390292,https://mitehuacan.mx/?ruta=16
1,House - Cel,celulares,72,18.460746,-97.38879,https://mitehuacan.mx/?ruta=16
1,Tienda De Accesorios Para El Celular Centro Cell,celulares,73,18.462305,-97.390762,https://mitehuacan.mx/?ruta=16
1,Novedades Fabys,celulares,76,18.460746,-97.388752,https://mitehuacan.mx/?ruta=16
1,El Rey De Las Fundas,celulares,79,18.461657,-97.394166,https://mitehuacan.mx/?ruta=16
1,Venta De Accesorios Para Celular Case Store,celulares,80,18.461582,-97.390318,https://mitehuacan.mx/?ruta=16
1,Grupo Accel,celulares,84,18.458657,-97.390711,https://mitehuacan.mx/?ruta=16
1,Venta De Celulares Cellular Wordl,celulares,84,18.458657,-97.390711,https://mitehuacan.mx/?ruta=16
1,Tienda De Accesorios Para Celular Bas Prix,celulares,86,18.460133,-97.392572,https://mitehuacan.mx/?ruta=16
1,Macropay,celulares,89,18.460041,-97.389377,https://mitehuacan.mx/?ruta=16
1,Compra Venta De Accesorios Para Celular Life Style,celulares,92,18.462976,-97.390565,https://mitehuacan.mx/?ruta=16
1,Tienda De Telefonos Distribuidor Autorizado Pamec Telcel,celulares,92,18.462848,-97.390304,https://mitehuacan.mx/?ruta=16
1,Servicel Tehuacan Centro,celulares,97,18.46182,-97.39416,https://mitehuacan.mx/?ruta=16
1,Celular Shop,celulares,99,18.459776,-97.392433,https://mitehuacan.mx/?ruta=16
1,Telefonica Movistar,celulares,99,18.462854,-97.390503,https://mitehuacan.mx/?ruta=16
1,Venta De Accesorios Alpha Systems,celulares,100,18.459849,-97.392435,https://mitehuacan.mx/?ruta=16
1,Macropay,celulares,115,18.459805,-97.389379,https://mitehuacan.mx/?ruta=16
1,Venta De Accesorios Para Celular Sin Nombre,celulares,122,18.464879,-97.392569,https://mitehuacan.mx/?ruta=16
1,Accesorios Para Celulares Lucky,celulares,125,18.462071,-97.394239,https://mitehuacan.mx/?ruta=16
1,Accesorios Para Celulares Click,celulares,132,18.471419,-97.392555,https://mitehuacan.mx/?ruta=16
1,Reparacion Y Venta De Accesorios Telefonicos Ganac,celulares,137,18.462891,-97.388139,https://mitehuacan.mx/?ruta=16
1,Consultorio De Similares,consultorio,0,18.461731,-97.389463,https://mitehuacan.mx/?ruta=16
1,Consultorio Medico General Doctor Pablo Garcia Merino,consultorio,0,18.458748,-97.393867,https://mitehuacan.mx/?ruta=16
1,Unidad Medica San Agustin,consultorio,0,18.457838,-97.392731,https://mitehuacan.mx/?ruta=16
1,Clinica Dental Dr Jose Eduardo De Rosas Lopez,consultorio,1,18.456734,-97.392756,https://mitehuacan.mx/?ruta=16
1,Clinica Odontologica Sin Nombre,consultorio,1,18.444875,-97.387804,https://mitehuacan.mx/?ruta=16
1,Consultoria Y Asesoria Psicologica Particular,consultorio,1,18.456481,-97.392761,https://mitehuacan.mx/?ruta=16
1,Consultorio De Control De Peso Salut,consultorio,1,18.45687,-97.392752,https://mitehuacan.mx/?ruta=16
1,Laboratorio Dental Dent S,consultorio,1,18.442348,-97.389164,https://mitehuacan.mx/?ruta=16
1,Optica Delabli,consultorio,1,18.457983,-97.392728,https://mitehuacan.mx/?ruta=16
1,Consultorio Medico Doctor Roberto Nakid,consultorio,2,18.460753,-97.394195,https://mitehuacan.mx/?ruta=16
1,Consultorio Medico Eduardo Gonzalez Barbosa,consultorio,2,18.460753,-97.394195,https://mitehuacan.mx/?ruta=16
1,Consultorio Medico Torrescano,consultorio,2,18.462645,-97.389454,https://mitehuacan.mx/?ruta=16
1,Clinica De Rehabilitacion De Fisioterapia,consultorio,3,18.466563,-97.389381,https://mitehuacan.mx/?ruta=16
1,Clinica Imagen Dental Kids,consultorio,3,18.447024,-97.382513,https://mitehuacan.mx/?ruta=16
1,Consultorio De Cirugia,consultorio,3,18.447006,-97.382504,https://mitehuacan.mx/?ruta=16
1,Consultorio Dental,consultorio,3,18.460896,-97.390474,https://mitehuacan.mx/?ruta=16
1,Consultorio Dental Macdent,consultorio,3,18.466563,-97.389381,https://mitehuacan.mx/?ruta=16
1,Consultorio Dental Sin Nombre,consultorio,3,18.474335,-97.383067,https://mitehuacan.mx/?ruta=16
1,Consultorio Medico Fundacion Best,consultorio,3,18.460921,-97.391801,https://mitehuacan.mx/?ruta=16
1,Mega Den Consultorio,consultorio,3,18.446759,-97.38338,https://mitehuacan.mx/?ruta=16
1,Consultorio De Psicologia,consultorio,4,18.464833,-97.391448,https://mitehuacan.mx/?ruta=16
1,Consultorio Dental Ortodoncia Homeopatia,consultorio,4,18.461666,-97.3915,https://mitehuacan.mx/?ruta=16
1,Consultorio Dental Prodental,consultorio,4,18.46516,-97.389394,https://mitehuacan.mx/?ruta=16
1,Consultorio Dental San Pablo,consultorio,4,18.46154,-97.391503,https://mitehuacan.mx/?ruta=16
1,Consultorio Dental Sin Nombre,consultorio,4,18.460975,-97.393687,https://mitehuacan.mx/?ruta=16
1,Consultorio Medico Sin Nombre,consultorio,4,18.460974,-97.39364,https://mitehuacan.mx/?ruta=16
1,Laboratorio Dental Los Angeles,consultorio,4,18.465766,-97.389388,https://mitehuacan.mx/?ruta=16
1,Medico Pediatra,consultorio,4,18.461286,-97.39151,https://mitehuacan.mx/?ruta=16
1,Centro De Rehabilitacion Olin,consultorio,5,18.466173,-97.391436,https://mitehuacan.mx/?ruta=16
1,Clinica Dental Art,consultorio,5,18.467365,-97.39132,https://mitehuacan.mx/?ruta=16
1,Clinica Dermatofuncional,consultorio,5,18.466173,-97.391436,https://mitehuacan.mx/?ruta=16
1,Consultorio De Especialidad En Pediatria Y Nutricion Del Niñ,consultorio,5,18.464264,-97.389402,https://mitehuacan.mx/?ruta=16
1,Consultorio Dental,consultorio,5,18.466101,-97.391436,https://mitehuacan.mx/?ruta=16
1,Consultorio Dental,consultorio,5,18.469268,-97.391384,https://mitehuacan.mx/?ruta=16
1,Consultorio Dental Dentifam,consultorio,5,18.452563,-97.389422,https://mitehuacan.mx/?ruta=16
1,Consultorio Dental Mag,consultorio,5,18.469021,-97.391294,https://mitehuacan.mx/?ruta=16
1,Consultorio Dental Ruiz,consultorio,5,18.446821,-97.384997,https://mitehuacan.mx/?ruta=16
1,Consultorio Dental Sin Nombre,consultorio,5,18.465621,-97.391441,https://mitehuacan.mx/?ruta=16
1,Consultorio Dental Sin Nombre,consultorio,5,18.470478,-97.391273,https://mitehuacan.mx/?ruta=16
1,Nutriologa Consultorio,consultorio,5,18.467645,-97.391318,https://mitehuacan.mx/?ruta=16
1,Spa Jenn,consultorio,5,18.466173,-97.391436,https://mitehuacan.mx/?ruta=16
1,Terapia Fisica Y Rehabilitacion Physiokineur,consultorio,5,18.469356,-97.39129,https://mitehuacan.mx/?ruta=16
1,Unidad De Cuidado De Heridas,consultorio,5,18.469993,-97.389352,https://mitehuacan.mx/?ruta=16
1,Clinica Dental Integral Rie,consultorio,6,18.458437,-97.391574,https://mitehuacan.mx/?ruta=16
1,Consultorio Dental Haim,consultorio,6,18.465736,-97.391336,https://mitehuacan.mx/?ruta=16
1,Consultorio Dental Olmos,consultorio,6,18.459902,-97.391546,https://mitehuacan.mx/?ruta=16
1,Consultorio Dental Sin Nombre,consultorio,6,18.471196,-97.391367,https://mitehuacan.mx/?ruta=16
1,Consultorio Dental Sonrie,consultorio,6,18.456002,-97.391615,https://mitehuacan.mx/?ruta=16
1,Consultorio Medico General,consultorio,6,18.471621,-97.39136,https://mitehuacan.mx/?ruta=16
1,Consultorio Medico Mediem Medicina Empresarial,consultorio,6,18.456002,-97.391615,https://mitehuacan.mx/?ruta=16
1,Dental San Jose,consultorio,6,18.459962,-97.391428,https://mitehuacan.mx/?ruta=16
1,Podologia Salud Y Bienestar Para Sus Pies,consultorio,6,18.468056,-97.391412,https://mitehuacan.mx/?ruta=16
1,Psicologia,consultorio,6,18.468743,-97.391402,https://mitehuacan.mx/?ruta=16
1,Clinica Dental Diamante,consultorio,7,18.463319,-97.391369,https://mitehuacan.mx/?ruta=16
1,Consultorio Medico Cims,consultorio,7,18.463156,-97.391375,https://mitehuacan.mx/?ruta=16
1,Consultorio Medico De Similares,consultorio,7,18.461645,-97.391396,https://mitehuacan.mx/?ruta=16
1,Consultorio Medico Pediatrico Sin Nombre,consultorio,7,18.463482,-97.391363,https://mitehuacan.mx/?ruta=16
1,Consultorio Medico Similares,consultorio,7,18.461609,-97.391397,https://mitehuacan.mx/?ruta=16
1,Dentista Sin Nombre,consultorio,7,18.478252,-97.37671,https://mitehuacan.mx/?ruta=16
1,Servicio De Control De Peso,consultorio,7,18.463319,-97.391369,https://mitehuacan.mx/?ruta=16
1,Consultorio Dental Dental 4 Tehuacan,consultorio,8,18.460828,-97.391975,https://mitehuacan.mx/?ruta=16
1,Consultorio Nutricional Nutrifitnes,consultorio,8,18.460828,-97.391975,https://mitehuacan.mx/?ruta=16
1,Ident Odontologia Integral Y Ortodoncia,consultorio,8,18.460832,-97.392127,https://mitehuacan.mx/?ruta=16
1,Optica Verbien,consultorio,8,18.460827,-97.391966,https://mitehuacan.mx/?ruta=16
1,Consultorio De Similares,consultorio,9,18.460787,-97.39044,https://mitehuacan.mx/?ruta=16
1,Consultorio Medico Farmacias Similares,consultorio,9,18.460787,-97.39044,https://mitehuacan.mx/?ruta=16
1,Consultorio Psicologico Psicologia Integral Aplicada,consultorio,10,18.452742,-97.38952,https://mitehuacan.mx/?ruta=16
1,Grupo Dental Bulas,consultorio,11,18.458843,-97.393721,https://mitehuacan.mx/?ruta=16
1,Clinica Dental Familiar,consultorio,12,18.467008,-97.391492,https://mitehuacan.mx/?ruta=16
1,Consultorio Medico Rogelio Miranda Ruiz,consultorio,12,18.462947,-97.389551,https://mitehuacan.mx/?ruta=16
1,Clinica Britania,consultorio,13,18.467845,-97.38927,https://mitehuacan.mx/?ruta=16
1,Clinica Dental Catedral,consultorio,13,18.460812,-97.393473,https://mitehuacan.mx/?ruta=16
1,Consultorio Medico Agustin Pacheco Merlo,consultorio,13,18.458816,-97.392897,https://mitehuacan.mx/?ruta=16
1,Consultorio Dental Zona Dental,consultorio,14,18.468397,-97.389267,https://mitehuacan.mx/?ruta=16
1,Consultorio Medico,consultorio,16,18.463427,-97.389299,https://mitehuacan.mx/?ruta=16
1,Clinica Dental Martinez,consultorio,17,18.462931,-97.389276,https://mitehuacan.mx/?ruta=16
1,Local De Servicios Optica Tehuacan,consultorio,17,18.465436,-97.389265,https://mitehuacan.mx/?ruta=16
1,Clinicasca Dental Safir,consultorio,18,18.464296,-97.389281,https://mitehuacan.mx/?ruta=16
1,Consultorio Dental Dental Center Rosmed,consultorio,18,18.465093,-97.389266,https://mitehuacan.mx/?ruta=16
1,Consultorio Medico Medicina General,consultorio,19,18.460672,-97.389473,https://mitehuacan.mx/?ruta=16
1,Consultorio Dental San Miguel Arcangel,consultorio,21,18.444208,-97.389368,https://mitehuacan.mx/?ruta=16
1,Consultorio Medico Sin Nombre,consultorio,21,18.447903,-97.383344,https://mitehuacan.mx/?ruta=16
1,Consultorio De Odontologia Integral Am,consultorio,22,18.460644,-97.389474,https://mitehuacan.mx/?ruta=16
1,Consultorio Dental,consultorio,23,18.470569,-97.389599,https://mitehuacan.mx/?ruta=16
1,Clinica Dental Sonrisas Increibles,consultorio,27,18.456531,-97.393002,https://mitehuacan.mx/?ruta=16
1,Consultorio Dental,consultorio,29,18.460036,-97.394478,https://mitehuacan.mx/?ruta=16
1,Consultorio Dental Dra Jazmin Sanchez Tecuatl,consultorio,29,18.460036,-97.394478,https://mitehuacan.mx/?ruta=16
1,Consultorio Medico Sin Nombre,consultorio,29,18.460036,-97.394478,https://mitehuacan.mx/?ruta=16
1,Clinica Dental Guadalupe,consultorio,31,18.462807,-97.389138,https://mitehuacan.mx/?ruta=16
1,Consultorio De Fisioterapia Y Rehabilitacion Ademclinic,consultorio,31,18.444191,-97.387642,https://mitehuacan.mx/?ruta=16
1,Consultorio Medico De Farmacia De Apollo,consultorio,31,18.458562,-97.392434,https://mitehuacan.mx/?ruta=16
1,Consultorio Dental Dentirob,consultorio,34,18.460601,-97.392459,https://mitehuacan.mx/?ruta=16
1,Optometria Integral Tehuacan,consultorio,34,18.464863,-97.391735,https://mitehuacan.mx/?ruta=16
1,Creo Fisioterapeuta,consultorio,35,18.453451,-97.389795,https://mitehuacan.mx/?ruta=16
1,Consultorios Medicos Cisi,consultorio,38,18.441345,-97.380067,https://mitehuacan.mx/?ruta=16
1,Clinica De Fisioterapia Fisica Y Rehabilitacion Yomelly,consultorio,39,18.456536,-97.393116,https://mitehuacan.mx/?ruta=16
1,Clinica Dental Juan Yusef,consultorio,42,18.455432,-97.392494,https://mitehuacan.mx/?ruta=16
1,Ortho Plus Clinica Dental,consultorio,42,18.464933,-97.391012,https://mitehuacan.mx/?ruta=16
1,Consultorio Dental,consultorio,44,18.457557,-97.391943,https://mitehuacan.mx/?ruta=16
1,Consultorio Dental Docky Dental,consultorio,44,18.459129,-97.393483,https://mitehuacan.mx/?ruta=16
1,Consultorio En Ginecologia Y Obstetricia,consultorio,44,18.464933,-97.390993,https://mitehuacan.mx/?ruta=16
1,Consultorio Medico Dental,consultorio,45,18.4587,-97.392303,https://mitehuacan.mx/?ruta=16
1,Ginecologia Y Obstetricia Dr Ruben Gonzalez Gomez,consultorio,47,18.460993,-97.394607,https://mitehuacan.mx/?ruta=16
1,Clinica Dental A&R,consultorio,51,18.464832,-97.389924,https://mitehuacan.mx/?ruta=16
1,Axel Sport Terapia Fisica,consultorio,52,18.458694,-97.392,https://mitehuacan.mx/?ruta=16
1,Clinica Dental Puebla,consultorio,52,18.458694,-97.392,https://mitehuacan.mx/?ruta=16
1,Consultorio Dental Sin Nombre,consultorio,52,18.470292,-97.391818,https://mitehuacan.mx/?ruta=16
1,Sanaury Control De Peso,consultorio,52,18.458694,-97.392,https://mitehuacan.mx/?ruta=16
1,Consultorio Medico De Fundacion Best,consultorio,53,18.458694,-97.392009,https://mitehuacan.mx/?ruta=16
1,Consultorio Medico De Fundacion Best Fin De Semana,consultorio,53,18.458694,-97.392009,https://mitehuacan.mx/?ruta=16
1,Consultorio Medico Fundacion Best Vespertino,consultorio,53,18.458694,-97.392009,https://mitehuacan.mx/?ruta=16
1,Clinica Urologica De Tehuacan,consultorio,56,18.465966,-97.389952,https://mitehuacan.mx/?ruta=16
1,Consultorio Medico Juan Luna Diaz,consultorio,56,18.458698,-97.392199,https://mitehuacan.mx/?ruta=16
1,Consultorio Particular,consultorio,56,18.472805,-97.390699,https://mitehuacan.mx/?ruta=16
1,Sanadores Espirituales,consultorio,56,18.45924,-97.393573,https://mitehuacan.mx/?ruta=16
1,Servicio De Composturas De Maquinas De Coser Y Cura Huesos S,consultorio,56,18.44997,-97.386696,https://mitehuacan.mx/?ruta=16
1,Servicio Dental Dental 24 Horass,consultorio,60,18.461574,-97.388895,https://mitehuacan.mx/?ruta=16
1,Consultorio Dental Rehabilident,consultorio,61,18.457536,-97.390948,https://mitehuacan.mx/?ruta=16
1,Consultorio Dental Sin Nombre,consultorio,62,18.46205,-97.390871,https://mitehuacan.mx/?ruta=16
1,Consultorio Dental Sin Nombre,consultorio,63,18.464815,-97.388843,https://mitehuacan.mx/?ruta=16
1,Unidad De Medicina Integral De Tehuacan Eterno,consultorio,67,18.457016,-97.390908,https://mitehuacan.mx/?ruta=16
1,Dermatologa Susana Cornejo Rodriguez,consultorio,68,18.460998,-97.394806,https://mitehuacan.mx/?ruta=16
1,Dispensario Medico San Vicente De Paul,consultorio,68,18.461536,-97.39317,https://mitehuacan.mx/?ruta=16
1,Consultorio De Ginecologia Y Colposcopia,consultorio,70,18.464812,-97.388776,https://mitehuacan.mx/?ruta=16
1,Oroz Podologia,consultorio,70,18.45962,-97.393558,https://mitehuacan.mx/?ruta=16
1,Consultorio Dental Ortidenth,consultorio,71,18.461501,-97.390292,https://mitehuacan.mx/?ruta=16
1,Consultorio Medico Sin Nombre,consultorio,75,18.469049,-97.390104,https://mitehuacan.mx/?ruta=16
1,Spa Pies Podologia,consultorio,75,18.46702,-97.39208,https://mitehuacan.mx/?ruta=16
1,Terapias Orientales Contacto Energetico,consultorio,75,18.46702,-97.39208,https://mitehuacan.mx/?ruta=16
1,Consultorio De Psicologia Sin Nombre,consultorio,76,18.444548,-97.382813,https://mitehuacan.mx/?ruta=16
1,Quiropractico Osteopata E Iridologa Espalda Sana,consultorio,79,18.473188,-97.390146,https://mitehuacan.mx/?ruta=16
1,Control De Peso Y Terapia Auricular Acupuntura,consultorio,80,18.460187,-97.392574,https://mitehuacan.mx/?ruta=16
1,Excelsior Atencion Dental,consultorio,80,18.454871,-97.392511,https://mitehuacan.mx/?ruta=16
1,Consultorio De Odontologia Integral Y Ortodoncia,consultorio,82,18.454468,-97.390008,https://mitehuacan.mx/?ruta=16
1,Consultorio Dental May Dental Studio,consultorio,82,18.464926,-97.390632,https://mitehuacan.mx/?ruta=16
1,Consultorio Psicologico Efecto Mariposa,consultorio,82,18.465955,-97.388643,https://mitehuacan.mx/?ruta=16
1,Consultorio Dental,consultorio,83,18.468632,-97.392139,https://mitehuacan.mx/?ruta=16
1,Consultorio Medico,consultorio,83,18.462859,-97.390654,https://mitehuacan.mx/?ruta=16
1,Tratamiento De Columna Y Cadera,consultorio,83,18.455766,-97.393367,https://mitehuacan.mx/?ruta=16
1,Consultoriode Terapia Diego,consultorio,90,18.466949,-97.39026,https://mitehuacan.mx/?ruta=16
1,Global Psychological Service,consultorio,91,18.454075,-97.389604,https://mitehuacan.mx/?ruta=16
1,Psicoemociones Atencion Psicologica Integral,consultorio,91,18.454075,-97.389604,https://mitehuacan.mx/?ruta=16
1,Clinica Dental Bolaños,consultorio,94,18.461778,-97.393376,https://mitehuacan.mx/?ruta=16
1,Consultorio Dental,consultorio,94,18.461778,-97.393376,https://mitehuacan.mx/?ruta=16
1,Consultorio Medico,consultorio,94,18.461781,-97.39348,https://mitehuacan.mx/?ruta=16
1,Consultorio Dental Sin Nombre,consultorio,95,18.469065,-97.390445,https://mitehuacan.mx/?ruta=16
1,Centro De Podologia De Tehuacan,consultorio,96,18.462784,-97.388522,https://mitehuacan.mx/?ruta=16
1,Consultorio Dental Sin Nombre,consultorio,96,18.462849,-97.390342,https://mitehuacan.mx/?ruta=16
1,Consultorio Dental Ortho Shine,consultorio,97,18.464874,-97.392323,https://mitehuacan.mx/?ruta=16
1,Consultorio Dental Sin Nombre,consultorio,97,18.464874,-97.392323,https://mitehuacan.mx/?ruta=16
1,Espacio Nutritivo,consultorio,97,18.464874,-97.392323,https://mitehuacan.mx/?ruta=16
1,Sanatorio El Nuevo Siglo,consultorio,97,18.465891,-97.388503,https://mitehuacan.mx/?ruta=16
1,Servicio Medico De Optometria Optishop,consultorio,97,18.464874,-97.392323,https://mitehuacan.mx/?ruta=16
1,Consultorio Medico Homeopatico,consultorio,99,18.46382,-97.392364,https://mitehuacan.mx/?ruta=16
1,Dental Martinez,consultorio,99,18.463947,-97.392362,https://mitehuacan.mx/?ruta=16
1,Clinica De Fisioterapia Reintegrate,consultorio,100,18.471302,-97.39027,https://mitehuacan.mx/?ruta=16
1,Consultorio Medico General,consultorio,100,18.457713,-97.393685,https://mitehuacan.mx/?ruta=16
1,Consultorio Dental,consultorio,101,18.462851,-97.390389,https://mitehuacan.mx/?ruta=16
1,Consultorio Mb Dental,consultorio,103,18.458883,-97.395238,https://mitehuacan.mx/?ruta=16
1,Dental Veracruzana,consultorio,104,18.460741,-97.388487,https://mitehuacan.mx/?ruta=16
1,Consultorio Dental Consuldent,consultorio,105,18.466923,-97.392368,https://mitehuacan.mx/?ruta=16
1,Clinica Dental Sin Nombre,consultorio,107,18.463461,-97.392443,https://mitehuacan.mx/?ruta=16
1,Km Consultorio Dental,consultorio,109,18.464622,-97.388409,https://mitehuacan.mx/?ruta=16
1,Consultorio Dental,consultorio,112,18.455426,-97.390383,https://mitehuacan.mx/?ruta=16
1,Consultorio Dental,consultorio,113,18.464958,-97.392481,https://mitehuacan.mx/?ruta=16
1,Consultorio Medico,consultorio,113,18.454735,-97.392799,https://mitehuacan.mx/?ruta=16
1,Consultorio Medico,consultorio,117,18.473328,-97.391412,https://mitehuacan.mx/?ruta=16
1,Consultorio Particular De Pediatria,consultorio,117,18.473328,-97.391412,https://mitehuacan.mx/?ruta=16
1,Clinica Dental Oral,consultorio,118,18.464794,-97.388322,https://mitehuacan.mx/?ruta=16
1,Denflix Clinica Dental,consultorio,119,18.455488,-97.393569,https://mitehuacan.mx/?ruta=16
1,Optica De Jesus,consultorio,120,18.464878,-97.392541,https://mitehuacan.mx/?ruta=16
1,Consultorio De Ginecologia Y Obstetricia Dr Jose Luis Aquino,consultorio,122,18.458886,-97.395418,https://mitehuacan.mx/?ruta=16
1,Optica Visual Blue,consultorio,123,18.464793,-97.388274,https://mitehuacan.mx/?ruta=16
1,Optica Galileo,consultorio,124,18.462777,-97.388257,https://mitehuacan.mx/?ruta=16
1,Clinica De Columna Ozonoterapia,consultorio,126,18.462777,-97.388238,https://mitehuacan.mx/?ruta=16
1,Consultorio De Pediatria Doctor Ramon Guerrero Bayardo,consultorio,127,18.462077,-97.394352,https://mitehuacan.mx/?ruta=16
1,Consultorio Dental Sin Nombre,consultorio,127,18.462077,-97.394352,https://mitehuacan.mx/?ruta=16
1,Consultorio Medico De Cardiologia,consultorio,127,18.462077,-97.394352,https://mitehuacan.mx/?ruta=16
1,Clinica Medica Sarabia,consultorio,128,18.473441,-97.391355,https://mitehuacan.mx/?ruta=16
1,Clinica Dental Gara,consultorio,131,18.462775,-97.38819,https://mitehuacan.mx/?ruta=16
1,Consultorio Medico Guillermo Ulises Gonzalez Hernandez,consultorio,132,18.462088,-97.394542,https://mitehuacan.mx/?ruta=16
1,Deposito Dental La Plazuela,consultorio,132,18.462088,-97.394542,https://mitehuacan.mx/?ruta=16
1,Consultorio Medico Homeopatico Sin Nombre,consultorio,134,18.458813,-97.395534,https://mitehuacan.mx/?ruta=16
1,Consultorio Doctor Sergio Avendano Aguilar,consultorio,137,18.462891,-97.388139,https://mitehuacan.mx/?ruta=16
1,Centro De Apiterapia,consultorio,138,18.471353,-97.392617,https://mitehuacan.mx/?ruta=16
1,Optica Fared,consultorio,141,18.473153,-97.392132,https://mitehuacan.mx/?ruta=16
1,Consultorio Dental,consultorio,142,18.471353,-97.392651,https://mitehuacan.mx/?ruta=16
1,Kinesio Vida,consultorio,142,18.456989,-97.390197,https://mitehuacan.mx/?ruta=16
1,Clinica Endodental,consultorio,145,18.462254,-97.394142,https://mitehuacan.mx/?ruta=16
1,Consultorio De Medicina Natural,consultorio,145,18.462889,-97.388063,https://mitehuacan.mx/?ruta=16
1,Consultorio Oftalmologico,consultorio,145,18.462254,-97.394142,https://mitehuacan.mx/?ruta=16
1,Consultorio Psicologico,consultorio,145,18.462005,-97.394981,https://mitehuacan.mx/?ruta=16
1,Galez Centro Odontologico,consultorio,145,18.459528,-97.389383,https://mitehuacan.mx/?ruta=16
1,Servicio Dental Smile Dental,consultorio,145,18.464883,-97.392778,https://mitehuacan.mx/?ruta=16
1,Consultorio Clínico Dental de Tehuacán,dentista,126,18.464981,-97.392605,https://mitehuacan.mx/?ruta=16
1,Tecditeh Tecnico Digital Tehuacan,electrónica,0,18.472332,-97.380268,https://mitehuacan.mx/?ruta=16
1,Tecni-Cell,electrónica,0,18.463106,-97.389438,https://mitehuacan.mx/?ruta=16
1,Game Over Video Juegos,electrónica,1,18.458653,-97.392717,https://mitehuacan.mx/?ruta=16
1,Electronica Y Servicio Sin Nombre,electrónica,3,18.466753,-97.389379,https://mitehuacan.mx/?ruta=16
1,Repara Phohe,electrónica,3,18.460924,-97.391886,https://mitehuacan.mx/?ruta=16
1,Reparacion De Celulares City Cell,electrónica,3,18.46353,-97.389425,https://mitehuacan.mx/?ruta=16
1,Reparacion De Celulares Salto Del Agua,electrónica,3,18.460898,-97.390569,https://mitehuacan.mx/?ruta=16
1,Servicio Y Refacciones Castro,electrónica,3,18.460921,-97.391782,https://mitehuacan.mx/?ruta=16
1,7375 Mega Tehuacan Calle 3,electrónica,4,18.463832,-97.391461,https://mitehuacan.mx/?ruta=16
1,Compra Venta De Accesorios Para Celular Cell Partes Puebla,electrónica,4,18.464001,-97.389409,https://mitehuacan.mx/?ruta=16
1,Compra Venta De Electrodomesticos,electrónica,4,18.464644,-97.39145,https://mitehuacan.mx/?ruta=16
1,Mantenimiento Y Reparacion De Computadoras Y Laptops Megaton,electrónica,4,18.464815,-97.391448,https://mitehuacan.mx/?ruta=16
1,Meaven S Tinteh Servicio Tecnico De Reparacion De Impresoras,electrónica,4,18.464806,-97.391448,https://mitehuacan.mx/?ruta=16
1,Mega Toners,electrónica,4,18.464843,-97.391448,https://mitehuacan.mx/?ruta=16
1,Refaccionaria Espinoza,electrónica,4,18.460945,-97.392436,https://mitehuacan.mx/?ruta=16
1,Refacciones Espinosa,electrónica,4,18.460947,-97.392493,https://mitehuacan.mx/?ruta=16
1,Renta De Video Juegos X-Box,electrónica,4,18.46154,-97.391503,https://mitehuacan.mx/?ruta=16
1,Renta De Videojuegos Y Maquinitas Sin Nombre,electrónica,4,18.464006,-97.389409,https://mitehuacan.mx/?ruta=16
1,Servicio De Reparacion De Celulares Celular Center,electrónica,4,18.464392,-97.391452,https://mitehuacan.mx/?ruta=16
1,Servicio De Reparacion Yo Reparo,electrónica,4,18.463676,-97.38942,https://mitehuacan.mx/?ruta=16
1,Renta De Videojuegos La Cueva Del Xbox,electrónica,5,18.442594,-97.388985,https://mitehuacan.mx/?ruta=16
1,Reparacion De Celulaes Y Servicio Tecnico,electrónica,5,18.462345,-97.391493,https://mitehuacan.mx/?ruta=16
1,Reparacion De Celulares Playstore,electrónica,5,18.464253,-97.389402,https://mitehuacan.mx/?ruta=16
1,Venta Y Reparacion De Computadoras Equipa.Com,electrónica,5,18.4663,-97.391434,https://mitehuacan.mx/?ruta=16
1,Compu cell,electrónica,5,18.464465,-97.391463,https://mitehuacan.mx/?ruta=16
1,N Soluciones,electrónica,7,18.464957,-97.391343,https://mitehuacan.mx/?ruta=16
1,Renta De Videojuegos Xbox,electrónica,7,18.464278,-97.391349,https://mitehuacan.mx/?ruta=16
1,Reparacel,electrónica,7,18.460863,-97.39315,https://mitehuacan.mx/?ruta=16
1,Servicio De Maquinitas De Videojuegos,electrónica,7,18.464061,-97.391353,https://mitehuacan.mx/?ruta=16
1,Servicio De Recargas De Cartuchos Ypc Computadoras,electrónica,7,18.461735,-97.391394,https://mitehuacan.mx/?ruta=16
1,Servicio De Reparacion De Celulares Alfa Cell,electrónica,7,18.4634,-97.391366,https://mitehuacan.mx/?ruta=16
1,Servicio Electronico Eprom,electrónica,7,18.447757,-97.383091,https://mitehuacan.mx/?ruta=16
1,Taller De Reparacion De Celulares Sin Nombre,electrónica,7,18.46426,-97.39135,https://mitehuacan.mx/?ruta=16
1,Tienda De Electronica Muebleria Tenorio,electrónica,7,18.460315,-97.391421,https://mitehuacan.mx/?ruta=16
1,1562 Mega Tehuacan,electrónica,8,18.460826,-97.391925,https://mitehuacan.mx/?ruta=16
1,Taller De Reparacion De Celulares Network Unlook,electrónica,8,18.460808,-97.391283,https://mitehuacan.mx/?ruta=16
1,Electronica Osorio,electrónica,12,18.462803,-97.389317,https://mitehuacan.mx/?ruta=16
1,Reparacion De Telefonos Sin Nombre,electrónica,12,18.461293,-97.389346,https://mitehuacan.mx/?ruta=16
1,Yekcel Reparacion De Celulares,electrónica,13,18.458821,-97.393075,https://mitehuacan.mx/?ruta=16
1,Electronica Jensen,electrónica,14,18.468904,-97.389263,https://mitehuacan.mx/?ruta=16
1,Reparacion De Celulares Fixcel,electrónica,17,18.463744,-97.389291,https://mitehuacan.mx/?ruta=16
1,Taller De Reparacion De Pantallas Servicio Digitial,electrónica,18,18.464486,-97.389278,https://mitehuacan.mx/?ruta=16
1,Renta De Xbox,electrónica,21,18.461573,-97.389661,https://mitehuacan.mx/?ruta=16
1,Compra Venta De Audios Y Video,electrónica,23,18.460666,-97.390749,https://mitehuacan.mx/?ruta=16
1,Videojuegos Sin Nombre,electrónica,29,18.461948,-97.391178,https://mitehuacan.mx/?ruta=16
1,Diario Primera Linea Periodico Digital,electrónica,31,18.454373,-97.390532,https://mitehuacan.mx/?ruta=16
1,Refrigeracion Gresa,electrónica,31,18.454373,-97.390532,https://mitehuacan.mx/?ruta=16
1,The Gamer Juegos De Maquinitas,electrónica,31,18.472304,-97.391531,https://mitehuacan.mx/?ruta=16
1,Reparacion De Televisiones,electrónica,40,18.456537,-97.391171,https://mitehuacan.mx/?ruta=16
1,Renta De Maquinita,electrónica,42,18.471984,-97.379219,https://mitehuacan.mx/?ruta=16
1,Tv Servicio Panasonic,electrónica,43,18.466912,-97.39178,https://mitehuacan.mx/?ruta=16
1,Centro De Servicios Incomex,electrónica,46,18.471359,-97.391744,https://mitehuacan.mx/?ruta=16
1,Reparacion De Telefonos Repara Phone,electrónica,53,18.46485,-97.39091,https://mitehuacan.mx/?ruta=16
1,Venta De Accesorios Celulares Computacion Y Repaciones De Ce,electrónica,56,18.460845,-97.388939,https://mitehuacan.mx/?ruta=16
1,Taller De Reparacion De Celulares Loby Reparaciones,electrónica,61,18.46493,-97.390831,https://mitehuacan.mx/?ruta=16
1,Maquinitas Juegos Sin Nombre,electrónica,64,18.461579,-97.390071,https://mitehuacan.mx/?ruta=16
1,Taller De Reparacion De Celulares Tecnicel,electrónica,65,18.461502,-97.392641,https://mitehuacan.mx/?ruta=16
1,Taller De Reparacion De Celulares Moviles Azuani,electrónica,67,18.457435,-97.390894,https://mitehuacan.mx/?ruta=16
1,Taller De Reparacion De Celulares Sin Nombre,electrónica,67,18.454369,-97.390115,https://mitehuacan.mx/?ruta=16
1,Steren,electrónica,67,18.462825,-97.388796,https://mitehuacan.mx/?ruta=16
1,Reparaciones Telcel,electrónica,72,18.459309,-97.392541,https://mitehuacan.mx/?ruta=16
1,Servicio De Reparacion De Electronicos Y Refacciones Tobon,electrónica,74,18.458878,-97.394963,https://mitehuacan.mx/?ruta=16
1,Venta De Material De Bocina Y Reparacion Tecnica Universal,electrónica,77,18.460153,-97.389375,https://mitehuacan.mx/?ruta=16
1,Taller De Reparacion De Celulares Hospital Del Celular,electrónica,100,18.459994,-97.39244,https://mitehuacan.mx/?ruta=16
1,Reparacion De Computadoras Compuservice Soft & Hardware,electrónica,102,18.457352,-97.393711,https://mitehuacan.mx/?ruta=16
1,Profesionistas Y Tecnicos Tobon,electrónica,104,18.458806,-97.39525,https://mitehuacan.mx/?ruta=16
1,Servicio Tecnico De Celulares,electrónica,109,18.474963,-97.387459,https://mitehuacan.mx/?ruta=16
1,Taller De Compostura De Telefonia At&T,electrónica,114,18.457108,-97.39046,https://mitehuacan.mx/?ruta=16
1,Compra Y Venta Reparacion De Laptop Y Pc Mundo Lap,electrónica,130,18.46488,-97.392636,https://mitehuacan.mx/?ruta=16
1,Reparacion De Celulares Y Venta De Accesorios Cell-Solutions,electrónica,133,18.451004,-97.386633,https://mitehuacan.mx/?ruta=16
1,Servicios De Computadoras Tehuacan,electrónica,137,18.462891,-97.388139,https://mitehuacan.mx/?ruta=16
1,Servicio Tecnico Sin Nombre,electrónica,143,18.453431,-97.388486,https://mitehuacan.mx/?ruta=16
1,Instrumentacion Y Control Mantenimiento De Equipo Elctronico,electrónica,146,18.473187,-97.392163,https://mitehuacan.mx/?ruta=16
1,Peluches Toll,electrónica,148,18.471304,-97.392714,https://mitehuacan.mx/?ruta=16
1,Ciber Pichon,electrónica,150,18.475325,-97.387625,https://mitehuacan.mx/?ruta=16
1,Tatoo Estudio,estética,0,18.472368,-97.378733,https://mitehuacan.mx/?ruta=16
1,Peluqueria Blanco Y Negro,estética,1,18.446509,-97.382287,https://mitehuacan.mx/?ruta=16
1,Aplicacion De Tatuajes Corazon Negro Tattoo,estética,2,18.458724,-97.393156,https://mitehuacan.mx/?ruta=16
1,Estetica Estudio M,estética,2,18.473323,-97.388793,https://mitehuacan.mx/?ruta=16
1,Estetica Livia,estética,2,18.472399,-97.378236,https://mitehuacan.mx/?ruta=16
1,Estetica Radiance,estética,2,18.458726,-97.393203,https://mitehuacan.mx/?ruta=16
1,Peluqueria Costa De Vaquero El Banda,estética,2,18.472317,-97.381312,https://mitehuacan.mx/?ruta=16
1,Sala De Belleza By Paty Robles,estética,2,18.447584,-97.38281,https://mitehuacan.mx/?ruta=16
1,Barberia Cruz,estética,3,18.456371,-97.392784,https://mitehuacan.mx/?ruta=16
1,Centro De Belleza Lux,estética,3,18.456382,-97.392779,https://mitehuacan.mx/?ruta=16
1,Estetica Kary Rios,estética,3,18.46597,-97.389449,https://mitehuacan.mx/?ruta=16
1,Estetica Maribel,estética,3,18.46089,-97.390227,https://mitehuacan.mx/?ruta=16
1,Estetica Y Peluqueria Cristy,estética,3,18.475916,-97.37585,https://mitehuacan.mx/?ruta=16
1,Peluqueria Varela,estética,3,18.46088,-97.389877,https://mitehuacan.mx/?ruta=16
1,Estetica Mayumi,estética,4,18.478241,-97.376804,https://mitehuacan.mx/?ruta=16
1,Estetica Unisex Francis,estética,4,18.468481,-97.389359,https://mitehuacan.mx/?ruta=16
1,Jerque Barber Shop Peluqueria,estética,4,18.453539,-97.390221,https://mitehuacan.mx/?ruta=16
1,Body & Face,estética,5,18.469287,-97.389345,https://mitehuacan.mx/?ruta=16
1,Estetica Diannails,estética,5,18.469731,-97.389349,https://mitehuacan.mx/?ruta=16
1,Estetica Unisex Gloss,estética,5,18.447253,-97.38255,https://mitehuacan.mx/?ruta=16
1,Melendez Beauty Studio,estética,5,18.469151,-97.389344,https://mitehuacan.mx/?ruta=16
1,Nails Y Glamour,estética,5,18.469141,-97.391385,https://mitehuacan.mx/?ruta=16
1,Salon Y Spa Yetro,estética,5,18.467591,-97.391318,https://mitehuacan.mx/?ruta=16
1,Aplicacion De Tatuajes Iniestra In,estética,6,18.458446,-97.391574,https://mitehuacan.mx/?ruta=16
1,Barberia Enchulame La Greña,estética,6,18.466577,-97.391328,https://mitehuacan.mx/?ruta=16
1,Beauty Salon,estética,6,18.455785,-97.39162,https://mitehuacan.mx/?ruta=16
1,Estetica Dians,estética,6,18.45783,-97.39158,https://mitehuacan.mx/?ruta=16
1,Estetica Marce,estética,6,18.46754,-97.39142,https://mitehuacan.mx/?ruta=16
1,Estetica Tysharis,estética,6,18.456645,-97.391604,https://mitehuacan.mx/?ruta=16
1,Peluqueria Los Charmines,estética,6,18.446373,-97.384565,https://mitehuacan.mx/?ruta=16
1,Peluqueria Y Estetica El Gran Tocador,estética,6,18.465781,-97.391335,https://mitehuacan.mx/?ruta=16
1,Salon De Belleza Nale Studio,estética,6,18.466125,-97.391332,https://mitehuacan.mx/?ruta=16
1,Studio K Servicio De Uñas Y Cejas,estética,6,18.455866,-97.391618,https://mitehuacan.mx/?ruta=16
1,Barberia Bronx,estética,7,18.463319,-97.391369,https://mitehuacan.mx/?ruta=16
1,Barberia Merimar,estética,7,18.464906,-97.389504,https://mitehuacan.mx/?ruta=16
1,Estetica Fashion Nails,estética,7,18.464695,-97.391345,https://mitehuacan.mx/?ruta=16
1,Estetica Paris,estética,7,18.462269,-97.391382,https://mitehuacan.mx/?ruta=16
1,Salon De Belleza La Bella Rose,estética,7,18.465021,-97.391342,https://mitehuacan.mx/?ruta=16
1,Salon De Belleza Melani,estética,7,18.468669,-97.389462,https://mitehuacan.mx/?ruta=16
1,Tatuajes Aruma Coi,estética,7,18.462305,-97.391382,https://mitehuacan.mx/?ruta=16
1,Curvilenea Curvilinea Spa,estética,8,18.460828,-97.391975,https://mitehuacan.mx/?ruta=16
1,Peluqueria Sin Nombre,estética,8,18.446797,-97.384649,https://mitehuacan.mx/?ruta=16
1,Barberia Y Estetica Erikos,estética,9,18.447125,-97.384117,https://mitehuacan.mx/?ruta=16
1,Perfect Lashes,estética,9,18.47238,-97.389556,https://mitehuacan.mx/?ruta=16
1,Diamond Joyeria Y Tatuajes,estética,10,18.458624,-97.393269,https://mitehuacan.mx/?ruta=16
1,Estetica Sin Nombre,estética,12,18.470525,-97.389276,https://mitehuacan.mx/?ruta=16
1,Estetica Cecy Court,estética,13,18.45941,-97.394111,https://mitehuacan.mx/?ruta=16
1,Estetica Faby Beauty Salon,estética,14,18.445345,-97.388953,https://mitehuacan.mx/?ruta=16
1,Barberia Black Barber,estética,15,18.469022,-97.389536,https://mitehuacan.mx/?ruta=16
1,Barberia Mamalon,estética,15,18.464826,-97.389582,https://mitehuacan.mx/?ruta=16
1,Decoracion De Uñas Estudio De Uñas Nancy Robles,estética,17,18.465826,-97.389265,https://mitehuacan.mx/?ruta=16
1,Estitica Unisex Estilo Y Color,estética,17,18.463581,-97.389293,https://mitehuacan.mx/?ruta=16
1,Instituto De Belleza Essence,estética,17,18.465744,-97.389265,https://mitehuacan.mx/?ruta=16
1,Salon De Belleza Reine,estética,17,18.46699,-97.391217,https://mitehuacan.mx/?ruta=16
1,Estetica Y Peluqueria Alva,estética,19,18.472469,-97.39104,https://mitehuacan.mx/?ruta=16
1,Estetica Sin Nombre,estética,20,18.469027,-97.391158,https://mitehuacan.mx/?ruta=16
1,Lady Barber Shop,estética,21,18.454399,-97.391433,https://mitehuacan.mx/?ruta=16
1,Barber Shop Cruz,estética,23,18.45856,-97.394127,https://mitehuacan.mx/?ruta=16
1,Estetica Fashion Nails,estética,24,18.461493,-97.389685,https://mitehuacan.mx/?ruta=16
1,Peluqueria Sin Nombre,estética,24,18.465889,-97.389196,https://mitehuacan.mx/?ruta=16
1,Estetica New Colors,estética,25,18.456573,-97.391786,https://mitehuacan.mx/?ruta=16
1,Aplicacion De Tatuajes Leprosy,estética,29,18.455649,-97.39249,https://mitehuacan.mx/?ruta=16
1,Salon De Belleza Divine,estética,29,18.464896,-97.389163,https://mitehuacan.mx/?ruta=16
1,Aplicacion De Uñas Yadis Nails,estética,30,18.457456,-97.391814,https://mitehuacan.mx/?ruta=16
1,Jatzibet Showroom & Nails,estética,31,18.457965,-97.392444,https://mitehuacan.mx/?ruta=16
1,Estetica Maldonado,estética,33,18.472182,-97.391603,https://mitehuacan.mx/?ruta=16
1,Estetica Model Studio,estética,33,18.460629,-97.393391,https://mitehuacan.mx/?ruta=16
1,Estetica Carlet,estética,36,18.472625,-97.390817,https://mitehuacan.mx/?ruta=16
1,Estetica Danely,estética,37,18.45867,-97.391156,https://mitehuacan.mx/?ruta=16
1,Barberia Marquez,estética,38,18.473328,-97.389771,https://mitehuacan.mx/?ruta=16
1,Salon De Belleza Maria Isabel,estética,38,18.473688,-97.389425,https://mitehuacan.mx/?ruta=16
1,Salon De Uñas D Nails,estética,39,18.454373,-97.391621,https://mitehuacan.mx/?ruta=16
1,Estetica Bella,estética,40,18.446415,-97.382673,https://mitehuacan.mx/?ruta=16
1,Estetica Centro De Belleza Vanity,estética,40,18.457441,-97.39115,https://mitehuacan.mx/?ruta=16
1,Estetica Sol,estética,41,18.448204,-97.385477,https://mitehuacan.mx/?ruta=16
1,Centro Estetico Carmen,estética,43,18.460849,-97.389062,https://mitehuacan.mx/?ruta=16
1,Estetica Joss,estética,44,18.471937,-97.381591,https://mitehuacan.mx/?ruta=16
1,Estetica Mago,estética,44,18.464912,-97.389855,https://mitehuacan.mx/?ruta=16
1,Estetica Unisex,estética,44,18.474042,-97.38878,https://mitehuacan.mx/?ruta=16
1,Salon De Belleza Sin Nombre,estética,45,18.473764,-97.38122,https://mitehuacan.mx/?ruta=16
1,Estetica Unisex Sin Nombre,estética,46,18.457557,-97.391962,https://mitehuacan.mx/?ruta=16
1,Studio De Tatuajes Sin Nombre,estética,46,18.461327,-97.392551,https://mitehuacan.mx/?ruta=16
1,Estetica Chelys,estética,47,18.464832,-97.389886,https://mitehuacan.mx/?ruta=16
1,Barber Shop Barracuda,estética,49,18.464932,-97.390945,https://mitehuacan.mx/?ruta=16
1,Estetica Jennie,estética,49,18.446335,-97.383304,https://mitehuacan.mx/?ruta=16
1,Peluqueria El Arte,estética,50,18.461577,-97.389939,https://mitehuacan.mx/?ruta=16
1,Barberia Ballesteros Barber Shop,estética,51,18.464832,-97.389924,https://mitehuacan.mx/?ruta=16
1,Blessed Academy Escuela De Estilismo,estética,52,18.458694,-97.392,https://mitehuacan.mx/?ruta=16
1,Peluqueria Montalvo,estética,56,18.472809,-97.390556,https://mitehuacan.mx/?ruta=16
1,Estetica Jireh,estética,58,18.469082,-97.390796,https://mitehuacan.mx/?ruta=16
1,Extencion De Pestañas Ross Lashes,estética,59,18.454411,-97.391897,https://mitehuacan.mx/?ruta=16
1,Barber Rs,estética,60,18.453926,-97.39152,https://mitehuacan.mx/?ruta=16
1,Peluqueria Yoldi,estética,60,18.473333,-97.376943,https://mitehuacan.mx/?ruta=16
1,Estetica Vero,estética,61,18.442684,-97.382331,https://mitehuacan.mx/?ruta=16
1,Salon De Unas Baby Nails,estética,61,18.443102,-97.389908,https://mitehuacan.mx/?ruta=16
1,Estetica Unisex Sin Nombre,estética,62,18.458663,-97.390919,https://mitehuacan.mx/?ruta=16
1,Barberia Crisis Estudio,estética,66,18.462977,-97.390812,https://mitehuacan.mx/?ruta=16
1,Estetica Salon De Spa Jaz Trujillo,estética,66,18.474909,-97.384625,https://mitehuacan.mx/?ruta=16
1,Servicio De Tatuajes Perforaciones Barberia Crisis Estudio,estética,66,18.462977,-97.390812,https://mitehuacan.mx/?ruta=16
1,Barber Shop Y Aplicacion,estética,67,18.454469,-97.390188,https://mitehuacan.mx/?ruta=16
1,Peluqueria Mexico,estética,67,18.454369,-97.390115,https://mitehuacan.mx/?ruta=16
1,Servicio De Tatuajes Ramons Tattoo,estética,68,18.464835,-97.390085,https://mitehuacan.mx/?ruta=16
1,Spa Oh My Lashes,estética,68,18.464835,-97.390085,https://mitehuacan.mx/?ruta=16
1,Estetica Athelier,estética,69,18.464917,-97.390092,https://mitehuacan.mx/?ruta=16
1,Estetica Violeta,estética,69,18.45379,-97.391518,https://mitehuacan.mx/?ruta=16
1,Estetica Sin Nombre,estética,70,18.473389,-97.378801,https://mitehuacan.mx/?ruta=16
1,Barberia Kings,estética,71,18.464928,-97.390737,https://mitehuacan.mx/?ruta=16
1,Estetica Unisex,estética,71,18.466941,-97.39008,https://mitehuacan.mx/?ruta=16
1,Estetica Unisex Interbel,estética,72,18.462495,-97.390763,https://mitehuacan.mx/?ruta=16
1,Estetica Fashion Nails,estética,78,18.459724,-97.390751,https://mitehuacan.mx/?ruta=16
1,Estetica Unisex Ariana,estética,78,18.45976,-97.39075,https://mitehuacan.mx/?ruta=16
1,Peluqueria Sin Nombre,estética,78,18.445679,-97.384129,https://mitehuacan.mx/?ruta=16
1,Peluqueria El Sol,estética,79,18.459118,-97.390754,https://mitehuacan.mx/?ruta=16
1,Tienda De Bisuteria Sin Nombre,estética,79,18.459244,-97.390753,https://mitehuacan.mx/?ruta=16
1,Estetica Jacks Beauty Style,estética,80,18.458879,-97.39502,https://mitehuacan.mx/?ruta=16
1,Estetica Yael,estética,80,18.446024,-97.383301,https://mitehuacan.mx/?ruta=16
1,Estudio De Arte Utopia Studio,estética,83,18.462859,-97.390654,https://mitehuacan.mx/?ruta=16
1,Perforaciones Para El Cuerpo Teocalli,estética,83,18.462859,-97.390654,https://mitehuacan.mx/?ruta=16
1,Salon De Uñas Guapisima,estética,83,18.448063,-97.384201,https://mitehuacan.mx/?ruta=16
1,Tatoos Y Piercing Hackalo,estética,83,18.462859,-97.390654,https://mitehuacan.mx/?ruta=16
1,Estetica Unisex Sin Nombre,estética,84,18.446127,-97.381084,https://mitehuacan.mx/?ruta=16
1,Manhattan Studio,estética,86,18.464926,-97.390594,https://mitehuacan.mx/?ruta=16
1,Pm Peluqueria,estética,86,18.461707,-97.393568,https://mitehuacan.mx/?ruta=16
1,Peluqueria Sin Nombre,estética,87,18.468908,-97.388572,https://mitehuacan.mx/?ruta=16
1,Barberia Yankees,estética,89,18.459432,-97.392422,https://mitehuacan.mx/?ruta=16
1,Estetica Sanlops,estética,90,18.465882,-97.390277,https://mitehuacan.mx/?ruta=16
1,El Salon Estetica,estética,91,18.456665,-97.393614,https://mitehuacan.mx/?ruta=16
1,Estetica Venecia,estética,92,18.455042,-97.39279,https://mitehuacan.mx/?ruta=16
1,Estetica Black And Wite,estética,93,18.471356,-97.39219,https://mitehuacan.mx/?ruta=16
1,Extravaganza,estética,94,18.471775,-97.392187,https://mitehuacan.mx/?ruta=16
1,Peluqueria El Avante,estética,94,18.474574,-97.388153,https://mitehuacan.mx/?ruta=16
1,Ballesteros Barber Shop,estética,95,18.46484,-97.390341,https://mitehuacan.mx/?ruta=16
1,Estetica Sin Nombre,estética,96,18.471111,-97.390249,https://mitehuacan.mx/?ruta=16
1,Kaily Salon Y Spa,estética,96,18.468983,-97.390306,https://mitehuacan.mx/?ruta=16
1,Estetica Mi Bella Dama,estética,98,18.473184,-97.391248,https://mitehuacan.mx/?ruta=16
1,Barberia Pacheco,estética,99,18.460012,-97.39244,https://mitehuacan.mx/?ruta=16
1,Aplicacion De Uñas Studio Princess,estética,100,18.460006,-97.392567,https://mitehuacan.mx/?ruta=16
1,Estetica Osiris Estudio,estética,100,18.466421,-97.390359,https://mitehuacan.mx/?ruta=16
1,Aplicacion De Uñas Shey Nails,estética,108,18.464405,-97.388419,https://mitehuacan.mx/?ruta=16
1,Bella Aplicacion De Uñas,estética,108,18.471066,-97.388311,https://mitehuacan.mx/?ruta=16
1,Estetica Madoza,estética,108,18.459869,-97.38955,https://mitehuacan.mx/?ruta=16
1,Estetica Sin Nombre,estética,109,18.46465,-97.388408,https://mitehuacan.mx/?ruta=16
1,Salon De Belleza Alessandro Bernabehut,estética,109,18.464957,-97.392443,https://mitehuacan.mx/?ruta=16
1,Centro De Belleza De Manos Y Pies Normis,estética,110,18.460917,-97.395207,https://mitehuacan.mx/?ruta=16
1,Salon Beauty Denissa,estética,114,18.455696,-97.39048,https://mitehuacan.mx/?ruta=16
1,Barberia Fabrica De Guapos,estética,119,18.477777,-97.377884,https://mitehuacan.mx/?ruta=16
1,Decoracion De Uñas Sin Nombre,estética,119,18.462778,-97.388304,https://mitehuacan.mx/?ruta=16
1,Estetica Unisex Sin Nombre,estética,119,18.475026,-97.387522,https://mitehuacan.mx/?ruta=16
1,Mc Beauty Salon De Belleza,estética,120,18.46101,-97.395299,https://mitehuacan.mx/?ruta=16
1,Rivera Barber Shop Peluqueria,estética,123,18.473964,-97.379184,https://mitehuacan.mx/?ruta=16
1,Salon De Belleza Marbella,estética,123,18.462052,-97.394027,https://mitehuacan.mx/?ruta=16
1,Peluqueria Del Valle,estética,126,18.456996,-97.390349,https://mitehuacan.mx/?ruta=16
1,Barberia Y Peluqueria Abad,estética,127,18.458811,-97.395468,https://mitehuacan.mx/?ruta=16
1,Estetica Unisex Scorpion,estética,129,18.472999,-97.376371,https://mitehuacan.mx/?ruta=16
1,Estetica Susy,estética,130,18.475492,-97.386674,https://mitehuacan.mx/?ruta=16
1,Estetica Unisex Gaby,estética,132,18.454533,-97.38948,https://mitehuacan.mx/?ruta=16
1,Barberia Santa Barber,estética,133,18.451004,-97.386633,https://mitehuacan.mx/?ruta=16
1,Estetica Unisex Cataleya,estética,133,18.453342,-97.388527,https://mitehuacan.mx/?ruta=16
1,Servicio De Tatuajes Veneno,estética,135,18.458423,-97.390239,https://mitehuacan.mx/?ruta=16
1,Servicio De Belleza,estética,140,18.455851,-97.39023,https://mitehuacan.mx/?ruta=16
1,Barberia Cecy Court,estética,145,18.462254,-97.394142,https://mitehuacan.mx/?ruta=16
1,Peluqueria Y Barberia Papi Chulo,estética,149,18.459492,-97.389383,https://mitehuacan.mx/?ruta=16
1,Farmacias Similares,farmacia,0,18.461701,-97.389463,https://mitehuacan.mx/?ruta=16
1,Farmacia de apoyo,farmacia,0,18.460892,-97.391438,https://mitehuacan.mx/?ruta=16
1,Farmacia Mas Vida Mas Salud,farmacia,1,18.446437,-97.382248,https://mitehuacan.mx/?ruta=16
1,Farmacia el pastillero,farmacia,1,18.46086,-97.390762,https://mitehuacan.mx/?ruta=16
1,Farmacias Similares,farmacia,3,18.460922,-97.391806,https://mitehuacan.mx/?ruta=16
1,Farmacias del Ahorro,farmacia,3,18.458894,-97.394292,https://mitehuacan.mx/?ruta=16
1,Farmacia Mh Farma,farmacia,4,18.465024,-97.391446,https://mitehuacan.mx/?ruta=16
1,Farmacia La Providencia,farmacia,5,18.461241,-97.391511,https://mitehuacan.mx/?ruta=16
1,Ultrafarmacias San Antonio,farmacia,5,18.460982,-97.393924,https://mitehuacan.mx/?ruta=16
1,Farmacia Farma Ortiz,farmacia,6,18.468617,-97.391404,https://mitehuacan.mx/?ruta=16
1,Farmacia San Francisco,farmacia,6,18.444982,-97.388604,https://mitehuacan.mx/?ruta=16
1,Farmacia Sin Nombre,farmacia,6,18.470137,-97.391379,https://mitehuacan.mx/?ruta=16
1,Farmacia de Apoyo,farmacia,6,18.46298,-97.389497,https://mitehuacan.mx/?ruta=16
1,Casa Del Medico,farmacia,7,18.460865,-97.393282,https://mitehuacan.mx/?ruta=16
1,Farmacia De Apoyo Sucursal 26,farmacia,7,18.463361,-97.391368,https://mitehuacan.mx/?ruta=16
1,Farmacias Similares,farmacia,7,18.461784,-97.391392,https://mitehuacan.mx/?ruta=16
1,Farmacia de Ahorro,farmacia,7,18.460775,-97.389493,https://mitehuacan.mx/?ruta=16
1,Farmacia de Apoyo,farmacia,7,18.460864,-97.389397,https://mitehuacan.mx/?ruta=16
1,Farmacia Apoyo Popular,farmacia,8,18.46083,-97.392047,https://mitehuacan.mx/?ruta=16
1,Farmacia De Apoyo Sucursal 24,farmacia,9,18.462946,-97.389518,https://mitehuacan.mx/?ruta=16
1,Farmacias Del Ahorro Pue Pe3O 3 Oriente,farmacia,9,18.460764,-97.389602,https://mitehuacan.mx/?ruta=16
1,Farmacias Similares,farmacia,9,18.462989,-97.391527,https://mitehuacan.mx/?ruta=16
1,Farmacias Similares,farmacia,9,18.46078,-97.390203,https://mitehuacan.mx/?ruta=16
1,Casa del Médico,farmacia,10,18.460837,-97.39336,https://mitehuacan.mx/?ruta=16
1,Farmacia Apoyo Popular,farmacia,14,18.460893,-97.389336,https://mitehuacan.mx/?ruta=16
1,Farmacia De Apoyo,farmacia,17,18.462948,-97.389595,https://mitehuacan.mx/?ruta=16
1,Farmacia Tu Esperanza,farmacia,20,18.446137,-97.384398,https://mitehuacan.mx/?ruta=16
1,Farmacias Similares,farmacia,20,18.461122,-97.394185,https://mitehuacan.mx/?ruta=16
1,Paraiso Fumigaciones Tehuacan,farmacia,26,18.457445,-97.391283,https://mitehuacan.mx/?ruta=16
1,Farmacia de Apoyo,farmacia,28,18.458722,-97.392464,https://mitehuacan.mx/?ruta=16
1,Farmacia Pasteur,farmacia,40,18.460487,-97.389371,https://mitehuacan.mx/?ruta=16
1,Farmacias Similares,farmacia,52,18.458694,-97.391999,https://mitehuacan.mx/?ruta=16
1,Farmacias del Ahorro,farmacia,61,18.463037,-97.392018,https://mitehuacan.mx/?ruta=16
1,Farmacia De Apoyo,farmacia,86,18.461723,-97.394163,https://mitehuacan.mx/?ruta=16
1,Venta De Medicamentos Farmacia De La Economia,farmacia,88,18.462787,-97.388598,https://mitehuacan.mx/?ruta=16
1,Asesoria Dermatologica Farmacia De Apoyo,farmacia,94,18.461776,-97.39331,https://mitehuacan.mx/?ruta=16
1,Farmacia de Apoyo,farmacia,98,18.461814,-97.393264,https://mitehuacan.mx/?ruta=16
1,Farmacia De Apoyo,farmacia,99,18.474618,-97.387959,https://mitehuacan.mx/?ruta=16
1,Farmacia Del Valle,farmacia,108,18.471627,-97.377402,https://mitehuacan.mx/?ruta=16
1,Venta De Medicamentos Farmacia El Pastillero,farmacia,108,18.460829,-97.388446,https://mitehuacan.mx/?ruta=16
1,Farmacia Victorinox,farmacia,120,18.45866,-97.390378,https://mitehuacan.mx/?ruta=16
1,Farmacia Fe Y Esperanza,farmacia,128,18.479483,-97.37776,https://mitehuacan.mx/?ruta=16
1,Venta De Productos Farmaceuticos Botica Del Mercado,farmacia,130,18.459667,-97.389483,https://mitehuacan.mx/?ruta=16
1,Farmacia Y Perfumeria Victorino,farmacia,136,18.458637,-97.390227,https://mitehuacan.mx/?ruta=16
1,Farmacia Farmatodo,farmacia,137,18.462166,-97.393242,https://mitehuacan.mx/?ruta=16
1,Mini Farmacia Oriente,farmacia,142,18.474497,-97.378962,https://mitehuacan.mx/?ruta=16
1,Farmacia A Flor De Piel,farmacia,145,18.462254,-97.394142,https://mitehuacan.mx/?ruta=16
1,Farmacias Similares,farmacia,149,18.462888,-97.388024,https://mitehuacan.mx/?ruta=16
1,Farmacias Valdez,farmacia,149,18.47423,-97.379306,https://mitehuacan.mx/?ruta=16
1,Ferretería El Martillo,ferretería,0,18.459173,-97.39425,https://mitehuacan.mx/?ruta=16
1,Ferretera Leon,ferretería,3,18.460874,-97.389668,https://mitehuacan.mx/?ruta=16
1,Ferreteria Comercial Gonzalez,ferretería,3,18.46087,-97.389517,https://mitehuacan.mx/?ruta=16
1,Ferreteria El Martillo,ferretería,3,18.459233,-97.394219,https://mitehuacan.mx/?ruta=16
1,Ferreteria Juquilita,ferretería,3,18.442421,-97.380603,https://mitehuacan.mx/?ruta=16
1,Ferreteria Leon,ferretería,3,18.460891,-97.390265,https://mitehuacan.mx/?ruta=16
1,Ferreteria Sanchez,ferretería,3,18.474342,-97.385334,https://mitehuacan.mx/?ruta=16
1,Ferreteria Sin Nombre,ferretería,3,18.474342,-97.382402,https://mitehuacan.mx/?ruta=16
1,Ferreteria El Ferretero,ferretería,4,18.464915,-97.389396,https://mitehuacan.mx/?ruta=16
1,Ferreteria Sin Nombre,ferretería,4,18.474344,-97.384688,https://mitehuacan.mx/?ruta=16
1,Centro De Servicio,ferretería,5,18.457068,-97.391487,https://mitehuacan.mx/?ruta=16
1,La Ferre De La 3,ferretería,5,18.469419,-97.391288,https://mitehuacan.mx/?ruta=16
1,Estacionamiento Wally,ferretería,6,18.459846,-97.391547,https://mitehuacan.mx/?ruta=16
1,Todo Para Agua Calentadores Solares,ferretería,6,18.468752,-97.391402,https://mitehuacan.mx/?ruta=16
1,Ferre Pat,ferretería,7,18.460194,-97.391423,https://mitehuacan.mx/?ruta=16
1,Ferre Pat Autoservicio,ferretería,7,18.459929,-97.391428,https://mitehuacan.mx/?ruta=16
1,Ferreteria Antonio Ceja,ferretería,8,18.460828,-97.392004,https://mitehuacan.mx/?ruta=16
1,Ferreteria Sin Nombre,ferretería,9,18.478091,-97.376788,https://mitehuacan.mx/?ruta=16
1,Ferremateriales Santo Domingo,ferretería,10,18.444888,-97.387483,https://mitehuacan.mx/?ruta=16
1,El Ferretero,ferretería,12,18.462812,-97.389317,https://mitehuacan.mx/?ruta=16
1,Ferretera Arriaga,ferretería,12,18.462252,-97.389331,https://mitehuacan.mx/?ruta=16
1,Tripay Del Centro,ferretería,12,18.461293,-97.389346,https://mitehuacan.mx/?ruta=16
1,Ferreteria El Proveedor Ferretero,ferretería,14,18.46322,-97.389308,https://mitehuacan.mx/?ruta=16
1,Ferreteria Mexico,ferretería,14,18.46322,-97.389308,https://mitehuacan.mx/?ruta=16
1,Ferreteria Gia,ferretería,17,18.475153,-97.375752,https://mitehuacan.mx/?ruta=16
1,Ferreteria King,ferretería,17,18.46426,-97.389282,https://mitehuacan.mx/?ruta=16
1,Centro Ferrelectrico Cefemsa,ferretería,18,18.464936,-97.391239,https://mitehuacan.mx/?ruta=16
1,Fix Tehuacan,ferretería,31,18.46063,-97.39246,https://mitehuacan.mx/?ruta=16
1,Bodega De La 5 Poniente,ferretería,32,18.458874,-97.394569,https://mitehuacan.mx/?ruta=16
1,Ferreteria La Fortaleza,ferretería,38,18.474656,-97.384625,https://mitehuacan.mx/?ruta=16
1,Ferreteria Ferresur,ferretería,47,18.445946,-97.38422,https://mitehuacan.mx/?ruta=16
1,Mangueras Y Conexiones La Paz,ferretería,48,18.454228,-97.391622,https://mitehuacan.mx/?ruta=16
1,Tienda De Novedades Casa Andrea,ferretería,48,18.461939,-97.390998,https://mitehuacan.mx/?ruta=16
1,Ferreteria El Ferretero,ferretería,52,18.462839,-97.389925,https://mitehuacan.mx/?ruta=16
1,Fix Tehuacan 2,ferretería,58,18.461467,-97.394049,https://mitehuacan.mx/?ruta=16
1,Ferreteria Ilumination,ferretería,63,18.458201,-97.394239,https://mitehuacan.mx/?ruta=16
1,Tlapaleria,ferretería,65,18.472892,-97.390573,https://mitehuacan.mx/?ruta=16
1,Estacionamiento Ecologico,ferretería,70,18.45924,-97.392415,https://mitehuacan.mx/?ruta=16
1,Fix Ferreterias Tehuacan Centro,ferretería,72,18.461597,-97.394045,https://mitehuacan.mx/?ruta=16
1,Electrica Codesa,ferretería,73,18.462332,-97.390762,https://mitehuacan.mx/?ruta=16
1,Ave Ferreteria,ferretería,78,18.459977,-97.390749,https://mitehuacan.mx/?ruta=16
1,Ferreteria Ferreelectrica,ferretería,85,18.448607,-97.383273,https://mitehuacan.mx/?ruta=16
1,Todo Para Gas Y Agua Bianchi Gas,ferretería,88,18.460743,-97.388639,https://mitehuacan.mx/?ruta=16
1,Ferreteria Gomez Ollivier,ferretería,90,18.454735,-97.392515,https://mitehuacan.mx/?ruta=16
1,Ferreteria Garza,ferretería,99,18.445334,-97.383649,https://mitehuacan.mx/?ruta=16
1,Ferreteria Y Tlapaleria Del Mercado,ferretería,102,18.462853,-97.390474,https://mitehuacan.mx/?ruta=16
1,Ferreteria Casa Rodriguez,ferretería,108,18.455426,-97.39043,https://mitehuacan.mx/?ruta=16
1,Ferremateriales Zapata,ferretería,125,18.475441,-97.386752,https://mitehuacan.mx/?ruta=16
1,Ferreteria Arriaga Ferreteria,ferretería,125,18.458444,-97.390331,https://mitehuacan.mx/?ruta=16
1,Ghia Ferreteria,ferretería,125,18.474,-97.379185,https://mitehuacan.mx/?ruta=16
1,Hotel Cr,hotel,1,18.460365,-97.3942,https://mitehuacan.mx/?ruta=16
1,Hotel El Campanario,hotel,1,18.462149,-97.389459,https://mitehuacan.mx/?ruta=16
1,Hotel San Miguel,hotel,4,18.464435,-97.391452,https://mitehuacan.mx/?ruta=16
1,Hotel La Rotonda,hotel,6,18.471865,-97.391356,https://mitehuacan.mx/?ruta=16
1,Ph Hotel,hotel,7,18.463201,-97.391374,https://mitehuacan.mx/?ruta=16
1,Hotel Casa Real,hotel,28,18.461188,-97.394228,https://mitehuacan.mx/?ruta=16
1,Hotel Plaza Iberia,hotel,31,18.462996,-97.391731,https://mitehuacan.mx/?ruta=16
1,Hotel Belen,hotel,32,18.464896,-97.389134,https://mitehuacan.mx/?ruta=16
1,Hotel Casa Real Tehuacan,hotel,37,18.461278,-97.394179,https://mitehuacan.mx/?ruta=16
1,Hotel Casa Del Prado,hotel,41,18.461576,-97.389853,https://mitehuacan.mx/?ruta=16
1,Hotel Alejandrina,hotel,48,18.465881,-97.390939,https://mitehuacan.mx/?ruta=16
1,Hotel Bella Vista,hotel,56,18.45447,-97.390311,https://mitehuacan.mx/?ruta=16
1,Hotel Posada Del Viajero,hotel,66,18.462792,-97.388806,https://mitehuacan.mx/?ruta=16
1,Hotelitto Inn,hotel,90,18.460834,-97.388616,https://mitehuacan.mx/?ruta=16
1,Hotel Zenith,hotel,121,18.46198,-97.394545,https://mitehuacan.mx/?ruta=16
1,Motel Moa,hotel,139,18.472993,-97.383836,https://mitehuacan.mx/?ruta=16
1,Inmobiliaria Multiventas,inmobiliaria,3,18.460896,-97.390474,https://mitehuacan.mx/?ruta=16
1,Asesoria Juridica Inmobiliaria,inmobiliaria,4,18.46154,-97.391503,https://mitehuacan.mx/?ruta=16
1,D D Inmobiliaria,inmobiliaria,5,18.466155,-97.391436,https://mitehuacan.mx/?ruta=16
1,Casa Blanca Inmobiliaria,inmobiliaria,7,18.463319,-97.391369,https://mitehuacan.mx/?ruta=16
1,Inmobiliaria Cruz,inmobiliaria,7,18.462269,-97.391382,https://mitehuacan.mx/?ruta=16
1,Inmobiliaria Sin Nombre,inmobiliaria,11,18.458843,-97.393721,https://mitehuacan.mx/?ruta=16
1,Grupo Paruz,inmobiliaria,21,18.454376,-97.390656,https://mitehuacan.mx/?ruta=16
1,Inmoviliaria Fincasa,inmobiliaria,25,18.462927,-97.3892,https://mitehuacan.mx/?ruta=16
1,Inmobiliaria Jc,inmobiliaria,51,18.470292,-97.391808,https://mitehuacan.mx/?ruta=16
1,Inmobiliaria Y Construcciones La Torre Tehuacan,inmobiliaria,52,18.458694,-97.392,https://mitehuacan.mx/?ruta=16
1,Oficina Administrativa De Plaza Ana Maria,inmobiliaria,52,18.458694,-97.392,https://mitehuacan.mx/?ruta=16
1,Administracion Plaza El Mezon,inmobiliaria,71,18.461501,-97.390292,https://mitehuacan.mx/?ruta=16
1,Inmobiliaria Grupo Independiente De Remates,inmobiliaria,73,18.462287,-97.390762,https://mitehuacan.mx/?ruta=16
1,Maquilas Montana,inmobiliaria,76,18.445377,-97.380827,https://mitehuacan.mx/?ruta=16
1,Venta De Terrenos Palma,inmobiliaria,83,18.462859,-97.390654,https://mitehuacan.mx/?ruta=16
1,Comercializadora Terrecasas,inmobiliaria,103,18.466955,-97.390402,https://mitehuacan.mx/?ruta=16
1,Venta De Terrenos,inmobiliaria,145,18.462005,-97.394981,https://mitehuacan.mx/?ruta=16
1,Auto Llantas Tehuacan,llantera,2,18.442318,-97.380549,https://mitehuacan.mx/?ruta=16
1,Talacheria Castillo,llantera,2,18.443427,-97.380955,https://mitehuacan.mx/?ruta=16
1,Centro Llantero Teran,llantera,3,18.446696,-97.382339,https://mitehuacan.mx/?ruta=16
1,Vulcanizadora Sin Nombre,llantera,5,18.472438,-97.381434,https://mitehuacan.mx/?ruta=16
1,Llantera Abarrotes Barroso,llantera,6,18.459549,-97.391549,https://mitehuacan.mx/?ruta=16
1,Talacheria El Bolillo,llantera,41,18.448257,-97.383084,https://mitehuacan.mx/?ruta=16
1,Talacheria Wilson,llantera,65,18.448414,-97.383254,https://mitehuacan.mx/?ruta=16
1,Vitalizadora La Union,llantera,142,18.462178,-97.388102,https://mitehuacan.mx/?ruta=16
1,Articulos Para Tapiceria Anita,muebles,3,18.463522,-97.389425,https://mitehuacan.mx/?ruta=16
1,Muebleria Ofilinea,muebles,4,18.465594,-97.38939,https://mitehuacan.mx/?ruta=16
1,Tapiceria Diaz,muebles,7,18.464825,-97.389507,https://mitehuacan.mx/?ruta=16
1,La Comercial De Tehuacan,muebles,13,18.45895,-97.394133,https://mitehuacan.mx/?ruta=16
1,Muebleria Secundino,muebles,15,18.464937,-97.391267,https://mitehuacan.mx/?ruta=16
1,Venta De Muebles,muebles,22,18.441181,-97.380779,https://mitehuacan.mx/?ruta=16
1,Muebleria Bonanza,muebles,24,18.466908,-97.391607,https://mitehuacan.mx/?ruta=16
1,Mueblería Delfer,muebles,44,18.460443,-97.389475,https://mitehuacan.mx/?ruta=16
1,Muebleria Lezama De Tehuacan,muebles,51,18.461965,-97.391935,https://mitehuacan.mx/?ruta=16
1,Muebleria Feria Del Mueble,muebles,80,18.460745,-97.388714,https://mitehuacan.mx/?ruta=16
1,Muebleria La Casa De Los Muebles,muebles,82,18.460177,-97.393424,https://mitehuacan.mx/?ruta=16
1,Muebles Tk,muebles,90,18.461003,-97.395015,https://mitehuacan.mx/?ruta=16
1,Rb Decoraciones,muebles,91,18.466864,-97.39051,https://mitehuacan.mx/?ruta=16
1,Muebleria Patjane Ceja,muebles,93,18.461004,-97.395043,https://mitehuacan.mx/?ruta=16
1,Muebleria Hermanos Vazquez,muebles,104,18.458806,-97.39525,https://mitehuacan.mx/?ruta=16
1,Panadería La Paz,panadería,9,18.466174,-97.391306,https://mitehuacan.mx/?ruta=16
1,Pastelix,panadería,17,18.467348,-97.391525,https://mitehuacan.mx/?ruta=16
1,Guti-Pan,panadería,60,18.459224,-97.39263,https://mitehuacan.mx/?ruta=16
1,Accesorios Automotrices Vr,refacciones,2,18.442236,-97.380522,https://mitehuacan.mx/?ruta=16
1,Casa Matriz,refacciones,2,18.454786,-97.391513,https://mitehuacan.mx/?ruta=16
1,Refaccionaria La Bujia,refacciones,3,18.445998,-97.382012,https://mitehuacan.mx/?ruta=16
1,Accesorios Y Polarizados Alonso,refacciones,5,18.445778,-97.38174,https://mitehuacan.mx/?ruta=16
1,Autopartes Avendaño,refacciones,5,18.454122,-97.390912,https://mitehuacan.mx/?ruta=16
1,Refaccionaria Construyendo Tu Ruta,refacciones,5,18.445227,-97.381481,https://mitehuacan.mx/?ruta=16
1,Corporativo Grupo Amaro,refacciones,8,18.455327,-97.39183,https://mitehuacan.mx/?ruta=16
1,Oficina Grupo Refaccionaria Dinamica De Tehuacan,refacciones,8,18.455333,-97.391834,https://mitehuacan.mx/?ruta=16
1,Tienda De Partes Electricas Trumor,refacciones,20,18.472479,-97.391169,https://mitehuacan.mx/?ruta=16
1,Bodega Del Transportista,refacciones,26,18.454566,-97.391619,https://mitehuacan.mx/?ruta=16
1,Refaccionaria Macsa,refacciones,59,18.464889,-97.388878,https://mitehuacan.mx/?ruta=16
1,Partes Automotrices De Emergencia,refacciones,80,18.462968,-97.390195,https://mitehuacan.mx/?ruta=16
1,Venta De Partes Para Muelles Castillo,refacciones,84,18.469144,-97.392141,https://mitehuacan.mx/?ruta=16
1,El Pariente Birrieria Estilo Tijuana,restaurante,0,18.45772,-97.392733,https://mitehuacan.mx/?ruta=16
1,Pizzas Angelotti,restaurante,0,18.457784,-97.392732,https://mitehuacan.mx/?ruta=16
1,Pizzas Archie S,restaurante,0,18.461133,-97.389468,https://mitehuacan.mx/?ruta=16
1,Rosticeria Pollos Guerrero,restaurante,0,18.461468,-97.389465,https://mitehuacan.mx/?ruta=16
1,Torteria Pika Riko,restaurante,0,18.457286,-97.39274,https://mitehuacan.mx/?ruta=16
1,Desayunos Y Antojitos Adelita,restaurante,1,18.444531,-97.387335,https://mitehuacan.mx/?ruta=16
1,La Cochineria,restaurante,1,18.458345,-97.392722,https://mitehuacan.mx/?ruta=16
1,Pizzas Yankees,restaurante,1,18.463169,-97.389436,https://mitehuacan.mx/?ruta=16
1,Taqueria El Chino,restaurante,1,18.44778,-97.382913,https://mitehuacan.mx/?ruta=16
1,Torteria La Super Torta,restaurante,1,18.462011,-97.38946,https://mitehuacan.mx/?ruta=16
1,Venta De Barbacoa Lupita,restaurante,1,18.47241,-97.380921,https://mitehuacan.mx/?ruta=16
1,Carnitas El Porky,restaurante,2,18.464824,-97.389459,https://mitehuacan.mx/?ruta=16
1,Taqueria Tia Chelina,restaurante,2,18.443529,-97.380996,https://mitehuacan.mx/?ruta=16
1,Venta De Comida Sin Nombre,restaurante,2,18.473328,-97.389154,https://mitehuacan.mx/?ruta=16
1,Chicharron Y Carnitas,restaurante,3,18.473319,-97.388499,https://mitehuacan.mx/?ruta=16
1,Cocina Economica Sin Nombre,restaurante,3,18.473693,-97.38768,https://mitehuacan.mx/?ruta=16
1,Cosina Economica El Rincon Casero,restaurante,3,18.441549,-97.386994,https://mitehuacan.mx/?ruta=16
1,El Ranchito Pollos A La Leña,restaurante,3,18.446905,-97.38245,https://mitehuacan.mx/?ruta=16
1,Hamburguesa Magica,restaurante,3,18.472044,-97.391265,https://mitehuacan.mx/?ruta=16
1,Venta De Alimentos El Cabrito,restaurante,3,18.460906,-97.390881,https://mitehuacan.mx/?ruta=16
1,Cocina Clasicos,restaurante,4,18.464843,-97.391448,https://mitehuacan.mx/?ruta=16
1,Cocina Economica Antojitos Mexicanos,restaurante,4,18.464833,-97.391448,https://mitehuacan.mx/?ruta=16
1,Hamburguesas El Betos,restaurante,4,18.468472,-97.389359,https://mitehuacan.mx/?ruta=16
1,Rosticeria Granada,restaurante,4,18.458521,-97.39147,https://mitehuacan.mx/?ruta=16
1,Tacos De La 3,restaurante,4,18.471301,-97.39127,https://mitehuacan.mx/?ruta=16
1,Tacos El Primo,restaurante,4,18.463947,-97.391459,https://mitehuacan.mx/?ruta=16
1,Taqueria La Parrilla Del Pastor,restaurante,4,18.460917,-97.391289,https://mitehuacan.mx/?ruta=16
1,Taqueria Vic Taco,restaurante,4,18.463739,-97.389418,https://mitehuacan.mx/?ruta=16
1,Antojitos Doña Alta,restaurante,5,18.441675,-97.386623,https://mitehuacan.mx/?ruta=16
1,Antojitos Mexicanos Marijo,restaurante,5,18.469214,-97.391385,https://mitehuacan.mx/?ruta=16
1,Carnitas El Altepexano,restaurante,5,18.464824,-97.389488,https://mitehuacan.mx/?ruta=16
1,Cocina Economica Mersedes,restaurante,5,18.446986,-97.382408,https://mitehuacan.mx/?ruta=16
1,Cocina Economica Sazon Santa Lucia,restaurante,5,18.46915,-97.391385,https://mitehuacan.mx/?ruta=16
1,La Esquina Del Sabor,restaurante,5,18.47866,-97.376668,https://mitehuacan.mx/?ruta=16
1,La Hamburguesa Magica,restaurante,5,18.444908,-97.381394,https://mitehuacan.mx/?ruta=16
1,Restaurante La Casa De Ocaña,restaurante,5,18.466336,-97.391434,https://mitehuacan.mx/?ruta=16
1,Tacos El Chino Y Algo Mas,restaurante,5,18.46963,-97.391382,https://mitehuacan.mx/?ruta=16
1,Venta De Antojitos Roque,restaurante,5,18.446581,-97.382194,https://mitehuacan.mx/?ruta=16
1,Venta De Comida Taquito De Sal,restaurante,5,18.467428,-97.39132,https://mitehuacan.mx/?ruta=16
1,Venta De Hamburguesas Crazy Foods,restaurante,5,18.469186,-97.391385,https://mitehuacan.mx/?ruta=16
1,Venta De Hamburguesas Zapata Burguer,restaurante,5,18.471666,-97.389271,https://mitehuacan.mx/?ruta=16
1,Venta De Tacos De Cabeza Sin Nombre,restaurante,5,18.457754,-97.391477,https://mitehuacan.mx/?ruta=16
1,Venta De Tacos Estilo Michoacan,restaurante,5,18.466481,-97.391433,https://mitehuacan.mx/?ruta=16
1,Cocina Economica El Comedor De Lupita,restaurante,6,18.457595,-97.391585,https://mitehuacan.mx/?ruta=16
1,Cocina Economica La Cocina De Ely,restaurante,6,18.457287,-97.39159,https://mitehuacan.mx/?ruta=16
1,Comida Casera El Sazon De La Abuelita,restaurante,6,18.458292,-97.391574,https://mitehuacan.mx/?ruta=16
1,Pizzas Angelotti,restaurante,6,18.459902,-97.391546,https://mitehuacan.mx/?ruta=16
1,Rosticeria Granada,restaurante,6,18.458853,-97.391563,https://mitehuacan.mx/?ruta=16
1,Rosticeria Raquel,restaurante,6,18.468897,-97.3914,https://mitehuacan.mx/?ruta=16
1,Tacos Genaro,restaurante,6,18.465808,-97.391335,https://mitehuacan.mx/?ruta=16
1,Taqueria Sin Nombre,restaurante,6,18.470138,-97.389353,https://mitehuacan.mx/?ruta=16
1,Venta De Carne Arabe Doner Kebab,restaurante,6,18.467286,-97.391424,https://mitehuacan.mx/?ruta=16
1,Helados Catedral,restaurante,6,18.460979,-97.393188,https://mitehuacan.mx/?ruta=16
1,Restaurant Carnitas Santa Elena,restaurante,7,18.460865,-97.393283,https://mitehuacan.mx/?ruta=16
1,Restaurante Mexico Lindo,restaurante,7,18.462469,-97.391382,https://mitehuacan.mx/?ruta=16
1,Rosticeria El Pollo Yon,restaurante,7,18.446465,-97.384618,https://mitehuacan.mx/?ruta=16
1,Tacos Y Tortas Tehuacan,restaurante,7,18.463464,-97.391364,https://mitehuacan.mx/?ruta=16
1,Cemitas De Puebla,restaurante,8,18.460811,-97.391359,https://mitehuacan.mx/?ruta=16
1,Pizzas El Oasis,restaurante,8,18.460808,-97.391264,https://mitehuacan.mx/?ruta=16
1,Pizzeria Yankees,restaurante,8,18.46081,-97.391331,https://mitehuacan.mx/?ruta=16
1,Taqueria Mariluz,restaurante,8,18.46904,-97.391423,https://mitehuacan.mx/?ruta=16
1,Tortas Paquita,restaurante,8,18.460826,-97.391937,https://mitehuacan.mx/?ruta=16
1,La Nueva Rosticeria,restaurante,9,18.460797,-97.390876,https://mitehuacan.mx/?ruta=16
1,Pollos Guerrero Tehuacán 2,restaurante,9,18.460791,-97.390633,https://mitehuacan.mx/?ruta=16
1,Rosticeria Pollos Guerrero,restaurante,9,18.460792,-97.390658,https://mitehuacan.mx/?ruta=16
1,Taqueria La Chingada,restaurante,9,18.472384,-97.391106,https://mitehuacan.mx/?ruta=16
1,Tasty Burguer,restaurante,10,18.467008,-97.391473,https://mitehuacan.mx/?ruta=16
1,Cocina Economica Sin Nombre,restaurante,11,18.472527,-97.379277,https://mitehuacan.mx/?ruta=16
1,Las Pizzas De Ale,restaurante,12,18.47442,-97.384625,https://mitehuacan.mx/?ruta=16
1,Taqueria Las Marias,restaurante,12,18.447984,-97.382899,https://mitehuacan.mx/?ruta=16
1,Venta De Hamburguesas. Burguer Daddy,restaurante,12,18.462469,-97.389326,https://mitehuacan.mx/?ruta=16
1,Chequielo Venta De Chimichangas,restaurante,13,18.471376,-97.389447,https://mitehuacan.mx/?ruta=16
1,Tortas Orozco,restaurante,13,18.462984,-97.389318,https://mitehuacan.mx/?ruta=16
1,Venta De Memelitas Antojitos Yuli,restaurante,13,18.461572,-97.389588,https://mitehuacan.mx/?ruta=16
1,Servicio De Comida. Restaurant El Cochibil,restaurante,14,18.468008,-97.389269,https://mitehuacan.mx/?ruta=16
1,Rosticeria El Buen Sabor,restaurante,15,18.458777,-97.391371,https://mitehuacan.mx/?ruta=16
1,Venta De Antojitos Mexicanos Comedor Mexicano,restaurante,15,18.464826,-97.389582,https://mitehuacan.mx/?ruta=16
1,Chepe Pizza,restaurante,17,18.445037,-97.387752,https://mitehuacan.mx/?ruta=16
1,Cocina Economica Casa Del Comensal,restaurante,17,18.464151,-97.389284,https://mitehuacan.mx/?ruta=16
1,Pizzas Pizzaiolo,restaurante,17,18.462984,-97.391276,https://mitehuacan.mx/?ruta=16
1,Rosticeria Pollos Fiesta,restaurante,17,18.462931,-97.389276,https://mitehuacan.mx/?ruta=16
1,Taqueria Cayu,restaurante,17,18.46426,-97.389282,https://mitehuacan.mx/?ruta=16
1,Taqueria Estilo Michoacan,restaurante,17,18.465645,-97.389265,https://mitehuacan.mx/?ruta=16
1,Comida Rapida Antojitos Sin Nombre,restaurante,18,18.464694,-97.389274,https://mitehuacan.mx/?ruta=16
1,Pizzas Alma Mixteco,restaurante,18,18.46464,-97.389275,https://mitehuacan.mx/?ruta=16
1,Tacos Y Tortas La Alameda,restaurante,18,18.456528,-97.392917,https://mitehuacan.mx/?ruta=16
1,Taqueria Xanadu,restaurante,18,18.472141,-97.391019,https://mitehuacan.mx/?ruta=16
1,Cocina Economica La Flor De Veracruz,restaurante,19,18.464827,-97.38962,https://mitehuacan.mx/?ruta=16
1,Cocina Econimica Jefe Roli,restaurante,20,18.465969,-97.389611,https://mitehuacan.mx/?ruta=16
1,Pollos Guerrero Tehuacán 1,restaurante,20,18.461493,-97.38965,https://mitehuacan.mx/?ruta=16
1,Cosina Economica El Alka Seltzer,restaurante,21,18.445134,-97.387984,https://mitehuacan.mx/?ruta=16
1,Restaurante Ken Gourmet Japones,restaurante,21,18.458525,-97.393273,https://mitehuacan.mx/?ruta=16
1,Venta De Tacos Porky,restaurante,21,18.456547,-97.391351,https://mitehuacan.mx/?ruta=16
1,Coctel Inn,restaurante,22,18.460709,-97.392462,https://mitehuacan.mx/?ruta=16
1,Deli-Dips,restaurante,22,18.446089,-97.384442,https://mitehuacan.mx/?ruta=16
1,Taqueria Flor,restaurante,22,18.449645,-97.386848,https://mitehuacan.mx/?ruta=16
1,Taqueria El Pastorcito,restaurante,24,18.460641,-97.38937,https://mitehuacan.mx/?ruta=16
1,Cocina Economica Tierra Madre,restaurante,26,18.455891,-97.392033,https://mitehuacan.mx/?ruta=16
1,Loncheria Panchita,restaurante,26,18.449022,-97.386306,https://mitehuacan.mx/?ruta=16
1,Pizzas New York,restaurante,26,18.456431,-97.392468,https://mitehuacan.mx/?ruta=16
1,Tacos De La Esquina Del Sabor,restaurante,26,18.446065,-97.38442,https://mitehuacan.mx/?ruta=16
1,Venta De Antojitos Mexicanos Doña Mari,restaurante,26,18.461558,-97.389218,https://mitehuacan.mx/?ruta=16
1,Carnitas El Oasis,restaurante,28,18.460677,-97.393483,https://mitehuacan.mx/?ruta=16
1,Cemitas La Poblanita,restaurante,28,18.458797,-97.394529,https://mitehuacan.mx/?ruta=16
1,Antojitos Doña Agus,restaurante,29,18.461948,-97.391178,https://mitehuacan.mx/?ruta=16
1,Antojitos Mexicanos Adelita,restaurante,29,18.461948,-97.391178,https://mitehuacan.mx/?ruta=16
1,Antojitos Mexicanos Gloria,restaurante,29,18.461948,-97.391178,https://mitehuacan.mx/?ruta=16
1,Antojitos Mexicanos Sin Nombre,restaurante,29,18.461948,-97.391178,https://mitehuacan.mx/?ruta=16
1,Antojitos Mexicanos Sinnombre,restaurante,29,18.461948,-97.391178,https://mitehuacan.mx/?ruta=16
1,Antojitos Y Desayunos Sin Nombre,restaurante,29,18.461948,-97.391178,https://mitehuacan.mx/?ruta=16
1,Cocina Angelita,restaurante,29,18.461948,-97.391178,https://mitehuacan.mx/?ruta=16
1,Cocina Economica Las Brazas,restaurante,29,18.461948,-97.391178,https://mitehuacan.mx/?ruta=16
1,Cocina Nohemi,restaurante,29,18.461948,-97.391178,https://mitehuacan.mx/?ruta=16
1,Cocina Un Rinconcito De Sabor,restaurante,29,18.461948,-97.391178,https://mitehuacan.mx/?ruta=16
1,Comedor Alondra,restaurante,29,18.461948,-97.391178,https://mitehuacan.mx/?ruta=16
1,Comedor Juquilita,restaurante,29,18.461948,-97.391178,https://mitehuacan.mx/?ruta=16
1,Comedor La Patrona,restaurante,29,18.461948,-97.391178,https://mitehuacan.mx/?ruta=16
1,Comedor Mary,restaurante,29,18.461948,-97.391178,https://mitehuacan.mx/?ruta=16
1,Comedor Rosalba,restaurante,29,18.461948,-97.391178,https://mitehuacan.mx/?ruta=16
1,El Chaparrito 2,restaurante,29,18.461948,-97.391178,https://mitehuacan.mx/?ruta=16
1,Expendio De Barbacoa Hermanos Roman Flores,restaurante,29,18.461948,-97.391178,https://mitehuacan.mx/?ruta=16
1,Expendio De Barbacoa Jose,restaurante,29,18.461948,-97.391178,https://mitehuacan.mx/?ruta=16
1,Fonda Carmen Blanco,restaurante,29,18.461948,-97.391178,https://mitehuacan.mx/?ruta=16
1,Fonda Comedor Las Granadas,restaurante,29,18.461948,-97.391178,https://mitehuacan.mx/?ruta=16
1,Fonda Florentina,restaurante,29,18.461948,-97.391178,https://mitehuacan.mx/?ruta=16
1,Fonda Julieta,restaurante,29,18.461948,-97.391178,https://mitehuacan.mx/?ruta=16
1,Fonda La Flor,restaurante,29,18.461948,-97.391178,https://mitehuacan.mx/?ruta=16
1,Fonda La Flor De Atlixco,restaurante,29,18.461948,-97.391178,https://mitehuacan.mx/?ruta=16
1,Fonda La Flor De Oaxaca,restaurante,29,18.461948,-97.391178,https://mitehuacan.mx/?ruta=16
1,Fonda La Oaxaqueña,restaurante,29,18.461948,-97.391178,https://mitehuacan.mx/?ruta=16
1,Fonda La Poblanita,restaurante,29,18.461948,-97.391178,https://mitehuacan.mx/?ruta=16
1,Fonda Mary Carmen,restaurante,29,18.461948,-97.391178,https://mitehuacan.mx/?ruta=16
1,Fonda Maty,restaurante,29,18.461948,-97.391178,https://mitehuacan.mx/?ruta=16
1,Fonda Rosita,restaurante,29,18.461948,-97.391178,https://mitehuacan.mx/?ruta=16
1,Fonda Ruth,restaurante,29,18.461948,-97.391178,https://mitehuacan.mx/?ruta=16
1,Fonda Teresita,restaurante,29,18.461948,-97.391178,https://mitehuacan.mx/?ruta=16
1,Huaraches Y Memelas El Chaparrito,restaurante,29,18.461948,-97.391178,https://mitehuacan.mx/?ruta=16
1,Pizzas Pizzaiolo,restaurante,29,18.461948,-97.391178,https://mitehuacan.mx/?ruta=16
1,Rosticera Pollo Fiesta,restaurante,29,18.441436,-97.380104,https://mitehuacan.mx/?ruta=16
1,Taqueria,restaurante,29,18.461948,-97.391178,https://mitehuacan.mx/?ruta=16
1,Taqueria La Guadalupana,restaurante,29,18.461948,-97.391178,https://mitehuacan.mx/?ruta=16
1,Taqueria Los 3 Garcias,restaurante,29,18.461948,-97.391178,https://mitehuacan.mx/?ruta=16
1,Venta De Barbacoa Bolaños,restaurante,29,18.461948,-97.391178,https://mitehuacan.mx/?ruta=16
1,Venta De Comida Catita,restaurante,29,18.461948,-97.391178,https://mitehuacan.mx/?ruta=16
1,Venta De Comida Sin Nombre,restaurante,29,18.461948,-97.391178,https://mitehuacan.mx/?ruta=16
1,Venta De Huaraches Sin Nombre,restaurante,29,18.461948,-97.391178,https://mitehuacan.mx/?ruta=16
1,Venta De Alimentos Los Laureles,restaurante,30,18.469022,-97.391061,https://mitehuacan.mx/?ruta=16
1,Wajil Restaurante,restaurante,30,18.457766,-97.392448,https://mitehuacan.mx/?ruta=16
1,Cocina Economica Sin Nombre,restaurante,32,18.466984,-97.391075,https://mitehuacan.mx/?ruta=16
1,Desayunos Don Rene,restaurante,33,18.461579,-97.389151,https://mitehuacan.mx/?ruta=16
1,Loncheria Vicky,restaurante,33,18.44913,-97.386301,https://mitehuacan.mx/?ruta=16
1,Cocina Economica Doña Julia,restaurante,35,18.47338,-97.38974,https://mitehuacan.mx/?ruta=16
1,Restaurant Mi Lupita,restaurante,35,18.460542,-97.389371,https://mitehuacan.mx/?ruta=16
1,Tacos Don Cosme,restaurante,35,18.45647,-97.391875,https://mitehuacan.mx/?ruta=16
1,Elaboracion De Memelitas,restaurante,37,18.472614,-97.391256,https://mitehuacan.mx/?ruta=16
1,Taqueria Zaragoza 3,restaurante,37,18.45658,-97.3919,https://mitehuacan.mx/?ruta=16
1,Comida Para Llevar Doña Debora,restaurante,38,18.442712,-97.384465,https://mitehuacan.mx/?ruta=16
1,Torteria Delicias,restaurante,38,18.455884,-97.392771,https://mitehuacan.mx/?ruta=16
1,Venta De Antojitos Sin Nombre,restaurante,38,18.447741,-97.382473,https://mitehuacan.mx/?ruta=16
1,Restaurant Maria Sabina,restaurante,39,18.453478,-97.390932,https://mitehuacan.mx/?ruta=16
1,Venta De Tacos Bethel,restaurante,39,18.442923,-97.38848,https://mitehuacan.mx/?ruta=16
1,Rosticeria Pollo Fiesta,restaurante,40,18.458879,-97.392404,https://mitehuacan.mx/?ruta=16
1,Venta De Taquitos Sin Nombre,restaurante,40,18.447998,-97.385332,https://mitehuacan.mx/?ruta=16
1,Antojitos Doña Chabe,restaurante,43,18.457488,-97.39315,https://mitehuacan.mx/?ruta=16
1,Cocina Economica Sin Nombre,restaurante,44,18.45837,-97.394129,https://mitehuacan.mx/?ruta=16
1,Play Game,restaurante,47,18.460505,-97.393495,https://mitehuacan.mx/?ruta=16
1,Venta De Hamburguesas Le Crepe,restaurante,47,18.462649,-97.389879,https://mitehuacan.mx/?ruta=16
1,Pollo Fiesta,restaurante,47,18.46303,-97.39188,https://mitehuacan.mx/?ruta=16
1,Pizzerias Angelloti,restaurante,48,18.458766,-97.391058,https://mitehuacan.mx/?ruta=16
1,Tacos Carranza,restaurante,48,18.461345,-97.392551,https://mitehuacan.mx/?ruta=16
1,Rosticeria Pollo Mix,restaurante,49,18.457558,-97.39199,https://mitehuacan.mx/?ruta=16
1,Venta De Tacos Bistec Sin Nombre,restaurante,49,18.444955,-97.380981,https://mitehuacan.mx/?ruta=16
1,Lico Lico Villa Asiatica,restaurante,51,18.458257,-97.393389,https://mitehuacan.mx/?ruta=16
1,Taqueria El Kiosquito,restaurante,51,18.441225,-97.380016,https://mitehuacan.mx/?ruta=16
1,Vivero Entre Flores Y Mas,restaurante,51,18.4703,-97.39084,https://mitehuacan.mx/?ruta=16
1,Cocina Economica La Incondicional Del Sabor,restaurante,52,18.458694,-97.392,https://mitehuacan.mx/?ruta=16
1,Pizzas Yankees,restaurante,52,18.458694,-97.392,https://mitehuacan.mx/?ruta=16
1,Pizzeria Yankees,restaurante,52,18.458694,-97.392,https://mitehuacan.mx/?ruta=16
1,Venta De Empanadas Sin Nombre,restaurante,52,18.460379,-97.389373,https://mitehuacan.mx/?ruta=16
1,La Torteria Tehuacan,restaurante,53,18.455269,-97.392499,https://mitehuacan.mx/?ruta=16
1,Venta De De Gorditas Sin Nombre,restaurante,53,18.449411,-97.38629,https://mitehuacan.mx/?ruta=16
1,Antojitos Abril,restaurante,54,18.472786,-97.390588,https://mitehuacan.mx/?ruta=16
1,Tacos Arabe Rickis,restaurante,54,18.461403,-97.392643,https://mitehuacan.mx/?ruta=16
1,Antojitos Jane,restaurante,56,18.473868,-97.389032,https://mitehuacan.mx/?ruta=16
1,Restaurante Carnitas Santa Elena,restaurante,56,18.460421,-97.393406,https://mitehuacan.mx/?ruta=16
1,Cocina Economica Flores,restaurante,57,18.45746,-97.39207,https://mitehuacan.mx/?ruta=16
1,Antojitos Doña Sonia,restaurante,59,18.44339,-97.383508,https://mitehuacan.mx/?ruta=16
1,Antojitos Mexicanos Gloria,restaurante,59,18.445274,-97.389563,https://mitehuacan.mx/?ruta=16
1,Pollos Asados,restaurante,59,18.47221,-97.377519,https://mitehuacan.mx/?ruta=16
1,Tortas Vic,restaurante,59,18.456527,-97.390991,https://mitehuacan.mx/?ruta=16
1,Torteria La Torteria Un Gusto,restaurante,60,18.462977,-97.390869,https://mitehuacan.mx/?ruta=16
1,Restaurantes Con Servicio De Preparación De Alimentos A La C,restaurante,62,18.45335,-97.391098,https://mitehuacan.mx/?ruta=16
1,Cocina Economica El Sazon De La Abuela,restaurante,63,18.472866,-97.390611,https://mitehuacan.mx/?ruta=16
1,Mapetos Restaurante,restaurante,64,18.464949,-97.392017,https://mitehuacan.mx/?ruta=16
1,Tacos Genaro,restaurante,64,18.472867,-97.391253,https://mitehuacan.mx/?ruta=16
1,Venta De Antojitos,restaurante,64,18.473662,-97.382398,https://mitehuacan.mx/?ruta=16
1,Cocina Economica,restaurante,65,18.453529,-97.389504,https://mitehuacan.mx/?ruta=16
1,Taqueria El Gran Poblano,restaurante,66,18.462792,-97.388807,https://mitehuacan.mx/?ruta=16
1,Puesto De Chicharron Sin Nombre,restaurante,69,18.466969,-97.390725,https://mitehuacan.mx/?ruta=16
1,Taqueria Felix,restaurante,69,18.455992,-97.393359,https://mitehuacan.mx/?ruta=16
1,Venta De Antojitos Mexicanos,restaurante,69,18.444538,-97.38978,https://mitehuacan.mx/?ruta=16
1,Tortas Checkos,restaurante,70,18.461547,-97.39264,https://mitehuacan.mx/?ruta=16
1,Restaurante Meson De La Biosfera,restaurante,73,18.460909,-97.394857,https://mitehuacan.mx/?ruta=16
1,Taqueria Mac Tac,restaurante,76,18.461612,-97.393285,https://mitehuacan.mx/?ruta=16
1,Venta De Comida Sin Nombre,restaurante,76,18.442599,-97.38371,https://mitehuacan.mx/?ruta=16
1,Cocina Economica Doña Maru,restaurante,77,18.446066,-97.381133,https://mitehuacan.mx/?ruta=16
1,Rosticeria El Tiempo,restaurante,77,18.460177,-97.390749,https://mitehuacan.mx/?ruta=16
1,Tacos Al Carbon Juquilita,restaurante,78,18.445679,-97.384129,https://mitehuacan.mx/?ruta=16
1,Restaurante Welik,restaurante,79,18.461657,-97.394166,https://mitehuacan.mx/?ruta=16
1,Venta De Carnitas El Calvario,restaurante,80,18.453487,-97.391416,https://mitehuacan.mx/?ruta=16
1,Cocina Economica Estelita,restaurante,81,18.454417,-97.392163,https://mitehuacan.mx/?ruta=16
1,Cocina Economica Sin Nombre,restaurante,83,18.44292,-97.38387,https://mitehuacan.mx/?ruta=16
1,Venta De Empanadas Y Frituras Sin Nombre,restaurante,83,18.447642,-97.381926,https://mitehuacan.mx/?ruta=16
1,Venta De Tortas Y Aguas Cristal,restaurante,83,18.462859,-97.390654,https://mitehuacan.mx/?ruta=16
1,Birrieria Los Gueros,restaurante,84,18.457972,-97.393572,https://mitehuacan.mx/?ruta=16
1,Restaurante El Meson Del Refugio,restaurante,84,18.460912,-97.394961,https://mitehuacan.mx/?ruta=16
1,Gourmet Doña Leonor,restaurante,86,18.456663,-97.393567,https://mitehuacan.mx/?ruta=16
1,Loncheria El Antojo,restaurante,86,18.461708,-97.393606,https://mitehuacan.mx/?ruta=16
1,Loncheria Sin Nombre,restaurante,86,18.461711,-97.393739,https://mitehuacan.mx/?ruta=16
1,Rosticeria Ali,restaurante,86,18.457431,-97.390714,https://mitehuacan.mx/?ruta=16
1,Sergios Antojos Tlalpeños,restaurante,86,18.461717,-97.393975,https://mitehuacan.mx/?ruta=16
1,Torteria Rico Rico,restaurante,86,18.461717,-97.393975,https://mitehuacan.mx/?ruta=16
1,Yankees Pizzas,restaurante,86,18.461721,-97.394163,https://mitehuacan.mx/?ruta=16
1,Cocina Economica Sin Nombre,restaurante,87,18.459676,-97.390666,https://mitehuacan.mx/?ruta=16
1,Taqueria El Chino,restaurante,87,18.460835,-97.388645,https://mitehuacan.mx/?ruta=16
1,Preparacion De Antojitos Sin Nombre,restaurante,88,18.47029,-97.392159,https://mitehuacan.mx/?ruta=16
1,Venta De Tortas Y Refrescos Sin Nombre,restaurante,89,18.449341,-97.385809,https://mitehuacan.mx/?ruta=16
1,Venta De Antojitos Variados Sin Nombre,restaurante,91,18.445925,-97.383295,https://mitehuacan.mx/?ruta=16
1,El Rey De La Vida,restaurante,96,18.456558,-97.393656,https://mitehuacan.mx/?ruta=16
1,Venta De Memelitas,restaurante,96,18.452445,-97.388094,https://mitehuacan.mx/?ruta=16
1,Antojitos Juanita,restaurante,97,18.469992,-97.392251,https://mitehuacan.mx/?ruta=16
1,Desayunador Brunch,restaurante,97,18.455679,-97.393474,https://mitehuacan.mx/?ruta=16
1,Cocina Economica Y Antojitos Sin Nombre,restaurante,99,18.450814,-97.386888,https://mitehuacan.mx/?ruta=16
1,Los Moprys,restaurante,99,18.445626,-97.383772,https://mitehuacan.mx/?ruta=16
1,Venta De Carnitas Y Tacos,restaurante,99,18.473026,-97.385938,https://mitehuacan.mx/?ruta=16
1,Taqueria El Gran Pastor,restaurante,100,18.448698,-97.383408,https://mitehuacan.mx/?ruta=16
1,Fonda Juquilita,restaurante,102,18.462783,-97.388465,https://mitehuacan.mx/?ruta=16
1,Taqueria La Parrilla De La 5,restaurante,102,18.454229,-97.3896,https://mitehuacan.mx/?ruta=16
1,Taqueria Tadeus,restaurante,104,18.450227,-97.386334,https://mitehuacan.mx/?ruta=16
1,Cocina Economica La Gran Victoria,restaurante,106,18.475057,-97.387322,https://mitehuacan.mx/?ruta=16
1,Antojitos Tita,restaurante,108,18.464387,-97.38842,https://mitehuacan.mx/?ruta=16
1,Cocina Lolita,restaurante,108,18.47168,-97.392323,https://mitehuacan.mx/?ruta=16
1,Venta De Antojitos Sin Nombre,restaurante,108,18.449083,-97.385381,https://mitehuacan.mx/?ruta=16
1,Antojitos Kukos Luchs,restaurante,109,18.464469,-97.388416,https://mitehuacan.mx/?ruta=16
1,Venta De Antojitos Mexicanos Chelita,restaurante,114,18.456311,-97.390469,https://mitehuacan.mx/?ruta=16
1,Miscelanea La Estrella,restaurante,117,18.456389,-97.390445,https://mitehuacan.mx/?ruta=16
1,Cocina Economica Gaby,restaurante,121,18.44793,-97.381682,https://mitehuacan.mx/?ruta=16
1,Cocina Economica Maru,restaurante,121,18.453347,-97.388679,https://mitehuacan.mx/?ruta=16
1,Venta De Memelas Sin Nombre,restaurante,122,18.451881,-97.387416,https://mitehuacan.mx/?ruta=16
1,Venta De Antojitos Sin Nombre,restaurante,128,18.471965,-97.376921,https://mitehuacan.mx/?ruta=16
1,Grupo Gastronomico Casa Vieja,restaurante,129,18.462083,-97.394447,https://mitehuacan.mx/?ruta=16
1,Carnitas Doña Mari,restaurante,135,18.45807,-97.39024,https://mitehuacan.mx/?ruta=16
1,Casa Vieja,restaurante,138,18.462114,-97.394636,https://mitehuacan.mx/?ruta=16
1,Antojitos La Jarochita,restaurante,140,18.467029,-97.392696,https://mitehuacan.mx/?ruta=16
1,Cemitas La Estrella De Puebla,restaurante,145,18.464883,-97.392778,https://mitehuacan.mx/?ruta=16
1,Antojitos Lolita,restaurante,148,18.471304,-97.392714,https://mitehuacan.mx/?ruta=16
1,Antojitos Mexicanos,restaurante,148,18.471304,-97.392714,https://mitehuacan.mx/?ruta=16
1,Bodega De Cocina Economica Chayito,restaurante,148,18.471304,-97.392714,https://mitehuacan.mx/?ruta=16
1,Bodega De La Cocina Economica Chayito,restaurante,148,18.471304,-97.392714,https://mitehuacan.mx/?ruta=16
1,Cocina Economica Las Comadritas,restaurante,148,18.471304,-97.392714,https://mitehuacan.mx/?ruta=16
1,Comedor De Antojitos Mexicanos,restaurante,148,18.471304,-97.392714,https://mitehuacan.mx/?ruta=16
1,Preparacion De Tortas Y Sandwich Sin Nombre,restaurante,148,18.471304,-97.392714,https://mitehuacan.mx/?ruta=16
1,Restaurante Las Marias,restaurante,148,18.471304,-97.392714,https://mitehuacan.mx/?ruta=16
1,Venta De Antojitos Perlita,restaurante,148,18.471304,-97.392714,https://mitehuacan.mx/?ruta=16
1,Venta De Barbacoa Hermanos Lopez,restaurante,148,18.471304,-97.392714,https://mitehuacan.mx/?ruta=16
1,Loncheria Frutileto,restaurante,150,18.462299,-97.39414,https://mitehuacan.mx/?ruta=16
1,Elaboracion De Comida,súper,0,18.457603,-97.392735,https://mitehuacan.mx/?ruta=16
1,La Pagoda Servicio De Comida Para Llevar,súper,2,18.458724,-97.393156,https://mitehuacan.mx/?ruta=16
1,Ta Barato,súper,6,18.46022,-97.391543,https://mitehuacan.mx/?ruta=16
1,Ta Barato,súper,7,18.460215,-97.391423,https://mitehuacan.mx/?ruta=16
1,Creepi Puercas,súper,78,18.464927,-97.39067,https://mitehuacan.mx/?ruta=16
1,Centro Comercial Alatriste,súper,129,18.461037,-97.388238,https://mitehuacan.mx/?ruta=16
1,Electrico Automotriz El Muñeco,taller,1,18.443299,-97.380903,https://mitehuacan.mx/?ruta=16
1,Hojalateria Y Pintura Piolin,taller,1,18.470871,-97.389349,https://mitehuacan.mx/?ruta=16
1,Venta De Elotes Gasper,taller,1,18.462174,-97.389459,https://mitehuacan.mx/?ruta=16
1,Amortiguadores Orizaba,taller,2,18.44342,-97.380951,https://mitehuacan.mx/?ruta=16
1,Gelatinas Fruti Rico,taller,2,18.463323,-97.389432,https://mitehuacan.mx/?ruta=16
1,Modicard,taller,2,18.443511,-97.380988,https://mitehuacan.mx/?ruta=16
1,Servicio De Mantenimiento De Maquinaria Martinez,taller,2,18.447584,-97.38281,https://mitehuacan.mx/?ruta=16
1,Servicio Electrico Moya,taller,2,18.446123,-97.382079,https://mitehuacan.mx/?ruta=16
1,Tallar Mecanico Sin Nombre,taller,2,18.473504,-97.378009,https://mitehuacan.mx/?ruta=16
1,Taller Mecanico Sin Nombre,taller,2,18.443518,-97.380991,https://mitehuacan.mx/?ruta=16
1,Servicio Tecnico Velasco,taller,3,18.444261,-97.381267,https://mitehuacan.mx/?ruta=16
1,Servicios Rojas,taller,3,18.441218,-97.381252,https://mitehuacan.mx/?ruta=16
1,Snack Papa Nachos,taller,3,18.47198,-97.391266,https://mitehuacan.mx/?ruta=16
1,Taller De Transmisiones Automaticas El Ardilla,taller,3,18.474341,-97.385135,https://mitehuacan.mx/?ruta=16
1,Centro De Servicio Arriaga,taller,4,18.470957,-97.391272,https://mitehuacan.mx/?ruta=16
1,Club De Nutricion Herbalife,taller,4,18.465486,-97.389391,https://mitehuacan.mx/?ruta=16
1,D Limon,taller,4,18.44627,-97.384442,https://mitehuacan.mx/?ruta=16
1,Servicio Automotriz Salazar,taller,4,18.446413,-97.384132,https://mitehuacan.mx/?ruta=16
1,Taller De Joyeria Poly,taller,4,18.460915,-97.391232,https://mitehuacan.mx/?ruta=16
1,Fit Club La Juventud,taller,5,18.447022,-97.382427,https://mitehuacan.mx/?ruta=16
1,Gm Embobinados,taller,5,18.456687,-97.391498,https://mitehuacan.mx/?ruta=16
1,Reparacion Y Mantenimiento De Maquinas De Cocer,taller,5,18.457166,-97.391485,https://mitehuacan.mx/?ruta=16
1,Taller Mecanicodon Leandro,taller,5,18.44097,-97.388818,https://mitehuacan.mx/?ruta=16
1,Joyeria Raymundo,taller,6,18.466879,-97.391429,https://mitehuacan.mx/?ruta=16
1,Preparacion De Embutidos Sin Nombre,taller,6,18.447051,-97.384491,https://mitehuacan.mx/?ruta=16
1,Servicio Automotri Gtracing,taller,6,18.471956,-97.391355,https://mitehuacan.mx/?ruta=16
1,Servicio Lozano,taller,6,18.471267,-97.389272,https://mitehuacan.mx/?ruta=16
1,Taller Mecanico Continental,taller,6,18.444066,-97.381114,https://mitehuacan.mx/?ruta=16
1,Dulceria Dorilocos,taller,7,18.463283,-97.391371,https://mitehuacan.mx/?ruta=16
1,Venta De Papas Sin Nombre,taller,7,18.463301,-97.39137,https://mitehuacan.mx/?ruta=16
1,Club De Nutricion Herbalife,taller,8,18.460828,-97.391975,https://mitehuacan.mx/?ruta=16
1,Reparacion De Relojes Y Alhajas,taller,8,18.460828,-97.391975,https://mitehuacan.mx/?ruta=16
1,Taller De Compostura De Ropa Sin Nombre,taller,8,18.446679,-97.38474,https://mitehuacan.mx/?ruta=16
1,Taller Mecanico Sin Nombre,taller,8,18.472375,-97.390192,https://mitehuacan.mx/?ruta=16
1,Venta De Postres Fruti Rico,taller,9,18.460773,-97.389937,https://mitehuacan.mx/?ruta=16
1,Servicio Electrico Automotriz Coronado,taller,10,18.447284,-97.383858,https://mitehuacan.mx/?ruta=16
1,Taller De Compostura Ropa Textil Sin Nombre,taller,10,18.451222,-97.388232,https://mitehuacan.mx/?ruta=16
1,Servicio Automotriz San Angel,taller,11,18.472416,-97.377951,https://mitehuacan.mx/?ruta=16
1,Taller Automotriz Silver,taller,12,18.444427,-97.381178,https://mitehuacan.mx/?ruta=16
1,Taller Mecanico Centro Integral Automotriz Romero Tehuacan,taller,13,18.467736,-97.389271,https://mitehuacan.mx/?ruta=16
1,Venta De Aguas Frescas El Numero 1,taller,13,18.461572,-97.389588,https://mitehuacan.mx/?ruta=16
1,Hojalateria Y Pintura Nico,taller,14,18.445709,-97.381614,https://mitehuacan.mx/?ruta=16
1,Mecanica Industrial Moreno Franco,taller,15,18.466804,-97.389265,https://mitehuacan.mx/?ruta=16
1,Venta De Productos Naturistas Club De Nutricion,taller,15,18.463337,-97.389303,https://mitehuacan.mx/?ruta=16
1,Taller Mecanico Jesus,taller,16,18.446875,-97.384395,https://mitehuacan.mx/?ruta=16
1,Taller Mecanico Rendon,taller,16,18.445827,-97.381652,https://mitehuacan.mx/?ruta=16
1,Licuados Sin Nombre,taller,17,18.463952,-97.389288,https://mitehuacan.mx/?ruta=16
1,Servicio Automotriz Sin Nombre,taller,17,18.472229,-97.378111,https://mitehuacan.mx/?ruta=16
1,Taller De Reparacion De Autos,taller,21,18.458528,-97.393377,https://mitehuacan.mx/?ruta=16
1,Taller De Joyeria Lrj,taller,23,18.462948,-97.389655,https://mitehuacan.mx/?ruta=16
1,Taller De Embobinado De Motores Servicio Trujillo,taller,24,18.468933,-97.389169,https://mitehuacan.mx/?ruta=16
1,Servicio Gamo,taller,25,18.455947,-97.392078,https://mitehuacan.mx/?ruta=16
1,Taller Mecanico El Tio,taller,28,18.470627,-97.389652,https://mitehuacan.mx/?ruta=16
1,Club De Nutricion Herbalife,taller,29,18.460646,-97.39246,https://mitehuacan.mx/?ruta=16
1,Club Nutricional De Herbalife,taller,29,18.461948,-97.391178,https://mitehuacan.mx/?ruta=16
1,Grabados Juanito,taller,29,18.461948,-97.391178,https://mitehuacan.mx/?ruta=16
1,Taller Mecanico En General Jair,taller,29,18.44447,-97.387872,https://mitehuacan.mx/?ruta=16
1,Taller Mecanico En General Sin Nombre,taller,29,18.477913,-97.375696,https://mitehuacan.mx/?ruta=16
1,Fat Bastard,taller,31,18.457965,-97.392444,https://mitehuacan.mx/?ruta=16
1,Sastreria De Fajardo,taller,33,18.467012,-97.391691,https://mitehuacan.mx/?ruta=16
1,Crepas Miel,taller,36,18.455971,-97.392964,https://mitehuacan.mx/?ruta=16
1,Fruti Rico,taller,36,18.46124,-97.392645,https://mitehuacan.mx/?ruta=16
1,Taller De Joyeria El Cronometro,taller,37,18.464895,-97.389087,https://mitehuacan.mx/?ruta=16
1,Hojalateria Y Pintura Don Luis,taller,38,18.442712,-97.384465,https://mitehuacan.mx/?ruta=16
1,Taller De Joyeria Sin Nombre,taller,45,18.461577,-97.389037,https://mitehuacan.mx/?ruta=16
1,Herba Life,taller,46,18.454472,-97.390434,https://mitehuacan.mx/?ruta=16
1,Venta De Comida Sin Nombre,taller,46,18.473975,-97.388878,https://mitehuacan.mx/?ruta=16
1,Churros Rellenos Apachurro,taller,48,18.459072,-97.392525,https://mitehuacan.mx/?ruta=16
1,Taller De Mantenimiento De Motores Estacionarios,taller,49,18.466838,-97.389875,https://mitehuacan.mx/?ruta=16
1,Venta De Papas Sin Nombre,taller,50,18.46075,-97.388999,https://mitehuacan.mx/?ruta=16
1,Taller Mecanico Sin Nombre,taller,51,18.448354,-97.382884,https://mitehuacan.mx/?ruta=16
1,Taller Mecanico Servicio Aguilar,taller,54,18.442549,-97.385426,https://mitehuacan.mx/?ruta=16
1,Compostura De Ropa Sin Nombre,taller,58,18.446325,-97.385648,https://mitehuacan.mx/?ruta=16
1,Muelles Y Suspensiones Zobek,taller,61,18.469135,-97.391923,https://mitehuacan.mx/?ruta=16
1,Reparacion De Linea Blanca Sin Nombre,taller,62,18.47329,-97.389999,https://mitehuacan.mx/?ruta=16
1,Sastreria Sin Nombre,taller,66,18.447689,-97.38478,https://mitehuacan.mx/?ruta=16
1,Electrico Automotriz,taller,67,18.468797,-97.391979,https://mitehuacan.mx/?ruta=16
1,Postres Diseños Mau Artesanales,taller,67,18.468897,-97.391977,https://mitehuacan.mx/?ruta=16
1,Elaboracion Y Venta De Tamales Doña Rufina,taller,69,18.444538,-97.38978,https://mitehuacan.mx/?ruta=16
1,Taller De Hojalateria Castillo,taller,69,18.452038,-97.388113,https://mitehuacan.mx/?ruta=16
1,Frutas Coco Bongo,taller,70,18.46084,-97.388806,https://mitehuacan.mx/?ruta=16
1,Taller De Hojalateria Y Pintura Servicio San Juan,taller,70,18.448461,-97.383279,https://mitehuacan.mx/?ruta=16
1,Reparacion De Maquinaria De Panaderia Sin Nombre,taller,71,18.474954,-97.384625,https://mitehuacan.mx/?ruta=16
1,Servicio Autoelectrico Jimenez,taller,75,18.471797,-97.392006,https://mitehuacan.mx/?ruta=16
1,Autoservicio Vazquez,taller,76,18.446448,-97.385756,https://mitehuacan.mx/?ruta=16
1,Bodega De Rectificadora Bravo,taller,76,18.469141,-97.392065,https://mitehuacan.mx/?ruta=16
1,Reparacion Mecanica En General De Automoviles Y Camiones Sin,taller,83,18.452183,-97.388054,https://mitehuacan.mx/?ruta=16
1,Taller De Embobinados De Motores Electricos Tecni Embobinado,taller,83,18.466911,-97.38862,https://mitehuacan.mx/?ruta=16
1,Taller De Hojalateria Y Pintura Cobell Service Center,taller,84,18.448251,-97.385011,https://mitehuacan.mx/?ruta=16
1,Club Herbalife Color Esperanza,taller,88,18.459196,-97.390668,https://mitehuacan.mx/?ruta=16
1,Club De Nutricion Herba Life,taller,94,18.45528,-97.390488,https://mitehuacan.mx/?ruta=16
1,Taller De Hojalateria Y Pintura Mexicali,taller,94,18.479669,-97.375628,https://mitehuacan.mx/?ruta=16
1,Taller De Joyeria Clarita,taller,95,18.457428,-97.390629,https://mitehuacan.mx/?ruta=16
1,Taller Mecanico Automotriz Sin Nombre,taller,95,18.471439,-97.390392,https://mitehuacan.mx/?ruta=16
1,Taller Mecanico Sin Nombre,taller,95,18.445264,-97.383451,https://mitehuacan.mx/?ruta=16
1,Taller Mecanico Sin Nombre,taller,96,18.470291,-97.388488,https://mitehuacan.mx/?ruta=16
1,Nutricion De Herbalife,taller,97,18.470254,-97.392243,https://mitehuacan.mx/?ruta=16
1,Club De Nutricion Herbalife,taller,99,18.459622,-97.392428,https://mitehuacan.mx/?ruta=16
1,Satreria Tony,taller,101,18.457641,-97.393691,https://mitehuacan.mx/?ruta=16
1,Taller Electrico El Monje,taller,103,18.471612,-97.392275,https://mitehuacan.mx/?ruta=16
1,Venta De Tamales Sin Nombre,taller,103,18.452253,-97.387881,https://mitehuacan.mx/?ruta=16
1,Papas Juquilita,taller,104,18.465954,-97.388434,https://mitehuacan.mx/?ruta=16
1,Preparacion De Elotes Y Esquites Sin Nombres,taller,105,18.450896,-97.386886,https://mitehuacan.mx/?ruta=16
1,Taller De Hojalateria Y Pintura El Flaco,taller,106,18.448829,-97.382708,https://mitehuacan.mx/?ruta=16
1,Venta De Elotes Y Esquites El Calvario,taller,111,18.453278,-97.391623,https://mitehuacan.mx/?ruta=16
1,Muelles Vidal,taller,116,18.462779,-97.388333,https://mitehuacan.mx/?ruta=16
1,Venta De Postres Sin Nombre,taller,116,18.453205,-97.391622,https://mitehuacan.mx/?ruta=16
1,Taller Automotriz Cararzone,taller,121,18.454528,-97.389594,https://mitehuacan.mx/?ruta=16
1,Servicio Electrico Automotriz Cario,taller,122,18.475418,-97.386786,https://mitehuacan.mx/?ruta=16
1,Reparacion De Maquinas Sin Nombre,taller,129,18.457601,-97.394159,https://mitehuacan.mx/?ruta=16
1,Hojalateria Y Pintura El Pato,taller,131,18.469889,-97.38816,https://mitehuacan.mx/?ruta=16
1,Reparaciones De Productos De Fierro Y Lamina Merino,taller,131,18.448578,-97.381955,https://mitehuacan.mx/?ruta=16
1,Taller Mecanico El Chapo,taller,131,18.474405,-97.378908,https://mitehuacan.mx/?ruta=16
1,Botanas Mezcladito,taller,133,18.457565,-97.394161,https://mitehuacan.mx/?ruta=16
1,Servicio Tecnico Automotriz Bh,taller,133,18.472374,-97.392526,https://mitehuacan.mx/?ruta=16
1,Taller Electrico Industrial Galo,taller,135,18.458296,-97.390239,https://mitehuacan.mx/?ruta=16
1,Laminacion Y Pintura Los Rosales,taller,136,18.471519,-97.382556,https://mitehuacan.mx/?ruta=16
1,Composturas De Prendas De Vestir Sin Nombre,taller,137,18.463991,-97.388149,https://mitehuacan.mx/?ruta=16
1,Composturas De Maquinas De Coser Sin Nombre,taller,139,18.455584,-97.393878,https://mitehuacan.mx/?ruta=16
1,Vitale Batidos Naturales,taller,141,18.471353,-97.392645,https://mitehuacan.mx/?ruta=16
1,Muelles Y Suspensiones El Chavo,taller,142,18.454355,-97.389224,https://mitehuacan.mx/?ruta=16
1,Compostura De Pantalon Sin Nombre,taller,143,18.446245,-97.38052,https://mitehuacan.mx/?ruta=16
1,Taller De Suspensiones Y Frenos Tehuacan,taller,143,18.450788,-97.386312,https://mitehuacan.mx/?ruta=16
1,Artesania De Palma,taller,148,18.471304,-97.392714,https://mitehuacan.mx/?ruta=16
1,Taller De Costura,taller,148,18.471304,-97.392714,https://mitehuacan.mx/?ruta=16
1,Veterinaria Santa Cruz,veterinaria,2,18.462491,-97.389456,https://mitehuacan.mx/?ruta=16
1,Farmacia Veterinaria Clinica San Jose,veterinaria,5,18.453156,-97.389923,https://mitehuacan.mx/?ruta=16
1,Tienda De Accesorios Para Mascotas,veterinaria,5,18.457248,-97.391484,https://mitehuacan.mx/?ruta=16
1,Veterinaria Mundo Animal,veterinaria,5,18.465956,-97.391438,https://mitehuacan.mx/?ruta=16
1,Venta De Alimentos Para Aves Alimentos Balanceados La Granji,veterinaria,12,18.462206,-97.389332,https://mitehuacan.mx/?ruta=16
1,M2 Peritos,veterinaria,18,18.465129,-97.389266,https://mitehuacan.mx/?ruta=16
1,Servicios Veterinarios Sarabia,veterinaria,46,18.472704,-97.391255,https://mitehuacan.mx/?ruta=16
1,Bodega De Productos Pecuarios,veterinaria,67,18.471846,-97.391935,https://mitehuacan.mx/?ruta=16
1,Hg Distrubuidora Pecuaria Venta De Medicamentos Veterinarios,veterinaria,116,18.471522,-97.392406,https://mitehuacan.mx/?ruta=16
1,Comercializacion De Productos Agropecuarios,veterinaria,125,18.473328,-97.391639,https://mitehuacan.mx/?ruta=16
1,Centro Veterinario Doctora Nelly,veterinaria,128,18.456683,-97.393965,https://mitehuacan.mx/?ruta=16
1,Clinica Veterinaria Vet Scan,veterinaria,147,18.453912,-97.392539,https://mitehuacan.mx/?ruta=16
1,Nutrimentos Plus,veterinaria,150,18.46277,-97.38801,https://mitehuacan.mx/?ruta=16
2,Miscelanea Alan,abarrotes,0,18.463124,-97.389438,https://mitehuacan.mx/?ruta=16
2,Miscelanea Azteca,abarrotes,0,18.444821,-97.387979,https://mitehuacan.mx/?ruta=16
2,Miscelanea Diana,abarrotes,0,18.445933,-97.385188,https://mitehuacan.mx/?ruta=16
2,Miscelanea Luz,abarrotes,0,18.472367,-97.379053,https://mitehuacan.mx/?ruta=16
2,Miscelanea Rosita,abarrotes,0,18.446155,-97.38491,https://mitehuacan.mx/?ruta=16
2,Miscelanea Yoli,abarrotes,0,18.444602,-97.386904,https://mitehuacan.mx/?ruta=16
2,Frutas Y Verduras Tia Elo,abarrotes,1,18.443087,-97.380818,https://mitehuacan.mx/?ruta=16
2,Miscelanea Albert,abarrotes,1,18.443393,-97.38877,https://mitehuacan.mx/?ruta=16
2,Miscelanea Casa Rivera,abarrotes,1,18.478248,-97.376179,https://mitehuacan.mx/?ruta=16
2,Miscelanea El Mercadito,abarrotes,1,18.444866,-97.388128,https://mitehuacan.mx/?ruta=16
2,Miscelanea Medina,abarrotes,1,18.453468,-97.390478,https://mitehuacan.mx/?ruta=16
2,Miscelanea Zoe,abarrotes,1,18.474251,-97.382102,https://mitehuacan.mx/?ruta=16
2,Tienda Miscelanea Candy Shop Itzae,abarrotes,1,18.445375,-97.385889,https://mitehuacan.mx/?ruta=16
2,Miscelanea Changarrito,abarrotes,2,18.472444,-97.379401,https://mitehuacan.mx/?ruta=16
2,Miscelanea Dani,abarrotes,2,18.446365,-97.382209,https://mitehuacan.mx/?ruta=16
2,Miscelanea Juquilita,abarrotes,2,18.477347,-97.375833,https://mitehuacan.mx/?ruta=16
2,Miscelanea La Joyita,abarrotes,2,18.474276,-97.386702,https://mitehuacan.mx/?ruta=16
2,Miscelanea Rufi,abarrotes,2,18.472413,-97.380807,https://mitehuacan.mx/?ruta=16
2,Miscelanea Sin Nombre,abarrotes,2,18.478867,-97.375323,https://mitehuacan.mx/?ruta=16
2,Miscelanea Sin Nombre,abarrotes,2,18.472772,-97.378119,https://mitehuacan.mx/?ruta=16
2,Abarrotes Bravos,abarrotes,3,18.442867,-97.389307,https://mitehuacan.mx/?ruta=16
2,Mini Oxxito,abarrotes,3,18.453338,-97.39033,https://mitehuacan.mx/?ruta=16
2,Miscelanea As De Oros,abarrotes,3,18.478721,-97.376752,https://mitehuacan.mx/?ruta=16
2,Miscelanea El Don,abarrotes,3,18.478931,-97.37478,https://mitehuacan.mx/?ruta=16
2,Miscelanea Jeny,abarrotes,3,18.446794,-97.383303,https://mitehuacan.mx/?ruta=16
2,Miscelanea Mariscal,abarrotes,3,18.474077,-97.377581,https://mitehuacan.mx/?ruta=16
2,Miscelanea Mia,abarrotes,3,18.474342,-97.385334,https://mitehuacan.mx/?ruta=16
2,Miscelanea San Jose,abarrotes,3,18.474911,-97.377604,https://mitehuacan.mx/?ruta=16
2,Miscelanea San Miguel,abarrotes,3,18.474342,-97.385334,https://mitehuacan.mx/?ruta=16
2,Miscelanea Sin Nombre,abarrotes,3,18.452806,-97.389668,https://mitehuacan.mx/?ruta=16
2,Miscelanea Surti Prais,abarrotes,3,18.443256,-97.384598,https://mitehuacan.mx/?ruta=16
2,Miscelanea Tita,abarrotes,3,18.47198,-97.391266,https://mitehuacan.mx/?ruta=16
2,Tienda De Abarrotes Ultramarinos Y Miscelanea El Surtidor,abarrotes,3,18.460926,-97.391934,https://mitehuacan.mx/?ruta=16
2,Bodega Miscelanea Mi Tiendita,abarrotes,4,18.445092,-97.388954,https://mitehuacan.mx/?ruta=16
2,La Michoacana,abarrotes,4,18.474342,-97.382848,https://mitehuacan.mx/?ruta=16
2,Miscelanea Faby,abarrotes,4,18.44648,-97.38416,https://mitehuacan.mx/?ruta=16
2,Miscelanea Hernandez,abarrotes,4,18.470464,-97.389354,https://mitehuacan.mx/?ruta=16
2,Miscelanea La Esquinita,abarrotes,4,18.472406,-97.378011,https://mitehuacan.mx/?ruta=16
2,Miscelanea Lupita,abarrotes,4,18.465431,-97.389391,https://mitehuacan.mx/?ruta=16
2,Miscelanea Sin Nombre,abarrotes,4,18.478692,-97.376401,https://mitehuacan.mx/?ruta=16
2,Miscelanea Sin Nombre,abarrotes,4,18.474348,-97.385732,https://mitehuacan.mx/?ruta=16
2,Tienda Sin Nombre,abarrotes,4,18.467612,-97.389361,https://mitehuacan.mx/?ruta=16
2,Mini Super Gamma,abarrotes,5,18.466822,-97.391325,https://mitehuacan.mx/?ruta=16
2,Miscelanea 3Y6,abarrotes,5,18.469123,-97.391385,https://mitehuacan.mx/?ruta=16
2,Miscelanea Aqui,abarrotes,5,18.458681,-97.391459,https://mitehuacan.mx/?ruta=16
2,Miscelanea Castillo,abarrotes,5,18.471403,-97.389271,https://mitehuacan.mx/?ruta=16
2,Miscelanea Cruz,abarrotes,5,18.478722,-97.376077,https://mitehuacan.mx/?ruta=16
2,Miscelanea Don Claudio,abarrotes,5,18.468867,-97.391297,https://mitehuacan.mx/?ruta=16
2,Miscelanea Dulce,abarrotes,5,18.469993,-97.389352,https://mitehuacan.mx/?ruta=16
2,Miscelanea Evelyn,abarrotes,5,18.478318,-97.376808,https://mitehuacan.mx/?ruta=16
2,Miscelanea Karin,abarrotes,5,18.472245,-97.389269,https://mitehuacan.mx/?ruta=16
2,Miscelanea La Principal,abarrotes,5,18.472257,-97.390261,https://mitehuacan.mx/?ruta=16
2,Miscelanea Marquitos,abarrotes,5,18.446794,-97.383477,https://mitehuacan.mx/?ruta=16
2,Miscelanea Santo Domingo,abarrotes,5,18.446747,-97.38358,https://mitehuacan.mx/?ruta=16
2,Miscelanea Sin Nombre,abarrotes,5,18.47538,-97.377082,https://mitehuacan.mx/?ruta=16
2,Tienda De Abarrotes La Nueva Sonrisa,abarrotes,5,18.469138,-97.391293,https://mitehuacan.mx/?ruta=16
2,Barroso,abarrotes,6,18.459605,-97.391549,https://mitehuacan.mx/?ruta=16
2,Mini Super Vector,abarrotes,6,18.441286,-97.387885,https://mitehuacan.mx/?ruta=16
2,Miscelanea La Luz,abarrotes,6,18.467187,-97.391425,https://mitehuacan.mx/?ruta=16
2,Tienda Lobo Abarrotero,abarrotes,6,18.455866,-97.391618,https://mitehuacan.mx/?ruta=16
2,Casa Velasco,abarrotes,7,18.460876,-97.39406,https://mitehuacan.mx/?ruta=16
2,"Comercio Al Por Menor En Tiendas De Abarrotes, Ultramarinos ",abarrotes,7,18.445492,-97.381579,https://mitehuacan.mx/?ruta=16
2,Miscelanea Don Fer,abarrotes,7,18.473091,-97.388224,https://mitehuacan.mx/?ruta=16
2,Miscelanea Drinks House,abarrotes,7,18.446737,-97.384746,https://mitehuacan.mx/?ruta=16
2,Miscelanea Mini Ocsito,abarrotes,7,18.463518,-97.391362,https://mitehuacan.mx/?ruta=16
2,Miscelanea Nuevo Mundo,abarrotes,7,18.464939,-97.391343,https://mitehuacan.mx/?ruta=16
2,Miscelanea Sin Nombre,abarrotes,7,18.444368,-97.383543,https://mitehuacan.mx/?ruta=16
2,Misselanea Saragoza,abarrotes,7,18.474085,-97.381669,https://mitehuacan.mx/?ruta=16
2,Tienda De Abarrotes Girasoles,abarrotes,7,18.454835,-97.391618,https://mitehuacan.mx/?ruta=16
2,Miscelanea Pequeño Angelito,abarrotes,8,18.44128,-97.387948,https://mitehuacan.mx/?ruta=16
2,Miscelanea Sanchez,abarrotes,8,18.447513,-97.383487,https://mitehuacan.mx/?ruta=16
2,Abarrotes Estrella De Oriente,abarrotes,9,18.457453,-97.391614,https://mitehuacan.mx/?ruta=16
2,Abarrotes La Corona De Tehuacan,abarrotes,9,18.460777,-97.390061,https://mitehuacan.mx/?ruta=16
2,Abarrotes Los Rochita,abarrotes,9,18.447023,-97.384282,https://mitehuacan.mx/?ruta=16
2,Micelanea Mariela,abarrotes,9,18.47225,-97.381499,https://mitehuacan.mx/?ruta=16
2,Miscelanea Abejita 2,abarrotes,9,18.478473,-97.374833,https://mitehuacan.mx/?ruta=16
2,Miscelanea Edith,abarrotes,9,18.447101,-97.382889,https://mitehuacan.mx/?ruta=16
2,Miscelanea Valeria,abarrotes,9,18.447436,-97.383613,https://mitehuacan.mx/?ruta=16
2,Tienda De Abarrotes Dany,abarrotes,9,18.460761,-97.389492,https://mitehuacan.mx/?ruta=16
2,Cerveceria Six,abarrotes,10,18.447284,-97.383858,https://mitehuacan.mx/?ruta=16
2,Dulces Y Algo Mas,abarrotes,10,18.473006,-97.38928,https://mitehuacan.mx/?ruta=16
2,Miscelanea Sanchez,abarrotes,10,18.454379,-97.390779,https://mitehuacan.mx/?ruta=16
2,Mini Super La Guereja,abarrotes,12,18.462785,-97.389318,https://mitehuacan.mx/?ruta=16
2,Miscelanea Camigary,abarrotes,12,18.469195,-97.389284,https://mitehuacan.mx/?ruta=16
2,Tienda De Abarrotes Comercializadora Casa Hernandez,abarrotes,12,18.461609,-97.389347,https://mitehuacan.mx/?ruta=16
2,Miscelanea Dieguin,abarrotes,13,18.4507,-97.387837,https://mitehuacan.mx/?ruta=16
2,Miscelanea Juquilita,abarrotes,13,18.443891,-97.389056,https://mitehuacan.mx/?ruta=16
2,Miscelanea La Estrella,abarrotes,13,18.467519,-97.389272,https://mitehuacan.mx/?ruta=16
2,Miscelanea Tere,abarrotes,13,18.450517,-97.387698,https://mitehuacan.mx/?ruta=16
2,Tienda Vino Por Chelas,abarrotes,13,18.4507,-97.387837,https://mitehuacan.mx/?ruta=16
2,Miscelanea Sin Nombre,abarrotes,14,18.468868,-97.389264,https://mitehuacan.mx/?ruta=16
2,Miselanea Luna,abarrotes,14,18.475152,-97.376926,https://mitehuacan.mx/?ruta=16
2,Miscelanea Luci,abarrotes,15,18.442241,-97.383162,https://mitehuacan.mx/?ruta=16
2,Miscelanea Manos Magicas,abarrotes,15,18.469022,-97.389536,https://mitehuacan.mx/?ruta=16
2,Miscelanea La Veracruzana 1,abarrotes,17,18.465871,-97.389265,https://mitehuacan.mx/?ruta=16
2,Miscelanea Ximena,abarrotes,17,18.472581,-97.379279,https://mitehuacan.mx/?ruta=16
2,Miscelanea Marin,abarrotes,18,18.448047,-97.382885,https://mitehuacan.mx/?ruta=16
2,Abarrotes Juquilita,abarrotes,19,18.445532,-97.386064,https://mitehuacan.mx/?ruta=16
2,Miscelanea Fany,abarrotes,19,18.474495,-97.381759,https://mitehuacan.mx/?ruta=16
2,Miscelanea Yenny,abarrotes,19,18.441702,-97.386981,https://mitehuacan.mx/?ruta=16
2,Miscelanea Sin Nombre,abarrotes,20,18.47262,-97.378782,https://mitehuacan.mx/?ruta=16
2,Miscelanea El Antojo,abarrotes,21,18.456038,-97.392768,https://mitehuacan.mx/?ruta=16
2,Miscelanea El Buen Pastor,abarrotes,23,18.448083,-97.383075,https://mitehuacan.mx/?ruta=16
2,Miscelanea Ramos,abarrotes,24,18.472082,-97.390967,https://mitehuacan.mx/?ruta=16
2,Miscelanea San Juditas,abarrotes,25,18.44505,-97.387544,https://mitehuacan.mx/?ruta=16
2,Miscelanea Shalom,abarrotes,25,18.474015,-97.382928,https://mitehuacan.mx/?ruta=16
2,Misselanea Ramirez,abarrotes,26,18.473591,-97.381206,https://mitehuacan.mx/?ruta=16
2,Miscelanea Karen,abarrotes,27,18.447493,-97.385084,https://mitehuacan.mx/?ruta=16
2,Miscelanea Kioto,abarrotes,27,18.465968,-97.389677,https://mitehuacan.mx/?ruta=16
2,Miscelanea Celia,abarrotes,28,18.477765,-97.376309,https://mitehuacan.mx/?ruta=16
2,Miscelanea La Botana,abarrotes,28,18.461175,-97.393181,https://mitehuacan.mx/?ruta=16
2,Abarrotes Sin Nombre,abarrotes,29,18.461948,-97.391178,https://mitehuacan.mx/?ruta=16
2,Abarrotes Y Semillas La Ideal,abarrotes,29,18.461948,-97.391178,https://mitehuacan.mx/?ruta=16
2,Miscelanea Juquilita,abarrotes,29,18.443745,-97.388437,https://mitehuacan.mx/?ruta=16
2,Miscelanea Blanca,abarrotes,30,18.445166,-97.389302,https://mitehuacan.mx/?ruta=16
2,Abarrotes Mary,abarrotes,31,18.473141,-97.378429,https://mitehuacan.mx/?ruta=16
2,Miscelanea El Guero,abarrotes,31,18.457965,-97.392444,https://mitehuacan.mx/?ruta=16
2,Miscelanea Gael,abarrotes,31,18.474592,-97.384625,https://mitehuacan.mx/?ruta=16
2,Tienda De Abarrotes La Karnik,abarrotes,31,18.47339,-97.387586,https://mitehuacan.mx/?ruta=16
2,Miscelanea Huerta,abarrotes,32,18.443346,-97.389596,https://mitehuacan.mx/?ruta=16
2,Miscelanea Sin Nombre,abarrotes,32,18.445425,-97.388654,https://mitehuacan.mx/?ruta=16
2,Tienda De Abarrotes La Cordobesa,abarrotes,32,18.461164,-97.390761,https://mitehuacan.mx/?ruta=16
2,Tienda De Abarrotes Sin Nombre,abarrotes,32,18.457591,-97.393042,https://mitehuacan.mx/?ruta=16
2,Miscelanea Rubi,abarrotes,33,18.446364,-97.382578,https://mitehuacan.mx/?ruta=16
2,Tienda Six Bajo Cero,abarrotes,33,18.452262,-97.388697,https://mitehuacan.mx/?ruta=16
2,Miscelanea El Oasis,abarrotes,34,18.447634,-97.384046,https://mitehuacan.mx/?ruta=16
2,Miscelanea Yanet,abarrotes,34,18.476616,-97.375512,https://mitehuacan.mx/?ruta=16
2,Miscelanea Los Angeles,abarrotes,35,18.472596,-97.391257,https://mitehuacan.mx/?ruta=16
2,Miscelanea Sin Nombre,abarrotes,36,18.453478,-97.390895,https://mitehuacan.mx/?ruta=16
2,Miscelanea Don Juan,abarrotes,37,18.446424,-97.383362,https://mitehuacan.mx/?ruta=16
2,Tienda Sin Nombre,abarrotes,38,18.443319,-97.388421,https://mitehuacan.mx/?ruta=16
2,Miscelanea Carmen,abarrotes,39,18.469968,-97.389036,https://mitehuacan.mx/?ruta=16
2,Miscelanea Los Chinos,abarrotes,39,18.442977,-97.388472,https://mitehuacan.mx/?ruta=16
2,Mini Super La Botana Ii,abarrotes,40,18.441224,-97.380237,https://mitehuacan.mx/?ruta=16
2,Miscelanea Abasur,abarrotes,40,18.443836,-97.382567,https://mitehuacan.mx/?ruta=16
2,Miscelanea Morales,abarrotes,40,18.473445,-97.389775,https://mitehuacan.mx/?ruta=16
2,Miscelanea Juquila,abarrotes,41,18.445347,-97.389367,https://mitehuacan.mx/?ruta=16
2,Venta De Refrescos Y Botanas Sin Nombre,abarrotes,42,18.45754,-97.391128,https://mitehuacan.mx/?ruta=16
2,Miscelanea Lid,abarrotes,43,18.474424,-97.378025,https://mitehuacan.mx/?ruta=16
2,Tienda Sin Sombre,abarrotes,43,18.446057,-97.381491,https://mitehuacan.mx/?ruta=16
2,Miscelanea Vero,abarrotes,44,18.471374,-97.389741,https://mitehuacan.mx/?ruta=16
2,Tienda Sin Nombre,abarrotes,47,18.445507,-97.384861,https://mitehuacan.mx/?ruta=16
2,Miscelanea Adriana,abarrotes,48,18.465962,-97.390939,https://mitehuacan.mx/?ruta=16
2,Miscelanea Lupita,abarrotes,48,18.476197,-97.375375,https://mitehuacan.mx/?ruta=16
2,Miscelanea La Tiendita,abarrotes,50,18.462958,-97.389911,https://mitehuacan.mx/?ruta=16
2,Miscelanea Mary,abarrotes,51,18.470358,-97.390838,https://mitehuacan.mx/?ruta=16
2,Miscelanea De Todo Un Poco,abarrotes,54,18.446011,-97.38598,https://mitehuacan.mx/?ruta=16
2,Miscelanea Juquilita,abarrotes,56,18.446007,-97.383877,https://mitehuacan.mx/?ruta=16
2,Venta De Dulces Varios Sin Nombre,abarrotes,56,18.447149,-97.381952,https://mitehuacan.mx/?ruta=16
2,Miscelanea Sin Nombre,abarrotes,57,18.442778,-97.382366,https://mitehuacan.mx/?ruta=16
2,Miscelanea Maria Luisa,abarrotes,59,18.471854,-97.377998,https://mitehuacan.mx/?ruta=16
2,Miscelanea,abarrotes,62,18.479596,-97.373674,https://mitehuacan.mx/?ruta=16
2,Miscelanea Felix,abarrotes,63,18.445299,-97.380934,https://mitehuacan.mx/?ruta=16
2,Tienda La Divina Misericordia,abarrotes,64,18.473662,-97.382398,https://mitehuacan.mx/?ruta=16
2,Miscelanea Lupita,abarrotes,65,18.447817,-97.382218,https://mitehuacan.mx/?ruta=16
2,Miscelanea Oropeza,abarrotes,65,18.472892,-97.390573,https://mitehuacan.mx/?ruta=16
2,Miscelanea Erika,abarrotes,66,18.446209,-97.382839,https://mitehuacan.mx/?ruta=16
2,Abarrotes Ofeve De Tehuacan,abarrotes,68,18.460233,-97.389374,https://mitehuacan.mx/?ruta=16
2,Miscelanea Daniela,abarrotes,69,18.44265,-97.388235,https://mitehuacan.mx/?ruta=16
2,Miscelanea Gus,abarrotes,69,18.444623,-97.382983,https://mitehuacan.mx/?ruta=16
2,Miscelanea Arylu,abarrotes,70,18.464812,-97.388776,https://mitehuacan.mx/?ruta=16
2,Miscelanea Maria Belen,abarrotes,70,18.444348,-97.38981,https://mitehuacan.mx/?ruta=16
2,Miscelanea Angel,abarrotes,71,18.441986,-97.381255,https://mitehuacan.mx/?ruta=16
2,Miscelanea Jaqueline,abarrotes,71,18.471717,-97.381788,https://mitehuacan.mx/?ruta=16
2,Miscelanea Jiquilita,abarrotes,71,18.443123,-97.390005,https://mitehuacan.mx/?ruta=16
2,Miscelanea La Casita,abarrotes,71,18.474373,-97.387961,https://mitehuacan.mx/?ruta=16
2,Miscelanea Doña Mago,abarrotes,72,18.442835,-97.390051,https://mitehuacan.mx/?ruta=16
2,Miscelanea Mi Tiendita,abarrotes,72,18.47964,-97.37411,https://mitehuacan.mx/?ruta=16
2,Abarrotes Mendoza,abarrotes,73,18.451121,-97.387449,https://mitehuacan.mx/?ruta=16
2,Miscelanea El Grillo,abarrotes,73,18.452257,-97.388223,https://mitehuacan.mx/?ruta=16
2,Abarrotes La Colmenita,abarrotes,74,18.461662,-97.390759,https://mitehuacan.mx/?ruta=16
2,Miscelanea Esperancita,abarrotes,75,18.470358,-97.390108,https://mitehuacan.mx/?ruta=16
2,Miscelanea Sanchez,abarrotes,75,18.466913,-97.388696,https://mitehuacan.mx/?ruta=16
2,Tiendita Sin Nombre,abarrotes,76,18.478153,-97.377558,https://mitehuacan.mx/?ruta=16
2,La Pichi Tiendita,abarrotes,78,18.459995,-97.390749,https://mitehuacan.mx/?ruta=16
2,Miscelanea La Ventana,abarrotes,78,18.476955,-97.376647,https://mitehuacan.mx/?ruta=16
2,Miscelanea Marianita,abarrotes,79,18.449865,-97.386348,https://mitehuacan.mx/?ruta=16
2,Miscelanea Esmeralda,abarrotes,80,18.45057,-97.386896,https://mitehuacan.mx/?ruta=16
2,Miscelanea Galicia,abarrotes,80,18.449032,-97.385665,https://mitehuacan.mx/?ruta=16
2,Miscelanea Mendoza,abarrotes,80,18.449224,-97.385828,https://mitehuacan.mx/?ruta=16
2,Miscelanea Oyuki,abarrotes,80,18.452853,-97.388728,https://mitehuacan.mx/?ruta=16
2,Miscelanea Betsua,abarrotes,82,18.473169,-97.379262,https://mitehuacan.mx/?ruta=16
2,Miscelanea Hernandez,abarrotes,82,18.453931,-97.389608,https://mitehuacan.mx/?ruta=16
2,Miscelanea San Miguel,abarrotes,82,18.453792,-97.389498,https://mitehuacan.mx/?ruta=16
2,Miscelanea Sin Nombre,abarrotes,82,18.467713,-97.390588,https://mitehuacan.mx/?ruta=16
2,Tienda Ana Luz,abarrotes,82,18.448001,-97.384297,https://mitehuacan.mx/?ruta=16
2,Tienda Sin Nombre,abarrotes,82,18.445496,-97.384344,https://mitehuacan.mx/?ruta=16
2,Abarrotes La Poblanita,abarrotes,83,18.460837,-97.388683,https://mitehuacan.mx/?ruta=16
2,Miscelanea Charly,abarrotes,83,18.453564,-97.391515,https://mitehuacan.mx/?ruta=16
2,Tienda De Abarrotes Megapromo,abarrotes,84,18.448201,-97.383987,https://mitehuacan.mx/?ruta=16
2,Venta De Dulces Y Miscelanea Yoloxochilt,abarrotes,85,18.460085,-97.38983,https://mitehuacan.mx/?ruta=16
2,Abarrotes La Guadalupana,abarrotes,86,18.460065,-97.389479,https://mitehuacan.mx/?ruta=16
2,Miscelanea Max,abarrotes,86,18.450651,-97.386893,https://mitehuacan.mx/?ruta=16
2,Abarrotes Ofeve De Tehuacan,abarrotes,88,18.460048,-97.389377,https://mitehuacan.mx/?ruta=16
2,Tienda Sin Nombre,abarrotes,88,18.45548,-97.393047,https://mitehuacan.mx/?ruta=16
2,Miscelanea Doña Asuncion,abarrotes,89,18.445603,-97.38277,https://mitehuacan.mx/?ruta=16
2,Terminal Independencia,abarrotes,89,18.462847,-97.390275,https://mitehuacan.mx/?ruta=16
2,Miscelanea Jimenita,abarrotes,90,18.442363,-97.387026,https://mitehuacan.mx/?ruta=16
2,Miscelanea Dela 9,abarrotes,91,18.475136,-97.384626,https://mitehuacan.mx/?ruta=16
2,Miscelanea Bolaños,abarrotes,92,18.477798,-97.377617,https://mitehuacan.mx/?ruta=16
2,Miscelanea Sin Nombre,abarrotes,92,18.479528,-97.376791,https://mitehuacan.mx/?ruta=16
2,Miscelanea Mariel,abarrotes,93,18.475384,-97.374928,https://mitehuacan.mx/?ruta=16
2,Miscelanea Victoria,abarrotes,93,18.474453,-97.375738,https://mitehuacan.mx/?ruta=16
2,Tienda De Abarrotes Mary,abarrotes,93,18.456557,-97.393627,https://mitehuacan.mx/?ruta=16
2,Miscelanea Soledad,abarrotes,94,18.466856,-97.390301,https://mitehuacan.mx/?ruta=16
2,Miscelanea Bolaños,abarrotes,95,18.471291,-97.39041,https://mitehuacan.mx/?ruta=16
2,Mini Super Ivonne Iveth,abarrotes,96,18.442612,-97.383918,https://mitehuacan.mx/?ruta=16
2,Miscelanea El Calvario,abarrotes,97,18.453337,-97.3915,https://mitehuacan.mx/?ruta=16
2,Miscelanea Mayito,abarrotes,97,18.466957,-97.390459,https://mitehuacan.mx/?ruta=16
2,Miscelanea Garcia,abarrotes,98,18.451408,-97.387365,https://mitehuacan.mx/?ruta=16
2,Miscelanea La Joya,abarrotes,98,18.473368,-97.384333,https://mitehuacan.mx/?ruta=16
2,Miscelanea Sin Nombre,abarrotes,98,18.448203,-97.382085,https://mitehuacan.mx/?ruta=16
2,Miscelanea Sin Nombre,abarrotes,99,18.479556,-97.377103,https://mitehuacan.mx/?ruta=16
2,Tienda De Abarrotes Yaziel,abarrotes,99,18.455361,-97.390486,https://mitehuacan.mx/?ruta=16
2,Miscelanea Juquilita,abarrotes,100,18.449962,-97.386175,https://mitehuacan.mx/?ruta=16
2,Miscelanea Kary,abarrotes,101,18.442456,-97.387059,https://mitehuacan.mx/?ruta=16
2,Miscelanea Pepe,abarrotes,101,18.445571,-97.383857,https://mitehuacan.mx/?ruta=16
2,Miscelanea La Corona,abarrotes,103,18.448754,-97.383354,https://mitehuacan.mx/?ruta=16
2,"Comercio Al Por Menor En Tiendas De Abarrotes, Ultramarinos ",abarrotes,104,18.478501,-97.37786,https://mitehuacan.mx/?ruta=16
2,Tienda La Morenita,abarrotes,104,18.462982,-97.390421,https://mitehuacan.mx/?ruta=16
2,Miscelanea Angie,abarrotes,105,18.475266,-97.386451,https://mitehuacan.mx/?ruta=16
2,Miscelanea Casa Duran,abarrotes,105,18.475267,-97.38591,https://mitehuacan.mx/?ruta=16
2,Miscelanea Gonzalez,abarrotes,105,18.457363,-97.390533,https://mitehuacan.mx/?ruta=16
2,Tienda Miscelanea Sin Nombre,abarrotes,105,18.453219,-97.391503,https://mitehuacan.mx/?ruta=16
2,Micelabea San Juditas,abarrotes,107,18.470288,-97.39234,https://mitehuacan.mx/?ruta=16
2,Miscelanea La Veracruzana Ii,abarrotes,108,18.464415,-97.388418,https://mitehuacan.mx/?ruta=16
2,Comercio Al Por Menor En Tiendas De Abarrotes Ultramarinos Y,abarrotes,109,18.471393,-97.378298,https://mitehuacan.mx/?ruta=16
2,Miscelanea Sin Nombre,abarrotes,109,18.471408,-97.377956,https://mitehuacan.mx/?ruta=16
2,Mina,abarrotes,111,18.474631,-97.375016,https://mitehuacan.mx/?ruta=16
2,Miscelanea La Tiendita,abarrotes,111,18.445753,-97.387161,https://mitehuacan.mx/?ruta=16
2,Miscelanea Ramy,abarrotes,112,18.456096,-97.393801,https://mitehuacan.mx/?ruta=16
2,Helados Y Paletas Holanda,abarrotes,113,18.469078,-97.392409,https://mitehuacan.mx/?ruta=16
2,Miscelanea Ramirez,abarrotes,113,18.472544,-97.376969,https://mitehuacan.mx/?ruta=16
2,Misselanea Norma,abarrotes,113,18.473433,-97.379985,https://mitehuacan.mx/?ruta=16
2,Miscelanea Del Carmen,abarrotes,114,18.474325,-97.389756,https://mitehuacan.mx/?ruta=16
2,Miscelanea Osmin,abarrotes,114,18.457415,-97.390451,https://mitehuacan.mx/?ruta=16
2,Tienda Anita,abarrotes,114,18.473327,-97.390928,https://mitehuacan.mx/?ruta=16
2,Miscelanea Casa Velasco,abarrotes,115,18.461964,-97.393247,https://mitehuacan.mx/?ruta=16
2,El Habito,abarrotes,118,18.463024,-97.392556,https://mitehuacan.mx/?ruta=16
2,Miscelanea Adris,abarrotes,120,18.471418,-97.377529,https://mitehuacan.mx/?ruta=16
2,Abarrotes Sin Nombre,abarrotes,121,18.449236,-97.385342,https://mitehuacan.mx/?ruta=16
2,Estacionamiento La Corona,abarrotes,121,18.460738,-97.388324,https://mitehuacan.mx/?ruta=16
2,Miscelanea Las Flores,abarrotes,121,18.453347,-97.388679,https://mitehuacan.mx/?ruta=16
2,Miscelanea Ninfa,abarrotes,122,18.448528,-97.384778,https://mitehuacan.mx/?ruta=16
2,Miscelanea Diamante,abarrotes,124,18.445612,-97.383239,https://mitehuacan.mx/?ruta=16
2,Miscelanea El Punto,abarrotes,124,18.475334,-97.387169,https://mitehuacan.mx/?ruta=16
2,Miscelanea Cuahtemoc,abarrotes,125,18.457909,-97.390336,https://mitehuacan.mx/?ruta=16
2,Miscelanea Cesi,abarrotes,126,18.445464,-97.383179,https://mitehuacan.mx/?ruta=16
2,Miscelanea Lolita,abarrotes,127,18.455317,-97.393486,https://mitehuacan.mx/?ruta=16
2,Tienda Sin Nombre,abarrotes,127,18.473178,-97.37633,https://mitehuacan.mx/?ruta=16
2,Miscelanea Chela,abarrotes,128,18.47633,-97.374624,https://mitehuacan.mx/?ruta=16
2,Miscelanea Janeth,abarrotes,128,18.453437,-97.388676,https://mitehuacan.mx/?ruta=16
2,Miscelanea La Vencedora,abarrotes,128,18.449956,-97.385834,https://mitehuacan.mx/?ruta=16
2,Miscelanea Sanchez,abarrotes,131,18.450616,-97.386318,https://mitehuacan.mx/?ruta=16
2,Tienda La Paz,abarrotes,132,18.448062,-97.381634,https://mitehuacan.mx/?ruta=16
2,Abarrotes Vinos Y Licores Morales,abarrotes,133,18.471513,-97.392564,https://mitehuacan.mx/?ruta=16
2,Miscelanea Cortes,abarrotes,133,18.455599,-97.39383,https://mitehuacan.mx/?ruta=16
2,Abarrotes La Union,abarrotes,135,18.45835,-97.390239,https://mitehuacan.mx/?ruta=16
2,Miscelanea La Nueva Dimension,abarrotes,135,18.474258,-97.390257,https://mitehuacan.mx/?ruta=16
2,Miscelanea Yañez,abarrotes,135,18.474368,-97.37497,https://mitehuacan.mx/?ruta=16
2,Miscelanea Dalila,abarrotes,136,18.44278,-97.387576,https://mitehuacan.mx/?ruta=16
2,Miscelanea Angy,abarrotes,138,18.449032,-97.382411,https://mitehuacan.mx/?ruta=16
2,Abarrotes Yoshi,abarrotes,140,18.452161,-97.387405,https://mitehuacan.mx/?ruta=16
2,Miscelanea Sin Nombre,abarrotes,140,18.471608,-97.382681,https://mitehuacan.mx/?ruta=16
2,Tienda De Abarrotes Sin Nombre,abarrotes,140,18.449031,-97.384957,https://mitehuacan.mx/?ruta=16
2,Miselanea La Tiendita,abarrotes,141,18.46289,-97.388101,https://mitehuacan.mx/?ruta=16
2,Abarrotes Y Semillas La Perla,abarrotes,142,18.454456,-97.389296,https://mitehuacan.mx/?ruta=16
2,Miscelanea Mendoza Y Elaboracion Y Venta De Tortillas A Mano,abarrotes,142,18.442714,-97.387504,https://mitehuacan.mx/?ruta=16
2,Miscelanea Los Pinos,abarrotes,143,18.448964,-97.382194,https://mitehuacan.mx/?ruta=16
2,"Comercio Al Por Menor En Tiendas De Abarrotes, Ultramarinos ",abarrotes,144,18.471413,-97.37715,https://mitehuacan.mx/?ruta=16
2,Miscelanea Elsy,abarrotes,144,18.474102,-97.38016,https://mitehuacan.mx/?ruta=16
2,Miscelanea Alex,abarrotes,145,18.442832,-97.387196,https://mitehuacan.mx/?ruta=16
2,Miscelanea Alin,abarrotes,145,18.471033,-97.379864,https://mitehuacan.mx/?ruta=16
2,Miscelanea Sin Nombre,abarrotes,145,18.474496,-97.379009,https://mitehuacan.mx/?ruta=16
2,Tienda De Abarrotes El Señor De La Misericordia,abarrotes,146,18.464856,-97.388054,https://mitehuacan.mx/?ruta=16
2,Miscelanea Marisol,abarrotes,147,18.471021,-97.379582,https://mitehuacan.mx/?ruta=16
2,Bodega De La Tienda De Abarrotes Sin Nombre,abarrotes,148,18.471304,-97.392714,https://mitehuacan.mx/?ruta=16
2,Tienda De Abarrotes Sin Nombre,abarrotes,148,18.471304,-97.392714,https://mitehuacan.mx/?ruta=16
2,Miscelanea Mine,abarrotes,149,18.471011,-97.379374,https://mitehuacan.mx/?ruta=16
2,Banco Azteca,banco,4,18.463772,-97.391462,https://mitehuacan.mx/?ruta=16
2,Banco Forjadores,banco,5,18.467247,-97.391321,https://mitehuacan.mx/?ruta=16
2,Banorte,banco,5,18.459836,-97.394165,https://mitehuacan.mx/?ruta=16
2,Bancoppel 3 Sur,banco,7,18.462486,-97.391382,https://mitehuacan.mx/?ruta=16
2,Banco Azteca,banco,8,18.460831,-97.392086,https://mitehuacan.mx/?ruta=16
2,Banco del Bienestar,banco,10,18.447965,-97.386115,https://mitehuacan.mx/?ruta=16
2,Banorte Tehuacan,banco,13,18.459837,-97.394093,https://mitehuacan.mx/?ruta=16
2,Bbva Bancomer Tehuacan Reforma,banco,63,18.461519,-97.394171,https://mitehuacan.mx/?ruta=16
2,Banamex,banco,80,18.461672,-97.394179,https://mitehuacan.mx/?ruta=16
2,BBVA,banco,84,18.461516,-97.394688,https://mitehuacan.mx/?ruta=16
2,Banamex Reforma Tehuacan,banco,86,18.461726,-97.394163,https://mitehuacan.mx/?ruta=16
2,Hsbc Suc Tehuacan,banco,105,18.461895,-97.394157,https://mitehuacan.mx/?ruta=16
2,HSBC,banco,113,18.461966,-97.394184,https://mitehuacan.mx/?ruta=16
2,Cima Natacion,escuela,1,18.45687,-97.392752,https://mitehuacan.mx/?ruta=16
2,Grupo Isima Tehuacan,escuela,1,18.456879,-97.392752,https://mitehuacan.mx/?ruta=16
2,Bachillerato Universitario Simon Bolivar Tehuacan,escuela,3,18.466463,-97.389382,https://mitehuacan.mx/?ruta=16
2,Colegio De Bachilleres Del Estado De Puebla Plantel 8,escuela,3,18.444544,-97.386755,https://mitehuacan.mx/?ruta=16
2,Instituto De Belleza Fashion Line,escuela,3,18.460896,-97.390474,https://mitehuacan.mx/?ruta=16
2,Bachillerato General Oficial Lazaro Cardenas Turno Matutino,escuela,4,18.472369,-97.381541,https://mitehuacan.mx/?ruta=16
2,Escuela Para Adultos Ineda,escuela,4,18.46439,-97.391452,https://mitehuacan.mx/?ruta=16
2,Escuela De Enfermeria Benavente,escuela,5,18.467817,-97.391315,https://mitehuacan.mx/?ruta=16
2,Escuela Primaria Ing Pastor Rouaix Turno Vespertino Clave 21,escuela,5,18.455339,-97.391516,https://mitehuacan.mx/?ruta=16
2,Escuela Primaria Pastor Roauix Turno Matutino Clave 21Epr042,escuela,5,18.455339,-97.391516,https://mitehuacan.mx/?ruta=16
2,Enseñanza Elemental Terminal El Costurero De Mariana,escuela,6,18.455785,-97.39162,https://mitehuacan.mx/?ruta=16
2,Escuela De Baile Dance Latino,escuela,6,18.461401,-97.391404,https://mitehuacan.mx/?ruta=16
2,Escuela Nacional De Sistemas Abiertos Sc,escuela,6,18.46645,-97.391329,https://mitehuacan.mx/?ruta=16
2,Instituto De Compuingles De Tehuacan,escuela,6,18.459957,-97.391546,https://mitehuacan.mx/?ruta=16
2,Jardin De Niños Royal,escuela,6,18.466577,-97.391328,https://mitehuacan.mx/?ruta=16
2,Unidad Escolar Licenciado Benito Juarez Tehuacan,escuela,6,18.459776,-97.391547,https://mitehuacan.mx/?ruta=16
2,Academia De Baile Italy Dance,escuela,7,18.462505,-97.391382,https://mitehuacan.mx/?ruta=16
2,Colegio Sor Juana Ines De La Cruz,escuela,7,18.460853,-97.392599,https://mitehuacan.mx/?ruta=16
2,Instituto De Belleza Matisse,escuela,7,18.463482,-97.391363,https://mitehuacan.mx/?ruta=16
2,Escuela De Canto Le Canto,escuela,8,18.460808,-97.391283,https://mitehuacan.mx/?ruta=16
2,Academia De Belleza Stilisciima,escuela,9,18.460782,-97.390259,https://mitehuacan.mx/?ruta=16
2,Academia De Musica Yamaha,escuela,9,18.460763,-97.389788,https://mitehuacan.mx/?ruta=16
2,Escuela Profesional De Tae Kwan Do,escuela,11,18.462985,-97.391333,https://mitehuacan.mx/?ruta=16
2,Escuela De Taekwodo 5,escuela,12,18.461293,-97.389346,https://mitehuacan.mx/?ruta=16
2,Seccion Educativa 414,escuela,12,18.461302,-97.389346,https://mitehuacan.mx/?ruta=16
2,Escuela Particular Cetec Tehuacan,escuela,13,18.462872,-97.391318,https://mitehuacan.mx/?ruta=16
2,Escuela De Taekwondo Deportivo Mexicano Taekwondo,escuela,14,18.467356,-97.389273,https://mitehuacan.mx/?ruta=16
2,Prescolar Caic Lomas De La Soledad Jardin De Niños,escuela,14,18.444063,-97.387215,https://mitehuacan.mx/?ruta=16
2,Campus Tehuacan,escuela,16,18.441192,-97.380894,https://mitehuacan.mx/?ruta=16
2,Upaep Tehuacan,escuela,20,18.441184,-97.380807,https://mitehuacan.mx/?ruta=16
2,Telesecundaria Juan Sebastian Bach,escuela,24,18.472116,-97.381538,https://mitehuacan.mx/?ruta=16
2,Academia De Belleza Glamour Tehuacan,escuela,25,18.460682,-97.392462,https://mitehuacan.mx/?ruta=16
2,Fashion Line Intitutos De Belleza,escuela,26,18.461958,-97.3917,https://mitehuacan.mx/?ruta=16
2,Escuela De Alto Rendimiento Boxeo Estilo Cesar,escuela,31,18.458797,-97.394558,https://mitehuacan.mx/?ruta=16
2,Academia De Ballet Collette,escuela,32,18.466984,-97.391075,https://mitehuacan.mx/?ruta=16
2,Heroes Taekwondo Tehuacan,escuela,39,18.456536,-97.393116,https://mitehuacan.mx/?ruta=16
2,Say Yes Escuela De Ingles,escuela,39,18.457556,-97.391896,https://mitehuacan.mx/?ruta=16
2,Jardin De Niños Valle De Tehuacan,escuela,41,18.473062,-97.377545,https://mitehuacan.mx/?ruta=16
2,Jardinde Niños Simon Bolivar,escuela,42,18.458335,-97.393281,https://mitehuacan.mx/?ruta=16
2,Studio De Baile Bracil,escuela,43,18.4588,-97.392338,https://mitehuacan.mx/?ruta=16
2,Escuela De Ingles Gaia Institute,escuela,45,18.466979,-97.390952,https://mitehuacan.mx/?ruta=16
2,Escuela Primaria Manuel Avila Camacho Turno Matutino Clave 2,escuela,53,18.456421,-97.391051,https://mitehuacan.mx/?ruta=16
2,Instituto De Belleza Y Barber Shop Elegance,escuela,53,18.462979,-97.390935,https://mitehuacan.mx/?ruta=16
2,Academia De Belleza Elegance,escuela,54,18.460382,-97.390664,https://mitehuacan.mx/?ruta=16
2,Colegio Bertha Von Glumer Preescolar Y Primaria,escuela,57,18.458199,-97.393287,https://mitehuacan.mx/?ruta=16
2,Escuela Primaria Manuel Avila Camacho Turno Vespertino Clave,escuela,60,18.456417,-97.390976,https://mitehuacan.mx/?ruta=16
2,Linguastic,escuela,61,18.460379,-97.393504,https://mitehuacan.mx/?ruta=16
2,Jardin De Niños Federico Froebel Clave 21Djn0159R,escuela,62,18.454948,-97.390603,https://mitehuacan.mx/?ruta=16
2,Jardin De Niños German List Arzubide Clave 21Djn2466L,escuela,62,18.454948,-97.390603,https://mitehuacan.mx/?ruta=16
2,Servicios De Uñas Y Barberia Bel,escuela,62,18.465884,-97.390012,https://mitehuacan.mx/?ruta=16
2,Preescolar Y Primaria Instituto Da Vinci,escuela,63,18.456698,-97.393342,https://mitehuacan.mx/?ruta=16
2,Jardin De Niños Las Ardillitas,escuela,67,18.447283,-97.381908,https://mitehuacan.mx/?ruta=16
2,Centro De Estudio Y Entretenimiento Arte Sana,escuela,68,18.464835,-97.390085,https://mitehuacan.mx/?ruta=16
2,Barber Shop Instituto De Belleza Karol,escuela,71,18.461501,-97.390292,https://mitehuacan.mx/?ruta=16
2,Instituto De Belleza Karol,escuela,71,18.461501,-97.390292,https://mitehuacan.mx/?ruta=16
2,Forte Instituto Educatico,escuela,72,18.460071,-97.393526,https://mitehuacan.mx/?ruta=16
2,Estetica Y Academia Leo,escuela,74,18.464836,-97.390142,https://mitehuacan.mx/?ruta=16
2,Centro De Asistencia Infantil Comunitario,escuela,78,18.459887,-97.39075,https://mitehuacan.mx/?ruta=16
2,Centro Educativo Prescolar,escuela,78,18.459923,-97.39075,https://mitehuacan.mx/?ruta=16
2,Instituto Kennedy,escuela,80,18.459499,-97.393468,https://mitehuacan.mx/?ruta=16
2,Academia Musical Harmos,escuela,84,18.460151,-97.392573,https://mitehuacan.mx/?ruta=16
2,Instituto Comercial Royal,escuela,85,18.471371,-97.390131,https://mitehuacan.mx/?ruta=16
2,Jardin De Niños Loris Malaguzzi,escuela,86,18.46492,-97.390253,https://mitehuacan.mx/?ruta=16
2,Escuela De Tae Kwon Do,escuela,87,18.475099,-97.384626,https://mitehuacan.mx/?ruta=16
2,Academia De Baile,escuela,89,18.445697,-97.383825,https://mitehuacan.mx/?ruta=16
2,Escuela Primaria Benito Juarez Turno Vespertino,escuela,90,18.446695,-97.381346,https://mitehuacan.mx/?ruta=16
2,Escuela Primaria Benito Juarez Turno Matutino,escuela,92,18.446714,-97.381339,https://mitehuacan.mx/?ruta=16
2,Escuela Profesor Manuel Valderrama Turno Matutino,escuela,96,18.472921,-97.391775,https://mitehuacan.mx/?ruta=16
2,Heroes Del 5 De Mayo Vespertino,escuela,96,18.472921,-97.391775,https://mitehuacan.mx/?ruta=16
2,Escuela De Baile Mas Que Baile,escuela,99,18.463169,-97.39237,https://mitehuacan.mx/?ruta=16
2,Colegio Sor Juana Ines De La Cruz,escuela,103,18.465881,-97.390416,https://mitehuacan.mx/?ruta=16
2,Escuela Secundaria General Martires De Cananea,escuela,104,18.444983,-97.384678,https://mitehuacan.mx/?ruta=16
2,Centro Universitario Tehuacan,escuela,107,18.463976,-97.388438,https://mitehuacan.mx/?ruta=16
2,Ateneo Universitario En Humanidades Y Ciencias,escuela,114,18.463642,-97.388377,https://mitehuacan.mx/?ruta=16
2,Instituto De Belleza Matisse,escuela,118,18.463024,-97.392556,https://mitehuacan.mx/?ruta=16
2,Estetica Y Academia De Belleza Secrets,escuela,125,18.458,-97.390336,https://mitehuacan.mx/?ruta=16
2,Taekwondo Ddoyang Ceentral,escuela,131,18.454673,-97.389591,https://mitehuacan.mx/?ruta=16
2,Jademus Dance Company Academia De Baile,escuela,142,18.454836,-97.389587,https://mitehuacan.mx/?ruta=16
2,Papeleria Don Tiburcio,papelería,0,18.44497,-97.386429,https://mitehuacan.mx/?ruta=16
2,Papeleria Sin Nombre,papelería,1,18.444358,-97.388619,https://mitehuacan.mx/?ruta=16
2,Papeleria Matuk,papelería,2,18.472317,-97.381312,https://mitehuacan.mx/?ruta=16
2,Bodega De Papeleria Multiescolar,papelería,3,18.460893,-97.39036,https://mitehuacan.mx/?ruta=16
2,Papeleria Impresiones Isa,papelería,3,18.473318,-97.388404,https://mitehuacan.mx/?ruta=16
2,Papeleria Multiescolar,papelería,3,18.460897,-97.390502,https://mitehuacan.mx/?ruta=16
2,Super Cosas De La 3,papelería,3,18.47179,-97.391268,https://mitehuacan.mx/?ruta=16
2,El Paje De Tehuacan,papelería,4,18.461893,-97.391498,https://mitehuacan.mx/?ruta=16
2,Papeleria Crist,papelería,4,18.465889,-97.389461,https://mitehuacan.mx/?ruta=16
2,Papeleria El Trebol,papelería,4,18.460959,-97.392948,https://mitehuacan.mx/?ruta=16
2,Papeleria La Factoria,papelería,4,18.446534,-97.384042,https://mitehuacan.mx/?ruta=16
2,Papeleria El Nuevo Japones,papelería,5,18.460986,-97.394038,https://mitehuacan.mx/?ruta=16
2,Papeleria Vidal,papelería,5,18.446826,-97.383408,https://mitehuacan.mx/?ruta=16
2,Papeleria Y Novedades Mayte,papelería,5,18.446884,-97.383282,https://mitehuacan.mx/?ruta=16
2,Papeleria Copias Y Regalos Sin Nobre,papelería,6,18.470065,-97.391379,https://mitehuacan.mx/?ruta=16
2,Papeleria La Pape,papelería,6,18.468318,-97.391409,https://mitehuacan.mx/?ruta=16
2,Papeleria Maycibert,papelería,6,18.443398,-97.384401,https://mitehuacan.mx/?ruta=16
2,Papeleria Mickey,papelería,6,18.456373,-97.391605,https://mitehuacan.mx/?ruta=16
2,Papeleria Siglo Xxi,papelería,6,18.468327,-97.391408,https://mitehuacan.mx/?ruta=16
2,Bodega De La Papeleria El Refugio,papelería,8,18.460808,-97.391283,https://mitehuacan.mx/?ruta=16
2,Papeleria El Refugio,papelería,8,18.460808,-97.391283,https://mitehuacan.mx/?ruta=16
2,Papeleria Comyk,papelería,13,18.469783,-97.38928,https://mitehuacan.mx/?ruta=16
2,Papeleria Didactica Premier,papelería,15,18.463337,-97.389303,https://mitehuacan.mx/?ruta=16
2,Papeleria Ciber Amigo,papelería,16,18.478036,-97.37678,https://mitehuacan.mx/?ruta=16
2,Papeleria Y Regalos Vania,papelería,16,18.445185,-97.389162,https://mitehuacan.mx/?ruta=16
2,Papeleria Estrella Del Sur,papelería,18,18.449591,-97.386849,https://mitehuacan.mx/?ruta=16
2,Papeleria Sin Nombre,papelería,23,18.474043,-97.382366,https://mitehuacan.mx/?ruta=16
2,Papeleria Becky,papelería,29,18.477913,-97.375696,https://mitehuacan.mx/?ruta=16
2,Papeleria Crayons,papelería,29,18.461948,-97.391178,https://mitehuacan.mx/?ruta=16
2,Papeleria Los Pollitos,papelería,30,18.453344,-97.390719,https://mitehuacan.mx/?ruta=16
2,Papeleria Ferrari,papelería,35,18.457457,-97.391861,https://mitehuacan.mx/?ruta=16
2,Papeleria Lupita,papelería,36,18.474638,-97.384625,https://mitehuacan.mx/?ruta=16
2,Papeleria Divino Niño,papelería,43,18.452419,-97.388741,https://mitehuacan.mx/?ruta=16
2,Papaleria El Nuevo Japones,papelería,49,18.461382,-97.394052,https://mitehuacan.mx/?ruta=16
2,Papeleria Clip,papelería,51,18.471873,-97.38161,https://mitehuacan.mx/?ruta=16
2,Papeleria Angel,papelería,52,18.478552,-97.377373,https://mitehuacan.mx/?ruta=16
2,Papeleria San Francisco,papelería,53,18.460394,-97.390749,https://mitehuacan.mx/?ruta=16
2,Plaza Vent,papelería,53,18.46485,-97.39091,https://mitehuacan.mx/?ruta=16
2,Papeleria Bethel,papelería,55,18.441086,-97.389911,https://mitehuacan.mx/?ruta=16
2,Papeleria Peque,papelería,56,18.443055,-97.384088,https://mitehuacan.mx/?ruta=16
2,Papeleria Maymi,papelería,58,18.472821,-97.390539,https://mitehuacan.mx/?ruta=16
2,Papeleria Abaco,papelería,64,18.462962,-97.390044,https://mitehuacan.mx/?ruta=16
2,Papeleria Fatilu,papelería,68,18.476192,-97.376543,https://mitehuacan.mx/?ruta=16
2,Papeleria Pincelinck,papelería,73,18.451121,-97.387449,https://mitehuacan.mx/?ruta=16
2,Papeleria El Trebol,papelería,74,18.465883,-97.390126,https://mitehuacan.mx/?ruta=16
2,Papeleria El Principito,papelería,76,18.449829,-97.386349,https://mitehuacan.mx/?ruta=16
2,Papeleria Aragon,papelería,79,18.462845,-97.39018,https://mitehuacan.mx/?ruta=16
2,Papeleria Elvis,papelería,80,18.445191,-97.384769,https://mitehuacan.mx/?ruta=16
2,Papeleria El Fenix,papelería,82,18.460123,-97.393428,https://mitehuacan.mx/?ruta=16
2,Papeleria Panda,papelería,82,18.472746,-97.391755,https://mitehuacan.mx/?ruta=16
2,Papeleria Irlanda,papelería,85,18.448295,-97.383841,https://mitehuacan.mx/?ruta=16
2,Papeleria Ferny Baruch,papelería,86,18.446558,-97.381314,https://mitehuacan.mx/?ruta=16
2,Papeleria Y Regalos El Regalito,papelería,89,18.474535,-97.388079,https://mitehuacan.mx/?ruta=16
2,Papeleria Design It,papelería,94,18.461783,-97.393546,https://mitehuacan.mx/?ruta=16
2,Papeleria Cyber Space,papelería,106,18.445949,-97.380769,https://mitehuacan.mx/?ruta=16
2,Papeleria El Lapicito,papelería,108,18.446317,-97.386401,https://mitehuacan.mx/?ruta=16
2,Papeleria Sin Nombre,papelería,109,18.44692,-97.381266,https://mitehuacan.mx/?ruta=16
2,Impresiones El Principito,papelería,117,18.456389,-97.390445,https://mitehuacan.mx/?ruta=16
2,Papeleria Y Abarrotes Colors,papelería,120,18.479497,-97.377636,https://mitehuacan.mx/?ruta=16
2,Papeleria Abejitas,papelería,126,18.455515,-97.390285,https://mitehuacan.mx/?ruta=16
2,Papeleria Itzae,papelería,131,18.472556,-97.376665,https://mitehuacan.mx/?ruta=16
2,Papeleria Y Copias Lupita,papelería,131,18.456912,-97.390295,https://mitehuacan.mx/?ruta=16
2,Papeleria Red Toad,papelería,142,18.446226,-97.380527,https://mitehuacan.mx/?ruta=16
2,Papeleria Y Regalos,papelería,144,18.471204,-97.377477,https://mitehuacan.mx/?ruta=16
2,Papeleria Colors,papelería,149,18.475668,-97.386622,https://mitehuacan.mx/?ruta=16
2,Boneteria Y Lenceria Intimos,ropa,0,18.461658,-97.389463,https://mitehuacan.mx/?ruta=16
2,Boutique Good Vibes,ropa,0,18.458751,-97.393955,https://mitehuacan.mx/?ruta=16
2,Exodos Moda,ropa,0,18.461631,-97.389464,https://mitehuacan.mx/?ruta=16
2,Novedades Lupita,ropa,0,18.46135,-97.389466,https://mitehuacan.mx/?ruta=16
2,Tienda De Ropa Novedades Mary,ropa,0,18.463052,-97.38944,https://mitehuacan.mx/?ruta=16
2,Venta De Articulos Varios,ropa,0,18.461296,-97.389467,https://mitehuacan.mx/?ruta=16
2,Venta De Ropa Autentica,ropa,0,18.461658,-97.389463,https://mitehuacan.mx/?ruta=16
2,Venta De Ropa Modas Zoe,ropa,0,18.461731,-97.389463,https://mitehuacan.mx/?ruta=16
2,Venta De Ropa Para Dama Oh My God,ropa,0,18.461658,-97.389463,https://mitehuacan.mx/?ruta=16
2,Venta De Jeans Darling,ropa,1,18.458381,-97.392721,https://mitehuacan.mx/?ruta=16
2,Venta De Ropa Caballero,ropa,1,18.461052,-97.389469,https://mitehuacan.mx/?ruta=16
2,Venta De Ropa De Dama,ropa,1,18.462075,-97.38946,https://mitehuacan.mx/?ruta=16
2,Venta De Ropa Sin Nombre,ropa,1,18.470871,-97.389349,https://mitehuacan.mx/?ruta=16
2,Boutique 4 Estaciones,ropa,2,18.460626,-97.394197,https://mitehuacan.mx/?ruta=16
2,Local De Ropa Yared,ropa,2,18.45872,-97.393004,https://mitehuacan.mx/?ruta=16
2,Novedades Rivag,ropa,2,18.474338,-97.381918,https://mitehuacan.mx/?ruta=16
2,Rv Bolsos,ropa,2,18.458724,-97.393156,https://mitehuacan.mx/?ruta=16
2,Tienda De Ropa El Jocker,ropa,2,18.462563,-97.389455,https://mitehuacan.mx/?ruta=16
2,Almacenes Flores B,ropa,3,18.4609,-97.390644,https://mitehuacan.mx/?ruta=16
2,Compra Venta De Ropa Para Dama Sin Nombre,ropa,3,18.463522,-97.389425,https://mitehuacan.mx/?ruta=16
2,Novedades Bronco,ropa,3,18.460909,-97.391014,https://mitehuacan.mx/?ruta=16
2,Novedades Y Regalos Sin Nombre,ropa,3,18.474337,-97.384328,https://mitehuacan.mx/?ruta=16
2,Venta Cinturones Juquilita,ropa,3,18.460893,-97.390351,https://mitehuacan.mx/?ruta=16
2,Venta De Pantalones Sin Nombre,ropa,3,18.474337,-97.38454,https://mitehuacan.mx/?ruta=16
2,Venta De Ropa Para Dama Sin Nombre,ropa,3,18.460874,-97.389668,https://mitehuacan.mx/?ruta=16
2,Venta De Ropa Rvainzs Collection,ropa,3,18.460892,-97.390322,https://mitehuacan.mx/?ruta=16
2,Venta De Ropa Y Lenceria Reciclando Trapos,ropa,3,18.460896,-97.390496,https://mitehuacan.mx/?ruta=16
2,Brio Tehuacan,ropa,4,18.460957,-97.392853,https://mitehuacan.mx/?ruta=16
2,Men S Boutique Venta De Ropa Exterior De Caballero,ropa,4,18.464435,-97.391452,https://mitehuacan.mx/?ruta=16
2,Novedades Aly,ropa,4,18.46096,-97.393014,https://mitehuacan.mx/?ruta=16
2,Tienda De Articulos Para Bebe Miniprecios,ropa,4,18.461576,-97.391502,https://mitehuacan.mx/?ruta=16
2,Tienda De Ropa El Boton Del Ahorro,ropa,4,18.460974,-97.393626,https://mitehuacan.mx/?ruta=16
2,Tienda De Ropa Mujer Bonita,ropa,4,18.461476,-97.391504,https://mitehuacan.mx/?ruta=16
2,Tienda De Ropa Sin Nombre,ropa,4,18.461259,-97.39151,https://mitehuacan.mx/?ruta=16
2,Tienda De Ropa Sin Nombre,ropa,4,18.461838,-97.391499,https://mitehuacan.mx/?ruta=16
2,Centro Comercial Salvador Ceja,ropa,5,18.46116,-97.391513,https://mitehuacan.mx/?ruta=16
2,Compra Venta De Ropa Mundo Cool,ropa,5,18.466767,-97.391326,https://mitehuacan.mx/?ruta=16
2,El Boton,ropa,5,18.460977,-97.393745,https://mitehuacan.mx/?ruta=16
2,El Mundo Del Rodeo,ropa,5,18.46703,-97.391323,https://mitehuacan.mx/?ruta=16
2,Oficina Sin Nombre,ropa,5,18.469305,-97.389346,https://mitehuacan.mx/?ruta=16
2,Revelacion Juvenil,ropa,5,18.462662,-97.391491,https://mitehuacan.mx/?ruta=16
2,Tienda De Camisas S L B,ropa,5,18.466264,-97.391435,https://mitehuacan.mx/?ruta=16
2,Tienda De Ropa Kevin Sport,ropa,5,18.465503,-97.391442,https://mitehuacan.mx/?ruta=16
2,Tienda De Ropa Shein,ropa,5,18.458451,-97.39147,https://mitehuacan.mx/?ruta=16
2,Milano,ropa,5,18.462994,-97.391391,https://mitehuacan.mx/?ruta=16
2,3413 Milano,ropa,6,18.462986,-97.391382,https://mitehuacan.mx/?ruta=16
2,Compra Venta De Ropa Liz Antony,ropa,6,18.466197,-97.391331,https://mitehuacan.mx/?ruta=16
2,Ferma Uniformes,ropa,6,18.457767,-97.391581,https://mitehuacan.mx/?ruta=16
2,Ropa Zahara,ropa,6,18.461157,-97.391409,https://mitehuacan.mx/?ruta=16
2,Tienda De Bolsas Y Mochilas Eva,ropa,6,18.459709,-97.391432,https://mitehuacan.mx/?ruta=16
2,Tienda De Bolsas Y Mochilas Mb,ropa,6,18.459365,-97.391439,https://mitehuacan.mx/?ruta=16
2,Tienda De Ropa De Bebe Sin Nombre,ropa,6,18.46122,-97.391409,https://mitehuacan.mx/?ruta=16
2,Tienda De Ropa De Dama Sin Nombre,ropa,6,18.45933,-97.391553,https://mitehuacan.mx/?ruta=16
2,Tienda De Ropa Infantil Sin Nombre,ropa,6,18.459709,-97.391432,https://mitehuacan.mx/?ruta=16
2,Tienda De Ropa Mode Star,ropa,6,18.45928,-97.391554,https://mitehuacan.mx/?ruta=16
2,Venta De Productos Para Bebe Mimos,ropa,6,18.467105,-97.391426,https://mitehuacan.mx/?ruta=16
2,Venta De Ropa De Dama,ropa,6,18.459763,-97.391431,https://mitehuacan.mx/?ruta=16
2,Venta De Ropa Marometas,ropa,6,18.468707,-97.391403,https://mitehuacan.mx/?ruta=16
2,Venta De Ropa Para Dama Creaciones Mariyer,ropa,6,18.459844,-97.39143,https://mitehuacan.mx/?ruta=16
2,Venta De Ropa Para Dama Sin Nombre,ropa,6,18.459142,-97.391557,https://mitehuacan.mx/?ruta=16
2,Venta De Ropa Para Dama Y Caballero,ropa,6,18.459654,-97.391433,https://mitehuacan.mx/?ruta=16
2,Venta De Ropa Sin Nombre,ropa,6,18.459084,-97.391444,https://mitehuacan.mx/?ruta=16
2,1363 Tiendas Eleczion,ropa,7,18.461837,-97.39139,https://mitehuacan.mx/?ruta=16
2,Boutique Novedades Mary,ropa,7,18.464513,-97.391347,https://mitehuacan.mx/?ruta=16
2,Tienda De Ropa Aditivo,ropa,7,18.459971,-97.391427,https://mitehuacan.mx/?ruta=16
2,Tienda De Ropa Bella Sulamita,ropa,7,18.464251,-97.39135,https://mitehuacan.mx/?ruta=16
2,Tienda De Ropa Para Dama,ropa,7,18.460351,-97.39142,https://mitehuacan.mx/?ruta=16
2,Tienda De Ropa Top Ii Men,ropa,7,18.4635,-97.391363,https://mitehuacan.mx/?ruta=16
2,Tienda Ropa Dxx Jeans,ropa,7,18.463265,-97.391371,https://mitehuacan.mx/?ruta=16
2,Venta De Mochilas Equipajes Y Mochilas Vagabundo,ropa,7,18.45868,-97.39144,https://mitehuacan.mx/?ruta=16
2,Bodega De Ropa Creaciones En Tu Moda,ropa,8,18.460808,-97.391283,https://mitehuacan.mx/?ruta=16
2,Tienda De Ropa La Barata No 1,ropa,8,18.460828,-97.391975,https://mitehuacan.mx/?ruta=16
2,Tienda De Ropa Moda Reynita,ropa,8,18.460808,-97.391283,https://mitehuacan.mx/?ruta=16
2,Tienda De Ropa Shein,ropa,8,18.460808,-97.391283,https://mitehuacan.mx/?ruta=16
2,Tienda De Ropa Th Street,ropa,8,18.460808,-97.391283,https://mitehuacan.mx/?ruta=16
2,Venta De Ropa Para Caballero Sin Nombre,ropa,8,18.460808,-97.391283,https://mitehuacan.mx/?ruta=16
2,Bodega De Ropa Sin Nombre,ropa,9,18.47238,-97.38947,https://mitehuacan.mx/?ruta=16
2,Creaciones En Tu Moda,ropa,9,18.460795,-97.390771,https://mitehuacan.mx/?ruta=16
2,Mochilas Y Regalos Sin Nombre,ropa,9,18.460783,-97.390288,https://mitehuacan.mx/?ruta=16
2,Tienda De Ropa Sin Nombre,ropa,9,18.460801,-97.391035,https://mitehuacan.mx/?ruta=16
2,Venta De Ropa En General Centro Comercial De Tehuacan,ropa,9,18.460789,-97.390525,https://mitehuacan.mx/?ruta=16
2,Tienda De Ropa Sin Nombre,ropa,11,18.458846,-97.393797,https://mitehuacan.mx/?ruta=16
2,Venta De Cinturones Sin Nombre,ropa,11,18.460772,-97.390664,https://mitehuacan.mx/?ruta=16
2,Venta De Ropa Para Niño El Rincon De Los Peques,ropa,11,18.458779,-97.391408,https://mitehuacan.mx/?ruta=16
2,Venta De Tines Kal C Tin,ropa,11,18.460772,-97.390664,https://mitehuacan.mx/?ruta=16
2,Venta De Playeras Para Publicidad. Playeras Invictos,ropa,12,18.462812,-97.389317,https://mitehuacan.mx/?ruta=16
2,Venta De Ropa De Dama Cv Shop,ropa,12,18.462794,-97.389317,https://mitehuacan.mx/?ruta=16
2,Venta De Ropa De Dama Sin Nombre,ropa,12,18.461483,-97.389351,https://mitehuacan.mx/?ruta=16
2,Venta De Ropa Deportiva Modas Adulcin,ropa,12,18.462776,-97.389318,https://mitehuacan.mx/?ruta=16
2,Venta De Ropa Sin Nombre,ropa,12,18.462632,-97.389321,https://mitehuacan.mx/?ruta=16
2,Boutique Paseo Hidalgo,ropa,13,18.45882,-97.393048,https://mitehuacan.mx/?ruta=16
2,Sr Camisa,ropa,13,18.46026,-97.394075,https://mitehuacan.mx/?ruta=16
2,Tienda De Ropa Trapos,ropa,13,18.464907,-97.389561,https://mitehuacan.mx/?ruta=16
2,Venta De Ropa De Caballero Sin Nombre,ropa,13,18.461211,-97.389344,https://mitehuacan.mx/?ruta=16
2,Venta De Ropa De Dama Modas Jaky,ropa,13,18.461129,-97.389342,https://mitehuacan.mx/?ruta=16
2,Venta De Ropa De. Dama Novedades Marsy,ropa,13,18.46103,-97.389339,https://mitehuacan.mx/?ruta=16
2,Venta De Ropa Modas Valeria,ropa,13,18.461572,-97.389588,https://mitehuacan.mx/?ruta=16
2,Venta De Ropa Niño Y Niña Sol Mery,ropa,13,18.460756,-97.390749,https://mitehuacan.mx/?ruta=16
2,Venta De Ropa Para Caballero Be Rektro,ropa,13,18.460753,-97.390664,https://mitehuacan.mx/?ruta=16
2,Venta De Ropa Sin Nombre,ropa,13,18.458678,-97.391383,https://mitehuacan.mx/?ruta=16
2,Tienda De Ropa Gala,ropa,14,18.456635,-97.392885,https://mitehuacan.mx/?ruta=16
2,Venta De Ropa Ferny American Shop,ropa,14,18.46713,-97.389274,https://mitehuacan.mx/?ruta=16
2,Diancarlo Boutique,ropa,15,18.467009,-97.39152,https://mitehuacan.mx/?ruta=16
2,Ropa Para Hombre Sin Nombre,ropa,15,18.460735,-97.390664,https://mitehuacan.mx/?ruta=16
2,Boutique Bambu,ropa,16,18.461084,-97.394063,https://mitehuacan.mx/?ruta=16
2,Tienda De Ropa Moda Y Estilo Por Shein,ropa,16,18.463437,-97.389299,https://mitehuacan.mx/?ruta=16
2,Uniformes Premier,ropa,16,18.457447,-97.391377,https://mitehuacan.mx/?ruta=16
2,Venta De Zapatos Pantalones,ropa,17,18.4607,-97.389858,https://mitehuacan.mx/?ruta=16
2,Boutique Bremed,ropa,18,18.464414,-97.389279,https://mitehuacan.mx/?ruta=16
2,Tienda De Ropa Selah,ropa,18,18.464966,-97.389266,https://mitehuacan.mx/?ruta=16
2,Tienda De Ropa Uva Bombon,ropa,18,18.46075,-97.392595,https://mitehuacan.mx/?ruta=16
2,Venta De Ropa Pekes,ropa,18,18.458605,-97.394127,https://mitehuacan.mx/?ruta=16
2,Venta De Ropa Modas Rubi,ropa,19,18.461043,-97.390667,https://mitehuacan.mx/?ruta=16
2,Venta De Ropa Para Dama Richie Colection,ropa,19,18.460672,-97.389473,https://mitehuacan.mx/?ruta=16
2,Boutique Kovz Shein,ropa,21,18.460653,-97.389473,https://mitehuacan.mx/?ruta=16
2,Rafaelos Jeans,ropa,21,18.460758,-97.389283,https://mitehuacan.mx/?ruta=16
2,Venta De Interior,ropa,22,18.46107,-97.390667,https://mitehuacan.mx/?ruta=16
2,Tienda De Ropa Interior Ferchis,ropa,23,18.462948,-97.389655,https://mitehuacan.mx/?ruta=16
2,Parisina,ropa,23,18.458668,-97.391732,https://mitehuacan.mx/?ruta=16
2,1074 Tiendas Eleczion,ropa,24,18.461958,-97.391683,https://mitehuacan.mx/?ruta=16
2,Venta De Ropa Sin Nombre,ropa,24,18.458551,-97.394127,https://mitehuacan.mx/?ruta=16
2,Tienda De Ropa El Jocker,ropa,25,18.460688,-97.392462,https://mitehuacan.mx/?ruta=16
2,Boutique Luna,ropa,26,18.455992,-97.392769,https://mitehuacan.mx/?ruta=16
2,Boutique Mio Mio,ropa,26,18.460677,-97.392592,https://mitehuacan.mx/?ruta=16
2,Vertiche,ropa,26,18.461958,-97.391707,https://mitehuacan.mx/?ruta=16
2,Tienda De Ropa Infantil Modas Nicole,ropa,27,18.460664,-97.392461,https://mitehuacan.mx/?ruta=16
2,Tienda De Ropa Johans Boutique,ropa,28,18.464828,-97.389706,https://mitehuacan.mx/?ruta=16
2,Tienda De Ropa Para Dama Sin Nombre,ropa,28,18.458773,-97.391246,https://mitehuacan.mx/?ruta=16
2,Modas Amy,ropa,29,18.460611,-97.390749,https://mitehuacan.mx/?ruta=16
2,Novedades Arsavel,ropa,29,18.461948,-97.391178,https://mitehuacan.mx/?ruta=16
2,Tienda De Ropa Para Bebe Sin Nombre,ropa,29,18.461948,-97.391178,https://mitehuacan.mx/?ruta=16
2,Tienda De Ropa Para Dama,ropa,29,18.461948,-97.391178,https://mitehuacan.mx/?ruta=16
2,Tienda De Ropa Sin Nombre,ropa,29,18.461948,-97.391178,https://mitehuacan.mx/?ruta=16
2,Venta De Ropa De Bebe Y Accesorios,ropa,29,18.461948,-97.391178,https://mitehuacan.mx/?ruta=16
2,Venta De Ropa Para Dama Modas Reynita,ropa,29,18.460609,-97.390664,https://mitehuacan.mx/?ruta=16
2,Venta De Ropa Sin Nombre,ropa,29,18.461948,-97.391178,https://mitehuacan.mx/?ruta=16
2,Venta De Ropa Y Plantas Medicinales Sin Nombre,ropa,29,18.461948,-97.391178,https://mitehuacan.mx/?ruta=16
2,Venta De Ropa Kids,ropa,31,18.461494,-97.389752,https://mitehuacan.mx/?ruta=16
2,Winik Tienda De Ropa Para Caballero,ropa,31,18.457965,-97.392444,https://mitehuacan.mx/?ruta=16
2,Tienda De Ropa Para Caballero,ropa,32,18.457468,-97.392439,https://mitehuacan.mx/?ruta=16
2,Venta De Ropa Novedades Lucy,ropa,32,18.461161,-97.390666,https://mitehuacan.mx/?ruta=16
2,Alexa Jeans,ropa,33,18.461494,-97.389771,https://mitehuacan.mx/?ruta=16
2,Moda Infantil Juquilita,ropa,33,18.460575,-97.390749,https://mitehuacan.mx/?ruta=16
2,Paolo Di Roma,ropa,33,18.462884,-97.391754,https://mitehuacan.mx/?ruta=16
2,Creaciones Diana,ropa,34,18.461232,-97.393292,https://mitehuacan.mx/?ruta=16
2,Venta De Ropa Sin Nombre,ropa,34,18.473646,-97.389485,https://mitehuacan.mx/?ruta=16
2,Angeline Boutique,ropa,35,18.462998,-97.391769,https://mitehuacan.mx/?ruta=16
2,Venta De Ropa Sin Nombre,ropa,35,18.45877,-97.391181,https://mitehuacan.mx/?ruta=16
2,Tienda De Mochilas Y Equipajes Vagabundo,ropa,36,18.4612,-97.390761,https://mitehuacan.mx/?ruta=16
2,Tienda De Ropa Rock Shop,ropa,36,18.460851,-97.389128,https://mitehuacan.mx/?ruta=16
2,Venta De Ropa Infantil Modas Nicol,ropa,36,18.460545,-97.390664,https://mitehuacan.mx/?ruta=16
2,Venta De Ropa Para Bebe,ropa,36,18.460545,-97.390664,https://mitehuacan.mx/?ruta=16
2,Boutique Daja,ropa,37,18.448693,-97.385915,https://mitehuacan.mx/?ruta=16
2,Tienda De Ropa El Gran Remate,ropa,37,18.464821,-97.38909,https://mitehuacan.mx/?ruta=16
2,Queen Fashuion,ropa,38,18.46053,-97.390749,https://mitehuacan.mx/?ruta=16
2,Tienda De Ropa Moda Bella,ropa,41,18.461245,-97.39076,https://mitehuacan.mx/?ruta=16
2,"Comercio Al Por Menor De Ropa, Excepto De Bebé Y Lencería Si",ropa,42,18.473863,-97.383338,https://mitehuacan.mx/?ruta=16
2,F & F Boutique,ropa,43,18.456475,-97.391951,https://mitehuacan.mx/?ruta=16
2,Moda Coquette,ropa,43,18.456475,-97.391951,https://mitehuacan.mx/?ruta=16
2,Revelacion Juvenil,ropa,43,18.46126,-97.390665,https://mitehuacan.mx/?ruta=16
2,Venta De Ropa Para Dama Sin Nombre,ropa,43,18.458767,-97.391105,https://mitehuacan.mx/?ruta=16
2,Tienda De Mochilas,ropa,44,18.461576,-97.389882,https://mitehuacan.mx/?ruta=16
2,Tienda De Ropa 8 24,ropa,44,18.461496,-97.389875,https://mitehuacan.mx/?ruta=16
2,Venta De De Ropa Star Cool,ropa,44,18.460445,-97.389475,https://mitehuacan.mx/?ruta=16
2,Modas Kary,ropa,45,18.456491,-97.392235,https://mitehuacan.mx/?ruta=16
2,Tienda De Ropa Sin Nombre,ropa,45,18.4587,-97.392303,https://mitehuacan.mx/?ruta=16
2,Venta De Cinturones Cinturon Casual,ropa,45,18.460464,-97.390664,https://mitehuacan.mx/?ruta=16
2,Venta De Ropa Mava,ropa,45,18.455811,-97.392772,https://mitehuacan.mx/?ruta=16
2,Venta De Bolsas Sin Nombre,ropa,46,18.46194,-97.391017,https://mitehuacan.mx/?ruta=16
2,Tienda Mmh,ropa,47,18.460505,-97.393495,https://mitehuacan.mx/?ruta=16
2,Venta De Ropa Mb Jeans,ropa,48,18.460437,-97.390664,https://mitehuacan.mx/?ruta=16
2,Venta De Ropa Modas Capricho,ropa,48,18.458666,-97.391052,https://mitehuacan.mx/?ruta=16
2,Venta De Ropa Sin Nombre,ropa,48,18.457558,-97.391981,https://mitehuacan.mx/?ruta=16
2,Allez-Ca Boutique,ropa,49,18.461368,-97.39329,https://mitehuacan.mx/?ruta=16
2,Tienda De Mochilas El Gran Surtidor,ropa,49,18.461318,-97.390759,https://mitehuacan.mx/?ruta=16
2,Tienda De Ropa Infantil Sin Nombre,ropa,49,18.458765,-97.391048,https://mitehuacan.mx/?ruta=16
2,Novedades July,ropa,50,18.460421,-97.390749,https://mitehuacan.mx/?ruta=16
2,Tienda De Bolsas Y Mochilas Importaciones Ortiz,ropa,50,18.460456,-97.392454,https://mitehuacan.mx/?ruta=16
2,Boutique Chalitas,ropa,51,18.458875,-97.394745,https://mitehuacan.mx/?ruta=16
2,Ropa De Caballero Be Rektro,ropa,51,18.460409,-97.390664,https://mitehuacan.mx/?ruta=16
2,Tienda De Ropa Oh My Good,ropa,51,18.456531,-97.391067,https://mitehuacan.mx/?ruta=16
2,Venta De Camisas Señor Camisas,ropa,51,18.460846,-97.388986,https://mitehuacan.mx/?ruta=16
2,Venta De Ropa Sin Nombre,ropa,52,18.474196,-97.388226,https://mitehuacan.mx/?ruta=16
2,Venta De Ropa De Dama Sin Nombre,ropa,53,18.460846,-97.388967,https://mitehuacan.mx/?ruta=16
2,Tienda Jueguetes Easy Shopping,ropa,54,18.462054,-97.390947,https://mitehuacan.mx/?ruta=16
2,Boutique Paty,ropa,55,18.458876,-97.394783,https://mitehuacan.mx/?ruta=16
2,Tienda De Ropa Yanabel Collete,ropa,55,18.461369,-97.390664,https://mitehuacan.mx/?ruta=16
2,Venta De Ropa Para Dama Creativa,ropa,56,18.460364,-97.390664,https://mitehuacan.mx/?ruta=16
2,Venta De Ropa Sin Nombre,ropa,56,18.461578,-97.389996,https://mitehuacan.mx/?ruta=16
2,Venta De Ropa Para Dama Be Rektro,ropa,57,18.460355,-97.390664,https://mitehuacan.mx/?ruta=16
2,Ropa Casual Y De Vestir Sin Nombre,ropa,58,18.472011,-97.391848,https://mitehuacan.mx/?ruta=16
2,Aitana Boutique,ropa,59,18.457982,-97.393297,https://mitehuacan.mx/?ruta=16
2,Dinastia Jeans Tienda De Ropa,ropa,59,18.463005,-97.391997,https://mitehuacan.mx/?ruta=16
2,Tienda De Ropa Y Uniformes Mega Familia,ropa,59,18.46034,-97.390749,https://mitehuacan.mx/?ruta=16
2,Venta De Ropa Y Lenceria,ropa,59,18.460337,-97.390664,https://mitehuacan.mx/?ruta=16
2,Mercader Ramos,ropa,60,18.460748,-97.388908,https://mitehuacan.mx/?ruta=16
2,Venta De Ropa Creaciones En Tu Moda,ropa,60,18.461498,-97.390027,https://mitehuacan.mx/?ruta=16
2,Venta De Ropa Modas Rocio,ropa,60,18.460328,-97.390664,https://mitehuacan.mx/?ruta=16
2,Venta De Ropa Para Dama Sin Nombre,ropa,61,18.460843,-97.388891,https://mitehuacan.mx/?ruta=16
2,Venta De Ropa Para Dama Minguis,ropa,62,18.461498,-97.390046,https://mitehuacan.mx/?ruta=16
2,Venta De Ropa Para Bebe Travesuras,ropa,63,18.460279,-97.389374,https://mitehuacan.mx/?ruta=16
2,Venta De Ropa Para Caballero Bee Retro,ropa,63,18.460303,-97.390749,https://mitehuacan.mx/?ruta=16
2,Creaciones El Guero,ropa,64,18.460292,-97.390664,https://mitehuacan.mx/?ruta=16
2,Venta De Ropa Juniors,ropa,65,18.461498,-97.390074,https://mitehuacan.mx/?ruta=16
2,Venta De Ropa Infantil Angelitos,ropa,66,18.460274,-97.390664,https://mitehuacan.mx/?ruta=16
2,Venta De Ropa Sin Nombre,ropa,67,18.460267,-97.390749,https://mitehuacan.mx/?ruta=16
2,Boutique Lobo,ropa,68,18.460998,-97.394806,https://mitehuacan.mx/?ruta=16
2,Compra Venta De Ropa Enly Moda,ropa,68,18.464835,-97.390085,https://mitehuacan.mx/?ruta=16
2,Compra Venta De Ropa Jovas Shop,ropa,68,18.464835,-97.390085,https://mitehuacan.mx/?ruta=16
2,Compra Venta De Ropa Y Accesorios Mirandamen Shop,ropa,68,18.464835,-97.390085,https://mitehuacan.mx/?ruta=16
2,Venta De Ropa De Bebe Valery,ropa,69,18.461579,-97.390119,https://mitehuacan.mx/?ruta=16
2,Venta De Ropa Para Dama,ropa,69,18.461902,-97.392113,https://mitehuacan.mx/?ruta=16
2,Tienda De Mochilas Markis Backpacks,ropa,70,18.462803,-97.390777,https://mitehuacan.mx/?ruta=16
2,Tienda De Ropa Pekes,ropa,70,18.461579,-97.390124,https://mitehuacan.mx/?ruta=16
2,Tienda De Ropa Sin Nombre,ropa,70,18.462785,-97.390776,https://mitehuacan.mx/?ruta=16
2,Venta De Ropa Mujer Bonita,ropa,70,18.461506,-97.390615,https://mitehuacan.mx/?ruta=16
2,Bodega De Ropa Colette Fashion,ropa,71,18.461501,-97.390292,https://mitehuacan.mx/?ruta=16
2,Bodega De Ropa Yanabel Colette,ropa,71,18.461501,-97.390292,https://mitehuacan.mx/?ruta=16
2,Boutique De Ropa Alegria,ropa,71,18.469139,-97.392018,https://mitehuacan.mx/?ruta=16
2,Tienda De Ropa Moda Rosy,ropa,71,18.461505,-97.390539,https://mitehuacan.mx/?ruta=16
2,Tienda De Ropa Sin Nombre,ropa,71,18.457434,-97.390856,https://mitehuacan.mx/?ruta=16
2,Venta De Ropa Moda Bella,ropa,71,18.461503,-97.390453,https://mitehuacan.mx/?ruta=16
2,Venta De Ropa Rags,ropa,71,18.460207,-97.389375,https://mitehuacan.mx/?ruta=16
2,Venta De Ropa Sexy Moda,ropa,71,18.461504,-97.39051,https://mitehuacan.mx/?ruta=16
2,Bella Boutique,ropa,72,18.460144,-97.393521,https://mitehuacan.mx/?ruta=16
2,Inari Boutique,ropa,72,18.460126,-97.393522,https://mitehuacan.mx/?ruta=16
2,Venta De Ropa Sin Nombre,ropa,73,18.462269,-97.390762,https://mitehuacan.mx/?ruta=16
2,Tienda De Ropa Modas Erikos,ropa,74,18.461653,-97.390759,https://mitehuacan.mx/?ruta=16
2,Venta De Ropa Sin Nombre,ropa,74,18.460204,-97.390749,https://mitehuacan.mx/?ruta=16
2,Venta De Calcetas Tamy Shop,ropa,76,18.466943,-97.390128,https://mitehuacan.mx/?ruta=16
2,Compra Venta De Ropa Y Tenis De La Calle,ropa,77,18.464927,-97.390682,https://mitehuacan.mx/?ruta=16
2,Tienda De Ropa Sunshine,ropa,77,18.46481,-97.38871,https://mitehuacan.mx/?ruta=16
2,Uniformes Deportivos Flomar,ropa,77,18.458758,-97.390783,https://mitehuacan.mx/?ruta=16
2,El Machetazo,ropa,78,18.459806,-97.39075,https://mitehuacan.mx/?ruta=16
2,Importaciones Marin,ropa,78,18.46015,-97.390749,https://mitehuacan.mx/?ruta=16
2,La Barata,ropa,78,18.459833,-97.39075,https://mitehuacan.mx/?ruta=16
2,Moda Rebel,ropa,78,18.460014,-97.390749,https://mitehuacan.mx/?ruta=16
2,Novedades Aldo,ropa,78,18.459977,-97.390749,https://mitehuacan.mx/?ruta=16
2,Ropa Para Bebe,ropa,78,18.460005,-97.390749,https://mitehuacan.mx/?ruta=16
2,Venta De Mochilas,ropa,78,18.460104,-97.390749,https://mitehuacan.mx/?ruta=16
2,Venta De Ropa,ropa,78,18.459724,-97.390751,https://mitehuacan.mx/?ruta=16
2,Venta De Ropa De Bebe Sin Nombre,ropa,78,18.459787,-97.39075,https://mitehuacan.mx/?ruta=16
2,Venta De Ropa Para Adulto,ropa,78,18.459869,-97.39075,https://mitehuacan.mx/?ruta=16
2,Venta De Ropa Para Bebe,ropa,78,18.459959,-97.39075,https://mitehuacan.mx/?ruta=16
2,Venta De Ropa Para Dama,ropa,78,18.459932,-97.39075,https://mitehuacan.mx/?ruta=16
2,El Corcel De Oro,ropa,79,18.459597,-97.390751,https://mitehuacan.mx/?ruta=16
2,Modas Morales,ropa,79,18.459081,-97.390754,https://mitehuacan.mx/?ruta=16
2,Modas Nicole,ropa,79,18.459579,-97.390751,https://mitehuacan.mx/?ruta=16
2,Modas Para,ropa,79,18.459253,-97.390753,https://mitehuacan.mx/?ruta=16
2,Tienda De Ropa Bermex,ropa,79,18.462976,-97.390688,https://mitehuacan.mx/?ruta=16
2,Venta De Ropa De Bebe Sin Nombre,ropa,79,18.459145,-97.390753,https://mitehuacan.mx/?ruta=16
2,Venta De Ropa De Caballero Sin Nombre,ropa,79,18.458846,-97.390755,https://mitehuacan.mx/?ruta=16
2,Venta De Ropa De Dama Sin Nombre,ropa,79,18.459072,-97.390754,https://mitehuacan.mx/?ruta=16
2,Venta De Ropa Infantil,ropa,79,18.459081,-97.390754,https://mitehuacan.mx/?ruta=16
2,Venta De Ropa Infantil,ropa,79,18.459389,-97.390752,https://mitehuacan.mx/?ruta=16
2,Venta De Ropa Infantil Key Fashion,ropa,79,18.459235,-97.390753,https://mitehuacan.mx/?ruta=16
2,Venta De Ropa Modas Eben Ezer,ropa,79,18.458945,-97.390754,https://mitehuacan.mx/?ruta=16
2,Venta De Ropa Modas Yolanda,ropa,79,18.461585,-97.390546,https://mitehuacan.mx/?ruta=16
2,Venta De Ropa Sin Nombre,ropa,79,18.458909,-97.390754,https://mitehuacan.mx/?ruta=16
2,Venta De Ropa Sin Nombre,ropa,79,18.459072,-97.390754,https://mitehuacan.mx/?ruta=16
2,Venta De Ropa Sin Nombre,ropa,79,18.461584,-97.39047,https://mitehuacan.mx/?ruta=16
2,Venta De Ropa Y Uniformes Azzurri,ropa,79,18.458758,-97.390764,https://mitehuacan.mx/?ruta=16
2,Venta De Uniformes Escolares Sin Nombre,ropa,79,18.459407,-97.390752,https://mitehuacan.mx/?ruta=16
2,Venta Deropa,ropa,79,18.45919,-97.390753,https://mitehuacan.mx/?ruta=16
2,Bodega Venta De Rpa Mia Clection,ropa,80,18.461582,-97.390318,https://mitehuacan.mx/?ruta=16
2,Tienda De Ropa Sin Nombre,ropa,80,18.458879,-97.39502,https://mitehuacan.mx/?ruta=16
2,Uniformes Abraham,ropa,80,18.458801,-97.390755,https://mitehuacan.mx/?ruta=16
2,Venta De Ropa Mia Colection,ropa,80,18.461582,-97.390346,https://mitehuacan.mx/?ruta=16
2,Venta De Ropa Monse,ropa,80,18.461581,-97.390223,https://mitehuacan.mx/?ruta=16
2,Venta De Ropa Para Caballero Fashion Mens,ropa,80,18.461583,-97.390365,https://mitehuacan.mx/?ruta=16
2,Venta De Ropa Si Nombre,ropa,80,18.461581,-97.390223,https://mitehuacan.mx/?ruta=16
2,Novedades Yeshua Y Karlita,ropa,81,18.474507,-97.378383,https://mitehuacan.mx/?ruta=16
2,Tienda De Playeras Y Venta De Aerosoles,ropa,83,18.462859,-97.390654,https://mitehuacan.mx/?ruta=16
2,Tienda De Ropa Sin Nombre,ropa,83,18.462859,-97.390654,https://mitehuacan.mx/?ruta=16
2,Venta De Ropa De Caballero The Juniors,ropa,83,18.453564,-97.391515,https://mitehuacan.mx/?ruta=16
2,Venta De Ropa Y Tenis Sin Nombre,ropa,83,18.462859,-97.390654,https://mitehuacan.mx/?ruta=16
2,Tienda Regalitos,ropa,84,18.471737,-97.392094,https://mitehuacan.mx/?ruta=16
2,Brillosistica,ropa,86,18.446073,-97.383055,https://mitehuacan.mx/?ruta=16
2,Compra Venta De Ropa Teens,ropa,86,18.463014,-97.392253,https://mitehuacan.mx/?ruta=16
2,Diseños Moem,ropa,86,18.46171,-97.393701,https://mitehuacan.mx/?ruta=16
2,L. G. Viste A La Moda Boutique,ropa,86,18.461706,-97.39353,https://mitehuacan.mx/?ruta=16
2,Tienda De Ropa Bermex,ropa,87,18.462976,-97.390613,https://mitehuacan.mx/?ruta=16
2,Venta De Ropa Fina Para Dama Sin Nombre,ropa,87,18.459649,-97.390666,https://mitehuacan.mx/?ruta=16
2,Venta De Ropa Infantil Sin Nombre,ropa,87,18.459767,-97.390665,https://mitehuacan.mx/?ruta=16
2,Venta De Cinturones Cinturon Casual,ropa,88,18.45954,-97.390666,https://mitehuacan.mx/?ruta=16
2,Venta De Cinturones Sin Nombre,ropa,88,18.45916,-97.390668,https://mitehuacan.mx/?ruta=16
2,Venta De Playeras Sin Nombre,ropa,88,18.459178,-97.390668,https://mitehuacan.mx/?ruta=16
2,Venta De Ropa Creaciones En Tu Moda,ropa,88,18.459567,-97.390666,https://mitehuacan.mx/?ruta=16
2,Venta De Ropa De Niño Y Niña Novedades Nicol,ropa,88,18.459061,-97.390669,https://mitehuacan.mx/?ruta=16
2,Venta De Ropa En General El Divino Niño,ropa,88,18.458889,-97.390669,https://mitehuacan.mx/?ruta=16
2,Venta De Ropa Para Dama Queen Fashion,ropa,88,18.458916,-97.390669,https://mitehuacan.mx/?ruta=16
2,Venta De Ropa Para Niño Y Niña Interior Y Exterior Leon De J,ropa,88,18.458843,-97.39067,https://mitehuacan.mx/?ruta=16
2,Venta De Tines Y Ropa Interior,ropa,88,18.459513,-97.390666,https://mitehuacan.mx/?ruta=16
2,Venta De Vestidos Infantiles Britany,ropa,88,18.459206,-97.390668,https://mitehuacan.mx/?ruta=16
2,Modas Nicole,ropa,89,18.460106,-97.392571,https://mitehuacan.mx/?ruta=16
2,Venta De Ropa Sin Nonbre,ropa,89,18.462847,-97.390278,https://mitehuacan.mx/?ruta=16
2,Tienda De Ropa Para Caballeros Sr.Camisa,ropa,90,18.460093,-97.392443,https://mitehuacan.mx/?ruta=16
2,Boutique Exodo,ropa,94,18.461777,-97.393319,https://mitehuacan.mx/?ruta=16
2,Bolchima,ropa,96,18.462976,-97.390527,https://mitehuacan.mx/?ruta=16
2,Medusa Store,ropa,96,18.471756,-97.392214,https://mitehuacan.mx/?ruta=16
2,Venta De Ropa Y Accesorios Sin Nombre,ropa,96,18.462849,-97.390342,https://mitehuacan.mx/?ruta=16
2,Venta De Uniformes De Enfermeria Sin Nombre,ropa,97,18.466857,-97.39033,https://mitehuacan.mx/?ruta=16
2,Tienda De Ropa Rivag,ropa,98,18.474616,-97.388094,https://mitehuacan.mx/?ruta=16
2,Towers Boutique,ropa,98,18.463105,-97.39237,https://mitehuacan.mx/?ruta=16
2,Venta De Trajes Quali,ropa,98,18.460021,-97.39244,https://mitehuacan.mx/?ruta=16
2,Tienda De Ropa Para Mujer Dovi Fashion,ropa,99,18.460832,-97.388531,https://mitehuacan.mx/?ruta=16
2,Venta De Ropa Para Hombre Sin Nombre,ropa,99,18.458753,-97.390575,https://mitehuacan.mx/?ruta=16
2,Venta De Ropa Para Caballero Modas Fikshion,ropa,100,18.459937,-97.389624,https://mitehuacan.mx/?ruta=16
2,Compra Venta De Ropa En General La Camisa,ropa,102,18.462853,-97.390474,https://mitehuacan.mx/?ruta=16
2,Tienda De Ropa Pretty Woman,ropa,102,18.453134,-97.38872,https://mitehuacan.mx/?ruta=16
2,Venta De Ropa Y Chacharas Sin Nombre,ropa,105,18.475259,-97.384999,https://mitehuacan.mx/?ruta=16
2,Venta De Ropa Para Hombre Novedades Martinez,ropa,113,18.459821,-97.389481,https://mitehuacan.mx/?ruta=16
2,Venta De Ropa En General Modas Morales,ropa,115,18.45875,-97.390423,https://mitehuacan.mx/?ruta=16
2,Boutique D Perlas,ropa,116,18.461971,-97.394384,https://mitehuacan.mx/?ruta=16
2,Venta De Ropa De Dama Y Caballero Minguis,ropa,117,18.462779,-97.388323,https://mitehuacan.mx/?ruta=16
2,Coco Boutique Tienda De Ropa,ropa,118,18.463024,-97.392556,https://mitehuacan.mx/?ruta=16
2,Tienda De Ropa Sin Nombre,ropa,119,18.456999,-97.390415,https://mitehuacan.mx/?ruta=16
2,Sr. Camisas Tienda De Ropa,ropa,120,18.454635,-97.392802,https://mitehuacan.mx/?ruta=16
2,Venta De Jeans Mundana,ropa,121,18.462778,-97.388285,https://mitehuacan.mx/?ruta=16
2,Venta De Ropa En General Modas Livey,ropa,121,18.458748,-97.390366,https://mitehuacan.mx/?ruta=16
2,Venta De Ropa De Dama Sin Nombre,ropa,122,18.460738,-97.388316,https://mitehuacan.mx/?ruta=16
2,Venta De Uniformes Filipinas Y Medicos Cerebro,ropa,124,18.45549,-97.393635,https://mitehuacan.mx/?ruta=16
2,Boutique Yes,ropa,130,18.462115,-97.394025,https://mitehuacan.mx/?ruta=16
2,Bonita Boutique,ropa,131,18.462775,-97.38819,https://mitehuacan.mx/?ruta=16
2,Compra Venta De Ropa Para Dama Novedades Angeles,ropa,135,18.458459,-97.390239,https://mitehuacan.mx/?ruta=16
2,Tienda De Ropa Moda Zoe,ropa,135,18.471397,-97.392588,https://mitehuacan.mx/?ruta=16
2,Venta De Ropa Juvenil Para Dama Sin Nombre,ropa,137,18.459601,-97.389382,https://mitehuacan.mx/?ruta=16
2,Venta De Ropa De Dama Sin Nombre,ropa,138,18.459595,-97.389484,https://mitehuacan.mx/?ruta=16
2,Venta De Ropa Para Dama D Moda,ropa,140,18.458744,-97.390184,https://mitehuacan.mx/?ruta=16
2,Venta De Ropa Sin Nombre,ropa,141,18.459567,-97.389484,https://mitehuacan.mx/?ruta=16
2,Venta De Ropa Para Caballero Y Accesorios Sin Nombre,ropa,142,18.458743,-97.390167,https://mitehuacan.mx/?ruta=16
2,Venta De Ropa,ropa,148,18.471304,-97.392714,https://mitehuacan.mx/?ruta=16
2,Venta De Ropa Y Juguetes. Sin Nombre,ropa,148,18.471304,-97.392714,https://mitehuacan.mx/?ruta=16
2,Llanish Shop,ropa,149,18.455511,-97.39001,https://mitehuacan.mx/?ruta=16
2,Tienda De Ropa Hojas De Parra,ropa,149,18.455511,-97.39001,https://mitehuacan.mx/?ruta=16
2,Reparadora De Calzado Nery,zapatería,0,18.461016,-97.389469,https://mitehuacan.mx/?ruta=16
2,Reparadora De Calzado La Rosita,zapatería,1,18.462075,-97.38946,https://mitehuacan.mx/?ruta=16
2,Taller De Calzado 3 Hermanos,zapatería,1,18.458146,-97.392725,https://mitehuacan.mx/?ruta=16
2,Zapateria Calza A La Moda,zapatería,1,18.463178,-97.389436,https://mitehuacan.mx/?ruta=16
2,Zapateria Mago,zapatería,1,18.456698,-97.392757,https://mitehuacan.mx/?ruta=16
2,Pakar Zapateria,zapatería,2,18.460913,-97.391555,https://mitehuacan.mx/?ruta=16
2,Cklass,zapatería,3,18.458878,-97.394228,https://mitehuacan.mx/?ruta=16
2,Zapateria Isabel,zapatería,3,18.460932,-97.392142,https://mitehuacan.mx/?ruta=16
2,Zapateria Rachell,zapatería,3,18.460937,-97.392265,https://mitehuacan.mx/?ruta=16
2,Reparadora De Calzado El Venadito Express,zapatería,4,18.463793,-97.389416,https://mitehuacan.mx/?ruta=16
2,Sandalias Crysty,zapatería,4,18.460918,-97.391327,https://mitehuacan.mx/?ruta=16
2,Tienda De Accesorios Para Calzado Sin Nombre,zapatería,4,18.461549,-97.391502,https://mitehuacan.mx/?ruta=16
2,Zapateria Arther,zapatería,4,18.460955,-97.39273,https://mitehuacan.mx/?ruta=16
2,Zapateria El Reventon,zapatería,4,18.461757,-97.3915,https://mitehuacan.mx/?ruta=16
2,Zapateria El Rey Del Ahorro,zapatería,4,18.461721,-97.3915,https://mitehuacan.mx/?ruta=16
2,Andrea,zapatería,4,18.4629,-97.391401,https://mitehuacan.mx/?ruta=16
2,Pakar Zapaterias,zapatería,5,18.460937,-97.391519,https://mitehuacan.mx/?ruta=16
2,Reparadora De Calzado Puebla,zapatería,5,18.456337,-97.392799,https://mitehuacan.mx/?ruta=16
2,Zapateria Aldi,zapatería,5,18.462852,-97.391489,https://mitehuacan.mx/?ruta=16
2,Zapateria Montana,zapatería,5,18.469491,-97.391287,https://mitehuacan.mx/?ruta=16
2,Ferre,zapatería,6,18.461142,-97.391409,https://mitehuacan.mx/?ruta=16
2,Pakar Al Costo,zapatería,6,18.459457,-97.391437,https://mitehuacan.mx/?ruta=16
2,Real Zapateria,zapatería,6,18.459796,-97.391431,https://mitehuacan.mx/?ruta=16
2,Shoes Collection Pakar,zapatería,6,18.459472,-97.391437,https://mitehuacan.mx/?ruta=16
2,Zapateria Crazy Feet,zapatería,6,18.461211,-97.391409,https://mitehuacan.mx/?ruta=16
2,Zapateria Express,zapatería,6,18.461229,-97.391409,https://mitehuacan.mx/?ruta=16
2,Zapateria Ana Maria,zapatería,7,18.45878,-97.391446,https://mitehuacan.mx/?ruta=16
2,Zapateria Andata,zapatería,7,18.461894,-97.391389,https://mitehuacan.mx/?ruta=16
2,Zapateria Andrea,zapatería,7,18.462577,-97.391381,https://mitehuacan.mx/?ruta=16
2,Zapateria Don Zapato,zapatería,7,18.461681,-97.391395,https://mitehuacan.mx/?ruta=16
2,Zapateria El Nuevo Modelo,zapatería,7,18.461943,-97.391387,https://mitehuacan.mx/?ruta=16
2,Zapateria El Pequeño Gigante,zapatería,7,18.460984,-97.391407,https://mitehuacan.mx/?ruta=16
2,Zapateria Gama,zapatería,7,18.462432,-97.391382,https://mitehuacan.mx/?ruta=16
2,Zapateria Sports Shoes,zapatería,7,18.461383,-97.391404,https://mitehuacan.mx/?ruta=16
2,Zapaterias Ana Maria,zapatería,7,18.460812,-97.391406,https://mitehuacan.mx/?ruta=16
2,Zapateria Andrea,zapatería,8,18.462873,-97.391366,https://mitehuacan.mx/?ruta=16
2,Zapateria Elite,zapatería,8,18.460817,-97.39165,https://mitehuacan.mx/?ruta=16
2,Zapateria Miranda,zapatería,8,18.46081,-97.391331,https://mitehuacan.mx/?ruta=16
2,Zapaterias Don Zapato,zapatería,8,18.462106,-97.391382,https://mitehuacan.mx/?ruta=16
2,Zapaterias Sports Shoes,zapatería,9,18.460772,-97.389899,https://mitehuacan.mx/?ruta=16
2,Reparadora De Calzado El Gato,zapatería,10,18.4744,-97.38454,https://mitehuacan.mx/?ruta=16
2,Tehuacan,zapatería,12,18.462877,-97.391552,https://mitehuacan.mx/?ruta=16
2,Zapateria Calza Ahorros,zapatería,12,18.462803,-97.389317,https://mitehuacan.mx/?ruta=16
2,Venta De Calzado Por Catalogo Emeva Multimarcas,zapatería,13,18.460297,-97.394075,https://mitehuacan.mx/?ruta=16
2,Zapateria Ana Maria,zapatería,14,18.460744,-97.390664,https://mitehuacan.mx/?ruta=16
2,Zapateria Dica,zapatería,14,18.463165,-97.38931,https://mitehuacan.mx/?ruta=16
2,Zapateria Pachikitos,zapatería,17,18.458807,-97.392631,https://mitehuacan.mx/?ruta=16
2,Reparadora De Calzado El Venado,zapatería,18,18.46464,-97.389275,https://mitehuacan.mx/?ruta=16
2,Zapateria Capa De Ozono,zapatería,19,18.462879,-97.391617,https://mitehuacan.mx/?ruta=16
2,Zapateria Arther,zapatería,21,18.461951,-97.391254,https://mitehuacan.mx/?ruta=16
2,Zapateria C Klass,zapatería,30,18.458874,-97.394548,https://mitehuacan.mx/?ruta=16
2,Cklass,zapatería,30,18.458877,-97.394541,https://mitehuacan.mx/?ruta=16
2,Temo Outlet,zapatería,32,18.462997,-97.391741,https://mitehuacan.mx/?ruta=16
2,Calzado Por Catalogo,zapatería,33,18.464934,-97.391097,https://mitehuacan.mx/?ruta=16
2,Zapaterias Vazza,zapatería,33,18.462884,-97.391754,https://mitehuacan.mx/?ruta=16
2,Zapateria Dica,zapatería,34,18.462804,-97.389109,https://mitehuacan.mx/?ruta=16
2,Zapateria Lazos,zapatería,34,18.464863,-97.391735,https://mitehuacan.mx/?ruta=16
2,Reparadora De Calzado California,zapatería,36,18.465968,-97.389763,https://mitehuacan.mx/?ruta=16
2,Zapateria Zona Confort,zapatería,38,18.458966,-97.392519,https://mitehuacan.mx/?ruta=16
2,Zapateria Aurora Cepeda,zapatería,39,18.459083,-97.393485,https://mitehuacan.mx/?ruta=16
2,Zapateria Moda Shoes,zapatería,39,18.460559,-97.392588,https://mitehuacan.mx/?ruta=16
2,Baby Buchin,zapatería,42,18.459113,-97.393578,https://mitehuacan.mx/?ruta=16
2,Zapaterias Greys,zapatería,42,18.460532,-97.392587,https://mitehuacan.mx/?ruta=16
2,Calzado Por Catalogo,zapatería,45,18.4587,-97.392303,https://mitehuacan.mx/?ruta=16
2,Coppel Calzado Oriente 765,zapatería,45,18.460751,-97.389053,https://mitehuacan.mx/?ruta=16
2,Zapateria Papos Andy,zapatería,52,18.46289,-97.391934,https://mitehuacan.mx/?ruta=16
2,Zapateria Tio Beto,zapatería,54,18.460382,-97.390664,https://mitehuacan.mx/?ruta=16
2,Reparadora De Calzado Perez,zapatería,55,18.456484,-97.392102,https://mitehuacan.mx/?ruta=16
2,Reparadora De Calzado Hidalgo,zapatería,56,18.458698,-97.392199,https://mitehuacan.mx/?ruta=16
2,Zapateria Soperanez,zapatería,57,18.458763,-97.390973,https://mitehuacan.mx/?ruta=16
2,Venta De Sandalias De Plastico,zapatería,58,18.461578,-97.390014,https://mitehuacan.mx/?ruta=16
2,Oficina Administrativa Y Publicidad,zapatería,61,18.462732,-97.392017,https://mitehuacan.mx/?ruta=16
2,Venta De Tenis Juquilita,zapatería,61,18.458796,-97.392157,https://mitehuacan.mx/?ruta=16
2,Zapateria Angeles,zapatería,61,18.462778,-97.392017,https://mitehuacan.mx/?ruta=16
2,Zapaterias El Reventon,zapatería,66,18.462048,-97.390833,https://mitehuacan.mx/?ruta=16
2,Venta De Articulos Varios Sin Nombre,zapatería,70,18.46021,-97.389478,https://mitehuacan.mx/?ruta=16
2,Zapateria Crazy Feet,zapatería,71,18.461504,-97.390491,https://mitehuacan.mx/?ruta=16
2,Huaracheria Gloria,zapatería,74,18.461544,-97.390758,https://mitehuacan.mx/?ruta=16
2,Reparacion De Calzado Sin Nombre,zapatería,74,18.447732,-97.384713,https://mitehuacan.mx/?ruta=16
2,Zapapateria Expres,zapatería,74,18.461616,-97.390758,https://mitehuacan.mx/?ruta=16
2,Fabricas De Calzado Andrea Suc Tehuacan,zapatería,76,18.460238,-97.393419,https://mitehuacan.mx/?ruta=16
2,Zapateria El Reventon,zapatería,78,18.460131,-97.390749,https://mitehuacan.mx/?ruta=16
2,Venta De Tenis Juquilita,zapatería,79,18.458891,-97.390755,https://mitehuacan.mx/?ruta=16
2,Zapateria Eduars,zapatería,79,18.459072,-97.390754,https://mitehuacan.mx/?ruta=16
2,Zapateria Don Zapato,zapatería,83,18.462859,-97.390654,https://mitehuacan.mx/?ruta=16
2,Zapateria Kristal,zapatería,83,18.462859,-97.390654,https://mitehuacan.mx/?ruta=16
2,Zapaterias Arther,zapatería,87,18.459803,-97.390665,https://mitehuacan.mx/?ruta=16
2,Zapaterias El Reventon,zapatería,87,18.45993,-97.390665,https://mitehuacan.mx/?ruta=16
2,Zapateria 3 Hermanos,zapatería,88,18.459233,-97.390668,https://mitehuacan.mx/?ruta=16
2,Renovadora De Calzado Puebla Ii,zapatería,91,18.458755,-97.39065,https://mitehuacan.mx/?ruta=16
2,Zapateria Giorgio Moretto,zapatería,92,18.460834,-97.388597,https://mitehuacan.mx/?ruta=16
2,Zapateria Mayfer,zapatería,98,18.460024,-97.392568,https://mitehuacan.mx/?ruta=16
2,Zapateria Cruzitos,zapatería,102,18.459923,-97.389378,https://mitehuacan.mx/?ruta=16
2,Venta De Articulos Para Calzado Sin Nombre,zapatería,108,18.459871,-97.389579,https://mitehuacan.mx/?ruta=16
2,Reparadora De Calzado Dani,zapatería,109,18.455315,-97.393163,https://mitehuacan.mx/?ruta=16
2,Reparadora De Calzado Sin Nombre,zapatería,117,18.474788,-97.387711,https://mitehuacan.mx/?ruta=16
2,Zapateria Sport Shoes,zapatería,120,18.459763,-97.38938,https://mitehuacan.mx/?ruta=16
2,Zapateria Ana Maria,zapatería,121,18.458643,-97.390369,https://mitehuacan.mx/?ruta=16
2,Zapateria Gloria,zapatería,122,18.46496,-97.392567,https://mitehuacan.mx/?ruta=16
2,Shoes Collection Pakar,zapatería,129,18.462083,-97.394444,https://mitehuacan.mx/?ruta=16
2,Zapateria Ing Roberto,zapatería,135,18.462892,-97.388158,https://mitehuacan.mx/?ruta=16
3,Accesorios Michelle,accesorios,0,18.461178,-97.389468,https://mitehuacan.mx/?ruta=16
3,Venta De Bisuteria Sin Nombre,accesorios,0,18.445809,-97.385167,https://mitehuacan.mx/?ruta=16
3,Bisuteria Amor Mio,accesorios,1,18.460934,-97.38947,https://mitehuacan.mx/?ruta=16
3,Venta De Accesorios Para Niña,accesorios,2,18.458724,-97.393128,https://mitehuacan.mx/?ruta=16
3,Venta De Cinturones Y Gorras Publicidad Fercho,accesorios,3,18.460885,-97.390066,https://mitehuacan.mx/?ruta=16
3,Venta De Gorras Yoseline,accesorios,3,18.460872,-97.389583,https://mitehuacan.mx/?ruta=16
3,Venta De Moños Nina,accesorios,3,18.4609,-97.390635,https://mitehuacan.mx/?ruta=16
3,Bisuteria Kiru,accesorios,4,18.460915,-97.391232,https://mitehuacan.mx/?ruta=16
3,Novedades Lin,accesorios,4,18.458669,-97.39147,https://mitehuacan.mx/?ruta=16
3,Accesorios Para Cabello Sin Nombre,accesorios,5,18.462381,-97.391493,https://mitehuacan.mx/?ruta=16
3,Accesorios Michel,accesorios,6,18.461202,-97.391409,https://mitehuacan.mx/?ruta=16
3,Amatista Bisuteria,accesorios,6,18.466125,-97.391332,https://mitehuacan.mx/?ruta=16
3,Tienda De Accesorios Por Mayoreo Merca Asia,accesorios,6,18.459347,-97.391439,https://mitehuacan.mx/?ruta=16
3,Tienda De Bisuteria Y Novedades Magic,accesorios,6,18.459419,-97.391438,https://mitehuacan.mx/?ruta=16
3,Venta De Accesorios Para Dama Escaparate,accesorios,6,18.459573,-97.391435,https://mitehuacan.mx/?ruta=16
3,Novedades El Chacharas,accesorios,7,18.460859,-97.392932,https://mitehuacan.mx/?ruta=16
3,Novedades Itzel,accesorios,7,18.460704,-97.391414,https://mitehuacan.mx/?ruta=16
3,Tienda De Ropa Sin Nombre,accesorios,7,18.462269,-97.391382,https://mitehuacan.mx/?ruta=16
3,Bisuteria Ar,accesorios,8,18.464825,-97.389516,https://mitehuacan.mx/?ruta=16
3,Tienda Dechacharas El Baratetito,accesorios,15,18.463346,-97.389303,https://mitehuacan.mx/?ruta=16
3,Venta De Chucherias Farez Bazar,accesorios,18,18.464776,-97.389273,https://mitehuacan.mx/?ruta=16
3,Chacharas Venta De Diferentes Articulos De Temporada Sin Nom,accesorios,20,18.460686,-97.389369,https://mitehuacan.mx/?ruta=16
3,Tienda De Novedades Aremi,accesorios,25,18.460855,-97.389232,https://mitehuacan.mx/?ruta=16
3,Bisuteria Y Regalos Sin Nombre,accesorios,29,18.461948,-97.391178,https://mitehuacan.mx/?ruta=16
3,Cinturon Casual,accesorios,42,18.460493,-97.390749,https://mitehuacan.mx/?ruta=16
3,Ark Bisuteria,accesorios,47,18.458346,-97.394238,https://mitehuacan.mx/?ruta=16
3,Gemas Preciosas,accesorios,47,18.459159,-97.393577,https://mitehuacan.mx/?ruta=16
3,Tienda De Ropa Sin Nombre,accesorios,49,18.462056,-97.390994,https://mitehuacan.mx/?ruta=16
3,Venta De Mochilas Y Bolsas Sin Nombre,accesorios,52,18.458793,-97.391996,https://mitehuacan.mx/?ruta=16
3,Bolsas Y Accesorios Egos Longinos,accesorios,53,18.46485,-97.39091,https://mitehuacan.mx/?ruta=16
3,Venta De Accesorios Para Dama Novedades Flor De Abril,accesorios,53,18.460364,-97.389476,https://mitehuacan.mx/?ruta=16
3,Venta De Mochilas Y Bolsas Sin Nombre,accesorios,58,18.460844,-97.38892,https://mitehuacan.mx/?ruta=16
3,Venta De Moños Y Accesorios,accesorios,66,18.460274,-97.390664,https://mitehuacan.mx/?ruta=16
3,Perfumeria Y Regalos,accesorios,67,18.46152,-97.392641,https://mitehuacan.mx/?ruta=16
3,Accesorios N&T,accesorios,75,18.471357,-97.392019,https://mitehuacan.mx/?ruta=16
3,Bisuteria Michelle,accesorios,79,18.461657,-97.394166,https://mitehuacan.mx/?ruta=16
3,Venta De Gorras Publicidad Y Beisbol,accesorios,79,18.458973,-97.390754,https://mitehuacan.mx/?ruta=16
3,Centro Comercial Casa China,accesorios,82,18.458658,-97.39073,https://mitehuacan.mx/?ruta=16
3,Articulos De Bisuteria Fantasias Dany,accesorios,83,18.462859,-97.390654,https://mitehuacan.mx/?ruta=16
3,Joyeria De Fantasia Y Plata - Plata Linda,accesorios,83,18.462859,-97.390654,https://mitehuacan.mx/?ruta=16
3,Venta De Accesorios De Acero Inoxidable Tx Acero Inoxidable,accesorios,83,18.462859,-97.390654,https://mitehuacan.mx/?ruta=16
3,Joyeria Y Accesorios Valeria,accesorios,86,18.459407,-97.392421,https://mitehuacan.mx/?ruta=16
3,Compra Venta De Bisuteria Y Accesorios Para Dama La Bella,accesorios,88,18.462976,-97.390603,https://mitehuacan.mx/?ruta=16
3,Chacharas Sin Nombre,accesorios,93,18.471461,-97.39027,https://mitehuacan.mx/?ruta=16
3,Lila Shop,accesorios,93,18.456557,-97.393627,https://mitehuacan.mx/?ruta=16
3,Accesorios De Perlas,accesorios,94,18.461777,-97.393351,https://mitehuacan.mx/?ruta=16
3,Venta De Bisuteria Y Novedades Sarang,accesorios,100,18.458651,-97.390568,https://mitehuacan.mx/?ruta=16
3,Mas Bella Accesorios De Dama,accesorios,112,18.461952,-97.394031,https://mitehuacan.mx/?ruta=16
3,Venta De Gorras,accesorios,114,18.457044,-97.390461,https://mitehuacan.mx/?ruta=16
3,Chacharitas Todo Moda Inc,accesorios,115,18.461969,-97.394356,https://mitehuacan.mx/?ruta=16
3,Venta De Bolsas El Rey De La Bolsa,accesorios,118,18.462779,-97.388314,https://mitehuacan.mx/?ruta=16
3,Compra Venta De Accesorios Para Dama,accesorios,122,18.464879,-97.392569,https://mitehuacan.mx/?ruta=16
3,Bisuteria Amor Mio,accesorios,124,18.459718,-97.38938,https://mitehuacan.mx/?ruta=16
3,Venta De Moñoz Moñoz Coqueta,accesorios,132,18.459649,-97.389483,https://mitehuacan.mx/?ruta=16
3,Preparatoria Federal,asistencia social,0,18.466677,-97.389415,https://mitehuacan.mx/?ruta=16
3,Autolavado Nataly,autolavado,0,18.44601,-97.384914,https://mitehuacan.mx/?ruta=16
3,Autolavado Lorenzo,autolavado,2,18.446966,-97.382929,https://mitehuacan.mx/?ruta=16
3,Auto Lavado El Tiburon 2,autolavado,3,18.473399,-97.388364,https://mitehuacan.mx/?ruta=16
3,Auto Lavado Gonzalez,autolavado,3,18.472044,-97.391265,https://mitehuacan.mx/?ruta=16
3,El Vochito Feliz,autolavado,3,18.474342,-97.384992,https://mitehuacan.mx/?ruta=16
3,Autolavado El Pato Mojado,autolavado,5,18.469799,-97.391282,https://mitehuacan.mx/?ruta=16
3,Autolavado Castillo,autolavado,12,18.456634,-97.392866,https://mitehuacan.mx/?ruta=16
3,Super Lavado De Autos El Pollo,autolavado,22,18.448932,-97.386284,https://mitehuacan.mx/?ruta=16
3,Lavado De Autos Sin Nombre,autolavado,36,18.465891,-97.389082,https://mitehuacan.mx/?ruta=16
3,Lavado De Autos Checo,autolavado,46,18.467015,-97.391805,https://mitehuacan.mx/?ruta=16
3,Autolavado Castillo,autolavado,52,18.458298,-97.394129,https://mitehuacan.mx/?ruta=16
3,Auto Lavado Car Wash,autolavado,59,18.456544,-97.393305,https://mitehuacan.mx/?ruta=16
3,Auto Lavado El Tiburon,autolavado,61,18.469519,-97.38882,https://mitehuacan.mx/?ruta=16
3,Autolavado Hermanos Zenteno,autolavado,74,18.448524,-97.383228,https://mitehuacan.mx/?ruta=16
3,Autolavado Cabaña,autolavado,79,18.453437,-97.389264,https://mitehuacan.mx/?ruta=16
3,Lavado De Autos Sin Nombre,autolavado,88,18.445658,-97.383954,https://mitehuacan.mx/?ruta=16
3,Lavado De Autos Ecowash,autolavado,90,18.458804,-97.395117,https://mitehuacan.mx/?ruta=16
3,Lavado Y Estacionamiento Riko,autolavado,102,18.466922,-97.392339,https://mitehuacan.mx/?ruta=16
3,Auto Lavado Sin Nombre,autolavado,106,18.475117,-97.387234,https://mitehuacan.mx/?ruta=16
3,Auto Lavado Alva,autolavado,112,18.455551,-97.390483,https://mitehuacan.mx/?ruta=16
3,Lavado De Autos Zuly,autolavado,124,18.467027,-97.392544,https://mitehuacan.mx/?ruta=16
3,Auto Lavado De Jesus,autolavado,140,18.472988,-97.384517,https://mitehuacan.mx/?ruta=16
3,Hoster Video Bar,bar,1,18.458481,-97.39272,https://mitehuacan.mx/?ruta=16
3,Bar 69 Club,bar,2,18.463431,-97.389428,https://mitehuacan.mx/?ruta=16
3,Bar Max Le Club,bar,3,18.460904,-97.390834,https://mitehuacan.mx/?ruta=16
3,Bar Presidente,bar,5,18.467012,-97.391324,https://mitehuacan.mx/?ruta=16
3,Che Drinks,bar,6,18.47049,-97.391377,https://mitehuacan.mx/?ruta=16
3,Venta De Bebidas Preparadas Los Traguitos,bar,6,18.473401,-97.388582,https://mitehuacan.mx/?ruta=16
3,Bar Drinks Factory,bar,8,18.455554,-97.392191,https://mitehuacan.mx/?ruta=16
3,Bar El Nuevo Aterrizaje,bar,14,18.463165,-97.38931,https://mitehuacan.mx/?ruta=16
3,Bar Los Colorines,bar,16,18.4634,-97.389301,https://mitehuacan.mx/?ruta=16
3,La Katryna Lounge Antro Bar,bar,79,18.466918,-97.392121,https://mitehuacan.mx/?ruta=16
3,Bar El Muelle De La Presa,bar,103,18.460916,-97.395141,https://mitehuacan.mx/?ruta=16
3,Bar Los Compañeros,bar,125,18.458244,-97.390333,https://mitehuacan.mx/?ruta=16
3,Venta De Bebidas Balche,bar,137,18.457529,-97.394164,https://mitehuacan.mx/?ruta=16
3,Mientas Espero,bebidas,91,18.460991,-97.395028,https://mitehuacan.mx/?ruta=16
3,Taller De Bicicletas Sin Nombre,bicicletas,5,18.469573,-97.391286,https://mitehuacan.mx/?ruta=16
3,Biciservicio Galicia,bicicletas,7,18.447693,-97.383195,https://mitehuacan.mx/?ruta=16
3,Venta Refacciones Y Bicicletas Bicimundo,bicicletas,9,18.460768,-97.389738,https://mitehuacan.mx/?ruta=16
3,Bici Refacciones Del Centro,bicicletas,12,18.461329,-97.389347,https://mitehuacan.mx/?ruta=16
3,Taller De Bicicletas Rojas,bicicletas,13,18.470473,-97.389511,https://mitehuacan.mx/?ruta=16
3,Bicicletas Y Refacciones Ikki,bicicletas,29,18.460854,-97.389194,https://mitehuacan.mx/?ruta=16
3,Tienda De Bicicletas La Santa Cleta,bicicletas,49,18.466838,-97.389875,https://mitehuacan.mx/?ruta=16
3,Taller De Bicicleta,bicicletas,53,18.47382,-97.389232,https://mitehuacan.mx/?ruta=16
3,Tienda De Refacciones Para Bicicletas Foxy,bicicletas,81,18.459359,-97.392419,https://mitehuacan.mx/?ruta=16
3,Ciclo Sport Benotto,bicicletas,86,18.460093,-97.390664,https://mitehuacan.mx/?ruta=16
3,Refacciones Para Bicletas Y Bicicletas Foxy,bicicletas,86,18.459444,-97.392546,https://mitehuacan.mx/?ruta=16
3,Bicicletas Y Refacciones Analishia,bicicletas,113,18.459779,-97.392559,https://mitehuacan.mx/?ruta=16
3,Taller De Bicicletas,bicicletas,138,18.471515,-97.377118,https://mitehuacan.mx/?ruta=16
3,Renta De Mesas De Billar Snookball,billar,7,18.463319,-97.391369,https://mitehuacan.mx/?ruta=16
3,Billares Rocker Pool,billar,40,18.462357,-97.389817,https://mitehuacan.mx/?ruta=16
3,Adima Servicios Financieros,caja de ahorro,19,18.460737,-97.392463,https://mitehuacan.mx/?ruta=16
3,Caja Popular Mexicana Sucursal Tehuacan,caja de ahorro,60,18.462504,-97.39202,https://mitehuacan.mx/?ruta=16
3,Caja Zongolica Suc Tehuacan,caja de ahorro,85,18.464838,-97.390248,https://mitehuacan.mx/?ruta=16
3,Caja Universal Cooperativa De Ahorro Y Prestamo,caja de ahorro,110,18.459916,-97.392564,https://mitehuacan.mx/?ruta=16
3,Cancha de Fútbol,cancha,120,18.450651,-97.38949,https://mitehuacan.mx/?ruta=16
3,Casa De Empeño Respuesta Rapida,casa de empeño,1,18.462346,-97.389457,https://mitehuacan.mx/?ruta=16
3,Casa De Empeños Presta Teh,casa de empeño,2,18.462545,-97.389455,https://mitehuacan.mx/?ruta=16
3,Casa De Empeño Prenda Joya,casa de empeño,3,18.460936,-97.392246,https://mitehuacan.mx/?ruta=16
3,Casa De Empeño Casa Prendaria,casa de empeño,4,18.464508,-97.391451,https://mitehuacan.mx/?ruta=16
3,Casa De Empeño De Remate,casa de empeño,4,18.465169,-97.389394,https://mitehuacan.mx/?ruta=16
3,Casa De Empeño La Esperanza,casa de empeño,5,18.464535,-97.389395,https://mitehuacan.mx/?ruta=16
3,Casa De Empeño Prendaval,casa de empeño,5,18.464553,-97.389395,https://mitehuacan.mx/?ruta=16
3,Casa De Empeño Mega Empeños,casa de empeño,7,18.460845,-97.392424,https://mitehuacan.mx/?ruta=16
3,Casa De Empeño Multiventas,casa de empeño,7,18.464504,-97.391347,https://mitehuacan.mx/?ruta=16
3,Casa De Empeño Prenda Lana,casa de empeño,7,18.463319,-97.391369,https://mitehuacan.mx/?ruta=16
3,Casa De Empeño Prestaval,casa de empeño,7,18.462333,-97.391382,https://mitehuacan.mx/?ruta=16
3,Casa De Empeño Real Los Arcos 2,casa de empeño,8,18.456524,-97.392822,https://mitehuacan.mx/?ruta=16
3,Casa De Empeño Surti Empeños,casa de empeño,12,18.462414,-97.389327,https://mitehuacan.mx/?ruta=16
3,Realice Sucursal 4237 Pue,casa de empeño,13,18.462872,-97.391322,https://mitehuacan.mx/?ruta=16
3,Prenda Mex Sucursal 1849 Pue,casa de empeño,14,18.460754,-97.389368,https://mitehuacan.mx/?ruta=16
3,Casa De Empeño Prenda Joya,casa de empeño,15,18.463283,-97.389305,https://mitehuacan.mx/?ruta=16
3,Casa De Empeño Valle De Oro,casa de empeño,17,18.462871,-97.39128,https://mitehuacan.mx/?ruta=16
3,Prendaval,casa de empeño,18,18.460711,-97.390749,https://mitehuacan.mx/?ruta=16
3,Casa De Empeño Ayuda Familiar,casa de empeño,28,18.4736,-97.389421,https://mitehuacan.mx/?ruta=16
3,Empeño Facial Tehuacan,casa de empeño,37,18.462868,-97.391095,https://mitehuacan.mx/?ruta=16
3,Maple Empeños,casa de empeño,79,18.461657,-97.394166,https://mitehuacan.mx/?ruta=16
3,Vision Prendaria Mega Empeño,casa de empeño,104,18.461868,-97.393249,https://mitehuacan.mx/?ruta=16
3,Casa De Empeño Prenda Joya,casa de empeño,129,18.458746,-97.39029,https://mitehuacan.mx/?ruta=16
3,Presta Mas Casa De Empeño,casa de empeño,132,18.475503,-97.386823,https://mitehuacan.mx/?ruta=16
3,Megaempeños,casa de empeño,137,18.462166,-97.393242,https://mitehuacan.mx/?ruta=16
3,Prenda Mex,casa de empeño,137,18.462166,-97.393242,https://mitehuacan.mx/?ruta=16
3,Realice Sucursal 4236 Pue,casa de empeño,146,18.462243,-97.393241,https://mitehuacan.mx/?ruta=16
3,Cerrajeria Ramirez 2,cerrajería,2,18.444104,-97.381209,https://mitehuacan.mx/?ruta=16
3,Cerrajeria Castro,cerrajería,5,18.446617,-97.382213,https://mitehuacan.mx/?ruta=16
3,Cerrajeria El Aguila,cerrajería,5,18.457972,-97.391473,https://mitehuacan.mx/?ruta=16
3,Cerrajeria Mexicana,cerrajería,5,18.464653,-97.389392,https://mitehuacan.mx/?ruta=16
3,Cerrajeria Montoro,cerrajería,6,18.460165,-97.391544,https://mitehuacan.mx/?ruta=16
3,Cerrajeria Imperial,cerrajería,7,18.462541,-97.391381,https://mitehuacan.mx/?ruta=16
3,Servicio De Cerrajeria Cerrajeria Gaba,cerrajería,12,18.462288,-97.38933,https://mitehuacan.mx/?ruta=16
3,Cerrajeria Independencia,cerrajería,21,18.462871,-97.391242,https://mitehuacan.mx/?ruta=16
3,Cerrajeria La Cerrajeria,cerrajería,49,18.461938,-97.390989,https://mitehuacan.mx/?ruta=16
3,Cerrajeria Sin Nombre,cerrajería,76,18.458659,-97.390786,https://mitehuacan.mx/?ruta=16
3,Cerrajeria Arroyo,cerrajería,79,18.460129,-97.389478,https://mitehuacan.mx/?ruta=16
3,Cerrajeria Najera,cerrajería,125,18.471566,-97.392487,https://mitehuacan.mx/?ruta=16
3,Cafetería Morentina,coffee,53,18.463246,-97.390936,https://mitehuacan.mx/?ruta=16
3,Casa Macarena,coffee,139,18.454036,-97.392546,https://mitehuacan.mx/?ruta=16
3,Taqueria el Tizon Sureño,comida,3,18.45872,-97.393782,https://mitehuacan.mx/?ruta=16
3,Pollos Guerrero,comida,4,18.461542,-97.389421,https://mitehuacan.mx/?ruta=16
3,Tacos El Primó,comida,5,18.463791,-97.391472,https://mitehuacan.mx/?ruta=16
3,Cemitas La Poblanita,comida,7,18.463967,-97.391361,https://mitehuacan.mx/?ruta=16
3,Pollos Guerrero,comida,9,18.460788,-97.390676,https://mitehuacan.mx/?ruta=16
3,New York Pizza,comida,27,18.456494,-97.392494,https://mitehuacan.mx/?ruta=16
3,Pizzas iolo,comida,29,18.462976,-97.391165,https://mitehuacan.mx/?ruta=16
3,Yankees Pizzas,comida,57,18.458704,-97.392054,https://mitehuacan.mx/?ruta=16
3,Pizzas Yankees,comida,72,18.461596,-97.394163,https://mitehuacan.mx/?ruta=16
3,Ciber Y Papeleria Piyos,computación,3,18.443371,-97.38923,https://mitehuacan.mx/?ruta=16
3,Internet Sin Nombre,computación,3,18.474132,-97.377583,https://mitehuacan.mx/?ruta=16
3,Cafe Con Aroma De Internet,computación,4,18.464508,-97.391451,https://mitehuacan.mx/?ruta=16
3,Papeleria Dacom,computación,5,18.467184,-97.391322,https://mitehuacan.mx/?ruta=16
3,Internet Sin Nombre,computación,6,18.466577,-97.391328,https://mitehuacan.mx/?ruta=16
3,Ciber Acct,computación,7,18.462269,-97.391382,https://mitehuacan.mx/?ruta=16
3,Videojuegos Game Of War,computación,7,18.447785,-97.383045,https://mitehuacan.mx/?ruta=16
3,Internet Y Papeleria Chenchos Net,computación,8,18.442148,-97.38502,https://mitehuacan.mx/?ruta=16
3,Cibercafe The Site,computación,17,18.465572,-97.389265,https://mitehuacan.mx/?ruta=16
3,Ciber Retro,computación,23,18.448083,-97.383075,https://mitehuacan.mx/?ruta=16
3,Ciber Espress-A-T,computación,26,18.472519,-97.377805,https://mitehuacan.mx/?ruta=16
3,Cyber Sin Nombre,computación,40,18.453479,-97.390942,https://mitehuacan.mx/?ruta=16
3,Cyber Lux,computación,44,18.446244,-97.383611,https://mitehuacan.mx/?ruta=16
3,Informatica Aplicada De Tehuacan,computación,47,18.458979,-97.392407,https://mitehuacan.mx/?ruta=16
3,Internet Del Centro,computación,65,18.461502,-97.392641,https://mitehuacan.mx/?ruta=16
3,Impresiones Pau,computación,98,18.473367,-97.384475,https://mitehuacan.mx/?ruta=16
3,Kaos Renta De Computadoras,computación,98,18.463105,-97.39237,https://mitehuacan.mx/?ruta=16
3,Corporativo Fiscal Magno,contadores,5,18.469708,-97.391283,https://mitehuacan.mx/?ruta=16
3,Despacho Contable Fiscal Sebline,contadores,5,18.466173,-97.391436,https://mitehuacan.mx/?ruta=16
3,Servicios De Contabilidad Y Auditoría Sin Nombre,contadores,5,18.469708,-97.391283,https://mitehuacan.mx/?ruta=16
3,Despacho Contable Sin Nombre,contadores,6,18.456056,-97.391613,https://mitehuacan.mx/?ruta=16
3,Amaro Reyna Y Herrero Consultores,contadores,7,18.460858,-97.392828,https://mitehuacan.mx/?ruta=16
3,Despacho Contable Martinez,contadores,7,18.463482,-97.391363,https://mitehuacan.mx/?ruta=16
3,Despacho Gil Conde,contadores,13,18.45932,-97.394114,https://mitehuacan.mx/?ruta=16
3,Despacho Contable Sin Nombre,contadores,19,18.460755,-97.393382,https://mitehuacan.mx/?ruta=16
3,Despacho Contable Martinez Y Asociados,contadores,36,18.471312,-97.390967,https://mitehuacan.mx/?ruta=16
3,Asesoria Contable Fiscal Y Administrativa,contadores,42,18.447197,-97.383408,https://mitehuacan.mx/?ruta=16
3,Despacho Contable Y Fiscal Sin Nombre,contadores,43,18.458346,-97.39364,https://mitehuacan.mx/?ruta=16
3,Rampah Soluciones Estrategicas,contadores,52,18.458694,-97.392,https://mitehuacan.mx/?ruta=16
3,Despacho Mora Morales,contadores,74,18.469668,-97.392038,https://mitehuacan.mx/?ruta=16
3,Despacho Contable Sin Nombre,contadores,80,18.460204,-97.393422,https://mitehuacan.mx/?ruta=16
3,Aranda Y Asociados Asesores De Negocios,contadores,89,18.455685,-97.39337,https://mitehuacan.mx/?ruta=16
3,Despacho Cap Contadores,contadores,97,18.470037,-97.39225,https://mitehuacan.mx/?ruta=16
3,Inmobiliaria Amin,contadores,97,18.464874,-97.392323,https://mitehuacan.mx/?ruta=16
3,Waldo Alonso Y Asociados,contadores,98,18.46306,-97.392371,https://mitehuacan.mx/?ruta=16
3,Despacho Contable,contadores,102,18.470947,-97.390346,https://mitehuacan.mx/?ruta=16
3,Despacho Contable Y Fiscal Sin Nombre,contadores,133,18.457568,-97.394333,https://mitehuacan.mx/?ruta=16
3,Oficinas De Taller Mecanico Sixto,contadores,137,18.454057,-97.392535,https://mitehuacan.mx/?ruta=16
3,Centro De Copiado Quality Sharp,copias,18,18.46474,-97.389273,https://mitehuacan.mx/?ruta=16
3,Soluciones Digitales Tehuacan,copias,21,18.461115,-97.393295,https://mitehuacan.mx/?ruta=16
3,Quality Copier,copias,22,18.460731,-97.393479,https://mitehuacan.mx/?ruta=16
3,Copias Y Papeleria Hidalgo,copias,54,18.457462,-97.392231,https://mitehuacan.mx/?ruta=16
3,Centro De Copiado Kiwi,copias,56,18.461431,-97.393288,https://mitehuacan.mx/?ruta=16
3,Copias Saraoma,copias,114,18.464877,-97.392484,https://mitehuacan.mx/?ruta=16
3,Copytec Digital,copias,137,18.454435,-97.392835,https://mitehuacan.mx/?ruta=16
3,Venta De Tenis Y Gorras Sin Nombre,deportes,0,18.461215,-97.389468,https://mitehuacan.mx/?ruta=16
3,Clonner Tennis,deportes,1,18.45687,-97.392752,https://mitehuacan.mx/?ruta=16
3,Tienda De Ropa Deportiva Sin Nombre,deportes,1,18.462219,-97.389458,https://mitehuacan.mx/?ruta=16
3,Danna Sports,deportes,4,18.446253,-97.38448,https://mitehuacan.mx/?ruta=16
3,Tienda De Ropa Deportiva Sportworld Factory,deportes,4,18.465359,-97.391443,https://mitehuacan.mx/?ruta=16
3,Tienda De Tennis Señor Tenni,deportes,4,18.46135,-97.391508,https://mitehuacan.mx/?ruta=16
3,Tienda De Ropa Deportiva Ga Mat Sport,deportes,5,18.46659,-97.391432,https://mitehuacan.mx/?ruta=16
3,Compra Venta De Ropa Deportiva Anda Sports,deportes,6,18.46541,-97.391339,https://mitehuacan.mx/?ruta=16
3,Tienda De Articulos Deportivos Montaño,deportes,6,18.459151,-97.391557,https://mitehuacan.mx/?ruta=16
3,Deportes Dialta,deportes,13,18.461184,-97.389343,https://mitehuacan.mx/?ruta=16
3,Tienda De Deportes Atleticos,deportes,14,18.462985,-97.391305,https://mitehuacan.mx/?ruta=16
3,Tienda De Deportes Tehuacan Zona Sport,deportes,15,18.463328,-97.389304,https://mitehuacan.mx/?ruta=16
3,Venta De Ropa Deportiva Para Hombre Sin Nombre,deportes,16,18.460726,-97.390664,https://mitehuacan.mx/?ruta=16
3,Compra Y Venta De Ropa Deportiva Zas Sport,deportes,20,18.46182,-97.389646,https://mitehuacan.mx/?ruta=16
3,Atleticos,deportes,22,18.462986,-97.391234,https://mitehuacan.mx/?ruta=16
3,Compra Venta De Ropa Deportiva Influencers,deportes,30,18.464862,-97.391697,https://mitehuacan.mx/?ruta=16
3,Temo Tenis,deportes,32,18.462997,-97.391741,https://mitehuacan.mx/?ruta=16
3,Zapateria Stop,deportes,36,18.464944,-97.391751,https://mitehuacan.mx/?ruta=16
3,Zapateria Juquilita,deportes,37,18.460536,-97.390664,https://mitehuacan.mx/?ruta=16
3,Venta De Tenis Always Cute,deportes,40,18.460546,-97.392457,https://mitehuacan.mx/?ruta=16
3,Zapateria Tenis Juquilita,deportes,42,18.458668,-97.391109,https://mitehuacan.mx/?ruta=16
3,Atleticos,deportes,42,18.462899,-97.391839,https://mitehuacan.mx/?ruta=16
3,Tieda De Articulos Deportivos Atleticos,deportes,46,18.462888,-97.391877,https://mitehuacan.mx/?ruta=16
3,Venta De Tenis En General Pirma,deportes,61,18.460319,-97.390664,https://mitehuacan.mx/?ruta=16
3,Compra Venta De Articulos Deportivos Lily,deportes,68,18.464835,-97.390085,https://mitehuacan.mx/?ruta=16
3,Zapateria Moda A Tus Pies,deportes,77,18.46158,-97.390195,https://mitehuacan.mx/?ruta=16
3,Articulos Deportivos Barroso,deportes,78,18.460068,-97.390749,https://mitehuacan.mx/?ruta=16
3,Tienda De Ropa Venta Gorras Y Playeras El Chino,deportes,83,18.462859,-97.390654,https://mitehuacan.mx/?ruta=16
3,Venta De Articulos Deportivos Central Deportiva,deportes,86,18.45753,-97.390711,https://mitehuacan.mx/?ruta=16
3,Zapateria Pirma Orange Sport,deportes,87,18.459785,-97.390665,https://mitehuacan.mx/?ruta=16
3,Zapaterias Venta De Tenis,deportes,88,18.459033,-97.390669,https://mitehuacan.mx/?ruta=16
3,Compra Venta De Ropa Deportiva Cory Fit,deportes,95,18.464873,-97.392304,https://mitehuacan.mx/?ruta=16
3,Venta De Playeras Deportivas Sin Nombre,deportes,109,18.459863,-97.389379,https://mitehuacan.mx/?ruta=16
3,Caseta Esquina De La Suerte,deportes,128,18.462915,-97.392654,https://mitehuacan.mx/?ruta=16
3,Compra Venta De Tenis Luna Nueva,deportes,145,18.458634,-97.390133,https://mitehuacan.mx/?ruta=16
3,Venta De Tenis Y Gorras Sin Nombre,deportes,145,18.458634,-97.390142,https://mitehuacan.mx/?ruta=16
3,Zapateria Champions Shoes,deportes,145,18.462254,-97.394142,https://mitehuacan.mx/?ruta=16
3,Pue Six Agencia Tehuacan,depósito,5,18.478579,-97.373629,https://mitehuacan.mx/?ruta=16
3,Cerveceria Merino,depósito,6,18.471567,-97.391361,https://mitehuacan.mx/?ruta=16
3,Pue Six Republica,depósito,11,18.447275,-97.383846,https://mitehuacan.mx/?ruta=16
3,Deposito Cerveceria El Depo,depósito,14,18.468225,-97.389268,https://mitehuacan.mx/?ruta=16
3,Deposito 45 Grados,depósito,90,18.445661,-97.383882,https://mitehuacan.mx/?ruta=16
3,Cantera Heroes De La Independencia,depósito,143,18.453967,-97.392538,https://mitehuacan.mx/?ruta=16
3,Caseta De Venta De Dulces Y Botanas,dulcería,0,18.472364,-97.379299,https://mitehuacan.mx/?ruta=16
3,Dulce Tradicion,dulcería,1,18.456734,-97.392756,https://mitehuacan.mx/?ruta=16
3,Dulceria Walos Express,dulcería,2,18.460626,-97.394197,https://mitehuacan.mx/?ruta=16
3,Venta De Dulces Sin Nombre,dulcería,4,18.478563,-97.376838,https://mitehuacan.mx/?ruta=16
3,Venta De Dulces Tipicos Mueganos El Aguila,dulcería,5,18.457619,-97.39148,https://mitehuacan.mx/?ruta=16
3,Central De Dulces,dulcería,6,18.460563,-97.39154,https://mitehuacan.mx/?ruta=16
3,Dulces Y Piñatas Bello,dulcería,29,18.461948,-97.391178,https://mitehuacan.mx/?ruta=16
3,El Reyno De Dabichos,dulcería,29,18.461948,-97.391178,https://mitehuacan.mx/?ruta=16
3,Venta De Dulces Sin Nombre,dulcería,29,18.461948,-97.391178,https://mitehuacan.mx/?ruta=16
3,Asuka Venta De Materias Primas Y Utensilios Para Reposteria,dulcería,31,18.457965,-97.392444,https://mitehuacan.mx/?ruta=16
3,Miscelanea Sin Nombre,dulcería,58,18.455594,-97.392775,https://mitehuacan.mx/?ruta=16
3,Venta De Dulces Y Refrescos Paola,dulcería,103,18.462091,-97.392426,https://mitehuacan.mx/?ruta=16
3,Dulceria Los Peques,dulcería,104,18.47336,-97.379513,https://mitehuacan.mx/?ruta=16
3,Venta De Dulces Refrescos Y Cigarros,dulcería,105,18.462907,-97.392436,https://mitehuacan.mx/?ruta=16
3,Dulceria Escobedo,dulcería,112,18.45441,-97.392525,https://mitehuacan.mx/?ruta=16
3,Caseta De Parque,dulcería,131,18.462098,-97.392729,https://mitehuacan.mx/?ruta=16
3,Foto Estudio Lumiere,fotografía,4,18.465522,-97.38939,https://mitehuacan.mx/?ruta=16
3,Foto Estudio Noba Digital Servicio De Fotografia,fotografía,4,18.464526,-97.391451,https://mitehuacan.mx/?ruta=16
3,Foto Estudio Nova.,fotografía,4,18.455006,-97.391618,https://mitehuacan.mx/?ruta=16
3,Foto Fujillama,fotografía,4,18.46094,-97.392332,https://mitehuacan.mx/?ruta=16
3,Tienda De Telefonia Distribuidor Autorizado Pamec Telcel,fotografía,6,18.460856,-97.392705,https://mitehuacan.mx/?ruta=16
3,La Feria,fotografía,19,18.461083,-97.392555,https://mitehuacan.mx/?ruta=16
3,Malvaez Selfie Studio,fotografía,23,18.455758,-97.392489,https://mitehuacan.mx/?ruta=16
3,Foto Klick,fotografía,34,18.464863,-97.391735,https://mitehuacan.mx/?ruta=16
3,Estudio Saul Magaña,fotografía,36,18.464934,-97.391068,https://mitehuacan.mx/?ruta=16
3,Estudio Fotografico Pixelar,fotografía,38,18.472039,-97.391655,https://mitehuacan.mx/?ruta=16
3,La Casa De La Plata,fotografía,52,18.458694,-97.392,https://mitehuacan.mx/?ruta=16
3,Foto Estudio Noba Digital Estudio De Fotografia,fotografía,77,18.464951,-97.39214,https://mitehuacan.mx/?ruta=16
3,Video Y Fotografia Sin Nombre,fotografía,92,18.445879,-97.383371,https://mitehuacan.mx/?ruta=16
3,Centro Digital Fotografico,fotografía,99,18.464874,-97.392342,https://mitehuacan.mx/?ruta=16
3,Estudio De Fotos Fujifilm,fotografía,134,18.462713,-97.388158,https://mitehuacan.mx/?ruta=16
3,Foto Studio Mario,fotografía,134,18.464962,-97.39268,https://mitehuacan.mx/?ruta=16
3,Fotoestudio Mario,fotografía,143,18.464951,-97.392762,https://mitehuacan.mx/?ruta=16
3,Frutas Y Verduras Befelseh,frutería,4,18.465024,-97.391446,https://mitehuacan.mx/?ruta=16
3,Frutas Y Verduras Y Abarrotes Doña Francisca,frutería,4,18.44641,-97.384313,https://mitehuacan.mx/?ruta=16
3,Venta De Frutas Frescas Sin Nombre,frutería,4,18.452375,-97.389571,https://mitehuacan.mx/?ruta=16
3,Venta De Frutas Y Verduras Befelseh,frutería,4,18.465024,-97.391446,https://mitehuacan.mx/?ruta=16
3,Verduleria Sin Nombre,frutería,4,18.474772,-97.377507,https://mitehuacan.mx/?ruta=16
3,Polleria Frutas Y Verduras,frutería,5,18.445171,-97.381467,https://mitehuacan.mx/?ruta=16
3,El Expendio,frutería,6,18.457667,-97.391583,https://mitehuacan.mx/?ruta=16
3,Venta De Jitomate,frutería,7,18.461564,-97.391399,https://mitehuacan.mx/?ruta=16
3,Frutas Y Verduras El Rosario,frutería,8,18.456632,-97.392828,https://mitehuacan.mx/?ruta=16
3,Venta De Frutas Y Verduras,frutería,9,18.46079,-97.390563,https://mitehuacan.mx/?ruta=16
3,Frutas Lupe,frutería,29,18.461948,-97.391178,https://mitehuacan.mx/?ruta=16
3,Frutas Y Verduras El Huerto,frutería,29,18.461948,-97.391178,https://mitehuacan.mx/?ruta=16
3,Frutas Y Verduras Irma,frutería,29,18.461948,-97.391178,https://mitehuacan.mx/?ruta=16
3,Frutas Y Verduras La Flor De Tabasco,frutería,29,18.461948,-97.391178,https://mitehuacan.mx/?ruta=16
3,Frutas Y Verduras Sin Nombre,frutería,29,18.461948,-97.391178,https://mitehuacan.mx/?ruta=16
3,Frutas Y Verduras Toya,frutería,29,18.461948,-97.391178,https://mitehuacan.mx/?ruta=16
3,Venta De Abarrotes Y Verduras,frutería,29,18.461948,-97.391178,https://mitehuacan.mx/?ruta=16
3,Venta De Frutas Y Verduras Sin Nombre,frutería,29,18.461948,-97.391178,https://mitehuacan.mx/?ruta=16
3,Venta De Verduras Sin Nombre,frutería,29,18.461948,-97.391178,https://mitehuacan.mx/?ruta=16
3,Venta De Verduras Y Legumbres Piachis,frutería,29,18.461948,-97.391178,https://mitehuacan.mx/?ruta=16
3,Verduleria Las Tres Palomas,frutería,29,18.461948,-97.391178,https://mitehuacan.mx/?ruta=16
3,Verduleria Sin Nombre,frutería,29,18.461948,-97.391178,https://mitehuacan.mx/?ruta=16
3,Verduras Divina Providencia,frutería,29,18.461948,-97.391178,https://mitehuacan.mx/?ruta=16
3,Verduras Sin Nombre,frutería,29,18.461948,-97.391178,https://mitehuacan.mx/?ruta=16
3,Verduras Y Chiles Secos Sin Nombre,frutería,29,18.461948,-97.391178,https://mitehuacan.mx/?ruta=16
3,Verduras Y Frutas Sin Nombre,frutería,29,18.461948,-97.391178,https://mitehuacan.mx/?ruta=16
3,Verduras Y Legumbres Sin Nombre,frutería,29,18.461948,-97.391178,https://mitehuacan.mx/?ruta=16
3,Verduleria San Angel,frutería,35,18.472755,-97.378752,https://mitehuacan.mx/?ruta=16
3,Venta De Jitomate Doña Rodsy,frutería,36,18.442653,-97.384486,https://mitehuacan.mx/?ruta=16
3,Expendio De Jitomate Juquilita,frutería,42,18.473295,-97.380891,https://mitehuacan.mx/?ruta=16
3,Venta De Jitomate Sin Nombre,frutería,50,18.468985,-97.38892,https://mitehuacan.mx/?ruta=16
3,Frutas Y Verduras Agustina,frutería,59,18.446285,-97.383194,https://mitehuacan.mx/?ruta=16
3,Abastecedora Del Campo,frutería,62,18.464815,-97.388852,https://mitehuacan.mx/?ruta=16
3,Venta De Frutas Y Verduras Sin Nombre,frutería,67,18.472425,-97.37742,https://mitehuacan.mx/?ruta=16
3,Frutas Y Verduras Sin Nombre,frutería,71,18.445778,-97.384065,https://mitehuacan.mx/?ruta=16
3,Venta De Jitomate Sin Nombre,frutería,88,18.458655,-97.390673,https://mitehuacan.mx/?ruta=16
3,Venta De Frutas Y Verduras Sin Nombre,frutería,90,18.46898,-97.390249,https://mitehuacan.mx/?ruta=16
3,Venta De Frutas Y Verduras,frutería,92,18.457528,-97.390654,https://mitehuacan.mx/?ruta=16
3,Frutas Dani,frutería,119,18.474811,-97.387679,https://mitehuacan.mx/?ruta=16
3,Frutas Y Verduras El Mercadito,frutería,136,18.44861,-97.384674,https://mitehuacan.mx/?ruta=16
3,Almacen De Verduras Y Frutas Viky,frutería,148,18.471304,-97.392714,https://mitehuacan.mx/?ruta=16
3,Venta De Frutas Y Legumbres Jesus Angel,frutería,148,18.471304,-97.392714,https://mitehuacan.mx/?ruta=16
3,Venta De Frutas Y Verduras Sin Nombre,frutería,148,18.471304,-97.392714,https://mitehuacan.mx/?ruta=16
3,Venta De Verduras Y Frutas Vicky,frutería,148,18.471304,-97.392714,https://mitehuacan.mx/?ruta=16
3,Verduleria Sin Nombre,frutería,148,18.471304,-97.392714,https://mitehuacan.mx/?ruta=16
3,Funerarias Santa Fe,funeraria,5,18.4663,-97.391434,https://mitehuacan.mx/?ruta=16
3,Funerales Santa Fe,funeraria,6,18.46607,-97.391332,https://mitehuacan.mx/?ruta=16
3,Velatorios Y Funerales Jardin,funeraria,6,18.468083,-97.391412,https://mitehuacan.mx/?ruta=16
3,Gasolinera,gasolinera,14,18.441364,-97.380527,https://mitehuacan.mx/?ruta=16
3,Estación De Servicio E06039,gasolinera,39,18.441284,-97.380123,https://mitehuacan.mx/?ruta=16
3,Guarderia Amilu,guardería,74,18.455902,-97.393362,https://mitehuacan.mx/?ruta=16
3,Frutileto,health food,144,18.462251,-97.394131,https://mitehuacan.mx/?ruta=16
3,Sanatorio Sagrado Corazon De Tehuacan,hospital,2,18.460753,-97.394195,https://mitehuacan.mx/?ruta=16
3,Unidad Medica De Tehuacan,hospital,30,18.457042,-97.392462,https://mitehuacan.mx/?ruta=16
3,Clinica San Fernando,hospital,41,18.457564,-97.392351,https://mitehuacan.mx/?ruta=16
3,La Casona,hostel,10,18.468554,-97.391449,https://mitehuacan.mx/?ruta=16
3,emai,hostel,113,18.461045,-97.395234,https://mitehuacan.mx/?ruta=16
3,I.B. Emmanuel,iglesia,16,18.458579,-97.393472,https://mitehuacan.mx/?ruta=16
3,San Francisco,iglesia,74,18.462079,-97.39015,https://mitehuacan.mx/?ruta=16
3,Joyeria Brillante,joyería,4,18.465359,-97.391443,https://mitehuacan.mx/?ruta=16
3,Joyeria R&M,joyería,4,18.464435,-97.391452,https://mitehuacan.mx/?ruta=16
3,Joyeria Reyes,joyería,7,18.462269,-97.391382,https://mitehuacan.mx/?ruta=16
3,Venta De Plata B O,joyería,7,18.457449,-97.391463,https://mitehuacan.mx/?ruta=16
3,Joyeria Arth,joyería,19,18.462984,-97.391257,https://mitehuacan.mx/?ruta=16
3,Joyeria De Acero Sin Nombre,joyería,25,18.460645,-97.390664,https://mitehuacan.mx/?ruta=16
3,Joyeria Casa Virginia,joyería,29,18.461948,-97.391178,https://mitehuacan.mx/?ruta=16
3,Relojeria Casa Virginia,joyería,29,18.461948,-97.391178,https://mitehuacan.mx/?ruta=16
3,Relojeria Murguia,joyería,29,18.461948,-97.391178,https://mitehuacan.mx/?ruta=16
3,Euphoria Jewelry Joyeria Y Accesorios,joyería,31,18.457965,-97.392444,https://mitehuacan.mx/?ruta=16
3,Joyeria La Moneda,joyería,36,18.461944,-97.391112,https://mitehuacan.mx/?ruta=16
3,Relojeria Murguia,joyería,46,18.462058,-97.391023,https://mitehuacan.mx/?ruta=16
3,Joyeria San Francisco,joyería,57,18.462052,-97.390919,https://mitehuacan.mx/?ruta=16
3,Joyeria Mely,joyería,58,18.46296,-97.389987,https://mitehuacan.mx/?ruta=16
3,Relojeria Y Regalos Mary,joyería,59,18.461934,-97.390894,https://mitehuacan.mx/?ruta=16
3,Joyeria Jk,joyería,65,18.461502,-97.392641,https://mitehuacan.mx/?ruta=16
3,Joyeria Osorio,joyería,68,18.464835,-97.390085,https://mitehuacan.mx/?ruta=16
3,Tienda De Acero Sin Nombre,joyería,71,18.462731,-97.390773,https://mitehuacan.mx/?ruta=16
3,Venta De Joyeria Y Pedreria Jalisco,joyería,71,18.461501,-97.390292,https://mitehuacan.mx/?ruta=16
3,Tienda De Relojeria Y Joyeria Kairos,joyería,73,18.462078,-97.390761,https://mitehuacan.mx/?ruta=16
3,Comercio De Regalos Reparacion De Articulos Personales Casa ,joyería,74,18.461789,-97.390759,https://mitehuacan.mx/?ruta=16
3,Venta De Plata Plata Linda,joyería,83,18.462859,-97.390654,https://mitehuacan.mx/?ruta=16
3,Venta De Reaglos Sin Nombre,joyería,83,18.462859,-97.390654,https://mitehuacan.mx/?ruta=16
3,Bodega De Novedades Yani,joyería,96,18.459987,-97.389902,https://mitehuacan.mx/?ruta=16
3,Joyeria Jk,joyería,99,18.46181,-97.392636,https://mitehuacan.mx/?ruta=16
3,Novedades Electronica Y Novedades Mastr,joyería,101,18.462851,-97.390389,https://mitehuacan.mx/?ruta=16
3,Venta De Plata Joyeria Jk,joyería,125,18.458543,-97.39033,https://mitehuacan.mx/?ruta=16
3,Joyeria Y Relojeria El Rubi,joyería,135,18.458504,-97.390238,https://mitehuacan.mx/?ruta=16
3,Centro Joyero Reforma,joyería,149,18.462287,-97.394018,https://mitehuacan.mx/?ruta=16
3,Venta De Carros De Coleccion Sin Nombre,juguetería,4,18.46859,-97.389359,https://mitehuacan.mx/?ruta=16
3,Gamer Store Reparacion De Videojuegos,juguetería,5,18.465621,-97.391441,https://mitehuacan.mx/?ruta=16
3,Tienda De Regalos Alexis,juguetería,5,18.465847,-97.391439,https://mitehuacan.mx/?ruta=16
3,Tienda De Juguetes Nacionales,juguetería,7,18.461717,-97.391394,https://mitehuacan.mx/?ruta=16
3,Juguetes Y Regalos Lagunilla,juguetería,12,18.461863,-97.389341,https://mitehuacan.mx/?ruta=16
3,Novedades Y Regalos Los Peluches,juguetería,14,18.474114,-97.382926,https://mitehuacan.mx/?ruta=16
3,Tienda De Peluches El Gran Peluche,juguetería,18,18.464595,-97.389276,https://mitehuacan.mx/?ruta=16
3,Jugueteria Sin Nombre,juguetería,29,18.461948,-97.391178,https://mitehuacan.mx/?ruta=16
3,Novedades Y Juguetes Sin Nombre,juguetería,29,18.461948,-97.391178,https://mitehuacan.mx/?ruta=16
3,Novedades Y Regalos Sin Nombre,juguetería,29,18.461948,-97.391178,https://mitehuacan.mx/?ruta=16
3,Tienda De Gorras Y Juguetes,juguetería,29,18.461948,-97.391178,https://mitehuacan.mx/?ruta=16
3,Tienda De Novedades Rosita,juguetería,29,18.461948,-97.391178,https://mitehuacan.mx/?ruta=16
3,Venta De Juguetes Sin Nombre,juguetería,29,18.461948,-97.391178,https://mitehuacan.mx/?ruta=16
3,Accesorios Videojuegos Niky Games,juguetería,73,18.46235,-97.390762,https://mitehuacan.mx/?ruta=16
3,Jugueteria La Lagunilla,juguetería,74,18.461671,-97.390759,https://mitehuacan.mx/?ruta=16
3,Novedades Actitud,juguetería,80,18.461583,-97.390365,https://mitehuacan.mx/?ruta=16
3,Novedades Y Accesorios De Mexico,juguetería,88,18.458988,-97.390669,https://mitehuacan.mx/?ruta=16
3,Laboratorio Diagnostico Clinico,laboratorio,0,18.460011,-97.394205,https://mitehuacan.mx/?ruta=16
3,Venta De Uniformes Hospitalarios,laboratorio,1,18.45792,-97.392729,https://mitehuacan.mx/?ruta=16
3,Laboratorio San Angel,laboratorio,3,18.466545,-97.389381,https://mitehuacan.mx/?ruta=16
3,Deposito Dental Universitario,laboratorio,5,18.468585,-97.391301,https://mitehuacan.mx/?ruta=16
3,Laboratorio Clinico Bioclif,laboratorio,5,18.469604,-97.389348,https://mitehuacan.mx/?ruta=16
3,San Antonio Laboratorios,laboratorio,6,18.460877,-97.393719,https://mitehuacan.mx/?ruta=16
3,Centro Radiologico Digital Maxilofacial,laboratorio,7,18.464577,-97.391346,https://mitehuacan.mx/?ruta=16
3,Compra Venta De Uniformes Quirurgicos Monstera Scrub,laboratorio,7,18.463319,-97.391369,https://mitehuacan.mx/?ruta=16
3,Tienda De Productos Dentales Dental Plus,laboratorio,7,18.463319,-97.391369,https://mitehuacan.mx/?ruta=16
3,Deposito Dental Bulas,laboratorio,11,18.458843,-97.393721,https://mitehuacan.mx/?ruta=16
3,Laboratorios Clinicos De Tehuacan,laboratorio,15,18.463283,-97.389305,https://mitehuacan.mx/?ruta=16
3,Uniformes Quirurgicos Rash,laboratorio,15,18.462819,-97.389289,https://mitehuacan.mx/?ruta=16
3,Laboratorios Mycrolab,laboratorio,27,18.458978,-97.393584,https://mitehuacan.mx/?ruta=16
3,Laboratorio Medico Del Chopo Sucursal Tehuacan,laboratorio,30,18.456944,-97.392465,https://mitehuacan.mx/?ruta=16
3,Venta De Uniformes Clinicos Plus,laboratorio,38,18.46099,-97.394522,https://mitehuacan.mx/?ruta=16
3,Deposito Dental,laboratorio,60,18.465881,-97.390828,https://mitehuacan.mx/?ruta=16
3,Laboratorio Labsa,laboratorio,68,18.460999,-97.394811,https://mitehuacan.mx/?ruta=16
3,Laboratorio De Diagnostico Molecular Y Clinico Gen Dna,laboratorio,75,18.46702,-97.39208,https://mitehuacan.mx/?ruta=16
3,Deposito Dental Dentstore,laboratorio,76,18.458659,-97.390787,https://mitehuacan.mx/?ruta=16
3,Laboratorio Clinico Analyzer,laboratorio,81,18.460175,-97.392445,https://mitehuacan.mx/?ruta=16
3,Deposito Dental Sin Nombre,laboratorio,94,18.461778,-97.393376,https://mitehuacan.mx/?ruta=16
3,Quality Laboratorio,laboratorio,98,18.459586,-97.392427,https://mitehuacan.mx/?ruta=16
3,Diagnostica Hidalgo,laboratorio,100,18.455484,-97.393284,https://mitehuacan.mx/?ruta=16
3,Laboratorios De Analisis Clinicos Diagnostica,laboratorio,108,18.46074,-97.388449,https://mitehuacan.mx/?ruta=16
3,Radiologia Y Ultrasonido La Plazuela,laboratorio,132,18.462088,-97.394542,https://mitehuacan.mx/?ruta=16
3,Lavanderia El Jireh 2,lavandería,1,18.445556,-97.385662,https://mitehuacan.mx/?ruta=16
3,Tintoreria Y Lavanderia Suprema,lavandería,2,18.447661,-97.38285,https://mitehuacan.mx/?ruta=16
3,Lavanderia Sin Nombre,lavandería,4,18.474351,-97.386111,https://mitehuacan.mx/?ruta=16
3,Lavanderia Y Planchaduria La Imperial,lavandería,5,18.469731,-97.389349,https://mitehuacan.mx/?ruta=16
3,Tintoreria Suprema,lavandería,5,18.469301,-97.39129,https://mitehuacan.mx/?ruta=16
3,Tintoreria Y Lavanderia La Imperial,lavandería,5,18.469708,-97.391283,https://mitehuacan.mx/?ruta=16
3,Lavanderia Lavamatyc,lavandería,6,18.467142,-97.391426,https://mitehuacan.mx/?ruta=16
3,Lava Jean Tehuacan,lavandería,14,18.467193,-97.389274,https://mitehuacan.mx/?ruta=16
3,Sastreria Emmanuel,lavandería,22,18.457446,-97.391321,https://mitehuacan.mx/?ruta=16
3,Lavanderia Los Alamos,lavandería,26,18.441641,-97.382727,https://mitehuacan.mx/?ruta=16
3,Tintoreria Tehuacan,lavandería,28,18.464819,-97.389175,https://mitehuacan.mx/?ruta=16
3,Lavanderia Orange Cleaners,lavandería,34,18.455987,-97.392957,https://mitehuacan.mx/?ruta=16
3,Lavanderia Zaro,lavandería,38,18.472522,-97.377691,https://mitehuacan.mx/?ruta=16
3,Tintoreria Puebla,lavandería,38,18.462837,-97.389792,https://mitehuacan.mx/?ruta=16
3,Lavanderia Mama Mia,lavandería,43,18.466929,-97.389815,https://mitehuacan.mx/?ruta=16
3,Planchaduria Tipo Industrial Calleja,lavandería,48,18.449338,-97.386293,https://mitehuacan.mx/?ruta=16
3,Lavanderia Y Tintoreria Suprema,lavandería,89,18.474072,-97.38978,https://mitehuacan.mx/?ruta=16
3,Lavanderia Doña Norma,lavandería,95,18.446293,-97.386234,https://mitehuacan.mx/?ruta=16
3,Lavanderia La Magnifica,lavandería,106,18.455427,-97.390449,https://mitehuacan.mx/?ruta=16
3,Lavado De Tennis The Cleaning Style Tehuacan,lavandería,120,18.46101,-97.395299,https://mitehuacan.mx/?ruta=16
3,Lavanderia Perfect Wash,lavandería,120,18.465954,-97.388283,https://mitehuacan.mx/?ruta=16
3,Multiprocesos Textiles Vida,lavandería,135,18.447092,-97.386911,https://mitehuacan.mx/?ruta=16
3,Lavanderia Zapata,lavandería,136,18.475548,-97.386756,https://mitehuacan.mx/?ruta=16
3,Distribuidora Editorial Books Land,librería,6,18.456871,-97.391599,https://mitehuacan.mx/?ruta=16
3,Librolandia de Tehuacán,librería,8,18.464658,-97.391339,https://mitehuacan.mx/?ruta=16
3,Libreria Tehuacan,librería,44,18.461319,-97.393177,https://mitehuacan.mx/?ruta=16
3,Libreria Promade,librería,57,18.466841,-97.389951,https://mitehuacan.mx/?ruta=16
3,Libreria El Arte De Leer,librería,145,18.462005,-97.394981,https://mitehuacan.mx/?ruta=16
3,Restaurante De Mariscos El Coral,mariscos,6,18.458831,-97.391449,https://mitehuacan.mx/?ruta=16
3,Marisqueria Langostino,mariscos,29,18.461948,-97.391178,https://mitehuacan.mx/?ruta=16
3,Marisqueria Las Palmas,mariscos,29,18.461948,-97.391178,https://mitehuacan.mx/?ruta=16
3,Marisqueria Puerto De Alvarado,mariscos,29,18.461948,-97.391178,https://mitehuacan.mx/?ruta=16
3,Pescaderia Puerto De Alvarado,mariscos,29,18.461948,-97.391178,https://mitehuacan.mx/?ruta=16
3,Restaurante De Pescados Y Mariscos El Puerto Piloto,mariscos,29,18.461948,-97.391178,https://mitehuacan.mx/?ruta=16
3,Marisqueria Puerto Escondido,mariscos,65,18.461513,-97.393287,https://mitehuacan.mx/?ruta=16
3,Bodega De Mariqueria Las Palmitas,mariscos,148,18.471304,-97.392714,https://mitehuacan.mx/?ruta=16
3,Pescaderia Y Marisqueria Las Palmas,mariscos,148,18.471304,-97.392714,https://mitehuacan.mx/?ruta=16
3,Tienda De Accesorios Para Mascotas El Canario De Oro,mascotas,0,18.463115,-97.389438,https://mitehuacan.mx/?ruta=16
3,Tienda Para Mascotas El Canario De Oro,mascotas,0,18.461631,-97.389464,https://mitehuacan.mx/?ruta=16
3,Nutrimentos Purina,mascotas,1,18.462219,-97.389458,https://mitehuacan.mx/?ruta=16
3,Acuario Fish Paradise,mascotas,5,18.457302,-97.391484,https://mitehuacan.mx/?ruta=16
3,Plasticos Erandi,mascotas,5,18.458017,-97.391472,https://mitehuacan.mx/?ruta=16
3,Venta De Articulos Para Mascotas Oh My Can,mascotas,5,18.466173,-97.391436,https://mitehuacan.mx/?ruta=16
3,Veterinaria Sarabia,mascotas,5,18.469731,-97.389349,https://mitehuacan.mx/?ruta=16
3,Venta De Accesorios Y Estetica Canina Terra Rep,mascotas,6,18.467114,-97.391426,https://mitehuacan.mx/?ruta=16
3,Veterinaria Trujillo,mascotas,25,18.455947,-97.392078,https://mitehuacan.mx/?ruta=16
3,Tienda De Articulos Para Mascota El Canario De Oro,mascotas,29,18.461948,-97.391178,https://mitehuacan.mx/?ruta=16
3,Consultorio Veterinario Sin Nombre,mascotas,34,18.455471,-97.392431,https://mitehuacan.mx/?ruta=16
3,Venta De Accesorios Para Mascotas Spa Y Pet Shop Mascotiland,mascotas,39,18.458769,-97.391143,https://mitehuacan.mx/?ruta=16
3,Veterinaria Tqa Can,mascotas,53,18.474048,-97.388904,https://mitehuacan.mx/?ruta=16
3,Huesitos Veterinaria,mascotas,71,18.473233,-97.39008,https://mitehuacan.mx/?ruta=16
3,Tienda De Accesorios Para Mascotas Sin Nombre,mascotas,79,18.459597,-97.390751,https://mitehuacan.mx/?ruta=16
3,Acuario Agua Vida,mascotas,106,18.462782,-97.388427,https://mitehuacan.mx/?ruta=16
3,Venta De Alimento Y Accesorios Para Mascotas Animal Track,mascotas,131,18.454138,-97.392533,https://mitehuacan.mx/?ruta=16
3,Compra Venta De Alimentos Y Accesorios Para Aves El Piolin,mascotas,135,18.457807,-97.390242,https://mitehuacan.mx/?ruta=16
3,Veterinaria Sin Nombre,mascotas,140,18.459576,-97.389484,https://mitehuacan.mx/?ruta=16
3,Bodega De Maderas El Nogal Tepole,materiales,114,18.475336,-97.383921,https://mitehuacan.mx/?ruta=16
3,Plastika,mayoreo,0,18.457049,-97.392746,https://mitehuacan.mx/?ruta=16
3,Barradas Refrigeracion Comercial Tehuacan,mayoreo,1,18.459889,-97.394207,https://mitehuacan.mx/?ruta=16
3,Botica Herbolaria San Ildefonso,mayoreo,1,18.458751,-97.393961,https://mitehuacan.mx/?ruta=16
3,Compra Venta De Refrigeradores Refrigeracion Comercial,mayoreo,1,18.459857,-97.394207,https://mitehuacan.mx/?ruta=16
3,Materiales Juquilita,mayoreo,1,18.44264,-97.380657,https://mitehuacan.mx/?ruta=16
3,Tehuacán,mayoreo,1,18.459706,-97.394209,https://mitehuacan.mx/?ruta=16
3,Distribuidora De Huevo Tierra Dorada,mayoreo,3,18.443256,-97.384598,https://mitehuacan.mx/?ruta=16
3,Madereria Teotlalco,mayoreo,3,18.475379,-97.375991,https://mitehuacan.mx/?ruta=16
3,Reciclado Del Centro,mayoreo,3,18.447096,-97.382552,https://mitehuacan.mx/?ruta=16
3,Refacciones Especializadas,mayoreo,3,18.460935,-97.392209,https://mitehuacan.mx/?ruta=16
3,Compra Y Venta De Fierro Viejo Recyclo,mayoreo,4,18.446064,-97.381911,https://mitehuacan.mx/?ruta=16
3,El Nogal Tepole,mayoreo,4,18.47151,-97.39127,https://mitehuacan.mx/?ruta=16
3,El Nogal Tepole,mayoreo,4,18.47122,-97.391271,https://mitehuacan.mx/?ruta=16
3,Mecatronica Inv Inc,mayoreo,4,18.468002,-97.38936,https://mitehuacan.mx/?ruta=16
3,Suministros Graficos De Tehuacan,mayoreo,4,18.465848,-97.389387,https://mitehuacan.mx/?ruta=16
3,Tienda De Tintas Para Imprenta Tinta Y Color Para Las Artes ,mayoreo,4,18.465694,-97.389389,https://mitehuacan.mx/?ruta=16
3,Materiales Para Construccion Y Acabados Mafym,mayoreo,5,18.445852,-97.381784,https://mitehuacan.mx/?ruta=16
3,Pinturas Doal 3 Norte,mayoreo,5,18.466164,-97.391436,https://mitehuacan.mx/?ruta=16
3,Grupo Conpremex,mayoreo,6,18.470389,-97.391377,https://mitehuacan.mx/?ruta=16
3,Venta De Lonas Sanmi,mayoreo,6,18.457097,-97.391594,https://mitehuacan.mx/?ruta=16
3,Venta De Marcos De Madera Marcos Tehuacan,mayoreo,6,18.458681,-97.39145,https://mitehuacan.mx/?ruta=16
3,Agroquimicos Urbania,mayoreo,8,18.458699,-97.394237,https://mitehuacan.mx/?ruta=16
3,Medicine Depot,mayoreo,8,18.458689,-97.394128,https://mitehuacan.mx/?ruta=16
3,Abastecedora Electrica Sin Nombre,mayoreo,10,18.458779,-97.391418,https://mitehuacan.mx/?ruta=16
3,Casa Jimenez De Maquinas De Coser,mayoreo,10,18.458854,-97.394091,https://mitehuacan.mx/?ruta=16
3,Articulos Para El Hogar Dehogar,mayoreo,11,18.45884,-97.393636,https://mitehuacan.mx/?ruta=16
3,Materiales Para Construccion Y Acabados Mafym,mayoreo,12,18.443167,-97.380722,https://mitehuacan.mx/?ruta=16
3,Venta De Focos Y Luminaria Distribuciones Jorrta,mayoreo,12,18.462659,-97.389321,https://mitehuacan.mx/?ruta=16
3,Casa Dany,mayoreo,13,18.459103,-97.394125,https://mitehuacan.mx/?ruta=16
3,Exito,mayoreo,13,18.460324,-97.394074,https://mitehuacan.mx/?ruta=16
3,Proveedora Remco De Tehuacan,mayoreo,23,18.45856,-97.394127,https://mitehuacan.mx/?ruta=16
3,Venta De Huevo Gallina Sin Nombre,mayoreo,25,18.446367,-97.383768,https://mitehuacan.mx/?ruta=16
3,Electronica Politec,mayoreo,29,18.469123,-97.39162,https://mitehuacan.mx/?ruta=16
3,Universal Mexico Central Mx,mayoreo,29,18.458505,-97.394236,https://mitehuacan.mx/?ruta=16
3,Ventade Maquinas Textiles Macointeh,mayoreo,29,18.458506,-97.394128,https://mitehuacan.mx/?ruta=16
3,Venta De Huevo Por Caja O Por Kilo Afrika,mayoreo,30,18.444464,-97.389415,https://mitehuacan.mx/?ruta=16
3,Ferretera Arriaga,mayoreo,31,18.462923,-97.389143,https://mitehuacan.mx/?ruta=16
3,Venta De Refacciones Para Maquinas De Coser Calderi Tehuacan,mayoreo,33,18.458473,-97.394237,https://mitehuacan.mx/?ruta=16
3,Refrigeracion Basculas Y Equipos Comerciales Rebecsa,mayoreo,35,18.458401,-97.393383,https://mitehuacan.mx/?ruta=16
3,Venta De Articulos De Seguridad Industrial Edi Max Extintore,mayoreo,36,18.457023,-97.391193,https://mitehuacan.mx/?ruta=16
3,Envases Y Tapas De Plastico Jisan,mayoreo,41,18.466884,-97.390984,https://mitehuacan.mx/?ruta=16
3,Compra De Desperdicio Social,mayoreo,45,18.464894,-97.389011,https://mitehuacan.mx/?ruta=16
3,Refrigeracion Basculas Y Equipos Comerciales,mayoreo,45,18.458692,-97.391933,https://mitehuacan.mx/?ruta=16
3,Quality Copier,mayoreo,51,18.464932,-97.390926,https://mitehuacan.mx/?ruta=16
3,Recicladora Un Mundo Mejor,mayoreo,52,18.473902,-97.388983,https://mitehuacan.mx/?ruta=16
3,Sinergia Materiales Publicitarios,mayoreo,57,18.466878,-97.390832,https://mitehuacan.mx/?ruta=16
3,Distribuciones Diana De Puebla Envases De Plastico,mayoreo,63,18.45447,-97.390235,https://mitehuacan.mx/?ruta=16
3,Tienda De Refacciones Agromaq Del Sur,mayoreo,64,18.458796,-97.392129,https://mitehuacan.mx/?ruta=16
3,Madereria La Casa Del Carpintero,mayoreo,65,18.474314,-97.388523,https://mitehuacan.mx/?ruta=16
3,Comercializadora De Fertilizantes Zero,mayoreo,66,18.469059,-97.391972,https://mitehuacan.mx/?ruta=16
3,Materiales Reyes,mayoreo,68,18.460998,-97.394806,https://mitehuacan.mx/?ruta=16
3,Materiales Para Construccion Juquilia,mayoreo,80,18.474569,-97.375961,https://mitehuacan.mx/?ruta=16
3,Sala De Exhibicion De Circulo B,mayoreo,83,18.462859,-97.390654,https://mitehuacan.mx/?ruta=16
3,Bodega De Musical Sinfonia,mayoreo,85,18.460078,-97.389897,https://mitehuacan.mx/?ruta=16
3,Compra De Materiales Reciclados Sin Nombre,mayoreo,93,18.448645,-97.383379,https://mitehuacan.mx/?ruta=16
3,Epocsy Art Mexico,mayoreo,98,18.454366,-97.389745,https://mitehuacan.mx/?ruta=16
3,Materiales Tochapa,mayoreo,101,18.479631,-97.376616,https://mitehuacan.mx/?ruta=16
3,Gnava Electroconstructora Bodega,mayoreo,103,18.471612,-97.392275,https://mitehuacan.mx/?ruta=16
3,Recicladora De Aceros Y Metales Un Mundo Mejor,mayoreo,117,18.455425,-97.390326,https://mitehuacan.mx/?ruta=16
3,Reciclatet,mayoreo,117,18.475068,-97.387462,https://mitehuacan.mx/?ruta=16
3,Electronica Vega,mayoreo,120,18.457422,-97.390392,https://mitehuacan.mx/?ruta=16
3,Compra Venta De Fierro Usado,mayoreo,127,18.476277,-97.37463,https://mitehuacan.mx/?ruta=16
3,Super Naturista,mayoreo,138,18.462191,-97.394022,https://mitehuacan.mx/?ruta=16
3,Madelara,mayoreo,146,18.473618,-97.391241,https://mitehuacan.mx/?ruta=16
3,Venta De Maquinaria Usada Sin Nombre,mayoreo,148,18.455586,-97.393983,https://mitehuacan.mx/?ruta=16
3,Mercado 16 de Marzo,mercado,42,18.461411,-97.391067,https://mitehuacan.mx/?ruta=16
3,Merceria Y Boneteria,mercería,1,18.478603,-97.376897,https://mitehuacan.mx/?ruta=16
3,Merceria Javier Heriberto Velasco Recio,mercería,2,18.458724,-97.393156,https://mitehuacan.mx/?ruta=16
3,Boneteria La Teresita,mercería,4,18.461621,-97.391501,https://mitehuacan.mx/?ruta=16
3,Tienda De Estambres Juguetes Y Revistas Sin Nombre,mercería,4,18.46154,-97.391503,https://mitehuacan.mx/?ruta=16
3,Estambres El Gato,mercería,5,18.46278,-97.39149,https://mitehuacan.mx/?ruta=16
3,El Globito,mercería,6,18.458382,-97.391574,https://mitehuacan.mx/?ruta=16
3,Entre Costuras Merceria,mercería,6,18.458509,-97.391574,https://mitehuacan.mx/?ruta=16
3,Merceria Y Jugueteria El Leon,mercería,8,18.460817,-97.391645,https://mitehuacan.mx/?ruta=16
3,El Globito,mercería,17,18.463771,-97.389291,https://mitehuacan.mx/?ruta=16
3,Venta De Boneteria Sin Nombre,mercería,21,18.461951,-97.391254,https://mitehuacan.mx/?ruta=16
3,Venta De Cierres Y Botones Creaciones Andy,mercería,21,18.458578,-97.394127,https://mitehuacan.mx/?ruta=16
3,Venta De Hilos Y Avios Dura Avios,mercería,22,18.458796,-97.394472,https://mitehuacan.mx/?ruta=16
3,Estambres Rosy,mercería,28,18.472224,-97.391543,https://mitehuacan.mx/?ruta=16
3,Hilos Y Cordeles San Pablo,mercería,29,18.458673,-97.391232,https://mitehuacan.mx/?ruta=16
3,Tienda De Merceria Y Ropa De Bebe Sin Nombre,mercería,29,18.461948,-97.391178,https://mitehuacan.mx/?ruta=16
3,Herbolaria Y Cosmetica Artesanal,mercería,45,18.466979,-97.390952,https://mitehuacan.mx/?ruta=16
3,Comercializadora Reforma,mercería,51,18.45831,-97.394238,https://mitehuacan.mx/?ruta=16
3,Estambres El Patito,mercería,79,18.459416,-97.390752,https://mitehuacan.mx/?ruta=16
3,Merceria Telas Del Centro,mercería,111,18.457765,-97.394258,https://mitehuacan.mx/?ruta=16
3,Hilos Lobo,mercería,139,18.457511,-97.394165,https://mitehuacan.mx/?ruta=16
3,Moto Garage,motos,2,18.443629,-97.381033,https://mitehuacan.mx/?ruta=16
3,Tienda De Accesorios Para Motoslux,motos,3,18.446934,-97.382466,https://mitehuacan.mx/?ruta=16
3,Centro De Servicios Italika,motos,4,18.442073,-97.380467,https://mitehuacan.mx/?ruta=16
3,Dinamo Sucursal Tehuacan Puebla,motos,5,18.464359,-97.3894,https://mitehuacan.mx/?ruta=16
3,Moto Max,motos,17,18.472454,-97.391062,https://mitehuacan.mx/?ruta=16
3,Distribuidora Italika,motos,47,18.466912,-97.391818,https://mitehuacan.mx/?ruta=16
3,Aeva Motos,motos,49,18.454371,-97.390324,https://mitehuacan.mx/?ruta=16
3,7103 Ekt Motos Tehuacan,motos,53,18.460904,-97.394669,https://mitehuacan.mx/?ruta=16
3,Taller De Motos Sin Nombre,motos,73,18.474372,-97.388644,https://mitehuacan.mx/?ruta=16
3,Tienda De Refacciones Y Accesorios Para Motos De Los Angeles,motos,77,18.459314,-97.392418,https://mitehuacan.mx/?ruta=16
3,Motocicletas Dinamo Taller,motos,88,18.464878,-97.388603,https://mitehuacan.mx/?ruta=16
3,Refaccionaria Arellano,motos,102,18.471119,-97.390342,https://mitehuacan.mx/?ruta=16
3,Moto Servicio Dunlop,motos,106,18.466844,-97.388404,https://mitehuacan.mx/?ruta=16
3,Taller De Motos Sin Nombre,motos,116,18.474842,-97.387634,https://mitehuacan.mx/?ruta=16
3,Taller De Motos Juquila,motos,120,18.449219,-97.385347,https://mitehuacan.mx/?ruta=16
3,Taller De Motos Maui,motos,123,18.475334,-97.387151,https://mitehuacan.mx/?ruta=16
3,Moto Servicio Refacciones Tehuacan,motos,142,18.473158,-97.392137,https://mitehuacan.mx/?ruta=16
3,Motocicletas Italika Distribuidor,motos,145,18.457456,-97.394168,https://mitehuacan.mx/?ruta=16
3,Choco Paletas,nieves,21,18.461061,-97.390667,https://mitehuacan.mx/?ruta=16
3,Neveria Y Heladeria La Michoacana,nieves,31,18.457543,-97.391232,https://mitehuacan.mx/?ruta=16
3,La flor del desierto,nieves,34,18.458158,-97.392406,https://mitehuacan.mx/?ruta=16
3,Venta De Helados Y Paletas Sin Nombre,nieves,62,18.449537,-97.386285,https://mitehuacan.mx/?ruta=16
3,Papeleria Y Neveria La Michoacana,nieves,72,18.46244,-97.390763,https://mitehuacan.mx/?ruta=16
3,Paleteria La Michoacana,nieves,90,18.462857,-97.390588,https://mitehuacan.mx/?ruta=16
3,Notaria N 5,notaría,2,18.460699,-97.394196,https://mitehuacan.mx/?ruta=16
3,Contratos Mercantiles Corredor Publico Numero 3,notaría,77,18.460215,-97.392575,https://mitehuacan.mx/?ruta=16
3,Auxiliar De La Notaria Numero 2,notaría,78,18.460206,-97.392575,https://mitehuacan.mx/?ruta=16
3,Correduria Publica Numero 5,notaría,78,18.460206,-97.392575,https://mitehuacan.mx/?ruta=16
3,Notaria Publica Numero 2,notaría,78,18.460206,-97.392575,https://mitehuacan.mx/?ruta=16
3,Sin Esperar Servicio De Reparto,paquetería,52,18.458694,-97.392,https://mitehuacan.mx/?ruta=16
3,Scm Operaciones Pba,paquetería,87,18.466866,-97.390551,https://mitehuacan.mx/?ruta=16
3,Parque Av Pastor Rouaix,parque,8,18.451624,-97.388715,https://mitehuacan.mx/?ruta=16
3,Rotonda Sarabia,parque,19,18.472346,-97.391334,https://mitehuacan.mx/?ruta=16
3,Parque Juárez,parque,126,18.462417,-97.392642,https://mitehuacan.mx/?ruta=16
3,Parque Paseo Hidalgo,parque,132,18.454291,-97.392669,https://mitehuacan.mx/?ruta=16
3,Tienda De Perfumes Y Esencias Inspiracion,perfumería,2,18.462717,-97.389454,https://mitehuacan.mx/?ruta=16
3,Perfumes Bravos,perfumería,4,18.465313,-97.391444,https://mitehuacan.mx/?ruta=16
3,Perfumes Y Esencias Hans Collection,perfumería,6,18.458183,-97.391574,https://mitehuacan.mx/?ruta=16
3,Tienda De Perfumes Fragance,perfumería,6,18.459848,-97.391547,https://mitehuacan.mx/?ruta=16
3,Compra Venta De Maquillaje Y Accesorios,perfumería,7,18.463319,-97.391369,https://mitehuacan.mx/?ruta=16
3,Distribuidora Jafra,perfumería,7,18.463319,-97.391369,https://mitehuacan.mx/?ruta=16
3,F160 Puebla 22. Tehuacan Puebla Fraiche,perfumería,8,18.46082,-97.39174,https://mitehuacan.mx/?ruta=16
3,Oficina De Jafra,perfumería,12,18.461311,-97.389346,https://mitehuacan.mx/?ruta=16
3,Venta De Cosmeticos Despacho 8 Sin Nombre,perfumería,12,18.461293,-97.389346,https://mitehuacan.mx/?ruta=16
3,Novedades Karina,perfumería,13,18.461799,-97.389342,https://mitehuacan.mx/?ruta=16
3,Venta De Cosmeticos Magic Glam,perfumería,17,18.458677,-97.391345,https://mitehuacan.mx/?ruta=16
3,Tienda De Articulos De Belleza Bissu,perfumería,25,18.462067,-97.391222,https://mitehuacan.mx/?ruta=16
3,Nails Cosmetics Tehuacan,perfumería,28,18.46491,-97.389703,https://mitehuacan.mx/?ruta=16
3,Oficina De Mary Kay,perfumería,32,18.465753,-97.391695,https://mitehuacan.mx/?ruta=16
3,Venta De Maquillaje Y Juguetes,perfumería,35,18.472596,-97.391257,https://mitehuacan.mx/?ruta=16
3,Distribuidora Kuull,perfumería,41,18.460559,-97.393491,https://mitehuacan.mx/?ruta=16
3,Centro De Distribucion Zermat,perfumería,42,18.461294,-97.392644,https://mitehuacan.mx/?ruta=16
3,Venta De Accesorios Para Uñas Y Cosmeticos Georgia,perfumería,55,18.461555,-97.388943,https://mitehuacan.mx/?ruta=16
3,Tienda De Productos De Belleza Kaprich,perfumería,61,18.462051,-97.390881,https://mitehuacan.mx/?ruta=16
3,Venta De Cosmeticos Y Accesorios,perfumería,62,18.460278,-97.389477,https://mitehuacan.mx/?ruta=16
3,Tienda De Articulos De Belleza Karina,perfumería,69,18.461929,-97.390799,https://mitehuacan.mx/?ruta=16
3,Bodega De Articulos De Belleza Kaprich,perfumería,71,18.461501,-97.390292,https://mitehuacan.mx/?ruta=16
3,Bodega De Articulos Para Belleza Kaprich,perfumería,71,18.461501,-97.390292,https://mitehuacan.mx/?ruta=16
3,Bodega De Kaprich,perfumería,71,18.461501,-97.390292,https://mitehuacan.mx/?ruta=16
3,Productos De Belleza Sin Nombre,perfumería,71,18.461501,-97.390292,https://mitehuacan.mx/?ruta=16
3,Tienda De Cosmeticos Mi Central De Mayoreo,perfumería,72,18.462631,-97.390767,https://mitehuacan.mx/?ruta=16
3,Articulos Para Velleza Estilos,perfumería,83,18.462859,-97.390654,https://mitehuacan.mx/?ruta=16
3,Bodega De Articulos De Belleza Circulo B,perfumería,83,18.462859,-97.390654,https://mitehuacan.mx/?ruta=16
3,Tienda De Articulos De Belleza Circulo B,perfumería,83,18.462859,-97.390654,https://mitehuacan.mx/?ruta=16
3,Cosmeticos Accesorios Y Algo Mas Buva,perfumería,84,18.461686,-97.390664,https://mitehuacan.mx/?ruta=16
3,Venta De Material Para Uñas Sin Nombre,perfumería,85,18.465883,-97.39023,https://mitehuacan.mx/?ruta=16
3,Tienda De Uñas Sublime,perfumería,100,18.457704,-97.393686,https://mitehuacan.mx/?ruta=16
3,Distribuidora De Tintes Kulver,perfumería,102,18.459924,-97.389378,https://mitehuacan.mx/?ruta=16
3,Plaza Kristal Tehuacán,plaza,92,18.462826,-97.390568,https://mitehuacan.mx/?ruta=16
3,Polleria Cid,pollería,0,18.445773,-97.385389,https://mitehuacan.mx/?ruta=16
3,Polleria Tanis,pollería,1,18.474256,-97.3836,https://mitehuacan.mx/?ruta=16
3,Distribuidora Avicola Marijo,pollería,2,18.472786,-97.388304,https://mitehuacan.mx/?ruta=16
3,Polleria Ximena,pollería,2,18.472318,-97.381408,https://mitehuacan.mx/?ruta=16
3,Polleria Sagat,pollería,3,18.46621,-97.389384,https://mitehuacan.mx/?ruta=16
3,Venta De Pollo Chabelita,pollería,3,18.474342,-97.385059,https://mitehuacan.mx/?ruta=16
3,Polleria Da Vinci,pollería,4,18.477677,-97.375926,https://mitehuacan.mx/?ruta=16
3,Super Polleria,pollería,4,18.472588,-97.378017,https://mitehuacan.mx/?ruta=16
3,Polleria Angel,pollería,5,18.468921,-97.391296,https://mitehuacan.mx/?ruta=16
3,Polleria La Paz,pollería,5,18.464418,-97.389399,https://mitehuacan.mx/?ruta=16
3,Venta De Pollo Gold Chicken,pollería,5,18.467672,-97.391317,https://mitehuacan.mx/?ruta=16
3,Venta De Pollo Para Su Venta Sin Nombre,pollería,6,18.444927,-97.388613,https://mitehuacan.mx/?ruta=16
3,Polleria Brisa,pollería,13,18.447119,-97.384955,https://mitehuacan.mx/?ruta=16
3,Polleria Dami,pollería,13,18.478056,-97.376783,https://mitehuacan.mx/?ruta=16
3,Polleria Bezaleel,pollería,22,18.457455,-97.391738,https://mitehuacan.mx/?ruta=16
3,Polleria Abi,pollería,29,18.461948,-97.391178,https://mitehuacan.mx/?ruta=16
3,Polleria Adris,pollería,29,18.461948,-97.391178,https://mitehuacan.mx/?ruta=16
3,Polleria Alex,pollería,29,18.461948,-97.391178,https://mitehuacan.mx/?ruta=16
3,Polleria Anita,pollería,29,18.461948,-97.391178,https://mitehuacan.mx/?ruta=16
3,Polleria Conchita,pollería,29,18.461948,-97.391178,https://mitehuacan.mx/?ruta=16
3,Polleria Don Pollo,pollería,29,18.461948,-97.391178,https://mitehuacan.mx/?ruta=16
3,Polleria El Pilar,pollería,29,18.461948,-97.391178,https://mitehuacan.mx/?ruta=16
3,Polleria El Pollo Feliz,pollería,29,18.461948,-97.391178,https://mitehuacan.mx/?ruta=16
3,Polleria El Rosario,pollería,29,18.461948,-97.391178,https://mitehuacan.mx/?ruta=16
3,Polleria El Tete,pollería,29,18.461948,-97.391178,https://mitehuacan.mx/?ruta=16
3,Polleria Juquilita,pollería,29,18.461948,-97.391178,https://mitehuacan.mx/?ruta=16
3,Polleria Karla,pollería,29,18.461948,-97.391178,https://mitehuacan.mx/?ruta=16
3,Polleria Lucy,pollería,29,18.461948,-97.391178,https://mitehuacan.mx/?ruta=16
3,Polleria Lupita,pollería,29,18.461948,-97.391178,https://mitehuacan.mx/?ruta=16
3,Polleria Maru,pollería,29,18.461948,-97.391178,https://mitehuacan.mx/?ruta=16
3,Polleria Oralia,pollería,29,18.461948,-97.391178,https://mitehuacan.mx/?ruta=16
3,Polleria Pollo Travieso,pollería,29,18.461948,-97.391178,https://mitehuacan.mx/?ruta=16
3,Polleria Teresita,pollería,29,18.461948,-97.391178,https://mitehuacan.mx/?ruta=16
3,Polleria Crudi Pollo,pollería,41,18.462954,-97.389826,https://mitehuacan.mx/?ruta=16
3,Polleria Lulu,pollería,48,18.469014,-97.390893,https://mitehuacan.mx/?ruta=16
3,Polleria Feli,pollería,49,18.473929,-97.388944,https://mitehuacan.mx/?ruta=16
3,Polleria Gacs,pollería,61,18.446227,-97.381394,https://mitehuacan.mx/?ruta=16
3,Compra Venta De Pollo Doña Georgina,pollería,69,18.444772,-97.389743,https://mitehuacan.mx/?ruta=16
3,Elaboracion De Tortillas Hechas A Mano Y Miscelanea Sin Nomb,pollería,69,18.444943,-97.389716,https://mitehuacan.mx/?ruta=16
3,Miscelanea Y Polleria Silvia,pollería,72,18.443016,-97.390022,https://mitehuacan.mx/?ruta=16
3,Venta De Pollo Por Piezas Rous,pollería,73,18.446173,-97.382896,https://mitehuacan.mx/?ruta=16
3,Compra Venta De Pollo Fresco,pollería,79,18.465962,-97.390645,https://mitehuacan.mx/?ruta=16
3,Polleria Sarabia,pollería,82,18.47338,-97.390186,https://mitehuacan.mx/?ruta=16
3,Polleria Armandos,pollería,91,18.447612,-97.381832,https://mitehuacan.mx/?ruta=16
3,Venta De Pollo Sin Nombre,pollería,95,18.475165,-97.383822,https://mitehuacan.mx/?ruta=16
3,Polleria Del Valle,pollería,97,18.471763,-97.377403,https://mitehuacan.mx/?ruta=16
3,Polleria Imelda,pollería,99,18.455361,-97.390486,https://mitehuacan.mx/?ruta=16
3,Polleria El Shaddai,pollería,111,18.470288,-97.392378,https://mitehuacan.mx/?ruta=16
3,Polleria Kos,pollería,114,18.474259,-97.375833,https://mitehuacan.mx/?ruta=16
3,Venta De Pollo Fresco Sin Nombre,pollería,121,18.460825,-97.388323,https://mitehuacan.mx/?ruta=16
3,Venta De Pollo Fresco Sin Nombre,pollería,138,18.460819,-97.388162,https://mitehuacan.mx/?ruta=16
3,Polleria Sarita,pollería,145,18.448206,-97.381583,https://mitehuacan.mx/?ruta=16
3,Carniceria Y Polleria Maribel,pollería,148,18.471304,-97.392714,https://mitehuacan.mx/?ruta=16
3,Polleria Bon Chicken,pollería,148,18.471304,-97.392714,https://mitehuacan.mx/?ruta=16
3,Polleria Bonchiken,pollería,148,18.471304,-97.392714,https://mitehuacan.mx/?ruta=16
3,Polleria Carmelita,pollería,148,18.471304,-97.392714,https://mitehuacan.mx/?ruta=16
3,Polleria Delgado,pollería,148,18.471304,-97.392714,https://mitehuacan.mx/?ruta=16
3,Polleria Martita,pollería,148,18.471304,-97.392714,https://mitehuacan.mx/?ruta=16
3,Polleria Rosy,pollería,148,18.471304,-97.392714,https://mitehuacan.mx/?ruta=16
3,Polleria Sin Nombre,pollería,148,18.471304,-97.392714,https://mitehuacan.mx/?ruta=16
3,Publicidad Creactiva,publicidad,3,18.445959,-97.381988,https://mitehuacan.mx/?ruta=16
3,Agencia De Publicidad Publi Max,publicidad,40,18.458409,-97.394237,https://mitehuacan.mx/?ruta=16
3,Publicidad Print Center,publicidad,92,18.458881,-97.395133,https://mitehuacan.mx/?ruta=16
3,Ok Publicidad,publicidad,120,18.464878,-97.39255,https://mitehuacan.mx/?ruta=16
3,Tienda De Abarrotes Andrea,purificadora,7,18.462669,-97.391381,https://mitehuacan.mx/?ruta=16
3,Venta De Dulces Sin Nombre,purificadora,12,18.461256,-97.389345,https://mitehuacan.mx/?ruta=16
3,Bodega De Refresco Sin Nombre,purificadora,29,18.461948,-97.391178,https://mitehuacan.mx/?ruta=16
3,Venta Refrescos Sin Nombre,purificadora,55,18.461575,-97.388942,https://mitehuacan.mx/?ruta=16
3,Miscelanea Bety,purificadora,75,18.471308,-97.392021,https://mitehuacan.mx/?ruta=16
3,Venta De Dulces Y Refrescos,purificadora,78,18.475024,-97.386609,https://mitehuacan.mx/?ruta=16
3,Compra Venta De Jugos Refrescos Y Dulces Ponce,purificadora,80,18.462968,-97.390195,https://mitehuacan.mx/?ruta=16
3,Tienda De Refrescos La China,purificadora,104,18.463055,-97.390421,https://mitehuacan.mx/?ruta=16
3,Tendajon Sin Nombre,purificadora,112,18.473853,-97.390328,https://mitehuacan.mx/?ruta=16
3,Novedades Bodega De Mayoreo,regalos,0,18.461658,-97.389463,https://mitehuacan.mx/?ruta=16
3,Novedades Sin Nombre,regalos,0,18.461396,-97.389466,https://mitehuacan.mx/?ruta=16
3,Tienda De Regalos Shantal,regalos,0,18.458748,-97.393848,https://mitehuacan.mx/?ruta=16
3,Venta De Novedades Relojeria Cano,regalos,0,18.461731,-97.389463,https://mitehuacan.mx/?ruta=16
3,Novedades Alis,regalos,1,18.462011,-97.38946,https://mitehuacan.mx/?ruta=16
3,Venta De Regalos Y Novedades Theots,regalos,1,18.458662,-97.392716,https://mitehuacan.mx/?ruta=16
3,Sweet And Delicius,regalos,2,18.458726,-97.393203,https://mitehuacan.mx/?ruta=16
3,Chacharas Y Novedades,regalos,3,18.460912,-97.391156,https://mitehuacan.mx/?ruta=16
3,Gpekas,regalos,3,18.460935,-97.392209,https://mitehuacan.mx/?ruta=16
3,Papeleria Y Regalos,regalos,3,18.474259,-97.377585,https://mitehuacan.mx/?ruta=16
3,Compra De Articulos Para Fiestas Party Sofi,regalos,4,18.463724,-97.389418,https://mitehuacan.mx/?ruta=16
3,Regalitos Y Algo Mas,regalos,4,18.475376,-97.377262,https://mitehuacan.mx/?ruta=16
3,Regalos Aladino,regalos,4,18.461386,-97.391507,https://mitehuacan.mx/?ruta=16
3,Tienda De Regalos Sin Nombre,regalos,4,18.467893,-97.38936,https://mitehuacan.mx/?ruta=16
3,Venta De Novedades Sin Nombre,regalos,4,18.458651,-97.39147,https://mitehuacan.mx/?ruta=16
3,Detalles Y Regalos Chemms,regalos,5,18.46922,-97.391292,https://mitehuacan.mx/?ruta=16
3,Tienda De Novedades,regalos,6,18.456844,-97.3916,https://mitehuacan.mx/?ruta=16
3,Tienda De Novedades Tehuacan,regalos,6,18.460029,-97.391545,https://mitehuacan.mx/?ruta=16
3,Novedades Alexandra,regalos,7,18.460839,-97.392307,https://mitehuacan.mx/?ruta=16
3,Tienda De Regalos Ortenzia,regalos,7,18.463319,-97.391369,https://mitehuacan.mx/?ruta=16
3,Venta De Peluches Y Novedades Maggy,regalos,7,18.462269,-97.391382,https://mitehuacan.mx/?ruta=16
3,Bodega De Novedades Yani,regalos,8,18.460808,-97.391283,https://mitehuacan.mx/?ruta=16
3,Tienda De Novedades Sin Nombre,regalos,8,18.460806,-97.391217,https://mitehuacan.mx/?ruta=16
3,Tienda De Regalos Kenval,regalos,8,18.460808,-97.391283,https://mitehuacan.mx/?ruta=16
3,Novedades Yanni,regalos,9,18.460799,-97.39097,https://mitehuacan.mx/?ruta=16
3,Regalo Magico Tehuacan,regalos,12,18.461274,-97.389346,https://mitehuacan.mx/?ruta=16
3,Venta De Accesorios Varios Centro Mayorista,regalos,12,18.46265,-97.389321,https://mitehuacan.mx/?ruta=16
3,Plaza China,regalos,13,18.460378,-97.394072,https://mitehuacan.mx/?ruta=16
3,Venta De Juguetes Regalos Y Articulos De Toda Temporada Sono,regalos,13,18.46122,-97.389344,https://mitehuacan.mx/?ruta=16
3,Tienda De Novedades Tula,regalos,14,18.468678,-97.389265,https://mitehuacan.mx/?ruta=16
3,Tienda De Articulos Para Fiesta Deseo Globos,regalos,17,18.464908,-97.389599,https://mitehuacan.mx/?ruta=16
3,Regalos Rossy,regalos,21,18.461129,-97.394062,https://mitehuacan.mx/?ruta=16
3,Tienda De Regalos El Bazarcito,regalos,23,18.442371,-97.389661,https://mitehuacan.mx/?ruta=16
3,Regalos De Corazon,regalos,27,18.457455,-97.391785,https://mitehuacan.mx/?ruta=16
3,Novedades Sin Nombre,regalos,29,18.461948,-97.391178,https://mitehuacan.mx/?ruta=16
3,Novedades Y Articulos De Temporada Sin Nombre,regalos,29,18.461948,-97.391178,https://mitehuacan.mx/?ruta=16
3,Novedades Y Regalos Sin Nombre,regalos,30,18.457757,-97.392448,https://mitehuacan.mx/?ruta=16
3,Monerias Y Detalles,regalos,31,18.461192,-97.392553,https://mitehuacan.mx/?ruta=16
3,Venta De Regalos Sin Nombre,regalos,31,18.470294,-97.391619,https://mitehuacan.mx/?ruta=16
3,Regalos Y Detalles Cocoy,regalos,32,18.461204,-97.392646,https://mitehuacan.mx/?ruta=16
3,Venta De Articulos De Temporada Sin Nombre,regalos,33,18.461558,-97.389152,https://mitehuacan.mx/?ruta=16
3,Jugueteria Y Novedades Angelito,regalos,38,18.460527,-97.390664,https://mitehuacan.mx/?ruta=16
3,Novedades Y Regalos Michelle,regalos,38,18.473328,-97.389771,https://mitehuacan.mx/?ruta=16
3,Tienda De Regalos Y Novedades Alix Fashion,regalos,41,18.458768,-97.391124,https://mitehuacan.mx/?ruta=16
3,Venta De Novedades Sin Nombre,regalos,43,18.45348,-97.39098,https://mitehuacan.mx/?ruta=16
3,Casa Athie,regalos,45,18.461318,-97.392551,https://mitehuacan.mx/?ruta=16
3,Tienda De Accesorios H Y G,regalos,46,18.460492,-97.392456,https://mitehuacan.mx/?ruta=16
3,Tienda De Novedades Sin Nombre,regalos,46,18.458799,-97.392309,https://mitehuacan.mx/?ruta=16
3,Novedades Key,regalos,47,18.458666,-97.391061,https://mitehuacan.mx/?ruta=16
3,Venta De Regalos,regalos,50,18.474762,-97.38454,https://mitehuacan.mx/?ruta=16
3,Tienda De Novedades Coquette,regalos,51,18.458765,-97.391029,https://mitehuacan.mx/?ruta=16
3,Novedades Rossinova,regalos,52,18.458694,-97.392,https://mitehuacan.mx/?ruta=16
3,Regalos Y Novedades Para Ti Susana,regalos,52,18.446313,-97.38329,https://mitehuacan.mx/?ruta=16
3,Articulos Y Novedades Vero,regalos,58,18.460346,-97.390664,https://mitehuacan.mx/?ruta=16
3,Tienda De Globos Globimagic,regalos,58,18.464834,-97.38999,https://mitehuacan.mx/?ruta=16
3,Papeleria Miky,regalos,62,18.468917,-97.388809,https://mitehuacan.mx/?ruta=16
3,Tienda De Regalos Sin Nombre,regalos,62,18.473687,-97.384618,https://mitehuacan.mx/?ruta=16
3,La Casita,regalos,63,18.465881,-97.390799,https://mitehuacan.mx/?ruta=16
3,Tienda De Juguetes Toys Selectos,regalos,67,18.462863,-97.390806,https://mitehuacan.mx/?ruta=16
3,Tienda De Regalos Sin Nombre,regalos,67,18.449015,-97.385814,https://mitehuacan.mx/?ruta=16
3,Bodega De Tienda De Novedades Y Accesorios Buva,regalos,71,18.461501,-97.390292,https://mitehuacan.mx/?ruta=16
3,Tienda De Accesorios Buva Mayoristas,regalos,71,18.461501,-97.390292,https://mitehuacan.mx/?ruta=16
3,Tienda De Regalos Sin Nombre,regalos,71,18.462667,-97.390769,https://mitehuacan.mx/?ruta=16
3,Novedades Bolaños,regalos,75,18.462843,-97.390143,https://mitehuacan.mx/?ruta=16
3,Novedades Y Dulces Fany,regalos,77,18.47029,-97.392055,https://mitehuacan.mx/?ruta=16
3,Distribuidora Lalo,regalos,79,18.461584,-97.39047,https://mitehuacan.mx/?ruta=16
3,Electronica Y Novedades Memin,regalos,79,18.461586,-97.390659,https://mitehuacan.mx/?ruta=16
3,Novedades Make Up Store,regalos,80,18.461582,-97.390346,https://mitehuacan.mx/?ruta=16
3,Tienda De Regalos Andimy,regalos,80,18.461638,-97.392639,https://mitehuacan.mx/?ruta=16
3,Bonetria Y Novedades My Pink House,regalos,81,18.460745,-97.388706,https://mitehuacan.mx/?ruta=16
3,Novedades Valeria,regalos,81,18.460116,-97.389376,https://mitehuacan.mx/?ruta=16
3,Almacen De Central De Mayoreo,regalos,83,18.462859,-97.390654,https://mitehuacan.mx/?ruta=16
3,Jugueteria Smiles,regalos,87,18.459975,-97.390664,https://mitehuacan.mx/?ruta=16
3,Novedades Cristi,regalos,87,18.446118,-97.381056,https://mitehuacan.mx/?ruta=16
3,Novedades Sin Nombre,regalos,87,18.459676,-97.390666,https://mitehuacan.mx/?ruta=16
3,Novedades Angelito,regalos,88,18.459214,-97.390668,https://mitehuacan.mx/?ruta=16
3,Beauty Colors,regalos,90,18.473117,-97.390258,https://mitehuacan.mx/?ruta=16
3,Tienda De Regalos Monse,regalos,96,18.460042,-97.392569,https://mitehuacan.mx/?ruta=16
3,Novedades Y Regalos Eli Y Sam,regalos,97,18.445682,-97.383682,https://mitehuacan.mx/?ruta=16
3,Novedades Miguelin,regalos,98,18.462784,-97.388503,https://mitehuacan.mx/?ruta=16
3,Tienda De Regalos Party Mix,regalos,99,18.462974,-97.390375,https://mitehuacan.mx/?ruta=16
3,Venta De Novedades Y Moda Sin Nombre,regalos,99,18.459622,-97.392428,https://mitehuacan.mx/?ruta=16
3,Venta De Novedades La Vida Es Bella,regalos,100,18.457704,-97.393686,https://mitehuacan.mx/?ruta=16
3,Venta De Novedades Sin Nombre,regalos,103,18.457262,-97.393718,https://mitehuacan.mx/?ruta=16
3,Venta De Chucherias Bazar,regalos,108,18.47168,-97.392323,https://mitehuacan.mx/?ruta=16
3,Tienda De Gatos Arigato,regalos,111,18.45968,-97.392555,https://mitehuacan.mx/?ruta=16
3,Tienda De Regalos Tsunanime,regalos,111,18.459671,-97.392555,https://mitehuacan.mx/?ruta=16
3,Novedades Sin Nombre,regalos,114,18.455696,-97.39048,https://mitehuacan.mx/?ruta=16
3,Tienda De Accesorios Lovely,regalos,116,18.464867,-97.388338,https://mitehuacan.mx/?ruta=16
3,Compra Venta De Regalos Buenos Dias Amor,regalos,118,18.464878,-97.392531,https://mitehuacan.mx/?ruta=16
3,Novedades Aloha,regalos,126,18.448405,-97.384401,https://mitehuacan.mx/?ruta=16
3,Novedades,regalos,129,18.45742,-97.390306,https://mitehuacan.mx/?ruta=16
3,Novedades Mundo De Felicidad,regalos,130,18.453505,-97.388708,https://mitehuacan.mx/?ruta=16
3,Gran Plaza Comercial Los Barateros,regalos,141,18.45957,-97.389382,https://mitehuacan.mx/?ruta=16
3,Impresiones Mundo Grafico,rótulos,58,18.472011,-97.391848,https://mitehuacan.mx/?ruta=16
3,At & T Tienda De Telefonia,servicio,1,18.460337,-97.394201,https://mitehuacan.mx/?ruta=16
3,Sanador Espiritual Sin Nombre,servicio,1,18.474252,-97.382006,https://mitehuacan.mx/?ruta=16
3,Apoyo Comercial Proct,servicio,4,18.460975,-97.393687,https://mitehuacan.mx/?ruta=16
3,Despacho Juridico,servicio,4,18.460975,-97.393687,https://mitehuacan.mx/?ruta=16
3,Empaques Distribuidor Amperad Comercial,servicio,4,18.460975,-97.393687,https://mitehuacan.mx/?ruta=16
3,Grafox Producciones Publicidad,servicio,4,18.471283,-97.39127,https://mitehuacan.mx/?ruta=16
3,Servicio De Asesoria De Seguridad E Higiene,servicio,4,18.467766,-97.389361,https://mitehuacan.mx/?ruta=16
3,Dm Inmobiliaria,servicio,5,18.460979,-97.393811,https://mitehuacan.mx/?ruta=16
3,Laboratorio De Comunicaciones,servicio,5,18.466481,-97.391433,https://mitehuacan.mx/?ruta=16
3,Grupo Cronos De Puebla,servicio,6,18.473202,-97.381256,https://mitehuacan.mx/?ruta=16
3,Oficina De Arquitecto Carlos Olaya Lajud,servicio,6,18.471042,-97.391369,https://mitehuacan.mx/?ruta=16
3,Elaboracion De Planos Prourbanismo,servicio,7,18.461735,-97.391394,https://mitehuacan.mx/?ruta=16
3,Oal Bienes Raices,servicio,7,18.463319,-97.391369,https://mitehuacan.mx/?ruta=16
3,Sevicios Profesionales Sin Nombre,servicio,7,18.463482,-97.391363,https://mitehuacan.mx/?ruta=16
3,Oficina Olivier Arquitectos,servicio,8,18.460828,-97.392004,https://mitehuacan.mx/?ruta=16
3,Fumitron Expertos En Control De Plagas,servicio,12,18.45048,-97.38767,https://mitehuacan.mx/?ruta=16
3,Caseta Telefonica Globalfom,servicio,13,18.460921,-97.389337,https://mitehuacan.mx/?ruta=16
3,Centro De Regularizacion Escolar Club De Aprendizaje Las Let,servicio,14,18.468823,-97.389264,https://mitehuacan.mx/?ruta=16
3,Servicio De Ingenieria Nidilexa,servicio,14,18.468271,-97.389267,https://mitehuacan.mx/?ruta=16
3,Lectura Del Tarot Osiris,servicio,15,18.462819,-97.389289,https://mitehuacan.mx/?ruta=16
3,Estetica Canina,servicio,16,18.473436,-97.377347,https://mitehuacan.mx/?ruta=16
3,Sheicho No Ie Nucleo Tehuacan,servicio,25,18.458957,-97.39349,https://mitehuacan.mx/?ruta=16
3,Estetica Canina Vets Can,servicio,26,18.456545,-97.391303,https://mitehuacan.mx/?ruta=16
3,Sistemas De Descontaminacion Ambiental Nuevo Respiro,servicio,29,18.460036,-97.394478,https://mitehuacan.mx/?ruta=16
3,Empaque De Prenda Doña Silvia,servicio,32,18.442265,-97.389762,https://mitehuacan.mx/?ruta=16
3,Oficina Administrativa Pamec Telcel,servicio,35,18.458451,-97.394128,https://mitehuacan.mx/?ruta=16
3,Aprendiendo Juntos Clases Regularizacion,servicio,43,18.454472,-97.390472,https://mitehuacan.mx/?ruta=16
3,Prestadores De Servicios Sin Nombre,servicio,45,18.456491,-97.392235,https://mitehuacan.mx/?ruta=16
3,Alternativas Psicopedagogicas Apsy,servicio,54,18.471933,-97.391809,https://mitehuacan.mx/?ruta=16
3,Taller De Empaque Y Etiquetado Martin,servicio,56,18.445632,-97.388584,https://mitehuacan.mx/?ruta=16
3,Santeria,servicio,60,18.457928,-97.393299,https://mitehuacan.mx/?ruta=16
3,Planchas Y Empaque Fer,servicio,62,18.441913,-97.381864,https://mitehuacan.mx/?ruta=16
3,Fumigaciones Sin Nombre,servicio,63,18.464815,-97.388843,https://mitehuacan.mx/?ruta=16
3,Asesoria A Derecho Habientes Mejoravit,servicio,68,18.464835,-97.390085,https://mitehuacan.mx/?ruta=16
3,Empaque Alva,servicio,71,18.441986,-97.381255,https://mitehuacan.mx/?ruta=16
3,Barber Dog Velez,servicio,72,18.455359,-97.39278,https://mitehuacan.mx/?ruta=16
3,Renta De Inflables Y Rockolas,servicio,80,18.462968,-97.390195,https://mitehuacan.mx/?ruta=16
3,Lectura De Cartas Maestro Pedro Y Paulo,servicio,84,18.461685,-97.393283,https://mitehuacan.mx/?ruta=16
3,Megacable,servicio,105,18.45692,-97.390542,https://mitehuacan.mx/?ruta=16
3,Despacho Administrativo Sin Nombre,servicio,107,18.46347,-97.392443,https://mitehuacan.mx/?ruta=16
3,Correos De Mexico Sucursal Tehuacan,servicio,112,18.46198,-97.392513,https://mitehuacan.mx/?ruta=16
3,Tehuacán,servicio,115,18.461953,-97.392542,https://mitehuacan.mx/?ruta=16
3,Oficina De Asesoria Alanjo Construcciones,servicio,118,18.464878,-97.392531,https://mitehuacan.mx/?ruta=16
3,Fundacion Guillermo Diaz,servicio,132,18.462088,-97.394542,https://mitehuacan.mx/?ruta=16
3,Sistema Educativo De Lectura Integral,servicio,132,18.462088,-97.394542,https://mitehuacan.mx/?ruta=16
3,At&T,servicio,134,18.462091,-97.394589,https://mitehuacan.mx/?ruta=16
3,Sala De Juntas Ala Norte,servicio,148,18.471304,-97.392714,https://mitehuacan.mx/?ruta=16
3,Telas Mym,telas,1,18.458064,-97.392727,https://mitehuacan.mx/?ruta=16
3,114 Modatelas Tehuacan,telas,6,18.46014,-97.391544,https://mitehuacan.mx/?ruta=16
3,Telas Parisina 2129 Tehuacan Lopez Mateos,telas,6,18.460111,-97.391544,https://mitehuacan.mx/?ruta=16
3,Venta De Cable De Plastico E Hilos,telas,6,18.459124,-97.391557,https://mitehuacan.mx/?ruta=16
3,Venta De Telas Jimenez,telas,6,18.459012,-97.391446,https://mitehuacan.mx/?ruta=16
3,Telas Parisina 2105 Tehuacan,telas,7,18.458685,-97.391576,https://mitehuacan.mx/?ruta=16
3,Hilos Torzal,telas,14,18.458796,-97.394396,https://mitehuacan.mx/?ruta=16
3,Hilos Y Especialidades Pegasus,telas,38,18.458425,-97.394237,https://mitehuacan.mx/?ruta=16
3,Creaciones Tere,telas,48,18.460993,-97.394617,https://mitehuacan.mx/?ruta=16
3,Telas Janina,telas,116,18.461988,-97.39403,https://mitehuacan.mx/?ruta=16
3,Material Para Confeccion Y Reracion De Ropa Nepps,telas,119,18.455488,-97.393569,https://mitehuacan.mx/?ruta=16
3,Megacable,telecommunication,49,18.457627,-97.393204,https://mitehuacan.mx/?ruta=16
3,Sociedad De Permisionarios Ruta 19,terminal,5,18.478847,-97.374901,https://mitehuacan.mx/?ruta=16
3,Base De La Ruta 16 Rancho Viejo,terminal,24,18.441817,-97.386737,https://mitehuacan.mx/?ruta=16
3,Union Turistica Cuicateca,terminal,31,18.457543,-97.391239,https://mitehuacan.mx/?ruta=16
3,Base Ruta 10 Norte Amarilla,terminal,42,18.441145,-97.380369,https://mitehuacan.mx/?ruta=16
3,Transportadora Turistica Yucunitza,terminal,80,18.462968,-97.390195,https://mitehuacan.mx/?ruta=16
3,Zinacatepec-Libram-Tehuacan Zt,terminal,89,18.462976,-97.390594,https://mitehuacan.mx/?ruta=16
3,Ruta La Asuncion Tehuacan Azumbilla,terminal,104,18.463028,-97.390421,https://mitehuacan.mx/?ruta=16
3,Base De La Ruta Santa Ana Teloxtoc,terminal,135,18.458184,-97.390239,https://mitehuacan.mx/?ruta=16
3,Teatro Comunale,theatre,141,18.454166,-97.392678,https://mitehuacan.mx/?ruta=16
3,Mh Mega Helth,tienda,0,18.45716,-97.392743,https://mitehuacan.mx/?ruta=16
3,Tienda De Impermeabilizantes Impertec,tienda,0,18.463043,-97.38944,https://mitehuacan.mx/?ruta=16
3,Caseta De Venta De Productos De Limpieza Para El Hogar,tienda,1,18.472367,-97.378733,https://mitehuacan.mx/?ruta=16
3,Compra-Venta De Articulos Usados De Remate,tienda,1,18.462075,-97.38946,https://mitehuacan.mx/?ruta=16
3,Pasteleria Beyle,tienda,1,18.447827,-97.382938,https://mitehuacan.mx/?ruta=16
3,Plasticos Rosita,tienda,1,18.462174,-97.389459,https://mitehuacan.mx/?ruta=16
3,Venta De Bocinas Y Accesorios Sin Nombre,tienda,1,18.461088,-97.389469,https://mitehuacan.mx/?ruta=16
3,Venta De Ropa Usada,tienda,1,18.45858,-97.392718,https://mitehuacan.mx/?ruta=16
3,Carniceria Romers,tienda,2,18.446238,-97.384569,https://mitehuacan.mx/?ruta=16
3,Carniceria Y Carnitas Don Santi,tienda,2,18.443721,-97.381067,https://mitehuacan.mx/?ruta=16
3,Comercio Al Por Menor En Tiendas De Artesanías Sin Nombre,tienda,2,18.473688,-97.387481,https://mitehuacan.mx/?ruta=16
3,Jarceria Sin Nombre,tienda,2,18.474323,-97.383608,https://mitehuacan.mx/?ruta=16
3,Recuerdos Y Centros De Mesa Los 3 Arcangeles,tienda,2,18.472426,-97.380341,https://mitehuacan.mx/?ruta=16
3,Taboo Sex Shop,tienda,2,18.459468,-97.394213,https://mitehuacan.mx/?ruta=16
3,Venta De Articulos De Limpieza Sin Nombre,tienda,2,18.473148,-97.388304,https://mitehuacan.mx/?ruta=16
3,Abarrotes Y Semillas La Fortaleza,tienda,3,18.460912,-97.391137,https://mitehuacan.mx/?ruta=16
3,Antojitos Mexicanos Silvia,tienda,3,18.460904,-97.390825,https://mitehuacan.mx/?ruta=16
3,Bazar De Ropa Usada,tienda,3,18.478843,-97.375589,https://mitehuacan.mx/?ruta=16
3,Carniceria La Bella Huasteca,tienda,3,18.472324,-97.391104,https://mitehuacan.mx/?ruta=16
3,Carniceria Magnolia,tienda,3,18.460912,-97.391156,https://mitehuacan.mx/?ruta=16
3,Carniceria Y Cremeria Bufalo,tienda,3,18.460899,-97.390597,https://mitehuacan.mx/?ruta=16
3,Distribuidora Naturista Herbosan,tienda,3,18.460895,-97.390426,https://mitehuacan.mx/?ruta=16
3,La Casa Del Recuerdo,tienda,3,18.460907,-97.390938,https://mitehuacan.mx/?ruta=16
3,Refaccionaria Vecar,tienda,3,18.466336,-97.389383,https://mitehuacan.mx/?ruta=16
3,Tienda De Pañales Mi Bebe,tienda,3,18.460895,-97.390455,https://mitehuacan.mx/?ruta=16
3,Tienda De Ropa Interior Shaddai,tienda,3,18.460908,-97.390976,https://mitehuacan.mx/?ruta=16
3,Tienda De Vestidos Reina Novia,tienda,3,18.46092,-97.391773,https://mitehuacan.mx/?ruta=16
3,Venta De Aceites Y Lubricantes Del Camino,tienda,3,18.446059,-97.382044,https://mitehuacan.mx/?ruta=16
3,Vestidos Para 15 Años Miss 15 Queen,tienda,3,18.460883,-97.389981,https://mitehuacan.mx/?ruta=16
3,Almacenes Veana Sucursal Tehuacan,tienda,4,18.460945,-97.39244,https://mitehuacan.mx/?ruta=16
3,Bazar Leo,tienda,4,18.470464,-97.389354,https://mitehuacan.mx/?ruta=16
3,Compra Venta De Computadoras Genius,tienda,4,18.464598,-97.39145,https://mitehuacan.mx/?ruta=16
3,Compra Venta De Computadoras Genius Ct,tienda,4,18.464019,-97.391458,https://mitehuacan.mx/?ruta=16
3,Compra Venta De Computadoras Y Accesorios Nestore,tienda,4,18.464689,-97.39145,https://mitehuacan.mx/?ruta=16
3,Cremeria Y Salchichoneria La Pastora,tienda,4,18.463916,-97.389412,https://mitehuacan.mx/?ruta=16
3,Cristaleria Tenorio,tienda,4,18.461793,-97.391499,https://mitehuacan.mx/?ruta=16
3,Establecimiento Venta De Gorras Sin Nombre,tienda,4,18.460919,-97.391355,https://mitehuacan.mx/?ruta=16
3,Informatica Aplicada De Tehuacan,tienda,4,18.460942,-97.392379,https://mitehuacan.mx/?ruta=16
3,Optica Lentes Plus,tienda,4,18.464435,-97.391452,https://mitehuacan.mx/?ruta=16
3,Panaderia Jose Gumaro Pastelin,tienda,4,18.465875,-97.389387,https://mitehuacan.mx/?ruta=16
3,Pasteleria Leo,tienda,4,18.464435,-97.391452,https://mitehuacan.mx/?ruta=16
3,Pinta Comex De Tehuacan,tienda,4,18.46525,-97.389393,https://mitehuacan.mx/?ruta=16
3,Plaza Compu Cell,tienda,4,18.464645,-97.39145,https://mitehuacan.mx/?ruta=16
3,Tienda De Cortinas Y Blancos Sin Nombre,tienda,4,18.461476,-97.391504,https://mitehuacan.mx/?ruta=16
3,Tienda De Recuerdos La Casa Del Recuerdo,tienda,4,18.460915,-97.391232,https://mitehuacan.mx/?ruta=16
3,Tienda De Ropa Interior Yaenkos,tienda,4,18.460915,-97.391232,https://mitehuacan.mx/?ruta=16
3,Todo Para Su Bebe,tienda,4,18.460973,-97.393593,https://mitehuacan.mx/?ruta=16
3,Venta De Ropa Americana Clothes,tienda,4,18.46582,-97.389387,https://mitehuacan.mx/?ruta=16
3,Venta De Ropa Interior Mi Mosa Store Th,tienda,4,18.466002,-97.389386,https://mitehuacan.mx/?ruta=16
3,Venta De Ropa Interior Sadda,tienda,4,18.465115,-97.389394,https://mitehuacan.mx/?ruta=16
3,Yaenkos,tienda,4,18.460915,-97.391232,https://mitehuacan.mx/?ruta=16
3,Aceites Y Lubricantes Ferdin,tienda,5,18.446708,-97.382261,https://mitehuacan.mx/?ruta=16
3,Armisa Comercial,tienda,5,18.460979,-97.393811,https://mitehuacan.mx/?ruta=16
3,Articulos De Limpieza Sin Nombre,tienda,5,18.469477,-97.389347,https://mitehuacan.mx/?ruta=16
3,Carniceria La Huasteca,tienda,5,18.467709,-97.391317,https://mitehuacan.mx/?ruta=16
3,Computadoras Genius,tienda,5,18.466155,-97.391436,https://mitehuacan.mx/?ruta=16
3,La Casa Del Pintor,tienda,5,18.462617,-97.391491,https://mitehuacan.mx/?ruta=16
3,Optica Galeon,tienda,5,18.466092,-97.391436,https://mitehuacan.mx/?ruta=16
3,Pasteleria Cristal,tienda,5,18.45818,-97.39147,https://mitehuacan.mx/?ruta=16
3,Tienda De Suplementos T Articulos Gym Beast Mode,tienda,5,18.466155,-97.391436,https://mitehuacan.mx/?ruta=16
3,Venta De Ceramica Sin Nombre,tienda,5,18.466327,-97.391434,https://mitehuacan.mx/?ruta=16
3,Venta De Frituras Sin Nombre,tienda,5,18.46983,-97.38935,https://mitehuacan.mx/?ruta=16
3,Venta De Lenceria Isabela,tienda,5,18.458424,-97.39147,https://mitehuacan.mx/?ruta=16
3,Venta De Lentes Optica Reyes,tienda,5,18.45827,-97.39147,https://mitehuacan.mx/?ruta=16
3,Venta De Pinturas Texturplast,tienda,5,18.458162,-97.39147,https://mitehuacan.mx/?ruta=16
3,Babys Forever,tienda,6,18.460879,-97.393804,https://mitehuacan.mx/?ruta=16
3,Bazar De Ropa Bety American Fashion,tienda,6,18.457242,-97.391591,https://mitehuacan.mx/?ruta=16
3,Comercial Vinolesa,tienda,6,18.45973,-97.391548,https://mitehuacan.mx/?ruta=16
3,Farmacia Siete Azares,tienda,6,18.471675,-97.391359,https://mitehuacan.mx/?ruta=16
3,La Comercial De Tehuacan,tienda,6,18.459227,-97.391441,https://mitehuacan.mx/?ruta=16
3,La Neni Ropa Americana,tienda,6,18.456373,-97.391605,https://mitehuacan.mx/?ruta=16
3,Oxxo Suc 50Vzj Avila Camacho Pbf,tienda,6,18.455635,-97.391621,https://mitehuacan.mx/?ruta=16
3,Pomos Y Chelas,tienda,6,18.457975,-97.391577,https://mitehuacan.mx/?ruta=16
3,Romss,tienda,6,18.458969,-97.391446,https://mitehuacan.mx/?ruta=16
3,Suplementos Alimenticios Centro De Distribucion Bio-4,tienda,6,18.458446,-97.391574,https://mitehuacan.mx/?ruta=16
3,Tehuacan,tienda,6,18.458715,-97.394238,https://mitehuacan.mx/?ruta=16
3,Venta De Accesorios Para Computadora Improving Tecnology,tienda,6,18.468626,-97.391404,https://mitehuacan.mx/?ruta=16
3,Venta De Artesanias Sin Nombre,tienda,6,18.459175,-97.391442,https://mitehuacan.mx/?ruta=16
3,Venta De Ropa Americana Sin Nombre,tienda,6,18.471431,-97.391363,https://mitehuacan.mx/?ruta=16
3,Venta De Ropa De Bazar,tienda,6,18.460717,-97.391538,https://mitehuacan.mx/?ruta=16
3,3753 Waldos,tienda,7,18.461643,-97.391396,https://mitehuacan.mx/?ruta=16
3,6206 Tehuacan Puebla,tienda,7,18.460097,-97.391425,https://mitehuacan.mx/?ruta=16
3,Centro Naturista El Panalito,tienda,7,18.460862,-97.393084,https://mitehuacan.mx/?ruta=16
3,Compra Venta De Accesorios Para Celular Tecno City,tienda,7,18.464105,-97.391352,https://mitehuacan.mx/?ruta=16
3,Compra Venta De Accesorios Para Computacion Mr Web,tienda,7,18.464532,-97.391347,https://mitehuacan.mx/?ruta=16
3,Compra Venta De Equipos De Computo Y Mantenimiento Pineda Te,tienda,7,18.463952,-97.391355,https://mitehuacan.mx/?ruta=16
3,Compra Venta De Lentes Sin Nombre,tienda,7,18.464296,-97.391349,https://mitehuacan.mx/?ruta=16
3,Coppel Tienda Departamental 3 Sur 125,tienda,7,18.462368,-97.391382,https://mitehuacan.mx/?ruta=16
3,Diseños Meraly,tienda,7,18.460873,-97.393577,https://mitehuacan.mx/?ruta=16
3,Distribuidora Multimarcas Michelle,tienda,7,18.463319,-97.391369,https://mitehuacan.mx/?ruta=16
3,Impulsora De Cristalerias Tenorio,tienda,7,18.460098,-97.391425,https://mitehuacan.mx/?ruta=16
3,Papeleria Y Libreria Librolandia,tienda,7,18.46455,-97.391347,https://mitehuacan.mx/?ruta=16
3,Pasteleria Gabanny,tienda,7,18.462613,-97.391381,https://mitehuacan.mx/?ruta=16
3,San Antonio,tienda,7,18.475777,-97.375754,https://mitehuacan.mx/?ruta=16
3,Tienda De Ropa Casa Rios,tienda,7,18.460862,-97.393094,https://mitehuacan.mx/?ruta=16
3,Worldtek,tienda,7,18.463771,-97.391358,https://mitehuacan.mx/?ruta=16
3,Antiguedades Y Obras De Arte Garcia,tienda,8,18.460808,-97.391283,https://mitehuacan.mx/?ruta=16
3,Cristaleria Pacheco,tienda,8,18.460809,-97.391302,https://mitehuacan.mx/?ruta=16
3,Mabel Novias,tienda,8,18.460824,-97.391861,https://mitehuacan.mx/?ruta=16
3,Optica Bella Luz,tienda,8,18.460828,-97.391975,https://mitehuacan.mx/?ruta=16
3,Sombreros El Gallo,tienda,8,18.460827,-97.391956,https://mitehuacan.mx/?ruta=16
3,Tienda De Vestidos De Comunion Karen,tienda,8,18.460828,-97.391975,https://mitehuacan.mx/?ruta=16
3,Estacionamiento De Musical Sinfonia,tienda,9,18.460768,-97.389742,https://mitehuacan.mx/?ruta=16
3,Lenceria Sin Nombre,tienda,9,18.460779,-97.390155,https://mitehuacan.mx/?ruta=16
3,Musical Sinfonia,tienda,9,18.460763,-97.389788,https://mitehuacan.mx/?ruta=16
3,Tienda De Articulos Religiosos Sin Nombre,tienda,9,18.460764,-97.389621,https://mitehuacan.mx/?ruta=16
3,Venta De Cafe Cafe La Giralda,tienda,9,18.460788,-97.390487,https://mitehuacan.mx/?ruta=16
3,Venta De Ropa Interior Y Lenceria Sin Nombre,tienda,9,18.460765,-97.389634,https://mitehuacan.mx/?ruta=16
3,Productos De Limpieza Proquimax,tienda,10,18.446888,-97.384842,https://mitehuacan.mx/?ruta=16
3,Venta De Productos De Limpieza Sin Nombre,tienda,10,18.472399,-97.388378,https://mitehuacan.mx/?ruta=16
3,Mega Elecktra,tienda,10,18.464143,-97.391514,https://mitehuacan.mx/?ruta=16
3,Bazar De Ropa Dalia,tienda,11,18.442276,-97.385042,https://mitehuacan.mx/?ruta=16
3,Productos De Limpieza Dogo,tienda,11,18.469031,-97.391242,https://mitehuacan.mx/?ruta=16
3,Venta De Suplementos Alimenticios Mr Nutrishion,tienda,11,18.458778,-97.391405,https://mitehuacan.mx/?ruta=16
3,Compra Venta De Copiadoras Sharp,tienda,12,18.464826,-97.389554,https://mitehuacan.mx/?ruta=16
3,Gabanny Postres,tienda,12,18.458833,-97.393437,https://mitehuacan.mx/?ruta=16
3,Gruppo Medico Adrian Guzman,tienda,12,18.462324,-97.389329,https://mitehuacan.mx/?ruta=16
3,Pasteleria La Ideal,tienda,12,18.461238,-97.389345,https://mitehuacan.mx/?ruta=16
3,Pinturas Y Tlapaleria,tienda,12,18.462731,-97.389319,https://mitehuacan.mx/?ruta=16
3,Tienda Naturista Centro Botanico Azteca,tienda,12,18.462803,-97.389317,https://mitehuacan.mx/?ruta=16
3,Tienda Naturista Juquilita,tienda,12,18.462387,-97.389328,https://mitehuacan.mx/?ruta=16
3,Venta De Frituras Sin Nombre,tienda,12,18.45048,-97.38767,https://mitehuacan.mx/?ruta=16
3,Venta De Pinturas Pinturas Estrada,tienda,12,18.461293,-97.389346,https://mitehuacan.mx/?ruta=16
3,Venta Renta Soporte Tecnico Sisco Tecnologia Corporativa,tienda,12,18.464856,-97.391299,https://mitehuacan.mx/?ruta=16
3,Bazar De Ropa Sin Nombre,tienda,13,18.469683,-97.389281,https://mitehuacan.mx/?ruta=16
3,Expendio Bimbo,tienda,13,18.460975,-97.389338,https://mitehuacan.mx/?ruta=16
3,La Zarza,tienda,13,18.463059,-97.389315,https://mitehuacan.mx/?ruta=16
3,O Y P,tienda,13,18.459184,-97.39412,https://mitehuacan.mx/?ruta=16
3,Sombreria Tehuacan,tienda,13,18.461102,-97.389341,https://mitehuacan.mx/?ruta=16
3,Tensobioquim,tienda,13,18.460107,-97.394081,https://mitehuacan.mx/?ruta=16
3,Tienda Accesorios Importadora Veracruz,tienda,13,18.458816,-97.392894,https://mitehuacan.mx/?ruta=16
3,Bodega Sin Nombre De Servicio Electronico Digital Jensen,tienda,14,18.468741,-97.389264,https://mitehuacan.mx/?ruta=16
3,Carniceria Anny,tienda,14,18.445008,-97.388876,https://mitehuacan.mx/?ruta=16
3,Compra Venta De Muebles Usados Sin Nombre,tienda,14,18.467311,-97.389273,https://mitehuacan.mx/?ruta=16
3,Kodak Moments Camaras Y Fotos,tienda,14,18.464941,-97.391538,https://mitehuacan.mx/?ruta=16
3,Pasteleria La Artesanal,tienda,14,18.458811,-97.392745,https://mitehuacan.mx/?ruta=16
3,Centro De Blancos Sin Nombre,tienda,15,18.461007,-97.390668,https://mitehuacan.mx/?ruta=16
3,Optica Optimagg,tienda,15,18.463346,-97.389303,https://mitehuacan.mx/?ruta=16
3,Venta De Lenceria Sensual,tienda,15,18.461492,-97.389609,https://mitehuacan.mx/?ruta=16
3,Exclusivos Lulu,tienda,16,18.460726,-97.390664,https://mitehuacan.mx/?ruta=16
3,American Clothes Shop,tienda,17,18.46569,-97.389265,https://mitehuacan.mx/?ruta=16
3,Expendio Tehuacan,tienda,17,18.465489,-97.389265,https://mitehuacan.mx/?ruta=16
3,Jarcieria Puebla Y Plasticos Mop,tienda,17,18.465265,-97.389266,https://mitehuacan.mx/?ruta=16
3,Tienda De Ropa Americana,tienda,17,18.465799,-97.389265,https://mitehuacan.mx/?ruta=16
3,Venta De Botanas La Montaña,tienda,17,18.450426,-97.388174,https://mitehuacan.mx/?ruta=16
3,Pasteleria La Artesanal,tienda,18,18.464898,-97.389266,https://mitehuacan.mx/?ruta=16
3,Tienda De Tintas Computadoras Y Accesorios Tintas Hm,tienda,18,18.465228,-97.389266,https://mitehuacan.mx/?ruta=16
3,Tienda De Boneteria Paola,tienda,19,18.461046,-97.390762,https://mitehuacan.mx/?ruta=16
3,La Magia De La Limpieza,tienda,20,18.472481,-97.391023,https://mitehuacan.mx/?ruta=16
3,3643 Waldos,tienda,21,18.461957,-97.391654,https://mitehuacan.mx/?ruta=16
3,Bodega De Steren Sin Nombre,tienda,21,18.462814,-97.389233,https://mitehuacan.mx/?ruta=16
3,Casa Castillo Venta De Artesanias,tienda,21,18.473328,-97.389609,https://mitehuacan.mx/?ruta=16
3,Plasticos Lupita,tienda,21,18.464818,-97.389242,https://mitehuacan.mx/?ruta=16
3,Productos De Limpieza Casita De Pandora,tienda,21,18.445028,-97.38924,https://mitehuacan.mx/?ruta=16
3,Productos De Limpieza Sin Nombre,tienda,21,18.466864,-97.38921,https://mitehuacan.mx/?ruta=16
3,Venta De Blancos Sin Nombre,tienda,21,18.461061,-97.390667,https://mitehuacan.mx/?ruta=16
3,Centro De Blancos Sin Nombre,tienda,22,18.46107,-97.390667,https://mitehuacan.mx/?ruta=16
3,Floreria Y Novedades Han-Jung,tienda,22,18.460758,-97.389274,https://mitehuacan.mx/?ruta=16
3,Optica Reyes,tienda,22,18.464827,-97.389649,https://mitehuacan.mx/?ruta=16
3,Venta De Productos De Limpieza Vanjaq,tienda,23,18.453474,-97.390733,https://mitehuacan.mx/?ruta=16
3,Vestidos De Novia Reyna Novias,tienda,23,18.460663,-97.390664,https://mitehuacan.mx/?ruta=16
3,724 Super 102 Tehuacan Paseo Hidalgo,tienda,24,18.458804,-97.392536,https://mitehuacan.mx/?ruta=16
3,Articulos De Plastico Super Plas,tienda,24,18.458788,-97.391731,https://mitehuacan.mx/?ruta=16
3,Decoraciones Milla Y Juan,tienda,24,18.460626,-97.389474,https://mitehuacan.mx/?ruta=16
3,Pinturas Comex Sucursal Independencia,tienda,24,18.462983,-97.39121,https://mitehuacan.mx/?ruta=16
3,7/24,tienda,24,18.458785,-97.392528,https://mitehuacan.mx/?ruta=16
3,Tienda De Abarrotes Mercado Negro,tienda,26,18.447577,-97.384014,https://mitehuacan.mx/?ruta=16
3,Tienda De Adornos Para Fiestas Aydu,tienda,26,18.46111,-97.390761,https://mitehuacan.mx/?ruta=16
3,Tiendas Tres B,tienda,26,18.464828,-97.389687,https://mitehuacan.mx/?ruta=16
3,Tienda De Articulos Para Computadoras Genius Ct,tienda,27,18.461183,-97.39406,https://mitehuacan.mx/?ruta=16
3,Bolsas Y Desechables Lafeliz,tienda,28,18.462925,-97.389172,https://mitehuacan.mx/?ruta=16
3,Venta De Accesorios Y Molde Para Pasteleria Chios,tienda,28,18.460605,-97.38937,https://mitehuacan.mx/?ruta=16
3,Abarrotes Y Chiles Secos El Trebol,tienda,29,18.461948,-97.391178,https://mitehuacan.mx/?ruta=16
3,Bodega Carniceria Victoria,tienda,29,18.461948,-97.391178,https://mitehuacan.mx/?ruta=16
3,Bodega De Carniceria La Azucena,tienda,29,18.461948,-97.391178,https://mitehuacan.mx/?ruta=16
3,Bodega De Carniceria La China Poblana,tienda,29,18.461948,-97.391178,https://mitehuacan.mx/?ruta=16
3,Bodega De Carniceria La Rosita,tienda,29,18.461948,-97.391178,https://mitehuacan.mx/?ruta=16
3,Bodega De Carniceria Maribel,tienda,29,18.461948,-97.391178,https://mitehuacan.mx/?ruta=16
3,Bodega De Carniceria Norma,tienda,29,18.461948,-97.391178,https://mitehuacan.mx/?ruta=16
3,Bodega De Carniceria Sin Nombre,tienda,29,18.461948,-97.391178,https://mitehuacan.mx/?ruta=16
3,Bodega De Carniceria Y Cremeria Sonia,tienda,29,18.461948,-97.391178,https://mitehuacan.mx/?ruta=16
3,Bodega De Cremeria Lupita,tienda,29,18.461948,-97.391178,https://mitehuacan.mx/?ruta=16
3,Bodega De Cremeria Y Salchichoneria Jennifer,tienda,29,18.461948,-97.391178,https://mitehuacan.mx/?ruta=16
3,Botanas Tipicas,tienda,29,18.461948,-97.391178,https://mitehuacan.mx/?ruta=16
3,Carniceria Andrea,tienda,29,18.461948,-97.391178,https://mitehuacan.mx/?ruta=16
3,Carniceria Blanca Estela,tienda,29,18.461948,-97.391178,https://mitehuacan.mx/?ruta=16
3,Carniceria Carmelita,tienda,29,18.461948,-97.391178,https://mitehuacan.mx/?ruta=16
3,Carniceria Chilacteca,tienda,29,18.461948,-97.391178,https://mitehuacan.mx/?ruta=16
3,Carniceria Dany,tienda,29,18.461948,-97.391178,https://mitehuacan.mx/?ruta=16
3,Carniceria Del Carmen,tienda,29,18.461948,-97.391178,https://mitehuacan.mx/?ruta=16
3,Carniceria El Torito Cebu,tienda,29,18.461948,-97.391178,https://mitehuacan.mx/?ruta=16
3,Carniceria Esmeralda,tienda,29,18.461948,-97.391178,https://mitehuacan.mx/?ruta=16
3,Carniceria Holanda,tienda,29,18.461948,-97.391178,https://mitehuacan.mx/?ruta=16
3,Carniceria La Azucena,tienda,29,18.461948,-97.391178,https://mitehuacan.mx/?ruta=16
3,Carniceria La Chileñita,tienda,29,18.461948,-97.391178,https://mitehuacan.mx/?ruta=16
3,Carniceria La China Poblana,tienda,29,18.461948,-97.391178,https://mitehuacan.mx/?ruta=16
3,Carniceria La Reina De Mexico,tienda,29,18.461948,-97.391178,https://mitehuacan.mx/?ruta=16
3,Carniceria La Rosita,tienda,29,18.461948,-97.391178,https://mitehuacan.mx/?ruta=16
3,Carniceria La Siempre Viva,tienda,29,18.461948,-97.391178,https://mitehuacan.mx/?ruta=16
3,Carniceria La Surtidora,tienda,29,18.461948,-97.391178,https://mitehuacan.mx/?ruta=16
3,Carniceria La Tehuacanera,tienda,29,18.461948,-97.391178,https://mitehuacan.mx/?ruta=16
3,Carniceria Lety,tienda,29,18.461948,-97.391178,https://mitehuacan.mx/?ruta=16
3,Carniceria Lupita,tienda,29,18.461948,-97.391178,https://mitehuacan.mx/?ruta=16
3,Carniceria Magnolia,tienda,29,18.461948,-97.391178,https://mitehuacan.mx/?ruta=16
3,Carniceria Maribel,tienda,29,18.461948,-97.391178,https://mitehuacan.mx/?ruta=16
3,Carniceria Monte Alban,tienda,29,18.461948,-97.391178,https://mitehuacan.mx/?ruta=16
3,Carniceria Norma,tienda,29,18.461948,-97.391178,https://mitehuacan.mx/?ruta=16
3,Carniceria Pavita,tienda,29,18.461948,-97.391178,https://mitehuacan.mx/?ruta=16
3,Carniceria Pavita 2,tienda,29,18.461948,-97.391178,https://mitehuacan.mx/?ruta=16
3,Carniceria Premium,tienda,29,18.461948,-97.391178,https://mitehuacan.mx/?ruta=16
3,Carniceria San Gabriel,tienda,29,18.461948,-97.391178,https://mitehuacan.mx/?ruta=16
3,Carniceria Santa Fe,tienda,29,18.461948,-97.391178,https://mitehuacan.mx/?ruta=16
3,Carniceria Sin Nombre,tienda,29,18.461948,-97.391178,https://mitehuacan.mx/?ruta=16
3,Carniceria Victoria,tienda,29,18.461948,-97.391178,https://mitehuacan.mx/?ruta=16
3,Carniceria Y Cremeria Juquilita,tienda,29,18.461948,-97.391178,https://mitehuacan.mx/?ruta=16
3,Carniceria Y Cremeria San Juditas,tienda,29,18.461948,-97.391178,https://mitehuacan.mx/?ruta=16
3,Chiles Secos Don Juan,tienda,29,18.461948,-97.391178,https://mitehuacan.mx/?ruta=16
3,Chiles Secos Sin Nombre,tienda,29,18.461948,-97.391178,https://mitehuacan.mx/?ruta=16
3,Cremeria Del Carmen,tienda,29,18.461948,-97.391178,https://mitehuacan.mx/?ruta=16
3,Cremeria Juquilita,tienda,29,18.461948,-97.391178,https://mitehuacan.mx/?ruta=16
3,Cremeria La Chileñita,tienda,29,18.461948,-97.391178,https://mitehuacan.mx/?ruta=16
3,Cremeria La Juchiteca,tienda,29,18.461948,-97.391178,https://mitehuacan.mx/?ruta=16
3,Cremeria Lupita,tienda,29,18.461948,-97.391178,https://mitehuacan.mx/?ruta=16
3,Cremeria Sin Nombre,tienda,29,18.461948,-97.391178,https://mitehuacan.mx/?ruta=16
3,Cremeria Y Carniceria San Juditas,tienda,29,18.461948,-97.391178,https://mitehuacan.mx/?ruta=16
3,Cremeria Y Carniceria Sonia,tienda,29,18.461948,-97.391178,https://mitehuacan.mx/?ruta=16
3,Cremeria Y Salchichoneria Jennifer,tienda,29,18.461948,-97.391178,https://mitehuacan.mx/?ruta=16
3,Expendio De Bisceras De Res Sin Nombre,tienda,29,18.461948,-97.391178,https://mitehuacan.mx/?ruta=16
3,Expendio De Pan Petrita 1,tienda,29,18.461948,-97.391178,https://mitehuacan.mx/?ruta=16
3,Expendio De Pan Petrita 2,tienda,29,18.461948,-97.391178,https://mitehuacan.mx/?ruta=16
3,Expendio De Viceras Monte Alban,tienda,29,18.461948,-97.391178,https://mitehuacan.mx/?ruta=16
3,Expendio De Visceras De Res Y Carniceria El Torito,tienda,29,18.461948,-97.391178,https://mitehuacan.mx/?ruta=16
3,Panaderia Guti Pan,tienda,29,18.461948,-97.391178,https://mitehuacan.mx/?ruta=16
3,Plasticos Lupita,tienda,29,18.461948,-97.391178,https://mitehuacan.mx/?ruta=16
3,Plaza Granel,tienda,29,18.461948,-97.391178,https://mitehuacan.mx/?ruta=16
3,Queseria Rombitos,tienda,29,18.461948,-97.391178,https://mitehuacan.mx/?ruta=16
3,Surtidora De Carne,tienda,29,18.461948,-97.391178,https://mitehuacan.mx/?ruta=16
3,Tienda De Sombreros Sin Nombre,tienda,29,18.461948,-97.391178,https://mitehuacan.mx/?ruta=16
3,Tocineria Chabelita,tienda,29,18.461948,-97.391178,https://mitehuacan.mx/?ruta=16
3,Venta De Chicharron,tienda,29,18.461948,-97.391178,https://mitehuacan.mx/?ruta=16
3,Venta De Chiles Secos,tienda,29,18.461948,-97.391178,https://mitehuacan.mx/?ruta=16
3,Venta De Chiles Secos Gilber,tienda,29,18.461948,-97.391178,https://mitehuacan.mx/?ruta=16
3,Venta De Chiles Secos Y Carne De Matanza La Coapeñita,tienda,29,18.461948,-97.391178,https://mitehuacan.mx/?ruta=16
3,Venta De Chiles Y Condimentos Sin Nombre,tienda,29,18.461948,-97.391178,https://mitehuacan.mx/?ruta=16
3,Venta De Plantas Medicinales Doña Celia,tienda,29,18.461948,-97.391178,https://mitehuacan.mx/?ruta=16
3,Venta De Semillas Y Condimentos,tienda,29,18.461948,-97.391178,https://mitehuacan.mx/?ruta=16
3,Vianney Tehuacan Centro,tienda,29,18.460897,-97.39444,https://mitehuacan.mx/?ruta=16
3,Plasticos Juquilita,tienda,30,18.460587,-97.38937,https://mitehuacan.mx/?ruta=16
3,Ropa De Primera Comunion Sin Nombre,tienda,30,18.461196,-97.393293,https://mitehuacan.mx/?ruta=16
3,Vestidos De Novia Y Primera Comunion Diana Barroso,tienda,30,18.461196,-97.393293,https://mitehuacan.mx/?ruta=16
3,Carniceria La Azucena,tienda,31,18.458309,-97.392439,https://mitehuacan.mx/?ruta=16
3,Elegance By Mabel,tienda,31,18.457929,-97.392445,https://mitehuacan.mx/?ruta=16
3,Novedades Lalo,tienda,31,18.460593,-97.390749,https://mitehuacan.mx/?ruta=16
3,Cremeria La Cañada,tienda,32,18.460557,-97.389867,https://mitehuacan.mx/?ruta=16
3,Optica Optimex Van,tienda,32,18.46491,-97.389741,https://mitehuacan.mx/?ruta=16
3,Expendio De Pan Lia,tienda,33,18.47207,-97.379066,https://mitehuacan.mx/?ruta=16
3,Venta De Ropa Americana,tienda,34,18.472608,-97.390983,https://mitehuacan.mx/?ruta=16
3,Musical Yañez De Tehuacan,tienda,36,18.462981,-97.391096,https://mitehuacan.mx/?ruta=16
3,Bodega Tienda Musical Yañez,tienda,37,18.462981,-97.391087,https://mitehuacan.mx/?ruta=16
3,Frituras Tehuacan,tienda,37,18.457457,-97.391885,https://mitehuacan.mx/?ruta=16
3,Galerias Laciana,tienda,38,18.461269,-97.393292,https://mitehuacan.mx/?ruta=16
3,Optica Ver-Bien,tienda,39,18.461292,-97.394056,https://mitehuacan.mx/?ruta=16
3,Productos De Limpieza Ae Clean,tienda,39,18.456581,-97.391919,https://mitehuacan.mx/?ruta=16
3,Productos De Limpieza Casa Limpia,tienda,39,18.464821,-97.389071,https://mitehuacan.mx/?ruta=16
3,Pasteleria Leo,tienda,40,18.462981,-97.391058,https://mitehuacan.mx/?ruta=16
3,Suplementos Alimenticios Mystems Fitness,tienda,40,18.457465,-97.392364,https://mitehuacan.mx/?ruta=16
3,Venta De Ropa Interior Para Dama Dulce Secreto,tienda,41,18.461576,-97.389853,https://mitehuacan.mx/?ruta=16
3,Bazar Sin Nombre,tienda,42,18.454328,-97.391622,https://mitehuacan.mx/?ruta=16
3,Optica Mendoza,tienda,42,18.464831,-97.389838,https://mitehuacan.mx/?ruta=16
3,Opticalia,tienda,42,18.464933,-97.391012,https://mitehuacan.mx/?ruta=16
3,Pinturas Comex Sucursal Hidalgo,tienda,42,18.455446,-97.392494,https://mitehuacan.mx/?ruta=16
3,Pinturas Sayer,tienda,44,18.471365,-97.39089,https://mitehuacan.mx/?ruta=16
3,Venta De Ropa Americana. Paca La Frontera,tienda,47,18.460847,-97.389024,https://mitehuacan.mx/?ruta=16
3,Vneta De Peliculas,tienda,47,18.462712,-97.389878,https://mitehuacan.mx/?ruta=16
3,Venta De Blancos Balderas,tienda,48,18.461306,-97.390665,https://mitehuacan.mx/?ruta=16
3,Venta De Productos Hortopedicos,tienda,48,18.458798,-97.394719,https://mitehuacan.mx/?ruta=16
3,Tienda Naturista Yo Soy Natural,tienda,49,18.456487,-97.392169,https://mitehuacan.mx/?ruta=16
3,Cremeria La Margarita,tienda,50,18.474281,-97.387148,https://mitehuacan.mx/?ruta=16
3,Optica Pura Vision,tienda,50,18.464913,-97.389912,https://mitehuacan.mx/?ruta=16
3,Venta De Ropa Interior De Dama Sin Nombre,tienda,50,18.458765,-97.391039,https://mitehuacan.mx/?ruta=16
3,Vestidos Ceremoniales Karylu,tienda,50,18.458799,-97.392271,https://mitehuacan.mx/?ruta=16
3,Expendiode Pan La Perlita,tienda,51,18.454471,-97.390377,https://mitehuacan.mx/?ruta=16
3,Venta De Instrumentos Musical Tehuacan,tienda,51,18.466933,-97.389891,https://mitehuacan.mx/?ruta=16
3,Max Pan,tienda,52,18.458694,-97.392,https://mitehuacan.mx/?ruta=16
3,Ivaliss Closhop,tienda,53,18.460374,-97.389373,https://mitehuacan.mx/?ruta=16
3,Lenceria Alis,tienda,53,18.465881,-97.390894,https://mitehuacan.mx/?ruta=16
3,Venta De Cobertores Y Blancos Caleb,tienda,53,18.458665,-97.391004,https://mitehuacan.mx/?ruta=16
3,Venta De Articulos Para Manualidades Tus Sueños En Laser,tienda,54,18.457438,-97.391017,https://mitehuacan.mx/?ruta=16
3,Venta De Pan De Burro,tienda,54,18.460749,-97.388961,https://mitehuacan.mx/?ruta=16
3,Carniceria San Juditas,tienda,55,18.472427,-97.377533,https://mitehuacan.mx/?ruta=16
3,Venta De Pinturas La Casa Del Pintor,tienda,55,18.458798,-97.392214,https://mitehuacan.mx/?ruta=16
3,Optica Visual World,tienda,56,18.464931,-97.390879,https://mitehuacan.mx/?ruta=16
3,Productos De Limpieza,tienda,57,18.470358,-97.390781,https://mitehuacan.mx/?ruta=16
3,El Artesano Paqueteria Y Arte,tienda,58,18.457494,-97.393292,https://mitehuacan.mx/?ruta=16
3,Tienda De Ropa Para Dama Sin Nombre,tienda,59,18.458663,-97.390948,https://mitehuacan.mx/?ruta=16
3,Bazar De Ropa Sin Nombre,tienda,60,18.469081,-97.390777,https://mitehuacan.mx/?ruta=16
3,Venta De Pinturas Alvamex,tienda,60,18.457437,-97.39096,https://mitehuacan.mx/?ruta=16
3,Artesanias Mexico Lindo,tienda,62,18.461504,-97.394171,https://mitehuacan.mx/?ruta=16
3,Pasteleria Juquilita,tienda,63,18.461968,-97.392051,https://mitehuacan.mx/?ruta=16
3,Bodega De Plasticos Lupita Sin Nombre,tienda,64,18.461573,-97.388857,https://mitehuacan.mx/?ruta=16
3,Oxxo Suc 50Rxn Rayon Pbf,tienda,64,18.461968,-97.392064,https://mitehuacan.mx/?ruta=16
3,Artesanias Aby,tienda,65,18.461462,-97.390758,https://mitehuacan.mx/?ruta=16
3,Cafeteria Le Cholat,tienda,65,18.461502,-97.392641,https://mitehuacan.mx/?ruta=16
3,Especias Y Semillas El Trebol,tienda,65,18.473302,-97.380663,https://mitehuacan.mx/?ruta=16
3,Botanas El Dorado,tienda,67,18.449935,-97.388364,https://mitehuacan.mx/?ruta=16
3,Compra Venta De Articulos De Limpieza Inovaciones Alaska Sup,tienda,67,18.442292,-97.382316,https://mitehuacan.mx/?ruta=16
3,Ilusion Tehuacan,tienda,67,18.464949,-97.392046,https://mitehuacan.mx/?ruta=16
3,Tienda De Lenceria Fany,tienda,67,18.461481,-97.390758,https://mitehuacan.mx/?ruta=16
3,Bodega De Plasticos Lupita Sin Nombre,tienda,68,18.461572,-97.388819,https://mitehuacan.mx/?ruta=16
3,Compra Venta De Empaques Para Regalos Packingmex,tienda,68,18.464835,-97.390085,https://mitehuacan.mx/?ruta=16
3,Compra Venta De Suplementos Alimenticios Saya,tienda,68,18.464835,-97.390085,https://mitehuacan.mx/?ruta=16
3,Cremeria Sanciri,tienda,68,18.473959,-97.389355,https://mitehuacan.mx/?ruta=16
3,Omega Nutricion,tienda,68,18.464835,-97.390085,https://mitehuacan.mx/?ruta=16
3,Optica Elvision,tienda,68,18.464835,-97.390085,https://mitehuacan.mx/?ruta=16
3,Ropa Tipica El Leon De Juda,tienda,68,18.46149,-97.390758,https://mitehuacan.mx/?ruta=16
3,Carniceria Mi Linda Rosita,tienda,70,18.474943,-97.38454,https://mitehuacan.mx/?ruta=16
3,Tienda De Ropa Sin Nombre,tienda,70,18.459538,-97.393562,https://mitehuacan.mx/?ruta=16
3,Venta De Ropa Para Primera Comunion Sin Nombre,tienda,70,18.460237,-97.390664,https://mitehuacan.mx/?ruta=16
3,Venta De Vestidos De Xv Años Sin Nombre,tienda,70,18.460237,-97.390664,https://mitehuacan.mx/?ruta=16
3,Optica Bella Luz,tienda,71,18.460228,-97.390664,https://mitehuacan.mx/?ruta=16
3,Productos De Limpieza Sin Nombre,tienda,71,18.474635,-97.376821,https://mitehuacan.mx/?ruta=16
3,Ropa Tipica La Oaxaqueña La Pequeña,tienda,71,18.461499,-97.39015,https://mitehuacan.mx/?ruta=16
3,Veladoras Y Parafinas Maria Milagrosa,tienda,71,18.461501,-97.390292,https://mitehuacan.mx/?ruta=16
3,Libreria Luz Y Vida,tienda,72,18.462422,-97.390763,https://mitehuacan.mx/?ruta=16
3,Valentina Diseños Y Moda,tienda,72,18.460099,-97.393524,https://mitehuacan.mx/?ruta=16
3,Expendio De Pan Bimbo,tienda,73,18.45866,-97.390815,https://mitehuacan.mx/?ruta=16
3,Farmacia Homeopatica Tenorio Olalde,tienda,73,18.457434,-97.390837,https://mitehuacan.mx/?ruta=16
3,Libreria Taller De Nazaret,tienda,73,18.459391,-97.393473,https://mitehuacan.mx/?ruta=16
3,Tienda De Articulos Religiosos Y Ceras San Judas Tadeo,tienda,73,18.462232,-97.390762,https://mitehuacan.mx/?ruta=16
3,Adornos Y Novedades Dulce,tienda,74,18.461653,-97.390759,https://mitehuacan.mx/?ruta=16
3,Carniceria Romms Cerdo De Calidad,tienda,74,18.46702,-97.392071,https://mitehuacan.mx/?ruta=16
3,Tienda De Artesanias De Madera Sin Nombre,tienda,74,18.460236,-97.392447,https://mitehuacan.mx/?ruta=16
3,Carniceria La Costillita,tienda,75,18.445498,-97.387471,https://mitehuacan.mx/?ruta=16
3,Expendio De Huevo,tienda,75,18.46702,-97.39208,https://mitehuacan.mx/?ruta=16
3,Tienda Naturista Juquilita,tienda,75,18.462843,-97.390143,https://mitehuacan.mx/?ruta=16
3,Venta De Suplementos L Vid New,tienda,75,18.46702,-97.39208,https://mitehuacan.mx/?ruta=16
3,Hiervas Y Plantas Medicinales 4 Elementos,tienda,76,18.457433,-97.390809,https://mitehuacan.mx/?ruta=16
3,Oxxo,tienda,76,18.461897,-97.392175,https://mitehuacan.mx/?ruta=16
3,Chiles Secos El Semillero,tienda,77,18.475009,-97.384625,https://mitehuacan.mx/?ruta=16
3,Creaciones Diana,tienda,78,18.460095,-97.390749,https://mitehuacan.mx/?ruta=16
3,Electronica Lamparas Mr Web,tienda,78,18.460138,-97.389478,https://mitehuacan.mx/?ruta=16
3,Carniceria Romens,tienda,79,18.44256,-97.38374,https://mitehuacan.mx/?ruta=16
3,Productos De Limpieza Sin Nombre,tienda,79,18.442731,-97.38372,https://mitehuacan.mx/?ruta=16
3,Tienda De Vestidos Detalles De Comunion Novias Maqueda,tienda,79,18.458819,-97.390755,https://mitehuacan.mx/?ruta=16
3,Venta De Articulos Religiosos Isabelita,tienda,79,18.462845,-97.39018,https://mitehuacan.mx/?ruta=16
3,Venta De Hierbas Y Plantas Curativas,tienda,79,18.461586,-97.390612,https://mitehuacan.mx/?ruta=16
3,Venta De Veladoras San Juditas,tienda,79,18.461584,-97.390508,https://mitehuacan.mx/?ruta=16
3,Venta De Veladoras San Juditas Tadeo,tienda,79,18.461586,-97.390631,https://mitehuacan.mx/?ruta=16
3,Venta De Artesanias Suika W Chile,tienda,80,18.459689,-97.393459,https://mitehuacan.mx/?ruta=16
3,Venta De Plantas Medicinales Sin Nombre,tienda,80,18.461583,-97.390365,https://mitehuacan.mx/?ruta=16
3,Bazar Sin Nombre,tienda,82,18.46588,-97.390619,https://mitehuacan.mx/?ruta=16
3,Venta De Vestidos Novias Aranda,tienda,82,18.46251,-97.390668,https://mitehuacan.mx/?ruta=16
3,El Ricon Del Comic,tienda,83,18.462859,-97.390654,https://mitehuacan.mx/?ruta=16
3,Exotica Sex Shop,tienda,83,18.462859,-97.390654,https://mitehuacan.mx/?ruta=16
3,Sala De Exhibicion De Lentes Sin Nombre,tienda,83,18.462859,-97.390654,https://mitehuacan.mx/?ruta=16
3,Tienda De Lentes Suplementos Opticos,tienda,83,18.464838,-97.390227,https://mitehuacan.mx/?ruta=16
3,Colecturia Inmaculadala,tienda,84,18.46184,-97.390665,https://mitehuacan.mx/?ruta=16
3,Venta De Ropa Sin Nombre,tienda,84,18.448038,-97.384272,https://mitehuacan.mx/?ruta=16
3,Venta De Valadoras E Imagenes San Francisco De Asis,tienda,84,18.46174,-97.390664,https://mitehuacan.mx/?ruta=16
3,Colecturia Articulos Religiosos,tienda,86,18.461699,-97.393165,https://mitehuacan.mx/?ruta=16
3,Coppel Tienda Departamental Reforma 448,tienda,86,18.461718,-97.394039,https://mitehuacan.mx/?ruta=16
3,Los Girasoles,tienda,86,18.461712,-97.393767,https://mitehuacan.mx/?ruta=16
3,Miscelanea Tere,tienda,86,18.44832,-97.385042,https://mitehuacan.mx/?ruta=16
3,Bodega De Veladora Maria Milagrosa,tienda,87,18.459676,-97.390666,https://mitehuacan.mx/?ruta=16
3,Venta De Instrumentos Musicales Emai,tienda,87,18.461003,-97.394986,https://mitehuacan.mx/?ruta=16
3,Venta De Papas Fritas La Inmaculada,tienda,87,18.462976,-97.390613,https://mitehuacan.mx/?ruta=16
3,Venta De Lenceria,tienda,88,18.45916,-97.390668,https://mitehuacan.mx/?ruta=16
3,Lenceria Y Corseteria Pasion Seduccion Fantasia Y Elegancia,tienda,89,18.462976,-97.390594,https://mitehuacan.mx/?ruta=16
3,Venta De Articulos Sin Nombre,tienda,89,18.449341,-97.385809,https://mitehuacan.mx/?ruta=16
3,Bazar De Ropa Sin Nombre,tienda,90,18.466949,-97.39026,https://mitehuacan.mx/?ruta=16
3,Venta De Marcos Fotograficos Marcos De Tehuacan,tienda,90,18.460029,-97.389479,https://mitehuacan.mx/?ruta=16
3,Pasteleria La Artesanal,tienda,92,18.462856,-97.390569,https://mitehuacan.mx/?ruta=16
3,Velatorios Machorro,tienda,94,18.467023,-97.39226,https://mitehuacan.mx/?ruta=16
3,Compra Venta De Productos De Limpieza Eco Limpieza Tehuacan,tienda,95,18.46484,-97.390341,https://mitehuacan.mx/?ruta=16
3,Exxotica Sex Shop Tienda,tienda,95,18.463017,-97.392338,https://mitehuacan.mx/?ruta=16
3,La Cantona,tienda,97,18.441079,-97.379578,https://mitehuacan.mx/?ruta=16
3,Productos De Limpieza Castillo,tienda,97,18.473373,-97.383972,https://mitehuacan.mx/?ruta=16
3,Tienda De Cintas Plasticas Para Elaborar Bolsas La Antigua J,tienda,97,18.460033,-97.392568,https://mitehuacan.mx/?ruta=16
3,Expendio De Pan Bimbo Independencia,tienda,98,18.462854,-97.390512,https://mitehuacan.mx/?ruta=16
3,Optica Central,tienda,98,18.463018,-97.392366,https://mitehuacan.mx/?ruta=16
3,Tienda De Lenceria La Chica De Hoy,tienda,98,18.459956,-97.38948,https://mitehuacan.mx/?ruta=16
3,Plaza Kristal,tienda,98,18.462691,-97.390518,https://mitehuacan.mx/?ruta=16
3,Venta De Ropa Usada Sin Nombre,tienda,99,18.462784,-97.388494,https://mitehuacan.mx/?ruta=16
3,Venta De Gorras Y Ropa Interior Sin Nombre Novedades,tienda,100,18.462783,-97.388484,https://mitehuacan.mx/?ruta=16
3,Tienda De Pinturas Ipesa,tienda,101,18.457526,-97.390568,https://mitehuacan.mx/?ruta=16
3,Botanas,tienda,102,18.475876,-97.374859,https://mitehuacan.mx/?ruta=16
3,C0Mpra Venta De Artesanias,tienda,102,18.479544,-97.377216,https://mitehuacan.mx/?ruta=16
3,Romss Venta De Carnes,tienda,102,18.460831,-97.388503,https://mitehuacan.mx/?ruta=16
3,Bazar Sin Nombre,tienda,103,18.454889,-97.392795,https://mitehuacan.mx/?ruta=16
3,Prodetap Proveedor De Articulos Para Tapiceria,tienda,104,18.464923,-97.390424,https://mitehuacan.mx/?ruta=16
3,Venta De Libros El Santuario Del Anime,tienda,104,18.467024,-97.392355,https://mitehuacan.mx/?ruta=16
3,Bazar Elena,tienda,105,18.475267,-97.385701,https://mitehuacan.mx/?ruta=16
3,Venta De Cruces Villanueva,tienda,106,18.458648,-97.390502,https://mitehuacan.mx/?ruta=16
3,Venta De Libros Sin Nombre,tienda,106,18.465954,-97.388415,https://mitehuacan.mx/?ruta=16
3,Coppel,tienda,106,18.461896,-97.393764,https://mitehuacan.mx/?ruta=16
3,Optica Optizone,tienda,107,18.459643,-97.392554,https://mitehuacan.mx/?ruta=16
3,Fast Cash,tienda,109,18.474955,-97.38747,https://mitehuacan.mx/?ruta=16
3,Productos Para Aseo Del Hogar La Magnifica,tienda,109,18.455426,-97.390421,https://mitehuacan.mx/?ruta=16
3,Blancos Juquilita,tienda,110,18.455426,-97.390402,https://mitehuacan.mx/?ruta=16
3,El Jarocho Carnicerias Suc Tehuacan,tienda,111,18.460739,-97.38842,https://mitehuacan.mx/?ruta=16
3,Optica Bulas,tienda,113,18.45977,-97.392559,https://mitehuacan.mx/?ruta=16
3,Venta De Ropa Sin Nombre,tienda,114,18.457017,-97.390461,https://mitehuacan.mx/?ruta=16
3,Pasteleria Cristal,tienda,117,18.460738,-97.388363,https://mitehuacan.mx/?ruta=16
3,Venta De Discos Y Peliculas Sin Nombre,tienda,117,18.458644,-97.390398,https://mitehuacan.mx/?ruta=16
3,Becondom Sex Shop,tienda,118,18.466926,-97.392491,https://mitehuacan.mx/?ruta=16
3,Estacionamiento Privado Abarrotes La Corona,tienda,120,18.460738,-97.388335,https://mitehuacan.mx/?ruta=16
3,Cremeria Magos,tienda,124,18.471354,-97.392484,https://mitehuacan.mx/?ruta=16
3,Venta De Cruces Sin Nombre,tienda,125,18.458507,-97.390331,https://mitehuacan.mx/?ruta=16
3,Venta De Pinturas Distribuidora De Poliester,tienda,125,18.45781,-97.390337,https://mitehuacan.mx/?ruta=16
3,Ba Express Ejercito Mexicano 2558,tienda,126,18.474867,-97.387742,https://mitehuacan.mx/?ruta=16
3,Optica Del Angel,tienda,126,18.460737,-97.388278,https://mitehuacan.mx/?ruta=16
3,Galeria La Casa De Los Cuadros,tienda,127,18.462077,-97.394352,https://mitehuacan.mx/?ruta=16
3,Opticas Bulas,tienda,127,18.462077,-97.394352,https://mitehuacan.mx/?ruta=16
3,Productos Naturistas Nature Sunshine,tienda,127,18.462077,-97.394352,https://mitehuacan.mx/?ruta=16
3,Carniceria Santiago,tienda,128,18.453344,-97.388594,https://mitehuacan.mx/?ruta=16
3,Proquimax,tienda,128,18.475451,-97.386901,https://mitehuacan.mx/?ruta=16
3,Carniceria La Mejor Ternera,tienda,129,18.474072,-97.379188,https://mitehuacan.mx/?ruta=16
3,Cortes Finos Y Cremeria La Carlota,tienda,130,18.475484,-97.386851,https://mitehuacan.mx/?ruta=16
3,Bazar Sin Nombre,tienda,131,18.447443,-97.381306,https://mitehuacan.mx/?ruta=16
3,Consultorio Si Oira Centro,tienda,132,18.462088,-97.394542,https://mitehuacan.mx/?ruta=16
3,Del Sol Sucursal 2239 Tehuacan,tienda,132,18.463029,-97.39269,https://mitehuacan.mx/?ruta=16
3,Optica Dr. Lente,tienda,132,18.462088,-97.394542,https://mitehuacan.mx/?ruta=16
3,Woolworth,tienda,132,18.463514,-97.392683,https://mitehuacan.mx/?ruta=16
3,Pasteleria La Cereza,tienda,133,18.46082,-97.388209,https://mitehuacan.mx/?ruta=16
3,Super Servicio Alatriste,tienda,133,18.458745,-97.390252,https://mitehuacan.mx/?ruta=16
3,Venta De Productos De Limpieza Sin Nombre,tienda,133,18.451004,-97.386633,https://mitehuacan.mx/?ruta=16
3,Farmacia Naturista Y Homeopatica Equilibrium,tienda,134,18.458813,-97.395534,https://mitehuacan.mx/?ruta=16
3,Venta De Lenceria Sin Nombre,tienda,134,18.459632,-97.389483,https://mitehuacan.mx/?ruta=16
3,Bodega De Pinturas De Distribuidora De Poliester,tienda,135,18.457563,-97.39025,https://mitehuacan.mx/?ruta=16
3,Compra Venta De Ropa Tipica Rhuama,tienda,135,18.457834,-97.390242,https://mitehuacan.mx/?ruta=16
3,Venta De Pinturas Pintucom De Tehuacan,tienda,135,18.457653,-97.390247,https://mitehuacan.mx/?ruta=16
3,Aparatos Ortopedicos Orthomott,tienda,137,18.462891,-97.388139,https://mitehuacan.mx/?ruta=16
3,Ropa Americana Sin Nombre,tienda,138,18.455422,-97.39008,https://mitehuacan.mx/?ruta=16
3,Bazar Doña Vero,tienda,140,18.447408,-97.381195,https://mitehuacan.mx/?ruta=16
3,Tienda De Colchas Y Blancos Concord Tehuacan,tienda,140,18.462098,-97.394712,https://mitehuacan.mx/?ruta=16
3,650191 Neto Tehuacan 5 Sur,tienda,141,18.459564,-97.389484,https://mitehuacan.mx/?ruta=16
3,Tienda De Pinturas Jc Pinturas Acuario,tienda,144,18.456483,-97.390186,https://mitehuacan.mx/?ruta=16
3,Distribuidora De Optica Indigo High Technology,tienda,145,18.462254,-97.394142,https://mitehuacan.mx/?ruta=16
3,Almacen De Carniceria La Favorita,tienda,148,18.471304,-97.39271,https://mitehuacan.mx/?ruta=16
3,Almacen De Carniceria Taur0,tienda,148,18.471304,-97.392714,https://mitehuacan.mx/?ruta=16
3,Bodega De Carniceria Emmanuel,tienda,148,18.471304,-97.392714,https://mitehuacan.mx/?ruta=16
3,Bodega De La Carniceria Y Polleria Maribel,tienda,148,18.471304,-97.392714,https://mitehuacan.mx/?ruta=16
3,Carniceria El Buen El Buen Trato,tienda,148,18.471304,-97.392714,https://mitehuacan.mx/?ruta=16
3,Carniceria Emmanuel,tienda,148,18.471304,-97.392714,https://mitehuacan.mx/?ruta=16
3,Carniceria La Favorita,tienda,148,18.471304,-97.392714,https://mitehuacan.mx/?ruta=16
3,Carniceria Tauro,tienda,148,18.471304,-97.392714,https://mitehuacan.mx/?ruta=16
3,Cremeria Y Salchichoneria Yenifer,tienda,148,18.471304,-97.392714,https://mitehuacan.mx/?ruta=16
3,El Novillero Del Caribe Productos Carnicos,tienda,148,18.471304,-97.392714,https://mitehuacan.mx/?ruta=16
3,Venta De Plasticos,tienda,148,18.471304,-97.392714,https://mitehuacan.mx/?ruta=16
3,Pasteleria La Cereza,tienda,149,18.458633,-97.390104,https://mitehuacan.mx/?ruta=16
3,Oxxo,tienda,149,18.469236,-97.392751,https://mitehuacan.mx/?ruta=16
3,Intima Hogar,tienda,150,18.462888,-97.388018,https://mitehuacan.mx/?ruta=16
3,Tintorería Tehuacán,tintorería,30,18.464826,-97.389153,https://mitehuacan.mx/?ruta=16
3,BarberShop,tintorería,40,18.464847,-97.391034,https://mitehuacan.mx/?ruta=16
3,Vidrieria Sin Nombre,vidriería,4,18.441955,-97.380413,https://mitehuacan.mx/?ruta=16
3,Vidrios Y Aluminios Sarabia,vidriería,5,18.470749,-97.391272,https://mitehuacan.mx/?ruta=16
3,Vidrios Y Alumnios Gonzalez,vidriería,5,18.468405,-97.391305,https://mitehuacan.mx/?ruta=16
3,Vidrios Y Aluminios Arquitectonicos De Mexico,vidriería,17,18.46407,-97.389286,https://mitehuacan.mx/?ruta=16
3,Bodega De Vidri Sin Nombre,vidriería,26,18.441559,-97.381508,https://mitehuacan.mx/?ruta=16
3,Vidrios Y Aluminios Muñoz,vidriería,26,18.469001,-97.389148,https://mitehuacan.mx/?ruta=16
3,Vidrios Y Aluminios La Economica,vidriería,36,18.448187,-97.383132,https://mitehuacan.mx/?ruta=16
3,Vidrios Y Aluminios Horus,vidriería,49,18.469131,-97.391809,https://mitehuacan.mx/?ruta=16
3,Vidrieria Sin Nombre,vidriería,55,18.472801,-97.390566,https://mitehuacan.mx/?ruta=16
3,Taller De Vidrios Y Aluminio Juquilita,vidriería,61,18.44339,-97.389862,https://mitehuacan.mx/?ruta=16
3,Superfil Canceleria De Aluminio,vidriería,63,18.454412,-97.391945,https://mitehuacan.mx/?ruta=16
3,Vidreria Mendoza,vidriería,63,18.464815,-97.388843,https://mitehuacan.mx/?ruta=16
3,Aluminios Aluvid,vidriería,66,18.464848,-97.390787,https://mitehuacan.mx/?ruta=16
3,Vidrios Y Aluminios Vimac,vidriería,71,18.466941,-97.39008,https://mitehuacan.mx/?ruta=16
3,Vidrieria Sin Nombre,vidriería,131,18.44718,-97.381174,https://mitehuacan.mx/?ruta=16
3,Vidrios Y Aluminios Franco,vidriería,135,18.458097,-97.39024,https://mitehuacan.mx/?ruta=16
3,Aluminios Y Herrajes Aluher,vidriería,149,18.458817,-97.395676,https://mitehuacan.mx/?ruta=16
3,Floreria Los Girasoles Tehuacan,vivero,3,18.445931,-97.381971,https://mitehuacan.mx/?ruta=16
3,El Vivero Del Florecita,vivero,4,18.446,-97.381873,https://mitehuacan.mx/?ruta=16
3,Floristeria Donnatela,vivero,4,18.442018,-97.380442,https://mitehuacan.mx/?ruta=16
3,Floreria Flores Y Colores,vivero,6,18.467178,-97.391425,https://mitehuacan.mx/?ruta=16
3,Floreria Rosy,vivero,15,18.463283,-97.389305,https://mitehuacan.mx/?ruta=16
3,Vivero Natural Green,vivero,15,18.460708,-97.389473,https://mitehuacan.mx/?ruta=16
3,Floreria Ld,vivero,26,18.472114,-97.391546,https://mitehuacan.mx/?ruta=16
3,Venta De Flores Sin Nombre,vivero,29,18.461948,-97.391178,https://mitehuacan.mx/?ruta=16
3,Venta De Hoja De Tamal,vivero,29,18.461948,-97.391178,https://mitehuacan.mx/?ruta=16
3,Venta De Hojas De Platano Sin Nombre,vivero,29,18.461948,-97.391178,https://mitehuacan.mx/?ruta=16
3,Venta De Plantitas,vivero,31,18.479311,-97.373696,https://mitehuacan.mx/?ruta=16
3,Floreria D Xochitl,vivero,38,18.461575,-97.389825,https://mitehuacan.mx/?ruta=16
3,Floreria Guadalupe,vivero,43,18.448241,-97.383161,https://mitehuacan.mx/?ruta=16
3,Floreria El Clavel,vivero,50,18.461577,-97.389939,https://mitehuacan.mx/?ruta=16
3,Floreria Boutique Lisiantus,vivero,51,18.458305,-97.394238,https://mitehuacan.mx/?ruta=16
3,Bodega De Floreria Detalles,vivero,71,18.461501,-97.390292,https://mitehuacan.mx/?ruta=16
3,Floreria Adelita,vivero,71,18.461501,-97.390292,https://mitehuacan.mx/?ruta=16
3,Floreria Angelito,vivero,71,18.461501,-97.390292,https://mitehuacan.mx/?ruta=16
3,Floreria Betty,vivero,71,18.461503,-97.390406,https://mitehuacan.mx/?ruta=16
3,Floreria Bety,vivero,71,18.461502,-97.39034,https://mitehuacan.mx/?ruta=16
3,Floreria Detalles,vivero,71,18.461501,-97.390292,https://mitehuacan.mx/?ruta=16
3,Floreria El Campesino,vivero,71,18.461502,-97.390378,https://mitehuacan.mx/?ruta=16
3,Floreria Emmanuel,vivero,71,18.461501,-97.390292,https://mitehuacan.mx/?ruta=16
3,Floreria Joselyn,vivero,71,18.461501,-97.390292,https://mitehuacan.mx/?ruta=16
3,Floreria Juquilita,vivero,71,18.461501,-97.390292,https://mitehuacan.mx/?ruta=16
3,Floreria Ramos,vivero,71,18.461501,-97.390292,https://mitehuacan.mx/?ruta=16
3,Floreria Sin Nombre,vivero,71,18.461501,-97.390292,https://mitehuacan.mx/?ruta=16
3,Floreria Jade,vivero,77,18.462789,-97.388702,https://mitehuacan.mx/?ruta=16
3,Floreria San Antonio,vivero,79,18.461586,-97.390593,https://mitehuacan.mx/?ruta=16
3,Venta De Plantas Y Chacharas Sin Nombre,vivero,97,18.470082,-97.392248,https://mitehuacan.mx/?ruta=16
3,Floreria Iris,vivero,100,18.474628,-97.388077,https://mitehuacan.mx/?ruta=16
3,Floreria Flor Y Arte,vivero,111,18.459671,-97.392555,https://mitehuacan.mx/?ruta=16
3,Floreria Mary,vivero,127,18.471981,-97.38274,https://mitehuacan.mx/?ruta=16
3,Floreria Emmanuel,vivero,132,18.462775,-97.388181,https://mitehuacan.mx/?ruta=16
