prioridad,negocio,categoria,dist_m,lat,lon,maps
1,Cafeteria Pirillos,café,2,18.470215,-97.393927,https://mitehuacan.mx/?ruta=24-dina
1,Jugueria De Frutas El Naranjito,café,3,18.466879,-97.391429,https://mitehuacan.mx/?ruta=24-dina
1,Paletas Y Helados Flor De Miel,café,3,18.493825,-97.389753,https://mitehuacan.mx/?ruta=24-dina
1,The Italian Coffee Company,café,3,18.471005,-97.394196,https://mitehuacan.mx/?ruta=24-dina
1,Venta De Aguas Frescas Sin Nombre,café,3,18.458655,-97.390673,https://mitehuacan.mx/?ruta=24-dina
1,Venta De Jugos Super Jugos Curativos,café,3,18.458671,-97.391184,https://mitehuacan.mx/?ruta=24-dina
1,Cafeteria Las 3 B,café,4,18.475074,-97.394978,https://mitehuacan.mx/?ruta=24-dina
1,Elaboracion Y Venta De Bebidas Bobba Go,café,4,18.458623,-97.389801,https://mitehuacan.mx/?ruta=24-dina
1,Heladeria Helados Y Nieves Naturales Tehuacan,café,4,18.459748,-97.394209,https://mitehuacan.mx/?ruta=24-dina
1,Donas Match Donuts,café,5,18.462368,-97.394014,https://mitehuacan.mx/?ruta=24-dina
1,Jugos De Naranja Isabel,café,6,18.464727,-97.384178,https://mitehuacan.mx/?ruta=24-dina
1,Jugueria El Naranjito,café,6,18.465107,-97.397955,https://mitehuacan.mx/?ruta=24-dina
1,Tienda Escolar Centro Escolar Presidente Venustiano Carranza,café,6,18.469225,-97.396996,https://mitehuacan.mx/?ruta=24-dina
1,Cooperativa Escolar El Caramelo,café,7,18.465837,-97.397909,https://mitehuacan.mx/?ruta=24-dina
1,Elaboracion Y Venta De Aguas Frescas Sin Nombre,café,7,18.460965,-97.378318,https://mitehuacan.mx/?ruta=24-dina
1,Tienda Escolar Sin Nombre,café,7,18.465846,-97.397909,https://mitehuacan.mx/?ruta=24-dina
1,Venta De Crepas Sweet Pink,café,7,18.467736,-97.39783,https://mitehuacan.mx/?ruta=24-dina
1,Cafeteria A & A Smoothies,café,8,18.465754,-97.391335,https://mitehuacan.mx/?ruta=24-dina
1,Cafeteria Izla Cafe,café,9,18.463125,-97.395531,https://mitehuacan.mx/?ruta=24-dina
1,Elaboracion Y Venta De Churros,café,9,18.461091,-97.378977,https://mitehuacan.mx/?ruta=24-dina
1,Venta De Jugos Las Palmas,café,10,18.483139,-97.397773,https://mitehuacan.mx/?ruta=24-dina
1,Venta De Jugos Naturales,café,10,18.481363,-97.391969,https://mitehuacan.mx/?ruta=24-dina
1,Venta De Antojitos Sin Nombre,café,16,18.493703,-97.38988,https://mitehuacan.mx/?ruta=24-dina
1,Rock Burger,café,21,18.460601,-97.377792,https://mitehuacan.mx/?ruta=24-dina
1,Cafeteria Idue Cafe,café,22,18.459066,-97.385896,https://mitehuacan.mx/?ruta=24-dina
1,Cafe La Giralda,café,29,18.462077,-97.394352,https://mitehuacan.mx/?ruta=24-dina
1,Tortas Las Cuñis,café,31,18.469113,-97.393651,https://mitehuacan.mx/?ruta=24-dina
1,Cooperativa Escolar Sin Nombre,café,35,18.493941,-97.388278,https://mitehuacan.mx/?ruta=24-dina
1,Cafeteria Picnic,café,37,18.469492,-97.396337,https://mitehuacan.mx/?ruta=24-dina
1,Tienda Escolar Sin Nombre,café,41,18.465123,-97.387018,https://mitehuacan.mx/?ruta=24-dina
1,Ruta Cafe,café,42,18.459007,-97.388643,https://mitehuacan.mx/?ruta=24-dina
1,Cafeteria La Suiza,café,44,18.459039,-97.389388,https://mitehuacan.mx/?ruta=24-dina
1,Venta De Tortas Sin Nombre,café,59,18.469257,-97.39839,https://mitehuacan.mx/?ruta=24-dina
1,Cafeteria Cafe Iberia,café,72,18.465286,-97.382698,https://mitehuacan.mx/?ruta=24-dina
1,Cafeteria Si Encanta,café,72,18.469809,-97.396335,https://mitehuacan.mx/?ruta=24-dina
1,Master Coffe Tehuacan,café,75,18.460727,-97.385176,https://mitehuacan.mx/?ruta=24-dina
1,Cafeteria Mientras Espero,café,82,18.461001,-97.394901,https://mitehuacan.mx/?ruta=24-dina
1,The Italian Coffe,café,83,18.462746,-97.393261,https://mitehuacan.mx/?ruta=24-dina
1,Jugos Y Tortas California,café,84,18.459495,-97.392424,https://mitehuacan.mx/?ruta=24-dina
1,Santa te,café,84,18.462499,-97.393262,https://mitehuacan.mx/?ruta=24-dina
1,Mientras Espero Foro Y Cafe,café,85,18.46361,-97.393608,https://mitehuacan.mx/?ruta=24-dina
1,Restaurante Cocina De Autor Sante,café,87,18.462652,-97.393231,https://mitehuacan.mx/?ruta=24-dina
1,The Italian Coffe Company Tehuacan,café,87,18.462887,-97.393226,https://mitehuacan.mx/?ruta=24-dina
1,Finca San Agustin Cafe,café,88,18.457938,-97.392445,https://mitehuacan.mx/?ruta=24-dina
1,Cafeteria San Francisco,café,89,18.470488,-97.392805,https://mitehuacan.mx/?ruta=24-dina
1,Expreso Cafe,café,89,18.470488,-97.392805,https://mitehuacan.mx/?ruta=24-dina
1,Helados Panchito,café,89,18.470488,-97.392805,https://mitehuacan.mx/?ruta=24-dina
1,Jugos Y Licuados Karina,café,89,18.470488,-97.392805,https://mitehuacan.mx/?ruta=24-dina
1,Venta De Jugos Y Refrescos San Juditas,café,89,18.470488,-97.392805,https://mitehuacan.mx/?ruta=24-dina
1,Cafeteria 3 Leches,café,91,18.462305,-97.397589,https://mitehuacan.mx/?ruta=24-dina
1,Cafeteria Llerrier,café,91,18.460912,-97.39498,https://mitehuacan.mx/?ruta=24-dina
1,Tienda Escolar,café,91,18.462222,-97.384842,https://mitehuacan.mx/?ruta=24-dina
1,Cafeteria Yuyus,café,98,18.478406,-97.393544,https://mitehuacan.mx/?ruta=24-dina
1,Dr. Tapioca,café,98,18.457891,-97.393578,https://mitehuacan.mx/?ruta=24-dina
1,Coth06_Ruta Cafe Tehuacan Ado,café,99,18.462133,-97.395305,https://mitehuacan.mx/?ruta=24-dina
1,Ambrosia,café,102,18.470355,-97.392347,https://mitehuacan.mx/?ruta=24-dina
1,Jugueria Sin Nombre,café,105,18.464044,-97.399057,https://mitehuacan.mx/?ruta=24-dina
1,Venta De Desayunos,café,105,18.472327,-97.390203,https://mitehuacan.mx/?ruta=24-dina
1,Mr. Creping,café,106,18.464957,-97.392434,https://mitehuacan.mx/?ruta=24-dina
1,Elaboracion Y Venta De Banderillas Y Derivados,café,107,18.463382,-97.393129,https://mitehuacan.mx/?ruta=24-dina
1,Venta De Jugos Y Licuados,café,109,18.460862,-97.393094,https://mitehuacan.mx/?ruta=24-dina
1,Cafeteria Sweet Dreams,café,116,18.463785,-97.399179,https://mitehuacan.mx/?ruta=24-dina
1,Jugueria El Oasis,café,117,18.465766,-97.38524,https://mitehuacan.mx/?ruta=24-dina
1,Marquesitas Alux S,café,118,18.467328,-97.399033,https://mitehuacan.mx/?ruta=24-dina
1,Cooperativa Sin Nombre,café,123,18.493908,-97.387435,https://mitehuacan.mx/?ruta=24-dina
1,Cafe Sierra Negra,café,125,18.457574,-97.391481,https://mitehuacan.mx/?ruta=24-dina
1,Cafeteria Ceut,café,129,18.463635,-97.388377,https://mitehuacan.mx/?ruta=24-dina
1,Servicio De Venta De Helados Nutrisa,café,130,18.464133,-97.393932,https://mitehuacan.mx/?ruta=24-dina
1,Jugueria Sin Nombre,café,131,18.465817,-97.382689,https://mitehuacan.mx/?ruta=24-dina
1,Jugueria Raquel,café,135,18.465925,-97.384707,https://mitehuacan.mx/?ruta=24-dina
1,Venta De Jugos Sin Nombre,café,142,18.462702,-97.385574,https://mitehuacan.mx/?ruta=24-dina
1,Pasteleria Francesa Le Coin Sucre,café,146,18.46429,-97.394087,https://mitehuacan.mx/?ruta=24-dina
1,Compra Venta De Accesorios Para Celular Accesorios Una Hora ,celulares,1,18.464835,-97.390085,https://mitehuacan.mx/?ruta=24-dina
1,Compra Venta De Refacciones Para Celulares Iplus Refacciones,celulares,1,18.464835,-97.390085,https://mitehuacan.mx/?ruta=24-dina
1,Reparacion De Computadoras Movil Cel Lap,celulares,1,18.464993,-97.391447,https://mitehuacan.mx/?ruta=24-dina
1,Venta De Accesorios Para Celular Cell-Tab,celulares,1,18.464852,-97.391052,https://mitehuacan.mx/?ruta=24-dina
1,Grupo Accel,celulares,3,18.458657,-97.390711,https://mitehuacan.mx/?ruta=24-dina
1,Tienda De Telefonos Distribuidor Autorizado Pamec Telcel,celulares,3,18.458618,-97.389317,https://mitehuacan.mx/?ruta=24-dina
1,Unlock Cell Andy Venta De Articulos Para Celulares,celulares,3,18.458629,-97.389972,https://mitehuacan.mx/?ruta=24-dina
1,Venta De Celulares Cellular Wordl,celulares,3,18.458657,-97.390711,https://mitehuacan.mx/?ruta=24-dina
1,Yeyi Cell Accesorios Y Reparacion,celulares,3,18.458698,-97.392199,https://mitehuacan.mx/?ruta=24-dina
1,Dsitribuidor Autorizado Ultracel,celulares,4,18.464833,-97.391448,https://mitehuacan.mx/?ruta=24-dina
1,Venta De Telefonos Celulares Distribuidor Autorizado Telcel ,celulares,4,18.458583,-97.388607,https://mitehuacan.mx/?ruta=24-dina
1,Venta De Accesorios Para Celular Farmacell,celulares,5,18.458602,-97.38727,https://mitehuacan.mx/?ruta=24-dina
1,Venta De Telefonos Celulares Distribuidor Autorizado Telcel,celulares,5,18.458608,-97.387363,https://mitehuacan.mx/?ruta=24-dina
1,Accesorios Para Celulares Click,celulares,6,18.471419,-97.392555,https://mitehuacan.mx/?ruta=24-dina
1,Tienda De Telefonos Distribuidor Autorizado Pamec Telcel,celulares,6,18.458753,-97.394037,https://mitehuacan.mx/?ruta=24-dina
1,El Rey De Las Fundas,celulares,7,18.461657,-97.394166,https://mitehuacan.mx/?ruta=24-dina
1,Servicel Tehuacan Centro,celulares,7,18.46182,-97.39416,https://mitehuacan.mx/?ruta=24-dina
1,Venta De Accesorios Para Celular Ospital,celulares,8,18.463141,-97.39601,https://mitehuacan.mx/?ruta=24-dina
1,Accesorios De Celulares Vale Bu,celulares,9,18.458722,-97.389285,https://mitehuacan.mx/?ruta=24-dina
1,Tienda De Telefonia Genius Movil,celulares,9,18.466822,-97.391325,https://mitehuacan.mx/?ruta=24-dina
1,Venta De Accesorios Para Celular Redi,celulares,12,18.45875,-97.389393,https://mitehuacan.mx/?ruta=24-dina
1,Accesorios Para Celulares Lucky,celulares,17,18.462071,-97.394239,https://mitehuacan.mx/?ruta=24-dina
1,Tienda De Telefonos Distribuidor Autorizado Pamec Telcel,celulares,17,18.462956,-97.393886,https://mitehuacan.mx/?ruta=24-dina
1,Tienda De Telefonos Autorizado Pamec Telcel,celulares,19,18.458876,-97.391448,https://mitehuacan.mx/?ruta=24-dina
1,Dido Cell,celulares,23,18.460882,-97.393909,https://mitehuacan.mx/?ruta=24-dina
1,Tienda De Telefonos Distribuidor Autorizado Pamec Telcel,celulares,23,18.462954,-97.393829,https://mitehuacan.mx/?ruta=24-dina
1,Fundas Para Celular Fundashernandez,celulares,37,18.463063,-97.393712,https://mitehuacan.mx/?ruta=24-dina
1,Venta De Productos De Electronica D& D Promotion,celulares,46,18.460975,-97.393687,https://mitehuacan.mx/?ruta=24-dina
1,Celular World,celulares,50,18.462946,-97.393574,https://mitehuacan.mx/?ruta=24-dina
1,Compra Venta De Accesorios Para Celular Telef Mania,celulares,55,18.464369,-97.391348,https://mitehuacan.mx/?ruta=24-dina
1,Compra Venta De Refacciones Para Celular,celulares,55,18.464343,-97.3894,https://mitehuacan.mx/?ruta=24-dina
1,Tienda De Tecnologia,celulares,67,18.47237,-97.390571,https://mitehuacan.mx/?ruta=24-dina
1,Tienda De Accesorios Para Celulares Centro Cell,celulares,73,18.459377,-97.391553,https://mitehuacan.mx/?ruta=24-dina
1,Compra Venta De Accesorios Para Celular La Reina,celulares,80,18.464143,-97.391352,https://mitehuacan.mx/?ruta=24-dina
1,La Casa Del Celular Deluxe,celulares,86,18.461567,-97.393286,https://mitehuacan.mx/?ruta=24-dina
1,La Casa Del Celular,celulares,89,18.460865,-97.393283,https://mitehuacan.mx/?ruta=24-dina
1,Venta De Telefonos Telcel,celulares,89,18.460865,-97.393283,https://mitehuacan.mx/?ruta=24-dina
1,Macropay,celulares,90,18.463938,-97.386968,https://mitehuacan.mx/?ruta=24-dina
1,Reparacion De Telefonos Telcel,celulares,105,18.464663,-97.381524,https://mitehuacan.mx/?ruta=24-dina
1,Venta De Accesorios Para. Celulares,celulares,108,18.461357,-97.387035,https://mitehuacan.mx/?ruta=24-dina
1,Bodega De Telcel Grupo Accell,celulares,109,18.462123,-97.39695,https://mitehuacan.mx/?ruta=24-dina
1,Discoteca Moderna- Venta De Refacciones Electronicas,celulares,110,18.46304,-97.393011,https://mitehuacan.mx/?ruta=24-dina
1,Grupo Accell,celulares,111,18.462098,-97.39659,https://mitehuacan.mx/?ruta=24-dina
1,Accesorios De Celular Happy,celulares,112,18.458996,-97.385047,https://mitehuacan.mx/?ruta=24-dina
1,Celular Shop,celulares,115,18.459776,-97.392433,https://mitehuacan.mx/?ruta=24-dina
1,Compra Venta De Accesorios Para Celulares Technology Store,celulares,116,18.463817,-97.391357,https://mitehuacan.mx/?ruta=24-dina
1,Accesorios De Celulares Movistar,celulares,120,18.46086,-97.392989,https://mitehuacan.mx/?ruta=24-dina
1,Venta De Accesorios Para Celular Sin Nombre,celulares,120,18.464879,-97.392569,https://mitehuacan.mx/?ruta=24-dina
1,Cellular World,celulares,123,18.464082,-97.394092,https://mitehuacan.mx/?ruta=24-dina
1,Venta De Accesorios Alpha Systems,celulares,123,18.459849,-97.392435,https://mitehuacan.mx/?ruta=24-dina
1,Accesorios Para Celular Telefonmania,celulares,124,18.459839,-97.391547,https://mitehuacan.mx/?ruta=24-dina
1,Macropay,celulares,128,18.459805,-97.389379,https://mitehuacan.mx/?ruta=24-dina
1,Tap-Cel,celulares,131,18.45989,-97.391429,https://mitehuacan.mx/?ruta=24-dina
1,Tienda De Discos Sin Nombre,celulares,135,18.457302,-97.385937,https://mitehuacan.mx/?ruta=24-dina
1,Servicio Tecnico De Celulares El Vencedor,celulares,139,18.457442,-97.391188,https://mitehuacan.mx/?ruta=24-dina
1,Tmac Telcel Distribuidor Autorizado,celulares,141,18.460857,-97.39279,https://mitehuacan.mx/?ruta=24-dina
1,Technology Store,celulares,146,18.460025,-97.391426,https://mitehuacan.mx/?ruta=24-dina
1,Tecnologia Inalambrica Del Itsmo,celulares,150,18.460856,-97.392705,https://mitehuacan.mx/?ruta=24-dina
1,Consultorio De Dermatologia A Flor De Piel,consultorio,0,18.462989,-97.394521,https://mitehuacan.mx/?ruta=24-dina
1,Consultorio De Doctor Julio Herrera Silva,consultorio,0,18.462989,-97.394521,https://mitehuacan.mx/?ruta=24-dina
1,Consultorio De Ginecologia Y Colposcopia,consultorio,0,18.464812,-97.388776,https://mitehuacan.mx/?ruta=24-dina
1,Consultorio Dental,consultorio,0,18.469268,-97.391384,https://mitehuacan.mx/?ruta=24-dina
1,Consultorio Dental Doctara Iriana Mendez Vargas,consultorio,0,18.462989,-97.394521,https://mitehuacan.mx/?ruta=24-dina
1,Consultorio Dental Sin Nombre,consultorio,0,18.464815,-97.388843,https://mitehuacan.mx/?ruta=24-dina
1,Consultorio Medico Doctor Tapia,consultorio,0,18.462989,-97.394521,https://mitehuacan.mx/?ruta=24-dina
1,Consultorio Medico Internista Dr Raymundo Hernandez Gomez,consultorio,0,18.462989,-97.394521,https://mitehuacan.mx/?ruta=24-dina
1,Consultorio Medico Jose Juan Carreno Montiel,consultorio,0,18.462989,-97.394521,https://mitehuacan.mx/?ruta=24-dina
1,Ginecologo Rigoberto Bobadilla Valenzuela,consultorio,0,18.462989,-97.394521,https://mitehuacan.mx/?ruta=24-dina
1,Bioarthirs Tehuacan,consultorio,1,18.474236,-97.392795,https://mitehuacan.mx/?ruta=24-dina
1,Clinica Dental A&R,consultorio,1,18.464832,-97.389924,https://mitehuacan.mx/?ruta=24-dina
1,Clinica Dental Oral,consultorio,1,18.464794,-97.388322,https://mitehuacan.mx/?ruta=24-dina
1,Clinica Dental Oral,consultorio,1,18.464753,-97.38727,https://mitehuacan.mx/?ruta=24-dina
1,Clinica Dentis,consultorio,1,18.463006,-97.394985,https://mitehuacan.mx/?ruta=24-dina
1,Consultorio Dental Clinico,consultorio,1,18.463006,-97.394985,https://mitehuacan.mx/?ruta=24-dina
1,Consultorio Dental Karla Arellano,consultorio,1,18.463006,-97.394985,https://mitehuacan.mx/?ruta=24-dina
1,Consultorio Dental Raul Romero Alvarado,consultorio,1,18.463014,-97.395203,https://mitehuacan.mx/?ruta=24-dina
1,Consultorio Dental Sin Nombre,consultorio,1,18.471196,-97.391367,https://mitehuacan.mx/?ruta=24-dina
1,Consultorio Medico General,consultorio,1,18.471621,-97.39136,https://mitehuacan.mx/?ruta=24-dina
1,Consultorio Psicologico Silvia Vera Arellano,consultorio,1,18.463006,-97.394985,https://mitehuacan.mx/?ruta=24-dina
1,Optica Visual Blue,consultorio,1,18.464793,-97.388274,https://mitehuacan.mx/?ruta=24-dina
1,Consultorio Dental,consultorio,2,18.464721,-97.385108,https://mitehuacan.mx/?ruta=24-dina
1,Dr Jose Eduardo Freyre Pulido,consultorio,2,18.471426,-97.394385,https://mitehuacan.mx/?ruta=24-dina
1,Medico Especializada En Audiologia Comunicacion Humana,consultorio,2,18.471426,-97.394385,https://mitehuacan.mx/?ruta=24-dina
1,Podologia Salud Y Bienestar Para Sus Pies,consultorio,2,18.468056,-97.391412,https://mitehuacan.mx/?ruta=24-dina
1,Psicologia,consultorio,2,18.468743,-97.391402,https://mitehuacan.mx/?ruta=24-dina
1,Torre Medica,consultorio,2,18.471426,-97.394385,https://mitehuacan.mx/?ruta=24-dina
1,Torre Medica Sin Nombre,consultorio,2,18.471426,-97.394385,https://mitehuacan.mx/?ruta=24-dina
1,Axel Sport Terapia Fisica,consultorio,3,18.458694,-97.392,https://mitehuacan.mx/?ruta=24-dina
1,Centro De Rehabilitacion Olin,consultorio,3,18.466173,-97.391436,https://mitehuacan.mx/?ruta=24-dina
1,Clinica Dental Puebla,consultorio,3,18.458694,-97.392,https://mitehuacan.mx/?ruta=24-dina
1,Clinica Dermatofuncional,consultorio,3,18.466173,-97.391436,https://mitehuacan.mx/?ruta=24-dina
1,Consultorio De Rehabilitacion Rivelez,consultorio,3,18.467378,-97.397948,https://mitehuacan.mx/?ruta=24-dina
1,Consultorio Dental,consultorio,3,18.466101,-97.391436,https://mitehuacan.mx/?ruta=24-dina
1,Consultorio Dental Rosas,consultorio,3,18.463106,-97.397904,https://mitehuacan.mx/?ruta=24-dina
1,Consultorio Medico De Fundacion Best,consultorio,3,18.458694,-97.392009,https://mitehuacan.mx/?ruta=24-dina
1,Consultorio Medico De Fundacion Best Fin De Semana,consultorio,3,18.458694,-97.392009,https://mitehuacan.mx/?ruta=24-dina
1,Consultorio Medico Dental,consultorio,3,18.4587,-97.392303,https://mitehuacan.mx/?ruta=24-dina
1,Consultorio Medico Fundacion Best Vespertino,consultorio,3,18.458694,-97.392009,https://mitehuacan.mx/?ruta=24-dina
1,Consultorio Medico Juan Luna Diaz,consultorio,3,18.458698,-97.392199,https://mitehuacan.mx/?ruta=24-dina
1,Omega Imagen Y Laboratorio,consultorio,3,18.463108,-97.397942,https://mitehuacan.mx/?ruta=24-dina
1,Sanaury Control De Peso,consultorio,3,18.458694,-97.392,https://mitehuacan.mx/?ruta=24-dina
1,Spa Jenn,consultorio,3,18.466173,-97.391436,https://mitehuacan.mx/?ruta=24-dina
1,Centro De Orientacion Psicologica Integral Sin Nombre,consultorio,4,18.482013,-97.395332,https://mitehuacan.mx/?ruta=24-dina
1,Consultorio De Psicologia,consultorio,4,18.464833,-97.391448,https://mitehuacan.mx/?ruta=24-dina
1,Consultorio Dental Sin Nombre,consultorio,4,18.465621,-97.391441,https://mitehuacan.mx/?ruta=24-dina
1,Consultorio Medico General Sin Nombre,consultorio,4,18.466473,-97.397986,https://mitehuacan.mx/?ruta=24-dina
1,Saude Fisioterapia Y Rehabilitacion,consultorio,4,18.463098,-97.397743,https://mitehuacan.mx/?ruta=24-dina
1,Unidad De Terapia Y Rehabilitacion,consultorio,4,18.468137,-97.39792,https://mitehuacan.mx/?ruta=24-dina
1,Consultorio De Fisioterapia Rehabilitare,consultorio,5,18.458541,-97.387745,https://mitehuacan.mx/?ruta=24-dina
1,Consultorio De Odontopediatria Mary,consultorio,5,18.462603,-97.394007,https://mitehuacan.mx/?ruta=24-dina
1,Consultorio Dental,consultorio,5,18.462603,-97.394007,https://mitehuacan.mx/?ruta=24-dina
1,Consultorio Fundacion Best,consultorio,5,18.458547,-97.387868,https://mitehuacan.mx/?ruta=24-dina
1,Consultorio Psicologico,consultorio,5,18.46494,-97.398068,https://mitehuacan.mx/?ruta=24-dina
1,Consultorio Dental,consultorio,6,18.471353,-97.392651,https://mitehuacan.mx/?ruta=24-dina
1,Consultorio Medico,consultorio,6,18.461439,-97.384517,https://mitehuacan.mx/?ruta=24-dina
1,Consultorio Medico General Doctor Pablo Garcia Merino,consultorio,6,18.458748,-97.393867,https://mitehuacan.mx/?ruta=24-dina
1,Grupo Dental Bulas,consultorio,6,18.458843,-97.393721,https://mitehuacan.mx/?ruta=24-dina
1,Centro Medico Esperanza,consultorio,7,18.470353,-97.394026,https://mitehuacan.mx/?ruta=24-dina
1,Clinica Odontologica,consultorio,7,18.463162,-97.396612,https://mitehuacan.mx/?ruta=24-dina
1,Consultorio Dental Diaz,consultorio,7,18.46591,-97.397906,https://mitehuacan.mx/?ruta=24-dina
1,Consultorio Dental Ortocket,consultorio,7,18.463169,-97.396858,https://mitehuacan.mx/?ruta=24-dina
1,Consultorio Dental Sarident,consultorio,7,18.463162,-97.396612,https://mitehuacan.mx/?ruta=24-dina
1,Consultorio Dental Sin Nombre,consultorio,7,18.458699,-97.38884,https://mitehuacan.mx/?ruta=24-dina
1,Consultorio Medico 04,consultorio,7,18.463163,-97.39664,https://mitehuacan.mx/?ruta=24-dina
1,Consultorio Medico Agustin Pacheco Merlo,consultorio,7,18.458816,-97.392897,https://mitehuacan.mx/?ruta=24-dina
1,Consultorio Medico Doctor Roberto Nakid,consultorio,7,18.460753,-97.394195,https://mitehuacan.mx/?ruta=24-dina
1,Consultorio Medico Eduardo Gonzalez Barbosa,consultorio,7,18.460753,-97.394195,https://mitehuacan.mx/?ruta=24-dina
1,Consultorio Medico Similares,consultorio,7,18.463163,-97.39664,https://mitehuacan.mx/?ruta=24-dina
1,Consultorio Medico Sin Nombre,consultorio,7,18.463162,-97.396612,https://mitehuacan.mx/?ruta=24-dina
1,Unidad Medica Familiar N 30,consultorio,7,18.46316,-97.396545,https://mitehuacan.mx/?ruta=24-dina
1,Centro De Apiterapia,consultorio,8,18.471353,-97.392617,https://mitehuacan.mx/?ruta=24-dina
1,Centro De Hisoterapia Placentaria,consultorio,8,18.463134,-97.395778,https://mitehuacan.mx/?ruta=24-dina
1,Clinica Endodental,consultorio,8,18.462254,-97.394142,https://mitehuacan.mx/?ruta=24-dina
1,Consultorio Dental Haim,consultorio,8,18.465736,-97.391336,https://mitehuacan.mx/?ruta=24-dina
1,Consultorio Dental May Dental Studio,consultorio,8,18.464926,-97.390632,https://mitehuacan.mx/?ruta=24-dina
1,Consultorio En Ginecologia Y Obstetricia,consultorio,8,18.464933,-97.390993,https://mitehuacan.mx/?ruta=24-dina
1,Consultorio Medico,consultorio,8,18.463139,-97.395939,https://mitehuacan.mx/?ruta=24-dina
1,Consultorio Medico De Gastroenterologia,consultorio,8,18.463134,-97.395778,https://mitehuacan.mx/?ruta=24-dina
1,Consultorio Oftalmologico,consultorio,8,18.462254,-97.394142,https://mitehuacan.mx/?ruta=24-dina
1,Dentalis Especialidades Odontologicas Tehuacan,consultorio,8,18.46694,-97.397862,https://mitehuacan.mx/?ruta=24-dina
1,Ortho Plus Clinica Dental,consultorio,8,18.464933,-97.391012,https://mitehuacan.mx/?ruta=24-dina
1,Clinica De Control De Peso Rivere,consultorio,9,18.464802,-97.385864,https://mitehuacan.mx/?ruta=24-dina
1,Clinica Dental Art,consultorio,9,18.467365,-97.39132,https://mitehuacan.mx/?ruta=24-dina
1,Clinica Dental Familiar,consultorio,9,18.467008,-97.391492,https://mitehuacan.mx/?ruta=24-dina
1,Consultoria Dental Sin Nombre,consultorio,9,18.488884,-97.391229,https://mitehuacan.mx/?ruta=24-dina
1,Consultorio Dental Mag,consultorio,9,18.469021,-97.391294,https://mitehuacan.mx/?ruta=24-dina
1,Consultorio Psicologico,consultorio,9,18.463015,-97.396518,https://mitehuacan.mx/?ruta=24-dina
1,Nutriologa Consultorio,consultorio,9,18.467645,-97.391318,https://mitehuacan.mx/?ruta=24-dina
1,Consultorio Dental Especialidades Dentales,consultorio,10,18.463109,-97.395096,https://mitehuacan.mx/?ruta=24-dina
1,Consultorio Medico General,consultorio,10,18.458732,-97.389393,https://mitehuacan.mx/?ruta=24-dina
1,Terapia Fisica Y Rehabilitacion Physiokineur,consultorio,10,18.469356,-97.39129,https://mitehuacan.mx/?ruta=24-dina
1,Consultorio Dental Rosvel,consultorio,11,18.472725,-97.394834,https://mitehuacan.mx/?ruta=24-dina
1,Consultorio Dental Sin Nombre,consultorio,11,18.470478,-97.391273,https://mitehuacan.mx/?ruta=24-dina
1,Cosultorio De Estomatologia,consultorio,11,18.480919,-97.392019,https://mitehuacan.mx/?ruta=24-dina
1,Consultorio Medicina Interna,consultorio,14,18.471351,-97.393016,https://mitehuacan.mx/?ruta=24-dina
1,Consultorio Medico De Geriatria,consultorio,14,18.46297,-97.396519,https://mitehuacan.mx/?ruta=24-dina
1,Caritas Tehuacan,consultorio,16,18.469285,-97.395182,https://mitehuacan.mx/?ruta=24-dina
1,Consultorio Ginecologico,consultorio,17,18.467762,-97.397738,https://mitehuacan.mx/?ruta=24-dina
1,Consultorio Medico De Farmacia De Apollo,consultorio,19,18.458562,-97.392434,https://mitehuacan.mx/?ruta=24-dina
1,Consultorio Dental H.G,consultorio,20,18.473326,-97.392645,https://mitehuacan.mx/?ruta=24-dina
1,Km Consultorio Dental,consultorio,20,18.464622,-97.388409,https://mitehuacan.mx/?ruta=24-dina
1,Consultorio Nuero Ceer,consultorio,21,18.463126,-97.398311,https://mitehuacan.mx/?ruta=24-dina
1,Centro Optico,consultorio,24,18.460675,-97.385823,https://mitehuacan.mx/?ruta=24-dina
1,Consultorio Dental Santos,consultorio,25,18.469384,-97.396338,https://mitehuacan.mx/?ruta=24-dina
1,Consultorio Dental Sedeño,consultorio,25,18.463321,-97.396443,https://mitehuacan.mx/?ruta=24-dina
1,Consultorio Deltan Sin Nombre,consultorio,28,18.458894,-97.38939,https://mitehuacan.mx/?ruta=24-dina
1,Consultorio Medico Juquilita,consultorio,28,18.46225,-97.377529,https://mitehuacan.mx/?ruta=24-dina
1,Consultorio De Pediatria Doctor Ramon Guerrero Bayardo,consultorio,29,18.462077,-97.394352,https://mitehuacan.mx/?ruta=24-dina
1,Consultorio Dental Dental Center Rosmed,consultorio,29,18.465093,-97.389266,https://mitehuacan.mx/?ruta=24-dina
1,Consultorio Dental Sin Nombre,consultorio,29,18.462077,-97.394352,https://mitehuacan.mx/?ruta=24-dina
1,Consultorio Medico De Cardiologia,consultorio,29,18.462077,-97.394352,https://mitehuacan.mx/?ruta=24-dina
1,Clinica Dental Integral Rie,consultorio,31,18.458437,-97.391574,https://mitehuacan.mx/?ruta=24-dina
1,Centro Medico Naturista Julian Barranco,consultorio,32,18.462634,-97.382968,https://mitehuacan.mx/?ruta=24-dina
1,Optometria Integral Tehuacan,consultorio,32,18.464863,-97.391735,https://mitehuacan.mx/?ruta=24-dina
1,Consultorio Dental,consultorio,34,18.460744,-97.385726,https://mitehuacan.mx/?ruta=24-dina
1,Consultorio Dental,consultorio,35,18.460036,-97.394478,https://mitehuacan.mx/?ruta=24-dina
1,Consultorio Dental Dra Jazmin Sanchez Tecuatl,consultorio,35,18.460036,-97.394478,https://mitehuacan.mx/?ruta=24-dina
1,Consultorio Medico Sin Nombre,consultorio,35,18.460036,-97.394478,https://mitehuacan.mx/?ruta=24-dina
1,Consultorio Dental Las Flores,consultorio,36,18.462202,-97.378033,https://mitehuacan.mx/?ruta=24-dina
1,Consultorio Dental Prodental,consultorio,36,18.46516,-97.389394,https://mitehuacan.mx/?ruta=24-dina
1,Dermatologia Estetica Y Salud,consultorio,38,18.469472,-97.394497,https://mitehuacan.mx/?ruta=24-dina
1,Consultorio Dental,consultorio,39,18.462744,-97.396521,https://mitehuacan.mx/?ruta=24-dina
1,Consultorio Dental Docky Dental,consultorio,39,18.459129,-97.393483,https://mitehuacan.mx/?ruta=24-dina
1,Centro Medico,consultorio,40,18.471045,-97.393828,https://mitehuacan.mx/?ruta=24-dina
1,Consultorio De Psicologia,consultorio,40,18.471045,-97.393828,https://mitehuacan.mx/?ruta=24-dina
1,Consultorio Medico De Ginecologia,consultorio,40,18.471045,-97.393828,https://mitehuacan.mx/?ruta=24-dina
1,Consultorio Medico De Ortopedia,consultorio,40,18.471045,-97.393828,https://mitehuacan.mx/?ruta=24-dina
1,Consultorio Medico De Urologia,consultorio,40,18.471045,-97.393828,https://mitehuacan.mx/?ruta=24-dina
1,Consultorio Medico Especialidad Neurocirujano,consultorio,40,18.471045,-97.393828,https://mitehuacan.mx/?ruta=24-dina
1,Consultorio Medico Ginecologico,consultorio,40,18.471045,-97.393828,https://mitehuacan.mx/?ruta=24-dina
1,Coonsultorio De Fisoterapia Medica,consultorio,40,18.471045,-97.393828,https://mitehuacan.mx/?ruta=24-dina
1,Clinica Dental Valden,consultorio,42,18.465011,-97.382503,https://mitehuacan.mx/?ruta=24-dina
1,Consultorio Dental,consultorio,43,18.461791,-97.384947,https://mitehuacan.mx/?ruta=24-dina
1,Consultorio Medico Villagranadas,consultorio,43,18.469875,-97.394346,https://mitehuacan.mx/?ruta=24-dina
1,Consultorio Ortopedico Raymundo Velasco Sanchez,consultorio,43,18.469875,-97.394346,https://mitehuacan.mx/?ruta=24-dina
1,Consultorio Villa Granadas,consultorio,43,18.469875,-97.394346,https://mitehuacan.mx/?ruta=24-dina
1,A M Terapia Fisica Y Rehabilkitacion,consultorio,45,18.475221,-97.39336,https://mitehuacan.mx/?ruta=24-dina
1,Consultorio Dental Sin Nombre,consultorio,46,18.460975,-97.393687,https://mitehuacan.mx/?ruta=24-dina
1,Consultorio Dental Sin Nombre,consultorio,46,18.470292,-97.391818,https://mitehuacan.mx/?ruta=24-dina
1,Sanatorio Santa Maria,consultorio,47,18.469557,-97.394679,https://mitehuacan.mx/?ruta=24-dina
1,Consultorio Medico Guillermo Ulises Gonzalez Hernandez,consultorio,49,18.462088,-97.394542,https://mitehuacan.mx/?ruta=24-dina
1,Deposito Dental La Plazuela,consultorio,49,18.462088,-97.394542,https://mitehuacan.mx/?ruta=24-dina
1,Consultorio Medico Sin Nombre,consultorio,51,18.460974,-97.39364,https://mitehuacan.mx/?ruta=24-dina
1,Ginecologia Y Obstetricia Dr Ruben Gonzalez Gomez,consultorio,51,18.460993,-97.394607,https://mitehuacan.mx/?ruta=24-dina
1,Sanadores Espirituales,consultorio,51,18.45924,-97.393573,https://mitehuacan.mx/?ruta=24-dina
1,Clinica Guadalupe,consultorio,52,18.46919,-97.398335,https://mitehuacan.mx/?ruta=24-dina
1,Consultorio De Especialista En Cirugia Gastrointestinal,consultorio,52,18.46919,-97.398335,https://mitehuacan.mx/?ruta=24-dina
1,Consultorio R.V. Dental,consultorio,52,18.46919,-97.398335,https://mitehuacan.mx/?ruta=24-dina
1,Consultorio De Psicologia Sin Nombre,consultorio,53,18.463576,-97.396517,https://mitehuacan.mx/?ruta=24-dina
1,Consultorio Dental,consultorio,53,18.463576,-97.396517,https://mitehuacan.mx/?ruta=24-dina
1,Consultorio Medico Sin Nombre,consultorio,53,18.463576,-97.396517,https://mitehuacan.mx/?ruta=24-dina
1,Clinica Dental Castillo,consultorio,54,18.460185,-97.376049,https://mitehuacan.mx/?ruta=24-dina
1,Clinica Dental Ardent Odontologia Integral,consultorio,56,18.459148,-97.389387,https://mitehuacan.mx/?ruta=24-dina
1,Consultorio Medico Medina Vazquez,consultorio,56,18.462002,-97.382099,https://mitehuacan.mx/?ruta=24-dina
1,Centro De Formacion Total Cefot,consultorio,57,18.462552,-97.393513,https://mitehuacan.mx/?ruta=24-dina
1,Consultorio Medico,consultorio,57,18.462036,-97.382604,https://mitehuacan.mx/?ruta=24-dina
1,Terapias De Biomagnetismo Medico,consultorio,58,18.466444,-97.398501,https://mitehuacan.mx/?ruta=24-dina
1,Clinicasca Dental Safir,consultorio,59,18.464296,-97.389281,https://mitehuacan.mx/?ruta=24-dina
1,Consultorio De Especialidad En Pediatria Y Nutricion Del Niñ,consultorio,63,18.464264,-97.389402,https://mitehuacan.mx/?ruta=24-dina
1,Consultorio Medico,consultorio,65,18.461781,-97.39348,https://mitehuacan.mx/?ruta=24-dina
1,Oroz Podologia,consultorio,65,18.45962,-97.393558,https://mitehuacan.mx/?ruta=24-dina
1,Theramed,consultorio,65,18.46526,-97.383989,https://mitehuacan.mx/?ruta=24-dina
1,Olistic Clinic Spa,consultorio,66,18.471286,-97.39502,https://mitehuacan.mx/?ruta=24-dina
1,Local De Servicios Optica Tehuacan,consultorio,67,18.465436,-97.389265,https://mitehuacan.mx/?ruta=24-dina
1,Clinica Dental Catedral,consultorio,69,18.460812,-97.393473,https://mitehuacan.mx/?ruta=24-dina
1,Consultorio Hb Dentica,consultorio,71,18.460709,-97.383744,https://mitehuacan.mx/?ruta=24-dina
1,Consultorio Medico Del Doctor Luis Rogelio Vazquez Jimenez,consultorio,71,18.458295,-97.385493,https://mitehuacan.mx/?ruta=24-dina
1,Spa Pies Podologia,consultorio,71,18.46702,-97.39208,https://mitehuacan.mx/?ruta=24-dina
1,Terapias Orientales Contacto Energetico,consultorio,71,18.46702,-97.39208,https://mitehuacan.mx/?ruta=24-dina
1,Consultorio Dental Del Angel,consultorio,72,18.46541,-97.38694,https://mitehuacan.mx/?ruta=24-dina
1,Consultorio Particular,consultorio,72,18.472805,-97.390699,https://mitehuacan.mx/?ruta=24-dina
1,Dermatologa Susana Cornejo Rodriguez,consultorio,72,18.460998,-97.394806,https://mitehuacan.mx/?ruta=24-dina
1,Consultorio Medico,consultorio,73,18.471348,-97.393566,https://mitehuacan.mx/?ruta=24-dina
1,Mundo Optico,consultorio,73,18.459216,-97.387164,https://mitehuacan.mx/?ruta=24-dina
1,Terapia Fisica Y Rehabilitacion Fisio S O S,consultorio,74,18.471805,-97.393814,https://mitehuacan.mx/?ruta=24-dina
1,Optica Fared,consultorio,75,18.473153,-97.392132,https://mitehuacan.mx/?ruta=24-dina
1,Clinica Dental Bolaños,consultorio,76,18.461778,-97.393376,https://mitehuacan.mx/?ruta=24-dina
1,Consultorio De Fisioterapia Y Rehabilitacion Sin Nombre,consultorio,76,18.462409,-97.38332,https://mitehuacan.mx/?ruta=24-dina
1,Consultorio Dental,consultorio,76,18.461778,-97.393376,https://mitehuacan.mx/?ruta=24-dina
1,Consultorio De Atencion Psicologica,consultorio,78,18.468607,-97.39344,https://mitehuacan.mx/?ruta=24-dina
1,Consultorio Medico,consultorio,78,18.474545,-97.393724,https://mitehuacan.mx/?ruta=24-dina
1,Consultorio Dental,consultorio,79,18.468632,-97.392139,https://mitehuacan.mx/?ruta=24-dina
1,Medicina Tradicional,consultorio,79,18.473327,-97.392085,https://mitehuacan.mx/?ruta=24-dina
1,Consultorio De Podologia Sin Nombre,consultorio,82,18.459295,-97.3871,https://mitehuacan.mx/?ruta=24-dina
1,Optica Delabli,consultorio,84,18.457983,-97.392728,https://mitehuacan.mx/?ruta=24-dina
1,Consultorio Dental Clinic Felp,consultorio,86,18.462489,-97.393235,https://mitehuacan.mx/?ruta=24-dina
1,Consultorio Pediatrico,consultorio,89,18.462354,-97.398289,https://mitehuacan.mx/?ruta=24-dina
1,Consultorio Psocologico,consultorio,89,18.462354,-97.398289,https://mitehuacan.mx/?ruta=24-dina
1,Clinica Tehuacan,consultorio,91,18.472371,-97.393731,https://mitehuacan.mx/?ruta=24-dina
1,Consultorio Dermatologia,consultorio,91,18.462358,-97.398356,https://mitehuacan.mx/?ruta=24-dina
1,Consultorio Dental Ortho Shine,consultorio,94,18.464874,-97.392323,https://mitehuacan.mx/?ruta=24-dina
1,Consultorio Dental Sin Nombre,consultorio,94,18.464528,-97.397148,https://mitehuacan.mx/?ruta=24-dina
1,Consultorio Dental Sin Nombre,consultorio,94,18.464874,-97.392323,https://mitehuacan.mx/?ruta=24-dina
1,Consultorio Medico,consultorio,94,18.473328,-97.391412,https://mitehuacan.mx/?ruta=24-dina
1,Consultorio Particular De Pediatria,consultorio,94,18.473328,-97.391412,https://mitehuacan.mx/?ruta=24-dina
1,Espacio Nutritivo,consultorio,94,18.464874,-97.392323,https://mitehuacan.mx/?ruta=24-dina
1,Servicio Medico De Optometria Optishop,consultorio,94,18.464874,-97.392323,https://mitehuacan.mx/?ruta=24-dina
1,Consultorio Psicologico,consultorio,95,18.462005,-97.394981,https://mitehuacan.mx/?ruta=24-dina
1,Servicios Medicos Balderas,consultorio,95,18.462648,-97.374542,https://mitehuacan.mx/?ruta=24-dina
1,Optica Look Vission,consultorio,97,18.458524,-97.385203,https://mitehuacan.mx/?ruta=24-dina
1,Dispensario Medico San Vicente De Paul,consultorio,98,18.461536,-97.39317,https://mitehuacan.mx/?ruta=24-dina
1,Galez Centro Odontologico,consultorio,98,18.459528,-97.389383,https://mitehuacan.mx/?ruta=24-dina
1,Consultorio,consultorio,99,18.470045,-97.395778,https://mitehuacan.mx/?ruta=24-dina
1,Consultorio Dental Sin Nombre,consultorio,99,18.469065,-97.390445,https://mitehuacan.mx/?ruta=24-dina
1,Consultorio Medico,consultorio,99,18.473496,-97.393764,https://mitehuacan.mx/?ruta=24-dina
1,Unidad Medica San Agustin,consultorio,100,18.457838,-97.392731,https://mitehuacan.mx/?ruta=24-dina
1,Consultorio Dental Consuldent,consultorio,102,18.466923,-97.392368,https://mitehuacan.mx/?ruta=24-dina
1,Consultorio Dental Santa Apolonia,consultorio,103,18.45899,-97.385132,https://mitehuacan.mx/?ruta=24-dina
1,Laboratorio Dental Los Angeles,consultorio,103,18.465766,-97.389388,https://mitehuacan.mx/?ruta=24-dina
1,Clinica De Ortodoncia,consultorio,104,18.462203,-97.398093,https://mitehuacan.mx/?ruta=24-dina
1,Consultorio De Fisioterapia,consultorio,104,18.462203,-97.398093,https://mitehuacan.mx/?ruta=24-dina
1,Consultorio De Ginecologia,consultorio,104,18.462203,-97.398093,https://mitehuacan.mx/?ruta=24-dina
1,Consultorio De Ginecologia Sin Nombre,consultorio,104,18.462203,-97.398093,https://mitehuacan.mx/?ruta=24-dina
1,Consultorio De Otorrino Dr Alejo Gutierrez Cruz,consultorio,104,18.462203,-97.398093,https://mitehuacan.mx/?ruta=24-dina
1,Consultorio Estetica Dental Cano Landa,consultorio,104,18.462203,-97.398093,https://mitehuacan.mx/?ruta=24-dina
1,Consultorio Medico,consultorio,104,18.462203,-97.398093,https://mitehuacan.mx/?ruta=24-dina
1,Consultorio Medico Sin Nombre,consultorio,104,18.462203,-97.398093,https://mitehuacan.mx/?ruta=24-dina
1,Consultorio Ortodoncia Sin Nomnre,consultorio,104,18.462203,-97.398075,https://mitehuacan.mx/?ruta=24-dina
1,Consultorio Pediatrico Sin Nombre,consultorio,104,18.462203,-97.398093,https://mitehuacan.mx/?ruta=24-dina
1,Odontopediatria Y Ortopedia Maxilar,consultorio,104,18.462203,-97.398093,https://mitehuacan.mx/?ruta=24-dina
1,Terapias Psicoterapia Centrada En Soluciones,consultorio,104,18.465291,-97.398987,https://mitehuacan.mx/?ruta=24-dina
1,Clinica Dental Rosma,consultorio,105,18.468207,-97.396355,https://mitehuacan.mx/?ruta=24-dina
1,Clinica Medica Sarabia,consultorio,106,18.473441,-97.391355,https://mitehuacan.mx/?ruta=24-dina
1,Consultorio Dental Valencia,consultorio,106,18.46238,-97.398716,https://mitehuacan.mx/?ruta=24-dina
1,Consultorio Dental Zeron,consultorio,108,18.459857,-97.385075,https://mitehuacan.mx/?ruta=24-dina
1,Consultorio Mb Dental,consultorio,110,18.458883,-97.395238,https://mitehuacan.mx/?ruta=24-dina
1,Consultorio Dental,consultorio,111,18.464958,-97.392481,https://mitehuacan.mx/?ruta=24-dina
1,Centro De Salud Tehuacan,consultorio,114,18.465927,-97.399052,https://mitehuacan.mx/?ruta=24-dina
1,Consultorio De Medicina General,consultorio,114,18.459294,-97.385027,https://mitehuacan.mx/?ruta=24-dina
1,Consultorio Dental San Pedro,consultorio,115,18.461079,-97.387118,https://mitehuacan.mx/?ruta=24-dina
1,Consultorio Medico Internista Sin Nombre,consultorio,115,18.464137,-97.396498,https://mitehuacan.mx/?ruta=24-dina
1,Consultorio Medico Sin Nombre,consultorio,115,18.464137,-97.396498,https://mitehuacan.mx/?ruta=24-dina
1,Consultorio Dental Gel Solucion,consultorio,116,18.463559,-97.39919,https://mitehuacan.mx/?ruta=24-dina
1,Consultorio Fisioterapia,consultorio,116,18.465728,-97.399085,https://mitehuacan.mx/?ruta=24-dina
1,Consultorio Sin Nombre,consultorio,116,18.463749,-97.399181,https://mitehuacan.mx/?ruta=24-dina
1,Psicologo Javier Orea Coello,consultorio,116,18.463749,-97.399181,https://mitehuacan.mx/?ruta=24-dina
1,Clinica De Fisioterapia Reintegrate,consultorio,117,18.471302,-97.39027,https://mitehuacan.mx/?ruta=24-dina
1,Consultorio Medico Sin Nombre,consultorio,117,18.461414,-97.38711,https://mitehuacan.mx/?ruta=24-dina
1,Optica De Jesus,consultorio,117,18.464878,-97.392541,https://mitehuacan.mx/?ruta=24-dina
1,Consultorio Medico General,consultorio,118,18.457713,-97.393685,https://mitehuacan.mx/?ruta=24-dina
1,Consultorio De Fisioterapia Fisio Corp,consultorio,120,18.467736,-97.396761,https://mitehuacan.mx/?ruta=24-dina
1,Sanatorio El Nuevo Siglo,consultorio,120,18.465891,-97.388503,https://mitehuacan.mx/?ruta=24-dina
1,Consultoriode Terapia Diego,consultorio,121,18.466949,-97.39026,https://mitehuacan.mx/?ruta=24-dina
1,Clinica Dental Bravo,consultorio,122,18.46589,-97.387915,https://mitehuacan.mx/?ruta=24-dina
1,Clinica Urologica De Tehuacan,consultorio,124,18.465966,-97.389952,https://mitehuacan.mx/?ruta=24-dina
1,Consultorio Dental Mora,consultorio,124,18.461828,-97.387031,https://mitehuacan.mx/?ruta=24-dina
1,Consultorio Doctor Alfredo M Balderas L,consultorio,124,18.462026,-97.398206,https://mitehuacan.mx/?ruta=24-dina
1,Casa De Oracion Espiritualista,consultorio,125,18.469276,-97.399015,https://mitehuacan.mx/?ruta=24-dina
1,Consultorio Psicologico Efecto Mariposa,consultorio,126,18.465955,-97.388643,https://mitehuacan.mx/?ruta=24-dina
1,Medicina Alternativa Doc.Gerardo Sanchez,consultorio,126,18.462253,-97.398853,https://mitehuacan.mx/?ruta=24-dina
1,Basident Clinica Dental,consultorio,127,18.470307,-97.396333,https://mitehuacan.mx/?ruta=24-dina
1,Consultorio Dental,consultorio,127,18.463549,-97.384663,https://mitehuacan.mx/?ruta=24-dina
1,Consultorio Dental Soludent,consultorio,127,18.464118,-97.394091,https://mitehuacan.mx/?ruta=24-dina
1,Consultorio Dental Idental,consultorio,128,18.457501,-97.389772,https://mitehuacan.mx/?ruta=24-dina
1,Consultorio Dental Rehabilident,consultorio,128,18.457536,-97.390948,https://mitehuacan.mx/?ruta=24-dina
1,Podologia Xico,consultorio,128,18.465869,-97.38542,https://mitehuacan.mx/?ruta=24-dina
1,Consultorio De Ginecologia Y Obstetricia Dr Jose Luis Aquino,consultorio,129,18.458886,-97.395418,https://mitehuacan.mx/?ruta=24-dina
1,Consultorio Dental,consultorio,129,18.457557,-97.391943,https://mitehuacan.mx/?ruta=24-dina
1,Huesero,consultorio,129,18.457456,-97.388635,https://mitehuacan.mx/?ruta=24-dina
1,Consultorio De Medicina Alternativa Sin Nombre,consultorio,130,18.462257,-97.398919,https://mitehuacan.mx/?ruta=24-dina
1,Especialidades Odontologicas,consultorio,130,18.464133,-97.393932,https://mitehuacan.mx/?ruta=24-dina
1,Recover Center,consultorio,130,18.464133,-97.393932,https://mitehuacan.mx/?ruta=24-dina
1,Consultorio De Cardiologia Pediatrica,consultorio,131,18.467941,-97.393869,https://mitehuacan.mx/?ruta=24-dina
1,Consultorio Dental Olmos,consultorio,131,18.459902,-97.391546,https://mitehuacan.mx/?ruta=24-dina
1,Clinica Dental Sin Nombre,consultorio,132,18.457326,-97.386391,https://mitehuacan.mx/?ruta=24-dina
1,Consultorio Medicina General,consultorio,133,18.467923,-97.393869,https://mitehuacan.mx/?ruta=24-dina
1,Clinica Dental Sin Nombre,consultorio,135,18.460719,-97.38733,https://mitehuacan.mx/?ruta=24-dina
1,Consultorio Dental Clideen,consultorio,135,18.466677,-97.399226,https://mitehuacan.mx/?ruta=24-dina
1,Consultorio Medico Sin Nombre,consultorio,135,18.469049,-97.390104,https://mitehuacan.mx/?ruta=24-dina
1,Consultorio Pediatrico Pediacare,consultorio,135,18.467904,-97.39387,https://mitehuacan.mx/?ruta=24-dina
1,Clinica Dental Denti Dent,consultorio,137,18.467886,-97.39387,https://mitehuacan.mx/?ruta=24-dina
1,Consultorio Dental Sin Nombre,consultorio,137,18.465923,-97.384432,https://mitehuacan.mx/?ruta=24-dina
1,Consultorio De Ginecologia,consultorio,138,18.467877,-97.393871,https://mitehuacan.mx/?ruta=24-dina
1,Dental San Jose,consultorio,139,18.459962,-97.391428,https://mitehuacan.mx/?ruta=24-dina
1,Consultorio De Traumatologia,consultorio,140,18.467859,-97.393871,https://mitehuacan.mx/?ruta=24-dina
1,Clinica Dental Oral,consultorio,141,18.464244,-97.394088,https://mitehuacan.mx/?ruta=24-dina
1,Consultorio Medico Homeopatico Sin Nombre,consultorio,141,18.458813,-97.395534,https://mitehuacan.mx/?ruta=24-dina
1,Consultorio De Odontologia,consultorio,142,18.467841,-97.393872,https://mitehuacan.mx/?ruta=24-dina
1,Consultorio Dental Consultorio Mona Lisa,consultorio,142,18.457352,-97.388885,https://mitehuacan.mx/?ruta=24-dina
1,Dental Martinez,consultorio,142,18.463947,-97.392362,https://mitehuacan.mx/?ruta=24-dina
1,Servicio Dental Smile Dental,consultorio,142,18.464883,-97.392778,https://mitehuacan.mx/?ruta=24-dina
1,Consultorio Medicina General,consultorio,144,18.465849,-97.399339,https://mitehuacan.mx/?ruta=24-dina
1,Copac,consultorio,144,18.471195,-97.395774,https://mitehuacan.mx/?ruta=24-dina
1,Quiropractico Osteopata E Iridologa Espalda Sana,consultorio,144,18.473188,-97.390146,https://mitehuacan.mx/?ruta=24-dina
1,Consultorio Medico De Otorrinolaringologia,consultorio,145,18.467814,-97.393873,https://mitehuacan.mx/?ruta=24-dina
1,Consultorio De Oftalmologia,consultorio,146,18.464418,-97.396488,https://mitehuacan.mx/?ruta=24-dina
1,Consultorio Ginecologia Sin Nombre,consultorio,146,18.464418,-97.396488,https://mitehuacan.mx/?ruta=24-dina
1,Consultorio Medico,consultorio,146,18.464418,-97.396488,https://mitehuacan.mx/?ruta=24-dina
1,Consultorio Pediatrico,consultorio,146,18.464418,-97.396488,https://mitehuacan.mx/?ruta=24-dina
1,Laser Ocular Reforma,consultorio,148,18.467787,-97.393874,https://mitehuacan.mx/?ruta=24-dina
1,Consultorio Clínico Dental de Tehuacán,dentista,124,18.464981,-97.392605,https://mitehuacan.mx/?ruta=24-dina
1,Reparacion De Telefonos Repara Phone,electrónica,1,18.46485,-97.39091,https://mitehuacan.mx/?ruta=24-dina
1,Venta Y Reparacion De Computadoras Equipa.Com,electrónica,2,18.4663,-97.391434,https://mitehuacan.mx/?ruta=24-dina
1,Mega Toners,electrónica,3,18.464843,-97.391448,https://mitehuacan.mx/?ruta=24-dina
1,Reparacion De Celulares Global Technology,electrónica,3,18.458612,-97.389194,https://mitehuacan.mx/?ruta=24-dina
1,The Gamer Juegos De Maquinitas,electrónica,3,18.472304,-97.391531,https://mitehuacan.mx/?ruta=24-dina
1,Video Juegos Aries,electrónica,3,18.493807,-97.389156,https://mitehuacan.mx/?ruta=24-dina
1,Refrigeradores Andrade,electrónica,4,18.462464,-97.375791,https://mitehuacan.mx/?ruta=24-dina
1,Mantenimiento Y Reparacion De Computadoras Y Laptops Megaton,electrónica,6,18.464815,-97.391448,https://mitehuacan.mx/?ruta=24-dina
1,Reparacion De Copiadoras,electrónica,6,18.46472,-97.383874,https://mitehuacan.mx/?ruta=24-dina
1,Meaven S Tinteh Servicio Tecnico De Reparacion De Impresoras,electrónica,7,18.464806,-97.391448,https://mitehuacan.mx/?ruta=24-dina
1,Peluches Toll,electrónica,7,18.471304,-97.392714,https://mitehuacan.mx/?ruta=24-dina
1,Repracion De Celular Sin Nombre,electrónica,7,18.463167,-97.39679,https://mitehuacan.mx/?ruta=24-dina
1,Yekcel Reparacion De Celulares,electrónica,7,18.458821,-97.393075,https://mitehuacan.mx/?ruta=24-dina
1,Renta De Xbox Stresed,electrónica,8,18.488845,-97.393099,https://mitehuacan.mx/?ruta=24-dina
1,Taller De Reparacion De Celulares Loby Reparaciones,electrónica,8,18.46493,-97.390831,https://mitehuacan.mx/?ruta=24-dina
1,World Electronics,electrónica,9,18.462601,-97.381735,https://mitehuacan.mx/?ruta=24-dina
1,Game Over Video Juegos,electrónica,10,18.458653,-97.392717,https://mitehuacan.mx/?ruta=24-dina
1,N Soluciones,electrónica,10,18.464957,-97.391343,https://mitehuacan.mx/?ruta=24-dina
1,Reparacel,electrónica,11,18.458653,-97.387108,https://mitehuacan.mx/?ruta=24-dina
1,Reparacion De Celulares Androicell,electrónica,11,18.459985,-97.385997,https://mitehuacan.mx/?ruta=24-dina
1,Maquinitas Tragamonedas,electrónica,21,18.464568,-97.386951,https://mitehuacan.mx/?ruta=24-dina
1,Compra Venta De Electrodomesticos,electrónica,25,18.464644,-97.39145,https://mitehuacan.mx/?ruta=24-dina
1,Arcade G.O.2,electrónica,30,18.458825,-97.387168,https://mitehuacan.mx/?ruta=24-dina
1,Dr Cell Reparacion De Celulares,electrónica,31,18.467244,-97.397632,https://mitehuacan.mx/?ruta=24-dina
1,Taller De Electronica,electrónica,32,18.462634,-97.382968,https://mitehuacan.mx/?ruta=24-dina
1,Electronica Gars,electrónica,34,18.461828,-97.382609,https://mitehuacan.mx/?ruta=24-dina
1,Mastercell,electrónica,34,18.458461,-97.385803,https://mitehuacan.mx/?ruta=24-dina
1,Taller De Reparacion De Pantallas Servicio Digitial,electrónica,38,18.464486,-97.389278,https://mitehuacan.mx/?ruta=24-dina
1,Centro De Servicios Incomex,electrónica,39,18.471359,-97.391744,https://mitehuacan.mx/?ruta=24-dina
1,Tv Servicio Panasonic,electrónica,40,18.466912,-97.39178,https://mitehuacan.mx/?ruta=24-dina
1,Videojuegos Versatil Gemi,electrónica,43,18.481419,-97.394411,https://mitehuacan.mx/?ruta=24-dina
1,Compu cell,electrónica,45,18.464465,-97.391463,https://mitehuacan.mx/?ruta=24-dina
1,Taller De Sistemas Audio Fuentes,electrónica,50,18.461486,-97.386431,https://mitehuacan.mx/?ruta=24-dina
1,Servicio De Reparacion De Celulares Celular Center,electrónica,53,18.464392,-97.391452,https://mitehuacan.mx/?ruta=24-dina
1,Reparacion De Maquinitas,electrónica,59,18.459084,-97.385551,https://mitehuacan.mx/?ruta=24-dina
1,Raito Solutions,electrónica,61,18.461953,-97.384936,https://mitehuacan.mx/?ruta=24-dina
1,Reparaciones Telcel,electrónica,63,18.459309,-97.392541,https://mitehuacan.mx/?ruta=24-dina
1,Renta De Videojuegos Xbox,electrónica,65,18.464278,-97.391349,https://mitehuacan.mx/?ruta=24-dina
1,Reparacion De Celulares Playstore,electrónica,65,18.464253,-97.389402,https://mitehuacan.mx/?ruta=24-dina
1,Taller De Reparacion De Celulares Sin Nombre,electrónica,67,18.46426,-97.39135,https://mitehuacan.mx/?ruta=24-dina
1,Xbox Emmanuel,electrónica,67,18.490681,-97.390115,https://mitehuacan.mx/?ruta=24-dina
1,Juegos De Xbox Reavend,electrónica,69,18.465037,-97.398667,https://mitehuacan.mx/?ruta=24-dina
1,Instrumentacion Y Control Mantenimiento De Equipo Elctronico,electrónica,71,18.473187,-97.392163,https://mitehuacan.mx/?ruta=24-dina
1,Servicio De Reparacion De Electronicos Y Refacciones Tobon,electrónica,81,18.458878,-97.394963,https://mitehuacan.mx/?ruta=24-dina
1,Servicio De Maquinitas De Videojuegos,electrónica,89,18.464061,-97.391353,https://mitehuacan.mx/?ruta=24-dina
1,Renta De Maquinitas,electrónica,91,18.460705,-97.386913,https://mitehuacan.mx/?ruta=24-dina
1,Compra Venta De Accesorios Para Celular Cell Partes Puebla,electrónica,92,18.464001,-97.389409,https://mitehuacan.mx/?ruta=24-dina
1,Renta De Videojuegos Y Maquinitas Sin Nombre,electrónica,92,18.464006,-97.389409,https://mitehuacan.mx/?ruta=24-dina
1,Basculas La Purisima,electrónica,97,18.457817,-97.385567,https://mitehuacan.mx/?ruta=24-dina
1,Electronica Baltazar,electrónica,102,18.470371,-97.392809,https://mitehuacan.mx/?ruta=24-dina
1,Reparacel,electrónica,103,18.460863,-97.39315,https://mitehuacan.mx/?ruta=24-dina
1,Taller De Electronica Juarez,electrónica,104,18.459171,-97.38512,https://mitehuacan.mx/?ruta=24-dina
1,Profesionistas Y Tecnicos Tobon,electrónica,111,18.458806,-97.39525,https://mitehuacan.mx/?ruta=24-dina
1,7375 Mega Tehuacan Calle 3,electrónica,115,18.463832,-97.391461,https://mitehuacan.mx/?ruta=24-dina
1,Reparacion De Celulares Fixcel,electrónica,120,18.463744,-97.389291,https://mitehuacan.mx/?ruta=24-dina
1,Discoteca Moderna,electrónica,120,18.463014,-97.39291,https://mitehuacan.mx/?ruta=24-dina
1,Reparacion Y Celulares Tom,electrónica,122,18.463717,-97.379862,https://mitehuacan.mx/?ruta=24-dina
1,Servicio De Reparacion Electronica Juarez,electrónica,123,18.460718,-97.387216,https://mitehuacan.mx/?ruta=24-dina
1,Compra Y Venta Reparacion De Laptop Y Pc Mundo Lap,electrónica,127,18.46488,-97.392636,https://mitehuacan.mx/?ruta=24-dina
1,Reparacion Celulares Megatronic,electrónica,128,18.461891,-97.38703,https://mitehuacan.mx/?ruta=24-dina
1,Servicio De Reparacion Yo Reparo,electrónica,128,18.463676,-97.38942,https://mitehuacan.mx/?ruta=24-dina
1,Taller De Electronica Escorpion,electrónica,129,18.457469,-97.389128,https://mitehuacan.mx/?ruta=24-dina
1,Tienda De Articulos Para Celular Gsm Un Looker,electrónica,129,18.457474,-97.389213,https://mitehuacan.mx/?ruta=24-dina
1,Servicios Profecionales En Electronica,electrónica,138,18.487732,-97.390794,https://mitehuacan.mx/?ruta=24-dina
1,Taller De Reparacion Electronica Arce,electrónica,138,18.465911,-97.38391,https://mitehuacan.mx/?ruta=24-dina
1,Taller De Reparacion De Celulares Hospital Del Celular,electrónica,139,18.459994,-97.39244,https://mitehuacan.mx/?ruta=24-dina
1,Taller De Reparacion De Celulares Moviles Azuani,electrónica,139,18.457435,-97.390894,https://mitehuacan.mx/?ruta=24-dina
1,Videojuegos,electrónica,142,18.457632,-97.385141,https://mitehuacan.mx/?ruta=24-dina
1,Reparacion De Celulares City Cell,electrónica,145,18.46353,-97.389425,https://mitehuacan.mx/?ruta=24-dina
1,Estetica Unisex Mago,estética,0,18.48665,-97.396083,https://mitehuacan.mx/?ruta=24-dina
1,Estetica Unisex Sin Nombre,estética,0,18.486398,-97.396134,https://mitehuacan.mx/?ruta=24-dina
1,Estilos Alta Peluqueria,estética,0,18.47228,-97.394743,https://mitehuacan.mx/?ruta=24-dina
1,Nails Y Glamour,estética,0,18.469141,-97.391385,https://mitehuacan.mx/?ruta=24-dina
1,Salon De Belleza Sin Nombre,estética,0,18.469152,-97.396097,https://mitehuacan.mx/?ruta=24-dina
1,Ballesteros Barber Shop,estética,1,18.46484,-97.390341,https://mitehuacan.mx/?ruta=24-dina
1,Barber Montalvo,estética,1,18.489672,-97.399259,https://mitehuacan.mx/?ruta=24-dina
1,Barberia Ballesteros Barber Shop,estética,1,18.464832,-97.389924,https://mitehuacan.mx/?ruta=24-dina
1,Barberia Che-Che,estética,1,18.489666,-97.399193,https://mitehuacan.mx/?ruta=24-dina
1,Estetica Chelys,estética,1,18.464832,-97.389886,https://mitehuacan.mx/?ruta=24-dina
1,Estetica Sin Nombre,estética,1,18.464748,-97.387147,https://mitehuacan.mx/?ruta=24-dina
1,Estetica Unisex Sin Nombre,estética,1,18.481618,-97.392012,https://mitehuacan.mx/?ruta=24-dina
1,Peluqueria Sin Nombre,estética,1,18.493717,-97.390902,https://mitehuacan.mx/?ruta=24-dina
1,Servicio De Tatuajes Ramons Tattoo,estética,1,18.464835,-97.390085,https://mitehuacan.mx/?ruta=24-dina
1,Spa Oh My Lashes,estética,1,18.464835,-97.390085,https://mitehuacan.mx/?ruta=24-dina
1,Barberia Mamalon,estética,2,18.464826,-97.389582,https://mitehuacan.mx/?ruta=24-dina
1,Estetica Marce,estética,2,18.46754,-97.39142,https://mitehuacan.mx/?ruta=24-dina
1,Salon De Belleza Aries,estética,2,18.4615,-97.383253,https://mitehuacan.mx/?ruta=24-dina
1,Barberia Imperio,estética,3,18.489119,-97.395178,https://mitehuacan.mx/?ruta=24-dina
1,Blessed Academy Escuela De Estilismo,estética,3,18.458694,-97.392,https://mitehuacan.mx/?ruta=24-dina
1,Estetica Cbya,estética,3,18.489065,-97.394753,https://mitehuacan.mx/?ruta=24-dina
1,Estetica Danely,estética,3,18.45867,-97.391156,https://mitehuacan.mx/?ruta=24-dina
1,Estetica Sin Nombre,estética,3,18.489068,-97.394155,https://mitehuacan.mx/?ruta=24-dina
1,Estetica Sin Nombre,estética,3,18.489347,-97.396917,https://mitehuacan.mx/?ruta=24-dina
1,Estetica Unisex Sin Nombre,estética,3,18.458663,-97.390919,https://mitehuacan.mx/?ruta=24-dina
1,Estetica Destellos Salon,estética,4,18.462715,-97.381618,https://mitehuacan.mx/?ruta=24-dina
1,Estudio De Tatuajes Nova Ink Tattoo Studio,estética,4,18.463076,-97.39708,https://mitehuacan.mx/?ruta=24-dina
1,Extravaganza,estética,4,18.471775,-97.392187,https://mitehuacan.mx/?ruta=24-dina
1,Magic Glow Y Piercing,estética,4,18.463105,-97.397885,https://mitehuacan.mx/?ruta=24-dina
1,Servicio De Spa,estética,4,18.458623,-97.389801,https://mitehuacan.mx/?ruta=24-dina
1,Aplicacion De Tatuajes Corazon Negro Tattoo,estética,5,18.458724,-97.393156,https://mitehuacan.mx/?ruta=24-dina
1,Barberia Cros,estética,5,18.477102,-97.392643,https://mitehuacan.mx/?ruta=24-dina
1,Estetica Innovacion Estilista,estética,5,18.464702,-97.398079,https://mitehuacan.mx/?ruta=24-dina
1,Estetica Nueva Imagen,estética,5,18.458605,-97.387316,https://mitehuacan.mx/?ruta=24-dina
1,Estetica Radiance,estética,5,18.458726,-97.393203,https://mitehuacan.mx/?ruta=24-dina
1,Gina Salon,estética,5,18.458506,-97.387006,https://mitehuacan.mx/?ruta=24-dina
1,Salon De Belleza Bonita,estética,5,18.462784,-97.394003,https://mitehuacan.mx/?ruta=24-dina
1,Salon De Belleza Marbella,estética,5,18.462052,-97.394027,https://mitehuacan.mx/?ruta=24-dina
1,Salon De Belleza Sin Nombre,estética,5,18.45863,-97.387693,https://mitehuacan.mx/?ruta=24-dina
1,Estetica Maldonado,estética,6,18.472182,-97.391603,https://mitehuacan.mx/?ruta=24-dina
1,Peluqueria El Sol,estética,6,18.458657,-97.388092,https://mitehuacan.mx/?ruta=24-dina
1,Barbara Nery Salon De Belleza,estética,7,18.464812,-97.386642,https://mitehuacan.mx/?ruta=24-dina
1,Barberia Merimar,estética,7,18.464906,-97.389504,https://mitehuacan.mx/?ruta=24-dina
1,Esteica Linda,estética,7,18.476225,-97.393259,https://mitehuacan.mx/?ruta=24-dina
1,Estetica Cecy Court,estética,7,18.45941,-97.394111,https://mitehuacan.mx/?ruta=24-dina
1,Estetica Mago,estética,7,18.464912,-97.389855,https://mitehuacan.mx/?ruta=24-dina
1,Estetica Unisex Advance,estética,7,18.464435,-97.382595,https://mitehuacan.mx/?ruta=24-dina
1,Estetica Unisex Golden Star Nails,estética,7,18.463216,-97.398043,https://mitehuacan.mx/?ruta=24-dina
1,Peluqueria Yass,estética,7,18.48942,-97.3968,https://mitehuacan.mx/?ruta=24-dina
1,Salon De Belleza Divine,estética,7,18.464896,-97.389163,https://mitehuacan.mx/?ruta=24-dina
1,Barber Shop Barracuda,estética,8,18.464932,-97.390945,https://mitehuacan.mx/?ruta=24-dina
1,Barberia Cecy Court,estética,8,18.462254,-97.394142,https://mitehuacan.mx/?ruta=24-dina
1,Barberia Kings,estética,8,18.464928,-97.390737,https://mitehuacan.mx/?ruta=24-dina
1,Estetica Athelier,estética,8,18.464917,-97.390092,https://mitehuacan.mx/?ruta=24-dina
1,Estetica Sin Nombre,estética,8,18.488831,-97.393005,https://mitehuacan.mx/?ruta=24-dina
1,Manhattan Studio,estética,8,18.464926,-97.390594,https://mitehuacan.mx/?ruta=24-dina
1,Peluqueria Barber Shop,estética,8,18.462617,-97.382342,https://mitehuacan.mx/?ruta=24-dina
1,Peluqueria El Diamante,estética,8,18.464809,-97.386414,https://mitehuacan.mx/?ruta=24-dina
1,Peluqueria Y Estetica El Gran Tocador,estética,8,18.465781,-97.391335,https://mitehuacan.mx/?ruta=24-dina
1,Salon De Belleza Nale Studio,estética,8,18.466125,-97.391332,https://mitehuacan.mx/?ruta=24-dina
1,Barberia Enchulame La Greña,estética,9,18.466577,-97.391328,https://mitehuacan.mx/?ruta=24-dina
1,Estetica Maybelin,estética,9,18.464802,-97.385807,https://mitehuacan.mx/?ruta=24-dina
1,Salon De Belleza Sin Nombre,estética,9,18.479048,-97.392353,https://mitehuacan.mx/?ruta=24-dina
1,Salon Y Spa Yetro,estética,9,18.467591,-97.391318,https://mitehuacan.mx/?ruta=24-dina
1,Estetica Sin Nombre,estética,10,18.488897,-97.391371,https://mitehuacan.mx/?ruta=24-dina
1,Salon De Belleza La Bella Rose,estética,10,18.465021,-97.391342,https://mitehuacan.mx/?ruta=24-dina
1,Brisa Nails,estética,11,18.47228,-97.392767,https://mitehuacan.mx/?ruta=24-dina
1,Estetica Sams Looks,estética,12,18.46087,-97.378843,https://mitehuacan.mx/?ruta=24-dina
1,Barberia Chicago,estética,14,18.489374,-97.400077,https://mitehuacan.mx/?ruta=24-dina
1,Estetica Unisex Faby,estética,15,18.458492,-97.388671,https://mitehuacan.mx/?ruta=24-dina
1,Diamond Joyeria Y Tatuajes,estética,16,18.458624,-97.393269,https://mitehuacan.mx/?ruta=24-dina
1,Estetica Sin Nombre,estética,17,18.46465,-97.388408,https://mitehuacan.mx/?ruta=24-dina
1,Estetica Vero,estética,17,18.458707,-97.387108,https://mitehuacan.mx/?ruta=24-dina
1,Estetica Fashion Nails,estética,19,18.464695,-97.391345,https://mitehuacan.mx/?ruta=24-dina
1,Peluqueria El Varon,estética,20,18.46488,-97.384728,https://mitehuacan.mx/?ruta=24-dina
1,Salon De Belleza Reine,estética,20,18.46699,-97.391217,https://mitehuacan.mx/?ruta=24-dina
1,Estetica Unisex Benny,estética,21,18.484864,-97.398196,https://mitehuacan.mx/?ruta=24-dina
1,Estetica Y Peluqueria Alva,estética,21,18.472469,-97.39104,https://mitehuacan.mx/?ruta=24-dina
1,Estetica Sin Nombre,estética,24,18.469027,-97.391158,https://mitehuacan.mx/?ruta=24-dina
1,Estetica Vero,estética,27,18.458889,-97.389495,https://mitehuacan.mx/?ruta=24-dina
1,Servicio De Tatuajes Veneno,estética,27,18.458423,-97.390239,https://mitehuacan.mx/?ruta=24-dina
1,Barber Shop Cruz,estética,28,18.45856,-97.394127,https://mitehuacan.mx/?ruta=24-dina
1,Estetica Chelita,estética,29,18.460693,-97.386325,https://mitehuacan.mx/?ruta=24-dina
1,Aplicacion De Tatuajes Iniestra In,estética,30,18.458446,-97.391574,https://mitehuacan.mx/?ruta=24-dina
1,Estetica Vikingo,estética,30,18.462881,-97.398168,https://mitehuacan.mx/?ruta=24-dina
1,Peluqueria Y Barberia Sin Nombre,estética,30,18.460673,-97.385766,https://mitehuacan.mx/?ruta=24-dina
1,Estetica Nicte-Ha,estética,32,18.464469,-97.386953,https://mitehuacan.mx/?ruta=24-dina
1,Barberia Barber,estética,34,18.462391,-97.382663,https://mitehuacan.mx/?ruta=24-dina
1,Estetica Black And Wite,estética,34,18.471356,-97.39219,https://mitehuacan.mx/?ruta=24-dina
1,Barber Shop Pacos,estética,35,18.469186,-97.398174,https://mitehuacan.mx/?ruta=24-dina
1,Salon De Blleza Pinky Promise,estética,35,18.468804,-97.393969,https://mitehuacan.mx/?ruta=24-dina
1,Estetica Unisex Rolimk,estética,37,18.486208,-97.396759,https://mitehuacan.mx/?ruta=24-dina
1,Estetica Aurora,estética,42,18.465106,-97.385868,https://mitehuacan.mx/?ruta=24-dina
1,Aplicacion De Uñas Shey Nails,estética,44,18.464405,-97.388419,https://mitehuacan.mx/?ruta=24-dina
1,Estetica Unisex Majo,estética,48,18.480942,-97.391667,https://mitehuacan.mx/?ruta=24-dina
1,Peluqueria El Sol,estética,48,18.459118,-97.390754,https://mitehuacan.mx/?ruta=24-dina
1,Peluqueria The Barber Club,estética,48,18.468686,-97.393972,https://mitehuacan.mx/?ruta=24-dina
1,Estetica Carlet,estética,50,18.472625,-97.390817,https://mitehuacan.mx/?ruta=24-dina
1,Rebel Six Gallery Y Tattoo,estética,51,18.469619,-97.396337,https://mitehuacan.mx/?ruta=24-dina
1,Servico De Corte De Cabello Barberia Sin Nombre,estética,55,18.46314,-97.398633,https://mitehuacan.mx/?ruta=24-dina
1,Pm Peluqueria,estética,56,18.461707,-97.393568,https://mitehuacan.mx/?ruta=24-dina
1,Estetica Unisex Vicky,estética,57,18.462038,-97.382671,https://mitehuacan.mx/?ruta=24-dina
1,Grupo Maoleon,estética,58,18.472764,-97.394369,https://mitehuacan.mx/?ruta=24-dina
1,Salon De Belleza Sin Nombre,estética,59,18.458876,-97.385553,https://mitehuacan.mx/?ruta=24-dina
1,Yuvaika Spa,estética,59,18.458958,-97.385552,https://mitehuacan.mx/?ruta=24-dina
1,Barberia Emmanuel,estética,60,18.493297,-97.389327,https://mitehuacan.mx/?ruta=24-dina
1,Estetica Bogota,estética,61,18.481672,-97.392598,https://mitehuacan.mx/?ruta=24-dina
1,Salon De Belleza Sin Nombre,estética,61,18.460736,-97.38547,https://mitehuacan.mx/?ruta=24-dina
1,Estetica Jireh,estética,62,18.469082,-97.390796,https://mitehuacan.mx/?ruta=24-dina
1,Tienda De Bisuteria Sin Nombre,estética,62,18.459244,-97.390753,https://mitehuacan.mx/?ruta=24-dina
1,Barberia Mala Fama Show,estética,63,18.485317,-97.396916,https://mitehuacan.mx/?ruta=24-dina
1,Estetica Fabi,estética,63,18.49327,-97.39147,https://mitehuacan.mx/?ruta=24-dina
1,Sisters Studio,estética,64,18.469258,-97.398437,https://mitehuacan.mx/?ruta=24-dina
1,Barberia Armandos,estética,65,18.473245,-97.392217,https://mitehuacan.mx/?ruta=24-dina
1,Estetica Florecr,estética,65,18.489391,-97.392169,https://mitehuacan.mx/?ruta=24-dina
1,Salon De Belleza Sin Nombre,estética,66,18.461233,-97.376817,https://mitehuacan.mx/?ruta=24-dina
1,Estetica Hair Stelys,estética,70,18.48164,-97.392697,https://mitehuacan.mx/?ruta=24-dina
1,Spa Belleza Mia,estética,72,18.462496,-97.398184,https://mitehuacan.mx/?ruta=24-dina
1,Estetica Unisex Maty,estética,75,18.462203,-97.383323,https://mitehuacan.mx/?ruta=24-dina
1,Peluqueria Sin Nombre,estética,75,18.460703,-97.383526,https://mitehuacan.mx/?ruta=24-dina
1,Estetica Cameron,estética,76,18.465038,-97.398731,https://mitehuacan.mx/?ruta=24-dina
1,Estetica Unisex Lulu,estética,76,18.476865,-97.393786,https://mitehuacan.mx/?ruta=24-dina
1,Barberia Yankees,estética,77,18.459432,-97.392422,https://mitehuacan.mx/?ruta=24-dina
1,Estetica Model Studio,estética,78,18.460629,-97.393391,https://mitehuacan.mx/?ruta=24-dina
1,Estetica Mi Bella Dama,estética,79,18.473184,-97.391248,https://mitehuacan.mx/?ruta=24-dina
1,Estetica Unisex Ingrid,estética,82,18.464785,-97.397245,https://mitehuacan.mx/?ruta=24-dina
1,Barberia Caballero,estética,83,18.460779,-97.386835,https://mitehuacan.mx/?ruta=24-dina
1,Corte De Cabello Para Caballero Peluqueria,estética,83,18.479299,-97.393184,https://mitehuacan.mx/?ruta=24-dina
1,Servicio De Tatuajes Tatto Shop,estética,83,18.46443,-97.397262,https://mitehuacan.mx/?ruta=24-dina
1,Aplicacion De Uñas,estética,84,18.476943,-97.393679,https://mitehuacan.mx/?ruta=24-dina
1,Peluqueria Montalvo,estética,84,18.472809,-97.390556,https://mitehuacan.mx/?ruta=24-dina
1,Jatzibet Showroom & Nails,estética,85,18.457965,-97.392444,https://mitehuacan.mx/?ruta=24-dina
1,Peluqueria La Unica,estética,86,18.460625,-97.385025,https://mitehuacan.mx/?ruta=24-dina
1,Estetica Jacks Beauty Style,estética,87,18.458879,-97.39502,https://mitehuacan.mx/?ruta=24-dina
1,Centro De Estetica Unisex Cambio De Imagen,estética,92,18.467221,-97.397054,https://mitehuacan.mx/?ruta=24-dina
1,Estetica El Salon,estética,93,18.488004,-97.392568,https://mitehuacan.mx/?ruta=24-dina
1,Masajes Nadira,estética,93,18.460312,-97.385171,https://mitehuacan.mx/?ruta=24-dina
1,Peluqueria Y Barberia Papi Chulo,estética,94,18.459492,-97.389383,https://mitehuacan.mx/?ruta=24-dina
1,Salon De Belleza Codigo Rosa,estética,94,18.464356,-97.397155,https://mitehuacan.mx/?ruta=24-dina
1,Estetica Unisex Abril,estética,95,18.481654,-97.393246,https://mitehuacan.mx/?ruta=24-dina
1,Estetica Love,estética,96,18.472549,-97.393879,https://mitehuacan.mx/?ruta=24-dina
1,Estetica Marce,estética,96,18.493245,-97.387919,https://mitehuacan.mx/?ruta=24-dina
1,Estetica Dians,estética,98,18.45783,-97.39158,https://mitehuacan.mx/?ruta=24-dina
1,Estetica Unisex Sofia,estética,98,18.4692,-97.398762,https://mitehuacan.mx/?ruta=24-dina
1,Salon De Belleza Anna,estética,98,18.463874,-97.387047,https://mitehuacan.mx/?ruta=24-dina
1,Young Skin,estética,100,18.47264,-97.393877,https://mitehuacan.mx/?ruta=24-dina
1,Instituto De Belleza Essence,estética,101,18.465744,-97.389265,https://mitehuacan.mx/?ruta=24-dina
1,Peluqueria Vikingos,estética,101,18.481391,-97.397256,https://mitehuacan.mx/?ruta=24-dina
1,Estetica Estudio Angy Carrera,estética,102,18.465076,-97.39705,https://mitehuacan.mx/?ruta=24-dina
1,Peluqueria Mundo,estética,102,18.465649,-97.385855,https://mitehuacan.mx/?ruta=24-dina
1,Aplicacion De Uñas Holyans,estética,105,18.464414,-97.399038,https://mitehuacan.mx/?ruta=24-dina
1,Drean Lashes Aplicacion De Pestañas,estética,106,18.465702,-97.386422,https://mitehuacan.mx/?ruta=24-dina
1,Estetica Marisol,estética,107,18.461203,-97.387037,https://mitehuacan.mx/?ruta=24-dina
1,Salon De Belleza Alessandro Bernabehut,estética,107,18.464957,-97.392443,https://mitehuacan.mx/?ruta=24-dina
1,Decoracion De Uñas Estudio De Uñas Nancy Robles,estética,110,18.465826,-97.389265,https://mitehuacan.mx/?ruta=24-dina
1,Servicio De Uñas Venity Nails,estética,110,18.462229,-97.398512,https://mitehuacan.mx/?ruta=24-dina
1,Barberia Imperio,estética,111,18.46205,-97.395653,https://mitehuacan.mx/?ruta=24-dina
1,Estetica Osiris Estudio,estética,111,18.466421,-97.390359,https://mitehuacan.mx/?ruta=24-dina
1,Estetica Beauty Sazon Am,estética,113,18.46871,-97.392969,https://mitehuacan.mx/?ruta=24-dina
1,Centro De Belleza De Manos Y Pies Normis,estética,114,18.460917,-97.395207,https://mitehuacan.mx/?ruta=24-dina
1,Estetica Sanlops,estética,114,18.465882,-97.390277,https://mitehuacan.mx/?ruta=24-dina
1,Kaily Salon Y Spa,estética,114,18.468983,-97.390306,https://mitehuacan.mx/?ruta=24-dina
1,Estetica Fashion Nails,estética,115,18.459724,-97.390751,https://mitehuacan.mx/?ruta=24-dina
1,Salon De Belleza Sin Nombre,estética,116,18.466759,-97.39904,https://mitehuacan.mx/?ruta=24-dina
1,Peluqueria Sin Nombre,estética,117,18.465889,-97.389196,https://mitehuacan.mx/?ruta=24-dina
1,Nails & Lashes,estética,118,18.469775,-97.398764,https://mitehuacan.mx/?ruta=24-dina
1,Estetica Edith,estética,119,18.492886,-97.388038,https://mitehuacan.mx/?ruta=24-dina
1,Estetica Sin Nombre,estética,119,18.471111,-97.390249,https://mitehuacan.mx/?ruta=24-dina
1,Estetica Unisex Ariana,estética,119,18.45976,-97.39075,https://mitehuacan.mx/?ruta=24-dina
1,Estetica Unisex Cleo,estética,120,18.460437,-97.382726,https://mitehuacan.mx/?ruta=24-dina
1,Estetica Unisex Luis Cordova,estética,123,18.457401,-97.386256,https://mitehuacan.mx/?ruta=24-dina
1,Studio Sis Lop,estética,123,18.490413,-97.396276,https://mitehuacan.mx/?ruta=24-dina
1,Estetica Glamur,estética,124,18.465872,-97.386943,https://mitehuacan.mx/?ruta=24-dina
1,Estetica Kary Rios,estética,125,18.46597,-97.389449,https://mitehuacan.mx/?ruta=24-dina
1,Mc Beauty Salon De Belleza,estética,125,18.46101,-97.395299,https://mitehuacan.mx/?ruta=24-dina
1,Estetica Valery,estética,126,18.464659,-97.381324,https://mitehuacan.mx/?ruta=24-dina
1,Servicio De Barberia,estética,127,18.45744,-97.387943,https://mitehuacan.mx/?ruta=24-dina
1,Barber Shop Big Boy,estética,128,18.457483,-97.389336,https://mitehuacan.mx/?ruta=24-dina
1,Nails Love Boutique,estética,128,18.457497,-97.389649,https://mitehuacan.mx/?ruta=24-dina
1,Peluqueria La Unica,estética,128,18.46587,-97.385544,https://mitehuacan.mx/?ruta=24-dina
1,Salon De Belleza Divaos,estética,128,18.461776,-97.387107,https://mitehuacan.mx/?ruta=24-dina
1,Estetica Ibe,estética,129,18.457452,-97.388493,https://mitehuacan.mx/?ruta=24-dina
1,Estetica Unisex Estilo,estética,129,18.457479,-97.389279,https://mitehuacan.mx/?ruta=24-dina
1,Estetica Unisex Sin Nombre,estética,129,18.457557,-97.391962,https://mitehuacan.mx/?ruta=24-dina
1,Estetica Y Cosmiatria Jm,estética,130,18.467332,-97.399147,https://mitehuacan.mx/?ruta=24-dina
1,Salon De Belleza Mb,estética,130,18.464133,-97.393932,https://mitehuacan.mx/?ruta=24-dina
1,Estetica Unisex Jazmin,estética,131,18.465821,-97.382879,https://mitehuacan.mx/?ruta=24-dina
1,Spa Con Servicios Podologicos Lineosovi,estética,132,18.457333,-97.386628,https://mitehuacan.mx/?ruta=24-dina
1,Barberia Y Peluqueria Abad,estética,134,18.458811,-97.395468,https://mitehuacan.mx/?ruta=24-dina
1,Salon De Belleza Vanity,estética,134,18.461935,-97.39821,https://mitehuacan.mx/?ruta=24-dina
1,Estetica Madoza,estética,135,18.459869,-97.38955,https://mitehuacan.mx/?ruta=24-dina
1,Peluqueria De Barrio,estética,135,18.460795,-97.387327,https://mitehuacan.mx/?ruta=24-dina
1,Estetica Arelyn,estética,137,18.465897,-97.383436,https://mitehuacan.mx/?ruta=24-dina
1,Estetica Unisex Sin Nombre,estética,137,18.457364,-97.388164,https://mitehuacan.mx/?ruta=24-dina
1,Tienda De Tatuajes Y Piercing Firme Tinta,estética,137,18.457368,-97.388354,https://mitehuacan.mx/?ruta=24-dina
1,Estitica Unisex Estilo Y Color,estética,138,18.463581,-97.389293,https://mitehuacan.mx/?ruta=24-dina
1,Estetica Centro De Belleza Vanity,estética,139,18.457441,-97.39115,https://mitehuacan.mx/?ruta=24-dina
1,Estetica Sin Nombre,estética,139,18.465874,-97.382375,https://mitehuacan.mx/?ruta=24-dina
1,Estetica Sin Nombre,estética,139,18.470091,-97.398748,https://mitehuacan.mx/?ruta=24-dina
1,Aplicacion De Uñas Studio Princess,estética,140,18.460006,-97.392567,https://mitehuacan.mx/?ruta=24-dina
1,Aplicacion De Uñas Yadis Nails,estética,140,18.457456,-97.391814,https://mitehuacan.mx/?ruta=24-dina
1,Estetica Unisex,estética,140,18.466941,-97.39008,https://mitehuacan.mx/?ruta=24-dina
1,Barberia Pacheco,estética,141,18.460012,-97.39244,https://mitehuacan.mx/?ruta=24-dina
1,Asari Cano Beauty Salon,estética,142,18.47047,-97.397814,https://mitehuacan.mx/?ruta=24-dina
1,Clinica Moon Spa,estética,143,18.467832,-97.393872,https://mitehuacan.mx/?ruta=24-dina
1,Estetic Uñas Y Pestañas Beauty Studio Cautiva,estética,144,18.463177,-97.399476,https://mitehuacan.mx/?ruta=24-dina
1,Aplicacion De Uñas Nail Room Flocz,estética,145,18.461786,-97.39658,https://mitehuacan.mx/?ruta=24-dina
1,Estetica Unisex Maricarmen,estética,145,18.465051,-97.399385,https://mitehuacan.mx/?ruta=24-dina
1,Peluqueria Sin Nombre,estética,149,18.480621,-97.395445,https://mitehuacan.mx/?ruta=24-dina
1,Farmacia Sin Nombre,farmacia,0,18.470137,-97.391379,https://mitehuacan.mx/?ruta=24-dina
1,Farmaceuticas Del Carmen,farmacia,1,18.469256,-97.393941,https://mitehuacan.mx/?ruta=24-dina
1,Farmacia Mh Farma,farmacia,1,18.465024,-97.391446,https://mitehuacan.mx/?ruta=24-dina
1,Farmacia Farma Ortiz,farmacia,2,18.468617,-97.391404,https://mitehuacan.mx/?ruta=24-dina
1,Farmacia de Apoyo,farmacia,2,18.458722,-97.392464,https://mitehuacan.mx/?ruta=24-dina
1,Farmacia Victorinox,farmacia,2,18.45866,-97.390378,https://mitehuacan.mx/?ruta=24-dina
1,Farmacia De Apoyo Sucursal 2,farmacia,3,18.47089,-97.394144,https://mitehuacan.mx/?ruta=24-dina
1,Farmacias Similares,farmacia,3,18.458694,-97.391999,https://mitehuacan.mx/?ruta=24-dina
1,Farmacia De Apoyo Sucursal 28,farmacia,4,18.463055,-97.396405,https://mitehuacan.mx/?ruta=24-dina
1,Farmacia Y Perfumeria Victorino,farmacia,4,18.458637,-97.390227,https://mitehuacan.mx/?ruta=24-dina
1,Farmacias Optima,farmacia,4,18.466708,-97.397976,https://mitehuacan.mx/?ruta=24-dina
1,Farmacias Similares,farmacia,4,18.474992,-97.395476,https://mitehuacan.mx/?ruta=24-dina
1,Farmacias Guadalajara,farmacia,5,18.480227,-97.392268,https://mitehuacan.mx/?ruta=24-dina
1,Farmacias Similares,farmacia,5,18.471386,-97.392783,https://mitehuacan.mx/?ruta=24-dina
1,Farmacias Similares,farmacia,6,18.458655,-97.388072,https://mitehuacan.mx/?ruta=24-dina
1,Farmacia De Apoyo,farmacia,7,18.461723,-97.394163,https://mitehuacan.mx/?ruta=24-dina
1,Farmacia De Genericos,farmacia,7,18.46051,-97.385988,https://mitehuacan.mx/?ruta=24-dina
1,Farmacia San Francisco,farmacia,7,18.470353,-97.394026,https://mitehuacan.mx/?ruta=24-dina
1,Farmacia Shaddai,farmacia,7,18.48923,-97.395288,https://mitehuacan.mx/?ruta=24-dina
1,Farmacias Similares,farmacia,7,18.468356,-97.397807,https://mitehuacan.mx/?ruta=24-dina
1,Farmacias Similares,farmacia,7,18.461122,-97.394185,https://mitehuacan.mx/?ruta=24-dina
1,Farmacias Similares,farmacia,7,18.463167,-97.396848,https://mitehuacan.mx/?ruta=24-dina
1,Farmacia A Flor De Piel,farmacia,8,18.462254,-97.394142,https://mitehuacan.mx/?ruta=24-dina
1,Farmacia Farmex,farmacia,8,18.477869,-97.392566,https://mitehuacan.mx/?ruta=24-dina
1,Farmacia De Apoyo,farmacia,9,18.462533,-97.380049,https://mitehuacan.mx/?ruta=24-dina
1,Farmacias del Ahorro,farmacia,10,18.458894,-97.394292,https://mitehuacan.mx/?ruta=24-dina
1,Farmacia Baxu,farmacia,15,18.489436,-97.400099,https://mitehuacan.mx/?ruta=24-dina
1,Farmacias Guadalajara Suc 2780,farmacia,15,18.470449,-97.393838,https://mitehuacan.mx/?ruta=24-dina
1,Ultrafarmacias San Antonio,farmacia,21,18.460982,-97.393924,https://mitehuacan.mx/?ruta=24-dina
1,Farmacias La Luz,farmacia,30,18.46503,-97.386944,https://mitehuacan.mx/?ruta=24-dina
1,Farmacia De Apoyo A Tu Salud,farmacia,34,18.463265,-97.393989,https://mitehuacan.mx/?ruta=24-dina
1,Ef Equilibrio Farmaceutico,farmacia,40,18.463134,-97.39849,https://mitehuacan.mx/?ruta=24-dina
1,Farmacia Damartz,farmacia,54,18.461248,-97.377557,https://mitehuacan.mx/?ruta=24-dina
1,Farmacias San Pio,farmacia,56,18.469692,-97.397845,https://mitehuacan.mx/?ruta=24-dina
1,Farmacia Optima,farmacia,58,18.464232,-97.386957,https://mitehuacan.mx/?ruta=24-dina
1,Casa del Médico,farmacia,81,18.460837,-97.39336,https://mitehuacan.mx/?ruta=24-dina
1,Asesoria Dermatologica Farmacia De Apoyo,farmacia,83,18.461776,-97.39331,https://mitehuacan.mx/?ruta=24-dina
1,Oficina Administrativa,farmacia,83,18.464632,-97.397252,https://mitehuacan.mx/?ruta=24-dina
1,Farmacia Optima,farmacia,86,18.475642,-97.39631,https://mitehuacan.mx/?ruta=24-dina
1,Farmacia Farmatodo,farmacia,87,18.462166,-97.393242,https://mitehuacan.mx/?ruta=24-dina
1,Farmacia de Apoyo,farmacia,87,18.461814,-97.393264,https://mitehuacan.mx/?ruta=24-dina
1,Farmacias del Ahorro,farmacia,87,18.463118,-97.393239,https://mitehuacan.mx/?ruta=24-dina
1,Casa Del Medico,farmacia,89,18.460865,-97.393282,https://mitehuacan.mx/?ruta=24-dina
1,Farmacia Y Consultorio Mora,farmacia,92,18.483785,-97.39094,https://mitehuacan.mx/?ruta=24-dina
1,Oficina Farmacia De Apoyo,farmacia,101,18.468246,-97.396435,https://mitehuacan.mx/?ruta=24-dina
1,Farmacia Farmex,farmacia,104,18.460707,-97.387036,https://mitehuacan.mx/?ruta=24-dina
1,Farmacias Similares,farmacia,104,18.463477,-97.393217,https://mitehuacan.mx/?ruta=24-dina
1,Farmacia Farmaplus,farmacia,112,18.49282,-97.388933,https://mitehuacan.mx/?ruta=24-dina
1,Farmacias Economicas,farmacia,112,18.459712,-97.37535,https://mitehuacan.mx/?ruta=24-dina
1,Venta De Productos Farmaceuticos Botica Del Mercado,farmacia,113,18.459667,-97.389483,https://mitehuacan.mx/?ruta=24-dina
1,Farmacia La Purisima,farmacia,115,18.457978,-97.385194,https://mitehuacan.mx/?ruta=24-dina
1,Paraiso Fumigaciones Tehuacan,farmacia,139,18.457445,-97.391283,https://mitehuacan.mx/?ruta=24-dina
1,Abc Ferreteria,ferretería,1,18.462816,-97.382649,https://mitehuacan.mx/?ruta=24-dina
1,Mas Casas,ferretería,1,18.49721,-97.388808,https://mitehuacan.mx/?ruta=24-dina
1,Materiales Para Construccion Guzman,ferretería,1,18.489779,-97.390939,https://mitehuacan.mx/?ruta=24-dina
1,Todo Para Agua Calentadores Solares,ferretería,2,18.468752,-97.391402,https://mitehuacan.mx/?ruta=24-dina
1,Ferreteria El Martillo,ferretería,3,18.459233,-97.394219,https://mitehuacan.mx/?ruta=24-dina
1,Fix Ferreterias Tehuacan Centro,ferretería,6,18.461597,-97.394045,https://mitehuacan.mx/?ruta=24-dina
1,Fix Tehuacan 2,ferretería,6,18.461467,-97.394049,https://mitehuacan.mx/?ruta=24-dina
1,Ferretería El Martillo,ferretería,6,18.459173,-97.39425,https://mitehuacan.mx/?ruta=24-dina
1,Comercial Industrial Frahi,ferretería,7,18.463169,-97.396858,https://mitehuacan.mx/?ruta=24-dina
1,Ferreteria Gia,ferretería,7,18.489189,-97.394958,https://mitehuacan.mx/?ruta=24-dina
1,Taller De Mantenimiento De Coches De Ferrepat,ferretería,7,18.469081,-97.397773,https://mitehuacan.mx/?ruta=24-dina
1,Venta Material Electrico Electri Ligh,ferretería,7,18.463216,-97.398043,https://mitehuacan.mx/?ruta=24-dina
1,Centro Ferrelectrico Cefemsa,ferretería,8,18.464936,-97.391239,https://mitehuacan.mx/?ruta=24-dina
1,Ferretera Arriaga,ferretería,9,18.467178,-97.397843,https://mitehuacan.mx/?ruta=24-dina
1,Ferreteria El Ferretero,ferretería,9,18.464915,-97.389396,https://mitehuacan.mx/?ruta=24-dina
1,La Ferre De La 3,ferretería,10,18.469419,-97.391288,https://mitehuacan.mx/?ruta=24-dina
1,Bodega Ferretera Arriaga,ferretería,12,18.467176,-97.397814,https://mitehuacan.mx/?ruta=24-dina
1,Materiales EL TRIUNFO,ferretería,14,18.462829,-97.382531,https://mitehuacan.mx/?ruta=24-dina
1,Ferreteria Arriaga Ferreteria,ferretería,25,18.458444,-97.390331,https://mitehuacan.mx/?ruta=24-dina
1,Bodega De La 5 Poniente,ferretería,39,18.458874,-97.394569,https://mitehuacan.mx/?ruta=24-dina
1,Ferreteria San Nicolas,ferretería,50,18.492431,-97.393746,https://mitehuacan.mx/?ruta=24-dina
1,Todo Para Gas Y Agua Bianchi Gas,ferretería,53,18.460697,-97.386553,https://mitehuacan.mx/?ruta=24-dina
1,El Crucero De Tehuacan,ferretería,55,18.480228,-97.392753,https://mitehuacan.mx/?ruta=24-dina
1,Estacionamiento Ecologico,ferretería,56,18.45924,-97.392415,https://mitehuacan.mx/?ruta=24-dina
1,Distribuciones Jorta,ferretería,60,18.459184,-97.389387,https://mitehuacan.mx/?ruta=24-dina
1,Ferreteria El Herrero,ferretería,63,18.483928,-97.392081,https://mitehuacan.mx/?ruta=24-dina
1,Ferreteria King,ferretería,63,18.46426,-97.389282,https://mitehuacan.mx/?ruta=24-dina
1,Ferreteria Ilumination,ferretería,69,18.458201,-97.394239,https://mitehuacan.mx/?ruta=24-dina
1,Todo Pa Gas Y Agua Bianchi Gas,ferretería,70,18.460776,-97.386711,https://mitehuacan.mx/?ruta=24-dina
1,Ferreteria Arriaga,ferretería,76,18.460659,-97.38533,https://mitehuacan.mx/?ruta=24-dina
1,Ferreteria Y Tlapaleria Reforma,ferretería,83,18.463707,-97.393979,https://mitehuacan.mx/?ruta=24-dina
1,Tornilleria Independencia,ferretería,85,18.460704,-97.386856,https://mitehuacan.mx/?ruta=24-dina
1,Tornilleria Leo,ferretería,87,18.48799,-97.391343,https://mitehuacan.mx/?ruta=24-dina
1,Tlapaleria,ferretería,88,18.472892,-97.390573,https://mitehuacan.mx/?ruta=24-dina
1,Ferreteria Reforma,ferretería,93,18.463785,-97.393849,https://mitehuacan.mx/?ruta=24-dina
1,Ferreteria Arriaga Bodega,ferretería,105,18.45995,-97.378385,https://mitehuacan.mx/?ruta=24-dina
1,Ferreteria Arriaga,ferretería,106,18.46086,-97.38705,https://mitehuacan.mx/?ruta=24-dina
1,Ferreteria Ferre Materiales Grupo Mazco,ferretería,116,18.465041,-97.399115,https://mitehuacan.mx/?ruta=24-dina
1,Ferreteria El Zorro Ferretero,ferretería,123,18.457404,-97.38637,https://mitehuacan.mx/?ruta=24-dina
1,Estacionamiento Wally,ferretería,125,18.459846,-97.391547,https://mitehuacan.mx/?ruta=24-dina
1,Ferre Pat Autoservicio,ferretería,135,18.459929,-97.391428,https://mitehuacan.mx/?ruta=24-dina
1,Ferreteria Casa Marin,ferretería,141,18.490801,-97.389421,https://mitehuacan.mx/?ruta=24-dina
1,Ave Ferreteria,ferretería,143,18.459977,-97.390749,https://mitehuacan.mx/?ruta=24-dina
1,Hotel La Rotonda,hotel,1,18.471865,-97.391356,https://mitehuacan.mx/?ruta=24-dina
1,Hotel Ivanna Thais,hotel,6,18.458638,-97.387818,https://mitehuacan.mx/?ruta=24-dina
1,Hotel Belen,hotel,7,18.464896,-97.389134,https://mitehuacan.mx/?ruta=24-dina
1,Hotel Casa Real Tehuacan,hotel,7,18.461278,-97.394179,https://mitehuacan.mx/?ruta=24-dina
1,Hotel Cr,hotel,7,18.460365,-97.3942,https://mitehuacan.mx/?ruta=24-dina
1,Hotel Casa Real,hotel,12,18.461188,-97.394228,https://mitehuacan.mx/?ruta=24-dina
1,Hotel Granada,hotel,14,18.4585,-97.388709,https://mitehuacan.mx/?ruta=24-dina
1,Hotel Mendoza,hotel,17,18.46069,-97.386211,https://mitehuacan.mx/?ruta=24-dina
1,Hotel Emperador,hotel,33,18.45823,-97.386627,https://mitehuacan.mx/?ruta=24-dina
1,Hotel México,hotel,38,18.463335,-97.394532,https://mitehuacan.mx/?ruta=24-dina
1,Motel Monte Carlo,hotel,39,18.46215,-97.377481,https://mitehuacan.mx/?ruta=24-dina
1,Estacionamiento Hotel Bogh Suites,hotel,40,18.463319,-97.393988,https://mitehuacan.mx/?ruta=24-dina
1,Hotel La Suiza,hotel,48,18.459076,-97.389388,https://mitehuacan.mx/?ruta=24-dina
1,Hotel San Miguel,hotel,48,18.464435,-97.391452,https://mitehuacan.mx/?ruta=24-dina
1,Hotel Zenith,hotel,48,18.46198,-97.394545,https://mitehuacan.mx/?ruta=24-dina
1,Hotel Alejandrina,hotel,50,18.465881,-97.390939,https://mitehuacan.mx/?ruta=24-dina
1,Motel Amore Mio,hotel,53,18.490033,-97.398292,https://mitehuacan.mx/?ruta=24-dina
1,Hotel Granada,hotel,67,18.458022,-97.388704,https://mitehuacan.mx/?ruta=24-dina
1,Hotel Palace,hotel,70,18.463558,-97.393819,https://mitehuacan.mx/?ruta=24-dina
1,Tehuacan Plaza,hotel,70,18.462714,-97.393383,https://mitehuacan.mx/?ruta=24-dina
1,Hotel Juquilita,hotel,72,18.458152,-97.385562,https://mitehuacan.mx/?ruta=24-dina
1,Hotel Luxor,hotel,77,18.465447,-97.38694,https://mitehuacan.mx/?ruta=24-dina
1,Hotel Tehuacan Plaza,hotel,87,18.462842,-97.393227,https://mitehuacan.mx/?ruta=24-dina
1,Motel Luxor,hotel,95,18.475715,-97.396356,https://mitehuacan.mx/?ruta=24-dina
1,Hotel Veracruz,hotel,103,18.460469,-97.38495,https://mitehuacan.mx/?ruta=24-dina
1,bogh Suites,hotel,107,18.463071,-97.393039,https://mitehuacan.mx/?ruta=24-dina
1,Bogh Suites Hotel,hotel,109,18.46326,-97.393058,https://mitehuacan.mx/?ruta=24-dina
1,Hotel Boutique Tehuacan,hotel,110,18.462063,-97.395808,https://mitehuacan.mx/?ruta=24-dina
1,Paraiso El Paraiso,hotel,111,18.45859,-97.385071,https://mitehuacan.mx/?ruta=24-dina
1,Hotel Motel Pasion,hotel,137,18.457369,-97.388401,https://mitehuacan.mx/?ruta=24-dina
1,Hotel Ilucion,hotel,142,18.45858,-97.384776,https://mitehuacan.mx/?ruta=24-dina
1,Sensity Home,hotel,146,18.478629,-97.393965,https://mitehuacan.mx/?ruta=24-dina
1,Virtus Terra Bienes Raices,inmobiliaria,1,18.463006,-97.394985,https://mitehuacan.mx/?ruta=24-dina
1,D D Inmobiliaria,inmobiliaria,3,18.466155,-97.391436,https://mitehuacan.mx/?ruta=24-dina
1,Inmobiliaria Y Construcciones La Torre Tehuacan,inmobiliaria,3,18.458694,-97.392,https://mitehuacan.mx/?ruta=24-dina
1,Oficina Administrativa De Plaza Ana Maria,inmobiliaria,3,18.458694,-97.392,https://mitehuacan.mx/?ruta=24-dina
1,Consultores Y Expectativas,inmobiliaria,5,18.462603,-97.394007,https://mitehuacan.mx/?ruta=24-dina
1,Inmobiliaria Sin Nombre,inmobiliaria,6,18.458843,-97.393721,https://mitehuacan.mx/?ruta=24-dina
1,Inmobiliaria Zapata,inmobiliaria,7,18.466579,-97.397877,https://mitehuacan.mx/?ruta=24-dina
1,Fomento Inmobiliario De Tehuacan,inmobiliaria,8,18.462616,-97.394129,https://mitehuacan.mx/?ruta=24-dina
1,Inmobiliaria La Roca,inmobiliaria,14,18.460678,-97.385918,https://mitehuacan.mx/?ruta=24-dina
1,Inmobiliaria Jc,inmobiliaria,45,18.470292,-97.391808,https://mitehuacan.mx/?ruta=24-dina
1,Promotora Nacional,inmobiliaria,74,18.463147,-97.398813,https://mitehuacan.mx/?ruta=24-dina
1,Compañia De Telefonos Y Bienes Raices,inmobiliaria,77,18.465401,-97.384689,https://mitehuacan.mx/?ruta=24-dina
1,Inmobiliaria Mds,inmobiliaria,78,18.469863,-97.396335,https://mitehuacan.mx/?ruta=24-dina
1,Inmobiliaria Jd,inmobiliaria,83,18.460654,-97.385179,https://mitehuacan.mx/?ruta=24-dina
1,Inmobiliaria Dasa Vivienda,inmobiliaria,95,18.462249,-97.396804,https://mitehuacan.mx/?ruta=24-dina
1,Venta De Terrenos,inmobiliaria,95,18.462005,-97.394981,https://mitehuacan.mx/?ruta=24-dina
1,Comercializadora Terrecasas,inmobiliaria,106,18.466955,-97.390402,https://mitehuacan.mx/?ruta=24-dina
1,Inmobiliaria Tehuacan,inmobiliaria,108,18.472948,-97.393873,https://mitehuacan.mx/?ruta=24-dina
1,Gruvasa Inmobiliaria,inmobiliaria,119,18.469991,-97.392819,https://mitehuacan.mx/?ruta=24-dina
1,Ma&Ch Consultores Inmobiliarios,inmobiliaria,130,18.464133,-97.393932,https://mitehuacan.mx/?ruta=24-dina
1,Bodega De Llantas,llantera,1,18.498178,-97.388754,https://mitehuacan.mx/?ruta=24-dina
1,Talacheria Marcos,llantera,3,18.489101,-97.395036,https://mitehuacan.mx/?ruta=24-dina
1,Talacheria Barritas Tires Service,llantera,9,18.462397,-97.376913,https://mitehuacan.mx/?ruta=24-dina
1,Talacheria Independencia,llantera,9,18.462587,-97.381195,https://mitehuacan.mx/?ruta=24-dina
1,Vulcanizadora La Llanta,llantera,17,18.462519,-97.381535,https://mitehuacan.mx/?ruta=24-dina
1,Talacheria Independencia,llantera,32,18.462634,-97.382968,https://mitehuacan.mx/?ruta=24-dina
1,Venta De Llantas Sin Nombre,llantera,41,18.461412,-97.386367,https://mitehuacan.mx/?ruta=24-dina
1,Vulcanizadora El Copete,llantera,53,18.459033,-97.387106,https://mitehuacan.mx/?ruta=24-dina
1,Vulcanisadora Sin Nombre,llantera,78,18.483433,-97.397191,https://mitehuacan.mx/?ruta=24-dina
1,Vulcanizadora Centro Llantero Sin Nombre,llantera,82,18.468384,-97.393852,https://mitehuacan.mx/?ruta=24-dina
1,Llantera Abarrotes Barroso,llantera,92,18.459549,-97.391549,https://mitehuacan.mx/?ruta=24-dina
1,Talacheria La Purisima,llantera,107,18.460164,-97.385055,https://mitehuacan.mx/?ruta=24-dina
1,Talacheria Dany,llantera,115,18.459985,-97.379177,https://mitehuacan.mx/?ruta=24-dina
1,Taller De Talacheria Sin Nombre,llantera,118,18.465766,-97.384663,https://mitehuacan.mx/?ruta=24-dina
1,Vulcanizadora Roberto,llantera,143,18.45735,-97.389236,https://mitehuacan.mx/?ruta=24-dina
1,Taller De Tapiceria Sin Nombre,muebles,0,18.464738,-97.386464,https://mitehuacan.mx/?ruta=24-dina
1,Tapiceria Diaz,muebles,2,18.464825,-97.389507,https://mitehuacan.mx/?ruta=24-dina
1,Muebleria Doña Cama Y Don Ropero,muebles,3,18.459318,-97.386074,https://mitehuacan.mx/?ruta=24-dina
1,Muebleria Bruno,muebles,4,18.462638,-97.37977,https://mitehuacan.mx/?ruta=24-dina
1,Muebleria Sin Nombre,muebles,5,18.458558,-97.388095,https://mitehuacan.mx/?ruta=24-dina
1,Servi Hogar,muebles,5,18.462784,-97.394003,https://mitehuacan.mx/?ruta=24-dina
1,La Comercial De Tehuacan,muebles,7,18.45895,-97.394133,https://mitehuacan.mx/?ruta=24-dina
1,Muebleria Secundino,muebles,8,18.464937,-97.391267,https://mitehuacan.mx/?ruta=24-dina
1,Muebleria Sin Nombre,muebles,11,18.471918,-97.39277,https://mitehuacan.mx/?ruta=24-dina
1,Muebleria Bonanza,muebles,21,18.466908,-97.391607,https://mitehuacan.mx/?ruta=24-dina
1,2961 Salinas Y Rocha Tehuacan,muebles,33,18.462951,-97.393733,https://mitehuacan.mx/?ruta=24-dina
1,Salinas & Rocha,muebles,39,18.462916,-97.393676,https://mitehuacan.mx/?ruta=24-dina
1,Muebles Metalicos,muebles,54,18.460914,-97.385005,https://mitehuacan.mx/?ruta=24-dina
1,Venta De Muebles Bruno,muebles,56,18.464254,-97.387032,https://mitehuacan.mx/?ruta=24-dina
1,Tapiceria Jose Luis,muebles,59,18.46149,-97.386526,https://mitehuacan.mx/?ruta=24-dina
1,Muebleria La Casa De Los Muebles,muebles,76,18.460177,-97.393424,https://mitehuacan.mx/?ruta=24-dina
1,Muebleria Ofilinea,muebles,84,18.465594,-97.38939,https://mitehuacan.mx/?ruta=24-dina
1,Rb Decoraciones,muebles,94,18.466864,-97.39051,https://mitehuacan.mx/?ruta=24-dina
1,Muebles Tk,muebles,95,18.461003,-97.395015,https://mitehuacan.mx/?ruta=24-dina
1,Muebleria Patjane Ceja,muebles,97,18.461004,-97.395043,https://mitehuacan.mx/?ruta=24-dina
1,Sm Tapiceria,muebles,101,18.477332,-97.393655,https://mitehuacan.mx/?ruta=24-dina
1,Muebleria Hermanos Vazquez,muebles,111,18.458806,-97.39525,https://mitehuacan.mx/?ruta=24-dina
1,Doña Cama Y Don Ropero,muebles,114,18.460593,-97.387134,https://mitehuacan.mx/?ruta=24-dina
1,Muebleria Los Angeles,muebles,138,18.460796,-97.387356,https://mitehuacan.mx/?ruta=24-dina
1,Articulos Para Tapiceria Anita,muebles,145,18.463522,-97.389425,https://mitehuacan.mx/?ruta=24-dina
1,Panadería La Paz,panadería,11,18.466174,-97.391306,https://mitehuacan.mx/?ruta=24-dina
1,Pastelix,panadería,13,18.467348,-97.391525,https://mitehuacan.mx/?ruta=24-dina
1,Guti-Pan,panadería,53,18.459224,-97.39263,https://mitehuacan.mx/?ruta=24-dina
1,Compra Venta De Accesorios Para Automoviles Blacky,refacciones,3,18.458628,-97.389939,https://mitehuacan.mx/?ruta=24-dina
1,Transmisiones Automaticas 25 Sur,refacciones,3,18.461645,-97.375512,https://mitehuacan.mx/?ruta=24-dina
1,Autozone De Mexico Sucursal 7728,refacciones,4,18.46251,-97.376804,https://mitehuacan.mx/?ruta=24-dina
1,Excelencia En Audio Auto Boutique,refacciones,4,18.462647,-97.37996,https://mitehuacan.mx/?ruta=24-dina
1,Refacciones Lay,refacciones,4,18.467595,-97.39794,https://mitehuacan.mx/?ruta=24-dina
1,Refacciones Usadas Leon,refacciones,4,18.462634,-97.379685,https://mitehuacan.mx/?ruta=24-dina
1,Transmiciones Automaticas San Jorge,refacciones,4,18.462641,-97.379846,https://mitehuacan.mx/?ruta=24-dina
1,Centro De Distribucion Oriente Tehuacan 2,refacciones,5,18.462449,-97.375457,https://mitehuacan.mx/?ruta=24-dina
1,Refaccionaria Carrera,refacciones,5,18.462698,-97.380983,https://mitehuacan.mx/?ruta=24-dina
1,Refacciones Usadas Devisto,refacciones,5,18.462686,-97.380755,https://mitehuacan.mx/?ruta=24-dina
1,Refaccionaria Macsa,refacciones,8,18.464889,-97.388878,https://mitehuacan.mx/?ruta=24-dina
1,Venta De Accesorios Para Vehiculos Vidal,refacciones,8,18.46685,-97.397865,https://mitehuacan.mx/?ruta=24-dina
1,Refacciones Usadas El Puente,refacciones,9,18.462458,-97.378315,https://mitehuacan.mx/?ruta=24-dina
1,Tienda De Partes Electricas Trumor,refacciones,10,18.472479,-97.391169,https://mitehuacan.mx/?ruta=24-dina
1,Mikels,refacciones,12,18.472789,-97.394861,https://mitehuacan.mx/?ruta=24-dina
1,Refacciones Vw Y Nissan De Tehuacan,refacciones,15,18.465125,-97.398149,https://mitehuacan.mx/?ruta=24-dina
1,Parabrisas Luigi,refacciones,22,18.476377,-97.393796,https://mitehuacan.mx/?ruta=24-dina
1,Diez Accesorios,refacciones,36,18.476503,-97.393793,https://mitehuacan.mx/?ruta=24-dina
1,Bodega De Refacciones Usadas El Piñon,refacciones,71,18.460652,-97.381109,https://mitehuacan.mx/?ruta=24-dina
1,Refacciones Usadas El Piñon,refacciones,78,18.460591,-97.381206,https://mitehuacan.mx/?ruta=24-dina
1,Jeese Refacciones,refacciones,79,18.479296,-97.393146,https://mitehuacan.mx/?ruta=24-dina
1,Venta De Partes Para Muelles Castillo,refacciones,80,18.469144,-97.392141,https://mitehuacan.mx/?ruta=24-dina
1,Refacciones Don Paco,refacciones,83,18.464342,-97.397266,https://mitehuacan.mx/?ruta=24-dina
1,Zona Centro,refacciones,99,18.46265,-97.383602,https://mitehuacan.mx/?ruta=24-dina
1,Refaccionaria Disel Hernandez,refacciones,103,18.469431,-97.398781,https://mitehuacan.mx/?ruta=24-dina
1,Diagsa Automotriz,refacciones,105,18.459258,-97.385114,https://mitehuacan.mx/?ruta=24-dina
1,Refacciones Usadas Tehuacan,refacciones,105,18.460572,-97.38279,https://mitehuacan.mx/?ruta=24-dina
1,Refacciones La Flechita,refacciones,111,18.462771,-97.383713,https://mitehuacan.mx/?ruta=24-dina
1,Refaccionaria El Caballito De Fuerza,refacciones,112,18.460494,-97.382346,https://mitehuacan.mx/?ruta=24-dina
1,Refaciones Usadas Martinez,refacciones,114,18.462772,-97.38375,https://mitehuacan.mx/?ruta=24-dina
1,Refacciones Usadas Perez,refacciones,116,18.460079,-97.379723,https://mitehuacan.mx/?ruta=24-dina
1,Refacciones Cinco De Febrero,refacciones,119,18.462773,-97.383798,https://mitehuacan.mx/?ruta=24-dina
1,Auto Estandar Refaccionaria,refacciones,120,18.46035,-97.381704,https://mitehuacan.mx/?ruta=24-dina
1,Refacciones Usadas Martinez,refacciones,121,18.460392,-97.381913,https://mitehuacan.mx/?ruta=24-dina
1,Bodega Caballito De Fuerza,refacciones,122,18.460394,-97.382212,https://mitehuacan.mx/?ruta=24-dina
1,Representaciones Industriales Y Comerciales Rosas,refacciones,126,18.457431,-97.387555,https://mitehuacan.mx/?ruta=24-dina
1,Compra Venta De Accesorios Para Automoviles Blaky,refacciones,128,18.457493,-97.389564,https://mitehuacan.mx/?ruta=24-dina
1,Refacciones El Gato,refacciones,128,18.459742,-97.378417,https://mitehuacan.mx/?ruta=24-dina
1,Bodega De Refaccionaria El Caballito De Fuerza,refacciones,129,18.460353,-97.382647,https://mitehuacan.mx/?ruta=24-dina
1,Venta De Accesorios Automotrices Sin Nombre,refacciones,139,18.462063,-97.387029,https://mitehuacan.mx/?ruta=24-dina
1,Suministros Automotrices,refacciones,142,18.462685,-97.384911,https://mitehuacan.mx/?ruta=24-dina
1,Refacciones Osorio,refacciones,148,18.460184,-97.382741,https://mitehuacan.mx/?ruta=24-dina
1,La Casa Del Chofer,refacciones,149,18.462783,-97.384158,https://mitehuacan.mx/?ruta=24-dina
1,Antojitos Chela,restaurante,0,18.486308,-97.396152,https://mitehuacan.mx/?ruta=24-dina
1,Antojitos Mexicanos Marijo,restaurante,0,18.469214,-97.391385,https://mitehuacan.mx/?ruta=24-dina
1,Cocina Economica,restaurante,0,18.460739,-97.377472,https://mitehuacan.mx/?ruta=24-dina
1,Cocina Economica Sazon Santa Lucia,restaurante,0,18.46915,-97.391385,https://mitehuacan.mx/?ruta=24-dina
1,Memelas Y Quesadillas Juquila,restaurante,0,18.464739,-97.38654,https://mitehuacan.mx/?ruta=24-dina
1,Tacos El Chino Y Algo Mas,restaurante,0,18.46963,-97.391382,https://mitehuacan.mx/?ruta=24-dina
1,Venta De Hamburguesas Crazy Foods,restaurante,0,18.469186,-97.391385,https://mitehuacan.mx/?ruta=24-dina
1,Cocina La Cordobesa,restaurante,1,18.493644,-97.390898,https://mitehuacan.mx/?ruta=24-dina
1,Jazmin 213,restaurante,1,18.473021,-97.395103,https://mitehuacan.mx/?ruta=24-dina
1,"Restaurantes Con Servicio De Preparación De Pizzas, Hamburgu",restaurante,1,18.478197,-97.392641,https://mitehuacan.mx/?ruta=24-dina
1,Antojitos Doña Rufi,restaurante,2,18.464723,-97.38525,https://mitehuacan.mx/?ruta=24-dina
1,Antojitos Flores,restaurante,2,18.464723,-97.38525,https://mitehuacan.mx/?ruta=24-dina
1,Carnitas El Altepexano,restaurante,2,18.464824,-97.389488,https://mitehuacan.mx/?ruta=24-dina
1,Carnitas El Porky,restaurante,2,18.464824,-97.389459,https://mitehuacan.mx/?ruta=24-dina
1,Cocina Economica La Flor De Veracruz,restaurante,2,18.464827,-97.38962,https://mitehuacan.mx/?ruta=24-dina
1,Restaurante La Casa De Ocaña,restaurante,2,18.466336,-97.391434,https://mitehuacan.mx/?ruta=24-dina
1,Rosticeria Raquel,restaurante,2,18.468897,-97.3914,https://mitehuacan.mx/?ruta=24-dina
1,Taqueria El Diablito,restaurante,2,18.476146,-97.39349,https://mitehuacan.mx/?ruta=24-dina
1,Venta De Antojitos Mexicanos Comedor Mexicano,restaurante,2,18.464826,-97.389582,https://mitehuacan.mx/?ruta=24-dina
1,Venta De Antojitos Sin Nombre,restaurante,2,18.46109,-97.379309,https://mitehuacan.mx/?ruta=24-dina
1,Venta De Carne Arabe Doner Kebab,restaurante,2,18.467286,-97.391424,https://mitehuacan.mx/?ruta=24-dina
1,Venta De Comida Sin Nombre,restaurante,2,18.461504,-97.383414,https://mitehuacan.mx/?ruta=24-dina
1,Venta De Tacos Estilo Michoacan,restaurante,2,18.466481,-97.391433,https://mitehuacan.mx/?ruta=24-dina
1,Cocina Clasicos,restaurante,3,18.464843,-97.391448,https://mitehuacan.mx/?ruta=24-dina
1,Cocina Economica La Incondicional Del Sabor,restaurante,3,18.458694,-97.392,https://mitehuacan.mx/?ruta=24-dina
1,Hamburguesas Leo,restaurante,3,18.489111,-97.395111,https://mitehuacan.mx/?ruta=24-dina
1,Loncheria San Marcos,restaurante,3,18.493792,-97.388722,https://mitehuacan.mx/?ruta=24-dina
1,Pizzas Yankees,restaurante,3,18.458694,-97.392,https://mitehuacan.mx/?ruta=24-dina
1,Pizzeria Yankees,restaurante,3,18.458694,-97.392,https://mitehuacan.mx/?ruta=24-dina
1,Tilingo Lingo Restaurante,restaurante,3,18.473811,-97.395394,https://mitehuacan.mx/?ruta=24-dina
1,Antojitos Mary Fer,restaurante,4,18.458579,-97.388522,https://mitehuacan.mx/?ruta=24-dina
1,Cocina Economica Antojitos Mexicanos,restaurante,4,18.464833,-97.391448,https://mitehuacan.mx/?ruta=24-dina
1,Cocina Economica Norita,restaurante,4,18.458598,-97.388929,https://mitehuacan.mx/?ruta=24-dina
1,Cocina Lolita,restaurante,4,18.47168,-97.392323,https://mitehuacan.mx/?ruta=24-dina
1,El Sazon De Chonita,restaurante,4,18.461559,-97.383014,https://mitehuacan.mx/?ruta=24-dina
1,Loncheria Agua Miel,restaurante,4,18.463499,-97.398134,https://mitehuacan.mx/?ruta=24-dina
1,Super Tortas Hidalguenses,restaurante,4,18.458581,-97.388569,https://mitehuacan.mx/?ruta=24-dina
1,Taqueria Los Amigos,restaurante,4,18.475458,-97.392768,https://mitehuacan.mx/?ruta=24-dina
1,Taqueria Mariluz,restaurante,4,18.46904,-97.391423,https://mitehuacan.mx/?ruta=24-dina
1,Venta De Antojitos Sin Nombre,restaurante,4,18.475135,-97.394587,https://mitehuacan.mx/?ruta=24-dina
1,Antojitos La Coapeñita,restaurante,5,18.480069,-97.392292,https://mitehuacan.mx/?ruta=24-dina
1,Cemitas Mary,restaurante,5,18.458517,-97.387243,https://mitehuacan.mx/?ruta=24-dina
1,Cocina Economica Juquilita,restaurante,5,18.46547,-97.398037,https://mitehuacan.mx/?ruta=24-dina
1,Cocina Economica Karen,restaurante,5,18.479961,-97.392312,https://mitehuacan.mx/?ruta=24-dina
1,Cocina La Guera,restaurante,5,18.493819,-97.390974,https://mitehuacan.mx/?ruta=24-dina
1,La Torta Del Recreo,restaurante,5,18.477283,-97.392647,https://mitehuacan.mx/?ruta=24-dina
1,Restaurante Desayunos Doña Lancha,restaurante,5,18.463761,-97.398122,https://mitehuacan.mx/?ruta=24-dina
1,Restaurante Mis Dos Regalos,restaurante,5,18.458569,-97.388323,https://mitehuacan.mx/?ruta=24-dina
1,Taqueria El Tizon Sureño,restaurante,5,18.464331,-97.398096,https://mitehuacan.mx/?ruta=24-dina
1,Venta De Comida Sin Nombre,restaurante,5,18.461223,-97.380591,https://mitehuacan.mx/?ruta=24-dina
1,Venta De Memelas Especiales Sin Nombre,restaurante,5,18.458563,-97.3882,https://mitehuacan.mx/?ruta=24-dina
1,Wingsbur,restaurante,5,18.462684,-97.380708,https://mitehuacan.mx/?ruta=24-dina
1,Antojitos Sin Nombre,restaurante,6,18.483275,-97.392886,https://mitehuacan.mx/?ruta=24-dina
1,Cocina Economica El Buen Sazon,restaurante,6,18.465349,-97.397941,https://mitehuacan.mx/?ruta=24-dina
1,La Cocina De Mama,restaurante,6,18.477085,-97.392756,https://mitehuacan.mx/?ruta=24-dina
1,Las Cazuelas De Los Abuelos,restaurante,6,18.464644,-97.397977,https://mitehuacan.mx/?ruta=24-dina
1,Restaurant Bar La Hacienda,restaurante,6,18.464048,-97.398005,https://mitehuacan.mx/?ruta=24-dina
1,Taqueria La Asuncion,restaurante,6,18.460748,-97.37783,https://mitehuacan.mx/?ruta=24-dina
1,Venta De Carnitas Sin Nombre,restaurante,6,18.464346,-97.397991,https://mitehuacan.mx/?ruta=24-dina
1,Antojitos Lolita,restaurante,7,18.471304,-97.392714,https://mitehuacan.mx/?ruta=24-dina
1,Antojitos Mexicanos,restaurante,7,18.471304,-97.392714,https://mitehuacan.mx/?ruta=24-dina
1,Bodega De Cocina Economica Chayito,restaurante,7,18.471304,-97.392714,https://mitehuacan.mx/?ruta=24-dina
1,Bodega De La Cocina Economica Chayito,restaurante,7,18.471304,-97.392714,https://mitehuacan.mx/?ruta=24-dina
1,Cocina Economica Ene,restaurante,7,18.489406,-97.396696,https://mitehuacan.mx/?ruta=24-dina
1,Cocina Economica Las Comadritas,restaurante,7,18.471304,-97.392714,https://mitehuacan.mx/?ruta=24-dina
1,Comedor De Antojitos Mexicanos,restaurante,7,18.471304,-97.392714,https://mitehuacan.mx/?ruta=24-dina
1,Las Gueras,restaurante,7,18.461519,-97.381146,https://mitehuacan.mx/?ruta=24-dina
1,Pizzas 238,restaurante,7,18.47622,-97.393013,https://mitehuacan.mx/?ruta=24-dina
1,Preparacion De Tortas Y Sandwich Sin Nombre,restaurante,7,18.471304,-97.392714,https://mitehuacan.mx/?ruta=24-dina
1,Restaurante Las Marias,restaurante,7,18.471304,-97.392714,https://mitehuacan.mx/?ruta=24-dina
1,Restaurante Los Pepes,restaurante,7,18.466579,-97.397877,https://mitehuacan.mx/?ruta=24-dina
1,Restaurante Welik,restaurante,7,18.461657,-97.394166,https://mitehuacan.mx/?ruta=24-dina
1,Taqueria El Jefe,restaurante,7,18.458603,-97.386775,https://mitehuacan.mx/?ruta=24-dina
1,Taqueria El Sombrerudo,restaurante,7,18.468423,-97.397805,https://mitehuacan.mx/?ruta=24-dina
1,Taqueria La Fortaleza,restaurante,7,18.489429,-97.396857,https://mitehuacan.mx/?ruta=24-dina
1,Tasty Burguer,restaurante,7,18.467008,-97.391473,https://mitehuacan.mx/?ruta=24-dina
1,Tortas Y Tacos Leo,restaurante,7,18.466027,-97.397901,https://mitehuacan.mx/?ruta=24-dina
1,Venta De Antojitos Perlita,restaurante,7,18.471304,-97.392714,https://mitehuacan.mx/?ruta=24-dina
1,Venta De Barbacoa Hermanos Lopez,restaurante,7,18.471304,-97.392714,https://mitehuacan.mx/?ruta=24-dina
1,Venta De Chicharron Sin Nombre,restaurante,7,18.489348,-97.396204,https://mitehuacan.mx/?ruta=24-dina
1,Yankees Pizzas,restaurante,7,18.461721,-97.394163,https://mitehuacan.mx/?ruta=24-dina
1,Cocina Economica Maguito,restaurante,8,18.486088,-97.397594,https://mitehuacan.mx/?ruta=24-dina
1,La Gran Parrillada,restaurante,8,18.467266,-97.397848,https://mitehuacan.mx/?ruta=24-dina
1,Loncheria Frutileto,restaurante,8,18.462299,-97.39414,https://mitehuacan.mx/?ruta=24-dina
1,Pizzeria Nayes,restaurante,8,18.489458,-97.397064,https://mitehuacan.mx/?ruta=24-dina
1,Pizzerias Angelloti,restaurante,8,18.458766,-97.391058,https://mitehuacan.mx/?ruta=24-dina
1,Rosticeria El Buen Sabor,restaurante,8,18.458777,-97.391371,https://mitehuacan.mx/?ruta=24-dina
1,Tacos Genaro,restaurante,8,18.465808,-97.391335,https://mitehuacan.mx/?ruta=24-dina
1,Taqueria Rey De Reyes,restaurante,8,18.462623,-97.38256,https://mitehuacan.mx/?ruta=24-dina
1,Taqueria Tac Mahal,restaurante,8,18.464831,-97.386947,https://mitehuacan.mx/?ruta=24-dina
1,Venta De Antojitos Sin Nombre,restaurante,8,18.482552,-97.391752,https://mitehuacan.mx/?ruta=24-dina
1,Venta De Carnitas Sin Nombre,restaurante,8,18.486078,-97.397224,https://mitehuacan.mx/?ruta=24-dina
1,Cocina Economica Evita,restaurante,9,18.478931,-97.392379,https://mitehuacan.mx/?ruta=24-dina
1,Cocina Economica Jade,restaurante,9,18.464799,-97.385542,https://mitehuacan.mx/?ruta=24-dina
1,El Jitomate Romantico,restaurante,9,18.46313,-97.395674,https://mitehuacan.mx/?ruta=24-dina
1,Fonda Cecy,restaurante,9,18.46023,-97.385993,https://mitehuacan.mx/?ruta=24-dina
1,Los Combina2 Taqueria Y Restaurant,restaurante,9,18.462483,-97.378903,https://mitehuacan.mx/?ruta=24-dina
1,Taqueria El Poblanito,restaurante,9,18.462615,-97.382589,https://mitehuacan.mx/?ruta=24-dina
1,Taqueria Mulullos,restaurante,9,18.462377,-97.376468,https://mitehuacan.mx/?ruta=24-dina
1,Venta De Antojitos Sin Nombre,restaurante,9,18.462594,-97.38147,https://mitehuacan.mx/?ruta=24-dina
1,Venta De Comida Taquito De Sal,restaurante,9,18.467428,-97.39132,https://mitehuacan.mx/?ruta=24-dina
1,Cemitas La Poblanita,restaurante,10,18.471655,-97.392777,https://mitehuacan.mx/?ruta=24-dina
1,Hamburguesa Magica,restaurante,10,18.472044,-97.391265,https://mitehuacan.mx/?ruta=24-dina
1,Pollos Asados Gigante,restaurante,10,18.490288,-97.390687,https://mitehuacan.mx/?ruta=24-dina
1,Taqueria Kebab,restaurante,10,18.475037,-97.395957,https://mitehuacan.mx/?ruta=24-dina
1,Cocina Sandy,restaurante,11,18.471827,-97.392773,https://mitehuacan.mx/?ruta=24-dina
1,El Jacalito De La Guera Barbacoa,restaurante,11,18.472226,-97.392766,https://mitehuacan.mx/?ruta=24-dina
1,Preparacion De Las Alas Del Pollo,restaurante,11,18.472044,-97.392767,https://mitehuacan.mx/?ruta=24-dina
1,Tacos De La 3,restaurante,11,18.471301,-97.39127,https://mitehuacan.mx/?ruta=24-dina
1,Taqueria La Chingada,restaurante,12,18.472384,-97.391106,https://mitehuacan.mx/?ruta=24-dina
1,Taqueria Sin Nombre,restaurante,12,18.492046,-97.392961,https://mitehuacan.mx/?ruta=24-dina
1,Antojitos,restaurante,13,18.475284,-97.392854,https://mitehuacan.mx/?ruta=24-dina
1,Sergios Antojos Tlalpeños,restaurante,13,18.461717,-97.393975,https://mitehuacan.mx/?ruta=24-dina
1,Taqueria Estilo Michoacan Sucursal 7 Sur,restaurante,13,18.458435,-97.387103,https://mitehuacan.mx/?ruta=24-dina
1,Torteria Rico Rico,restaurante,13,18.461717,-97.393975,https://mitehuacan.mx/?ruta=24-dina
1,Pizzas Angelotti,restaurante,14,18.462555,-97.382098,https://mitehuacan.mx/?ruta=24-dina
1,Venta De Antojitos Marychely,restaurante,14,18.461044,-97.379836,https://mitehuacan.mx/?ruta=24-dina
1,Cafeteria Betina,restaurante,15,18.474688,-97.39567,https://mitehuacan.mx/?ruta=24-dina
1,Comida Rapida Antojitos Sin Nombre,restaurante,15,18.464694,-97.389274,https://mitehuacan.mx/?ruta=24-dina
1,Rosticeria Granada,restaurante,15,18.458853,-97.391563,https://mitehuacan.mx/?ruta=24-dina
1,Tacos De Birria Sin Nombre,restaurante,15,18.458777,-97.389392,https://mitehuacan.mx/?ruta=24-dina
1,Preparacion Y Venta De Antojitos Sin Nombre,restaurante,16,18.46253,-97.381601,https://mitehuacan.mx/?ruta=24-dina
1,Rosticeria Pollo Fiesta,restaurante,16,18.458879,-97.392404,https://mitehuacan.mx/?ruta=24-dina
1,Taqueria El Rey Del Taco,restaurante,16,18.45841,-97.38718,https://mitehuacan.mx/?ruta=24-dina
1,Venta De Antojitos Mexicanos Sin Nombre,restaurante,16,18.460678,-97.385899,https://mitehuacan.mx/?ruta=24-dina
1,Restaurante Cafe La Plazuela,restaurante,17,18.469244,-97.397982,https://mitehuacan.mx/?ruta=24-dina
1,Taqueria Alva,restaurante,17,18.489694,-97.40019,https://mitehuacan.mx/?ruta=24-dina
1,Aca Las Tortas,restaurante,18,18.458465,-97.385964,https://mitehuacan.mx/?ruta=24-dina
1,Elaboracion De Memelitas,restaurante,18,18.472614,-97.391256,https://mitehuacan.mx/?ruta=24-dina
1,Pizerias Chepe Pizas,restaurante,20,18.458447,-97.388675,https://mitehuacan.mx/?ruta=24-dina
1,Restaurante La Zona,restaurante,20,18.464878,-97.384652,https://mitehuacan.mx/?ruta=24-dina
1,Taqueria Sanchez,restaurante,20,18.458345,-97.386541,https://mitehuacan.mx/?ruta=24-dina
1,Pizzas Alma Mixteco,restaurante,21,18.46464,-97.389275,https://mitehuacan.mx/?ruta=24-dina
1,Restaurante Sabor Sarabia,restaurante,21,18.473376,-97.392634,https://mitehuacan.mx/?ruta=24-dina
1,Rosticeria Granada,restaurante,21,18.458521,-97.39147,https://mitehuacan.mx/?ruta=24-dina
1,Restaurante El Patio Tehuacan,restaurante,22,18.462898,-97.396519,https://mitehuacan.mx/?ruta=24-dina
1,Restaurante La Choza,restaurante,22,18.470638,-97.393835,https://mitehuacan.mx/?ruta=24-dina
1,Taqueria Juquilita,restaurante,22,18.460748,-97.38584,https://mitehuacan.mx/?ruta=24-dina
1,Venta De Botanas Y Tortas Camila,restaurante,22,18.469182,-97.398051,https://mitehuacan.mx/?ruta=24-dina
1,Tortas Angelos,restaurante,23,18.489917,-97.390673,https://mitehuacan.mx/?ruta=24-dina
1,Antojitos Mexicanos Mary Lore,restaurante,24,18.486091,-97.396782,https://mitehuacan.mx/?ruta=24-dina
1,Tacos Y Tortas Arabes Tacuba,restaurante,24,18.489733,-97.400266,https://mitehuacan.mx/?ruta=24-dina
1,Taqueria Xanadu,restaurante,25,18.472141,-97.391019,https://mitehuacan.mx/?ruta=24-dina
1,Antojitos Aryse,restaurante,26,18.45832,-97.387184,https://mitehuacan.mx/?ruta=24-dina
1,Venta De Hamburguesas Gari,restaurante,26,18.493782,-97.388369,https://mitehuacan.mx/?ruta=24-dina
1,Restaurante Ken Gourmet Japones,restaurante,27,18.458525,-97.393273,https://mitehuacan.mx/?ruta=24-dina
1,Venta De Tacos Taqueria Zaragoza,restaurante,28,18.465128,-97.398272,https://mitehuacan.mx/?ruta=24-dina
1,Antojitos Sin Nombre,restaurante,29,18.466265,-97.398234,https://mitehuacan.mx/?ruta=24-dina
1,Elaboracion De Tortas,restaurante,30,18.475892,-97.393359,https://mitehuacan.mx/?ruta=24-dina
1,Venta De Antojitos Memelitas Y Quesadillas Sin Nombre,restaurante,30,18.49378,-97.388331,https://mitehuacan.mx/?ruta=24-dina
1,Venta De Antojitos Toñita,restaurante,30,18.49378,-97.388331,https://mitehuacan.mx/?ruta=24-dina
1,Antojitos Mexicanos Chaguita,restaurante,32,18.47529,-97.393035,https://mitehuacan.mx/?ruta=24-dina
1,Carnitas Y Tacos Sin Nombre,restaurante,34,18.490074,-97.400167,https://mitehuacan.mx/?ruta=24-dina
1,Taqueria Sin Nombre,restaurante,34,18.46171,-97.384952,https://mitehuacan.mx/?ruta=24-dina
1,Venta De Alimentos Los Laureles,restaurante,34,18.469022,-97.391061,https://mitehuacan.mx/?ruta=24-dina
1,Cemitas La Poblanita,restaurante,35,18.458797,-97.394529,https://mitehuacan.mx/?ruta=24-dina
1,Cocina Economica Sin Nombre,restaurante,35,18.466984,-97.391075,https://mitehuacan.mx/?ruta=24-dina
1,Carnitas Los Laureles De Tehuacan,restaurante,36,18.467284,-97.398257,https://mitehuacan.mx/?ruta=24-dina
1,Restaurante La Reforma,restaurante,36,18.470955,-97.393829,https://mitehuacan.mx/?ruta=24-dina
1,Antojitos Kukos Luchs,restaurante,37,18.464469,-97.388416,https://mitehuacan.mx/?ruta=24-dina
1,Loncheria Sin Nombre,restaurante,38,18.461711,-97.393739,https://mitehuacan.mx/?ruta=24-dina
1,Grupo Gastronomico Casa Vieja,restaurante,39,18.462083,-97.394447,https://mitehuacan.mx/?ruta=24-dina
1,Bodega Sin Nombre,restaurante,41,18.458141,-97.386093,https://mitehuacan.mx/?ruta=24-dina
1,Cocina Economica Ruby,restaurante,41,18.464605,-97.382133,https://mitehuacan.mx/?ruta=24-dina
1,Hamburguesas Juquilita,restaurante,41,18.480003,-97.39186,https://mitehuacan.mx/?ruta=24-dina
1,Cocina Economica Como En Casa,restaurante,43,18.465014,-97.397612,https://mitehuacan.mx/?ruta=24-dina
1,Cocina Economica Las Gueras,restaurante,44,18.469188,-97.398259,https://mitehuacan.mx/?ruta=24-dina
1,La Cochineria,restaurante,44,18.458345,-97.392722,https://mitehuacan.mx/?ruta=24-dina
1,Mi Ranchito Barbacoa,restaurante,44,18.492532,-97.391258,https://mitehuacan.mx/?ruta=24-dina
1,Tacos Genaro,restaurante,44,18.472867,-97.391253,https://mitehuacan.mx/?ruta=24-dina
1,Antojitos El Itacate,restaurante,45,18.468728,-97.393848,https://mitehuacan.mx/?ruta=24-dina
1,Antojitos Tita,restaurante,46,18.464387,-97.38842,https://mitehuacan.mx/?ruta=24-dina
1,Cocina Economica Donaji,restaurante,47,18.460696,-97.386496,https://mitehuacan.mx/?ruta=24-dina
1,Comida Casera El Sazon De La Abuelita,restaurante,47,18.458292,-97.391574,https://mitehuacan.mx/?ruta=24-dina
1,Preparacion De Tortas,restaurante,47,18.481727,-97.396347,https://mitehuacan.mx/?ruta=24-dina
1,Venta De Hambuerguesas Like,restaurante,47,18.45822,-97.389523,https://mitehuacan.mx/?ruta=24-dina
1,Venta De Antojitos Mexicanos Sin Nombre,restaurante,48,18.458082,-97.386224,https://mitehuacan.mx/?ruta=24-dina
1,Cocina Economica Sin Nombre,restaurante,49,18.45837,-97.394129,https://mitehuacan.mx/?ruta=24-dina
1,Venta De Antojitos El Pasillo,restaurante,49,18.463237,-97.398573,https://mitehuacan.mx/?ruta=24-dina
1,Venta De Tacos Sin Nombr,restaurante,50,18.493602,-97.393547,https://mitehuacan.mx/?ruta=24-dina
1,Loncheria El Antojo,restaurante,52,18.461708,-97.393606,https://mitehuacan.mx/?ruta=24-dina
1,Restaurante Denzzo,restaurante,52,18.473522,-97.392328,https://mitehuacan.mx/?ruta=24-dina
1,Venta De Antojitos Mexicanos Doña Rosi,restaurante,53,18.465091,-97.397505,https://mitehuacan.mx/?ruta=24-dina
1,Cocina Economica Caro,restaurante,54,18.460914,-97.385005,https://mitehuacan.mx/?ruta=24-dina
1,Antojitos Mexicanos Antojitos De La Cuatro,restaurante,55,18.467206,-97.398449,https://mitehuacan.mx/?ruta=24-dina
1,Carnitas El Oasis,restaurante,55,18.465091,-97.397486,https://mitehuacan.mx/?ruta=24-dina
1,Cocina Economica Sin Nombre,restaurante,56,18.458135,-97.389409,https://mitehuacan.mx/?ruta=24-dina
1,Restaurante Santa Lucia,restaurante,56,18.468631,-97.39512,https://mitehuacan.mx/?ruta=24-dina
1,Lico Lico Villa Asiatica,restaurante,57,18.458257,-97.393389,https://mitehuacan.mx/?ruta=24-dina
1,Vivero Entre Flores Y Mas,restaurante,57,18.4703,-97.39084,https://mitehuacan.mx/?ruta=24-dina
1,Taqueria El Flamazo,restaurante,58,18.458116,-97.389409,https://mitehuacan.mx/?ruta=24-dina
1,Casa Vieja,restaurante,59,18.462114,-97.394636,https://mitehuacan.mx/?ruta=24-dina
1,Cocina Economica Sin Nombre,restaurante,60,18.493297,-97.389327,https://mitehuacan.mx/?ruta=24-dina
1,Comida,restaurante,60,18.479367,-97.391778,https://mitehuacan.mx/?ruta=24-dina
1,Pizzas Angeloti,restaurante,60,18.471292,-97.393739,https://mitehuacan.mx/?ruta=24-dina
1,Restaurante El Cerezo,restaurante,60,18.471292,-97.393739,https://mitehuacan.mx/?ruta=24-dina
1,Mapetos Restaurante,restaurante,62,18.464949,-97.392017,https://mitehuacan.mx/?ruta=24-dina
1,Taqueria Cayu,restaurante,63,18.46426,-97.389282,https://mitehuacan.mx/?ruta=24-dina
1,Cocina Economica,restaurante,65,18.464055,-97.383178,https://mitehuacan.mx/?ruta=24-dina
1,Carnitas Doña Mari,restaurante,66,18.45807,-97.39024,https://mitehuacan.mx/?ruta=24-dina
1,Play Game,restaurante,67,18.460505,-97.393495,https://mitehuacan.mx/?ruta=24-dina
1,Antojitos Laida,restaurante,68,18.462138,-97.383346,https://mitehuacan.mx/?ruta=24-dina
1,Carnitas El Oasis,restaurante,68,18.460677,-97.393483,https://mitehuacan.mx/?ruta=24-dina
1,Jbs Restaurant Bar,restaurante,69,18.459177,-97.387102,https://mitehuacan.mx/?ruta=24-dina
1,Venta De Memelitas Doña Queta,restaurante,69,18.467303,-97.398569,https://mitehuacan.mx/?ruta=24-dina
1,Antojitos Rosy,restaurante,70,18.465005,-97.397356,https://mitehuacan.mx/?ruta=24-dina
1,Cocina Economica Y Rosticeria De Pollos Rosticocina Zaragoza,restaurante,70,18.465005,-97.397356,https://mitehuacan.mx/?ruta=24-dina
1,Fonda Chela,restaurante,70,18.457893,-97.386564,https://mitehuacan.mx/?ruta=24-dina
1,Restaurante Colibri Sabor Y Sason,restaurante,70,18.4742,-97.396324,https://mitehuacan.mx/?ruta=24-dina
1,Elaboracion Y Venta De Antojitos Sin Nombre,restaurante,72,18.460706,-97.383649,https://mitehuacan.mx/?ruta=24-dina
1,Puesto De Chicharron Sin Nombre,restaurante,72,18.466969,-97.390725,https://mitehuacan.mx/?ruta=24-dina
1,Cocina Economica Sin Nombre,restaurante,74,18.465422,-97.387016,https://mitehuacan.mx/?ruta=24-dina
1,Torteria Cantaros,restaurante,74,18.46306,-97.375288,https://mitehuacan.mx/?ruta=24-dina
1,Venta De Tacos De Carnitas,restaurante,74,18.484091,-97.392636,https://mitehuacan.mx/?ruta=24-dina
1,Cocina Economica Casa Del Comensal,restaurante,75,18.464151,-97.389284,https://mitehuacan.mx/?ruta=24-dina
1,Antojitos Sin Nombre,restaurante,77,18.475411,-97.396493,https://mitehuacan.mx/?ruta=24-dina
1,Cocina Economica Sin Nombre,restaurante,77,18.45925,-97.387101,https://mitehuacan.mx/?ruta=24-dina
1,Restaurante Carnitas Santa Elena,restaurante,77,18.460421,-97.393406,https://mitehuacan.mx/?ruta=24-dina
1,Los Guisos Tacos Bufete,restaurante,78,18.461334,-97.376863,https://mitehuacan.mx/?ruta=24-dina
1,Restaurante La Lonja,restaurante,78,18.462937,-97.393308,https://mitehuacan.mx/?ruta=24-dina
1,Restaurante Meson De La Biosfera,restaurante,78,18.460909,-97.394857,https://mitehuacan.mx/?ruta=24-dina
1,Elaboracion Y Venta De Antojitos Carmelita,restaurante,79,18.460184,-97.378342,https://mitehuacan.mx/?ruta=24-dina
1,Antojitos Abril,restaurante,80,18.472786,-97.390588,https://mitehuacan.mx/?ruta=24-dina
1,Taqueria Los 2 Osorios,restaurante,80,18.460648,-97.384154,https://mitehuacan.mx/?ruta=24-dina
1,Preparacion De Antojitos Sin Nombre,restaurante,82,18.47029,-97.392159,https://mitehuacan.mx/?ruta=24-dina
1,Sabores,restaurante,82,18.462418,-97.393277,https://mitehuacan.mx/?ruta=24-dina
1,Cocina Economica Ceci,restaurante,83,18.460606,-97.383738,https://mitehuacan.mx/?ruta=24-dina
1,Cocina Economica El Sazon De La Abuela,restaurante,83,18.472866,-97.390611,https://mitehuacan.mx/?ruta=24-dina
1,Cocina Economica Un Cachito De Sabor,restaurante,83,18.464342,-97.397266,https://mitehuacan.mx/?ruta=24-dina
1,Taqueria El Tigre,restaurante,83,18.460656,-97.385216,https://mitehuacan.mx/?ruta=24-dina
1,La Lonja,restaurante,83,18.462878,-97.393261,https://mitehuacan.mx/?ruta=24-dina
1,Casa Rivera,restaurante,86,18.462368,-97.393238,https://mitehuacan.mx/?ruta=24-dina
1,Cocina Economica Y Elaboracion De Postres Sin Nombre,restaurante,86,18.461427,-97.386813,https://mitehuacan.mx/?ruta=24-dina
1,La Granja Restaurant Bar,restaurante,86,18.462489,-97.393235,https://mitehuacan.mx/?ruta=24-dina
1,Restaurante Casa Amachu,restaurante,86,18.469926,-97.395606,https://mitehuacan.mx/?ruta=24-dina
1,Taqueria Mac Tac,restaurante,86,18.461612,-97.393285,https://mitehuacan.mx/?ruta=24-dina
1,Restaurante Sabores,restaurante,87,18.462616,-97.393231,https://mitehuacan.mx/?ruta=24-dina
1,Venta De Memelitas Sin Nombre,restaurante,87,18.488112,-97.392994,https://mitehuacan.mx/?ruta=24-dina
1,Almacen De Cocina Economica Silvia,restaurante,89,18.470488,-97.392805,https://mitehuacan.mx/?ruta=24-dina
1,Antojitos Magali,restaurante,89,18.470488,-97.392805,https://mitehuacan.mx/?ruta=24-dina
1,Antojitos Mexicanos Sin Nombre,restaurante,89,18.470488,-97.392805,https://mitehuacan.mx/?ruta=24-dina
1,Area De Cocina Y Bodega De Cocina Economica Chayito,restaurante,89,18.470488,-97.392805,https://mitehuacan.mx/?ruta=24-dina
1,Auxiliar De Antojitos El Molcajete,restaurante,89,18.470488,-97.392805,https://mitehuacan.mx/?ruta=24-dina
1,Birrieria Los Gueros,restaurante,89,18.457972,-97.393572,https://mitehuacan.mx/?ruta=24-dina
1,Cocina Economica Chayito,restaurante,89,18.470488,-97.392805,https://mitehuacan.mx/?ruta=24-dina
1,Cocina Economica Feli,restaurante,89,18.470488,-97.392805,https://mitehuacan.mx/?ruta=24-dina
1,Cocina Economica Hermelinda,restaurante,89,18.470488,-97.392805,https://mitehuacan.mx/?ruta=24-dina
1,Cocina Economica Lucy,restaurante,89,18.470488,-97.392805,https://mitehuacan.mx/?ruta=24-dina
1,Cocina Economica Mary,restaurante,89,18.470488,-97.392805,https://mitehuacan.mx/?ruta=24-dina
1,Cocina Economica Rosita,restaurante,89,18.470488,-97.392805,https://mitehuacan.mx/?ruta=24-dina
1,Cocina Economica Silvia,restaurante,89,18.470488,-97.392805,https://mitehuacan.mx/?ruta=24-dina
1,Polleria El Dorado,restaurante,89,18.470488,-97.392805,https://mitehuacan.mx/?ruta=24-dina
1,Restaurant Carnitas Santa Elena,restaurante,89,18.460865,-97.393283,https://mitehuacan.mx/?ruta=24-dina
1,Restaurante El Meson Del Refugio,restaurante,89,18.460912,-97.394961,https://mitehuacan.mx/?ruta=24-dina
1,Taqueria Los Volcanes,restaurante,89,18.462354,-97.398289,https://mitehuacan.mx/?ruta=24-dina
1,Venta De Antojitos,restaurante,89,18.470488,-97.392805,https://mitehuacan.mx/?ruta=24-dina
1,Venta De Antojitos El Molcajete,restaurante,89,18.470488,-97.392805,https://mitehuacan.mx/?ruta=24-dina
1,La Parrilla Real,restaurante,90,18.462327,-97.397902,https://mitehuacan.mx/?ruta=24-dina
1,Taqueria Estilo Michoacan,restaurante,90,18.465645,-97.389265,https://mitehuacan.mx/?ruta=24-dina
1,Antojitos Contreras,restaurante,91,18.460693,-97.383194,https://mitehuacan.mx/?ruta=24-dina
1,Pizzeria Zautla,restaurante,91,18.457696,-97.386034,https://mitehuacan.mx/?ruta=24-dina
1,Antojitos Juanita,restaurante,92,18.469992,-97.392251,https://mitehuacan.mx/?ruta=24-dina
1,Super Distribuibuidoras Alvarez,restaurante,95,18.458444,-97.385225,https://mitehuacan.mx/?ruta=24-dina
1,Restaurante Las Patatas,restaurante,96,18.464994,-97.39711,https://mitehuacan.mx/?ruta=24-dina
1,Rosticeria Sin Nombre,restaurante,96,18.490265,-97.397044,https://mitehuacan.mx/?ruta=24-dina
1,Antojitos La Guera,restaurante,97,18.463824,-97.384808,https://mitehuacan.mx/?ruta=24-dina
1,Cocina Economica Abi,restaurante,97,18.490191,-97.396413,https://mitehuacan.mx/?ruta=24-dina
1,La Chatta Restaurant Y Terraza,restaurante,97,18.462207,-97.396283,https://mitehuacan.mx/?ruta=24-dina
1,Restaurante La Greca,restaurante,98,18.462168,-97.395762,https://mitehuacan.mx/?ruta=24-dina
1,Helados Catedral,restaurante,98,18.460979,-97.393188,https://mitehuacan.mx/?ruta=24-dina
1,Cocina Economica Naranja,restaurante,100,18.460471,-97.384425,https://mitehuacan.mx/?ruta=24-dina
1,Cocina Economica Reyna,restaurante,100,18.489921,-97.393808,https://mitehuacan.mx/?ruta=24-dina
1,La chatta Restaurante,restaurante,100,18.462197,-97.396647,https://mitehuacan.mx/?ruta=24-dina
1,Almuerzos De La 9,restaurante,102,18.458592,-97.385158,https://mitehuacan.mx/?ruta=24-dina
1,Ameli Restaurante,restaurante,102,18.470108,-97.397827,https://mitehuacan.mx/?ruta=24-dina
1,Antojitos Mexicanos La Primera Concepcion,restaurante,102,18.46723,-97.398894,https://mitehuacan.mx/?ruta=24-dina
1,Rosticeria Guadalupe,restaurante,102,18.45833,-97.385175,https://mitehuacan.mx/?ruta=24-dina
1,Tacos El Primo,restaurante,102,18.463947,-97.391459,https://mitehuacan.mx/?ruta=24-dina
1,Restaurante La Gallera,restaurante,104,18.462198,-97.398001,https://mitehuacan.mx/?ruta=24-dina
1,Rosticeria Alvarez,restaurante,104,18.45824,-97.385181,https://mitehuacan.mx/?ruta=24-dina
1,Super Distribuidora Alvares,restaurante,104,18.458267,-97.385179,https://mitehuacan.mx/?ruta=24-dina
1,Venta De Antojitos Sin Nombre,restaurante,104,18.467063,-97.398912,https://mitehuacan.mx/?ruta=24-dina
1,Cocina Economica Candia,restaurante,105,18.462186,-97.39783,https://mitehuacan.mx/?ruta=24-dina
1,Venta De Tacos De Cabeza Sin Nombre,restaurante,105,18.457754,-97.391477,https://mitehuacan.mx/?ruta=24-dina
1,Venta De Tortas Tacos Manolo,restaurante,105,18.462181,-97.397755,https://mitehuacan.mx/?ruta=24-dina
1,Pizzas Angelotti,restaurante,106,18.457784,-97.392732,https://mitehuacan.mx/?ruta=24-dina
1,Pizzeria Ramiz Pizza,restaurante,107,18.460554,-97.38261,https://mitehuacan.mx/?ruta=24-dina
1,Wajil Restaurante,restaurante,107,18.457766,-97.392448,https://mitehuacan.mx/?ruta=24-dina
1,Rosticeria Granada,restaurante,109,18.462105,-97.396419,https://mitehuacan.mx/?ruta=24-dina
1,Venta De Memelas Y Quesadillas,restaurante,109,18.481299,-97.391029,https://mitehuacan.mx/?ruta=24-dina
1,Cocina Economica Sin Nombre,restaurante,110,18.459676,-97.390666,https://mitehuacan.mx/?ruta=24-dina
1,Venta De Tortas Y Refrescos Sin Nombre,restaurante,110,18.462115,-97.396837,https://mitehuacan.mx/?ruta=24-dina
1,La Catedral Del Buen Sabor,restaurante,111,18.46205,-97.395653,https://mitehuacan.mx/?ruta=24-dina
1,Restaurant Sin Nombre,restaurante,111,18.463162,-97.399164,https://mitehuacan.mx/?ruta=24-dina
1,Restaurante Zedros,restaurante,111,18.46205,-97.395653,https://mitehuacan.mx/?ruta=24-dina
1,Taqueria King Taco,restaurante,111,18.458391,-97.385082,https://mitehuacan.mx/?ruta=24-dina
1,Antojitos,restaurante,112,18.484433,-97.392597,https://mitehuacan.mx/?ruta=24-dina
1,King Taco,restaurante,112,18.460257,-97.380628,https://mitehuacan.mx/?ruta=24-dina
1,Restaurante La Casa De Los Abuelos,restaurante,112,18.465635,-97.382474,https://mitehuacan.mx/?ruta=24-dina
1,ZEDRO'S,restaurante,112,18.462027,-97.395476,https://mitehuacan.mx/?ruta=24-dina
1,El Pariente Birrieria Estilo Tijuana,restaurante,113,18.45772,-97.392733,https://mitehuacan.mx/?ruta=24-dina
1,Pollos Asados La Fortaleza,restaurante,113,18.46891,-97.39892,https://mitehuacan.mx/?ruta=24-dina
1,Venta De Antojitos Sin Nombre,restaurante,113,18.462122,-97.398097,https://mitehuacan.mx/?ruta=24-dina
1,Venta De Memelitas Y Antojitos Sin Nombre,restaurante,113,18.457619,-97.389413,https://mitehuacan.mx/?ruta=24-dina
1,Venta De Tacos Sin Nombre,restaurante,113,18.483729,-97.396928,https://mitehuacan.mx/?ruta=24-dina
1,Venta De Comida,restaurante,115,18.462284,-97.386423,https://mitehuacan.mx/?ruta=24-dina
1,Cocina Economica El Delicioso Sozon Casero,restaurante,116,18.463767,-97.39918,https://mitehuacan.mx/?ruta=24-dina
1,Venta De Antojitos Juanita,restaurante,116,18.464815,-97.399127,https://mitehuacan.mx/?ruta=24-dina
1,Venta De Picaditas Sin Nombre,restaurante,116,18.465783,-97.399083,https://mitehuacan.mx/?ruta=24-dina
1,Antojitos Mexicanos Sin Nombre,restaurante,117,18.487859,-97.394357,https://mitehuacan.mx/?ruta=24-dina
1,Pollos Ximbones,restaurante,118,18.469543,-97.39889,https://mitehuacan.mx/?ruta=24-dina
1,Ke Pollo,restaurante,119,18.469991,-97.392819,https://mitehuacan.mx/?ruta=24-dina
1,Rosticeria Super Pollo El Jarocho,restaurante,120,18.457467,-97.387145,https://mitehuacan.mx/?ruta=24-dina
1,Rosticeria Leal,restaurante,121,18.468556,-97.392972,https://mitehuacan.mx/?ruta=24-dina
1,Taqueria Vic Taco,restaurante,121,18.463739,-97.389418,https://mitehuacan.mx/?ruta=24-dina
1,Venta De Comida Sin Nombre,restaurante,123,18.484652,-97.396482,https://mitehuacan.mx/?ruta=24-dina
1,Cocina Economica El Comedor De Lupita,restaurante,124,18.457595,-97.391585,https://mitehuacan.mx/?ruta=24-dina
1,Cocina Econimica Jefe Roli,restaurante,125,18.465969,-97.389611,https://mitehuacan.mx/?ruta=24-dina
1,Mr Taco Al Carbon,restaurante,125,18.489972,-97.401213,https://mitehuacan.mx/?ruta=24-dina
1,Taqueria Sin Nombre,restaurante,125,18.457395,-97.385972,https://mitehuacan.mx/?ruta=24-dina
1,Venta De Tortas Sin Nombre,restaurante,125,18.457394,-97.385953,https://mitehuacan.mx/?ruta=24-dina
1,Taqueria El Tizon Sureño,restaurante,126,18.468466,-97.392974,https://mitehuacan.mx/?ruta=24-dina
1,Venta De Antojitos Sin Nombre,restaurante,126,18.462253,-97.398853,https://mitehuacan.mx/?ruta=24-dina
1,Antojitos Mexicanos Mary,restaurante,127,18.461948,-97.396567,https://mitehuacan.mx/?ruta=24-dina
1,Rosticeria Pollo Mix,restaurante,129,18.457558,-97.39199,https://mitehuacan.mx/?ruta=24-dina
1,Cocina Economica El Sazon De Reina,restaurante,130,18.465855,-97.384178,https://mitehuacan.mx/?ruta=24-dina
1,Franzzino S,restaurante,130,18.464133,-97.393932,https://mitehuacan.mx/?ruta=24-dina
1,Venta De Antojitos Mexicanos Sin Nombre,restaurante,130,18.457822,-97.385126,https://mitehuacan.mx/?ruta=24-dina
1,Venta De Comida Sin Nombre,restaurante,130,18.465848,-97.383941,https://mitehuacan.mx/?ruta=24-dina
1,Cemitas La Poblanita,restaurante,131,18.457804,-97.385128,https://mitehuacan.mx/?ruta=24-dina
1,Cocina Economica Sin Nombre,restaurante,131,18.465846,-97.383865,https://mitehuacan.mx/?ruta=24-dina
1,Mar Y Sol,restaurante,131,18.470354,-97.398021,https://mitehuacan.mx/?ruta=24-dina
1,Memelitas Y Tacos Sin Nombre,restaurante,131,18.465839,-97.3836,https://mitehuacan.mx/?ruta=24-dina
1,Pizzas Angelotti,restaurante,131,18.459902,-97.391546,https://mitehuacan.mx/?ruta=24-dina
1,Taqueria Diaz,restaurante,131,18.45853,-97.38488,https://mitehuacan.mx/?ruta=24-dina
1,Taqueria Licha,restaurante,131,18.457716,-97.385207,https://mitehuacan.mx/?ruta=24-dina
1,Venta De Barbacoa El Cabrito,restaurante,131,18.457813,-97.385127,https://mitehuacan.mx/?ruta=24-dina
1,Antojitos Ade,restaurante,133,18.465944,-97.386395,https://mitehuacan.mx/?ruta=24-dina
1,Taqueria Sin Nombre,restaurante,135,18.488732,-97.401066,https://mitehuacan.mx/?ruta=24-dina
1,Venta De Carnitas Sin Nombre,restaurante,135,18.461903,-97.387106,https://mitehuacan.mx/?ruta=24-dina
1,Quinto Tortas,restaurante,136,18.470396,-97.396947,https://mitehuacan.mx/?ruta=24-dina
1,Taqueria El Pariente,restaurante,136,18.457301,-97.385908,https://mitehuacan.mx/?ruta=24-dina
1,Venta De Tortillas De Mano Sin Nombre,restaurante,136,18.457357,-97.387861,https://mitehuacan.mx/?ruta=24-dina
1,Almuerzos La Gloria,restaurante,137,18.461858,-97.396575,https://mitehuacan.mx/?ruta=24-dina
1,Antojitos La Jarochita,restaurante,137,18.467029,-97.392696,https://mitehuacan.mx/?ruta=24-dina
1,Carnitas El Oasis,restaurante,137,18.463825,-97.393111,https://mitehuacan.mx/?ruta=24-dina
1,Las Casuelas De Reforma,restaurante,137,18.484672,-97.39267,https://mitehuacan.mx/?ruta=24-dina
1,Taqueria Licha,restaurante,137,18.458418,-97.384836,https://mitehuacan.mx/?ruta=24-dina
1,Cocina Economica El Buen Comer,restaurante,138,18.465875,-97.382479,https://mitehuacan.mx/?ruta=24-dina
1,Rosticeria Ali,restaurante,138,18.457431,-97.390714,https://mitehuacan.mx/?ruta=24-dina
1,Venta De Carnitas El Guero,restaurante,138,18.465879,-97.382593,https://mitehuacan.mx/?ruta=24-dina
1,Jacarandas Desayunos,restaurante,139,18.470418,-97.396405,https://mitehuacan.mx/?ruta=24-dina
1,Cocina Economica Flores,restaurante,140,18.45746,-97.39207,https://mitehuacan.mx/?ruta=24-dina
1,Antojitos Doña Chabe,restaurante,141,18.457488,-97.39315,https://mitehuacan.mx/?ruta=24-dina
1,Taqueria Gely,restaurante,141,18.490801,-97.389421,https://mitehuacan.mx/?ruta=24-dina
1,Venta De Antojitos Mexicanos Sin Nombre,restaurante,141,18.45765,-97.385139,https://mitehuacan.mx/?ruta=24-dina
1,Cemitas La Estrella De Puebla,restaurante,142,18.464883,-97.392778,https://mitehuacan.mx/?ruta=24-dina
1,La Casa De Huarache,restaurante,142,18.462702,-97.385565,https://mitehuacan.mx/?ruta=24-dina
1,Venta De Hamburguesas Y Hotdogs,restaurante,143,18.462688,-97.385006,https://mitehuacan.mx/?ruta=24-dina
1,Birrieria Estilo Tijuana El Pariente,restaurante,144,18.468348,-97.392853,https://mitehuacan.mx/?ruta=24-dina
1,Cocina Economica Sin Nombre,restaurante,144,18.465791,-97.381903,https://mitehuacan.mx/?ruta=24-dina
1,Restaurante Sauce,restaurante,144,18.462413,-97.399236,https://mitehuacan.mx/?ruta=24-dina
1,Barbacoa Hermanos Lopez,restaurante,145,18.491024,-97.399387,https://mitehuacan.mx/?ruta=24-dina
1,Venta De Comida Sin Nombre,restaurante,145,18.465051,-97.399385,https://mitehuacan.mx/?ruta=24-dina
1,Venta De Tortas. Torteria Pal Desayuno,restaurante,146,18.462718,-97.386105,https://mitehuacan.mx/?ruta=24-dina
1,Restaurante Bar Infinity,restaurante,147,18.466935,-97.392799,https://mitehuacan.mx/?ruta=24-dina
1,Venta De Antojitos Gil,restaurante,148,18.458958,-97.384709,https://mitehuacan.mx/?ruta=24-dina
1,Crunch Chicken,súper,3,18.470849,-97.394126,https://mitehuacan.mx/?ruta=24-dina
1,La Pagoda Servicio De Comida Para Llevar,súper,5,18.458724,-97.393156,https://mitehuacan.mx/?ruta=24-dina
1,Super Mi Es Mi Super,súper,5,18.458481,-97.386504,https://mitehuacan.mx/?ruta=24-dina
1,Creepi Puercas,súper,8,18.464927,-97.39067,https://mitehuacan.mx/?ruta=24-dina
1,Acsapack,súper,9,18.462522,-97.379814,https://mitehuacan.mx/?ruta=24-dina
1,Acsapack,súper,24,18.462379,-97.379536,https://mitehuacan.mx/?ruta=24-dina
1,Restaurante La Burguer Del Abuelo,súper,55,18.468623,-97.393973,https://mitehuacan.mx/?ruta=24-dina
1,Gran Bodega Tehuacán,súper,57,18.46949,-97.393401,https://mitehuacan.mx/?ruta=24-dina
1,Restaurante Mr Monche,súper,76,18.465038,-97.398731,https://mitehuacan.mx/?ruta=24-dina
1,Chedraui,súper,91,18.463918,-97.386575,https://mitehuacan.mx/?ruta=24-dina
1,Elaboracion De Comida,súper,126,18.457603,-97.392735,https://mitehuacan.mx/?ruta=24-dina
1,Delicias La Casa Del Hojaldre,súper,148,18.463886,-97.393033,https://mitehuacan.mx/?ruta=24-dina
1,Papas Fritas Lizs,taller,1,18.464741,-97.38673,https://mitehuacan.mx/?ruta=24-dina
1,Servicio Automotri Gtracing,taller,1,18.471956,-97.391355,https://mitehuacan.mx/?ruta=24-dina
1,Taller Vidal Jr,taller,1,18.463313,-97.382632,https://mitehuacan.mx/?ruta=24-dina
1,Direccion De Proteccion Civil Y Bomberos,taller,2,18.472619,-97.394882,https://mitehuacan.mx/?ruta=24-dina
1,Taller De Composturas Sin Nombre,taller,2,18.464657,-97.384275,https://mitehuacan.mx/?ruta=24-dina
1,Autoservicio Y Refacciones Gomez,taller,3,18.46754,-97.397942,https://mitehuacan.mx/?ruta=24-dina
1,Club De Herbalife Sin Nombre,taller,3,18.493792,-97.388663,https://mitehuacan.mx/?ruta=24-dina
1,Compostura De Prendas De Vestir Sin Nombre,taller,3,18.488714,-97.399519,https://mitehuacan.mx/?ruta=24-dina
1,Joyeria Raymundo,taller,3,18.466879,-97.391429,https://mitehuacan.mx/?ruta=24-dina
1,Taller De Reparacion De Bocinas,taller,3,18.458616,-97.389289,https://mitehuacan.mx/?ruta=24-dina
1,Taller Mecanico Automotriz Giron,taller,3,18.461267,-97.375581,https://mitehuacan.mx/?ruta=24-dina
1,Taller Mecanico Automotriz Soliz,taller,3,18.460871,-97.375654,https://mitehuacan.mx/?ruta=24-dina
1,Taller Mecanico Toritos,taller,3,18.49224,-97.390856,https://mitehuacan.mx/?ruta=24-dina
1,Venta De Productos De Herbalife Sin Nombre,taller,3,18.467486,-97.397944,https://mitehuacan.mx/?ruta=24-dina
1,Gruas Y Asistencia San Juan,taller,4,18.463836,-97.382548,https://mitehuacan.mx/?ruta=24-dina
1,Millos Polarizados,taller,4,18.462718,-97.381712,https://mitehuacan.mx/?ruta=24-dina
1,Servicio Automotriz Richar,taller,4,18.489445,-97.397757,https://mitehuacan.mx/?ruta=24-dina
1,Servicio De Muelles Vidal Jr,taller,4,18.463928,-97.382611,https://mitehuacan.mx/?ruta=24-dina
1,Servicios De Preparación De Otros Alimentos Para Consumo Inm,taller,4,18.466039,-97.398005,https://mitehuacan.mx/?ruta=24-dina
1,Servicios De Reparacion Refrigeradores Lav,taller,4,18.468454,-97.397908,https://mitehuacan.mx/?ruta=24-dina
1,Taller De Amortiguadores,taller,4,18.462466,-97.375839,https://mitehuacan.mx/?ruta=24-dina
1,Talller De Electrodomesticos,taller,4,18.476073,-97.392758,https://mitehuacan.mx/?ruta=24-dina
1,Venta De Productos Herbalife Club De Nutricion,taller,4,18.463327,-97.398142,https://mitehuacan.mx/?ruta=24-dina
1,Servicio Autoelectrico Jimenez,taller,5,18.471797,-97.392006,https://mitehuacan.mx/?ruta=24-dina
1,Taller Electrico El Monje,taller,5,18.471612,-97.392275,https://mitehuacan.mx/?ruta=24-dina
1,Taller Mecanico De La Refaccionaria Para Transmiciones Autom,taller,5,18.462725,-97.381978,https://mitehuacan.mx/?ruta=24-dina
1,Club De Nutricion Herbalife,taller,6,18.458633,-97.387732,https://mitehuacan.mx/?ruta=24-dina
1,Elaboracion De Sombreros Y Venta De Disfracez,taller,6,18.463722,-97.39802,https://mitehuacan.mx/?ruta=24-dina
1,Servicio De Reparacion De Electrodomesticos Osorio,taller,6,18.469103,-97.396351,https://mitehuacan.mx/?ruta=24-dina
1,Taller De Hojalateria Y Pintura Servicio Automotrz Dos Mil,taller,6,18.46473,-97.384301,https://mitehuacan.mx/?ruta=24-dina
1,Taller De Pintura Y Hojalateria Sin Nombre,taller,6,18.464723,-97.383998,https://mitehuacan.mx/?ruta=24-dina
1,Taller Mecanico Automotriz Sin Nombre,taller,6,18.493057,-97.390918,https://mitehuacan.mx/?ruta=24-dina
1,Transmisiones Automaticas Orlando,taller,6,18.464952,-97.397963,https://mitehuacan.mx/?ruta=24-dina
1,Artesania De Palma,taller,7,18.471304,-97.392714,https://mitehuacan.mx/?ruta=24-dina
1,Atoles Y Tamales Sanchez,taller,7,18.458606,-97.386908,https://mitehuacan.mx/?ruta=24-dina
1,Papas Fritas El Grillo,taller,7,18.489373,-97.396393,https://mitehuacan.mx/?ruta=24-dina
1,Taller De Costura,taller,7,18.471304,-97.392714,https://mitehuacan.mx/?ruta=24-dina
1,Tuneart,taller,7,18.461457,-97.382617,https://mitehuacan.mx/?ruta=24-dina
1,Vitale Batidos Naturales,taller,7,18.471353,-97.392645,https://mitehuacan.mx/?ruta=24-dina
1,Club De Nutricion Sin Nombre,taller,8,18.474478,-97.392701,https://mitehuacan.mx/?ruta=24-dina
1,Dikar Hojalateria Y Pintura,taller,8,18.467519,-97.397838,https://mitehuacan.mx/?ruta=24-dina
1,Muelles Ginez,taller,8,18.462575,-97.380892,https://mitehuacan.mx/?ruta=24-dina
1,Taller De Hojalateria Y Pintura Cotejo,taller,8,18.462616,-97.382304,https://mitehuacan.mx/?ruta=24-dina
1,Taller De Joyeria El Cronometro,taller,8,18.464895,-97.389087,https://mitehuacan.mx/?ruta=24-dina
1,Taller Mecanico Performance,taller,8,18.492364,-97.390754,https://mitehuacan.mx/?ruta=24-dina
1,K Chicrepas,taller,9,18.463125,-97.395531,https://mitehuacan.mx/?ruta=24-dina
1,Taller De Reparacion De Maquinaria Servimar,taller,9,18.464802,-97.385788,https://mitehuacan.mx/?ruta=24-dina
1,Torno Y Soldadura Sin Nombre,taller,9,18.46114,-97.379232,https://mitehuacan.mx/?ruta=24-dina
1,Postres Sin Nombre,taller,10,18.488888,-97.395248,https://mitehuacan.mx/?ruta=24-dina
1,Sastreria,taller,10,18.473447,-97.392732,https://mitehuacan.mx/?ruta=24-dina
1,Servicio Automotriz Mendoza,taller,10,18.461258,-97.379816,https://mitehuacan.mx/?ruta=24-dina
1,Snack Papa Nachos,taller,10,18.47198,-97.391266,https://mitehuacan.mx/?ruta=24-dina
1,Centro De Servicio Arriaga,taller,11,18.470957,-97.391272,https://mitehuacan.mx/?ruta=24-dina
1,Servicio Ab,taller,11,18.476999,-97.392806,https://mitehuacan.mx/?ruta=24-dina
1,Mecanica Hojalateria Y Pintura Falcon,taller,12,18.461414,-97.382685,https://mitehuacan.mx/?ruta=24-dina
1,Venta De Donas Y Churros Sin Nombre,taller,15,18.458509,-97.38952,https://mitehuacan.mx/?ruta=24-dina
1,Embobinados Lara,taller,17,18.46076,-97.386209,https://mitehuacan.mx/?ruta=24-dina
1,Servicio Automotriz Sin Nombre,taller,17,18.462374,-97.378001,https://mitehuacan.mx/?ruta=24-dina
1,The Black Transmisiones Y Frenos,taller,17,18.462439,-97.375242,https://mitehuacan.mx/?ruta=24-dina
1,Taller De Relojeria La Abj,taller,20,18.458822,-97.389391,https://mitehuacan.mx/?ruta=24-dina
1,Taller Mecanico Many,taller,20,18.462855,-97.381589,https://mitehuacan.mx/?ruta=24-dina
1,Papas Fritas,taller,22,18.460748,-97.38584,https://mitehuacan.mx/?ruta=24-dina
1,Servicio Mecanico San Jorge,taller,22,18.462328,-97.378009,https://mitehuacan.mx/?ruta=24-dina
1,Taller Mecanico Sin Nombre,taller,23,18.489191,-97.397153,https://mitehuacan.mx/?ruta=24-dina
1,Taller Mecanico Sin Nombre,taller,23,18.48932,-97.399688,https://mitehuacan.mx/?ruta=24-dina
1,Torno Y Soldadura Letcas,taller,23,18.46173,-97.382678,https://mitehuacan.mx/?ruta=24-dina
1,Relojeria Casa Virginia,taller,25,18.458867,-97.389391,https://mitehuacan.mx/?ruta=24-dina
1,Taller De Reparacion De Autos,taller,27,18.458528,-97.393377,https://mitehuacan.mx/?ruta=24-dina
1,King Audio,taller,28,18.475222,-97.393521,https://mitehuacan.mx/?ruta=24-dina
1,Sastreria De Fajardo,taller,30,18.467012,-97.391691,https://mitehuacan.mx/?ruta=24-dina
1,Servicio Automotriz Rrj,taller,31,18.465006,-97.38587,https://mitehuacan.mx/?ruta=24-dina
1,Taller Mecanico Chapo,taller,32,18.488442,-97.391619,https://mitehuacan.mx/?ruta=24-dina
1,Taller De Costura Sin Nombre,taller,35,18.469502,-97.397853,https://mitehuacan.mx/?ruta=24-dina
1,Servicio Tecnico Automotriz Bh,taller,36,18.472374,-97.392526,https://mitehuacan.mx/?ruta=24-dina
1,Churros Rellenos Apachurro,taller,37,18.459072,-97.392525,https://mitehuacan.mx/?ruta=24-dina
1,Elaboracion De Frituras,taller,37,18.46102,-97.383749,https://mitehuacan.mx/?ruta=24-dina
1,Mobil Audio Sistem,taller,37,18.467195,-97.398279,https://mitehuacan.mx/?ruta=24-dina
1,Taller De Hojalateria Y Pintura Sin Nombre,taller,41,18.491584,-97.393125,https://mitehuacan.mx/?ruta=24-dina
1,Taller Electrico Industrial Galo,taller,41,18.458296,-97.390239,https://mitehuacan.mx/?ruta=24-dina
1,Servicio Mecanico Integrales De Tehuacan,taller,46,18.461818,-97.384945,https://mitehuacan.mx/?ruta=24-dina
1,Taller De Hojalateria Y Pintura Sin Nombre,taller,46,18.485345,-97.396353,https://mitehuacan.mx/?ruta=24-dina
1,Taller De Servicio Automotriz El Tazz,taller,47,18.489803,-97.396939,https://mitehuacan.mx/?ruta=24-dina
1,Taller Mecanico Automecanica,taller,47,18.465175,-97.386941,https://mitehuacan.mx/?ruta=24-dina
1,Hojalateria Y Pintura,taller,49,18.482617,-97.392999,https://mitehuacan.mx/?ruta=24-dina
1,Servicio Electrico Automotriz Juquilita,taller,52,18.460145,-97.376875,https://mitehuacan.mx/?ruta=24-dina
1,Venta De Productos Naturistas Herbalife,taller,52,18.465133,-97.3985,https://mitehuacan.mx/?ruta=24-dina
1,Seauteh,taller,54,18.489797,-97.400555,https://mitehuacan.mx/?ruta=24-dina
1,Sevicio Electrico,taller,54,18.490528,-97.390235,https://mitehuacan.mx/?ruta=24-dina
1,Karamelyto Postres Finos,taller,55,18.473325,-97.393357,https://mitehuacan.mx/?ruta=24-dina
1,Taller De Reparacion De Equipos De Refrigeracion Domestica R,taller,56,18.462305,-97.374876,https://mitehuacan.mx/?ruta=24-dina
1,Club Herbalife Color Esperanza,taller,57,18.459196,-97.390668,https://mitehuacan.mx/?ruta=24-dina
1,Muelles Y Suspensiones Zobek,taller,57,18.469135,-97.391923,https://mitehuacan.mx/?ruta=24-dina
1,Tarcto Servicios Carrera,taller,57,18.491293,-97.391773,https://mitehuacan.mx/?ruta=24-dina
1,Composturas De Ropa Sin Nombre,taller,58,18.475358,-97.396297,https://mitehuacan.mx/?ruta=24-dina
1,Taller Mecanico Boss Garage,taller,59,18.489334,-97.3921,https://mitehuacan.mx/?ruta=24-dina
1,Club De Nutricion Metavida,taller,60,18.46196,-97.377519,https://mitehuacan.mx/?ruta=24-dina
1,Coco Bongo,taller,60,18.459096,-97.387104,https://mitehuacan.mx/?ruta=24-dina
1,Stereo Cars,taller,62,18.460576,-97.385471,https://mitehuacan.mx/?ruta=24-dina
1,Club De Nutricion Herbalife,taller,63,18.459211,-97.389386,https://mitehuacan.mx/?ruta=24-dina
1,Electrico Automotriz,taller,63,18.468797,-97.391979,https://mitehuacan.mx/?ruta=24-dina
1,Postres Diseños Mau Artesanales,taller,63,18.468897,-97.391977,https://mitehuacan.mx/?ruta=24-dina
1,Servicio Y Mantenimiento Marroquin,taller,64,18.460735,-97.385441,https://mitehuacan.mx/?ruta=24-dina
1,Taller De Hojalateria Y Pintura Sin Nombre,taller,65,18.465252,-97.383695,https://mitehuacan.mx/?ruta=24-dina
1,Elotes Y Esquites Sin Nombre,taller,66,18.463004,-97.375564,https://mitehuacan.mx/?ruta=24-dina
1,Servicio De Hojalateria Vidal,taller,66,18.459517,-97.38548,https://mitehuacan.mx/?ruta=24-dina
1,Electrica Max Jr,taller,67,18.458039,-97.389525,https://mitehuacan.mx/?ruta=24-dina
1,Servicio Electrico Tlaquepaque,taller,67,18.460002,-97.376849,https://mitehuacan.mx/?ruta=24-dina
1,Taller Mecanico Sin Nombre,taller,67,18.485491,-97.399357,https://mitehuacan.mx/?ruta=24-dina
1,Laboratorios Diesel Del Centro,taller,68,18.47237,-97.394091,https://mitehuacan.mx/?ruta=24-dina
1,Taller De Hojalateria Sin Nombre,taller,68,18.469101,-97.3933,https://mitehuacan.mx/?ruta=24-dina
1,Artesanias De Palma Sin Nombre,taller,69,18.489655,-97.393974,https://mitehuacan.mx/?ruta=24-dina
1,Auxiliar De Servicios De Muelles Vidal,taller,69,18.46077,-97.384766,https://mitehuacan.mx/?ruta=24-dina
1,Taller De Suspenciones Vegar,taller,69,18.461493,-97.386621,https://mitehuacan.mx/?ruta=24-dina
1,Taller El Rostro,taller,69,18.460631,-97.380426,https://mitehuacan.mx/?ruta=24-dina
1,Taller De Hojalateria Y Pintura Aguilar,taller,70,18.461871,-97.377537,https://mitehuacan.mx/?ruta=24-dina
1,Venta De Aguas Frescas Sin Nombre,taller,70,18.460645,-97.380805,https://mitehuacan.mx/?ruta=24-dina
1,Servicio Tecnico Automotriz Cara,taller,71,18.464598,-97.381848,https://mitehuacan.mx/?ruta=24-dina
1,Bodega De Rectificadora Bravo,taller,72,18.469141,-97.392065,https://mitehuacan.mx/?ruta=24-dina
1,Club De Nutricion Herbalife,taller,72,18.465486,-97.389391,https://mitehuacan.mx/?ruta=24-dina
1,Servicio Refrigeracion Y Aire Acondicionado,taller,72,18.478508,-97.391874,https://mitehuacan.mx/?ruta=24-dina
1,Taller Mecanico De Transportes,taller,73,18.490069,-97.397161,https://mitehuacan.mx/?ruta=24-dina
1,Hospital Del Hogar,taller,75,18.460724,-97.385081,https://mitehuacan.mx/?ruta=24-dina
1,Taller De Soldadura Y Torno Tony,taller,75,18.469099,-97.393234,https://mitehuacan.mx/?ruta=24-dina
1,Taller Mecanico En Diesel Sin Nombre,taller,76,18.463359,-97.381474,https://mitehuacan.mx/?ruta=24-dina
1,Servicio Automotriz Garcia,taller,77,18.491493,-97.391521,https://mitehuacan.mx/?ruta=24-dina
1,Taller Automotriz Chucho,taller,77,18.464004,-97.384795,https://mitehuacan.mx/?ruta=24-dina
1,Preparación E Hilado De Fibras Duras Naturales Sin Nombre,taller,79,18.47351,-97.39449,https://mitehuacan.mx/?ruta=24-dina
1,Taller De Hojalateria Y Pintura Vazquez,taller,81,18.463966,-97.384722,https://mitehuacan.mx/?ruta=24-dina
1,Manzanas Gourmet,taller,82,18.473706,-97.39203,https://mitehuacan.mx/?ruta=24-dina
1,Venta Y Recarga De Extintores,taller,82,18.464785,-97.397245,https://mitehuacan.mx/?ruta=24-dina
1,Sastreria Mar,taller,83,18.495822,-97.38812,https://mitehuacan.mx/?ruta=24-dina
1,El Pery Servicio Electirco Automotriz,taller,85,18.476952,-97.393679,https://mitehuacan.mx/?ruta=24-dina
1,Fat Bastard,taller,85,18.457965,-97.392444,https://mitehuacan.mx/?ruta=24-dina
1,Club De Nutricion Herbalife,taller,88,18.458527,-97.385288,https://mitehuacan.mx/?ruta=24-dina
1,Servicio Hernandez Refrigeracion Domestica Y Comercial,taller,88,18.457849,-97.389526,https://mitehuacan.mx/?ruta=24-dina
1,Composturas De Prendas De Vestir Sin Nombre,taller,89,18.463991,-97.388149,https://mitehuacan.mx/?ruta=24-dina
1,Compusturas De Ropa Sin Nombre,taller,89,18.484969,-97.396488,https://mitehuacan.mx/?ruta=24-dina
1,Taller Mecanico Genesis,taller,89,18.459805,-97.376887,https://mitehuacan.mx/?ruta=24-dina
1,Servicio Electrico Lopez,taller,90,18.462766,-97.383523,https://mitehuacan.mx/?ruta=24-dina
1,Nutricion De Herbalife,taller,91,18.470254,-97.392243,https://mitehuacan.mx/?ruta=24-dina
1,Hojalateria Y Pintura De Automoviles Y Camiones Son Nombre,taller,94,18.463947,-97.396504,https://mitehuacan.mx/?ruta=24-dina
1,Tortas Y Jugos Sin Nombre,taller,94,18.4692,-97.398733,https://mitehuacan.mx/?ruta=24-dina
1,Club Ismerely,taller,96,18.458029,-97.385372,https://mitehuacan.mx/?ruta=24-dina
1,Licuados Sin Nombre,taller,97,18.463952,-97.389288,https://mitehuacan.mx/?ruta=24-dina
1,Club De Nutricion Herbalife,taller,98,18.459622,-97.392428,https://mitehuacan.mx/?ruta=24-dina
1,Taller De Hojalateria Y Pintura Ecosport,taller,99,18.478604,-97.393524,https://mitehuacan.mx/?ruta=24-dina
1,Servicio Mecanico H Performace,taller,102,18.467768,-97.398866,https://mitehuacan.mx/?ruta=24-dina
1,Venta De Productos Naturales Herbalife,taller,102,18.465832,-97.398941,https://mitehuacan.mx/?ruta=24-dina
1,Embobinado De Motores Y Bombas Para Agua Sin Nombre,taller,103,18.460469,-97.38495,https://mitehuacan.mx/?ruta=24-dina
1,Taller Mecanico Automotriz Sin Nombre,taller,104,18.471439,-97.390392,https://mitehuacan.mx/?ruta=24-dina
1,Taller Mecanico Automotriz,taller,105,18.482011,-97.39296,https://mitehuacan.mx/?ruta=24-dina
1,Taller Mecanico Top Spic,taller,105,18.464839,-97.399016,https://mitehuacan.mx/?ruta=24-dina
1,Club De Nutricion Herbalife,taller,106,18.460417,-97.384435,https://mitehuacan.mx/?ruta=24-dina
1,Equipo Agricola Y Maquinaria Ligera Del Sur,taller,107,18.460318,-97.385045,https://mitehuacan.mx/?ruta=24-dina
1,Taller Mecanico Sin Nombre,taller,107,18.472375,-97.390192,https://mitehuacan.mx/?ruta=24-dina
1,Elaboracion De Pasteles Sin Nombre,taller,108,18.490065,-97.394666,https://mitehuacan.mx/?ruta=24-dina
1,Servicio Automotriz Luna,taller,111,18.459713,-97.387154,https://mitehuacan.mx/?ruta=24-dina
1,Taller Mecanico Servicio Automotriz Zarate,taller,114,18.467672,-97.398985,https://mitehuacan.mx/?ruta=24-dina
1,Venta De Frituras Sin Nombre,taller,114,18.467491,-97.398996,https://mitehuacan.mx/?ruta=24-dina
1,Taller De Suspensiones Automotrices Del Valle,taller,115,18.46244,-97.386025,https://mitehuacan.mx/?ruta=24-dina
1,Tornoy Soldadura Sanchez,taller,115,18.460243,-97.384968,https://mitehuacan.mx/?ruta=24-dina
1,Venta De Papas Fritas Y Frituras,taller,115,18.457513,-97.387143,https://mitehuacan.mx/?ruta=24-dina
1,Miscelanea De Articulos Audio Visual Tecnica Olivares,taller,116,18.463405,-97.399197,https://mitehuacan.mx/?ruta=24-dina
1,Venta De Elotes Y Esquites Sin Nombre,taller,116,18.458426,-97.385026,https://mitehuacan.mx/?ruta=24-dina
1,Herbalefe,taller,117,18.459764,-97.384998,https://mitehuacan.mx/?ruta=24-dina
1,Jugueria Y Frutas Jugos Por Litro Erik,taller,118,18.46582,-97.387018,https://mitehuacan.mx/?ruta=24-dina
1,Mecanica Industrial Zarate,taller,121,18.47028,-97.39782,https://mitehuacan.mx/?ruta=24-dina
1,Sastreria Sin Nombre,taller,123,18.465889,-97.38763,https://mitehuacan.mx/?ruta=24-dina
1,Club De Nutricion Sin Nombre,taller,124,18.461686,-97.387108,https://mitehuacan.mx/?ruta=24-dina
1,Servicio Mecanico Duran,taller,124,18.459771,-97.378368,https://mitehuacan.mx/?ruta=24-dina
1,Transmisiones Rt,taller,124,18.459771,-97.378368,https://mitehuacan.mx/?ruta=24-dina
1,Jose Castillo Morales,taller,125,18.463509,-97.375167,https://mitehuacan.mx/?ruta=24-dina
1,Satreria Tony,taller,126,18.457641,-97.393691,https://mitehuacan.mx/?ruta=24-dina
1,Club Herbalife,taller,127,18.459775,-97.378539,https://mitehuacan.mx/?ruta=24-dina
1,Papas Juquilita,taller,127,18.465954,-97.388434,https://mitehuacan.mx/?ruta=24-dina
1,Club De Nutricion Herba Life,taller,128,18.457498,-97.389696,https://mitehuacan.mx/?ruta=24-dina
1,Club De Nutricion,taller,129,18.457472,-97.389175,https://mitehuacan.mx/?ruta=24-dina
1,Multiservicios Taller Mecanico Electrico,taller,130,18.465844,-97.383799,https://mitehuacan.mx/?ruta=24-dina
1,Taller Electrico,taller,131,18.463315,-97.383869,https://mitehuacan.mx/?ruta=24-dina
1,Taller Mecanico Servicio Automotriz Tobon,taller,132,18.465947,-97.386727,https://mitehuacan.mx/?ruta=24-dina
1,Servicios De Preparación De Otros Alimentos Para Consumo Inm,taller,133,18.480334,-97.393481,https://mitehuacan.mx/?ruta=24-dina
1,Reparacion De Maquinas Sin Nombre,taller,134,18.457601,-97.394159,https://mitehuacan.mx/?ruta=24-dina
1,Snacks Crispy Fast Food,taller,134,18.465939,-97.386006,https://mitehuacan.mx/?ruta=24-dina
1,Mantenimiento Industrial,taller,135,18.467916,-97.395134,https://mitehuacan.mx/?ruta=24-dina
1,Autoradio,taller,136,18.462631,-97.38489,https://mitehuacan.mx/?ruta=24-dina
1,Taller Mecanico Sin Nombre,taller,136,18.493728,-97.394358,https://mitehuacan.mx/?ruta=24-dina
1,Club De Nutricion Herbalife,taller,137,18.465922,-97.384337,https://mitehuacan.mx/?ruta=24-dina
1,Taller De Torno,taller,137,18.463522,-97.387066,https://mitehuacan.mx/?ruta=24-dina
1,Botanas Mezcladito,taller,138,18.457565,-97.394161,https://mitehuacan.mx/?ruta=24-dina
1,Postres Sin Nombre,taller,138,18.465909,-97.383853,https://mitehuacan.mx/?ruta=24-dina
1,Servicio Electrico Carrera,taller,138,18.457373,-97.388591,https://mitehuacan.mx/?ruta=24-dina
1,Taller De Joyeria Clarita,taller,139,18.457428,-97.390629,https://mitehuacan.mx/?ruta=24-dina
1,Taller Joyero La Bonita,taller,139,18.463769,-97.393038,https://mitehuacan.mx/?ruta=24-dina
1,Venta De Elotes Y Chiharrones,taller,140,18.491635,-97.389464,https://mitehuacan.mx/?ruta=24-dina
1,Taller Mecanico Sin Nombre,taller,142,18.460212,-97.382171,https://mitehuacan.mx/?ruta=24-dina
1,Servicio Automotriz Alberto,taller,144,18.459308,-97.37692,https://mitehuacan.mx/?ruta=24-dina
1,Atoles Y Tamales Chayito,taller,145,18.457382,-97.385422,https://mitehuacan.mx/?ruta=24-dina
1,La Esquina Del Sabor,taller,145,18.470497,-97.397813,https://mitehuacan.mx/?ruta=24-dina
1,Veterinaria Tehuacanes,veterinaria,1,18.471414,-97.392873,https://mitehuacan.mx/?ruta=24-dina
1,Veterinaria Mundo Animal,veterinaria,3,18.465956,-97.391438,https://mitehuacan.mx/?ruta=24-dina
1,Bodega De Productos Pecuarios,veterinaria,5,18.471846,-97.391935,https://mitehuacan.mx/?ruta=24-dina
1,Hg Distrubuidora Pecuaria Venta De Medicamentos Veterinarios,veterinaria,6,18.471522,-97.392406,https://mitehuacan.mx/?ruta=24-dina
1,Farmacia Veterinaria Del Sureste,veterinaria,7,18.463478,-97.398031,https://mitehuacan.mx/?ruta=24-dina
1,Grupac,veterinaria,9,18.462419,-97.377408,https://mitehuacan.mx/?ruta=24-dina
1,Inkuba Centro De Incubacion,veterinaria,9,18.462528,-97.379935,https://mitehuacan.mx/?ruta=24-dina
1,Veterinarias Pacheco,veterinaria,12,18.469108,-97.39384,https://mitehuacan.mx/?ruta=24-dina
1,Clinica Veterinaria Villa Mascota,veterinaria,14,18.467175,-97.397795,https://mitehuacan.mx/?ruta=24-dina
1,Servicios Veterinarios Sarabia,veterinaria,27,18.472704,-97.391255,https://mitehuacan.mx/?ruta=24-dina
1,Enlace Veterinario Venta De Medicina Veterinaria,veterinaria,33,18.473313,-97.394885,https://mitehuacan.mx/?ruta=24-dina
1,M2 Peritos,veterinaria,33,18.465129,-97.389266,https://mitehuacan.mx/?ruta=24-dina
1,Oficinas Capsa,veterinaria,42,18.462088,-97.376638,https://mitehuacan.mx/?ruta=24-dina
1,Premezclas De Alimentos Proveedora De Tecnologias Globales,veterinaria,46,18.46306,-97.380876,https://mitehuacan.mx/?ruta=24-dina
1,Venta De Productos Veterinarios Avilab,veterinaria,56,18.483871,-97.392167,https://mitehuacan.mx/?ruta=24-dina
1,Distribuidora De Alimentos Cadena,veterinaria,81,18.460661,-97.384656,https://mitehuacan.mx/?ruta=24-dina
1,Comercializacion De Productos Agropecuarios,veterinaria,97,18.473328,-97.391639,https://mitehuacan.mx/?ruta=24-dina
1,Veterinaria Alatriste,veterinaria,109,18.459957,-97.385069,https://mitehuacan.mx/?ruta=24-dina
1,Nutrialimentos Plus Tehuacan S.A. De C.V,veterinaria,113,18.459069,-97.385041,https://mitehuacan.mx/?ruta=24-dina
1,Norel,veterinaria,124,18.457395,-97.386,https://mitehuacan.mx/?ruta=24-dina
1,Veterinaria San Marcos,veterinaria,124,18.457408,-97.386559,https://mitehuacan.mx/?ruta=24-dina
1,Alpesur Tehuacan,veterinaria,132,18.457334,-97.386661,https://mitehuacan.mx/?ruta=24-dina
1,Forrajera Hidalgo,veterinaria,132,18.457336,-97.386714,https://mitehuacan.mx/?ruta=24-dina
1,Clinica Veterinaria La Huella,veterinaria,145,18.467809,-97.393994,https://mitehuacan.mx/?ruta=24-dina
2,Miscelanea 3Y6,abarrotes,0,18.469123,-97.391385,https://mitehuacan.mx/?ruta=24-dina
2,Miscelanea Arylu,abarrotes,0,18.464812,-97.388776,https://mitehuacan.mx/?ruta=24-dina
2,Miscelanea El Estudiante,abarrotes,0,18.469156,-97.396334,https://mitehuacan.mx/?ruta=24-dina
2,Miscelanea Genesis,abarrotes,0,18.488152,-97.398385,https://mitehuacan.mx/?ruta=24-dina
2,Miscelanea Rosales,abarrotes,0,18.493209,-97.390869,https://mitehuacan.mx/?ruta=24-dina
2,Miscelanea Rossy,abarrotes,0,18.461296,-97.381144,https://mitehuacan.mx/?ruta=24-dina
2,Miscelanea Sin Nombre,abarrotes,0,18.489544,-97.398248,https://mitehuacan.mx/?ruta=24-dina
2,Miscelanea Tapia,abarrotes,0,18.48594,-97.397239,https://mitehuacan.mx/?ruta=24-dina
2,Miscelanea Yeimi,abarrotes,0,18.490408,-97.392559,https://mitehuacan.mx/?ruta=24-dina
2,Tienda Lorena,abarrotes,0,18.486776,-97.396058,https://mitehuacan.mx/?ruta=24-dina
2,Miscelanea La Ideal,abarrotes,1,18.464768,-97.387649,https://mitehuacan.mx/?ruta=24-dina
2,Miscelanea Pastelpan,abarrotes,1,18.489674,-97.399278,https://mitehuacan.mx/?ruta=24-dina
2,Miscelanea Sanchez,abarrotes,1,18.460793,-97.377821,https://mitehuacan.mx/?ruta=24-dina
2,Miscelanea Sin Nombre,abarrotes,1,18.464351,-97.382531,https://mitehuacan.mx/?ruta=24-dina
2,Miscelanea El Refugio,abarrotes,2,18.478827,-97.392516,https://mitehuacan.mx/?ruta=24-dina
2,Miscelanea Hanny,abarrotes,2,18.497988,-97.388754,https://mitehuacan.mx/?ruta=24-dina
2,Miscelanea La Luz,abarrotes,2,18.467187,-97.391425,https://mitehuacan.mx/?ruta=24-dina
2,Miscelanea Mar,abarrotes,2,18.493956,-97.391979,https://mitehuacan.mx/?ruta=24-dina
2,Miscelanea Sin Nombre,abarrotes,2,18.461505,-97.38349,https://mitehuacan.mx/?ruta=24-dina
2,Miscelanea Sin Nombre,abarrotes,2,18.489285,-97.399926,https://mitehuacan.mx/?ruta=24-dina
2,Miscelanea Vale,abarrotes,2,18.482672,-97.393928,https://mitehuacan.mx/?ruta=24-dina
2,Miscelanea Vazquez,abarrotes,2,18.464656,-97.384256,https://mitehuacan.mx/?ruta=24-dina
2,Tendajon Sin Mobre,abarrotes,2,18.497834,-97.388755,https://mitehuacan.mx/?ruta=24-dina
2,Tienda Sin Nombre,abarrotes,2,18.485834,-97.396692,https://mitehuacan.mx/?ruta=24-dina
2,Ultramarinos Y Venta De Cerveza Perla Negra,abarrotes,2,18.464646,-97.38382,https://mitehuacan.mx/?ruta=24-dina
2,Abarrotes Garcia,abarrotes,3,18.493811,-97.38927,https://mitehuacan.mx/?ruta=24-dina
2,Abarrotes Vinos Y Licores Morales,abarrotes,3,18.471513,-97.392564,https://mitehuacan.mx/?ruta=24-dina
2,"Comercio Al Por Menor En Tiendas De Abarrotes, Ultramarinos ",abarrotes,3,18.497526,-97.388768,https://mitehuacan.mx/?ruta=24-dina
2,Miscelanea Aqui,abarrotes,3,18.458681,-97.391459,https://mitehuacan.mx/?ruta=24-dina
2,Miscelanea Lucy,abarrotes,3,18.489413,-97.397465,https://mitehuacan.mx/?ruta=24-dina
2,Miscelanea Sin Nombre,abarrotes,3,18.461481,-97.382342,https://mitehuacan.mx/?ruta=24-dina
2,Miscelanea Sin Nombre,abarrotes,3,18.461248,-97.380092,https://mitehuacan.mx/?ruta=24-dina
2,Miscelanea Sin Nombre,abarrotes,3,18.485829,-97.396275,https://mitehuacan.mx/?ruta=24-dina
2,Miscelanea Vero,abarrotes,3,18.490734,-97.390777,https://mitehuacan.mx/?ruta=24-dina
2,Tienda De Abarrotes Sin Nombre,abarrotes,3,18.461421,-97.38372,https://mitehuacan.mx/?ruta=24-dina
2,Abarrotes Cadena,abarrotes,4,18.462584,-97.378496,https://mitehuacan.mx/?ruta=24-dina
2,Abarrotes Cadena,abarrotes,4,18.462557,-97.377873,https://mitehuacan.mx/?ruta=24-dina
2,Abarrotes Conchita,abarrotes,4,18.4586,-97.387249,https://mitehuacan.mx/?ruta=24-dina
2,Abarrotes Sin Nombre,abarrotes,4,18.458574,-97.388417,https://mitehuacan.mx/?ruta=24-dina
2,Bodega Abarrotes Cadena,abarrotes,4,18.462558,-97.377885,https://mitehuacan.mx/?ruta=24-dina
2,"Comercio Al Por Menor En Tiendas De Abarrotes, Ultramarinos ",abarrotes,4,18.475135,-97.394587,https://mitehuacan.mx/?ruta=24-dina
2,La Tiendita,abarrotes,4,18.481881,-97.394596,https://mitehuacan.mx/?ruta=24-dina
2,Micelanea Valeria,abarrotes,4,18.482026,-97.395407,https://mitehuacan.mx/?ruta=24-dina
2,Miscelanea Crush,abarrotes,4,18.475084,-97.394912,https://mitehuacan.mx/?ruta=24-dina
2,Miscelanea De La Esquina,abarrotes,4,18.47916,-97.392448,https://mitehuacan.mx/?ruta=24-dina
2,Miscelanea Don Toño,abarrotes,4,18.461555,-97.382843,https://mitehuacan.mx/?ruta=24-dina
2,Miscelanea Flexpress,abarrotes,4,18.489821,-97.399994,https://mitehuacan.mx/?ruta=24-dina
2,Miscelanea Las Brisas,abarrotes,4,18.458555,-97.38802,https://mitehuacan.mx/?ruta=24-dina
2,Miscelanea Lisa,abarrotes,4,18.490328,-97.390818,https://mitehuacan.mx/?ruta=24-dina
2,Miscelanea Sofi,abarrotes,4,18.483094,-97.392915,https://mitehuacan.mx/?ruta=24-dina
2,Miscelanea Su Casa,abarrotes,4,18.463068,-97.396776,https://mitehuacan.mx/?ruta=24-dina
2,Videos Juegos Juquilita,abarrotes,4,18.493793,-97.388853,https://mitehuacan.mx/?ruta=24-dina
2,Minisuper Villas Campestre,abarrotes,5,18.479817,-97.392337,https://mitehuacan.mx/?ruta=24-dina
2,Miscelanea Adair,abarrotes,5,18.50091,-97.392988,https://mitehuacan.mx/?ruta=24-dina
2,Miscelanea El Emporio,abarrotes,5,18.46547,-97.398037,https://mitehuacan.mx/?ruta=24-dina
2,Miscelanea Elenita,abarrotes,5,18.461538,-97.382009,https://mitehuacan.mx/?ruta=24-dina
2,Miscelanea Lupita,abarrotes,5,18.485807,-97.398643,https://mitehuacan.mx/?ruta=24-dina
2,Miscelanea Metzli,abarrotes,5,18.492512,-97.390885,https://mitehuacan.mx/?ruta=24-dina
2,Miscelanea Sin Nombre,abarrotes,5,18.461452,-97.38536,https://mitehuacan.mx/?ruta=24-dina
2,Miscelanea Tepeyac,abarrotes,5,18.487008,-97.395828,https://mitehuacan.mx/?ruta=24-dina
2,Tienda De Abarrotes Moises,abarrotes,5,18.486158,-97.398868,https://mitehuacan.mx/?ruta=24-dina
2,Tienda La Montaña,abarrotes,5,18.458498,-97.386854,https://mitehuacan.mx/?ruta=24-dina
2,Vinos Y Licores Ezze,abarrotes,5,18.477123,-97.392746,https://mitehuacan.mx/?ruta=24-dina
2,Abarrotes Minitodo,abarrotes,6,18.486042,-97.397359,https://mitehuacan.mx/?ruta=24-dina
2,Miscelanea El Eden,abarrotes,6,18.476234,-97.393686,https://mitehuacan.mx/?ruta=24-dina
2,Miscelanea Luna,abarrotes,6,18.501087,-97.391265,https://mitehuacan.mx/?ruta=24-dina
2,Miscelanea Sin Nombre,abarrotes,6,18.461216,-97.380658,https://mitehuacan.mx/?ruta=24-dina
2,Miscelanea Toñito,abarrotes,6,18.464454,-97.397986,https://mitehuacan.mx/?ruta=24-dina
2,Miscelanea Zamora,abarrotes,6,18.489257,-97.395505,https://mitehuacan.mx/?ruta=24-dina
2,Miscelaneasin Crisma,abarrotes,6,18.463541,-97.398028,https://mitehuacan.mx/?ruta=24-dina
2,Tienda De Abarrotes Sin Nombre,abarrotes,6,18.488548,-97.398822,https://mitehuacan.mx/?ruta=24-dina
2,Tortilleria Soledad,abarrotes,6,18.482956,-97.391679,https://mitehuacan.mx/?ruta=24-dina
2,Abarrotes Colibri,abarrotes,7,18.460411,-97.38599,https://mitehuacan.mx/?ruta=24-dina
2,Abarrotes Vega,abarrotes,7,18.464634,-97.384671,https://mitehuacan.mx/?ruta=24-dina
2,Bodega De La Tienda De Abarrotes Sin Nombre,abarrotes,7,18.471304,-97.392714,https://mitehuacan.mx/?ruta=24-dina
2,Casa Velasco,abarrotes,7,18.460876,-97.39406,https://mitehuacan.mx/?ruta=24-dina
2,Comercio Al Por Menor En Tiendas De Abarrotes Ultramarinos Y,abarrotes,7,18.499203,-97.390595,https://mitehuacan.mx/?ruta=24-dina
2,Miscelanea El Retoño,abarrotes,7,18.467953,-97.397822,https://mitehuacan.mx/?ruta=24-dina
2,Miscelanea Fernandez,abarrotes,7,18.466669,-97.397873,https://mitehuacan.mx/?ruta=24-dina
2,Miscelanea Lucy,abarrotes,7,18.489178,-97.394891,https://mitehuacan.mx/?ruta=24-dina
2,Tienda De Abarrotes El Señor De La Misericordia,abarrotes,7,18.464856,-97.388054,https://mitehuacan.mx/?ruta=24-dina
2,Tienda De Abarrotes Sin Nombre,abarrotes,7,18.471304,-97.392714,https://mitehuacan.mx/?ruta=24-dina
2,Tienda Sin Nombre,abarrotes,7,18.499158,-97.390593,https://mitehuacan.mx/?ruta=24-dina
2,Abarrotes La Unica,abarrotes,8,18.4586,-97.386652,https://mitehuacan.mx/?ruta=24-dina
2,Miscelanea Cortes,abarrotes,8,18.492186,-97.393382,https://mitehuacan.mx/?ruta=24-dina
2,Miscelanea De La 11,abarrotes,8,18.462968,-97.382577,https://mitehuacan.mx/?ruta=24-dina
2,Miscelanea El Angel Iv,abarrotes,8,18.46068,-97.385975,https://mitehuacan.mx/?ruta=24-dina
2,Miscelanea Lety,abarrotes,8,18.488467,-97.398482,https://mitehuacan.mx/?ruta=24-dina
2,Miscelanea Mi Tiendita,abarrotes,8,18.464807,-97.386234,https://mitehuacan.mx/?ruta=24-dina
2,Miscelanea Nuevo Mundo,abarrotes,8,18.464939,-97.391343,https://mitehuacan.mx/?ruta=24-dina
2,Miscelanea Sin Nombre,abarrotes,8,18.489209,-97.395079,https://mitehuacan.mx/?ruta=24-dina
2,Abarrotes Cadena,abarrotes,9,18.462525,-97.379884,https://mitehuacan.mx/?ruta=24-dina
2,"Comercio Al Por Menor En Tiendas De Abarrotes, Ultramarinos ",abarrotes,9,18.494,-97.391104,https://mitehuacan.mx/?ruta=24-dina
2,Gran Bodega Tehuacan,abarrotes,9,18.46931,-97.39386,https://mitehuacan.mx/?ruta=24-dina
2,Mini Super Gamma,abarrotes,9,18.466822,-97.391325,https://mitehuacan.mx/?ruta=24-dina
2,Miscelanea Don Claudio,abarrotes,9,18.468867,-97.391297,https://mitehuacan.mx/?ruta=24-dina
2,Miscelanea Karol,abarrotes,9,18.462519,-97.379755,https://mitehuacan.mx/?ruta=24-dina
2,Miscelanea La Princesa,abarrotes,9,18.493248,-97.393042,https://mitehuacan.mx/?ruta=24-dina
2,Miscelanea La Sorpresa,abarrotes,9,18.460896,-97.378838,https://mitehuacan.mx/?ruta=24-dina
2,Miscelanea Matt,abarrotes,9,18.462405,-97.377093,https://mitehuacan.mx/?ruta=24-dina
2,Miscelanea Perea,abarrotes,9,18.462595,-97.381508,https://mitehuacan.mx/?ruta=24-dina
2,Miscelanea Sin Nombre,abarrotes,9,18.461561,-97.381574,https://mitehuacan.mx/?ruta=24-dina
2,Tienda Sin Nombre,abarrotes,9,18.462453,-97.378202,https://mitehuacan.mx/?ruta=24-dina
2,Abarrotes Juquilita,abarrotes,10,18.48955,-97.39267,https://mitehuacan.mx/?ruta=24-dina
2,Miscelanea Isabel,abarrotes,10,18.491738,-97.392471,https://mitehuacan.mx/?ruta=24-dina
2,Miscelanea Tita,abarrotes,10,18.47198,-97.391266,https://mitehuacan.mx/?ruta=24-dina
2,Tienda De Abarrotes La Nueva Sonrisa,abarrotes,10,18.469138,-97.391293,https://mitehuacan.mx/?ruta=24-dina
2,Miscelanea Chemita,abarrotes,11,18.459216,-97.386009,https://mitehuacan.mx/?ruta=24-dina
2,Miscelanea De Los Santos,abarrotes,11,18.489214,-97.396443,https://mitehuacan.mx/?ruta=24-dina
2,Tienda Escolar Juana De Arco,abarrotes,11,18.464612,-97.382417,https://mitehuacan.mx/?ruta=24-dina
2,Miscelanea 40 Oriente,abarrotes,12,18.492133,-97.393099,https://mitehuacan.mx/?ruta=24-dina
2,Miscelanea Elviejo Paulino,abarrotes,12,18.496493,-97.388747,https://mitehuacan.mx/?ruta=24-dina
2,Miscelanea Sin Nombre,abarrotes,12,18.460488,-97.376755,https://mitehuacan.mx/?ruta=24-dina
2,Miscelanea Jardin,abarrotes,13,18.475284,-97.392854,https://mitehuacan.mx/?ruta=24-dina
2,Abarrotes 3 Estrellas,abarrotes,14,18.458466,-97.386002,https://mitehuacan.mx/?ruta=24-dina
2,Miscelanea Conchita,abarrotes,14,18.480914,-97.391991,https://mitehuacan.mx/?ruta=24-dina
2,Miscelanea Sin Nombre,abarrotes,14,18.487186,-97.39697,https://mitehuacan.mx/?ruta=24-dina
2,Miscelanea Tato,abarrotes,14,18.462799,-97.381528,https://mitehuacan.mx/?ruta=24-dina
2,Miscelanea Bufalo,abarrotes,15,18.479147,-97.392259,https://mitehuacan.mx/?ruta=24-dina
2,Miscelanea Ferlup La Viña,abarrotes,15,18.465125,-97.398149,https://mitehuacan.mx/?ruta=24-dina
2,Miscelanea Jireh,abarrotes,15,18.46323,-97.396445,https://mitehuacan.mx/?ruta=24-dina
2,Miscelanea Los Angeles,abarrotes,16,18.472596,-97.391257,https://mitehuacan.mx/?ruta=24-dina
2,Tienda Killes,abarrotes,18,18.489103,-97.39606,https://mitehuacan.mx/?ruta=24-dina
2,Miscelanea Sin Nombre,abarrotes,20,18.491131,-97.392567,https://mitehuacan.mx/?ruta=24-dina
2,Miscelanea Rosales,abarrotes,22,18.461069,-97.380595,https://mitehuacan.mx/?ruta=24-dina
2,Miscelanea Sin Nombre,abarrotes,22,18.460398,-97.376773,https://mitehuacan.mx/?ruta=24-dina
2,Bodega De Abarrotes Colibri,abarrotes,25,18.460391,-97.385814,https://mitehuacan.mx/?ruta=24-dina
2,Tienda Miranda,abarrotes,25,18.48203,-97.396898,https://mitehuacan.mx/?ruta=24-dina
2,Mi Tiendita,abarrotes,27,18.458463,-97.385879,https://mitehuacan.mx/?ruta=24-dina
2,Miscelanea Anhel,abarrotes,29,18.468898,-97.396432,https://mitehuacan.mx/?ruta=24-dina
2,Miscelanea Ramos,abarrotes,33,18.472082,-97.390967,https://mitehuacan.mx/?ruta=24-dina
2,Miscelanea La Unica,abarrotes,34,18.490777,-97.392795,https://mitehuacan.mx/?ruta=24-dina
2,Miscelanea Sin Nombre,abarrotes,34,18.49434,-97.392565,https://mitehuacan.mx/?ruta=24-dina
2,Abarrotes La Union,abarrotes,35,18.45835,-97.390239,https://mitehuacan.mx/?ruta=24-dina
2,Miscelanea Sin Nombre,abarrotes,36,18.487278,-97.396788,https://mitehuacan.mx/?ruta=24-dina
2,Miscelanea Cinco Estrellas,abarrotes,37,18.461523,-97.38624,https://mitehuacan.mx/?ruta=24-dina
2,Miscelanea Don Panchito,abarrotes,37,18.492356,-97.393634,https://mitehuacan.mx/?ruta=24-dina
2,Tiendita De Doña Fidelia,abarrotes,37,18.499937,-97.390297,https://mitehuacan.mx/?ruta=24-dina
2,Miscelanea Sin Nombre,abarrotes,40,18.464339,-97.384769,https://mitehuacan.mx/?ruta=24-dina
2,Miscelanea Tadeo,abarrotes,41,18.488316,-97.399597,https://mitehuacan.mx/?ruta=24-dina
2,Miscelanea El Chino,abarrotes,42,18.48935,-97.393501,https://mitehuacan.mx/?ruta=24-dina
2,Miscelanea La Veracruzana Ii,abarrotes,43,18.464415,-97.388418,https://mitehuacan.mx/?ruta=24-dina
2,Tienda Mi Tiendita Bella,abarrotes,43,18.500617,-97.392123,https://mitehuacan.mx/?ruta=24-dina
2,Miscelanea Jessy,abarrotes,44,18.479232,-97.392825,https://mitehuacan.mx/?ruta=24-dina
2,Miscelanea Mane,abarrotes,44,18.48666,-97.397617,https://mitehuacan.mx/?ruta=24-dina
2,Comercio Al Por Menor En Tiendas De Abarrotes Ultramarinos Y,abarrotes,45,18.501417,-97.391785,https://mitehuacan.mx/?ruta=24-dina
2,Miscelanea La Union,abarrotes,45,18.476582,-97.393686,https://mitehuacan.mx/?ruta=24-dina
2,Miscelanea Romero,abarrotes,45,18.490067,-97.39906,https://mitehuacan.mx/?ruta=24-dina
2,Miscelanea Sin Nombre,abarrotes,45,18.486929,-97.398364,https://mitehuacan.mx/?ruta=24-dina
2,Miscelanea Los Arcos,abarrotes,46,18.458139,-97.387192,https://mitehuacan.mx/?ruta=24-dina
2,Miscelanea Bambu,abarrotes,49,18.462025,-97.376651,https://mitehuacan.mx/?ruta=24-dina
2,Miscelanea San Francisco,abarrotes,49,18.493453,-97.39263,https://mitehuacan.mx/?ruta=24-dina
2,Miscelanea Adriana,abarrotes,50,18.465962,-97.390939,https://mitehuacan.mx/?ruta=24-dina
2,Miscelanea Zamacona,abarrotes,50,18.462638,-97.383138,https://mitehuacan.mx/?ruta=24-dina
2,Miscelanea Beto,abarrotes,51,18.491146,-97.392861,https://mitehuacan.mx/?ruta=24-dina
2,Miscelanea Sin Nombre,abarrotes,51,18.48961,-97.395161,https://mitehuacan.mx/?ruta=24-dina
2,Juquilita,abarrotes,52,18.502048,-97.392126,https://mitehuacan.mx/?ruta=24-dina
2,Miscelanea Cortez,abarrotes,52,18.494417,-97.390999,https://mitehuacan.mx/?ruta=24-dina
2,Miscelanea Flores,abarrotes,52,18.462307,-97.374914,https://mitehuacan.mx/?ruta=24-dina
2,Miscelanea Dani,abarrotes,54,18.464602,-97.382009,https://mitehuacan.mx/?ruta=24-dina
2,Miscelanea Puebla,abarrotes,54,18.460696,-97.375197,https://mitehuacan.mx/?ruta=24-dina
2,Miscelanea Carmelita,abarrotes,55,18.460135,-97.376534,https://mitehuacan.mx/?ruta=24-dina
2,Miscelanea Matias,abarrotes,55,18.488808,-97.400284,https://mitehuacan.mx/?ruta=24-dina
2,Miscelanea El Mercadito,abarrotes,56,18.490365,-97.390233,https://mitehuacan.mx/?ruta=24-dina
2,Miscelanea Sin Nombre,abarrotes,56,18.488747,-97.390618,https://mitehuacan.mx/?ruta=24-dina
2,Tienda,abarrotes,56,18.485256,-97.39637,https://mitehuacan.mx/?ruta=24-dina
2,Tiendita De La Esquina,abarrotes,56,18.465203,-97.384627,https://mitehuacan.mx/?ruta=24-dina
2,Tiendita Mi Angelito,abarrotes,56,18.48876,-97.396103,https://mitehuacan.mx/?ruta=24-dina
2,Miscelanea Geminis,abarrotes,57,18.461417,-97.386528,https://mitehuacan.mx/?ruta=24-dina
2,Miscelanea Mary,abarrotes,57,18.470358,-97.390838,https://mitehuacan.mx/?ruta=24-dina
2,Miscelanea Sin Nombre,abarrotes,57,18.487614,-97.396044,https://mitehuacan.mx/?ruta=24-dina
2,Miscelanea Sin Nombre,abarrotes,57,18.487711,-97.397327,https://mitehuacan.mx/?ruta=24-dina
2,Miscelanea Tere,abarrotes,58,18.462006,-97.381622,https://mitehuacan.mx/?ruta=24-dina
2,Mi Tiendita,abarrotes,60,18.489952,-97.397174,https://mitehuacan.mx/?ruta=24-dina
2,Miscelanea Mariscal,abarrotes,60,18.46027,-97.377926,https://mitehuacan.mx/?ruta=24-dina
2,Miscelanea El Centenario,abarrotes,61,18.492863,-97.393776,https://mitehuacan.mx/?ruta=24-dina
2,Mini Super Zaragoza Express,abarrotes,62,18.460657,-97.38547,https://mitehuacan.mx/?ruta=24-dina
2,Miscelanea Martinez,abarrotes,63,18.486858,-97.398978,https://mitehuacan.mx/?ruta=24-dina
2,Tiendita Sin Nombre,abarrotes,63,18.48717,-97.398954,https://mitehuacan.mx/?ruta=24-dina
2,Abarrotes Sandy,abarrotes,65,18.465254,-97.383762,https://mitehuacan.mx/?ruta=24-dina
2,Miscelanea Lupita,abarrotes,66,18.465431,-97.389391,https://mitehuacan.mx/?ruta=24-dina
2,Miscelanea Las Tres Marias,abarrotes,67,18.488794,-97.397189,https://mitehuacan.mx/?ruta=24-dina
2,Miscelanea Sin Nombre,abarrotes,67,18.496955,-97.389477,https://mitehuacan.mx/?ruta=24-dina
2,Miscelanea Juquilita,abarrotes,69,18.489728,-97.393392,https://mitehuacan.mx/?ruta=24-dina
2,Tiendita Kikis,abarrotes,69,18.501548,-97.390287,https://mitehuacan.mx/?ruta=24-dina
2,Miscelanea Doña Vero,abarrotes,70,18.501691,-97.39337,https://mitehuacan.mx/?ruta=24-dina
2,Miscelanea Sin Nombre,abarrotes,71,18.460729,-97.384161,https://mitehuacan.mx/?ruta=24-dina
2,Miscelanea Huerta,abarrotes,72,18.486311,-97.39539,https://mitehuacan.mx/?ruta=24-dina
2,Miscelanea Sin Nombre,abarrotes,72,18.465326,-97.384082,https://mitehuacan.mx/?ruta=24-dina
2,Miscelanea Tinita,abarrotes,72,18.465304,-97.383295,https://mitehuacan.mx/?ruta=24-dina
2,"Comercio Al Por Menor En Tiendas De Abarrotes, Ultramarinos ",abarrotes,73,18.458125,-97.385562,https://mitehuacan.mx/?ruta=24-dina
2,Miscelanea La Guadalupana,abarrotes,73,18.489931,-97.391972,https://mitehuacan.mx/?ruta=24-dina
2,Venta De Abarrotes Sin Nombre,abarrotes,75,18.490407,-97.399529,https://mitehuacan.mx/?ruta=24-dina
2,Miscelanea Chavez,abarrotes,76,18.468438,-97.393852,https://mitehuacan.mx/?ruta=24-dina
2,Miscelanea Lupita,abarrotes,76,18.490503,-97.391492,https://mitehuacan.mx/?ruta=24-dina
2,Miscelanea Dana,abarrotes,78,18.489315,-97.390269,https://mitehuacan.mx/?ruta=24-dina
2,Miscelanea David,abarrotes,79,18.465824,-97.398723,https://mitehuacan.mx/?ruta=24-dina
2,Miscelanea Lupita,abarrotes,79,18.460659,-97.384372,https://mitehuacan.mx/?ruta=24-dina
2,Miscelanea Juquilita,abarrotes,80,18.490467,-97.400319,https://mitehuacan.mx/?ruta=24-dina
2,Miscelanea Jimenez,abarrotes,81,18.458448,-97.385357,https://mitehuacan.mx/?ruta=24-dina
2,Miscelanea Sin Nombre,abarrotes,82,18.490845,-97.393246,https://mitehuacan.mx/?ruta=24-dina
2,Tienda Mariam,abarrotes,83,18.460657,-97.385254,https://mitehuacan.mx/?ruta=24-dina
2,Tiendita Sin Nombre,abarrotes,83,18.4976,-97.388003,https://mitehuacan.mx/?ruta=24-dina
2,Miscelanea Cuahtemoc,abarrotes,84,18.457909,-97.390336,https://mitehuacan.mx/?ruta=24-dina
2,Miscelanea Juquilita,abarrotes,84,18.460697,-97.383327,https://mitehuacan.mx/?ruta=24-dina
2,Abarrotes Doña Ade,abarrotes,85,18.481283,-97.395849,https://mitehuacan.mx/?ruta=24-dina
2,Miscelanea El Guero,abarrotes,85,18.457965,-97.392444,https://mitehuacan.mx/?ruta=24-dina
2,Miscelanea Lily,abarrotes,85,18.461701,-97.376719,https://mitehuacan.mx/?ruta=24-dina
2,Miscelanea Sin Nombre,abarrotes,86,18.467713,-97.390588,https://mitehuacan.mx/?ruta=24-dina
2,Miscelanea Juquilita,abarrotes,87,18.484085,-97.391567,https://mitehuacan.mx/?ruta=24-dina
2,Miscelania Pily,abarrotes,87,18.469945,-97.396335,https://mitehuacan.mx/?ruta=24-dina
2,Miscelanea Casa Velasco,abarrotes,88,18.461964,-97.393247,https://mitehuacan.mx/?ruta=24-dina
2,Miscelanea Los Reyes,abarrotes,88,18.477492,-97.391851,https://mitehuacan.mx/?ruta=24-dina
2,Miscelanea Oropeza,abarrotes,88,18.472892,-97.390573,https://mitehuacan.mx/?ruta=24-dina
2,Tienda Sin Nombre,abarrotes,88,18.465418,-97.382484,https://mitehuacan.mx/?ruta=24-dina
2,Abarrotes Y Semillas Cristo Vive,abarrotes,89,18.470488,-97.392805,https://mitehuacan.mx/?ruta=24-dina
2,Miscelanea,abarrotes,89,18.463388,-97.379177,https://mitehuacan.mx/?ruta=24-dina
2,Miscelanea La Gomita,abarrotes,89,18.483748,-97.390948,https://mitehuacan.mx/?ruta=24-dina
2,Miscelanea Yessica Karina,abarrotes,89,18.470488,-97.392805,https://mitehuacan.mx/?ruta=24-dina
2,Tienda Diconsa,abarrotes,91,18.461681,-97.377575,https://mitehuacan.mx/?ruta=24-dina
2,Tiendita Hernandez,abarrotes,91,18.501793,-97.390299,https://mitehuacan.mx/?ruta=24-dina
2,Miscelanea Mini,abarrotes,92,18.460782,-97.38692,https://mitehuacan.mx/?ruta=24-dina
2,El Señor De Las Mara Villas,abarrotes,94,18.460667,-97.382721,https://mitehuacan.mx/?ruta=24-dina
2,Miscelanea Sin Nombre,abarrotes,95,18.487268,-97.399283,https://mitehuacan.mx/?ruta=24-dina
2,Miscelanea Rosy,abarrotes,96,18.459422,-97.387096,https://mitehuacan.mx/?ruta=24-dina
2,Tienda De Abarrotes Sin Nombre,abarrotes,96,18.490452,-97.38984,https://mitehuacan.mx/?ruta=24-dina
2,Miscelanea Doña Mary,abarrotes,97,18.48787,-97.391795,https://mitehuacan.mx/?ruta=24-dina
2,Miscelanea La Botana,abarrotes,98,18.461175,-97.393181,https://mitehuacan.mx/?ruta=24-dina
2,Barroso,abarrotes,99,18.459605,-97.391549,https://mitehuacan.mx/?ruta=24-dina
2,Miscelanea La Principal,abarrotes,99,18.472257,-97.390261,https://mitehuacan.mx/?ruta=24-dina
2,Miscelanea Ringo,abarrotes,99,18.457749,-97.389527,https://mitehuacan.mx/?ruta=24-dina
2,Tienda Conejo,abarrotes,99,18.484993,-97.39697,https://mitehuacan.mx/?ruta=24-dina
2,Miscelanea Juquilita,abarrotes,100,18.457648,-97.387137,https://mitehuacan.mx/?ruta=24-dina
2,Miscelanea Mayito,abarrotes,100,18.466957,-97.390459,https://mitehuacan.mx/?ruta=24-dina
2,Venta De Dulces Sin Nombre,abarrotes,100,18.487987,-97.392967,https://mitehuacan.mx/?ruta=24-dina
2,Micelabea San Juditas,abarrotes,101,18.470288,-97.39234,https://mitehuacan.mx/?ruta=24-dina
2,Miscelanea Jalhy,abarrotes,101,18.469151,-97.398795,https://mitehuacan.mx/?ruta=24-dina
2,Miscelanea Lupita,abarrotes,101,18.490681,-97.399814,https://mitehuacan.mx/?ruta=24-dina
2,Abarrotes Ofeve De Tehuacan,abarrotes,102,18.458795,-97.385144,https://mitehuacan.mx/?ruta=24-dina
2,Minisuper De La Nueve Sur,abarrotes,102,18.458656,-97.385154,https://mitehuacan.mx/?ruta=24-dina
2,Miscelanea Bolaños,abarrotes,102,18.471291,-97.39041,https://mitehuacan.mx/?ruta=24-dina
2,Miscelanea Montalvo,abarrotes,102,18.490105,-97.389836,https://mitehuacan.mx/?ruta=24-dina
2,Miscelanea Sin Nombre,abarrotes,102,18.465545,-97.382479,https://mitehuacan.mx/?ruta=24-dina
2,Miscelanea El Premio,abarrotes,103,18.460584,-97.383084,https://mitehuacan.mx/?ruta=24-dina
2,Miscelanea Sin Nombre,abarrotes,103,18.463322,-97.375257,https://mitehuacan.mx/?ruta=24-dina
2,Miscelanea Liz,abarrotes,104,18.465743,-97.398971,https://mitehuacan.mx/?ruta=24-dina
2,Tienda Anita,abarrotes,104,18.473327,-97.390928,https://mitehuacan.mx/?ruta=24-dina
2,Tienda De Abarrotes Tijuana,abarrotes,104,18.465291,-97.398987,https://mitehuacan.mx/?ruta=24-dina
2,Abarrotes Reforma,abarrotes,105,18.4821,-97.392964,https://mitehuacan.mx/?ruta=24-dina
2,Abarrotes Roger,abarrotes,105,18.459333,-97.385109,https://mitehuacan.mx/?ruta=24-dina
2,Changarro Mimis,abarrotes,105,18.46222,-97.398341,https://mitehuacan.mx/?ruta=24-dina
2,Miscelanea El Sol Sale Para Todos,abarrotes,105,18.487796,-97.391824,https://mitehuacan.mx/?ruta=24-dina
2,Miscelanea Sin Nombe,abarrotes,105,18.4637,-97.399074,https://mitehuacan.mx/?ruta=24-dina
2,Tienda De Abarrotes Super Buah,abarrotes,105,18.465038,-97.399006,https://mitehuacan.mx/?ruta=24-dina
2,Tienda Sin Nombre,abarrotes,106,18.50278,-97.394738,https://mitehuacan.mx/?ruta=24-dina
2,Helados Y Paletas Holanda,abarrotes,108,18.469078,-97.392409,https://mitehuacan.mx/?ruta=24-dina
2,Miscelanea,abarrotes,108,18.500011,-97.394437,https://mitehuacan.mx/?ruta=24-dina
2,Miscelanea Rivera,abarrotes,108,18.477426,-97.391672,https://mitehuacan.mx/?ruta=24-dina
2,Abarrotes Sin Nombre,abarrotes,109,18.460038,-97.385063,https://mitehuacan.mx/?ruta=24-dina
2,Miscelanea Galam,abarrotes,109,18.489325,-97.38996,https://mitehuacan.mx/?ruta=24-dina
2,Miscelanea Lopez,abarrotes,109,18.462093,-97.396192,https://mitehuacan.mx/?ruta=24-dina
2,Miscelanea Regalo De Dios,abarrotes,109,18.490315,-97.396536,https://mitehuacan.mx/?ruta=24-dina
2,Miscelanea Sin Nombre,abarrotes,109,18.48833,-97.396553,https://mitehuacan.mx/?ruta=24-dina
2,Miscelanea Soledad,abarrotes,109,18.492886,-97.394235,https://mitehuacan.mx/?ruta=24-dina
2,Tienda Sin Nombre,abarrotes,109,18.503477,-97.392949,https://mitehuacan.mx/?ruta=24-dina
2,Miscelanea Sin Nombre,abarrotes,110,18.490046,-97.394312,https://mitehuacan.mx/?ruta=24-dina
2,Tienda Alba,abarrotes,110,18.50347,-97.393177,https://mitehuacan.mx/?ruta=24-dina
2,Abarrotes Ofeve De Tehuacan,abarrotes,111,18.460184,-97.387143,https://mitehuacan.mx/?ruta=24-dina
2,Bodega De Minisuper De La 9,abarrotes,111,18.458644,-97.385068,https://mitehuacan.mx/?ruta=24-dina
2,Comercio Al Por Mayor De Abarrotes Sin Nombre,abarrotes,111,18.460242,-97.387142,https://mitehuacan.mx/?ruta=24-dina
2,La Joyita,abarrotes,111,18.488373,-97.390237,https://mitehuacan.mx/?ruta=24-dina
2,Tienda Pequeña Sin Nombre,abarrotes,111,18.49799,-97.391473,https://mitehuacan.mx/?ruta=24-dina
2,Miscelanea Sin Nombre,abarrotes,112,18.463438,-97.38368,https://mitehuacan.mx/?ruta=24-dina
2,Tienda Sin Nombre,abarrotes,112,18.46031,-97.38714,https://mitehuacan.mx/?ruta=24-dina
2,Miscelanea Fany,abarrotes,113,18.469109,-97.39891,https://mitehuacan.mx/?ruta=24-dina
2,Miscelanea La Pobedita,abarrotes,113,18.460231,-97.380495,https://mitehuacan.mx/?ruta=24-dina
2,Miscelanea La Ventanita,abarrotes,113,18.484318,-97.391517,https://mitehuacan.mx/?ruta=24-dina
2,Miscelanea El Surtidor,abarrotes,114,18.460332,-97.384027,https://mitehuacan.mx/?ruta=24-dina
2,Miscelanea Vale,abarrotes,114,18.468015,-97.398965,https://mitehuacan.mx/?ruta=24-dina
2,Miscelanea,abarrotes,115,18.463611,-97.379086,https://mitehuacan.mx/?ruta=24-dina
2,Miscelanea La Veracruzana 1,abarrotes,115,18.465871,-97.389265,https://mitehuacan.mx/?ruta=24-dina
2,Misceleanea Betos,abarrotes,115,18.492546,-97.39195,https://mitehuacan.mx/?ruta=24-dina
2,Miscelanea Campos,abarrotes,116,18.46355,-97.39919,https://mitehuacan.mx/?ruta=24-dina
2,Miscelanea Sin Nombre,abarrotes,116,18.460309,-97.383829,https://mitehuacan.mx/?ruta=24-dina
2,Tienda De Abarrotes Sin Nombre,abarrotes,116,18.490207,-97.395173,https://mitehuacan.mx/?ruta=24-dina
2,Miscelanea Soledad,abarrotes,117,18.466856,-97.390301,https://mitehuacan.mx/?ruta=24-dina
2,Miscelanea Sin Nomre,abarrotes,118,18.497536,-97.390834,https://mitehuacan.mx/?ruta=24-dina
2,Miscelanea El Pollo,abarrotes,119,18.465773,-97.384587,https://mitehuacan.mx/?ruta=24-dina
2,Tienda De Abarrotes Edith,abarrotes,119,18.492886,-97.388038,https://mitehuacan.mx/?ruta=24-dina
2,Tienda Martimiano,abarrotes,119,18.46365,-97.379148,https://mitehuacan.mx/?ruta=24-dina
2,Miscelane Sofi,abarrotes,120,18.491431,-97.389654,https://mitehuacan.mx/?ruta=24-dina
2,Miscelanea Juanita,abarrotes,120,18.493826,-97.394185,https://mitehuacan.mx/?ruta=24-dina
2,Miscelanea Santiago Apostol,abarrotes,120,18.459512,-97.376801,https://mitehuacan.mx/?ruta=24-dina
2,Miscelanea Alan,abarrotes,121,18.487681,-97.391313,https://mitehuacan.mx/?ruta=24-dina
2,Miscelanea Perlita,abarrotes,122,18.465857,-97.387019,https://mitehuacan.mx/?ruta=24-dina
2,Miscelanea La Ventanita,abarrotes,123,18.463595,-97.385364,https://mitehuacan.mx/?ruta=24-dina
2,Venta De Abarrotes Ultramarinos Y Miscelaneas,abarrotes,123,18.460791,-97.387214,https://mitehuacan.mx/?ruta=24-dina
2,Miscelanea Jireh,abarrotes,124,18.495177,-97.392798,https://mitehuacan.mx/?ruta=24-dina
2,Miscelanea Kioto,abarrotes,124,18.465968,-97.389677,https://mitehuacan.mx/?ruta=24-dina
2,Miscelanea Leal,abarrotes,124,18.468502,-97.392973,https://mitehuacan.mx/?ruta=24-dina
2,Miscelanea El Palmar,abarrotes,125,18.457417,-97.386957,https://mitehuacan.mx/?ruta=24-dina
2,Miscelanea La Estrella De Oriente,abarrotes,125,18.490461,-97.396518,https://mitehuacan.mx/?ruta=24-dina
2,Miscelanea Sebastian,abarrotes,125,18.470316,-97.397818,https://mitehuacan.mx/?ruta=24-dina
2,Bodega Grimajo,abarrotes,126,18.480366,-97.39341,https://mitehuacan.mx/?ruta=24-dina
2,Miscelanea Cabanzo,abarrotes,126,18.45981,-97.378736,https://mitehuacan.mx/?ruta=24-dina
2,Miscelanea Esmeralda,abarrotes,127,18.46354,-97.384578,https://mitehuacan.mx/?ruta=24-dina
2,Tienda Mini Shopper,abarrotes,127,18.501149,-97.395239,https://mitehuacan.mx/?ruta=24-dina
2,"Comercio Al Por Menor En Tiendas De Abarrotes, Ultramarinos ",abarrotes,128,18.480738,-97.393581,https://mitehuacan.mx/?ruta=24-dina
2,Miscelanea Juquilita,abarrotes,128,18.465862,-97.384699,https://mitehuacan.mx/?ruta=24-dina
2,Super 13,abarrotes,128,18.460071,-97.380263,https://mitehuacan.mx/?ruta=24-dina
2,Venta De Refrescos Y Botanas Sin Nombre,abarrotes,128,18.45754,-97.391128,https://mitehuacan.mx/?ruta=24-dina
2,Tienda De Abarrotes Sin Nombre,abarrotes,129,18.457591,-97.393042,https://mitehuacan.mx/?ruta=24-dina
2,Miscelanea Moctezuma,abarrotes,130,18.465859,-97.384339,https://mitehuacan.mx/?ruta=24-dina
2,Miscelanea Silvia,abarrotes,131,18.457813,-97.385127,https://mitehuacan.mx/?ruta=24-dina
2,Miscelanea Sin Nombre,abarrotes,132,18.492624,-97.388618,https://mitehuacan.mx/?ruta=24-dina
2,Miscelanea Esperancita,abarrotes,134,18.470358,-97.390108,https://mitehuacan.mx/?ruta=24-dina
2,Miscelanea San Miguel,abarrotes,134,18.470356,-97.398163,https://mitehuacan.mx/?ruta=24-dina
2,Miscelanea Juanita,abarrotes,135,18.465933,-97.385532,https://mitehuacan.mx/?ruta=24-dina
2,Miscelanea Sin Nombre,abarrotes,135,18.501476,-97.395332,https://mitehuacan.mx/?ruta=24-dina
2,Miscelanea La Terminal,abarrotes,136,18.457351,-97.387633,https://mitehuacan.mx/?ruta=24-dina
2,Cremeria La Vaquita,abarrotes,137,18.465911,-97.383929,https://mitehuacan.mx/?ruta=24-dina
2,Tienda De Abarrotes La Jacaranda,abarrotes,137,18.457361,-97.38805,https://mitehuacan.mx/?ruta=24-dina
2,Miscelanea Paraiso De Jesus,abarrotes,138,18.502319,-97.395369,https://mitehuacan.mx/?ruta=24-dina
2,Miscelanea Servin,abarrotes,138,18.465889,-97.383057,https://mitehuacan.mx/?ruta=24-dina
2,Abarrotes Estrella De Oriente,abarrotes,139,18.457453,-97.391614,https://mitehuacan.mx/?ruta=24-dina
2,Miscelanea La Chilalteca,abarrotes,139,18.490557,-97.389428,https://mitehuacan.mx/?ruta=24-dina
2,Miscelanea Osmin,abarrotes,139,18.457415,-97.390451,https://mitehuacan.mx/?ruta=24-dina
2,Venta De Huevo Sin Nombre,abarrotes,139,18.457677,-97.385137,https://mitehuacan.mx/?ruta=24-dina
2,Minimarket Taz,abarrotes,140,18.480828,-97.390798,https://mitehuacan.mx/?ruta=24-dina
2,Tienda Doña Mari,abarrotes,141,18.490801,-97.389421,https://mitehuacan.mx/?ruta=24-dina
2,Abarrotes Cadena,abarrotes,142,18.457572,-97.385214,https://mitehuacan.mx/?ruta=24-dina
2,Tlapaleria Y Abarrotes,abarrotes,142,18.491032,-97.394024,https://mitehuacan.mx/?ruta=24-dina
2,Miscelanea Andres,abarrotes,144,18.459359,-97.375887,https://mitehuacan.mx/?ruta=24-dina
2,La Pichi Tiendita,abarrotes,145,18.459995,-97.390749,https://mitehuacan.mx/?ruta=24-dina
2,Miscelanea Gonzalez,abarrotes,145,18.457363,-97.390533,https://mitehuacan.mx/?ruta=24-dina
2,Miscelanea Sin Nombre,abarrotes,145,18.461833,-97.398111,https://mitehuacan.mx/?ruta=24-dina
2,Miscelanea Sin Nombre,abarrotes,145,18.491005,-97.39403,https://mitehuacan.mx/?ruta=24-dina
2,Miscelanea La Ventanita,abarrotes,147,18.458895,-97.384721,https://mitehuacan.mx/?ruta=24-dina
2,Miscelanea Los Arcos,abarrotes,147,18.491498,-97.389401,https://mitehuacan.mx/?ruta=24-dina
2,Miscelanea Lucy,abarrotes,147,18.46337,-97.384765,https://mitehuacan.mx/?ruta=24-dina
2,Miscelanea Eve,abarrotes,149,18.470218,-97.398742,https://mitehuacan.mx/?ruta=24-dina
2,Miscelanea La Guadalupana,abarrotes,149,18.465787,-97.381799,https://mitehuacan.mx/?ruta=24-dina
2,Miscelanea Mini Ocsito,abarrotes,149,18.463518,-97.391362,https://mitehuacan.mx/?ruta=24-dina
2,Tienda Erik,abarrotes,149,18.492472,-97.388689,https://mitehuacan.mx/?ruta=24-dina
2,Miscelanea Garcia,abarrotes,150,18.480926,-97.397135,https://mitehuacan.mx/?ruta=24-dina
2,Banorte,banco,0,18.459836,-97.394165,https://mitehuacan.mx/?ruta=24-dina
2,Banco Azteca,banco,4,18.463089,-97.397573,https://mitehuacan.mx/?ruta=24-dina
2,Banamex Reforma Tehuacan,banco,7,18.461726,-97.394163,https://mitehuacan.mx/?ruta=24-dina
2,Bbva Bancomer Tehuacan Reforma,banco,7,18.461519,-97.394171,https://mitehuacan.mx/?ruta=24-dina
2,Hsbc Suc Tehuacan,banco,7,18.461895,-97.394157,https://mitehuacan.mx/?ruta=24-dina
2,Banorte Tehuacan,banco,8,18.459837,-97.394093,https://mitehuacan.mx/?ruta=24-dina
2,Banco Forjadores,banco,9,18.467247,-97.391321,https://mitehuacan.mx/?ruta=24-dina
2,Banamex,banco,9,18.461672,-97.394179,https://mitehuacan.mx/?ruta=24-dina
2,HSBC,banco,10,18.461966,-97.394184,https://mitehuacan.mx/?ruta=24-dina
2,Banco Compartamos Tehuacan Oriente,banco,16,18.462952,-97.396434,https://mitehuacan.mx/?ruta=24-dina
2,Banco Azteca,banco,31,18.462952,-97.393755,https://mitehuacan.mx/?ruta=24-dina
2,Bancoppel Reforma,banco,42,18.462948,-97.393651,https://mitehuacan.mx/?ruta=24-dina
2,Banco Azteca,banco,45,18.462947,-97.393622,https://mitehuacan.mx/?ruta=24-dina
2,Scotiabank Tehuacan,banco,52,18.463059,-97.393568,https://mitehuacan.mx/?ruta=24-dina
2,Banamex,banco,53,18.463452,-97.394126,https://mitehuacan.mx/?ruta=24-dina
2,Banamex Tehuacan Pue,banco,57,18.463486,-97.394108,https://mitehuacan.mx/?ruta=24-dina
2,BBVA,banco,62,18.461516,-97.394688,https://mitehuacan.mx/?ruta=24-dina
2,Banco Santander,banco,67,18.463572,-97.394132,https://mitehuacan.mx/?ruta=24-dina
2,Banorte,banco,77,18.463655,-97.393947,https://mitehuacan.mx/?ruta=24-dina
2,Banorte Tehuacan Centro,banco,78,18.463666,-97.39398,https://mitehuacan.mx/?ruta=24-dina
2,Banco Compartamos Tehuacan Del Valle,banco,97,18.463256,-97.399027,https://mitehuacan.mx/?ruta=24-dina
2,Banco Santander Box Select Principal Tehuacan,banco,110,18.462072,-97.39592,https://mitehuacan.mx/?ruta=24-dina
2,Banco Santander Principal Tehuacan,banco,110,18.462057,-97.395733,https://mitehuacan.mx/?ruta=24-dina
2,Santander,banco,110,18.462061,-97.395832,https://mitehuacan.mx/?ruta=24-dina
2,Banco Santander Tehuacan,banco,111,18.463968,-97.394095,https://mitehuacan.mx/?ruta=24-dina
2,Banco Azteca,banco,121,18.463772,-97.391462,https://mitehuacan.mx/?ruta=24-dina
2,Artes Marciales Aguilas Tepeyac,escuela,0,18.486496,-97.396114,https://mitehuacan.mx/?ruta=24-dina
2,Centro De Estudio Y Entretenimiento Arte Sana,escuela,1,18.464835,-97.390085,https://mitehuacan.mx/?ruta=24-dina
2,Clases De Dibujo Sin Nombre,escuela,1,18.464762,-97.387497,https://mitehuacan.mx/?ruta=24-dina
2,Escuela Instituto Tehuacan,escuela,1,18.473169,-97.392825,https://mitehuacan.mx/?ruta=24-dina
2,Estetica Y Academia Leo,escuela,1,18.464836,-97.390142,https://mitehuacan.mx/?ruta=24-dina
2,Preescolar Itzcoalt,escuela,1,18.460974,-97.386047,https://mitehuacan.mx/?ruta=24-dina
2,Jardin De Niños Clausell,escuela,2,18.46101,-97.386047,https://mitehuacan.mx/?ruta=24-dina
2,Ugmex Rectoria,escuela,2,18.464723,-97.385295,https://mitehuacan.mx/?ruta=24-dina
2,Centro Academico Del Valle De Tehuacan,escuela,4,18.464738,-97.384652,https://mitehuacan.mx/?ruta=24-dina
2,Instituto Jean Piaget,escuela,4,18.468571,-97.397902,https://mitehuacan.mx/?ruta=24-dina
2,Centro De Asistencia Infantil Comunitario 21Ejn0916K,escuela,5,18.480376,-97.392246,https://mitehuacan.mx/?ruta=24-dina
2,Escuela De Tae Kwon Do Juventud Marcial Tehuacan,escuela,5,18.458478,-97.3864,https://mitehuacan.mx/?ruta=24-dina
2,Centro Escolar Presidente Venustiano Carranza Bachillerato M,escuela,6,18.469225,-97.396996,https://mitehuacan.mx/?ruta=24-dina
2,Centro Escolar Presidente Venustiano Carranza Bachillerato V,escuela,6,18.469225,-97.396996,https://mitehuacan.mx/?ruta=24-dina
2,Centro Escolar Presidente Venustiano Carranza Direccion Gene,escuela,6,18.469224,-97.396977,https://mitehuacan.mx/?ruta=24-dina
2,Centro Escolar Presidente Venustiano Carranza Escuela De Cap,escuela,6,18.469225,-97.396996,https://mitehuacan.mx/?ruta=24-dina
2,Centro Escolar Presidente Venustiano Carranza Primaria Matut,escuela,6,18.469225,-97.396996,https://mitehuacan.mx/?ruta=24-dina
2,Centro Escolar Presidente Venustiano Carranza Primaria Vespe,escuela,6,18.469225,-97.396996,https://mitehuacan.mx/?ruta=24-dina
2,Centro Escolar Presidente Venustiano Carranza Secundaria Mat,escuela,6,18.469225,-97.396996,https://mitehuacan.mx/?ruta=24-dina
2,Centro Escolar Presidente Venustiano Carranza Secundaria Ves,escuela,6,18.469225,-97.396996,https://mitehuacan.mx/?ruta=24-dina
2,Dojang Ilio Escuela De Artes Marciales,escuela,6,18.464724,-97.384074,https://mitehuacan.mx/?ruta=24-dina
2,Centro De Capacitacion Y Desarrollo Cecade Tehuacan,escuela,7,18.464849,-97.387855,https://mitehuacan.mx/?ruta=24-dina
2,Centro De Educacion Basica Para Adultos Octavio Paz,escuela,7,18.465873,-97.397908,https://mitehuacan.mx/?ruta=24-dina
2,Colegio Abraham Lincoln,escuela,7,18.489571,-97.397941,https://mitehuacan.mx/?ruta=24-dina
2,Escuela De Artes Marciales Hansun Mexico Central,escuela,7,18.466579,-97.397877,https://mitehuacan.mx/?ruta=24-dina
2,Escuela Municipal De Danza Folklorica Mexicana,escuela,7,18.464834,-97.387495,https://mitehuacan.mx/?ruta=24-dina
2,Escuela Primaria Escudo Nacional,escuela,7,18.493979,-97.389425,https://mitehuacan.mx/?ruta=24-dina
2,Escuela Primaria Federal Ignacio Zaragoza,escuela,7,18.465846,-97.397909,https://mitehuacan.mx/?ruta=24-dina
2,Escuela Primaria Vespertina 5 De Mayo De 1862,escuela,7,18.465774,-97.397913,https://mitehuacan.mx/?ruta=24-dina
2,Escuela Taekwondo Oriente,escuela,7,18.464813,-97.386689,https://mitehuacan.mx/?ruta=24-dina
2,Jardin De Niños Campanitas,escuela,7,18.494006,-97.39043,https://mitehuacan.mx/?ruta=24-dina
2,Preescolar Gabino Barreda 21Ejn1241X,escuela,7,18.460676,-97.376809,https://mitehuacan.mx/?ruta=24-dina
2,Preescolar Las Flores 21Ejn0753Q,escuela,7,18.460676,-97.376809,https://mitehuacan.mx/?ruta=24-dina
2,Studio De Baile Bracil,escuela,7,18.4588,-97.392338,https://mitehuacan.mx/?ruta=24-dina
2,Jardin De Niños Loris Malaguzzi,escuela,8,18.46492,-97.390253,https://mitehuacan.mx/?ruta=24-dina
2,Taller De Tejido,escuela,8,18.475957,-97.393699,https://mitehuacan.mx/?ruta=24-dina
2,Allegro Centro De Formacion Dancistica,escuela,9,18.463015,-97.396518,https://mitehuacan.mx/?ruta=24-dina
2,Escuela De Artes Y Musica,escuela,9,18.463015,-97.396518,https://mitehuacan.mx/?ruta=24-dina
2,Escuela De Enfermeria Benavente,escuela,9,18.467817,-97.391315,https://mitehuacan.mx/?ruta=24-dina
2,Escuela Nacional De Sistemas Abiertos Sc,escuela,9,18.46645,-97.391329,https://mitehuacan.mx/?ruta=24-dina
2,Jardin De Niños Castillo De Genios,escuela,9,18.462418,-97.377368,https://mitehuacan.mx/?ruta=24-dina
2,Jardin De Niños Royal,escuela,9,18.466577,-97.391328,https://mitehuacan.mx/?ruta=24-dina
2,Maria Montessori,escuela,12,18.473988,-97.395629,https://mitehuacan.mx/?ruta=24-dina
2,Acuatica Abc,escuela,22,18.473762,-97.395633,https://mitehuacan.mx/?ruta=24-dina
2,Instituto Tecnico Mexico,escuela,24,18.458428,-97.389521,https://mitehuacan.mx/?ruta=24-dina
2,Studio De Baile Fenix Family Dance,escuela,26,18.45888,-97.389495,https://mitehuacan.mx/?ruta=24-dina
2,Centro Universitario Milenium,escuela,27,18.4689,-97.393844,https://mitehuacan.mx/?ruta=24-dina
2,Instituto Juana De Arco,escuela,27,18.464609,-97.382265,https://mitehuacan.mx/?ruta=24-dina
2,Meta Aprendizaje De Idiomas,escuela,31,18.475218,-97.393028,https://mitehuacan.mx/?ruta=24-dina
2,Academia De Ballet Collette,escuela,35,18.466984,-97.391075,https://mitehuacan.mx/?ruta=24-dina
2,Escuela Secundaria Tenica 57,escuela,35,18.493941,-97.388278,https://mitehuacan.mx/?ruta=24-dina
2,Escuela De Alto Rendimiento Boxeo Estilo Cesar,escuela,38,18.458797,-97.394558,https://mitehuacan.mx/?ruta=24-dina
2,Escuela Manuel Pereyra Mejia,escuela,41,18.465123,-97.387018,https://mitehuacan.mx/?ruta=24-dina
2,Club De Combate,escuela,44,18.489872,-97.397705,https://mitehuacan.mx/?ruta=24-dina
2,Colegio De Arte Culinario Tehuacan,escuela,47,18.463136,-97.398557,https://mitehuacan.mx/?ruta=24-dina
2,Escuela De Ingles Gaia Institute,escuela,48,18.466979,-97.390952,https://mitehuacan.mx/?ruta=24-dina
2,Jardinde Niños Simon Bolivar,escuela,48,18.458335,-97.393281,https://mitehuacan.mx/?ruta=24-dina
2,Educacion Integral Elide,escuela,52,18.464282,-97.387032,https://mitehuacan.mx/?ruta=24-dina
2,Escuela Para Adultos Ineda,escuela,53,18.46439,-97.391452,https://mitehuacan.mx/?ruta=24-dina
2,Escuela Profesor Manuel Valderrama Turno Matutino,escuela,60,18.472921,-97.391775,https://mitehuacan.mx/?ruta=24-dina
2,Heroes Del 5 De Mayo Vespertino,escuela,60,18.472921,-97.391775,https://mitehuacan.mx/?ruta=24-dina
2,Colegio Bertha Von Glumer Preescolar Y Primaria,escuela,63,18.458199,-97.393287,https://mitehuacan.mx/?ruta=24-dina
2,Forte Instituto Educatico,escuela,66,18.460071,-97.393526,https://mitehuacan.mx/?ruta=24-dina
2,Linguastic,escuela,67,18.460379,-97.393504,https://mitehuacan.mx/?ruta=24-dina
2,Estetica Y Academia De Belleza Secrets,escuela,74,18.458,-97.390336,https://mitehuacan.mx/?ruta=24-dina
2,Academia De Danza Ballerinas,escuela,75,18.47185,-97.393813,https://mitehuacan.mx/?ruta=24-dina
2,Equidos,escuela,75,18.47185,-97.393813,https://mitehuacan.mx/?ruta=24-dina
2,Instituto Kennedy,escuela,75,18.459499,-97.393468,https://mitehuacan.mx/?ruta=24-dina
2,New Dance Studio De Baile,escuela,82,18.483452,-97.397154,https://mitehuacan.mx/?ruta=24-dina
2,Bachillerato Oficial Rufino Tamayo,escuela,83,18.488245,-97.393786,https://mitehuacan.mx/?ruta=24-dina
2,Centro Escolar Presidente Venustiano Carranza Pre Escolar Ve,escuela,85,18.469929,-97.39641,https://mitehuacan.mx/?ruta=24-dina
2,Centro Escolar Presidente Venustiano Carranza Preescolar Mat,escuela,85,18.469929,-97.39641,https://mitehuacan.mx/?ruta=24-dina
2,Centro Educativo Acty Gym,escuela,86,18.471094,-97.395146,https://mitehuacan.mx/?ruta=24-dina
2,Escuela De Natacion Balaquarum,escuela,87,18.473673,-97.394487,https://mitehuacan.mx/?ruta=24-dina
2,Bachillerato Particular Union Pro-Educacion Morelos,escuela,89,18.463922,-97.397174,https://mitehuacan.mx/?ruta=24-dina
2,Escuela Josefa Ortiz De Dominguez,escuela,91,18.462222,-97.384842,https://mitehuacan.mx/?ruta=24-dina
2,Escuela Josefa Ortiz De Dominguez Vespertino,escuela,91,18.462222,-97.384842,https://mitehuacan.mx/?ruta=24-dina
2,Unidad De Servicios De Apoyo A La Escuela Regular Usaer22,escuela,91,18.462222,-97.384842,https://mitehuacan.mx/?ruta=24-dina
2,Centro Universitario Tehuacan,escuela,92,18.463976,-97.388438,https://mitehuacan.mx/?ruta=24-dina
2,Colegio Americano De Tehuacan Seccion Primaria,escuela,92,18.463788,-97.393977,https://mitehuacan.mx/?ruta=24-dina
2,Escuela De Box Quiron,escuela,100,18.483157,-97.396746,https://mitehuacan.mx/?ruta=24-dina
2,Jardin De Niños Destellos Magicos,escuela,102,18.474306,-97.394017,https://mitehuacan.mx/?ruta=24-dina
2,Centro De Asistencia Infantil Comunitario El Tepeyac,escuela,103,18.484832,-97.396448,https://mitehuacan.mx/?ruta=24-dina
2,Clases De Corte Y Confeccion Moda Y Estilo Sin Nombre,escuela,103,18.457597,-97.386655,https://mitehuacan.mx/?ruta=24-dina
2,Colegio Sor Juana Ines De La Cruz,escuela,105,18.465881,-97.390416,https://mitehuacan.mx/?ruta=24-dina
2,Unidad Escolar High Freedon,escuela,105,18.463808,-97.399069,https://mitehuacan.mx/?ruta=24-dina
2,Clases De Yoga,escuela,111,18.46205,-97.395653,https://mitehuacan.mx/?ruta=24-dina
2,Instituto Juana De Arco,escuela,111,18.473834,-97.39385,https://mitehuacan.mx/?ruta=24-dina
2,Instituto Heslington,escuela,113,18.473039,-97.396263,https://mitehuacan.mx/?ruta=24-dina
2,Servicios De Uñas Y Barberia Bel,escuela,115,18.465884,-97.390012,https://mitehuacan.mx/?ruta=24-dina
2,Zima Taekwondo,escuela,116,18.466759,-97.39904,https://mitehuacan.mx/?ruta=24-dina
2,Unidad Escolar Licenciado Benito Juarez Tehuacan,escuela,117,18.459776,-97.391547,https://mitehuacan.mx/?ruta=24-dina
2,Unidad Escolar Licenciado Benito Juarez,escuela,122,18.467211,-97.39677,https://mitehuacan.mx/?ruta=24-dina
2,Centro De Bachillerato Tecnologico Industrial De Cervicios,escuela,123,18.493908,-97.387435,https://mitehuacan.mx/?ruta=24-dina
2,Unidad Escolar High Freedomm Bachillerato Y Enfermeria,escuela,125,18.463167,-97.399296,https://mitehuacan.mx/?ruta=24-dina
2,Ateneo Universitario En Humanidades Y Ciencias,escuela,128,18.463642,-97.388377,https://mitehuacan.mx/?ruta=24-dina
2,Academia De Belleza Y Barberia Creativo Studio,escuela,129,18.463624,-97.393043,https://mitehuacan.mx/?ruta=24-dina
2,Say Yes Escuela De Ingles,escuela,129,18.457556,-97.391896,https://mitehuacan.mx/?ruta=24-dina
2,Escuela De Artes Marciales Fenix Fight Club,escuela,130,18.464133,-97.393932,https://mitehuacan.mx/?ruta=24-dina
2,Escuela De Ballet Clasico Adage,escuela,130,18.464133,-97.393932,https://mitehuacan.mx/?ruta=24-dina
2,Instituto Moctezuma,escuela,130,18.465859,-97.384424,https://mitehuacan.mx/?ruta=24-dina
2,Instituto Comercial Royal,escuela,132,18.471371,-97.390131,https://mitehuacan.mx/?ruta=24-dina
2,Centro De Asistencia Infantil Comunitario,escuela,133,18.459887,-97.39075,https://mitehuacan.mx/?ruta=24-dina
2,Academia De Baile Stage,escuela,137,18.463522,-97.387066,https://mitehuacan.mx/?ruta=24-dina
2,Centro Educativo Prescolar,escuela,137,18.459923,-97.39075,https://mitehuacan.mx/?ruta=24-dina
2,Instituto De Compuingles De Tehuacan,escuela,137,18.459957,-97.391546,https://mitehuacan.mx/?ruta=24-dina
2,Ateneo Universitario En Humanidades En Ciencias De La Salud,escuela,138,18.462778,-97.383974,https://mitehuacan.mx/?ruta=24-dina
2,Icatep,escuela,138,18.46588,-97.382649,https://mitehuacan.mx/?ruta=24-dina
2,Ceuni,escuela,142,18.462707,-97.385726,https://mitehuacan.mx/?ruta=24-dina
2,Papeleria Alebrijes,papelería,0,18.469172,-97.396912,https://mitehuacan.mx/?ruta=24-dina
2,Papeleria Copias Y Regalos Sin Nobre,papelería,0,18.470065,-97.391379,https://mitehuacan.mx/?ruta=24-dina
2,Papeleria El Profe,papelería,0,18.488106,-97.398385,https://mitehuacan.mx/?ruta=24-dina
2,Papeleria La Colegiala,papelería,1,18.469177,-97.397149,https://mitehuacan.mx/?ruta=24-dina
2,Papeleria Tehuacan,papelería,1,18.476142,-97.393016,https://mitehuacan.mx/?ruta=24-dina
2,Plaza Vent,papelería,1,18.46485,-97.39091,https://mitehuacan.mx/?ruta=24-dina
2,Papeleria Geminis,papelería,2,18.493823,-97.38962,https://mitehuacan.mx/?ruta=24-dina
2,Papeleria La Pape,papelería,2,18.468318,-97.391409,https://mitehuacan.mx/?ruta=24-dina
2,Papeleria Siglo Xxi,papelería,2,18.468327,-97.391408,https://mitehuacan.mx/?ruta=24-dina
2,Pepeleria Luna,papelería,2,18.493915,-97.391411,https://mitehuacan.mx/?ruta=24-dina
2,Papeleria Ilusion,papelería,3,18.489065,-97.394753,https://mitehuacan.mx/?ruta=24-dina
2,Papeleria Abejita,papelería,4,18.465705,-97.398022,https://mitehuacan.mx/?ruta=24-dina
2,Papeleria Lerm,papelería,4,18.467712,-97.397935,https://mitehuacan.mx/?ruta=24-dina
2,Papeleria Yogui,papelería,4,18.477502,-97.392728,https://mitehuacan.mx/?ruta=24-dina
2,Papeleria,papelería,5,18.461452,-97.38536,https://mitehuacan.mx/?ruta=24-dina
2,Papeleria Ave-Mar,papelería,5,18.476897,-97.392744,https://mitehuacan.mx/?ruta=24-dina
2,Papeleria Geonet Internet,papelería,5,18.46462,-97.398082,https://mitehuacan.mx/?ruta=24-dina
2,Papeleria Sin Nombre,papelería,5,18.500912,-97.392941,https://mitehuacan.mx/?ruta=24-dina
2,Papeleria Smira,papelería,5,18.458518,-97.387262,https://mitehuacan.mx/?ruta=24-dina
2,Regalos Y Papeleria Lili,papelería,5,18.458526,-97.387423,https://mitehuacan.mx/?ruta=24-dina
2,Papaleria El Nuevo Japones,papelería,6,18.461382,-97.394052,https://mitehuacan.mx/?ruta=24-dina
2,Papeleria E Internet Sin Nombre,papelería,6,18.464509,-97.397983,https://mitehuacan.mx/?ruta=24-dina
2,Papeleria La Chiquita,papelería,6,18.480932,-97.392189,https://mitehuacan.mx/?ruta=24-dina
2,Papeleria Sin Nombre,papelería,6,18.476233,-97.393648,https://mitehuacan.mx/?ruta=24-dina
2,Papeleria Tuti,papelería,6,18.489288,-97.395751,https://mitehuacan.mx/?ruta=24-dina
2,Tienda De Regalos La Gata Sushu,papelería,6,18.465223,-97.397948,https://mitehuacan.mx/?ruta=24-dina
2,Papeleria Rosy,papelería,7,18.4659,-97.397907,https://mitehuacan.mx/?ruta=24-dina
2,La Red Papeleria,papelería,8,18.475867,-97.393701,https://mitehuacan.mx/?ruta=24-dina
2,Papeleria Afiss,papelería,8,18.485848,-97.39637,https://mitehuacan.mx/?ruta=24-dina
2,Papeleria El Nuevo Japones,papelería,9,18.460986,-97.394038,https://mitehuacan.mx/?ruta=24-dina
2,Super Cosas De La 3,papelería,10,18.47179,-97.391268,https://mitehuacan.mx/?ruta=24-dina
2,Servicio De Internet Y Papeleria Ciber Planet,papelería,12,18.493786,-97.388502,https://mitehuacan.mx/?ruta=24-dina
2,Papeleria Luna,papelería,14,18.482232,-97.397481,https://mitehuacan.mx/?ruta=24-dina
2,Papeleria Olyjeen,papelería,26,18.488651,-97.39287,https://mitehuacan.mx/?ruta=24-dina
2,Papeleria Nattig,papelería,40,18.489222,-97.399482,https://mitehuacan.mx/?ruta=24-dina
2,Papeleria Panda,papelería,43,18.472746,-97.391755,https://mitehuacan.mx/?ruta=24-dina
2,Intersat Papeleria,papelería,50,18.460903,-97.383791,https://mitehuacan.mx/?ruta=24-dina
2,Mega Ofertas De Tehuacan Sucursal,papelería,52,18.459112,-97.389387,https://mitehuacan.mx/?ruta=24-dina
2,Papeleria Atzuany,papelería,53,18.49336,-97.389325,https://mitehuacan.mx/?ruta=24-dina
2,Papeleria Dany,papelería,54,18.49008,-97.40045,https://mitehuacan.mx/?ruta=24-dina
2,Los Barateros Mega Ofertas De Tehuacan,papelería,56,18.459148,-97.389387,https://mitehuacan.mx/?ruta=24-dina
2,Papeleria Design It,papelería,58,18.461783,-97.393546,https://mitehuacan.mx/?ruta=24-dina
2,Papeleria Creaciones,papelería,59,18.469691,-97.396336,https://mitehuacan.mx/?ruta=24-dina
2,Papeleria,papelería,61,18.48521,-97.396378,https://mitehuacan.mx/?ruta=24-dina
2,Papeleria Dany,papelería,61,18.493416,-97.391921,https://mitehuacan.mx/?ruta=24-dina
2,Papeleria Huichos,papelería,65,18.465268,-97.384264,https://mitehuacan.mx/?ruta=24-dina
2,Papeleria Acuarela,papelería,70,18.465392,-97.38694,https://mitehuacan.mx/?ruta=24-dina
2,Papeleria Y Regalos Cristal,papelería,71,18.46071,-97.383782,https://mitehuacan.mx/?ruta=24-dina
2,Papeleria Rossy,papelería,74,18.489849,-97.391984,https://mitehuacan.mx/?ruta=24-dina
2,Papeleria Y Regalos Sin Nombre,papelería,75,18.482651,-97.395271,https://mitehuacan.mx/?ruta=24-dina
2,Papeleria El Fenix,papelería,76,18.460123,-97.393428,https://mitehuacan.mx/?ruta=24-dina
2,Papeleria Baul De Vero,papelería,78,18.469863,-97.396335,https://mitehuacan.mx/?ruta=24-dina
2,Papeleria Sin Nombre,papelería,78,18.489567,-97.390213,https://mitehuacan.mx/?ruta=24-dina
2,Papeleria Sin Nombre,papelería,83,18.490981,-97.393224,https://mitehuacan.mx/?ruta=24-dina
2,Papeleria Katy,papelería,85,18.467148,-97.397123,https://mitehuacan.mx/?ruta=24-dina
2,Papeleria Del Valle,papelería,86,18.464667,-97.381704,https://mitehuacan.mx/?ruta=24-dina
2,Papeleria Maymi,papelería,86,18.472821,-97.390539,https://mitehuacan.mx/?ruta=24-dina
2,La Pape,papelería,89,18.470488,-97.392805,https://mitehuacan.mx/?ruta=24-dina
2,Distribuidora Papelera De Tehuacan Dipath Tehuacan,papelería,94,18.464198,-97.397162,https://mitehuacan.mx/?ruta=24-dina
2,Stepwen,papelería,104,18.481473,-97.39321,https://mitehuacan.mx/?ruta=24-dina
2,Papeleria Lucy,papelería,107,18.470153,-97.397825,https://mitehuacan.mx/?ruta=24-dina
2,Papeleria Sin Nombre,papelería,108,18.493756,-97.394082,https://mitehuacan.mx/?ruta=24-dina
2,Papeleria El Trebol,papelería,114,18.465883,-97.390126,https://mitehuacan.mx/?ruta=24-dina
2,Papeleria Crist,papelería,116,18.465889,-97.389461,https://mitehuacan.mx/?ruta=24-dina
2,Papeleria Los Traviezos,papelería,118,18.45955,-97.376525,https://mitehuacan.mx/?ruta=24-dina
2,Papeleria El Rincon Del Papel,papelería,123,18.493908,-97.387435,https://mitehuacan.mx/?ruta=24-dina
2,Papeleria Sin Nombre,papelería,123,18.484533,-97.392585,https://mitehuacan.mx/?ruta=24-dina
2,Papeleria El Trebol,papelería,124,18.460959,-97.392948,https://mitehuacan.mx/?ruta=24-dina
2,Creaciones Pepe,papelería,128,18.457499,-97.389706,https://mitehuacan.mx/?ruta=24-dina
2,Papeleria Gomita,papelería,131,18.465811,-97.382405,https://mitehuacan.mx/?ruta=24-dina
2,Papeleria Y Novedades Kandy Crussh,papelería,131,18.4602,-97.384475,https://mitehuacan.mx/?ruta=24-dina
2,Papeleria Sin Nombre,papelería,132,18.490494,-97.396263,https://mitehuacan.mx/?ruta=24-dina
2,Papeleria Gaby,papelería,134,18.465937,-97.385817,https://mitehuacan.mx/?ruta=24-dina
2,Papeleria Los Angeles,papelería,134,18.465941,-97.386177,https://mitehuacan.mx/?ruta=24-dina
2,Papeleria Ferrari,papelería,140,18.457457,-97.391861,https://mitehuacan.mx/?ruta=24-dina
2,Comercio Al Por Menor De Artículos De Papelería Sin Nombre,papelería,142,18.480494,-97.394339,https://mitehuacan.mx/?ruta=24-dina
2,Papeleria Tary,papelería,147,18.491597,-97.389398,https://mitehuacan.mx/?ruta=24-dina
2,Rs Moda Boutique,ropa,0,18.462989,-97.394521,https://mitehuacan.mx/?ruta=24-dina
2,Tienda De Ropa Sunshine,ropa,0,18.46481,-97.38871,https://mitehuacan.mx/?ruta=24-dina
2,Venta De Ropa Kevin Sport,ropa,0,18.464736,-97.386331,https://mitehuacan.mx/?ruta=24-dina
2,10245 Cuidado Con El Perro,ropa,1,18.462972,-97.394122,https://mitehuacan.mx/?ruta=24-dina
2,Banana Boutique,ropa,1,18.463014,-97.395203,https://mitehuacan.mx/?ruta=24-dina
2,Boutique Are Y Kev,ropa,1,18.464741,-97.386757,https://mitehuacan.mx/?ruta=24-dina
2,Boutique Kiss Me,ropa,1,18.463014,-97.395203,https://mitehuacan.mx/?ruta=24-dina
2,Compra Venta De Ropa Enly Moda,ropa,1,18.464835,-97.390085,https://mitehuacan.mx/?ruta=24-dina
2,Compra Venta De Ropa Jovas Shop,ropa,1,18.464835,-97.390085,https://mitehuacan.mx/?ruta=24-dina
2,Compra Venta De Ropa Y Accesorios Mirandamen Shop,ropa,1,18.464835,-97.390085,https://mitehuacan.mx/?ruta=24-dina
2,Tienda De Ropa El Gran Remate,ropa,1,18.464821,-97.38909,https://mitehuacan.mx/?ruta=24-dina
2,Tienda De Camisas S L B,ropa,2,18.466264,-97.391435,https://mitehuacan.mx/?ruta=24-dina
2,Tienda De Ropa Johans Boutique,ropa,2,18.464828,-97.389706,https://mitehuacan.mx/?ruta=24-dina
2,Tienda De Ropa Sin Nombre,ropa,2,18.464721,-97.385108,https://mitehuacan.mx/?ruta=24-dina
2,Venta De Productos Para Bebe Mimos,ropa,2,18.467105,-97.391426,https://mitehuacan.mx/?ruta=24-dina
2,Venta De Ropa Marometas,ropa,2,18.468707,-97.391403,https://mitehuacan.mx/?ruta=24-dina
2,Bazar De Ropa Sin Nombre,ropa,3,18.467586,-97.39794,https://mitehuacan.mx/?ruta=24-dina
2,Tienda De Ropa B Y B,ropa,3,18.489015,-97.391111,https://mitehuacan.mx/?ruta=24-dina
2,Tienda De Ropa Infinity,ropa,3,18.467405,-97.397947,https://mitehuacan.mx/?ruta=24-dina
2,Tienda De Ropa Sin Nombre,ropa,3,18.4587,-97.392303,https://mitehuacan.mx/?ruta=24-dina
2,Venta De Mochilas Equipajes Y Mochilas Vagabundo,ropa,3,18.45868,-97.39144,https://mitehuacan.mx/?ruta=24-dina
2,Venta De Ropa Modas Capricho,ropa,3,18.458666,-97.391052,https://mitehuacan.mx/?ruta=24-dina
2,Venta De Ropa Sin Nombre,ropa,3,18.458678,-97.391383,https://mitehuacan.mx/?ruta=24-dina
2,Venta De Trajes Medrano,ropa,3,18.463107,-97.397923,https://mitehuacan.mx/?ruta=24-dina
2,Boutique Ella Y El,ropa,4,18.467649,-97.397938,https://mitehuacan.mx/?ruta=24-dina
2,Boutique Sin Nombre,ropa,4,18.46307,-97.396852,https://mitehuacan.mx/?ruta=24-dina
2,Compra Venta De Ropa Para Bebe Sin Nombre,ropa,4,18.458627,-97.389915,https://mitehuacan.mx/?ruta=24-dina
2,Compra Venta De Ropa Para Dama Creaciones Am,ropa,4,18.458619,-97.389744,https://mitehuacan.mx/?ruta=24-dina
2,Infantiles Oscarin,ropa,4,18.463105,-97.397885,https://mitehuacan.mx/?ruta=24-dina
2,Infantiles Pequitas,ropa,4,18.463075,-97.397042,https://mitehuacan.mx/?ruta=24-dina
2,Local De Ropa Yared,ropa,4,18.45872,-97.393004,https://mitehuacan.mx/?ruta=24-dina
2,Medusa Store,ropa,4,18.471756,-97.392214,https://mitehuacan.mx/?ruta=24-dina
2,Novedades El Capis,ropa,4,18.458585,-97.388654,https://mitehuacan.mx/?ruta=24-dina
2,Novedades Yaret,ropa,4,18.475093,-97.394855,https://mitehuacan.mx/?ruta=24-dina
2,Tata Y Lolo Clothes Venta De Ropa,ropa,4,18.466708,-97.397976,https://mitehuacan.mx/?ruta=24-dina
2,Tienda De Ropa Kevin Sport,ropa,4,18.465503,-97.391442,https://mitehuacan.mx/?ruta=24-dina
2,Tienda De Ropa Sin Nombre,ropa,4,18.47734,-97.392738,https://mitehuacan.mx/?ruta=24-dina
2,Venta De Ropa Sin Nombre,ropa,4,18.45859,-97.388749,https://mitehuacan.mx/?ruta=24-dina
2,Boutique Sin Nimbre,ropa,5,18.463603,-97.39813,https://mitehuacan.mx/?ruta=24-dina
2,Boutique Yes,ropa,5,18.462115,-97.394025,https://mitehuacan.mx/?ruta=24-dina
2,Gran Estrella De Oriente,ropa,5,18.462603,-97.394007,https://mitehuacan.mx/?ruta=24-dina
2,Ropa Casual Y De Vestir Sin Nombre,ropa,5,18.472011,-97.391848,https://mitehuacan.mx/?ruta=24-dina
2,Rv Bolsos,ropa,5,18.458724,-97.393156,https://mitehuacan.mx/?ruta=24-dina
2,Tienda De Ropa De Hombre Sin Nombre,ropa,5,18.458559,-97.388114,https://mitehuacan.mx/?ruta=24-dina
2,Tienda De Ropa Nob,ropa,5,18.46387,-97.398117,https://mitehuacan.mx/?ruta=24-dina
2,Tienda De Ropa Sin Nombre,ropa,5,18.458558,-97.388086,https://mitehuacan.mx/?ruta=24-dina
2,Tienda Regalitos,ropa,5,18.471737,-97.392094,https://mitehuacan.mx/?ruta=24-dina
2,Venta De Pantalones De Mezclilla Sin Nombre,ropa,5,18.458528,-97.38748,https://mitehuacan.mx/?ruta=24-dina
2,Venta De Ropa De Dama Sin Nombre,ropa,5,18.458506,-97.387006,https://mitehuacan.mx/?ruta=24-dina
2,Venta De Ropa Para Niño Y Niña Sin Nombre,ropa,5,18.458496,-97.386798,https://mitehuacan.mx/?ruta=24-dina
2,Venta De Ropa Sin Hombre,ropa,5,18.458541,-97.387745,https://mitehuacan.mx/?ruta=24-dina
2,Venta De Ropa Sin Nombre,ropa,5,18.458507,-97.387035,https://mitehuacan.mx/?ruta=24-dina
2,Venta De Ropa Sin Nombre,ropa,5,18.458541,-97.387745,https://mitehuacan.mx/?ruta=24-dina
2,Venta De Ropa Sin Nombre,ropa,5,18.458567,-97.388275,https://mitehuacan.mx/?ruta=24-dina
2,Parisina,ropa,5,18.458668,-97.391732,https://mitehuacan.mx/?ruta=24-dina
2,Boutique Bambu,ropa,6,18.461084,-97.394063,https://mitehuacan.mx/?ruta=24-dina
2,Boutique Good Vibes,ropa,6,18.458751,-97.393955,https://mitehuacan.mx/?ruta=24-dina
2,Boutique Punta Delcielo,ropa,6,18.464417,-97.382595,https://mitehuacan.mx/?ruta=24-dina
2,Tienda De Ropa Moda Zoe,ropa,6,18.471397,-97.392588,https://mitehuacan.mx/?ruta=24-dina
2,Tienda De Ropa Sin Nombre,ropa,6,18.458846,-97.393797,https://mitehuacan.mx/?ruta=24-dina
2,Venta De Ropa Sin Nombres,ropa,6,18.493284,-97.390932,https://mitehuacan.mx/?ruta=24-dina
2,Boutique 4 Estaciones,ropa,7,18.460626,-97.394197,https://mitehuacan.mx/?ruta=24-dina
2,Boutique Paseo Hidalgo,ropa,7,18.45882,-97.393048,https://mitehuacan.mx/?ruta=24-dina
2,Compra Venta De Ropa Hey Lolita,ropa,7,18.463149,-97.396234,https://mitehuacan.mx/?ruta=24-dina
2,Sr Camisa,ropa,7,18.46026,-97.394075,https://mitehuacan.mx/?ruta=24-dina
2,Tienda Cosmeticos Y Topper Sin Nombre,ropa,7,18.463162,-97.396612,https://mitehuacan.mx/?ruta=24-dina
2,Tienda De Ropa Lala & Toto,ropa,7,18.466579,-97.397877,https://mitehuacan.mx/?ruta=24-dina
2,Tienda De Ropa Trapos,ropa,7,18.464907,-97.389561,https://mitehuacan.mx/?ruta=24-dina
2,Venta De Ropa,ropa,7,18.471304,-97.392714,https://mitehuacan.mx/?ruta=24-dina
2,Venta De Ropa Para Caballeros Estilo Y Cultura 238,ropa,7,18.458604,-97.386823,https://mitehuacan.mx/?ruta=24-dina
2,Venta De Ropa Sin Nombre,ropa,7,18.458609,-97.387022,https://mitehuacan.mx/?ruta=24-dina
2,Venta De Ropa Y Juguetes. Sin Nombre,ropa,7,18.471304,-97.392714,https://mitehuacan.mx/?ruta=24-dina
2,Boutique Kiss Me,ropa,8,18.463136,-97.395854,https://mitehuacan.mx/?ruta=24-dina
2,Compra Venta De Ropa Y Tenis De La Calle,ropa,8,18.464927,-97.390682,https://mitehuacan.mx/?ruta=24-dina
2,El Mundo Del Rodeo,ropa,8,18.46703,-97.391323,https://mitehuacan.mx/?ruta=24-dina
2,Tienda De Ropa Infantil Sin Nombre,ropa,8,18.458765,-97.391048,https://mitehuacan.mx/?ruta=24-dina
2,Tienda De Ropa Para Dama Sin Nombre,ropa,8,18.458773,-97.391246,https://mitehuacan.mx/?ruta=24-dina
2,Tienda De Ropa Sin Nombre,ropa,8,18.464613,-97.382445,https://mitehuacan.mx/?ruta=24-dina
2,Uniformes Deportivos Flomar,ropa,8,18.458758,-97.390783,https://mitehuacan.mx/?ruta=24-dina
2,Venta De Ropa Boutique Sin Nombre,ropa,8,18.465025,-97.397944,https://mitehuacan.mx/?ruta=24-dina
2,Venta De Ropa En General Modas Livey,ropa,8,18.458748,-97.390366,https://mitehuacan.mx/?ruta=24-dina
2,Venta De Ropa En General Modas Morales,ropa,8,18.45875,-97.390423,https://mitehuacan.mx/?ruta=24-dina
2,Venta De Ropa Para Caballero Be Rektro,ropa,8,18.45873,-97.38975,https://mitehuacan.mx/?ruta=24-dina
2,Venta De Ropa Para Caballero Y Accesorios Sin Nombre,ropa,8,18.458743,-97.390167,https://mitehuacan.mx/?ruta=24-dina
2,Venta De Ropa Para Dama D Moda,ropa,8,18.458744,-97.390184,https://mitehuacan.mx/?ruta=24-dina
2,Venta De Ropa Para Dama Sin Nombre,ropa,8,18.458767,-97.391105,https://mitehuacan.mx/?ruta=24-dina
2,Venta De Ropa Para Dama Sin Nombre,ropa,8,18.458735,-97.389911,https://mitehuacan.mx/?ruta=24-dina
2,Venta De Ropa Para Dama Y Gorras Yoselin,ropa,8,18.458725,-97.389608,https://mitehuacan.mx/?ruta=24-dina
2,Venta De Ropa Para Hombre Sin Nombre,ropa,8,18.458753,-97.390575,https://mitehuacan.mx/?ruta=24-dina
2,Venta De Ropa Para Niño El Rincon De Los Peques,ropa,8,18.458779,-97.391408,https://mitehuacan.mx/?ruta=24-dina
2,Venta De Ropa Para Niño Y Niña Sin Nombre,ropa,8,18.458701,-97.388878,https://mitehuacan.mx/?ruta=24-dina
2,Venta De Ropa Sin Nombre,ropa,8,18.45877,-97.391181,https://mitehuacan.mx/?ruta=24-dina
2,Venta De Ropa Sin Nombre,ropa,8,18.458726,-97.389646,https://mitehuacan.mx/?ruta=24-dina
2,Venta De Ropa Sin Nombre,ropa,8,18.474478,-97.392701,https://mitehuacan.mx/?ruta=24-dina
2,Venta De Ropa Sin Nombre,ropa,8,18.458739,-97.390044,https://mitehuacan.mx/?ruta=24-dina
2,Venta De Ropa Sin Nombre,ropa,8,18.467338,-97.397845,https://mitehuacan.mx/?ruta=24-dina
2,Venta De Ropa Y Uniformes Azzurri,ropa,8,18.458758,-97.390764,https://mitehuacan.mx/?ruta=24-dina
2,Cuidado con el Perro,ropa,8,18.462895,-97.39418,https://mitehuacan.mx/?ruta=24-dina
2,Boutique Belany,ropa,9,18.462417,-97.394136,https://mitehuacan.mx/?ruta=24-dina
2,Boutique Botox,ropa,9,18.462417,-97.394136,https://mitehuacan.mx/?ruta=24-dina
2,Compra Venta De Ropa Liz Antony,ropa,9,18.466197,-97.391331,https://mitehuacan.mx/?ruta=24-dina
2,Compra Venta De Ropa Mundo Cool,ropa,9,18.466767,-97.391326,https://mitehuacan.mx/?ruta=24-dina
2,Lam Boutique,ropa,9,18.458719,-97.389219,https://mitehuacan.mx/?ruta=24-dina
2,Ross Braa Venta De Ropa Para Dama,ropa,9,18.458719,-97.389209,https://mitehuacan.mx/?ruta=24-dina
2,Venta De Ropa Nahia,ropa,9,18.473591,-97.392728,https://mitehuacan.mx/?ruta=24-dina
2,Venta De Ropa Novedades Cristy,ropa,9,18.45872,-97.389228,https://mitehuacan.mx/?ruta=24-dina
2,Venta De Ropa Para Bebe Infantiles Oscarin,ropa,9,18.463129,-97.395645,https://mitehuacan.mx/?ruta=24-dina
2,Venta De Ropa Sol Mery,ropa,9,18.458738,-97.389996,https://mitehuacan.mx/?ruta=24-dina
2,Dreams Boutique,ropa,10,18.463104,-97.394944,https://mitehuacan.mx/?ruta=24-dina
2,Boutique Effie,ropa,11,18.491913,-97.392747,https://mitehuacan.mx/?ruta=24-dina
2,Diancarlo Boutique,ropa,12,18.467009,-97.39152,https://mitehuacan.mx/?ruta=24-dina
2,Venta De Ropa Para Dama,ropa,12,18.458753,-97.389497,https://mitehuacan.mx/?ruta=24-dina
2,Dannys Fashion Boutique,ropa,13,18.489737,-97.400158,https://mitehuacan.mx/?ruta=24-dina
2,Uniformes Abraham,ropa,13,18.458801,-97.390755,https://mitehuacan.mx/?ruta=24-dina
2,Venta De Playeras Sin Nombre,ropa,13,18.460759,-97.386171,https://mitehuacan.mx/?ruta=24-dina
2,Venta De Mochilas Sin Nombre,ropa,14,18.458768,-97.389392,https://mitehuacan.mx/?ruta=24-dina
2,Compra Venta De Ropa Interior Dulce Tentacion,ropa,15,18.458509,-97.38952,https://mitehuacan.mx/?ruta=24-dina
2,Tienda De Ropa Selah,ropa,15,18.464966,-97.389266,https://mitehuacan.mx/?ruta=24-dina
2,Venta De Ropa Stylus Moda Casual,ropa,16,18.467175,-97.397777,https://mitehuacan.mx/?ruta=24-dina
2,Venta De Ropa De Caballero Sin Nombre,ropa,18,18.458846,-97.390755,https://mitehuacan.mx/?ruta=24-dina
2,Venta De Ropa Para Niño Y Niña Interior Y Exterior Leon De J,ropa,18,18.458843,-97.39067,https://mitehuacan.mx/?ruta=24-dina
2,Almacenes Garcia/ Cuidado con el Perro,ropa,18,18.462823,-97.394482,https://mitehuacan.mx/?ruta=24-dina
2,Venta De Ropa Para Caballeros Batashermen,ropa,21,18.46494,-97.386945,https://mitehuacan.mx/?ruta=24-dina
2,Venta De Ropa Sin Nombre,ropa,22,18.460676,-97.385842,https://mitehuacan.mx/?ruta=24-dina
2,Venta De Ropa Sin Nombre,ropa,22,18.493783,-97.388398,https://mitehuacan.mx/?ruta=24-dina
2,Compra Venta De Ropa Para Dama Novedades Angeles,ropa,23,18.458459,-97.390239,https://mitehuacan.mx/?ruta=24-dina
2,Venta De Ropa En General El Divino Niño,ropa,23,18.458889,-97.390669,https://mitehuacan.mx/?ruta=24-dina
2,Venta De Ropa Para Caballero Moda Para Ti,ropa,23,18.458852,-97.389495,https://mitehuacan.mx/?ruta=24-dina
2,Venta De Ropa Pekes,ropa,23,18.458605,-97.394127,https://mitehuacan.mx/?ruta=24-dina
2,Venta De Ropa Sin Nombre,ropa,25,18.458909,-97.390754,https://mitehuacan.mx/?ruta=24-dina
2,Venta De Ropa Para Dama Queen Fashion,ropa,26,18.458916,-97.390669,https://mitehuacan.mx/?ruta=24-dina
2,Tienda De Ropa Shein,ropa,28,18.458451,-97.39147,https://mitehuacan.mx/?ruta=24-dina
2,Optima,ropa,28,18.463048,-97.393799,https://mitehuacan.mx/?ruta=24-dina
2,2227 Tehuacan,ropa,29,18.463066,-97.393793,https://mitehuacan.mx/?ruta=24-dina
2,Venta De Ropa Modas Eben Ezer,ropa,29,18.458945,-97.390754,https://mitehuacan.mx/?ruta=24-dina
2,Venta De Ropa Para Dama Shanka,ropa,29,18.462952,-97.393773,https://mitehuacan.mx/?ruta=24-dina
2,Venta De Ropa Sin Nombre,ropa,29,18.458551,-97.394127,https://mitehuacan.mx/?ruta=24-dina
2,Venta De Ropa Y Refresco,ropa,30,18.458916,-97.389494,https://mitehuacan.mx/?ruta=24-dina
2,Boutique D Perlas,ropa,31,18.461971,-97.394384,https://mitehuacan.mx/?ruta=24-dina
2,Boutique Malila,ropa,37,18.463429,-97.39644,https://mitehuacan.mx/?ruta=24-dina
2,Tienda De Ropa Sin Nombre,ropa,37,18.463232,-97.398459,https://mitehuacan.mx/?ruta=24-dina
2,Boutique Novedades Mary,ropa,39,18.464513,-97.391347,https://mitehuacan.mx/?ruta=24-dina
2,Venta De Ropa Shein,ropa,39,18.4582,-97.387113,https://mitehuacan.mx/?ruta=24-dina
2,Venta De Ropa Sin Nombre,ropa,39,18.469187,-97.398212,https://mitehuacan.mx/?ruta=24-dina
2,El Boton,ropa,40,18.460977,-97.393745,https://mitehuacan.mx/?ruta=24-dina
2,Venta De Jeans Darling,ropa,40,18.458381,-97.392721,https://mitehuacan.mx/?ruta=24-dina
2,Diseños Moem,ropa,42,18.46171,-97.393701,https://mitehuacan.mx/?ruta=24-dina
2,Venta De Ropa De Niño Y Niña Novedades Nicol,ropa,42,18.459061,-97.390669,https://mitehuacan.mx/?ruta=24-dina
2,Venta De Ropa Sin Nombre,ropa,42,18.459084,-97.391444,https://mitehuacan.mx/?ruta=24-dina
2,Venta De Ropa De Dama Sin Nombre,ropa,43,18.459072,-97.390754,https://mitehuacan.mx/?ruta=24-dina
2,Venta De Ropa Sin Nombre,ropa,43,18.459072,-97.390754,https://mitehuacan.mx/?ruta=24-dina
2,Modas Morales,ropa,44,18.459081,-97.390754,https://mitehuacan.mx/?ruta=24-dina
2,Venta De Ropa Infantil,ropa,44,18.459081,-97.390754,https://mitehuacan.mx/?ruta=24-dina
2,Boutique Bremed,ropa,46,18.464414,-97.389279,https://mitehuacan.mx/?ruta=24-dina
2,Dc Jeans,ropa,47,18.475339,-97.396131,https://mitehuacan.mx/?ruta=24-dina
2,Venta De Ropa Para Dama Sin Nombre,ropa,47,18.459142,-97.391557,https://mitehuacan.mx/?ruta=24-dina
2,Men S Boutique Venta De Ropa Exterior De Caballero,ropa,48,18.464435,-97.391452,https://mitehuacan.mx/?ruta=24-dina
2,Novedades Importadora H Y F,ropa,48,18.464676,-97.382064,https://mitehuacan.mx/?ruta=24-dina
2,Venta De Ropa De Bebe Sin Nombre,ropa,51,18.459145,-97.390753,https://mitehuacan.mx/?ruta=24-dina
2,Tienda De Ropa El Boton Del Ahorro,ropa,52,18.460974,-97.393626,https://mitehuacan.mx/?ruta=24-dina
2,Venta De Cinturones Sin Nombre,ropa,53,18.45916,-97.390668,https://mitehuacan.mx/?ruta=24-dina
2,Compra Venta De Ropa Para Niños Kiddies,ropa,55,18.458147,-97.389523,https://mitehuacan.mx/?ruta=24-dina
2,Venta De Playeras Sin Nombre,ropa,55,18.459178,-97.390668,https://mitehuacan.mx/?ruta=24-dina
2,Venta Deropa,ropa,56,18.45919,-97.390753,https://mitehuacan.mx/?ruta=24-dina
2,Boutique Chalitas,ropa,58,18.458875,-97.394745,https://mitehuacan.mx/?ruta=24-dina
2,Venta De Vestidos Infantiles Britany,ropa,58,18.459206,-97.390668,https://mitehuacan.mx/?ruta=24-dina
2,L. G. Viste A La Moda Boutique,ropa,60,18.461706,-97.39353,https://mitehuacan.mx/?ruta=24-dina
2,Ropa Americana Colibri Clothes,ropa,60,18.471292,-97.393739,https://mitehuacan.mx/?ruta=24-dina
2,Venta De Ropa Infantil Key Fashion,ropa,61,18.459235,-97.390753,https://mitehuacan.mx/?ruta=24-dina
2,Bodega De Ropa Sin Nombre,ropa,62,18.45836,-97.385559,https://mitehuacan.mx/?ruta=24-dina
2,Boutique Paty,ropa,62,18.458876,-97.394783,https://mitehuacan.mx/?ruta=24-dina
2,Modas Para,ropa,63,18.459253,-97.390753,https://mitehuacan.mx/?ruta=24-dina
2,Tienda De Ropa Mode Star,ropa,63,18.45928,-97.391554,https://mitehuacan.mx/?ruta=24-dina
2,Bodega De Ropa Sin Nombre,ropa,64,18.458315,-97.385559,https://mitehuacan.mx/?ruta=24-dina
2,Bella Boutique,ropa,66,18.460144,-97.393521,https://mitehuacan.mx/?ruta=24-dina
2,Inari Boutique,ropa,66,18.460126,-97.393522,https://mitehuacan.mx/?ruta=24-dina
2,Boutique De Ropa Alegria,ropa,67,18.469139,-97.392018,https://mitehuacan.mx/?ruta=24-dina
2,Tienda Mmh,ropa,67,18.460505,-97.393495,https://mitehuacan.mx/?ruta=24-dina
2,Moda Sofy,ropa,68,18.462017,-97.384931,https://mitehuacan.mx/?ruta=24-dina
2,Tienda De Ropa Bella Sulamita,ropa,68,18.464251,-97.39135,https://mitehuacan.mx/?ruta=24-dina
2,Tienda De Ropa De Dama Sin Nombre,ropa,68,18.45933,-97.391553,https://mitehuacan.mx/?ruta=24-dina
2,Venta De Accesorios De Piel A.P Arte Piel,ropa,71,18.462939,-97.393375,https://mitehuacan.mx/?ruta=24-dina
2,Boutique Lobo,ropa,72,18.460998,-97.394806,https://mitehuacan.mx/?ruta=24-dina
2,Tienda De Bolsas Y Mochilas Mb,ropa,73,18.459365,-97.391439,https://mitehuacan.mx/?ruta=24-dina
2,Venta De Ropa Para Dama Y Caballero Sin Nombre,ropa,74,18.458531,-97.385421,https://mitehuacan.mx/?ruta=24-dina
2,Tienda De Ropa Sin Nombre,ropa,77,18.465138,-97.398737,https://mitehuacan.mx/?ruta=24-dina
2,Venta De Ropa Sin Nombre,ropa,77,18.465404,-97.385242,https://mitehuacan.mx/?ruta=24-dina
2,Venta De Ropa Infantil,ropa,78,18.459389,-97.390752,https://mitehuacan.mx/?ruta=24-dina
2,Venta De Uniformes Escolares Sin Nombre,ropa,80,18.459407,-97.390752,https://mitehuacan.mx/?ruta=24-dina
2,Adiccion Jeans,ropa,81,18.458448,-97.385357,https://mitehuacan.mx/?ruta=24-dina
2,Boutique Exodo,ropa,82,18.461777,-97.393319,https://mitehuacan.mx/?ruta=24-dina
2,Janekos Moda,ropa,82,18.472363,-97.395638,https://mitehuacan.mx/?ruta=24-dina
2,Venta De Ropa Sin Nombre,ropa,83,18.465447,-97.38461,https://mitehuacan.mx/?ruta=24-dina
2,Winik Tienda De Ropa Para Caballero,ropa,85,18.457965,-97.392444,https://mitehuacan.mx/?ruta=24-dina
2,Allez-Ca Boutique,ropa,86,18.461368,-97.39329,https://mitehuacan.mx/?ruta=24-dina
2,"Comercio Al Por Menor De Ropa, Excepto De Bebé Y Lencería Si",ropa,86,18.469956,-97.397949,https://mitehuacan.mx/?ruta=24-dina
2,Creaciones Diana,ropa,86,18.461232,-97.393292,https://mitehuacan.mx/?ruta=24-dina
2,Tienda De Ropa De Uso Sin Nombre,ropa,86,18.481322,-97.396095,https://mitehuacan.mx/?ruta=24-dina
2,Aitana Boutique,ropa,87,18.457982,-97.393297,https://mitehuacan.mx/?ruta=24-dina
2,Tienda De Ropa Sin Nombre,ropa,87,18.458879,-97.39502,https://mitehuacan.mx/?ruta=24-dina
2,Tienda De Ropa Sin Nombre,ropa,88,18.463965,-97.387042,https://mitehuacan.mx/?ruta=24-dina
2,Tienda De Ropa Sin Nombre,ropa,89,18.470488,-97.392805,https://mitehuacan.mx/?ruta=24-dina
2,Venta De Calcetines Y Ropa Interior Sin Nombre,ropa,89,18.470488,-97.392805,https://mitehuacan.mx/?ruta=24-dina
2,Venta De Ropa Exterior Para Caballero Casual Alducin,ropa,89,18.470488,-97.392805,https://mitehuacan.mx/?ruta=24-dina
2,Venta De Ropa De Segunda Mano Sin Nombre,ropa,91,18.461647,-97.37673,https://mitehuacan.mx/?ruta=24-dina
2,Venta De Ropa Americana Y Decoracion Con.Amorteh,ropa,92,18.457697,-97.386651,https://mitehuacan.mx/?ruta=24-dina
2,Venta De Tines Y Ropa Interior,ropa,92,18.459513,-97.390666,https://mitehuacan.mx/?ruta=24-dina
2,Tienda De Ropa Anis Butique,ropa,93,18.465594,-97.387017,https://mitehuacan.mx/?ruta=24-dina
2,Venta De Cinturones Cinturon Casual,ropa,95,18.45954,-97.390666,https://mitehuacan.mx/?ruta=24-dina
2,Venta De Ropa De Hombre Sin Nombre,ropa,97,18.460706,-97.38697,https://mitehuacan.mx/?ruta=24-dina
2,Venta De Ropa Creaciones En Tu Moda,ropa,98,18.459567,-97.390666,https://mitehuacan.mx/?ruta=24-dina
2,Adeykat Venta De Ropa Y Accesorios,ropa,99,18.470398,-97.392808,https://mitehuacan.mx/?ruta=24-dina
2,Modas Nicole,ropa,99,18.459579,-97.390751,https://mitehuacan.mx/?ruta=24-dina
2,El Corcel De Oro,ropa,101,18.459597,-97.390751,https://mitehuacan.mx/?ruta=24-dina
2,Venta De Ropa Sin Nombre,ropa,102,18.459567,-97.389484,https://mitehuacan.mx/?ruta=24-dina
2,Ferma Uniformes,ropa,105,18.457767,-97.391581,https://mitehuacan.mx/?ruta=24-dina
2,Venta De Ropa De Dama Sin Nombre,ropa,105,18.459595,-97.389484,https://mitehuacan.mx/?ruta=24-dina
2,Venta De Ropa Para Dama Y Caballero,ropa,105,18.459654,-97.391433,https://mitehuacan.mx/?ruta=24-dina
2,Tienda De Ropa Infantil Sin Nombre,ropa,106,18.464053,-97.396417,https://mitehuacan.mx/?ruta=24-dina
2,Venta De Ropa Juvenil Para Dama Sin Nombre,ropa,106,18.459601,-97.389382,https://mitehuacan.mx/?ruta=24-dina
2,Venta De Uniformes Escolares Azul Garflo,ropa,106,18.460552,-97.387058,https://mitehuacan.mx/?ruta=24-dina
2,Venta De Ropa Fina Para Dama Sin Nombre,ropa,107,18.459649,-97.390666,https://mitehuacan.mx/?ruta=24-dina
2,Venta De Ropa Sin Nombre,ropa,107,18.46021,-97.385052,https://mitehuacan.mx/?ruta=24-dina
2,Venta De Bolsas Y Mochilas Zie 3,ropa,108,18.462013,-97.395104,https://mitehuacan.mx/?ruta=24-dina
2,Boutique Zaure,ropa,109,18.462098,-97.396296,https://mitehuacan.mx/?ruta=24-dina
2,Venta De Articulos De Piel Credipiel,ropa,109,18.462093,-97.396192,https://mitehuacan.mx/?ruta=24-dina
2,Venta De Pasteles Sin Nombre,ropa,109,18.48138,-97.393113,https://mitehuacan.mx/?ruta=24-dina
2,Venta De Ropa Sin Nombre,ropa,109,18.461403,-97.387035,https://mitehuacan.mx/?ruta=24-dina
2,Venta De Ropa Sin Nombre,ropa,109,18.460065,-97.385062,https://mitehuacan.mx/?ruta=24-dina
2,Tienda De Bolsas Y Mochilas Eva,ropa,111,18.459709,-97.391432,https://mitehuacan.mx/?ruta=24-dina
2,Tienda De Ropa Infantil Sin Nombre,ropa,111,18.459709,-97.391432,https://mitehuacan.mx/?ruta=24-dina
2,Venta De Ropa Para Dama,ropa,111,18.458382,-97.385083,https://mitehuacan.mx/?ruta=24-dina
2,Venta De Ropa Sin Nombre,ropa,111,18.4584,-97.385082,https://mitehuacan.mx/?ruta=24-dina
2,Supreme Destroyer Venta De Ropa Casual,ropa,112,18.458897,-97.385053,https://mitehuacan.mx/?ruta=24-dina
2,Venta De Uniformes De Enfermeria Sin Nombre,ropa,113,18.466857,-97.39033,https://mitehuacan.mx/?ruta=24-dina
2,Venta De Ropa Friducha,ropa,114,18.467491,-97.398996,https://mitehuacan.mx/?ruta=24-dina
2,Uniformes Escolares Galardon,ropa,115,18.466561,-97.396854,https://mitehuacan.mx/?ruta=24-dina
2,Venta De Ropa,ropa,115,18.459724,-97.390751,https://mitehuacan.mx/?ruta=24-dina
2,Venta De Ropa Para Dama Newconcept,ropa,116,18.461296,-97.387111,https://mitehuacan.mx/?ruta=24-dina
2,Novedades Aly,ropa,117,18.46096,-97.393014,https://mitehuacan.mx/?ruta=24-dina
2,Venta De Ropa De Dama,ropa,117,18.459763,-97.391431,https://mitehuacan.mx/?ruta=24-dina
2,Venta De Ropa Sin Nombre,ropa,118,18.457486,-97.387144,https://mitehuacan.mx/?ruta=24-dina
2,Venta De Ropa Infantil Sin Nombre,ropa,120,18.459767,-97.390665,https://mitehuacan.mx/?ruta=24-dina
2,Venta De Ropa De Bebe Sin Nombre,ropa,122,18.459787,-97.39075,https://mitehuacan.mx/?ruta=24-dina
2,Faith And Love Boutique,ropa,123,18.464082,-97.394092,https://mitehuacan.mx/?ruta=24-dina
2,Venta De Ropa Interior Sin Nombre,ropa,123,18.458423,-97.38496,https://mitehuacan.mx/?ruta=24-dina
2,De Todo Punto.Com,ropa,124,18.462026,-97.398206,https://mitehuacan.mx/?ruta=24-dina
2,El Machetazo,ropa,124,18.459806,-97.39075,https://mitehuacan.mx/?ruta=24-dina
2,Venta De Ropa Y Estanteria Sin Nombre,ropa,124,18.457396,-97.386019,https://mitehuacan.mx/?ruta=24-dina
2,Venta De Ropa Infantil Luce Diseños Infantiles,ropa,125,18.465147,-97.399192,https://mitehuacan.mx/?ruta=24-dina
2,Venta De Ropa Para Dama Creaciones Mariyer,ropa,126,18.459844,-97.39143,https://mitehuacan.mx/?ruta=24-dina
2,La Barata,ropa,127,18.459833,-97.39075,https://mitehuacan.mx/?ruta=24-dina
2,Venta De Ropa Sin Nombre,ropa,128,18.458421,-97.384912,https://mitehuacan.mx/?ruta=24-dina
2,Boutique Alpha Mens,ropa,129,18.463624,-97.393043,https://mitehuacan.mx/?ruta=24-dina
2,Boutique Cherry Bomb,ropa,129,18.463624,-97.393043,https://mitehuacan.mx/?ruta=24-dina
2,Compra Venta De Ropa Para Dama I Love Shopping,ropa,129,18.463624,-97.393043,https://mitehuacan.mx/?ruta=24-dina
2,Ropa Y Maquillaje Rosa Pastel,ropa,129,18.461932,-97.396483,https://mitehuacan.mx/?ruta=24-dina
2,Tienda De Ropa Unisex El Armario De Hanna,ropa,129,18.463624,-97.393043,https://mitehuacan.mx/?ruta=24-dina
2,Venta De Ropa Sin Nombre,ropa,129,18.460719,-97.387273,https://mitehuacan.mx/?ruta=24-dina
2,Venta De Ropa Sin Nombre,ropa,129,18.457558,-97.391981,https://mitehuacan.mx/?ruta=24-dina
2,Mochilas Alex,ropa,130,18.464133,-97.393932,https://mitehuacan.mx/?ruta=24-dina
2,Venta De Ropa Para Hombre Novedades Martinez,ropa,130,18.459821,-97.389481,https://mitehuacan.mx/?ruta=24-dina
2,Venta De Ropa Para Adulto,ropa,131,18.459869,-97.39075,https://mitehuacan.mx/?ruta=24-dina
2,Venta De Ropa De Mezclilla Sin Nombre,ropa,132,18.457795,-97.385128,https://mitehuacan.mx/?ruta=24-dina
2,Venta De Ropa Usada,ropa,132,18.46348,-97.384049,https://mitehuacan.mx/?ruta=24-dina
2,Brio Tehuacan,ropa,134,18.460957,-97.392853,https://mitehuacan.mx/?ruta=24-dina
2,Lau Boutique,ropa,134,18.465049,-97.399281,https://mitehuacan.mx/?ruta=24-dina
2,Venta De Ropa Sin Nombre Camisas Palesaye,ropa,134,18.457453,-97.385507,https://mitehuacan.mx/?ruta=24-dina
2,Venta De Calcetas Tamy Shop,ropa,135,18.466943,-97.390128,https://mitehuacan.mx/?ruta=24-dina
2,Boutique Valery,ropa,136,18.463723,-97.393039,https://mitehuacan.mx/?ruta=24-dina
2,Erss Moda En Piel,ropa,137,18.463825,-97.393111,https://mitehuacan.mx/?ruta=24-dina
2,Venta De Ropa Para Dama,ropa,138,18.459932,-97.39075,https://mitehuacan.mx/?ruta=24-dina
2,Tienda De Ropa Sin Nombre,ropa,139,18.457434,-97.390856,https://mitehuacan.mx/?ruta=24-dina
2,Uniformes Premier,ropa,139,18.457447,-97.391377,https://mitehuacan.mx/?ruta=24-dina
2,Venta De Ropa Para Mujer Sin Nombre,ropa,139,18.457686,-97.385137,https://mitehuacan.mx/?ruta=24-dina
2,Tienda De Ropa Aditivo,ropa,140,18.459971,-97.391427,https://mitehuacan.mx/?ruta=24-dina
2,Tienda De Ropa Para Caballero,ropa,140,18.457468,-97.392439,https://mitehuacan.mx/?ruta=24-dina
2,Venta De Ropa,ropa,140,18.490969,-97.399326,https://mitehuacan.mx/?ruta=24-dina
2,Venta De Ropa Para Bebe,ropa,141,18.459959,-97.39075,https://mitehuacan.mx/?ruta=24-dina
2,Venta De Ropa Sin Nombre,ropa,141,18.45765,-97.385139,https://mitehuacan.mx/?ruta=24-dina
2,Tienda De Ropa Bella Thany,ropa,142,18.462703,-97.385593,https://mitehuacan.mx/?ruta=24-dina
2,Venta De Ropa Para Caballero Modas Fikshion,ropa,142,18.459937,-97.389624,https://mitehuacan.mx/?ruta=24-dina
2,Venta De Trajes Quali,ropa,142,18.460021,-97.39244,https://mitehuacan.mx/?ruta=24-dina
2,La Boutique,ropa,143,18.462688,-97.385006,https://mitehuacan.mx/?ruta=24-dina
2,Novedades Aldo,ropa,143,18.459977,-97.390749,https://mitehuacan.mx/?ruta=24-dina
2,Compra Venta De Ropa Para Dama Sin Nombre,ropa,145,18.463522,-97.389425,https://mitehuacan.mx/?ruta=24-dina
2,Venta De Ropa Para Caballero Sin Nombre,ropa,145,18.457596,-97.385144,https://mitehuacan.mx/?ruta=24-dina
2,Ropa Para Bebe,ropa,146,18.460005,-97.390749,https://mitehuacan.mx/?ruta=24-dina
2,Compra Y Venta De Ropa Sin Nombre,ropa,147,18.457311,-97.389431,https://mitehuacan.mx/?ruta=24-dina
2,Moda Rebel,ropa,147,18.460014,-97.390749,https://mitehuacan.mx/?ruta=24-dina
2,Tienda De Ropa Malkia,ropa,148,18.474339,-97.391378,https://mitehuacan.mx/?ruta=24-dina
2,Venta De Ropa Sin Nombre,ropa,148,18.457551,-97.385147,https://mitehuacan.mx/?ruta=24-dina
2,Venta De Ropa Sin Nombre,ropa,149,18.457542,-97.385148,https://mitehuacan.mx/?ruta=24-dina
2,Calzado Por Catalogo,zapatería,3,18.4587,-97.392303,https://mitehuacan.mx/?ruta=24-dina
2,Cklass,zapatería,3,18.458878,-97.394228,https://mitehuacan.mx/?ruta=24-dina
2,Reparadora De Calzado Hidalgo,zapatería,3,18.458698,-97.392199,https://mitehuacan.mx/?ruta=24-dina
2,Zapateria Ana Maria,zapatería,3,18.458643,-97.390369,https://mitehuacan.mx/?ruta=24-dina
2,Zapaterias Ros Fer,zapatería,5,18.458508,-97.387063,https://mitehuacan.mx/?ruta=24-dina
2,Renovadora De Calzado Zaragoza,zapatería,7,18.466316,-97.397889,https://mitehuacan.mx/?ruta=24-dina
2,Reparadora De Calzado Sin Nombre,zapatería,7,18.489522,-97.397583,https://mitehuacan.mx/?ruta=24-dina
2,Venta De Calzado Por Catalogo Emeva Multimarcas,zapatería,7,18.460297,-97.394075,https://mitehuacan.mx/?ruta=24-dina
2,Zapateria Pachikitos,zapatería,7,18.458807,-97.392631,https://mitehuacan.mx/?ruta=24-dina
2,Calzado Por Catalogo,zapatería,8,18.464934,-97.391097,https://mitehuacan.mx/?ruta=24-dina
2,Renovadora De Calzado Puebla Ii,zapatería,8,18.458755,-97.39065,https://mitehuacan.mx/?ruta=24-dina
2,Venta De Tenis Juquilita,zapatería,8,18.458796,-97.392157,https://mitehuacan.mx/?ruta=24-dina
2,Zapateria Ana Maria,zapatería,8,18.45878,-97.391446,https://mitehuacan.mx/?ruta=24-dina
2,Zapateria Leoneza,zapatería,8,18.458703,-97.388906,https://mitehuacan.mx/?ruta=24-dina
2,Zapateria Soperanez,zapatería,8,18.458763,-97.390973,https://mitehuacan.mx/?ruta=24-dina
2,Zapateria Tres Hermanos,zapatería,9,18.462958,-97.393962,https://mitehuacan.mx/?ruta=24-dina
2,Zapateria Montana,zapatería,10,18.469491,-97.391287,https://mitehuacan.mx/?ruta=24-dina
2,3 Hermanos,zapatería,11,18.462834,-97.39394,https://mitehuacan.mx/?ruta=24-dina
2,Zapateria Elite,zapatería,14,18.463081,-97.393993,https://mitehuacan.mx/?ruta=24-dina
2,Zapaterías Elite,zapatería,16,18.463095,-97.39398,https://mitehuacan.mx/?ruta=24-dina
2,Reparadora De Calzado Atlas,zapatería,20,18.489475,-97.400164,https://mitehuacan.mx/?ruta=24-dina
2,Reparadora De Calzado El Venado,zapatería,21,18.46464,-97.389275,https://mitehuacan.mx/?ruta=24-dina
2,Venta De Tenis Juquilita,zapatería,23,18.458891,-97.390755,https://mitehuacan.mx/?ruta=24-dina
2,Zapateria Zona Confort,zapatería,25,18.458966,-97.392519,https://mitehuacan.mx/?ruta=24-dina
2,Zapateria Lazos,zapatería,32,18.464863,-97.391735,https://mitehuacan.mx/?ruta=24-dina
2,Zapateria Aurora Cepeda,zapatería,34,18.459083,-97.393485,https://mitehuacan.mx/?ruta=24-dina
2,Alcala Sucesores Huaracheria,zapatería,36,18.460672,-97.385709,https://mitehuacan.mx/?ruta=24-dina
2,Cklass,zapatería,36,18.458877,-97.394541,https://mitehuacan.mx/?ruta=24-dina
2,Baby Buchin,zapatería,37,18.459113,-97.393578,https://mitehuacan.mx/?ruta=24-dina
2,Zapateria C Klass,zapatería,37,18.458874,-97.394548,https://mitehuacan.mx/?ruta=24-dina
2,Shoes Collection Pakar,zapatería,39,18.462083,-97.394444,https://mitehuacan.mx/?ruta=24-dina
2,Reparacion De Calzado Ramon,zapatería,43,18.461073,-97.376347,https://mitehuacan.mx/?ruta=24-dina
2,Zapateria Eduars,zapatería,43,18.459072,-97.390754,https://mitehuacan.mx/?ruta=24-dina
2,Coppel Calzado Independencia 589,zapatería,53,18.462945,-97.393542,https://mitehuacan.mx/?ruta=24-dina
2,Zapateria 3 Hermanos,zapatería,61,18.459233,-97.390668,https://mitehuacan.mx/?ruta=24-dina
2,Nm Zapateria,zapatería,63,18.463526,-97.393984,https://mitehuacan.mx/?ruta=24-dina
2,Taller De Calzado 3 Hermanos,zapatería,66,18.458146,-97.392725,https://mitehuacan.mx/?ruta=24-dina
2,Venta De Bolsas Y Zapatos Christian Boutique,zapatería,68,18.465136,-97.398652,https://mitehuacan.mx/?ruta=24-dina
2,Fabricas De Calzado Andrea Suc Tehuacan,zapatería,76,18.460238,-97.393419,https://mitehuacan.mx/?ruta=24-dina
2,Pakar Al Costo,zapatería,83,18.459457,-97.391437,https://mitehuacan.mx/?ruta=24-dina
2,Shoes Collection Pakar,zapatería,84,18.459472,-97.391437,https://mitehuacan.mx/?ruta=24-dina
2,Reparacion De Calzado Veracruz,zapatería,89,18.470488,-97.392805,https://mitehuacan.mx/?ruta=24-dina
2,Pakar Zapateria,zapatería,105,18.463041,-97.393057,https://mitehuacan.mx/?ruta=24-dina
2,Reparadora De Calzado Mavelu,zapatería,106,18.460606,-97.387056,https://mitehuacan.mx/?ruta=24-dina
2,Zapaterías PAKAR,zapatería,106,18.463009,-97.39304,https://mitehuacan.mx/?ruta=24-dina
2,Tehuacan,zapatería,108,18.46304,-97.393029,https://mitehuacan.mx/?ruta=24-dina
2,Zapateria Los 3 Charros,zapatería,115,18.461647,-97.387032,https://mitehuacan.mx/?ruta=24-dina
2,Reparadora De Calzado El Venadito Express,zapatería,116,18.463793,-97.389416,https://mitehuacan.mx/?ruta=24-dina
2,Calzado Lizing,zapatería,118,18.45955,-97.376525,https://mitehuacan.mx/?ruta=24-dina
2,Real Zapateria,zapatería,120,18.459796,-97.391431,https://mitehuacan.mx/?ruta=24-dina
2,Zapateria Gloria,zapatería,120,18.46496,-97.392567,https://mitehuacan.mx/?ruta=24-dina
2,Parque,zapatería,121,18.463036,-97.392901,https://mitehuacan.mx/?ruta=24-dina
2,Zapatera Outlet,zapatería,122,18.461993,-97.396563,https://mitehuacan.mx/?ruta=24-dina
2,Reparadora De Calzado California,zapatería,124,18.465968,-97.389763,https://mitehuacan.mx/?ruta=24-dina
2,Zapateria Sport Shoes,zapatería,124,18.459763,-97.38938,https://mitehuacan.mx/?ruta=24-dina
2,Zapaterias Arther,zapatería,124,18.459803,-97.390665,https://mitehuacan.mx/?ruta=24-dina
2,Venta De Articulos Para Calzado Sin Nombre,zapatería,135,18.459871,-97.389579,https://mitehuacan.mx/?ruta=24-dina
2,Zapaterias El Reventon,zapatería,138,18.45993,-97.390665,https://mitehuacan.mx/?ruta=24-dina
2,Reparacion De Calzado El Chavo,zapatería,139,18.467129,-97.396611,https://mitehuacan.mx/?ruta=24-dina
2,Zapateria Cruzitos,zapatería,141,18.459923,-97.389378,https://mitehuacan.mx/?ruta=24-dina
2,Bodega De Calzado Sin Nombre,zapatería,142,18.457227,-97.386106,https://mitehuacan.mx/?ruta=24-dina
2,Zapateria Mayfer,zapatería,142,18.460024,-97.392568,https://mitehuacan.mx/?ruta=24-dina
2,Zapateria Olaya,zapatería,145,18.461786,-97.39658,https://mitehuacan.mx/?ruta=24-dina
2,Zapateria Arther,zapatería,147,18.460955,-97.39273,https://mitehuacan.mx/?ruta=24-dina
2,Venta De Agujetas Y Plantillas Sin Nombre,zapatería,150,18.457533,-97.385148,https://mitehuacan.mx/?ruta=24-dina
3,Bolsas Y Accesorios Egos Longinos,accesorios,1,18.46485,-97.39091,https://mitehuacan.mx/?ruta=24-dina
3,Amayukis,accesorios,2,18.460994,-97.378809,https://mitehuacan.mx/?ruta=24-dina
3,Bisuteria Ar,accesorios,2,18.464825,-97.389516,https://mitehuacan.mx/?ruta=24-dina
3,Centro Comercial Casa China,accesorios,3,18.458658,-97.39073,https://mitehuacan.mx/?ruta=24-dina
3,Venta De Bisuteria Y Novedades Sarang,accesorios,3,18.458651,-97.390568,https://mitehuacan.mx/?ruta=24-dina
3,Novedades Lin,accesorios,4,18.458669,-97.39147,https://mitehuacan.mx/?ruta=24-dina
3,Plateria Gisel,accesorios,4,18.466383,-97.39799,https://mitehuacan.mx/?ruta=24-dina
3,Venta De Accesorios Para Niña,accesorios,4,18.458724,-97.393128,https://mitehuacan.mx/?ruta=24-dina
3,Tienda Bisuteria Y Cosmeticos Sin Nombre,accesorios,5,18.458544,-97.387792,https://mitehuacan.mx/?ruta=24-dina
3,Tienda De Maquillaje Mundo Mujer Centro Mayorista,accesorios,5,18.458539,-97.387698,https://mitehuacan.mx/?ruta=24-dina
3,Venta De Bisuteria Manuela Conplemento De Bisuteria,accesorios,5,18.458536,-97.387641,https://mitehuacan.mx/?ruta=24-dina
3,Venta De Gorras. Gorras Angelito,accesorios,5,18.458503,-97.386949,https://mitehuacan.mx/?ruta=24-dina
3,Mas Bella Accesorios De Dama,accesorios,6,18.461952,-97.394031,https://mitehuacan.mx/?ruta=24-dina
3,Venta De Chucherias Farez Bazar,accesorios,6,18.464776,-97.389273,https://mitehuacan.mx/?ruta=24-dina
3,Bisuteria Michelle,accesorios,7,18.461657,-97.394166,https://mitehuacan.mx/?ruta=24-dina
3,Amatista Bisuteria,accesorios,8,18.466125,-97.391332,https://mitehuacan.mx/?ruta=24-dina
3,Chacharitas Yael,accesorios,8,18.458712,-97.389058,https://mitehuacan.mx/?ruta=24-dina
3,Novedades La Hormiguita,accesorios,8,18.489451,-97.397017,https://mitehuacan.mx/?ruta=24-dina
3,Venta De Accesorios Naimi,accesorios,8,18.467402,-97.397843,https://mitehuacan.mx/?ruta=24-dina
3,Venta De Mochilas Y Bolsas Sin Nombre,accesorios,8,18.458793,-97.391996,https://mitehuacan.mx/?ruta=24-dina
3,Gorras Y Playeras El Chino,accesorios,10,18.458732,-97.389393,https://mitehuacan.mx/?ruta=24-dina
3,Chacharitas Todo Moda Inc,accesorios,28,18.461969,-97.394356,https://mitehuacan.mx/?ruta=24-dina
3,Novedades Sin Nombre,accesorios,31,18.458925,-97.389494,https://mitehuacan.mx/?ruta=24-dina
3,Venta De Gorras Publicidad Y Beisbol,accesorios,32,18.458973,-97.390754,https://mitehuacan.mx/?ruta=24-dina
3,Venta De Chacharitas Sin Nombre,accesorios,39,18.458292,-97.389522,https://mitehuacan.mx/?ruta=24-dina
3,Venta De Chacharitas Sin Nombre,accesorios,41,18.460742,-97.385659,https://mitehuacan.mx/?ruta=24-dina
3,Gemas Preciosas,accesorios,42,18.459159,-97.393577,https://mitehuacan.mx/?ruta=24-dina
3,Accesorios N&T,accesorios,44,18.471357,-97.392019,https://mitehuacan.mx/?ruta=24-dina
3,El Rey De La Bolsa,accesorios,51,18.458456,-97.385642,https://mitehuacan.mx/?ruta=24-dina
3,Venta De Chacharas Sin Nombre,accesorios,51,18.460667,-97.385567,https://mitehuacan.mx/?ruta=24-dina
3,Ark Bisuteria,accesorios,53,18.458346,-97.394238,https://mitehuacan.mx/?ruta=24-dina
3,Tienda De Bolsas Y Morrales De Plastico Sin Nombre,accesorios,57,18.458028,-97.385941,https://mitehuacan.mx/?ruta=24-dina
3,Tienda De Accesorios Por Mayoreo Merca Asia,accesorios,71,18.459347,-97.391439,https://mitehuacan.mx/?ruta=24-dina
3,Joyeria Y Accesorios Valeria,accesorios,74,18.459407,-97.392421,https://mitehuacan.mx/?ruta=24-dina
3,Accesorios De Perlas,accesorios,78,18.461777,-97.393351,https://mitehuacan.mx/?ruta=24-dina
3,Tienda De Bisuteria Y Novedades Magic,accesorios,79,18.459419,-97.391438,https://mitehuacan.mx/?ruta=24-dina
3,Compra Venta De Ropa Y Accesorios Enchulateh,accesorios,80,18.457921,-97.389526,https://mitehuacan.mx/?ruta=24-dina
3,Venta De Accesorios Para Dama Escaparate,accesorios,96,18.459573,-97.391435,https://mitehuacan.mx/?ruta=24-dina
3,Comercio Al Por Menor De Bisutería Y Accesorios De Vestir Si,accesorios,106,18.470112,-97.398079,https://mitehuacan.mx/?ruta=24-dina
3,Venta De Moñoz Moñoz Coqueta,accesorios,111,18.459649,-97.389483,https://mitehuacan.mx/?ruta=24-dina
3,Novedades Vero,accesorios,112,18.458427,-97.385064,https://mitehuacan.mx/?ruta=24-dina
3,Grace Bolsas Y Accesorios,accesorios,115,18.462107,-97.398202,https://mitehuacan.mx/?ruta=24-dina
3,Novedades Y Bisuteria Josy,accesorios,116,18.45796,-97.385195,https://mitehuacan.mx/?ruta=24-dina
3,Chacharas Sin Nombre,accesorios,117,18.471461,-97.39027,https://mitehuacan.mx/?ruta=24-dina
3,Bisuteria Amor Mio,accesorios,119,18.459718,-97.38938,https://mitehuacan.mx/?ruta=24-dina
3,Compra Venta De Accesorios Para Dama,accesorios,120,18.464879,-97.392569,https://mitehuacan.mx/?ruta=24-dina
3,Novedades El Chacharas,accesorios,126,18.460859,-97.392932,https://mitehuacan.mx/?ruta=24-dina
3,Accesorios Andi Dois,accesorios,133,18.465941,-97.386224,https://mitehuacan.mx/?ruta=24-dina
3,Vicmaly La Casa De Las Muñecas,accesorios,143,18.457349,-97.389273,https://mitehuacan.mx/?ruta=24-dina
3,Autolavado Sin Nombre,autolavado,1,18.489639,-97.39889,https://mitehuacan.mx/?ruta=24-dina
3,Autolavado Moska,autolavado,3,18.489394,-97.397303,https://mitehuacan.mx/?ruta=24-dina
3,Autolavado Santa Lucia,autolavado,5,18.476779,-97.392746,https://mitehuacan.mx/?ruta=24-dina
3,Autolavado Sin Nombre,autolavado,5,18.480069,-97.392292,https://mitehuacan.mx/?ruta=24-dina
3,Autolavado Con Espuma Activa Gilber,autolavado,7,18.463058,-97.382574,https://mitehuacan.mx/?ruta=24-dina
3,Autolavado Hernandez,autolavado,7,18.458608,-97.386965,https://mitehuacan.mx/?ruta=24-dina
3,Auto Lavado Her-Marz,autolavado,9,18.462425,-97.377538,https://mitehuacan.mx/?ruta=24-dina
3,Auto Lavado Gonzalez,autolavado,10,18.472044,-97.391265,https://mitehuacan.mx/?ruta=24-dina
3,Autolavado El Pato Mojado,autolavado,10,18.469799,-97.391282,https://mitehuacan.mx/?ruta=24-dina
3,Lavado De Autos Orange,autolavado,11,18.471882,-97.392771,https://mitehuacan.mx/?ruta=24-dina
3,Lavado De Autos El Angel,autolavado,18,18.464794,-97.382514,https://mitehuacan.mx/?ruta=24-dina
3,Lavado De Autos Checo,autolavado,42,18.467015,-97.391805,https://mitehuacan.mx/?ruta=24-dina
3,Autolavado Cabrera,autolavado,50,18.482813,-97.398354,https://mitehuacan.mx/?ruta=24-dina
3,Auto Lavado Alvarado,autolavado,56,18.470816,-97.393562,https://mitehuacan.mx/?ruta=24-dina
3,Autolavado Castillo,autolavado,57,18.458298,-97.394129,https://mitehuacan.mx/?ruta=24-dina
3,Lavo De Autos Paw Patrol,autolavado,75,18.457874,-97.387127,https://mitehuacan.mx/?ruta=24-dina
3,Autolavado Jimenez,autolavado,77,18.464004,-97.384795,https://mitehuacan.mx/?ruta=24-dina
3,Autolavado Los Memines,autolavado,78,18.467225,-97.397187,https://mitehuacan.mx/?ruta=24-dina
3,Lavado De Autos Uli,autolavado,86,18.457751,-97.386649,https://mitehuacan.mx/?ruta=24-dina
3,Autolavado Choripower,autolavado,94,18.463521,-97.381459,https://mitehuacan.mx/?ruta=24-dina
3,Autolavado Gonzaga,autolavado,95,18.483616,-97.390817,https://mitehuacan.mx/?ruta=24-dina
3,Lavado De Autos Ecowash,autolavado,97,18.458804,-97.395117,https://mitehuacan.mx/?ruta=24-dina
3,Lavado Y Estacionamiento Riko,autolavado,99,18.466922,-97.392339,https://mitehuacan.mx/?ruta=24-dina
3,Auto Lavado El Primo,autolavado,102,18.477169,-97.393671,https://mitehuacan.mx/?ruta=24-dina
3,Auto Lavado Galvez,autolavado,106,18.468167,-97.393861,https://mitehuacan.mx/?ruta=24-dina
3,Lavado Y Engrasado De Autos La Purisima,autolavado,109,18.46053,-97.382505,https://mitehuacan.mx/?ruta=24-dina
3,Lavado Lumpeco,autolavado,110,18.481284,-97.393238,https://mitehuacan.mx/?ruta=24-dina
3,Lavado De Autos Checo Card Wars,autolavado,112,18.47877,-97.393614,https://mitehuacan.mx/?ruta=24-dina
3,Lavado De Autos Sin Nombre,autolavado,118,18.465891,-97.389082,https://mitehuacan.mx/?ruta=24-dina
3,Lavado De Autos Zuly,autolavado,120,18.467027,-97.392544,https://mitehuacan.mx/?ruta=24-dina
3,Auto Lavado Racso Estetica Automatriz,autolavado,124,18.459771,-97.378368,https://mitehuacan.mx/?ruta=24-dina
3,Autolavado Jacarandas,autolavado,129,18.474602,-97.397109,https://mitehuacan.mx/?ruta=24-dina
3,Auto Lavado Hudi,autolavado,137,18.468294,-97.392977,https://mitehuacan.mx/?ruta=24-dina
3,Che Drinks,bar,0,18.47049,-97.391377,https://mitehuacan.mx/?ruta=24-dina
3,Restaurante - Bar Chelvar,bar,3,18.470886,-97.394142,https://mitehuacan.mx/?ruta=24-dina
3,Bar La Mancha,bar,5,18.464731,-97.384339,https://mitehuacan.mx/?ruta=24-dina
3,Pulqueria El Compita,bar,5,18.482722,-97.397814,https://mitehuacan.mx/?ruta=24-dina
3,Bar Presidente,bar,8,18.467012,-97.391324,https://mitehuacan.mx/?ruta=24-dina
3,Bar California,bar,9,18.460752,-97.385963,https://mitehuacan.mx/?ruta=24-dina
3,Bar El Farolito,bar,18,18.458718,-97.387169,https://mitehuacan.mx/?ruta=24-dina
3,Hoster Video Bar,bar,29,18.458481,-97.39272,https://mitehuacan.mx/?ruta=24-dina
3,Restaurante Bar Terrazzo,bar,34,18.465097,-97.397685,https://mitehuacan.mx/?ruta=24-dina
3,Bar Los Compañeros,bar,47,18.458244,-97.390333,https://mitehuacan.mx/?ruta=24-dina
3,Bar El Ranchito,bar,68,18.460662,-97.385406,https://mitehuacan.mx/?ruta=24-dina
3,Bar Costa Verde,bar,72,18.465305,-97.383342,https://mitehuacan.mx/?ruta=24-dina
3,La Katryna Lounge Antro Bar,bar,76,18.466918,-97.392121,https://mitehuacan.mx/?ruta=24-dina
3,Panchos Bar,bar,76,18.459234,-97.387029,https://mitehuacan.mx/?ruta=24-dina
3,La Tosta,bar,86,18.462489,-97.393235,https://mitehuacan.mx/?ruta=24-dina
3,Cerveceria Chapultepec,bar,87,18.46276,-97.393229,https://mitehuacan.mx/?ruta=24-dina
3,La Juana Cantina,bar,87,18.46276,-97.393229,https://mitehuacan.mx/?ruta=24-dina
3,La Rockola,bar,87,18.46276,-97.393229,https://mitehuacan.mx/?ruta=24-dina
3,Pulques Chavita,bar,98,18.488092,-97.397353,https://mitehuacan.mx/?ruta=24-dina
3,Botanero La Hacienda,bar,102,18.460421,-97.381457,https://mitehuacan.mx/?ruta=24-dina
3,Venta De Pulque,bar,103,18.491355,-97.39386,https://mitehuacan.mx/?ruta=24-dina
3,Bar El Muelle De La Presa,bar,108,18.460916,-97.395141,https://mitehuacan.mx/?ruta=24-dina
3,Bar El Companero 1,bar,128,18.457498,-97.389678,https://mitehuacan.mx/?ruta=24-dina
3,La Pasadita Restaurant Bar,bar,129,18.463624,-97.393043,https://mitehuacan.mx/?ruta=24-dina
3,Bar Mar,bar,138,18.457377,-97.388733,https://mitehuacan.mx/?ruta=24-dina
3,Venta De Bebidas Balche,bar,142,18.457529,-97.394164,https://mitehuacan.mx/?ruta=24-dina
3,Cerveceria Bicho,bar,149,18.46814,-97.39298,https://mitehuacan.mx/?ruta=24-dina
3,Rockola,bebidas,83,18.462613,-97.393266,https://mitehuacan.mx/?ruta=24-dina
3,Mientas Espero,bebidas,96,18.460991,-97.395028,https://mitehuacan.mx/?ruta=24-dina
3,Taller De Bicis,bicicletas,1,18.489026,-97.39389,https://mitehuacan.mx/?ruta=24-dina
3,Bicicletas Giant,bicicletas,3,18.470938,-97.394166,https://mitehuacan.mx/?ruta=24-dina
3,Refacciones Para Bicicleta Sin Nombre,bicicletas,7,18.489708,-97.39902,https://mitehuacan.mx/?ruta=24-dina
3,Bicimundo,bicicletas,8,18.458625,-97.387108,https://mitehuacan.mx/?ruta=24-dina
3,Reparacion De Bicicletas El Cuco,bicicletas,9,18.493031,-97.393078,https://mitehuacan.mx/?ruta=24-dina
3,Taller De Bicicletas Sin Nombre,bicicletas,10,18.469573,-97.391286,https://mitehuacan.mx/?ruta=24-dina
3,Taller De Bicicletas Sin Nombre,bicicletas,21,18.49138,-97.390586,https://mitehuacan.mx/?ruta=24-dina
3,Reparacion De Bicicletas Sin Nombre,bicicletas,65,18.465269,-97.384292,https://mitehuacan.mx/?ruta=24-dina
3,Tienda De Refacciones Para Bicicletas Foxy,bicicletas,69,18.459359,-97.392419,https://mitehuacan.mx/?ruta=24-dina
3,Refacciones Para Bicletas Y Bicicletas Foxy,bicicletas,78,18.459444,-97.392546,https://mitehuacan.mx/?ruta=24-dina
3,Servicio Lezama,bicicletas,89,18.460598,-97.385026,https://mitehuacan.mx/?ruta=24-dina
3,Fastbike Articulos De Ciclismo,bicicletas,104,18.465667,-97.385855,https://mitehuacan.mx/?ruta=24-dina
3,Bici Reparaciones,bicicletas,106,18.460661,-97.387054,https://mitehuacan.mx/?ruta=24-dina
3,Bicicletas Y Refacciones Analishia,bicicletas,115,18.459779,-97.392559,https://mitehuacan.mx/?ruta=24-dina
3,Taller De Bicicletas El Grillo,bicicletas,121,18.484242,-97.394194,https://mitehuacan.mx/?ruta=24-dina
3,Reparacion De Bicicletas El Amigo,bicicletas,127,18.459915,-97.379377,https://mitehuacan.mx/?ruta=24-dina
3,Venta De Refacciones Para Bicicletas Y Reparacion De Bicicle,bicicletas,129,18.460793,-97.387271,https://mitehuacan.mx/?ruta=24-dina
3,Bar Y Billares Kahomas,billar,128,18.457443,-97.388095,https://mitehuacan.mx/?ruta=24-dina
3,Caja Zongolica Suc Tehuacan,caja de ahorro,1,18.464838,-97.390248,https://mitehuacan.mx/?ruta=24-dina
3,Corporativo Financiero Ahorro Agro,caja de ahorro,3,18.458876,-97.386081,https://mitehuacan.mx/?ruta=24-dina
3,Came Tehuacan 101,caja de ahorro,40,18.460767,-97.386433,https://mitehuacan.mx/?ruta=24-dina
3,Caja Popular Mexicana Sucursal Granadas,caja de ahorro,69,18.465324,-97.384694,https://mitehuacan.mx/?ruta=24-dina
3,Fincomun,caja de ahorro,85,18.463151,-97.398911,https://mitehuacan.mx/?ruta=24-dina
3,Caja Universal Cooperativa De Ahorro Y Prestamo,caja de ahorro,130,18.459916,-97.392564,https://mitehuacan.mx/?ruta=24-dina
3,Casa De Empeño Prenda Flash,casa de empeño,5,18.4585,-97.386892,https://mitehuacan.mx/?ruta=24-dina
3,Maple Empeños,casa de empeño,7,18.461657,-97.394166,https://mitehuacan.mx/?ruta=24-dina
3,Casa De Empeño Prenda Joya,casa de empeño,8,18.458746,-97.39029,https://mitehuacan.mx/?ruta=24-dina
3,Casa De Empeño Mi Casa Es Tu Casa,casa de empeño,31,18.461242,-97.382689,https://mitehuacan.mx/?ruta=24-dina
3,Casa De Empeño Prendaval,casa de empeño,31,18.464553,-97.389395,https://mitehuacan.mx/?ruta=24-dina
3,Casa De Empeño La Esperanza,casa de empeño,33,18.464535,-97.389395,https://mitehuacan.mx/?ruta=24-dina
3,Casa De Empeño De Remate,casa de empeño,37,18.465169,-97.389394,https://mitehuacan.mx/?ruta=24-dina
3,Casa De Empeño Casa Prendaria,casa de empeño,40,18.464508,-97.391451,https://mitehuacan.mx/?ruta=24-dina
3,Casa De Empeño Multiventas,casa de empeño,40,18.464504,-97.391347,https://mitehuacan.mx/?ruta=24-dina
3,Vidal Ruiz Sucursal 1850 Pue,casa de empeño,60,18.463635,-97.396434,https://mitehuacan.mx/?ruta=24-dina
3,Monte De Puebla Vidal Ruiz,casa de empeño,61,18.463649,-97.396515,https://mitehuacan.mx/?ruta=24-dina
3,Megaempeños,casa de empeño,87,18.462166,-97.393242,https://mitehuacan.mx/?ruta=24-dina
3,Prenda Mex,casa de empeño,87,18.462166,-97.393242,https://mitehuacan.mx/?ruta=24-dina
3,Prenda Mex Sucursal 1817 Pue,casa de empeño,87,18.462327,-97.393239,https://mitehuacan.mx/?ruta=24-dina
3,Realice Sucursal 4236 Pue,casa de empeño,87,18.462243,-97.393241,https://mitehuacan.mx/?ruta=24-dina
3,Vision Prendaria Mega Empeño,casa de empeño,89,18.461868,-97.393249,https://mitehuacan.mx/?ruta=24-dina
3,Casa De Empeño La Esperanza,casa de empeño,107,18.463793,-97.387051,https://mitehuacan.mx/?ruta=24-dina
3,Casa De Empeño Respuesta Rapida,casa de empeño,107,18.464065,-97.3965,https://mitehuacan.mx/?ruta=24-dina
3,Casa Prendaria,casa de empeño,116,18.463712,-97.387056,https://mitehuacan.mx/?ruta=24-dina
3,Presta Cash La Bonanza,casa de empeño,131,18.462586,-97.384893,https://mitehuacan.mx/?ruta=24-dina
3,Cerrajeria Najera,cerrajería,3,18.471566,-97.392487,https://mitehuacan.mx/?ruta=24-dina
3,Cerrajeria Sin Nombre,cerrajería,3,18.458659,-97.390786,https://mitehuacan.mx/?ruta=24-dina
3,Cerrajeria Santiago,cerrajería,4,18.462655,-97.380139,https://mitehuacan.mx/?ruta=24-dina
3,Cerrajeria Mexicana,cerrajería,20,18.464653,-97.389392,https://mitehuacan.mx/?ruta=24-dina
3,Cerrajeria Velasco,cerrajería,21,18.463126,-97.398311,https://mitehuacan.mx/?ruta=24-dina
3,Cerrajeria El Aguila,cerrajería,81,18.457972,-97.391473,https://mitehuacan.mx/?ruta=24-dina
3,Cerrajeria Muñoz,cerrajería,114,18.460473,-97.387137,https://mitehuacan.mx/?ruta=24-dina
3,Cerrajeria Najera,cerrajería,132,18.463508,-97.384832,https://mitehuacan.mx/?ruta=24-dina
3,Cine Reforma,cine,40,18.462587,-97.394428,https://mitehuacan.mx/?ruta=24-dina
3,Yankees Pizzas,comida,2,18.458704,-97.392054,https://mitehuacan.mx/?ruta=24-dina
3,Pizzas Yankees,comida,7,18.461596,-97.394163,https://mitehuacan.mx/?ruta=24-dina
3,Taqueria el Tizon Sureño,comida,8,18.45872,-97.393782,https://mitehuacan.mx/?ruta=24-dina
3,Tortas Hidalguenses,comida,13,18.458501,-97.388491,https://mitehuacan.mx/?ruta=24-dina
3,EL TAQUERO DE RABEL,comida,99,18.4622,-97.396574,https://mitehuacan.mx/?ruta=24-dina
3,Cemitas La Poblanita,comida,100,18.463967,-97.391361,https://mitehuacan.mx/?ruta=24-dina
3,Tacos El Primó,comida,119,18.463791,-97.391472,https://mitehuacan.mx/?ruta=24-dina
3,Domino's,comida,135,18.463527,-97.386638,https://mitehuacan.mx/?ruta=24-dina
3,Ciber Aldo,computación,2,18.461163,-97.379667,https://mitehuacan.mx/?ruta=24-dina
3,Internet Interface,computación,3,18.479115,-97.392457,https://mitehuacan.mx/?ruta=24-dina
3,Ciber Hairo,computación,9,18.464797,-97.385456,https://mitehuacan.mx/?ruta=24-dina
3,Internet Sin Nombre,computación,9,18.466577,-97.391328,https://mitehuacan.mx/?ruta=24-dina
3,Papeleria Dacom,computación,9,18.467184,-97.391322,https://mitehuacan.mx/?ruta=24-dina
3,Informatica Aplicada De Tehuacan,computación,27,18.458979,-97.392407,https://mitehuacan.mx/?ruta=24-dina
3,Cafe Con Aroma De Internet,computación,40,18.464508,-97.391451,https://mitehuacan.mx/?ruta=24-dina
3,Papeleria E Internet Gelanet,computación,59,18.487565,-97.396074,https://mitehuacan.mx/?ruta=24-dina
3,Centro De Mantenimiento Centto,computación,64,18.486867,-97.398981,https://mitehuacan.mx/?ruta=24-dina
3,Ciber Nachos,computación,67,18.460914,-97.38263,https://mitehuacan.mx/?ruta=24-dina
3,Cibercafe The Site,computación,82,18.465572,-97.389265,https://mitehuacan.mx/?ruta=24-dina
3,Ciber Mixti,computación,88,18.463965,-97.387042,https://mitehuacan.mx/?ruta=24-dina
3,Ciber Gonzalez,computación,89,18.491209,-97.393352,https://mitehuacan.mx/?ruta=24-dina
3,Internet Nautilus,computación,138,18.457411,-97.390031,https://mitehuacan.mx/?ruta=24-dina
3,Despacho Contable Hernandez Asesores,contadores,1,18.463014,-97.395203,https://mitehuacan.mx/?ruta=24-dina
3,Despacho De Contadores,contadores,1,18.463006,-97.394985,https://mitehuacan.mx/?ruta=24-dina
3,Despacho Contable Fiscal Sebline,contadores,3,18.466173,-97.391436,https://mitehuacan.mx/?ruta=24-dina
3,Rampah Soluciones Estrategicas,contadores,3,18.458694,-97.392,https://mitehuacan.mx/?ruta=24-dina
3,Despacho Contable Vargas Gutierrez Y Asociados,contadores,5,18.464702,-97.398079,https://mitehuacan.mx/?ruta=24-dina
3,Despacho Contable Sin Nombre,contadores,6,18.463812,-97.398016,https://mitehuacan.mx/?ruta=24-dina
3,Despacho Gil Conde,contadores,7,18.45932,-97.394114,https://mitehuacan.mx/?ruta=24-dina
3,Despacho Contable Y Asesoria Fiscal,contadores,8,18.463134,-97.395778,https://mitehuacan.mx/?ruta=24-dina
3,Despacho Juridico Contable,contadores,8,18.463134,-97.395778,https://mitehuacan.mx/?ruta=24-dina
3,Corporativo Fiscal Magno,contadores,10,18.469708,-97.391283,https://mitehuacan.mx/?ruta=24-dina
3,Servicios Contables Integrales,contadores,10,18.47294,-97.392748,https://mitehuacan.mx/?ruta=24-dina
3,Servicios De Contabilidad Y Auditoría Sin Nombre,contadores,10,18.469708,-97.391283,https://mitehuacan.mx/?ruta=24-dina
3,Contador Publico,contadores,22,18.463155,-97.393991,https://mitehuacan.mx/?ruta=24-dina
3,Despacho Contable,contadores,22,18.462898,-97.396519,https://mitehuacan.mx/?ruta=24-dina
3,Despacho Contable Martinez Y Asociados,contadores,43,18.471312,-97.390967,https://mitehuacan.mx/?ruta=24-dina
3,Despacho Contable Y Fiscal Sin Nombre,contadores,48,18.458346,-97.39364,https://mitehuacan.mx/?ruta=24-dina
3,Despacho Contable Sin Nombre,contadores,57,18.462552,-97.393513,https://mitehuacan.mx/?ruta=24-dina
3,Despacho Mora Morales,contadores,69,18.469668,-97.392038,https://mitehuacan.mx/?ruta=24-dina
3,Despacho Contable Sanchez Zarate Y Asociados,contadores,70,18.469777,-97.395298,https://mitehuacan.mx/?ruta=24-dina
3,Despacho Contable Sin Nombre,contadores,76,18.460204,-97.393422,https://mitehuacan.mx/?ruta=24-dina
3,Despacho Contable Sin Nombre,contadores,77,18.463817,-97.397291,https://mitehuacan.mx/?ruta=24-dina
3,Despacho Contable Asepro,contadores,78,18.468607,-97.39344,https://mitehuacan.mx/?ruta=24-dina
3,Despacho Contable Sin Nombre,contadores,79,18.460755,-97.393382,https://mitehuacan.mx/?ruta=24-dina
3,Despacho Cap Contadores,contadores,92,18.470037,-97.39225,https://mitehuacan.mx/?ruta=24-dina
3,Inmobiliaria Amin,contadores,94,18.464874,-97.392323,https://mitehuacan.mx/?ruta=24-dina
3,Servicios Contables Sin Nombre,contadores,105,18.465646,-97.384596,https://mitehuacan.mx/?ruta=24-dina
3,Despacho Contable,contadores,109,18.470947,-97.390346,https://mitehuacan.mx/?ruta=24-dina
3,Despacho Contable Fiscal,contadores,120,18.465708,-97.382471,https://mitehuacan.mx/?ruta=24-dina
3,Amaro Reyna Y Herrero Consultores,contadores,137,18.460858,-97.392828,https://mitehuacan.mx/?ruta=24-dina
3,Despacho Contable Y Fiscal Sin Nombre,contadores,139,18.457568,-97.394333,https://mitehuacan.mx/?ruta=24-dina
3,Papeleria Sin Nombre,copias,5,18.480069,-97.392292,https://mitehuacan.mx/?ruta=24-dina
3,Centro De Copiado Quality Sharp,copias,10,18.46474,-97.389273,https://mitehuacan.mx/?ruta=24-dina
3,Servicio De Copias E Impresiones Quintero,copias,12,18.493786,-97.388502,https://mitehuacan.mx/?ruta=24-dina
3,Servicio De Copias E Impresiones Copisteria Yehu,copias,21,18.483188,-97.397676,https://mitehuacan.mx/?ruta=24-dina
3,Papeleria Y Copias Cbtis 229,copias,59,18.49377,-97.388047,https://mitehuacan.mx/?ruta=24-dina
3,Papeleria Copytec Digital,copias,65,18.475473,-97.39622,https://mitehuacan.mx/?ruta=24-dina
3,Quality Copier,copias,68,18.460731,-97.393479,https://mitehuacan.mx/?ruta=24-dina
3,Centro De Copiado Kiwi,copias,86,18.461431,-97.393288,https://mitehuacan.mx/?ruta=24-dina
3,Soluciones Digitales Tehuacan,copias,87,18.461115,-97.393295,https://mitehuacan.mx/?ruta=24-dina
3,Distribuidora Burbujas,copias,89,18.470488,-97.392805,https://mitehuacan.mx/?ruta=24-dina
3,Copias Saraoma,copias,111,18.464877,-97.392484,https://mitehuacan.mx/?ruta=24-dina
3,Copias Y Papeleria Hidalgo,copias,140,18.457462,-97.392231,https://mitehuacan.mx/?ruta=24-dina
3,Compra Venta De Articulos Deportivos Lily,deportes,1,18.464835,-97.390085,https://mitehuacan.mx/?ruta=24-dina
3,Tienda De Ropa Deportiva Ga Mat Sport,deportes,2,18.46659,-97.391432,https://mitehuacan.mx/?ruta=24-dina
3,Tienda De Ropa Deportiva Sportworld Factory,deportes,2,18.465359,-97.391443,https://mitehuacan.mx/?ruta=24-dina
3,Zapateria Tenis Juquilita,deportes,3,18.458668,-97.391109,https://mitehuacan.mx/?ruta=24-dina
3,Compra Venta De Tenis Luna Nueva,deportes,4,18.458634,-97.390133,https://mitehuacan.mx/?ruta=24-dina
3,Tienda Deportiva Sport Mas,deportes,4,18.463075,-97.397061,https://mitehuacan.mx/?ruta=24-dina
3,Venta De Tenis Y Gorras Sin Nombre,deportes,4,18.458634,-97.390142,https://mitehuacan.mx/?ruta=24-dina
3,Bacafra Sport,deportes,5,18.464737,-97.384595,https://mitehuacan.mx/?ruta=24-dina
3,Compra Venta De Ropa Deportiva Anda Sports,deportes,8,18.46541,-97.391339,https://mitehuacan.mx/?ruta=24-dina
3,Uniformes Deportivos Barropaz,deportes,8,18.458707,-97.388972,https://mitehuacan.mx/?ruta=24-dina
3,Zapateria Calza A La Moda,deportes,8,18.458712,-97.389048,https://mitehuacan.mx/?ruta=24-dina
3,Zapateria Champions Shoes,deportes,8,18.462254,-97.394142,https://mitehuacan.mx/?ruta=24-dina
3,Noyolotzin,deportes,9,18.47622,-97.392624,https://mitehuacan.mx/?ruta=24-dina
3,Pronosticos,deportes,13,18.473523,-97.395179,https://mitehuacan.mx/?ruta=24-dina
3,Zapateria Nueva Moda,deportes,17,18.458795,-97.389392,https://mitehuacan.mx/?ruta=24-dina
3,Compra Venta De Articulos Deportivos Pirma,deportes,20,18.463069,-97.393892,https://mitehuacan.mx/?ruta=24-dina
3,Compra Venta De Calzado Zapateria Ofertas,deportes,22,18.463155,-97.393991,https://mitehuacan.mx/?ruta=24-dina
3,Tienda De Ropa Deportiva Activate,deportes,26,18.465028,-97.398266,https://mitehuacan.mx/?ruta=24-dina
3,Compra Venta De Ropa Deportiva Influencers,deportes,28,18.464862,-97.391697,https://mitehuacan.mx/?ruta=24-dina
3,La Donateria,deportes,29,18.469448,-97.397855,https://mitehuacan.mx/?ruta=24-dina
3,Tienda De Uniformes Israd,deportes,32,18.469249,-97.398134,https://mitehuacan.mx/?ruta=24-dina
3,Zapateria Stop,deportes,34,18.464944,-97.391751,https://mitehuacan.mx/?ruta=24-dina
3,Zapaterias Venta De Tenis,deportes,39,18.459033,-97.390669,https://mitehuacan.mx/?ruta=24-dina
3,Atleticos Tienda Deportiva,deportes,40,18.463318,-97.393988,https://mitehuacan.mx/?ruta=24-dina
3,Tienda De Articulos Deportivos Montaño,deportes,48,18.459151,-97.391557,https://mitehuacan.mx/?ruta=24-dina
3,Sportica,deportes,56,18.463053,-97.393527,https://mitehuacan.mx/?ruta=24-dina
3,Sportica,deportes,71,18.462899,-97.393374,https://mitehuacan.mx/?ruta=24-dina
3,Articulos Militares El Infante,deportes,88,18.463965,-97.387042,https://mitehuacan.mx/?ruta=24-dina
3,Compra Venta De Ropa Deportiva Cory Fit,deportes,92,18.464873,-97.392304,https://mitehuacan.mx/?ruta=24-dina
3,Compra Venta De Articulos Deportivos Sportico,deportes,97,18.463601,-97.393416,https://mitehuacan.mx/?ruta=24-dina
3,S015 Sp Centro Ii Tehuacan,deportes,99,18.463856,-97.393975,https://mitehuacan.mx/?ruta=24-dina
3,Zapateria Pirma Orange Sport,deportes,122,18.459785,-97.390665,https://mitehuacan.mx/?ruta=24-dina
3,Venta De Articulos Deportivos Central Deportiva,deportes,128,18.45753,-97.390711,https://mitehuacan.mx/?ruta=24-dina
3,Venta De Playeras Deportivas Sin Nombre,deportes,135,18.459863,-97.389379,https://mitehuacan.mx/?ruta=24-dina
3,Caseta Esquina De La Suerte,deportes,147,18.462915,-97.392654,https://mitehuacan.mx/?ruta=24-dina
3,Venta De Calzado Sin Nombre,deportes,148,18.457551,-97.385147,https://mitehuacan.mx/?ruta=24-dina
3,Cerveceria Merino,depósito,1,18.471567,-97.391361,https://mitehuacan.mx/?ruta=24-dina
3,Six,depósito,4,18.475129,-97.394625,https://mitehuacan.mx/?ruta=24-dina
3,Modelorama El Molino,depósito,5,18.462701,-97.381087,https://mitehuacan.mx/?ruta=24-dina
3,Pue Six Los Reyes,depósito,5,18.476951,-97.392743,https://mitehuacan.mx/?ruta=24-dina
3,Pomos Y Chelas,depósito,7,18.477463,-97.392624,https://mitehuacan.mx/?ruta=24-dina
3,Chelas 911,depósito,8,18.462583,-97.381062,https://mitehuacan.mx/?ruta=24-dina
3,Pue Six Acsapack,depósito,9,18.462441,-97.377913,https://mitehuacan.mx/?ruta=24-dina
3,Six Acsapack,depósito,10,18.462434,-97.377922,https://mitehuacan.mx/?ruta=24-dina
3,Venta De Cerveza Sin Nombre,depósito,15,18.464769,-97.382581,https://mitehuacan.mx/?ruta=24-dina
3,Tienda Cuauhtemoc,depósito,19,18.489338,-97.400109,https://mitehuacan.mx/?ruta=24-dina
3,Modelorama,depósito,23,18.473313,-97.39498,https://mitehuacan.mx/?ruta=24-dina
3,Cerveceria La Pantera,depósito,57,18.46311,-97.379556,https://mitehuacan.mx/?ruta=24-dina
3,Pue Six Imss,depósito,64,18.463055,-97.398709,https://mitehuacan.mx/?ruta=24-dina
3,Deposito Modelo Especial,depósito,85,18.490197,-97.389978,https://mitehuacan.mx/?ruta=24-dina
3,Bodega De Productos Para Panaderia,dulcería,1,18.471468,-97.392871,https://mitehuacan.mx/?ruta=24-dina
3,Dulceria Sin Nombre,dulcería,2,18.489345,-97.396897,https://mitehuacan.mx/?ruta=24-dina
3,Dulce Paladar,dulcería,3,18.493818,-97.389431,https://mitehuacan.mx/?ruta=24-dina
3,Dulceria La Chispa Del Sabor,dulcería,3,18.458611,-97.389175,https://mitehuacan.mx/?ruta=24-dina
3,Dulceria Walos Express,dulcería,7,18.460626,-97.394197,https://mitehuacan.mx/?ruta=24-dina
3,Venta De Golosinas Sin Nombre,dulcería,7,18.489391,-97.396592,https://mitehuacan.mx/?ruta=24-dina
3,Venta De Dulces Arkaluz,dulcería,9,18.478957,-97.392373,https://mitehuacan.mx/?ruta=24-dina
3,Venta De Dulces Sin Nombre,dulcería,74,18.460454,-97.379644,https://mitehuacan.mx/?ruta=24-dina
3,Asuka Venta De Materias Primas Y Utensilios Para Reposteria,dulcería,85,18.457965,-97.392444,https://mitehuacan.mx/?ruta=24-dina
3,Venta De Dulces,dulcería,95,18.474359,-97.394157,https://mitehuacan.mx/?ruta=24-dina
3,Mueganos El Real De Tehuacan,dulcería,97,18.457767,-97.389527,https://mitehuacan.mx/?ruta=24-dina
3,Abarrotes Ofeve Tehuacan,dulcería,104,18.459631,-97.387088,https://mitehuacan.mx/?ruta=24-dina
3,Grupo De Empresas Sociales Quali,dulcería,104,18.466729,-97.398928,https://mitehuacan.mx/?ruta=24-dina
3,Puesto De Dulces,dulcería,116,18.458426,-97.385026,https://mitehuacan.mx/?ruta=24-dina
3,Venta De Dulces Tipicos Mueganos El Aguila,dulcería,120,18.457619,-97.39148,https://mitehuacan.mx/?ruta=24-dina
3,Caseta De Parque,dulcería,141,18.462098,-97.392729,https://mitehuacan.mx/?ruta=24-dina
3,Protección Civil y Bomberos,fire station,16,18.472529,-97.395026,https://mitehuacan.mx/?ruta=24-dina
3,La Casa De La Plata,fotografía,3,18.458694,-97.392,https://mitehuacan.mx/?ruta=24-dina
3,Estudio Fotografico Pixelar,fotografía,4,18.472039,-97.391655,https://mitehuacan.mx/?ruta=24-dina
3,Photo Studio Quiroga,fotografía,6,18.489721,-97.399931,https://mitehuacan.mx/?ruta=24-dina
3,Estudio Saul Magaña,fotografía,8,18.464934,-97.391068,https://mitehuacan.mx/?ruta=24-dina
3,Estudio De Fotos Fotogama,fotografía,13,18.458762,-97.389497,https://mitehuacan.mx/?ruta=24-dina
3,Estudio De Fotografia Gace Studios,fotografía,31,18.462816,-97.39652,https://mitehuacan.mx/?ruta=24-dina
3,Foto Klick,fotografía,32,18.464863,-97.391735,https://mitehuacan.mx/?ruta=24-dina
3,Foto Estudio Noba Digital Servicio De Fotografia,fotografía,38,18.464526,-97.391451,https://mitehuacan.mx/?ruta=24-dina
3,Foto Estudio Noba Digital Estudio De Fotografia,fotografía,75,18.464951,-97.39214,https://mitehuacan.mx/?ruta=24-dina
3,Foto Estudio Lumiere,fotografía,76,18.465522,-97.38939,https://mitehuacan.mx/?ruta=24-dina
3,Redes Latinas,fotografía,86,18.462489,-97.393235,https://mitehuacan.mx/?ruta=24-dina
3,Centro Digital Fotografico,fotografía,96,18.464874,-97.392342,https://mitehuacan.mx/?ruta=24-dina
3,Estudio Fotografico Alpha Y Omega,fotografía,123,18.465889,-97.387706,https://mitehuacan.mx/?ruta=24-dina
3,Foto Studio Mario,fotografía,132,18.464962,-97.39268,https://mitehuacan.mx/?ruta=24-dina
3,Fotoestudio Mario,fotografía,140,18.464951,-97.392762,https://mitehuacan.mx/?ruta=24-dina
3,Tienda De Telefonia Distribuidor Autorizado Pamec Telcel,fotografía,150,18.460856,-97.392705,https://mitehuacan.mx/?ruta=24-dina
3,Abastecedora Del Campo,frutería,0,18.464815,-97.388852,https://mitehuacan.mx/?ruta=24-dina
3,Frutas Y Verduras Faby,frutería,0,18.493327,-97.390877,https://mitehuacan.mx/?ruta=24-dina
3,Verduleria Karina,frutería,0,18.485915,-97.397108,https://mitehuacan.mx/?ruta=24-dina
3,Frutas Y Verduras Befelseh,frutería,1,18.465024,-97.391446,https://mitehuacan.mx/?ruta=24-dina
3,Venta De Frutas Y Verduras Befelseh,frutería,1,18.465024,-97.391446,https://mitehuacan.mx/?ruta=24-dina
3,Frutas Y Verduras,frutería,2,18.478169,-97.392646,https://mitehuacan.mx/?ruta=24-dina
3,Frutas Y Verduras Andrade,frutería,3,18.489334,-97.396812,https://mitehuacan.mx/?ruta=24-dina
3,Venta De Frutas Y Verduras Sin Nombre,frutería,3,18.461717,-97.375498,https://mitehuacan.mx/?ruta=24-dina
3,Venta De Jitomate Sin Nombre,frutería,3,18.458655,-97.390673,https://mitehuacan.mx/?ruta=24-dina
3,Frutas Y Verduras Eugenia,frutería,4,18.493794,-97.388919,https://mitehuacan.mx/?ruta=24-dina
3,Frutas Y Verduras Sin Nombre,frutería,4,18.489269,-97.396359,https://mitehuacan.mx/?ruta=24-dina
3,Frutas Y Verduras Sin Nombre,frutería,5,18.489173,-97.39566,https://mitehuacan.mx/?ruta=24-dina
3,Venta De Frutas Y Verduras Sin Nombre,frutería,5,18.458488,-97.386646,https://mitehuacan.mx/?ruta=24-dina
3,Venta De Frutas Y Verduras Sin Nombre,frutería,5,18.458492,-97.386722,https://mitehuacan.mx/?ruta=24-dina
3,Frutas Y Verduras Sin Nombre,frutería,6,18.489751,-97.399389,https://mitehuacan.mx/?ruta=24-dina
3,Almacen De Verduras Y Frutas Viky,frutería,7,18.471304,-97.392714,https://mitehuacan.mx/?ruta=24-dina
3,Venta De Frutas Y Legumbres Jesus Angel,frutería,7,18.471304,-97.392714,https://mitehuacan.mx/?ruta=24-dina
3,Venta De Frutas Y Verduras Sin Nombre,frutería,7,18.471304,-97.392714,https://mitehuacan.mx/?ruta=24-dina
3,Venta De Verduras Y Frutas Vicky,frutería,7,18.471304,-97.392714,https://mitehuacan.mx/?ruta=24-dina
3,Verduleria Sin Nombre,frutería,7,18.471304,-97.392714,https://mitehuacan.mx/?ruta=24-dina
3,Comercializadora San Gabriel,frutería,8,18.458723,-97.389541,https://mitehuacan.mx/?ruta=24-dina
3,Frutas Y Verduras Acevedos,frutería,8,18.489226,-97.395184,https://mitehuacan.mx/?ruta=24-dina
3,Venta De Frutas Y Verduras El Paraiso,frutería,8,18.467268,-97.398001,https://mitehuacan.mx/?ruta=24-dina
3,Compra Venta De Frutas Y Verduras El Caribe,frutería,14,18.458518,-97.38952,https://mitehuacan.mx/?ruta=24-dina
3,Fruteria San Francisco,frutería,18,18.465103,-97.397837,https://mitehuacan.mx/?ruta=24-dina
3,Frutas Y Verduras Los Gueros,frutería,25,18.482155,-97.397645,https://mitehuacan.mx/?ruta=24-dina
3,Venta De Platanos Sin Nombre,frutería,26,18.45888,-97.389495,https://mitehuacan.mx/?ruta=24-dina
3,Compra Venta De Frutas Y Verduras Tehuacan,frutería,27,18.458401,-97.389521,https://mitehuacan.mx/?ruta=24-dina
3,Venta De Frutas Y Verduras Sin Nombre,frutería,42,18.458459,-97.385736,https://mitehuacan.mx/?ruta=24-dina
3,Verduleria Sin Nombre,frutería,55,18.486866,-97.396633,https://mitehuacan.mx/?ruta=24-dina
3,Frutas Y Verduras La Guera,frutería,57,18.469192,-97.398382,https://mitehuacan.mx/?ruta=24-dina
3,Frutas Y Verduras Susy,frutería,71,18.45845,-97.385452,https://mitehuacan.mx/?ruta=24-dina
3,Venta De Sandias Sin Nombre,frutería,87,18.487499,-97.399218,https://mitehuacan.mx/?ruta=24-dina
3,Almacen De Frutas Y Verduras Lesly,frutería,89,18.470488,-97.392805,https://mitehuacan.mx/?ruta=24-dina
3,Bodega De Frutas Y Verduras,frutería,89,18.470488,-97.392805,https://mitehuacan.mx/?ruta=24-dina
3,Bodega De Fruteria De Miguel Angel Reyna Hernandez,frutería,89,18.470488,-97.392805,https://mitehuacan.mx/?ruta=24-dina
3,Frutas Frescas Lupita,frutería,89,18.470488,-97.392805,https://mitehuacan.mx/?ruta=24-dina
3,Frutas Y Verduras Alfaro,frutería,89,18.470488,-97.392805,https://mitehuacan.mx/?ruta=24-dina
3,Fruteria El Huerto Del Rey,frutería,89,18.470488,-97.392805,https://mitehuacan.mx/?ruta=24-dina
3,Jitomates Gloria,frutería,89,18.460186,-97.378961,https://mitehuacan.mx/?ruta=24-dina
3,Venta De Agua Fresca,frutería,89,18.470488,-97.392805,https://mitehuacan.mx/?ruta=24-dina
3,Venta De Frutas Sin Nombre,frutería,89,18.470488,-97.392805,https://mitehuacan.mx/?ruta=24-dina
3,Venta De Frutas Y Plasticos Malena,frutería,89,18.470488,-97.392805,https://mitehuacan.mx/?ruta=24-dina
3,Venta De Frutas Y Verduras,frutería,89,18.470488,-97.392805,https://mitehuacan.mx/?ruta=24-dina
3,Venta De Frutas Y Verduras Lesly,frutería,89,18.470488,-97.392805,https://mitehuacan.mx/?ruta=24-dina
3,Venta De Frutas Y Verduras Sin Nombre,frutería,89,18.470488,-97.392805,https://mitehuacan.mx/?ruta=24-dina
3,Frutas Y Verduras Sin Nombre,frutería,97,18.490024,-97.395111,https://mitehuacan.mx/?ruta=24-dina
3,Venta De Jitomate Sin Nombre,frutería,101,18.458412,-97.38517,https://mitehuacan.mx/?ruta=24-dina
3,Venta De Fruta Fruteria Chavez,frutería,103,18.459955,-97.387078,https://mitehuacan.mx/?ruta=24-dina
3,Venta De Fruta Citrus Israel,frutería,107,18.459695,-97.385086,https://mitehuacan.mx/?ruta=24-dina
3,Puesto De Frutas Y Verduras Sin Nombre,frutería,111,18.458382,-97.385083,https://mitehuacan.mx/?ruta=24-dina
3,Venta De Frutas Y Verduras El Baratero Del Mercado,frutería,111,18.458409,-97.385081,https://mitehuacan.mx/?ruta=24-dina
3,Bodega De Frutas Y Legumbres Sin Nombre,frutería,112,18.457689,-97.385503,https://mitehuacan.mx/?ruta=24-dina
3,Puesto De Nopalitos Sin Nombre,frutería,112,18.4583,-97.385089,https://mitehuacan.mx/?ruta=24-dina
3,Venta De Semillas Sin Nombre,frutería,112,18.458273,-97.385091,https://mitehuacan.mx/?ruta=24-dina
3,Puesto De Verduras Y Frutas Sin Nombre,frutería,113,18.458237,-97.385094,https://mitehuacan.mx/?ruta=24-dina
3,Venta De Verduras Sin Nombre,frutería,113,18.458427,-97.385054,https://mitehuacan.mx/?ruta=24-dina
3,Venta De Verduras Y Frutas Sin Nombre,frutería,113,18.458255,-97.385093,https://mitehuacan.mx/?ruta=24-dina
3,Puesto De Verdura Y Fruta Claudia,frutería,114,18.458427,-97.385045,https://mitehuacan.mx/?ruta=24-dina
3,Puesto De Verduras Sin Nombre,frutería,114,18.458427,-97.385045,https://mitehuacan.mx/?ruta=24-dina
3,Venta De Hierba Sin Nombre,frutería,114,18.45821,-97.385096,https://mitehuacan.mx/?ruta=24-dina
3,Puesto De Platanos Sin Nombre,frutería,115,18.458426,-97.385036,https://mitehuacan.mx/?ruta=24-dina
3,Mercado La Purísima,frutería,115,18.458235,-97.385077,https://mitehuacan.mx/?ruta=24-dina
3,El Expendio,frutería,116,18.457667,-97.391583,https://mitehuacan.mx/?ruta=24-dina
3,Puesto De Frutas Y Verduras Sin Nombre,frutería,116,18.458426,-97.385026,https://mitehuacan.mx/?ruta=24-dina
3,Venta De Nopales Y Frutas De Temporada Sin Nombre,frutería,116,18.458426,-97.385026,https://mitehuacan.mx/?ruta=24-dina
3,Venta De Platanos El Platano,frutería,116,18.458426,-97.385026,https://mitehuacan.mx/?ruta=24-dina
3,Venta De Frutas Y Verduras Luis Mendez,frutería,117,18.458425,-97.385017,https://mitehuacan.mx/?ruta=24-dina
3,Venta De Verduras Sin Nombre,frutería,117,18.458111,-97.385104,https://mitehuacan.mx/?ruta=24-dina
3,Puesto De Nopales Y Cebolla Sin Nombre,frutería,119,18.458048,-97.385109,https://mitehuacan.mx/?ruta=24-dina
3,Puesto De Tempezquistles Sin Nombre,frutería,120,18.458029,-97.38511,https://mitehuacan.mx/?ruta=24-dina
3,Venta De Frutas Y Verduras Sin Nombre,frutería,120,18.46898,-97.390249,https://mitehuacan.mx/?ruta=24-dina
3,Venta De Frutas Y Verduras Sin Nombre,frutería,121,18.457993,-97.385113,https://mitehuacan.mx/?ruta=24-dina
3,Venta De Verduras Sin Nombre,frutería,121,18.457993,-97.385113,https://mitehuacan.mx/?ruta=24-dina
3,Venta De Frutas Y Verduras Sin Nombre,frutería,124,18.458423,-97.38495,https://mitehuacan.mx/?ruta=24-dina
3,Venta De Verduras Y Frutas Sin Nombre,frutería,125,18.457921,-97.385119,https://mitehuacan.mx/?ruta=24-dina
3,Frutas Y Verdura Sandoval,frutería,126,18.480762,-97.390942,https://mitehuacan.mx/?ruta=24-dina
3,Venta De Frutas Y Verduras,frutería,128,18.457528,-97.390654,https://mitehuacan.mx/?ruta=24-dina
3,Puesto De Verduras Sin Nombre,frutería,130,18.45842,-97.384893,https://mitehuacan.mx/?ruta=24-dina
3,Venta De Frutas Y Verduras Sin Nombre,frutería,130,18.457822,-97.385126,https://mitehuacan.mx/?ruta=24-dina
3,Casa De La Fruta Venta De Fruta,frutería,131,18.465851,-97.384045,https://mitehuacan.mx/?ruta=24-dina
3,Venta De Frutas Sin Nombre,frutería,131,18.457813,-97.385127,https://mitehuacan.mx/?ruta=24-dina
3,Frutas Y Verduras Miriam,frutería,132,18.487838,-97.394215,https://mitehuacan.mx/?ruta=24-dina
3,Puesto De Frutas Y Verduras Sin Nombre,frutería,132,18.458419,-97.384874,https://mitehuacan.mx/?ruta=24-dina
3,Venta De Verduras Sin Nombre,frutería,133,18.458419,-97.384865,https://mitehuacan.mx/?ruta=24-dina
3,Venta De Frutas Y Verduras Sin Nombre,frutería,137,18.458417,-97.384827,https://mitehuacan.mx/?ruta=24-dina
3,Venta De Frutas Y Verduras Sin Nombre,frutería,140,18.497336,-97.390838,https://mitehuacan.mx/?ruta=24-dina
3,Venta De Verduras Sin Nombre,frutería,140,18.458416,-97.384799,https://mitehuacan.mx/?ruta=24-dina
3,Verduleria Sin Nombre,frutería,142,18.463954,-97.381106,https://mitehuacan.mx/?ruta=24-dina
3,Venta De Citricos Richard,frutería,143,18.458415,-97.38477,https://mitehuacan.mx/?ruta=24-dina
3,Venta De Verdura Sin Nombre,frutería,144,18.457614,-97.385142,https://mitehuacan.mx/?ruta=24-dina
3,Frutas Y Verduras Sin Nombre,frutería,146,18.458511,-97.384739,https://mitehuacan.mx/?ruta=24-dina
3,Venta De Ajo Sin Nombre,frutería,146,18.457578,-97.385145,https://mitehuacan.mx/?ruta=24-dina
3,Venta De Frutas Y Verduras Sin Nombre,frutería,146,18.458414,-97.384742,https://mitehuacan.mx/?ruta=24-dina
3,Puesto De Frutas Y Verduras Sin Nombre,frutería,147,18.457569,-97.385146,https://mitehuacan.mx/?ruta=24-dina
3,Venta De Frutas Sin Nombre,frutería,147,18.457569,-97.385146,https://mitehuacan.mx/?ruta=24-dina
3,Venta De Frutas Y Verduras Sin Nombre,frutería,148,18.457551,-97.385147,https://mitehuacan.mx/?ruta=24-dina
3,Venta De Verdura Sin Nombre,frutería,149,18.457542,-97.385148,https://mitehuacan.mx/?ruta=24-dina
3,Funerarias Santa Fe,funeraria,2,18.4663,-97.391434,https://mitehuacan.mx/?ruta=24-dina
3,Velatorios Y Funerales Jardin,funeraria,2,18.468083,-97.391412,https://mitehuacan.mx/?ruta=24-dina
3,Funerales Mendoza,funeraria,3,18.458627,-97.389905,https://mitehuacan.mx/?ruta=24-dina
3,Funeraria Paraiso De Los Angeles,funeraria,3,18.489517,-97.391001,https://mitehuacan.mx/?ruta=24-dina
3,Funerales Jardin,funeraria,4,18.474972,-97.395599,https://mitehuacan.mx/?ruta=24-dina
3,Grupo Funerario Machorro Y Sullivan,funeraria,6,18.469206,-97.395972,https://mitehuacan.mx/?ruta=24-dina
3,Funerales Santa Fe,funeraria,8,18.46607,-97.391332,https://mitehuacan.mx/?ruta=24-dina
3,Funeraria Grupo La Paz Asistencia Final,funeraria,46,18.475327,-97.396124,https://mitehuacan.mx/?ruta=24-dina
3,Funerales Del Carmen,funeraria,54,18.475303,-97.396298,https://mitehuacan.mx/?ruta=24-dina
3,Funeraria Velazquez Y Machorro,funeraria,89,18.493013,-97.388635,https://mitehuacan.mx/?ruta=24-dina
3,Funerales San Antonio,funeraria,116,18.468076,-97.393864,https://mitehuacan.mx/?ruta=24-dina
3,Gasolinera Catalina,gasolinera,11,18.472531,-97.394751,https://mitehuacan.mx/?ruta=24-dina
3,Centro De Desarrollo Psicomotor,guardería,4,18.463092,-97.39762,https://mitehuacan.mx/?ruta=24-dina
3,Estancia Infantil La Purisima,guardería,52,18.461997,-97.383397,https://mitehuacan.mx/?ruta=24-dina
3,Oficina Administrativa De Guarderia,guardería,81,18.473941,-97.392029,https://mitehuacan.mx/?ruta=24-dina
3,Guarderia Imss 01 Tehuacan,guardería,100,18.473804,-97.393752,https://mitehuacan.mx/?ruta=24-dina
3,Il Mondo Dei Bambini,guardería,141,18.46773,-97.396562,https://mitehuacan.mx/?ruta=24-dina
3,Estancia Infantil Corazones Unidos,guardería,149,18.474925,-97.391333,https://mitehuacan.mx/?ruta=24-dina
3,Frutileto,health food,7,18.462251,-97.394131,https://mitehuacan.mx/?ruta=24-dina
3,Clinica Independencia,hospital,4,18.463072,-97.396928,https://mitehuacan.mx/?ruta=24-dina
3,Hospital Municipal De Tehuacan,hospital,7,18.464826,-97.387277,https://mitehuacan.mx/?ruta=24-dina
3,Sanatorio Sagrado Corazon De Tehuacan,hospital,7,18.460753,-97.394195,https://mitehuacan.mx/?ruta=24-dina
3,Hospital General De Zona Num 15 Del Imss,hospital,29,18.475216,-97.395941,https://mitehuacan.mx/?ruta=24-dina
3,Consultorio De La Dr Briones,hospital,45,18.472365,-97.395249,https://mitehuacan.mx/?ruta=24-dina
3,Serme,hospital,117,18.469551,-97.392832,https://mitehuacan.mx/?ruta=24-dina
3,Clinica San Fernando,hospital,129,18.457564,-97.392351,https://mitehuacan.mx/?ruta=24-dina
3,La Casona,hostel,6,18.468554,-97.391449,https://mitehuacan.mx/?ruta=24-dina
3,emai,hostel,118,18.461045,-97.395234,https://mitehuacan.mx/?ruta=24-dina
3,Capilla de la Oración del Huerto,iglesia,0,18.464441,-97.382532,https://mitehuacan.mx/?ruta=24-dina
3,Primera I.B.,iglesia,6,18.463189,-97.397883,https://mitehuacan.mx/?ruta=24-dina
3,I.B. Emmanuel,iglesia,22,18.458579,-97.393472,https://mitehuacan.mx/?ruta=24-dina
3,Servicio Panamericano de Protección SA de CV,insurance,72,18.47458,-97.392084,https://mitehuacan.mx/?ruta=24-dina
3,Cometra,insurance,149,18.463373,-97.385697,https://mitehuacan.mx/?ruta=24-dina
3,Joyeria Osorio,joyería,1,18.464835,-97.390085,https://mitehuacan.mx/?ruta=24-dina
3,Joyeria Brillante,joyería,2,18.465359,-97.391443,https://mitehuacan.mx/?ruta=24-dina
3,Centro Joyero Reforma,joyería,4,18.462287,-97.394018,https://mitehuacan.mx/?ruta=24-dina
3,Roalva Joyeria,joyería,7,18.463152,-97.396306,https://mitehuacan.mx/?ruta=24-dina
3,Venta De Plata Joyeria Jk,joyería,14,18.458543,-97.39033,https://mitehuacan.mx/?ruta=24-dina
3,Joyeria Y Relojeria El Rubi,joyería,18,18.458504,-97.390238,https://mitehuacan.mx/?ruta=24-dina
3,Centro Joyero Casa 38,joyería,41,18.463327,-97.393988,https://mitehuacan.mx/?ruta=24-dina
3,Joyeria R&M,joyería,48,18.464435,-97.391452,https://mitehuacan.mx/?ruta=24-dina
3,Joyeria Vizuet,joyería,70,18.463053,-97.39339,https://mitehuacan.mx/?ruta=24-dina
3,Euphoria Jewelry Joyeria Y Accesorios,joyería,85,18.457965,-97.392444,https://mitehuacan.mx/?ruta=24-dina
3,Venta De Plata B O,joyería,139,18.457449,-97.391463,https://mitehuacan.mx/?ruta=24-dina
3,Bodega De Novedades Yani,joyería,147,18.459987,-97.389902,https://mitehuacan.mx/?ruta=24-dina
3,Tienda De Regalos Alexis,juguetería,3,18.465847,-97.391439,https://mitehuacan.mx/?ruta=24-dina
3,Gamer Store Reparacion De Videojuegos,juguetería,4,18.465621,-97.391441,https://mitehuacan.mx/?ruta=24-dina
3,Jugueteria Zhu Fu,juguetería,5,18.458541,-97.387745,https://mitehuacan.mx/?ruta=24-dina
3,Venta De Juguetes Y Bisuteria Sin Nombre,juguetería,5,18.458517,-97.387233,https://mitehuacan.mx/?ruta=24-dina
3,Regalos Droopy,juguetería,8,18.463139,-97.395926,https://mitehuacan.mx/?ruta=24-dina
3,Tienda De Peluches El Gran Peluche,juguetería,26,18.464595,-97.389276,https://mitehuacan.mx/?ruta=24-dina
3,Novedades Y Accesorios De Mexico,juguetería,34,18.458988,-97.390669,https://mitehuacan.mx/?ruta=24-dina
3,Venta De Materiales Didacticos Edu Mart,juguetería,78,18.457939,-97.389525,https://mitehuacan.mx/?ruta=24-dina
3,Venta De Juguetes,juguetería,84,18.457795,-97.387206,https://mitehuacan.mx/?ruta=24-dina
3,Tienda De Peluches Monarca,juguetería,114,18.463727,-97.386979,https://mitehuacan.mx/?ruta=24-dina
3,Laboratorio Vitalysis,laboratorio,0,18.462989,-97.394521,https://mitehuacan.mx/?ruta=24-dina
3,Laboratorios Anmiclit,laboratorio,0,18.462989,-97.394521,https://mitehuacan.mx/?ruta=24-dina
3,Radiologia La Plazuela,laboratorio,0,18.462989,-97.394521,https://mitehuacan.mx/?ruta=24-dina
3,Laboratorios Clinicos De Tehuacan,laboratorio,1,18.464761,-97.387469,https://mitehuacan.mx/?ruta=24-dina
3,Deposito Dental Dentstore,laboratorio,3,18.458659,-97.390787,https://mitehuacan.mx/?ruta=24-dina
3,Ultrasonido Naro Diagnostica,laboratorio,3,18.470875,-97.394138,https://mitehuacan.mx/?ruta=24-dina
3,Deposito Dental Logan,laboratorio,5,18.464735,-97.384538,https://mitehuacan.mx/?ruta=24-dina
3,Laboratorio Clinico Y Bacteriologico,laboratorio,5,18.458534,-97.387593,https://mitehuacan.mx/?ruta=24-dina
3,Deposito Dental Bulas,laboratorio,6,18.458843,-97.393721,https://mitehuacan.mx/?ruta=24-dina
3,Laboratorio Diagnostico Clinico,laboratorio,6,18.460011,-97.394205,https://mitehuacan.mx/?ruta=24-dina
3,Tehuacan 1 F095,laboratorio,7,18.463166,-97.396735,https://mitehuacan.mx/?ruta=24-dina
3,Laboratorio Clinicos De Tehuacan,laboratorio,8,18.463135,-97.395816,https://mitehuacan.mx/?ruta=24-dina
3,Deposito Dental Universitario,laboratorio,9,18.468585,-97.391301,https://mitehuacan.mx/?ruta=24-dina
3,Venta De Uniformes Quirurgicos Pao,laboratorio,9,18.463124,-97.395494,https://mitehuacan.mx/?ruta=24-dina
3,Benturi Laboratorio Clinico,laboratorio,12,18.47289,-97.394905,https://mitehuacan.mx/?ruta=24-dina
3,Laboratorios Bioclin,laboratorio,17,18.464605,-97.38695,https://mitehuacan.mx/?ruta=24-dina
3,Laboratorios Mycrolab,laboratorio,22,18.458978,-97.393584,https://mitehuacan.mx/?ruta=24-dina
3,Laboratorio Clinico,laboratorio,24,18.473326,-97.392607,https://mitehuacan.mx/?ruta=24-dina
3,Laboratorio De Analisis Clinicos,laboratorio,25,18.463321,-97.396443,https://mitehuacan.mx/?ruta=24-dina
3,Centro Radiologico Digital Maxilofacial,laboratorio,32,18.464577,-97.391346,https://mitehuacan.mx/?ruta=24-dina
3,Ceditsa Laboratorios,laboratorio,34,18.47135,-97.3932,https://mitehuacan.mx/?ruta=24-dina
3,Venta De Uniformes Clinicos Plus,laboratorio,42,18.46099,-97.394522,https://mitehuacan.mx/?ruta=24-dina
3,San Antonio Laboratorios,laboratorio,43,18.460877,-97.393719,https://mitehuacan.mx/?ruta=24-dina
3,Radiologia Y Ultrasonido La Plazuela,laboratorio,49,18.462088,-97.394542,https://mitehuacan.mx/?ruta=24-dina
3,Deposito Dental,laboratorio,62,18.465881,-97.390828,https://mitehuacan.mx/?ruta=24-dina
3,Laboratorio Genesys,laboratorio,63,18.4631,-97.398706,https://mitehuacan.mx/?ruta=24-dina
3,Ceditsa Laboratorios,laboratorio,65,18.471294,-97.3935,https://mitehuacan.mx/?ruta=24-dina
3,Laboratorio De Diagnostico Molecular Y Clinico Gen Dna,laboratorio,71,18.46702,-97.39208,https://mitehuacan.mx/?ruta=24-dina
3,Laboratorio Labsa,laboratorio,73,18.460999,-97.394811,https://mitehuacan.mx/?ruta=24-dina
3,Deposito Dental Sin Nombre,laboratorio,76,18.461778,-97.393376,https://mitehuacan.mx/?ruta=24-dina
3,Laboratorios Clinicos De Tehuacan,laboratorio,80,18.463616,-97.393722,https://mitehuacan.mx/?ruta=24-dina
3,Radiologia Medica De Tehuacan,laboratorio,88,18.46389,-97.396424,https://mitehuacan.mx/?ruta=24-dina
3,Laboratorios Clínicos de Tehuacán,laboratorio,89,18.463643,-97.39359,https://mitehuacan.mx/?ruta=24-dina
3,Venta De Uniformes Hospitalarios,laboratorio,91,18.45792,-97.392729,https://mitehuacan.mx/?ruta=24-dina
3,Quality Laboratorio,laboratorio,94,18.459586,-97.392427,https://mitehuacan.mx/?ruta=24-dina
3,Centro De Radiologia Dental,laboratorio,105,18.463337,-97.393131,https://mitehuacan.mx/?ruta=24-dina
3,Laboratorios Ab,laboratorio,105,18.462186,-97.39783,https://mitehuacan.mx/?ruta=24-dina
3,Imagen Ultrasonido,laboratorio,108,18.472948,-97.393873,https://mitehuacan.mx/?ruta=24-dina
3,Salud Digna Tehuacán,laboratorio,111,18.462037,-97.395493,https://mitehuacan.mx/?ruta=24-dina
3,Laboratorio Diagnostico Clinico,laboratorio,120,18.463488,-97.393049,https://mitehuacan.mx/?ruta=24-dina
3,Laboratorio Clinico Innova Lab,laboratorio,128,18.467968,-97.393868,https://mitehuacan.mx/?ruta=24-dina
3,Deposito Dental Apex,laboratorio,130,18.464133,-97.393932,https://mitehuacan.mx/?ruta=24-dina
3,Tintoreria Tehuacan,lavandería,1,18.464819,-97.389175,https://mitehuacan.mx/?ruta=24-dina
3,Lavanderia Ant,lavandería,2,18.464719,-97.384928,https://mitehuacan.mx/?ruta=24-dina
3,Lavanderia Lavamatyc,lavandería,2,18.467142,-97.391426,https://mitehuacan.mx/?ruta=24-dina
3,Lavanderia San Martin,lavandería,2,18.464658,-97.384323,https://mitehuacan.mx/?ruta=24-dina
3,Genesis Planchaduria Y Costuras,lavandería,4,18.468381,-97.397911,https://mitehuacan.mx/?ruta=24-dina
3,Lavanderia Lavoyoo,lavandería,4,18.491198,-97.390811,https://mitehuacan.mx/?ruta=24-dina
3,Tintoreria Mexico,lavandería,4,18.466708,-97.397976,https://mitehuacan.mx/?ruta=24-dina
3,Lavanderia Optimus Clean,lavandería,6,18.465295,-97.397944,https://mitehuacan.mx/?ruta=24-dina
3,Centro De Lavado Vip,lavandería,9,18.478886,-97.392389,https://mitehuacan.mx/?ruta=24-dina
3,Tintoreria Suprema,lavandería,10,18.469301,-97.39129,https://mitehuacan.mx/?ruta=24-dina
3,Tintoreria Y Lavanderia La Imperial,lavandería,10,18.469708,-97.391283,https://mitehuacan.mx/?ruta=24-dina
3,Lavanderia Por Kilo Reforma,lavandería,16,18.469017,-97.393842,https://mitehuacan.mx/?ruta=24-dina
3,Lavanderia Golden Wash,lavandería,23,18.483506,-97.391588,https://mitehuacan.mx/?ruta=24-dina
3,Lavanderia Independencia,lavandería,45,18.461929,-97.382673,https://mitehuacan.mx/?ruta=24-dina
3,Lavanderia Reforma,lavandería,53,18.476663,-97.393685,https://mitehuacan.mx/?ruta=24-dina
3,Tintoreria Poblana,lavandería,53,18.467753,-97.397397,https://mitehuacan.mx/?ruta=24-dina
3,Enolav Lavanderia,lavandería,62,18.465311,-97.386939,https://mitehuacan.mx/?ruta=24-dina
3,Tintoreria Rocio,lavandería,64,18.463242,-97.398715,https://mitehuacan.mx/?ruta=24-dina
3,Tintoreria Premier,lavandería,71,18.465349,-97.385242,https://mitehuacan.mx/?ruta=24-dina
3,Lavanderia Lavanda,lavandería,81,18.487632,-97.396508,https://mitehuacan.mx/?ruta=24-dina
3,Tintoreria Flores Magon,lavandería,85,18.461498,-97.386782,https://mitehuacan.mx/?ruta=24-dina
3,Lavanderia Celawi,lavandería,104,18.469458,-97.398779,https://mitehuacan.mx/?ruta=24-dina
3,Lavanderia Gus,lavandería,104,18.468252,-97.393585,https://mitehuacan.mx/?ruta=24-dina
3,Lavanderia El Tallon,lavandería,119,18.460212,-97.381027,https://mitehuacan.mx/?ruta=24-dina
3,Elaboracion De Camisa,lavandería,123,18.484043,-97.390785,https://mitehuacan.mx/?ruta=24-dina
3,Lavado De Tennis The Cleaning Style Tehuacan,lavandería,125,18.46101,-97.395299,https://mitehuacan.mx/?ruta=24-dina
3,Lavanderia Dr. Wash,lavandería,127,18.46867,-97.392847,https://mitehuacan.mx/?ruta=24-dina
3,Lavanderia Perfect Wash,lavandería,128,18.465954,-97.388283,https://mitehuacan.mx/?ruta=24-dina
3,Lavanderia Limpio Y Listo,lavandería,131,18.480756,-97.390895,https://mitehuacan.mx/?ruta=24-dina
3,Lavanderia Guadalupana,lavandería,137,18.481332,-97.390752,https://mitehuacan.mx/?ruta=24-dina
3,Sastreria Emmanuel,lavandería,139,18.457446,-97.391321,https://mitehuacan.mx/?ruta=24-dina
3,Libreria El Acertijo,librería,4,18.463068,-97.396776,https://mitehuacan.mx/?ruta=24-dina
3,Librolandia de Tehuacán,librería,23,18.464658,-97.391339,https://mitehuacan.mx/?ruta=24-dina
3,Libreria El Arte De Leer,librería,95,18.462005,-97.394981,https://mitehuacan.mx/?ruta=24-dina
3,Libreria Tehuacan,librería,98,18.461319,-97.393177,https://mitehuacan.mx/?ruta=24-dina
3,Playa Coco,mariscos,0,18.461363,-97.38394,https://mitehuacan.mx/?ruta=24-dina
3,Restaurant Bar Santander,mariscos,6,18.46459,-97.39798,https://mitehuacan.mx/?ruta=24-dina
3,Bodega De Mariqueria Las Palmitas,mariscos,7,18.471304,-97.392714,https://mitehuacan.mx/?ruta=24-dina
3,Pescaderia Y Marisqueria Las Palmas,mariscos,7,18.471304,-97.392714,https://mitehuacan.mx/?ruta=24-dina
3,Restaurante De Mariscos El Coral,mariscos,14,18.458831,-97.391449,https://mitehuacan.mx/?ruta=24-dina
3,Bodega De Pescados Y Mariscos La Isla De La Barra De Alvarad,mariscos,36,18.461031,-97.383815,https://mitehuacan.mx/?ruta=24-dina
3,Marisqueria La Marea,mariscos,85,18.465519,-97.386941,https://mitehuacan.mx/?ruta=24-dina
3,Marisqueria Puerto Escondido,mariscos,86,18.461513,-97.393287,https://mitehuacan.mx/?ruta=24-dina
3,Bodega De La Marisqueria Puerto Escondico,mariscos,89,18.470488,-97.392805,https://mitehuacan.mx/?ruta=24-dina
3,Marisqueria Puerto Escondido,mariscos,89,18.470488,-97.392805,https://mitehuacan.mx/?ruta=24-dina
3,Marisqueria Puerto Escondido,mariscos,119,18.469991,-97.392819,https://mitehuacan.mx/?ruta=24-dina
3,Veterinaria La Huella,mascotas,1,18.46918,-97.397358,https://mitehuacan.mx/?ruta=24-dina
3,Venta De Accesorios Y Estetica Canina Terra Rep,mascotas,2,18.467114,-97.391426,https://mitehuacan.mx/?ruta=24-dina
3,Pabsa Mascotas,mascotas,3,18.47505,-97.392773,https://mitehuacan.mx/?ruta=24-dina
3,Venta De Articulos Para Mascotas Oh My Can,mascotas,3,18.466173,-97.391436,https://mitehuacan.mx/?ruta=24-dina
3,Compra Venta De Articulos Para Mascotas Pet Shop Company,mascotas,8,18.463143,-97.396062,https://mitehuacan.mx/?ruta=24-dina
3,El Potrer Md,mascotas,8,18.482799,-97.397704,https://mitehuacan.mx/?ruta=24-dina
3,Venta De Accesorios Para Mascotas Spa Y Pet Shop Mascotiland,mascotas,8,18.458769,-97.391143,https://mitehuacan.mx/?ruta=24-dina
3,Bodega De Habarrotes 3 Estrellas Sin Nombre,mascotas,18,18.458384,-97.386022,https://mitehuacan.mx/?ruta=24-dina
3,Venta De Alimentos Para Mascotas Pet Shop,mascotas,20,18.467173,-97.397739,https://mitehuacan.mx/?ruta=24-dina
3,Tienda De Accesorios Para Mascota Tu Amigo Fiel Th,mascotas,25,18.458415,-97.389407,https://mitehuacan.mx/?ruta=24-dina
3,Venta De Animales De Corral Sin Nombre,mascotas,36,18.458203,-97.386629,https://mitehuacan.mx/?ruta=24-dina
3,Mundo Mascotas,mascotas,67,18.458449,-97.385491,https://mitehuacan.mx/?ruta=24-dina
3,Plasticos Erandi,mascotas,76,18.458017,-97.391472,https://mitehuacan.mx/?ruta=24-dina
3,Compra Venta De Alimentos Y Accesorios Para Aves El Piolin,mascotas,95,18.457807,-97.390242,https://mitehuacan.mx/?ruta=24-dina
3,Tienda De Accesorios Para Mascotas Sin Nombre,mascotas,101,18.459597,-97.390751,https://mitehuacan.mx/?ruta=24-dina
3,Veterinaria Sin Nombre,mascotas,103,18.459576,-97.389484,https://mitehuacan.mx/?ruta=24-dina
3,Veterinaria Consentido,mascotas,116,18.463604,-97.399188,https://mitehuacan.mx/?ruta=24-dina
3,Farmacia Veterinaria Disan Tehuacan,mascotas,123,18.457401,-97.386228,https://mitehuacan.mx/?ruta=24-dina
3,Venta De Alimento Para Animales Api-Aba,mascotas,124,18.457411,-97.386702,https://mitehuacan.mx/?ruta=24-dina
3,Venta De Alimentos Balanceados Pecuarios Y Mascotas Mega Bod,mascotas,132,18.457389,-97.385706,https://mitehuacan.mx/?ruta=24-dina
3,Veterinaria Pacheco,mascotas,135,18.457349,-97.387548,https://mitehuacan.mx/?ruta=24-dina
3,Orus Acuario,mascotas,137,18.478462,-97.391248,https://mitehuacan.mx/?ruta=24-dina
3,Tienda De Mascotas Oceanus Fish Room,mascotas,148,18.464965,-97.392832,https://mitehuacan.mx/?ruta=24-dina
3,Tejas Y Acabados Sin Nombre,materiales,29,18.462426,-97.382032,https://mitehuacan.mx/?ruta=24-dina
3,Grupo Conpremex,mayoreo,0,18.470389,-97.391377,https://mitehuacan.mx/?ruta=24-dina
3,Materiales Rodi Y Raban De Oaxaca,mayoreo,1,18.461384,-97.384898,https://mitehuacan.mx/?ruta=24-dina
3,Servicios Leal,mayoreo,2,18.474634,-97.392784,https://mitehuacan.mx/?ruta=24-dina
3,Venta De Materiales Para Construccion Aguilar,mayoreo,2,18.489619,-97.398692,https://mitehuacan.mx/?ruta=24-dina
3,Barnices Otto,mayoreo,3,18.458608,-97.389118,https://mitehuacan.mx/?ruta=24-dina
3,Compra Venta De Fierro Viejo,mayoreo,3,18.489371,-97.397114,https://mitehuacan.mx/?ruta=24-dina
3,Pinturas Doal 3 Norte,mayoreo,3,18.466164,-97.391436,https://mitehuacan.mx/?ruta=24-dina
3,Refrigeracion Basculas Y Equipos Comerciales,mayoreo,3,18.458692,-97.391933,https://mitehuacan.mx/?ruta=24-dina
3,Venta De Marcos De Madera Marcos Tehuacan,mayoreo,3,18.458681,-97.39145,https://mitehuacan.mx/?ruta=24-dina
3,Casa Jimenez De Maquinas De Coser,mayoreo,4,18.458854,-97.394091,https://mitehuacan.mx/?ruta=24-dina
3,Laminas Tehuacan,mayoreo,4,18.462705,-97.38122,https://mitehuacan.mx/?ruta=24-dina
3,Tehuacán,mayoreo,4,18.459706,-97.394209,https://mitehuacan.mx/?ruta=24-dina
3,Agroquimicos Y Semillas La Coa,mayoreo,5,18.458627,-97.387657,https://mitehuacan.mx/?ruta=24-dina
3,Aquatek Sistemas,mayoreo,5,18.464738,-97.384623,https://mitehuacan.mx/?ruta=24-dina
3,Barradas Refrigeracion Comercial Tehuacan,mayoreo,5,18.459889,-97.394207,https://mitehuacan.mx/?ruta=24-dina
3,Compra Venta De Material Para Construccion Sin Nombre,mayoreo,5,18.483952,-97.398058,https://mitehuacan.mx/?ruta=24-dina
3,Compra Venta De Refrigeradores Refrigeracion Comercial,mayoreo,5,18.459857,-97.394207,https://mitehuacan.mx/?ruta=24-dina
3,Distribuidora De Maquinaria Agricola Sin Nombre,mayoreo,5,18.458523,-97.387366,https://mitehuacan.mx/?ruta=24-dina
3,Estanterias Metalicas Flejuser,mayoreo,5,18.458507,-97.3871,https://mitehuacan.mx/?ruta=24-dina
3,Gnava Electroconstructora Bodega,mayoreo,5,18.471612,-97.392275,https://mitehuacan.mx/?ruta=24-dina
3,Pronamex Tehuacan,mayoreo,5,18.462459,-97.375667,https://mitehuacan.mx/?ruta=24-dina
3,Super Naturista,mayoreo,5,18.462191,-97.394022,https://mitehuacan.mx/?ruta=24-dina
3,Venta De Muebles Metalicos Tfg,mayoreo,5,18.458517,-97.387252,https://mitehuacan.mx/?ruta=24-dina
3,Articulos Para El Hogar Dehogar,mayoreo,6,18.45884,-97.393636,https://mitehuacan.mx/?ruta=24-dina
3,Botica Herbolaria San Ildefonso,mayoreo,6,18.458751,-97.393961,https://mitehuacan.mx/?ruta=24-dina
3,Ari Poc Recubrimientos Sherwin Williams,mayoreo,7,18.468776,-97.397788,https://mitehuacan.mx/?ruta=24-dina
3,Carnemart,mayoreo,7,18.458694,-97.388762,https://mitehuacan.mx/?ruta=24-dina
3,Casa Dany,mayoreo,7,18.459103,-97.394125,https://mitehuacan.mx/?ruta=24-dina
3,Compra - Venta De Fierro El Venado,mayoreo,7,18.492302,-97.393351,https://mitehuacan.mx/?ruta=24-dina
3,Exito,mayoreo,7,18.460324,-97.394074,https://mitehuacan.mx/?ruta=24-dina
3,Abastecedora Electrica Sin Nombre,mayoreo,8,18.458779,-97.391418,https://mitehuacan.mx/?ruta=24-dina
3,Compra De Desperdicio Social,mayoreo,8,18.464894,-97.389011,https://mitehuacan.mx/?ruta=24-dina
3,Quality Copier,mayoreo,8,18.464932,-97.390926,https://mitehuacan.mx/?ruta=24-dina
3,Tienda De Refacciones Agromaq Del Sur,mayoreo,8,18.458796,-97.392129,https://mitehuacan.mx/?ruta=24-dina
3,Amsa Tehuacan,mayoreo,9,18.462419,-97.377399,https://mitehuacan.mx/?ruta=24-dina
3,Fherrajes Y Molduras Ferreteria San Jose,mayoreo,9,18.482882,-97.397726,https://mitehuacan.mx/?ruta=24-dina
3,Hidrocomercializaciones De Tehuacan,mayoreo,9,18.473501,-97.392731,https://mitehuacan.mx/?ruta=24-dina
3,Materiales El Triunfo De Tehuacan,mayoreo,9,18.462505,-97.379408,https://mitehuacan.mx/?ruta=24-dina
3,Materiales El Triunfo De Tehuacan,mayoreo,9,18.462489,-97.379048,https://mitehuacan.mx/?ruta=24-dina
3,Bodega De Gnavaelectrocontructura,mayoreo,10,18.472886,-97.39275,https://mitehuacan.mx/?ruta=24-dina
3,Farmadist Otc Tehuacan,mayoreo,10,18.47294,-97.392748,https://mitehuacan.mx/?ruta=24-dina
3,Gnava Electroconstructora,mayoreo,10,18.473266,-97.392738,https://mitehuacan.mx/?ruta=24-dina
3,Hospitalar Proovedora De Insumos Medicos,mayoreo,10,18.47294,-97.392748,https://mitehuacan.mx/?ruta=24-dina
3,Ap Equipos Integrados,mayoreo,11,18.469058,-97.396351,https://mitehuacan.mx/?ruta=24-dina
3,El Nogal Tepole,mayoreo,11,18.47151,-97.39127,https://mitehuacan.mx/?ruta=24-dina
3,El Nogal Tepole,mayoreo,11,18.47122,-97.391271,https://mitehuacan.mx/?ruta=24-dina
3,Mantenimientos Industriales De Tehuacan,mayoreo,12,18.462628,-97.38275,https://mitehuacan.mx/?ruta=24-dina
3,Agroquimicos Urbania,mayoreo,14,18.458699,-97.394237,https://mitehuacan.mx/?ruta=24-dina
3,Comercializadora De Fertilizantes Y Productos Agricolas,mayoreo,14,18.462323,-97.375277,https://mitehuacan.mx/?ruta=24-dina
3,Medicine Depot,mayoreo,14,18.458689,-97.394128,https://mitehuacan.mx/?ruta=24-dina
3,Extintores Mg,mayoreo,15,18.465104,-97.397865,https://mitehuacan.mx/?ruta=24-dina
3,Maquinas De Cocer Mendez,mayoreo,17,18.462322,-97.375246,https://mitehuacan.mx/?ruta=24-dina
3,Ciad Mobiliario Venta Mobiliario Escolar,mayoreo,19,18.463224,-97.398289,https://mitehuacan.mx/?ruta=24-dina
3,Oficina De Administracion De Insumos Para Purificadoras Marp,mayoreo,20,18.467173,-97.397739,https://mitehuacan.mx/?ruta=24-dina
3,Electronica Politec,mayoreo,25,18.469123,-97.39162,https://mitehuacan.mx/?ruta=24-dina
3,Tienda De Insumos Para Purificadoras Marpa,mayoreo,26,18.467279,-97.398171,https://mitehuacan.mx/?ruta=24-dina
3,Dimmeeb,mayoreo,28,18.458784,-97.386618,https://mitehuacan.mx/?ruta=24-dina
3,Proveedora Remco De Tehuacan,mayoreo,28,18.45856,-97.394127,https://mitehuacan.mx/?ruta=24-dina
3,Venta De Huevo Sin Nombre,mayoreo,32,18.489603,-97.396411,https://mitehuacan.mx/?ruta=24-dina
3,Compra Venta De Equipo De Computo Newcomp,mayoreo,33,18.463393,-97.396441,https://mitehuacan.mx/?ruta=24-dina
3,Venta De Muebles Metalicos Marleba,mayoreo,34,18.45872,-97.385794,https://mitehuacan.mx/?ruta=24-dina
3,Ventade Maquinas Textiles Macointeh,mayoreo,34,18.458506,-97.394128,https://mitehuacan.mx/?ruta=24-dina
3,Universal Mexico Central Mx,mayoreo,35,18.458505,-97.394236,https://mitehuacan.mx/?ruta=24-dina
3,Venta De Refacciones Para Maquinas De Coser Calderi Tehuacan,mayoreo,39,18.458473,-97.394237,https://mitehuacan.mx/?ruta=24-dina
3,Refrigeracion Basculas Y Equipos Comerciales Rebecsa,mayoreo,41,18.458401,-97.393383,https://mitehuacan.mx/?ruta=24-dina
3,Envases Y Tapas De Plastico Jisan,mayoreo,44,18.466884,-97.390984,https://mitehuacan.mx/?ruta=24-dina
3,Flejuser Muebles Metalicos,mayoreo,44,18.458539,-97.385705,https://mitehuacan.mx/?ruta=24-dina
3,Venta De Maquinaria Agricola Sin Nombre,mayoreo,45,18.458121,-97.386027,https://mitehuacan.mx/?ruta=24-dina
3,Farmamigo Tehuacan F191,mayoreo,50,18.471245,-97.393824,https://mitehuacan.mx/?ruta=24-dina
3,Madereria Maderas Exoticas Katalox,mayoreo,52,18.464282,-97.387032,https://mitehuacan.mx/?ruta=24-dina
3,Ferreteria Albeluan,mayoreo,53,18.459162,-97.386613,https://mitehuacan.mx/?ruta=24-dina
3,Madereria Sin Nombre,mayoreo,54,18.500446,-97.393269,https://mitehuacan.mx/?ruta=24-dina
3,Sinergia Materiales Publicitarios,mayoreo,60,18.466878,-97.390832,https://mitehuacan.mx/?ruta=24-dina
3,Bodega De Costales Y Plasticos Tehuacan,mayoreo,61,18.461978,-97.378075,https://mitehuacan.mx/?ruta=24-dina
3,Comercializadora De Fertilizantes Zero,mayoreo,62,18.469059,-97.391972,https://mitehuacan.mx/?ruta=24-dina
3,Faros Leds Del Sureste,mayoreo,64,18.462759,-97.383277,https://mitehuacan.mx/?ruta=24-dina
3,Meteriales Y Acabados Aries,mayoreo,65,18.462108,-97.382603,https://mitehuacan.mx/?ruta=24-dina
3,O & S Consultores,mayoreo,65,18.469731,-97.395442,https://mitehuacan.mx/?ruta=24-dina
3,Zootecnia Sin Nombre,mayoreo,67,18.481118,-97.392743,https://mitehuacan.mx/?ruta=24-dina
3,Materiales Reyes,mayoreo,72,18.460998,-97.394806,https://mitehuacan.mx/?ruta=24-dina
3,Medicine Depot,mayoreo,74,18.46379,-97.397179,https://mitehuacan.mx/?ruta=24-dina
3,Materiales Para Construccion San Valentin,mayoreo,75,18.500246,-97.391369,https://mitehuacan.mx/?ruta=24-dina
3,Maderas Y Derivados De Tehuacan,mayoreo,78,18.460701,-97.38345,https://mitehuacan.mx/?ruta=24-dina
3,Venta De Muebles Metalicos Tfg,mayoreo,79,18.458529,-97.385374,https://mitehuacan.mx/?ruta=24-dina
3,Centro De Reciclado De La 3 Oriente,mayoreo,83,18.460607,-97.383776,https://mitehuacan.mx/?ruta=24-dina
3,Recicladora Ayok Desin,mayoreo,86,18.488878,-97.39028,https://mitehuacan.mx/?ruta=24-dina
3,Venta De Huevo Sin Nombre,mayoreo,89,18.470488,-97.392805,https://mitehuacan.mx/?ruta=24-dina
3,Compra Y Venta De Plasticos Sin Nombre,mayoreo,90,18.45796,-97.385499,https://mitehuacan.mx/?ruta=24-dina
3,Comercio De Accesorios De Computo Soluciones Tecnologicas Gm,mayoreo,92,18.457809,-97.389412,https://mitehuacan.mx/?ruta=24-dina
3,Motoimplementos Y Equipos De Puebla,mayoreo,94,18.457676,-97.386575,https://mitehuacan.mx/?ruta=24-dina
3,Tienda De Tintas Para Imprenta Tinta Y Color Para Las Artes ,mayoreo,95,18.465694,-97.389389,https://mitehuacan.mx/?ruta=24-dina
3,Servicio Electronico Sanyo,mayoreo,100,18.468221,-97.39386,https://mitehuacan.mx/?ruta=24-dina
3,Edificaciones La Y,mayoreo,101,18.464592,-97.381564,https://mitehuacan.mx/?ruta=24-dina
3,Venta De Bocinas Y Luces R-Audio,mayoreo,102,18.458719,-97.385149,https://mitehuacan.mx/?ruta=24-dina
3,Venta De Maquinaria Agricola Sin Nombre,mayoreo,102,18.4588,-97.385144,https://mitehuacan.mx/?ruta=24-dina
3,Venta De Cafe Gano Excel,mayoreo,103,18.460469,-97.38495,https://mitehuacan.mx/?ruta=24-dina
3,Plasticos Y Costales Tehuacan,mayoreo,107,18.45955,-97.385095,https://mitehuacan.mx/?ruta=24-dina
3,Plasticos De Oriente,mayoreo,109,18.459975,-97.385068,https://mitehuacan.mx/?ruta=24-dina
3,Marleba Venta De Estanteria,mayoreo,111,18.45854,-97.385074,https://mitehuacan.mx/?ruta=24-dina
3,Estanterias Jesmar,mayoreo,112,18.458843,-97.385056,https://mitehuacan.mx/?ruta=24-dina
3,Suministros Graficos De Tehuacan,mayoreo,112,18.465848,-97.389387,https://mitehuacan.mx/?ruta=24-dina
3,Refaciones Industriales Rihersa,mayoreo,116,18.465255,-97.381636,https://mitehuacan.mx/?ruta=24-dina
3,Tienda De Suministros Textiles Avios Delcar,mayoreo,119,18.479158,-97.393575,https://mitehuacan.mx/?ruta=24-dina
3,Madereria Galvez,mayoreo,120,18.483614,-97.396835,https://mitehuacan.mx/?ruta=24-dina
3,Compra Venta De Fierro Viejo Y Pet Yuca,mayoreo,122,18.494123,-97.394149,https://mitehuacan.mx/?ruta=24-dina
3,Venta De Alcohol Etilico,mayoreo,123,18.464082,-97.394092,https://mitehuacan.mx/?ruta=24-dina
3,Madelara,mayoreo,126,18.473618,-97.391241,https://mitehuacan.mx/?ruta=24-dina
3,Recicladora Un Mundo Mejor,mayoreo,126,18.45743,-97.387507,https://mitehuacan.mx/?ruta=24-dina
3,Vanta De Arena Y Grava,mayoreo,126,18.490843,-97.399318,https://mitehuacan.mx/?ruta=24-dina
3,Distribuidora De Embalajes,mayoreo,135,18.457387,-97.385621,https://mitehuacan.mx/?ruta=24-dina
3,Electronica Vega,mayoreo,138,18.457422,-97.390392,https://mitehuacan.mx/?ruta=24-dina
3,Compra Venta De Desperdicios Industriales Sin Nombre,mayoreo,139,18.484213,-97.390745,https://mitehuacan.mx/?ruta=24-dina
3,Resguardo De Tambos De Plastico Sin Nombre,mayoreo,140,18.459965,-97.380316,https://mitehuacan.mx/?ruta=24-dina
3,Sucursal Estanterias Metalicas Flejuser,mayoreo,143,18.457296,-97.385662,https://mitehuacan.mx/?ruta=24-dina
3,Eurofarming,mayoreo,149,18.468272,-97.392854,https://mitehuacan.mx/?ruta=24-dina
3,Mercado Amador Hernandez El portillo,mercado,54,18.470817,-97.392738,https://mitehuacan.mx/?ruta=24-dina
3,Estambres Rosy,mercería,1,18.472224,-97.391543,https://mitehuacan.mx/?ruta=24-dina
3,Hilos Y Cordeles San Pablo,mercería,3,18.458673,-97.391232,https://mitehuacan.mx/?ruta=24-dina
3,Tienda De Estambres Sin Nombre,mercería,3,18.459444,-97.386072,https://mitehuacan.mx/?ruta=24-dina
3,Venta De Recuerdos Y Regalos,mercería,4,18.465895,-97.398011,https://mitehuacan.mx/?ruta=24-dina
3,Merceria Javier Heriberto Velasco Recio,mercería,5,18.458724,-97.393156,https://mitehuacan.mx/?ruta=24-dina
3,Entre Costuras Merceria,mercería,23,18.458509,-97.391574,https://mitehuacan.mx/?ruta=24-dina
3,Merceria El Redil,mercería,23,18.458761,-97.387107,https://mitehuacan.mx/?ruta=24-dina
3,Venta De Cierres Y Botones Creaciones Andy,mercería,26,18.458578,-97.394127,https://mitehuacan.mx/?ruta=24-dina
3,Venta De Hilos Y Avios Dura Avios,mercería,29,18.458796,-97.394472,https://mitehuacan.mx/?ruta=24-dina
3,El Globito,mercería,37,18.458382,-97.391574,https://mitehuacan.mx/?ruta=24-dina
3,Herbolaria Y Cosmetica Artesanal,mercería,48,18.466979,-97.390952,https://mitehuacan.mx/?ruta=24-dina
3,Comercializadora Reforma,mercería,57,18.45831,-97.394238,https://mitehuacan.mx/?ruta=24-dina
3,Estambres El Patito,mercería,81,18.459416,-97.390752,https://mitehuacan.mx/?ruta=24-dina
3,Venta De Estambre Sin Nombre,mercería,88,18.478526,-97.391712,https://mitehuacan.mx/?ruta=24-dina
3,Papeleria Merceria Y Regalos Dany Laura,mercería,103,18.459044,-97.385128,https://mitehuacan.mx/?ruta=24-dina
3,El Globito,mercería,117,18.463771,-97.389291,https://mitehuacan.mx/?ruta=24-dina
3,Merceria Telas Del Centro,mercería,117,18.457765,-97.394258,https://mitehuacan.mx/?ruta=24-dina
3,Hilos Lobo,mercería,144,18.457511,-97.394165,https://mitehuacan.mx/?ruta=24-dina
3,Merceria Sin Nombre,mercería,148,18.458413,-97.384723,https://mitehuacan.mx/?ruta=24-dina
3,Taller De Motos Sin Nombre,motos,1,18.488358,-97.395399,https://mitehuacan.mx/?ruta=24-dina
3,De Los Santos Ibershop,motos,4,18.477604,-97.39272,https://mitehuacan.mx/?ruta=24-dina
3,Motomat,motos,5,18.47693,-97.39264,https://mitehuacan.mx/?ruta=24-dina
3,Motocicletas Dinamo Taller,motos,7,18.464878,-97.388603,https://mitehuacan.mx/?ruta=24-dina
3,Taller De Motos Sin Nombre,motos,8,18.46481,-97.386462,https://mitehuacan.mx/?ruta=24-dina
3,Moto Max,motos,18,18.472454,-97.391062,https://mitehuacan.mx/?ruta=24-dina
3,Distribuidora Italika,motos,44,18.466912,-97.391818,https://mitehuacan.mx/?ruta=24-dina
3,Dinamo Sucursal Tehuacan Puebla,motos,53,18.464359,-97.3894,https://mitehuacan.mx/?ruta=24-dina
3,7103 Ekt Motos Tehuacan,motos,58,18.460904,-97.394669,https://mitehuacan.mx/?ruta=24-dina
3,Tienda De Refacciones Y Accesorios Para Motos De Los Angeles,motos,64,18.459314,-97.392418,https://mitehuacan.mx/?ruta=24-dina
3,Motos Y Refacciones Economicas De Tehuacan,motos,68,18.465136,-97.398652,https://mitehuacan.mx/?ruta=24-dina
3,Moto Servicio Refacciones Tehuacan,motos,74,18.473158,-97.392137,https://mitehuacan.mx/?ruta=24-dina
3,Venta De Refacciones Emanuel,motos,101,18.483675,-97.397033,https://mitehuacan.mx/?ruta=24-dina
3,Motomarcas,motos,108,18.462653,-97.383689,https://mitehuacan.mx/?ruta=24-dina
3,Refaccionaria Arellano,motos,110,18.471119,-97.390342,https://mitehuacan.mx/?ruta=24-dina
3,Taller De Motos,motos,115,18.487996,-97.390655,https://mitehuacan.mx/?ruta=24-dina
3,Taller De Motos Trumor,motos,119,18.462477,-97.3849,https://mitehuacan.mx/?ruta=24-dina
3,Taller De Motos Scooter Y Motos,motos,124,18.464988,-97.396845,https://mitehuacan.mx/?ruta=24-dina
3,Taller Repacion Katos Taller Y Moto Partes,motos,137,18.465846,-97.399273,https://mitehuacan.mx/?ruta=24-dina
3,Transportes Cc Fletes Y Mudanzas,mudanzas,0,18.461296,-97.381144,https://mitehuacan.mx/?ruta=24-dina
3,Expendio De Bonice,nieves,7,18.45861,-97.38706,https://mitehuacan.mx/?ruta=24-dina
3,Paletas Y Helados Chipi Che,nieves,10,18.490288,-97.390687,https://mitehuacan.mx/?ruta=24-dina
3,Paleteria Guadalupana,nieves,35,18.493941,-97.388278,https://mitehuacan.mx/?ruta=24-dina
3,Paleteria La Flor De Michoacan,nieves,53,18.464279,-97.386956,https://mitehuacan.mx/?ruta=24-dina
3,La flor del desierto,nieves,64,18.458158,-97.392406,https://mitehuacan.mx/?ruta=24-dina
3,Venta De Helado Y Paletas Sin Nombre,nieves,112,18.46035,-97.387139,https://mitehuacan.mx/?ruta=24-dina
3,Helados Bambi,nieves,121,18.457546,-97.389414,https://mitehuacan.mx/?ruta=24-dina
3,Neveria Y Heladeria La Michoacana,nieves,128,18.457543,-97.391232,https://mitehuacan.mx/?ruta=24-dina
3,Notaria N 5,notaría,7,18.460699,-97.394196,https://mitehuacan.mx/?ruta=24-dina
3,Notaria Publica No. 8,notaría,94,18.462364,-97.39846,https://mitehuacan.mx/?ruta=24-dina
3,Notaria Publica 7,notaría,106,18.463346,-97.39313,https://mitehuacan.mx/?ruta=24-dina
3,Notaria Publica N 1 Distrito Judicial Tehuacan Puebla,notaría,108,18.462145,-97.397262,https://mitehuacan.mx/?ruta=24-dina
3,Notaria Publica 4,notaría,130,18.464133,-97.393932,https://mitehuacan.mx/?ruta=24-dina
3,Sin Esperar Servicio De Reparto,paquetería,3,18.458694,-97.392,https://mitehuacan.mx/?ruta=24-dina
3,Psc - Tehuacan Centro,paquetería,7,18.463186,-97.397493,https://mitehuacan.mx/?ruta=24-dina
3,Fedex,paquetería,44,18.459007,-97.38828,https://mitehuacan.mx/?ruta=24-dina
3,Scm Operaciones Pba,paquetería,90,18.466866,-97.390551,https://mitehuacan.mx/?ruta=24-dina
3,Fedex,paquetería,98,18.462174,-97.395841,https://mitehuacan.mx/?ruta=24-dina
3,Servicio De Paqueteria Odm Express,paquetería,105,18.462181,-97.397755,https://mitehuacan.mx/?ruta=24-dina
3,Estafeta Mexicana,paquetería,113,18.468102,-97.393987,https://mitehuacan.mx/?ruta=24-dina
3,Estafeta,paquetería,119,18.469991,-97.392819,https://mitehuacan.mx/?ruta=24-dina
3,Paqueteria Redpack,paquetería,119,18.469991,-97.392819,https://mitehuacan.mx/?ruta=24-dina
3,Moto Lite Envios Tehuacan,paquetería,126,18.465068,-97.396823,https://mitehuacan.mx/?ruta=24-dina
3,Parque Monumento a la Madre,parque,5,18.470814,-97.394084,https://mitehuacan.mx/?ruta=24-dina
3,Rotonda Sarabia,parque,12,18.472346,-97.391334,https://mitehuacan.mx/?ruta=24-dina
3,Rotonda de la Flores Magon,parque,22,18.461466,-97.386051,https://mitehuacan.mx/?ruta=24-dina
3,Quetzalcoatl,parque,67,18.465235,-97.382542,https://mitehuacan.mx/?ruta=24-dina
3,Parque Juárez,parque,149,18.462417,-97.392642,https://mitehuacan.mx/?ruta=24-dina
3,La Casa del Pastel,pastry,56,18.462904,-97.393518,https://mitehuacan.mx/?ruta=24-dina
3,Perfumes Bravos,perfumería,2,18.465313,-97.391444,https://mitehuacan.mx/?ruta=24-dina
3,Venta De Cosmeticos Magic Glam,perfumería,3,18.458677,-97.391345,https://mitehuacan.mx/?ruta=24-dina
3,Compra Venta De Productos De Belleza Y Barberias Distribuido,perfumería,4,18.458623,-97.389801,https://mitehuacan.mx/?ruta=24-dina
3,Venta De Accesorios Para Uñas May Mendoza,perfumería,4,18.459996,-97.386063,https://mitehuacan.mx/?ruta=24-dina
3,Nails Cosmetics Tehuacan,perfumería,7,18.46491,-97.389703,https://mitehuacan.mx/?ruta=24-dina
3,Venta De Maquillaje Y Juguetes,perfumería,16,18.472596,-97.391257,https://mitehuacan.mx/?ruta=24-dina
3,Oficina De Mary Kay,perfumería,30,18.465753,-97.391695,https://mitehuacan.mx/?ruta=24-dina
3,Perfumes Y Esencias Hans Collection,perfumería,59,18.458183,-97.391574,https://mitehuacan.mx/?ruta=24-dina
3,Distribuidora Kuull,perfumería,68,18.460559,-97.393491,https://mitehuacan.mx/?ruta=24-dina
3,Enlace De Servicio Oriflame,perfumería,94,18.460553,-97.385029,https://mitehuacan.mx/?ruta=24-dina
3,Oficina Administrativa Oriflame Cosmetico Natural Sueco,perfumería,101,18.459469,-97.387159,https://mitehuacan.mx/?ruta=24-dina
3,Venta De Material Para Uñas Sin Nombre,perfumería,114,18.465883,-97.39023,https://mitehuacan.mx/?ruta=24-dina
3,Tienda De Uñas Sublime,perfumería,119,18.457704,-97.393686,https://mitehuacan.mx/?ruta=24-dina
3,Tienda De Perfumes Fragance,perfumería,125,18.459848,-97.391547,https://mitehuacan.mx/?ruta=24-dina
3,Tienda De Chacharas Sin Nombre,perfumería,129,18.463594,-97.387062,https://mitehuacan.mx/?ruta=24-dina
3,Venta De Productos Para El Cuidado De La Piel Y El Cabello L,perfumería,136,18.463723,-97.393039,https://mitehuacan.mx/?ruta=24-dina
3,Distribuidora De Tintes Kulver,perfumería,141,18.459924,-97.389378,https://mitehuacan.mx/?ruta=24-dina
3,Plaza Tehuacanera,plaza,125,18.463805,-97.393256,https://mitehuacan.mx/?ruta=24-dina
3,Polleria Rosita,pollería,2,18.461507,-97.383546,https://mitehuacan.mx/?ruta=24-dina
3,Venta De Pollo,pollería,3,18.489334,-97.396812,https://mitehuacan.mx/?ruta=24-dina
3,Polleria Guille,pollería,4,18.466076,-97.398003,https://mitehuacan.mx/?ruta=24-dina
3,Polleria Jaim,pollería,4,18.489239,-97.396132,https://mitehuacan.mx/?ruta=24-dina
3,Polleria San Miguel,pollería,4,18.461546,-97.382397,https://mitehuacan.mx/?ruta=24-dina
3,Super Polleria Zaragoza,pollería,4,18.465867,-97.398012,https://mitehuacan.mx/?ruta=24-dina
3,Abastecedora De Pollo La Granjita,pollería,5,18.458614,-97.387448,https://mitehuacan.mx/?ruta=24-dina
3,Polleria Sin Nombre,pollería,5,18.477265,-97.392646,https://mitehuacan.mx/?ruta=24-dina
3,Pollo Destazado Sin Nombre,pollería,5,18.461521,-97.381231,https://mitehuacan.mx/?ruta=24-dina
3,Pollos San Pedro,pollería,5,18.458472,-97.386182,https://mitehuacan.mx/?ruta=24-dina
3,Venta De Pollo Bon Chicken,pollería,6,18.465107,-97.397955,https://mitehuacan.mx/?ruta=24-dina
3,Carniceria Y Polleria Maribel,pollería,7,18.471304,-97.392714,https://mitehuacan.mx/?ruta=24-dina
3,Polleria Angie,pollería,7,18.460747,-97.377176,https://mitehuacan.mx/?ruta=24-dina
3,Polleria Bon Chicken,pollería,7,18.471304,-97.392714,https://mitehuacan.mx/?ruta=24-dina
3,Polleria Bonchiken,pollería,7,18.471304,-97.392714,https://mitehuacan.mx/?ruta=24-dina
3,Polleria Carmelita,pollería,7,18.471304,-97.392714,https://mitehuacan.mx/?ruta=24-dina
3,Polleria Crudi Pollo,pollería,7,18.466344,-97.397887,https://mitehuacan.mx/?ruta=24-dina
3,Polleria Delgado,pollería,7,18.471304,-97.392714,https://mitehuacan.mx/?ruta=24-dina
3,Polleria Jimmy,pollería,7,18.466271,-97.397891,https://mitehuacan.mx/?ruta=24-dina
3,Polleria Martita,pollería,7,18.471304,-97.392714,https://mitehuacan.mx/?ruta=24-dina
3,Polleria Rosy,pollería,7,18.471304,-97.392714,https://mitehuacan.mx/?ruta=24-dina
3,Polleria Sin Nombre,pollería,7,18.471304,-97.392714,https://mitehuacan.mx/?ruta=24-dina
3,Polleria Zuly,pollería,7,18.489362,-97.396308,https://mitehuacan.mx/?ruta=24-dina
3,Venta De Pollo Sin Nombre,pollería,7,18.488131,-97.398313,https://mitehuacan.mx/?ruta=24-dina
3,Polleria Angel,pollería,9,18.468921,-97.391296,https://mitehuacan.mx/?ruta=24-dina
3,Venta De Pollo Destazado Sin Nombre,pollería,9,18.461554,-97.375461,https://mitehuacan.mx/?ruta=24-dina
3,Venta De Pollo Gold Chicken,pollería,9,18.467672,-97.391317,https://mitehuacan.mx/?ruta=24-dina
3,Polleria Sin Nombre,pollería,10,18.488347,-97.39532,https://mitehuacan.mx/?ruta=24-dina
3,Distribuidora Avicola Caballero,pollería,11,18.458547,-97.38952,https://mitehuacan.mx/?ruta=24-dina
3,Polleria San Juan,pollería,11,18.481445,-97.391945,https://mitehuacan.mx/?ruta=24-dina
3,Polleria Sarai,pollería,11,18.492751,-97.390748,https://mitehuacan.mx/?ruta=24-dina
3,Polleria El Buen Pollo,pollería,13,18.480084,-97.39237,https://mitehuacan.mx/?ruta=24-dina
3,Distribuidora De Pollos San Jorge,pollería,16,18.458466,-97.385983,https://mitehuacan.mx/?ruta=24-dina
3,Patsa Pollo De Tehuacan,pollería,16,18.475093,-97.39599,https://mitehuacan.mx/?ruta=24-dina
3,Polleria Genesis,pollería,19,18.462526,-97.382658,https://mitehuacan.mx/?ruta=24-dina
3,Venta De Pollo San Pedro,pollería,31,18.458462,-97.385841,https://mitehuacan.mx/?ruta=24-dina
3,Super Polleria Zaid,pollería,43,18.461017,-97.376862,https://mitehuacan.mx/?ruta=24-dina
3,Polleria La Paz,pollería,46,18.464418,-97.389399,https://mitehuacan.mx/?ruta=24-dina
3,Polleria Lulu,pollería,52,18.469014,-97.390893,https://mitehuacan.mx/?ruta=24-dina
3,Polleria Lupita,pollería,55,18.486827,-97.398296,https://mitehuacan.mx/?ruta=24-dina
3,Polleria Sin Nombre,pollería,64,18.462119,-97.382669,https://mitehuacan.mx/?ruta=24-dina
3,Polleria Los 5 Gallitos,pollería,67,18.460491,-97.379509,https://mitehuacan.mx/?ruta=24-dina
3,Polleria Super Pollo,pollería,70,18.490306,-97.399165,https://mitehuacan.mx/?ruta=24-dina
3,Polleria Rosario,pollería,72,18.465328,-97.384139,https://mitehuacan.mx/?ruta=24-dina
3,Polleria La Suprema,pollería,73,18.465085,-97.397325,https://mitehuacan.mx/?ruta=24-dina
3,Polleria San Martin,pollería,77,18.458449,-97.385395,https://mitehuacan.mx/?ruta=24-dina
3,Polleria Sin Nombre,pollería,79,18.461789,-97.377554,https://mitehuacan.mx/?ruta=24-dina
3,Compra Venta De Pollo Fresco,pollería,81,18.465962,-97.390645,https://mitehuacan.mx/?ruta=24-dina
3,Polleria Sin Nombre,pollería,88,18.489823,-97.391767,https://mitehuacan.mx/?ruta=24-dina
3,Polleria Juquilita,pollería,89,18.470488,-97.392805,https://mitehuacan.mx/?ruta=24-dina
3,Polleria San Jose,pollería,90,18.469266,-97.398683,https://mitehuacan.mx/?ruta=24-dina
3,Distribuidora Avicola San Juan,pollería,104,18.463716,-97.38364,https://mitehuacan.mx/?ruta=24-dina
3,Polleria El Shaddai,pollería,105,18.470288,-97.392378,https://mitehuacan.mx/?ruta=24-dina
3,Polleria San Rafael,pollería,113,18.468693,-97.39893,https://mitehuacan.mx/?ruta=24-dina
3,Abastecedora De Pollo Suprema,pollería,115,18.457969,-97.385194,https://mitehuacan.mx/?ruta=24-dina
3,Polleria Rubi,pollería,118,18.492772,-97.389333,https://mitehuacan.mx/?ruta=24-dina
3,Venta De Pollo Sin Nombre,pollería,122,18.481191,-97.397204,https://mitehuacan.mx/?ruta=24-dina
3,Polleria Bezaleel,pollería,140,18.457455,-97.391738,https://mitehuacan.mx/?ruta=24-dina
3,Venta De Pollo Polleria Alexa,pollería,140,18.48125,-97.390736,https://mitehuacan.mx/?ruta=24-dina
3,Agencia Creativa De Publicidad Feedbach Agency,publicidad,8,18.463134,-97.395778,https://mitehuacan.mx/?ruta=24-dina
3,Agencia De Publicidad Publi Max,publicidad,46,18.458409,-97.394237,https://mitehuacan.mx/?ruta=24-dina
3,Publicidad Print Center,publicidad,99,18.458881,-97.395133,https://mitehuacan.mx/?ruta=24-dina
3,Sinergia Publicidad Y Mercadotecnia,publicidad,106,18.463346,-97.39313,https://mitehuacan.mx/?ruta=24-dina
3,Ok Publicidad,publicidad,118,18.464878,-97.39255,https://mitehuacan.mx/?ruta=24-dina
3,Miscelanea La Esmeralda,purificadora,1,18.469178,-97.397244,https://mitehuacan.mx/?ruta=24-dina
3,Distribuidora De Hielo Las Palmas,purificadora,40,18.462337,-97.382664,https://mitehuacan.mx/?ruta=24-dina
3,Miscelanea Bety,purificadora,48,18.471308,-97.392021,https://mitehuacan.mx/?ruta=24-dina
3,Venta De Agua De Garrafon Y Refrescos Sin Nombre,purificadora,89,18.463978,-97.38778,https://mitehuacan.mx/?ruta=24-dina
3,Deposito Daza,purificadora,118,18.457915,-97.385197,https://mitehuacan.mx/?ruta=24-dina
3,Distribuidora Y Productora Blanco,purificadora,122,18.475209,-97.391576,https://mitehuacan.mx/?ruta=24-dina
3,Deposito De Agua Sin Nombre,purificadora,127,18.465873,-97.38579,https://mitehuacan.mx/?ruta=24-dina
3,Deposito Jimenez Bodega,purificadora,141,18.45887,-97.384779,https://mitehuacan.mx/?ruta=24-dina
3,Chacharas Don Leo,regalos,0,18.469154,-97.396239,https://mitehuacan.mx/?ruta=24-dina
3,Tienda De Globos Globimagic,regalos,1,18.464834,-97.38999,https://mitehuacan.mx/?ruta=24-dina
3,Gran Plaza Comercial Los Barateros,regalos,3,18.458628,-97.389943,https://mitehuacan.mx/?ruta=24-dina
3,Novedades Key,regalos,3,18.458666,-97.391061,https://mitehuacan.mx/?ruta=24-dina
3,Novedades Rossinova,regalos,3,18.458694,-97.392,https://mitehuacan.mx/?ruta=24-dina
3,Centro Comercial Los Barateros,regalos,4,18.458631,-97.390057,https://mitehuacan.mx/?ruta=24-dina
3,Novedades Y Cibercafe Independencia,regalos,4,18.462717,-97.381665,https://mitehuacan.mx/?ruta=24-dina
3,Venta De Chucherias Bazar,regalos,4,18.47168,-97.392323,https://mitehuacan.mx/?ruta=24-dina
3,Novedades Sin Nombre,regalos,5,18.458501,-97.386921,https://mitehuacan.mx/?ruta=24-dina
3,Novedades Zazu,regalos,5,18.458629,-97.387685,https://mitehuacan.mx/?ruta=24-dina
3,Sweet And Delicius,regalos,5,18.458726,-97.393203,https://mitehuacan.mx/?ruta=24-dina
3,Tienda De Regalos Shantal,regalos,5,18.458748,-97.393848,https://mitehuacan.mx/?ruta=24-dina
3,Novedades Sin Nombre,regalos,6,18.458653,-97.388044,https://mitehuacan.mx/?ruta=24-dina
3,Regalos Rossy,regalos,6,18.461129,-97.394062,https://mitehuacan.mx/?ruta=24-dina
3,Tienda De Regalos Sin Nombre,regalos,6,18.477085,-97.392756,https://mitehuacan.mx/?ruta=24-dina
3,Venta De Articulos Para Fiesta Pa La Pachanga,regalos,6,18.458652,-97.388016,https://mitehuacan.mx/?ruta=24-dina
3,Venta De Novedades Sin Nombre,regalos,6,18.458651,-97.39147,https://mitehuacan.mx/?ruta=24-dina
3,Accesorios Y Novedades Tino,regalos,7,18.460284,-97.385992,https://mitehuacan.mx/?ruta=24-dina
3,Pequeños Angelitos,regalos,7,18.489155,-97.394712,https://mitehuacan.mx/?ruta=24-dina
3,Plaza China,regalos,7,18.460378,-97.394072,https://mitehuacan.mx/?ruta=24-dina
3,Tienda De Accesorios Lovely,regalos,7,18.464867,-97.388338,https://mitehuacan.mx/?ruta=24-dina
3,Tienda De Articulos Para Fiesta Deseo Globos,regalos,7,18.464908,-97.389599,https://mitehuacan.mx/?ruta=24-dina
3,Tienda De Novedades Sin Nombre,regalos,7,18.458799,-97.392309,https://mitehuacan.mx/?ruta=24-dina
3,Novedades Monarka,regalos,8,18.462349,-97.394138,https://mitehuacan.mx/?ruta=24-dina
3,Tienda De Novedades Coquette,regalos,8,18.458765,-97.391029,https://mitehuacan.mx/?ruta=24-dina
3,Tienda De Regalos Y Novedades Alix Fashion,regalos,8,18.458768,-97.391124,https://mitehuacan.mx/?ruta=24-dina
3,Venta De Accesorios Electronicos Importaciones Marin,regalos,8,18.458733,-97.389845,https://mitehuacan.mx/?ruta=24-dina
3,Venta De Regalos Y Novedades Theots,regalos,9,18.458662,-97.392716,https://mitehuacan.mx/?ruta=24-dina
3,Detalles Y Regalos Chemms,regalos,10,18.46922,-97.391292,https://mitehuacan.mx/?ruta=24-dina
3,Fastacias Y Regalos Anime History,regalos,11,18.458744,-97.389497,https://mitehuacan.mx/?ruta=24-dina
3,Venta De Articulos De Temporada Sin Nombre,regalos,13,18.458759,-97.389392,https://mitehuacan.mx/?ruta=24-dina
3,Novedades Valeria,regalos,19,18.458381,-97.387106,https://mitehuacan.mx/?ruta=24-dina
3,Novedades Angel,regalos,23,18.458849,-97.389391,https://mitehuacan.mx/?ruta=24-dina
3,Venta De Regalos Sin Nombre,regalos,25,18.470294,-97.391619,https://mitehuacan.mx/?ruta=24-dina
3,Novedades Guiza,regalos,41,18.467288,-97.398313,https://mitehuacan.mx/?ruta=24-dina
3,Novedades Angelito,regalos,59,18.459214,-97.390668,https://mitehuacan.mx/?ruta=24-dina
3,Venta De Novedades Articulos De Papeleria Sin Nombre,regalos,60,18.493297,-97.389327,https://mitehuacan.mx/?ruta=24-dina
3,La Casita,regalos,65,18.465881,-97.390799,https://mitehuacan.mx/?ruta=24-dina
3,Regalos Y Novedades Sin Nombre,regalos,67,18.460752,-97.383846,https://mitehuacan.mx/?ruta=24-dina
3,Novedades Y Dulces Fany,regalos,71,18.47029,-97.392055,https://mitehuacan.mx/?ruta=24-dina
3,Tienda De Regalos Candy Detalitos,regalos,74,18.463147,-97.398813,https://mitehuacan.mx/?ruta=24-dina
3,Regalos Cecy,regalos,87,18.462815,-97.393227,https://mitehuacan.mx/?ruta=24-dina
3,Tienda De Regalos Grace,regalos,87,18.462815,-97.393227,https://mitehuacan.mx/?ruta=24-dina
3,Tienda De Regalos Sin Nombre,regalos,87,18.481356,-97.396312,https://mitehuacan.mx/?ruta=24-dina
3,Novedades Luchy,regalos,89,18.470488,-97.392805,https://mitehuacan.mx/?ruta=24-dina
3,Desayunos Sorpresa Creatingbmemories,regalos,92,18.463927,-97.396422,https://mitehuacan.mx/?ruta=24-dina
3,Venta De Novedades Y Moda Sin Nombre,regalos,98,18.459622,-97.392428,https://mitehuacan.mx/?ruta=24-dina
3,Novedades Lunat Venta De Ropa,regalos,100,18.464664,-97.381571,https://mitehuacan.mx/?ruta=24-dina
3,Compra Venta De Articulos Para Fiestas Divertiglobo,regalos,101,18.457731,-97.389527,https://mitehuacan.mx/?ruta=24-dina
3,Gran Plaza Comercial Los Barateros,regalos,102,18.45957,-97.389382,https://mitehuacan.mx/?ruta=24-dina
3,Mundo De Novedades Eri,regalos,103,18.458863,-97.38514,https://mitehuacan.mx/?ruta=24-dina
3,Tienda De Regalos Tsunanime,regalos,103,18.459671,-97.392555,https://mitehuacan.mx/?ruta=24-dina
3,Tienda De Gatos Arigato,regalos,104,18.45968,-97.392555,https://mitehuacan.mx/?ruta=24-dina
3,Novedades Y Regalos Sin Nombre,regalos,108,18.457757,-97.392448,https://mitehuacan.mx/?ruta=24-dina
3,Novedades Sin Nombre,regalos,110,18.459676,-97.390666,https://mitehuacan.mx/?ruta=24-dina
3,Regalis,regalos,110,18.472009,-97.395753,https://mitehuacan.mx/?ruta=24-dina
3,Venta De Novedades Sin Nombre,regalos,114,18.458427,-97.385045,https://mitehuacan.mx/?ruta=24-dina
3,Compra Venta De Regalos Buenos Dias Amor,regalos,116,18.464878,-97.392531,https://mitehuacan.mx/?ruta=24-dina
3,Venta De Regalos Sin Nombre,regalos,116,18.463405,-97.399197,https://mitehuacan.mx/?ruta=24-dina
3,Venta De Novedades La Vida Es Bella,regalos,119,18.457704,-97.393686,https://mitehuacan.mx/?ruta=24-dina
3,Compra De Articulos Para Fiestas Party Sofi,regalos,123,18.463724,-97.389418,https://mitehuacan.mx/?ruta=24-dina
3,Tienda De Regalos Apapachos,regalos,129,18.483654,-97.396756,https://mitehuacan.mx/?ruta=24-dina
3,Beauty Colors,regalos,130,18.473117,-97.390258,https://mitehuacan.mx/?ruta=24-dina
3,Fara Novedades,regalos,131,18.470304,-97.398238,https://mitehuacan.mx/?ruta=24-dina
3,Novedades,regalos,138,18.45742,-97.390306,https://mitehuacan.mx/?ruta=24-dina
3,Novedades Rumiglez,regalos,140,18.490756,-97.389424,https://mitehuacan.mx/?ruta=24-dina
3,Regalos De Corazon,regalos,140,18.457455,-97.391785,https://mitehuacan.mx/?ruta=24-dina
3,Jugueteria Smiles,regalos,143,18.459975,-97.390664,https://mitehuacan.mx/?ruta=24-dina
3,Regalos El Desvan,regalos,144,18.460797,-97.387413,https://mitehuacan.mx/?ruta=24-dina
3,Tienda De Regalos Monse,regalos,144,18.460042,-97.392569,https://mitehuacan.mx/?ruta=24-dina
3,Tienda De Novedades Sin Nombre,regalos,145,18.461786,-97.39658,https://mitehuacan.mx/?ruta=24-dina
3,Tienda De Novedades Tehuacan,regalos,145,18.460029,-97.391545,https://mitehuacan.mx/?ruta=24-dina
3,Tienda Ee Regalos Dona Petit Tehuacan,regalos,145,18.461833,-97.398111,https://mitehuacan.mx/?ruta=24-dina
3,Impresiones Mundo Grafico,rótulos,5,18.472011,-97.391848,https://mitehuacan.mx/?ruta=24-dina
3,Rotulos Y Dibujos Enrique,rótulos,5,18.464734,-97.384491,https://mitehuacan.mx/?ruta=24-dina
3,Imaginat,rótulos,22,18.489615,-97.400219,https://mitehuacan.mx/?ruta=24-dina
3,Anuncios Expression,rótulos,138,18.457371,-97.388468,https://mitehuacan.mx/?ruta=24-dina
3,Rotulos Aguilar,rótulos,142,18.470013,-97.398867,https://mitehuacan.mx/?ruta=24-dina
3,Fumigaciones Sin Nombre,servicio,0,18.464815,-97.388843,https://mitehuacan.mx/?ruta=24-dina
3,Asesoria A Derecho Habientes Mejoravit,servicio,1,18.464835,-97.390085,https://mitehuacan.mx/?ruta=24-dina
3,Oficina De Arquitecto Carlos Olaya Lajud,servicio,1,18.471042,-97.391369,https://mitehuacan.mx/?ruta=24-dina
3,Herbalife,servicio,2,18.470218,-97.393927,https://mitehuacan.mx/?ruta=24-dina
3,Laboratorio De Comunicaciones,servicio,2,18.466481,-97.391433,https://mitehuacan.mx/?ruta=24-dina
3,Veterinaria Keiko,servicio,2,18.464721,-97.385108,https://mitehuacan.mx/?ruta=24-dina
3,Coth55_Guarda Equipaje,servicio,3,18.463041,-97.395993,https://mitehuacan.mx/?ruta=24-dina
3,Desarrollo Logistico,servicio,3,18.474601,-97.395749,https://mitehuacan.mx/?ruta=24-dina
3,Alternativas Psicopedagogicas Apsy,servicio,4,18.471933,-97.391809,https://mitehuacan.mx/?ruta=24-dina
3,Consultoria Empresarial Especializada,servicio,4,18.463098,-97.397743,https://mitehuacan.mx/?ruta=24-dina
3,Gruas Guadalupe,servicio,4,18.458576,-97.388465,https://mitehuacan.mx/?ruta=24-dina
3,Telmex Tehuacan,servicio,4,18.463054,-97.396351,https://mitehuacan.mx/?ruta=24-dina
3,Terminal De Autobuses Tehuacan Cuayucatepec,servicio,6,18.458655,-97.388073,https://mitehuacan.mx/?ruta=24-dina
3,At & T Tienda De Telefonia,servicio,7,18.460337,-97.394201,https://mitehuacan.mx/?ruta=24-dina
3,Centro De Regularizacion Club De Tareas,servicio,7,18.489704,-97.398992,https://mitehuacan.mx/?ruta=24-dina
3,Sala De Juntas Ala Norte,servicio,7,18.471304,-97.392714,https://mitehuacan.mx/?ruta=24-dina
3,Servicios De Mantenimiento Oriente,servicio,7,18.458696,-97.388804,https://mitehuacan.mx/?ruta=24-dina
3,Servicios De Mantenimiento Oriente Sa De Cv,servicio,7,18.458675,-97.388452,https://mitehuacan.mx/?ruta=24-dina
3,Empaque De Ropa En General Sin Nombre,servicio,8,18.462578,-97.380949,https://mitehuacan.mx/?ruta=24-dina
3,Cetro Integral De Prevencion Y Participacion Ciudadana El Te,servicio,9,18.495663,-97.388828,https://mitehuacan.mx/?ruta=24-dina
3,Grafox Producciones Publicidad,servicio,11,18.471283,-97.39127,https://mitehuacan.mx/?ruta=24-dina
3,Asociacion Ganadera Local De Tehuacan,servicio,16,18.475223,-97.393635,https://mitehuacan.mx/?ruta=24-dina
3,Centro De Curacion Sin Nombre,servicio,18,18.46104,-97.378182,https://mitehuacan.mx/?ruta=24-dina
3,Sheicho No Ie Nucleo Tehuacan,servicio,20,18.458957,-97.39349,https://mitehuacan.mx/?ruta=24-dina
3,Fi Espacios,servicio,22,18.468954,-97.393843,https://mitehuacan.mx/?ruta=24-dina
3,Inmobiliaria Fi Habitat,servicio,25,18.468918,-97.393844,https://mitehuacan.mx/?ruta=24-dina
3,Dm Inmobiliaria,servicio,33,18.460979,-97.393811,https://mitehuacan.mx/?ruta=24-dina
3,Sistemas De Descontaminacion Ambiental Nuevo Respiro,servicio,35,18.460036,-97.394478,https://mitehuacan.mx/?ruta=24-dina
3,Centro De Intervencion Educativo Aprendiendo Juntos,servicio,38,18.464606,-97.382161,https://mitehuacan.mx/?ruta=24-dina
3,Oficina Administrativa Pamec Telcel,servicio,40,18.458451,-97.394128,https://mitehuacan.mx/?ruta=24-dina
3,Organismo Operador Del Servicio De Limpia De Tehuacan,servicio,43,18.463486,-97.39652,https://mitehuacan.mx/?ruta=24-dina
3,Apoyo Comercial Proct,servicio,46,18.460975,-97.393687,https://mitehuacan.mx/?ruta=24-dina
3,Despacho Juridico,servicio,46,18.460975,-97.393687,https://mitehuacan.mx/?ruta=24-dina
3,Empaques Distribuidor Amperad Comercial,servicio,46,18.460975,-97.393687,https://mitehuacan.mx/?ruta=24-dina
3,Fundacion Guillermo Diaz,servicio,49,18.462088,-97.394542,https://mitehuacan.mx/?ruta=24-dina
3,Logistica Y Construccion,servicio,49,18.47524,-97.3963,https://mitehuacan.mx/?ruta=24-dina
3,Sistema Educativo De Lectura Integral,servicio,49,18.462088,-97.394542,https://mitehuacan.mx/?ruta=24-dina
3,Lectura De Cartas Adivinatorias Hermanos De La Salud,servicio,53,18.458073,-97.387119,https://mitehuacan.mx/?ruta=24-dina
3,At&T,servicio,54,18.462091,-97.394589,https://mitehuacan.mx/?ruta=24-dina
3,Health & Beauty,servicio,55,18.469633,-97.394715,https://mitehuacan.mx/?ruta=24-dina
3,Centro De Formacion Total,servicio,57,18.462552,-97.393513,https://mitehuacan.mx/?ruta=24-dina
3,Clases De Regularizacion E Ingles,servicio,58,18.466444,-97.398501,https://mitehuacan.mx/?ruta=24-dina
3,Gesti Mas Corporativo,servicio,58,18.462569,-97.396441,https://mitehuacan.mx/?ruta=24-dina
3,Red Nacional Ultima Milla,servicio,62,18.465265,-97.384699,https://mitehuacan.mx/?ruta=24-dina
3,Oficina De Asesoria De Pensiones Sin Nombre,servicio,64,18.463055,-97.398709,https://mitehuacan.mx/?ruta=24-dina
3,Servicio Panamericano De Proteccion,servicio,65,18.474384,-97.392163,https://mitehuacan.mx/?ruta=24-dina
3,Hc Construcciones,servicio,78,18.468607,-97.39344,https://mitehuacan.mx/?ruta=24-dina
3,Sky Visatel,servicio,80,18.46237,-97.396451,https://mitehuacan.mx/?ruta=24-dina
3,Oficina Documentacion De Escrituras Sin Nombre,servicio,83,18.464089,-97.397278,https://mitehuacan.mx/?ruta=24-dina
3,Inmobiliaria Casa Nueva,servicio,84,18.468606,-97.393364,https://mitehuacan.mx/?ruta=24-dina
3,Lectura De Cartas Maestro Pedro Y Paulo,servicio,86,18.461685,-97.393283,https://mitehuacan.mx/?ruta=24-dina
3,Movimiento Gnostico A.C,servicio,90,18.479325,-97.391503,https://mitehuacan.mx/?ruta=24-dina
3,Santeria,servicio,93,18.457928,-97.393299,https://mitehuacan.mx/?ruta=24-dina
3,Manos Campesinas Trabajando Por Mexico,servicio,94,18.500102,-97.393042,https://mitehuacan.mx/?ruta=24-dina
3,El Poderoso Sonido Cartagena,servicio,104,18.463557,-97.379948,https://mitehuacan.mx/?ruta=24-dina
3,Estetica Canina Tac-Movil,servicio,104,18.459657,-97.387087,https://mitehuacan.mx/?ruta=24-dina
3,Oficina Proyectos Inmobiliarios,servicio,105,18.464459,-97.399036,https://mitehuacan.mx/?ruta=24-dina
3,Establecimiento Auxiliar De Abarrotera El Gallo,servicio,107,18.461013,-97.387044,https://mitehuacan.mx/?ruta=24-dina
3,Oficina De Arquitectura Sin Nombre,servicio,111,18.464991,-97.396968,https://mitehuacan.mx/?ruta=24-dina
3,Oficina De Apoyo De Alimentos Pecuarios,servicio,113,18.461574,-97.387033,https://mitehuacan.mx/?ruta=24-dina
3,Oficina De Asesoria Alanjo Construcciones,servicio,116,18.464878,-97.392531,https://mitehuacan.mx/?ruta=24-dina
3,Megacable Cis Montecarlo,servicio,119,18.469991,-97.392819,https://mitehuacan.mx/?ruta=24-dina
3,Club De Ciencias Basicas De Tehuacan,servicio,121,18.463265,-97.399255,https://mitehuacan.mx/?ruta=24-dina
3,Sonido Mister Junior,servicio,121,18.478988,-97.391267,https://mitehuacan.mx/?ruta=24-dina
3,Cometra,servicio,123,18.463603,-97.385655,https://mitehuacan.mx/?ruta=24-dina
3,Cometra Servicios Integrales,servicio,123,18.463603,-97.385678,https://mitehuacan.mx/?ruta=24-dina
3,Camara De Comercio Servicios Y Turismo Detehuacan Puebla,servicio,129,18.463624,-97.393043,https://mitehuacan.mx/?ruta=24-dina
3,Creditaria,servicio,130,18.464133,-97.393932,https://mitehuacan.mx/?ruta=24-dina
3,Caseta Telefonica Enlase,servicio,136,18.457357,-97.387889,https://mitehuacan.mx/?ruta=24-dina
3,Servicios De Arqitectura Y Planeacion De Edificaciones Resid,servicio,137,18.457362,-97.388088,https://mitehuacan.mx/?ruta=24-dina
3,Instituto De Nivelacion Academica,servicio,138,18.468444,-97.392851,https://mitehuacan.mx/?ruta=24-dina
3,Telas Parisina 2105 Tehuacan,telas,3,18.458685,-97.391576,https://mitehuacan.mx/?ruta=24-dina
3,Telas Don Luis,telas,5,18.462368,-97.394014,https://mitehuacan.mx/?ruta=24-dina
3,Telas Janina,telas,6,18.461988,-97.39403,https://mitehuacan.mx/?ruta=24-dina
3,Hilos Torzal,telas,21,18.458796,-97.394396,https://mitehuacan.mx/?ruta=24-dina
3,Venta De Telas Jimenez,telas,34,18.459012,-97.391446,https://mitehuacan.mx/?ruta=24-dina
3,Hilos Y Especialidades Pegasus,telas,44,18.458425,-97.394237,https://mitehuacan.mx/?ruta=24-dina
3,Venta De Cable De Plastico E Hilos,telas,45,18.459124,-97.391557,https://mitehuacan.mx/?ruta=24-dina
3,Creaciones Tere,telas,52,18.460993,-97.394617,https://mitehuacan.mx/?ruta=24-dina
3,Telas Mym,telas,75,18.458064,-97.392727,https://mitehuacan.mx/?ruta=24-dina
3,Venta De Rollos De Palma,telas,102,18.467849,-97.398861,https://mitehuacan.mx/?ruta=24-dina
3,Quality Hilos Y Cierres,telas,115,18.459945,-97.378931,https://mitehuacan.mx/?ruta=24-dina
3,Telmex,telecommunication,9,18.462998,-97.396208,https://mitehuacan.mx/?ruta=24-dina
3,Megacable,telecommunication,126,18.457627,-97.393204,https://mitehuacan.mx/?ruta=24-dina
3,Ignacio Salvador,terminal,5,18.458492,-97.386721,https://mitehuacan.mx/?ruta=24-dina
3,Base De La Ruta 24,terminal,8,18.489664,-97.398662,https://mitehuacan.mx/?ruta=24-dina
3,Base Ruta 24,terminal,15,18.502627,-97.393013,https://mitehuacan.mx/?ruta=24-dina
3,Autotransportes De Pasaje Tepeteopan,terminal,21,18.458362,-97.387182,https://mitehuacan.mx/?ruta=24-dina
3,Ruta De Combis Tehuacan Tlaxiaco,terminal,44,18.458247,-97.389523,https://mitehuacan.mx/?ruta=24-dina
3,Terminal AU Valles,terminal,50,18.459072,-97.388441,https://mitehuacan.mx/?ruta=24-dina
3,Terminal ADO,terminal,53,18.462586,-97.395963,https://mitehuacan.mx/?ruta=24-dina
3,Base De La Ruta Santa Ana Teloxtoc,terminal,54,18.458184,-97.390239,https://mitehuacan.mx/?ruta=24-dina
3,Turisticos Tzanahua,terminal,65,18.460815,-97.385012,https://mitehuacan.mx/?ruta=24-dina
3,Base De La Ruta 3 Infonavit Centro,terminal,67,18.462301,-97.374772,https://mitehuacan.mx/?ruta=24-dina
3,Ruta 1 Chapulco Tehuacan,terminal,72,18.458267,-97.385494,https://mitehuacan.mx/?ruta=24-dina
3,Sociedad Transporte San Simon Tlacuilotepec,terminal,75,18.457833,-97.386098,https://mitehuacan.mx/?ruta=24-dina
3,Ruta 32,terminal,78,18.492833,-97.390115,https://mitehuacan.mx/?ruta=24-dina
3,Base Ruta 1,terminal,83,18.458083,-97.385484,https://mitehuacan.mx/?ruta=24-dina
3,Base De La Ruta 1,terminal,117,18.480855,-97.391016,https://mitehuacan.mx/?ruta=24-dina
3,Autotransportes De La Mixteca,terminal,127,18.457435,-97.387726,https://mitehuacan.mx/?ruta=24-dina
3,Union Turistica Cuicateca,terminal,128,18.457543,-97.391239,https://mitehuacan.mx/?ruta=24-dina
3,Bazar De Ropa Sin Nombre,tienda,0,18.49387,-97.390407,https://mitehuacan.mx/?ruta=24-dina
3,Botanas El Surtidito,tienda,0,18.49675,-97.388849,https://mitehuacan.mx/?ruta=24-dina
3,Compra Venta De Lacteos Sin Nombre Al Por Menor,tienda,0,18.498602,-97.390133,https://mitehuacan.mx/?ruta=24-dina
3,Oxxo Suc 50Bkk El Molino Pbf,tienda,0,18.462329,-97.37541,https://mitehuacan.mx/?ruta=24-dina
3,Bodega De Cristalerias Tenorio,tienda,1,18.464776,-97.387848,https://mitehuacan.mx/?ruta=24-dina
3,Compra Venta De Empaques Para Regalos Packingmex,tienda,1,18.464835,-97.390085,https://mitehuacan.mx/?ruta=24-dina
3,Compra Venta De Productos De Limpieza Eco Limpieza Tehuacan,tienda,1,18.46484,-97.390341,https://mitehuacan.mx/?ruta=24-dina
3,Compra Venta De Suplementos Alimenticios Saya,tienda,1,18.464835,-97.390085,https://mitehuacan.mx/?ruta=24-dina
3,Dublin Opticas,tienda,1,18.463014,-97.395203,https://mitehuacan.mx/?ruta=24-dina
3,Farmacia Siete Azares,tienda,1,18.471675,-97.391359,https://mitehuacan.mx/?ruta=24-dina
3,Omega Nutricion,tienda,1,18.464835,-97.390085,https://mitehuacan.mx/?ruta=24-dina
3,Optica Elvision,tienda,1,18.464835,-97.390085,https://mitehuacan.mx/?ruta=24-dina
3,Optica Mendoza,tienda,1,18.464831,-97.389838,https://mitehuacan.mx/?ruta=24-dina
3,Productos De Limpieza Casa Limpia,tienda,1,18.464821,-97.389071,https://mitehuacan.mx/?ruta=24-dina
3,Splahs Ingenieria En Bombeo Y Energia Renobables,tienda,1,18.464729,-97.385791,https://mitehuacan.mx/?ruta=24-dina
3,Tienda De Lentes Suplementos Opticos,tienda,1,18.464838,-97.390227,https://mitehuacan.mx/?ruta=24-dina
3,Tienda De Productos Naturales Sin Nombre,tienda,1,18.463014,-97.395203,https://mitehuacan.mx/?ruta=24-dina
3,Tienda De Productos Naturistas Alecos,tienda,1,18.463014,-97.395203,https://mitehuacan.mx/?ruta=24-dina
3,Venta De Ropa Americana Sin Nombre,tienda,1,18.471431,-97.391363,https://mitehuacan.mx/?ruta=24-dina
3,Venta Renta Soporte Tecnico Sisco Tecnologia Corporativa,tienda,1,18.464856,-97.391299,https://mitehuacan.mx/?ruta=24-dina
3,Carniceria Lara,tienda,2,18.48897,-97.391121,https://mitehuacan.mx/?ruta=24-dina
3,Carniceria Las Flores,tienda,2,18.461016,-97.378922,https://mitehuacan.mx/?ruta=24-dina
3,Compra Venta De Copiadoras Sharp,tienda,2,18.464826,-97.389554,https://mitehuacan.mx/?ruta=24-dina
3,Optica Reyes,tienda,2,18.464827,-97.389649,https://mitehuacan.mx/?ruta=24-dina
3,Plasticos Lupita,tienda,2,18.464818,-97.389242,https://mitehuacan.mx/?ruta=24-dina
3,Tiendas Tres B,tienda,2,18.464828,-97.389687,https://mitehuacan.mx/?ruta=24-dina
3,Venta De Accesorios Para Computadora Improving Tecnology,tienda,2,18.468626,-97.391404,https://mitehuacan.mx/?ruta=24-dina
3,Venta De Artesanias Y Recuerdos Sin Nombre,tienda,2,18.463022,-97.395431,https://mitehuacan.mx/?ruta=24-dina
3,Venta De Ceramica Sin Nombre,tienda,2,18.466327,-97.391434,https://mitehuacan.mx/?ruta=24-dina
3,Venta De Frijol Sin Nombre,tienda,2,18.493956,-97.391979,https://mitehuacan.mx/?ruta=24-dina
3,Bazar De Ropa Sin Nombre,tienda,3,18.461496,-97.383063,https://mitehuacan.mx/?ruta=24-dina
3,Bazar Varios,tienda,3,18.489101,-97.395036,https://mitehuacan.mx/?ruta=24-dina
3,Carniceria El Carnes,tienda,3,18.493824,-97.389706,https://mitehuacan.mx/?ruta=24-dina
3,Computadoras Genius,tienda,3,18.466155,-97.391436,https://mitehuacan.mx/?ruta=24-dina
3,Coth01 Delismart Tehuacan,tienda,3,18.463041,-97.39598,https://mitehuacan.mx/?ruta=24-dina
3,Expendio De Pan Bimbo,tienda,3,18.45866,-97.390815,https://mitehuacan.mx/?ruta=24-dina
3,Funerales Velez,tienda,3,18.458612,-97.389204,https://mitehuacan.mx/?ruta=24-dina
3,Leynez Jarcieria,tienda,3,18.458965,-97.386079,https://mitehuacan.mx/?ruta=24-dina
3,Materiales Y Acabados Para La Construcion Maria Guadalupe,tienda,3,18.464663,-97.384522,https://mitehuacan.mx/?ruta=24-dina
3,Max Pan,tienda,3,18.458694,-97.392,https://mitehuacan.mx/?ruta=24-dina
3,Optica Galeon,tienda,3,18.466092,-97.391436,https://mitehuacan.mx/?ruta=24-dina
3,Optica Look Vission,tienda,3,18.458615,-97.38926,https://mitehuacan.mx/?ruta=24-dina
3,Que Botanita,tienda,3,18.489077,-97.394211,https://mitehuacan.mx/?ruta=24-dina
3,Tienda De Ropa Para Dama Sin Nombre,tienda,3,18.458663,-97.390948,https://mitehuacan.mx/?ruta=24-dina
3,Tienda De Suplementos T Articulos Gym Beast Mode,tienda,3,18.466155,-97.391436,https://mitehuacan.mx/?ruta=24-dina
3,Venta De Cobertores Y Blancos Caleb,tienda,3,18.458665,-97.391004,https://mitehuacan.mx/?ruta=24-dina
3,Venta De Cruces La Gloria De Dios,tienda,3,18.458613,-97.389232,https://mitehuacan.mx/?ruta=24-dina
3,Venta De Cruces Villanueva,tienda,3,18.458648,-97.390502,https://mitehuacan.mx/?ruta=24-dina
3,Venta De Discos Y Peliculas Sin Nombre,tienda,3,18.458644,-97.390398,https://mitehuacan.mx/?ruta=24-dina
3,Bazar De Ropa Sin Nombre,tienda,4,18.461256,-97.380139,https://mitehuacan.mx/?ruta=24-dina
3,Carniceria Aries,tienda,4,18.479994,-97.392216,https://mitehuacan.mx/?ruta=24-dina
3,Carniceria Y Polleria Maribel,tienda,4,18.461569,-97.383628,https://mitehuacan.mx/?ruta=24-dina
3,Cruces Y Coronas San Angel,tienda,4,18.458601,-97.388986,https://mitehuacan.mx/?ruta=24-dina
3,Floreria Y Novedades Las Americas,tienda,4,18.458623,-97.389801,https://mitehuacan.mx/?ruta=24-dina
3,Funerales De Jesus,tienda,4,18.458625,-97.389858,https://mitehuacan.mx/?ruta=24-dina
3,Gersa 271 Tehuacan I,tienda,4,18.462528,-97.377207,https://mitehuacan.mx/?ruta=24-dina
3,Global Gas,tienda,4,18.482877,-97.397859,https://mitehuacan.mx/?ruta=24-dina
3,Lecunberry Butique,tienda,4,18.479922,-97.392229,https://mitehuacan.mx/?ruta=24-dina
3,Omnilife De Mexico,tienda,4,18.462718,-97.381723,https://mitehuacan.mx/?ruta=24-dina
3,Optica Opticenter,tienda,4,18.463069,-97.396814,https://mitehuacan.mx/?ruta=24-dina
3,Oxxo Suc 50Twh Imss Tehuacan Pbf,tienda,4,18.474652,-97.395764,https://mitehuacan.mx/?ruta=24-dina
3,Pasteleria Cristal,tienda,4,18.458629,-97.39,https://mitehuacan.mx/?ruta=24-dina
3,Pasteleria La Cereza,tienda,4,18.458633,-97.390104,https://mitehuacan.mx/?ruta=24-dina
3,Pasteles Maleny,tienda,4,18.489082,-97.394239,https://mitehuacan.mx/?ruta=24-dina
3,Productos De Limpieza Sin Nombre,tienda,4,18.488633,-97.399179,https://mitehuacan.mx/?ruta=24-dina
3,Taboo Sex Shop,tienda,4,18.459468,-97.394213,https://mitehuacan.mx/?ruta=24-dina
3,Tienda De Ropa Y Accesorios Sin Nombre,tienda,4,18.468662,-97.397898,https://mitehuacan.mx/?ruta=24-dina
3,Venta De Lubricantes Bozen,tienda,4,18.463104,-97.397866,https://mitehuacan.mx/?ruta=24-dina
3,Venta De Productos De Limpieza,tienda,4,18.48926,-97.396293,https://mitehuacan.mx/?ruta=24-dina
3,Abarrotes Vinos Y Licores Fandango,tienda,5,18.458571,-97.38837,https://mitehuacan.mx/?ruta=24-dina
3,Bazar Sin Nombre,tienda,5,18.461536,-97.381914,https://mitehuacan.mx/?ruta=24-dina
3,Bodega De La Comercial De Tehuacan,tienda,5,18.462727,-97.382059,https://mitehuacan.mx/?ruta=24-dina
3,Carniceria Jimmis,tienda,5,18.489159,-97.395546,https://mitehuacan.mx/?ruta=24-dina
3,Centro Naturista Jupiter,tienda,5,18.458545,-97.38783,https://mitehuacan.mx/?ruta=24-dina
3,Clinica Optica Mundo Optico,tienda,5,18.458525,-97.387413,https://mitehuacan.mx/?ruta=24-dina
3,Consultorio De Medicina Omeopata,tienda,5,18.461153,-97.385978,https://mitehuacan.mx/?ruta=24-dina
3,Discos Y Tornillos Distribuidores,tienda,5,18.462674,-97.380509,https://mitehuacan.mx/?ruta=24-dina
3,Expendio De Huevo Sin Nombre,tienda,5,18.458616,-97.387486,https://mitehuacan.mx/?ruta=24-dina
3,Expendio De Pan La Antigua,tienda,5,18.458631,-97.387704,https://mitehuacan.mx/?ruta=24-dina
3,Jarcieria Puebla Y Plasticos Mop,tienda,5,18.458522,-97.387338,https://mitehuacan.mx/?ruta=24-dina
3,Oxxo Suc 50Yqp Purisima Pbf,tienda,5,18.458519,-97.387287,https://mitehuacan.mx/?ruta=24-dina
3,Panaderia Sin Nombre,tienda,5,18.489202,-97.395896,https://mitehuacan.mx/?ruta=24-dina
3,Pasteleria Cristal,tienda,5,18.458524,-97.387394,https://mitehuacan.mx/?ruta=24-dina
3,Pisos Y Azulejos Sin Nombre,tienda,5,18.462682,-97.38067,https://mitehuacan.mx/?ruta=24-dina
3,Postres Lila Alta Reposteria,tienda,5,18.462784,-97.394003,https://mitehuacan.mx/?ruta=24-dina
3,Productos De Limpieza Sin Nombre,tienda,5,18.489779,-97.399635,https://mitehuacan.mx/?ruta=24-dina
3,Tienda De Pañales Lupita,tienda,5,18.464973,-97.398066,https://mitehuacan.mx/?ruta=24-dina
3,Tienda Naturista Tehuacan,tienda,5,18.458625,-97.387619,https://mitehuacan.mx/?ruta=24-dina
3,Venta De Papas Fritas Floricel,tienda,5,18.464973,-97.398066,https://mitehuacan.mx/?ruta=24-dina
3,Venta De Productos De Limpieza Magaby,tienda,5,18.485706,-97.398611,https://mitehuacan.mx/?ruta=24-dina
3,Venta De Telas Y Servilletas Sin Nombre,tienda,5,18.458516,-97.387214,https://mitehuacan.mx/?ruta=24-dina
3,7/24,tienda,5,18.458785,-97.392528,https://mitehuacan.mx/?ruta=24-dina
3,Bodega Sin Nombre,tienda,6,18.45866,-97.388149,https://mitehuacan.mx/?ruta=24-dina
3,Coppel Tienda Departamental Reforma 448,tienda,6,18.461718,-97.394039,https://mitehuacan.mx/?ruta=24-dina
3,Coth56 Servicio Total A Bordo Tehuacan Au,tienda,6,18.458667,-97.388338,https://mitehuacan.mx/?ruta=24-dina
3,Gabanny Postres,tienda,6,18.458833,-97.393437,https://mitehuacan.mx/?ruta=24-dina
3,Mezcal La Perla De Oaxaca,tienda,6,18.458658,-97.388111,https://mitehuacan.mx/?ruta=24-dina
3,Optica Crismar,tienda,6,18.464769,-97.397971,https://mitehuacan.mx/?ruta=24-dina
3,Optica Ver-Bien,tienda,6,18.461292,-97.394056,https://mitehuacan.mx/?ruta=24-dina
3,Pasteleria Gourmet,tienda,6,18.469212,-97.396323,https://mitehuacan.mx/?ruta=24-dina
3,Tienda De Articulos Para Computadoras Genius Ct,tienda,6,18.461183,-97.39406,https://mitehuacan.mx/?ruta=24-dina
3,724 Super 102 Tehuacan Paseo Hidalgo,tienda,7,18.458804,-97.392536,https://mitehuacan.mx/?ruta=24-dina
3,Aceites Y Lubricantes La 38,tienda,7,18.489547,-97.397762,https://mitehuacan.mx/?ruta=24-dina
3,Almacen De Carniceria La Favorita,tienda,7,18.471304,-97.39271,https://mitehuacan.mx/?ruta=24-dina
3,Almacen De Carniceria Taur0,tienda,7,18.471304,-97.392714,https://mitehuacan.mx/?ruta=24-dina
3,Artesanias Mexico Lindo,tienda,7,18.461504,-97.394171,https://mitehuacan.mx/?ruta=24-dina
3,Blancos Conde,tienda,7,18.458685,-97.388613,https://mitehuacan.mx/?ruta=24-dina
3,Bodega De Carniceria Emmanuel,tienda,7,18.471304,-97.392714,https://mitehuacan.mx/?ruta=24-dina
3,Bodega De La Carniceria Y Polleria Maribel,tienda,7,18.471304,-97.392714,https://mitehuacan.mx/?ruta=24-dina
3,Carniceria De La 7,tienda,7,18.464811,-97.386575,https://mitehuacan.mx/?ruta=24-dina
3,Carniceria El Buen El Buen Trato,tienda,7,18.471304,-97.392714,https://mitehuacan.mx/?ruta=24-dina
3,Carniceria Emmanuel,tienda,7,18.471304,-97.392714,https://mitehuacan.mx/?ruta=24-dina
3,Carniceria La Favorita,tienda,7,18.471304,-97.392714,https://mitehuacan.mx/?ruta=24-dina
3,Carniceria La Tapatia,tienda,7,18.468622,-97.397796,https://mitehuacan.mx/?ruta=24-dina
3,Carniceria Miranda,tienda,7,18.477661,-97.392596,https://mitehuacan.mx/?ruta=24-dina
3,Carniceria Tauro,tienda,7,18.471304,-97.392714,https://mitehuacan.mx/?ruta=24-dina
3,Carniceria Zaragoza,tienda,7,18.465937,-97.397905,https://mitehuacan.mx/?ruta=24-dina
3,Coth51 Delimart Au,tienda,7,18.458687,-97.388656,https://mitehuacan.mx/?ruta=24-dina
3,Cremeria Y Salchichoneria Yenifer,tienda,7,18.471304,-97.392714,https://mitehuacan.mx/?ruta=24-dina
3,El Novillero Del Caribe Productos Carnicos,tienda,7,18.471304,-97.392714,https://mitehuacan.mx/?ruta=24-dina
3,Expendio De Pan De Burro Disney,tienda,7,18.458685,-97.388613,https://mitehuacan.mx/?ruta=24-dina
3,Grupo Medico Adrian Guzman,tienda,7,18.463177,-97.397133,https://mitehuacan.mx/?ruta=24-dina
3,Jarcieria J G,tienda,7,18.458605,-97.38687,https://mitehuacan.mx/?ruta=24-dina
3,O Y P,tienda,7,18.459184,-97.39412,https://mitehuacan.mx/?ruta=24-dina
3,Optica Optimex Van,tienda,7,18.46491,-97.389741,https://mitehuacan.mx/?ruta=24-dina
3,Optica Pura Vision,tienda,7,18.464913,-97.389912,https://mitehuacan.mx/?ruta=24-dina
3,Opticas Bulas,tienda,7,18.463174,-97.397019,https://mitehuacan.mx/?ruta=24-dina
3,Panaderia Sin Nombre,tienda,7,18.489338,-97.396129,https://mitehuacan.mx/?ruta=24-dina
3,Pasteleria La Artesanal,tienda,7,18.464898,-97.389266,https://mitehuacan.mx/?ruta=24-dina
3,Pasteleria La Artesanal,tienda,7,18.458811,-97.392745,https://mitehuacan.mx/?ruta=24-dina
3,Tensobioquim,tienda,7,18.460107,-97.394081,https://mitehuacan.mx/?ruta=24-dina
3,Tienda Accesorios Importadora Veracruz,tienda,7,18.458816,-97.392894,https://mitehuacan.mx/?ruta=24-dina
3,Venta De Articulos Militares,tienda,7,18.46061,-97.385987,https://mitehuacan.mx/?ruta=24-dina
3,Venta De Plasticos,tienda,7,18.471304,-97.392714,https://mitehuacan.mx/?ruta=24-dina
3,Venta De Productos Naturistas Sana,tienda,7,18.458695,-97.388783,https://mitehuacan.mx/?ruta=24-dina
3,Venta De Sombreros Y Pan El Vaquero,tienda,7,18.458692,-97.388736,https://mitehuacan.mx/?ruta=24-dina
3,Articulos De Plastico Super Plas,tienda,8,18.458788,-97.391731,https://mitehuacan.mx/?ruta=24-dina
3,Bazar De Ropa Sin Nombre,tienda,8,18.48902,-97.392802,https://mitehuacan.mx/?ruta=24-dina
3,Distribuidora De Insumos Opticos Garcia,tienda,8,18.463134,-97.395778,https://mitehuacan.mx/?ruta=24-dina
3,Distribuidora De Optica Indigo High Technology,tienda,8,18.462254,-97.394142,https://mitehuacan.mx/?ruta=24-dina
3,Expendio De Pan De Burro Sin Nombre,tienda,8,18.458705,-97.388935,https://mitehuacan.mx/?ruta=24-dina
3,La Casa De La Limpieza,tienda,8,18.467058,-97.397856,https://mitehuacan.mx/?ruta=24-dina
3,Optica Visual World,tienda,8,18.464931,-97.390879,https://mitehuacan.mx/?ruta=24-dina
3,Opticalia,tienda,8,18.464933,-97.391012,https://mitehuacan.mx/?ruta=24-dina
3,Prodetap Proveedor De Articulos Para Tapiceria,tienda,8,18.464923,-97.390424,https://mitehuacan.mx/?ruta=24-dina
3,Productos De Limpiez A Granel,tienda,8,18.462619,-97.382399,https://mitehuacan.mx/?ruta=24-dina
3,Productos De Limpieza La Estrella,tienda,8,18.489463,-97.397102,https://mitehuacan.mx/?ruta=24-dina
3,Super Servicio Alatriste,tienda,8,18.458745,-97.390252,https://mitehuacan.mx/?ruta=24-dina
3,Venta De Pinturas La Casa Del Pintor,tienda,8,18.458798,-97.392214,https://mitehuacan.mx/?ruta=24-dina
3,Venta De Pinturas Pintugama Tehuacan,tienda,8,18.458602,-97.386709,https://mitehuacan.mx/?ruta=24-dina
3,Venta De Ropa Interior De Dama Sin Nombre,tienda,8,18.458765,-97.391039,https://mitehuacan.mx/?ruta=24-dina
3,Venta De Ropa Interior Sin Nombre,tienda,8,18.479075,-97.392346,https://mitehuacan.mx/?ruta=24-dina
3,Venta De Suplementos Alimenticios Mr Nutrishion,tienda,8,18.458778,-97.391405,https://mitehuacan.mx/?ruta=24-dina
3,Vestidos Ceremoniales Karylu,tienda,8,18.458799,-97.392271,https://mitehuacan.mx/?ruta=24-dina
3,Vinos Y Licores Pomos Y Chelas,tienda,8,18.465025,-97.397944,https://mitehuacan.mx/?ruta=24-dina
3,724 Super 103 Tehuacan Planta El Calvario,tienda,9,18.483136,-97.39778,https://mitehuacan.mx/?ruta=24-dina
3,Autos Esperanza,tienda,9,18.462603,-97.381802,https://mitehuacan.mx/?ruta=24-dina
3,Boutique De Lenceria Gigil,tienda,9,18.463129,-97.395636,https://mitehuacan.mx/?ruta=24-dina
3,Carniceria Carnes Selectas Bruno,tienda,9,18.464677,-97.386949,https://mitehuacan.mx/?ruta=24-dina
3,Carniceria La Huasteca,tienda,9,18.467709,-97.391317,https://mitehuacan.mx/?ruta=24-dina
3,La Casa De La Novia Venta De Vestidos Para Fiesta,tienda,9,18.458564,-97.38952,https://mitehuacan.mx/?ruta=24-dina
3,Pasa Tecnologia Impermeable,tienda,9,18.462592,-97.381385,https://mitehuacan.mx/?ruta=24-dina
3,Pinturas Alvamex,tienda,9,18.462402,-97.377027,https://mitehuacan.mx/?ruta=24-dina
3,Sombrereria Coxcatlan,tienda,9,18.458721,-97.389257,https://mitehuacan.mx/?ruta=24-dina
3,Tienda De Lenceria Pasion 360,tienda,9,18.458739,-97.390025,https://mitehuacan.mx/?ruta=24-dina
3,Veladoras San Judas Tadeo,tienda,9,18.458718,-97.389191,https://mitehuacan.mx/?ruta=24-dina
3,Venta De Comics Y Mangas Panini Tehuacan,tienda,9,18.463124,-97.395503,https://mitehuacan.mx/?ruta=24-dina
3,Venta De Pan De Burro,tienda,9,18.458715,-97.389105,https://mitehuacan.mx/?ruta=24-dina
3,Venta De Ropa Interior Secret Fantasy,tienda,9,18.458724,-97.389323,https://mitehuacan.mx/?ruta=24-dina
3,Bazar Georgina,tienda,10,18.464612,-97.382427,https://mitehuacan.mx/?ruta=24-dina
3,Carniceria La Bella Huasteca,tienda,10,18.472324,-97.391104,https://mitehuacan.mx/?ruta=24-dina
3,Pinturas Comex,tienda,10,18.472859,-97.39275,https://mitehuacan.mx/?ruta=24-dina
3,Pinturas Recubrimientos Y Algo Mas De Tehuacan,tienda,10,18.472823,-97.392751,https://mitehuacan.mx/?ruta=24-dina
3,Productos Para Limpiemza,tienda,10,18.464797,-97.38539,https://mitehuacan.mx/?ruta=24-dina
3,Venta De Carbon Sin Nombre,tienda,10,18.489461,-97.392696,https://mitehuacan.mx/?ruta=24-dina
3,Bazar Chilis,tienda,11,18.47228,-97.392767,https://mitehuacan.mx/?ruta=24-dina
3,Carniceria La Chiquita,tienda,11,18.479152,-97.392297,https://mitehuacan.mx/?ruta=24-dina
3,Cremeria Marichely,tienda,11,18.461072,-97.379831,https://mitehuacan.mx/?ruta=24-dina
3,Kodak Moments Camaras Y Fotos,tienda,11,18.464941,-97.391538,https://mitehuacan.mx/?ruta=24-dina
3,Panaderia Santa Fe,tienda,11,18.478284,-97.392507,https://mitehuacan.mx/?ruta=24-dina
3,Van Hogar Productos De Limpieza,tienda,11,18.473375,-97.392729,https://mitehuacan.mx/?ruta=24-dina
3,Venta De Ropa Usada Sin Nombre,tienda,11,18.459379,-97.386006,https://mitehuacan.mx/?ruta=24-dina
3,Oxxo,tienda,11,18.462292,-97.375522,https://mitehuacan.mx/?ruta=24-dina
3,Moda Tienda De Ropa Chevy,tienda,12,18.4784,-97.39249,https://mitehuacan.mx/?ruta=24-dina
3,Tehuacan,tienda,12,18.458715,-97.394238,https://mitehuacan.mx/?ruta=24-dina
3,Venta De Pan Sin Nombre,tienda,12,18.458753,-97.389497,https://mitehuacan.mx/?ruta=24-dina
3,Bazar De Ropa Usada Sin Nombre,tienda,13,18.476295,-97.393797,https://mitehuacan.mx/?ruta=24-dina
3,Plasticos Y Deshechables La Inmaculada Concepcion,tienda,13,18.465105,-97.397884,https://mitehuacan.mx/?ruta=24-dina
3,Tienda De Articulos Religiosos Y De Onix El Rincon De Maria,tienda,13,18.473504,-97.395171,https://mitehuacan.mx/?ruta=24-dina
3,Venta De Productos De Limpieza,tienda,13,18.479149,-97.392278,https://mitehuacan.mx/?ruta=24-dina
3,Expendio De Panaderia Burgoa,tienda,14,18.469031,-97.396351,https://mitehuacan.mx/?ruta=24-dina
3,Pasteleria La Princesa,tienda,14,18.465026,-97.398152,https://mitehuacan.mx/?ruta=24-dina
3,Tienda De Articulos De Fisioterapia Fisiotec,tienda,14,18.463222,-97.398241,https://mitehuacan.mx/?ruta=24-dina
3,Cupat,tienda,15,18.472366,-97.394936,https://mitehuacan.mx/?ruta=24-dina
3,Pinturas Berel De Tehuacan,tienda,15,18.464625,-97.387026,https://mitehuacan.mx/?ruta=24-dina
3,Productos De Limpieza Dogo,tienda,15,18.469031,-97.391242,https://mitehuacan.mx/?ruta=24-dina
3,Tienda De Vestidos Detalles De Comunion Novias Maqueda,tienda,15,18.458819,-97.390755,https://mitehuacan.mx/?ruta=24-dina
3,724 Super 109 Tehuacan 5 Sur,tienda,16,18.458786,-97.389392,https://mitehuacan.mx/?ruta=24-dina
3,Bodega De Abarrotes 3 Estrellas Sin Nombre,tienda,16,18.458411,-97.386022,https://mitehuacan.mx/?ruta=24-dina
3,Cremeria Magos,tienda,16,18.471354,-97.392484,https://mitehuacan.mx/?ruta=24-dina
3,Plasticos Lupita,tienda,16,18.458786,-97.389392,https://mitehuacan.mx/?ruta=24-dina
3,Ventas De Computadoras Genius,tienda,16,18.458786,-97.389392,https://mitehuacan.mx/?ruta=24-dina
3,Venta De Huevo Sin Nombre,tienda,17,18.480536,-97.392003,https://mitehuacan.mx/?ruta=24-dina
3,Venta De Peliculas Sin Nombre,tienda,17,18.462543,-97.382591,https://mitehuacan.mx/?ruta=24-dina
3,Venta De Ropa Sin Nombre,tienda,17,18.461029,-97.379906,https://mitehuacan.mx/?ruta=24-dina
3,Pasteleria La Princesa,tienda,18,18.458807,-97.389496,https://mitehuacan.mx/?ruta=24-dina
3,Venta De Cruces Sin Nombre,tienda,18,18.458507,-97.390331,https://mitehuacan.mx/?ruta=24-dina
3,Venta De Ropa Usada,tienda,18,18.45858,-97.392718,https://mitehuacan.mx/?ruta=24-dina
3,Venta De Carbon Sin Nombre,tienda,19,18.489485,-97.396431,https://mitehuacan.mx/?ruta=24-dina
3,Compra Venta De Computadoras Y Accesorios Nestore,tienda,20,18.464689,-97.39145,https://mitehuacan.mx/?ruta=24-dina
3,Opticos Lumos,tienda,20,18.462966,-97.398165,https://mitehuacan.mx/?ruta=24-dina
3,Centro De Reuniones De Productos Omnilife,tienda,22,18.4645,-97.384757,https://mitehuacan.mx/?ruta=24-dina
3,Tienda De Olistoca Nirvana,tienda,22,18.463317,-97.397199,https://mitehuacan.mx/?ruta=24-dina
3,Comercializadora Osorio,tienda,23,18.458344,-97.387107,https://mitehuacan.mx/?ruta=24-dina
3,La Magia De La Limpieza,tienda,23,18.472481,-97.391023,https://mitehuacan.mx/?ruta=24-dina
3,Modas Ericos,tienda,23,18.458852,-97.389495,https://mitehuacan.mx/?ruta=24-dina
3,Optica Global Vision,tienda,23,18.465101,-97.397789,https://mitehuacan.mx/?ruta=24-dina
3,Venta De Leña Sin Nombre,tienda,24,18.489531,-97.396424,https://mitehuacan.mx/?ruta=24-dina
3,Plaza Compu Cell,tienda,25,18.464645,-97.39145,https://mitehuacan.mx/?ruta=24-dina
3,Compra Y Venta De Rebanadas De Pastel,tienda,26,18.465028,-97.398266,https://mitehuacan.mx/?ruta=24-dina
3,Expendio De Pan Las Palmas,tienda,26,18.485516,-97.396321,https://mitehuacan.mx/?ruta=24-dina
3,San Judas Tadeo,tienda,26,18.458318,-97.387108,https://mitehuacan.mx/?ruta=24-dina
3,Latinos,tienda,27,18.458797,-97.387107,https://mitehuacan.mx/?ruta=24-dina
3,Opticas Dublin,tienda,27,18.4632,-97.39399,https://mitehuacan.mx/?ruta=24-dina
3,Boutique Chanel,tienda,28,18.475289,-97.392997,https://mitehuacan.mx/?ruta=24-dina
3,Galeria La Casa De Los Cuadros,tienda,29,18.462077,-97.394352,https://mitehuacan.mx/?ruta=24-dina
3,Opticas Bulas,tienda,29,18.462077,-97.394352,https://mitehuacan.mx/?ruta=24-dina
3,Plasticos Lupita,tienda,29,18.458907,-97.389494,https://mitehuacan.mx/?ruta=24-dina
3,Productos Naturistas Nature Sunshine,tienda,29,18.462077,-97.394352,https://mitehuacan.mx/?ruta=24-dina
3,Romss,tienda,29,18.458969,-97.391446,https://mitehuacan.mx/?ruta=24-dina
3,Compra Venta De Computadoras Genius,tienda,30,18.464598,-97.39145,https://mitehuacan.mx/?ruta=24-dina
3,Suplementos Alimenticios Centro De Distribucion Bio-4,tienda,30,18.458446,-97.391574,https://mitehuacan.mx/?ruta=24-dina
3,Autos Usados Samuray S,tienda,31,18.465017,-97.397726,https://mitehuacan.mx/?ruta=24-dina
3,Venta De Lenceria Isabela,tienda,31,18.458424,-97.39147,https://mitehuacan.mx/?ruta=24-dina
3,Venta De Productos De Limpieza Prolimex,tienda,31,18.482068,-97.397437,https://mitehuacan.mx/?ruta=24-dina
3,Venta De Ropa Interior Sadda,tienda,31,18.465115,-97.389394,https://mitehuacan.mx/?ruta=24-dina
3,Armisa Comercial,tienda,33,18.460979,-97.393811,https://mitehuacan.mx/?ruta=24-dina
3,Panaderia Eduals,tienda,33,18.493541,-97.389319,https://mitehuacan.mx/?ruta=24-dina
3,Vianney Tehuacan Centro,tienda,33,18.460897,-97.39444,https://mitehuacan.mx/?ruta=24-dina
3,Babys Forever,tienda,34,18.460879,-97.393804,https://mitehuacan.mx/?ruta=24-dina
3,Tienda Naturista San Benito,tienda,34,18.458334,-97.389408,https://mitehuacan.mx/?ruta=24-dina
3,Coppel,tienda,34,18.461896,-97.393764,https://mitehuacan.mx/?ruta=24-dina
3,Los Girasoles,tienda,35,18.461712,-97.393767,https://mitehuacan.mx/?ruta=24-dina
3,Papeleria Y Libreria Librolandia,tienda,35,18.46455,-97.391347,https://mitehuacan.mx/?ruta=24-dina
3,Venta De Ropa Americana,tienda,35,18.472608,-97.390983,https://mitehuacan.mx/?ruta=24-dina
3,Compra Venta De Accesorios Para Computacion Mr Web,tienda,37,18.464532,-97.391347,https://mitehuacan.mx/?ruta=24-dina
3,Tienda Suplementos Alimenticios The Fury,tienda,37,18.463232,-97.398459,https://mitehuacan.mx/?ruta=24-dina
3,Carniceria Lupita,tienda,38,18.460252,-97.376733,https://mitehuacan.mx/?ruta=24-dina
3,Deli Mart,tienda,39,18.458975,-97.388646,https://mitehuacan.mx/?ruta=24-dina
3,Novedades Importadora Hyf,tienda,41,18.464678,-97.38213,https://mitehuacan.mx/?ruta=24-dina
3,Opticas Zygnuvision,tienda,42,18.463336,-97.393988,https://mitehuacan.mx/?ruta=24-dina
3,Tienda Naturista Bienestar Y Vida,tienda,42,18.458173,-97.387115,https://mitehuacan.mx/?ruta=24-dina
3,Tienda De Tintas Computadoras Y Accesorios Tintas Hm,tienda,44,18.465228,-97.389266,https://mitehuacan.mx/?ruta=24-dina
3,Carniceria Lezama,tienda,45,18.493433,-97.389323,https://mitehuacan.mx/?ruta=24-dina
3,Pinta Comex De Tehuacan,tienda,46,18.46525,-97.389393,https://mitehuacan.mx/?ruta=24-dina
3,Carniceria Harvest,tienda,47,18.465032,-97.398456,https://mitehuacan.mx/?ruta=24-dina
3,Carniceria La Azucena,tienda,47,18.458309,-97.392439,https://mitehuacan.mx/?ruta=24-dina
3,Compañia Poblana De Lubricantes,tienda,48,18.465899,-97.398431,https://mitehuacan.mx/?ruta=24-dina
3,Jarcieria Puebla Y Plasticos Mop,tienda,48,18.465265,-97.389266,https://mitehuacan.mx/?ruta=24-dina
3,Optica Lentes Plus,tienda,48,18.464435,-97.391452,https://mitehuacan.mx/?ruta=24-dina
3,Pasteleria Leo,tienda,48,18.464435,-97.391452,https://mitehuacan.mx/?ruta=24-dina
3,Venta De Lentes Optica Reyes,tienda,48,18.45827,-97.39147,https://mitehuacan.mx/?ruta=24-dina
3,Venta De Ropa Usada Sin Nombre,tienda,48,18.458082,-97.386271,https://mitehuacan.mx/?ruta=24-dina
3,Consultorio Si Oira Centro,tienda,49,18.462088,-97.394542,https://mitehuacan.mx/?ruta=24-dina
3,Optica Dr. Lente,tienda,49,18.462088,-97.394542,https://mitehuacan.mx/?ruta=24-dina
3,Venta De Huevo Sin Nombre,tienda,51,18.489884,-97.400514,https://mitehuacan.mx/?ruta=24-dina
3,Coppel,tienda,51,18.462903,-97.393564,https://mitehuacan.mx/?ruta=24-dina
3,Compra Venta De Equipo De Computo Nt Media Comunicaciones,tienda,52,18.463238,-97.398602,https://mitehuacan.mx/?ruta=24-dina
3,Pinturas Sayer,tienda,52,18.471365,-97.39089,https://mitehuacan.mx/?ruta=24-dina
3,Venta De Artesanias Sin Nombre,tienda,52,18.459175,-97.391442,https://mitehuacan.mx/?ruta=24-dina
3,Distribuidora De Carne De Cerdo Carniceria Magnolia,tienda,53,18.462967,-97.383154,https://mitehuacan.mx/?ruta=24-dina
3,Venta De Lenceria,tienda,53,18.45916,-97.390668,https://mitehuacan.mx/?ruta=24-dina
3,Frituras Sin Nombre,tienda,54,18.486434,-97.396716,https://mitehuacan.mx/?ruta=24-dina
3,Tienda De Articulos De Limpieza Mas Que Limpio,tienda,54,18.462306,-97.374895,https://mitehuacan.mx/?ruta=24-dina
3,Lenceria Alis,tienda,55,18.465881,-97.390894,https://mitehuacan.mx/?ruta=24-dina
3,Tienda Pinturas Berel De Tehuacan,tienda,55,18.46314,-97.398633,https://mitehuacan.mx/?ruta=24-dina
3,Venta De Productos Hortopedicos,tienda,55,18.458798,-97.394719,https://mitehuacan.mx/?ruta=24-dina
3,Todo Para Su Bebe,tienda,56,18.460973,-97.393593,https://mitehuacan.mx/?ruta=24-dina
3,La Comercial De Tehuacan,tienda,57,18.459227,-97.391441,https://mitehuacan.mx/?ruta=24-dina
3,Diseños Meraly,tienda,58,18.460873,-97.393577,https://mitehuacan.mx/?ruta=24-dina
3,Pasteleria Cristal,tienda,58,18.45818,-97.39147,https://mitehuacan.mx/?ruta=24-dina
3,Tortillas De Harina De La Abuela,tienda,58,18.458454,-97.385575,https://mitehuacan.mx/?ruta=24-dina
3,Trajes Tipicos Sin Nombre,tienda,58,18.460737,-97.385498,https://mitehuacan.mx/?ruta=24-dina
3,Venta De Sabanas Y Cobijas Blancos Banderas,tienda,58,18.459166,-97.389387,https://mitehuacan.mx/?ruta=24-dina
3,Venta Leña Sin Nombre,tienda,59,18.489693,-97.395232,https://mitehuacan.mx/?ruta=24-dina
3,Tienda De Articulos Para Adultos Afrodita Sex-Shop,tienda,60,18.463142,-97.398681,https://mitehuacan.mx/?ruta=24-dina
3,Venta De Pinturas Texturplast,tienda,60,18.458162,-97.39147,https://mitehuacan.mx/?ruta=24-dina
3,Blancos Fiori,tienda,63,18.47521,-97.392136,https://mitehuacan.mx/?ruta=24-dina
3,Compra Venta De Lentes Sin Nombre,tienda,63,18.464296,-97.391349,https://mitehuacan.mx/?ruta=24-dina
3,Productos De Limpieza,tienda,63,18.470358,-97.390781,https://mitehuacan.mx/?ruta=24-dina
3,Bazar De Ropa Sin Nombre,tienda,64,18.469081,-97.390777,https://mitehuacan.mx/?ruta=24-dina
3,Bazar De Ropa Sin Nombre,tienda,65,18.465274,-97.384472,https://mitehuacan.mx/?ruta=24-dina
3,Ilusion Tehuacan,tienda,65,18.464949,-97.392046,https://mitehuacan.mx/?ruta=24-dina
3,Tienda De Ropa Sin Nombre,tienda,65,18.459538,-97.393562,https://mitehuacan.mx/?ruta=24-dina
3,Bazar De Libros La Catrina,tienda,66,18.462497,-97.396445,https://mitehuacan.mx/?ruta=24-dina
3,Miscelanea Clemente,tienda,66,18.490006,-97.397168,https://mitehuacan.mx/?ruta=24-dina
3,Valentina Diseños Y Moda,tienda,66,18.460099,-97.393524,https://mitehuacan.mx/?ruta=24-dina
3,Tienda De Colchas Y Blancos Concord Tehuacan,tienda,67,18.462098,-97.394712,https://mitehuacan.mx/?ruta=24-dina
3,Tortilleria Paraiso,tienda,67,18.49338,-97.392159,https://mitehuacan.mx/?ruta=24-dina
3,Venta De Vinos Y Licores Regional,tienda,67,18.458548,-97.38549,https://mitehuacan.mx/?ruta=24-dina
3,Carniceria Rosvel,tienda,68,18.469259,-97.398475,https://mitehuacan.mx/?ruta=24-dina
3,La Casa Del Pastel,tienda,68,18.46294,-97.393403,https://mitehuacan.mx/?ruta=24-dina
3,Libreria Taller De Nazaret,tienda,68,18.459391,-97.393473,https://mitehuacan.mx/?ruta=24-dina
3,Surcursal De Miel San Miguel Tehuacan,tienda,69,18.459266,-97.389386,https://mitehuacan.mx/?ruta=24-dina
3,Tiendas Tres B,tienda,69,18.46077,-97.384766,https://mitehuacan.mx/?ruta=24-dina
3,Bazar De Ropa Sin Nombre,tienda,71,18.489966,-97.396457,https://mitehuacan.mx/?ruta=24-dina
3,Bolsas Y Empaques Vicky,tienda,71,18.460713,-97.383839,https://mitehuacan.mx/?ruta=24-dina
3,Carniceria Romms Cerdo De Calidad,tienda,71,18.46702,-97.392071,https://mitehuacan.mx/?ruta=24-dina
3,Comercio Al Por Menor De Artículos Para La Limpieza Sin Nomb,tienda,71,18.48155,-97.392718,https://mitehuacan.mx/?ruta=24-dina
3,Expendio De Huevo,tienda,71,18.46702,-97.39208,https://mitehuacan.mx/?ruta=24-dina
3,Venta De Ropa Sin Nombre,tienda,71,18.492197,-97.392148,https://mitehuacan.mx/?ruta=24-dina
3,Venta De Suplementos L Vid New,tienda,71,18.46702,-97.39208,https://mitehuacan.mx/?ruta=24-dina
3,Bazar De Ropa Sin Nombre,tienda,72,18.460871,-97.382697,https://mitehuacan.mx/?ruta=24-dina
3,Distribuidora Independiente De Cafe Gano Excel,tienda,72,18.464109,-97.387034,https://mitehuacan.mx/?ruta=24-dina
3,Expendio Tehuacan,tienda,72,18.465489,-97.389265,https://mitehuacan.mx/?ruta=24-dina
3,Refaccionaria Junior 2,tienda,73,18.491168,-97.393069,https://mitehuacan.mx/?ruta=24-dina
3,Venta De Leña Sin Nombre,tienda,73,18.488175,-97.394738,https://mitehuacan.mx/?ruta=24-dina
3,Productos Naturistas,tienda,75,18.460727,-97.385176,https://mitehuacan.mx/?ruta=24-dina
3,Venta De Artesanias Suika W Chile,tienda,75,18.459689,-97.393459,https://mitehuacan.mx/?ruta=24-dina
3,Venta De Ropa Sin Nombre,tienda,75,18.460724,-97.385081,https://mitehuacan.mx/?ruta=24-dina
3,Ventas Talisman,tienda,75,18.468481,-97.396434,https://mitehuacan.mx/?ruta=24-dina
3,Go Life Vive Bien,tienda,78,18.463803,-97.396509,https://mitehuacan.mx/?ruta=24-dina
3,Cremeria Vaqueritos,tienda,79,18.45793,-97.389526,https://mitehuacan.mx/?ruta=24-dina
3,Venta De Productos De Limpieza,tienda,79,18.47905,-97.391664,https://mitehuacan.mx/?ruta=24-dina
3,Pinturas Adhler De La 4 Poniente,tienda,80,18.467309,-97.398673,https://mitehuacan.mx/?ruta=24-dina
3,Mega Elecktra,tienda,81,18.464143,-97.391514,https://mitehuacan.mx/?ruta=24-dina
3,Bazar De Ropa Sin Nombre,tienda,82,18.49015,-97.397151,https://mitehuacan.mx/?ruta=24-dina
3,Opticas Devlyn A874,tienda,82,18.463049,-97.393279,https://mitehuacan.mx/?ruta=24-dina
3,Pomos Y Chelas,tienda,82,18.457975,-97.391577,https://mitehuacan.mx/?ruta=24-dina
3,Venta De Maiz Sin Nombre,tienda,82,18.463415,-97.381535,https://mitehuacan.mx/?ruta=24-dina
3,Venta De Vestidos Bordados Las Raquelitas,tienda,82,18.458529,-97.385345,https://mitehuacan.mx/?ruta=24-dina
3,Oficina Distribuidora De Productos Naturistas Advanced Nutri,tienda,83,18.464206,-97.397272,https://mitehuacan.mx/?ruta=24-dina
3,Bazar De Ropa Sin Nombre,tienda,84,18.493068,-97.38845,https://mitehuacan.mx/?ruta=24-dina
3,Bazar Sin Nombre,tienda,84,18.46588,-97.390619,https://mitehuacan.mx/?ruta=24-dina
3,Compra Venta De Accesorios Para Celular Tecno City,tienda,84,18.464105,-97.391352,https://mitehuacan.mx/?ruta=24-dina
3,Venta De Aceite Y Lubricantes Sin Nombre,tienda,85,18.490197,-97.389978,https://mitehuacan.mx/?ruta=24-dina
3,Galerias Laciana,tienda,86,18.461269,-97.393292,https://mitehuacan.mx/?ruta=24-dina
3,Gas Global Corporativo,tienda,86,18.463258,-97.377002,https://mitehuacan.mx/?ruta=24-dina
3,Venta De Articulos De Limpieza Provelym,tienda,86,18.463895,-97.397175,https://mitehuacan.mx/?ruta=24-dina
3,Ropa De Primera Comunion Sin Nombre,tienda,87,18.461196,-97.393293,https://mitehuacan.mx/?ruta=24-dina
3,Venta De Artesanias Mercaideas,tienda,87,18.462887,-97.393226,https://mitehuacan.mx/?ruta=24-dina
3,Vestidos De Novia Y Primera Comunion Diana Barroso,tienda,87,18.461196,-97.393293,https://mitehuacan.mx/?ruta=24-dina
3,Fritangueria El Cerdito,tienda,88,18.458446,-97.385291,https://mitehuacan.mx/?ruta=24-dina
3,Tienda De Venta De Uniformes Sin Nombre,tienda,88,18.463965,-97.387042,https://mitehuacan.mx/?ruta=24-dina
3,Tiendas Neto,tienda,88,18.459439,-97.389486,https://mitehuacan.mx/?ruta=24-dina
3,Bodega De Carlos Alfredo Galvez,tienda,89,18.470488,-97.392805,https://mitehuacan.mx/?ruta=24-dina
3,Bodega De Carniceria Angus,tienda,89,18.470488,-97.392805,https://mitehuacan.mx/?ruta=24-dina
3,Carniceria Angus,tienda,89,18.470488,-97.392805,https://mitehuacan.mx/?ruta=24-dina
3,Carniceria Galicia,tienda,89,18.470488,-97.392805,https://mitehuacan.mx/?ruta=24-dina
3,Carniceria Jomalagi,tienda,89,18.470488,-97.392805,https://mitehuacan.mx/?ruta=24-dina
3,Elegance By Mabel,tienda,89,18.457929,-97.392445,https://mitehuacan.mx/?ruta=24-dina
3,Lacteria Mexicana Sukrema,tienda,89,18.470488,-97.392805,https://mitehuacan.mx/?ruta=24-dina
3,Panaderia Guti Pan,tienda,89,18.470488,-97.392805,https://mitehuacan.mx/?ruta=24-dina
3,Semillas Y Chiles Secos Sin Nombre,tienda,89,18.470488,-97.392805,https://mitehuacan.mx/?ruta=24-dina
3,Venta De Veladoras E Inciensos La Abundancia,tienda,89,18.457908,-97.385566,https://mitehuacan.mx/?ruta=24-dina
3,Velatorios Machorro,tienda,90,18.467023,-97.39226,https://mitehuacan.mx/?ruta=24-dina
3,Carniceria Los Tres Novillos,tienda,91,18.489612,-97.39008,https://mitehuacan.mx/?ruta=24-dina
3,Venta De Instrumentos Musicales Emai,tienda,91,18.461003,-97.394986,https://mitehuacan.mx/?ruta=24-dina
3,Compra Venta De Granos Y Semillas,tienda,92,18.457723,-97.38721,https://mitehuacan.mx/?ruta=24-dina
3,Compra Venta De Ropa Tipica Rhuama,tienda,92,18.457834,-97.390242,https://mitehuacan.mx/?ruta=24-dina
3,Venta De Chicharron Chicharroneria Las Maravillas,tienda,92,18.458526,-97.38525,https://mitehuacan.mx/?ruta=24-dina
3,Compra Venta De Computadoras Genius Ct,tienda,94,18.464019,-97.391458,https://mitehuacan.mx/?ruta=24-dina
3,Pinturas De La 4 Poniente,tienda,94,18.467226,-97.398818,https://mitehuacan.mx/?ruta=24-dina
3,American Clothes Shop,tienda,95,18.46569,-97.389265,https://mitehuacan.mx/?ruta=24-dina
3,Tienda De Artesanias La Talavera,tienda,95,18.462249,-97.396804,https://mitehuacan.mx/?ruta=24-dina
3,Venta De Pinturas Distribuidora De Poliester,tienda,95,18.45781,-97.390337,https://mitehuacan.mx/?ruta=24-dina
3,Barnices Y Herrajes Salazar,tienda,96,18.465594,-97.385857,https://mitehuacan.mx/?ruta=24-dina
3,Oxxo Suc 50X5T 36 Poniente Pbf,tienda,97,18.487423,-97.399304,https://mitehuacan.mx/?ruta=24-dina
3,Tienda De Lenceria Gigil,tienda,97,18.468246,-97.393983,https://mitehuacan.mx/?ruta=24-dina
3,Colecturia Articulos Religiosos,tienda,98,18.461699,-97.393165,https://mitehuacan.mx/?ruta=24-dina
3,Optica Jimeli,tienda,98,18.462178,-97.395886,https://mitehuacan.mx/?ruta=24-dina
3,Tienda Ropa Mala Fama,tienda,98,18.464994,-97.397091,https://mitehuacan.mx/?ruta=24-dina
3,Tiendas Tres B,tienda,98,18.470403,-97.392905,https://mitehuacan.mx/?ruta=24-dina
3,Distribuidora De Beterware,tienda,99,18.473316,-97.393772,https://mitehuacan.mx/?ruta=24-dina
3,Tienda Neto Sucursal Nervo,tienda,99,18.457847,-97.3855,https://mitehuacan.mx/?ruta=24-dina
3,Optica Optizone,tienda,100,18.459643,-97.392554,https://mitehuacan.mx/?ruta=24-dina
3,650191 Neto Tehuacan 5 Sur,tienda,101,18.459564,-97.389484,https://mitehuacan.mx/?ruta=24-dina
3,Compra Venta De Equipos De Computo Y Mantenimiento Pineda Te,tienda,101,18.463952,-97.391355,https://mitehuacan.mx/?ruta=24-dina
3,Venta De Libros El Santuario Del Anime,tienda,101,18.467024,-97.392355,https://mitehuacan.mx/?ruta=24-dina
3,Accesorios De Limpieza,tienda,102,18.458366,-97.385172,https://mitehuacan.mx/?ruta=24-dina
3,Cremeria Y Salchichoneria La Pastora,tienda,102,18.463916,-97.389412,https://mitehuacan.mx/?ruta=24-dina
3,Impulsora Pañamex,tienda,103,18.458285,-97.385178,https://mitehuacan.mx/?ruta=24-dina
3,Optica Optivision,tienda,103,18.457713,-97.389527,https://mitehuacan.mx/?ruta=24-dina
3,Productos De Limpieza Dogo,tienda,103,18.457621,-97.387138,https://mitehuacan.mx/?ruta=24-dina
3,Venta De Productos Naturistas,tienda,103,18.458294,-97.385177,https://mitehuacan.mx/?ruta=24-dina
3,Bazar De Ropa,tienda,104,18.460582,-97.383027,https://mitehuacan.mx/?ruta=24-dina
3,Valux,tienda,105,18.458195,-97.385183,https://mitehuacan.mx/?ruta=24-dina
3,Tienda De Suplementos Alimenticios Muscular Nutrition Supple,tienda,106,18.46238,-97.398716,https://mitehuacan.mx/?ruta=24-dina
3,Tienda De Ropa Americana,tienda,107,18.465799,-97.389265,https://mitehuacan.mx/?ruta=24-dina
3,Venta De Ropa Sin Nombre,tienda,107,18.457585,-97.38714,https://mitehuacan.mx/?ruta=24-dina
3,Venta De Trajes Charros Charreria Maru,tienda,107,18.461068,-97.387042,https://mitehuacan.mx/?ruta=24-dina
3,Oxxo Suc 50Rr6 1 Pte Pbf,tienda,109,18.462084,-97.396074,https://mitehuacan.mx/?ruta=24-dina
3,Sensity Tinas De Hidromasaje,tienda,109,18.478382,-97.393652,https://mitehuacan.mx/?ruta=24-dina
3,Tienda De Ropa Casa Rios,tienda,109,18.460862,-97.393094,https://mitehuacan.mx/?ruta=24-dina
3,Venta De Lenceria Sin Nombre,tienda,109,18.459632,-97.389483,https://mitehuacan.mx/?ruta=24-dina
3,Venta De Ropa Americana Clothes,tienda,109,18.46582,-97.389387,https://mitehuacan.mx/?ruta=24-dina
3,Bodega De Veladora Maria Milagrosa,tienda,110,18.459676,-97.390666,https://mitehuacan.mx/?ruta=24-dina
3,Centro Naturista El Panalito,tienda,110,18.460862,-97.393084,https://mitehuacan.mx/?ruta=24-dina
3,Centro Naturista Sana,tienda,110,18.462056,-97.395728,https://mitehuacan.mx/?ruta=24-dina
3,Opticas Zygnuvision,tienda,110,18.46304,-97.393011,https://mitehuacan.mx/?ruta=24-dina
3,La Vaquita Feliz,tienda,111,18.478643,-97.393626,https://mitehuacan.mx/?ruta=24-dina
3,Mezcal De Oaxaca,tienda,111,18.458716,-97.385064,https://mitehuacan.mx/?ruta=24-dina
3,Puesto De Hierbas Sin Nombre,tienda,111,18.458364,-97.385085,https://mitehuacan.mx/?ruta=24-dina
3,Venta De Pan De Burro Sin Nombre,tienda,111,18.458391,-97.385082,https://mitehuacan.mx/?ruta=24-dina
3,Venta De Plasticos Sin Nombre,tienda,111,18.458382,-97.385083,https://mitehuacan.mx/?ruta=24-dina
3,Venta De Productos Alimenticios Omnilife,tienda,111,18.457637,-97.389413,https://mitehuacan.mx/?ruta=24-dina
3,650235 Neto Nervo,tienda,112,18.457691,-97.385503,https://mitehuacan.mx/?ruta=24-dina
3,Comercial Vinolesa,tienda,112,18.45973,-97.391548,https://mitehuacan.mx/?ruta=24-dina
3,Fashion Queen,tienda,112,18.458951,-97.385049,https://mitehuacan.mx/?ruta=24-dina
3,Venta De Pinturas Pintucom De Tehuacan,tienda,112,18.457653,-97.390247,https://mitehuacan.mx/?ruta=24-dina
3,Venta De Sal Sin Nombre,tienda,112,18.458318,-97.385088,https://mitehuacan.mx/?ruta=24-dina
3,Semillas Y Chiles Secos Tony Y Robert,tienda,113,18.458427,-97.385054,https://mitehuacan.mx/?ruta=24-dina
3,Cremeria Vaqueritos Andrade,tienda,114,18.480225,-97.393314,https://mitehuacan.mx/?ruta=24-dina
3,Optica Bulas,tienda,114,18.45977,-97.392559,https://mitehuacan.mx/?ruta=24-dina
3,Tienda De De Colchas Concord,tienda,114,18.46373,-97.387055,https://mitehuacan.mx/?ruta=24-dina
3,Becondom Sex Shop,tienda,115,18.466926,-97.392491,https://mitehuacan.mx/?ruta=24-dina
3,Panaderia Jose Gumaro Pastelin,tienda,115,18.465875,-97.389387,https://mitehuacan.mx/?ruta=24-dina
3,Puesto De Chiles Secos,tienda,115,18.458426,-97.385036,https://mitehuacan.mx/?ruta=24-dina
3,Sherwin Williams Tehuacan,tienda,115,18.459493,-97.385015,https://mitehuacan.mx/?ruta=24-dina
3,Venta De Ropa Y Accesorios Bazar Minisuper Dh,tienda,115,18.462107,-97.398202,https://mitehuacan.mx/?ruta=24-dina
3,Costales Y Plasticos Puebla,tienda,116,18.460144,-97.384975,https://mitehuacan.mx/?ruta=24-dina
3,Optica Mexicana,tienda,116,18.465529,-97.399092,https://mitehuacan.mx/?ruta=24-dina
3,Tienda De Disfraces El Zorro,tienda,116,18.463604,-97.399188,https://mitehuacan.mx/?ruta=24-dina
3,Venta De Chacharas Sin Nombre,tienda,116,18.458426,-97.385026,https://mitehuacan.mx/?ruta=24-dina
3,Venta De Ropa Usada Sin Nombre,tienda,116,18.458138,-97.385102,https://mitehuacan.mx/?ruta=24-dina
3,Oxxo Suc 50Rqj Olimpia Pbf,tienda,117,18.4693,-97.392838,https://mitehuacan.mx/?ruta=24-dina
3,Venta De Instrumentos Musicales Ruper Music,tienda,117,18.457583,-97.389414,https://mitehuacan.mx/?ruta=24-dina
3,Venta De Lenceria Sin Nombre,tienda,117,18.458537,-97.385013,https://mitehuacan.mx/?ruta=24-dina
3,Venta De Semillas Sin Nombre,tienda,118,18.458075,-97.385107,https://mitehuacan.mx/?ruta=24-dina
3,Distribuidora De Carnes Luz Ma,tienda,119,18.459544,-97.376989,https://mitehuacan.mx/?ruta=24-dina
3,Quesos,tienda,120,18.492753,-97.389068,https://mitehuacan.mx/?ruta=24-dina
3,Bazar De Ropa Sin Nombre,tienda,121,18.466949,-97.39026,https://mitehuacan.mx/?ruta=24-dina
3,Carniceria La Nacional,tienda,121,18.458002,-97.385112,https://mitehuacan.mx/?ruta=24-dina
3,Compra Venta De Ropa Y Articulos Varios Sin Nombre,tienda,121,18.457993,-97.385113,https://mitehuacan.mx/?ruta=24-dina
3,Compra Venta Productos Y Pañales La Purisima,tienda,121,18.457869,-97.385199,https://mitehuacan.mx/?ruta=24-dina
3,Puesto De Ropa,tienda,121,18.457993,-97.385113,https://mitehuacan.mx/?ruta=24-dina
3,Venta De Lenceria Sin Nombre,tienda,121,18.457993,-97.385113,https://mitehuacan.mx/?ruta=24-dina
3,Venta De Rebozos Y Telas Sin Nombre,tienda,121,18.457993,-97.385113,https://mitehuacan.mx/?ruta=24-dina
3,Venta De Ropa Sin Nombre,tienda,121,18.457993,-97.385113,https://mitehuacan.mx/?ruta=24-dina
3,Venta De Ropa Usada Sin Nombre,tienda,121,18.458002,-97.385112,https://mitehuacan.mx/?ruta=24-dina
3,Worldtek,tienda,121,18.463771,-97.391358,https://mitehuacan.mx/?ruta=24-dina
3,Bodega De Pinturas De Distribuidora De Poliester,tienda,122,18.457563,-97.39025,https://mitehuacan.mx/?ruta=24-dina
3,Productos De Limpieza Supreme,tienda,122,18.461613,-97.387108,https://mitehuacan.mx/?ruta=24-dina
3,Quesos Doña Herme,tienda,122,18.492719,-97.38849,https://mitehuacan.mx/?ruta=24-dina
3,Tienda De Ropa Sin Nombre,tienda,122,18.465889,-97.387753,https://mitehuacan.mx/?ruta=24-dina
3,Bodega Hierbas Sin Nombre,tienda,123,18.457966,-97.385115,https://mitehuacan.mx/?ruta=24-dina
3,Cremeria La Rosita,tienda,123,18.458423,-97.38496,https://mitehuacan.mx/?ruta=24-dina
3,Plasticos El Bolsas,tienda,123,18.458534,-97.384956,https://mitehuacan.mx/?ruta=24-dina
3,Productos Para Limpieza Sin Nombre,tienda,123,18.487638,-97.391405,https://mitehuacan.mx/?ruta=24-dina
3,Blancos Concord,tienda,124,18.465744,-97.382469,https://mitehuacan.mx/?ruta=24-dina
3,La Casa Del Apicultor,tienda,124,18.457434,-97.387222,https://mitehuacan.mx/?ruta=24-dina
3,Opticas Verlyn,tienda,124,18.468004,-97.393867,https://mitehuacan.mx/?ruta=24-dina
3,Vanhogar,tienda,124,18.462523,-97.384897,https://mitehuacan.mx/?ruta=24-dina
3,Venta De Manteca,tienda,124,18.463718,-97.379597,https://mitehuacan.mx/?ruta=24-dina
3,Oxxo Suc 50X63 Reforma Y Libertad Pbf,tienda,126,18.479511,-97.393549,https://mitehuacan.mx/?ruta=24-dina
3,Puesto De Tamarindo Sin Nombre,tienda,126,18.457894,-97.385121,https://mitehuacan.mx/?ruta=24-dina
3,Tsk Tehuacan Centro,tienda,126,18.457393,-97.385887,https://mitehuacan.mx/?ruta=24-dina
3,Oxxo,tienda,126,18.469236,-97.392751,https://mitehuacan.mx/?ruta=24-dina
3,Bodega Carniceria La China Poblana,tienda,127,18.459877,-97.379161,https://mitehuacan.mx/?ruta=24-dina
3,Dulceria Pikys,tienda,127,18.457438,-97.38788,https://mitehuacan.mx/?ruta=24-dina
3,Venta De Libros Sin Nombre,tienda,127,18.465954,-97.388415,https://mitehuacan.mx/?ruta=24-dina
3,Carniceria Angel,tienda,128,18.465865,-97.385136,https://mitehuacan.mx/?ruta=24-dina
3,Tienda De Pinturas Ipesa,tienda,128,18.457526,-97.390568,https://mitehuacan.mx/?ruta=24-dina
3,Tienda De Ropa De Disfraces,tienda,128,18.45745,-97.388389,https://mitehuacan.mx/?ruta=24-dina
3,Venta De Tamarindo Sin Nombre,tienda,128,18.457867,-97.385123,https://mitehuacan.mx/?ruta=24-dina
3,Cafe Gano Excel,tienda,129,18.463594,-97.387062,https://mitehuacan.mx/?ruta=24-dina
3,Venta De Ropa Interior Mi Mosa Store Th,tienda,129,18.466002,-97.389386,https://mitehuacan.mx/?ruta=24-dina
3,Bazar De Ropa Sin Nombre,tienda,130,18.490804,-97.389519,https://mitehuacan.mx/?ruta=24-dina
3,Magic Cleaner,tienda,130,18.470327,-97.395991,https://mitehuacan.mx/?ruta=24-dina
3,Optica Latinoamericana,tienda,130,18.464133,-97.393932,https://mitehuacan.mx/?ruta=24-dina
3,Productos De Limpieza Clean Magic,tienda,130,18.465845,-97.383837,https://mitehuacan.mx/?ruta=24-dina
3,Productos De Limpieza Limpia Todo,tienda,130,18.457464,-97.389015,https://mitehuacan.mx/?ruta=24-dina
3,Bodega De Maiz Casa Gorgonio,tienda,131,18.460313,-97.382217,https://mitehuacan.mx/?ruta=24-dina
3,Venta De Juguetes Sin Nombre,tienda,131,18.457804,-97.385128,https://mitehuacan.mx/?ruta=24-dina
3,Tienda De Plasticos Kary,tienda,132,18.457326,-97.38642,https://mitehuacan.mx/?ruta=24-dina
3,Venta De Ropa Usada Sin Nombre,tienda,132,18.457786,-97.385129,https://mitehuacan.mx/?ruta=24-dina
3,Comercio Al Por Menor De Artículos Usados Sin Nombre,tienda,133,18.470356,-97.398135,https://mitehuacan.mx/?ruta=24-dina
3,Jarceria Sin Nombre,tienda,133,18.491057,-97.389508,https://mitehuacan.mx/?ruta=24-dina
3,Venta De Ropa Interior Para Toda La Familia Sin Nombre,tienda,134,18.458419,-97.384855,https://mitehuacan.mx/?ruta=24-dina
3,Luminarias Jpl De Mexico,tienda,135,18.457351,-97.387605,https://mitehuacan.mx/?ruta=24-dina
3,Venta De Canastas Sin Nombre,tienda,135,18.45775,-97.385132,https://mitehuacan.mx/?ruta=24-dina
3,Venta De Granos Y Semillas,tienda,136,18.457732,-97.385133,https://mitehuacan.mx/?ruta=24-dina
3,Venta De Carne Carniceria Las Carnes,tienda,137,18.465846,-97.399273,https://mitehuacan.mx/?ruta=24-dina
3,Venta De Hierbas Sin Nombre,tienda,137,18.457714,-97.385135,https://mitehuacan.mx/?ruta=24-dina
3,Venta De Ropa Sin Nombre,tienda,137,18.463522,-97.387066,https://mitehuacan.mx/?ruta=24-dina
3,Cremeria Jmc,tienda,138,18.457405,-97.38987,https://mitehuacan.mx/?ruta=24-dina
3,Bodega Aurrera Express,tienda,138,18.476149,-97.396303,https://mitehuacan.mx/?ruta=24-dina
3,Carniceria Mago,tienda,139,18.490512,-97.38943,https://mitehuacan.mx/?ruta=24-dina
3,Farmacia Homeopatica Tenorio Olalde,tienda,139,18.457434,-97.390837,https://mitehuacan.mx/?ruta=24-dina
3,Hiervas Y Plantas Medicinales 4 Elementos,tienda,139,18.457433,-97.390809,https://mitehuacan.mx/?ruta=24-dina
3,Ink Color,tienda,139,18.457394,-97.389567,https://mitehuacan.mx/?ruta=24-dina
3,Venta De Articulos Para Manualidades Tus Sueños En Laser,tienda,139,18.457438,-97.391017,https://mitehuacan.mx/?ruta=24-dina
3,Venta De Pinturas Alvamex,tienda,139,18.457437,-97.39096,https://mitehuacan.mx/?ruta=24-dina
3,Frituras Tehuacan,tienda,140,18.457457,-97.391885,https://mitehuacan.mx/?ruta=24-dina
3,Suplementos Alimenticios Mystems Fitness,tienda,140,18.457465,-97.392364,https://mitehuacan.mx/?ruta=24-dina
3,Carniceria Julieta,tienda,141,18.465794,-97.381979,https://mitehuacan.mx/?ruta=24-dina
3,Distribuidora De Suplementos Y Farmacologia Deportiva Umr,tienda,141,18.463796,-97.393036,https://mitehuacan.mx/?ruta=24-dina
3,El Artesano Paqueteria Y Arte,tienda,141,18.457494,-97.393292,https://mitehuacan.mx/?ruta=24-dina
3,Farmacia Naturista Y Homeopatica Equilibrium,tienda,141,18.458813,-97.395534,https://mitehuacan.mx/?ruta=24-dina
3,Novedades Oscarin,tienda,141,18.46515,-97.399344,https://mitehuacan.mx/?ruta=24-dina
3,Botanas Chucherias,tienda,142,18.45735,-97.389112,https://mitehuacan.mx/?ruta=24-dina
3,Chiles Secos Y Semillas Casa Hermes,tienda,142,18.45735,-97.389112,https://mitehuacan.mx/?ruta=24-dina
3,Tienda De Lenceria La Coqueteria,tienda,142,18.457351,-97.388998,https://mitehuacan.mx/?ruta=24-dina
3,Vestidos De Presentacion,tienda,142,18.462706,-97.385669,https://mitehuacan.mx/?ruta=24-dina
3,Del Sol Sucursal 2239 Tehuacan,tienda,143,18.463029,-97.39269,https://mitehuacan.mx/?ruta=24-dina
3,Distribuidoras De Carnes Majuf,tienda,143,18.457348,-97.389417,https://mitehuacan.mx/?ruta=24-dina
3,Refaccionaria Olgin,tienda,143,18.462688,-97.385006,https://mitehuacan.mx/?ruta=24-dina
3,Tienda De Cintas Plasticas Para Elaborar Bolsas La Antigua J,tienda,143,18.460033,-97.392568,https://mitehuacan.mx/?ruta=24-dina
3,Venta De Ropa Para Niño Dios Juquilita,tienda,143,18.45735,-97.389216,https://mitehuacan.mx/?ruta=24-dina
3,Bazar Sin Nombre,tienda,144,18.49109,-97.389403,https://mitehuacan.mx/?ruta=24-dina
3,Tienda De Lenceria La Chica De Hoy,tienda,145,18.459956,-97.38948,https://mitehuacan.mx/?ruta=24-dina
3,Optica San Angel,tienda,146,18.464418,-97.396488,https://mitehuacan.mx/?ruta=24-dina
3,Pisos Y Azulejos Rocca,tienda,146,18.462163,-97.387028,https://mitehuacan.mx/?ruta=24-dina
3,Ropa Importacion Y Novedades Cho,tienda,146,18.457587,-97.385144,https://mitehuacan.mx/?ruta=24-dina
3,Venta De Discos Sin Nombre,tienda,148,18.45756,-97.385146,https://mitehuacan.mx/?ruta=24-dina
3,Venta De Ropa Usada Sin Nombre,tienda,148,18.457551,-97.385147,https://mitehuacan.mx/?ruta=24-dina
3,Venta De Calzado Sin Nombre,tienda,149,18.457542,-97.385148,https://mitehuacan.mx/?ruta=24-dina
3,Venta De Ropa Usada Sin Nombre,tienda,149,18.457542,-97.385148,https://mitehuacan.mx/?ruta=24-dina
3,Optica Lumat,tienda,150,18.464454,-97.396487,https://mitehuacan.mx/?ruta=24-dina
3,Ropa Y Zapatos Usado Sin Nombre,tienda,150,18.457533,-97.385148,https://mitehuacan.mx/?ruta=24-dina
3,Venta De Articulos Usados Sin Nombre,tienda,150,18.457533,-97.385148,https://mitehuacan.mx/?ruta=24-dina
3,Gersa,tiles,41,18.462862,-97.377129,https://mitehuacan.mx/?ruta=24-dina
3,Tintorería Tehuacán,tintorería,0,18.464826,-97.389153,https://mitehuacan.mx/?ruta=24-dina
3,BarberShop,tintorería,2,18.464847,-97.391034,https://mitehuacan.mx/?ruta=24-dina
3,Vidreria Mendoza,vidriería,0,18.464815,-97.388843,https://mitehuacan.mx/?ruta=24-dina
3,Vidrios Y Aluminios San Sebastian,vidriería,0,18.483322,-97.391758,https://mitehuacan.mx/?ruta=24-dina
3,Aluminios Aluvid,vidriería,1,18.464848,-97.390787,https://mitehuacan.mx/?ruta=24-dina
3,Vidrios La Purisima,vidriería,5,18.458516,-97.387224,https://mitehuacan.mx/?ruta=24-dina
3,Los Pirules,vidriería,6,18.476522,-97.392645,https://mitehuacan.mx/?ruta=24-dina
3,Vidrieria San Francisco,vidriería,6,18.493129,-97.390922,https://mitehuacan.mx/?ruta=24-dina
3,Vidrios Y Aluminios Mari,vidriería,7,18.466335,-97.397888,https://mitehuacan.mx/?ruta=24-dina
3,Puertas Automaticas Franco,vidriería,8,18.462609,-97.382029,https://mitehuacan.mx/?ruta=24-dina
3,Vidrios Y Aluminios Tepeyac,vidriería,8,18.48922,-97.395145,https://mitehuacan.mx/?ruta=24-dina
3,Vidrios Y Alumnios Gonzalez,vidriería,9,18.468405,-97.391305,https://mitehuacan.mx/?ruta=24-dina
3,Bodega Sin Nombre De Muebles Metalicos Malerba,vidriería,11,18.459524,-97.386004,https://mitehuacan.mx/?ruta=24-dina
3,Vidrios Y Aluminios Sarabia,vidriería,11,18.470749,-97.391272,https://mitehuacan.mx/?ruta=24-dina
3,Bodega De Vidrios Y Aluminios Mexico,vidriería,15,18.461629,-97.382034,https://mitehuacan.mx/?ruta=24-dina
3,Vidrios Y Aluminios San Ginez,vidriería,25,18.464681,-97.382282,https://mitehuacan.mx/?ruta=24-dina
3,Vidrios Y Aluminios Horus,vidriería,45,18.469131,-97.391809,https://mitehuacan.mx/?ruta=24-dina
3,Vidrios Y Aluminios Franco,vidriería,63,18.458097,-97.39024,https://mitehuacan.mx/?ruta=24-dina
3,Vidrieria Sin Nombre,vidriería,83,18.472801,-97.390566,https://mitehuacan.mx/?ruta=24-dina
3,Vidrios Y Aluminios Arquitectonicos De Mexico,vidriería,84,18.46407,-97.389286,https://mitehuacan.mx/?ruta=24-dina
3,Vidrios Y Aluminios De La 7,vidriería,89,18.459358,-97.387098,https://mitehuacan.mx/?ruta=24-dina
3,Tienda De Vitrinas Saudi Mar,vidriería,90,18.463909,-97.396423,https://mitehuacan.mx/?ruta=24-dina
3,Elaboracion De Puertas Vidrios De Los Santos,vidriería,105,18.464785,-97.399019,https://mitehuacan.mx/?ruta=24-dina
3,Venta De Vidrios Y Aluminios Sin Nombre,vidriería,124,18.457417,-97.386929,https://mitehuacan.mx/?ruta=24-dina
3,Vidrios Las Palmas,vidriería,125,18.489984,-97.389649,https://mitehuacan.mx/?ruta=24-dina
3,Vidrios Y Cristales Lunas,vidriería,127,18.457433,-97.38765,https://mitehuacan.mx/?ruta=24-dina
3,Vidrios Y Aluminio De Jesus,vidriería,131,18.465853,-97.384111,https://mitehuacan.mx/?ruta=24-dina
3,Vidrios Y Aluminios Vimac,vidriería,140,18.466941,-97.39008,https://mitehuacan.mx/?ruta=24-dina
3,Floreria Flores Y Colores,vivero,2,18.467178,-97.391425,https://mitehuacan.mx/?ruta=24-dina
3,Floreria Ld,vivero,4,18.472114,-97.391546,https://mitehuacan.mx/?ruta=24-dina
3,Venta De Plantas Sin Nombre,vivero,5,18.476842,-97.392745,https://mitehuacan.mx/?ruta=24-dina
3,Floreria Florex,vivero,8,18.463207,-97.397948,https://mitehuacan.mx/?ruta=24-dina
3,Floreria V&J,vivero,9,18.464799,-97.38558,https://mitehuacan.mx/?ruta=24-dina
3,Venta De Platas La Casa De Las Plantas,vivero,36,18.480509,-97.391824,https://mitehuacan.mx/?ruta=24-dina
3,Venta De Flores Naturales Floreria Los Tulipanes,vivero,52,18.465133,-97.3985,https://mitehuacan.mx/?ruta=24-dina
3,Floreria Boutique Lisiantus,vivero,57,18.458305,-97.394238,https://mitehuacan.mx/?ruta=24-dina
3,Viveros Reforma Norte,vivero,68,18.484037,-97.392643,https://mitehuacan.mx/?ruta=24-dina
3,Vivero Xochitl,vivero,69,18.466656,-97.3986,https://mitehuacan.mx/?ruta=24-dina
3,Venta De Plantas Y Chacharas Sin Nombre,vivero,92,18.470082,-97.392248,https://mitehuacan.mx/?ruta=24-dina
3,Floreria Flor Y Arte,vivero,103,18.459671,-97.392555,https://mitehuacan.mx/?ruta=24-dina
3,Floreria Sl,vivero,104,18.462203,-97.398093,https://mitehuacan.mx/?ruta=24-dina
3,Floreria Florela,vivero,111,18.45878,-97.38506,https://mitehuacan.mx/?ruta=24-dina
3,Arreglos Flor Cerezo,vivero,138,18.457406,-97.38988,https://mitehuacan.mx/?ruta=24-dina
3,Vivero Mar Y Vida,vivero,138,18.457377,-97.388752,https://mitehuacan.mx/?ruta=24-dina
3,Floreria Sin Nombre,vivero,145,18.457596,-97.385144,https://mitehuacan.mx/?ruta=24-dina
