prioridad,negocio,categoria,dist_m,lat,lon,maps
1,Bulgaru Frozen Kefir,café,1,18.454129,-97.392817,https://mitehuacan.mx/?ruta=7-upn-213-y-normal-superior
1,Cafeteria Escolar Upn,café,2,18.417604,-97.407953,https://mitehuacan.mx/?ruta=7-upn-213-y-normal-superior
1,Delicrep,café,2,18.456734,-97.392756,https://mitehuacan.mx/?ruta=7-upn-213-y-normal-superior
1,Elaboracion Y Venta De Bebidas Bobba Go,café,2,18.458623,-97.389801,https://mitehuacan.mx/?ruta=7-upn-213-y-normal-superior
1,La Casita De Dulces,café,2,18.453392,-97.39177,https://mitehuacan.mx/?ruta=7-upn-213-y-normal-superior
1,Venta De Aguas Frescas Sin Nombre,café,2,18.458655,-97.390673,https://mitehuacan.mx/?ruta=7-upn-213-y-normal-superior
1,Venta De Jugos Super Jugos Curativos,café,2,18.458671,-97.391184,https://mitehuacan.mx/?ruta=7-upn-213-y-normal-superior
1,Cafeteria Del Tec,café,3,18.438471,-97.399785,https://mitehuacan.mx/?ruta=7-upn-213-y-normal-superior
1,Cafeteria Sin Nombre,café,3,18.419528,-97.408612,https://mitehuacan.mx/?ruta=7-upn-213-y-normal-superior
1,Cherry Food & Coffee,café,3,18.456997,-97.392748,https://mitehuacan.mx/?ruta=7-upn-213-y-normal-superior
1,Venta De Jugos Y Licuados Sin Nombre,café,5,18.452587,-97.394487,https://mitehuacan.mx/?ruta=7-upn-213-y-normal-superior
1,Cafe Sierra Negra,café,7,18.457574,-97.391481,https://mitehuacan.mx/?ruta=7-upn-213-y-normal-superior
1,Cafeteria Calle Melancolia,café,7,18.454898,-97.391618,https://mitehuacan.mx/?ruta=7-upn-213-y-normal-superior
1,Finca San Agustin Cafe,café,7,18.457938,-97.392445,https://mitehuacan.mx/?ruta=7-upn-213-y-normal-superior
1,Jugos Y Tortas Sin Nombre,café,7,18.435111,-97.403761,https://mitehuacan.mx/?ruta=7-upn-213-y-normal-superior
1,Jugueria Morales,café,7,18.43295,-97.403118,https://mitehuacan.mx/?ruta=7-upn-213-y-normal-superior
1,Saborilan,café,8,18.427001,-97.405691,https://mitehuacan.mx/?ruta=7-upn-213-y-normal-superior
1,Cooperativa Escolar Quetzalcoatl,café,11,18.423418,-97.407001,https://mitehuacan.mx/?ruta=7-upn-213-y-normal-superior
1,Cooperativa Escolar Sin Nombre Turno Matutino Escuela Primar,café,11,18.455339,-97.391516,https://mitehuacan.mx/?ruta=7-upn-213-y-normal-superior
1,Tienda Escolar Primaria Ing Pastor Roauix Turno Vespertino,café,11,18.455339,-97.391516,https://mitehuacan.mx/?ruta=7-upn-213-y-normal-superior
1,Cafeteria Casa Macarena,café,29,18.453885,-97.39254,https://mitehuacan.mx/?ruta=7-upn-213-y-normal-superior
1,Heladeria Y Paleteria Creamy,café,30,18.454355,-97.392526,https://mitehuacan.mx/?ruta=7-upn-213-y-normal-superior
1,Endulzate Cafeteria,café,31,18.45526,-97.392499,https://mitehuacan.mx/?ruta=7-upn-213-y-normal-superior
1,Jugueria Sin Nombre,café,41,18.45699,-97.38517,https://mitehuacan.mx/?ruta=7-upn-213-y-normal-superior
1,Venta De Jugo Sin Nombre,café,44,18.456949,-97.385583,https://mitehuacan.mx/?ruta=7-upn-213-y-normal-superior
1,Cafeteria Sin Nombre,café,45,18.41979,-97.408981,https://mitehuacan.mx/?ruta=7-upn-213-y-normal-superior
1,Venta Jugos Sin Nombre,café,49,18.455119,-97.393257,https://mitehuacan.mx/?ruta=7-upn-213-y-normal-superior
1,Ruta Cafe,café,49,18.459007,-97.388643,https://mitehuacan.mx/?ruta=7-upn-213-y-normal-superior
1,Cafeteria La Suiza,café,50,18.459039,-97.389388,https://mitehuacan.mx/?ruta=7-upn-213-y-normal-superior
1,"Cafeterías, Fuentes De Sodas, Neverías, Refresquerías Y Simi",café,54,18.427554,-97.406327,https://mitehuacan.mx/?ruta=7-upn-213-y-normal-superior
1,Venta De Comida San Pedro,café,55,18.456585,-97.391976,https://mitehuacan.mx/?ruta=7-upn-213-y-normal-superior
1,Jugueria Guisel,café,62,18.456791,-97.385179,https://mitehuacan.mx/?ruta=7-upn-213-y-normal-superior
1,Cafeteria Idue Cafe,café,68,18.459066,-97.385896,https://mitehuacan.mx/?ruta=7-upn-213-y-normal-superior
1,Jugos Y Tortas California,café,88,18.459495,-97.392424,https://mitehuacan.mx/?ruta=7-upn-213-y-normal-superior
1,Dr. Tapioca,café,89,18.457891,-97.393578,https://mitehuacan.mx/?ruta=7-upn-213-y-normal-superior
1,Jugueria Sin Nombre,café,110,18.456472,-97.389978,https://mitehuacan.mx/?ruta=7-upn-213-y-normal-superior
1,Elaboracion Y Venta De Jugos Naturales Doña Apolonia,café,112,18.432775,-97.402138,https://mitehuacan.mx/?ruta=7-upn-213-y-normal-superior
1,Cooperativa Los Niños Son Primero Escuela Primaria Manuel Av,café,119,18.456419,-97.391004,https://mitehuacan.mx/?ruta=7-upn-213-y-normal-superior
1,Tienda Escolar Sin Nombre Escuela Primaria Manuel Avila Cama,café,119,18.456415,-97.390938,https://mitehuacan.mx/?ruta=7-upn-213-y-normal-superior
1,Desayunados Juquilita,café,132,18.456252,-97.389436,https://mitehuacan.mx/?ruta=7-upn-213-y-normal-superior
1,Cafeteria Cupcake,café,140,18.45447,-97.394134,https://mitehuacan.mx/?ruta=7-upn-213-y-normal-superior
1,Jugos Y Licuados Happy Tummy,café,142,18.434092,-97.402558,https://mitehuacan.mx/?ruta=7-upn-213-y-normal-superior
1,Yeyi Cell Accesorios Y Reparacion,celulares,1,18.458698,-97.392199,https://mitehuacan.mx/?ruta=7-upn-213-y-normal-superior
1,Grupo Accel,celulares,2,18.458657,-97.390711,https://mitehuacan.mx/?ruta=7-upn-213-y-normal-superior
1,Unlock Cell Andy Venta De Articulos Para Celulares,celulares,2,18.458629,-97.389972,https://mitehuacan.mx/?ruta=7-upn-213-y-normal-superior
1,Venta De Celulares Cellular Wordl,celulares,2,18.458657,-97.390711,https://mitehuacan.mx/?ruta=7-upn-213-y-normal-superior
1,Venta De Telefonos Celulares Distribuidor Autorizado Telcel ,celulares,3,18.458583,-97.388607,https://mitehuacan.mx/?ruta=7-upn-213-y-normal-superior
1,Tienda De Telefonos Distribuidor Autorizado Pamec Telcel,celulares,4,18.458618,-97.389317,https://mitehuacan.mx/?ruta=7-upn-213-y-normal-superior
1,Servicio Tecnico De Celulares El Vencedor,celulares,6,18.457442,-97.391188,https://mitehuacan.mx/?ruta=7-upn-213-y-normal-superior
1,Tienda De Discos Sin Nombre,celulares,6,18.457302,-97.385937,https://mitehuacan.mx/?ruta=7-upn-213-y-normal-superior
1,Venta De Accesorios Para Celular Farmacell,celulares,10,18.458602,-97.38727,https://mitehuacan.mx/?ruta=7-upn-213-y-normal-superior
1,Venta De Telefonos Celulares Distribuidor Autorizado Telcel,celulares,10,18.458608,-97.387363,https://mitehuacan.mx/?ruta=7-upn-213-y-normal-superior
1,Tienda De Accesorios Para Celulares Electrocel Coapan,celulares,14,18.430297,-97.404997,https://mitehuacan.mx/?ruta=7-upn-213-y-normal-superior
1,Venta De Accesorios Para Celulares Sin Nombre,celulares,14,18.457479,-97.385153,https://mitehuacan.mx/?ruta=7-upn-213-y-normal-superior
1,Accesorios De Celulares Vale Bu,celulares,15,18.458722,-97.389285,https://mitehuacan.mx/?ruta=7-upn-213-y-normal-superior
1,Venta De Accesorios Para Celular Redi,celulares,18,18.45875,-97.389393,https://mitehuacan.mx/?ruta=7-upn-213-y-normal-superior
1,Tienda De Telefonos Autorizado Pamec Telcel,celulares,23,18.458876,-97.391448,https://mitehuacan.mx/?ruta=7-upn-213-y-normal-superior
1,Telefonia Y Accesorios Novedades Max,celulares,29,18.457083,-97.385238,https://mitehuacan.mx/?ruta=7-upn-213-y-normal-superior
1,Kef Store Tecnologia Y Accesorios Par Celular,celulares,35,18.427072,-97.405385,https://mitehuacan.mx/?ruta=7-upn-213-y-normal-superior
1,Tienda De Celulares Ativacel,celulares,35,18.429797,-97.405102,https://mitehuacan.mx/?ruta=7-upn-213-y-normal-superior
1,Venta De Articulos Para Celulares Telcel,celulares,39,18.434052,-97.405369,https://mitehuacan.mx/?ruta=7-upn-213-y-normal-superior
1,Accesorios De Celular Happy,celulares,66,18.458996,-97.385047,https://mitehuacan.mx/?ruta=7-upn-213-y-normal-superior
1,Tienda De Electronica Jl,celulares,75,18.454738,-97.393508,https://mitehuacan.mx/?ruta=7-upn-213-y-normal-superior
1,Tienda De Accesorios Para Celulares Centro Cell,celulares,78,18.459377,-97.391553,https://mitehuacan.mx/?ruta=7-upn-213-y-normal-superior
1,Venta De Accesorios De Celulares Sin Nombre,celulares,87,18.456565,-97.385189,https://mitehuacan.mx/?ruta=7-upn-213-y-normal-superior
1,Lapcel Laboratorio De Celulares,celulares,118,18.456276,-97.385201,https://mitehuacan.mx/?ruta=7-upn-213-y-normal-superior
1,Celular Shop,celulares,119,18.459776,-97.392433,https://mitehuacan.mx/?ruta=7-upn-213-y-normal-superior
1,Dan Audio Tienda De Electronica,celulares,121,18.456352,-97.389433,https://mitehuacan.mx/?ruta=7-upn-213-y-normal-superior
1,Venta De Cables Y Fundas Y Herramientas De Mano Sin Nombre,celulares,124,18.456222,-97.385204,https://mitehuacan.mx/?ruta=7-upn-213-y-normal-superior
1,Venta De Accesorios Alpha Systems,celulares,127,18.459849,-97.392435,https://mitehuacan.mx/?ruta=7-upn-213-y-normal-superior
1,Accesorios Para Celular Telefonmania,celulares,129,18.459839,-97.391547,https://mitehuacan.mx/?ruta=7-upn-213-y-normal-superior
1,Macropay,celulares,135,18.459805,-97.389379,https://mitehuacan.mx/?ruta=7-upn-213-y-normal-superior
1,Tap-Cel,celulares,136,18.45989,-97.391429,https://mitehuacan.mx/?ruta=7-upn-213-y-normal-superior
1,Venta De Accesorios Para Telefonos Celulares,celulares,139,18.458137,-97.383896,https://mitehuacan.mx/?ruta=7-upn-213-y-normal-superior
1,Accesorios Y Celulares Sin Nombre,celulares,142,18.457441,-97.383939,https://mitehuacan.mx/?ruta=7-upn-213-y-normal-superior
1,Consultorio Medico,consultorio,0,18.454735,-97.392799,https://mitehuacan.mx/?ruta=7-upn-213-y-normal-superior
1,Consultorio Medico Dental,consultorio,0,18.4587,-97.392303,https://mitehuacan.mx/?ruta=7-upn-213-y-normal-superior
1,Axel Sport Terapia Fisica,consultorio,1,18.458694,-97.392,https://mitehuacan.mx/?ruta=7-upn-213-y-normal-superior
1,Clinica Dental Puebla,consultorio,1,18.458694,-97.392,https://mitehuacan.mx/?ruta=7-upn-213-y-normal-superior
1,Consultorio De Fisioterapia Rehabilitare,consultorio,1,18.458541,-97.387745,https://mitehuacan.mx/?ruta=7-upn-213-y-normal-superior
1,Consultorio Medico De Fundacion Best,consultorio,1,18.458694,-97.392009,https://mitehuacan.mx/?ruta=7-upn-213-y-normal-superior
1,Consultorio Medico De Fundacion Best Fin De Semana,consultorio,1,18.458694,-97.392009,https://mitehuacan.mx/?ruta=7-upn-213-y-normal-superior
1,Consultorio Medico Fundacion Best Vespertino,consultorio,1,18.458694,-97.392009,https://mitehuacan.mx/?ruta=7-upn-213-y-normal-superior
1,Consultorio Medico Juan Luna Diaz,consultorio,1,18.458698,-97.392199,https://mitehuacan.mx/?ruta=7-upn-213-y-normal-superior
1,Consultrio De Odontopediatria Sin Nombre,consultorio,1,18.453885,-97.392824,https://mitehuacan.mx/?ruta=7-upn-213-y-normal-superior
1,Sanaury Control De Peso,consultorio,1,18.458694,-97.392,https://mitehuacan.mx/?ruta=7-upn-213-y-normal-superior
1,Clinica Dental Dr Jose Eduardo De Rosas Lopez,consultorio,2,18.456734,-97.392756,https://mitehuacan.mx/?ruta=7-upn-213-y-normal-superior
1,Consultoria Y Asesoria Psicologica Particular,consultorio,2,18.456481,-97.392761,https://mitehuacan.mx/?ruta=7-upn-213-y-normal-superior
1,Consultorio De Farmacia De Apollo,consultorio,2,18.4518,-97.394564,https://mitehuacan.mx/?ruta=7-upn-213-y-normal-superior
1,Consultorio Fundacion Best,consultorio,2,18.458547,-97.387868,https://mitehuacan.mx/?ruta=7-upn-213-y-normal-superior
1,Consultorio De Control De Peso Salut,consultorio,3,18.45687,-97.392752,https://mitehuacan.mx/?ruta=7-upn-213-y-normal-superior
1,Consultorio Medico Farmacia De Apoyo Sucursal 20 Centro Inte,consultorio,3,18.434242,-97.405011,https://mitehuacan.mx/?ruta=7-upn-213-y-normal-superior
1,Clinica Dental Sin Nombre,consultorio,4,18.457326,-97.386391,https://mitehuacan.mx/?ruta=7-upn-213-y-normal-superior
1,Consultorio Dental,consultorio,4,18.457557,-97.391943,https://mitehuacan.mx/?ruta=7-upn-213-y-normal-superior
1,Consultorio Dental Coi Tehuacan,consultorio,4,18.439932,-97.399351,https://mitehuacan.mx/?ruta=7-upn-213-y-normal-superior
1,Farmacia Y Perfumeria Vital,consultorio,4,18.433365,-97.403936,https://mitehuacan.mx/?ruta=7-upn-213-y-normal-superior
1,Huesero,consultorio,4,18.457456,-97.388635,https://mitehuacan.mx/?ruta=7-upn-213-y-normal-superior
1,Consultorio Dental Idental,consultorio,5,18.457501,-97.389772,https://mitehuacan.mx/?ruta=7-upn-213-y-normal-superior
1,Consultorio Dental Rehabilident,consultorio,5,18.457536,-97.390948,https://mitehuacan.mx/?ruta=7-upn-213-y-normal-superior
1,Consultorio Medico De Farmacia De Apollo,consultorio,7,18.458562,-97.392434,https://mitehuacan.mx/?ruta=7-upn-213-y-normal-superior
1,Consultorio Dental Consultorio Mona Lisa,consultorio,9,18.457352,-97.388885,https://mitehuacan.mx/?ruta=7-upn-213-y-normal-superior
1,Optica Look Vission,consultorio,12,18.458524,-97.385203,https://mitehuacan.mx/?ruta=7-upn-213-y-normal-superior
1,Consultorio Dental Sin Nombre,consultorio,15,18.458699,-97.38884,https://mitehuacan.mx/?ruta=7-upn-213-y-normal-superior
1,Consultorio Medico Del Doctor Luis Rogelio Vazquez Jimenez,consultorio,15,18.458295,-97.385493,https://mitehuacan.mx/?ruta=7-upn-213-y-normal-superior
1,Consultorio Medico General,consultorio,16,18.458732,-97.389393,https://mitehuacan.mx/?ruta=7-upn-213-y-normal-superior
1,Optica Delabli,consultorio,23,18.457983,-97.392728,https://mitehuacan.mx/?ruta=7-upn-213-y-normal-superior
1,Unidad Medica San Agustin,consultorio,23,18.457838,-97.392731,https://mitehuacan.mx/?ruta=7-upn-213-y-normal-superior
1,Clinica Dental Sonrisas Increibles,consultorio,24,18.456531,-97.393002,https://mitehuacan.mx/?ruta=7-upn-213-y-normal-superior
1,Clinica Dental Integral Rie,consultorio,26,18.458437,-97.391574,https://mitehuacan.mx/?ruta=7-upn-213-y-normal-superior
1,Excelsior Atencion Dental,consultorio,30,18.454871,-97.392511,https://mitehuacan.mx/?ruta=7-upn-213-y-normal-superior
1,Clinica Dental Juan Yusef,consultorio,31,18.455432,-97.392494,https://mitehuacan.mx/?ruta=7-upn-213-y-normal-superior
1,Centro Medico Dental Medident,consultorio,34,18.45191,-97.394867,https://mitehuacan.mx/?ruta=7-upn-213-y-normal-superior
1,Consultorio Deltan Sin Nombre,consultorio,34,18.458894,-97.38939,https://mitehuacan.mx/?ruta=7-upn-213-y-normal-superior
1,Fp Centro De Fisioterapia,consultorio,35,18.427072,-97.405385,https://mitehuacan.mx/?ruta=7-upn-213-y-normal-superior
1,Clinica De Fisioterapia Fisica Y Rehabilitacion Yomelly,consultorio,36,18.456536,-97.393116,https://mitehuacan.mx/?ruta=7-upn-213-y-normal-superior
1,Estomatologia Integral Y Ortodoncia,consultorio,43,18.428639,-97.403986,https://mitehuacan.mx/?ruta=7-upn-213-y-normal-superior
1,Consultorio Medico Agustin Pacheco Merlo,consultorio,44,18.458816,-97.392897,https://mitehuacan.mx/?ruta=7-upn-213-y-normal-superior
1,Unidad Medica Rural Santa Maria Coapan,consultorio,45,18.42649,-97.406665,https://mitehuacan.mx/?ruta=7-upn-213-y-normal-superior
1,Consultorio Dental Sonrie,consultorio,46,18.456002,-97.391615,https://mitehuacan.mx/?ruta=7-upn-213-y-normal-superior
1,Consultorio Medico Mediem Medicina Empresarial,consultorio,46,18.456002,-97.391615,https://mitehuacan.mx/?ruta=7-upn-213-y-normal-superior
1,Terapias Alternativas Y De Rehabilitacion Cerayem,consultorio,47,18.45692,-97.385246,https://mitehuacan.mx/?ruta=7-upn-213-y-normal-superior
1,Kinesio Vida,consultorio,53,18.456989,-97.390197,https://mitehuacan.mx/?ruta=7-upn-213-y-normal-superior
1,Unidad De Medicina Integral De Tehuacan Eterno,consultorio,53,18.457016,-97.390908,https://mitehuacan.mx/?ruta=7-upn-213-y-normal-superior
1,Clinica Dental Ardent Odontologia Integral,consultorio,62,18.459148,-97.389387,https://mitehuacan.mx/?ruta=7-upn-213-y-normal-superior
1,Consultorio Dental Dentihealth,consultorio,62,18.456886,-97.389445,https://mitehuacan.mx/?ruta=7-upn-213-y-normal-superior
1,Tratamiento De Columna Y Cadera,consultorio,62,18.455766,-97.393367,https://mitehuacan.mx/?ruta=7-upn-213-y-normal-superior
1,Consultorio Dental Santa Apolonia,consultorio,64,18.45899,-97.385132,https://mitehuacan.mx/?ruta=7-upn-213-y-normal-superior
1,Mundo Optico,consultorio,78,18.459216,-97.387164,https://mitehuacan.mx/?ruta=7-upn-213-y-normal-superior
1,Denflix Clinica Dental,consultorio,83,18.455488,-97.393569,https://mitehuacan.mx/?ruta=7-upn-213-y-normal-superior
1,Consultorio De Podologia Sin Nombre,consultorio,87,18.459295,-97.3871,https://mitehuacan.mx/?ruta=7-upn-213-y-normal-superior
1,Centro De Medicina Alternativa,consultorio,91,18.453452,-97.393827,https://mitehuacan.mx/?ruta=7-upn-213-y-normal-superior
1,Consultorio Medico General,consultorio,96,18.457713,-97.393685,https://mitehuacan.mx/?ruta=7-upn-213-y-normal-superior
1,Consultorio De Fundacion Best,consultorio,98,18.45645,-97.385269,https://mitehuacan.mx/?ruta=7-upn-213-y-normal-superior
1,Consultorio De Medicina General,consultorio,99,18.459294,-97.385027,https://mitehuacan.mx/?ruta=7-upn-213-y-normal-superior
1,Consultorio Dental,consultorio,99,18.453564,-97.394221,https://mitehuacan.mx/?ruta=7-upn-213-y-normal-superior
1,Consultorio Dental Salazar,consultorio,102,18.453596,-97.394328,https://mitehuacan.mx/?ruta=7-upn-213-y-normal-superior
1,Galez Centro Odontologico,consultorio,104,18.459528,-97.389383,https://mitehuacan.mx/?ruta=7-upn-213-y-normal-superior
1,Consultorio Medico - Dental,consultorio,113,18.426835,-97.404673,https://mitehuacan.mx/?ruta=7-upn-213-y-normal-superior
1,Consultorio Dental Docky Dental,consultorio,114,18.459129,-97.393483,https://mitehuacan.mx/?ruta=7-upn-213-y-normal-superior
1,Centro De Atencion Profesional,consultorio,124,18.428239,-97.408237,https://mitehuacan.mx/?ruta=7-upn-213-y-normal-superior
1,Consultorio Dental,consultorio,125,18.455426,-97.390383,https://mitehuacan.mx/?ruta=7-upn-213-y-normal-superior
1,Clinica Fisioterapia Y Rehabilitacion,consultorio,127,18.434633,-97.402243,https://mitehuacan.mx/?ruta=7-upn-213-y-normal-superior
1,Sanadores Espirituales,consultorio,128,18.45924,-97.393573,https://mitehuacan.mx/?ruta=7-upn-213-y-normal-superior
1,Grupo Dental Bulas,consultorio,130,18.458843,-97.393721,https://mitehuacan.mx/?ruta=7-upn-213-y-normal-superior
1,Consultorio Dental Olmos,consultorio,136,18.459902,-97.391546,https://mitehuacan.mx/?ruta=7-upn-213-y-normal-superior
1,Consultorio Quiropractico,consultorio,136,18.45447,-97.394096,https://mitehuacan.mx/?ruta=7-upn-213-y-normal-superior
1,Consultorio De Fisioterapia Fisio Kali,consultorio,143,18.427023,-97.408491,https://mitehuacan.mx/?ruta=7-upn-213-y-normal-superior
1,Dental San Jose,consultorio,144,18.459962,-97.391428,https://mitehuacan.mx/?ruta=7-upn-213-y-normal-superior
1,Consultorio Medico General Doctor Pablo Garcia Merino,consultorio,145,18.458748,-97.393867,https://mitehuacan.mx/?ruta=7-upn-213-y-normal-superior
1,Taller De Electronica Montiel,electrónica,0,18.433983,-97.404694,https://mitehuacan.mx/?ruta=7-upn-213-y-normal-superior
1,Mastercell,electrónica,2,18.458461,-97.385803,https://mitehuacan.mx/?ruta=7-upn-213-y-normal-superior
1,Reparacion De Celulares Global Technology,electrónica,3,18.458612,-97.389194,https://mitehuacan.mx/?ruta=7-upn-213-y-normal-superior
1,Taller De Electronica Escorpion,electrónica,3,18.457469,-97.389128,https://mitehuacan.mx/?ruta=7-upn-213-y-normal-superior
1,Centro De Reparacion Electronica Rms,electrónica,4,18.433215,-97.403693,https://mitehuacan.mx/?ruta=7-upn-213-y-normal-superior
1,Tienda De Articulos Para Celular Gsm Un Looker,electrónica,4,18.457474,-97.389213,https://mitehuacan.mx/?ruta=7-upn-213-y-normal-superior
1,Taller De Reparacion De Celulares Moviles Azuani,electrónica,6,18.457435,-97.390894,https://mitehuacan.mx/?ruta=7-upn-213-y-normal-superior
1,Maquinas Ludicas Activadas Por Monedas,electrónica,13,18.457255,-97.385229,https://mitehuacan.mx/?ruta=7-upn-213-y-normal-superior
1,Videojuegos,electrónica,13,18.457632,-97.385141,https://mitehuacan.mx/?ruta=7-upn-213-y-normal-superior
1,Reparacel,electrónica,16,18.458653,-97.387108,https://mitehuacan.mx/?ruta=7-upn-213-y-normal-superior
1,Game Over Video Juegos,electrónica,23,18.458653,-97.392717,https://mitehuacan.mx/?ruta=7-upn-213-y-normal-superior
1,Basculas La Purisima,electrónica,34,18.457817,-97.385567,https://mitehuacan.mx/?ruta=7-upn-213-y-normal-superior
1,Arcade G.O.2,electrónica,35,18.458825,-97.387168,https://mitehuacan.mx/?ruta=7-upn-213-y-normal-superior
1,Taller De Compostura De Telefonia At&T,electrónica,41,18.457108,-97.39046,https://mitehuacan.mx/?ruta=7-upn-213-y-normal-superior
1,Servicio Y Mantenimiento De Aparatos Electricos Don Fer,electrónica,44,18.432771,-97.402812,https://mitehuacan.mx/?ruta=7-upn-213-y-normal-superior
1,Servicio De Reparacion De Celulares Asphone,electrónica,60,18.456804,-97.385586,https://mitehuacan.mx/?ruta=7-upn-213-y-normal-superior
1,Yekcel Reparacion De Celulares,electrónica,62,18.458821,-97.393075,https://mitehuacan.mx/?ruta=7-upn-213-y-normal-superior
1,Reparaciones Telcel,electrónica,67,18.459309,-97.392541,https://mitehuacan.mx/?ruta=7-upn-213-y-normal-superior
1,Video Juegos Sin Nombre,electrónica,67,18.428995,-97.405535,https://mitehuacan.mx/?ruta=7-upn-213-y-normal-superior
1,Reparacion De Maquinitas,electrónica,72,18.459084,-97.385551,https://mitehuacan.mx/?ruta=7-upn-213-y-normal-superior
1,Taller De Electronica Juarez,electrónica,84,18.459171,-97.38512,https://mitehuacan.mx/?ruta=7-upn-213-y-normal-superior
1,Reparacion De Computadoras Compuservice Soft & Hardware,electrónica,98,18.457352,-97.393711,https://mitehuacan.mx/?ruta=7-upn-213-y-normal-superior
1,Reparacion De Televisiones,electrónica,106,18.456537,-97.391171,https://mitehuacan.mx/?ruta=7-upn-213-y-normal-superior
1,Diario Primera Linea Periodico Digital,electrónica,107,18.454373,-97.390532,https://mitehuacan.mx/?ruta=7-upn-213-y-normal-superior
1,Refrigeracion Gresa,electrónica,107,18.454373,-97.390532,https://mitehuacan.mx/?ruta=7-upn-213-y-normal-superior
1,Compra Y Venta Maquinas Industriales Sin Nombre,electrónica,129,18.455587,-97.394011,https://mitehuacan.mx/?ruta=7-upn-213-y-normal-superior
1,Taller De Reparacion De Celulares Hospital Del Celular,electrónica,143,18.459994,-97.39244,https://mitehuacan.mx/?ruta=7-upn-213-y-normal-superior
1,Venta De Radios Y Bocinas Sin Nombre,electrónica,143,18.457215,-97.383957,https://mitehuacan.mx/?ruta=7-upn-213-y-normal-superior
1,Reparacion De Celulares Jereh,electrónica,149,18.457547,-97.383861,https://mitehuacan.mx/?ruta=7-upn-213-y-normal-superior
1,Venta De Maquinas Maquinateh,electrónica,149,18.457158,-97.394188,https://mitehuacan.mx/?ruta=7-upn-213-y-normal-superior
1,Servicio De Video Juegos Sin Nombre,electrónica,150,18.456029,-97.387194,https://mitehuacan.mx/?ruta=7-upn-213-y-normal-superior
1,Centro De Belleza Lux,estética,0,18.456382,-97.392779,https://mitehuacan.mx/?ruta=7-upn-213-y-normal-superior
1,Estetica Venecia,estética,0,18.455042,-97.39279,https://mitehuacan.mx/?ruta=7-upn-213-y-normal-superior
1,Barberia Cruz,estética,1,18.456371,-97.392784,https://mitehuacan.mx/?ruta=7-upn-213-y-normal-superior
1,Barberia Marquez,estética,1,18.453387,-97.392832,https://mitehuacan.mx/?ruta=7-upn-213-y-normal-superior
1,Blessed Academy Escuela De Estilismo,estética,1,18.458694,-97.392,https://mitehuacan.mx/?ruta=7-upn-213-y-normal-superior
1,Estetica Pandora,estética,1,18.452862,-97.39284,https://mitehuacan.mx/?ruta=7-upn-213-y-normal-superior
1,Gina Salon,estética,1,18.458506,-97.387006,https://mitehuacan.mx/?ruta=7-upn-213-y-normal-superior
1,La Onda Tattoo Servicio De Tatuajes,estética,1,18.454192,-97.392815,https://mitehuacan.mx/?ruta=7-upn-213-y-normal-superior
1,Tatuajes Wolcort Tattos,estética,1,18.453369,-97.392832,https://mitehuacan.mx/?ruta=7-upn-213-y-normal-superior
1,Estetica Danely,estética,2,18.45867,-97.391156,https://mitehuacan.mx/?ruta=7-upn-213-y-normal-superior
1,Estetica Unisex Sin Nombre,estética,2,18.458663,-97.390919,https://mitehuacan.mx/?ruta=7-upn-213-y-normal-superior
1,Estetica Unisex Uriel,estética,2,18.430288,-97.404831,https://mitehuacan.mx/?ruta=7-upn-213-y-normal-superior
1,Servicio De Spa,estética,2,18.458623,-97.389801,https://mitehuacan.mx/?ruta=7-upn-213-y-normal-superior
1,Barber Rs,estética,3,18.453926,-97.39152,https://mitehuacan.mx/?ruta=7-upn-213-y-normal-superior
1,Estetica Kenia,estética,3,18.433035,-97.403265,https://mitehuacan.mx/?ruta=7-upn-213-y-normal-superior
1,Estetica Mary,estética,3,18.433714,-97.404456,https://mitehuacan.mx/?ruta=7-upn-213-y-normal-superior
1,Estetica Violeta,estética,3,18.45379,-97.391518,https://mitehuacan.mx/?ruta=7-upn-213-y-normal-superior
1,Barber Shop Big Boy,estética,4,18.457483,-97.389336,https://mitehuacan.mx/?ruta=7-upn-213-y-normal-superior
1,Estetica Bety,estética,4,18.428364,-97.404769,https://mitehuacan.mx/?ruta=7-upn-213-y-normal-superior
1,Estetica Ibe,estética,4,18.457452,-97.388493,https://mitehuacan.mx/?ruta=7-upn-213-y-normal-superior
1,Estetica Sin Nombre,estética,4,18.433277,-97.403788,https://mitehuacan.mx/?ruta=7-upn-213-y-normal-superior
1,Estetica Unisex Estilo,estética,4,18.457479,-97.389279,https://mitehuacan.mx/?ruta=7-upn-213-y-normal-superior
1,Estetica Unisex Sin Nombre,estética,4,18.457557,-97.391962,https://mitehuacan.mx/?ruta=7-upn-213-y-normal-superior
1,Servicio De Barberia,estética,4,18.45744,-97.387943,https://mitehuacan.mx/?ruta=7-upn-213-y-normal-superior
1,Spa Con Servicios Podologicos Lineosovi,estética,4,18.457333,-97.386628,https://mitehuacan.mx/?ruta=7-upn-213-y-normal-superior
1,Estetica Unisex Luis Cordova,estética,5,18.457401,-97.386256,https://mitehuacan.mx/?ruta=7-upn-213-y-normal-superior
1,Estetica Unisex Sin Nombre,estética,5,18.457364,-97.388164,https://mitehuacan.mx/?ruta=7-upn-213-y-normal-superior
1,Nails Love Boutique,estética,5,18.457497,-97.389649,https://mitehuacan.mx/?ruta=7-upn-213-y-normal-superior
1,Tienda De Tatuajes Y Piercing Firme Tinta,estética,5,18.457368,-97.388354,https://mitehuacan.mx/?ruta=7-upn-213-y-normal-superior
1,Estetica Centro De Belleza Vanity,estética,6,18.457441,-97.39115,https://mitehuacan.mx/?ruta=7-upn-213-y-normal-superior
1,Estudio De Maquillaje Make Up Artist,estética,6,18.429991,-97.404906,https://mitehuacan.mx/?ruta=7-upn-213-y-normal-superior
1,Aplicacion De Uñas Yadis Nails,estética,7,18.457456,-97.391814,https://mitehuacan.mx/?ruta=7-upn-213-y-normal-superior
1,Estetica Unisex Sin Nombre,estética,7,18.427,-97.405957,https://mitehuacan.mx/?ruta=7-upn-213-y-normal-superior
1,Jatzibet Showroom & Nails,estética,7,18.457965,-97.392444,https://mitehuacan.mx/?ruta=7-upn-213-y-normal-superior
1,Estetica Unisex Faby,estética,8,18.458492,-97.388671,https://mitehuacan.mx/?ruta=7-upn-213-y-normal-superior
1,Salon De Uñas D Nails,estética,8,18.454373,-97.391621,https://mitehuacan.mx/?ruta=7-upn-213-y-normal-superior
1,Estetica Nueva Imagen,estética,10,18.458605,-97.387316,https://mitehuacan.mx/?ruta=7-upn-213-y-normal-superior
1,Lady Barber Shop,estética,12,18.454399,-97.391433,https://mitehuacan.mx/?ruta=7-upn-213-y-normal-superior
1,Salon De Belleza Sin Nombre,estética,12,18.45863,-97.387693,https://mitehuacan.mx/?ruta=7-upn-213-y-normal-superior
1,Peluqueria El Sol,estética,13,18.458657,-97.388092,https://mitehuacan.mx/?ruta=7-upn-213-y-normal-superior
1,Peluqueria Y Barberia Isaias,estética,14,18.457237,-97.38523,https://mitehuacan.mx/?ruta=7-upn-213-y-normal-superior
1,Estetica Mich,estética,15,18.457379,-97.38516,https://mitehuacan.mx/?ruta=7-upn-213-y-normal-superior
1,Estetica Dalia,estética,16,18.432829,-97.403073,https://mitehuacan.mx/?ruta=7-upn-213-y-normal-superior
1,Estetica Estetica Unisex Luz,estética,19,18.457275,-97.389432,https://mitehuacan.mx/?ruta=7-upn-213-y-normal-superior
1,Estetica Sin Nombre,estética,21,18.426867,-97.406351,https://mitehuacan.mx/?ruta=7-upn-213-y-normal-superior
1,Estetica Sin Nombre,estética,21,18.433437,-97.404479,https://mitehuacan.mx/?ruta=7-upn-213-y-normal-superior
1,Estetica Vero,estética,22,18.458707,-97.387108,https://mitehuacan.mx/?ruta=7-upn-213-y-normal-superior
1,Servicio De Tatuajes Veneno,estética,22,18.458423,-97.390239,https://mitehuacan.mx/?ruta=7-upn-213-y-normal-superior
1,Aplicacion De Tatuajes Iniestra In,estética,25,18.458446,-97.391574,https://mitehuacan.mx/?ruta=7-upn-213-y-normal-superior
1,Barberia Barberia Bandoleros,estética,27,18.457203,-97.389435,https://mitehuacan.mx/?ruta=7-upn-213-y-normal-superior
1,Estetica Lupita,estética,29,18.429851,-97.405072,https://mitehuacan.mx/?ruta=7-upn-213-y-normal-superior
1,Aplicacion De Tatuajes Leprosy,estética,31,18.455649,-97.39249,https://mitehuacan.mx/?ruta=7-upn-213-y-normal-superior
1,Beauty Salon,estética,32,18.455785,-97.39162,https://mitehuacan.mx/?ruta=7-upn-213-y-normal-superior
1,Estetica Vero,estética,33,18.458889,-97.389495,https://mitehuacan.mx/?ruta=7-upn-213-y-normal-superior
1,Estetica Dians,estética,35,18.45783,-97.39158,https://mitehuacan.mx/?ruta=7-upn-213-y-normal-superior
1,Extencion De Pestañas Ross Lashes,estética,37,18.454411,-97.391897,https://mitehuacan.mx/?ruta=7-upn-213-y-normal-superior
1,Quee Body Spa,estética,37,18.435662,-97.402158,https://mitehuacan.mx/?ruta=7-upn-213-y-normal-superior
1,Studio K Servicio De Uñas Y Cejas,estética,37,18.455866,-97.391618,https://mitehuacan.mx/?ruta=7-upn-213-y-normal-superior
1,Salon De Belleza Sin Nombre,estética,49,18.458876,-97.385553,https://mitehuacan.mx/?ruta=7-upn-213-y-normal-superior
1,Estetica Silvia,estética,53,18.430641,-97.405221,https://mitehuacan.mx/?ruta=7-upn-213-y-normal-superior
1,Peluqueria Del Valle,estética,53,18.456996,-97.390349,https://mitehuacan.mx/?ruta=7-upn-213-y-normal-superior
1,Peluqueria El Sol,estética,53,18.459118,-97.390754,https://mitehuacan.mx/?ruta=7-upn-213-y-normal-superior
1,Cultura Y Tinta Termo Tatuajes,estética,54,18.433408,-97.40298,https://mitehuacan.mx/?ruta=7-upn-213-y-normal-superior
1,Estetica Dalia,estética,54,18.428994,-97.40367,https://mitehuacan.mx/?ruta=7-upn-213-y-normal-superior
1,Yuvaika Spa,estética,58,18.458958,-97.385552,https://mitehuacan.mx/?ruta=7-upn-213-y-normal-superior
1,Salon De Belleza Sm,estética,64,18.456875,-97.389585,https://mitehuacan.mx/?ruta=7-upn-213-y-normal-superior
1,Tienda De Bisuteria Sin Nombre,estética,67,18.459244,-97.390753,https://mitehuacan.mx/?ruta=7-upn-213-y-normal-superior
1,Aplicacion De Tatuajes Corazon Negro Tattoo,estética,70,18.458724,-97.393156,https://mitehuacan.mx/?ruta=7-upn-213-y-normal-superior
1,Estetica New Colors,estética,70,18.456573,-97.391786,https://mitehuacan.mx/?ruta=7-upn-213-y-normal-superior
1,Peluqueria El Pelucas,estética,73,18.429359,-97.405259,https://mitehuacan.mx/?ruta=7-upn-213-y-normal-superior
1,Estetica Radiance,estética,74,18.458726,-97.393203,https://mitehuacan.mx/?ruta=7-upn-213-y-normal-superior
1,Estetica Y Barberia Milagros,estética,75,18.425532,-97.405598,https://mitehuacan.mx/?ruta=7-upn-213-y-normal-superior
1,Barberia Shop Ramos,estética,78,18.456744,-97.389535,https://mitehuacan.mx/?ruta=7-upn-213-y-normal-superior
1,Barberia Yankees,estética,81,18.459432,-97.392422,https://mitehuacan.mx/?ruta=7-upn-213-y-normal-superior
1,Diamond Joyeria Y Tatuajes,estética,81,18.458624,-97.393269,https://mitehuacan.mx/?ruta=7-upn-213-y-normal-superior
1,Peluqueria Garcia,estética,82,18.456636,-97.387177,https://mitehuacan.mx/?ruta=7-upn-213-y-normal-superior
1,Estetica Chely Cortes,estética,87,18.429984,-97.403806,https://mitehuacan.mx/?ruta=7-upn-213-y-normal-superior
1,El Salon Estetica,estética,88,18.456665,-97.393614,https://mitehuacan.mx/?ruta=7-upn-213-y-normal-superior
1,Estetica Tysharis,estética,90,18.456645,-97.391604,https://mitehuacan.mx/?ruta=7-upn-213-y-normal-superior
1,Estetica Siempre Bella,estética,94,18.433531,-97.402528,https://mitehuacan.mx/?ruta=7-upn-213-y-normal-superior
1,Peluqueria Y Barberia Papi Chulo,estética,100,18.459492,-97.389383,https://mitehuacan.mx/?ruta=7-upn-213-y-normal-superior
1,Estetica Lili,estética,105,18.432713,-97.404778,https://mitehuacan.mx/?ruta=7-upn-213-y-normal-superior
1,Lash Art,estética,115,18.456357,-97.387809,https://mitehuacan.mx/?ruta=7-upn-213-y-normal-superior
1,Estetica Fashion Nails,estética,120,18.459724,-97.390751,https://mitehuacan.mx/?ruta=7-upn-213-y-normal-superior
1,Concepto Estilistas,estética,122,18.456359,-97.389877,https://mitehuacan.mx/?ruta=7-upn-213-y-normal-superior
1,Estetica De Belleza Ivon,estética,122,18.456318,-97.388693,https://mitehuacan.mx/?ruta=7-upn-213-y-normal-superior
1,Estetica Unisex Ariana,estética,124,18.45976,-97.39075,https://mitehuacan.mx/?ruta=7-upn-213-y-normal-superior
1,Salon Beauty Denissa,estética,125,18.455696,-97.39048,https://mitehuacan.mx/?ruta=7-upn-213-y-normal-superior
1,Spa Hanh,estética,128,18.455496,-97.393995,https://mitehuacan.mx/?ruta=7-upn-213-y-normal-superior
1,Estetica Angie Hair Glam,estética,131,18.45447,-97.394049,https://mitehuacan.mx/?ruta=7-upn-213-y-normal-superior
1,Salon De Belleza The Beauty Salon Yazmiin,estética,135,18.456165,-97.38719,https://mitehuacan.mx/?ruta=7-upn-213-y-normal-superior
1,Jerque Barber Shop Peluqueria,estética,140,18.453539,-97.390221,https://mitehuacan.mx/?ruta=7-upn-213-y-normal-superior
1,Estetica Madoza,estética,141,18.459869,-97.38955,https://mitehuacan.mx/?ruta=7-upn-213-y-normal-superior
1,Estetica Mariana Mejia,estética,143,18.455499,-97.394137,https://mitehuacan.mx/?ruta=7-upn-213-y-normal-superior
1,Aplicacion De Uñas Studio Princess,estética,144,18.460006,-97.392567,https://mitehuacan.mx/?ruta=7-upn-213-y-normal-superior
1,Barber Shop Y Aplicacion,estética,144,18.454469,-97.390188,https://mitehuacan.mx/?ruta=7-upn-213-y-normal-superior
1,Barberia Pacheco,estética,145,18.460012,-97.39244,https://mitehuacan.mx/?ruta=7-upn-213-y-normal-superior
1,Farmacia De Apoyo,farmacia,0,18.451816,-97.394545,https://mitehuacan.mx/?ruta=7-upn-213-y-normal-superior
1,Farmacias Similares,farmacia,1,18.458694,-97.391999,https://mitehuacan.mx/?ruta=7-upn-213-y-normal-superior
1,Farmacia Y Perfumeria Victorino,farmacia,2,18.458637,-97.390227,https://mitehuacan.mx/?ruta=7-upn-213-y-normal-superior
1,Farmacia de Apoyo,farmacia,2,18.458722,-97.392464,https://mitehuacan.mx/?ruta=7-upn-213-y-normal-superior
1,Farmacia De Apoyo Sucursal 20,farmacia,3,18.434266,-97.405039,https://mitehuacan.mx/?ruta=7-upn-213-y-normal-superior
1,Farmacia La Purisima,farmacia,3,18.457978,-97.385194,https://mitehuacan.mx/?ruta=7-upn-213-y-normal-superior
1,Farmacia San Pio,farmacia,3,18.430213,-97.404767,https://mitehuacan.mx/?ruta=7-upn-213-y-normal-superior
1,Farmacia Victorinox,farmacia,4,18.45866,-97.390378,https://mitehuacan.mx/?ruta=7-upn-213-y-normal-superior
1,Gudi,farmacia,5,18.431724,-97.403844,https://mitehuacan.mx/?ruta=7-upn-213-y-normal-superior
1,Farmacia Farmabio,farmacia,6,18.429057,-97.404147,https://mitehuacan.mx/?ruta=7-upn-213-y-normal-superior
1,Paraiso Fumigaciones Tehuacan,farmacia,6,18.457445,-97.391283,https://mitehuacan.mx/?ruta=7-upn-213-y-normal-superior
1,Bodega Aurrera Express Coapan,farmacia,12,18.436213,-97.402178,https://mitehuacan.mx/?ruta=7-upn-213-y-normal-superior
1,Farmacias Similares,farmacia,13,18.458655,-97.388072,https://mitehuacan.mx/?ruta=7-upn-213-y-normal-superior
1,Farmacia La Asuncion,farmacia,28,18.429787,-97.40502,https://mitehuacan.mx/?ruta=7-upn-213-y-normal-superior
1,Farmacia Sin Nombre,farmacia,53,18.426584,-97.406289,https://mitehuacan.mx/?ruta=7-upn-213-y-normal-superior
1,Farmacias Similares,farmacia,95,18.456477,-97.385268,https://mitehuacan.mx/?ruta=7-upn-213-y-normal-superior
1,Farmacias San Benito,farmacia,119,18.427781,-97.403852,https://mitehuacan.mx/?ruta=7-upn-213-y-normal-superior
1,Venta De Productos Farmaceuticos Botica Del Mercado,farmacia,119,18.459667,-97.389483,https://mitehuacan.mx/?ruta=7-upn-213-y-normal-superior
1,Ferretera Itza,ferretería,4,18.43088,-97.404356,https://mitehuacan.mx/?ruta=7-upn-213-y-normal-superior
1,Ferreteria El Zorro Ferretero,ferretería,5,18.457404,-97.38637,https://mitehuacan.mx/?ruta=7-upn-213-y-normal-superior
1,Ferreteria Punto Ferretero 3B,ferretería,7,18.432451,-97.403399,https://mitehuacan.mx/?ruta=7-upn-213-y-normal-superior
1,Mangueras Y Conexiones La Paz,ferretería,8,18.454228,-97.391622,https://mitehuacan.mx/?ruta=7-upn-213-y-normal-superior
1,Mini Ferreteria La Alternativa,ferretería,9,18.425279,-97.406187,https://mitehuacan.mx/?ruta=7-upn-213-y-normal-superior
1,Ferreteria La Estancia,ferretería,12,18.452794,-97.39446,https://mitehuacan.mx/?ruta=7-upn-213-y-normal-superior
1,Venta De Articulos De Ferreteria,ferretería,15,18.45746,-97.385154,https://mitehuacan.mx/?ruta=7-upn-213-y-normal-superior
1,Novedades Lopez,ferretería,17,18.457307,-97.385157,https://mitehuacan.mx/?ruta=7-upn-213-y-normal-superior
1,Ferreteria Arriaga Ferreteria,ferretería,20,18.458444,-97.390331,https://mitehuacan.mx/?ruta=7-upn-213-y-normal-superior
1,Ferreteria Gomez Ollivier,ferretería,30,18.454735,-97.392515,https://mitehuacan.mx/?ruta=7-upn-213-y-normal-superior
1,Centro De Servicio,ferretería,49,18.457068,-97.391487,https://mitehuacan.mx/?ruta=7-upn-213-y-normal-superior
1,Estacionamiento Ecologico,ferretería,60,18.45924,-97.392415,https://mitehuacan.mx/?ruta=7-upn-213-y-normal-superior
1,Distribuciones Jorta,ferretería,66,18.459184,-97.389387,https://mitehuacan.mx/?ruta=7-upn-213-y-normal-superior
1,Venta De Chacharas Sin Nombre,ferretería,103,18.458387,-97.38423,https://mitehuacan.mx/?ruta=7-upn-213-y-normal-superior
1,Ferremateriales,ferretería,118,18.434793,-97.402143,https://mitehuacan.mx/?ruta=7-upn-213-y-normal-superior
1,Ferreteria Casa Rodriguez,ferretería,120,18.455426,-97.39043,https://mitehuacan.mx/?ruta=7-upn-213-y-normal-superior
1,Estacionamiento Wally,ferretería,130,18.459846,-97.391547,https://mitehuacan.mx/?ruta=7-upn-213-y-normal-superior
1,Ferre Pat Autoservicio,ferretería,140,18.459929,-97.391428,https://mitehuacan.mx/?ruta=7-upn-213-y-normal-superior
1,Venta De Jarceria,ferretería,140,18.457667,-97.383925,https://mitehuacan.mx/?ruta=7-upn-213-y-normal-superior
1,Venta De Articulos De Ferreteria Sin Nombre,ferretería,143,18.457206,-97.383958,https://mitehuacan.mx/?ruta=7-upn-213-y-normal-superior
1,Materiales Masjo,ferretería,145,18.434018,-97.402391,https://mitehuacan.mx/?ruta=7-upn-213-y-normal-superior
1,Puesto De Articulos De Ferreteria Sin Nombre,ferretería,145,18.457062,-97.383966,https://mitehuacan.mx/?ruta=7-upn-213-y-normal-superior
1,Ave Ferreteria,ferretería,148,18.459977,-97.390749,https://mitehuacan.mx/?ruta=7-upn-213-y-normal-superior
1,Hotel Motel Pasion,hotel,5,18.457369,-97.388401,https://mitehuacan.mx/?ruta=7-upn-213-y-normal-superior
1,Motel Taj Majal,hotel,7,18.435473,-97.403208,https://mitehuacan.mx/?ruta=7-upn-213-y-normal-superior
1,Hotel Granada,hotel,7,18.4585,-97.388709,https://mitehuacan.mx/?ruta=7-upn-213-y-normal-superior
1,Hoteles Solaris De Mexico,hotel,11,18.449036,-97.394944,https://mitehuacan.mx/?ruta=7-upn-213-y-normal-superior
1,Hotel Ivanna Thais,hotel,12,18.458638,-97.387818,https://mitehuacan.mx/?ruta=7-upn-213-y-normal-superior
1,Paraiso El Paraiso,hotel,24,18.45859,-97.385071,https://mitehuacan.mx/?ruta=7-upn-213-y-normal-superior
1,Hotel Emperador,hotel,28,18.45823,-97.386627,https://mitehuacan.mx/?ruta=7-upn-213-y-normal-superior
1,Hotel Juquilita,hotel,31,18.458152,-97.385562,https://mitehuacan.mx/?ruta=7-upn-213-y-normal-superior
1,Hotel Margot,hotel,38,18.457001,-97.385514,https://mitehuacan.mx/?ruta=7-upn-213-y-normal-superior
1,Hotel Ilucion,hotel,49,18.45858,-97.384776,https://mitehuacan.mx/?ruta=7-upn-213-y-normal-superior
1,Hotel La Suiza,hotel,54,18.459076,-97.389388,https://mitehuacan.mx/?ruta=7-upn-213-y-normal-superior
1,Hotel Libramiento,hotel,54,18.439251,-97.400268,https://mitehuacan.mx/?ruta=7-upn-213-y-normal-superior
1,Hotel Granada,hotel,60,18.458022,-97.388704,https://mitehuacan.mx/?ruta=7-upn-213-y-normal-superior
1,Motel Zodiaco,hotel,73,18.443392,-97.398586,https://mitehuacan.mx/?ruta=7-upn-213-y-normal-superior
1,Motel Make Love,hotel,87,18.446084,-97.397519,https://mitehuacan.mx/?ruta=7-upn-213-y-normal-superior
1,Hotel Bella Vista,hotel,131,18.45447,-97.390311,https://mitehuacan.mx/?ruta=7-upn-213-y-normal-superior
1,Inmobiliaria Y Construcciones La Torre Tehuacan,inmobiliaria,1,18.458694,-97.392,https://mitehuacan.mx/?ruta=7-upn-213-y-normal-superior
1,Oficina Administrativa De Plaza Ana Maria,inmobiliaria,1,18.458694,-97.392,https://mitehuacan.mx/?ruta=7-upn-213-y-normal-superior
1,Dicarr Inmobiliaria,inmobiliaria,6,18.443799,-97.397592,https://mitehuacan.mx/?ruta=7-upn-213-y-normal-superior
1,Residencial Bicentenario,inmobiliaria,7,18.452606,-97.394353,https://mitehuacan.mx/?ruta=7-upn-213-y-normal-superior
1,Grupo Paruz,inmobiliaria,94,18.454376,-97.390656,https://mitehuacan.mx/?ruta=7-upn-213-y-normal-superior
1,Inmobiliaria Sin Nombre,inmobiliaria,130,18.458843,-97.393721,https://mitehuacan.mx/?ruta=7-upn-213-y-normal-superior
1,Administracion Del Mercado La Purisima,inmobiliaria,147,18.456192,-97.384615,https://mitehuacan.mx/?ruta=7-upn-213-y-normal-superior
1,Distribuidora De Llantas Tehuacan Hankook,llantera,4,18.439289,-97.399658,https://mitehuacan.mx/?ruta=7-upn-213-y-normal-superior
1,Talacheria Santa Barbara,llantera,4,18.439791,-97.399418,https://mitehuacan.mx/?ruta=7-upn-213-y-normal-superior
1,Vulcanizadora Trujillo,llantera,4,18.444371,-97.397345,https://mitehuacan.mx/?ruta=7-upn-213-y-normal-superior
1,Talacheria Omar,llantera,5,18.434701,-97.404389,https://mitehuacan.mx/?ruta=7-upn-213-y-normal-superior
1,Vulcanizadora Rodriguez,llantera,7,18.446219,-97.396479,https://mitehuacan.mx/?ruta=7-upn-213-y-normal-superior
1,Vulcanizadora Roberto,llantera,10,18.45735,-97.389236,https://mitehuacan.mx/?ruta=7-upn-213-y-normal-superior
1,Vulcanizadora El Copete,llantera,58,18.459033,-97.387106,https://mitehuacan.mx/?ruta=7-upn-213-y-normal-superior
1,Llantera Abarrotes Barroso,llantera,97,18.459549,-97.391549,https://mitehuacan.mx/?ruta=7-upn-213-y-normal-superior
1,Muebleria Sin Nombre,muebles,2,18.458558,-97.388095,https://mitehuacan.mx/?ruta=7-upn-213-y-normal-superior
1,Muebleria Doña Cama Y Don Ropero,muebles,95,18.459318,-97.386074,https://mitehuacan.mx/?ruta=7-upn-213-y-normal-superior
1,Venta De Muebles De Madera Sin Nombre,muebles,143,18.457215,-97.383957,https://mitehuacan.mx/?ruta=7-upn-213-y-normal-superior
1,Guti-Pan,panadería,59,18.459224,-97.39263,https://mitehuacan.mx/?ruta=7-upn-213-y-normal-superior
1,Compra Venta De Accesorios Para Automoviles Blacky,refacciones,2,18.458628,-97.389939,https://mitehuacan.mx/?ruta=7-upn-213-y-normal-superior
1,Refaccionaria Ald Refacciones,refacciones,2,18.448416,-97.395528,https://mitehuacan.mx/?ruta=7-upn-213-y-normal-superior
1,Transmisiones Automaticas Y Direcciones Hidrahulicas Espinos,refacciones,2,18.435893,-97.402398,https://mitehuacan.mx/?ruta=7-upn-213-y-normal-superior
1,Casa Matriz,refacciones,4,18.454786,-97.391513,https://mitehuacan.mx/?ruta=7-upn-213-y-normal-superior
1,Refaccionaria Santo Domingo,refacciones,4,18.440736,-97.398983,https://mitehuacan.mx/?ruta=7-upn-213-y-normal-superior
1,Representaciones Industriales Y Comerciales Rosas,refacciones,4,18.457431,-97.387555,https://mitehuacan.mx/?ruta=7-upn-213-y-normal-superior
1,Compra Venta De Accesorios Para Automoviles Blaky,refacciones,5,18.457493,-97.389564,https://mitehuacan.mx/?ruta=7-upn-213-y-normal-superior
1,Alma Automotriz,refacciones,7,18.445888,-97.396639,https://mitehuacan.mx/?ruta=7-upn-213-y-normal-superior
1,Bodega Del Transportista,refacciones,7,18.454566,-97.391619,https://mitehuacan.mx/?ruta=7-upn-213-y-normal-superior
1,Accesorios Royma,refacciones,8,18.435651,-97.402942,https://mitehuacan.mx/?ruta=7-upn-213-y-normal-superior
1,Santillantas,refacciones,8,18.43557,-97.403063,https://mitehuacan.mx/?ruta=7-upn-213-y-normal-superior
1,Refacciones Y Servicio Electrico Boher,refacciones,10,18.442021,-97.398556,https://mitehuacan.mx/?ruta=7-upn-213-y-normal-superior
1,Corporativo Grupo Amaro,refacciones,16,18.455327,-97.39183,https://mitehuacan.mx/?ruta=7-upn-213-y-normal-superior
1,Oficina Grupo Refaccionaria Dinamica De Tehuacan,refacciones,16,18.455333,-97.391834,https://mitehuacan.mx/?ruta=7-upn-213-y-normal-superior
1,Proveedora Disesel Tehuacan,refacciones,30,18.439565,-97.399881,https://mitehuacan.mx/?ruta=7-upn-213-y-normal-superior
1,Autopartes Avendaño,refacciones,67,18.454122,-97.390912,https://mitehuacan.mx/?ruta=7-upn-213-y-normal-superior
1,Comercializadora Ferrehules,refacciones,94,18.456486,-97.385267,https://mitehuacan.mx/?ruta=7-upn-213-y-normal-superior
1,Diagsa Automotriz,refacciones,94,18.459258,-97.385114,https://mitehuacan.mx/?ruta=7-upn-213-y-normal-superior
1,Refaccionaria Alma Automotriz,refacciones,124,18.456286,-97.38802,https://mitehuacan.mx/?ruta=7-upn-213-y-normal-superior
1,Bodega Central Refaccionaria Dinamica De Tehuacan,refacciones,141,18.452421,-97.395861,https://mitehuacan.mx/?ruta=7-upn-213-y-normal-superior
1,Bodega Grupo Amaro,refacciones,141,18.452411,-97.395861,https://mitehuacan.mx/?ruta=7-upn-213-y-normal-superior
1,Venta De Tacos Sin Nombre,restaurante,0,18.433999,-97.404714,https://mitehuacan.mx/?ruta=7-upn-213-y-normal-superior
1,Venta De Tacos Y Tostadas,restaurante,0,18.433999,-97.404714,https://mitehuacan.mx/?ruta=7-upn-213-y-normal-superior
1,Aca Las Tortas,restaurante,1,18.458465,-97.385964,https://mitehuacan.mx/?ruta=7-upn-213-y-normal-superior
1,Cemitas Mary,restaurante,1,18.458517,-97.387243,https://mitehuacan.mx/?ruta=7-upn-213-y-normal-superior
1,Cocina Economica La Incondicional Del Sabor,restaurante,1,18.458694,-97.392,https://mitehuacan.mx/?ruta=7-upn-213-y-normal-superior
1,Pizzas Yankees,restaurante,1,18.458694,-97.392,https://mitehuacan.mx/?ruta=7-upn-213-y-normal-superior
1,Pizzeria Yankees,restaurante,1,18.458694,-97.392,https://mitehuacan.mx/?ruta=7-upn-213-y-normal-superior
1,Torteria Delicias,restaurante,1,18.455884,-97.392771,https://mitehuacan.mx/?ruta=7-upn-213-y-normal-superior
1,Burritos Norteños,restaurante,2,18.437189,-97.400629,https://mitehuacan.mx/?ruta=7-upn-213-y-normal-superior
1,Restaurante Mis Dos Regalos,restaurante,2,18.458569,-97.388323,https://mitehuacan.mx/?ruta=7-upn-213-y-normal-superior
1,Taqueria Said,restaurante,2,18.430462,-97.404724,https://mitehuacan.mx/?ruta=7-upn-213-y-normal-superior
1,Venta De Memelas Especiales Sin Nombre,restaurante,2,18.458563,-97.3882,https://mitehuacan.mx/?ruta=7-upn-213-y-normal-superior
1,Antojitos Mary Fer,restaurante,3,18.458579,-97.388522,https://mitehuacan.mx/?ruta=7-upn-213-y-normal-superior
1,Cocina Economica Norita,restaurante,3,18.458598,-97.388929,https://mitehuacan.mx/?ruta=7-upn-213-y-normal-superior
1,Pizzas New York,restaurante,3,18.456431,-97.392468,https://mitehuacan.mx/?ruta=7-upn-213-y-normal-superior
1,Rosticeria Alvarez,restaurante,3,18.45824,-97.385181,https://mitehuacan.mx/?ruta=7-upn-213-y-normal-superior
1,Super Distribuibuidoras Alvarez,restaurante,3,18.458444,-97.385225,https://mitehuacan.mx/?ruta=7-upn-213-y-normal-superior
1,Super Distribuidora Alvares,restaurante,3,18.458267,-97.385179,https://mitehuacan.mx/?ruta=7-upn-213-y-normal-superior
1,Super Tortas Hidalguenses,restaurante,3,18.458581,-97.388569,https://mitehuacan.mx/?ruta=7-upn-213-y-normal-superior
1,Antojitos Sin Nombre,restaurante,4,18.430736,-97.404443,https://mitehuacan.mx/?ruta=7-upn-213-y-normal-superior
1,Cocina Economica Tierra Madre,restaurante,4,18.455891,-97.392033,https://mitehuacan.mx/?ruta=7-upn-213-y-normal-superior
1,Rosticeria Guadalupe,restaurante,4,18.45833,-97.385175,https://mitehuacan.mx/?ruta=7-upn-213-y-normal-superior
1,Rosticeria Pollo Mix,restaurante,4,18.457558,-97.39199,https://mitehuacan.mx/?ruta=7-upn-213-y-normal-superior
1,Taco Holgado,restaurante,4,18.430962,-97.404417,https://mitehuacan.mx/?ruta=7-upn-213-y-normal-superior
1,Torteria Pika Riko,restaurante,4,18.457286,-97.39274,https://mitehuacan.mx/?ruta=7-upn-213-y-normal-superior
1,Venta De Tacos Sin Nombre,restaurante,4,18.426093,-97.407184,https://mitehuacan.mx/?ruta=7-upn-213-y-normal-superior
1,Antojitos Doña Mare,restaurante,5,18.432189,-97.403685,https://mitehuacan.mx/?ruta=7-upn-213-y-normal-superior
1,Comida Sin Nombre,restaurante,5,18.428128,-97.407016,https://mitehuacan.mx/?ruta=7-upn-213-y-normal-superior
1,Elaboracion De Antojitos,restaurante,5,18.432431,-97.403546,https://mitehuacan.mx/?ruta=7-upn-213-y-normal-superior
1,Taqueria Licha,restaurante,5,18.457716,-97.385207,https://mitehuacan.mx/?ruta=7-upn-213-y-normal-superior
1,Taqueria Sin Nombre,restaurante,5,18.457395,-97.385972,https://mitehuacan.mx/?ruta=7-upn-213-y-normal-superior
1,Venta De Tortas Sin Nombre,restaurante,5,18.457394,-97.385953,https://mitehuacan.mx/?ruta=7-upn-213-y-normal-superior
1,Venta De Tortillas De Mano Sin Nombre,restaurante,5,18.457357,-97.387861,https://mitehuacan.mx/?ruta=7-upn-213-y-normal-superior
1,Pollos A La Leña,restaurante,6,18.432719,-97.403248,https://mitehuacan.mx/?ruta=7-upn-213-y-normal-superior
1,Preparacion De Antojitos Sin Nombre,restaurante,6,18.435029,-97.404095,https://mitehuacan.mx/?ruta=7-upn-213-y-normal-superior
1,Restaurante Camino Real,restaurante,6,18.445542,-97.396806,https://mitehuacan.mx/?ruta=7-upn-213-y-normal-superior
1,Rosticeria Ali,restaurante,6,18.457431,-97.390714,https://mitehuacan.mx/?ruta=7-upn-213-y-normal-superior
1,Taqueria El Pariente,restaurante,6,18.457301,-97.385908,https://mitehuacan.mx/?ruta=7-upn-213-y-normal-superior
1,Venta De Antojitos La Dueña,restaurante,6,18.434878,-97.404325,https://mitehuacan.mx/?ruta=7-upn-213-y-normal-superior
1,Antojitos Sin Nombre,restaurante,7,18.428403,-97.406555,https://mitehuacan.mx/?ruta=7-upn-213-y-normal-superior
1,Cocina Economica Flores,restaurante,7,18.45746,-97.39207,https://mitehuacan.mx/?ruta=7-upn-213-y-normal-superior
1,Cocina Economica Y Rosticeria Carmelita,restaurante,7,18.432487,-97.403378,https://mitehuacan.mx/?ruta=7-upn-213-y-normal-superior
1,El Jale Costillas,restaurante,7,18.427,-97.405796,https://mitehuacan.mx/?ruta=7-upn-213-y-normal-superior
1,Elaboracion Y Venta De Antojitos Mexicanos Doña Alicia,restaurante,7,18.432399,-97.40343,https://mitehuacan.mx/?ruta=7-upn-213-y-normal-superior
1,Restaurante Los Arcos,restaurante,7,18.4284,-97.40646,https://mitehuacan.mx/?ruta=7-upn-213-y-normal-superior
1,Venta De Barbacoa El Jacalito,restaurante,7,18.428393,-97.40628,https://mitehuacan.mx/?ruta=7-upn-213-y-normal-superior
1,Wajil Restaurante,restaurante,7,18.457766,-97.392448,https://mitehuacan.mx/?ruta=7-upn-213-y-normal-superior
1,Comedor Sanchez,restaurante,8,18.435707,-97.402858,https://mitehuacan.mx/?ruta=7-upn-213-y-normal-superior
1,Pollos Asados Coapan,restaurante,8,18.435799,-97.40272,https://mitehuacan.mx/?ruta=7-upn-213-y-normal-superior
1,Taqueria Estilo Michoacan Sucursal 7 Sur,restaurante,8,18.458435,-97.387103,https://mitehuacan.mx/?ruta=7-upn-213-y-normal-superior
1,Venta De Tacos Sin Nombre,restaurante,8,18.426984,-97.406945,https://mitehuacan.mx/?ruta=7-upn-213-y-normal-superior
1,Cocina Economica El Comedor De Lupita,restaurante,9,18.457595,-97.391585,https://mitehuacan.mx/?ruta=7-upn-213-y-normal-superior
1,El Pariente Birrieria Estilo Tijuana,restaurante,10,18.45772,-97.392733,https://mitehuacan.mx/?ruta=7-upn-213-y-normal-superior
1,Rosticeria Super Pollo El Jarocho,restaurante,10,18.457467,-97.387145,https://mitehuacan.mx/?ruta=7-upn-213-y-normal-superior
1,Venta De Tacos Sin Nombre,restaurante,10,18.424009,-97.406758,https://mitehuacan.mx/?ruta=7-upn-213-y-normal-superior
1,Taqueria El Rey Del Taco,restaurante,11,18.45841,-97.38718,https://mitehuacan.mx/?ruta=7-upn-213-y-normal-superior
1,Cemitas La Poblanita,restaurante,12,18.457804,-97.385128,https://mitehuacan.mx/?ruta=7-upn-213-y-normal-superior
1,Cemitas La Poblanita,restaurante,12,18.428453,-97.405822,https://mitehuacan.mx/?ruta=7-upn-213-y-normal-superior
1,Taqueria El Jefe,restaurante,12,18.458603,-97.386775,https://mitehuacan.mx/?ruta=7-upn-213-y-normal-superior
1,Venta De Antojitos Mexicanos Sin Nombre,restaurante,12,18.457822,-97.385126,https://mitehuacan.mx/?ruta=7-upn-213-y-normal-superior
1,Venta De Barbacoa El Cabrito,restaurante,12,18.457813,-97.385127,https://mitehuacan.mx/?ruta=7-upn-213-y-normal-superior
1,Pizerias Chepe Pizas,restaurante,13,18.458447,-97.388675,https://mitehuacan.mx/?ruta=7-upn-213-y-normal-superior
1,Pizzerias Angelloti,restaurante,13,18.458766,-97.391058,https://mitehuacan.mx/?ruta=7-upn-213-y-normal-superior
1,Rosticeria El Buen Sabor,restaurante,13,18.458777,-97.391371,https://mitehuacan.mx/?ruta=7-upn-213-y-normal-superior
1,Taqueria King Taco,restaurante,13,18.458391,-97.385082,https://mitehuacan.mx/?ruta=7-upn-213-y-normal-superior
1,Venta De Antojitos Mexicanos Sin Nombre,restaurante,13,18.45765,-97.385139,https://mitehuacan.mx/?ruta=7-upn-213-y-normal-superior
1,Venta De Tacos Sin Nombre,restaurante,13,18.428949,-97.40408,https://mitehuacan.mx/?ruta=7-upn-213-y-normal-superior
1,Elaboracion De Tacos De Canasta Sin Nombre,restaurante,14,18.434012,-97.404998,https://mitehuacan.mx/?ruta=7-upn-213-y-normal-superior
1,Restaurant Los Adobes,restaurante,14,18.427949,-97.405585,https://mitehuacan.mx/?ruta=7-upn-213-y-normal-superior
1,Restaurante El Rincon Del Viejo,restaurante,14,18.428139,-97.405593,https://mitehuacan.mx/?ruta=7-upn-213-y-normal-superior
1,Taqueria Taco Loko,restaurante,14,18.457497,-97.385151,https://mitehuacan.mx/?ruta=7-upn-213-y-normal-superior
1,Venta De Antojitos Mexicanos Sin Nombre,restaurante,14,18.457524,-97.385149,https://mitehuacan.mx/?ruta=7-upn-213-y-normal-superior
1,Venta De Barbacoa Don Alfredo,restaurante,14,18.457506,-97.385151,https://mitehuacan.mx/?ruta=7-upn-213-y-normal-superior
1,Venta De Barbacoa Rodriguez,restaurante,14,18.457479,-97.385153,https://mitehuacan.mx/?ruta=7-upn-213-y-normal-superior
1,Venta De Barbacoa Sin Nombre,restaurante,14,18.457479,-97.385153,https://mitehuacan.mx/?ruta=7-upn-213-y-normal-superior
1,Venta De Carnitas El Calvario,restaurante,14,18.453487,-97.391416,https://mitehuacan.mx/?ruta=7-upn-213-y-normal-superior
1,Cocina Economica Doña Amada,restaurante,15,18.457442,-97.385155,https://mitehuacan.mx/?ruta=7-upn-213-y-normal-superior
1,Cocina Economica Lucero,restaurante,15,18.457397,-97.385159,https://mitehuacan.mx/?ruta=7-upn-213-y-normal-superior
1,Tacos Y Tortas La Alameda,restaurante,15,18.456528,-97.392917,https://mitehuacan.mx/?ruta=7-upn-213-y-normal-superior
1,Taqueria Sanchez,restaurante,15,18.458345,-97.386541,https://mitehuacan.mx/?ruta=7-upn-213-y-normal-superior
1,Venta De Chicharron Sin Nombre,restaurante,15,18.457469,-97.385153,https://mitehuacan.mx/?ruta=7-upn-213-y-normal-superior
1,Bodega De Utensilios Para Elaborar Chicharron,restaurante,16,18.457326,-97.385158,https://mitehuacan.mx/?ruta=7-upn-213-y-normal-superior
1,Pizza Zury,restaurante,16,18.427804,-97.405573,https://mitehuacan.mx/?ruta=7-upn-213-y-normal-superior
1,Rosticeria Granada,restaurante,16,18.458521,-97.39147,https://mitehuacan.mx/?ruta=7-upn-213-y-normal-superior
1,Pizzas Angelotti,restaurante,17,18.457784,-97.392732,https://mitehuacan.mx/?ruta=7-upn-213-y-normal-superior
1,Restaurante El Porton De Ruzze,restaurante,17,18.453425,-97.392983,https://mitehuacan.mx/?ruta=7-upn-213-y-normal-superior
1,Taquitos Sin Nombre,restaurante,17,18.42691,-97.406272,https://mitehuacan.mx/?ruta=7-upn-213-y-normal-superior
1,Venta De Cemitas La Poblanita De Sofi,restaurante,17,18.457289,-97.385157,https://mitehuacan.mx/?ruta=7-upn-213-y-normal-superior
1,Antojitos Doña Braulia,restaurante,18,18.425773,-97.406373,https://mitehuacan.mx/?ruta=7-upn-213-y-normal-superior
1,Elaboracion De Tacos Sin Nombre,restaurante,19,18.434213,-97.404673,https://mitehuacan.mx/?ruta=7-upn-213-y-normal-superior
1,Venta De Comida Sin Nombre,restaurante,19,18.453525,-97.392999,https://mitehuacan.mx/?ruta=7-upn-213-y-normal-superior
1,Venta De Memelitas Y Antojitos Sin Nombre,restaurante,19,18.457619,-97.389413,https://mitehuacan.mx/?ruta=7-upn-213-y-normal-superior
1,Almuerzos De La 9,restaurante,20,18.458592,-97.385158,https://mitehuacan.mx/?ruta=7-upn-213-y-normal-superior
1,Rosticeria Granada,restaurante,20,18.458853,-97.391563,https://mitehuacan.mx/?ruta=7-upn-213-y-normal-superior
1,Rosticeria Pollo Fiesta,restaurante,20,18.458879,-97.392404,https://mitehuacan.mx/?ruta=7-upn-213-y-normal-superior
1,Tacos Sin Nombre,restaurante,20,18.426883,-97.406274,https://mitehuacan.mx/?ruta=7-upn-213-y-normal-superior
1,Antojitos Aryse,restaurante,21,18.45832,-97.387184,https://mitehuacan.mx/?ruta=7-upn-213-y-normal-superior
1,Tacos De Birria Sin Nombre,restaurante,21,18.458777,-97.389392,https://mitehuacan.mx/?ruta=7-upn-213-y-normal-superior
1,Elaboracion Y Venta De Antojitos Mexicanos Doña Beatriz,restaurante,22,18.432625,-97.40313,https://mitehuacan.mx/?ruta=7-upn-213-y-normal-superior
1,Venta De Tacos Sin Nombre,restaurante,22,18.43396,-97.405048,https://mitehuacan.mx/?ruta=7-upn-213-y-normal-superior
1,Cocina Economica Lunita,restaurante,23,18.434352,-97.405406,https://mitehuacan.mx/?ruta=7-upn-213-y-normal-superior
1,La Cochineria,restaurante,23,18.458345,-97.392722,https://mitehuacan.mx/?ruta=7-upn-213-y-normal-superior
1,Cocina Economica La Cocina De Ely,restaurante,25,18.457287,-97.39159,https://mitehuacan.mx/?ruta=7-upn-213-y-normal-superior
1,Loncheria Sin Nombre,restaurante,25,18.439561,-97.399834,https://mitehuacan.mx/?ruta=7-upn-213-y-normal-superior
1,Tacos Sin Nombre,restaurante,25,18.427283,-97.406337,https://mitehuacan.mx/?ruta=7-upn-213-y-normal-superior
1,Restaurante La Xhula,restaurante,26,18.452749,-97.39477,https://mitehuacan.mx/?ruta=7-upn-213-y-normal-superior
1,Venta De Tacos De Cabeza Sin Nombre,restaurante,27,18.457754,-97.391477,https://mitehuacan.mx/?ruta=7-upn-213-y-normal-superior
1,Venta De Mole Sin Nombre,restaurante,28,18.428078,-97.406301,https://mitehuacan.mx/?ruta=7-upn-213-y-normal-superior
1,Tacos Taco Keto,restaurante,29,18.453731,-97.392542,https://mitehuacan.mx/?ruta=7-upn-213-y-normal-superior
1,Tacos Sin Nombre,restaurante,30,18.426646,-97.406803,https://mitehuacan.mx/?ruta=7-upn-213-y-normal-superior
1,Antojito Sin Nombre,restaurante,31,18.426791,-97.405648,https://mitehuacan.mx/?ruta=7-upn-213-y-normal-superior
1,La Torteria Tehuacan,restaurante,31,18.455269,-97.392499,https://mitehuacan.mx/?ruta=7-upn-213-y-normal-superior
1,Preparacion De Tacos Sin Nombre,restaurante,31,18.423811,-97.406631,https://mitehuacan.mx/?ruta=7-upn-213-y-normal-superior
1,Venta De Tacos De Canasta Sin Nombre,restaurante,31,18.434093,-97.405309,https://mitehuacan.mx/?ruta=7-upn-213-y-normal-superior
1,Tacos Sin Nombre,restaurante,32,18.426774,-97.40628,https://mitehuacan.mx/?ruta=7-upn-213-y-normal-superior
1,Tacos Sin Nombre,restaurante,34,18.424233,-97.407192,https://mitehuacan.mx/?ruta=7-upn-213-y-normal-superior
1,Bodega Sin Nombre,restaurante,35,18.458141,-97.386093,https://mitehuacan.mx/?ruta=7-upn-213-y-normal-superior
1,Tacos Sin Nombre,restaurante,35,18.424648,-97.405922,https://mitehuacan.mx/?ruta=7-upn-213-y-normal-superior
1,Elaboracionde Tacos De Canasta Sin Nombre,restaurante,36,18.433819,-97.405094,https://mitehuacan.mx/?ruta=7-upn-213-y-normal-superior
1,Venta De Tacos Sin Nombre,restaurante,36,18.43221,-97.404117,https://mitehuacan.mx/?ruta=7-upn-213-y-normal-superior
1,Venta De Tortillas Sin Nombre,restaurante,36,18.430521,-97.405099,https://mitehuacan.mx/?ruta=7-upn-213-y-normal-superior
1,Pollos Asados Pollo Alegre,restaurante,37,18.429577,-97.404114,https://mitehuacan.mx/?ruta=7-upn-213-y-normal-superior
1,Restaurante La Catedral De Elo,restaurante,37,18.427997,-97.406306,https://mitehuacan.mx/?ruta=7-upn-213-y-normal-superior
1,Taqueria Diaz,restaurante,37,18.45853,-97.38488,https://mitehuacan.mx/?ruta=7-upn-213-y-normal-superior
1,Pizzeria Zautla,restaurante,38,18.457696,-97.386034,https://mitehuacan.mx/?ruta=7-upn-213-y-normal-superior
1,Antojitos Doña Chabe,restaurante,39,18.457488,-97.39315,https://mitehuacan.mx/?ruta=7-upn-213-y-normal-superior
1,Elaboracion De Tacos Y Antojitos,restaurante,39,18.432745,-97.403842,https://mitehuacan.mx/?ruta=7-upn-213-y-normal-superior
1,Tacos Sin Nombre,restaurante,39,18.425961,-97.406305,https://mitehuacan.mx/?ruta=7-upn-213-y-normal-superior
1,Taqueria Licha,restaurante,39,18.458418,-97.384836,https://mitehuacan.mx/?ruta=7-upn-213-y-normal-superior
1,Venta De Hambuerguesas Like,restaurante,41,18.45822,-97.389523,https://mitehuacan.mx/?ruta=7-upn-213-y-normal-superior
1,Comida Casera El Sazon De La Abuelita,restaurante,42,18.458292,-97.391574,https://mitehuacan.mx/?ruta=7-upn-213-y-normal-superior
1,Venta De Antojitos Mexicanos Sin Nombre,restaurante,42,18.458082,-97.386224,https://mitehuacan.mx/?ruta=7-upn-213-y-normal-superior
1,Cocina Economica Tlayoyos Zacapoaxtla,restaurante,44,18.434371,-97.405605,https://mitehuacan.mx/?ruta=7-upn-213-y-normal-superior
1,"Asadero ""Las Flores""",restaurante,44,18.427084,-97.405298,https://mitehuacan.mx/?ruta=7-upn-213-y-normal-superior
1,Rosticeria Pollos El Fortachon,restaurante,45,18.45704,-97.38944,https://mitehuacan.mx/?ruta=7-upn-213-y-normal-superior
1,Venta De Comida Para Llevar,restaurante,45,18.452067,-97.394958,https://mitehuacan.mx/?ruta=7-upn-213-y-normal-superior
1,Cocina Economica Sin Nombre,restaurante,48,18.45445,-97.393262,https://mitehuacan.mx/?ruta=7-upn-213-y-normal-superior
1,Restaurantes Con Servicio De Preparación De Alimentos A La C,restaurante,48,18.45335,-97.391098,https://mitehuacan.mx/?ruta=7-upn-213-y-normal-superior
1,Venta De Taquitos Sin Nombre,restaurante,48,18.426581,-97.406633,https://mitehuacan.mx/?ruta=7-upn-213-y-normal-superior
1,Mole Doña Ale,restaurante,49,18.427071,-97.405253,https://mitehuacan.mx/?ruta=7-upn-213-y-normal-superior
1,Venta De Barbacoa La Flor De Abril,restaurante,49,18.428832,-97.40555,https://mitehuacan.mx/?ruta=7-upn-213-y-normal-superior
1,Cocina Economica Sin Nombre,restaurante,50,18.458135,-97.389409,https://mitehuacan.mx/?ruta=7-upn-213-y-normal-superior
1,Antojitos Las Tres Flores,restaurante,52,18.428862,-97.405606,https://mitehuacan.mx/?ruta=7-upn-213-y-normal-superior
1,Taqueria El Flamazo,restaurante,52,18.458116,-97.389409,https://mitehuacan.mx/?ruta=7-upn-213-y-normal-superior
1,Tacos Sin Nombre,restaurante,54,18.426096,-97.406305,https://mitehuacan.mx/?ruta=7-upn-213-y-normal-superior
1,Elaboracion Y Venta De Antojitos Mexicanos Doña Inocencia,restaurante,55,18.431929,-97.403176,https://mitehuacan.mx/?ruta=7-upn-213-y-normal-superior
1,Tacos Don Cosme,restaurante,55,18.45647,-97.391875,https://mitehuacan.mx/?ruta=7-upn-213-y-normal-superior
1,Cocina Economica Doña Mau,restaurante,56,18.439666,-97.400105,https://mitehuacan.mx/?ruta=7-upn-213-y-normal-superior
1,Venta De Chicharron Sin Nombre,restaurante,56,18.458411,-97.384675,https://mitehuacan.mx/?ruta=7-upn-213-y-normal-superior
1,Elaboracion De Antojitos,restaurante,58,18.428861,-97.406462,https://mitehuacan.mx/?ruta=7-upn-213-y-normal-superior
1,Fonda Chela,restaurante,58,18.457893,-97.386564,https://mitehuacan.mx/?ruta=7-upn-213-y-normal-superior
1,Venta De Antojitos Sin Nombre,restaurante,58,18.420009,-97.408999,https://mitehuacan.mx/?ruta=7-upn-213-y-normal-superior
1,Elaboracion Y Venta De Antojitos Mexicanos Carmelita,restaurante,59,18.43299,-97.402625,https://mitehuacan.mx/?ruta=7-upn-213-y-normal-superior
1,Fonda Luchita,restaurante,60,18.456809,-97.385178,https://mitehuacan.mx/?ruta=7-upn-213-y-normal-superior
1,Carnitas Doña Mari,restaurante,61,18.45807,-97.39024,https://mitehuacan.mx/?ruta=7-upn-213-y-normal-superior
1,Taqueria Felix,restaurante,61,18.455992,-97.393359,https://mitehuacan.mx/?ruta=7-upn-213-y-normal-superior
1,Taqueria Zaragoza 3,restaurante,61,18.45658,-97.3919,https://mitehuacan.mx/?ruta=7-upn-213-y-normal-superior
1,Club De Empresarios De Tehuacan,restaurante,62,18.450989,-97.392858,https://mitehuacan.mx/?ruta=7-upn-213-y-normal-superior
1,Elaboracion De Antojitos Sin Nombre,restaurante,63,18.428907,-97.406434,https://mitehuacan.mx/?ruta=7-upn-213-y-normal-superior
1,Elaboracion Y Venta De Antojitos Mexicanos Doña Rosa,restaurante,64,18.433072,-97.402586,https://mitehuacan.mx/?ruta=7-upn-213-y-normal-superior
1,Elaboracion Y Venta De Tortillas A Mano Doña Rosalina,restaurante,64,18.431052,-97.403595,https://mitehuacan.mx/?ruta=7-upn-213-y-normal-superior
1,Pollos Rostizados El Asadero,restaurante,64,18.433423,-97.402838,https://mitehuacan.mx/?ruta=7-upn-213-y-normal-superior
1,Cocina Economica Estelita,restaurante,65,18.454417,-97.392163,https://mitehuacan.mx/?ruta=7-upn-213-y-normal-superior
1,Restaurant Maria Sabina,restaurante,65,18.453478,-97.390932,https://mitehuacan.mx/?ruta=7-upn-213-y-normal-superior
1,Venta De Tacos,restaurante,66,18.425938,-97.407777,https://mitehuacan.mx/?ruta=7-upn-213-y-normal-superior
1,Venta De Chicharron Sin Nombre,restaurante,68,18.456737,-97.385181,https://mitehuacan.mx/?ruta=7-upn-213-y-normal-superior
1,Pollos A La Leña El Nazareno,restaurante,69,18.456825,-97.389532,https://mitehuacan.mx/?ruta=7-upn-213-y-normal-superior
1,Venta De Tacos Sin Nombre,restaurante,70,18.426432,-97.406069,https://mitehuacan.mx/?ruta=7-upn-213-y-normal-superior
1,Venta De Tacos Sin Nombre,restaurante,70,18.427128,-97.407801,https://mitehuacan.mx/?ruta=7-upn-213-y-normal-superior
1,Desayunador Brunch,restaurante,73,18.455679,-97.393474,https://mitehuacan.mx/?ruta=7-upn-213-y-normal-superior
1,Restaurante Carnitas Coapan,restaurante,73,18.43491,-97.405605,https://mitehuacan.mx/?ruta=7-upn-213-y-normal-superior
1,Taqueria Compita,restaurante,73,18.429042,-97.40551,https://mitehuacan.mx/?ruta=7-upn-213-y-normal-superior
1,Cocina Economica El Buen Sazon 2,restaurante,74,18.454974,-97.393499,https://mitehuacan.mx/?ruta=7-upn-213-y-normal-superior
1,Jbs Restaurant Bar,restaurante,74,18.459177,-97.387102,https://mitehuacan.mx/?ruta=7-upn-213-y-normal-superior
1,La Ham Cowboy Truca Hamburguesas,restaurante,74,18.452682,-97.391889,https://mitehuacan.mx/?ruta=7-upn-213-y-normal-superior
1,Venta De Comida Sin Nombre,restaurante,74,18.428487,-97.403736,https://mitehuacan.mx/?ruta=7-upn-213-y-normal-superior
1,Elaboracion De Tacos Doña Guille,restaurante,76,18.428468,-97.403723,https://mitehuacan.mx/?ruta=7-upn-213-y-normal-superior
1,Elaboracion De Tortillas,restaurante,76,18.454051,-97.393533,https://mitehuacan.mx/?ruta=7-upn-213-y-normal-superior
1,Elaboracion De Tacos Sin Nombre,restaurante,79,18.429962,-97.405653,https://mitehuacan.mx/?ruta=7-upn-213-y-normal-superior
1,Venta De Antojitos Gil,restaurante,80,18.458958,-97.384709,https://mitehuacan.mx/?ruta=7-upn-213-y-normal-superior
1,Elaboracion De Tacos Sin Nombre,restaurante,81,18.427467,-97.404953,https://mitehuacan.mx/?ruta=7-upn-213-y-normal-superior
1,Elaboracion De Tacos Sin Nombre,restaurante,81,18.429658,-97.405524,https://mitehuacan.mx/?ruta=7-upn-213-y-normal-superior
1,Venta De Comida Happy Tummy,restaurante,81,18.434457,-97.405953,https://mitehuacan.mx/?ruta=7-upn-213-y-normal-superior
1,Venta De Gallinas Enchiladas,restaurante,81,18.427132,-97.407897,https://mitehuacan.mx/?ruta=7-upn-213-y-normal-superior
1,Cocina Economica Sin Nombre,restaurante,82,18.45925,-97.387101,https://mitehuacan.mx/?ruta=7-upn-213-y-normal-superior
1,Elaboracion De Antojitos Sin Nombre,restaurante,82,18.429631,-97.405514,https://mitehuacan.mx/?ruta=7-upn-213-y-normal-superior
1,Elaboracion Y Venta De Antojitos Mexicanos Doña Mary,restaurante,82,18.432866,-97.402411,https://mitehuacan.mx/?ruta=7-upn-213-y-normal-superior
1,Restaurante Ken Gourmet Japones,restaurante,82,18.458525,-97.393273,https://mitehuacan.mx/?ruta=7-upn-213-y-normal-superior
1,Gourmet Doña Leonor,restaurante,83,18.456663,-97.393567,https://mitehuacan.mx/?ruta=7-upn-213-y-normal-superior
1,Venta De Antojitos Sin Nombre,restaurante,84,18.432462,-97.40449,https://mitehuacan.mx/?ruta=7-upn-213-y-normal-superior
1,Venta De Antojitos Sin Nombre,restaurante,84,18.429484,-97.405454,https://mitehuacan.mx/?ruta=7-upn-213-y-normal-superior
1,Elaboracion Y Venta De Antojitos Mexicanos Doña Carmen,restaurante,86,18.432802,-97.402385,https://mitehuacan.mx/?ruta=7-upn-213-y-normal-superior
1,Antojitos Mexicanos Sin Nombre,restaurante,88,18.429215,-97.405338,https://mitehuacan.mx/?ruta=7-upn-213-y-normal-superior
1,Elaboracion Y Venta De Tacos Doña Leonides,restaurante,89,18.431666,-97.40297,https://mitehuacan.mx/?ruta=7-upn-213-y-normal-superior
1,Restaurante Bar Mr Pancho,restaurante,89,18.434342,-97.406032,https://mitehuacan.mx/?ruta=7-upn-213-y-normal-superior
1,Tacos Sin Nombre,restaurante,89,18.42757,-97.407915,https://mitehuacan.mx/?ruta=7-upn-213-y-normal-superior
1,Taqueria El Conde,restaurante,89,18.433792,-97.405766,https://mitehuacan.mx/?ruta=7-upn-213-y-normal-superior
1,Venta De Tacos Sin Nombre,restaurante,89,18.431216,-97.403225,https://mitehuacan.mx/?ruta=7-upn-213-y-normal-superior
1,Elaboracion De Tacos Sin Nombre,restaurante,91,18.431271,-97.405265,https://mitehuacan.mx/?ruta=7-upn-213-y-normal-superior
1,Birrieria Los Gueros,restaurante,92,18.457972,-97.393572,https://mitehuacan.mx/?ruta=7-upn-213-y-normal-superior
1,Elaboracion De Antojitos Sin Nombre,restaurante,92,18.429166,-97.407276,https://mitehuacan.mx/?ruta=7-upn-213-y-normal-superior
1,El Rey De La Vida,restaurante,93,18.456558,-97.393656,https://mitehuacan.mx/?ruta=7-upn-213-y-normal-superior
1,Lico Lico Villa Asiatica,restaurante,93,18.458257,-97.393389,https://mitehuacan.mx/?ruta=7-upn-213-y-normal-superior
1,Venta De Pollos A La Leña El Pico Sito Pio,restaurante,93,18.456495,-97.385267,https://mitehuacan.mx/?ruta=7-upn-213-y-normal-superior
1,Elaboracion De Antojitos Sin Nombre,restaurante,94,18.430292,-97.403725,https://mitehuacan.mx/?ruta=7-upn-213-y-normal-superior
1,Elaboracion De Antojitos Doña Lulu,restaurante,96,18.430788,-97.40341,https://mitehuacan.mx/?ruta=7-upn-213-y-normal-superior
1,Elaboracion Y Venta De Antojitos Mexicanos Doña Norma,restaurante,96,18.430788,-97.40341,https://mitehuacan.mx/?ruta=7-upn-213-y-normal-superior
1,Elaboracion De Tacos Sin Nombre,restaurante,98,18.432549,-97.40459,https://mitehuacan.mx/?ruta=7-upn-213-y-normal-superior
1,Venta De Tacos De Canasta,restaurante,99,18.433741,-97.405844,https://mitehuacan.mx/?ruta=7-upn-213-y-normal-superior
1,El Retoño De La Flor De Abril,restaurante,101,18.43508,-97.401976,https://mitehuacan.mx/?ruta=7-upn-213-y-normal-superior
1,Venta De Tacos Sin Nombre,restaurante,101,18.427745,-97.408023,https://mitehuacan.mx/?ruta=7-upn-213-y-normal-superior
1,Cocina Doña Licha,restaurante,102,18.456421,-97.385195,https://mitehuacan.mx/?ruta=7-upn-213-y-normal-superior
1,Venta De Tacos Sin Nombre,restaurante,102,18.432574,-97.40462,https://mitehuacan.mx/?ruta=7-upn-213-y-normal-superior
1,Cocina Casera De La 7,restaurante,104,18.456437,-97.387182,https://mitehuacan.mx/?ruta=7-upn-213-y-normal-superior
1,Elaboracion De Tacos Sin Nombre,restaurante,104,18.432743,-97.404813,https://mitehuacan.mx/?ruta=7-upn-213-y-normal-superior
1,Venta De Tacos Porky,restaurante,105,18.456547,-97.391351,https://mitehuacan.mx/?ruta=7-upn-213-y-normal-superior
1,Tortas Vic,restaurante,107,18.456527,-97.390991,https://mitehuacan.mx/?ruta=7-upn-213-y-normal-superior
1,Elaboracion De Antojitos Sin Nombre,restaurante,108,18.430933,-97.40564,https://mitehuacan.mx/?ruta=7-upn-213-y-normal-superior
1,Elaboracion De Tacos Sin Nombre,restaurante,109,18.427502,-97.404282,https://mitehuacan.mx/?ruta=7-upn-213-y-normal-superior
1,Venta De Antojitos Doña Reyna,restaurante,111,18.456333,-97.385275,https://mitehuacan.mx/?ruta=7-upn-213-y-normal-superior
1,Elaboracion De Tortillas Sin Nombre,restaurante,112,18.431305,-97.405473,https://mitehuacan.mx/?ruta=7-upn-213-y-normal-superior
1,Loncheria La Guelaguetza,restaurante,113,18.45641,-97.388917,https://mitehuacan.mx/?ruta=7-upn-213-y-normal-superior
1,Venta De Antojitos Sin Nombre,restaurante,113,18.456419,-97.389095,https://mitehuacan.mx/?ruta=7-upn-213-y-normal-superior
1,Restaurante Casa Oaxaca,restaurante,114,18.456395,-97.388605,https://mitehuacan.mx/?ruta=7-upn-213-y-normal-superior
1,Cocina Economica Sin Nombre,restaurante,115,18.459676,-97.390666,https://mitehuacan.mx/?ruta=7-upn-213-y-normal-superior
1,Elaboracion De Tacos Sin Nombre,restaurante,115,18.431063,-97.405639,https://mitehuacan.mx/?ruta=7-upn-213-y-normal-superior
1,Elaboracion De Tacos Y Antojitos,restaurante,115,18.425546,-97.405209,https://mitehuacan.mx/?ruta=7-upn-213-y-normal-superior
1,Rosticeria Cecilio,restaurante,115,18.431074,-97.405632,https://mitehuacan.mx/?ruta=7-upn-213-y-normal-superior
1,Antojitos Carmen,restaurante,116,18.433886,-97.402685,https://mitehuacan.mx/?ruta=7-upn-213-y-normal-superior
1,Chicharroneria Sin Nombre,restaurante,119,18.456267,-97.385202,https://mitehuacan.mx/?ruta=7-upn-213-y-normal-superior
1,Miscelanea La Estrella,restaurante,120,18.456389,-97.390445,https://mitehuacan.mx/?ruta=7-upn-213-y-normal-superior
1,Tacos De Canasta Sin Nombre,restaurante,120,18.42922,-97.407752,https://mitehuacan.mx/?ruta=7-upn-213-y-normal-superior
1,Carnitas Santa Anita,restaurante,121,18.433925,-97.402661,https://mitehuacan.mx/?ruta=7-upn-213-y-normal-superior
1,Antojitos Sin Nombre,restaurante,124,18.456222,-97.385204,https://mitehuacan.mx/?ruta=7-upn-213-y-normal-superior
1,Bodega De Antojitos Mexicanos Yamileth,restaurante,124,18.456222,-97.385204,https://mitehuacan.mx/?ruta=7-upn-213-y-normal-superior
1,Cocina Economica,restaurante,124,18.439725,-97.400777,https://mitehuacan.mx/?ruta=7-upn-213-y-normal-superior
1,Cocina Economica Doña Petra,restaurante,124,18.45622,-97.385204,https://mitehuacan.mx/?ruta=7-upn-213-y-normal-superior
1,Restaurante De Hamburguesas Beef And Pork,restaurante,124,18.456292,-97.388162,https://mitehuacan.mx/?ruta=7-upn-213-y-normal-superior
1,Cocina Economica Lupita,restaurante,125,18.456218,-97.385176,https://mitehuacan.mx/?ruta=7-upn-213-y-normal-superior
1,Taqueria El Poblanito,restaurante,125,18.456256,-97.387395,https://mitehuacan.mx/?ruta=7-upn-213-y-normal-superior
1,Taqueria Garcia,restaurante,125,18.456218,-97.385176,https://mitehuacan.mx/?ruta=7-upn-213-y-normal-superior
1,Venta De Quesadillas Sin Nombre,restaurante,125,18.456218,-97.385176,https://mitehuacan.mx/?ruta=7-upn-213-y-normal-superior
1,Elaboracion De Tacos,restaurante,129,18.428634,-97.40825,https://mitehuacan.mx/?ruta=7-upn-213-y-normal-superior
1,Venta De Antojitos Mexicanos Chelita,restaurante,129,18.456311,-97.390469,https://mitehuacan.mx/?ruta=7-upn-213-y-normal-superior
1,Elaboracion De Tacos Sin Nombre,restaurante,130,18.429419,-97.407589,https://mitehuacan.mx/?ruta=7-upn-213-y-normal-superior
1,Venta De Antojitos Y Tortillas Sin Nombre,restaurante,130,18.456174,-97.3857,https://mitehuacan.mx/?ruta=7-upn-213-y-normal-superior
1,Elaboracion De Tortillas Sin Nombre,restaurante,135,18.428007,-97.403412,https://mitehuacan.mx/?ruta=7-upn-213-y-normal-superior
1,Antojitos Paty,restaurante,136,18.434001,-97.402516,https://mitehuacan.mx/?ruta=7-upn-213-y-normal-superior
1,Bodega Luchita,restaurante,136,18.456201,-97.384816,https://mitehuacan.mx/?ruta=7-upn-213-y-normal-superior
1,Pizzas Angelotti,restaurante,136,18.459902,-97.391546,https://mitehuacan.mx/?ruta=7-upn-213-y-normal-superior
1,Tacos Sin Nombre,restaurante,138,18.426407,-97.404603,https://mitehuacan.mx/?ruta=7-upn-213-y-normal-superior
1,Venta De Loza Y Alcancias De Yeso,restaurante,138,18.457902,-97.38391,https://mitehuacan.mx/?ruta=7-upn-213-y-normal-superior
1,Venta De Comida,restaurante,139,18.457767,-97.383918,https://mitehuacan.mx/?ruta=7-upn-213-y-normal-superior
1,Elaboracion De Antojitos,restaurante,140,18.429563,-97.407473,https://mitehuacan.mx/?ruta=7-upn-213-y-normal-superior
1,Pollos Rostizados Renata,restaurante,140,18.458327,-97.383884,https://mitehuacan.mx/?ruta=7-upn-213-y-normal-superior
1,Venta De Antojitos Mexicanos Sin Nombre,restaurante,140,18.458363,-97.383882,https://mitehuacan.mx/?ruta=7-upn-213-y-normal-superior
1,Venta De Chicharron Sin Nombre,restaurante,140,18.458264,-97.383888,https://mitehuacan.mx/?ruta=7-upn-213-y-normal-superior
1,Venta De Tacos Sin Nombre,restaurante,140,18.429563,-97.407473,https://mitehuacan.mx/?ruta=7-upn-213-y-normal-superior
1,Antojitos Sin Nombre,restaurante,141,18.430257,-97.406263,https://mitehuacan.mx/?ruta=7-upn-213-y-normal-superior
1,Taqueria El Gran Tako,restaurante,142,18.457459,-97.383937,https://mitehuacan.mx/?ruta=7-upn-213-y-normal-superior
1,Puesto Taquitos De Carniceria Sin Nombre,restaurante,143,18.457324,-97.383946,https://mitehuacan.mx/?ruta=7-upn-213-y-normal-superior
1,Venta De Tacos Sin Nombre,restaurante,143,18.457261,-97.383952,https://mitehuacan.mx/?ruta=7-upn-213-y-normal-superior
1,Antojitos Mexicanos Elo,restaurante,144,18.457188,-97.383959,https://mitehuacan.mx/?ruta=7-upn-213-y-normal-superior
1,Venta De Antojitos Mexicanos Las Flores,restaurante,144,18.456194,-97.384665,https://mitehuacan.mx/?ruta=7-upn-213-y-normal-superior
1,Venta De Antojitos Mexicanos Sin Nombre,restaurante,145,18.457089,-97.383965,https://mitehuacan.mx/?ruta=7-upn-213-y-normal-superior
1,Venta De Antojitos Sin Nombre,restaurante,145,18.457107,-97.383963,https://mitehuacan.mx/?ruta=7-upn-213-y-normal-superior
1,Venta De Antojitos Yamileth,restaurante,146,18.456193,-97.384627,https://mitehuacan.mx/?ruta=7-upn-213-y-normal-superior
1,Elaboracion Y Venta De Antojitos Mexicanos Doña Nicolasa,restaurante,148,18.433285,-97.401828,https://mitehuacan.mx/?ruta=7-upn-213-y-normal-superior
1,Venta De Pollo Enchilado Sin Nombre,restaurante,149,18.456908,-97.383975,https://mitehuacan.mx/?ruta=7-upn-213-y-normal-superior
1,Super Mi Es Mi Super,súper,0,18.458481,-97.386504,https://mitehuacan.mx/?ruta=7-upn-213-y-normal-superior
1,Elaboracion De Comida,súper,3,18.457603,-97.392735,https://mitehuacan.mx/?ruta=7-upn-213-y-normal-superior
1,Bodega Aurrera,súper,29,18.450758,-97.394885,https://mitehuacan.mx/?ruta=7-upn-213-y-normal-superior
1,Bodega Aurrera Reforma Sur 2066,súper,44,18.451273,-97.394978,https://mitehuacan.mx/?ruta=7-upn-213-y-normal-superior
1,La Pagoda Servicio De Comida Para Llevar,súper,70,18.458724,-97.393156,https://mitehuacan.mx/?ruta=7-upn-213-y-normal-superior
1,Botanas,taller,0,18.427057,-97.406941,https://mitehuacan.mx/?ruta=7-upn-213-y-normal-superior
1,Churreria Lisfer,taller,2,18.453406,-97.392472,https://mitehuacan.mx/?ruta=7-upn-213-y-normal-superior
1,Servicio Mecanico Guevara,taller,2,18.4373,-97.40049,https://mitehuacan.mx/?ruta=7-upn-213-y-normal-superior
1,Venta De Atole Y Tamales Sin Nombre,taller,3,18.430882,-97.404467,https://mitehuacan.mx/?ruta=7-upn-213-y-normal-superior
1,Club De Nutricion,taller,4,18.457472,-97.389175,https://mitehuacan.mx/?ruta=7-upn-213-y-normal-superior
1,Club De Nutricion Fitprotein Club Santa Maria,taller,4,18.431255,-97.404245,https://mitehuacan.mx/?ruta=7-upn-213-y-normal-superior
1,Servicio Gamo,taller,4,18.455947,-97.392078,https://mitehuacan.mx/?ruta=7-upn-213-y-normal-superior
1,Taller De Reparacion De Bocinas,taller,4,18.458616,-97.389289,https://mitehuacan.mx/?ruta=7-upn-213-y-normal-superior
1,Atoles Y Tamales Chayito,taller,5,18.457382,-97.385422,https://mitehuacan.mx/?ruta=7-upn-213-y-normal-superior
1,Club De Nutricion Herba Life,taller,5,18.457498,-97.389696,https://mitehuacan.mx/?ruta=7-upn-213-y-normal-superior
1,Taller Mecanico America,taller,5,18.443272,-97.397837,https://mitehuacan.mx/?ruta=7-upn-213-y-normal-superior
1,Servicio Electrico Carrera,taller,6,18.457373,-97.388591,https://mitehuacan.mx/?ruta=7-upn-213-y-normal-superior
1,Taller De Joyeria Clarita,taller,6,18.457428,-97.390629,https://mitehuacan.mx/?ruta=7-upn-213-y-normal-superior
1,Taller Electrico Automotriz Bosh,taller,6,18.443799,-97.397592,https://mitehuacan.mx/?ruta=7-upn-213-y-normal-superior
1,Transmisiones Automaticas Villa Coapan,taller,6,18.432774,-97.403221,https://mitehuacan.mx/?ruta=7-upn-213-y-normal-superior
1,Fat Bastard,taller,7,18.457965,-97.392444,https://mitehuacan.mx/?ruta=7-upn-213-y-normal-superior
1,Venta De Atole Y Tamales,taller,8,18.426263,-97.407023,https://mitehuacan.mx/?ruta=7-upn-213-y-normal-superior
1,Reparacion De Motores Sin Nombre,taller,9,18.431504,-97.403932,https://mitehuacan.mx/?ruta=7-upn-213-y-normal-superior
1,Venta De Donas Y Churros Sin Nombre,taller,9,18.458509,-97.38952,https://mitehuacan.mx/?ruta=7-upn-213-y-normal-superior
1,Atoles Y Tamales Sanchez,taller,12,18.458606,-97.386908,https://mitehuacan.mx/?ruta=7-upn-213-y-normal-superior
1,Club De Nutricion De Herbalife,taller,12,18.428435,-97.405832,https://mitehuacan.mx/?ruta=7-upn-213-y-normal-superior
1,Club De Nutricion Herbalife,taller,12,18.458633,-97.387732,https://mitehuacan.mx/?ruta=7-upn-213-y-normal-superior
1,Club De Nutricion Herbalife,taller,12,18.458527,-97.385288,https://mitehuacan.mx/?ruta=7-upn-213-y-normal-superior
1,Venta De Aguas Frescas El Jarocho,taller,14,18.457488,-97.385152,https://mitehuacan.mx/?ruta=7-upn-213-y-normal-superior
1,Venta De Elotes Y Esquites El Calvario,taller,14,18.453278,-97.391623,https://mitehuacan.mx/?ruta=7-upn-213-y-normal-superior
1,Venta De Papas Fritas Y Frituras,taller,15,18.457513,-97.387143,https://mitehuacan.mx/?ruta=7-upn-213-y-normal-superior
1,Club Ismerely,taller,17,18.458029,-97.385372,https://mitehuacan.mx/?ruta=7-upn-213-y-normal-superior
1,Venta De Tamales Y Atole Sin Nombre,taller,17,18.457289,-97.385157,https://mitehuacan.mx/?ruta=7-upn-213-y-normal-superior
1,Venta De Elotes Y Esquites Sin Nombre,taller,19,18.458426,-97.385026,https://mitehuacan.mx/?ruta=7-upn-213-y-normal-superior
1,Crepas Miel,taller,20,18.455971,-97.392964,https://mitehuacan.mx/?ruta=7-upn-213-y-normal-superior
1,Venta De Postres Sin Nombre,taller,22,18.453205,-97.391622,https://mitehuacan.mx/?ruta=7-upn-213-y-normal-superior
1,Taller De Relojeria La Abj,taller,26,18.458822,-97.389391,https://mitehuacan.mx/?ruta=7-upn-213-y-normal-superior
1,Taller Mecanico Sixto,taller,29,18.45384,-97.392541,https://mitehuacan.mx/?ruta=7-upn-213-y-normal-superior
1,Relojeria Casa Virginia,taller,31,18.458867,-97.389391,https://mitehuacan.mx/?ruta=7-upn-213-y-normal-superior
1,Papas Fritas Floricel Unadelicia Del Sabor,taller,32,18.457158,-97.389436,https://mitehuacan.mx/?ruta=7-upn-213-y-normal-superior
1,Taller Mecanico Don Beto,taller,33,18.439122,-97.400109,https://mitehuacan.mx/?ruta=7-upn-213-y-normal-superior
1,Taller Electrico Industrial Galo,taller,36,18.458296,-97.390239,https://mitehuacan.mx/?ruta=7-upn-213-y-normal-superior
1,Reparacion Y Mantenimiento De Maquinas De Cocer,taller,38,18.457166,-97.391485,https://mitehuacan.mx/?ruta=7-upn-213-y-normal-superior
1,Churros Rellenos Apachurro,taller,41,18.459072,-97.392525,https://mitehuacan.mx/?ruta=7-upn-213-y-normal-superior
1,Taller De Servicio De Carros Pesados Estacionamiento Y Lavad,taller,41,18.441074,-97.399293,https://mitehuacan.mx/?ruta=7-upn-213-y-normal-superior
1,Servicio Hernandez Refrigeracion Domestica Y Comercial,taller,44,18.457849,-97.389526,https://mitehuacan.mx/?ruta=7-upn-213-y-normal-superior
1,Taller Mecanico,taller,53,18.442066,-97.398972,https://mitehuacan.mx/?ruta=7-upn-213-y-normal-superior
1,Mr Eloteria Tehuacan,taller,55,18.456957,-97.389591,https://mitehuacan.mx/?ruta=7-upn-213-y-normal-superior
1,Venta De Elotes Sin Nombre,taller,55,18.428835,-97.406554,https://mitehuacan.mx/?ruta=7-upn-213-y-normal-superior
1,Taller Mecanico Huerta,taller,59,18.443853,-97.398238,https://mitehuacan.mx/?ruta=7-upn-213-y-normal-superior
1,Electrica Max Jr,taller,61,18.458039,-97.389525,https://mitehuacan.mx/?ruta=7-upn-213-y-normal-superior
1,Club Herbalife,taller,62,18.428898,-97.406516,https://mitehuacan.mx/?ruta=7-upn-213-y-normal-superior
1,Club Herbalife Color Esperanza,taller,62,18.459196,-97.390668,https://mitehuacan.mx/?ruta=7-upn-213-y-normal-superior
1,Ingenieria Automotriz Hernandez,taller,62,18.428581,-97.403801,https://mitehuacan.mx/?ruta=7-upn-213-y-normal-superior
1,Coco Bongo,taller,65,18.459096,-97.387104,https://mitehuacan.mx/?ruta=7-upn-213-y-normal-superior
1,Jarcieria Elaboracion De Sombreros Sin Nombre,taller,65,18.446537,-97.397076,https://mitehuacan.mx/?ruta=7-upn-213-y-normal-superior
1,Club De Nutricion Herbalife,taller,69,18.459211,-97.389386,https://mitehuacan.mx/?ruta=7-upn-213-y-normal-superior
1,Venta De Elotes Sin Nombre,taller,72,18.425085,-97.407642,https://mitehuacan.mx/?ruta=7-upn-213-y-normal-superior
1,Venta De Tempesquistles Preparados Sin Nombre,taller,74,18.456683,-97.385184,https://mitehuacan.mx/?ruta=7-upn-213-y-normal-superior
1,Servicio Automotriz Jimenez,taller,76,18.45669,-97.387175,https://mitehuacan.mx/?ruta=7-upn-213-y-normal-superior
1,Transmisiones Automaticas Jane,taller,78,18.429843,-97.4056,https://mitehuacan.mx/?ruta=7-upn-213-y-normal-superior
1,Herbalife Club De Nutricion,taller,79,18.456638,-97.385185,https://mitehuacan.mx/?ruta=7-upn-213-y-normal-superior
1,Taller Electrico Automotriz Rodriguez,taller,82,18.435436,-97.401766,https://mitehuacan.mx/?ruta=7-upn-213-y-normal-superior
1,Taller De Reparacion De Motores Sin Nombre,taller,85,18.439691,-97.400389,https://mitehuacan.mx/?ruta=7-upn-213-y-normal-superior
1,Servicio Automotriz Lavoignet,taller,88,18.45659,-97.387178,https://mitehuacan.mx/?ruta=7-upn-213-y-normal-superior
1,Gm Embobinados,taller,91,18.456687,-97.391498,https://mitehuacan.mx/?ruta=7-upn-213-y-normal-superior
1,Taller De Reparacion De Autos,taller,93,18.458528,-97.393377,https://mitehuacan.mx/?ruta=7-upn-213-y-normal-superior
1,Club De Nutricion Herbalife,taller,95,18.456484,-97.385192,https://mitehuacan.mx/?ruta=7-upn-213-y-normal-superior
1,Reparacion De Lavadoras Sin Nombre,taller,95,18.429196,-97.407257,https://mitehuacan.mx/?ruta=7-upn-213-y-normal-superior
1,Satreria Tony,taller,96,18.457641,-97.393691,https://mitehuacan.mx/?ruta=7-upn-213-y-normal-superior
1,Club De Nutricion Herbalife,taller,102,18.459622,-97.392428,https://mitehuacan.mx/?ruta=7-upn-213-y-normal-superior
1,Taller De Reparacion Aceros Inoxidables Tehuacan,taller,106,18.456386,-97.385523,https://mitehuacan.mx/?ruta=7-upn-213-y-normal-superior
1,Club De Nutricion Herba Life,taller,112,18.45528,-97.390488,https://mitehuacan.mx/?ruta=7-upn-213-y-normal-superior
1,Taller Mecanico Sin Nombre,taller,113,18.455138,-97.393862,https://mitehuacan.mx/?ruta=7-upn-213-y-normal-superior
1,Servicio Automotriz Rching,taller,114,18.456388,-97.388463,https://mitehuacan.mx/?ruta=7-upn-213-y-normal-superior
1,Composturas De Maquinas De Coser Sin Nombre,taller,115,18.455584,-97.393878,https://mitehuacan.mx/?ruta=7-upn-213-y-normal-superior
1,Herba Life,taller,118,18.454472,-97.390434,https://mitehuacan.mx/?ruta=7-upn-213-y-normal-superior
1,Servicio De Hojalateria Vidal,taller,120,18.459517,-97.38548,https://mitehuacan.mx/?ruta=7-upn-213-y-normal-superior
1,Centro De Compostura De Sastreria,taller,121,18.456367,-97.390048,https://mitehuacan.mx/?ruta=7-upn-213-y-normal-superior
1,Taller De Torno Arias,taller,122,18.456351,-97.389688,https://mitehuacan.mx/?ruta=7-upn-213-y-normal-superior
1,Servicio De Hojalateria Y Pintura Centro Automotriz Cadillac,taller,124,18.456272,-97.387736,https://mitehuacan.mx/?ruta=7-upn-213-y-normal-superior
1,Servicio Automotriz Jr,taller,130,18.45617,-97.385605,https://mitehuacan.mx/?ruta=7-upn-213-y-normal-superior
1,Servicio Automotriz Luna,taller,133,18.459713,-97.387154,https://mitehuacan.mx/?ruta=7-upn-213-y-normal-superior
1,Taller Mecanico Diesel Y Gasolina Lalo,taller,133,18.459217,-97.384268,https://mitehuacan.mx/?ruta=7-upn-213-y-normal-superior
1,Ayre,taller,138,18.456202,-97.389555,https://mitehuacan.mx/?ruta=7-upn-213-y-normal-superior
1,Venta De Atole Y Tamales Sin Nombre,taller,140,18.458273,-97.383887,https://mitehuacan.mx/?ruta=7-upn-213-y-normal-superior
1,Taller Mecanico Y Diagnostico Por Computadora Transmontor Va,taller,143,18.433299,-97.401874,https://mitehuacan.mx/?ruta=7-upn-213-y-normal-superior
1,Venta De Cocteles De Fruta Sin Nombre,taller,143,18.457351,-97.383944,https://mitehuacan.mx/?ruta=7-upn-213-y-normal-superior
1,Club Ismerely,taller,145,18.45708,-97.383965,https://mitehuacan.mx/?ruta=7-upn-213-y-normal-superior
1,Botanas Mezcladito,taller,146,18.457565,-97.394161,https://mitehuacan.mx/?ruta=7-upn-213-y-normal-superior
1,Reparacion De Maquinas Sin Nombre,taller,146,18.457601,-97.394159,https://mitehuacan.mx/?ruta=7-upn-213-y-normal-superior
1,Club De Nutricion Herbalife,taller,147,18.458099,-97.383825,https://mitehuacan.mx/?ruta=7-upn-213-y-normal-superior
1,Alpesur Tehuacan,veterinaria,4,18.457334,-97.386661,https://mitehuacan.mx/?ruta=7-upn-213-y-normal-superior
1,Forrajera Hidalgo,veterinaria,4,18.457336,-97.386714,https://mitehuacan.mx/?ruta=7-upn-213-y-normal-superior
1,Norel,veterinaria,5,18.457395,-97.386,https://mitehuacan.mx/?ruta=7-upn-213-y-normal-superior
1,Veterinaria San Marcos,veterinaria,5,18.457408,-97.386559,https://mitehuacan.mx/?ruta=7-upn-213-y-normal-superior
1,Disan Veterinarias,veterinaria,8,18.435728,-97.402826,https://mitehuacan.mx/?ruta=7-upn-213-y-normal-superior
1,Clinica Veterinaria Vet Scan,veterinaria,29,18.453912,-97.392539,https://mitehuacan.mx/?ruta=7-upn-213-y-normal-superior
1,Tienda De Accesorios Para Mascotas,veterinaria,29,18.457248,-97.391484,https://mitehuacan.mx/?ruta=7-upn-213-y-normal-superior
1,Nutrialimentos Plus Tehuacan S.A. De C.V,veterinaria,74,18.459069,-97.385041,https://mitehuacan.mx/?ruta=7-upn-213-y-normal-superior
1,Veterinaria Belka,veterinaria,115,18.456364,-97.387951,https://mitehuacan.mx/?ruta=7-upn-213-y-normal-superior
1,Centro Veterinario Doctora Nelly,veterinaria,125,18.456683,-97.393965,https://mitehuacan.mx/?ruta=7-upn-213-y-normal-superior
2,Miscelanea Jazmin,abarrotes,0,18.42838,-97.405721,https://mitehuacan.mx/?ruta=7-upn-213-y-normal-superior
2,Super 30,abarrotes,0,18.423985,-97.406871,https://mitehuacan.mx/?ruta=7-upn-213-y-normal-superior
2,Tienda La Montaña,abarrotes,0,18.458498,-97.386854,https://mitehuacan.mx/?ruta=7-upn-213-y-normal-superior
2,Abarrotes 3 Estrellas,abarrotes,1,18.458466,-97.386002,https://mitehuacan.mx/?ruta=7-upn-213-y-normal-superior
2,Abarrotes Lider,abarrotes,1,18.42707,-97.406353,https://mitehuacan.mx/?ruta=7-upn-213-y-normal-superior
2,Mi Tiendita,abarrotes,1,18.458463,-97.385879,https://mitehuacan.mx/?ruta=7-upn-213-y-normal-superior
2,Miscelanea @Lexs,abarrotes,1,18.425542,-97.406566,https://mitehuacan.mx/?ruta=7-upn-213-y-normal-superior
2,Miscelanea El Antojo,abarrotes,1,18.456038,-97.392768,https://mitehuacan.mx/?ruta=7-upn-213-y-normal-superior
2,Miscelanea Levy,abarrotes,1,18.452618,-97.392844,https://mitehuacan.mx/?ruta=7-upn-213-y-normal-superior
2,Miscelanea Marcos,abarrotes,1,18.433863,-97.404661,https://mitehuacan.mx/?ruta=7-upn-213-y-normal-superior
2,Miscelanea Richi,abarrotes,1,18.423512,-97.407087,https://mitehuacan.mx/?ruta=7-upn-213-y-normal-superior
2,Tienda De Abarrotes Sin Nombre,abarrotes,1,18.427064,-97.406581,https://mitehuacan.mx/?ruta=7-upn-213-y-normal-superior
2,Abarrotes Sin Nombre,abarrotes,2,18.458574,-97.388417,https://mitehuacan.mx/?ruta=7-upn-213-y-normal-superior
2,Miscelanea Aqui,abarrotes,2,18.458681,-97.391459,https://mitehuacan.mx/?ruta=7-upn-213-y-normal-superior
2,Miscelanea Blanquita,abarrotes,2,18.427659,-97.407087,https://mitehuacan.mx/?ruta=7-upn-213-y-normal-superior
2,Miscelanea Juarez,abarrotes,2,18.428328,-97.407081,https://mitehuacan.mx/?ruta=7-upn-213-y-normal-superior
2,Miscelanea Las Brisas,abarrotes,2,18.458555,-97.38802,https://mitehuacan.mx/?ruta=7-upn-213-y-normal-superior
2,Miscelanea Lupita,abarrotes,2,18.430347,-97.404795,https://mitehuacan.mx/?ruta=7-upn-213-y-normal-superior
2,Miscelanea Teresita,abarrotes,2,18.430449,-97.404733,https://mitehuacan.mx/?ruta=7-upn-213-y-normal-superior
2,Super Copan,abarrotes,2,18.428305,-97.405002,https://mitehuacan.mx/?ruta=7-upn-213-y-normal-superior
2,Miscelanea Charly,abarrotes,3,18.453564,-97.391515,https://mitehuacan.mx/?ruta=7-upn-213-y-normal-superior
2,Miscelanea Jimenez,abarrotes,3,18.458448,-97.385357,https://mitehuacan.mx/?ruta=7-upn-213-y-normal-superior
2,Miscelanea El Laurel,abarrotes,4,18.43324,-97.403732,https://mitehuacan.mx/?ruta=7-upn-213-y-normal-superior
2,Miscelanea Genesis,abarrotes,4,18.428313,-97.404821,https://mitehuacan.mx/?ruta=7-upn-213-y-normal-superior
2,Miscelanea Miguelito,abarrotes,4,18.43003,-97.404813,https://mitehuacan.mx/?ruta=7-upn-213-y-normal-superior
2,Miscelanea El Palmar,abarrotes,5,18.457417,-97.386957,https://mitehuacan.mx/?ruta=7-upn-213-y-normal-superior
2,Miscelanea Garcia,abarrotes,5,18.431773,-97.403929,https://mitehuacan.mx/?ruta=7-upn-213-y-normal-superior
2,Miscelanea Juquilita,abarrotes,5,18.432218,-97.403668,https://mitehuacan.mx/?ruta=7-upn-213-y-normal-superior
2,Miscelanea La Esquinita,abarrotes,5,18.432871,-97.40317,https://mitehuacan.mx/?ruta=7-upn-213-y-normal-superior
2,Miscelanea La Terminal,abarrotes,5,18.457351,-97.387633,https://mitehuacan.mx/?ruta=7-upn-213-y-normal-superior
2,Miscelanea Los Escalones,abarrotes,5,18.43276,-97.403355,https://mitehuacan.mx/?ruta=7-upn-213-y-normal-superior
2,Tienda De Abarrotes La Jacaranda,abarrotes,5,18.457361,-97.38805,https://mitehuacan.mx/?ruta=7-upn-213-y-normal-superior
2,Venta De Refrescos Y Botanas Sin Nombre,abarrotes,5,18.45754,-97.391128,https://mitehuacan.mx/?ruta=7-upn-213-y-normal-superior
2,Miscelanea Sin Nombre,abarrotes,6,18.434885,-97.40411,https://mitehuacan.mx/?ruta=7-upn-213-y-normal-superior
2,Abarrotes Cadena,abarrotes,7,18.457572,-97.385214,https://mitehuacan.mx/?ruta=7-upn-213-y-normal-superior
2,Abarrotes Estrella De Oriente,abarrotes,7,18.457453,-97.391614,https://mitehuacan.mx/?ruta=7-upn-213-y-normal-superior
2,Miscelanea Alex,abarrotes,7,18.42455,-97.406371,https://mitehuacan.mx/?ruta=7-upn-213-y-normal-superior
2,Miscelanea El Guero,abarrotes,7,18.457965,-97.392444,https://mitehuacan.mx/?ruta=7-upn-213-y-normal-superior
2,Miscelanea Fiesta Express,abarrotes,7,18.428391,-97.406223,https://mitehuacan.mx/?ruta=7-upn-213-y-normal-superior
2,Miscelanea Osmin,abarrotes,7,18.457415,-97.390451,https://mitehuacan.mx/?ruta=7-upn-213-y-normal-superior
2,Tienda De Abarrotes Girasoles,abarrotes,7,18.454835,-97.391618,https://mitehuacan.mx/?ruta=7-upn-213-y-normal-superior
2,Miscelanea Magda,abarrotes,8,18.426381,-97.407022,https://mitehuacan.mx/?ruta=7-upn-213-y-normal-superior
2,Miscelanea Baños Rojos,abarrotes,9,18.453506,-97.392487,https://mitehuacan.mx/?ruta=7-upn-213-y-normal-superior
2,Miscelanea El Calvario,abarrotes,9,18.453337,-97.3915,https://mitehuacan.mx/?ruta=7-upn-213-y-normal-superior
2,Tienda De Miscelanea Sin Nombre,abarrotes,9,18.433045,-97.403185,https://mitehuacan.mx/?ruta=7-upn-213-y-normal-superior
2,Abarrotes Conchita,abarrotes,10,18.4586,-97.387249,https://mitehuacan.mx/?ruta=7-upn-213-y-normal-superior
2,Mi Tiendita,abarrotes,10,18.426973,-97.406269,https://mitehuacan.mx/?ruta=7-upn-213-y-normal-superior
2,Tienda Sin Nombre,abarrotes,10,18.423919,-97.406797,https://mitehuacan.mx/?ruta=7-upn-213-y-normal-superior
2,Abarrotes La Unica,abarrotes,12,18.4586,-97.386652,https://mitehuacan.mx/?ruta=7-upn-213-y-normal-superior
2,Miscelanea Silvia,abarrotes,12,18.457813,-97.385127,https://mitehuacan.mx/?ruta=7-upn-213-y-normal-superior
2,Tienda De Abarrotes Sin Nombre,abarrotes,12,18.434194,-97.405158,https://mitehuacan.mx/?ruta=7-upn-213-y-normal-superior
2,Miscelanea Gonzalez,abarrotes,13,18.457363,-97.390533,https://mitehuacan.mx/?ruta=7-upn-213-y-normal-superior
2,Venta De Huevo Sin Nombre,abarrotes,13,18.457677,-97.385137,https://mitehuacan.mx/?ruta=7-upn-213-y-normal-superior
2,Miscelanea La Terminal,abarrotes,14,18.426937,-97.406271,https://mitehuacan.mx/?ruta=7-upn-213-y-normal-superior
2,Miscelanea Flores,abarrotes,15,18.42841,-97.404588,https://mitehuacan.mx/?ruta=7-upn-213-y-normal-superior
2,Miscelanea Providencia,abarrotes,15,18.43963,-97.399689,https://mitehuacan.mx/?ruta=7-upn-213-y-normal-superior
2,Abarrotes Las Animas,abarrotes,16,18.427622,-97.405567,https://mitehuacan.mx/?ruta=7-upn-213-y-normal-superior
2,Miscelanea Juquilita,abarrotes,16,18.457316,-97.385157,https://mitehuacan.mx/?ruta=7-upn-213-y-normal-superior
2,Tienda Las Gemelas,abarrotes,16,18.457316,-97.385157,https://mitehuacan.mx/?ruta=7-upn-213-y-normal-superior
2,Miscelanea La Purisima,abarrotes,17,18.457298,-97.385157,https://mitehuacan.mx/?ruta=7-upn-213-y-normal-superior
2,Refrescos Y Antojitos,abarrotes,17,18.457307,-97.385157,https://mitehuacan.mx/?ruta=7-upn-213-y-normal-superior
2,Venta De Abarrotes Sin Nombre,abarrotes,17,18.457289,-97.385157,https://mitehuacan.mx/?ruta=7-upn-213-y-normal-superior
2,Venta De Cafe Y Abarrotes Cafe Puro Cafe Y Abarrotes,abarrotes,17,18.457307,-97.385157,https://mitehuacan.mx/?ruta=7-upn-213-y-normal-superior
2,Miscelanea Danfer,abarrotes,18,18.457271,-97.385158,https://mitehuacan.mx/?ruta=7-upn-213-y-normal-superior
2,Miscelanea Santo Domingo,abarrotes,20,18.439556,-97.399777,https://mitehuacan.mx/?ruta=7-upn-213-y-normal-superior
2,Tienda Miscelanea Sin Nombre,abarrotes,21,18.453219,-97.391503,https://mitehuacan.mx/?ruta=7-upn-213-y-normal-superior
2,Miscelanea Torres,abarrotes,24,18.453527,-97.393046,https://mitehuacan.mx/?ruta=7-upn-213-y-normal-superior
2,Abarrotes San Marcos,abarrotes,27,18.457144,-97.385163,https://mitehuacan.mx/?ruta=7-upn-213-y-normal-superior
2,Minisuper De La Nueve Sur,abarrotes,27,18.458656,-97.385154,https://mitehuacan.mx/?ruta=7-upn-213-y-normal-superior
2,Tienda De Abarrotes Sin Nombre,abarrotes,28,18.457591,-97.393042,https://mitehuacan.mx/?ruta=7-upn-213-y-normal-superior
2,Tienda Sin Nombre,abarrotes,28,18.45548,-97.393047,https://mitehuacan.mx/?ruta=7-upn-213-y-normal-superior
2,Bodega De Minisuper De La 9,abarrotes,29,18.458644,-97.385068,https://mitehuacan.mx/?ruta=7-upn-213-y-normal-superior
2,Miscelanea Sin Nombre,abarrotes,29,18.42456,-97.406993,https://mitehuacan.mx/?ruta=7-upn-213-y-normal-superior
2,Abarrotes La Union,abarrotes,30,18.45835,-97.390239,https://mitehuacan.mx/?ruta=7-upn-213-y-normal-superior
2,Miscelanea Juquilita,abarrotes,30,18.457648,-97.387137,https://mitehuacan.mx/?ruta=7-upn-213-y-normal-superior
2,Miscelanea Ringo,abarrotes,33,18.457749,-97.389527,https://mitehuacan.mx/?ruta=7-upn-213-y-normal-superior
2,"Comercio Al Por Menor En Tiendas De Abarrotes, Ultramarinos ",abarrotes,34,18.458125,-97.385562,https://mitehuacan.mx/?ruta=7-upn-213-y-normal-superior
2,Miscelanea Del Calvario,abarrotes,35,18.426125,-97.406766,https://mitehuacan.mx/?ruta=7-upn-213-y-normal-superior
2,Tienda Lobo Abarrotero,abarrotes,37,18.455866,-97.391618,https://mitehuacan.mx/?ruta=7-upn-213-y-normal-superior
2,Abarrotes Las 3 B,abarrotes,38,18.428736,-97.405603,https://mitehuacan.mx/?ruta=7-upn-213-y-normal-superior
2,Miscelanea Los Arcos,abarrotes,41,18.458139,-97.387192,https://mitehuacan.mx/?ruta=7-upn-213-y-normal-superior
2,Abarrotes Ofeve De Tehuacan,abarrotes,42,18.458795,-97.385144,https://mitehuacan.mx/?ruta=7-upn-213-y-normal-superior
2,Miscelanea Coco,abarrotes,42,18.428645,-97.40399,https://mitehuacan.mx/?ruta=7-upn-213-y-normal-superior
2,Tienda De Abarrotes Margot,abarrotes,43,18.432704,-97.40286,https://mitehuacan.mx/?ruta=7-upn-213-y-normal-superior
2,Miscelanea Lili,abarrotes,45,18.457043,-97.389529,https://mitehuacan.mx/?ruta=7-upn-213-y-normal-superior
2,Miscelanea Andrea,abarrotes,48,18.428774,-97.406515,https://mitehuacan.mx/?ruta=7-upn-213-y-normal-superior
2,Miscelanea Cuahtemoc,abarrotes,48,18.457909,-97.390336,https://mitehuacan.mx/?ruta=7-upn-213-y-normal-superior
2,Miscelanea San Martin Caballero,abarrotes,51,18.45455,-97.393287,https://mitehuacan.mx/?ruta=7-upn-213-y-normal-superior
2,Miscelanea Cecilio,abarrotes,54,18.426569,-97.406366,https://mitehuacan.mx/?ruta=7-upn-213-y-normal-superior
2,Miscelanea Lupita,abarrotes,55,18.434047,-97.405576,https://mitehuacan.mx/?ruta=7-upn-213-y-normal-superior
2,Miscelanea La Nacional,abarrotes,56,18.433358,-97.402872,https://mitehuacan.mx/?ruta=7-upn-213-y-normal-superior
2,Miscelanea Girasol,abarrotes,59,18.456819,-97.385178,https://mitehuacan.mx/?ruta=7-upn-213-y-normal-superior
2,Miscelanea Juquilita,abarrotes,61,18.454454,-97.393385,https://mitehuacan.mx/?ruta=7-upn-213-y-normal-superior
2,Miscelanea Donato,abarrotes,63,18.430705,-97.405287,https://mitehuacan.mx/?ruta=7-upn-213-y-normal-superior
2,Miscelanea De La Siete Ysiete,abarrotes,64,18.456801,-97.387248,https://mitehuacan.mx/?ruta=7-upn-213-y-normal-superior
2,Miscelanea Sin Nombre,abarrotes,64,18.439595,-97.400222,https://mitehuacan.mx/?ruta=7-upn-213-y-normal-superior
2,Miscelanea Magda,abarrotes,66,18.430971,-97.403625,https://mitehuacan.mx/?ruta=7-upn-213-y-normal-superior
2,Miscelanea Sin Nombre,abarrotes,69,18.453478,-97.390895,https://mitehuacan.mx/?ruta=7-upn-213-y-normal-superior
2,Venta De Articulos De Abarrotes Sin Nombre,abarrotes,69,18.456728,-97.385182,https://mitehuacan.mx/?ruta=7-upn-213-y-normal-superior
2,Miscelanea Los Kikos,abarrotes,70,18.433891,-97.405614,https://mitehuacan.mx/?ruta=7-upn-213-y-normal-superior
2,Miscelanea La Ventanita,abarrotes,74,18.458895,-97.384721,https://mitehuacan.mx/?ruta=7-upn-213-y-normal-superior
2,Miscelanea Lolita,abarrotes,74,18.455317,-97.393486,https://mitehuacan.mx/?ruta=7-upn-213-y-normal-superior
2,Miscelanea Sin Nombre,abarrotes,74,18.424742,-97.407376,https://mitehuacan.mx/?ruta=7-upn-213-y-normal-superior
2,Miscelanea Minisuper Suarez,abarrotes,75,18.456769,-97.389386,https://mitehuacan.mx/?ruta=7-upn-213-y-normal-superior
2,Tienda Doña Feli,abarrotes,76,18.428044,-97.404145,https://mitehuacan.mx/?ruta=7-upn-213-y-normal-superior
2,Miscelanea Guillermina,abarrotes,77,18.427594,-97.40495,https://mitehuacan.mx/?ruta=7-upn-213-y-normal-superior
2,Miscelanea Ceci,abarrotes,78,18.443397,-97.398644,https://mitehuacan.mx/?ruta=7-upn-213-y-normal-superior
2,Tiendas Sin Nombre,abarrotes,78,18.426354,-97.406054,https://mitehuacan.mx/?ruta=7-upn-213-y-normal-superior
2,Miscelanea Sanchez,abarrotes,81,18.454379,-97.390779,https://mitehuacan.mx/?ruta=7-upn-213-y-normal-superior
2,Miscelanea Chemita,abarrotes,84,18.459216,-97.386009,https://mitehuacan.mx/?ruta=7-upn-213-y-normal-superior
2,Miscelanea Edith,abarrotes,84,18.425536,-97.405504,https://mitehuacan.mx/?ruta=7-upn-213-y-normal-superior
2,Miscelanea Liquito,abarrotes,85,18.432899,-97.40473,https://mitehuacan.mx/?ruta=7-upn-213-y-normal-superior
2,Miscelanea Oliva,abarrotes,86,18.429157,-97.405447,https://mitehuacan.mx/?ruta=7-upn-213-y-normal-superior
2,Tienda Sin Nombre,abarrotes,88,18.429334,-97.403427,https://mitehuacan.mx/?ruta=7-upn-213-y-normal-superior
2,Miscelanea Tops,abarrotes,89,18.432559,-97.402446,https://mitehuacan.mx/?ruta=7-upn-213-y-normal-superior
2,Tienda De Abarrotes Mary,abarrotes,90,18.456557,-97.393627,https://mitehuacan.mx/?ruta=7-upn-213-y-normal-superior
2,Abarrotes Garcia,abarrotes,93,18.42779,-97.407951,https://mitehuacan.mx/?ruta=7-upn-213-y-normal-superior
2,Miscelanea Garcia,abarrotes,94,18.435198,-97.40552,https://mitehuacan.mx/?ruta=7-upn-213-y-normal-superior
2,Miscelanea Hidalgo,abarrotes,94,18.430442,-97.403642,https://mitehuacan.mx/?ruta=7-upn-213-y-normal-superior
2,Tienda De Abarrotes Sin Nombre,abarrotes,95,18.42636,-97.405202,https://mitehuacan.mx/?ruta=7-upn-213-y-normal-superior
2,Venta De Huevo Sucursal 9 Sur,abarrotes,96,18.456475,-97.385193,https://mitehuacan.mx/?ruta=7-upn-213-y-normal-superior
2,Venta Abarrotes Sin Nombre,abarrotes,97,18.458389,-97.384287,https://mitehuacan.mx/?ruta=7-upn-213-y-normal-superior
2,Miscelanea Luna,abarrotes,100,18.453333,-97.395201,https://mitehuacan.mx/?ruta=7-upn-213-y-normal-superior
2,Miscelanea Jarochito,abarrotes,101,18.433771,-97.402756,https://mitehuacan.mx/?ruta=7-upn-213-y-normal-superior
2,Miscelanea Rosy,abarrotes,101,18.459422,-97.387096,https://mitehuacan.mx/?ruta=7-upn-213-y-normal-superior
2,Abarrotes Roger,abarrotes,102,18.459333,-97.385109,https://mitehuacan.mx/?ruta=7-upn-213-y-normal-superior
2,Miscelanea Avelino,abarrotes,102,18.458811,-97.384335,https://mitehuacan.mx/?ruta=7-upn-213-y-normal-superior
2,Miscelanea Morales,abarrotes,103,18.426524,-97.404918,https://mitehuacan.mx/?ruta=7-upn-213-y-normal-superior
2,Barroso,abarrotes,104,18.459605,-97.391549,https://mitehuacan.mx/?ruta=7-upn-213-y-normal-superior
2,Miscelanea Tere,abarrotes,105,18.428505,-97.408039,https://mitehuacan.mx/?ruta=7-upn-213-y-normal-superior
2,Miscelanea Ramy,abarrotes,108,18.456096,-97.393801,https://mitehuacan.mx/?ruta=7-upn-213-y-normal-superior
2,Miscelanea Cortes,abarrotes,110,18.455599,-97.39383,https://mitehuacan.mx/?ruta=7-upn-213-y-normal-superior
2,Miscelanea Mendez,abarrotes,110,18.456451,-97.389431,https://mitehuacan.mx/?ruta=7-upn-213-y-normal-superior
2,Miscelanea Sin Nombre,abarrotes,110,18.427873,-97.408106,https://mitehuacan.mx/?ruta=7-upn-213-y-normal-superior
2,Miscelanea Medina,abarrotes,113,18.453468,-97.390478,https://mitehuacan.mx/?ruta=7-upn-213-y-normal-superior
2,Tienda De Abarrotes Yaziel,abarrotes,113,18.455361,-97.390486,https://mitehuacan.mx/?ruta=7-upn-213-y-normal-superior
2,Tienda Nachitos,abarrotes,113,18.426709,-97.408208,https://mitehuacan.mx/?ruta=7-upn-213-y-normal-superior
2,Miscelanea El Mirador,abarrotes,114,18.456391,-97.388519,https://mitehuacan.mx/?ruta=7-upn-213-y-normal-superior
2,Miscelanea La Campiña,abarrotes,114,18.456385,-97.388396,https://mitehuacan.mx/?ruta=7-upn-213-y-normal-superior
2,Miscelanea Sin Nombre,abarrotes,115,18.425643,-97.405225,https://mitehuacan.mx/?ruta=7-upn-213-y-normal-superior
2,Miscelanea Alfo,abarrotes,121,18.428118,-97.40349,https://mitehuacan.mx/?ruta=7-upn-213-y-normal-superior
2,Miscelanea El Angel 1,abarrotes,126,18.456238,-97.387188,https://mitehuacan.mx/?ruta=7-upn-213-y-normal-superior
2,Miscelanea Sin Nombre,abarrotes,126,18.425414,-97.408347,https://mitehuacan.mx/?ruta=7-upn-213-y-normal-superior
2,Mini Super Torre Norte,abarrotes,127,18.434619,-97.402251,https://mitehuacan.mx/?ruta=7-upn-213-y-normal-superior
2,Mini Oxxito,abarrotes,128,18.453338,-97.39033,https://mitehuacan.mx/?ruta=7-upn-213-y-normal-superior
2,Miscelanea Isis,abarrotes,128,18.456193,-97.386097,https://mitehuacan.mx/?ruta=7-upn-213-y-normal-superior
2,Miscelanea Michelle,abarrotes,128,18.433587,-97.406079,https://mitehuacan.mx/?ruta=7-upn-213-y-normal-superior
2,Abarrotes La Hacienda,abarrotes,129,18.456179,-97.385794,https://mitehuacan.mx/?ruta=7-upn-213-y-normal-superior
2,Miscelanea La Abejita,abarrotes,129,18.452838,-97.395744,https://mitehuacan.mx/?ruta=7-upn-213-y-normal-superior
2,Miscelanea Daniela,abarrotes,130,18.453497,-97.395429,https://mitehuacan.mx/?ruta=7-upn-213-y-normal-superior
2,Miscelanea Charly,abarrotes,132,18.45615,-97.385208,https://mitehuacan.mx/?ruta=7-upn-213-y-normal-superior
2,Miscelanea Tere,abarrotes,134,18.431213,-97.405767,https://mitehuacan.mx/?ruta=7-upn-213-y-normal-superior
2,Expendio De Huevo Olifer,abarrotes,137,18.458486,-97.383914,https://mitehuacan.mx/?ruta=7-upn-213-y-normal-superior
2,Miscelanea La Poblanita,abarrotes,137,18.434057,-97.402579,https://mitehuacan.mx/?ruta=7-upn-213-y-normal-superior
2,Miscelanea Sin Nombre,abarrotes,137,18.432558,-97.405086,https://mitehuacan.mx/?ruta=7-upn-213-y-normal-superior
2,Miscelanea El Chavo,abarrotes,138,18.431172,-97.405832,https://mitehuacan.mx/?ruta=7-upn-213-y-normal-superior
2,Miscelanea Angel,abarrotes,140,18.458485,-97.383886,https://mitehuacan.mx/?ruta=7-upn-213-y-normal-superior
2,Tienda Sin Nombre,abarrotes,143,18.427948,-97.40337,https://mitehuacan.mx/?ruta=7-upn-213-y-normal-superior
2,Miscelanea Marin,abarrotes,144,18.457143,-97.383961,https://mitehuacan.mx/?ruta=7-upn-213-y-normal-superior
2,Miscelanea Ortega,abarrotes,147,18.458288,-97.383813,https://mitehuacan.mx/?ruta=7-upn-213-y-normal-superior
2,Miscelanea Sin Nombre,abarrotes,147,18.430273,-97.40632,https://mitehuacan.mx/?ruta=7-upn-213-y-normal-superior
2,Miscelanea Carlos Y Fer,abarrotes,148,18.445995,-97.398186,https://mitehuacan.mx/?ruta=7-upn-213-y-normal-superior
2,Miscelanea Carmelita,abarrotes,148,18.458334,-97.38381,https://mitehuacan.mx/?ruta=7-upn-213-y-normal-superior
2,La Pichi Tiendita,abarrotes,150,18.459995,-97.390749,https://mitehuacan.mx/?ruta=7-upn-213-y-normal-superior
2,Miscelanea Hernandez,abarrotes,150,18.457376,-97.383872,https://mitehuacan.mx/?ruta=7-upn-213-y-normal-superior
2,Escuela De Tae Kwon Do Juventud Marcial Tehuacan,escuela,0,18.458478,-97.3864,https://mitehuacan.mx/?ruta=7-upn-213-y-normal-superior
2,Jardin De Niños Hans Christian Andersen,escuela,1,18.453776,-97.392826,https://mitehuacan.mx/?ruta=7-upn-213-y-normal-superior
2,Circulo De Estudios Inea,escuela,2,18.433912,-97.404724,https://mitehuacan.mx/?ruta=7-upn-213-y-normal-superior
2,Escuela Primaria Diego Rivera Turno Vespertino,escuela,2,18.43382,-97.404483,https://mitehuacan.mx/?ruta=7-upn-213-y-normal-superior
2,Universidad Pedagogica Nacional Unidad 213 Tehuacan,escuela,2,18.417604,-97.407953,https://mitehuacan.mx/?ruta=7-upn-213-y-normal-superior
2,Cima Natacion,escuela,3,18.45687,-97.392752,https://mitehuacan.mx/?ruta=7-upn-213-y-normal-superior
2,Escuela Primaria Cuauhtemotzin,escuela,3,18.433794,-97.404444,https://mitehuacan.mx/?ruta=7-upn-213-y-normal-superior
2,Grupo Isima Tehuacan,escuela,3,18.456879,-97.392752,https://mitehuacan.mx/?ruta=7-upn-213-y-normal-superior
2,Instituto Tecnologico De Tehuacan,escuela,3,18.438445,-97.399796,https://mitehuacan.mx/?ruta=7-upn-213-y-normal-superior
2,Instituto Tecnologico De Tehuacan,escuela,3,18.438453,-97.399793,https://mitehuacan.mx/?ruta=7-upn-213-y-normal-superior
2,Instituto Olimpico De Taekwando De Mexico Dragones Negros,escuela,4,18.431432,-97.404143,https://mitehuacan.mx/?ruta=7-upn-213-y-normal-superior
2,Jardin De Niños Mowgly,escuela,4,18.452297,-97.394496,https://mitehuacan.mx/?ruta=7-upn-213-y-normal-superior
2,Say Yes Escuela De Ingles,escuela,4,18.457556,-97.391896,https://mitehuacan.mx/?ruta=7-upn-213-y-normal-superior
2,Universidad Cicap Oficinas,escuela,5,18.444076,-97.39747,https://mitehuacan.mx/?ruta=7-upn-213-y-normal-superior
2,Centros De Asistencia Infantil Comunitaria Del Subsistema Di,escuela,6,18.429713,-97.40452,https://mitehuacan.mx/?ruta=7-upn-213-y-normal-superior
2,Escuela Primaria Ing Pastor Rouaix Turno Vespertino Clave 21,escuela,11,18.455339,-97.391516,https://mitehuacan.mx/?ruta=7-upn-213-y-normal-superior
2,Escuela Primaria Pastor Roauix Turno Matutino Clave 21Epr042,escuela,11,18.455339,-97.391516,https://mitehuacan.mx/?ruta=7-upn-213-y-normal-superior
2,Escuela Primaria Quetzalcoatl,escuela,11,18.423402,-97.407008,https://mitehuacan.mx/?ruta=7-upn-213-y-normal-superior
2,Studio De Baile Bracil,escuela,11,18.4588,-97.392338,https://mitehuacan.mx/?ruta=7-upn-213-y-normal-superior
2,Centro Deportivo Jaguares,escuela,14,18.427184,-97.406341,https://mitehuacan.mx/?ruta=7-upn-213-y-normal-superior
2,Instituto Tecnico Mexico,escuela,18,18.458428,-97.389521,https://mitehuacan.mx/?ruta=7-upn-213-y-normal-superior
2,Clases De Corte Y Confeccion Moda Y Estilo Sin Nombre,escuela,25,18.457597,-97.386655,https://mitehuacan.mx/?ruta=7-upn-213-y-normal-superior
2,Enseñanza Elemental Terminal El Costurero De Mariana,escuela,32,18.455785,-97.39162,https://mitehuacan.mx/?ruta=7-upn-213-y-normal-superior
2,Studio De Baile Fenix Family Dance,escuela,32,18.45888,-97.389495,https://mitehuacan.mx/?ruta=7-upn-213-y-normal-superior
2,Heroes Taekwondo Tehuacan,escuela,36,18.456536,-97.393116,https://mitehuacan.mx/?ruta=7-upn-213-y-normal-superior
2,Taekwondo Doyang Jungle,escuela,37,18.435662,-97.402158,https://mitehuacan.mx/?ruta=7-upn-213-y-normal-superior
2,Jardin De Niños Aventuras En Pañales,escuela,42,18.453065,-97.394451,https://mitehuacan.mx/?ruta=7-upn-213-y-normal-superior
2,Escuela Normal Superior De Tehuacan,escuela,50,18.419837,-97.409006,https://mitehuacan.mx/?ruta=7-upn-213-y-normal-superior
2,Instituto De Estudios Abiertos Miguel Hidalgo,escuela,53,18.453071,-97.39346,https://mitehuacan.mx/?ruta=7-upn-213-y-normal-superior
2,Centro De Desarrollo Artistico Cultural Vivaldi,escuela,55,18.427835,-97.406316,https://mitehuacan.mx/?ruta=7-upn-213-y-normal-superior
2,Estetica Y Academia De Belleza Secrets,escuela,58,18.458,-97.390336,https://mitehuacan.mx/?ruta=7-upn-213-y-normal-superior
2,Preescolar Y Primaria Instituto Da Vinci,escuela,60,18.456698,-97.393342,https://mitehuacan.mx/?ruta=7-upn-213-y-normal-superior
2,Preescolar Kiddos Kinder,escuela,76,18.454169,-97.393529,https://mitehuacan.mx/?ruta=7-upn-213-y-normal-superior
2,Colegio Bertha Von Glumer Preescolar Y Primaria,escuela,82,18.458199,-97.393287,https://mitehuacan.mx/?ruta=7-upn-213-y-normal-superior
2,Jardinde Niños Simon Bolivar,escuela,82,18.458335,-97.393281,https://mitehuacan.mx/?ruta=7-upn-213-y-normal-superior
2,Ars Nova Dance Studio,escuela,90,18.453455,-97.39394,https://mitehuacan.mx/?ruta=7-upn-213-y-normal-superior
2,Jardin De Niños Federico Froebel Clave 21Djn0159R,escuela,100,18.454948,-97.390603,https://mitehuacan.mx/?ruta=7-upn-213-y-normal-superior
2,Jardin De Niños German List Arzubide Clave 21Djn2466L,escuela,100,18.454948,-97.390603,https://mitehuacan.mx/?ruta=7-upn-213-y-normal-superior
2,Clases De Taekwondo Doyang Reforma,escuela,115,18.45636,-97.387885,https://mitehuacan.mx/?ruta=7-upn-213-y-normal-superior
2,Escuela Primaria Manuel Avila Camacho Turno Matutino Clave 2,escuela,119,18.456421,-97.391051,https://mitehuacan.mx/?ruta=7-upn-213-y-normal-superior
2,Escuela Primaria Manuel Avila Camacho Turno Vespertino Clave,escuela,119,18.456417,-97.390976,https://mitehuacan.mx/?ruta=7-upn-213-y-normal-superior
2,Jardin De Niños Mirrha,escuela,119,18.440608,-97.40032,https://mitehuacan.mx/?ruta=7-upn-213-y-normal-superior
2,Unidad Escolar Licenciado Benito Juarez Tehuacan,escuela,122,18.459776,-97.391547,https://mitehuacan.mx/?ruta=7-upn-213-y-normal-superior
2,Clases De Taekwondo Union De Taekwondo,escuela,124,18.453495,-97.395353,https://mitehuacan.mx/?ruta=7-upn-213-y-normal-superior
2,Instituto Kennedy,escuela,135,18.459499,-97.393468,https://mitehuacan.mx/?ruta=7-upn-213-y-normal-superior
2,Centro De Asistencia Infantil Comunitario,escuela,138,18.459887,-97.39075,https://mitehuacan.mx/?ruta=7-upn-213-y-normal-superior
2,Centro Educativo Prescolar,escuela,142,18.459923,-97.39075,https://mitehuacan.mx/?ruta=7-upn-213-y-normal-superior
2,Instituto De Compuingles De Tehuacan,escuela,142,18.459957,-97.391546,https://mitehuacan.mx/?ruta=7-upn-213-y-normal-superior
2,Papeleria Claudia,papelería,1,18.433912,-97.404605,https://mitehuacan.mx/?ruta=7-upn-213-y-normal-superior
2,Papeleria Sin Nombre,papelería,1,18.453287,-97.392834,https://mitehuacan.mx/?ruta=7-upn-213-y-normal-superior
2,Papeleria Smira,papelería,1,18.458518,-97.387262,https://mitehuacan.mx/?ruta=7-upn-213-y-normal-superior
2,Regalos Y Papeleria Lili,papelería,1,18.458526,-97.387423,https://mitehuacan.mx/?ruta=7-upn-213-y-normal-superior
2,Papeleria Juquilita,papelería,3,18.433103,-97.403521,https://mitehuacan.mx/?ruta=7-upn-213-y-normal-superior
2,Papeleria Flores,papelería,4,18.431199,-97.404164,https://mitehuacan.mx/?ruta=7-upn-213-y-normal-superior
2,Papeleria Janet,papelería,4,18.429585,-97.404557,https://mitehuacan.mx/?ruta=7-upn-213-y-normal-superior
2,Papeleria Y Regalos Nova,papelería,4,18.433245,-97.403599,https://mitehuacan.mx/?ruta=7-upn-213-y-normal-superior
2,Creaciones Pepe,papelería,5,18.457499,-97.389706,https://mitehuacan.mx/?ruta=7-upn-213-y-normal-superior
2,Papeleria Agsa,papelería,5,18.43411,-97.404973,https://mitehuacan.mx/?ruta=7-upn-213-y-normal-superior
2,Papeleria El Pincel,papelería,6,18.432308,-97.403486,https://mitehuacan.mx/?ruta=7-upn-213-y-normal-superior
2,Papeleria Ferrari,papelería,7,18.457457,-97.391861,https://mitehuacan.mx/?ruta=7-upn-213-y-normal-superior
2,Papeleria El Proveedor Escolar,papelería,8,18.457436,-97.38522,https://mitehuacan.mx/?ruta=7-upn-213-y-normal-superior
2,Billu Papeleria,papelería,16,18.427287,-97.405563,https://mitehuacan.mx/?ruta=7-upn-213-y-normal-superior
2,Papeleria Mundo Magico,papelería,21,18.426867,-97.406351,https://mitehuacan.mx/?ruta=7-upn-213-y-normal-superior
2,Papeleria Y Miscelanea Micky,papelería,22,18.432874,-97.402985,https://mitehuacan.mx/?ruta=7-upn-213-y-normal-superior
2,Papeleria Sin Nombre,papelería,30,18.433308,-97.404435,https://mitehuacan.mx/?ruta=7-upn-213-y-normal-superior
2,Papeleria El Lapizito,papelería,44,18.432257,-97.404172,https://mitehuacan.mx/?ruta=7-upn-213-y-normal-superior
2,Papeleria Josue,papelería,49,18.430609,-97.405188,https://mitehuacan.mx/?ruta=7-upn-213-y-normal-superior
2,Mi Papeleria,papelería,53,18.426168,-97.406592,https://mitehuacan.mx/?ruta=7-upn-213-y-normal-superior
2,Mega Ofertas De Tehuacan Sucursal,papelería,58,18.459112,-97.389387,https://mitehuacan.mx/?ruta=7-upn-213-y-normal-superior
2,Los Barateros Mega Ofertas De Tehuacan,papelería,62,18.459148,-97.389387,https://mitehuacan.mx/?ruta=7-upn-213-y-normal-superior
2,Papeleria Y Copias Lupita,papelería,62,18.456912,-97.390295,https://mitehuacan.mx/?ruta=7-upn-213-y-normal-superior
2,Papeleria Guppies,papelería,65,18.453994,-97.393431,https://mitehuacan.mx/?ruta=7-upn-213-y-normal-superior
2,Papeleria Rubi,papelería,65,18.454419,-97.393416,https://mitehuacan.mx/?ruta=7-upn-213-y-normal-superior
2,Papeleria Mickey,papelería,72,18.456373,-97.391605,https://mitehuacan.mx/?ruta=7-upn-213-y-normal-superior
2,Papeleria Los Pollitos,papelería,87,18.453344,-97.390719,https://mitehuacan.mx/?ruta=7-upn-213-y-normal-superior
2,Papeleria El Proveedor Papelero,papelería,93,18.456605,-97.389426,https://mitehuacan.mx/?ruta=7-upn-213-y-normal-superior
2,Papeleria Sin Nombre,papelería,99,18.427717,-97.408005,https://mitehuacan.mx/?ruta=7-upn-213-y-normal-superior
2,Papeleria Sin Nombre,papelería,107,18.430167,-97.405943,https://mitehuacan.mx/?ruta=7-upn-213-y-normal-superior
2,Papeleria Zaragoza,papelería,109,18.42802,-97.408098,https://mitehuacan.mx/?ruta=7-upn-213-y-normal-superior
2,Papeleria Y Regalos Bella,papelería,115,18.425643,-97.405225,https://mitehuacan.mx/?ruta=7-upn-213-y-normal-superior
2,Impresiones El Principito,papelería,120,18.456389,-97.390445,https://mitehuacan.mx/?ruta=7-upn-213-y-normal-superior
2,Papeleria Copias Y Regalos,papelería,131,18.425553,-97.405057,https://mitehuacan.mx/?ruta=7-upn-213-y-normal-superior
2,Papeleria Abejitas,papelería,138,18.455515,-97.390285,https://mitehuacan.mx/?ruta=7-upn-213-y-normal-superior
2,Sr. Camisas Tienda De Ropa,ropa,0,18.454635,-97.392802,https://mitehuacan.mx/?ruta=7-upn-213-y-normal-superior
2,Tienda De Ropa Sin Nombre,ropa,0,18.4587,-97.392303,https://mitehuacan.mx/?ruta=7-upn-213-y-normal-superior
2,Venta De Ropa Para Niño Y Niña Sin Nombre,ropa,0,18.458496,-97.386798,https://mitehuacan.mx/?ruta=7-upn-213-y-normal-superior
2,Boutique Luna,ropa,1,18.455992,-97.392769,https://mitehuacan.mx/?ruta=7-upn-213-y-normal-superior
2,Venta De Pantalones De Mezclilla Sin Nombre,ropa,1,18.458528,-97.38748,https://mitehuacan.mx/?ruta=7-upn-213-y-normal-superior
2,Venta De Ropa De Dama Sin Nombre,ropa,1,18.458506,-97.387006,https://mitehuacan.mx/?ruta=7-upn-213-y-normal-superior
2,Venta De Ropa Infantiles Oscarin,ropa,1,18.453342,-97.392833,https://mitehuacan.mx/?ruta=7-upn-213-y-normal-superior
2,Venta De Ropa Mava,ropa,1,18.455811,-97.392772,https://mitehuacan.mx/?ruta=7-upn-213-y-normal-superior
2,Venta De Ropa Sin Hombre,ropa,1,18.458541,-97.387745,https://mitehuacan.mx/?ruta=7-upn-213-y-normal-superior
2,Venta De Ropa Sin Nombre,ropa,1,18.458507,-97.387035,https://mitehuacan.mx/?ruta=7-upn-213-y-normal-superior
2,Venta De Ropa Sin Nombre,ropa,1,18.458541,-97.387745,https://mitehuacan.mx/?ruta=7-upn-213-y-normal-superior
2,Parisina,ropa,1,18.458668,-97.391732,https://mitehuacan.mx/?ruta=7-upn-213-y-normal-superior
2,Compra Venta De Ropa Para Bebe Sin Nombre,ropa,2,18.458627,-97.389915,https://mitehuacan.mx/?ruta=7-upn-213-y-normal-superior
2,Compra Venta De Ropa Para Dama Creaciones Am,ropa,2,18.458619,-97.389744,https://mitehuacan.mx/?ruta=7-upn-213-y-normal-superior
2,Tienda De Ropa De Hombre Sin Nombre,ropa,2,18.458559,-97.388114,https://mitehuacan.mx/?ruta=7-upn-213-y-normal-superior
2,Tienda De Ropa Sin Nombre,ropa,2,18.458558,-97.388086,https://mitehuacan.mx/?ruta=7-upn-213-y-normal-superior
2,Venta De Mochilas Equipajes Y Mochilas Vagabundo,ropa,2,18.45868,-97.39144,https://mitehuacan.mx/?ruta=7-upn-213-y-normal-superior
2,Venta De Ropa Modas Capricho,ropa,2,18.458666,-97.391052,https://mitehuacan.mx/?ruta=7-upn-213-y-normal-superior
2,Venta De Ropa Sin Nombre,ropa,2,18.458678,-97.391383,https://mitehuacan.mx/?ruta=7-upn-213-y-normal-superior
2,Venta De Ropa Sin Nombre,ropa,2,18.458567,-97.388275,https://mitehuacan.mx/?ruta=7-upn-213-y-normal-superior
2,Adiccion Jeans,ropa,3,18.458448,-97.385357,https://mitehuacan.mx/?ruta=7-upn-213-y-normal-superior
2,Novedades El Capis,ropa,3,18.458585,-97.388654,https://mitehuacan.mx/?ruta=7-upn-213-y-normal-superior
2,Tienda De Ropa Novedades Xochitl,ropa,3,18.433559,-97.404265,https://mitehuacan.mx/?ruta=7-upn-213-y-normal-superior
2,Venta De Ropa De Caballero The Juniors,ropa,3,18.453564,-97.391515,https://mitehuacan.mx/?ruta=7-upn-213-y-normal-superior
2,Venta De Ropa Sin Nombre,ropa,3,18.457379,-97.38528,https://mitehuacan.mx/?ruta=7-upn-213-y-normal-superior
2,Venta De Ropa Sin Nombre,ropa,3,18.45859,-97.388749,https://mitehuacan.mx/?ruta=7-upn-213-y-normal-superior
2,Tienda De Ropa Mega Nacional,ropa,4,18.431372,-97.404178,https://mitehuacan.mx/?ruta=7-upn-213-y-normal-superior
2,Venta De Ropa Sin Nombre,ropa,4,18.4284,-97.404732,https://mitehuacan.mx/?ruta=7-upn-213-y-normal-superior
2,Venta De Ropa Sin Nombre,ropa,4,18.457558,-97.391981,https://mitehuacan.mx/?ruta=7-upn-213-y-normal-superior
2,Venta De Ropa Y Estanteria Sin Nombre,ropa,5,18.457396,-97.386019,https://mitehuacan.mx/?ruta=7-upn-213-y-normal-superior
2,Tienda De Ropa Sin Nombre,ropa,6,18.457434,-97.390856,https://mitehuacan.mx/?ruta=7-upn-213-y-normal-superior
2,Tienda De Ropa Y Tennis Sin Nombre,ropa,7,18.426993,-97.406811,https://mitehuacan.mx/?ruta=7-upn-213-y-normal-superior
2,Uniformes Premier,ropa,7,18.457447,-97.391377,https://mitehuacan.mx/?ruta=7-upn-213-y-normal-superior
2,Winik Tienda De Ropa Para Caballero,ropa,7,18.457965,-97.392444,https://mitehuacan.mx/?ruta=7-upn-213-y-normal-superior
2,Bodega De Ropa Sin Nombre,ropa,8,18.45836,-97.385559,https://mitehuacan.mx/?ruta=7-upn-213-y-normal-superior
2,Mandiles Sin Nombre,ropa,8,18.426991,-97.406602,https://mitehuacan.mx/?ruta=7-upn-213-y-normal-superior
2,Tienda De Ropa Para Caballero,ropa,8,18.457468,-97.392439,https://mitehuacan.mx/?ruta=7-upn-213-y-normal-superior
2,Compra Venta De Ropa Interior Dulce Tentacion,ropa,9,18.458509,-97.38952,https://mitehuacan.mx/?ruta=7-upn-213-y-normal-superior
2,Tienda De Ropa Gala,ropa,11,18.456635,-97.392885,https://mitehuacan.mx/?ruta=7-upn-213-y-normal-superior
2,Venta De Ropa Para Dama Y Caballero Sin Nombre,ropa,11,18.458531,-97.385421,https://mitehuacan.mx/?ruta=7-upn-213-y-normal-superior
2,Venta De Ropa De Mezclilla Sin Nombre,ropa,12,18.457795,-97.385128,https://mitehuacan.mx/?ruta=7-upn-213-y-normal-superior
2,Venta De Ropa Para Caballeros Estilo Y Cultura 238,ropa,12,18.458604,-97.386823,https://mitehuacan.mx/?ruta=7-upn-213-y-normal-superior
2,Venta De Ropa Sin Nombre,ropa,12,18.458609,-97.387022,https://mitehuacan.mx/?ruta=7-upn-213-y-normal-superior
2,Venta De Ropa Sin Nombre,ropa,12,18.457486,-97.387144,https://mitehuacan.mx/?ruta=7-upn-213-y-normal-superior
2,Venta De Ropa Sin Nombre Camisas Palesaye,ropa,12,18.457453,-97.385507,https://mitehuacan.mx/?ruta=7-upn-213-y-normal-superior
2,Bodega De Ropa Sin Nombre,ropa,13,18.458315,-97.385559,https://mitehuacan.mx/?ruta=7-upn-213-y-normal-superior
2,Tienda De Ropa Infantil Sin Nombre,ropa,13,18.458765,-97.391048,https://mitehuacan.mx/?ruta=7-upn-213-y-normal-superior
2,Tienda De Ropa Para Dama Sin Nombre,ropa,13,18.458773,-97.391246,https://mitehuacan.mx/?ruta=7-upn-213-y-normal-superior
2,Uniformes Deportivos Flomar,ropa,13,18.458758,-97.390783,https://mitehuacan.mx/?ruta=7-upn-213-y-normal-superior
2,Venta De Ropa Para Dama,ropa,13,18.458382,-97.385083,https://mitehuacan.mx/?ruta=7-upn-213-y-normal-superior
2,Venta De Ropa Para Dama Sin Nombre,ropa,13,18.458767,-97.391105,https://mitehuacan.mx/?ruta=7-upn-213-y-normal-superior
2,Venta De Ropa Para Hombre Sin Nombre,ropa,13,18.458753,-97.390575,https://mitehuacan.mx/?ruta=7-upn-213-y-normal-superior
2,Venta De Ropa Para Mujer Sin Nombre,ropa,13,18.457686,-97.385137,https://mitehuacan.mx/?ruta=7-upn-213-y-normal-superior
2,Venta De Ropa Para Niño El Rincon De Los Peques,ropa,13,18.458779,-97.391408,https://mitehuacan.mx/?ruta=7-upn-213-y-normal-superior
2,Venta De Ropa Sin Nombre,ropa,13,18.45877,-97.391181,https://mitehuacan.mx/?ruta=7-upn-213-y-normal-superior
2,Venta De Ropa Sin Nombre,ropa,13,18.45765,-97.385139,https://mitehuacan.mx/?ruta=7-upn-213-y-normal-superior
2,Venta De Ropa Sin Nombre,ropa,13,18.4584,-97.385082,https://mitehuacan.mx/?ruta=7-upn-213-y-normal-superior
2,Venta De Ropa Y Uniformes Azzurri,ropa,13,18.458758,-97.390764,https://mitehuacan.mx/?ruta=7-upn-213-y-normal-superior
2,Puesto De Zapatos Usada De Sin Nombre,ropa,14,18.457497,-97.385151,https://mitehuacan.mx/?ruta=7-upn-213-y-normal-superior
2,Venta De Ropa En General Modas Livey,ropa,14,18.458748,-97.390366,https://mitehuacan.mx/?ruta=7-upn-213-y-normal-superior
2,Venta De Ropa En General Modas Morales,ropa,14,18.45875,-97.390423,https://mitehuacan.mx/?ruta=7-upn-213-y-normal-superior
2,Venta De Ropa Nueva Para Mujer Sin Nombre,ropa,14,18.457488,-97.385152,https://mitehuacan.mx/?ruta=7-upn-213-y-normal-superior
2,Venta De Ropa Para Caballero Be Rektro,ropa,14,18.45873,-97.38975,https://mitehuacan.mx/?ruta=7-upn-213-y-normal-superior
2,Venta De Ropa Para Caballero Sin Nombre,ropa,14,18.457596,-97.385144,https://mitehuacan.mx/?ruta=7-upn-213-y-normal-superior
2,Venta De Ropa Para Caballero Y Accesorios Sin Nombre,ropa,14,18.458743,-97.390167,https://mitehuacan.mx/?ruta=7-upn-213-y-normal-superior
2,Venta De Ropa Para Dama D Moda,ropa,14,18.458744,-97.390184,https://mitehuacan.mx/?ruta=7-upn-213-y-normal-superior
2,Venta De Ropa Para Dama Sin Nombre,ropa,14,18.458735,-97.389911,https://mitehuacan.mx/?ruta=7-upn-213-y-normal-superior
2,Venta De Ropa Para Dama Sin Nombre,ropa,14,18.457515,-97.38515,https://mitehuacan.mx/?ruta=7-upn-213-y-normal-superior
2,Venta De Ropa Para Dama Y Gorras Yoselin,ropa,14,18.458725,-97.389608,https://mitehuacan.mx/?ruta=7-upn-213-y-normal-superior
2,Venta De Ropa Sin Nombre,ropa,14,18.457542,-97.385148,https://mitehuacan.mx/?ruta=7-upn-213-y-normal-superior
2,Venta De Ropa Sin Nombre,ropa,14,18.458726,-97.389646,https://mitehuacan.mx/?ruta=7-upn-213-y-normal-superior
2,Venta De Ropa Sin Nombre,ropa,14,18.457551,-97.385147,https://mitehuacan.mx/?ruta=7-upn-213-y-normal-superior
2,Venta De Ropa Sin Nombre,ropa,14,18.458739,-97.390044,https://mitehuacan.mx/?ruta=7-upn-213-y-normal-superior
2,Venta De Ropa Sol Mery,ropa,14,18.458738,-97.389996,https://mitehuacan.mx/?ruta=7-upn-213-y-normal-superior
2,Compra Y Venta De Ropa Sin Nombre,ropa,15,18.457311,-97.389431,https://mitehuacan.mx/?ruta=7-upn-213-y-normal-superior
2,Creaciones En Tu Moda,ropa,15,18.457406,-97.385158,https://mitehuacan.mx/?ruta=7-upn-213-y-normal-superior
2,Lam Boutique,ropa,15,18.458719,-97.389219,https://mitehuacan.mx/?ruta=7-upn-213-y-normal-superior
2,Ropa De Bebe Sin Nombre,ropa,15,18.457406,-97.385158,https://mitehuacan.mx/?ruta=7-upn-213-y-normal-superior
2,Ross Braa Venta De Ropa Para Dama,ropa,15,18.458719,-97.389209,https://mitehuacan.mx/?ruta=7-upn-213-y-normal-superior
2,Venta De Ropa De Caballero Sin Nombre,ropa,15,18.457362,-97.385159,https://mitehuacan.mx/?ruta=7-upn-213-y-normal-superior
2,Venta De Ropa Interior Para Dama,ropa,15,18.457371,-97.38516,https://mitehuacan.mx/?ruta=7-upn-213-y-normal-superior
2,Venta De Ropa Novedades Cristy,ropa,15,18.45872,-97.389228,https://mitehuacan.mx/?ruta=7-upn-213-y-normal-superior
2,Venta De Ropa Nueva Sin Nombre,ropa,15,18.457362,-97.385159,https://mitehuacan.mx/?ruta=7-upn-213-y-normal-superior
2,Venta De Ropa Para Caballero Y Niño,ropa,15,18.457424,-97.385157,https://mitehuacan.mx/?ruta=7-upn-213-y-normal-superior
2,Venta De Ropa Para Dama Sin Nombre,ropa,15,18.45747,-97.385153,https://mitehuacan.mx/?ruta=7-upn-213-y-normal-superior
2,Venta De Ropa Para Niño Y Niña Sin Nombre,ropa,15,18.458701,-97.388878,https://mitehuacan.mx/?ruta=7-upn-213-y-normal-superior
2,Venta De Ropa Sin Nombre,ropa,15,18.457415,-97.385158,https://mitehuacan.mx/?ruta=7-upn-213-y-normal-superior
2,Venta De Ropa Sin Nombre,ropa,16,18.457344,-97.385159,https://mitehuacan.mx/?ruta=7-upn-213-y-normal-superior
2,Compra Venta De Ropa Para Dama Novedades Angeles,ropa,18,18.458459,-97.390239,https://mitehuacan.mx/?ruta=7-upn-213-y-normal-superior
2,Uniformes Abraham,ropa,18,18.458801,-97.390755,https://mitehuacan.mx/?ruta=7-upn-213-y-normal-superior
2,Venta De Ropa Para Dama,ropa,18,18.458753,-97.389497,https://mitehuacan.mx/?ruta=7-upn-213-y-normal-superior
2,Venta De Mochilas Sin Nombre,ropa,20,18.458768,-97.389392,https://mitehuacan.mx/?ruta=7-upn-213-y-normal-superior
2,Venta De Ropa Samy,ropa,22,18.457146,-97.385512,https://mitehuacan.mx/?ruta=7-upn-213-y-normal-superior
2,Venta De Jeans Darling,ropa,23,18.458381,-97.392721,https://mitehuacan.mx/?ruta=7-upn-213-y-normal-superior
2,Venta De Ropa De Caballero Sin Nombre,ropa,23,18.458846,-97.390755,https://mitehuacan.mx/?ruta=7-upn-213-y-normal-superior
2,Venta De Ropa Para Niño Y Niña Interior Y Exterior Leon De J,ropa,23,18.458843,-97.39067,https://mitehuacan.mx/?ruta=7-upn-213-y-normal-superior
2,Tienda De Ropa Shein,ropa,24,18.458451,-97.39147,https://mitehuacan.mx/?ruta=7-upn-213-y-normal-superior
2,Tienda De Ropa Sin Nombre,ropa,24,18.457233,-97.389528,https://mitehuacan.mx/?ruta=7-upn-213-y-normal-superior
2,Modas Kary,ropa,26,18.456491,-97.392235,https://mitehuacan.mx/?ruta=7-upn-213-y-normal-superior
2,Venta De Ropa Interior Sin Nombre,ropa,26,18.458423,-97.38496,https://mitehuacan.mx/?ruta=7-upn-213-y-normal-superior
2,Ropa Casual City Jeans,ropa,27,18.457206,-97.389528,https://mitehuacan.mx/?ruta=7-upn-213-y-normal-superior
2,Venta De Ropa Americana,ropa,27,18.45265,-97.394783,https://mitehuacan.mx/?ruta=7-upn-213-y-normal-superior
2,Ferma Uniformes,ropa,28,18.457767,-97.391581,https://mitehuacan.mx/?ruta=7-upn-213-y-normal-superior
2,Venta De Ropa En General El Divino Niño,ropa,28,18.458889,-97.390669,https://mitehuacan.mx/?ruta=7-upn-213-y-normal-superior
2,Venta De Ropa Para Caballero Moda Para Ti,ropa,29,18.458852,-97.389495,https://mitehuacan.mx/?ruta=7-upn-213-y-normal-superior
2,Compra Venta De Ropa Doña Socorro,ropa,30,18.432838,-97.402924,https://mitehuacan.mx/?ruta=7-upn-213-y-normal-superior
2,Venta De Ropa Sin Nombre,ropa,30,18.458909,-97.390754,https://mitehuacan.mx/?ruta=7-upn-213-y-normal-superior
2,Venta De Ropa Para Dama Queen Fashion,ropa,31,18.458916,-97.390669,https://mitehuacan.mx/?ruta=7-upn-213-y-normal-superior
2,Venta De Ropa Sin Nombre,ropa,31,18.458421,-97.384912,https://mitehuacan.mx/?ruta=7-upn-213-y-normal-superior
2,Venta De Ropa Sin Nombre,ropa,32,18.426774,-97.40628,https://mitehuacan.mx/?ruta=7-upn-213-y-normal-superior
2,Venta De Ropa Modas Eben Ezer,ropa,34,18.458945,-97.390754,https://mitehuacan.mx/?ruta=7-upn-213-y-normal-superior
2,Venta De Ropa Shein,ropa,34,18.4582,-97.387113,https://mitehuacan.mx/?ruta=7-upn-213-y-normal-superior
2,Venta De Ropa Sin Nombre,ropa,35,18.45713,-97.389437,https://mitehuacan.mx/?ruta=7-upn-213-y-normal-superior
2,Venta De Ropa Y Refresco,ropa,36,18.458916,-97.389494,https://mitehuacan.mx/?ruta=7-upn-213-y-normal-superior
2,Venta De Ropa Americana Y Decoracion Con.Amorteh,ropa,37,18.457697,-97.386651,https://mitehuacan.mx/?ruta=7-upn-213-y-normal-superior
2,Venta De Ropa Sin Nombre,ropa,45,18.456954,-97.385172,https://mitehuacan.mx/?ruta=7-upn-213-y-normal-superior
2,Venta De Ropa Sin Nombre,ropa,46,18.459084,-97.391444,https://mitehuacan.mx/?ruta=7-upn-213-y-normal-superior
2,Venta De Ropa De Niño Y Niña Novedades Nicol,ropa,47,18.459061,-97.390669,https://mitehuacan.mx/?ruta=7-upn-213-y-normal-superior
2,Venta De Ropa Para Dama Sin Nombre,ropa,47,18.456954,-97.387242,https://mitehuacan.mx/?ruta=7-upn-213-y-normal-superior
2,Venta De Ropa De Dama Sin Nombre,ropa,48,18.459072,-97.390754,https://mitehuacan.mx/?ruta=7-upn-213-y-normal-superior
2,Venta De Ropa Sin Nombre,ropa,48,18.459072,-97.390754,https://mitehuacan.mx/?ruta=7-upn-213-y-normal-superior
2,Compra Venta De Ropa Para Niños Kiddies,ropa,49,18.458147,-97.389523,https://mitehuacan.mx/?ruta=7-upn-213-y-normal-superior
2,F & F Boutique,ropa,49,18.456475,-97.391951,https://mitehuacan.mx/?ruta=7-upn-213-y-normal-superior
2,Moda Coquette,ropa,49,18.456475,-97.391951,https://mitehuacan.mx/?ruta=7-upn-213-y-normal-superior
2,Modas Morales,ropa,49,18.459081,-97.390754,https://mitehuacan.mx/?ruta=7-upn-213-y-normal-superior
2,Venta De Ropa Infantil,ropa,49,18.459081,-97.390754,https://mitehuacan.mx/?ruta=7-upn-213-y-normal-superior
2,Venta De Ropa De Dama De Nenas,ropa,51,18.4569,-97.385174,https://mitehuacan.mx/?ruta=7-upn-213-y-normal-superior
2,Venta De Ropa Para Dama Sin Nombre,ropa,52,18.459142,-97.391557,https://mitehuacan.mx/?ruta=7-upn-213-y-normal-superior
2,Local De Ropa Yared,ropa,53,18.45872,-97.393004,https://mitehuacan.mx/?ruta=7-upn-213-y-normal-superior
2,Tienda De Ropa Sin Nombre,ropa,53,18.456999,-97.390415,https://mitehuacan.mx/?ruta=7-upn-213-y-normal-superior
2,Venta De Ropa Para Bebe Sin Nombre,ropa,53,18.458412,-97.384704,https://mitehuacan.mx/?ruta=7-upn-213-y-normal-superior
2,Ropa Americana,ropa,54,18.431883,-97.403218,https://mitehuacan.mx/?ruta=7-upn-213-y-normal-superior
2,Camisas Y Playeras Molina,ropa,56,18.456846,-97.385176,https://mitehuacan.mx/?ruta=7-upn-213-y-normal-superior
2,Supreme Destroyer Venta De Ropa Casual,ropa,56,18.458897,-97.385053,https://mitehuacan.mx/?ruta=7-upn-213-y-normal-superior
2,Venta De Ropa De Bebe Sin Nombre,ropa,56,18.459145,-97.390753,https://mitehuacan.mx/?ruta=7-upn-213-y-normal-superior
2,Venta De Cinturones Sin Nombre,ropa,58,18.45916,-97.390668,https://mitehuacan.mx/?ruta=7-upn-213-y-normal-superior
2,Boutique Paseo Hidalgo,ropa,59,18.45882,-97.393048,https://mitehuacan.mx/?ruta=7-upn-213-y-normal-superior
2,Venta De Playeras Sin Nombre,ropa,60,18.459178,-97.390668,https://mitehuacan.mx/?ruta=7-upn-213-y-normal-superior
2,Venta Deropa,ropa,61,18.45919,-97.390753,https://mitehuacan.mx/?ruta=7-upn-213-y-normal-superior
2,Venta De Vestidos Infantiles Britany,ropa,63,18.459206,-97.390668,https://mitehuacan.mx/?ruta=7-upn-213-y-normal-superior
2,Venta De Ropa Nueva Sin Nombre,ropa,65,18.456764,-97.38518,https://mitehuacan.mx/?ruta=7-upn-213-y-normal-superior
2,Venta De Ropa Infantil Key Fashion,ropa,66,18.459235,-97.390753,https://mitehuacan.mx/?ruta=7-upn-213-y-normal-superior
2,Aitana Boutique,ropa,67,18.457982,-97.393297,https://mitehuacan.mx/?ruta=7-upn-213-y-normal-superior
2,Modas Para,ropa,68,18.459253,-97.390753,https://mitehuacan.mx/?ruta=7-upn-213-y-normal-superior
2,Tienda De Ropa Mode Star,ropa,68,18.45928,-97.391554,https://mitehuacan.mx/?ruta=7-upn-213-y-normal-superior
2,Rv Bolsos,ropa,70,18.458724,-97.393156,https://mitehuacan.mx/?ruta=7-upn-213-y-normal-superior
2,Tienda De Ropa De Dama Sin Nombre,ropa,73,18.45933,-97.391553,https://mitehuacan.mx/?ruta=7-upn-213-y-normal-superior
2,Tienda De Ropa Para Bebe Sin Nombre,ropa,73,18.456719,-97.38725,https://mitehuacan.mx/?ruta=7-upn-213-y-normal-superior
2,Tienda De Bolsas Y Mochilas Mb,ropa,78,18.459365,-97.391439,https://mitehuacan.mx/?ruta=7-upn-213-y-normal-superior
2,Venta De Ropa Interior Para Mujer Sin Nombre,ropa,79,18.429475,-97.405393,https://mitehuacan.mx/?ruta=7-upn-213-y-normal-superior
2,Venta De Ropa Infantil,ropa,83,18.459389,-97.390752,https://mitehuacan.mx/?ruta=7-upn-213-y-normal-superior
2,Venta De Uniformes Escolares Sin Nombre,ropa,85,18.459407,-97.390752,https://mitehuacan.mx/?ruta=7-upn-213-y-normal-superior
2,Boutique De Ropa Mi Closet,ropa,89,18.453459,-97.394045,https://mitehuacan.mx/?ruta=7-upn-213-y-normal-superior
2,Venta De Uniformes Filipinas Y Medicos Cerebro,ropa,90,18.45549,-97.393635,https://mitehuacan.mx/?ruta=7-upn-213-y-normal-superior
2,Boutique Dc Jeans,ropa,97,18.456572,-97.389543,https://mitehuacan.mx/?ruta=7-upn-213-y-normal-superior
2,Venta De Tines Y Ropa Interior,ropa,97,18.459513,-97.390666,https://mitehuacan.mx/?ruta=7-upn-213-y-normal-superior
2,Venta De Cinturones Cinturon Casual,ropa,100,18.45954,-97.390666,https://mitehuacan.mx/?ruta=7-upn-213-y-normal-superior
2,Venta De Ropa Creaciones En Tu Moda,ropa,103,18.459567,-97.390666,https://mitehuacan.mx/?ruta=7-upn-213-y-normal-superior
2,Modas Nicole,ropa,104,18.459579,-97.390751,https://mitehuacan.mx/?ruta=7-upn-213-y-normal-superior
2,El Corcel De Oro,ropa,106,18.459597,-97.390751,https://mitehuacan.mx/?ruta=7-upn-213-y-normal-superior
2,Tienda De Ropa Oh My Good,ropa,107,18.456531,-97.391067,https://mitehuacan.mx/?ruta=7-upn-213-y-normal-superior
2,Venta De Ropa Sin Nombre,ropa,108,18.459567,-97.389484,https://mitehuacan.mx/?ruta=7-upn-213-y-normal-superior
2,Venta De Ropa Para Dama Y Caballero,ropa,109,18.459654,-97.391433,https://mitehuacan.mx/?ruta=7-upn-213-y-normal-superior
2,Venta De Ropa Sin Nombre,ropa,110,18.427873,-97.408106,https://mitehuacan.mx/?ruta=7-upn-213-y-normal-superior
2,Venta De Ropa De Dama Sin Nombre,ropa,111,18.459595,-97.389484,https://mitehuacan.mx/?ruta=7-upn-213-y-normal-superior
2,Venta De Ropa Fina Para Dama Sin Nombre,ropa,112,18.459649,-97.390666,https://mitehuacan.mx/?ruta=7-upn-213-y-normal-superior
2,Venta De Ropa Juvenil Para Dama Sin Nombre,ropa,112,18.459601,-97.389382,https://mitehuacan.mx/?ruta=7-upn-213-y-normal-superior
2,Tienda De Ropa Sin Nombre,ropa,114,18.456306,-97.385276,https://mitehuacan.mx/?ruta=7-upn-213-y-normal-superior
2,Tienda De Bolsas Y Mochilas Eva,ropa,116,18.459709,-97.391432,https://mitehuacan.mx/?ruta=7-upn-213-y-normal-superior
2,Tienda De Ropa Infantil Sin Nombre,ropa,116,18.459709,-97.391432,https://mitehuacan.mx/?ruta=7-upn-213-y-normal-superior
2,Compra Venta De Ropa Sin Nombre,ropa,119,18.456277,-97.386142,https://mitehuacan.mx/?ruta=7-upn-213-y-normal-superior
2,Venta De Ropa,ropa,120,18.459724,-97.390751,https://mitehuacan.mx/?ruta=7-upn-213-y-normal-superior
2,Venta De Ropa De Dama,ropa,122,18.459763,-97.391431,https://mitehuacan.mx/?ruta=7-upn-213-y-normal-superior
2,Venta De Ropa Infantil Sin Nombre,ropa,125,18.459767,-97.390665,https://mitehuacan.mx/?ruta=7-upn-213-y-normal-superior
2,Tienda De Ropa Para Para Bebe Novedades Oscarin,ropa,126,18.456242,-97.38712,https://mitehuacan.mx/?ruta=7-upn-213-y-normal-superior
2,Venta De Ropa De Bebe Sin Nombre,ropa,127,18.459787,-97.39075,https://mitehuacan.mx/?ruta=7-upn-213-y-normal-superior
2,El Machetazo,ropa,129,18.459806,-97.39075,https://mitehuacan.mx/?ruta=7-upn-213-y-normal-superior
2,Venta De Ropa Para Dama Creaciones Mariyer,ropa,130,18.459844,-97.39143,https://mitehuacan.mx/?ruta=7-upn-213-y-normal-superior
2,La Barata,ropa,132,18.459833,-97.39075,https://mitehuacan.mx/?ruta=7-upn-213-y-normal-superior
2,Venta De Ropa Para Adulto,ropa,136,18.459869,-97.39075,https://mitehuacan.mx/?ruta=7-upn-213-y-normal-superior
2,Venta De Ropa Para Hombre Novedades Martinez,ropa,136,18.459821,-97.389481,https://mitehuacan.mx/?ruta=7-upn-213-y-normal-superior
2,Tienda De Ropa Moda Chiton,ropa,137,18.430413,-97.403184,https://mitehuacan.mx/?ruta=7-upn-213-y-normal-superior
2,Tienda De Ropa Sin Nombre,ropa,138,18.458846,-97.393797,https://mitehuacan.mx/?ruta=7-upn-213-y-normal-superior
2,Venta De Ropa Nueva Sin Nombre,ropa,139,18.458218,-97.383891,https://mitehuacan.mx/?ruta=7-upn-213-y-normal-superior
2,Venta De Tines Y Cortinas Sin Nombre,ropa,139,18.458218,-97.383891,https://mitehuacan.mx/?ruta=7-upn-213-y-normal-superior
2,Venta De Bazar Sin Nombre,ropa,140,18.457712,-97.383922,https://mitehuacan.mx/?ruta=7-upn-213-y-normal-superior
2,Venta De Mandiles Ropa Para Niños E Hilos,ropa,142,18.457468,-97.383937,https://mitehuacan.mx/?ruta=7-upn-213-y-normal-superior
2,Venta De Ropa Sin Nombre,ropa,142,18.45745,-97.383938,https://mitehuacan.mx/?ruta=7-upn-213-y-normal-superior
2,Puesto De Ropa Sin Nombre,ropa,143,18.457315,-97.383946,https://mitehuacan.mx/?ruta=7-upn-213-y-normal-superior
2,Venta De Ropa Para Bebe Sin Nombre,ropa,143,18.457225,-97.383957,https://mitehuacan.mx/?ruta=7-upn-213-y-normal-superior
2,Venta De Ropa Para Dama,ropa,143,18.459932,-97.39075,https://mitehuacan.mx/?ruta=7-upn-213-y-normal-superior
2,Venta De Ropa Para Trabajo Sin Nombre,ropa,143,18.457215,-97.383957,https://mitehuacan.mx/?ruta=7-upn-213-y-normal-superior
2,Creaciones En Tu Moda,ropa,144,18.457143,-97.383961,https://mitehuacan.mx/?ruta=7-upn-213-y-normal-superior
2,Venta De Ropa Sin Nombre,ropa,144,18.457161,-97.38396,https://mitehuacan.mx/?ruta=7-upn-213-y-normal-superior
2,Tienda De Ropa Aditivo,ropa,145,18.459971,-97.391427,https://mitehuacan.mx/?ruta=7-upn-213-y-normal-superior
2,Venta De Ropa Para Niña Y Dama Sin Nombre,ropa,145,18.457098,-97.383964,https://mitehuacan.mx/?ruta=7-upn-213-y-normal-superior
2,Puesto De Ropa Sin Nombre,ropa,146,18.457017,-97.383969,https://mitehuacan.mx/?ruta=7-upn-213-y-normal-superior
2,Venta De Ropa Para Bebe,ropa,146,18.459959,-97.39075,https://mitehuacan.mx/?ruta=7-upn-213-y-normal-superior
2,Venta De Trajes Quali,ropa,146,18.460021,-97.39244,https://mitehuacan.mx/?ruta=7-upn-213-y-normal-superior
2,Novedades Aldo,ropa,148,18.459977,-97.390749,https://mitehuacan.mx/?ruta=7-upn-213-y-normal-superior
2,Puesto De Ropa Sin Nombre,ropa,148,18.456926,-97.383974,https://mitehuacan.mx/?ruta=7-upn-213-y-normal-superior
2,Uniformes Empresariales Cocktel,ropa,148,18.457303,-97.394178,https://mitehuacan.mx/?ruta=7-upn-213-y-normal-superior
2,Venta De Pantalon Sin Nombre,ropa,148,18.456944,-97.383973,https://mitehuacan.mx/?ruta=7-upn-213-y-normal-superior
2,Venta De Ropa Para Caballero Modas Fikshion,ropa,148,18.459937,-97.389624,https://mitehuacan.mx/?ruta=7-upn-213-y-normal-superior
2,Tienda De Ropa Sin Nombre,ropa,149,18.45613,-97.384686,https://mitehuacan.mx/?ruta=7-upn-213-y-normal-superior
2,Venta De Ropa De Mujer Sin Nombre,ropa,150,18.456881,-97.383977,https://mitehuacan.mx/?ruta=7-upn-213-y-normal-superior
2,Calzado Por Catalogo,zapatería,0,18.4587,-97.392303,https://mitehuacan.mx/?ruta=7-upn-213-y-normal-superior
2,Reparadora De Calzado Hidalgo,zapatería,1,18.458698,-97.392199,https://mitehuacan.mx/?ruta=7-upn-213-y-normal-superior
2,Zapaterias Ros Fer,zapatería,1,18.458508,-97.387063,https://mitehuacan.mx/?ruta=7-upn-213-y-normal-superior
2,Zapateria Ana Maria,zapatería,2,18.458643,-97.390369,https://mitehuacan.mx/?ruta=7-upn-213-y-normal-superior
2,Zapateria Mago,zapatería,2,18.456698,-97.392757,https://mitehuacan.mx/?ruta=7-upn-213-y-normal-superior
2,Reparadora De Calzado Puebla,zapatería,3,18.456337,-97.392799,https://mitehuacan.mx/?ruta=7-upn-213-y-normal-superior
2,Reparadora De Calzado Coapan,zapatería,6,18.432018,-97.403664,https://mitehuacan.mx/?ruta=7-upn-213-y-normal-superior
2,Sandalias Jess,zapatería,8,18.426154,-97.407025,https://mitehuacan.mx/?ruta=7-upn-213-y-normal-superior
2,Venta De Tenis Juquilita,zapatería,12,18.458796,-97.392157,https://mitehuacan.mx/?ruta=7-upn-213-y-normal-superior
2,Renovadora De Calzado Puebla Ii,zapatería,13,18.458755,-97.39065,https://mitehuacan.mx/?ruta=7-upn-213-y-normal-superior
2,Zapateria Ana Maria,zapatería,13,18.45878,-97.391446,https://mitehuacan.mx/?ruta=7-upn-213-y-normal-superior
2,Zapateria Soperanez,zapatería,13,18.458763,-97.390973,https://mitehuacan.mx/?ruta=7-upn-213-y-normal-superior
2,Bodega De Calzado Sin Nombre,zapatería,14,18.457227,-97.386106,https://mitehuacan.mx/?ruta=7-upn-213-y-normal-superior
2,Venta De Agujetas Y Plantillas Sin Nombre,zapatería,14,18.457533,-97.385148,https://mitehuacan.mx/?ruta=7-upn-213-y-normal-superior
2,Venta De Huaraches Sin Nombre,zapatería,15,18.457433,-97.385156,https://mitehuacan.mx/?ruta=7-upn-213-y-normal-superior
2,Zapateria Leoneza,zapatería,15,18.458703,-97.388906,https://mitehuacan.mx/?ruta=7-upn-213-y-normal-superior
2,Zapateria Pachikitos,zapatería,18,18.458807,-97.392631,https://mitehuacan.mx/?ruta=7-upn-213-y-normal-superior
2,Reparadoa De Calzado La Puri,zapatería,19,18.457182,-97.385233,https://mitehuacan.mx/?ruta=7-upn-213-y-normal-superior
2,Taller De Calzado 3 Hermanos,zapatería,23,18.458146,-97.392725,https://mitehuacan.mx/?ruta=7-upn-213-y-normal-superior
2,Zapateria Angelitos,zapatería,23,18.428124,-97.406299,https://mitehuacan.mx/?ruta=7-upn-213-y-normal-superior
2,Venta De Tenis Juquilita,zapatería,28,18.458891,-97.390755,https://mitehuacan.mx/?ruta=7-upn-213-y-normal-superior
2,Zapateria Zona Confort,zapatería,29,18.458966,-97.392519,https://mitehuacan.mx/?ruta=7-upn-213-y-normal-superior
2,Distribuidora De Calzado San Andres,zapatería,34,18.457039,-97.38558,https://mitehuacan.mx/?ruta=7-upn-213-y-normal-superior
2,Reparadora De Calzado Perez,zapatería,37,18.456484,-97.392102,https://mitehuacan.mx/?ruta=7-upn-213-y-normal-superior
2,Venta De Zapatos Sin Nombre,zapatería,37,18.427953,-97.404855,https://mitehuacan.mx/?ruta=7-upn-213-y-normal-superior
2,Reparadora De Calzado Dani,zapatería,39,18.455315,-97.393163,https://mitehuacan.mx/?ruta=7-upn-213-y-normal-superior
2,Zapatitos Y Algo Mas,zapatería,44,18.429708,-97.405152,https://mitehuacan.mx/?ruta=7-upn-213-y-normal-superior
2,Sandalias Tierra Del Sol,zapatería,47,18.456922,-97.385583,https://mitehuacan.mx/?ruta=7-upn-213-y-normal-superior
2,Zapateria Eduars,zapatería,48,18.459072,-97.390754,https://mitehuacan.mx/?ruta=7-upn-213-y-normal-superior
2,Venta De Tenis Sin Nombre,zapatería,53,18.456882,-97.385175,https://mitehuacan.mx/?ruta=7-upn-213-y-normal-superior
2,Reparadora De Zapatos Clinica Del Calzado,zapatería,57,18.429509,-97.405176,https://mitehuacan.mx/?ruta=7-upn-213-y-normal-superior
2,Zapateria Femma,zapatería,58,18.458509,-97.384663,https://mitehuacan.mx/?ruta=7-upn-213-y-normal-superior
2,Venta De Huaraches,zapatería,62,18.456791,-97.385179,https://mitehuacan.mx/?ruta=7-upn-213-y-normal-superior
2,Zapateria 3 Hermanos,zapatería,66,18.459233,-97.390668,https://mitehuacan.mx/?ruta=7-upn-213-y-normal-superior
2,Pakar Al Costo,zapatería,88,18.459457,-97.391437,https://mitehuacan.mx/?ruta=7-upn-213-y-normal-superior
2,Shoes Collection Pakar,zapatería,89,18.459472,-97.391437,https://mitehuacan.mx/?ruta=7-upn-213-y-normal-superior
2,Reparada De Calzado El Venado,zapatería,99,18.453209,-97.395292,https://mitehuacan.mx/?ruta=7-upn-213-y-normal-superior
2,Zapateria San Andres,zapatería,104,18.456406,-97.385589,https://mitehuacan.mx/?ruta=7-upn-213-y-normal-superior
2,Venta De Huarache De Piel Sin Nombre,zapatería,110,18.456385,-97.38726,https://mitehuacan.mx/?ruta=7-upn-213-y-normal-superior
2,Zapateria Aurora Cepeda,zapatería,112,18.459083,-97.393485,https://mitehuacan.mx/?ruta=7-upn-213-y-normal-superior
2,Baby Buchin,zapatería,123,18.459113,-97.393578,https://mitehuacan.mx/?ruta=7-upn-213-y-normal-superior
2,Real Zapateria,zapatería,125,18.459796,-97.391431,https://mitehuacan.mx/?ruta=7-upn-213-y-normal-superior
2,Zapaterias Arther,zapatería,129,18.459803,-97.390665,https://mitehuacan.mx/?ruta=7-upn-213-y-normal-superior
2,Zapateria Sport Shoes,zapatería,130,18.459763,-97.38938,https://mitehuacan.mx/?ruta=7-upn-213-y-normal-superior
2,Venta De Articulos Para Calzado Sin Nombre,zapatería,141,18.459871,-97.389579,https://mitehuacan.mx/?ruta=7-upn-213-y-normal-superior
2,Zapaterias El Reventon,zapatería,143,18.45993,-97.390665,https://mitehuacan.mx/?ruta=7-upn-213-y-normal-superior
2,Zapateria Mayfer,zapatería,146,18.460024,-97.392568,https://mitehuacan.mx/?ruta=7-upn-213-y-normal-superior
2,Zapateria Cruzitos,zapatería,148,18.459923,-97.389378,https://mitehuacan.mx/?ruta=7-upn-213-y-normal-superior
3,Novedades Lin,accesorios,0,18.458669,-97.39147,https://mitehuacan.mx/?ruta=7-upn-213-y-normal-superior
3,Venta De Gorras. Gorras Angelito,accesorios,0,18.458503,-97.386949,https://mitehuacan.mx/?ruta=7-upn-213-y-normal-superior
3,Tienda De Maquillaje Mundo Mujer Centro Mayorista,accesorios,1,18.458539,-97.387698,https://mitehuacan.mx/?ruta=7-upn-213-y-normal-superior
3,Venta De Bisuteria Manuela Conplemento De Bisuteria,accesorios,1,18.458536,-97.387641,https://mitehuacan.mx/?ruta=7-upn-213-y-normal-superior
3,Centro Comercial Casa China,accesorios,2,18.458658,-97.39073,https://mitehuacan.mx/?ruta=7-upn-213-y-normal-superior
3,El Rey De La Bolsa,accesorios,2,18.458456,-97.385642,https://mitehuacan.mx/?ruta=7-upn-213-y-normal-superior
3,Tienda Bisuteria Y Cosmeticos Sin Nombre,accesorios,2,18.458544,-97.387792,https://mitehuacan.mx/?ruta=7-upn-213-y-normal-superior
3,Venta De Bisuteria Y Novedades Sarang,accesorios,2,18.458651,-97.390568,https://mitehuacan.mx/?ruta=7-upn-213-y-normal-superior
3,Novedades Y Bisuteria Josy,accesorios,3,18.45796,-97.385195,https://mitehuacan.mx/?ruta=7-upn-213-y-normal-superior
3,Vicmaly La Casa De Las Muñecas,accesorios,10,18.457349,-97.389273,https://mitehuacan.mx/?ruta=7-upn-213-y-normal-superior
3,Venta De Mochilas Y Bolsas Sin Nombre,accesorios,12,18.458793,-97.391996,https://mitehuacan.mx/?ruta=7-upn-213-y-normal-superior
3,Venta De Bisuteria Sin Nombre,accesorios,14,18.457515,-97.38515,https://mitehuacan.mx/?ruta=7-upn-213-y-normal-superior
3,Venta De Novedades Sin Nombre,accesorios,14,18.457488,-97.385152,https://mitehuacan.mx/?ruta=7-upn-213-y-normal-superior
3,Chacharitas Yael,accesorios,15,18.458712,-97.389058,https://mitehuacan.mx/?ruta=7-upn-213-y-normal-superior
3,Novedades Vero,accesorios,15,18.458427,-97.385064,https://mitehuacan.mx/?ruta=7-upn-213-y-normal-superior
3,Venta De Bisuteria Sin Nombre,accesorios,15,18.45746,-97.385154,https://mitehuacan.mx/?ruta=7-upn-213-y-normal-superior
3,Venta De Cinturones Y Articulos Varios Sin Nombre,accesorios,15,18.457371,-97.38516,https://mitehuacan.mx/?ruta=7-upn-213-y-normal-superior
3,Gorras Y Playeras El Chino,accesorios,16,18.458732,-97.389393,https://mitehuacan.mx/?ruta=7-upn-213-y-normal-superior
3,Venta De Chacharitas Sin Nombre,accesorios,33,18.458292,-97.389522,https://mitehuacan.mx/?ruta=7-upn-213-y-normal-superior
3,Novedades Sin Nombre,accesorios,37,18.458925,-97.389494,https://mitehuacan.mx/?ruta=7-upn-213-y-normal-superior
3,Venta De Gorras Publicidad Y Beisbol,accesorios,37,18.458973,-97.390754,https://mitehuacan.mx/?ruta=7-upn-213-y-normal-superior
3,Venta De Chacharas Sin Nombre,accesorios,38,18.457026,-97.385169,https://mitehuacan.mx/?ruta=7-upn-213-y-normal-superior
3,Tienda De Bolsas Y Morrales De Plastico Sin Nombre,accesorios,47,18.458028,-97.385941,https://mitehuacan.mx/?ruta=7-upn-213-y-normal-superior
3,Venta De Gorras,accesorios,48,18.457044,-97.390461,https://mitehuacan.mx/?ruta=7-upn-213-y-normal-superior
3,Compra Venta De Ropa Y Accesorios Enchulateh,accesorios,52,18.457921,-97.389526,https://mitehuacan.mx/?ruta=7-upn-213-y-normal-superior
3,Venta De Accesorios Para Niña,accesorios,67,18.458724,-97.393128,https://mitehuacan.mx/?ruta=7-upn-213-y-normal-superior
3,Tienda De Accesorios Por Mayoreo Merca Asia,accesorios,76,18.459347,-97.391439,https://mitehuacan.mx/?ruta=7-upn-213-y-normal-superior
3,Joyeria Y Accesorios Valeria,accesorios,78,18.459407,-97.392421,https://mitehuacan.mx/?ruta=7-upn-213-y-normal-superior
3,Tienda De Bisuteria Y Novedades Magic,accesorios,83,18.459419,-97.391438,https://mitehuacan.mx/?ruta=7-upn-213-y-normal-superior
3,Venta De Curiosidades Amigurumis,accesorios,84,18.45669,-97.389538,https://mitehuacan.mx/?ruta=7-upn-213-y-normal-superior
3,Lila Shop,accesorios,90,18.456557,-97.393627,https://mitehuacan.mx/?ruta=7-upn-213-y-normal-superior
3,Venta De Accesorios Para Dama Escaparate,accesorios,101,18.459573,-97.391435,https://mitehuacan.mx/?ruta=7-upn-213-y-normal-superior
3,Venta De Chacharas Sin Nombre,accesorios,112,18.45633,-97.385199,https://mitehuacan.mx/?ruta=7-upn-213-y-normal-superior
3,Venta De Moñoz Moñoz Coqueta,accesorios,117,18.459649,-97.389483,https://mitehuacan.mx/?ruta=7-upn-213-y-normal-superior
3,Bisuteria Sin Nombre,accesorios,124,18.456222,-97.385204,https://mitehuacan.mx/?ruta=7-upn-213-y-normal-superior
3,Bisuteria Amor Mio,accesorios,125,18.459718,-97.38938,https://mitehuacan.mx/?ruta=7-upn-213-y-normal-superior
3,Gemas Preciosas,accesorios,125,18.459159,-97.393577,https://mitehuacan.mx/?ruta=7-upn-213-y-normal-superior
3,Venta De Juguetes Y Chacharas Sin Nombre,accesorios,140,18.45764,-97.383926,https://mitehuacan.mx/?ruta=7-upn-213-y-normal-superior
3,Tienda De Bisuteria Sin Nombre,accesorios,148,18.456917,-97.383975,https://mitehuacan.mx/?ruta=7-upn-213-y-normal-superior
3,Autolavado Y Engrasado Martinez,autolavado,4,18.442372,-97.39825,https://mitehuacan.mx/?ruta=7-upn-213-y-normal-superior
3,Autolavado Castillo,autolavado,9,18.456634,-97.392866,https://mitehuacan.mx/?ruta=7-upn-213-y-normal-superior
3,Autolavado Hernandez,autolavado,12,18.458608,-97.386965,https://mitehuacan.mx/?ruta=7-upn-213-y-normal-superior
3,Autolavado Deslumbrante,autolavado,18,18.424431,-97.406364,https://mitehuacan.mx/?ruta=7-upn-213-y-normal-superior
3,Autolavado Caicer,autolavado,22,18.430355,-97.405049,https://mitehuacan.mx/?ruta=7-upn-213-y-normal-superior
3,Autolavado Independencia,autolavado,36,18.426999,-97.405378,https://mitehuacan.mx/?ruta=7-upn-213-y-normal-superior
3,Lavado De Autos Uli,autolavado,43,18.457751,-97.386649,https://mitehuacan.mx/?ruta=7-upn-213-y-normal-superior
3,Lavo De Autos Paw Patrol,autolavado,55,18.457874,-97.387127,https://mitehuacan.mx/?ruta=7-upn-213-y-normal-superior
3,Auto Lavado Car Wash,autolavado,56,18.456544,-97.393305,https://mitehuacan.mx/?ruta=7-upn-213-y-normal-superior
3,Auto Lavado Alva,autolavado,119,18.455551,-97.390483,https://mitehuacan.mx/?ruta=7-upn-213-y-normal-superior
3,Lavado Y Engrasado Sin Nombre,autolavado,139,18.439758,-97.400916,https://mitehuacan.mx/?ruta=7-upn-213-y-normal-superior
3,Autolavado El Jaguar,autolavado,147,18.43398,-97.402297,https://mitehuacan.mx/?ruta=7-upn-213-y-normal-superior
3,Red Blue Bar,bar,4,18.441372,-97.398701,https://mitehuacan.mx/?ruta=7-upn-213-y-normal-superior
3,Bar El Companero 1,bar,5,18.457498,-97.389678,https://mitehuacan.mx/?ruta=7-upn-213-y-normal-superior
3,Bar Mar,bar,6,18.457377,-97.388733,https://mitehuacan.mx/?ruta=7-upn-213-y-normal-superior
3,La Biblioteca Video Bar,bar,7,18.445737,-97.396712,https://mitehuacan.mx/?ruta=7-upn-213-y-normal-superior
3,La Esquina Que Domina,bar,10,18.428224,-97.404836,https://mitehuacan.mx/?ruta=7-upn-213-y-normal-superior
3,Venta De Pulque Sin Nombre,bar,14,18.457488,-97.385152,https://mitehuacan.mx/?ruta=7-upn-213-y-normal-superior
3,Venta De Pulque Sin Nombre,bar,15,18.457362,-97.385159,https://mitehuacan.mx/?ruta=7-upn-213-y-normal-superior
3,Bar El Farolito,bar,23,18.458718,-97.387169,https://mitehuacan.mx/?ruta=7-upn-213-y-normal-superior
3,Hoster Video Bar,bar,23,18.458481,-97.39272,https://mitehuacan.mx/?ruta=7-upn-213-y-normal-superior
3,Bar Drinks Factory,bar,32,18.455554,-97.392191,https://mitehuacan.mx/?ruta=7-upn-213-y-normal-superior
3,Bar Los Compañeros,bar,42,18.458244,-97.390333,https://mitehuacan.mx/?ruta=7-upn-213-y-normal-superior
3,Panchos Bar,bar,81,18.459234,-97.387029,https://mitehuacan.mx/?ruta=7-upn-213-y-normal-superior
3,Cerveceando Bar,bar,94,18.439123,-97.400735,https://mitehuacan.mx/?ruta=7-upn-213-y-normal-superior
3,Centro Botanero La Vaquera,bar,132,18.433569,-97.406107,https://mitehuacan.mx/?ruta=7-upn-213-y-normal-superior
3,Venta De Bebidas Balche,bar,146,18.457529,-97.394164,https://mitehuacan.mx/?ruta=7-upn-213-y-normal-superior
3,Distribuidora De Motocicletas Y Bicicletas Ciclo Sport,bicicletas,3,18.430784,-97.404527,https://mitehuacan.mx/?ruta=7-upn-213-y-normal-superior
3,Bici Refacciones Carrera,bicicletas,6,18.429518,-97.404414,https://mitehuacan.mx/?ruta=7-upn-213-y-normal-superior
3,Bicimundo,bicicletas,13,18.458625,-97.387108,https://mitehuacan.mx/?ruta=7-upn-213-y-normal-superior
3,Venta De Articulos De Bicicletas Sin Nombre,bicicletas,14,18.457479,-97.385153,https://mitehuacan.mx/?ruta=7-upn-213-y-normal-superior
3,Taller De Bicicletas Sin Nombre,bicicletas,18,18.428551,-97.405771,https://mitehuacan.mx/?ruta=7-upn-213-y-normal-superior
3,Parche De Bicicletas Sin Nombre,bicicletas,45,18.425618,-97.405899,https://mitehuacan.mx/?ruta=7-upn-213-y-normal-superior
3,Refacciones Y Bicicletas Ciclo Rosas,bicicletas,52,18.42963,-97.405196,https://mitehuacan.mx/?ruta=7-upn-213-y-normal-superior
3,Tienda De Refacciones Para Bicicletas Foxy,bicicletas,73,18.459359,-97.392419,https://mitehuacan.mx/?ruta=7-upn-213-y-normal-superior
3,Taller De Bicicletas Lopez,bicicletas,74,18.43351,-97.402793,https://mitehuacan.mx/?ruta=7-upn-213-y-normal-superior
3,Refacciones Para Bicletas Y Bicicletas Foxy,bicicletas,82,18.459444,-97.392546,https://mitehuacan.mx/?ruta=7-upn-213-y-normal-superior
3,Taller De Reparacion De Bicicletas Sin Nombre,bicicletas,101,18.43049,-97.403529,https://mitehuacan.mx/?ruta=7-upn-213-y-normal-superior
3,Bicicletas Y Refacciones Analishia,bicicletas,119,18.459779,-97.392559,https://mitehuacan.mx/?ruta=7-upn-213-y-normal-superior
3,Bar Y Billares Kahomas,billar,4,18.457443,-97.388095,https://mitehuacan.mx/?ruta=7-upn-213-y-normal-superior
3,Billares La Purisima,billar,37,18.457019,-97.386108,https://mitehuacan.mx/?ruta=7-upn-213-y-normal-superior
3,Corporativo Financiero Ahorro Agro,caja de ahorro,46,18.458876,-97.386081,https://mitehuacan.mx/?ruta=7-upn-213-y-normal-superior
3,Caja Universal Cooperativa De Ahorro Y Prestamo,caja de ahorro,134,18.459916,-97.392564,https://mitehuacan.mx/?ruta=7-upn-213-y-normal-superior
3,Casa De Empeño Prenda Flash,casa de empeño,0,18.4585,-97.386892,https://mitehuacan.mx/?ruta=7-upn-213-y-normal-superior
3,Casa De Empeño Real Los Arcos 2,casa de empeño,5,18.456524,-97.392822,https://mitehuacan.mx/?ruta=7-upn-213-y-normal-superior
3,Prenda Santi,casa de empeño,6,18.432877,-97.403157,https://mitehuacan.mx/?ruta=7-upn-213-y-normal-superior
3,Casa De Empeño Prenda Joya,casa de empeño,14,18.458746,-97.39029,https://mitehuacan.mx/?ruta=7-upn-213-y-normal-superior
3,Presta Cash Casa De Remates,casa de empeño,130,18.454569,-97.394036,https://mitehuacan.mx/?ruta=7-upn-213-y-normal-superior
3,Cerrajeria Sin Nombre,cerrajería,2,18.458659,-97.390786,https://mitehuacan.mx/?ruta=7-upn-213-y-normal-superior
3,Cerrajeria El Aguila,cerrajería,51,18.457972,-97.391473,https://mitehuacan.mx/?ruta=7-upn-213-y-normal-superior
3,Cerrajeria Frank,cerrajería,80,18.42937,-97.405343,https://mitehuacan.mx/?ruta=7-upn-213-y-normal-superior
3,Cerrajeria Kike,cerrajería,130,18.446916,-97.397576,https://mitehuacan.mx/?ruta=7-upn-213-y-normal-superior
3,Casa Macarena,coffee,28,18.454036,-97.392546,https://mitehuacan.mx/?ruta=7-upn-213-y-normal-superior
3,New York Pizza,comida,2,18.456494,-97.392494,https://mitehuacan.mx/?ruta=7-upn-213-y-normal-superior
3,Yankees Pizzas,comida,2,18.458704,-97.392054,https://mitehuacan.mx/?ruta=7-upn-213-y-normal-superior
3,Tortas Hidalguenses,comida,6,18.458501,-97.388491,https://mitehuacan.mx/?ruta=7-upn-213-y-normal-superior
3,Taqueria el Tizon Sureño,comida,136,18.45872,-97.393782,https://mitehuacan.mx/?ruta=7-upn-213-y-normal-superior
3,Ciber Sin Nombre,computación,4,18.439149,-97.399725,https://mitehuacan.mx/?ruta=7-upn-213-y-normal-superior
3,Internet Charly,computación,4,18.433266,-97.403771,https://mitehuacan.mx/?ruta=7-upn-213-y-normal-superior
3,Internet Nautilus,computación,6,18.457411,-97.390031,https://mitehuacan.mx/?ruta=7-upn-213-y-normal-superior
3,Informatica Aplicada De Tehuacan,computación,31,18.458979,-97.392407,https://mitehuacan.mx/?ruta=7-upn-213-y-normal-superior
3,Ciber Broos,computación,39,18.457094,-97.389438,https://mitehuacan.mx/?ruta=7-upn-213-y-normal-superior
3,Cyber Sin Nombre,computación,64,18.453479,-97.390942,https://mitehuacan.mx/?ruta=7-upn-213-y-normal-superior
3,Internet Y Copias Sin Nombre,computación,131,18.431178,-97.405747,https://mitehuacan.mx/?ruta=7-upn-213-y-normal-superior
3,Despacho Contable Ipsum Consultores,contadores,1,18.453097,-97.392837,https://mitehuacan.mx/?ruta=7-upn-213-y-normal-superior
3,Rampah Soluciones Estrategicas,contadores,1,18.458694,-97.392,https://mitehuacan.mx/?ruta=7-upn-213-y-normal-superior
3,Oficinas De Taller Mecanico Sixto,contadores,29,18.454057,-97.392535,https://mitehuacan.mx/?ruta=7-upn-213-y-normal-superior
3,Despacho Contable Sin Nombre,contadores,50,18.456056,-97.391613,https://mitehuacan.mx/?ruta=7-upn-213-y-normal-superior
3,Aranda Y Asociados Asesores De Negocios,contadores,62,18.455685,-97.39337,https://mitehuacan.mx/?ruta=7-upn-213-y-normal-superior
3,Despacho Contable Y Fiscal Sin Nombre,contadores,120,18.458346,-97.39364,https://mitehuacan.mx/?ruta=7-upn-213-y-normal-superior
3,Despacho Contable Sin Nombre,contadores,146,18.455499,-97.394166,https://mitehuacan.mx/?ruta=7-upn-213-y-normal-superior
3,Copytec Digital,copias,3,18.454435,-97.392835,https://mitehuacan.mx/?ruta=7-upn-213-y-normal-superior
3,Papeleria Del Tec,copias,3,18.438419,-97.399808,https://mitehuacan.mx/?ruta=7-upn-213-y-normal-superior
3,Papeleria Ciber E Imprecisiones J.G.M,copias,7,18.428248,-97.405595,https://mitehuacan.mx/?ruta=7-upn-213-y-normal-superior
3,Copias Y Papeleria Hidalgo,copias,8,18.457462,-97.392231,https://mitehuacan.mx/?ruta=7-upn-213-y-normal-superior
3,Compra Venta De Tenis Luna Nueva,deportes,2,18.458634,-97.390133,https://mitehuacan.mx/?ruta=7-upn-213-y-normal-superior
3,Venta De Tenis Y Gorras Sin Nombre,deportes,2,18.458634,-97.390142,https://mitehuacan.mx/?ruta=7-upn-213-y-normal-superior
3,Zapateria Tenis Juquilita,deportes,2,18.458668,-97.391109,https://mitehuacan.mx/?ruta=7-upn-213-y-normal-superior
3,Clonner Tennis,deportes,3,18.45687,-97.392752,https://mitehuacan.mx/?ruta=7-upn-213-y-normal-superior
3,Venta De Articulos Deportivos Central Deportiva,deportes,5,18.45753,-97.390711,https://mitehuacan.mx/?ruta=7-upn-213-y-normal-superior
3,Venta De Calzado Sin Nombre,deportes,14,18.457551,-97.385147,https://mitehuacan.mx/?ruta=7-upn-213-y-normal-superior
3,Uniformes Deportivos Barropaz,deportes,15,18.458707,-97.388972,https://mitehuacan.mx/?ruta=7-upn-213-y-normal-superior
3,Zapateria Calza A La Moda,deportes,15,18.458712,-97.389048,https://mitehuacan.mx/?ruta=7-upn-213-y-normal-superior
3,Zapateria Nueva Moda,deportes,23,18.458795,-97.389392,https://mitehuacan.mx/?ruta=7-upn-213-y-normal-superior
3,Zapaterias Venta De Tenis,deportes,44,18.459033,-97.390669,https://mitehuacan.mx/?ruta=7-upn-213-y-normal-superior
3,Tienda De Articulos Deportivos Montaño,deportes,53,18.459151,-97.391557,https://mitehuacan.mx/?ruta=7-upn-213-y-normal-superior
3,Majo Recarga Y Mas,deportes,54,18.456978,-97.38997,https://mitehuacan.mx/?ruta=7-upn-213-y-normal-superior
3,Complejo Cultural El Calvario,deportes,97,18.452523,-97.391516,https://mitehuacan.mx/?ruta=7-upn-213-y-normal-superior
3,Zapateria Pirma Orange Sport,deportes,127,18.459785,-97.390665,https://mitehuacan.mx/?ruta=7-upn-213-y-normal-superior
3,Venta De Playeras Deportivas Sin Nombre,deportes,141,18.459863,-97.389379,https://mitehuacan.mx/?ruta=7-upn-213-y-normal-superior
3,Modelorama Coapan,depósito,9,18.435899,-97.402569,https://mitehuacan.mx/?ruta=7-upn-213-y-normal-superior
3,Deposito Zaragoza,depósito,20,18.427019,-97.40733,https://mitehuacan.mx/?ruta=7-upn-213-y-normal-superior
3,Cantera Heroes De La Independencia,depósito,29,18.453967,-97.392538,https://mitehuacan.mx/?ruta=7-upn-213-y-normal-superior
3,Deposito Canelitos,depósito,106,18.453644,-97.394431,https://mitehuacan.mx/?ruta=7-upn-213-y-normal-superior
3,Miscelanea Sin Nombre,dulcería,1,18.455594,-97.392775,https://mitehuacan.mx/?ruta=7-upn-213-y-normal-superior
3,Dulce Tradicion,dulcería,2,18.456734,-97.392756,https://mitehuacan.mx/?ruta=7-upn-213-y-normal-superior
3,Dulceria La Chispa Del Sabor,dulcería,3,18.458611,-97.389175,https://mitehuacan.mx/?ruta=7-upn-213-y-normal-superior
3,Tienda De Dulces Importados Happy Munchies,dulcería,4,18.452433,-97.394492,https://mitehuacan.mx/?ruta=7-upn-213-y-normal-superior
3,Asuka Venta De Materias Primas Y Utensilios Para Reposteria,dulcería,7,18.457965,-97.392444,https://mitehuacan.mx/?ruta=7-upn-213-y-normal-superior
3,Venta De Dulces Tipicos Mueganos El Aguila,dulcería,12,18.457619,-97.39148,https://mitehuacan.mx/?ruta=7-upn-213-y-normal-superior
3,Puesto De Dulces,dulcería,19,18.458426,-97.385026,https://mitehuacan.mx/?ruta=7-upn-213-y-normal-superior
3,Dulceria Escobedo,dulcería,30,18.45441,-97.392525,https://mitehuacan.mx/?ruta=7-upn-213-y-normal-superior
3,Mueganos El Real De Tehuacan,dulcería,35,18.457767,-97.389527,https://mitehuacan.mx/?ruta=7-upn-213-y-normal-superior
3,Dulceria Angelito,dulcería,50,18.429629,-97.404,https://mitehuacan.mx/?ruta=7-upn-213-y-normal-superior
3,Bodega,dulcería,84,18.456592,-97.385187,https://mitehuacan.mx/?ruta=7-upn-213-y-normal-superior
3,Dulceria Yolita,dulcería,95,18.454465,-97.393707,https://mitehuacan.mx/?ruta=7-upn-213-y-normal-superior
3,Abarrotes Ofeve Tehuacan,dulcería,125,18.459631,-97.387088,https://mitehuacan.mx/?ruta=7-upn-213-y-normal-superior
3,Venta De Dulces Y Refresco,dulcería,139,18.457857,-97.383913,https://mitehuacan.mx/?ruta=7-upn-213-y-normal-superior
3,Venta De Dulces Sin Nombre,dulcería,141,18.456197,-97.384722,https://mitehuacan.mx/?ruta=7-upn-213-y-normal-superior
3,Venta De Dulces Sin Nombre,dulcería,145,18.457071,-97.383966,https://mitehuacan.mx/?ruta=7-upn-213-y-normal-superior
3,La Casa De La Plata,fotografía,1,18.458694,-97.392,https://mitehuacan.mx/?ruta=7-upn-213-y-normal-superior
3,Foto Estudio Nova.,fotografía,7,18.455006,-97.391618,https://mitehuacan.mx/?ruta=7-upn-213-y-normal-superior
3,Estudio De Fotos Fotogama,fotografía,19,18.458762,-97.389497,https://mitehuacan.mx/?ruta=7-upn-213-y-normal-superior
3,Malvaez Selfie Studio,fotografía,31,18.455758,-97.392489,https://mitehuacan.mx/?ruta=7-upn-213-y-normal-superior
3,Venta De Frutas Y Verduras Sin Nombre,frutería,0,18.458488,-97.386646,https://mitehuacan.mx/?ruta=7-upn-213-y-normal-superior
3,Venta De Frutas Y Verduras Sin Nombre,frutería,0,18.458492,-97.386722,https://mitehuacan.mx/?ruta=7-upn-213-y-normal-superior
3,Frutas Y Verduras Sin Nombre,frutería,1,18.425541,-97.406442,https://mitehuacan.mx/?ruta=7-upn-213-y-normal-superior
3,Frutas Y Verduras Susy,frutería,2,18.45845,-97.385452,https://mitehuacan.mx/?ruta=7-upn-213-y-normal-superior
3,Venta De Frutas Y Verduras Sin Nombre,frutería,2,18.458459,-97.385736,https://mitehuacan.mx/?ruta=7-upn-213-y-normal-superior
3,Venta De Jitomate Sin Nombre,frutería,2,18.458655,-97.390673,https://mitehuacan.mx/?ruta=7-upn-213-y-normal-superior
3,Venta De Jitomate Sin Nombre,frutería,4,18.458412,-97.38517,https://mitehuacan.mx/?ruta=7-upn-213-y-normal-superior
3,Frutas Y Verduras El Rosario,frutería,5,18.456632,-97.392828,https://mitehuacan.mx/?ruta=7-upn-213-y-normal-superior
3,Polleria Magui,frutería,5,18.432892,-97.403263,https://mitehuacan.mx/?ruta=7-upn-213-y-normal-superior
3,Venta De Frutas Y Verduras,frutería,5,18.457528,-97.390654,https://mitehuacan.mx/?ruta=7-upn-213-y-normal-superior
3,Frutas Y Verduras Productos Del Campo,frutería,7,18.428423,-97.406981,https://mitehuacan.mx/?ruta=7-upn-213-y-normal-superior
3,Verduleria Sin Nombre,frutería,7,18.426535,-97.407021,https://mitehuacan.mx/?ruta=7-upn-213-y-normal-superior
3,Compra Venta De Frutas Y Verduras El Caribe,frutería,8,18.458518,-97.38952,https://mitehuacan.mx/?ruta=7-upn-213-y-normal-superior
3,Frutas Y Verduras Sin Nombre,frutería,11,18.424742,-97.406128,https://mitehuacan.mx/?ruta=7-upn-213-y-normal-superior
3,Puesto De Nopales Y Cebolla Sin Nombre,frutería,11,18.458048,-97.385109,https://mitehuacan.mx/?ruta=7-upn-213-y-normal-superior
3,Puesto De Tempezquistles Sin Nombre,frutería,11,18.458029,-97.38511,https://mitehuacan.mx/?ruta=7-upn-213-y-normal-superior
3,Venta De Frutas Y Verduras Sin Nombre,frutería,11,18.457993,-97.385113,https://mitehuacan.mx/?ruta=7-upn-213-y-normal-superior
3,Venta De Verduras Sin Nombre,frutería,11,18.457993,-97.385113,https://mitehuacan.mx/?ruta=7-upn-213-y-normal-superior
3,Venta De Verduras Y Frutas Sin Nombre,frutería,11,18.457921,-97.385119,https://mitehuacan.mx/?ruta=7-upn-213-y-normal-superior
3,Puesto De Verduras Y Frutas Sin Nombre,frutería,12,18.458237,-97.385094,https://mitehuacan.mx/?ruta=7-upn-213-y-normal-superior
3,Venta De Frutas Sin Nombre,frutería,12,18.457813,-97.385127,https://mitehuacan.mx/?ruta=7-upn-213-y-normal-superior
3,Venta De Frutas Y Verduras Sin Nombre,frutería,12,18.457822,-97.385126,https://mitehuacan.mx/?ruta=7-upn-213-y-normal-superior
3,Venta De Hierba Sin Nombre,frutería,12,18.45821,-97.385096,https://mitehuacan.mx/?ruta=7-upn-213-y-normal-superior
3,Venta De Verduras Sin Nombre,frutería,12,18.458111,-97.385104,https://mitehuacan.mx/?ruta=7-upn-213-y-normal-superior
3,Venta De Verduras Y Frutas Sin Nombre,frutería,12,18.458255,-97.385093,https://mitehuacan.mx/?ruta=7-upn-213-y-normal-superior
3,Puesto De Frutas Y Verduras Sin Nombre,frutería,13,18.458382,-97.385083,https://mitehuacan.mx/?ruta=7-upn-213-y-normal-superior
3,Puesto De Nopalitos Sin Nombre,frutería,13,18.4583,-97.385089,https://mitehuacan.mx/?ruta=7-upn-213-y-normal-superior
3,Venta De Frutas Y Verduras El Baratero Del Mercado,frutería,13,18.458409,-97.385081,https://mitehuacan.mx/?ruta=7-upn-213-y-normal-superior
3,Venta De Semillas Sin Nombre,frutería,13,18.458273,-97.385091,https://mitehuacan.mx/?ruta=7-upn-213-y-normal-superior
3,Comercializadora San Gabriel,frutería,14,18.458723,-97.389541,https://mitehuacan.mx/?ruta=7-upn-213-y-normal-superior
3,Puesto De Frutas Y Verduras Sin Nombre,frutería,14,18.457569,-97.385146,https://mitehuacan.mx/?ruta=7-upn-213-y-normal-superior
3,Puesto De Frutas Y Verduras Sin Nombre,frutería,14,18.457497,-97.385151,https://mitehuacan.mx/?ruta=7-upn-213-y-normal-superior
3,Puesto De Jitomate Sin Nombre,frutería,14,18.457497,-97.385151,https://mitehuacan.mx/?ruta=7-upn-213-y-normal-superior
3,Puesto De Verduras Sin Nombre,frutería,14,18.457506,-97.385151,https://mitehuacan.mx/?ruta=7-upn-213-y-normal-superior
3,Venta De Ajo Sin Nombre,frutería,14,18.457578,-97.385145,https://mitehuacan.mx/?ruta=7-upn-213-y-normal-superior
3,Venta De Elotes Sin Nombre,frutería,14,18.457497,-97.385151,https://mitehuacan.mx/?ruta=7-upn-213-y-normal-superior
3,Venta De Frutas De Temporada Fers,frutería,14,18.457515,-97.38515,https://mitehuacan.mx/?ruta=7-upn-213-y-normal-superior
3,Venta De Frutas De Temporada Sin Nombre,frutería,14,18.457497,-97.385151,https://mitehuacan.mx/?ruta=7-upn-213-y-normal-superior
3,Venta De Frutas Sin Nombre,frutería,14,18.457569,-97.385146,https://mitehuacan.mx/?ruta=7-upn-213-y-normal-superior
3,Venta De Frutas Y Verduras De Temporada Sin Nombre,frutería,14,18.457506,-97.385151,https://mitehuacan.mx/?ruta=7-upn-213-y-normal-superior
3,Venta De Frutas Y Verduras Sin Nombre,frutería,14,18.457488,-97.385152,https://mitehuacan.mx/?ruta=7-upn-213-y-normal-superior
3,Venta De Frutas Y Verduras Sin Nombre,frutería,14,18.457551,-97.385147,https://mitehuacan.mx/?ruta=7-upn-213-y-normal-superior
3,Venta De Frutas Y Verduras Sin Nombre,frutería,14,18.457515,-97.38515,https://mitehuacan.mx/?ruta=7-upn-213-y-normal-superior
3,Venta De Jitomate Sin Nombre,frutería,14,18.457497,-97.385151,https://mitehuacan.mx/?ruta=7-upn-213-y-normal-superior
3,Venta De Tempexquixtles Y Nopales Sin Nombre,frutería,14,18.457497,-97.385151,https://mitehuacan.mx/?ruta=7-upn-213-y-normal-superior
3,Venta De Verdura Sin Nombre,frutería,14,18.457614,-97.385142,https://mitehuacan.mx/?ruta=7-upn-213-y-normal-superior
3,Venta De Verdura Sin Nombre,frutería,14,18.457542,-97.385148,https://mitehuacan.mx/?ruta=7-upn-213-y-normal-superior
3,Venta De Verduras Sin Nombre,frutería,14,18.457515,-97.38515,https://mitehuacan.mx/?ruta=7-upn-213-y-normal-superior
3,Mercado La Purísima,frutería,14,18.458235,-97.385077,https://mitehuacan.mx/?ruta=7-upn-213-y-normal-superior
3,Puesto De Elotes Sin Nombre,frutería,15,18.457442,-97.385155,https://mitehuacan.mx/?ruta=7-upn-213-y-normal-superior
3,Venta De Fruta Y Verdura Sin Nombre,frutería,15,18.457469,-97.385153,https://mitehuacan.mx/?ruta=7-upn-213-y-normal-superior
3,Venta De Frutas Y Verduras Sin Nombre,frutería,15,18.453524,-97.392961,https://mitehuacan.mx/?ruta=7-upn-213-y-normal-superior
3,Venta De Hierbas Sin Nombre,frutería,15,18.45746,-97.385154,https://mitehuacan.mx/?ruta=7-upn-213-y-normal-superior
3,Venta De Hiervas Y Verduras Sin Nombre,frutería,15,18.457433,-97.385156,https://mitehuacan.mx/?ruta=7-upn-213-y-normal-superior
3,Venta De Legumbres Y Verduras Sin Nombre,frutería,15,18.457451,-97.385155,https://mitehuacan.mx/?ruta=7-upn-213-y-normal-superior
3,Venta De Nopales Sin Nombre,frutería,15,18.45746,-97.385154,https://mitehuacan.mx/?ruta=7-upn-213-y-normal-superior
3,Venta De Verdura Sin Nombre,frutería,15,18.45746,-97.385154,https://mitehuacan.mx/?ruta=7-upn-213-y-normal-superior
3,Venta De Verduras Sin Nombre,frutería,15,18.457451,-97.385155,https://mitehuacan.mx/?ruta=7-upn-213-y-normal-superior
3,Venta De Verduras Sin Nombre,frutería,15,18.457442,-97.385155,https://mitehuacan.mx/?ruta=7-upn-213-y-normal-superior
3,Venta De Fruta Sin Nombre,frutería,16,18.457316,-97.385157,https://mitehuacan.mx/?ruta=7-upn-213-y-normal-superior
3,Venta De Verduras Sin Nombre,frutería,16,18.457325,-97.385158,https://mitehuacan.mx/?ruta=7-upn-213-y-normal-superior
3,Venta De Verduras Sin Nombre,frutería,16,18.458427,-97.385054,https://mitehuacan.mx/?ruta=7-upn-213-y-normal-superior
3,El Expendio,frutería,17,18.457667,-97.391583,https://mitehuacan.mx/?ruta=7-upn-213-y-normal-superior
3,Puesto De Verdura Y Fruta Claudia,frutería,17,18.458427,-97.385045,https://mitehuacan.mx/?ruta=7-upn-213-y-normal-superior
3,Puesto De Verduras Sin Nombre,frutería,17,18.458427,-97.385045,https://mitehuacan.mx/?ruta=7-upn-213-y-normal-superior
3,Venta De Frutas De Temporada Sin Nombre,frutería,17,18.45728,-97.385158,https://mitehuacan.mx/?ruta=7-upn-213-y-normal-superior
3,Venta De Frutas Y Verduras Sin Nombres,frutería,17,18.45728,-97.385158,https://mitehuacan.mx/?ruta=7-upn-213-y-normal-superior
3,Venta De Hierbas Para Cocinar Sin Nombre,frutería,17,18.45728,-97.385158,https://mitehuacan.mx/?ruta=7-upn-213-y-normal-superior
3,Venta De Verduras Y Frutas Sin Nombre,frutería,17,18.457307,-97.385157,https://mitehuacan.mx/?ruta=7-upn-213-y-normal-superior
3,Puesto De Platanos Sin Nombre,frutería,18,18.458426,-97.385036,https://mitehuacan.mx/?ruta=7-upn-213-y-normal-superior
3,Puesto De Frutas Y Verduras Sin Nombre,frutería,19,18.458426,-97.385026,https://mitehuacan.mx/?ruta=7-upn-213-y-normal-superior
3,Venta De Nopales Y Frutas De Temporada Sin Nombre,frutería,19,18.458426,-97.385026,https://mitehuacan.mx/?ruta=7-upn-213-y-normal-superior
3,Venta De Platanos El Platano,frutería,19,18.458426,-97.385026,https://mitehuacan.mx/?ruta=7-upn-213-y-normal-superior
3,Venta De Frutas Y Verduras Luis Mendez,frutería,20,18.458425,-97.385017,https://mitehuacan.mx/?ruta=7-upn-213-y-normal-superior
3,Compra Venta De Frutas Y Verduras Tehuacan,frutería,21,18.458401,-97.389521,https://mitehuacan.mx/?ruta=7-upn-213-y-normal-superior
3,Bodega De Frutas Y Legumbres Sin Nombre,frutería,25,18.457689,-97.385503,https://mitehuacan.mx/?ruta=7-upn-213-y-normal-superior
3,Venta De Frutas Y Verduras Sin Nombre,frutería,27,18.458423,-97.38495,https://mitehuacan.mx/?ruta=7-upn-213-y-normal-superior
3,Venta De Platanos Sin Nombre,frutería,32,18.45888,-97.389495,https://mitehuacan.mx/?ruta=7-upn-213-y-normal-superior
3,Puesto De Verduras Sin Nombre,frutería,33,18.45842,-97.384893,https://mitehuacan.mx/?ruta=7-upn-213-y-normal-superior
3,Venta De Frutas Y Verduras Sin Nombre,frutería,33,18.457072,-97.385167,https://mitehuacan.mx/?ruta=7-upn-213-y-normal-superior
3,Puesto De Frutas Y Verduras Sin Nombre,frutería,35,18.458419,-97.384874,https://mitehuacan.mx/?ruta=7-upn-213-y-normal-superior
3,Venta De Verduras Sin Nombre,frutería,36,18.458419,-97.384865,https://mitehuacan.mx/?ruta=7-upn-213-y-normal-superior
3,Venta De Frutas Y Verduras Sin Nombre,frutería,40,18.458417,-97.384827,https://mitehuacan.mx/?ruta=7-upn-213-y-normal-superior
3,Venta De Frutas Y Verduras Sin Nombre,frutería,41,18.45699,-97.38517,https://mitehuacan.mx/?ruta=7-upn-213-y-normal-superior
3,Venta De Verduras Sin Nombre,frutería,43,18.458416,-97.384799,https://mitehuacan.mx/?ruta=7-upn-213-y-normal-superior
3,Venta De Citricos Richard,frutería,46,18.458415,-97.38477,https://mitehuacan.mx/?ruta=7-upn-213-y-normal-superior
3,Venta De Frutas Y Verduras Sin Nombre,frutería,49,18.458414,-97.384742,https://mitehuacan.mx/?ruta=7-upn-213-y-normal-superior
3,Frutas Y Verduras Sin Nombre,frutería,50,18.458511,-97.384739,https://mitehuacan.mx/?ruta=7-upn-213-y-normal-superior
3,Venta De Frutas Y Verduras Sin Nombre,frutería,56,18.454452,-97.393338,https://mitehuacan.mx/?ruta=7-upn-213-y-normal-superior
3,Frutas Y Verduras Sin Nombre,frutería,60,18.4276,-97.406326,https://mitehuacan.mx/?ruta=7-upn-213-y-normal-superior
3,Puesto De Frutas Y Verduras Sin Nombre,frutería,61,18.4568,-97.385178,https://mitehuacan.mx/?ruta=7-upn-213-y-normal-superior
3,Venta De Verduras Sin Nombre,frutería,61,18.4568,-97.385178,https://mitehuacan.mx/?ruta=7-upn-213-y-normal-superior
3,Venta De Frutas Y Verduras Sin Nombre,frutería,62,18.456791,-97.385179,https://mitehuacan.mx/?ruta=7-upn-213-y-normal-superior
3,Frutas Y Verduras Guadalupe,frutería,67,18.428944,-97.406488,https://mitehuacan.mx/?ruta=7-upn-213-y-normal-superior
3,Puesto De Frutas Y Verduras Sin Nombre,frutería,67,18.456746,-97.385181,https://mitehuacan.mx/?ruta=7-upn-213-y-normal-superior
3,Venta De Fruta Y Verdura De Temporada Sin Nombre,frutería,67,18.456746,-97.385181,https://mitehuacan.mx/?ruta=7-upn-213-y-normal-superior
3,Venta De Frutas Y Verduras Sin Nombre,frutería,67,18.458407,-97.384571,https://mitehuacan.mx/?ruta=7-upn-213-y-normal-superior
3,Puesto De Frutas Y Verduras Sin Nombre,frutería,72,18.458405,-97.384524,https://mitehuacan.mx/?ruta=7-upn-213-y-normal-superior
3,Venta De Frutas Y Verduras Sin Nombre,frutería,74,18.456683,-97.385184,https://mitehuacan.mx/?ruta=7-upn-213-y-normal-superior
3,Venta De Hierbas Medicinales Sin Nombre,frutería,74,18.456683,-97.385184,https://mitehuacan.mx/?ruta=7-upn-213-y-normal-superior
3,Venta De Tempesquixtles Sin Nombre,frutería,74,18.456683,-97.385184,https://mitehuacan.mx/?ruta=7-upn-213-y-normal-superior
3,Venta De Verduras Sin Nombre,frutería,74,18.456683,-97.385184,https://mitehuacan.mx/?ruta=7-upn-213-y-normal-superior
3,Venta De Frutas De Temporada Sin Nombre,frutería,79,18.458503,-97.384464,https://mitehuacan.mx/?ruta=7-upn-213-y-normal-superior
3,Venta De Verduras,frutería,82,18.458401,-97.384429,https://mitehuacan.mx/?ruta=7-upn-213-y-normal-superior
3,Cocos Frios El Coco Feliz,frutería,83,18.433901,-97.4058,https://mitehuacan.mx/?ruta=7-upn-213-y-normal-superior
3,Bodega De Frutas Y Verduras Sin Nombre,frutería,88,18.456551,-97.385587,https://mitehuacan.mx/?ruta=7-upn-213-y-normal-superior
3,Xochipilli,frutería,96,18.449932,-97.395773,https://mitehuacan.mx/?ruta=7-upn-213-y-normal-superior
3,Citricos Chabelita,frutería,97,18.458389,-97.384287,https://mitehuacan.mx/?ruta=7-upn-213-y-normal-superior
3,Venta De Frutas Sin Nombre,frutería,100,18.458388,-97.384259,https://mitehuacan.mx/?ruta=7-upn-213-y-normal-superior
3,Venta De Citricos Cristy,frutería,108,18.458494,-97.384189,https://mitehuacan.mx/?ruta=7-upn-213-y-normal-superior
3,Venta De Frutas Y Verduras Sin Nombre,frutería,110,18.456348,-97.385198,https://mitehuacan.mx/?ruta=7-upn-213-y-normal-superior
3,Venta De Jitomates Sin Nombre,frutería,110,18.456348,-97.385198,https://mitehuacan.mx/?ruta=7-upn-213-y-normal-superior
3,Venta De Elotes,frutería,111,18.456339,-97.385198,https://mitehuacan.mx/?ruta=7-upn-213-y-normal-superior
3,Venta De Platanos Sin Nombre,frutería,111,18.458384,-97.384155,https://mitehuacan.mx/?ruta=7-upn-213-y-normal-superior
3,Venta De Verduras Sin Nombre,frutería,116,18.456294,-97.3852,https://mitehuacan.mx/?ruta=7-upn-213-y-normal-superior
3,Puesto De Frutas Y Verduras Sin Nombre,frutería,117,18.456285,-97.385201,https://mitehuacan.mx/?ruta=7-upn-213-y-normal-superior
3,Fruteria Juquilita,frutería,118,18.458492,-97.384094,https://mitehuacan.mx/?ruta=7-upn-213-y-normal-superior
3,Verduleria Sin Nombre,frutería,121,18.430503,-97.40331,https://mitehuacan.mx/?ruta=7-upn-213-y-normal-superior
3,Venta De Fruta Y Verduras Sin Nombre,frutería,124,18.456222,-97.385204,https://mitehuacan.mx/?ruta=7-upn-213-y-normal-superior
3,Puesto De Verduras Sin Nombre,frutería,125,18.456218,-97.385176,https://mitehuacan.mx/?ruta=7-upn-213-y-normal-superior
3,Puesto De Verduras Sin Nombre,frutería,125,18.456216,-97.385138,https://mitehuacan.mx/?ruta=7-upn-213-y-normal-superior
3,Venta De Fruta De Temporada Sin Nombre,frutería,125,18.456217,-97.385157,https://mitehuacan.mx/?ruta=7-upn-213-y-normal-superior
3,Venta De Verdura Sin Nombre,frutería,125,18.456218,-97.385167,https://mitehuacan.mx/?ruta=7-upn-213-y-normal-superior
3,Venta De Verduras Y Frutas Sin Nombre,frutería,125,18.456217,-97.385148,https://mitehuacan.mx/?ruta=7-upn-213-y-normal-superior
3,Venta De Elotes Sin Nombre,frutería,126,18.456216,-97.385129,https://mitehuacan.mx/?ruta=7-upn-213-y-normal-superior
3,Venta De Fruta Y Verdura Sin Nombre,frutería,126,18.456216,-97.385119,https://mitehuacan.mx/?ruta=7-upn-213-y-normal-superior
3,Fruteria El Guero,frutería,127,18.458489,-97.384009,https://mitehuacan.mx/?ruta=7-upn-213-y-normal-superior
3,Venta De Verduras Sin Nombre,frutería,127,18.45622,-97.386666,https://mitehuacan.mx/?ruta=7-upn-213-y-normal-superior
3,Venta De Elotes Sin Nombre,frutería,129,18.45621,-97.385006,https://mitehuacan.mx/?ruta=7-upn-213-y-normal-superior
3,Venta De Frutas Y Verduras Sammy,frutería,129,18.456211,-97.385015,https://mitehuacan.mx/?ruta=7-upn-213-y-normal-superior
3,Venta De Verdura De Temporada Sin Nombre,frutería,129,18.45621,-97.384996,https://mitehuacan.mx/?ruta=7-upn-213-y-normal-superior
3,Venta De Verduras Sin Nombre,frutería,130,18.456209,-97.384977,https://mitehuacan.mx/?ruta=7-upn-213-y-normal-superior
3,Bodega De Taras Bancos Y Tablas Sin Nombre,frutería,132,18.456151,-97.385179,https://mitehuacan.mx/?ruta=7-upn-213-y-normal-superior
3,Venta De Frutas Sin Nombre,frutería,132,18.4595,-97.384672,https://mitehuacan.mx/?ruta=7-upn-213-y-normal-superior
3,Bodega De Taras Tablas Y Bancos Frutas Y Verduras,frutería,133,18.456148,-97.385103,https://mitehuacan.mx/?ruta=7-upn-213-y-normal-superior
3,Venta De Elotes Sin Nombre,frutería,133,18.456205,-97.384883,https://mitehuacan.mx/?ruta=7-upn-213-y-normal-superior
3,Bodega De Taras Y Mobiliario Para Exhibicion Sin Nombre,frutería,134,18.456146,-97.385065,https://mitehuacan.mx/?ruta=7-upn-213-y-normal-superior
3,Puesto De Verdura Sin Nombre,frutería,134,18.456204,-97.384864,https://mitehuacan.mx/?ruta=7-upn-213-y-normal-superior
3,Venta De Elotes Crudos Sin Nombre,frutería,135,18.456203,-97.384854,https://mitehuacan.mx/?ruta=7-upn-213-y-normal-superior
3,Bodega De Maderas Tablas Y Bancos Sin Nombre,frutería,136,18.456144,-97.385018,https://mitehuacan.mx/?ruta=7-upn-213-y-normal-superior
3,Venta De Elotes Sin Nombre,frutería,136,18.456202,-97.384826,https://mitehuacan.mx/?ruta=7-upn-213-y-normal-superior
3,Puesto De Frutas Y Verduras Sin Nombre,frutería,137,18.4562,-97.384788,https://mitehuacan.mx/?ruta=7-upn-213-y-normal-superior
3,Venta De Verduras Sin Nombre,frutería,137,18.456201,-97.384798,https://mitehuacan.mx/?ruta=7-upn-213-y-normal-superior
3,Venta De Frutas De Temporada Sin Nombre,frutería,138,18.456199,-97.384769,https://mitehuacan.mx/?ruta=7-upn-213-y-normal-superior
3,Venta De Frutas Y Verduras Sin Nombre,frutería,138,18.457983,-97.383905,https://mitehuacan.mx/?ruta=7-upn-213-y-normal-superior
3,Venta De Frutas Y Verduras Sin Nombre,frutería,138,18.457911,-97.38391,https://mitehuacan.mx/?ruta=7-upn-213-y-normal-superior
3,Venta De Platanos Sin Nombre,frutería,138,18.457938,-97.383908,https://mitehuacan.mx/?ruta=7-upn-213-y-normal-superior
3,Venta De Frutas Sin Nombre,frutería,139,18.4582,-97.383892,https://mitehuacan.mx/?ruta=7-upn-213-y-normal-superior
3,Venta De Frutas Y Hierbas Para Cocinar Sin Nombre,frutería,139,18.458227,-97.38389,https://mitehuacan.mx/?ruta=7-upn-213-y-normal-superior
3,Venta De Frutas Y Verduras Sin Nombre,frutería,139,18.457803,-97.383916,https://mitehuacan.mx/?ruta=7-upn-213-y-normal-superior
3,Venta De Frutas Y Verduras Sin Nombre,frutería,139,18.458227,-97.38389,https://mitehuacan.mx/?ruta=7-upn-213-y-normal-superior
3,Venta De Hierbas Para Cocinar Sin Nombre,frutería,139,18.458227,-97.38389,https://mitehuacan.mx/?ruta=7-upn-213-y-normal-superior
3,Venta De Platano Sin Nombre,frutería,139,18.458128,-97.383896,https://mitehuacan.mx/?ruta=7-upn-213-y-normal-superior
3,Venta De Verduras Sin Nombre,frutería,139,18.457758,-97.383919,https://mitehuacan.mx/?ruta=7-upn-213-y-normal-superior
3,Puesto De Fruta Y Verdura Sin Nombre,frutería,140,18.458345,-97.383883,https://mitehuacan.mx/?ruta=7-upn-213-y-normal-superior
3,Puesto De Frutas Y Verduras Sin Nombre,frutería,140,18.458255,-97.383888,https://mitehuacan.mx/?ruta=7-upn-213-y-normal-superior
3,Puesto De Verduras Sin Nombre,frutería,140,18.4583,-97.383886,https://mitehuacan.mx/?ruta=7-upn-213-y-normal-superior
3,Puesto De Verduras Sin Nombre,frutería,140,18.456198,-97.384741,https://mitehuacan.mx/?ruta=7-upn-213-y-normal-superior
3,Venta De Ajo Sin Nombre,frutería,140,18.457703,-97.383922,https://mitehuacan.mx/?ruta=7-upn-213-y-normal-superior
3,Venta De Frutas De Temporada Sin Nombre,frutería,140,18.458282,-97.383887,https://mitehuacan.mx/?ruta=7-upn-213-y-normal-superior
3,Venta De Frutas Y Verduras Sin Nombre,frutería,140,18.458363,-97.383882,https://mitehuacan.mx/?ruta=7-upn-213-y-normal-superior
3,Venta De Frutas Y Verduras Sin Nombre,frutería,140,18.458336,-97.383883,https://mitehuacan.mx/?ruta=7-upn-213-y-normal-superior
3,Venta De Jitomate Sin Nombre,frutería,140,18.458309,-97.383885,https://mitehuacan.mx/?ruta=7-upn-213-y-normal-superior
3,Venta De Nopal Sin Nombre,frutería,140,18.458282,-97.383887,https://mitehuacan.mx/?ruta=7-upn-213-y-normal-superior
3,Venta De Nopales Sin Nombre,frutería,140,18.457721,-97.383921,https://mitehuacan.mx/?ruta=7-upn-213-y-normal-superior
3,Venta De Platanos Sin Nombre,frutería,140,18.458363,-97.383882,https://mitehuacan.mx/?ruta=7-upn-213-y-normal-superior
3,Venta De Verduras Sin Nombre,frutería,140,18.458327,-97.383884,https://mitehuacan.mx/?ruta=7-upn-213-y-normal-superior
3,Venta De Verduras Sin Nombre,frutería,140,18.457631,-97.383927,https://mitehuacan.mx/?ruta=7-upn-213-y-normal-superior
3,Venta De Verduras Sin Nombre,frutería,140,18.457685,-97.383924,https://mitehuacan.mx/?ruta=7-upn-213-y-normal-superior
3,Venta De Verduras Sin Nombre,frutería,140,18.458246,-97.383889,https://mitehuacan.mx/?ruta=7-upn-213-y-normal-superior
3,Venta De Verduras Sin Nombre,frutería,140,18.458363,-97.383882,https://mitehuacan.mx/?ruta=7-upn-213-y-normal-superior
3,Venta De Verduras Y Frutas Sin Nombre,frutería,140,18.457694,-97.383923,https://mitehuacan.mx/?ruta=7-upn-213-y-normal-superior
3,Puesto De Frutas Y Verduras Sin Nombre,frutería,141,18.457568,-97.383931,https://mitehuacan.mx/?ruta=7-upn-213-y-normal-superior
3,Venta De Frutas Sin Nombre,frutería,141,18.457514,-97.383934,https://mitehuacan.mx/?ruta=7-upn-213-y-normal-superior
3,Venta De Frutas Y Verduras Sin Nombre,frutería,141,18.457568,-97.383931,https://mitehuacan.mx/?ruta=7-upn-213-y-normal-superior
3,Venta De Jitomate Sin Nombre,frutería,141,18.457505,-97.383935,https://mitehuacan.mx/?ruta=7-upn-213-y-normal-superior
3,Venta De Platano Sin Nombre,frutería,141,18.45755,-97.383932,https://mitehuacan.mx/?ruta=7-upn-213-y-normal-superior
3,Venta De Verduras Sin Nombre,frutería,141,18.45755,-97.383932,https://mitehuacan.mx/?ruta=7-upn-213-y-normal-superior
3,Puesto De Frutas De Temporada Sin Nombre,frutería,142,18.457478,-97.383936,https://mitehuacan.mx/?ruta=7-upn-213-y-normal-superior
3,Puesto De Frutas Y Verduras,frutería,142,18.457459,-97.383937,https://mitehuacan.mx/?ruta=7-upn-213-y-normal-superior
3,Puesto De Frutas Y Verduras Sin Nombre,frutería,142,18.457496,-97.383935,https://mitehuacan.mx/?ruta=7-upn-213-y-normal-superior
3,Venta De Fruta Citrus Israel,frutería,142,18.459695,-97.385086,https://mitehuacan.mx/?ruta=7-upn-213-y-normal-superior
3,Venta De Frutas,frutería,142,18.457487,-97.383936,https://mitehuacan.mx/?ruta=7-upn-213-y-normal-superior
3,Venta De Frutas Y Verduras Angelito,frutería,142,18.457459,-97.383937,https://mitehuacan.mx/?ruta=7-upn-213-y-normal-superior
3,Venta De Frutas Y Verduras Sin Nombre,frutería,142,18.457478,-97.383936,https://mitehuacan.mx/?ruta=7-upn-213-y-normal-superior
3,Venta De Limones Mary,frutería,142,18.457459,-97.383937,https://mitehuacan.mx/?ruta=7-upn-213-y-normal-superior
3,Venta De Nopal Sin Nombre,frutería,142,18.457459,-97.383937,https://mitehuacan.mx/?ruta=7-upn-213-y-normal-superior
3,Venta De Platanos Sin Nombre,frutería,142,18.457459,-97.383937,https://mitehuacan.mx/?ruta=7-upn-213-y-normal-superior
3,Venta De Verduras Sin Nombre,frutería,142,18.457405,-97.383941,https://mitehuacan.mx/?ruta=7-upn-213-y-normal-superior
3,Venta De Verduras Y Nopales Sin Nombre,frutería,142,18.457423,-97.38394,https://mitehuacan.mx/?ruta=7-upn-213-y-normal-superior
3,Cocos Campechanos Don Polo,frutería,143,18.457351,-97.383944,https://mitehuacan.mx/?ruta=7-upn-213-y-normal-superior
3,Puesto De Frutas Y Verduras Sin Nombre,frutería,143,18.457369,-97.383943,https://mitehuacan.mx/?ruta=7-upn-213-y-normal-superior
3,Venta De Frutas Y Verduras Sin Nombre,frutería,143,18.457225,-97.383957,https://mitehuacan.mx/?ruta=7-upn-213-y-normal-superior
3,Venta De Frutas Y Verduras Sin Nombre,frutería,143,18.457324,-97.383946,https://mitehuacan.mx/?ruta=7-upn-213-y-normal-superior
3,Venta De Frutas Y Verduras Sin Nombre,frutería,143,18.457369,-97.383943,https://mitehuacan.mx/?ruta=7-upn-213-y-normal-superior
3,Venta De Frutas Y Verdutras Sin Nombre,frutería,143,18.457225,-97.383957,https://mitehuacan.mx/?ruta=7-upn-213-y-normal-superior
3,Venta De Hierbas Para Cocina Sin Nombre,frutería,143,18.457342,-97.383945,https://mitehuacan.mx/?ruta=7-upn-213-y-normal-superior
3,Venta De Hierbas Sin Nombre,frutería,143,18.457269,-97.383951,https://mitehuacan.mx/?ruta=7-upn-213-y-normal-superior
3,Venta De Nopales Sin Nombre,frutería,143,18.457225,-97.383957,https://mitehuacan.mx/?ruta=7-upn-213-y-normal-superior
3,Venta De Tempexquixtles Sin Nombre,frutería,143,18.457216,-97.383957,https://mitehuacan.mx/?ruta=7-upn-213-y-normal-superior
3,Venta De Verduras Sin Nombre,frutería,143,18.457225,-97.383957,https://mitehuacan.mx/?ruta=7-upn-213-y-normal-superior
3,Venta De Verduras Sin Nombre,frutería,143,18.457252,-97.383954,https://mitehuacan.mx/?ruta=7-upn-213-y-normal-superior
3,Venta De Verduras Sin Nombre,frutería,143,18.457333,-97.383945,https://mitehuacan.mx/?ruta=7-upn-213-y-normal-superior
3,Venta De Verduras Y Frutas Sin Nombre,frutería,143,18.457225,-97.383957,https://mitehuacan.mx/?ruta=7-upn-213-y-normal-superior
3,Melones San Juan,frutería,144,18.457152,-97.383961,https://mitehuacan.mx/?ruta=7-upn-213-y-normal-superior
3,Venta De Platanos Sin Nombre,frutería,144,18.457143,-97.383961,https://mitehuacan.mx/?ruta=7-upn-213-y-normal-superior
3,Puesto De Hierbas Y Verduras Sin Nombre,frutería,145,18.45708,-97.383965,https://mitehuacan.mx/?ruta=7-upn-213-y-normal-superior
3,Venta De Ajo Sin Nombre,frutería,145,18.457071,-97.383966,https://mitehuacan.mx/?ruta=7-upn-213-y-normal-superior
3,Venta De Frutas De Temporada Sin Nombre,frutería,145,18.457053,-97.383967,https://mitehuacan.mx/?ruta=7-upn-213-y-normal-superior
3,Venta De Frutas Y Verduras,frutería,145,18.457107,-97.383963,https://mitehuacan.mx/?ruta=7-upn-213-y-normal-superior
3,Venta De Frutas Y Verduras De Temporada Sin Nombre,frutería,145,18.457053,-97.383967,https://mitehuacan.mx/?ruta=7-upn-213-y-normal-superior
3,Venta De Frutas Y Verduras Sin Nombre,frutería,145,18.45708,-97.383965,https://mitehuacan.mx/?ruta=7-upn-213-y-normal-superior
3,Venta De Hierbas Para Cocinar Sin Nombre,frutería,145,18.457053,-97.383967,https://mitehuacan.mx/?ruta=7-upn-213-y-normal-superior
3,Venta De Pitayas Sin Nombre,frutería,145,18.457053,-97.383967,https://mitehuacan.mx/?ruta=7-upn-213-y-normal-superior
3,Venta De Tetechas Y Chicozapote Sin Nombre,frutería,145,18.457089,-97.383965,https://mitehuacan.mx/?ruta=7-upn-213-y-normal-superior
3,Venta De Verduras Sin Nombre,frutería,145,18.457098,-97.383964,https://mitehuacan.mx/?ruta=7-upn-213-y-normal-superior
3,Venta De Frutas Sin Nombre,frutería,146,18.457044,-97.383967,https://mitehuacan.mx/?ruta=7-upn-213-y-normal-superior
3,Venta De Frutas Y Verduras Sin Nombre,frutería,146,18.457044,-97.383967,https://mitehuacan.mx/?ruta=7-upn-213-y-normal-superior
3,Venta De Hierbas Sin Nombre,frutería,146,18.457044,-97.383967,https://mitehuacan.mx/?ruta=7-upn-213-y-normal-superior
3,Venta De Nopales Sin Nombre,frutería,146,18.457044,-97.383967,https://mitehuacan.mx/?ruta=7-upn-213-y-normal-superior
3,Venta De Platanos Lobatos,frutería,146,18.457999,-97.383832,https://mitehuacan.mx/?ruta=7-upn-213-y-normal-superior
3,Venta De Verduras Sin Nombre,frutería,146,18.457044,-97.383967,https://mitehuacan.mx/?ruta=7-upn-213-y-normal-superior
3,Venta De Verduras Y Hierbas Para Cocinar Sin Nombre,frutería,146,18.457026,-97.383968,https://mitehuacan.mx/?ruta=7-upn-213-y-normal-superior
3,Venta De Frutas,frutería,147,18.456972,-97.383971,https://mitehuacan.mx/?ruta=7-upn-213-y-normal-superior
3,Venta De Hierbas Para Cocinar Sin Nombre,frutería,147,18.456963,-97.383972,https://mitehuacan.mx/?ruta=7-upn-213-y-normal-superior
3,Venta De Nopales Y De Hierbas Para Cocinar Sin Nombre,frutería,147,18.456981,-97.383971,https://mitehuacan.mx/?ruta=7-upn-213-y-normal-superior
3,Venta De Platanos Mariely,frutería,147,18.458715,-97.383846,https://mitehuacan.mx/?ruta=7-upn-213-y-normal-superior
3,Fruteria Y Verduleria Jitomates Saladet Y Limones Criollos,frutería,148,18.458352,-97.383809,https://mitehuacan.mx/?ruta=7-upn-213-y-normal-superior
3,Venta De Chile Miahuateco Sin Nombre,frutería,148,18.456926,-97.383974,https://mitehuacan.mx/?ruta=7-upn-213-y-normal-superior
3,Venta De Frutas Sin Nombre,frutería,148,18.456944,-97.383973,https://mitehuacan.mx/?ruta=7-upn-213-y-normal-superior
3,Venta De Hierbas Y Tempexquixtles Sin Nombre,frutería,148,18.456944,-97.383973,https://mitehuacan.mx/?ruta=7-upn-213-y-normal-superior
3,Venta De Nopal Sin Nombre,frutería,148,18.456926,-97.383974,https://mitehuacan.mx/?ruta=7-upn-213-y-normal-superior
3,Bodega De Taras Y Tablas Sin Nombre,frutería,149,18.455989,-97.385291,https://mitehuacan.mx/?ruta=7-upn-213-y-normal-superior
3,Puesto De Verduras Sin Nombre,frutería,149,18.45689,-97.383976,https://mitehuacan.mx/?ruta=7-upn-213-y-normal-superior
3,Venta De Ajo Sin Nombre,frutería,149,18.456908,-97.383975,https://mitehuacan.mx/?ruta=7-upn-213-y-normal-superior
3,Venta De Ajos Y Tempexquixtles Sin Nombre,frutería,149,18.45689,-97.383976,https://mitehuacan.mx/?ruta=7-upn-213-y-normal-superior
3,Venta De Cebollas Y Rabanos Sin Nombre,frutería,149,18.456908,-97.383975,https://mitehuacan.mx/?ruta=7-upn-213-y-normal-superior
3,Venta De Elote Sin Nombre,frutería,149,18.45689,-97.383976,https://mitehuacan.mx/?ruta=7-upn-213-y-normal-superior
3,Venta De Frutas De Temporada Sin Nombre,frutería,149,18.456899,-97.383976,https://mitehuacan.mx/?ruta=7-upn-213-y-normal-superior
3,Venta De Frutas Y Verduras De Temporada Sin Nombre,frutería,149,18.45689,-97.383976,https://mitehuacan.mx/?ruta=7-upn-213-y-normal-superior
3,Venta De Jitomate Sin Nombre,frutería,149,18.456908,-97.383975,https://mitehuacan.mx/?ruta=7-upn-213-y-normal-superior
3,Venta De Tempexquixtles Sin Nombre,frutería,149,18.456899,-97.383976,https://mitehuacan.mx/?ruta=7-upn-213-y-normal-superior
3,Venta De Verduras Sin Nombre,frutería,149,18.456899,-97.383976,https://mitehuacan.mx/?ruta=7-upn-213-y-normal-superior
3,Venta De Hierbas Para Cocinar Sin Nombre,frutería,150,18.456872,-97.383977,https://mitehuacan.mx/?ruta=7-upn-213-y-normal-superior
3,Venta De Tempexquixtles,frutería,150,18.456881,-97.383977,https://mitehuacan.mx/?ruta=7-upn-213-y-normal-superior
3,Funerales Mendoza,funeraria,2,18.458627,-97.389905,https://mitehuacan.mx/?ruta=7-upn-213-y-normal-superior
3,Funerales Mendoza,funeraria,10,18.428406,-97.405847,https://mitehuacan.mx/?ruta=7-upn-213-y-normal-superior
3,Velatorios Y Funerales La Paz,funeraria,65,18.454093,-97.393428,https://mitehuacan.mx/?ruta=7-upn-213-y-normal-superior
3,Funerales Guadalupe,funeraria,109,18.454567,-97.393837,https://mitehuacan.mx/?ruta=7-upn-213-y-normal-superior
3,Funerales Del Valle,funeraria,127,18.433594,-97.406068,https://mitehuacan.mx/?ruta=7-upn-213-y-normal-superior
3,Funerales Del Angel,funeraria,136,18.456203,-97.388941,https://mitehuacan.mx/?ruta=7-upn-213-y-normal-superior
3,Gasolineria Huajuapan,gasolinera,5,18.452716,-97.394358,https://mitehuacan.mx/?ruta=7-upn-213-y-normal-superior
3,Servicios Tecnologico,gasolinera,5,18.439175,-97.399453,https://mitehuacan.mx/?ruta=7-upn-213-y-normal-superior
3,Gasolinera Tecnologico,gasolinera,48,18.439125,-97.399036,https://mitehuacan.mx/?ruta=7-upn-213-y-normal-superior
3,Guarderia Amilu,guardería,62,18.455902,-97.393362,https://mitehuacan.mx/?ruta=7-upn-213-y-normal-superior
3,Clinica San Fernando,hospital,3,18.457564,-97.392351,https://mitehuacan.mx/?ruta=7-upn-213-y-normal-superior
3,Unidad Medica De Tehuacan,hospital,6,18.457042,-97.392462,https://mitehuacan.mx/?ruta=7-upn-213-y-normal-superior
3,Iglesia de Dios,iglesia,100,18.452432,-97.391656,https://mitehuacan.mx/?ruta=7-upn-213-y-normal-superior
3,I.B. Emmanuel,iglesia,103,18.458579,-97.393472,https://mitehuacan.mx/?ruta=7-upn-213-y-normal-superior
3,Joyeria Gazaed,joyería,6,18.432122,-97.403599,https://mitehuacan.mx/?ruta=7-upn-213-y-normal-superior
3,Euphoria Jewelry Joyeria Y Accesorios,joyería,7,18.457965,-97.392444,https://mitehuacan.mx/?ruta=7-upn-213-y-normal-superior
3,Venta De Plata B O,joyería,7,18.457449,-97.391463,https://mitehuacan.mx/?ruta=7-upn-213-y-normal-superior
3,Venta De Plata Joyeria Jk,joyería,9,18.458543,-97.39033,https://mitehuacan.mx/?ruta=7-upn-213-y-normal-superior
3,Joyeria Y Relojeria El Rubi,joyería,13,18.458504,-97.390238,https://mitehuacan.mx/?ruta=7-upn-213-y-normal-superior
3,Jugueteria Zhu Fu,juguetería,1,18.458541,-97.387745,https://mitehuacan.mx/?ruta=7-upn-213-y-normal-superior
3,Venta De Juguetes Y Bisuteria Sin Nombre,juguetería,1,18.458517,-97.387233,https://mitehuacan.mx/?ruta=7-upn-213-y-normal-superior
3,Jugueteria Blamis,juguetería,5,18.432056,-97.403764,https://mitehuacan.mx/?ruta=7-upn-213-y-normal-superior
3,Venta De Juguetes Sin Nombre,juguetería,14,18.457497,-97.385151,https://mitehuacan.mx/?ruta=7-upn-213-y-normal-superior
3,Venta De Juguetes Y Novedades Sin Nombre,juguetería,15,18.457442,-97.385155,https://mitehuacan.mx/?ruta=7-upn-213-y-normal-superior
3,Jugueteria Coqueta,juguetería,16,18.457344,-97.385159,https://mitehuacan.mx/?ruta=7-upn-213-y-normal-superior
3,Venta De Juguetes Sin Nombre,juguetería,20,18.42994,-97.405022,https://mitehuacan.mx/?ruta=7-upn-213-y-normal-superior
3,Novedades Y Accesorios De Mexico,juguetería,39,18.458988,-97.390669,https://mitehuacan.mx/?ruta=7-upn-213-y-normal-superior
3,Venta De Juguetes,juguetería,46,18.457795,-97.387206,https://mitehuacan.mx/?ruta=7-upn-213-y-normal-superior
3,Venta De Materiales Didacticos Edu Mart,juguetería,54,18.457939,-97.389525,https://mitehuacan.mx/?ruta=7-upn-213-y-normal-superior
3,Venta De Juguetes Tradicionales Sin Nombre,juguetería,63,18.427627,-97.406325,https://mitehuacan.mx/?ruta=7-upn-213-y-normal-superior
3,Figuras Tehuacan,juguetería,128,18.456212,-97.385034,https://mitehuacan.mx/?ruta=7-upn-213-y-normal-superior
3,Venta De Juguetes Sin Nombre,juguetería,138,18.457956,-97.383907,https://mitehuacan.mx/?ruta=7-upn-213-y-normal-superior
3,Venta De Juguetes Sin Nombre,juguetería,140,18.458336,-97.383883,https://mitehuacan.mx/?ruta=7-upn-213-y-normal-superior
3,Laboratorio Clinico Y Bacteriologico,laboratorio,1,18.458534,-97.387593,https://mitehuacan.mx/?ruta=7-upn-213-y-normal-superior
3,Deposito Dental Dentstore,laboratorio,2,18.458659,-97.390787,https://mitehuacan.mx/?ruta=7-upn-213-y-normal-superior
3,Laboratorio Medico Del Chopo Sucursal Tehuacan,laboratorio,6,18.456944,-97.392465,https://mitehuacan.mx/?ruta=7-upn-213-y-normal-superior
3,Venta De Uniformes Hospitalarios,laboratorio,23,18.45792,-97.392729,https://mitehuacan.mx/?ruta=7-upn-213-y-normal-superior
3,Diagnostica Hidalgo,laboratorio,53,18.455484,-97.393284,https://mitehuacan.mx/?ruta=7-upn-213-y-normal-superior
3,Laboratorio De Analisis Clinicos Inmunolab Laboratorios,laboratorio,56,18.433964,-97.405503,https://mitehuacan.mx/?ruta=7-upn-213-y-normal-superior
3,Quality Laboratorio,laboratorio,98,18.459586,-97.392427,https://mitehuacan.mx/?ruta=7-upn-213-y-normal-superior
3,Laboratorios Mycrolab,laboratorio,119,18.458978,-97.393584,https://mitehuacan.mx/?ruta=7-upn-213-y-normal-superior
3,Deposito Dental Bulas,laboratorio,130,18.458843,-97.393721,https://mitehuacan.mx/?ruta=7-upn-213-y-normal-superior
3,Lavanderia Lavasolas,lavandería,2,18.430431,-97.404743,https://mitehuacan.mx/?ruta=7-upn-213-y-normal-superior
3,Lavanderia La Nacional,lavandería,5,18.432456,-97.403533,https://mitehuacan.mx/?ruta=7-upn-213-y-normal-superior
3,Sastreria Emmanuel,lavandería,6,18.457446,-97.391321,https://mitehuacan.mx/?ruta=7-upn-213-y-normal-superior
3,Lavanderia Orange Cleaners,lavandería,19,18.455987,-97.392957,https://mitehuacan.mx/?ruta=7-upn-213-y-normal-superior
3,Lavanderia Blue Wash Line,lavandería,35,18.454446,-97.393139,https://mitehuacan.mx/?ruta=7-upn-213-y-normal-superior
3,Lavanderia De Autoservicio Xochipilli,lavandería,37,18.452757,-97.394875,https://mitehuacan.mx/?ruta=7-upn-213-y-normal-superior
3,Lavanderia La Central,lavandería,38,18.428152,-97.407425,https://mitehuacan.mx/?ruta=7-upn-213-y-normal-superior
3,Lavanderia Lave Ya,lavandería,45,18.435522,-97.40419,https://mitehuacan.mx/?ruta=7-upn-213-y-normal-superior
3,Lavanderia San Jorge,lavandería,111,18.456343,-97.38559,https://mitehuacan.mx/?ruta=7-upn-213-y-normal-superior
3,Lavanderia 360,lavandería,112,18.433755,-97.406024,https://mitehuacan.mx/?ruta=7-upn-213-y-normal-superior
3,Lavanderia La Magnifica,lavandería,119,18.455427,-97.390449,https://mitehuacan.mx/?ruta=7-upn-213-y-normal-superior
3,Distribuidora Editorial Books Land,librería,71,18.456871,-97.391599,https://mitehuacan.mx/?ruta=7-upn-213-y-normal-superior
3,Cocteles De Mariscos Una Explosion De Sabores,mariscos,0,18.441451,-97.398708,https://mitehuacan.mx/?ruta=7-upn-213-y-normal-superior
3,Marisqueria Y Cocos Frios Santo Domingo,mariscos,12,18.434341,-97.405293,https://mitehuacan.mx/?ruta=7-upn-213-y-normal-superior
3,Restaurante De Mariscos El Coral,mariscos,18,18.458831,-97.391449,https://mitehuacan.mx/?ruta=7-upn-213-y-normal-superior
3,Marisqueria Puerto Escondido,mariscos,36,18.433199,-97.402966,https://mitehuacan.mx/?ruta=7-upn-213-y-normal-superior
3,Loncheria Los Popeyes,mariscos,108,18.45365,-97.394326,https://mitehuacan.mx/?ruta=7-upn-213-y-normal-superior
3,Pescados Y Mariscos Brisa Del Mar,mariscos,122,18.45624,-97.385203,https://mitehuacan.mx/?ruta=7-upn-213-y-normal-superior
3,Restaurante De Pescados Y Mariscos Los 14,mariscos,123,18.432675,-97.405026,https://mitehuacan.mx/?ruta=7-upn-213-y-normal-superior
3,Marisqueria Brisa Del Mar,mariscos,124,18.456222,-97.385204,https://mitehuacan.mx/?ruta=7-upn-213-y-normal-superior
3,Mundo Mascotas,mascotas,2,18.458449,-97.385491,https://mitehuacan.mx/?ruta=7-upn-213-y-normal-superior
3,Compra Y Venta De Acsesorios De Aves Sin Nombre,mascotas,4,18.457301,-97.385434,https://mitehuacan.mx/?ruta=7-upn-213-y-normal-superior
3,Veterinaria Trujillo,mascotas,4,18.455947,-97.392078,https://mitehuacan.mx/?ruta=7-upn-213-y-normal-superior
3,Farmacia Veterinaria Disan Tehuacan,mascotas,5,18.457401,-97.386228,https://mitehuacan.mx/?ruta=7-upn-213-y-normal-superior
3,Venta De Alimento Para Animales Api-Aba,mascotas,5,18.457411,-97.386702,https://mitehuacan.mx/?ruta=7-upn-213-y-normal-superior
3,Venta De Alimentos Balanceados Pecuarios Y Mascotas Mega Bod,mascotas,5,18.457389,-97.385706,https://mitehuacan.mx/?ruta=7-upn-213-y-normal-superior
3,Veterinaria Pacheco,mascotas,5,18.457349,-97.387548,https://mitehuacan.mx/?ruta=7-upn-213-y-normal-superior
3,Bodega De Habarrotes 3 Estrellas Sin Nombre,mascotas,8,18.458384,-97.386022,https://mitehuacan.mx/?ruta=7-upn-213-y-normal-superior
3,Veterinaria Los Pitbulls,mascotas,12,18.428504,-97.405725,https://mitehuacan.mx/?ruta=7-upn-213-y-normal-superior
3,Venta De Accesorios Para Mascotas Spa Y Pet Shop Mascotiland,mascotas,13,18.458769,-97.391143,https://mitehuacan.mx/?ruta=7-upn-213-y-normal-superior
3,Tienda De Accesorios Para Mascota Tu Amigo Fiel Th,mascotas,19,18.458415,-97.389407,https://mitehuacan.mx/?ruta=7-upn-213-y-normal-superior
3,Acuario Fish Paradise,mascotas,23,18.457302,-97.391484,https://mitehuacan.mx/?ruta=7-upn-213-y-normal-superior
3,Venta De Alimento Y Accesorios Para Mascotas Animal Track,mascotas,29,18.454138,-97.392533,https://mitehuacan.mx/?ruta=7-upn-213-y-normal-superior
3,Venta De Animales De Corral Sin Nombre,mascotas,31,18.458203,-97.386629,https://mitehuacan.mx/?ruta=7-upn-213-y-normal-superior
3,Compra Venta De Alimentos Y Accesorios Para Aves El Piolin,mascotas,37,18.457807,-97.390242,https://mitehuacan.mx/?ruta=7-upn-213-y-normal-superior
3,Consultorio Veterinario Sin Nombre,mascotas,38,18.455471,-97.392431,https://mitehuacan.mx/?ruta=7-upn-213-y-normal-superior
3,Plasticos Erandi,mascotas,56,18.458017,-97.391472,https://mitehuacan.mx/?ruta=7-upn-213-y-normal-superior
3,Tienda De Accesorios Para Mascotas Sin Nombre,mascotas,106,18.459597,-97.390751,https://mitehuacan.mx/?ruta=7-upn-213-y-normal-superior
3,Veterinaria Sin Nombre,mascotas,109,18.459576,-97.389484,https://mitehuacan.mx/?ruta=7-upn-213-y-normal-superior
3,Forrajera Sin Nombre,mascotas,141,18.422586,-97.406029,https://mitehuacan.mx/?ruta=7-upn-213-y-normal-superior
3,Alimento Balanceado Para Ganado Y Mascotas,mascotas,142,18.457423,-97.38394,https://mitehuacan.mx/?ruta=7-upn-213-y-normal-superior
3,Estanterias Metalicas Flejuser,mayoreo,0,18.458507,-97.3871,https://mitehuacan.mx/?ruta=7-upn-213-y-normal-superior
3,Distribuidora De Maquinaria Agricola Sin Nombre,mayoreo,1,18.458523,-97.387366,https://mitehuacan.mx/?ruta=7-upn-213-y-normal-superior
3,Refrigeracion Basculas Y Equipos Comerciales,mayoreo,1,18.458692,-97.391933,https://mitehuacan.mx/?ruta=7-upn-213-y-normal-superior
3,Venta De Muebles Metalicos Tfg,mayoreo,1,18.458517,-97.387252,https://mitehuacan.mx/?ruta=7-upn-213-y-normal-superior
3,Venta De Marcos De Madera Marcos Tehuacan,mayoreo,2,18.458681,-97.39145,https://mitehuacan.mx/?ruta=7-upn-213-y-normal-superior
3,Aceros Y Materiales Goti Goav,mayoreo,3,18.444629,-97.39723,https://mitehuacan.mx/?ruta=7-upn-213-y-normal-superior
3,Barnices Otto,mayoreo,3,18.458608,-97.389118,https://mitehuacan.mx/?ruta=7-upn-213-y-normal-superior
3,Plastika,mayoreo,4,18.457049,-97.392746,https://mitehuacan.mx/?ruta=7-upn-213-y-normal-superior
3,Recicladora Reciclo Aly,mayoreo,4,18.428721,-97.404514,https://mitehuacan.mx/?ruta=7-upn-213-y-normal-superior
3,Recicladora Un Mundo Mejor,mayoreo,4,18.45743,-97.387507,https://mitehuacan.mx/?ruta=7-upn-213-y-normal-superior
3,Distribuidora De Embalajes,mayoreo,5,18.457387,-97.385621,https://mitehuacan.mx/?ruta=7-upn-213-y-normal-superior
3,Taller Mecanico Automotriz De La Avicola Tehuacan,mayoreo,5,18.43652,-97.401828,https://mitehuacan.mx/?ruta=7-upn-213-y-normal-superior
3,Electronica Vega,mayoreo,6,18.457422,-97.390392,https://mitehuacan.mx/?ruta=7-upn-213-y-normal-superior
3,Materiales El Triunfo De Tehuacan,mayoreo,6,18.435062,-97.404042,https://mitehuacan.mx/?ruta=7-upn-213-y-normal-superior
3,Sucursal Estanterias Metalicas Flejuser,mayoreo,6,18.457296,-97.385662,https://mitehuacan.mx/?ruta=7-upn-213-y-normal-superior
3,Materiales Cuevas,mayoreo,8,18.436153,-97.402185,https://mitehuacan.mx/?ruta=7-upn-213-y-normal-superior
3,Venta De Aditivos Autos Oxifuel,mayoreo,8,18.435681,-97.402897,https://mitehuacan.mx/?ruta=7-upn-213-y-normal-superior
3,Agroquimicos Y Semillas La Coa,mayoreo,11,18.458627,-97.387657,https://mitehuacan.mx/?ruta=7-upn-213-y-normal-superior
3,Flejuser Muebles Metalicos,mayoreo,11,18.458539,-97.385705,https://mitehuacan.mx/?ruta=7-upn-213-y-normal-superior
3,Venta De Muebles Metalicos Tfg,mayoreo,11,18.458529,-97.385374,https://mitehuacan.mx/?ruta=7-upn-213-y-normal-superior
3,Tienda De Refacciones Agromaq Del Sur,mayoreo,12,18.458796,-97.392129,https://mitehuacan.mx/?ruta=7-upn-213-y-normal-superior
3,Abastecedora Electrica Sin Nombre,mayoreo,13,18.458779,-97.391418,https://mitehuacan.mx/?ruta=7-upn-213-y-normal-superior
3,Carnemart,mayoreo,14,18.458694,-97.388762,https://mitehuacan.mx/?ruta=7-upn-213-y-normal-superior
3,Marleba Venta De Estanteria,mayoreo,20,18.45854,-97.385074,https://mitehuacan.mx/?ruta=7-upn-213-y-normal-superior
3,Grupo Conpremex,mayoreo,21,18.436755,-97.400919,https://mitehuacan.mx/?ruta=7-upn-213-y-normal-superior
3,Compra Y Venta De Plasticos Sin Nombre,mayoreo,29,18.45796,-97.385499,https://mitehuacan.mx/?ruta=7-upn-213-y-normal-superior
3,Venta De Muebles Metalicos Marleba,mayoreo,30,18.45872,-97.385794,https://mitehuacan.mx/?ruta=7-upn-213-y-normal-superior
3,Dimmeeb,mayoreo,33,18.458784,-97.386618,https://mitehuacan.mx/?ruta=7-upn-213-y-normal-superior
3,Motoimplementos Y Equipos De Puebla,mayoreo,34,18.457676,-97.386575,https://mitehuacan.mx/?ruta=7-upn-213-y-normal-superior
3,Venta De Bocinas Y Luces R-Audio,mayoreo,34,18.458719,-97.385149,https://mitehuacan.mx/?ruta=7-upn-213-y-normal-superior
3,Materiales De Construccion Necsa Sucursal Coapan,mayoreo,37,18.435662,-97.402158,https://mitehuacan.mx/?ruta=7-upn-213-y-normal-superior
3,Venta De Maquinaria Agricola Sin Nombre,mayoreo,37,18.458121,-97.386027,https://mitehuacan.mx/?ruta=7-upn-213-y-normal-superior
3,Comercio De Accesorios De Computo Soluciones Tecnologicas Gm,mayoreo,40,18.457809,-97.389412,https://mitehuacan.mx/?ruta=7-upn-213-y-normal-superior
3,Venta De Maquinaria Agricola Sin Nombre,mayoreo,43,18.4588,-97.385144,https://mitehuacan.mx/?ruta=7-upn-213-y-normal-superior
3,Venta De Lonas Sanmi,mayoreo,46,18.457097,-97.391594,https://mitehuacan.mx/?ruta=7-upn-213-y-normal-superior
3,Estanterias Jesmar,mayoreo,50,18.458843,-97.385056,https://mitehuacan.mx/?ruta=7-upn-213-y-normal-superior
3,Venta De Articulos De Seguridad Industrial Edi Max Extintore,mayoreo,53,18.457023,-97.391193,https://mitehuacan.mx/?ruta=7-upn-213-y-normal-superior
3,Venta De Articulos Para Serigrafia Multigraficas,mayoreo,64,18.454636,-97.393408,https://mitehuacan.mx/?ruta=7-upn-213-y-normal-superior
3,Ferreteria Albeluan,mayoreo,75,18.459162,-97.386613,https://mitehuacan.mx/?ruta=7-upn-213-y-normal-superior
3,Compra Y Venta De Productos Metalicos America,mayoreo,92,18.456504,-97.385266,https://mitehuacan.mx/?ruta=7-upn-213-y-normal-superior
3,Refrigeracion Basculas Y Equipos Comerciales Rebecsa,mayoreo,93,18.458401,-97.393383,https://mitehuacan.mx/?ruta=7-upn-213-y-normal-superior
3,Materiales De Construccion San Angel,mayoreo,94,18.429228,-97.405408,https://mitehuacan.mx/?ruta=7-upn-213-y-normal-superior
3,Abarrotes San Jose,mayoreo,95,18.456518,-97.38718,https://mitehuacan.mx/?ruta=7-upn-213-y-normal-superior
3,Articulos Para El Hogar Dehogar,mayoreo,121,18.45884,-97.393636,https://mitehuacan.mx/?ruta=7-upn-213-y-normal-superior
3,Plasticos Y Costales Tehuacan,mayoreo,126,18.45955,-97.385095,https://mitehuacan.mx/?ruta=7-upn-213-y-normal-superior
3,Venta De Maquinaria Usada Sin Nombre,mayoreo,127,18.455586,-97.393983,https://mitehuacan.mx/?ruta=7-upn-213-y-normal-superior
3,Recicladora De Aceros Y Metales Un Mundo Mejor,mayoreo,131,18.455425,-97.390326,https://mitehuacan.mx/?ruta=7-upn-213-y-normal-superior
3,Venta De Muebles Metalicos Misadely,mayoreo,131,18.456157,-97.385321,https://mitehuacan.mx/?ruta=7-upn-213-y-normal-superior
3,Distribuciones Diana De Puebla Envases De Plastico,mayoreo,139,18.45447,-97.390235,https://mitehuacan.mx/?ruta=7-upn-213-y-normal-superior
3,La Purisima,mercado,78,18.457306,-97.384567,https://mitehuacan.mx/?ruta=7-upn-213-y-normal-superior
3,Hilos Y Cordeles San Pablo,mercería,2,18.458673,-97.391232,https://mitehuacan.mx/?ruta=7-upn-213-y-normal-superior
3,Papeleria Y Merceria San Rafael,mercería,5,18.432084,-97.403748,https://mitehuacan.mx/?ruta=7-upn-213-y-normal-superior
3,Amigurumi Story,mercería,6,18.427186,-97.407019,https://mitehuacan.mx/?ruta=7-upn-213-y-normal-superior
3,Venta De Articulos De Merceria Sin Nombre,mercería,14,18.457488,-97.385152,https://mitehuacan.mx/?ruta=7-upn-213-y-normal-superior
3,Merceria Sin Nombre,mercería,15,18.457424,-97.385157,https://mitehuacan.mx/?ruta=7-upn-213-y-normal-superior
3,Venta De Hilos Y Servilletas Sin Nombre,mercería,15,18.45747,-97.385153,https://mitehuacan.mx/?ruta=7-upn-213-y-normal-superior
3,Merceria Jaqueline,mercería,17,18.457307,-97.385157,https://mitehuacan.mx/?ruta=7-upn-213-y-normal-superior
3,Entre Costuras Merceria,mercería,18,18.458509,-97.391574,https://mitehuacan.mx/?ruta=7-upn-213-y-normal-superior
3,Merceria El Redil,mercería,28,18.458761,-97.387107,https://mitehuacan.mx/?ruta=7-upn-213-y-normal-superior
3,El Globito,mercería,32,18.458382,-97.391574,https://mitehuacan.mx/?ruta=7-upn-213-y-normal-superior
3,Merceria Sin Nombre,mercería,51,18.458413,-97.384723,https://mitehuacan.mx/?ruta=7-upn-213-y-normal-superior
3,Merceria Javier Heriberto Velasco Recio,mercería,70,18.458724,-97.393156,https://mitehuacan.mx/?ruta=7-upn-213-y-normal-superior
3,Papeleria Merceria Y Regalos Dany Laura,mercería,70,18.459044,-97.385128,https://mitehuacan.mx/?ruta=7-upn-213-y-normal-superior
3,Merceria Sin Nombre,mercería,76,18.456665,-97.385184,https://mitehuacan.mx/?ruta=7-upn-213-y-normal-superior
3,Estambres El Patito,mercería,86,18.459416,-97.390752,https://mitehuacan.mx/?ruta=7-upn-213-y-normal-superior
3,Tienda De Estambres Sin Nombre,mercería,109,18.459444,-97.386072,https://mitehuacan.mx/?ruta=7-upn-213-y-normal-superior
3,Hilos Lobo,mercería,146,18.457511,-97.394165,https://mitehuacan.mx/?ruta=7-upn-213-y-normal-superior
3,Motorefacciones Diego,motos,0,18.428379,-97.405285,https://mitehuacan.mx/?ruta=7-upn-213-y-normal-superior
3,Moto Refacciones Cortes,motos,1,18.42362,-97.407038,https://mitehuacan.mx/?ruta=7-upn-213-y-normal-superior
3,Taller De Motos Daniel,motos,1,18.423359,-97.407156,https://mitehuacan.mx/?ruta=7-upn-213-y-normal-superior
3,Taller De Motos Diego,motos,1,18.428377,-97.405199,https://mitehuacan.mx/?ruta=7-upn-213-y-normal-superior
3,Bici Motos Coapan,motos,2,18.430536,-97.404679,https://mitehuacan.mx/?ruta=7-upn-213-y-normal-superior
3,Venta De Refacciones De Moto Bikers Moto Shop,motos,39,18.429755,-97.405126,https://mitehuacan.mx/?ruta=7-upn-213-y-normal-superior
3,Taller De Motos Isaac,motos,48,18.433356,-97.403013,https://mitehuacan.mx/?ruta=7-upn-213-y-normal-superior
3,Tienda De Refacciones Y Accesorios Para Motos De Los Angeles,motos,68,18.459314,-97.392418,https://mitehuacan.mx/?ruta=7-upn-213-y-normal-superior
3,Squalos Moto Works,motos,75,18.454603,-97.393513,https://mitehuacan.mx/?ruta=7-upn-213-y-normal-superior
3,Reparacion De Motos Bocho,motos,84,18.429514,-97.405466,https://mitehuacan.mx/?ruta=7-upn-213-y-normal-superior
3,Aeva Motos,motos,129,18.454371,-97.390324,https://mitehuacan.mx/?ruta=7-upn-213-y-normal-superior
3,Motocicletas Italika Distribuidor,motos,147,18.457456,-97.394168,https://mitehuacan.mx/?ruta=7-upn-213-y-normal-superior
3,Venta De Paletas Sin Nombre,nieves,2,18.433949,-97.40477,https://mitehuacan.mx/?ruta=7-upn-213-y-normal-superior
3,Neveria Y Heladeria La Michoacana,nieves,5,18.457543,-97.391232,https://mitehuacan.mx/?ruta=7-upn-213-y-normal-superior
3,Paleteria La Oaxaqueña,nieves,7,18.428385,-97.406053,https://mitehuacan.mx/?ruta=7-upn-213-y-normal-superior
3,La flor del desierto,nieves,10,18.458158,-97.392406,https://mitehuacan.mx/?ruta=7-upn-213-y-normal-superior
3,Helados Bambi,nieves,11,18.457546,-97.389414,https://mitehuacan.mx/?ruta=7-upn-213-y-normal-superior
3,Expendio De Bonice,nieves,12,18.45861,-97.38706,https://mitehuacan.mx/?ruta=7-upn-213-y-normal-superior
3,Paleteria Y Neveria La Michoacana,nieves,95,18.456583,-97.389378,https://mitehuacan.mx/?ruta=7-upn-213-y-normal-superior
3,Sin Esperar Servicio De Reparto,paquetería,1,18.458694,-97.392,https://mitehuacan.mx/?ruta=7-upn-213-y-normal-superior
3,Fedex,paquetería,51,18.459007,-97.38828,https://mitehuacan.mx/?ruta=7-upn-213-y-normal-superior
3,Parque Coapeña,parque,6,18.435863,-97.402373,https://mitehuacan.mx/?ruta=7-upn-213-y-normal-superior
3,Parque Paseo Hidalgo,parque,15,18.454291,-97.392669,https://mitehuacan.mx/?ruta=7-upn-213-y-normal-superior
3,Jardin Bodega Aurrera,parque,20,18.451363,-97.39474,https://mitehuacan.mx/?ruta=7-upn-213-y-normal-superior
3,Parque de Coapan,parque,23,18.428002,-97.405942,https://mitehuacan.mx/?ruta=7-upn-213-y-normal-superior
3,Parque El Calvario,parque,49,18.452917,-97.392117,https://mitehuacan.mx/?ruta=7-upn-213-y-normal-superior
3,Compra Venta De Productos De Belleza Y Barberias Distribuido,perfumería,2,18.458623,-97.389801,https://mitehuacan.mx/?ruta=7-upn-213-y-normal-superior
3,Venta De Cosmeticos Magic Glam,perfumería,2,18.458677,-97.391345,https://mitehuacan.mx/?ruta=7-upn-213-y-normal-superior
3,Perfumes Y Esencias Hans Collection,perfumería,54,18.458183,-97.391574,https://mitehuacan.mx/?ruta=7-upn-213-y-normal-superior
3,Tienda De Uñas Sublime,perfumería,96,18.457704,-97.393686,https://mitehuacan.mx/?ruta=7-upn-213-y-normal-superior
3,Oficina Administrativa Oriflame Cosmetico Natural Sueco,perfumería,106,18.459469,-97.387159,https://mitehuacan.mx/?ruta=7-upn-213-y-normal-superior
3,Tienda De Perfumes Fragance,perfumería,130,18.459848,-97.391547,https://mitehuacan.mx/?ruta=7-upn-213-y-normal-superior
3,Distribuidora De Tintes Kulver,perfumería,148,18.459924,-97.389378,https://mitehuacan.mx/?ruta=7-upn-213-y-normal-superior
3,Zona de Picnic Paseo Hidalgo,picnic site,13,18.453163,-97.392701,https://mitehuacan.mx/?ruta=7-upn-213-y-normal-superior
3,Venta De Pollo Fresco Sin Nombre,pollería,0,18.433946,-97.404647,https://mitehuacan.mx/?ruta=7-upn-213-y-normal-superior
3,Distribuidora De Pollo El Pollon,pollería,1,18.426718,-97.407093,https://mitehuacan.mx/?ruta=7-upn-213-y-normal-superior
3,Distribuidora De Pollos San Jorge,pollería,1,18.458466,-97.385983,https://mitehuacan.mx/?ruta=7-upn-213-y-normal-superior
3,Pollos San Pedro,pollería,1,18.458472,-97.386182,https://mitehuacan.mx/?ruta=7-upn-213-y-normal-superior
3,Venta De Pollo San Pedro,pollería,2,18.458462,-97.385841,https://mitehuacan.mx/?ruta=7-upn-213-y-normal-superior
3,Abastecedora De Pollo Suprema,pollería,3,18.457969,-97.385194,https://mitehuacan.mx/?ruta=7-upn-213-y-normal-superior
3,Polleria San Martin,pollería,3,18.458449,-97.385395,https://mitehuacan.mx/?ruta=7-upn-213-y-normal-superior
3,Planta De Alimentos Reproductoras,pollería,4,18.444694,-97.3972,https://mitehuacan.mx/?ruta=7-upn-213-y-normal-superior
3,Distribuidora Avicola Caballero,pollería,5,18.458547,-97.38952,https://mitehuacan.mx/?ruta=7-upn-213-y-normal-superior
3,Polleria Bezaleel,pollería,7,18.457455,-97.391738,https://mitehuacan.mx/?ruta=7-upn-213-y-normal-superior
3,Polleria Montalvo,pollería,7,18.427,-97.406128,https://mitehuacan.mx/?ruta=7-upn-213-y-normal-superior
3,Venta De Pollo Por Pieza O Entero Bon Chiken,pollería,8,18.457392,-97.385223,https://mitehuacan.mx/?ruta=7-upn-213-y-normal-superior
3,Abastecedora De Pollo La Granjita,pollería,11,18.458614,-97.387448,https://mitehuacan.mx/?ruta=7-upn-213-y-normal-superior
3,Patsa,pollería,11,18.448794,-97.39505,https://mitehuacan.mx/?ruta=7-upn-213-y-normal-superior
3,Taller Mecánico Automotriz De Patsa,pollería,13,18.447197,-97.395753,https://mitehuacan.mx/?ruta=7-upn-213-y-normal-superior
3,Polleria Hernandez,pollería,14,18.457488,-97.385152,https://mitehuacan.mx/?ruta=7-upn-213-y-normal-superior
3,Polleria Conchita,pollería,15,18.457433,-97.385156,https://mitehuacan.mx/?ruta=7-upn-213-y-normal-superior
3,Polleria San Juditas,pollería,15,18.457406,-97.385158,https://mitehuacan.mx/?ruta=7-upn-213-y-normal-superior
3,Polleria Lalito,pollería,19,18.429866,-97.404976,https://mitehuacan.mx/?ruta=7-upn-213-y-normal-superior
3,Distribuidora De Pollo Y Huevo San Antonio,pollería,37,18.457115,-97.389529,https://mitehuacan.mx/?ruta=7-upn-213-y-normal-superior
3,Polleria Holanda,pollería,41,18.45699,-97.38517,https://mitehuacan.mx/?ruta=7-upn-213-y-normal-superior
3,Venta Al Por Menor De Pollo Fresco Sin Nombre,pollería,52,18.454451,-97.3933,https://mitehuacan.mx/?ruta=7-upn-213-y-normal-superior
3,Polleria Nabor,pollería,58,18.428608,-97.403819,https://mitehuacan.mx/?ruta=7-upn-213-y-normal-superior
3,Polleria Andrea,pollería,75,18.454603,-97.393513,https://mitehuacan.mx/?ruta=7-upn-213-y-normal-superior
3,Polleria La Fortaleza De Geova,pollería,77,18.429316,-97.405283,https://mitehuacan.mx/?ruta=7-upn-213-y-normal-superior
3,Polleria Juquilita,pollería,82,18.432492,-97.404448,https://mitehuacan.mx/?ruta=7-upn-213-y-normal-superior
3,Venta De Pollos Sin Nombre,pollería,90,18.458395,-97.384353,https://mitehuacan.mx/?ruta=7-upn-213-y-normal-superior
3,Productos Agropecuarios De Tehuacan,pollería,92,18.451167,-97.395441,https://mitehuacan.mx/?ruta=7-upn-213-y-normal-superior
3,Polleria Angel,pollería,107,18.456369,-97.385273,https://mitehuacan.mx/?ruta=7-upn-213-y-normal-superior
3,Polleria Imelda,pollería,113,18.455361,-97.390486,https://mitehuacan.mx/?ruta=7-upn-213-y-normal-superior
3,Polleria Carmelita,pollería,128,18.456212,-97.385053,https://mitehuacan.mx/?ruta=7-upn-213-y-normal-superior
3,Equipo De Sonido Alegre,publicidad,44,18.43115,-97.40376,https://mitehuacan.mx/?ruta=7-upn-213-y-normal-superior
3,Deposito Daza,purificadora,3,18.457915,-97.385197,https://mitehuacan.mx/?ruta=7-upn-213-y-normal-superior
3,Estación De Servicio J01131,purificadora,14,18.44644,-97.396086,https://mitehuacan.mx/?ruta=7-upn-213-y-normal-superior
3,Pulqueria Sin Nombre,purificadora,15,18.457433,-97.385156,https://mitehuacan.mx/?ruta=7-upn-213-y-normal-superior
3,Deposito Jimenez Bodega,purificadora,67,18.45887,-97.384779,https://mitehuacan.mx/?ruta=7-upn-213-y-normal-superior
3,Dicorsa,purificadora,83,18.453055,-97.395214,https://mitehuacan.mx/?ruta=7-upn-213-y-normal-superior
3,Ventas De Refrescos Y Jugos Envasados Hernandez,purificadora,140,18.459242,-97.384206,https://mitehuacan.mx/?ruta=7-upn-213-y-normal-superior
3,Puesto De Refresco Sin Nombre,purificadora,146,18.457035,-97.383968,https://mitehuacan.mx/?ruta=7-upn-213-y-normal-superior
3,Novedades Sin Nombre,regalos,0,18.458501,-97.386921,https://mitehuacan.mx/?ruta=7-upn-213-y-normal-superior
3,Novedades Rossinova,regalos,1,18.458694,-97.392,https://mitehuacan.mx/?ruta=7-upn-213-y-normal-superior
3,Novedades Sin Nombre,regalos,1,18.425541,-97.406471,https://mitehuacan.mx/?ruta=7-upn-213-y-normal-superior
3,Centro Comercial Los Barateros,regalos,2,18.458631,-97.390057,https://mitehuacan.mx/?ruta=7-upn-213-y-normal-superior
3,Gran Plaza Comercial Los Barateros,regalos,2,18.458628,-97.389943,https://mitehuacan.mx/?ruta=7-upn-213-y-normal-superior
3,Novedades Key,regalos,2,18.458666,-97.391061,https://mitehuacan.mx/?ruta=7-upn-213-y-normal-superior
3,Venta De Novedades Sin Nombre,regalos,2,18.458651,-97.39147,https://mitehuacan.mx/?ruta=7-upn-213-y-normal-superior
3,Jugueteria Novedades Y Regalos Loriel,regalos,3,18.433111,-97.403386,https://mitehuacan.mx/?ruta=7-upn-213-y-normal-superior
3,Novedades Angelita,regalos,4,18.433251,-97.403749,https://mitehuacan.mx/?ruta=7-upn-213-y-normal-superior
3,Novedades El Mundo Del Detalle,regalos,4,18.432663,-97.403416,https://mitehuacan.mx/?ruta=7-upn-213-y-normal-superior
3,Novedades El Valle De La Fantasia,regalos,4,18.432652,-97.403422,https://mitehuacan.mx/?ruta=7-upn-213-y-normal-superior
3,Novedades Y Accesorios Jhon Luis,regalos,4,18.430934,-97.404434,https://mitehuacan.mx/?ruta=7-upn-213-y-normal-superior
3,Novedades Y Regalos Albino,regalos,4,18.429963,-97.404772,https://mitehuacan.mx/?ruta=7-upn-213-y-normal-superior
3,Tienda De Regalos Arte Y Decoracion,regalos,4,18.431154,-97.404191,https://mitehuacan.mx/?ruta=7-upn-213-y-normal-superior
3,Tienda De Regalos La Tienda Del Regalo,regalos,5,18.432848,-97.403293,https://mitehuacan.mx/?ruta=7-upn-213-y-normal-superior
3,Accesorios Y Regalos Candy Choc,regalos,6,18.43493,-97.404247,https://mitehuacan.mx/?ruta=7-upn-213-y-normal-superior
3,Novedades,regalos,6,18.45742,-97.390306,https://mitehuacan.mx/?ruta=7-upn-213-y-normal-superior
3,Lixi Boom,regalos,7,18.428422,-97.406962,https://mitehuacan.mx/?ruta=7-upn-213-y-normal-superior
3,Novedades Y Regalos Sin Nombre,regalos,7,18.457757,-97.392448,https://mitehuacan.mx/?ruta=7-upn-213-y-normal-superior
3,Regalos De Corazon,regalos,7,18.457455,-97.391785,https://mitehuacan.mx/?ruta=7-upn-213-y-normal-superior
3,Venta De Regalos,regalos,8,18.426987,-97.406916,https://mitehuacan.mx/?ruta=7-upn-213-y-normal-superior
3,Novedades Zazu,regalos,11,18.458629,-97.387685,https://mitehuacan.mx/?ruta=7-upn-213-y-normal-superior
3,Tienda De Novedades Sin Nombre,regalos,11,18.458799,-97.392309,https://mitehuacan.mx/?ruta=7-upn-213-y-normal-superior
3,Novedades Sin Nombre,regalos,13,18.458653,-97.388044,https://mitehuacan.mx/?ruta=7-upn-213-y-normal-superior
3,Tienda De Novedades Coquette,regalos,13,18.458765,-97.391029,https://mitehuacan.mx/?ruta=7-upn-213-y-normal-superior
3,Tienda De Regalos Y Novedades Alix Fashion,regalos,13,18.458768,-97.391124,https://mitehuacan.mx/?ruta=7-upn-213-y-normal-superior
3,Venta De Articulos Para Fiesta Pa La Pachanga,regalos,13,18.458652,-97.388016,https://mitehuacan.mx/?ruta=7-upn-213-y-normal-superior
3,Novedades Valeria,regalos,14,18.458381,-97.387106,https://mitehuacan.mx/?ruta=7-upn-213-y-normal-superior
3,Venta De Accesorios Electronicos Importaciones Marin,regalos,14,18.458733,-97.389845,https://mitehuacan.mx/?ruta=7-upn-213-y-normal-superior
3,Novedades Vero,regalos,15,18.457415,-97.385158,https://mitehuacan.mx/?ruta=7-upn-213-y-normal-superior
3,Venta De Regalos Y Globos Globo Arte,regalos,16,18.427622,-97.405567,https://mitehuacan.mx/?ruta=7-upn-213-y-normal-superior
3,Fastacias Y Regalos Anime History,regalos,17,18.458744,-97.389497,https://mitehuacan.mx/?ruta=7-upn-213-y-normal-superior
3,Venta De Novedades Sin Nombre,regalos,17,18.458427,-97.385045,https://mitehuacan.mx/?ruta=7-upn-213-y-normal-superior
3,Venta De Articulos De Temporada Sin Nombre,regalos,19,18.458759,-97.389392,https://mitehuacan.mx/?ruta=7-upn-213-y-normal-superior
3,Venta De Regalos Y Novedades Theots,regalos,23,18.458662,-97.392716,https://mitehuacan.mx/?ruta=7-upn-213-y-normal-superior
3,Novedades Angel,regalos,29,18.458849,-97.389391,https://mitehuacan.mx/?ruta=7-upn-213-y-normal-superior
3,Compra Venta De Articulos Para Fiestas Divertiglobo,regalos,31,18.457731,-97.389527,https://mitehuacan.mx/?ruta=7-upn-213-y-normal-superior
3,Trajes Tipicos Sin Nombre,regalos,40,18.428662,-97.404002,https://mitehuacan.mx/?ruta=7-upn-213-y-normal-superior
3,Novedades Anesva,regalos,41,18.428764,-97.405658,https://mitehuacan.mx/?ruta=7-upn-213-y-normal-superior
3,Mundo De Novedades Eri,regalos,50,18.458863,-97.38514,https://mitehuacan.mx/?ruta=7-upn-213-y-normal-superior
3,Venta De Novedades Sin Nombre,regalos,60,18.45348,-97.39098,https://mitehuacan.mx/?ruta=7-upn-213-y-normal-superior
3,Accesorios Y Novedades Abby,regalos,64,18.426199,-97.406489,https://mitehuacan.mx/?ruta=7-upn-213-y-normal-superior
3,Novedades Angelito,regalos,64,18.459214,-97.390668,https://mitehuacan.mx/?ruta=7-upn-213-y-normal-superior
3,Tienda De Regalos,regalos,72,18.425814,-97.405671,https://mitehuacan.mx/?ruta=7-upn-213-y-normal-superior
3,Sweet And Delicius,regalos,74,18.458726,-97.393203,https://mitehuacan.mx/?ruta=7-upn-213-y-normal-superior
3,Tienda De Novedades,regalos,74,18.456844,-97.3916,https://mitehuacan.mx/?ruta=7-upn-213-y-normal-superior
3,Venta De Regalos Sin Nombre,regalos,87,18.426282,-97.405696,https://mitehuacan.mx/?ruta=7-upn-213-y-normal-superior
3,Venta De Novedades La Vida Es Bella,regalos,96,18.457704,-97.393686,https://mitehuacan.mx/?ruta=7-upn-213-y-normal-superior
3,Venta De Novedades Sin Nombre,regalos,99,18.457262,-97.393718,https://mitehuacan.mx/?ruta=7-upn-213-y-normal-superior
3,Novedades Mane Tienda De Regalos,regalos,102,18.428422,-97.408023,https://mitehuacan.mx/?ruta=7-upn-213-y-normal-superior
3,Venta De Novedades Y Moda Sin Nombre,regalos,102,18.459622,-97.392428,https://mitehuacan.mx/?ruta=7-upn-213-y-normal-superior
3,Tienda De Regalos Tsunanime,regalos,107,18.459671,-97.392555,https://mitehuacan.mx/?ruta=7-upn-213-y-normal-superior
3,Tienda De Gatos Arigato,regalos,108,18.45968,-97.392555,https://mitehuacan.mx/?ruta=7-upn-213-y-normal-superior
3,Gran Plaza Comercial Los Barateros,regalos,109,18.45957,-97.389382,https://mitehuacan.mx/?ruta=7-upn-213-y-normal-superior
3,Novedades Sin Nombre,regalos,115,18.459676,-97.390666,https://mitehuacan.mx/?ruta=7-upn-213-y-normal-superior
3,Novedades Sin Nombre,regalos,125,18.455696,-97.39048,https://mitehuacan.mx/?ruta=7-upn-213-y-normal-superior
3,Tienda De Regalos Shantal,regalos,143,18.458748,-97.393848,https://mitehuacan.mx/?ruta=7-upn-213-y-normal-superior
3,Jugueteria Smiles,regalos,148,18.459975,-97.390664,https://mitehuacan.mx/?ruta=7-upn-213-y-normal-superior
3,Tienda De Regalos Monse,regalos,148,18.460042,-97.392569,https://mitehuacan.mx/?ruta=7-upn-213-y-normal-superior
3,Anuncios Expression,rótulos,5,18.457371,-97.388468,https://mitehuacan.mx/?ruta=7-upn-213-y-normal-superior
3,Almacen De Soluciones En Abastecimiento Y Logistica,servicio,1,18.447792,-97.39581,https://mitehuacan.mx/?ruta=7-upn-213-y-normal-superior
3,Barber Dog Velez,servicio,1,18.455359,-97.39278,https://mitehuacan.mx/?ruta=7-upn-213-y-normal-superior
3,Gruas Guadalupe,servicio,2,18.458576,-97.388465,https://mitehuacan.mx/?ruta=7-upn-213-y-normal-superior
3,Caseta Telefonica Enlase,servicio,5,18.457357,-97.387889,https://mitehuacan.mx/?ruta=7-upn-213-y-normal-superior
3,Servicios De Arqitectura Y Planeacion De Edificaciones Resid,servicio,5,18.457362,-97.388088,https://mitehuacan.mx/?ruta=7-upn-213-y-normal-superior
3,Productos Hidrominerles,servicio,11,18.452573,-97.394354,https://mitehuacan.mx/?ruta=7-upn-213-y-normal-superior
3,Servicios De Mantenimiento Oriente Sa De Cv,servicio,13,18.458675,-97.388452,https://mitehuacan.mx/?ruta=7-upn-213-y-normal-superior
3,Terminal De Autobuses Tehuacan Cuayucatepec,servicio,13,18.458655,-97.388073,https://mitehuacan.mx/?ruta=7-upn-213-y-normal-superior
3,Servicios De Mantenimiento Oriente,servicio,14,18.458696,-97.388804,https://mitehuacan.mx/?ruta=7-upn-213-y-normal-superior
3,Prestadores De Servicios Sin Nombre,servicio,26,18.456491,-97.392235,https://mitehuacan.mx/?ruta=7-upn-213-y-normal-superior
3,Lectura De Cartas Adivinatorias Hermanos De La Salud,servicio,48,18.458073,-97.387119,https://mitehuacan.mx/?ruta=7-upn-213-y-normal-superior
3,Megacable,servicio,62,18.45692,-97.390542,https://mitehuacan.mx/?ruta=7-upn-213-y-normal-superior
3,Santeria,servicio,64,18.457928,-97.393299,https://mitehuacan.mx/?ruta=7-upn-213-y-normal-superior
3,Clases De Regularizacion Sin Nombre,servicio,105,18.428436,-97.408049,https://mitehuacan.mx/?ruta=7-upn-213-y-normal-superior
3,Estetica Canina Vets Can,servicio,106,18.456545,-97.391303,https://mitehuacan.mx/?ruta=7-upn-213-y-normal-superior
3,Sheicho No Ie Nucleo Tehuacan,servicio,108,18.458957,-97.39349,https://mitehuacan.mx/?ruta=7-upn-213-y-normal-superior
3,Aprendiendo Juntos Clases Regularizacion,servicio,114,18.454472,-97.390472,https://mitehuacan.mx/?ruta=7-upn-213-y-normal-superior
3,Clases De Regularizacion Armonia,servicio,121,18.456247,-97.385517,https://mitehuacan.mx/?ruta=7-upn-213-y-normal-superior
3,Estetica Canina Tac-Movil,servicio,127,18.459657,-97.387087,https://mitehuacan.mx/?ruta=7-upn-213-y-normal-superior
3,Comedor Construrama Auxiliar,servicio,142,18.434092,-97.402558,https://mitehuacan.mx/?ruta=7-upn-213-y-normal-superior
3,Telas Parisina 2105 Tehuacan,telas,2,18.458685,-97.391576,https://mitehuacan.mx/?ruta=7-upn-213-y-normal-superior
3,Telas Mym,telas,23,18.458064,-97.392727,https://mitehuacan.mx/?ruta=7-upn-213-y-normal-superior
3,Venta De Telas Jimenez,telas,38,18.459012,-97.391446,https://mitehuacan.mx/?ruta=7-upn-213-y-normal-superior
3,Venta De Cable De Plastico E Hilos,telas,50,18.459124,-97.391557,https://mitehuacan.mx/?ruta=7-upn-213-y-normal-superior
3,Material Para Confeccion Y Reracion De Ropa Nepps,telas,83,18.455488,-97.393569,https://mitehuacan.mx/?ruta=7-upn-213-y-normal-superior
3,Megacable,telecommunication,45,18.457627,-97.393204,https://mitehuacan.mx/?ruta=7-upn-213-y-normal-superior
3,Ignacio Salvador,terminal,0,18.458492,-97.386721,https://mitehuacan.mx/?ruta=7-upn-213-y-normal-superior
3,Autotransportes De La Mixteca,terminal,4,18.457435,-97.387726,https://mitehuacan.mx/?ruta=7-upn-213-y-normal-superior
3,Union Turistica Cuicateca,terminal,5,18.457543,-97.391239,https://mitehuacan.mx/?ruta=7-upn-213-y-normal-superior
3,Autotransportes De Pasaje Tepeteopan,terminal,16,18.458362,-97.387182,https://mitehuacan.mx/?ruta=7-upn-213-y-normal-superior
3,Ruta 1 Chapulco Tehuacan,terminal,18,18.458267,-97.385494,https://mitehuacan.mx/?ruta=7-upn-213-y-normal-superior
3,Base Ruta 1,terminal,29,18.458083,-97.385484,https://mitehuacan.mx/?ruta=7-upn-213-y-normal-superior
3,Base De Autobuses Tehuacan Cuautla,terminal,34,18.457072,-97.387237,https://mitehuacan.mx/?ruta=7-upn-213-y-normal-superior
3,Ruta De Combis Tehuacan Tlaxiaco,terminal,38,18.458247,-97.389523,https://mitehuacan.mx/?ruta=7-upn-213-y-normal-superior
3,Base De La Ruta Santa Ana Teloxtoc,terminal,48,18.458184,-97.390239,https://mitehuacan.mx/?ruta=7-upn-213-y-normal-superior
3,Santa Maria Coapan-Centro,terminal,50,18.428836,-97.405548,https://mitehuacan.mx/?ruta=7-upn-213-y-normal-superior
3,Sociedad Transporte San Simon Tlacuilotepec,terminal,53,18.457833,-97.386098,https://mitehuacan.mx/?ruta=7-upn-213-y-normal-superior
3,Terminal AU Valles,terminal,57,18.459072,-97.388441,https://mitehuacan.mx/?ruta=7-upn-213-y-normal-superior
3,Teatro Comunale,theatre,14,18.454166,-97.392678,https://mitehuacan.mx/?ruta=7-upn-213-y-normal-superior
3,Bazar Sin Nombre,tienda,0,18.454889,-97.392795,https://mitehuacan.mx/?ruta=7-upn-213-y-normal-superior
3,Carniceria La Ideal,tienda,0,18.426401,-97.407092,https://mitehuacan.mx/?ruta=7-upn-213-y-normal-superior
3,Carniceria Mi Ranchito,tienda,1,18.427048,-97.40702,https://mitehuacan.mx/?ruta=7-upn-213-y-normal-superior
3,Clinica Optica Mundo Optico,tienda,1,18.458525,-97.387413,https://mitehuacan.mx/?ruta=7-upn-213-y-normal-superior
3,Gasera Centro De Carburacion,tienda,1,18.448087,-97.395681,https://mitehuacan.mx/?ruta=7-upn-213-y-normal-superior
3,Jarcieria Puebla Y Plasticos Mop,tienda,1,18.458522,-97.387338,https://mitehuacan.mx/?ruta=7-upn-213-y-normal-superior
3,Max Pan,tienda,1,18.458694,-97.392,https://mitehuacan.mx/?ruta=7-upn-213-y-normal-superior
3,Oxxo Suc 50Yqp Purisima Pbf,tienda,1,18.458519,-97.387287,https://mitehuacan.mx/?ruta=7-upn-213-y-normal-superior
3,Pasteleria Cristal,tienda,1,18.458524,-97.387394,https://mitehuacan.mx/?ruta=7-upn-213-y-normal-superior
3,Venta De Telas Y Servilletas Sin Nombre,tienda,1,18.458516,-97.387214,https://mitehuacan.mx/?ruta=7-upn-213-y-normal-superior
3,Abarrotes Vinos Y Licores Fandango,tienda,2,18.458571,-97.38837,https://mitehuacan.mx/?ruta=7-upn-213-y-normal-superior
3,Centro Naturista Jupiter,tienda,2,18.458545,-97.38783,https://mitehuacan.mx/?ruta=7-upn-213-y-normal-superior
3,Expendio De Pan Bimbo,tienda,2,18.45866,-97.390815,https://mitehuacan.mx/?ruta=7-upn-213-y-normal-superior
3,Floreria Y Novedades Las Americas,tienda,2,18.458623,-97.389801,https://mitehuacan.mx/?ruta=7-upn-213-y-normal-superior
3,Funerales De Jesus,tienda,2,18.458625,-97.389858,https://mitehuacan.mx/?ruta=7-upn-213-y-normal-superior
3,Panaderia Juquilita,tienda,2,18.430253,-97.404853,https://mitehuacan.mx/?ruta=7-upn-213-y-normal-superior
3,Pasteleria Cristal,tienda,2,18.458629,-97.39,https://mitehuacan.mx/?ruta=7-upn-213-y-normal-superior
3,Pasteleria La Cereza,tienda,2,18.458633,-97.390104,https://mitehuacan.mx/?ruta=7-upn-213-y-normal-superior
3,Tienda De Ropa Para Dama Sin Nombre,tienda,2,18.458663,-97.390948,https://mitehuacan.mx/?ruta=7-upn-213-y-normal-superior
3,Tortillas De Harina De La Abuela,tienda,2,18.458454,-97.385575,https://mitehuacan.mx/?ruta=7-upn-213-y-normal-superior
3,Venta De Cobertores Y Blancos Caleb,tienda,2,18.458665,-97.391004,https://mitehuacan.mx/?ruta=7-upn-213-y-normal-superior
3,Venta De Cruces Villanueva,tienda,2,18.458648,-97.390502,https://mitehuacan.mx/?ruta=7-upn-213-y-normal-superior
3,Venta De Discos Y Peliculas Sin Nombre,tienda,2,18.458644,-97.390398,https://mitehuacan.mx/?ruta=7-upn-213-y-normal-superior
3,Carniceria Y Verduras Alex,tienda,3,18.42863,-97.404599,https://mitehuacan.mx/?ruta=7-upn-213-y-normal-superior
3,Cruces Y Coronas San Angel,tienda,3,18.458601,-97.388986,https://mitehuacan.mx/?ruta=7-upn-213-y-normal-superior
3,Cruces Yessi,tienda,3,18.434207,-97.404972,https://mitehuacan.mx/?ruta=7-upn-213-y-normal-superior
3,Fritangueria El Cerdito,tienda,3,18.458446,-97.385291,https://mitehuacan.mx/?ruta=7-upn-213-y-normal-superior
3,Funerales Velez,tienda,3,18.458612,-97.389204,https://mitehuacan.mx/?ruta=7-upn-213-y-normal-superior
3,Impulsora Pañamex,tienda,3,18.458285,-97.385178,https://mitehuacan.mx/?ruta=7-upn-213-y-normal-superior
3,La Casa De La Novia Venta De Vestidos Para Fiesta,tienda,3,18.458564,-97.38952,https://mitehuacan.mx/?ruta=7-upn-213-y-normal-superior
3,Productos De Limpieza Limpia Todo,tienda,3,18.457464,-97.389015,https://mitehuacan.mx/?ruta=7-upn-213-y-normal-superior
3,Tienda De Blancos Lupita,tienda,3,18.433552,-97.404254,https://mitehuacan.mx/?ruta=7-upn-213-y-normal-superior
3,Valux,tienda,3,18.458195,-97.385183,https://mitehuacan.mx/?ruta=7-upn-213-y-normal-superior
3,Venta De Cruces La Gloria De Dios,tienda,3,18.458613,-97.389232,https://mitehuacan.mx/?ruta=7-upn-213-y-normal-superior
3,Venta De Productos Naturistas,tienda,3,18.458294,-97.385177,https://mitehuacan.mx/?ruta=7-upn-213-y-normal-superior
3,Accesorios De Limpieza,tienda,4,18.458366,-97.385172,https://mitehuacan.mx/?ruta=7-upn-213-y-normal-superior
3,Carnes Magnolia,tienda,4,18.439692,-97.399466,https://mitehuacan.mx/?ruta=7-upn-213-y-normal-superior
3,Compra Venta Productos Y Pañales La Purisima,tienda,4,18.457869,-97.385199,https://mitehuacan.mx/?ruta=7-upn-213-y-normal-superior
3,Dulceria Pikys,tienda,4,18.457438,-97.38788,https://mitehuacan.mx/?ruta=7-upn-213-y-normal-superior
3,Mh Mega Helth,tienda,4,18.45716,-97.392743,https://mitehuacan.mx/?ruta=7-upn-213-y-normal-superior
3,Optica Look Vission,tienda,4,18.458615,-97.38926,https://mitehuacan.mx/?ruta=7-upn-213-y-normal-superior
3,Pinturas Doal,tienda,4,18.43252,-97.403497,https://mitehuacan.mx/?ruta=7-upn-213-y-normal-superior
3,Plasticos Anselmo,tienda,4,18.433206,-97.403679,https://mitehuacan.mx/?ruta=7-upn-213-y-normal-superior
3,Tienda De Aceites Y Lubricantes Royer,tienda,4,18.434463,-97.404751,https://mitehuacan.mx/?ruta=7-upn-213-y-normal-superior
3,Tienda De Plasticos Kary,tienda,4,18.457326,-97.38642,https://mitehuacan.mx/?ruta=7-upn-213-y-normal-superior
3,Tienda De Ropa De Disfraces,tienda,4,18.45745,-97.388389,https://mitehuacan.mx/?ruta=7-upn-213-y-normal-superior
3,Tienda De Venta Y Compra De Productos De Limpieza Prisma,tienda,4,18.457379,-97.38527,https://mitehuacan.mx/?ruta=7-upn-213-y-normal-superior
3,Bodega De Abarrotes 3 Estrellas Sin Nombre,tienda,5,18.458411,-97.386022,https://mitehuacan.mx/?ruta=7-upn-213-y-normal-superior
3,Farmacia Farmabio,tienda,5,18.432161,-97.403702,https://mitehuacan.mx/?ruta=7-upn-213-y-normal-superior
3,Luminarias Jpl De Mexico,tienda,5,18.457351,-97.387605,https://mitehuacan.mx/?ruta=7-upn-213-y-normal-superior
3,Panaderia Fortaleza,tienda,5,18.432021,-97.403785,https://mitehuacan.mx/?ruta=7-upn-213-y-normal-superior
3,Pasteleria Mony Jr,tienda,5,18.42554,-97.406376,https://mitehuacan.mx/?ruta=7-upn-213-y-normal-superior
3,Tienda Chiles Secos Y Semillas Malvin,tienda,5,18.432413,-97.403556,https://mitehuacan.mx/?ruta=7-upn-213-y-normal-superior
3,Tienda De Pinturas Ipesa,tienda,5,18.457526,-97.390568,https://mitehuacan.mx/?ruta=7-upn-213-y-normal-superior
3,Tsk Tehuacan Centro,tienda,5,18.457393,-97.385887,https://mitehuacan.mx/?ruta=7-upn-213-y-normal-superior
3,Carniceria La Nacional,tienda,6,18.432255,-97.403518,https://mitehuacan.mx/?ruta=7-upn-213-y-normal-superior
3,Cremeria Jmc,tienda,6,18.457405,-97.38987,https://mitehuacan.mx/?ruta=7-upn-213-y-normal-superior
3,Estacion De Carburcion Industrial Jorge Carreño,tienda,6,18.446529,-97.396339,https://mitehuacan.mx/?ruta=7-upn-213-y-normal-superior
3,Farmacia Homeopatica Tenorio Olalde,tienda,6,18.457434,-97.390837,https://mitehuacan.mx/?ruta=7-upn-213-y-normal-superior
3,Hiervas Y Plantas Medicinales 4 Elementos,tienda,6,18.457433,-97.390809,https://mitehuacan.mx/?ruta=7-upn-213-y-normal-superior
3,Ink Color,tienda,6,18.457394,-97.389567,https://mitehuacan.mx/?ruta=7-upn-213-y-normal-superior
3,La Casa Del Apicultor,tienda,6,18.457434,-97.387222,https://mitehuacan.mx/?ruta=7-upn-213-y-normal-superior
3,Mr Gas,tienda,6,18.435859,-97.40238,https://mitehuacan.mx/?ruta=7-upn-213-y-normal-superior
3,Venta De Articulos Para Manualidades Tus Sueños En Laser,tienda,6,18.457438,-97.391017,https://mitehuacan.mx/?ruta=7-upn-213-y-normal-superior
3,Venta De Pinturas Alvamex,tienda,6,18.457437,-97.39096,https://mitehuacan.mx/?ruta=7-upn-213-y-normal-superior
3,Blancos Y Novedades Hanna,tienda,7,18.428388,-97.406138,https://mitehuacan.mx/?ruta=7-upn-213-y-normal-superior
3,Carniceria La Azucena,tienda,7,18.458309,-97.392439,https://mitehuacan.mx/?ruta=7-upn-213-y-normal-superior
3,Carniceria La Guera,tienda,7,18.426989,-97.406888,https://mitehuacan.mx/?ruta=7-upn-213-y-normal-superior
3,Carniceria Luna,tienda,7,18.427,-97.406251,https://mitehuacan.mx/?ruta=7-upn-213-y-normal-superior
3,Elegance By Mabel,tienda,7,18.457929,-97.392445,https://mitehuacan.mx/?ruta=7-upn-213-y-normal-superior
3,Farmacia Farmars,tienda,7,18.428248,-97.405595,https://mitehuacan.mx/?ruta=7-upn-213-y-normal-superior
3,Frituras Tehuacan,tienda,7,18.457457,-97.391885,https://mitehuacan.mx/?ruta=7-upn-213-y-normal-superior
3,Plastico Sin Nombre,tienda,7,18.428269,-97.404834,https://mitehuacan.mx/?ruta=7-upn-213-y-normal-superior
3,Bazar Sin Nombre,tienda,8,18.454328,-97.391622,https://mitehuacan.mx/?ruta=7-upn-213-y-normal-superior
3,Compra Y Venta De Pañales Pañamex,tienda,8,18.457445,-97.38522,https://mitehuacan.mx/?ruta=7-upn-213-y-normal-superior
3,Panaderia Tocho Morocho,tienda,8,18.42846,-97.405747,https://mitehuacan.mx/?ruta=7-upn-213-y-normal-superior
3,Suplementos Alimenticios Mystems Fitness,tienda,8,18.457465,-97.392364,https://mitehuacan.mx/?ruta=7-upn-213-y-normal-superior
3,Pasteleria Beyli,tienda,9,18.429962,-97.404922,https://mitehuacan.mx/?ruta=7-upn-213-y-normal-superior
3,Tienda De Lenceria La Coqueteria,tienda,9,18.457351,-97.388998,https://mitehuacan.mx/?ruta=7-upn-213-y-normal-superior
3,Bodega De Pinturas De Distribuidora De Poliester,tienda,10,18.457563,-97.39025,https://mitehuacan.mx/?ruta=7-upn-213-y-normal-superior
3,Botanas Chucherias,tienda,10,18.45735,-97.389112,https://mitehuacan.mx/?ruta=7-upn-213-y-normal-superior
3,Chiles Secos Y Semillas Casa Hermes,tienda,10,18.45735,-97.389112,https://mitehuacan.mx/?ruta=7-upn-213-y-normal-superior
3,Venta De Ropa Para Niño Dios Juquilita,tienda,10,18.45735,-97.389216,https://mitehuacan.mx/?ruta=7-upn-213-y-normal-superior
3,7/24,tienda,10,18.458785,-97.392528,https://mitehuacan.mx/?ruta=7-upn-213-y-normal-superior
3,Bodega Hierbas Sin Nombre,tienda,11,18.457966,-97.385115,https://mitehuacan.mx/?ruta=7-upn-213-y-normal-superior
3,Carniceria La Nacional,tienda,11,18.458002,-97.385112,https://mitehuacan.mx/?ruta=7-upn-213-y-normal-superior
3,Central De Abastos De Tehuacan,tienda,11,18.449071,-97.394928,https://mitehuacan.mx/?ruta=7-upn-213-y-normal-superior
3,Compra Venta De Ropa Y Articulos Varios Sin Nombre,tienda,11,18.457993,-97.385113,https://mitehuacan.mx/?ruta=7-upn-213-y-normal-superior
3,Distribuidoras De Carnes Majuf,tienda,11,18.457348,-97.389417,https://mitehuacan.mx/?ruta=7-upn-213-y-normal-superior
3,Expendio De Huevo Sin Nombre,tienda,11,18.458616,-97.387486,https://mitehuacan.mx/?ruta=7-upn-213-y-normal-superior
3,Puesto De Ropa,tienda,11,18.457993,-97.385113,https://mitehuacan.mx/?ruta=7-upn-213-y-normal-superior
3,Tienda Naturista Tehuacan,tienda,11,18.458625,-97.387619,https://mitehuacan.mx/?ruta=7-upn-213-y-normal-superior
3,Venta De Lenceria Sin Nombre,tienda,11,18.457993,-97.385113,https://mitehuacan.mx/?ruta=7-upn-213-y-normal-superior
3,Venta De Rebozos Y Telas Sin Nombre,tienda,11,18.457993,-97.385113,https://mitehuacan.mx/?ruta=7-upn-213-y-normal-superior
3,Venta De Ropa Sin Nombre,tienda,11,18.457993,-97.385113,https://mitehuacan.mx/?ruta=7-upn-213-y-normal-superior
3,Venta De Ropa Usada Sin Nombre,tienda,11,18.458002,-97.385112,https://mitehuacan.mx/?ruta=7-upn-213-y-normal-superior
3,Venta De Semillas Sin Nombre,tienda,11,18.458075,-97.385107,https://mitehuacan.mx/?ruta=7-upn-213-y-normal-superior
3,724 Super 102 Tehuacan Paseo Hidalgo,tienda,12,18.458804,-97.392536,https://mitehuacan.mx/?ruta=7-upn-213-y-normal-superior
3,Expendio De Pan La Antigua,tienda,12,18.458631,-97.387704,https://mitehuacan.mx/?ruta=7-upn-213-y-normal-superior
3,Jarcieria J G,tienda,12,18.458605,-97.38687,https://mitehuacan.mx/?ruta=7-upn-213-y-normal-superior
3,Puesto De Tamarindo Sin Nombre,tienda,12,18.457894,-97.385121,https://mitehuacan.mx/?ruta=7-upn-213-y-normal-superior
3,Venta De Chicharron Chicharroneria Las Maravillas,tienda,12,18.458526,-97.38525,https://mitehuacan.mx/?ruta=7-upn-213-y-normal-superior
3,Venta De Juguetes Sin Nombre,tienda,12,18.457804,-97.385128,https://mitehuacan.mx/?ruta=7-upn-213-y-normal-superior
3,Venta De Pinturas La Casa Del Pintor,tienda,12,18.458798,-97.392214,https://mitehuacan.mx/?ruta=7-upn-213-y-normal-superior
3,Venta De Pinturas Pintugama Tehuacan,tienda,12,18.458602,-97.386709,https://mitehuacan.mx/?ruta=7-upn-213-y-normal-superior
3,Venta De Ropa Usada Sin Nombre,tienda,12,18.457786,-97.385129,https://mitehuacan.mx/?ruta=7-upn-213-y-normal-superior
3,Venta De Ropa Usada Sin Nombre,tienda,12,18.458138,-97.385102,https://mitehuacan.mx/?ruta=7-upn-213-y-normal-superior
3,Venta De Tamarindo Sin Nombre,tienda,12,18.457867,-97.385123,https://mitehuacan.mx/?ruta=7-upn-213-y-normal-superior
3,Venta De Vestidos Bordados Las Raquelitas,tienda,12,18.458529,-97.385345,https://mitehuacan.mx/?ruta=7-upn-213-y-normal-superior
3,Vestidos Ceremoniales Karylu,tienda,12,18.458799,-97.392271,https://mitehuacan.mx/?ruta=7-upn-213-y-normal-superior
3,Articulos De Plastico Super Plas,tienda,13,18.458788,-97.391731,https://mitehuacan.mx/?ruta=7-upn-213-y-normal-superior
3,Bodega Sin Nombre,tienda,13,18.45866,-97.388149,https://mitehuacan.mx/?ruta=7-upn-213-y-normal-superior
3,Coth56 Servicio Total A Bordo Tehuacan Au,tienda,13,18.458667,-97.388338,https://mitehuacan.mx/?ruta=7-upn-213-y-normal-superior
3,Mezcal La Perla De Oaxaca,tienda,13,18.458658,-97.388111,https://mitehuacan.mx/?ruta=7-upn-213-y-normal-superior
3,Puesto De Hierbas Sin Nombre,tienda,13,18.458364,-97.385085,https://mitehuacan.mx/?ruta=7-upn-213-y-normal-superior
3,Venta De Canastas Sin Nombre,tienda,13,18.45775,-97.385132,https://mitehuacan.mx/?ruta=7-upn-213-y-normal-superior
3,Venta De Cruces Sin Nombre,tienda,13,18.458507,-97.390331,https://mitehuacan.mx/?ruta=7-upn-213-y-normal-superior
3,Venta De Granos Y Semillas,tienda,13,18.457732,-97.385133,https://mitehuacan.mx/?ruta=7-upn-213-y-normal-superior
3,Venta De Hierbas Sin Nombre,tienda,13,18.457714,-97.385135,https://mitehuacan.mx/?ruta=7-upn-213-y-normal-superior
3,Venta De Pan De Burro Sin Nombre,tienda,13,18.458391,-97.385082,https://mitehuacan.mx/?ruta=7-upn-213-y-normal-superior
3,Venta De Plasticos Sin Nombre,tienda,13,18.458382,-97.385083,https://mitehuacan.mx/?ruta=7-upn-213-y-normal-superior
3,Venta De Ropa Interior De Dama Sin Nombre,tienda,13,18.458765,-97.391039,https://mitehuacan.mx/?ruta=7-upn-213-y-normal-superior
3,Venta De Sal Sin Nombre,tienda,13,18.458318,-97.385088,https://mitehuacan.mx/?ruta=7-upn-213-y-normal-superior
3,Venta De Suplementos Alimenticios Mr Nutrishion,tienda,13,18.458778,-97.391405,https://mitehuacan.mx/?ruta=7-upn-213-y-normal-superior
3,Venta De Vinos Y Licores Regional,tienda,13,18.458548,-97.38549,https://mitehuacan.mx/?ruta=7-upn-213-y-normal-superior
3,Blancos Conde,tienda,14,18.458685,-97.388613,https://mitehuacan.mx/?ruta=7-upn-213-y-normal-superior
3,Bodega De Canasta Sin Nombre,tienda,14,18.457524,-97.385149,https://mitehuacan.mx/?ruta=7-upn-213-y-normal-superior
3,Carniceria Blandina,tienda,14,18.457479,-97.385153,https://mitehuacan.mx/?ruta=7-upn-213-y-normal-superior
3,Carniceria Jork,tienda,14,18.457506,-97.385151,https://mitehuacan.mx/?ruta=7-upn-213-y-normal-superior
3,Carniceria La Chileñita,tienda,14,18.457479,-97.385153,https://mitehuacan.mx/?ruta=7-upn-213-y-normal-superior
3,Carniceria Villalba,tienda,14,18.457479,-97.385153,https://mitehuacan.mx/?ruta=7-upn-213-y-normal-superior
3,Coth51 Delimart Au,tienda,14,18.458687,-97.388656,https://mitehuacan.mx/?ruta=7-upn-213-y-normal-superior
3,Expendio De Pan De Burro Disney,tienda,14,18.458685,-97.388613,https://mitehuacan.mx/?ruta=7-upn-213-y-normal-superior
3,Plastico Zarate,tienda,14,18.457497,-97.385151,https://mitehuacan.mx/?ruta=7-upn-213-y-normal-superior
3,Puesto De Artesanias De Palma Sin Nombre,tienda,14,18.457497,-97.385151,https://mitehuacan.mx/?ruta=7-upn-213-y-normal-superior
3,Puesto De Ropa Sin Nombre,tienda,14,18.457506,-97.385151,https://mitehuacan.mx/?ruta=7-upn-213-y-normal-superior
3,Reboseria Y Telas Lupita,tienda,14,18.457497,-97.385151,https://mitehuacan.mx/?ruta=7-upn-213-y-normal-superior
3,Ropa Importacion Y Novedades Cho,tienda,14,18.457587,-97.385144,https://mitehuacan.mx/?ruta=7-upn-213-y-normal-superior
3,Ropa Y Zapatos Usado Sin Nombre,tienda,14,18.457533,-97.385148,https://mitehuacan.mx/?ruta=7-upn-213-y-normal-superior
3,Super Servicio Alatriste,tienda,14,18.458745,-97.390252,https://mitehuacan.mx/?ruta=7-upn-213-y-normal-superior
3,Tienda De Lenceria Pasion 360,tienda,14,18.458739,-97.390025,https://mitehuacan.mx/?ruta=7-upn-213-y-normal-superior
3,Tienda De Ropa Sami,tienda,14,18.457479,-97.385153,https://mitehuacan.mx/?ruta=7-upn-213-y-normal-superior
3,Venta D Ropa Usada Sin Nombre,tienda,14,18.457479,-97.385153,https://mitehuacan.mx/?ruta=7-upn-213-y-normal-superior
3,Venta De Artesania De Palma Sin Nombre,tienda,14,18.457515,-97.38515,https://mitehuacan.mx/?ruta=7-upn-213-y-normal-superior
3,Venta De Artesania De Palma Sin Nombre,tienda,14,18.457506,-97.385151,https://mitehuacan.mx/?ruta=7-upn-213-y-normal-superior
3,Venta De Artesanias De Palma Sin Nombre,tienda,14,18.457506,-97.385151,https://mitehuacan.mx/?ruta=7-upn-213-y-normal-superior
3,Venta De Artesanias De Palma Sin Nombre,tienda,14,18.457515,-97.38515,https://mitehuacan.mx/?ruta=7-upn-213-y-normal-superior
3,Venta De Articulos De Segunda Mano Sin Nombre,tienda,14,18.457515,-97.38515,https://mitehuacan.mx/?ruta=7-upn-213-y-normal-superior
3,Venta De Articulos De Segunda Mano Sin Nombre,tienda,14,18.457488,-97.385152,https://mitehuacan.mx/?ruta=7-upn-213-y-normal-superior
3,Venta De Articulos Usados Sin Nombre,tienda,14,18.457533,-97.385148,https://mitehuacan.mx/?ruta=7-upn-213-y-normal-superior
3,Venta De Cajetes Sin Nombre,tienda,14,18.457524,-97.385149,https://mitehuacan.mx/?ruta=7-upn-213-y-normal-superior
3,Venta De Calzado Sin Nombre,tienda,14,18.457542,-97.385148,https://mitehuacan.mx/?ruta=7-upn-213-y-normal-superior
3,Venta De Calzado Usado Sin Nombre,tienda,14,18.457524,-97.385149,https://mitehuacan.mx/?ruta=7-upn-213-y-normal-superior
3,Venta De Canastas Sin Nombre,tienda,14,18.457524,-97.385149,https://mitehuacan.mx/?ruta=7-upn-213-y-normal-superior
3,Venta De Chacharas Sin Nombre,tienda,14,18.457479,-97.385153,https://mitehuacan.mx/?ruta=7-upn-213-y-normal-superior
3,Venta De Chiles Secos Sin Nombre,tienda,14,18.457506,-97.385151,https://mitehuacan.mx/?ruta=7-upn-213-y-normal-superior
3,Venta De Discos Sin Nombre,tienda,14,18.45756,-97.385146,https://mitehuacan.mx/?ruta=7-upn-213-y-normal-superior
3,Venta De Flores Y Plantas Medicinales Sin Nombre,tienda,14,18.457497,-97.385151,https://mitehuacan.mx/?ruta=7-upn-213-y-normal-superior
3,Venta De Fruta Sin Nombre,tienda,14,18.457479,-97.385153,https://mitehuacan.mx/?ruta=7-upn-213-y-normal-superior
3,Venta De Hierbas Medicinales,tienda,14,18.457506,-97.385151,https://mitehuacan.mx/?ruta=7-upn-213-y-normal-superior
3,Venta De Juguetes Y Zapatos De Segunda Sin Nombre,tienda,14,18.457479,-97.385153,https://mitehuacan.mx/?ruta=7-upn-213-y-normal-superior
3,Venta De Miel Sin Nombre,tienda,14,18.457524,-97.385149,https://mitehuacan.mx/?ruta=7-upn-213-y-normal-superior
3,Venta De Plantas Medicinales Sin Nombre,tienda,14,18.457488,-97.385152,https://mitehuacan.mx/?ruta=7-upn-213-y-normal-superior
3,Venta De Productos Naturistas Sana,tienda,14,18.458695,-97.388783,https://mitehuacan.mx/?ruta=7-upn-213-y-normal-superior
3,Venta De Ropa De Segunda Mano Sin Nombre,tienda,14,18.457488,-97.385152,https://mitehuacan.mx/?ruta=7-upn-213-y-normal-superior
3,Venta De Ropa Tipica Sin Nombre,tienda,14,18.457506,-97.385151,https://mitehuacan.mx/?ruta=7-upn-213-y-normal-superior
3,Venta De Ropa Usada Sin Nombre,tienda,14,18.457542,-97.385148,https://mitehuacan.mx/?ruta=7-upn-213-y-normal-superior
3,Venta De Ropa Usada Sin Nombre,tienda,14,18.457551,-97.385147,https://mitehuacan.mx/?ruta=7-upn-213-y-normal-superior
3,Venta De Ropa Y Zapatos Usados Sin Nombre,tienda,14,18.457488,-97.385152,https://mitehuacan.mx/?ruta=7-upn-213-y-normal-superior
3,Venta De Sombreros Y Pan El Vaquero,tienda,14,18.458692,-97.388736,https://mitehuacan.mx/?ruta=7-upn-213-y-normal-superior
3,Ventas De Anafres Y Comales Sin Nombre,tienda,14,18.457515,-97.38515,https://mitehuacan.mx/?ruta=7-upn-213-y-normal-superior
3,Zapatos Usados Sin Nombre,tienda,14,18.457524,-97.385149,https://mitehuacan.mx/?ruta=7-upn-213-y-normal-superior
3,Carniceria Sin Nombre,tienda,15,18.457362,-97.385159,https://mitehuacan.mx/?ruta=7-upn-213-y-normal-superior
3,Expendio De Pan De Burro Sin Nombre,tienda,15,18.458705,-97.388935,https://mitehuacan.mx/?ruta=7-upn-213-y-normal-superior
3,Sombrereria Coxcatlan,tienda,15,18.458721,-97.389257,https://mitehuacan.mx/?ruta=7-upn-213-y-normal-superior
3,Veladoras San Judas Tadeo,tienda,15,18.458718,-97.389191,https://mitehuacan.mx/?ruta=7-upn-213-y-normal-superior
3,Venta De Articulos Usados Sin Nombre,tienda,15,18.45747,-97.385153,https://mitehuacan.mx/?ruta=7-upn-213-y-normal-superior
3,Venta De Bolsa Y Canasta De Plastico O Toquilla Sin Nombre,tienda,15,18.45747,-97.385153,https://mitehuacan.mx/?ruta=7-upn-213-y-normal-superior
3,Venta De Bolsas De Plastico Y Toquillo Sin Nombre,tienda,15,18.45747,-97.385153,https://mitehuacan.mx/?ruta=7-upn-213-y-normal-superior
3,Venta De Bolsas Tejidas De Plastico Sin Nombre,tienda,15,18.45746,-97.385154,https://mitehuacan.mx/?ruta=7-upn-213-y-normal-superior
3,Venta De Hierbas Sin Nombre,tienda,15,18.457433,-97.385156,https://mitehuacan.mx/?ruta=7-upn-213-y-normal-superior
3,Venta De Instrumentos Musicales Ruper Music,tienda,15,18.457583,-97.389414,https://mitehuacan.mx/?ruta=7-upn-213-y-normal-superior
3,Venta De Loza De Barro,tienda,15,18.457433,-97.385156,https://mitehuacan.mx/?ruta=7-upn-213-y-normal-superior
3,Venta De Pan De Burro,tienda,15,18.458715,-97.389105,https://mitehuacan.mx/?ruta=7-upn-213-y-normal-superior
3,Venta De Pan De Burro Sin Nombre,tienda,15,18.457442,-97.385155,https://mitehuacan.mx/?ruta=7-upn-213-y-normal-superior
3,Venta De Ropa Interior Secret Fantasy,tienda,15,18.458724,-97.389323,https://mitehuacan.mx/?ruta=7-upn-213-y-normal-superior
3,Venta De Ropa Sin Nombre,tienda,15,18.457451,-97.385155,https://mitehuacan.mx/?ruta=7-upn-213-y-normal-superior
3,Venta De Ropa Usada Sin Nombre,tienda,15,18.45747,-97.385153,https://mitehuacan.mx/?ruta=7-upn-213-y-normal-superior
3,Venta De Tenates De Palma Sin Nombre,tienda,15,18.45746,-97.385154,https://mitehuacan.mx/?ruta=7-upn-213-y-normal-superior
3,Venta De Tenates Y Canastas De Palma Carrizo Y Fibra Sin Nom,tienda,15,18.45747,-97.385153,https://mitehuacan.mx/?ruta=7-upn-213-y-normal-superior
3,Venta De Zapatos Y Ropa Usada Sin Nombre,tienda,15,18.45747,-97.385153,https://mitehuacan.mx/?ruta=7-upn-213-y-normal-superior
3,Venta Ropa Y Zapatos Usados Sin Nombre,tienda,15,18.45747,-97.385153,https://mitehuacan.mx/?ruta=7-upn-213-y-normal-superior
3,Bodega De Carniceria La Favorita,tienda,16,18.457316,-97.385157,https://mitehuacan.mx/?ruta=7-upn-213-y-normal-superior
3,Cafe Iberia,tienda,16,18.457316,-97.385157,https://mitehuacan.mx/?ruta=7-upn-213-y-normal-superior
3,Expendio De Pan Bimbo,tienda,16,18.457218,-97.385231,https://mitehuacan.mx/?ruta=7-upn-213-y-normal-superior
3,Pasteleria La Princesa,tienda,16,18.427804,-97.405573,https://mitehuacan.mx/?ruta=7-upn-213-y-normal-superior
3,Semillas Y Chiles Secos Tony Y Robert,tienda,16,18.458427,-97.385054,https://mitehuacan.mx/?ruta=7-upn-213-y-normal-superior
3,Venta De Hierbas Y Nopal Sin Nombre,tienda,16,18.457316,-97.385157,https://mitehuacan.mx/?ruta=7-upn-213-y-normal-superior
3,Venta De Ropa Usada Sin Nombre,tienda,16,18.457326,-97.385158,https://mitehuacan.mx/?ruta=7-upn-213-y-normal-superior
3,Venta De Servilletas Sin Nombre,tienda,16,18.457325,-97.385158,https://mitehuacan.mx/?ruta=7-upn-213-y-normal-superior
3,Venta De Sombreros Sin Nombre,tienda,16,18.457316,-97.385157,https://mitehuacan.mx/?ruta=7-upn-213-y-normal-superior
3,Carniceria Sotavento,tienda,17,18.457307,-97.385157,https://mitehuacan.mx/?ruta=7-upn-213-y-normal-superior
3,Productos De Limpieza Sin Nombre,tienda,17,18.428548,-97.405703,https://mitehuacan.mx/?ruta=7-upn-213-y-normal-superior
3,Venta De Canastas Sin Nombre,tienda,17,18.457307,-97.385157,https://mitehuacan.mx/?ruta=7-upn-213-y-normal-superior
3,Venta De Chiles Secos Y Semillas,tienda,17,18.457307,-97.385157,https://mitehuacan.mx/?ruta=7-upn-213-y-normal-superior
3,Venta De Cilantro Papalo Y Pipicha Sin Nombre,tienda,17,18.457307,-97.385157,https://mitehuacan.mx/?ruta=7-upn-213-y-normal-superior
3,Venta De Hierbas Medicinales Sin Nombre,tienda,17,18.457298,-97.385157,https://mitehuacan.mx/?ruta=7-upn-213-y-normal-superior
3,Carniceria Las Flores,tienda,18,18.428092,-97.407238,https://mitehuacan.mx/?ruta=7-upn-213-y-normal-superior
3,Comercializadora Osorio,tienda,18,18.458344,-97.387107,https://mitehuacan.mx/?ruta=7-upn-213-y-normal-superior
3,Puesto De Chiles Secos,tienda,18,18.458426,-97.385036,https://mitehuacan.mx/?ruta=7-upn-213-y-normal-superior
3,Venta De Chiles Secos Sin Nombre,tienda,18,18.457262,-97.385158,https://mitehuacan.mx/?ruta=7-upn-213-y-normal-superior
3,Venta De Pan Sin Nombre,tienda,18,18.458753,-97.389497,https://mitehuacan.mx/?ruta=7-upn-213-y-normal-superior
3,Venta De Chacharas Sin Nombre,tienda,19,18.458426,-97.385026,https://mitehuacan.mx/?ruta=7-upn-213-y-normal-superior
3,Tienda De Vestidos Detalles De Comunion Novias Maqueda,tienda,20,18.458819,-97.390755,https://mitehuacan.mx/?ruta=7-upn-213-y-normal-superior
3,Venta De Pinturas Pintucom De Tehuacan,tienda,20,18.457653,-97.390247,https://mitehuacan.mx/?ruta=7-upn-213-y-normal-superior
3,Venta De Ropa Usada Sin Nombre,tienda,20,18.457234,-97.38516,https://mitehuacan.mx/?ruta=7-upn-213-y-normal-superior
3,San Judas Tadeo,tienda,21,18.458318,-97.387108,https://mitehuacan.mx/?ruta=7-upn-213-y-normal-superior
3,Venta De Articulos Deportivos De Segunda Sin Nombre,tienda,21,18.457216,-97.38516,https://mitehuacan.mx/?ruta=7-upn-213-y-normal-superior
3,Venta De Productos Alimenticios Omnilife,tienda,21,18.457637,-97.389413,https://mitehuacan.mx/?ruta=7-upn-213-y-normal-superior
3,724 Super 108 Tehuacan Santa Maria Coapan,tienda,22,18.434219,-97.405319,https://mitehuacan.mx/?ruta=7-upn-213-y-normal-superior
3,724 Super 109 Tehuacan 5 Sur,tienda,22,18.458786,-97.389392,https://mitehuacan.mx/?ruta=7-upn-213-y-normal-superior
3,Oxxo Suc 50Vzj Avila Camacho Pbf,tienda,22,18.455635,-97.391621,https://mitehuacan.mx/?ruta=7-upn-213-y-normal-superior
3,Plasticos Lupita,tienda,22,18.458786,-97.389392,https://mitehuacan.mx/?ruta=7-upn-213-y-normal-superior
3,Ventas De Computadoras Genius,tienda,22,18.458786,-97.389392,https://mitehuacan.mx/?ruta=7-upn-213-y-normal-superior
3,Carniceria Angel,tienda,23,18.427001,-97.405511,https://mitehuacan.mx/?ruta=7-upn-213-y-normal-superior
3,Venta De Cristaleria Loza Y Peltre,tienda,23,18.457189,-97.385161,https://mitehuacan.mx/?ruta=7-upn-213-y-normal-superior
3,Venta De Ropa Sin Nombre,tienda,23,18.457585,-97.38714,https://mitehuacan.mx/?ruta=7-upn-213-y-normal-superior
3,Venta De Ropa Usada,tienda,23,18.45858,-97.392718,https://mitehuacan.mx/?ruta=7-upn-213-y-normal-superior
3,Pasteleria La Princesa,tienda,24,18.458807,-97.389496,https://mitehuacan.mx/?ruta=7-upn-213-y-normal-superior
3,Venta De Celulares Y Accesorios Usados Sin Nombre,tienda,24,18.45718,-97.385162,https://mitehuacan.mx/?ruta=7-upn-213-y-normal-superior
3,Venta De Lenceria Sin Nombre,tienda,24,18.458537,-97.385013,https://mitehuacan.mx/?ruta=7-upn-213-y-normal-superior
3,650235 Neto Nervo,tienda,25,18.457691,-97.385503,https://mitehuacan.mx/?ruta=7-upn-213-y-normal-superior
3,Suplementos Alimenticios Centro De Distribucion Bio-4,tienda,25,18.458446,-97.391574,https://mitehuacan.mx/?ruta=7-upn-213-y-normal-superior
3,Cremeria La Rosita,tienda,26,18.458423,-97.38496,https://mitehuacan.mx/?ruta=7-upn-213-y-normal-superior
3,Parque de Coapan,tienda,26,18.428007,-97.405963,https://mitehuacan.mx/?ruta=7-upn-213-y-normal-superior
3,Productos De Limpieza Dogo,tienda,27,18.457621,-97.387138,https://mitehuacan.mx/?ruta=7-upn-213-y-normal-superior
3,Tienda Neto Sucursal Nervo,tienda,27,18.457847,-97.3855,https://mitehuacan.mx/?ruta=7-upn-213-y-normal-superior
3,Venta De Lenceria Isabela,tienda,27,18.458424,-97.39147,https://mitehuacan.mx/?ruta=7-upn-213-y-normal-superior
3,Tienda Naturista San Benito,tienda,28,18.458334,-97.389408,https://mitehuacan.mx/?ruta=7-upn-213-y-normal-superior
3,Modas Ericos,tienda,29,18.458852,-97.389495,https://mitehuacan.mx/?ruta=7-upn-213-y-normal-superior
3,Optica Optivision,tienda,29,18.457713,-97.389527,https://mitehuacan.mx/?ruta=7-upn-213-y-normal-superior
3,Pasteleria La Artesanal,tienda,29,18.458811,-97.392745,https://mitehuacan.mx/?ruta=7-upn-213-y-normal-superior
3,Plasticos El Bolsas,tienda,29,18.458534,-97.384956,https://mitehuacan.mx/?ruta=7-upn-213-y-normal-superior
3,Bazar De Ropa Bety American Fashion,tienda,30,18.457242,-97.391591,https://mitehuacan.mx/?ruta=7-upn-213-y-normal-superior
3,Aceites Y Lubricantes Royer,tienda,31,18.428007,-97.40485,https://mitehuacan.mx/?ruta=7-upn-213-y-normal-superior
3,Panaderia La Fortaleza,tienda,31,18.434359,-97.405482,https://mitehuacan.mx/?ruta=7-upn-213-y-normal-superior
3,Pinturas Comex Sucursal Hidalgo,tienda,31,18.455446,-97.392494,https://mitehuacan.mx/?ruta=7-upn-213-y-normal-superior
3,Puesto De Ropa Usada Sin Nombre,tienda,31,18.45709,-97.385166,https://mitehuacan.mx/?ruta=7-upn-213-y-normal-superior
3,Latinos,tienda,32,18.458797,-97.387107,https://mitehuacan.mx/?ruta=7-upn-213-y-normal-superior
3,Tienda Naturista Yo Soy Natural,tienda,32,18.456487,-97.392169,https://mitehuacan.mx/?ruta=7-upn-213-y-normal-superior
3,Romss,tienda,34,18.458969,-97.391446,https://mitehuacan.mx/?ruta=7-upn-213-y-normal-superior
3,Venta De Celulares Y Accesorios La Lupe,tienda,34,18.457063,-97.385167,https://mitehuacan.mx/?ruta=7-upn-213-y-normal-superior
3,Panaderia Mi Pan,tienda,35,18.452191,-97.39486,https://mitehuacan.mx/?ruta=7-upn-213-y-normal-superior
3,Plasticos Lupita,tienda,35,18.458907,-97.389494,https://mitehuacan.mx/?ruta=7-upn-213-y-normal-superior
3,Venta De Veladoras E Inciensos La Abundancia,tienda,35,18.457908,-97.385566,https://mitehuacan.mx/?ruta=7-upn-213-y-normal-superior
3,Bazar Sin Nombre,tienda,36,18.457051,-97.387162,https://mitehuacan.mx/?ruta=7-upn-213-y-normal-superior
3,Mezcal De Oaxaca,tienda,36,18.458716,-97.385064,https://mitehuacan.mx/?ruta=7-upn-213-y-normal-superior
3,Carniceria Sin Nombre,tienda,37,18.457035,-97.385168,https://mitehuacan.mx/?ruta=7-upn-213-y-normal-superior
3,Tienda Naturista Bienestar Y Vida,tienda,37,18.458173,-97.387115,https://mitehuacan.mx/?ruta=7-upn-213-y-normal-superior
3,Venta De Pinturas Distribuidora De Poliester,tienda,37,18.45781,-97.390337,https://mitehuacan.mx/?ruta=7-upn-213-y-normal-superior
3,Venta De Ropa Interior Para Toda La Familia Sin Nombre,tienda,37,18.458419,-97.384855,https://mitehuacan.mx/?ruta=7-upn-213-y-normal-superior
3,Carniceria El Divino Niño Jesus,tienda,38,18.457026,-97.385169,https://mitehuacan.mx/?ruta=7-upn-213-y-normal-superior
3,Carniceria Samuel,tienda,38,18.427401,-97.406333,https://mitehuacan.mx/?ruta=7-upn-213-y-normal-superior
3,Compra Venta De Granos Y Semillas,tienda,38,18.457723,-97.38721,https://mitehuacan.mx/?ruta=7-upn-213-y-normal-superior
3,Venta De Productos Oaxaqueños El Bombon Oaxaqueño,tienda,38,18.457026,-97.385169,https://mitehuacan.mx/?ruta=7-upn-213-y-normal-superior
3,Bodega De Ceramica De Barro,tienda,39,18.457017,-97.385169,https://mitehuacan.mx/?ruta=7-upn-213-y-normal-superior
3,Venta De Plastico La Purisima,tienda,39,18.457017,-97.385169,https://mitehuacan.mx/?ruta=7-upn-213-y-normal-superior
3,Compra Venta De Ropa Tipica Rhuama,tienda,40,18.457834,-97.390242,https://mitehuacan.mx/?ruta=7-upn-213-y-normal-superior
3,Cremeria Las Amiguitas,tienda,40,18.457008,-97.385169,https://mitehuacan.mx/?ruta=7-upn-213-y-normal-superior
3,Bodega De Carniceria Virgen De Juquila,tienda,41,18.45699,-97.38517,https://mitehuacan.mx/?ruta=7-upn-213-y-normal-superior
3,Expendio De Pan Pastelin,tienda,42,18.456965,-97.385244,https://mitehuacan.mx/?ruta=7-upn-213-y-normal-superior
3,Venta De Zapatos De Segunda Sin Nombre,tienda,42,18.456981,-97.385171,https://mitehuacan.mx/?ruta=7-upn-213-y-normal-superior
3,Venta De Accesorios Celulares De Segunda Sin Nombre,tienda,43,18.456972,-97.385171,https://mitehuacan.mx/?ruta=7-upn-213-y-normal-superior
3,Venta De Ropa Usada Sin Nombre,tienda,43,18.458082,-97.386271,https://mitehuacan.mx/?ruta=7-upn-213-y-normal-superior
3,Tienda Accesorios Importadora Veracruz,tienda,44,18.458816,-97.392894,https://mitehuacan.mx/?ruta=7-upn-213-y-normal-superior
3,Venta De Lentes Optica Reyes,tienda,44,18.45827,-97.39147,https://mitehuacan.mx/?ruta=7-upn-213-y-normal-superior
3,Venta De Costales,tienda,45,18.456938,-97.385245,https://mitehuacan.mx/?ruta=7-upn-213-y-normal-superior
3,Gasera Mr Gas,tienda,46,18.435551,-97.402182,https://mitehuacan.mx/?ruta=7-upn-213-y-normal-superior
3,Deli Mart,tienda,46,18.458975,-97.388646,https://mitehuacan.mx/?ruta=7-upn-213-y-normal-superior
3,Venta De Ropa Usada Sin Nombre,tienda,49,18.456918,-97.385173,https://mitehuacan.mx/?ruta=7-upn-213-y-normal-superior
3,Pomos Y Chelas,tienda,51,18.457975,-97.391577,https://mitehuacan.mx/?ruta=7-upn-213-y-normal-superior
3,Venta De Ropa Sin Nombre,tienda,51,18.457017,-97.390461,https://mitehuacan.mx/?ruta=7-upn-213-y-normal-superior
3,Carniceria El Suavecito,tienda,52,18.456891,-97.385174,https://mitehuacan.mx/?ruta=7-upn-213-y-normal-superior
3,Cremeria Vaqueritos,tienda,53,18.45793,-97.389526,https://mitehuacan.mx/?ruta=7-upn-213-y-normal-superior
3,El Artesano Paqueteria Y Arte,tienda,54,18.457494,-97.393292,https://mitehuacan.mx/?ruta=7-upn-213-y-normal-superior
3,Pasteleria Cristal,tienda,54,18.45818,-97.39147,https://mitehuacan.mx/?ruta=7-upn-213-y-normal-superior
3,Venta De Salsa De Hormiga Sin Nombre,tienda,54,18.458412,-97.384694,https://mitehuacan.mx/?ruta=7-upn-213-y-normal-superior
3,Venta De Chacharas Sin Nombre,tienda,55,18.456855,-97.385176,https://mitehuacan.mx/?ruta=7-upn-213-y-normal-superior
3,Venta De Pan De Burro Sin Nombre,tienda,55,18.458411,-97.384685,https://mitehuacan.mx/?ruta=7-upn-213-y-normal-superior
3,Leynez Jarcieria,tienda,56,18.458965,-97.386079,https://mitehuacan.mx/?ruta=7-upn-213-y-normal-superior
3,Union Regional De Artesanias De Palma Tehuacan-Cuicatlan,tienda,56,18.452558,-97.392068,https://mitehuacan.mx/?ruta=7-upn-213-y-normal-superior
3,Venta De Pinturas Texturplast,tienda,56,18.458162,-97.39147,https://mitehuacan.mx/?ruta=7-upn-213-y-normal-superior
3,Tienda De Ropa Segundo Estreno Tehuacan,tienda,57,18.456931,-97.389443,https://mitehuacan.mx/?ruta=7-upn-213-y-normal-superior
3,Venta De Artesanias Sin Nombre,tienda,57,18.459175,-97.391442,https://mitehuacan.mx/?ruta=7-upn-213-y-normal-superior
3,Venta De Bolsas De Mandado Sin Nombre,tienda,57,18.458411,-97.384666,https://mitehuacan.mx/?ruta=7-upn-213-y-normal-superior
3,Carniceria Gaby,tienda,58,18.456828,-97.385177,https://mitehuacan.mx/?ruta=7-upn-213-y-normal-superior
3,Venta De Granos Y Semillas Sin Nombre,tienda,58,18.45841,-97.384657,https://mitehuacan.mx/?ruta=7-upn-213-y-normal-superior
3,Venta De Lenceria,tienda,58,18.45916,-97.390668,https://mitehuacan.mx/?ruta=7-upn-213-y-normal-superior
3,Productos De Limpieza Ae Clean,tienda,59,18.456581,-97.391919,https://mitehuacan.mx/?ruta=7-upn-213-y-normal-superior
3,Fashion Queen,tienda,61,18.458951,-97.385049,https://mitehuacan.mx/?ruta=7-upn-213-y-normal-superior
3,La Comercial De Tehuacan,tienda,62,18.459227,-97.391441,https://mitehuacan.mx/?ruta=7-upn-213-y-normal-superior
3,Venta De Bolsas Y Tenates De Plastico Palma Y Fibra Sin Nomb,tienda,62,18.456791,-97.385179,https://mitehuacan.mx/?ruta=7-upn-213-y-normal-superior
3,Bazar De Ropa Usada Nacional Sin Nombre,tienda,63,18.456881,-97.389689,https://mitehuacan.mx/?ruta=7-upn-213-y-normal-superior
3,Puesto De Ropa Usada Sin Nombre,tienda,63,18.456782,-97.385179,https://mitehuacan.mx/?ruta=7-upn-213-y-normal-superior
3,Venta De Sabanas Y Cobijas Blancos Banderas,tienda,64,18.459166,-97.389387,https://mitehuacan.mx/?ruta=7-upn-213-y-normal-superior
3,Venta De Ropa Usada Sin Nombre,tienda,65,18.456764,-97.38518,https://mitehuacan.mx/?ruta=7-upn-213-y-normal-superior
3,Venta De Ropa De Segunda Mano Sin Nombre,tienda,66,18.456755,-97.38518,https://mitehuacan.mx/?ruta=7-upn-213-y-normal-superior
3,Puesto De Desechables Viky,tienda,67,18.456746,-97.385181,https://mitehuacan.mx/?ruta=7-upn-213-y-normal-superior
3,Venta De Ropa Usada Sin Nombre,tienda,67,18.456746,-97.385181,https://mitehuacan.mx/?ruta=7-upn-213-y-normal-superior
3,Venta De Galletas Y Pays Sin Nombre,tienda,71,18.45671,-97.385182,https://mitehuacan.mx/?ruta=7-upn-213-y-normal-superior
3,Carniceria Ortiz,tienda,72,18.426259,-97.406303,https://mitehuacan.mx/?ruta=7-upn-213-y-normal-superior
3,La Neni Ropa Americana,tienda,72,18.456373,-97.391605,https://mitehuacan.mx/?ruta=7-upn-213-y-normal-superior
3,Venta De Celulares Usados Y Accesorios Sin Nombre,tienda,72,18.456701,-97.385183,https://mitehuacan.mx/?ruta=7-upn-213-y-normal-superior
3,Venta De Semillas La Pobedita,tienda,72,18.458505,-97.38453,https://mitehuacan.mx/?ruta=7-upn-213-y-normal-superior
3,Venta De Articulos Usados Sin Nombre,tienda,73,18.456692,-97.385183,https://mitehuacan.mx/?ruta=7-upn-213-y-normal-superior
3,Venta De Ropa Artesanal Artesanias Che,tienda,73,18.456692,-97.385183,https://mitehuacan.mx/?ruta=7-upn-213-y-normal-superior
3,Higienicos Y Desechables Elena,tienda,74,18.456683,-97.385184,https://mitehuacan.mx/?ruta=7-upn-213-y-normal-superior
3,Venta De Artesanias De Palma Sin Nombre,tienda,74,18.456683,-97.385184,https://mitehuacan.mx/?ruta=7-upn-213-y-normal-superior
3,Surcursal De Miel San Miguel Tehuacan,tienda,75,18.459266,-97.389386,https://mitehuacan.mx/?ruta=7-upn-213-y-normal-superior
3,Venta De Hierbas Sin Nombre,tienda,75,18.456674,-97.385184,https://mitehuacan.mx/?ruta=7-upn-213-y-normal-superior
3,Venta De Productos De Limpieza Grupo Gira,tienda,77,18.456683,-97.387251,https://mitehuacan.mx/?ruta=7-upn-213-y-normal-superior
3,Tienda De Tornillos Tornilleria Y Birlos,tienda,78,18.430736,-97.405429,https://mitehuacan.mx/?ruta=7-upn-213-y-normal-superior
3,Venta De Ropa Tipica Artesanal Sin Nombre,tienda,79,18.458402,-97.384458,https://mitehuacan.mx/?ruta=7-upn-213-y-normal-superior
3,Compra Venta De Articulos Usados Casa Cash,tienda,84,18.45669,-97.389538,https://mitehuacan.mx/?ruta=7-upn-213-y-normal-superior
3,Tienda De Artesanias Sin Nombre,tienda,84,18.456577,-97.385263,https://mitehuacan.mx/?ruta=7-upn-213-y-normal-superior
3,Venta De Ropa Usada Sin Nombre,tienda,84,18.456592,-97.385187,https://mitehuacan.mx/?ruta=7-upn-213-y-normal-superior
3,Carniceria Mi Arcangel Gabriel,tienda,86,18.458399,-97.384391,https://mitehuacan.mx/?ruta=7-upn-213-y-normal-superior
3,Venta De Productos De Limpieza Vanjaq,tienda,86,18.453474,-97.390733,https://mitehuacan.mx/?ruta=7-upn-213-y-normal-superior
3,Venta De Ropa Interior Sin Nombre,tienda,93,18.456502,-97.385191,https://mitehuacan.mx/?ruta=7-upn-213-y-normal-superior
3,Tiendas Neto,tienda,94,18.459439,-97.389486,https://mitehuacan.mx/?ruta=7-upn-213-y-normal-superior
3,Venta De Granos Y Semillas,tienda,94,18.456493,-97.385192,https://mitehuacan.mx/?ruta=7-upn-213-y-normal-superior
3,Gabanny Postres,tienda,100,18.458833,-97.393437,https://mitehuacan.mx/?ruta=7-upn-213-y-normal-superior
3,Venta De Ropa Usada Sin Nombre,tienda,102,18.459379,-97.386006,https://mitehuacan.mx/?ruta=7-upn-213-y-normal-superior
3,Carniceria Guzman,tienda,103,18.456405,-97.385271,https://mitehuacan.mx/?ruta=7-upn-213-y-normal-superior
3,Optica Optizone,tienda,104,18.459643,-97.392554,https://mitehuacan.mx/?ruta=7-upn-213-y-normal-superior
3,De Remate Empeños,tienda,105,18.4565,-97.389546,https://mitehuacan.mx/?ruta=7-upn-213-y-normal-superior
3,650191 Neto Tehuacan 5 Sur,tienda,107,18.459564,-97.389484,https://mitehuacan.mx/?ruta=7-upn-213-y-normal-superior
3,Tienda De Pinturas Jc Pinturas Acuario,tienda,109,18.456483,-97.390186,https://mitehuacan.mx/?ruta=7-upn-213-y-normal-superior
3,Panaderia Sthephanie,tienda,110,18.456454,-97.389589,https://mitehuacan.mx/?ruta=7-upn-213-y-normal-superior
3,Venta De Ropa Usada Sin Nombre,tienda,113,18.456321,-97.385199,https://mitehuacan.mx/?ruta=7-upn-213-y-normal-superior
3,Bodega De Veladora Maria Milagrosa,tienda,115,18.459676,-97.390666,https://mitehuacan.mx/?ruta=7-upn-213-y-normal-superior
3,Venta De Lenceria Sin Nombre,tienda,115,18.459632,-97.389483,https://mitehuacan.mx/?ruta=7-upn-213-y-normal-superior
3,Comercial Vinolesa,tienda,117,18.45973,-97.391548,https://mitehuacan.mx/?ruta=7-upn-213-y-normal-superior
3,Optica Bulas,tienda,118,18.45977,-97.392559,https://mitehuacan.mx/?ruta=7-upn-213-y-normal-superior
3,Carniceria El Wero,tienda,119,18.427834,-97.403802,https://mitehuacan.mx/?ruta=7-upn-213-y-normal-superior
3,Venta De Bicicletas Y Accesorios El Peco,tienda,120,18.456258,-97.385202,https://mitehuacan.mx/?ruta=7-upn-213-y-normal-superior
3,Productos Para Aseo Del Hogar La Magnifica,tienda,121,18.455426,-97.390421,https://mitehuacan.mx/?ruta=7-upn-213-y-normal-superior
3,Sherwin Williams Tehuacan,tienda,121,18.459493,-97.385015,https://mitehuacan.mx/?ruta=7-upn-213-y-normal-superior
3,Venta De Celulares Boz,tienda,121,18.456249,-97.385202,https://mitehuacan.mx/?ruta=7-upn-213-y-normal-superior
3,Funerales Tepeyac,tienda,122,18.456355,-97.389782,https://mitehuacan.mx/?ruta=7-upn-213-y-normal-superior
3,Blancos Juquilita,tienda,123,18.455426,-97.390402,https://mitehuacan.mx/?ruta=7-upn-213-y-normal-superior
3,Venta De Juguetes Usados Sin Nombre,tienda,123,18.458379,-97.384041,https://mitehuacan.mx/?ruta=7-upn-213-y-normal-superior
3,Carniceria Divino Niño Dios 2,tienda,124,18.45622,-97.385204,https://mitehuacan.mx/?ruta=7-upn-213-y-normal-superior
3,Carniceria El Toro Montañez,tienda,124,18.456222,-97.385204,https://mitehuacan.mx/?ruta=7-upn-213-y-normal-superior
3,Expendiode Pan La Perlita,tienda,124,18.454471,-97.390377,https://mitehuacan.mx/?ruta=7-upn-213-y-normal-superior
3,Puesto De Hierbas Sin Nombre,tienda,124,18.456222,-97.385204,https://mitehuacan.mx/?ruta=7-upn-213-y-normal-superior
3,Venta De Chiles Secos Y Semillas Sin Nombre,tienda,124,18.45622,-97.385204,https://mitehuacan.mx/?ruta=7-upn-213-y-normal-superior
3,Venta De Ropa Usada Sin Nombre,tienda,124,18.456222,-97.385204,https://mitehuacan.mx/?ruta=7-upn-213-y-normal-superior
3,Venta De Textiles Y Mandiles Sin Nombre,tienda,124,18.456222,-97.385204,https://mitehuacan.mx/?ruta=7-upn-213-y-normal-superior
3,Venta De Zapatos Usados Sin Nombre,tienda,124,18.456222,-97.385204,https://mitehuacan.mx/?ruta=7-upn-213-y-normal-superior
3,Carniceria Jaime,tienda,128,18.456279,-97.389002,https://mitehuacan.mx/?ruta=7-upn-213-y-normal-superior
3,Libreria Taller De Nazaret,tienda,128,18.459391,-97.393473,https://mitehuacan.mx/?ruta=7-upn-213-y-normal-superior
3,Venta De Chacharas Sin Nombre,tienda,129,18.458376,-97.383984,https://mitehuacan.mx/?ruta=7-upn-213-y-normal-superior
3,Venta De Ropa Usada Sin Nombre,tienda,133,18.458375,-97.383946,https://mitehuacan.mx/?ruta=7-upn-213-y-normal-superior
3,Carniceria El Sureño,tienda,135,18.456203,-97.384854,https://mitehuacan.mx/?ruta=7-upn-213-y-normal-superior
3,Venta De Ceramica Sin Nombre,tienda,137,18.458373,-97.383908,https://mitehuacan.mx/?ruta=7-upn-213-y-normal-superior
3,Mole Y Pasta De Mole Doña Licha,tienda,139,18.458011,-97.383903,https://mitehuacan.mx/?ruta=7-upn-213-y-normal-superior
3,Panaderia Lalito,tienda,139,18.458218,-97.383891,https://mitehuacan.mx/?ruta=7-upn-213-y-normal-superior
3,Venta De Articulos Para El Hogar Sin Nombre,tienda,139,18.458047,-97.383901,https://mitehuacan.mx/?ruta=7-upn-213-y-normal-superior
3,Venta De Articulos Usados Sin Nombre,tienda,139,18.457803,-97.383916,https://mitehuacan.mx/?ruta=7-upn-213-y-normal-superior
3,Venta De Articulos Usados Sin Nombre,tienda,139,18.458137,-97.383896,https://mitehuacan.mx/?ruta=7-upn-213-y-normal-superior
3,Venta De Calzado Usado Sin Nombre,tienda,139,18.457776,-97.383918,https://mitehuacan.mx/?ruta=7-upn-213-y-normal-superior
3,Venta De Chiles Secos,tienda,139,18.45783,-97.383915,https://mitehuacan.mx/?ruta=7-upn-213-y-normal-superior
3,Venta De Hierbas Sin Nombre,tienda,139,18.457848,-97.383913,https://mitehuacan.mx/?ruta=7-upn-213-y-normal-superior
3,Venta De Jarcieria Sin Nombre,tienda,139,18.458083,-97.383899,https://mitehuacan.mx/?ruta=7-upn-213-y-normal-superior
3,Venta De Juguetes Usados Sin Nombre,tienda,139,18.457794,-97.383917,https://mitehuacan.mx/?ruta=7-upn-213-y-normal-superior
3,Venta De Loza Y Ceramica Sin Nombre,tienda,139,18.458146,-97.383895,https://mitehuacan.mx/?ruta=7-upn-213-y-normal-superior
3,Venta De Medicina Naturista Sin Nombre,tienda,139,18.458209,-97.383891,https://mitehuacan.mx/?ruta=7-upn-213-y-normal-superior
3,Venta De Pan De Burro,tienda,139,18.458065,-97.3839,https://mitehuacan.mx/?ruta=7-upn-213-y-normal-superior
3,Venta De Peltre Y Plastico,tienda,139,18.458182,-97.383893,https://mitehuacan.mx/?ruta=7-upn-213-y-normal-superior
3,Venta De Ropa Usada Sin Nombre,tienda,139,18.457821,-97.383915,https://mitehuacan.mx/?ruta=7-upn-213-y-normal-superior
3,Venta De Ropa Usada Sin Nombre,tienda,139,18.458119,-97.383897,https://mitehuacan.mx/?ruta=7-upn-213-y-normal-superior
3,Venta De Sal Sin Nombre,tienda,139,18.458209,-97.383891,https://mitehuacan.mx/?ruta=7-upn-213-y-normal-superior
3,Venta De Tenates Sin Nombre,tienda,139,18.458209,-97.383891,https://mitehuacan.mx/?ruta=7-upn-213-y-normal-superior
3,Puesto De Ropa Tipica Y Plasticos Botellas Y Topers Sin Nomb,tienda,140,18.457712,-97.383922,https://mitehuacan.mx/?ruta=7-upn-213-y-normal-superior
3,Puesto De Ropa Usada Sin Nombre,tienda,140,18.457721,-97.383921,https://mitehuacan.mx/?ruta=7-upn-213-y-normal-superior
3,Venta De Alcancias De Yeso Y Atensilios De Barro,tienda,140,18.457649,-97.383926,https://mitehuacan.mx/?ruta=7-upn-213-y-normal-superior
3,Venta De Articulos Usados Sin Nombre,tienda,140,18.458327,-97.383884,https://mitehuacan.mx/?ruta=7-upn-213-y-normal-superior
3,Venta De Articulos Varios Usados Sin Nombre,tienda,140,18.45773,-97.383921,https://mitehuacan.mx/?ruta=7-upn-213-y-normal-superior
3,Venta De Botanas Sin Nombre,tienda,140,18.458255,-97.383888,https://mitehuacan.mx/?ruta=7-upn-213-y-normal-superior
3,Venta De Hierbas Medicinales Y Para Cocinar Sin Nombre,tienda,140,18.458282,-97.383887,https://mitehuacan.mx/?ruta=7-upn-213-y-normal-superior
3,Venta De Hierbas Para Cocinar Sin Nombre,tienda,140,18.458264,-97.383888,https://mitehuacan.mx/?ruta=7-upn-213-y-normal-superior
3,Venta De Lenceria Sin Nombre,tienda,140,18.458237,-97.383889,https://mitehuacan.mx/?ruta=7-upn-213-y-normal-superior
3,Venta De Ropa Americana Para Dama,tienda,140,18.45764,-97.383926,https://mitehuacan.mx/?ruta=7-upn-213-y-normal-superior
3,Venta De Ropa Usada Sin Nombre,tienda,140,18.4583,-97.383886,https://mitehuacan.mx/?ruta=7-upn-213-y-normal-superior
3,Venta De Ropa Usada Sin Nombre,tienda,140,18.456198,-97.384741,https://mitehuacan.mx/?ruta=7-upn-213-y-normal-superior
3,Venta De Trastes De Peltre Sin Nombre,tienda,140,18.458237,-97.383889,https://mitehuacan.mx/?ruta=7-upn-213-y-normal-superior
3,Venta De Aguardiente De Caña Sin Nombre,tienda,141,18.457559,-97.383931,https://mitehuacan.mx/?ruta=7-upn-213-y-normal-superior
3,Venta De Articulos Para El Hogar Sin Nombre,tienda,141,18.457523,-97.383934,https://mitehuacan.mx/?ruta=7-upn-213-y-normal-superior
3,Venta De Pan De Burro Sin Nombre,tienda,141,18.457622,-97.383927,https://mitehuacan.mx/?ruta=7-upn-213-y-normal-superior
3,Venta De Plantas Medicinales Sin Nombre,tienda,141,18.457586,-97.38393,https://mitehuacan.mx/?ruta=7-upn-213-y-normal-superior
3,Carniceria Virgen De Juquila,tienda,142,18.457441,-97.383939,https://mitehuacan.mx/?ruta=7-upn-213-y-normal-superior
3,Cremeria Ainara,tienda,142,18.456093,-97.387192,https://mitehuacan.mx/?ruta=7-upn-213-y-normal-superior
3,Puesto De Bolsas Y Tenates Sin Nombre,tienda,142,18.457468,-97.383937,https://mitehuacan.mx/?ruta=7-upn-213-y-normal-superior
3,Puesto De Chacharas Nombre,tienda,142,18.457468,-97.383937,https://mitehuacan.mx/?ruta=7-upn-213-y-normal-superior
3,Puesto De Ropa Interior Sin Nombre,tienda,142,18.457468,-97.383937,https://mitehuacan.mx/?ruta=7-upn-213-y-normal-superior
3,Puesto De Ropa Y Zapatos De Segunda Sin Nombre,tienda,142,18.457459,-97.383937,https://mitehuacan.mx/?ruta=7-upn-213-y-normal-superior
3,Puesto De Toper Sin Nombre,tienda,142,18.457487,-97.383936,https://mitehuacan.mx/?ruta=7-upn-213-y-normal-superior
3,Venta De Accesorios Electronicos Sin Nombre,tienda,142,18.457423,-97.38394,https://mitehuacan.mx/?ruta=7-upn-213-y-normal-superior
3,Venta De Alfareria Cuca,tienda,142,18.457441,-97.383939,https://mitehuacan.mx/?ruta=7-upn-213-y-normal-superior
3,Venta De Chiles Secos Y Semillas Sin Nombre,tienda,142,18.457432,-97.383939,https://mitehuacan.mx/?ruta=7-upn-213-y-normal-superior
3,Venta De Chiles Secos Y Semillas Sin Nombre,tienda,142,18.457468,-97.383937,https://mitehuacan.mx/?ruta=7-upn-213-y-normal-superior
3,Venta De Loza De Barro,tienda,142,18.457459,-97.383937,https://mitehuacan.mx/?ruta=7-upn-213-y-normal-superior
3,Venta De Plantas Medicinales Y Productos Naturistas Sin Nomb,tienda,142,18.457378,-97.383943,https://mitehuacan.mx/?ruta=7-upn-213-y-normal-superior
3,Venta De Productos De Pan Sin Nombre,tienda,142,18.457478,-97.383936,https://mitehuacan.mx/?ruta=7-upn-213-y-normal-superior
3,Venta De Ropa Artesanal Sin Nombre,tienda,142,18.457414,-97.38394,https://mitehuacan.mx/?ruta=7-upn-213-y-normal-superior
3,Venta De Ropa Nueva Sin Nombre,tienda,142,18.45745,-97.383938,https://mitehuacan.mx/?ruta=7-upn-213-y-normal-superior
3,Venta De Ropa Usada Sin Nombre,tienda,142,18.457405,-97.383941,https://mitehuacan.mx/?ruta=7-upn-213-y-normal-superior
3,Venta De Ropa Usada Sin Nombre,tienda,142,18.457478,-97.383936,https://mitehuacan.mx/?ruta=7-upn-213-y-normal-superior
3,Venta De Ropa Y Zapato Usado Sin Nombre,tienda,142,18.457387,-97.383942,https://mitehuacan.mx/?ruta=7-upn-213-y-normal-superior
3,Venta De Sal Sin Nombre,tienda,142,18.457396,-97.383941,https://mitehuacan.mx/?ruta=7-upn-213-y-normal-superior
3,Carniceria Hermanos De La Vega,tienda,143,18.457306,-97.383947,https://mitehuacan.mx/?ruta=7-upn-213-y-normal-superior
3,Jarceria Sin Nombre,tienda,143,18.457287,-97.383949,https://mitehuacan.mx/?ruta=7-upn-213-y-normal-superior
3,Jarcieria Sin Nombre,tienda,143,18.457225,-97.383957,https://mitehuacan.mx/?ruta=7-upn-213-y-normal-superior
3,Puesto Chacharas Sin Nombre,tienda,143,18.457333,-97.383945,https://mitehuacan.mx/?ruta=7-upn-213-y-normal-superior
3,Puesto De Electronica Sin Nombre,tienda,143,18.457306,-97.383947,https://mitehuacan.mx/?ruta=7-upn-213-y-normal-superior
3,Puesto De Ropa Usada Sin Nombre,tienda,143,18.457278,-97.38395,https://mitehuacan.mx/?ruta=7-upn-213-y-normal-superior
3,Puesto Herramientas Sin Nombre,tienda,143,18.457315,-97.383946,https://mitehuacan.mx/?ruta=7-upn-213-y-normal-superior
3,Puesto Zapatos Y Ropa Usados De Sin Nombre,tienda,143,18.457287,-97.383949,https://mitehuacan.mx/?ruta=7-upn-213-y-normal-superior
3,Ropa Y Zapatos De Sin Nombre,tienda,143,18.457278,-97.38395,https://mitehuacan.mx/?ruta=7-upn-213-y-normal-superior
3,Venta De Anafres Sin Nombre,tienda,143,18.457261,-97.383952,https://mitehuacan.mx/?ruta=7-upn-213-y-normal-superior
3,Venta De Artesanias De Palma Sin Nombre,tienda,143,18.457215,-97.383957,https://mitehuacan.mx/?ruta=7-upn-213-y-normal-superior
3,Venta De Articulos De Segunda Mano Sin Nombre,tienda,143,18.457206,-97.383958,https://mitehuacan.mx/?ruta=7-upn-213-y-normal-superior
3,Venta De Hierbas De Temporada Sin Nombre,tienda,143,18.457215,-97.383957,https://mitehuacan.mx/?ruta=7-upn-213-y-normal-superior
3,Venta De Juguetes De Segunda Mano Sin Nombre,tienda,143,18.457215,-97.383957,https://mitehuacan.mx/?ruta=7-upn-213-y-normal-superior
3,Venta De Lenceria Boneteria Y Corseteria Amy Y Samy,tienda,143,18.45736,-97.383944,https://mitehuacan.mx/?ruta=7-upn-213-y-normal-superior
3,Venta De Mandiles Y Servilletas De Tela Sin Nombre,tienda,143,18.456195,-97.384674,https://mitehuacan.mx/?ruta=7-upn-213-y-normal-superior
3,Venta De Plantas Medicinales Sin Nombre,tienda,143,18.457261,-97.383952,https://mitehuacan.mx/?ruta=7-upn-213-y-normal-superior
3,Venta De Reliquias Y Hierbas Sin Nombre,tienda,143,18.457225,-97.383957,https://mitehuacan.mx/?ruta=7-upn-213-y-normal-superior
3,Venta De Ropa De Segunda Mano Sin Nombre,tienda,143,18.457215,-97.383957,https://mitehuacan.mx/?ruta=7-upn-213-y-normal-superior
3,Venta De Ropa Sin Nombre,tienda,143,18.457261,-97.383952,https://mitehuacan.mx/?ruta=7-upn-213-y-normal-superior
3,Compra Y Venta De Articulos Usados Sin Nombre,tienda,144,18.456034,-97.385289,https://mitehuacan.mx/?ruta=7-upn-213-y-normal-superior
3,Tienda De Comestibles Sin Nombre,tienda,144,18.457134,-97.383962,https://mitehuacan.mx/?ruta=7-upn-213-y-normal-superior
3,Venta De Articulos De Jarcieria Sin Nombre,tienda,144,18.457125,-97.383962,https://mitehuacan.mx/?ruta=7-upn-213-y-normal-superior
3,Venta De Articulos De Limpieza Sin Nombre,tienda,144,18.45717,-97.38396,https://mitehuacan.mx/?ruta=7-upn-213-y-normal-superior
3,Venta De Chacharas Sin Nombre,tienda,144,18.457179,-97.383959,https://mitehuacan.mx/?ruta=7-upn-213-y-normal-superior
3,Venta De Granos. Semillas Y Chiles Secos Sin Nombre,tienda,144,18.457134,-97.383962,https://mitehuacan.mx/?ruta=7-upn-213-y-normal-superior
3,Venta De Pan De Burro Sin Nombre,tienda,144,18.457161,-97.38396,https://mitehuacan.mx/?ruta=7-upn-213-y-normal-superior
3,Venta De Ropa Usada Sin Nombre,tienda,144,18.457161,-97.38396,https://mitehuacan.mx/?ruta=7-upn-213-y-normal-superior
3,Venta De Ropa Usada Sin Nombre,tienda,144,18.457125,-97.383962,https://mitehuacan.mx/?ruta=7-upn-213-y-normal-superior
3,Venta De Semillas Sin Nombre,tienda,144,18.457116,-97.383963,https://mitehuacan.mx/?ruta=7-upn-213-y-normal-superior
3,Tienda De Ropa Sin Nombre,tienda,145,18.459538,-97.393562,https://mitehuacan.mx/?ruta=7-upn-213-y-normal-superior
3,Venta De Especies Y Condimentos Sin Nombre,tienda,145,18.457089,-97.383965,https://mitehuacan.mx/?ruta=7-upn-213-y-normal-superior
3,Venta De Ropa Y Zapatos Usada Sin Nombre,tienda,145,18.457062,-97.383966,https://mitehuacan.mx/?ruta=7-upn-213-y-normal-superior
3,Venta De Servilletas Para Bordar Sin Nombre,tienda,145,18.457062,-97.383966,https://mitehuacan.mx/?ruta=7-upn-213-y-normal-superior
3,Carniceria Emmanuel,tienda,146,18.456192,-97.384617,https://mitehuacan.mx/?ruta=7-upn-213-y-normal-superior
3,Puesto De Ropa Usada Sin Nombre,tienda,146,18.456999,-97.38397,https://mitehuacan.mx/?ruta=7-upn-213-y-normal-superior
3,Venta De Frijol Sin Nombre,tienda,146,18.457044,-97.383967,https://mitehuacan.mx/?ruta=7-upn-213-y-normal-superior
3,Venta De Ropa Usada Sin Nombre,tienda,146,18.457008,-97.383969,https://mitehuacan.mx/?ruta=7-upn-213-y-normal-superior
3,Carniceria El Novillo De Oro,tienda,147,18.45699,-97.38397,https://mitehuacan.mx/?ruta=7-upn-213-y-normal-superior
3,Lenceria Samy Y Amy,tienda,147,18.458225,-97.383817,https://mitehuacan.mx/?ruta=7-upn-213-y-normal-superior
3,Tienda De Cintas Plasticas Para Elaborar Bolsas La Antigua J,tienda,147,18.460033,-97.392568,https://mitehuacan.mx/?ruta=7-upn-213-y-normal-superior
3,Venta De Aguacate Y Cacahuate Sin Nombre,tienda,147,18.456963,-97.383972,https://mitehuacan.mx/?ruta=7-upn-213-y-normal-superior
3,Venta De Articulos De Plasticos Doña Mary,tienda,147,18.458171,-97.38382,https://mitehuacan.mx/?ruta=7-upn-213-y-normal-superior
3,Venta De Chacharas Sin Nombre,tienda,147,18.456981,-97.383971,https://mitehuacan.mx/?ruta=7-upn-213-y-normal-superior
3,Venta De Medicina Naturista Sin Nombre,tienda,147,18.456972,-97.383971,https://mitehuacan.mx/?ruta=7-upn-213-y-normal-superior
3,Venta De Semillas Y Chiles Secos Sin Nombre,tienda,147,18.456972,-97.383971,https://mitehuacan.mx/?ruta=7-upn-213-y-normal-superior
3,Venta Ropa De Ropa Usada Sin Nombre,tienda,147,18.45699,-97.38397,https://mitehuacan.mx/?ruta=7-upn-213-y-normal-superior
3,Puesto De Zapatos Y Ropa Sin Nombre,tienda,148,18.456935,-97.383974,https://mitehuacan.mx/?ruta=7-upn-213-y-normal-superior
3,Tieda Naturista San Antonio,tienda,148,18.458316,-97.383811,https://mitehuacan.mx/?ruta=7-upn-213-y-normal-superior
3,Venta De Chiles Secos Sin Nombre,tienda,148,18.456954,-97.383972,https://mitehuacan.mx/?ruta=7-upn-213-y-normal-superior
3,Venta De Dulces Y Chiles Secos Sin Nombre,tienda,148,18.456926,-97.383974,https://mitehuacan.mx/?ruta=7-upn-213-y-normal-superior
3,Venta De Gusanos De Maguey Sin Nombre,tienda,148,18.456935,-97.383974,https://mitehuacan.mx/?ruta=7-upn-213-y-normal-superior
3,Puesto De Chiles Secos Sin Nombre,tienda,149,18.45689,-97.383976,https://mitehuacan.mx/?ruta=7-upn-213-y-normal-superior
3,Venta De Artesanias Suika W Chile,tienda,149,18.459689,-97.393459,https://mitehuacan.mx/?ruta=7-upn-213-y-normal-superior
3,Venta De Frijol Sin Nombre,tienda,149,18.456908,-97.383975,https://mitehuacan.mx/?ruta=7-upn-213-y-normal-superior
3,Venta De Semillas Y Chiles Secos Sin Nombres,tienda,149,18.457439,-97.383868,https://mitehuacan.mx/?ruta=7-upn-213-y-normal-superior
3,Venta De Cazuelas De Barro Y Loza Sin Nombre,tienda,150,18.456881,-97.383977,https://mitehuacan.mx/?ruta=7-upn-213-y-normal-superior
3,Vidrios La Purisima,vidriería,1,18.458516,-97.387224,https://mitehuacan.mx/?ruta=7-upn-213-y-normal-superior
3,Vidrios Y Cristales Lunas,vidriería,4,18.457433,-97.38765,https://mitehuacan.mx/?ruta=7-upn-213-y-normal-superior
3,Venta De Vidrios Y Aluminios Sin Nombre,vidriería,5,18.457417,-97.386929,https://mitehuacan.mx/?ruta=7-upn-213-y-normal-superior
3,Superfil Canceleria De Aluminio,vidriería,42,18.454412,-97.391945,https://mitehuacan.mx/?ruta=7-upn-213-y-normal-superior
3,Vidrios Y Aluminios Franco,vidriería,58,18.458097,-97.39024,https://mitehuacan.mx/?ruta=7-upn-213-y-normal-superior
3,Vidrios Y Aluminios Mejia,vidriería,65,18.435456,-97.402007,https://mitehuacan.mx/?ruta=7-upn-213-y-normal-superior
3,Vidrios Y Aluminios De La 7,vidriería,94,18.459358,-97.387098,https://mitehuacan.mx/?ruta=7-upn-213-y-normal-superior
3,Bodega Sin Nombre De Muebles Metalicos Malerba,vidriería,118,18.459524,-97.386004,https://mitehuacan.mx/?ruta=7-upn-213-y-normal-superior
3,Cruces Y Floreria Los Girasoles,vivero,5,18.431626,-97.403904,https://mitehuacan.mx/?ruta=7-upn-213-y-normal-superior
3,Floreria El Tulipan,vivero,5,18.431975,-97.403813,https://mitehuacan.mx/?ruta=7-upn-213-y-normal-superior
3,Invernadero Natural Grey,vivero,5,18.438193,-97.400146,https://mitehuacan.mx/?ruta=7-upn-213-y-normal-superior
3,Vivero Aves Del Paraiso,vivero,5,18.431581,-97.403931,https://mitehuacan.mx/?ruta=7-upn-213-y-normal-superior
3,Arreglos Flor Cerezo,vivero,6,18.457406,-97.38988,https://mitehuacan.mx/?ruta=7-upn-213-y-normal-superior
3,Floreria El Clavel,vivero,6,18.431948,-97.403706,https://mitehuacan.mx/?ruta=7-upn-213-y-normal-superior
3,Vivero Mar Y Vida,vivero,6,18.457377,-97.388752,https://mitehuacan.mx/?ruta=7-upn-213-y-normal-superior
3,Floreria Sin Nombre,vivero,14,18.457596,-97.385144,https://mitehuacan.mx/?ruta=7-upn-213-y-normal-superior
3,Venta De Plantas Naturales Sin Nombre,vivero,14,18.457515,-97.38515,https://mitehuacan.mx/?ruta=7-upn-213-y-normal-superior
3,Venta De Plantas Sin Nombre,vivero,14,18.457479,-97.385153,https://mitehuacan.mx/?ruta=7-upn-213-y-normal-superior
3,Floreria Juquilita,vivero,15,18.457406,-97.385158,https://mitehuacan.mx/?ruta=7-upn-213-y-normal-superior
3,Venta De Flores Naturales Sin Nombre,vivero,15,18.45746,-97.385154,https://mitehuacan.mx/?ruta=7-upn-213-y-normal-superior
3,Venta De Flores Sin Nombre,vivero,15,18.457451,-97.385155,https://mitehuacan.mx/?ruta=7-upn-213-y-normal-superior
3,Venta De Plantas Naturales Sin Nombre,vivero,15,18.457469,-97.385153,https://mitehuacan.mx/?ruta=7-upn-213-y-normal-superior
3,Venta De Plantas Naturales Sin Nombre,vivero,18,18.457271,-97.385158,https://mitehuacan.mx/?ruta=7-upn-213-y-normal-superior
3,Venta De Hoja De Platano,vivero,27,18.457144,-97.385163,https://mitehuacan.mx/?ruta=7-upn-213-y-normal-superior
3,Floreria Chuchin,vivero,32,18.457161,-97.389529,https://mitehuacan.mx/?ruta=7-upn-213-y-normal-superior
3,Venta De Flores Sin Nombre,vivero,37,18.457035,-97.385168,https://mitehuacan.mx/?ruta=7-upn-213-y-normal-superior
3,Floreria Florela,vivero,43,18.45878,-97.38506,https://mitehuacan.mx/?ruta=7-upn-213-y-normal-superior
3,Venta De Plantas Naturales Sin Nombre,vivero,59,18.45841,-97.384647,https://mitehuacan.mx/?ruta=7-upn-213-y-normal-superior
3,Suculentas Fany,vivero,60,18.428881,-97.406526,https://mitehuacan.mx/?ruta=7-upn-213-y-normal-superior
3,Venta De Flores Sin Nombre,vivero,68,18.456737,-97.385181,https://mitehuacan.mx/?ruta=7-upn-213-y-normal-superior
3,Floreria Andyari,vivero,76,18.454422,-97.39352,https://mitehuacan.mx/?ruta=7-upn-213-y-normal-superior
3,Floreria Flor Y Arte,vivero,107,18.459671,-97.392555,https://mitehuacan.mx/?ruta=7-upn-213-y-normal-superior
3,Venta De Plantas Y Arboles Frutales Sin Nombre,vivero,139,18.456198,-97.38475,https://mitehuacan.mx/?ruta=7-upn-213-y-normal-superior
3,Venta De Arreglos Florales Sin Nombre,vivero,140,18.457694,-97.383923,https://mitehuacan.mx/?ruta=7-upn-213-y-normal-superior
3,Venta De Plantas De Ornato,vivero,140,18.458246,-97.383889,https://mitehuacan.mx/?ruta=7-upn-213-y-normal-superior
3,Floreria Si Nombre,vivero,142,18.457468,-97.383937,https://mitehuacan.mx/?ruta=7-upn-213-y-normal-superior
3,Floreria Cihua Cuacualzin,vivero,144,18.433506,-97.406202,https://mitehuacan.mx/?ruta=7-upn-213-y-normal-superior
3,Venta De Plantas Naturales Sin Nombre,vivero,148,18.456944,-97.383973,https://mitehuacan.mx/?ruta=7-upn-213-y-normal-superior
