prioridad,negocio,categoria,dist_m,lat,lon,maps
1,Tienda Escolar,café,0,18.451643,-97.404758,https://mitehuacan.mx/?ruta=11
1,Titinas Ensaladas Y Mas,café,0,18.473626,-97.397691,https://mitehuacan.mx/?ruta=11
1,Bebidas Bobba Go,café,1,18.463304,-97.403998,https://mitehuacan.mx/?ruta=11
1,Cafeteria Del Conalep,café,2,18.452922,-97.404822,https://mitehuacan.mx/?ruta=11
1,Jugueria El Naranjito,café,5,18.465107,-97.397955,https://mitehuacan.mx/?ruta=11
1,Venta De Jugos De Naranja,café,5,18.455394,-97.404833,https://mitehuacan.mx/?ruta=11
1,Cafe Sierra Negra,café,6,18.457574,-97.391481,https://mitehuacan.mx/?ruta=11
1,Venta De Pan Casero Mr Dumpling,café,8,18.463368,-97.38943,https://mitehuacan.mx/?ruta=11
1,Marquesitas Alux S,café,10,18.467328,-97.399033,https://mitehuacan.mx/?ruta=11
1,Cooperativa Escolar Turno Matutino,café,19,18.477033,-97.397059,https://mitehuacan.mx/?ruta=11
1,Tienda Escolar Liberacion Turno Vespertino Numero De Concesi,café,19,18.477033,-97.397059,https://mitehuacan.mx/?ruta=11
1,Cafeteria La Suiza,café,20,18.459039,-97.389388,https://mitehuacan.mx/?ruta=11
1,Elaboracion Y Venta De Bebidas Bobba Go,café,23,18.458623,-97.389801,https://mitehuacan.mx/?ruta=11
1,Venta De Aguas Sin Nombre,café,34,18.460548,-97.389868,https://mitehuacan.mx/?ruta=11
1,Cafeteria Dulces Detalles,café,36,18.456402,-97.396674,https://mitehuacan.mx/?ruta=11
1,La Crepa Sale Sucre,café,36,18.456402,-97.396674,https://mitehuacan.mx/?ruta=11
1,Venta De Jugos Naturales Jugosito,café,38,18.463573,-97.402035,https://mitehuacan.mx/?ruta=11
1,Desayunos Panchis,café,43,18.469035,-97.389801,https://mitehuacan.mx/?ruta=11
1,Finca San Agustin Cafe,café,45,18.457938,-97.392445,https://mitehuacan.mx/?ruta=11
1,Venta De Jugos,café,45,18.453001,-97.404107,https://mitehuacan.mx/?ruta=11
1,Dr. Tapioca,café,46,18.457891,-97.393578,https://mitehuacan.mx/?ruta=11
1,Venta De Tortas Sin Nombre,café,53,18.469257,-97.39839,https://mitehuacan.mx/?ruta=11
1,Cafe Arcadia,café,57,18.461477,-97.406311,https://mitehuacan.mx/?ruta=11
1,Cherry Food & Coffee,café,59,18.456997,-97.392748,https://mitehuacan.mx/?ruta=11
1,Cafeteria Cafetti,café,67,18.456121,-97.396684,https://mitehuacan.mx/?ruta=11
1,Delicrep,café,70,18.456734,-97.392756,https://mitehuacan.mx/?ruta=11
1,Cooperativa Escolar El Caramelo,café,72,18.465837,-97.397909,https://mitehuacan.mx/?ruta=11
1,Tienda Escolar Sin Nombre,café,72,18.465846,-97.397909,https://mitehuacan.mx/?ruta=11
1,Cafeteria Sweet Dreams,café,74,18.463785,-97.399179,https://mitehuacan.mx/?ruta=11
1,Venta De Desayunos,café,74,18.472327,-97.390203,https://mitehuacan.mx/?ruta=11
1,Crepealegria Venta De Crepas,café,76,18.464006,-97.404031,https://mitehuacan.mx/?ruta=11
1,Cafeteria Flor De Cafe,café,80,18.461501,-97.390292,https://mitehuacan.mx/?ruta=11
1,Cooperativa Ing. Jorge L Tamayo,café,80,18.461255,-97.407624,https://mitehuacan.mx/?ruta=11
1,Cafeteria 3 Leches,café,82,18.462305,-97.397589,https://mitehuacan.mx/?ruta=11
1,Cafeteria Casa Lezama,café,82,18.463895,-97.400112,https://mitehuacan.mx/?ruta=11
1,Paleteria La Morelense,café,83,18.456897,-97.408834,https://mitehuacan.mx/?ruta=11
1,Cafeteria Las 3 B,café,91,18.475074,-97.394978,https://mitehuacan.mx/?ruta=11
1,Chez Bardo Crepas Sushi Cafe,café,91,18.462333,-97.400112,https://mitehuacan.mx/?ruta=11
1,Ruta Cafe,café,98,18.459007,-97.388643,https://mitehuacan.mx/?ruta=11
1,Cefeteria El Eden,café,102,18.476871,-97.396028,https://mitehuacan.mx/?ruta=11
1,Jugueria Sin Nombre,café,103,18.464044,-97.399057,https://mitehuacan.mx/?ruta=11
1,Cafeteria Izla Cafe,café,104,18.463125,-97.395531,https://mitehuacan.mx/?ruta=11
1,Venta De Comida San Pedro,café,104,18.456585,-97.391976,https://mitehuacan.mx/?ruta=11
1,Restaurante Drayeck,café,107,18.477961,-97.397836,https://mitehuacan.mx/?ruta=11
1,Jugueria Sin Nombre,café,112,18.456472,-97.389978,https://mitehuacan.mx/?ruta=11
1,Venta De Aguas Frescas Sin Nombre,café,115,18.458655,-97.390673,https://mitehuacan.mx/?ruta=11
1,Venta De Crepas Sweet Pink,café,116,18.467736,-97.39783,https://mitehuacan.mx/?ruta=11
1,Cafeteria Ceut,café,118,18.463635,-97.388377,https://mitehuacan.mx/?ruta=11
1,Jugos Hernandez,café,120,18.461786,-97.390665,https://mitehuacan.mx/?ruta=11
1,Cooperativa Los Niños Son Primero Escuela Primaria Manuel Av,café,121,18.456419,-97.391004,https://mitehuacan.mx/?ruta=11
1,Tienda Escolar Sin Nombre Escuela Primaria Manuel Avila Cama,café,122,18.456415,-97.390938,https://mitehuacan.mx/?ruta=11
1,Cafeteria Calli Cafen,café,124,18.46221,-97.404395,https://mitehuacan.mx/?ruta=11
1,Venta De Jugo De Naranja,café,127,18.472399,-97.389272,https://mitehuacan.mx/?ruta=11
1,Venta De Jugos Super Jugos Curativos,café,127,18.458671,-97.391184,https://mitehuacan.mx/?ruta=11
1,Fuente De Sodas Sin Nombre,café,131,18.449973,-97.404322,https://mitehuacan.mx/?ruta=11
1,Desayunados Juquilita,café,136,18.456252,-97.389436,https://mitehuacan.mx/?ruta=11
1,La Casa Del Sabor,café,137,18.461445,-97.408813,https://mitehuacan.mx/?ruta=11
1,Venta De Desayunos Sin Nombre,café,145,18.462891,-97.388139,https://mitehuacan.mx/?ruta=11
1,Cafeteria Yuyus,café,149,18.478406,-97.393544,https://mitehuacan.mx/?ruta=11
1,La Casa De La Tecnologia,celulares,7,18.461866,-97.389462,https://mitehuacan.mx/?ruta=11
1,Tiendas De Telefonos Distribuidor Autorizado Telcel Pamec,celulares,7,18.461441,-97.389465,https://mitehuacan.mx/?ruta=11
1,Tienda De Telefonos Distribuidor Autorizado Pamec Telcel,celulares,8,18.460765,-97.389624,https://mitehuacan.mx/?ruta=11
1,Venta De Celulares Celular World,celulares,8,18.460765,-97.389624,https://mitehuacan.mx/?ruta=11
1,Venta De Celulares Grupo Accel,celulares,8,18.460765,-97.389624,https://mitehuacan.mx/?ruta=11
1,Compra Venta De Refacciones Para Celular,celulares,9,18.464343,-97.3894,https://mitehuacan.mx/?ruta=11
1,Servicio Tecnico De Celulares El Vencedor,celulares,9,18.457442,-97.391188,https://mitehuacan.mx/?ruta=11
1,Venta De Accesorios Telefonicos Dido Cell,celulares,13,18.460874,-97.389668,https://mitehuacan.mx/?ruta=11
1,Tienda De Telefonos Telcel,celulares,15,18.462948,-97.389655,https://mitehuacan.mx/?ruta=11
1,Reparacion Y Accesorios Para Celular Sin Nombre,celulares,17,18.461574,-97.389692,https://mitehuacan.mx/?ruta=11
1,Macropay,celulares,19,18.459805,-97.389379,https://mitehuacan.mx/?ruta=11
1,Macropay,celulares,19,18.460041,-97.389377,https://mitehuacan.mx/?ruta=11
1,Venta De Accesorios Telefonicos Y Electronicos La Casa Del C,celulares,19,18.460767,-97.389729,https://mitehuacan.mx/?ruta=11
1,Venta De Accesorios Para Celular Novedades Hernandez,celulares,20,18.460876,-97.389735,https://mitehuacan.mx/?ruta=11
1,Venta De Accesorios Para Celular Redi,celulares,20,18.45875,-97.389393,https://mitehuacan.mx/?ruta=11
1,Accesorios Para Celular Cell Ma-Va,celulares,21,18.462758,-97.389318,https://mitehuacan.mx/?ruta=11
1,Venta De Audio Y Computo Mitzu Electronicos,celulares,21,18.462677,-97.38932,https://mitehuacan.mx/?ruta=11
1,Tienda De Telefonos Distribuidor Autorizado Pamec Telcel,celulares,28,18.458618,-97.389317,https://mitehuacan.mx/?ruta=11
1,Accesorios De Celulares Vale Bu,celulares,31,18.458722,-97.389285,https://mitehuacan.mx/?ruta=11
1,Unlock Cell Andy Venta De Articulos Para Celulares,celulares,41,18.458629,-97.389972,https://mitehuacan.mx/?ruta=11
1,Tienda De Tecnologia,celulares,47,18.47237,-97.390571,https://mitehuacan.mx/?ruta=11
1,Dmaeg Technology In Your Hands,celulares,52,18.469039,-97.389886,https://mitehuacan.mx/?ruta=11
1,Venta De Accesorios Para Celular Ospital,celulares,53,18.463141,-97.39601,https://mitehuacan.mx/?ruta=11
1,King Memori,celulares,55,18.460751,-97.389027,https://mitehuacan.mx/?ruta=11
1,Tecnology Estore,celulares,56,18.46075,-97.389018,https://mitehuacan.mx/?ruta=11
1,Compra Venta De Accesorios Para Celular Accesorios Una Hora ,celulares,64,18.464835,-97.390085,https://mitehuacan.mx/?ruta=11
1,Compra Venta De Refacciones Para Celulares Iplus Refacciones,celulares,64,18.464835,-97.390085,https://mitehuacan.mx/?ruta=11
1,Reparacion Y Accesorios Movile Zone,celulares,71,18.460781,-97.390222,https://mitehuacan.mx/?ruta=11
1,Tecnologia Multitransaccional Aplicada Al Comercio,celulares,78,18.452522,-97.409527,https://mitehuacan.mx/?ruta=11
1,Distribuidor Autorizado Movistar,celulares,80,18.461501,-97.390292,https://mitehuacan.mx/?ruta=11
1,House - Cel,celulares,80,18.460746,-97.38879,https://mitehuacan.mx/?ruta=11
1,Venta De Refacciones Para Celulares Celular Center,celulares,80,18.461501,-97.390292,https://mitehuacan.mx/?ruta=11
1,Venta De Accesorios Para Celular Case Store,celulares,83,18.461582,-97.390318,https://mitehuacan.mx/?ruta=11
1,Novedades Fabys,celulares,84,18.460746,-97.388752,https://mitehuacan.mx/?ruta=11
1,Tienda De Telefonos Distribuidor Autorizado Pamec Telcel,celulares,84,18.462848,-97.390304,https://mitehuacan.mx/?ruta=11
1,Venta De Accesorios Para Celular Compu Planet,celulares,95,18.460787,-97.390449,https://mitehuacan.mx/?ruta=11
1,Bodega De Telcel Grupo Accell,celulares,100,18.462123,-97.39695,https://mitehuacan.mx/?ruta=11
1,Grupo Accell,celulares,101,18.462098,-97.39659,https://mitehuacan.mx/?ruta=11
1,Venta De Telefonos Celulares Distribuidor Autorizado Telcel ,celulares,103,18.458583,-97.388607,https://mitehuacan.mx/?ruta=11
1,Telefonica Movistar,celulares,105,18.462854,-97.390503,https://mitehuacan.mx/?ruta=11
1,Compra Venta De Accesorios Para Celular Life Style,celulares,111,18.462976,-97.390565,https://mitehuacan.mx/?ruta=11
1,Venta De Accesorios Para Celular Cell Phone,celulares,113,18.460791,-97.39062,https://mitehuacan.mx/?ruta=11
1,Accesorios Y Novedades Panda,celulares,117,18.4609,-97.390654,https://mitehuacan.mx/?ruta=11
1,Macropay,celulares,118,18.460713,-97.390664,https://mitehuacan.mx/?ruta=11
1,Grupo Accel,celulares,119,18.458657,-97.390711,https://mitehuacan.mx/?ruta=11
1,Venta De Celulares Cellular Wordl,celulares,119,18.458657,-97.390711,https://mitehuacan.mx/?ruta=11
1,Dan Audio Tienda De Electronica,celulares,125,18.456352,-97.389433,https://mitehuacan.mx/?ruta=11
1,Yeyi Cell Accesorios Y Reparacion,celulares,130,18.458698,-97.392199,https://mitehuacan.mx/?ruta=11
1,Tienda De Accesorios Para El Celular Centro Cell,celulares,131,18.462305,-97.390762,https://mitehuacan.mx/?ruta=11
1,Megacenter Reparacion De Telefonos Celulares,celulares,134,18.468279,-97.400187,https://mitehuacan.mx/?ruta=11
1,Celular Wort,celulares,136,18.460796,-97.390838,https://mitehuacan.mx/?ruta=11
1,Accesorios Para Celulares Click,celulares,143,18.471419,-97.392555,https://mitehuacan.mx/?ruta=11
1,Venta De Accesorios Para Celulares Sin Nombre,celulares,143,18.457169,-97.405304,https://mitehuacan.mx/?ruta=11
1,Reparacion Y Venta De Accesorios Telefonicos Ganac,celulares,145,18.462891,-97.388139,https://mitehuacan.mx/?ruta=11
1,Tienda De Telefonos Autorizado Pamec Telcel,celulares,150,18.458876,-97.391448,https://mitehuacan.mx/?ruta=11
1,Consultorio Medico Internista Sin Nombre,consultorio,0,18.464137,-97.396498,https://mitehuacan.mx/?ruta=11
1,Consultorio Medico Sin Nombre,consultorio,0,18.464137,-97.396498,https://mitehuacan.mx/?ruta=11
1,Consultorio Particular,consultorio,0,18.472805,-97.390699,https://mitehuacan.mx/?ruta=11
1,Consultorio Psicologico,consultorio,0,18.463015,-97.396518,https://mitehuacan.mx/?ruta=11
1,Am Terapia Fisica Y Rehabilitacion,consultorio,1,18.474331,-97.397662,https://mitehuacan.mx/?ruta=11
1,Consultorio De Oftalmologia,consultorio,1,18.464418,-97.396488,https://mitehuacan.mx/?ruta=11
1,Consultorio De Psicologia Sin Nombre,consultorio,1,18.463576,-97.396517,https://mitehuacan.mx/?ruta=11
1,Consultorio Dental,consultorio,1,18.463576,-97.396517,https://mitehuacan.mx/?ruta=11
1,Consultorio Ginecologia Sin Nombre,consultorio,1,18.464418,-97.396488,https://mitehuacan.mx/?ruta=11
1,Consultorio Medico,consultorio,1,18.459637,-97.409516,https://mitehuacan.mx/?ruta=11
1,Consultorio Medico,consultorio,1,18.464418,-97.396488,https://mitehuacan.mx/?ruta=11
1,Consultorio Medico Sin Nombre,consultorio,1,18.463576,-97.396517,https://mitehuacan.mx/?ruta=11
1,Consultorio Pediatrico,consultorio,1,18.464418,-97.396488,https://mitehuacan.mx/?ruta=11
1,Consultorio Quiropractico,consultorio,1,18.460189,-97.408239,https://mitehuacan.mx/?ruta=11
1,Clinica De Rehabilitacion,consultorio,2,18.464589,-97.396482,https://mitehuacan.mx/?ruta=11
1,Consultorio Dental Idental,consultorio,2,18.457501,-97.389772,https://mitehuacan.mx/?ruta=11
1,Consultorio Dental Rehabilident,consultorio,2,18.457536,-97.390948,https://mitehuacan.mx/?ruta=11
1,Consultorio Rehabilitacion,consultorio,2,18.464589,-97.396482,https://mitehuacan.mx/?ruta=11
1,Quiropractico Osteopata E Iridologa Espalda Sana,consultorio,2,18.473188,-97.390146,https://mitehuacan.mx/?ruta=11
1,Unidad Medica Familiar N 30,consultorio,3,18.46316,-97.396545,https://mitehuacan.mx/?ruta=11
1,Consultorio Dental,consultorio,4,18.457557,-97.391943,https://mitehuacan.mx/?ruta=11
1,Consultorio Medico De Geriatria,consultorio,4,18.46297,-97.396519,https://mitehuacan.mx/?ruta=11
1,Consultorio Medico Rogelio Miranda Ruiz,consultorio,4,18.462947,-97.389551,https://mitehuacan.mx/?ruta=11
1,Saude Fisioterapia Y Rehabilitacion,consultorio,4,18.463098,-97.397743,https://mitehuacan.mx/?ruta=11
1,A M Terapia Fisica Y Rehabilkitacion,consultorio,5,18.475221,-97.39336,https://mitehuacan.mx/?ruta=11
1,Consultorio Dental Rosas,consultorio,5,18.463106,-97.397904,https://mitehuacan.mx/?ruta=11
1,Consultorio Fisioterapia Rehabilit,consultorio,5,18.463183,-97.3996,https://mitehuacan.mx/?ruta=11
1,Consultorio Nuero Ceer,consultorio,5,18.463126,-97.398311,https://mitehuacan.mx/?ruta=11
1,Farmacias Consultorio,consultorio,5,18.452929,-97.406509,https://mitehuacan.mx/?ruta=11
1,Omega Imagen Y Laboratorio,consultorio,5,18.463108,-97.397942,https://mitehuacan.mx/?ruta=11
1,Unidad De Cuidado De Heridas,consultorio,5,18.469993,-97.389352,https://mitehuacan.mx/?ruta=11
1,Clinica De Rehabilitacion De Fisioterapia,consultorio,6,18.466563,-97.389381,https://mitehuacan.mx/?ruta=11
1,Consultorio Dental Macdent,consultorio,6,18.466563,-97.389381,https://mitehuacan.mx/?ruta=11
1,Bio Fit Centro De Fisioterapia,consultorio,7,18.455409,-97.409805,https://mitehuacan.mx/?ruta=11
1,Bioarthirs Tehuacan,consultorio,7,18.474236,-97.392795,https://mitehuacan.mx/?ruta=11
1,Consultorio De Similares,consultorio,7,18.461731,-97.389463,https://mitehuacan.mx/?ruta=11
1,Consultorio Dental Sedeño,consultorio,7,18.463321,-97.396443,https://mitehuacan.mx/?ruta=11
1,Consultorio Fisioterapia,consultorio,7,18.465728,-97.399085,https://mitehuacan.mx/?ruta=11
1,Consultorio Medico Torrescano,consultorio,7,18.462645,-97.389454,https://mitehuacan.mx/?ruta=11
1,Laboratorio Dental Los Angeles,consultorio,7,18.465766,-97.389388,https://mitehuacan.mx/?ruta=11
1,Terapias De Biomagnetismo Medico,consultorio,7,18.466444,-97.398501,https://mitehuacan.mx/?ruta=11
1,Terapias Psicoterapia Centrada En Soluciones,consultorio,7,18.465291,-97.398987,https://mitehuacan.mx/?ruta=11
1,Consultorio De Odontologia Integral Am,consultorio,8,18.460644,-97.389474,https://mitehuacan.mx/?ruta=11
1,Consultorio Dental Prodental,consultorio,8,18.46516,-97.389394,https://mitehuacan.mx/?ruta=11
1,Consultorio Medico Medicina General,consultorio,8,18.460672,-97.389473,https://mitehuacan.mx/?ruta=11
1,Consultorio De Especialidad En Pediatria Y Nutricion Del Niñ,consultorio,9,18.464264,-97.389402,https://mitehuacan.mx/?ruta=11
1,Optica Servicios Optico,consultorio,9,18.465059,-97.396529,https://mitehuacan.mx/?ruta=11
1,Consultorio De Fisioterapia Axis,consultorio,10,18.475114,-97.397522,https://mitehuacan.mx/?ruta=11
1,Consultorio De Odontologia,consultorio,10,18.456633,-97.396552,https://mitehuacan.mx/?ruta=11
1,Consultorio Medico General,consultorio,10,18.456633,-97.396552,https://mitehuacan.mx/?ruta=11
1,Centro De Salud Tehuacan,consultorio,11,18.465927,-97.399052,https://mitehuacan.mx/?ruta=11
1,Clinica Odontologica,consultorio,11,18.463162,-97.396612,https://mitehuacan.mx/?ruta=11
1,Consultorio De Nutricion Nutri Vive,consultorio,11,18.464876,-97.396387,https://mitehuacan.mx/?ruta=11
1,Consultorio Dental Sarident,consultorio,11,18.463162,-97.396612,https://mitehuacan.mx/?ruta=11
1,Consultorio Medico Sin Nombre,consultorio,11,18.463162,-97.396612,https://mitehuacan.mx/?ruta=11
1,Casa De Oracion Espiritualista,consultorio,13,18.469276,-97.399015,https://mitehuacan.mx/?ruta=11
1,Clinica De Fisioterapia Reintegrate,consultorio,13,18.471302,-97.39027,https://mitehuacan.mx/?ruta=11
1,Consultorio Dental Estomadent,consultorio,13,18.456237,-97.402252,https://mitehuacan.mx/?ruta=11
1,Consultorio Medico 04,consultorio,13,18.463163,-97.39664,https://mitehuacan.mx/?ruta=11
1,Consultorio Medico Similares,consultorio,13,18.463163,-97.39664,https://mitehuacan.mx/?ruta=11
1,Consultorio Dental,consultorio,14,18.470569,-97.389599,https://mitehuacan.mx/?ruta=11
1,Consultorio Psicologico,consultorio,14,18.46494,-97.398068,https://mitehuacan.mx/?ruta=11
1,Consultorio Dental Zona Dental,consultorio,15,18.468397,-97.389267,https://mitehuacan.mx/?ruta=11
1,Fisio Silva,consultorio,15,18.47164,-97.398928,https://mitehuacan.mx/?ruta=11
1,Clinica Britania,consultorio,16,18.467845,-97.38927,https://mitehuacan.mx/?ruta=11
1,Consultorio Dental Ortocket,consultorio,16,18.463169,-97.396858,https://mitehuacan.mx/?ruta=11
1,Consultorio Ginecologico,consultorio,16,18.461219,-97.406715,https://mitehuacan.mx/?ruta=11
1,Fisioterapia Tehuacan,consultorio,16,18.461219,-97.406715,https://mitehuacan.mx/?ruta=11
1,Galez Centro Odontologico,consultorio,19,18.459528,-97.389383,https://mitehuacan.mx/?ruta=11
1,Clinica Dental Ardent Odontologia Integral,consultorio,20,18.459148,-97.389387,https://mitehuacan.mx/?ruta=11
1,Consultorio Deltan Sin Nombre,consultorio,20,18.458894,-97.38939,https://mitehuacan.mx/?ruta=11
1,Consultorio Medico General,consultorio,20,18.458732,-97.389393,https://mitehuacan.mx/?ruta=11
1,Consultorio Medico,consultorio,21,18.463427,-97.389299,https://mitehuacan.mx/?ruta=11
1,Local De Servicios Optica Tehuacan,consultorio,21,18.465436,-97.389265,https://mitehuacan.mx/?ruta=11
1,Clinicasca Dental Safir,consultorio,22,18.464296,-97.389281,https://mitehuacan.mx/?ruta=11
1,Consultorio Dental Dental Center Rosmed,consultorio,22,18.465093,-97.389266,https://mitehuacan.mx/?ruta=11
1,Clinica Dental Martinez,consultorio,25,18.462931,-97.389276,https://mitehuacan.mx/?ruta=11
1,Consultorio De Terapia Holistica,consultorio,26,18.459039,-97.40978,https://mitehuacan.mx/?ruta=11
1,Consultorio Dental Clideen,consultorio,26,18.466677,-97.399226,https://mitehuacan.mx/?ruta=11
1,Consultorio De Sicologia,consultorio,28,18.461358,-97.406596,https://mitehuacan.mx/?ruta=11
1,Consultorio Dental,consultorio,29,18.462744,-97.396521,https://mitehuacan.mx/?ruta=11
1,Consultorio Medico,consultorio,29,18.474545,-97.393724,https://mitehuacan.mx/?ruta=11
1,Consultorio Dental Dentarix,consultorio,30,18.46525,-97.396465,https://mitehuacan.mx/?ruta=11
1,Clinica De Fisioterapia Fisica Y Rehabilitacion Yomelly,consultorio,34,18.456536,-97.393116,https://mitehuacan.mx/?ruta=11
1,Unidad Medica San Agustin,consultorio,34,18.457838,-97.392731,https://mitehuacan.mx/?ruta=11
1,Consultorio Medicina General,consultorio,35,18.465849,-97.399339,https://mitehuacan.mx/?ruta=11
1,Consultoria Medica Curaciones Via Inhalorerapia,consultorio,36,18.456402,-97.396674,https://mitehuacan.mx/?ruta=11
1,Consultorio Medico,consultorio,37,18.456303,-97.39435,https://mitehuacan.mx/?ruta=11
1,Consultorio Medico General,consultorio,38,18.457713,-97.393685,https://mitehuacan.mx/?ruta=11
1,Clinica Dental Guadalupe,consultorio,40,18.462807,-97.389138,https://mitehuacan.mx/?ruta=11
1,Spa Xinola,consultorio,40,18.461353,-97.406482,https://mitehuacan.mx/?ruta=11
1,Clinica Dental Y Ortodoncia Ilumident,consultorio,41,18.461208,-97.406478,https://mitehuacan.mx/?ruta=11
1,Clinica Dental B Y B,consultorio,43,18.476716,-97.397949,https://mitehuacan.mx/?ruta=11
1,Consultorio Del Dr Barato,consultorio,43,18.460253,-97.40651,https://mitehuacan.mx/?ruta=11
1,Terapia De Sanacion Con Cristales,consultorio,44,18.457123,-97.396577,https://mitehuacan.mx/?ruta=11
1,Clinica Dental Sonrisas Increibles,consultorio,45,18.456531,-97.393002,https://mitehuacan.mx/?ruta=11
1,Clinica Dental A&R,consultorio,47,18.464832,-97.389924,https://mitehuacan.mx/?ruta=11
1,Consultorio Dental Gel Solucion,consultorio,49,18.463559,-97.39919,https://mitehuacan.mx/?ruta=11
1,Consultorio Medico General,consultorio,50,18.471621,-97.39136,https://mitehuacan.mx/?ruta=11
1,Optica Delabli,consultorio,50,18.457983,-97.392728,https://mitehuacan.mx/?ruta=11
1,Rigadent,consultorio,51,18.456557,-97.410194,https://mitehuacan.mx/?ruta=11
1,Consultorio Dental Desoar,consultorio,52,18.461349,-97.406369,https://mitehuacan.mx/?ruta=11
1,Clinica Urologica De Tehuacan,consultorio,53,18.465966,-97.389952,https://mitehuacan.mx/?ruta=11
1,Consultorio Dental Sin Nombre,consultorio,54,18.464528,-97.397148,https://mitehuacan.mx/?ruta=11
1,Consultorio Dental Servicios Odontologicos Integrales,consultorio,55,18.465986,-97.399501,https://mitehuacan.mx/?ruta=11
1,Unidad De Medicina Integral De Tehuacan Eterno,consultorio,55,18.457016,-97.390908,https://mitehuacan.mx/?ruta=11
1,Kinesio Vida,consultorio,56,18.456989,-97.390197,https://mitehuacan.mx/?ruta=11
1,Consultorio Dental,consultorio,58,18.459654,-97.408267,https://mitehuacan.mx/?ruta=11
1,Clinica Guadalupe,consultorio,59,18.46919,-97.398335,https://mitehuacan.mx/?ruta=11
1,Consultorio De Especialista En Cirugia Gastrointestinal,consultorio,59,18.46919,-97.398335,https://mitehuacan.mx/?ruta=11
1,Consultorio De Sicologica,consultorio,59,18.462324,-97.407366,https://mitehuacan.mx/?ruta=11
1,Consultorio R.V. Dental,consultorio,59,18.46919,-97.398335,https://mitehuacan.mx/?ruta=11
1,Consultorio Dental Any,consultorio,60,18.463864,-97.404133,https://mitehuacan.mx/?ruta=11
1,Consultorio Medico,consultorio,61,18.463139,-97.395939,https://mitehuacan.mx/?ruta=11
1,Consultorio Medico General Sin Nombre,consultorio,62,18.466473,-97.397986,https://mitehuacan.mx/?ruta=11
1,Fisioramen,consultorio,63,18.460253,-97.410087,https://mitehuacan.mx/?ruta=11
1,Consultorio Dental,consultorio,65,18.462731,-97.404101,https://mitehuacan.mx/?ruta=11
1,Consultorio Medico,consultorio,66,18.45613,-97.396684,https://mitehuacan.mx/?ruta=11
1,Consultorio Dental Dentihealth,consultorio,67,18.456886,-97.389445,https://mitehuacan.mx/?ruta=11
1,Consultorio Dental Sin Nombre,consultorio,67,18.464815,-97.388843,https://mitehuacan.mx/?ruta=11
1,Inova Dent Estomatologo,consultorio,67,18.463968,-97.405161,https://mitehuacan.mx/?ruta=11
1,Servicio Dental Dental 24 Horass,consultorio,67,18.461574,-97.388895,https://mitehuacan.mx/?ruta=11
1,Clinica Dental Dr Jose Eduardo De Rosas Lopez,consultorio,70,18.456734,-97.392756,https://mitehuacan.mx/?ruta=11
1,Consultorio De Control De Peso Salut,consultorio,70,18.45687,-97.392752,https://mitehuacan.mx/?ruta=11
1,Consultorio Sin Nombre,consultorio,70,18.463749,-97.399181,https://mitehuacan.mx/?ruta=11
1,Dental Guevara,consultorio,70,18.45689,-97.408966,https://mitehuacan.mx/?ruta=11
1,Psicologo Javier Orea Coello,consultorio,70,18.463749,-97.399181,https://mitehuacan.mx/?ruta=11
1,Clinica De Fisioterapia Sports Performance,consultorio,71,18.46257,-97.40146,https://mitehuacan.mx/?ruta=11
1,Consultoria Y Asesoria Psicologica Particular,consultorio,71,18.456481,-97.392761,https://mitehuacan.mx/?ruta=11
1,Consultorio Dental Diaz,consultorio,72,18.46591,-97.397906,https://mitehuacan.mx/?ruta=11
1,Consultorio De Ginecologia Y Colposcopia,consultorio,74,18.464812,-97.388776,https://mitehuacan.mx/?ruta=11
1,Consultorio Medico Sin Nombre,consultorio,75,18.469049,-97.390104,https://mitehuacan.mx/?ruta=11
1,Consultorio Dental,consultorio,76,18.464006,-97.404031,https://mitehuacan.mx/?ruta=11
1,Fisioterapia Fisiosec,consultorio,76,18.464006,-97.404031,https://mitehuacan.mx/?ruta=11
1,Consultorio Dental Consultorio Mona Lisa,consultorio,77,18.457352,-97.388885,https://mitehuacan.mx/?ruta=11
1,Centro De Hisoterapia Placentaria,consultorio,78,18.463134,-97.395778,https://mitehuacan.mx/?ruta=11
1,Consultorio Dental Sin Nombre,consultorio,78,18.458699,-97.38884,https://mitehuacan.mx/?ruta=11
1,Consultorio Medico De Gastroenterologia,consultorio,78,18.463134,-97.395778,https://mitehuacan.mx/?ruta=11
1,Consultorio Dental Valencia,consultorio,79,18.46238,-97.398716,https://mitehuacan.mx/?ruta=11
1,Consultorio Medico,consultorio,79,18.458117,-97.41031,https://mitehuacan.mx/?ruta=11
1,Consultorio Dental Ortidenth,consultorio,80,18.461501,-97.390292,https://mitehuacan.mx/?ruta=11
1,Consultorio Dermatologia,consultorio,80,18.462358,-97.398356,https://mitehuacan.mx/?ruta=11
1,Consultorio Pediatrico,consultorio,80,18.462354,-97.398289,https://mitehuacan.mx/?ruta=11
1,Consultorio Psocologico,consultorio,80,18.462354,-97.398289,https://mitehuacan.mx/?ruta=11
1,Consultorio Dental Sin Nombre,consultorio,82,18.471196,-97.391367,https://mitehuacan.mx/?ruta=11
1,Consultorio Psicologico Efecto Mariposa,consultorio,86,18.465955,-97.388643,https://mitehuacan.mx/?ruta=11
1,Dentalis Especialidades Odontologicas Tehuacan,consultorio,86,18.46694,-97.397862,https://mitehuacan.mx/?ruta=11
1,Consultorio Medico,consultorio,87,18.473496,-97.393764,https://mitehuacan.mx/?ruta=11
1,Consultoriode Terapia Diego,consultorio,87,18.466949,-97.39026,https://mitehuacan.mx/?ruta=11
1,Consultorio Dental Sin Nombre,consultorio,88,18.462849,-97.390342,https://mitehuacan.mx/?ruta=11
1,Consultorio Medico,consultorio,89,18.473328,-97.391412,https://mitehuacan.mx/?ruta=11
1,Consultorio Particular De Pediatria,consultorio,89,18.473328,-97.391412,https://mitehuacan.mx/?ruta=11
1,Consultorio De Otorrinolaringologia,consultorio,90,18.45591,-97.396579,https://mitehuacan.mx/?ruta=11
1,Consultorio Especialista En Prostodoncia,consultorio,90,18.45591,-97.396579,https://mitehuacan.mx/?ruta=11
1,Tratamiento De Columna Y Cadera,consultorio,92,18.455766,-97.393367,https://mitehuacan.mx/?ruta=11
1,Consultorio Dental,consultorio,93,18.462851,-97.390389,https://mitehuacan.mx/?ruta=11
1,Consultorio Medico,consultorio,93,18.462279,-97.399273,https://mitehuacan.mx/?ruta=11
1,Consultorio De Medicina Alternativa Sin Nombre,consultorio,94,18.462257,-97.398919,https://mitehuacan.mx/?ruta=11
1,Consultorio De Similares,consultorio,94,18.460787,-97.39044,https://mitehuacan.mx/?ruta=11
1,Consultorio Medico Farmacias Similares,consultorio,94,18.460787,-97.39044,https://mitehuacan.mx/?ruta=11
1,Medicina Alternativa Doc.Gerardo Sanchez,consultorio,94,18.462253,-97.398853,https://mitehuacan.mx/?ruta=11
1,Clinica De Ortodoncia,consultorio,96,18.462203,-97.398093,https://mitehuacan.mx/?ruta=11
1,Consultorio De Fisioterapia,consultorio,96,18.462203,-97.398093,https://mitehuacan.mx/?ruta=11
1,Consultorio De Ginecologia,consultorio,96,18.462203,-97.398093,https://mitehuacan.mx/?ruta=11
1,Consultorio De Ginecologia Sin Nombre,consultorio,96,18.462203,-97.398093,https://mitehuacan.mx/?ruta=11
1,Consultorio De Otorrino Dr Alejo Gutierrez Cruz,consultorio,96,18.462203,-97.398093,https://mitehuacan.mx/?ruta=11
1,Consultorio Estetica Dental Cano Landa,consultorio,96,18.462203,-97.398093,https://mitehuacan.mx/?ruta=11
1,Consultorio Medico,consultorio,96,18.462203,-97.398093,https://mitehuacan.mx/?ruta=11
1,Consultorio Medico Sin Nombre,consultorio,96,18.462203,-97.398093,https://mitehuacan.mx/?ruta=11
1,Consultorio Ortodoncia Sin Nomnre,consultorio,96,18.462203,-97.398075,https://mitehuacan.mx/?ruta=11
1,Consultorio Pediatrico Sin Nombre,consultorio,96,18.462203,-97.398093,https://mitehuacan.mx/?ruta=11
1,Odontopediatria Y Ortopedia Maxilar,consultorio,96,18.462203,-97.398093,https://mitehuacan.mx/?ruta=11
1,Clinica Medica Sarabia,consultorio,97,18.473441,-97.391355,https://mitehuacan.mx/?ruta=11
1,Consultorio De Fisioterapia,consultorio,98,18.455841,-97.396695,https://mitehuacan.mx/?ruta=11
1,Consultorio Dental,consultorio,98,18.460896,-97.390474,https://mitehuacan.mx/?ruta=11
1,Traumatologia Y Ortopedia,consultorio,98,18.47005,-97.399798,https://mitehuacan.mx/?ruta=11
1,Clinica Dental Integral Rie,consultorio,101,18.458437,-97.391574,https://mitehuacan.mx/?ruta=11
1,Optica Fared,consultorio,101,18.473153,-97.392132,https://mitehuacan.mx/?ruta=11
1,Sanatorio El Nuevo Siglo,consultorio,101,18.465891,-97.388503,https://mitehuacan.mx/?ruta=11
1,Huesero,consultorio,102,18.457456,-97.388635,https://mitehuacan.mx/?ruta=11
1,Especialidades Medicas Angeles,consultorio,103,18.455796,-97.396697,https://mitehuacan.mx/?ruta=11
1,Centro De Podologia De Tehuacan,consultorio,105,18.462784,-97.388522,https://mitehuacan.mx/?ruta=11
1,Consultorio De Rehabilitacion Rivelez,consultorio,105,18.467378,-97.397948,https://mitehuacan.mx/?ruta=11
1,Unidad De Terapia Y Rehabilitacion,consultorio,106,18.468137,-97.39792,https://mitehuacan.mx/?ruta=11
1,Consultorio Dental H.G,consultorio,109,18.473326,-97.392645,https://mitehuacan.mx/?ruta=11
1,Consultorio Dental Sin Nombre,consultorio,111,18.469065,-97.390445,https://mitehuacan.mx/?ruta=11
1,Dental Veracruzana,consultorio,112,18.460741,-97.388487,https://mitehuacan.mx/?ruta=11
1,Km Consultorio Dental,consultorio,113,18.464622,-97.388409,https://mitehuacan.mx/?ruta=11
1,Total Orthodontics,consultorio,113,18.478533,-97.390045,https://mitehuacan.mx/?ruta=11
1,Consultorio Medico De Farmacia De Apollo,consultorio,114,18.458562,-97.392434,https://mitehuacan.mx/?ruta=11
1,Medicina Tradicional,consultorio,114,18.473327,-97.392085,https://mitehuacan.mx/?ruta=11
1,Clinica De Enfermedades De La Piel Dermatologia,consultorio,116,18.460353,-97.410586,https://mitehuacan.mx/?ruta=11
1,Consultorio Doctor Alfredo M Balderas L,consultorio,116,18.462026,-97.398206,https://mitehuacan.mx/?ruta=11
1,Clinica Dental Sin Nombre,consultorio,119,18.47667,-97.398675,https://mitehuacan.mx/?ruta=11
1,Dental Valencia,consultorio,119,18.460354,-97.410615,https://mitehuacan.mx/?ruta=11
1,Vg Opticos,consultorio,119,18.460354,-97.410615,https://mitehuacan.mx/?ruta=11
1,Consultorio Dental Sin Nombre,consultorio,120,18.465029,-97.395353,https://mitehuacan.mx/?ruta=11
1,Consultorio Medico,consultorio,121,18.462859,-97.390654,https://mitehuacan.mx/?ruta=11
1,Consultorio Medico Sin Nombre,consultorio,121,18.461326,-97.409339,https://mitehuacan.mx/?ruta=11
1,Damta Estomatologia,consultorio,121,18.4613,-97.408809,https://mitehuacan.mx/?ruta=11
1,Clinica Dental Oral,consultorio,122,18.464794,-97.388322,https://mitehuacan.mx/?ruta=11
1,Consultorio Dental May Dental Studio,consultorio,122,18.464926,-97.390632,https://mitehuacan.mx/?ruta=11
1,Denflix Clinica Dental,consultorio,123,18.455488,-97.393569,https://mitehuacan.mx/?ruta=11
1,Optica Vision Optima,consultorio,124,18.467275,-97.400116,https://mitehuacan.mx/?ruta=11
1,Consultorio Dental Sin Nombre,consultorio,126,18.470478,-97.391273,https://mitehuacan.mx/?ruta=11
1,Consultorio Ginecologico,consultorio,126,18.467762,-97.397738,https://mitehuacan.mx/?ruta=11
1,Fisio Sport,consultorio,126,18.470013,-97.400058,https://mitehuacan.mx/?ruta=11
1,Centro De Fisioterapia Y Educacion Especial Montessori,consultorio,127,18.46447,-97.404108,https://mitehuacan.mx/?ruta=11
1,Consultorio Dental,consultorio,127,18.460227,-97.405723,https://mitehuacan.mx/?ruta=11
1,Optica Visual Blue,consultorio,127,18.464793,-97.388274,https://mitehuacan.mx/?ruta=11
1,Axel Sport Terapia Fisica,consultorio,129,18.458694,-97.392,https://mitehuacan.mx/?ruta=11
1,Clinica Dental Puebla,consultorio,129,18.458694,-97.392,https://mitehuacan.mx/?ruta=11
1,Consultorio Medico De Fundacion Best,consultorio,129,18.458694,-97.392009,https://mitehuacan.mx/?ruta=11
1,Consultorio Medico De Fundacion Best Fin De Semana,consultorio,129,18.458694,-97.392009,https://mitehuacan.mx/?ruta=11
1,Consultorio Medico Fundacion Best Vespertino,consultorio,129,18.458694,-97.392009,https://mitehuacan.mx/?ruta=11
1,Sanaury Control De Peso,consultorio,129,18.458694,-97.392,https://mitehuacan.mx/?ruta=11
1,Consultorio Medico Dental,consultorio,130,18.4587,-97.392303,https://mitehuacan.mx/?ruta=11
1,Consultorio Medico Juan Luna Diaz,consultorio,130,18.458698,-97.392199,https://mitehuacan.mx/?ruta=11
1,Optica Galileo,consultorio,133,18.462777,-97.388257,https://mitehuacan.mx/?ruta=11
1,Optica Grupo Optico Dair,consultorio,133,18.464359,-97.4002,https://mitehuacan.mx/?ruta=11
1,Consultorio Doctor Lauro Gomez Reyes,consultorio,134,18.46448,-97.402955,https://mitehuacan.mx/?ruta=11
1,Clinica De Columna Ozonoterapia,consultorio,135,18.462777,-97.388238,https://mitehuacan.mx/?ruta=11
1,Clinica Odontologica Emix,consultorio,135,18.464539,-97.40401,https://mitehuacan.mx/?ruta=11
1,Consultorio Dental Divino Salvador,consultorio,136,18.458031,-97.398418,https://mitehuacan.mx/?ruta=11
1,Macplan Tehuacan Clinica Dental,consultorio,137,18.466217,-97.396455,https://mitehuacan.mx/?ruta=11
1,Consultorio Dental Raul Romero Alvarado,consultorio,138,18.463014,-97.395203,https://mitehuacan.mx/?ruta=11
1,Clinica Dental Gara,consultorio,140,18.462775,-97.38819,https://mitehuacan.mx/?ruta=11
1,Dental Smile,consultorio,140,18.452987,-97.410864,https://mitehuacan.mx/?ruta=11
1,Consultorio De Fisioterapia F Vital,consultorio,142,18.471224,-97.397026,https://mitehuacan.mx/?ruta=11
1,Consultorio Dental Abril Cadi,consultorio,142,18.467828,-97.40028,https://mitehuacan.mx/?ruta=11
1,Consultorio Dental Sin Nombre,consultorio,142,18.46205,-97.390871,https://mitehuacan.mx/?ruta=11
1,Consultorio Dental The Nurture Dental,consultorio,142,18.471224,-97.397026,https://mitehuacan.mx/?ruta=11
1,Quiropractica Tradicional Y Masajista,consultorio,142,18.460144,-97.388213,https://mitehuacan.mx/?ruta=11
1,Consultorio Medico Agustin Pacheco Merlo,consultorio,143,18.458816,-97.392897,https://mitehuacan.mx/?ruta=11
1,Serrano Salazar Consultorio Dental,consultorio,143,18.458231,-97.41091,https://mitehuacan.mx/?ruta=11
1,Centro De Neurodesarrollo Y Rehabilitacion Fisica,consultorio,145,18.45759,-97.410944,https://mitehuacan.mx/?ruta=11
1,Consultorio Doctor Sergio Avendano Aguilar,consultorio,145,18.462891,-97.388139,https://mitehuacan.mx/?ruta=11
1,Consultorio Medico General Doctor Pablo Garcia Merino,consultorio,145,18.458748,-97.393867,https://mitehuacan.mx/?ruta=11
1,Unidad Medica El Angel,consultorio,149,18.478335,-97.397937,https://mitehuacan.mx/?ruta=11
1,Consultorio Dental Especialidades Dentales,consultorio,150,18.463109,-97.395096,https://mitehuacan.mx/?ruta=11
1,Laboratorio Dental Sin Nombre,dentista,2,18.47329,-97.389999,https://mitehuacan.mx/?ruta=11
1,Laboratorio Dental Gasca,dentista,20,18.462586,-97.389323,https://mitehuacan.mx/?ruta=11
1,Laboratorio Dental,dentista,137,18.46589,-97.388162,https://mitehuacan.mx/?ruta=11
1,Digital World,electrónica,1,18.460187,-97.408182,https://mitehuacan.mx/?ruta=11
1,The Gamer Juegos De Maquinitas,electrónica,1,18.472304,-97.391531,https://mitehuacan.mx/?ruta=11
1,Reparacion De Celulares Reparacel,electrónica,4,18.460197,-97.409461,https://mitehuacan.mx/?ruta=11
1,Electronica Y Servicio Sin Nombre,electrónica,6,18.466753,-97.389379,https://mitehuacan.mx/?ruta=11
1,Sistemas Y Controles Ingenieria Electronica Industrial,electrónica,6,18.451884,-97.407977,https://mitehuacan.mx/?ruta=11
1,Juegos De Xbox Reavend,electrónica,7,18.465037,-97.398667,https://mitehuacan.mx/?ruta=11
1,Tecni-Cell,electrónica,7,18.463106,-97.389438,https://mitehuacan.mx/?ruta=11
1,Reparacion De Celulares City Cell,electrónica,8,18.46353,-97.389425,https://mitehuacan.mx/?ruta=11
1,Servicio De Reparacion Yo Reparo,electrónica,8,18.463676,-97.38942,https://mitehuacan.mx/?ruta=11
1,Compra Venta De Accesorios Para Celular Cell Partes Puebla,electrónica,9,18.464001,-97.389409,https://mitehuacan.mx/?ruta=11
1,Renta De Videojuegos Y Maquinitas Sin Nombre,electrónica,9,18.464006,-97.389409,https://mitehuacan.mx/?ruta=11
1,Reparacion De Celulares Playstore,electrónica,9,18.464253,-97.389402,https://mitehuacan.mx/?ruta=11
1,Taller De Reparacion De Celulares Moviles Azuani,electrónica,9,18.457435,-97.390894,https://mitehuacan.mx/?ruta=11
1,Taller De Reparacion Electronica Phillips,electrónica,10,18.473677,-97.397593,https://mitehuacan.mx/?ruta=11
1,Renta De Xbox,electrónica,13,18.461573,-97.389661,https://mitehuacan.mx/?ruta=11
1,Electronica Jensen,electrónica,14,18.468904,-97.389263,https://mitehuacan.mx/?ruta=11
1,Servicio En Electronica Acevedo,electrónica,14,18.457006,-97.400149,https://mitehuacan.mx/?ruta=11
1,Repracion De Celular Sin Nombre,electrónica,16,18.463167,-97.39679,https://mitehuacan.mx/?ruta=11
1,Venta De Material De Bocina Y Reparacion Tecnica Universal,electrónica,19,18.460153,-97.389375,https://mitehuacan.mx/?ruta=11
1,Reparacion De Telefonos Sin Nombre,electrónica,20,18.461293,-97.389346,https://mitehuacan.mx/?ruta=11
1,Decar Computacion,electrónica,21,18.457129,-97.401792,https://mitehuacan.mx/?ruta=11
1,Electronica Osorio,electrónica,21,18.462803,-97.389317,https://mitehuacan.mx/?ruta=11
1,Reparacion De Celulares Fixcel,electrónica,22,18.463744,-97.389291,https://mitehuacan.mx/?ruta=11
1,Taller De Reparacion De Pantallas Servicio Digitial,electrónica,22,18.464486,-97.389278,https://mitehuacan.mx/?ruta=11
1,Reparacion De Computadoras Compuservice Soft & Hardware,electrónica,33,18.457352,-97.393711,https://mitehuacan.mx/?ruta=11
1,Ingenieria Electronica De Tehuacan,electrónica,35,18.452333,-97.403944,https://mitehuacan.mx/?ruta=11
1,Reparacion De Celulares Global Technology,electrónica,41,18.458612,-97.389194,https://mitehuacan.mx/?ruta=11
1,Tienda De Articulos Para Celular Gsm Un Looker,electrónica,41,18.457474,-97.389213,https://mitehuacan.mx/?ruta=11
1,Taller De Compostura De Telefonia At&T,electrónica,43,18.457108,-97.39046,https://mitehuacan.mx/?ruta=11
1,Servicio De Electronica Sin Nombre,electrónica,45,18.459579,-97.409086,https://mitehuacan.mx/?ruta=11
1,Taller De Electronica Escorpion,electrónica,50,18.457469,-97.389128,https://mitehuacan.mx/?ruta=11
1,Macktronica It & Electric Serviss,electrónica,53,18.45618,-97.395038,https://mitehuacan.mx/?ruta=11
1,Maquinitas Juegos Sin Nombre,electrónica,57,18.461579,-97.390071,https://mitehuacan.mx/?ruta=11
1,Venta De Maquinas Maquinateh,electrónica,58,18.457158,-97.394188,https://mitehuacan.mx/?ruta=11
1,Venta De Accesorios Celulares Computacion Y Repaciones De Ce,electrónica,64,18.460845,-97.388939,https://mitehuacan.mx/?ruta=11
1,Steren,electrónica,76,18.462825,-97.388796,https://mitehuacan.mx/?ruta=11
1,Renta De Maquinitas,electrónica,88,18.457993,-97.40873,https://mitehuacan.mx/?ruta=11
1,Bravos Saloon,electrónica,96,18.4502,-97.40385,https://mitehuacan.mx/?ruta=11
1,Centro De Servicios Incomex,electrónica,99,18.471359,-97.391744,https://mitehuacan.mx/?ruta=11
1,Compusisteh,electrónica,101,18.456899,-97.404849,https://mitehuacan.mx/?ruta=11
1,Instrumentacion Y Control Mantenimiento De Equipo Elctronico,electrónica,106,18.473187,-97.392163,https://mitehuacan.mx/?ruta=11
1,Reparacion De Celulares Salto Del Agua,electrónica,108,18.460898,-97.390569,https://mitehuacan.mx/?ruta=11
1,Reparacion De Televisiones,electrónica,109,18.456537,-97.391171,https://mitehuacan.mx/?ruta=11
1,Tienda Sin Nombre,electrónica,113,18.456314,-97.408644,https://mitehuacan.mx/?ruta=11
1,Compra Y Venta Maquinas Industriales Sin Nombre,electrónica,114,18.455587,-97.394011,https://mitehuacan.mx/?ruta=11
1,Game Over Video Juegos,electrónica,124,18.458653,-97.392717,https://mitehuacan.mx/?ruta=11
1,Dr Cell Reparacion De Celulares,electrónica,125,18.467244,-97.397632,https://mitehuacan.mx/?ruta=11
1,Reparalo.Com,electrónica,125,18.467276,-97.400126,https://mitehuacan.mx/?ruta=11
1,Compra Venta De Audios Y Video,electrónica,127,18.460666,-97.390749,https://mitehuacan.mx/?ruta=11
1,Renta De Videojuegos Sn,electrónica,133,18.457329,-97.408327,https://mitehuacan.mx/?ruta=11
1,Alfa Video Games,electrónica,141,18.477085,-97.389018,https://mitehuacan.mx/?ruta=11
1,Taller De Reparacion De Celulares Loby Reparaciones,electrónica,143,18.46493,-97.390831,https://mitehuacan.mx/?ruta=11
1,Yekcel Reparacion De Celulares,electrónica,143,18.458821,-97.393075,https://mitehuacan.mx/?ruta=11
1,Servicios De Computadoras Tehuacan,electrónica,145,18.462891,-97.388139,https://mitehuacan.mx/?ruta=11
1,Reparacion De Celulares Sin Nombre,electrónica,147,18.477529,-97.395956,https://mitehuacan.mx/?ruta=11
1,Andi Beauty Center,estética,0,18.452223,-97.403601,https://mitehuacan.mx/?ruta=11
1,Estetica Kary Rios,estética,0,18.46597,-97.389449,https://mitehuacan.mx/?ruta=11
1,Estetica Madoza,estética,1,18.459869,-97.38955,https://mitehuacan.mx/?ruta=11
1,Estetica Sin Nombre,estética,1,18.471111,-97.390249,https://mitehuacan.mx/?ruta=11
1,Barberia Cros,estética,2,18.477102,-97.392643,https://mitehuacan.mx/?ruta=11
1,Estetica Beuri,estética,2,18.464888,-97.396471,https://mitehuacan.mx/?ruta=11
1,Nails Love Boutique,estética,2,18.457497,-97.389649,https://mitehuacan.mx/?ruta=11
1,Aplicacion De Uñas Sin Nombre,estética,3,18.456967,-97.401696,https://mitehuacan.mx/?ruta=11
1,Barberia Merimar,estética,3,18.464906,-97.389504,https://mitehuacan.mx/?ruta=11
1,Estetica Jeremy,estética,3,18.456973,-97.401839,https://mitehuacan.mx/?ruta=11
1,Salon De Belleza Maria Isabel,estética,3,18.473688,-97.389425,https://mitehuacan.mx/?ruta=11
1,Estetica Unisex Sin Nombre,estética,4,18.457557,-97.391962,https://mitehuacan.mx/?ruta=11
1,Peluqueria Rodriguez,estética,4,18.45376,-97.406254,https://mitehuacan.mx/?ruta=11
1,Barberia Ballesteros,estética,5,18.476398,-97.396799,https://mitehuacan.mx/?ruta=11
1,Body & Face,estética,5,18.469287,-97.389345,https://mitehuacan.mx/?ruta=11
1,Estetic Uñas Y Pestañas Beauty Studio Cautiva,estética,5,18.463177,-97.399476,https://mitehuacan.mx/?ruta=11
1,Estetica Diannails,estética,5,18.469731,-97.389349,https://mitehuacan.mx/?ruta=11
1,Estetica Unisex Francis,estética,5,18.468481,-97.389359,https://mitehuacan.mx/?ruta=11
1,Estetica Yovana Cruz,estética,5,18.454692,-97.409697,https://mitehuacan.mx/?ruta=11
1,Estudio De Tatuajes Nova Ink Tattoo Studio,estética,5,18.463076,-97.39708,https://mitehuacan.mx/?ruta=11
1,Magic Glow Y Piercing,estética,5,18.463105,-97.397885,https://mitehuacan.mx/?ruta=11
1,Melendez Beauty Studio,estética,5,18.469151,-97.389344,https://mitehuacan.mx/?ruta=11
1,Servico De Corte De Cabello Barberia Sin Nombre,estética,5,18.46314,-97.398633,https://mitehuacan.mx/?ruta=11
1,Barberia Cristian Quiroz,estética,6,18.45384,-97.405179,https://mitehuacan.mx/?ruta=11
1,Peluqueria Sin Nombre,estética,6,18.472369,-97.398295,https://mitehuacan.mx/?ruta=11
1,Salon De Belleza Melani,estética,6,18.468669,-97.389462,https://mitehuacan.mx/?ruta=11
1,Salon De Belleza Salon Profesional,estética,6,18.4632,-97.399997,https://mitehuacan.mx/?ruta=11
1,El Salon Estetica,estética,7,18.456665,-97.393614,https://mitehuacan.mx/?ruta=11
1,Estetica Cameron,estética,7,18.465038,-97.398731,https://mitehuacan.mx/?ruta=11
1,Estetica Estudio Angy Carrera,estética,7,18.465076,-97.39705,https://mitehuacan.mx/?ruta=11
1,Estetica Praga,estética,7,18.455346,-97.409806,https://mitehuacan.mx/?ruta=11
1,Estetica Unisex Sarey,estética,7,18.456836,-97.400783,https://mitehuacan.mx/?ruta=11
1,Salon De Belleza Sin Nombre,estética,7,18.466759,-97.39904,https://mitehuacan.mx/?ruta=11
1,Aplicacion De Uñas Yadis Nails,estética,8,18.457456,-97.391814,https://mitehuacan.mx/?ruta=11
1,Esteica Linda,estética,8,18.476225,-97.393259,https://mitehuacan.mx/?ruta=11
1,Estetica Y Peluqueria Alva,estética,8,18.472469,-97.39104,https://mitehuacan.mx/?ruta=11
1,Gm Arte Y Belleza,estética,8,18.460127,-97.408659,https://mitehuacan.mx/?ruta=11
1,Cosmiatria Kathia Martinez,estética,9,18.474211,-97.397573,https://mitehuacan.mx/?ruta=11
1,Estetica Carlet,estética,9,18.472625,-97.390817,https://mitehuacan.mx/?ruta=11
1,Estetica Centro De Belleza Vanity,estética,9,18.457441,-97.39115,https://mitehuacan.mx/?ruta=11
1,Estetica Vero,estética,9,18.458889,-97.389495,https://mitehuacan.mx/?ruta=11
1,Peluqueria Montalvo,estética,9,18.472809,-97.390556,https://mitehuacan.mx/?ruta=11
1,Hm Nails,estética,10,18.473632,-97.397594,https://mitehuacan.mx/?ruta=11
1,Barberia Mamalon,estética,11,18.464826,-97.389582,https://mitehuacan.mx/?ruta=11
1,Estetica Nessy,estética,11,18.456242,-97.404159,https://mitehuacan.mx/?ruta=11
1,Estetica Maldonado,estética,12,18.472182,-97.391603,https://mitehuacan.mx/?ruta=11
1,Estetica Sin Nombre,estética,12,18.470091,-97.398748,https://mitehuacan.mx/?ruta=11
1,Nails & Lashes,estética,12,18.469775,-97.398764,https://mitehuacan.mx/?ruta=11
1,Barber Shop,estética,13,18.45705,-97.401494,https://mitehuacan.mx/?ruta=11
1,Barberia Marquez,estética,13,18.473328,-97.389771,https://mitehuacan.mx/?ruta=11
1,Estetica Unisex Sofia,estética,14,18.4692,-97.398762,https://mitehuacan.mx/?ruta=11
1,Oly Nails,estética,14,18.453435,-97.406485,https://mitehuacan.mx/?ruta=11
1,Barberia Black Barber,estética,15,18.469022,-97.389536,https://mitehuacan.mx/?ruta=11
1,Estetica Fashion Nails,estética,16,18.461493,-97.389685,https://mitehuacan.mx/?ruta=11
1,Estetica Unisex Golden Star Nails,estética,16,18.463216,-97.398043,https://mitehuacan.mx/?ruta=11
1,Estetica Deluxe Salon Y Barberia,estética,17,18.460378,-97.4092,https://mitehuacan.mx/?ruta=11
1,Estetica Hector Arrola,estética,17,18.463296,-97.399861,https://mitehuacan.mx/?ruta=11
1,Only Nails,estética,17,18.460366,-97.409001,https://mitehuacan.mx/?ruta=11
1,Neims Etc,estética,19,18.460262,-97.406737,https://mitehuacan.mx/?ruta=11
1,Peluqueria Y Barberia Papi Chulo,estética,19,18.459492,-97.389383,https://mitehuacan.mx/?ruta=11
1,Decoracion De Uñas Estudio De Uñas Nancy Robles,estética,20,18.465826,-97.389265,https://mitehuacan.mx/?ruta=11
1,Instituto De Belleza Essence,estética,20,18.465744,-97.389265,https://mitehuacan.mx/?ruta=11
1,Colocacion De Uñas Acrilicas Artemisa,estética,21,18.463455,-97.40274,https://mitehuacan.mx/?ruta=11
1,Estetica Vikingo,estética,21,18.462881,-97.398168,https://mitehuacan.mx/?ruta=11
1,Estetica Y Cosmiatria Jm,estética,22,18.467332,-97.399147,https://mitehuacan.mx/?ruta=11
1,Estitica Unisex Estilo Y Color,estética,22,18.463581,-97.389293,https://mitehuacan.mx/?ruta=11
1,Extensiones De Pestañas Oh My Lash,estética,23,18.463612,-97.406302,https://mitehuacan.mx/?ruta=11
1,Ferbarbershop,estética,23,18.463612,-97.406302,https://mitehuacan.mx/?ruta=11
1,Servicio De Spa,estética,23,18.458623,-97.389801,https://mitehuacan.mx/?ruta=11
1,Mj Mari De Jesus Maquillista Profesional,estética,24,18.46041,-97.40844,https://mitehuacan.mx/?ruta=11
1,Estetica Enyel,estética,25,18.455876,-97.40514,https://mitehuacan.mx/?ruta=11
1,Peluqueria Mendoza,estética,25,18.459654,-97.409749,https://mitehuacan.mx/?ruta=11
1,Estetica Unisex Ingrid,estética,26,18.464785,-97.397245,https://mitehuacan.mx/?ruta=11
1,Peluqueria Sin Nombre,estética,27,18.465889,-97.389196,https://mitehuacan.mx/?ruta=11
1,Alberto Garcia Peluqueria Y Estetica,estética,28,18.456611,-97.399946,https://mitehuacan.mx/?ruta=11
1,Barber Shop Big Boy,estética,28,18.457483,-97.389336,https://mitehuacan.mx/?ruta=11
1,Estetica Estetica Unisex Luz,estética,28,18.457275,-97.389432,https://mitehuacan.mx/?ruta=11
1,Salon De Belleza Divine,estética,33,18.464896,-97.389163,https://mitehuacan.mx/?ruta=11
1,Estetica Dians,estética,34,18.45783,-97.39158,https://mitehuacan.mx/?ruta=11
1,Estetica Unisex Estilo,estética,34,18.457479,-97.389279,https://mitehuacan.mx/?ruta=11
1,Barberia Barberia Bandoleros,estética,35,18.457203,-97.389435,https://mitehuacan.mx/?ruta=11
1,Estetica Unisex Maricarmen,estética,35,18.465051,-97.399385,https://mitehuacan.mx/?ruta=11
1,Peluqueria Varela,estética,35,18.46088,-97.389877,https://mitehuacan.mx/?ruta=11
1,Estetica Sin Nombre,estética,36,18.470525,-97.389276,https://mitehuacan.mx/?ruta=11
1,Marck Davila Hair Studio Salon De Belleza,estética,36,18.456402,-97.396674,https://mitehuacan.mx/?ruta=11
1,Mariscal Barberia,estética,36,18.456402,-97.396674,https://mitehuacan.mx/?ruta=11
1,Novaly Nails & Lases Aplicacion De Uñas Y Extensiones De Pes,estética,36,18.456402,-97.396674,https://mitehuacan.mx/?ruta=11
1,Velvet Nails Boutique,estética,36,18.456402,-97.396674,https://mitehuacan.mx/?ruta=11
1,Estetica Blanca Arias,estética,37,18.461354,-97.406511,https://mitehuacan.mx/?ruta=11
1,Estetica Galindos,estética,37,18.456283,-97.404926,https://mitehuacan.mx/?ruta=11
1,Erika,estética,40,18.45279,-97.404049,https://mitehuacan.mx/?ruta=11
1,Estetica Innovacion Estilista,estética,40,18.464702,-97.398079,https://mitehuacan.mx/?ruta=11
1,Estetica Mago,estética,40,18.464912,-97.389855,https://mitehuacan.mx/?ruta=11
1,Estetica Lupita,estética,42,18.455497,-97.405285,https://mitehuacan.mx/?ruta=11
1,Estetica Chelys,estética,43,18.464832,-97.389886,https://mitehuacan.mx/?ruta=11
1,Peluqueria El Arte,estética,43,18.461577,-97.389939,https://mitehuacan.mx/?ruta=11
1,Estetica Tete Estetik,estética,44,18.461352,-97.406445,https://mitehuacan.mx/?ruta=11
1,Barberia Ballesteros Barber Shop,estética,47,18.464832,-97.389924,https://mitehuacan.mx/?ruta=11
1,Pravana Estetica Unisex,estética,47,18.457157,-97.396575,https://mitehuacan.mx/?ruta=11
1,Jatzibet Showroom & Nails,estética,48,18.457965,-97.392444,https://mitehuacan.mx/?ruta=11
1,Sisters Studio,estética,48,18.469258,-97.398437,https://mitehuacan.mx/?ruta=11
1,Peluqueria Y Barber Shop Yeico,estética,50,18.456377,-97.399107,https://mitehuacan.mx/?ruta=11
1,Centro Estetico Carmen,estética,51,18.460849,-97.389062,https://mitehuacan.mx/?ruta=11
1,Estetica Sin Nombre,estética,51,18.46921,-97.399378,https://mitehuacan.mx/?ruta=11
1,Estetica Unisex Sin Nombre,estética,51,18.460251,-97.409973,https://mitehuacan.mx/?ruta=11
1,Estetica Adriana,estética,53,18.45345,-97.403124,https://mitehuacan.mx/?ruta=11
1,Estetica Sin Nombre,estética,54,18.452919,-97.409487,https://mitehuacan.mx/?ruta=11
1,Peluqueria Del Valle,estética,55,18.456996,-97.390349,https://mitehuacan.mx/?ruta=11
1,Estetica Itzel Guevara,estética,60,18.456883,-97.40908,https://mitehuacan.mx/?ruta=11
1,Peluqueria Manolo,estética,62,18.463714,-97.400122,https://mitehuacan.mx/?ruta=11
1,Salon De Belleza Sonset Hair Paradise,estética,62,18.462325,-97.407389,https://mitehuacan.mx/?ruta=11
1,Estetica Unisex,estética,64,18.474042,-97.38878,https://mitehuacan.mx/?ruta=11
1,Servicio De Tatuajes Ramons Tattoo,estética,64,18.464835,-97.390085,https://mitehuacan.mx/?ruta=11
1,Spa Belleza Mia,estética,64,18.462496,-97.398184,https://mitehuacan.mx/?ruta=11
1,Spa Oh My Lashes,estética,64,18.464835,-97.390085,https://mitehuacan.mx/?ruta=11
1,Estetica Athelier,estética,65,18.464917,-97.390092,https://mitehuacan.mx/?ruta=11
1,Servicio De Tatuajes Tatto Shop,estética,65,18.46443,-97.397262,https://mitehuacan.mx/?ruta=11
1,Salon De Belleza Sm,estética,66,18.456875,-97.389585,https://mitehuacan.mx/?ruta=11
1,Estetica Mi Bella Dama,estética,68,18.473184,-97.391248,https://mitehuacan.mx/?ruta=11
1,Estetica Unisex,estética,68,18.466941,-97.39008,https://mitehuacan.mx/?ruta=11
1,Estetica Xiomara,estética,68,18.453495,-97.410273,https://mitehuacan.mx/?ruta=11
1,Salon De Belleza Codigo Rosa,estética,69,18.464356,-97.397155,https://mitehuacan.mx/?ruta=11
1,Servicio De Tatuajes Veneno,estética,69,18.458423,-97.390239,https://mitehuacan.mx/?ruta=11
1,Barberia Cruz,estética,72,18.456371,-97.392784,https://mitehuacan.mx/?ruta=11
1,Centro De Belleza Lux,estética,72,18.456382,-97.392779,https://mitehuacan.mx/?ruta=11
1,Estetica Maribel,estética,72,18.46089,-97.390227,https://mitehuacan.mx/?ruta=11
1,Fash Barber Barberia Cortes De Cabello,estética,72,18.456186,-97.399304,https://mitehuacan.mx/?ruta=11
1,Aplicacion De Uñas,estética,73,18.456201,-97.399872,https://mitehuacan.mx/?ruta=11
1,Barber Shop Pacos,estética,76,18.469186,-97.398174,https://mitehuacan.mx/?ruta=11
1,Estetica Unisex Lulu,estética,76,18.476865,-97.393786,https://mitehuacan.mx/?ruta=11
1,Estetica Rg,estética,77,18.452343,-97.405764,https://mitehuacan.mx/?ruta=11
1,Aplicacion De Uñas Holyans,estética,78,18.464414,-97.399038,https://mitehuacan.mx/?ruta=11
1,Estetica Lalys,estética,78,18.452522,-97.409527,https://mitehuacan.mx/?ruta=11
1,Estetica Estudio M,estética,79,18.473323,-97.388793,https://mitehuacan.mx/?ruta=11
1,Barberia Shop Ramos,estética,81,18.456744,-97.389535,https://mitehuacan.mx/?ruta=11
1,Cute Nails,estética,81,18.46571,-97.396458,https://mitehuacan.mx/?ruta=11
1,Estetica Unixes Y Composturas De Ropa,estética,82,18.463898,-97.400228,https://mitehuacan.mx/?ruta=11
1,Studio Beauty Grecia,estética,83,18.454955,-97.404079,https://mitehuacan.mx/?ruta=11
1,Aplicacion De Uñas,estética,85,18.476943,-97.393679,https://mitehuacan.mx/?ruta=11
1,Estetica Inspira,estética,85,18.456898,-97.408815,https://mitehuacan.mx/?ruta=11
1,Estetica Sanlops,estética,87,18.465882,-97.390277,https://mitehuacan.mx/?ruta=11
1,Peluqueria Sin Nombre,estética,87,18.468908,-97.388572,https://mitehuacan.mx/?ruta=11
1,Extravaganza,estética,88,18.471775,-97.392187,https://mitehuacan.mx/?ruta=11
1,Estetica Maya Huel,estética,89,18.476571,-97.398394,https://mitehuacan.mx/?ruta=11
1,Ballesteros Barber Shop,estética,91,18.46484,-97.390341,https://mitehuacan.mx/?ruta=11
1,Estetica Catalella,estética,91,18.453842,-97.407522,https://mitehuacan.mx/?ruta=11
1,Estetica Unisex Paty,estética,92,18.476137,-97.389495,https://mitehuacan.mx/?ruta=11
1,Servicio De Uñas Venity Nails,estética,95,18.462229,-97.398512,https://mitehuacan.mx/?ruta=11
1,Uñas Artisticas Kenia,estética,95,18.471984,-97.399661,https://mitehuacan.mx/?ruta=11
1,Estetica Osiris Estudio,estética,96,18.466421,-97.390359,https://mitehuacan.mx/?ruta=11
1,Estetica Unisex Faby,estética,96,18.458492,-97.388671,https://mitehuacan.mx/?ruta=11
1,Kaily Salon Y Spa,estética,96,18.468983,-97.390306,https://mitehuacan.mx/?ruta=11
1,Estetica Tysharis,estética,97,18.456645,-97.391604,https://mitehuacan.mx/?ruta=11
1,Estetica Unisex Arllet,estética,100,18.46883,-97.39985,https://mitehuacan.mx/?ruta=11
1,Aplicacion De Tatuajes Iniestra In,estética,102,18.458446,-97.391574,https://mitehuacan.mx/?ruta=11
1,Barber Shop Seven Day,estética,103,18.456899,-97.408643,https://mitehuacan.mx/?ruta=11
1,Estetica De Belleza Camila,estética,103,18.467899,-97.399902,https://mitehuacan.mx/?ruta=11
1,Estetica Unisex Sin Nombre,estética,103,18.450206,-97.404201,https://mitehuacan.mx/?ruta=11
1,Salon De Belleza Tudio K,estética,104,18.464093,-97.400098,https://mitehuacan.mx/?ruta=11
1,Estetica Gisela,estética,105,18.465666,-97.40002,https://mitehuacan.mx/?ruta=11
1,Estetica New Colors,estética,105,18.456573,-97.391786,https://mitehuacan.mx/?ruta=11
1,Spa Pestañas Posh Tehuacan,estética,107,18.462343,-97.403992,https://mitehuacan.mx/?ruta=11
1,Estetica Marilyn,estética,108,18.455299,-97.402934,https://mitehuacan.mx/?ruta=11
1,Estudio Lovely Nails & Spa,estética,108,18.471021,-97.397792,https://mitehuacan.mx/?ruta=11
1,Asari Cano Beauty Salon,estética,109,18.47047,-97.397814,https://mitehuacan.mx/?ruta=11
1,Estetica,estética,111,18.458692,-97.408484,https://mitehuacan.mx/?ruta=11
1,Perfect Lashes,estética,111,18.47238,-97.389556,https://mitehuacan.mx/?ruta=11
1,Aplicacion De Uñas Shey Nails,estética,112,18.464405,-97.388419,https://mitehuacan.mx/?ruta=11
1,Estetica Sin Nombre,estética,113,18.46465,-97.388408,https://mitehuacan.mx/?ruta=11
1,Barberia Armandos,estética,114,18.473245,-97.392217,https://mitehuacan.mx/?ruta=11
1,Barberia Sin Nombre,estética,115,18.456434,-97.410806,https://mitehuacan.mx/?ruta=11
1,Barberia Barber Shop One Piece,estética,116,18.456894,-97.405351,https://mitehuacan.mx/?ruta=11
1,Rasura Barberia,estética,116,18.470651,-97.399938,https://mitehuacan.mx/?ruta=11
1,Estetica Ibe,estética,117,18.457452,-97.388493,https://mitehuacan.mx/?ruta=11
1,Manhattan Studio,estética,118,18.464926,-97.390594,https://mitehuacan.mx/?ruta=11
1,Deer Cuts Barber,estética,120,18.466438,-97.400097,https://mitehuacan.mx/?ruta=11
1,Barberia Barracuda Arcadia,estética,121,18.461307,-97.40896,https://mitehuacan.mx/?ruta=11
1,Estetica Black And Wite,estética,121,18.471356,-97.39219,https://mitehuacan.mx/?ruta=11
1,Estudio De Arte Utopia Studio,estética,121,18.462859,-97.390654,https://mitehuacan.mx/?ruta=11
1,Perforaciones Para El Cuerpo Teocalli,estética,121,18.462859,-97.390654,https://mitehuacan.mx/?ruta=11
1,Tatoos Y Piercing Hackalo,estética,121,18.462859,-97.390654,https://mitehuacan.mx/?ruta=11
1,Diamond Joyeria Y Tatuajes,estética,122,18.458624,-97.393269,https://mitehuacan.mx/?ruta=11
1,Concepto Estilistas,estética,124,18.456359,-97.389877,https://mitehuacan.mx/?ruta=11
1,Peluqueria Hernandez,estética,124,18.450817,-97.408288,https://mitehuacan.mx/?ruta=11
1,Spa Hanh,estética,124,18.455496,-97.393995,https://mitehuacan.mx/?ruta=11
1,Estetica Fashion Nails,estética,125,18.459724,-97.390751,https://mitehuacan.mx/?ruta=11
1,Estetica Laura Salon,estética,125,18.455501,-97.394251,https://mitehuacan.mx/?ruta=11
1,Estetica Mariana Mejia,estética,125,18.455499,-97.394137,https://mitehuacan.mx/?ruta=11
1,Estetica Unisex Ariana,estética,125,18.45976,-97.39075,https://mitehuacan.mx/?ruta=11
1,Nails Studio Gali,estética,125,18.459265,-97.406154,https://mitehuacan.mx/?ruta=11
1,Peluqueria El Sol,estética,125,18.459118,-97.390754,https://mitehuacan.mx/?ruta=11
1,Peluqueria Rafa,estética,125,18.477241,-97.398699,https://mitehuacan.mx/?ruta=11
1,Tienda De Bisuteria Sin Nombre,estética,125,18.459244,-97.390753,https://mitehuacan.mx/?ruta=11
1,Astrid Sanches Nail Salon Botique,estética,126,18.45794,-97.398421,https://mitehuacan.mx/?ruta=11
1,Estetica La Rosa,estética,126,18.470973,-97.400011,https://mitehuacan.mx/?ruta=11
1,Salon De Belleza Vanity,estética,126,18.461935,-97.39821,https://mitehuacan.mx/?ruta=11
1,Estetica Danely,estética,127,18.45867,-97.391156,https://mitehuacan.mx/?ruta=11
1,Estetica Unisex Sin Nombre,estética,127,18.458663,-97.390919,https://mitehuacan.mx/?ruta=11
1,Peluqueria El Gran Varon,estética,127,18.450009,-97.404323,https://mitehuacan.mx/?ruta=11
1,Aplicacion Pestañas Sensacionales Tehuacan,estética,128,18.464314,-97.400202,https://mitehuacan.mx/?ruta=11
1,Decoracion De Uñas Sin Nombre,estética,128,18.462778,-97.388304,https://mitehuacan.mx/?ruta=11
1,Blessed Academy Escuela De Estilismo,estética,129,18.458694,-97.392,https://mitehuacan.mx/?ruta=11
1,Brisa Nails,estética,129,18.47228,-97.392767,https://mitehuacan.mx/?ruta=11
1,Estetica Unisex Interbel,estética,131,18.462495,-97.390763,https://mitehuacan.mx/?ruta=11
1,Tienda De Tatuajes Y Piercing Firme Tinta,estética,132,18.457368,-97.388354,https://mitehuacan.mx/?ruta=11
1,Aplicacion De Tatuajes Corazon Negro Tattoo,estética,133,18.458724,-97.393156,https://mitehuacan.mx/?ruta=11
1,Barberia Kings,estética,133,18.464928,-97.390737,https://mitehuacan.mx/?ruta=11
1,Estetica Radiance,estética,133,18.458726,-97.393203,https://mitehuacan.mx/?ruta=11
1,Peluqueria El Avante,estética,133,18.474574,-97.388153,https://mitehuacan.mx/?ruta=11
1,Aplicacion De Uñas Nail Room Flocz,estética,135,18.461786,-97.39658,https://mitehuacan.mx/?ruta=11
1,Estetica Cali Spa,estética,135,18.464624,-97.406177,https://mitehuacan.mx/?ruta=11
1,Barberia Crisis Estudio,estética,137,18.462977,-97.390812,https://mitehuacan.mx/?ruta=11
1,Servicio De Tatuajes Perforaciones Barberia Crisis Estudio,estética,137,18.462977,-97.390812,https://mitehuacan.mx/?ruta=11
1,Spa De Unas La Belle Salon De Belleza,estética,137,18.461417,-97.408169,https://mitehuacan.mx/?ruta=11
1,Barber Shop Cruz,estética,139,18.45856,-97.394127,https://mitehuacan.mx/?ruta=11
1,Barber Shop Montalvo,estética,139,18.450008,-97.404852,https://mitehuacan.mx/?ruta=11
1,Barberia Imperio,estética,140,18.46205,-97.395653,https://mitehuacan.mx/?ruta=11
1,Barberia Martinez Tehuacan,estética,142,18.465021,-97.395145,https://mitehuacan.mx/?ruta=11
1,Depilacion Laser Olways Perfect Laser Studio,estética,142,18.45535,-97.394274,https://mitehuacan.mx/?ruta=11
1,Estetica Unisex Eus,estética,142,18.470993,-97.400162,https://mitehuacan.mx/?ruta=11
1,Shadai Nails,estética,143,18.464655,-97.405136,https://mitehuacan.mx/?ruta=11
1,Aplicacion De Tatuajes Leprosy,estética,144,18.455649,-97.39249,https://mitehuacan.mx/?ruta=11
1,Estetica Miss Uñas,estética,147,18.450619,-97.406947,https://mitehuacan.mx/?ruta=11
1,Estetica Jireh,estética,148,18.469082,-97.390796,https://mitehuacan.mx/?ruta=11
1,Farmacia De Apoyo Sucursal 24,farmacia,1,18.462946,-97.389518,https://mitehuacan.mx/?ruta=11
1,Farmacia de Apoyo,farmacia,1,18.46298,-97.389497,https://mitehuacan.mx/?ruta=11
1,Farmacias Del Ahorro Pue Petl Tehuacan Liberacion,farmacia,4,18.476965,-97.397182,https://mitehuacan.mx/?ruta=11
1,Ef Equilibrio Farmaceutico,farmacia,5,18.463134,-97.39849,https://mitehuacan.mx/?ruta=11
1,Farmacias Del Ahorro Pue Pe3O 3 Oriente,farmacia,6,18.460764,-97.389602,https://mitehuacan.mx/?ruta=11
1,Farmacias Similares,farmacia,6,18.456673,-97.396551,https://mitehuacan.mx/?ruta=11
1,Farmacia de Ahorro,farmacia,6,18.460775,-97.389493,https://mitehuacan.mx/?ruta=11
1,Farmacia Optima,farmacia,7,18.475642,-97.39631,https://mitehuacan.mx/?ruta=11
1,Farmacias Similares,farmacia,7,18.461701,-97.389463,https://mitehuacan.mx/?ruta=11
1,Paraiso Fumigaciones Tehuacan,farmacia,8,18.457445,-97.391283,https://mitehuacan.mx/?ruta=11
1,Farmacia De Apoyo,farmacia,9,18.462948,-97.389595,https://mitehuacan.mx/?ruta=11
1,Venta De Productos Farmaceuticos Botica Del Mercado,farmacia,9,18.459667,-97.389483,https://mitehuacan.mx/?ruta=11
1,Farmacias Vida,farmacia,10,18.456825,-97.396815,https://mitehuacan.mx/?ruta=11
1,Farmacia De Apoyo Sucursal 28,farmacia,11,18.463055,-97.396405,https://mitehuacan.mx/?ruta=11
1,Farmacia de Apoyo,farmacia,16,18.460864,-97.389397,https://mitehuacan.mx/?ruta=11
1,Farmacias Similares,farmacia,16,18.463167,-97.396848,https://mitehuacan.mx/?ruta=11
1,Farmacia Pasteur,farmacia,19,18.460487,-97.389371,https://mitehuacan.mx/?ruta=11
1,Farmacia Apoyo Popular,farmacia,22,18.460893,-97.389336,https://mitehuacan.mx/?ruta=11
1,Farmacia de Apoyo,farmacia,24,18.463403,-97.400837,https://mitehuacan.mx/?ruta=11
1,Farmacias Del Doctor Barato,farmacia,43,18.460253,-97.40651,https://mitehuacan.mx/?ruta=11
1,Oficina Administrativa,farmacia,43,18.464632,-97.397252,https://mitehuacan.mx/?ruta=11
1,Farmacia Mi Farmacia,farmacia,51,18.456714,-97.410185,https://mitehuacan.mx/?ruta=11
1,Farmacias Similares,farmacia,51,18.474992,-97.395476,https://mitehuacan.mx/?ruta=11
1,Farmacia Farmex,farmacia,55,18.477869,-97.392566,https://mitehuacan.mx/?ruta=11
1,Consultorio Farmacia Tanamed,farmacia,64,18.456279,-97.399718,https://mitehuacan.mx/?ruta=11
1,Farmacias Optima,farmacia,65,18.466708,-97.397976,https://mitehuacan.mx/?ruta=11
1,Farmacia Y Perfumeria Victorino,farmacia,68,18.458637,-97.390227,https://mitehuacan.mx/?ruta=11
1,Farmacia Y Consulta Genericos,farmacia,69,18.450616,-97.404636,https://mitehuacan.mx/?ruta=11
1,Farmacias Similares,farmacia,69,18.46078,-97.390203,https://mitehuacan.mx/?ruta=11
1,Farmacia Del Valle,farmacia,79,18.460346,-97.410235,https://mitehuacan.mx/?ruta=11
1,Farmacia Victorinox,farmacia,84,18.45866,-97.390378,https://mitehuacan.mx/?ruta=11
1,Venta De Medicamentos Farmacia De La Economia,farmacia,97,18.462787,-97.388598,https://mitehuacan.mx/?ruta=11
1,Farmacia San Angel,farmacia,99,18.455829,-97.396582,https://mitehuacan.mx/?ruta=11
1,Farmacias del Ahorro,farmacia,107,18.463618,-97.407733,https://mitehuacan.mx/?ruta=11
1,Farmacia De Apoyo,farmacia,108,18.477976,-97.397848,https://mitehuacan.mx/?ruta=11
1,Farmacias San Pio,farmacia,109,18.469692,-97.397845,https://mitehuacan.mx/?ruta=11
1,Farmacia Pensamiento,farmacia,110,18.450114,-97.404071,https://mitehuacan.mx/?ruta=11
1,Venta De Medicamentos Farmacia El Pastillero,farmacia,116,18.460829,-97.388446,https://mitehuacan.mx/?ruta=11
1,Farmacias Similares,farmacia,117,18.468356,-97.397807,https://mitehuacan.mx/?ruta=11
1,Farmacias Similares,farmacia,120,18.456842,-97.405536,https://mitehuacan.mx/?ruta=11
1,Farmacia De Apoyo,farmacia,121,18.461328,-97.409383,https://mitehuacan.mx/?ruta=11
1,Farmacias Similares,farmacia,121,18.456876,-97.405484,https://mitehuacan.mx/?ruta=11
1,Farmacias Similares,farmacia,129,18.458694,-97.391999,https://mitehuacan.mx/?ruta=11
1,Farmacia el pastillero,farmacia,129,18.46086,-97.390762,https://mitehuacan.mx/?ruta=11
1,Farmacias Guadalajara,farmacia,130,18.476131,-97.398792,https://mitehuacan.mx/?ruta=11
1,Farmacia de Apoyo,farmacia,132,18.458722,-97.392464,https://mitehuacan.mx/?ruta=11
1,Tlapaleria,ferretería,1,18.472892,-97.390573,https://mitehuacan.mx/?ruta=11
1,Venta Material Electrico,ferretería,2,18.460242,-97.409224,https://mitehuacan.mx/?ruta=11
1,Ferreteria Comercial Gonzalez,ferretería,3,18.46087,-97.389517,https://mitehuacan.mx/?ruta=11
1,Ferreteria El Ferretero,ferretería,8,18.464915,-97.389396,https://mitehuacan.mx/?ruta=11
1,Birlos Y Tornillos,ferretería,9,18.456807,-97.396503,https://mitehuacan.mx/?ruta=11
1,Cefemsa,ferretería,11,18.456877,-97.397715,https://mitehuacan.mx/?ruta=11
1,Ferreteria Ferre Materiales Grupo Mazco,ferretería,11,18.465041,-97.399115,https://mitehuacan.mx/?ruta=11
1,Ferreteria Gomez Ollivier,ferretería,11,18.456831,-97.409593,https://mitehuacan.mx/?ruta=11
1,Tlapaleria Lezama,ferretería,11,18.456061,-97.404822,https://mitehuacan.mx/?ruta=11
1,Ferre Materiales Los Laureles,ferretería,13,18.453462,-97.408881,https://mitehuacan.mx/?ruta=11
1,Ferretera Leon,ferretería,13,18.460874,-97.389668,https://mitehuacan.mx/?ruta=11
1,Comercial Industrial Frahi,ferretería,16,18.463169,-97.396858,https://mitehuacan.mx/?ruta=11
1,Venta Material Electrico Electri Ligh,ferretería,16,18.463216,-97.398043,https://mitehuacan.mx/?ruta=11
1,Distribuciones Jorta,ferretería,20,18.459184,-97.389387,https://mitehuacan.mx/?ruta=11
1,Ferretera Arriaga,ferretería,20,18.462252,-97.389331,https://mitehuacan.mx/?ruta=11
1,Tripay Del Centro,ferretería,20,18.461293,-97.389346,https://mitehuacan.mx/?ruta=11
1,El Ferretero,ferretería,21,18.462812,-97.389317,https://mitehuacan.mx/?ruta=11
1,Ferreteria El Proveedor Ferretero,ferretería,21,18.46322,-97.389308,https://mitehuacan.mx/?ruta=11
1,Ferreteria Mexico,ferretería,21,18.46322,-97.389308,https://mitehuacan.mx/?ruta=11
1,Centro Tornillero De La Mixteca,ferretería,22,18.463581,-97.405696,https://mitehuacan.mx/?ruta=11
1,Ferreteria King,ferretería,22,18.46426,-97.389282,https://mitehuacan.mx/?ruta=11
1,Tuberias Valvulas Y Conexiones Tuvaco,ferretería,22,18.463581,-97.405696,https://mitehuacan.mx/?ruta=11
1,Ferregamo Aceros Tlapaleria Y Productos De Limpieza,ferretería,26,18.459355,-97.409764,https://mitehuacan.mx/?ruta=11
1,Sihat Sistemas Hidraulicos Y Alcantarillado De Tehuacan,ferretería,27,18.458822,-97.409791,https://mitehuacan.mx/?ruta=11
1,Ferreteria El Ferretero,ferretería,44,18.462839,-97.389925,https://mitehuacan.mx/?ruta=11
1,Centro De Servicio,ferretería,50,18.457068,-97.391487,https://mitehuacan.mx/?ruta=11
1,Venta De Herramienta Urrea,ferretería,50,18.465153,-97.399543,https://mitehuacan.mx/?ruta=11
1,Ferreteria Fenix,ferretería,73,18.476806,-97.391247,https://mitehuacan.mx/?ruta=11
1,Ferreteria Sin Nombre,ferretería,73,18.456201,-97.399872,https://mitehuacan.mx/?ruta=11
1,Ferreteria Leon,ferretería,76,18.460891,-97.390265,https://mitehuacan.mx/?ruta=11
1,Ferreteria Arriaga Ferreteria,ferretería,79,18.458444,-97.390331,https://mitehuacan.mx/?ruta=11
1,Ferreteria Montalvo,ferretería,83,18.456897,-97.408834,https://mitehuacan.mx/?ruta=11
1,Ferre Materiales Ramos,ferretería,86,18.47829,-97.390091,https://mitehuacan.mx/?ruta=11
1,Materiales El Topollo,ferretería,89,18.472605,-97.399529,https://mitehuacan.mx/?ruta=11
1,Todo Para Gas Y Agua Bianchi Gas,ferretería,96,18.460743,-97.388639,https://mitehuacan.mx/?ruta=11
1,Ferreteria Sin Nombre,ferretería,97,18.45539,-97.403266,https://mitehuacan.mx/?ruta=11
1,Ferreteria Y Tlapaleria Del Mercado,ferretería,102,18.462853,-97.390474,https://mitehuacan.mx/?ruta=11
1,Ferretera Arriaga,ferretería,103,18.467178,-97.397843,https://mitehuacan.mx/?ruta=11
1,Ferreteria Sin Nombre,ferretería,103,18.450108,-97.40372,https://mitehuacan.mx/?ruta=11
1,Bodega Ferretera Arriaga,ferretería,105,18.467176,-97.397814,https://mitehuacan.mx/?ruta=11
1,Ferreteria Le Extension Electrica,ferretería,110,18.457271,-97.408545,https://mitehuacan.mx/?ruta=11
1,Ferreteria Y Materiales Pascual,ferretería,113,18.464174,-97.400091,https://mitehuacan.mx/?ruta=11
1,Ferreteria Ilumination,ferretería,117,18.458201,-97.394239,https://mitehuacan.mx/?ruta=11
1,Taller De Mantenimiento De Coches De Ferrepat,ferretería,118,18.469081,-97.397773,https://mitehuacan.mx/?ruta=11
1,Ave Ferreteria,ferretería,126,18.459977,-97.390749,https://mitehuacan.mx/?ruta=11
1,Ferreteria De La Once,ferretería,126,18.454521,-97.402948,https://mitehuacan.mx/?ruta=11
1,Electrica Codesa,ferretería,131,18.462332,-97.390762,https://mitehuacan.mx/?ruta=11
1,Hotel El Campanario,hotel,7,18.462149,-97.389459,https://mitehuacan.mx/?ruta=11
1,Motel Luxor,hotel,7,18.475715,-97.396356,https://mitehuacan.mx/?ruta=11
1,Hotel Papagallo,hotel,18,18.45444,-97.409888,https://mitehuacan.mx/?ruta=11
1,Hotel La Suiza,hotel,20,18.459076,-97.389388,https://mitehuacan.mx/?ruta=11
1,Hotel La Rotonda,hotel,32,18.471865,-97.391356,https://mitehuacan.mx/?ruta=11
1,Hotel Casa Del Prado,hotel,34,18.461576,-97.389853,https://mitehuacan.mx/?ruta=11
1,Hotel Belen,hotel,36,18.464896,-97.389134,https://mitehuacan.mx/?ruta=11
1,Hotel Paraiso Inn,hotel,37,18.457258,-97.40127,https://mitehuacan.mx/?ruta=11
1,Hotel Moniett,hotel,73,18.464973,-97.395801,https://mitehuacan.mx/?ruta=11
1,Hotel Posada Del Viajero,hotel,75,18.462792,-97.388806,https://mitehuacan.mx/?ruta=11
1,Hotel Villablanca,hotel,85,18.463807,-97.407439,https://mitehuacan.mx/?ruta=11
1,Hotel Granada,hotel,92,18.4585,-97.388709,https://mitehuacan.mx/?ruta=11
1,Hotel Granada,hotel,94,18.458022,-97.388704,https://mitehuacan.mx/?ruta=11
1,Motel H & A Suites,hotel,94,18.476543,-97.391251,https://mitehuacan.mx/?ruta=11
1,Motel Rooms,hotel,95,18.47309,-97.399144,https://mitehuacan.mx/?ruta=11
1,Hotelitto Inn,hotel,98,18.460834,-97.388616,https://mitehuacan.mx/?ruta=11
1,Hotel Villablanca,hotel,98,18.463888,-97.407531,https://mitehuacan.mx/?ruta=11
1,Hotel Mex-Mar,hotel,113,18.456896,-97.405276,https://mitehuacan.mx/?ruta=11
1,Hotel Motel Pasion,hotel,127,18.457369,-97.388401,https://mitehuacan.mx/?ruta=11
1,Hotel Boutique Tehuacan,hotel,128,18.462063,-97.395808,https://mitehuacan.mx/?ruta=11
1,Promotora Nacional,inmobiliaria,5,18.463147,-97.398813,https://mitehuacan.mx/?ruta=11
1,Inmobiliaria Cima,inmobiliaria,11,18.464894,-97.396386,https://mitehuacan.mx/?ruta=11
1,Inmoviliaria Fincasa,inmobiliaria,33,18.462927,-97.3892,https://mitehuacan.mx/?ruta=11
1,Inmobiliaria Grupo Riva,inmobiliaria,50,18.465153,-97.399534,https://mitehuacan.mx/?ruta=11
1,Inmobiliaria Zapata,inmobiliaria,73,18.466579,-97.397877,https://mitehuacan.mx/?ruta=11
1,Oficina Administrativa Del Mercado Licenciado Benito Juarez,inmobiliaria,75,18.456208,-97.400391,https://mitehuacan.mx/?ruta=11
1,Administracion Plaza El Mezon,inmobiliaria,80,18.461501,-97.390292,https://mitehuacan.mx/?ruta=11
1,Inmobiliaria Dasa Vivienda,inmobiliaria,85,18.462249,-97.396804,https://mitehuacan.mx/?ruta=11
1,Inmobiliaria Multiventas,inmobiliaria,98,18.460896,-97.390474,https://mitehuacan.mx/?ruta=11
1,Bienes Raices Juma,inmobiliaria,99,18.471705,-97.399717,https://mitehuacan.mx/?ruta=11
1,Comercializadora Terrecasas,inmobiliaria,102,18.466955,-97.390402,https://mitehuacan.mx/?ruta=11
1,Venta De Terrenos Palma,inmobiliaria,121,18.462859,-97.390654,https://mitehuacan.mx/?ruta=11
1,Gestion De Bienes Inmuebles Uxmal,inmobiliaria,123,18.450833,-97.405815,https://mitehuacan.mx/?ruta=11
1,Inmobiliaria Y Construcciones La Torre Tehuacan,inmobiliaria,129,18.458694,-97.392,https://mitehuacan.mx/?ruta=11
1,Oficina Administrativa De Plaza Ana Maria,inmobiliaria,129,18.458694,-97.392,https://mitehuacan.mx/?ruta=11
1,Inmobiliaria Grupo Independiente De Remates,inmobiliaria,131,18.462287,-97.390762,https://mitehuacan.mx/?ruta=11
1,Inmobiliaria Tehuacan,inmobiliaria,147,18.472948,-97.393873,https://mitehuacan.mx/?ruta=11
1,Conbe,llantera,0,18.463372,-97.405404,https://mitehuacan.mx/?ruta=11
1,Gomez Neumaticos,llantera,3,18.463384,-97.406443,https://mitehuacan.mx/?ruta=11
1,Compra Venta De Llantas,llantera,9,18.463036,-97.406677,https://mitehuacan.mx/?ruta=11
1,Vulcanizadora El Guero,llantera,15,18.456997,-97.399855,https://mitehuacan.mx/?ruta=11
1,Llantera Garay,llantera,16,18.463069,-97.401534,https://mitehuacan.mx/?ruta=11
1,Venta De Llantas La Nueva Era,llantera,23,18.456358,-97.404146,https://mitehuacan.mx/?ruta=11
1,Vulcanizadora Roberto,llantera,41,18.45735,-97.389236,https://mitehuacan.mx/?ruta=11
1,Vulcanizadora Sin Nombre,llantera,73,18.456926,-97.403283,https://mitehuacan.mx/?ruta=11
1,Vulcanizadora Vazquez,llantera,93,18.456524,-97.410593,https://mitehuacan.mx/?ruta=11
1,Vulcanizadora Azar,llantera,97,18.464092,-97.40149,https://mitehuacan.mx/?ruta=11
1,Vulcanizadora San Nicolas,llantera,111,18.477103,-97.398581,https://mitehuacan.mx/?ruta=11
1,Tapiceria Diaz,muebles,3,18.464825,-97.389507,https://mitehuacan.mx/?ruta=11
1,Tiendas PATJANE CEJA,muebles,4,18.463221,-97.400774,https://mitehuacan.mx/?ruta=11
1,Muebleria Patjane Ceja,muebles,5,18.463234,-97.400945,https://mitehuacan.mx/?ruta=11
1,Muebleria Ofilinea,muebles,7,18.465594,-97.38939,https://mitehuacan.mx/?ruta=11
1,Articulos Para Tapiceria Anita,muebles,8,18.463522,-97.389425,https://mitehuacan.mx/?ruta=11
1,Mueblería Delfer,muebles,8,18.460443,-97.389475,https://mitehuacan.mx/?ruta=11
1,Tapiceria De Tehuacan,muebles,9,18.456779,-97.39583,https://mitehuacan.mx/?ruta=11
1,Carpinteria La 15 Letras,muebles,17,18.467039,-97.389275,https://mitehuacan.mx/?ruta=11
1,Muebles De Lenny,muebles,24,18.463644,-97.406709,https://mitehuacan.mx/?ruta=11
1,Arca Construcciones,muebles,27,18.458723,-97.409795,https://mitehuacan.mx/?ruta=11
1,Bodega Muebleria Patjane Ceja,muebles,28,18.462904,-97.400277,https://mitehuacan.mx/?ruta=11
1,Muebleria Bruno,muebles,70,18.464973,-97.39583,https://mitehuacan.mx/?ruta=11
1,Carpinteria Sin Nombre,muebles,71,18.456179,-97.398962,https://mitehuacan.mx/?ruta=11
1,Taller De Madera Muebles Y Esculturas,muebles,79,18.458344,-97.390332,https://mitehuacan.mx/?ruta=11
1,Muebleria Feria Del Mueble,muebles,88,18.460745,-97.388714,https://mitehuacan.mx/?ruta=11
1,Constructora Cesar Roman Moreno,muebles,103,18.474963,-97.3986,https://mitehuacan.mx/?ruta=11
1,Carpinteria Sin Nombre,muebles,104,18.465025,-97.400048,https://mitehuacan.mx/?ruta=11
1,Sm Tapiceria,muebles,105,18.477332,-97.393655,https://mitehuacan.mx/?ruta=11
1,Ebanisteria Chavez,muebles,108,18.456744,-97.405485,https://mitehuacan.mx/?ruta=11
1,Rb Decoraciones,muebles,113,18.466864,-97.39051,https://mitehuacan.mx/?ruta=11
1,Tapiceria Sin Nombre,muebles,118,18.467198,-97.400058,https://mitehuacan.mx/?ruta=11
1,Mebleria Muebles Y Mas,muebles,125,18.464955,-97.395309,https://mitehuacan.mx/?ruta=11
1,Bodega Plaza Fala,muebles,137,18.461436,-97.408622,https://mitehuacan.mx/?ruta=11
1,Muebleria Sin Nombre,muebles,137,18.471918,-97.39277,https://mitehuacan.mx/?ruta=11
1,Salas Online,muebles,144,18.455422,-97.396598,https://mitehuacan.mx/?ruta=11
1,Herramienta Automotriz,refacciones,1,18.451086,-97.4038,https://mitehuacan.mx/?ruta=11
1,Tienda De Partes Electricas Trumor,refacciones,1,18.472479,-97.391169,https://mitehuacan.mx/?ruta=11
1,Venta De Refacciones Automotrices Autopartes Electricas Rodr,refacciones,2,18.456707,-97.396506,https://mitehuacan.mx/?ruta=11
1,Refaccionaria Vidal,refacciones,3,18.457883,-97.409592,https://mitehuacan.mx/?ruta=11
1,Servicio Electrico Y Automotriz Y Refacciones La 7 Poniente,refacciones,3,18.456657,-97.395616,https://mitehuacan.mx/?ruta=11
1,Compra Venta De Accesorios Para Automoviles Blaky,refacciones,4,18.457493,-97.389564,https://mitehuacan.mx/?ruta=11
1,Refaccionaria Rangel,refacciones,5,18.463205,-97.40014,https://mitehuacan.mx/?ruta=11
1,Refacciones Vw Y Nissan De Tehuacan,refacciones,6,18.465125,-97.398149,https://mitehuacan.mx/?ruta=11
1,Parabrisas Vitrocar Tehuacan,refacciones,10,18.475548,-97.3975,https://mitehuacan.mx/?ruta=11
1,Refaccionaria Disel Hernandez,refacciones,11,18.469431,-97.398781,https://mitehuacan.mx/?ruta=11
1,Refaccionaria Diesel Reforma,refacciones,13,18.457059,-97.401741,https://mitehuacan.mx/?ruta=11
1,El Riego,refacciones,14,18.456704,-97.409839,https://mitehuacan.mx/?ruta=11
1,Comercio Al Por Mayor De Partes Y Refacciones Nuevas Para Au,refacciones,16,18.456979,-97.399173,https://mitehuacan.mx/?ruta=11
1,Autopartes Avendaño,refacciones,17,18.463296,-97.399861,https://mitehuacan.mx/?ruta=11
1,Refacciones Y Servicio Electrico Mejia Automotriz,refacciones,21,18.463452,-97.402627,https://mitehuacan.mx/?ruta=11
1,Venta De Baterias Para Automovil La Casa De La Bateria,refacciones,22,18.463451,-97.402589,https://mitehuacan.mx/?ruta=11
1,Parabrisas Luigi,refacciones,23,18.476377,-97.393796,https://mitehuacan.mx/?ruta=11
1,Zona Alta,refacciones,23,18.463557,-97.404966,https://mitehuacan.mx/?ruta=11
1,Centro Muellero La Asuncion,refacciones,25,18.457113,-97.409881,https://mitehuacan.mx/?ruta=11
1,Peliculas De Seguridad Adiccion,refacciones,25,18.459807,-97.409741,https://mitehuacan.mx/?ruta=11
1,Mangueras Tehuacan,refacciones,26,18.459473,-97.409758,https://mitehuacan.mx/?ruta=11
1,Auto Partes Olguin,refacciones,35,18.456318,-97.394245,https://mitehuacan.mx/?ruta=11
1,Diez Accesorios,refacciones,37,18.476503,-97.393793,https://mitehuacan.mx/?ruta=11
1,Compra Venta De Accesorios Para Automoviles Blacky,refacciones,38,18.458628,-97.389939,https://mitehuacan.mx/?ruta=11
1,Refaccionaria Macsa,refacciones,63,18.464889,-97.388878,https://mitehuacan.mx/?ruta=11
1,Instalacion De Alarmas,refacciones,68,18.458022,-97.410209,https://mitehuacan.mx/?ruta=11
1,Partes Automotrices De Emergencia,refacciones,72,18.462968,-97.390195,https://mitehuacan.mx/?ruta=11
1,Venta De Refacciones Para Bombas Y Motores Ferlex,refacciones,73,18.463817,-97.400235,https://mitehuacan.mx/?ruta=11
1,Refacciones Don Paco,refacciones,75,18.464342,-97.397266,https://mitehuacan.mx/?ruta=11
1,Venta De Accesorios Para Vehiculos Vidal,refacciones,81,18.46685,-97.397865,https://mitehuacan.mx/?ruta=11
1,Accesorios Automotrices Gonzalez,refacciones,90,18.464055,-97.40215,https://mitehuacan.mx/?ruta=11
1,Agencias Mercantiles,refacciones,102,18.464182,-97.402639,https://mitehuacan.mx/?ruta=11
1,Refacciones Lay,refacciones,105,18.467595,-97.39794,https://mitehuacan.mx/?ruta=11
1,Refaccionaria Numan,refacciones,114,18.456291,-97.410798,https://mitehuacan.mx/?ruta=11
1,Parabrisas Hernandez,refacciones,126,18.468701,-97.4001,https://mitehuacan.mx/?ruta=11
1,Baleros Y Refacciones Fermar,refacciones,130,18.455459,-97.394271,https://mitehuacan.mx/?ruta=11
1,Hernandez Motors,refacciones,130,18.457157,-97.404925,https://mitehuacan.mx/?ruta=11
1,Venta De Magueras La Casa De La Manguera,refacciones,135,18.468234,-97.400196,https://mitehuacan.mx/?ruta=11
1,Accesorios De Carros Mitre,refacciones,141,18.450024,-97.405022,https://mitehuacan.mx/?ruta=11
1,Refaccionaria De Transmisiones Tehuacan,refacciones,144,18.452924,-97.410879,https://mitehuacan.mx/?ruta=11
1,Diagsa Automotriz Matriz,refacciones,149,18.46465,-97.403703,https://mitehuacan.mx/?ruta=11
1,Carnitas Flor De Maria,restaurante,0,18.451353,-97.404744,https://mitehuacan.mx/?ruta=11
1,Tortas Chepes,restaurante,0,18.460197,-97.408571,https://mitehuacan.mx/?ruta=11
1,Antojitos Marys,restaurante,1,18.460166,-97.40767,https://mitehuacan.mx/?ruta=11
1,Carnitas El Altepexano,restaurante,1,18.464824,-97.389488,https://mitehuacan.mx/?ruta=11
1,Caseta De Tacos Taqueria Infonavit,restaurante,1,18.460157,-97.407433,https://mitehuacan.mx/?ruta=11
1,Cocina Economica El Sazon De La Abuela,restaurante,1,18.472866,-97.390611,https://mitehuacan.mx/?ruta=11
1,Cocina Economica Y Bazar,restaurante,1,18.456203,-97.403925,https://mitehuacan.mx/?ruta=11
1,Mister Papas,restaurante,1,18.463298,-97.403846,https://mitehuacan.mx/?ruta=11
1,Pollos Ximbones,restaurante,1,18.469543,-97.39889,https://mitehuacan.mx/?ruta=11
1,Tacos Vito Sirloin,restaurante,1,18.463308,-97.404064,https://mitehuacan.mx/?ruta=11
1,Taqueria San Juditas,restaurante,1,18.456914,-97.401266,https://mitehuacan.mx/?ruta=11
1,Antojitos Doña Martha,restaurante,2,18.460237,-97.409119,https://mitehuacan.mx/?ruta=11
1,Antojitos Rosy,restaurante,2,18.465005,-97.397356,https://mitehuacan.mx/?ruta=11
1,Carnitas El Porky,restaurante,2,18.464824,-97.389459,https://mitehuacan.mx/?ruta=11
1,Cocina Economica Y Rosticeria De Pollos Rosticocina Zaragoza,restaurante,2,18.465005,-97.397356,https://mitehuacan.mx/?ruta=11
1,La Torta Del Recreo,restaurante,2,18.477283,-97.392647,https://mitehuacan.mx/?ruta=11
1,Pollos Asados La Fortaleza,restaurante,2,18.46891,-97.39892,https://mitehuacan.mx/?ruta=11
1,Restaurante Las Patatas,restaurante,2,18.464994,-97.39711,https://mitehuacan.mx/?ruta=11
1,Tacos Y Tortas Arabes Tacuba,restaurante,2,18.460137,-97.406969,https://mitehuacan.mx/?ruta=11
1,Taqueria El Diablito,restaurante,2,18.476146,-97.39349,https://mitehuacan.mx/?ruta=11
1,Cocina Economica Como En Casa,restaurante,3,18.465014,-97.397612,https://mitehuacan.mx/?ruta=11
1,Ke Pollo,restaurante,3,18.451965,-97.408534,https://mitehuacan.mx/?ruta=11
1,Pizzas Angelotti,restaurante,3,18.457621,-97.409601,https://mitehuacan.mx/?ruta=11
1,Restaurant Bar Ambar,restaurante,3,18.458037,-97.409587,https://mitehuacan.mx/?ruta=11
1,Tacos Pacheco,restaurante,3,18.456915,-97.40038,https://mitehuacan.mx/?ruta=11
1,Antojitos Doña Chabe,restaurante,4,18.457488,-97.39315,https://mitehuacan.mx/?ruta=11
1,Cocina Economica Vazquez,restaurante,4,18.47624,-97.397601,https://mitehuacan.mx/?ruta=11
1,Comida Para El Alma,restaurante,4,18.453755,-97.405903,https://mitehuacan.mx/?ruta=11
1,Rosticeria Pollo Mix,restaurante,4,18.457558,-97.39199,https://mitehuacan.mx/?ruta=11
1,Venta De Antojitos Sin Nombre,restaurante,4,18.467063,-97.398912,https://mitehuacan.mx/?ruta=11
1,Antojitos,restaurante,5,18.475284,-97.392854,https://mitehuacan.mx/?ruta=11
1,Antojitos Mexicanos Chaguita,restaurante,5,18.47529,-97.393035,https://mitehuacan.mx/?ruta=11
1,Antojitos Mexicanos La Primera Concepcion,restaurante,5,18.46723,-97.398894,https://mitehuacan.mx/?ruta=11
1,El Rey De La Vida,restaurante,5,18.456558,-97.393656,https://mitehuacan.mx/?ruta=11
1,Hamburguesas El Betos,restaurante,5,18.468472,-97.389359,https://mitehuacan.mx/?ruta=11
1,Restaurant Sin Nombre,restaurante,5,18.463162,-97.399164,https://mitehuacan.mx/?ruta=11
1,Taqueria Sin Nombre,restaurante,5,18.470138,-97.389353,https://mitehuacan.mx/?ruta=11
1,Venta De Tacos Taqueria Zaragoza,restaurante,5,18.465128,-97.398272,https://mitehuacan.mx/?ruta=11
1,Carnitas El Oasis,restaurante,6,18.465091,-97.397486,https://mitehuacan.mx/?ruta=11
1,Cocina Economica Y Antojitos Marielita,restaurante,6,18.472369,-97.398399,https://mitehuacan.mx/?ruta=11
1,Quesadillas Escandalosas,restaurante,6,18.453842,-97.405568,https://mitehuacan.mx/?ruta=11
1,Venta De Antojitos Mexicanos Doña Rosi,restaurante,6,18.465091,-97.397505,https://mitehuacan.mx/?ruta=11
1,Venta De Memelitas Antojitos Yuli,restaurante,6,18.461572,-97.389588,https://mitehuacan.mx/?ruta=11
1,Cocina Economica Flores,restaurante,7,18.45746,-97.39207,https://mitehuacan.mx/?ruta=11
1,Cocina Economica Sin Nombre,restaurante,7,18.455798,-97.409799,https://mitehuacan.mx/?ruta=11
1,Gourmet Doña Leonor,restaurante,7,18.456663,-97.393567,https://mitehuacan.mx/?ruta=11
1,Pizzas Yankees,restaurante,7,18.463169,-97.389436,https://mitehuacan.mx/?ruta=11
1,Rosticeria Pollos Guerrero,restaurante,7,18.461468,-97.389465,https://mitehuacan.mx/?ruta=11
1,Torteria La Super Torta,restaurante,7,18.462011,-97.38946,https://mitehuacan.mx/?ruta=11
1,Venta De Hambuerguesas Like,restaurante,7,18.45822,-97.389523,https://mitehuacan.mx/?ruta=11
1,Cocina Economica El Comedor De Lupita,restaurante,8,18.457595,-97.391585,https://mitehuacan.mx/?ruta=11
1,Pizzas 238,restaurante,8,18.47622,-97.393013,https://mitehuacan.mx/?ruta=11
1,Pizzas Archie S,restaurante,8,18.461133,-97.389468,https://mitehuacan.mx/?ruta=11
1,Restaurante La Casa Del Abuelo,restaurante,8,18.456415,-97.402438,https://mitehuacan.mx/?ruta=11
1,Taqueria Kebab,restaurante,8,18.475037,-97.395957,https://mitehuacan.mx/?ruta=11
1,Taqueria Vic Taco,restaurante,8,18.463739,-97.389418,https://mitehuacan.mx/?ruta=11
1,Taqueria Zaragoza,restaurante,8,18.453535,-97.404749,https://mitehuacan.mx/?ruta=11
1,Venta De Picaditas Sin Nombre,restaurante,8,18.465783,-97.399083,https://mitehuacan.mx/?ruta=11
1,Antojitos Abril,restaurante,9,18.472786,-97.390588,https://mitehuacan.mx/?ruta=11
1,Cocina Economica Dulce,restaurante,9,18.456766,-97.395622,https://mitehuacan.mx/?ruta=11
1,Cocina Economica El Buen Sabor,restaurante,9,18.456757,-97.395433,https://mitehuacan.mx/?ruta=11
1,Rosticeria Ali,restaurante,9,18.457431,-97.390714,https://mitehuacan.mx/?ruta=11
1,La Cocina De Mama,restaurante,10,18.477085,-97.392756,https://mitehuacan.mx/?ruta=11
1,Pepe Pizza,restaurante,10,18.452078,-97.408622,https://mitehuacan.mx/?ruta=11
1,Torteria Quinto Tortas,restaurante,10,18.474653,-97.397546,https://mitehuacan.mx/?ruta=11
1,Venta De Antojitos,restaurante,10,18.453171,-97.403501,https://mitehuacan.mx/?ruta=11
1,Venta De Memelitas Sin Nombre,restaurante,10,18.453505,-97.409516,https://mitehuacan.mx/?ruta=11
1,Antojitos Tere,restaurante,11,18.472213,-97.398266,https://mitehuacan.mx/?ruta=11
1,Cocina Economica Doña Julia,restaurante,11,18.47338,-97.38974,https://mitehuacan.mx/?ruta=11
1,Venta De Antojitos Mexicanos Comedor Mexicano,restaurante,11,18.464826,-97.389582,https://mitehuacan.mx/?ruta=11
1,Hamburguesa Magica,restaurante,12,18.472044,-97.391265,https://mitehuacan.mx/?ruta=11
1,Polleria Fiesta,restaurante,12,18.456835,-97.409585,https://mitehuacan.mx/?ruta=11
1,Pollos A La Leña El Ranchito,restaurante,12,18.457073,-97.402253,https://mitehuacan.mx/?ruta=11
1,Pollos Guerrero Tehuacán 1,restaurante,12,18.461493,-97.38965,https://mitehuacan.mx/?ruta=11
1,Restaurante El Angel De La Parrilla,restaurante,12,18.462309,-97.406915,https://mitehuacan.mx/?ruta=11
1,Restaurante El Patio Tehuacan,restaurante,12,18.462898,-97.396519,https://mitehuacan.mx/?ruta=11
1,Taqueria La Chingada,restaurante,12,18.472384,-97.391106,https://mitehuacan.mx/?ruta=11
1,Rosticeria El Pollo Gigante,restaurante,13,18.457069,-97.402035,https://mitehuacan.mx/?ruta=11
1,Taqueria Los Carnales,restaurante,13,18.457069,-97.402016,https://mitehuacan.mx/?ruta=11
1,Caseta De Tacos Alejandro,restaurante,14,18.456646,-97.397647,https://mitehuacan.mx/?ruta=11
1,Taqueria El Chino Venta De Tacos,restaurante,14,18.456642,-97.397562,https://mitehuacan.mx/?ruta=11
1,Venta De Pollo Estilo Sinaloa Servicio Solo Para Llevar,restaurante,14,18.457011,-97.4003,https://mitehuacan.mx/?ruta=11
1,Cocina Economica La Flor De Veracruz,restaurante,15,18.464827,-97.38962,https://mitehuacan.mx/?ruta=11
1,Elaboracion De Memelitas,restaurante,15,18.472614,-97.391256,https://mitehuacan.mx/?ruta=11
1,Servicio De Comida. Restaurant El Cochibil,restaurante,15,18.468008,-97.389269,https://mitehuacan.mx/?ruta=11
1,Taqueria Xanadu,restaurante,15,18.472141,-97.391019,https://mitehuacan.mx/?ruta=11
1,Antojitos Tete,restaurante,16,18.472168,-97.398026,https://mitehuacan.mx/?ruta=11
1,Venta De Antojitos El Pasillo,restaurante,16,18.463237,-97.398573,https://mitehuacan.mx/?ruta=11
1,You Rock My Food,restaurante,16,18.463315,-97.400477,https://mitehuacan.mx/?ruta=11
1,Carnitas El Oasis,restaurante,17,18.456878,-97.409858,https://mitehuacan.mx/?ruta=11
1,Cocina Econimica Jefe Roli,restaurante,17,18.465969,-97.389611,https://mitehuacan.mx/?ruta=11
1,Pollot,restaurante,17,18.46039,-97.409418,https://mitehuacan.mx/?ruta=11
1,Cafeteria Betina,restaurante,18,18.474688,-97.39567,https://mitehuacan.mx/?ruta=11
1,Cocina Economica Sin Nombre,restaurante,19,18.458135,-97.389409,https://mitehuacan.mx/?ruta=11
1,Comida China Hong Li,restaurante,19,18.463058,-97.402061,https://mitehuacan.mx/?ruta=11
1,Restaurant Mi Lupita,restaurante,19,18.460542,-97.389371,https://mitehuacan.mx/?ruta=11
1,Taqueria El Flamazo,restaurante,19,18.458116,-97.389409,https://mitehuacan.mx/?ruta=11
1,Taqueria El Pastorcito,restaurante,19,18.460641,-97.38937,https://mitehuacan.mx/?ruta=11
1,Venta De Empanadas Sin Nombre,restaurante,19,18.460379,-97.389373,https://mitehuacan.mx/?ruta=11
1,Venta De Memelitas Y Antojitos Sin Nombre,restaurante,19,18.457619,-97.389413,https://mitehuacan.mx/?ruta=11
1,Tacos De Birria Sin Nombre,restaurante,20,18.458777,-97.389392,https://mitehuacan.mx/?ruta=11
1,Tortas Orozco,restaurante,20,18.462984,-97.389318,https://mitehuacan.mx/?ruta=11
1,Venta De Hamburguesas. Burguer Daddy,restaurante,20,18.462469,-97.389326,https://mitehuacan.mx/?ruta=11
1,Cocina Economica Isa,restaurante,21,18.456672,-97.399856,https://mitehuacan.mx/?ruta=11
1,El Pariente Birrieria Estilo Tijuana,restaurante,21,18.45772,-97.392733,https://mitehuacan.mx/?ruta=11
1,Taqueria Estilo Michoacan,restaurante,21,18.465645,-97.389265,https://mitehuacan.mx/?ruta=11
1,Antojitos Sin Nombre,restaurante,22,18.475411,-97.396493,https://mitehuacan.mx/?ruta=11
1,Cocina Economica Casa Del Comensal,restaurante,22,18.464151,-97.389284,https://mitehuacan.mx/?ruta=11
1,Comedor Toña,restaurante,22,18.456457,-97.403357,https://mitehuacan.mx/?ruta=11
1,Comida Rapida Antojitos Sin Nombre,restaurante,22,18.464694,-97.389274,https://mitehuacan.mx/?ruta=11
1,Especialidades Argentinas,restaurante,22,18.463581,-97.405696,https://mitehuacan.mx/?ruta=11
1,Pizzas Alma Mixteco,restaurante,22,18.46464,-97.389275,https://mitehuacan.mx/?ruta=11
1,Taqueria Cayu,restaurante,22,18.46426,-97.389282,https://mitehuacan.mx/?ruta=11
1,Taqueria Los Brothers,restaurante,22,18.451979,-97.404976,https://mitehuacan.mx/?ruta=11
1,Taqueria Zaragoza,restaurante,22,18.463442,-97.402266,https://mitehuacan.mx/?ruta=11
1,Venta De Comida Antojitos Independencia,restaurante,22,18.463437,-97.402067,https://mitehuacan.mx/?ruta=11
1,Venta De Hambuerguesas Happy Burger,restaurante,22,18.463449,-97.402513,https://mitehuacan.mx/?ruta=11
1,Lidos Pizza,restaurante,23,18.463612,-97.406302,https://mitehuacan.mx/?ruta=11
1,Resturant Japones Grupoja Restaurant Japones Shirushi,restaurante,23,18.463612,-97.406302,https://mitehuacan.mx/?ruta=11
1,Venta De Tacos Sin Nombre,restaurante,23,18.457124,-97.402479,https://mitehuacan.mx/?ruta=11
1,Almuerzos La Gloria,restaurante,24,18.463636,-97.406605,https://mitehuacan.mx/?ruta=11
1,Oaxaca En Tehuacan,restaurante,24,18.460178,-97.409723,https://mitehuacan.mx/?ruta=11
1,Venta De Antojitos Doña Lety,restaurante,24,18.457081,-97.399935,https://mitehuacan.mx/?ruta=11
1,Venta De Antojitos Sin Nombre,restaurante,24,18.465044,-97.396274,https://mitehuacan.mx/?ruta=11
1,De Rapidito,restaurante,25,18.456864,-97.409463,https://mitehuacan.mx/?ruta=11
1,Rosticeria Pollos Fiesta,restaurante,25,18.462931,-97.389276,https://mitehuacan.mx/?ruta=11
1,Tacos El Primo,restaurante,25,18.463004,-97.402063,https://mitehuacan.mx/?ruta=11
1,Taqueria Los Amigos,restaurante,25,18.475458,-97.392768,https://mitehuacan.mx/?ruta=11
1,Cocina Economica La Cocina De Ely,restaurante,26,18.457287,-97.39159,https://mitehuacan.mx/?ruta=11
1,Venta De Tacos De Cabeza Sin Nombre,restaurante,26,18.457754,-97.391477,https://mitehuacan.mx/?ruta=11
1,Wajil Restaurante,restaurante,26,18.457766,-97.392448,https://mitehuacan.mx/?ruta=11
1,Restaurante Panchita Antojeria Mexicana,restaurante,27,18.463115,-97.405116,https://mitehuacan.mx/?ruta=11
1,Torteria Pika Riko,restaurante,27,18.457286,-97.39274,https://mitehuacan.mx/?ruta=11
1,Venta De Antojitos,restaurante,27,18.456051,-97.40235,https://mitehuacan.mx/?ruta=11
1,Pizzas Angelotti,restaurante,28,18.457784,-97.392732,https://mitehuacan.mx/?ruta=11
1,Desayunos Tobon,restaurante,29,18.457873,-97.409836,https://mitehuacan.mx/?ruta=11
1,Cocina Economica Sin Nombre,restaurante,30,18.474331,-97.390629,https://mitehuacan.mx/?ruta=11
1,Elaboracion De Tortas,restaurante,30,18.475892,-97.393359,https://mitehuacan.mx/?ruta=11
1,Tacos El Paisa,restaurante,30,18.457235,-97.402315,https://mitehuacan.mx/?ruta=11
1,Cocina Economica El Buen Sazon,restaurante,32,18.465349,-97.397941,https://mitehuacan.mx/?ruta=11
1,Venta De Antojitos Mexicanos Doña Mari,restaurante,33,18.461558,-97.389218,https://mitehuacan.mx/?ruta=11
1,Cocina Economica Sin Nombre,restaurante,34,18.450853,-97.404235,https://mitehuacan.mx/?ruta=11
1,Restaurante Grilia,restaurante,35,18.463002,-97.404087,https://mitehuacan.mx/?ruta=11
1,Restaurantes Con Servicio De Preparación De Tacos Y Tortas S,restaurante,35,18.452197,-97.403933,https://mitehuacan.mx/?ruta=11
1,Venta De Antojitos Juanita,restaurante,35,18.464815,-97.399127,https://mitehuacan.mx/?ruta=11
1,Venta De Antojitos Sin Nombre,restaurante,35,18.453008,-97.404012,https://mitehuacan.mx/?ruta=11
1,Venta De Comida Sin Nombre,restaurante,35,18.465051,-97.399385,https://mitehuacan.mx/?ruta=11
1,Antojitos Sin Nombre,restaurante,36,18.471531,-97.398455,https://mitehuacan.mx/?ruta=11
1,Antojitos Sin Nombre,restaurante,36,18.466265,-97.398234,https://mitehuacan.mx/?ruta=11
1,Cocina Economica Ana Karen,restaurante,36,18.45678,-97.410045,https://mitehuacan.mx/?ruta=11
1,Restaurante Las Ranas,restaurante,36,18.457051,-97.39658,https://mitehuacan.mx/?ruta=11
1,Venta De Mole Sin Nombre,restaurante,36,18.471422,-97.398459,https://mitehuacan.mx/?ruta=11
1,Antojitos Jane,restaurante,37,18.473868,-97.389032,https://mitehuacan.mx/?ruta=11
1,Venta De Hamburguesas Le Crepe,restaurante,38,18.462649,-97.389879,https://mitehuacan.mx/?ruta=11
1,Venta De Memelitas Doña Queta,restaurante,39,18.467303,-97.398569,https://mitehuacan.mx/?ruta=11
1,Cemitas La Mexicana,restaurante,40,18.460249,-97.409869,https://mitehuacan.mx/?ruta=11
1,Desayunos Don Rene,restaurante,40,18.461579,-97.389151,https://mitehuacan.mx/?ruta=11
1,Tacos Genaro,restaurante,40,18.472867,-97.391253,https://mitehuacan.mx/?ruta=11
1,Venta De Comida Sin Nombre,restaurante,41,18.474692,-97.389886,https://mitehuacan.mx/?ruta=11
1,Venta De Taquitos Sin Nombre,restaurante,41,18.462786,-97.400283,https://mitehuacan.mx/?ruta=11
1,Antojitos Mercedes,restaurante,42,18.472034,-97.399157,https://mitehuacan.mx/?ruta=11
1,Venta De Comida Para Llevar Sin Nombre,restaurante,42,18.457171,-97.398142,https://mitehuacan.mx/?ruta=11
1,Venta De Comida Y Restaurante Dalia,restaurante,42,18.460573,-97.408434,https://mitehuacan.mx/?ruta=11
1,Cocina Economica Juquilita,restaurante,45,18.46547,-97.398037,https://mitehuacan.mx/?ruta=11
1,Restaurant Las Flores De Berakah,restaurante,45,18.462292,-97.406375,https://mitehuacan.mx/?ruta=11
1,Las Cazuelas De Los Abuelos,restaurante,46,18.464644,-97.397977,https://mitehuacan.mx/?ruta=11
1,Loncheria Agua Miel,restaurante,47,18.463499,-97.398134,https://mitehuacan.mx/?ruta=11
1,Tilingo Lingo Restaurante,restaurante,48,18.473811,-97.395394,https://mitehuacan.mx/?ruta=11
1,Antojitos Mexicanos Las Lichas,restaurante,50,18.458673,-97.409066,https://mitehuacan.mx/?ruta=11
1,Rosticeria Pollos El Fortachon,restaurante,51,18.45704,-97.38944,https://mitehuacan.mx/?ruta=11
1,Antojitos Mexicanos Antojitos De La Cuatro,restaurante,52,18.467206,-97.398449,https://mitehuacan.mx/?ruta=11
1,Venta De Comida Sin Nombre,restaurante,52,18.473328,-97.389154,https://mitehuacan.mx/?ruta=11
1,Venta De Tacos Yo Amo La Asada,restaurante,52,18.463684,-97.401524,https://mitehuacan.mx/?ruta=11
1,Birrieria Los Gueros,restaurante,54,18.457972,-97.393572,https://mitehuacan.mx/?ruta=11
1,Tacos Y Tortas La Alameda,restaurante,54,18.456528,-97.392917,https://mitehuacan.mx/?ruta=11
1,Mesas De Cafe Arcadia,restaurante,57,18.461459,-97.406311,https://mitehuacan.mx/?ruta=11
1,Venta De Hot Dog Hamburguesas,restaurante,57,18.455483,-97.404346,https://mitehuacan.mx/?ruta=11
1,Venta De Memelas Y Quesadillas Y Jugos,restaurante,60,18.456883,-97.40908,https://mitehuacan.mx/?ruta=11
1,Rosticeria Pollotl,restaurante,63,18.45067,-97.404636,https://mitehuacan.mx/?ruta=11
1,Carnitas Doña Mari,restaurante,64,18.45807,-97.39024,https://mitehuacan.mx/?ruta=11
1,Cocina Economica Carmelita,restaurante,66,18.467256,-97.399567,https://mitehuacan.mx/?ruta=11
1,Restaurante Colibri Sabor Y Sason,restaurante,66,18.4742,-97.396324,https://mitehuacan.mx/?ruta=11
1,Tacos De La 3,restaurante,66,18.471301,-97.39127,https://mitehuacan.mx/?ruta=11
1,Venta De Bebidas Y Alimentos Franzzinos,restaurante,66,18.456186,-97.397947,https://mitehuacan.mx/?ruta=11
1,Cocina Economica Las Gueras,restaurante,67,18.469188,-97.398259,https://mitehuacan.mx/?ruta=11
1,Taqueria Felix,restaurante,67,18.455992,-97.393359,https://mitehuacan.mx/?ruta=11
1,Cocina Economica Norita,restaurante,69,18.458598,-97.388929,https://mitehuacan.mx/?ruta=11
1,Venta De Tortas Y Jugos Sin Nombre,restaurante,69,18.456178,-97.398365,https://mitehuacan.mx/?ruta=11
1,Taqueria Santo Cariño,restaurante,70,18.467348,-97.399602,https://mitehuacan.mx/?ruta=11
1,Carnitas Los Laureles De Tehuacan,restaurante,72,18.467284,-97.398257,https://mitehuacan.mx/?ruta=11
1,Cocina Economica El Delicioso Sozon Casero,restaurante,72,18.463767,-97.39918,https://mitehuacan.mx/?ruta=11
1,Pollos A La Leña El Nazareno,restaurante,72,18.456825,-97.389532,https://mitehuacan.mx/?ruta=11
1,Tortas Y Tacos Leo,restaurante,72,18.466027,-97.397901,https://mitehuacan.mx/?ruta=11
1,Venta De Antojitos,restaurante,72,18.456073,-97.396573,https://mitehuacan.mx/?ruta=11
1,Antojitos Mexicanos Sin Nombre,restaurante,73,18.456201,-97.399872,https://mitehuacan.mx/?ruta=11
1,Cocina E Economica Din Nombre,restaurante,73,18.456201,-97.399872,https://mitehuacan.mx/?ruta=11
1,Cocina Economica Las Cazuelas,restaurante,73,18.456201,-97.399872,https://mitehuacan.mx/?ruta=11
1,Cocina Economica Sin Nombre,restaurante,73,18.456201,-97.399872,https://mitehuacan.mx/?ruta=11
1,Cocina El Rinconcito Sanchez,restaurante,73,18.456201,-97.399872,https://mitehuacan.mx/?ruta=11
1,Fonda Guerrero,restaurante,73,18.456201,-97.399872,https://mitehuacan.mx/?ruta=11
1,Restaurante Casa Cedillo,restaurante,73,18.460498,-97.410126,https://mitehuacan.mx/?ruta=11
1,Restaurante Los Pepes,restaurante,73,18.466579,-97.397877,https://mitehuacan.mx/?ruta=11
1,Venta De Antojitos Itamar,restaurante,73,18.456201,-97.399872,https://mitehuacan.mx/?ruta=11
1,Venta De Comida Cocina Laura,restaurante,73,18.456201,-97.399872,https://mitehuacan.mx/?ruta=11
1,Venta De Comida Sin Nombre,restaurante,73,18.456201,-97.399872,https://mitehuacan.mx/?ruta=11
1,Cocina Economica Erandy,restaurante,74,18.456912,-97.403644,https://mitehuacan.mx/?ruta=11
1,Cocina Economica Un Cachito De Sabor,restaurante,75,18.464342,-97.397266,https://mitehuacan.mx/?ruta=11
1,Delicias La Casa Del Hojaldre,restaurante,75,18.464972,-97.395782,https://mitehuacan.mx/?ruta=11
1,Taqueria El Gran Poblano,restaurante,75,18.462792,-97.388807,https://mitehuacan.mx/?ruta=11
1,Restaurante Desayunos Doña Lancha,restaurante,76,18.463761,-97.398122,https://mitehuacan.mx/?ruta=11
1,Tacos Y Tortas,restaurante,76,18.456425,-97.405413,https://mitehuacan.mx/?ruta=11
1,Cocina Economica Luna,restaurante,78,18.462423,-97.399397,https://mitehuacan.mx/?ruta=11
1,Restaurante Sauce,restaurante,78,18.462413,-97.399236,https://mitehuacan.mx/?ruta=11
1,Venta De Carnitas Sin Nombre,restaurante,79,18.464346,-97.397991,https://mitehuacan.mx/?ruta=11
1,Taqueria El Patron,restaurante,80,18.451226,-97.407543,https://mitehuacan.mx/?ruta=11
1,Taqueria Los Volcanes,restaurante,80,18.462354,-97.398289,https://mitehuacan.mx/?ruta=11
1,La Parrilla Real,restaurante,81,18.462327,-97.397902,https://mitehuacan.mx/?ruta=11
1,Taqueria El Tizon Sureño,restaurante,81,18.464331,-97.398096,https://mitehuacan.mx/?ruta=11
1,Jardin Arcadia Restaurante Fakala,restaurante,82,18.462435,-97.406019,https://mitehuacan.mx/?ruta=11
1,Lico Lico Villa Asiatica,restaurante,82,18.458257,-97.393389,https://mitehuacan.mx/?ruta=11
1,Tortas Lulu,restaurante,83,18.458727,-97.408748,https://mitehuacan.mx/?ruta=11
1,Chequielo Venta De Chimichangas,restaurante,84,18.471376,-97.389447,https://mitehuacan.mx/?ruta=11
1,Comida Casera El Sazon De La Abuelita,restaurante,85,18.458292,-97.391574,https://mitehuacan.mx/?ruta=11
1,Mar Y Sol,restaurante,88,18.470354,-97.398021,https://mitehuacan.mx/?ruta=11
1,Venta De Antojitos Sin Nombre,restaurante,88,18.475135,-97.394587,https://mitehuacan.mx/?ruta=11
1,El Jitomate Romantico,restaurante,89,18.46313,-97.395674,https://mitehuacan.mx/?ruta=11
1,Venta De Botanas Y Tortas Camila,restaurante,89,18.469182,-97.398051,https://mitehuacan.mx/?ruta=11
1,Venta De Comida Jfv,restaurante,89,18.457867,-97.408725,https://mitehuacan.mx/?ruta=11
1,La Cochineria,restaurante,90,18.458345,-97.392722,https://mitehuacan.mx/?ruta=11
1,Servicio De Banquetes Los Angeles,restaurante,90,18.470563,-97.399698,https://mitehuacan.mx/?ruta=11
1,Tortas Adris,restaurante,90,18.455824,-97.394365,https://mitehuacan.mx/?ruta=11
1,La chatta Restaurante,restaurante,90,18.462197,-97.396647,https://mitehuacan.mx/?ruta=11
1,Venta De Tortas El Guero,restaurante,91,18.46233,-97.400065,https://mitehuacan.mx/?ruta=11
1,La Chatta Restaurant Y Terraza,restaurante,92,18.462207,-97.396283,https://mitehuacan.mx/?ruta=11
1,"Restaurantes Con Servicio De Preparación De Pizzas, Hamburgu",restaurante,92,18.478197,-97.392641,https://mitehuacan.mx/?ruta=11
1,Tacos Arabes Los Volcanes,restaurante,94,18.46024,-97.406027,https://mitehuacan.mx/?ruta=11
1,Venta De Antojitos Sin Nombre,restaurante,94,18.462253,-97.398853,https://mitehuacan.mx/?ruta=11
1,Taqueria El Chino,restaurante,95,18.460835,-97.388645,https://mitehuacan.mx/?ruta=11
1,Taqueria Street Tacos Pacheco,restaurante,95,18.450199,-97.403793,https://mitehuacan.mx/?ruta=11
1,Pizerias Chepe Pizas,restaurante,96,18.458447,-97.388675,https://mitehuacan.mx/?ruta=11
1,Restaurante Cafe La Plazuela,restaurante,96,18.469244,-97.397982,https://mitehuacan.mx/?ruta=11
1,Restaurante La Gallera,restaurante,96,18.462198,-97.398001,https://mitehuacan.mx/?ruta=11
1,Cocina Economica Candia,restaurante,97,18.462186,-97.39783,https://mitehuacan.mx/?ruta=11
1,Venta De Tortas Tacos Manolo,restaurante,97,18.462181,-97.397755,https://mitehuacan.mx/?ruta=11
1,Restaurante Denzzo,restaurante,98,18.473522,-97.392328,https://mitehuacan.mx/?ruta=11
1,Taqueria Junior,restaurante,98,18.476121,-97.398495,https://mitehuacan.mx/?ruta=11
1,Antojitos Mexicanos Los Chilanguitos,restaurante,99,18.469137,-97.399831,https://mitehuacan.mx/?ruta=11
1,Cocina Economica,restaurante,99,18.453751,-97.407592,https://mitehuacan.mx/?ruta=11
1,Taqueria Chente,restaurante,99,18.477714,-97.39815,https://mitehuacan.mx/?ruta=11
1,Venta De Comida Sin Nombre,restaurante,99,18.477066,-97.389411,https://mitehuacan.mx/?ruta=11
1,Barbacoa La Chiva Pinta,restaurante,100,18.47604,-97.398514,https://mitehuacan.mx/?ruta=11
1,Carnitas Los Gemelos De Ochoa,restaurante,100,18.471642,-97.39973,https://mitehuacan.mx/?ruta=11
1,Restaurante La Casa De La Abuela,restaurante,100,18.464237,-97.407154,https://mitehuacan.mx/?ruta=11
1,Rosticeria Granada,restaurante,100,18.462105,-97.396419,https://mitehuacan.mx/?ruta=11
1,Venta De Tortas Y Refrescos Sin Nombre,restaurante,100,18.462115,-97.396837,https://mitehuacan.mx/?ruta=11
1,Cocina Economica Doña Glo,restaurante,101,18.4578,-97.402725,https://mitehuacan.mx/?ruta=11
1,Rosticeria Ceci,restaurante,101,18.4501,-97.403549,https://mitehuacan.mx/?ruta=11
1,Chablé,restaurante,101,18.462429,-97.404787,https://mitehuacan.mx/?ruta=11
1,Cocina Economica Mama Reña,restaurante,102,18.464182,-97.402639,https://mitehuacan.mx/?ruta=11
1,Desayunador Brunch,restaurante,102,18.455679,-97.393474,https://mitehuacan.mx/?ruta=11
1,Santé,restaurante,102,18.462381,-97.403831,https://mitehuacan.mx/?ruta=11
1,Cocina Economica Rosas,restaurante,103,18.475851,-97.398556,https://mitehuacan.mx/?ruta=11
1,Pizzas New York,restaurante,103,18.456431,-97.392468,https://mitehuacan.mx/?ruta=11
1,Restaurante Sabor Sarabia,restaurante,104,18.473376,-97.392634,https://mitehuacan.mx/?ruta=11
1,Taqueria Zaragoza 3,restaurante,104,18.45658,-97.3919,https://mitehuacan.mx/?ruta=11
1,Venta De Antojitos Sin Nombre,restaurante,104,18.465043,-97.400048,https://mitehuacan.mx/?ruta=11
1,Chicharron Y Carnitas,restaurante,105,18.473319,-97.388499,https://mitehuacan.mx/?ruta=11
1,Tacos Tortas La Amiga,restaurante,105,18.459173,-97.407062,https://mitehuacan.mx/?ruta=11
1,Torteria Delicias,restaurante,105,18.455884,-97.392771,https://mitehuacan.mx/?ruta=11
1,Venta De Antojitos Sin Nombre,restaurante,105,18.462122,-97.398097,https://mitehuacan.mx/?ruta=11
1,Vivero Entre Flores Y Mas,restaurante,105,18.4703,-97.39084,https://mitehuacan.mx/?ruta=11
1,Cocina Lolita,restaurante,106,18.47168,-97.392323,https://mitehuacan.mx/?ruta=11
1,Restaurante Chalrle,restaurante,106,18.462381,-97.40475,https://mitehuacan.mx/?ruta=11
1,Restaurante Violetta,restaurante,106,18.462387,-97.404863,https://mitehuacan.mx/?ruta=11
1,Venta De Antojitos,restaurante,106,18.464216,-97.402712,https://mitehuacan.mx/?ruta=11
1,Pizzas Molina Bakery & Bar,restaurante,107,18.462339,-97.403907,https://mitehuacan.mx/?ruta=11
1,Sante Restaurante,restaurante,107,18.46233,-97.403727,https://mitehuacan.mx/?ruta=11
1,Super Tortas Hidalguenses,restaurante,107,18.458581,-97.388569,https://mitehuacan.mx/?ruta=11
1,Taqueria El Sombrerudo,restaurante,107,18.450211,-97.4044,https://mitehuacan.mx/?ruta=11
1,Restaurant Bar La Hacienda,restaurante,108,18.464048,-97.398005,https://mitehuacan.mx/?ruta=11
1,Venta De Tacos Porky,restaurante,108,18.456547,-97.391351,https://mitehuacan.mx/?ruta=11
1,Taqueria Randu,restaurante,109,18.459137,-97.407065,https://mitehuacan.mx/?ruta=11
1,Tortas Vic,restaurante,109,18.456527,-97.390991,https://mitehuacan.mx/?ruta=11
1,Ameli Restaurante,restaurante,110,18.470108,-97.397827,https://mitehuacan.mx/?ruta=11
1,La Gran Parrillada,restaurante,110,18.467266,-97.397848,https://mitehuacan.mx/?ruta=11
1,Rosticeria Granada,restaurante,110,18.458521,-97.39147,https://mitehuacan.mx/?ruta=11
1,Fonda Juquilita,restaurante,111,18.462783,-97.388465,https://mitehuacan.mx/?ruta=11
1,Restaurante Ken Gourmet Japones,restaurante,111,18.458525,-97.393273,https://mitehuacan.mx/?ruta=11
1,Venta De Comida,restaurante,111,18.458728,-97.408486,https://mitehuacan.mx/?ruta=11
1,Venta De Comida Sin Nombre,restaurante,111,18.466182,-97.399991,https://mitehuacan.mx/?ruta=11
1,Venta De Memelitas Y Tacos Sin Nombre,restaurante,111,18.464156,-97.400092,https://mitehuacan.mx/?ruta=11
1,Antojitos Mary Fer,restaurante,112,18.458579,-97.388522,https://mitehuacan.mx/?ruta=11
1,Antojitos Tita,restaurante,112,18.464387,-97.38842,https://mitehuacan.mx/?ruta=11
1,Antojitos Kukos Luchs,restaurante,113,18.464469,-97.388416,https://mitehuacan.mx/?ruta=11
1,Cocina Economica Antojitos Coapan,restaurante,115,18.464338,-97.403506,https://mitehuacan.mx/?ruta=11
1,Cocina San Rafael,restaurante,115,18.45561,-97.394807,https://mitehuacan.mx/?ruta=11
1,Jugos Tortas Y Licuados Mary,restaurante,115,18.467912,-97.400021,https://mitehuacan.mx/?ruta=11
1,Pollos Guerrero Tehuacán 2,restaurante,115,18.460791,-97.390633,https://mitehuacan.mx/?ruta=11
1,Cocina Economica Sin Nombre,restaurante,116,18.459676,-97.390666,https://mitehuacan.mx/?ruta=11
1,La Hambuguesa Magica,restaurante,116,18.468907,-97.399996,https://mitehuacan.mx/?ruta=11
1,Antojitos Mexicanos Mary,restaurante,117,18.461948,-97.396567,https://mitehuacan.mx/?ruta=11
1,Cocina Economica El Restaurancito De La Siete,restaurante,117,18.457064,-97.410801,https://mitehuacan.mx/?ruta=11
1,Rosticeria Pollos Guerrero,restaurante,117,18.460792,-97.390658,https://mitehuacan.mx/?ruta=11
1,Tacos Don Cosme,restaurante,117,18.45647,-97.391875,https://mitehuacan.mx/?ruta=11
1,Taqueria El Sombrerudo,restaurante,117,18.468423,-97.397805,https://mitehuacan.mx/?ruta=11
1,Cocina Las Dos Amazonas,restaurante,118,18.470603,-97.397719,https://mitehuacan.mx/?ruta=11
1,Antojitos La Maria,restaurante,119,18.476698,-97.398669,https://mitehuacan.mx/?ruta=11
1,Restaurant Garibaldi,restaurante,119,18.461411,-97.40798,https://mitehuacan.mx/?ruta=11
1,Venta De Hamburguesas Zapata Burguer,restaurante,119,18.471666,-97.389271,https://mitehuacan.mx/?ruta=11
1,Cocina Economica Valeria,restaurante,120,18.464242,-97.400205,https://mitehuacan.mx/?ruta=11
1,Venta De Tortas Y Aguas Cristal,restaurante,121,18.462859,-97.390654,https://mitehuacan.mx/?ruta=11
1,Cocina Economica Sin Nombre,restaurante,122,18.45837,-97.394129,https://mitehuacan.mx/?ruta=11
1,Cocina Economica Su Super Cocina,restaurante,122,18.466071,-97.396375,https://mitehuacan.mx/?ruta=11
1,Restaurante La Greca,restaurante,122,18.462168,-97.395762,https://mitehuacan.mx/?ruta=11
1,Taqueria Manu,restaurante,122,18.474782,-97.398782,https://mitehuacan.mx/?ruta=11
1,Miscelanea La Estrella,restaurante,123,18.456389,-97.390445,https://mitehuacan.mx/?ruta=11
1,Pizzas Angelotti,restaurante,123,18.462153,-97.402822,https://mitehuacan.mx/?ruta=11
1,Alaburguer,restaurante,125,18.460228,-97.405742,https://mitehuacan.mx/?ruta=11
1,Cocina Economica Lupita,restaurante,125,18.47003,-97.400055,https://mitehuacan.mx/?ruta=11
1,Venta De Tortas,restaurante,125,18.455525,-97.394943,https://mitehuacan.mx/?ruta=11
1,Desayunos Y Comida Las Tres Mariposas,restaurante,126,18.469976,-97.400065,https://mitehuacan.mx/?ruta=11
1,Rosticeria El Tiempo,restaurante,126,18.460177,-97.390749,https://mitehuacan.mx/?ruta=11
1,Almuerzos La Gloria,restaurante,127,18.461858,-97.396575,https://mitehuacan.mx/?ruta=11
1,Venta De Chicharron Tacos De Cesos,restaurante,127,18.458974,-97.406969,https://mitehuacan.mx/?ruta=11
1,Venta De Antojitos Sin Nombre,restaurante,128,18.456419,-97.389095,https://mitehuacan.mx/?ruta=11
1,Cocina Economica La Incondicional Del Sabor,restaurante,129,18.458694,-97.392,https://mitehuacan.mx/?ruta=11
1,El Jacalito De La Guera Barbacoa,restaurante,129,18.472226,-97.392766,https://mitehuacan.mx/?ruta=11
1,Pizzas Yankees,restaurante,129,18.458694,-97.392,https://mitehuacan.mx/?ruta=11
1,Pizzeria Yankees,restaurante,129,18.458694,-97.392,https://mitehuacan.mx/?ruta=11
1,Taqueria El Gran Taco,restaurante,129,18.45002,-97.404471,https://mitehuacan.mx/?ruta=11
1,Cocina Economica Sandy,restaurante,130,18.450856,-97.409197,https://mitehuacan.mx/?ruta=11
1,La Cocina De Tina,restaurante,130,18.457157,-97.404925,https://mitehuacan.mx/?ruta=11
1,Tacos Y Tortas Del Del Boulevard,restaurante,131,18.473351,-97.399367,https://mitehuacan.mx/?ruta=11
1,Taqueria El Rey De Taco,restaurante,132,18.468405,-97.400161,https://mitehuacan.mx/?ruta=11
1,Venta De Antojitos Mexicanos Chelita,restaurante,132,18.456311,-97.390469,https://mitehuacan.mx/?ruta=11
1,Preparacion De Las Alas Del Pollo,restaurante,133,18.472044,-97.392767,https://mitehuacan.mx/?ruta=11
1,Restaurante Mis Dos Regalos,restaurante,133,18.458569,-97.388323,https://mitehuacan.mx/?ruta=11
1,Antojitos Mexicanos Sin Nombre,restaurante,134,18.458912,-97.406814,https://mitehuacan.mx/?ruta=11
1,Jazmin 213,restaurante,136,18.473021,-97.395103,https://mitehuacan.mx/?ruta=11
1,Puesto De Chicharron Sin Nombre,restaurante,136,18.466969,-97.390725,https://mitehuacan.mx/?ruta=11
1,La Parrila De Tony,restaurante,137,18.475671,-97.398888,https://mitehuacan.mx/?ruta=11
1,Por Ti Sushpiro,restaurante,137,18.46067,-97.41071,https://mitehuacan.mx/?ruta=11
1,Antojitos Martita,restaurante,138,18.455495,-97.401364,https://mitehuacan.mx/?ruta=11
1,Loncheria La Guelaguetza,restaurante,138,18.45641,-97.388917,https://mitehuacan.mx/?ruta=11
1,Pizzerias Angelloti,restaurante,138,18.458766,-97.391058,https://mitehuacan.mx/?ruta=11
1,Antojitos Sin Nombre,restaurante,139,18.473774,-97.399002,https://mitehuacan.mx/?ruta=11
1,Rosticeria El Buen Sabor,restaurante,139,18.458777,-97.391371,https://mitehuacan.mx/?ruta=11
1,La Catedral Del Buen Sabor,restaurante,140,18.46205,-97.395653,https://mitehuacan.mx/?ruta=11
1,La Nueva Rosticeria,restaurante,140,18.460797,-97.390876,https://mitehuacan.mx/?ruta=11
1,Restaurante Zedros,restaurante,140,18.46205,-97.395653,https://mitehuacan.mx/?ruta=11
1,Cocina Economica Lupita,restaurante,141,18.456322,-97.411056,https://mitehuacan.mx/?ruta=11
1,Cocina Sandy,restaurante,141,18.471827,-97.392773,https://mitehuacan.mx/?ruta=11
1,Venta De Alimentos El Cabrito,restaurante,141,18.460906,-97.390881,https://mitehuacan.mx/?ruta=11
1,Venta De Memelas Y Quesadillas Sin Nombre,restaurante,141,18.460089,-97.388219,https://mitehuacan.mx/?ruta=11
1,Porky Taqueria,restaurante,142,18.460359,-97.410833,https://mitehuacan.mx/?ruta=11
1,Dogos,restaurante,143,18.472519,-97.400081,https://mitehuacan.mx/?ruta=11
1,Torteria La Torteria Un Gusto,restaurante,143,18.462977,-97.390869,https://mitehuacan.mx/?ruta=11
1,El Meson De Las Memelonas,restaurante,146,18.45925,-97.410908,https://mitehuacan.mx/?ruta=11
1,Venta De Memelas Especiales Sin Nombre,restaurante,146,18.458563,-97.3882,https://mitehuacan.mx/?ruta=11
1,Rosticeria Granada,restaurante,147,18.458853,-97.391563,https://mitehuacan.mx/?ruta=11
1,Taqueria El Jalisciense,restaurante,148,18.475079,-97.399019,https://mitehuacan.mx/?ruta=11
1,Cemitas La Poblanita,restaurante,149,18.471655,-97.392777,https://mitehuacan.mx/?ruta=11
1,Restaurante Steak House Abacaxi,restaurante,149,18.462012,-97.405165,https://mitehuacan.mx/?ruta=11
1,Rosticeria Pollo Fiesta,restaurante,149,18.458879,-97.392404,https://mitehuacan.mx/?ruta=11
1,Bodega Tehuacan 3903,súper,0,18.463251,-97.402565,https://mitehuacan.mx/?ruta=11
1,Restaurante Mr Monche,súper,7,18.465038,-97.398731,https://mitehuacan.mx/?ruta=11
1,Elaboracion De Comida,súper,8,18.457603,-97.392735,https://mitehuacan.mx/?ruta=11
1,Comida Rapida Las Alitas,súper,11,18.456725,-97.394219,https://mitehuacan.mx/?ruta=11
1,Abarrotes Casa Vargas,súper,24,18.462699,-97.407007,https://mitehuacan.mx/?ruta=11
1,Restaurante Food Mix,súper,52,18.465153,-97.399562,https://mitehuacan.mx/?ruta=11
1,Creepi Puercas,súper,126,18.464927,-97.39067,https://mitehuacan.mx/?ruta=11
1,Karys Burger,súper,130,18.459351,-97.406001,https://mitehuacan.mx/?ruta=11
1,La Pagoda Servicio De Comida Para Llevar,súper,133,18.458724,-97.393156,https://mitehuacan.mx/?ruta=11
1,Centro Comercial Alatriste,súper,138,18.461037,-97.388238,https://mitehuacan.mx/?ruta=11
1,Hojalateria Y Pintura De Automoviles Y Camiones Son Nombre,taller,0,18.463947,-97.396504,https://mitehuacan.mx/?ruta=11
1,Venta De Productos Naturales Herbalife,taller,1,18.465832,-97.398941,https://mitehuacan.mx/?ruta=11
1,Club De Nutricion Herba Life,taller,2,18.457498,-97.389696,https://mitehuacan.mx/?ruta=11
1,Reparacion De Linea Blanca Sin Nombre,taller,2,18.47329,-97.389999,https://mitehuacan.mx/?ruta=11
1,Venta De Herbalife Club De Hierbas De Vida,taller,2,18.452831,-97.403654,https://mitehuacan.mx/?ruta=11
1,Auto Total,taller,3,18.458236,-97.40958,https://mitehuacan.mx/?ruta=11
1,Bodega Sin Nombre,taller,3,18.458164,-97.409583,https://mitehuacan.mx/?ruta=11
1,Venta De Productos Naturistas Herbalife,taller,4,18.465133,-97.3985,https://mitehuacan.mx/?ruta=11
1,King Audio,taller,5,18.475222,-97.393521,https://mitehuacan.mx/?ruta=11
1,Taller Mecanico Servicio Automotriz Zarate,taller,5,18.467672,-97.398985,https://mitehuacan.mx/?ruta=11
1,Preparacion De Postres Sin Nombre,taller,6,18.455102,-97.409809,https://mitehuacan.mx/?ruta=11
1,Servicio Ruiz,taller,6,18.472369,-97.398095,https://mitehuacan.mx/?ruta=11
1,Venta De Aguas Frescas El Numero 1,taller,6,18.461572,-97.389588,https://mitehuacan.mx/?ruta=11
1,Venta De Frituras Sin Nombre,taller,6,18.467491,-97.398996,https://mitehuacan.mx/?ruta=11
1,Club De Nutricion Sin Nombre,taller,7,18.474478,-97.392701,https://mitehuacan.mx/?ruta=11
1,Composturas De Ropa Sin Nombre,taller,7,18.475358,-97.396297,https://mitehuacan.mx/?ruta=11
1,Electrica Max Jr,taller,7,18.458039,-97.389525,https://mitehuacan.mx/?ruta=11
1,Servicio Hernandez Refrigeracion Domestica Y Comercial,taller,7,18.457849,-97.389526,https://mitehuacan.mx/?ruta=11
1,Servicio Mecanico H Performace,taller,7,18.467768,-97.398866,https://mitehuacan.mx/?ruta=11
1,Taller Mecanico Sin Nombre,taller,7,18.472369,-97.398788,https://mitehuacan.mx/?ruta=11
1,Talller De Electrodomesticos,taller,7,18.476073,-97.392758,https://mitehuacan.mx/?ruta=11
1,Venta De Donas Y Churros Sin Nombre,taller,7,18.458509,-97.38952,https://mitehuacan.mx/?ruta=11
1,Venta De Elotes Gasper,taller,7,18.462174,-97.389459,https://mitehuacan.mx/?ruta=11
1,Adiction,taller,7,18.459598,-97.409448,https://mitehuacan.mx/?ruta=11
1,Audio Y Alarmas,taller,8,18.456723,-97.394656,https://mitehuacan.mx/?ruta=11
1,Club De Nutricion Herbalife,taller,8,18.465486,-97.389391,https://mitehuacan.mx/?ruta=11
1,Gelatinas Fruti Rico,taller,8,18.463323,-97.389432,https://mitehuacan.mx/?ruta=11
1,Elaboracion De Buñuelos Sin Nombre,taller,9,18.456687,-97.402436,https://mitehuacan.mx/?ruta=11
1,Taller De Joyeria Clarita,taller,9,18.457428,-97.390629,https://mitehuacan.mx/?ruta=11
1,Centro De Nutricion Herbalife,taller,10,18.453453,-97.409015,https://mitehuacan.mx/?ruta=11
1,Taller Cesmar,taller,10,18.473062,-97.397615,https://mitehuacan.mx/?ruta=11
1,Reconstructora Automotriz Cruz,taller,11,18.456242,-97.404159,https://mitehuacan.mx/?ruta=11
1,Servicio Mecanico Ferrari,taller,11,18.456856,-97.397345,https://mitehuacan.mx/?ruta=11
1,Reparacion De Tarjetas Electronicas De Maquinas De Coser Ind,taller,12,18.453723,-97.403654,https://mitehuacan.mx/?ruta=11
1,Transmisiones Automaticas Orlando,taller,12,18.464952,-97.397963,https://mitehuacan.mx/?ruta=11
1,Auto Servicio Leon,taller,14,18.457008,-97.400196,https://mitehuacan.mx/?ruta=11
1,Taller Mecanico Automotriz Sin Nombre,taller,14,18.471439,-97.390392,https://mitehuacan.mx/?ruta=11
1,Taller Mecanico El Tio,taller,14,18.470627,-97.389652,https://mitehuacan.mx/?ruta=11
1,Servicio Ab,taller,15,18.476999,-97.392806,https://mitehuacan.mx/?ruta=11
1,Taller De Joyeria Lrj,taller,15,18.462948,-97.389655,https://mitehuacan.mx/?ruta=11
1,Aforos Equipos Y Mantenimientos,taller,16,18.472168,-97.398026,https://mitehuacan.mx/?ruta=11
1,Com-Sec Compra Venta Y Venta De Compresoras,taller,16,18.456978,-97.399135,https://mitehuacan.mx/?ruta=11
1,Taller Mecanico Centro Integral Automotriz Romero Tehuacan,taller,16,18.467736,-97.389271,https://mitehuacan.mx/?ruta=11
1,Snack Papa Nachos,taller,17,18.47198,-97.391266,https://mitehuacan.mx/?ruta=11
1,Tortas Y Jugos Sin Nombre,taller,17,18.4692,-97.398733,https://mitehuacan.mx/?ruta=11
1,Mecanica Industrial Moreno Franco,taller,18,18.466804,-97.389265,https://mitehuacan.mx/?ruta=11
1,Club De Nutricion Herbalife,taller,20,18.459211,-97.389386,https://mitehuacan.mx/?ruta=11
1,Relojeria Casa Virginia,taller,20,18.458867,-97.389391,https://mitehuacan.mx/?ruta=11
1,Taller De Relojeria La Abj,taller,20,18.458822,-97.389391,https://mitehuacan.mx/?ruta=11
1,Servicio Autoelectrico Lara,taller,21,18.463475,-97.403261,https://mitehuacan.mx/?ruta=11
1,Servicio Y Refacciones Geminiano,taller,21,18.463452,-97.402627,https://mitehuacan.mx/?ruta=11
1,Venta De Productos Naturistas Club De Nutricion,taller,21,18.463337,-97.389303,https://mitehuacan.mx/?ruta=11
1,Licuados Sin Nombre,taller,22,18.463952,-97.389288,https://mitehuacan.mx/?ruta=11
1,Servicio Automotriz Carlos,taller,22,18.463581,-97.405696,https://mitehuacan.mx/?ruta=11
1,Taller De Embobinado De Motores Servicio Trujillo,taller,24,18.468933,-97.389169,https://mitehuacan.mx/?ruta=11
1,Electromecanico Automotriz Guevara,taller,25,18.474612,-97.397878,https://mitehuacan.mx/?ruta=11
1,Servicio Automotri Gtracing,taller,25,18.471956,-97.391355,https://mitehuacan.mx/?ruta=11
1,Venta Y Recarga De Extintores,taller,26,18.464785,-97.397245,https://mitehuacan.mx/?ruta=11
1,Venta De Productos Herbalife Club De Nutricion,taller,28,18.463327,-97.398142,https://mitehuacan.mx/?ruta=11
1,Taller De Reparacion De Bocinas,taller,31,18.458616,-97.389289,https://mitehuacan.mx/?ruta=11
1,Taller Mecanico Top Spic,taller,31,18.464839,-97.399016,https://mitehuacan.mx/?ruta=11
1,Miscelanea De Articulos Audio Visual Tecnica Olivares,taller,32,18.463405,-97.399197,https://mitehuacan.mx/?ruta=11
1,Venta De Ropa Para Bebes Y Dama Tejida A Mano Con Estambre S,taller,33,18.456491,-97.3981,https://mitehuacan.mx/?ruta=11
1,Satreria Tony,taller,34,18.457641,-97.393691,https://mitehuacan.mx/?ruta=11
1,El Tamalito Feliz Venta De Tamales,taller,36,18.456402,-97.396674,https://mitehuacan.mx/?ruta=11
1,Servicio Automotriz Garate,taller,37,18.460339,-97.409828,https://mitehuacan.mx/?ruta=11
1,Papas Fritas Floricel Unadelicia Del Sabor,taller,39,18.457158,-97.389436,https://mitehuacan.mx/?ruta=11
1,Reparacion Y Mantenimiento De Maquinas De Cocer,taller,39,18.457166,-97.391485,https://mitehuacan.mx/?ruta=11
1,Hojalateria Y Pintura El Aguila,taller,41,18.463524,-97.400131,https://mitehuacan.mx/?ruta=11
1,Taller De Joyeria El Cronometro,taller,41,18.464895,-97.389087,https://mitehuacan.mx/?ruta=11
1,Venta De Postres Fruti Rico,taller,41,18.460773,-97.389937,https://mitehuacan.mx/?ruta=11
1,Reparación Mecánica En General De Automóviles Y Camiones Sin,taller,42,18.452326,-97.407469,https://mitehuacan.mx/?ruta=11
1,Taller Mecanico,taller,42,18.452325,-97.407526,https://mitehuacan.mx/?ruta=11
1,Taller De Torno,taller,43,18.457026,-97.394307,https://mitehuacan.mx/?ruta=11
1,Club De Nutricion,taller,45,18.457472,-97.389175,https://mitehuacan.mx/?ruta=11
1,Club De Nutricion Betel,taller,45,18.459561,-97.409086,https://mitehuacan.mx/?ruta=11
1,Taller De Mantenimiento De Motores Estacionarios,taller,46,18.466838,-97.389875,https://mitehuacan.mx/?ruta=11
1,Taller Mecanico Diesel SARU,taller,47,18.454435,-97.410166,https://mitehuacan.mx/?ruta=11
1,Fat Bastard,taller,48,18.457965,-97.392444,https://mitehuacan.mx/?ruta=11
1,Club De Herbalife Sin Nombre,taller,50,18.452997,-97.404155,https://mitehuacan.mx/?ruta=11
1,Venta De Herbalife Sin Nombre,taller,50,18.453308,-97.404202,https://mitehuacan.mx/?ruta=11
1,Servicio Electrico Gallardo,taller,52,18.454996,-97.409258,https://mitehuacan.mx/?ruta=11
1,Taller De Joyeria Sin Nombre,taller,52,18.461577,-97.389037,https://mitehuacan.mx/?ruta=11
1,Venta De Comida Sin Nombre,taller,53,18.473975,-97.388878,https://mitehuacan.mx/?ruta=11
1,Hojalateria Y Pintura Piolin,taller,55,18.470871,-97.389349,https://mitehuacan.mx/?ruta=11
1,Taller Mecanico Diesel Saru,taller,56,18.454652,-97.410267,https://mitehuacan.mx/?ruta=11
1,Mr Eloteria Tehuacan,taller,57,18.456957,-97.389591,https://mitehuacan.mx/?ruta=11
1,Venta De Papas Sin Nombre,taller,58,18.46075,-97.388999,https://mitehuacan.mx/?ruta=11
1,Servicio Electrico Automotriz Rlf,taller,59,18.463749,-97.401675,https://mitehuacan.mx/?ruta=11
1,Venta De Stereos Audio,taller,59,18.463757,-97.401694,https://mitehuacan.mx/?ruta=11
1,Yummy Bite Postres,taller,59,18.460253,-97.410049,https://mitehuacan.mx/?ruta=11
1,Servicios De Preparación De Otros Alimentos Para Consumo Inm,taller,61,18.466039,-97.398005,https://mitehuacan.mx/?ruta=11
1,Servicios Mecanicos Textiles,taller,61,18.457189,-97.394295,https://mitehuacan.mx/?ruta=11
1,Taller De Composturas,taller,61,18.460253,-97.410068,https://mitehuacan.mx/?ruta=11
1,Taller Electrico Conejo,taller,62,18.463714,-97.400122,https://mitehuacan.mx/?ruta=11
1,Taller De Reparaciones Sin Nombre,taller,65,18.475209,-97.390998,https://mitehuacan.mx/?ruta=11
1,Pasteles Caseros Elena,taller,69,18.460111,-97.406278,https://mitehuacan.mx/?ruta=11
1,Taller Electrico Industrial Galo,taller,69,18.458296,-97.390239,https://mitehuacan.mx/?ruta=11
1,Mobil Audio Sistem,taller,70,18.467195,-97.398279,https://mitehuacan.mx/?ruta=11
1,Servicio Autoelectrico Jimenez,taller,71,18.471797,-97.392006,https://mitehuacan.mx/?ruta=11
1,Taller Mecanico Sin Nombre,taller,71,18.472375,-97.390192,https://mitehuacan.mx/?ruta=11
1,Auto Servicio Carrera,taller,72,18.473355,-97.398385,https://mitehuacan.mx/?ruta=11
1,Elaboracion De Sombreros Y Venta De Disfracez,taller,72,18.463722,-97.39802,https://mitehuacan.mx/?ruta=11
1,Centro De Nutricion Herbalife,taller,73,18.464973,-97.395801,https://mitehuacan.mx/?ruta=11
1,Reparacion De Linea Blanca Servitec Gl,taller,73,18.456916,-97.40353,https://mitehuacan.mx/?ruta=11
1,Servicio Y Mantenimiento Cruz,taller,75,18.456909,-97.40389,https://mitehuacan.mx/?ruta=11
1,Frutas Coco Bongo,taller,78,18.46084,-97.388806,https://mitehuacan.mx/?ruta=11
1,Taller Mecanico Reforma,taller,78,18.457342,-97.394285,https://mitehuacan.mx/?ruta=11
1,Venta De Productos De Herbalife,taller,78,18.452487,-97.409522,https://mitehuacan.mx/?ruta=11
1,Botanas Mezcladito,taller,81,18.457565,-97.394161,https://mitehuacan.mx/?ruta=11
1,Taller Mecanico Cortes,taller,81,18.475813,-97.398349,https://mitehuacan.mx/?ruta=11
1,Reparacion De Maquinas Sin Nombre,taller,82,18.457601,-97.394159,https://mitehuacan.mx/?ruta=11
1,Preparación E Hilado De Fibras Duras Naturales Sin Nombre,taller,83,18.47351,-97.39449,https://mitehuacan.mx/?ruta=11
1,Crepas Miel,taller,85,18.455971,-97.392964,https://mitehuacan.mx/?ruta=11
1,El Pery Servicio Electirco Automotriz,taller,86,18.476952,-97.393679,https://mitehuacan.mx/?ruta=11
1,Sastreria Charly,taller,86,18.456543,-97.405412,https://mitehuacan.mx/?ruta=11
1,Taller De Embobinados De Motores Electricos Tecni Embobinado,taller,86,18.466911,-97.38862,https://mitehuacan.mx/?ruta=11
1,Servicio Automotriz Marquez,taller,87,18.457702,-97.401163,https://mitehuacan.mx/?ruta=11
1,Hojalateria Emmanuel,taller,88,18.451142,-97.408495,https://mitehuacan.mx/?ruta=11
1,Embobinados Tecnicos,taller,89,18.45583,-97.39426,https://mitehuacan.mx/?ruta=11
1,Taller Mecanico Cruz,taller,89,18.464126,-97.40412,https://mitehuacan.mx/?ruta=11
1,Servicio Lozano,taller,90,18.471267,-97.389272,https://mitehuacan.mx/?ruta=11
1,Centro De Servicio Arriaga,taller,91,18.470957,-97.391272,https://mitehuacan.mx/?ruta=11
1,Refacciones Y Servicio Electrico,taller,91,18.4569,-97.404488,https://mitehuacan.mx/?ruta=11
1,Gm Embobinados,taller,92,18.456687,-97.391498,https://mitehuacan.mx/?ruta=11
1,Sastreria,taller,95,18.473447,-97.392732,https://mitehuacan.mx/?ruta=11
1,Reparacion De Computadoras Automotrices Prosoft Automotriz,taller,96,18.471912,-97.399676,https://mitehuacan.mx/?ruta=11
1,Servicio Mecanico Automotriz Tehuacan,taller,97,18.45539,-97.403266,https://mitehuacan.mx/?ruta=11
1,Taller Mecanico Sin Nombre,taller,97,18.470291,-97.388488,https://mitehuacan.mx/?ruta=11
1,Manzanas Gourmet,taller,102,18.473706,-97.39203,https://mitehuacan.mx/?ruta=11
1,K Chicrepas,taller,104,18.463125,-97.395531,https://mitehuacan.mx/?ruta=11
1,Servicio Tecnico Automotriz Bh,taller,104,18.472374,-97.392526,https://mitehuacan.mx/?ruta=11
1,Taller De Suspencion Jmr93,taller,104,18.466787,-97.399957,https://mitehuacan.mx/?ruta=11
1,Autoservicio Y Refacciones Gomez,taller,105,18.46754,-97.397942,https://mitehuacan.mx/?ruta=11
1,Venta De Productos De Herbalife Sin Nombre,taller,105,18.467486,-97.397944,https://mitehuacan.mx/?ruta=11
1,Servicios De Reparacion Refrigeradores Lav,taller,106,18.468454,-97.397908,https://mitehuacan.mx/?ruta=11
1,Taller De Pintura De Autos Servicio Uriel,taller,106,18.450081,-97.403208,https://mitehuacan.mx/?ruta=11
1,Taller Electrico El Monje,taller,106,18.471612,-97.392275,https://mitehuacan.mx/?ruta=11
1,Karamelyto Postres Finos,taller,107,18.473325,-97.393357,https://mitehuacan.mx/?ruta=11
1,Servicio Electrico Carrera,taller,107,18.457373,-97.388591,https://mitehuacan.mx/?ruta=11
1,Club De Nutricion Sin Nombre,taller,108,18.471049,-97.397791,https://mitehuacan.mx/?ruta=11
1,Papas Juquilita,taller,108,18.465954,-97.388434,https://mitehuacan.mx/?ruta=11
1,La Esquina Del Sabor,taller,109,18.470497,-97.397813,https://mitehuacan.mx/?ruta=11
1,Mecanica Industrial Zarate,taller,109,18.47028,-97.39782,https://mitehuacan.mx/?ruta=11
1,Taller De Costura Sin Nombre,taller,109,18.469502,-97.397853,https://mitehuacan.mx/?ruta=11
1,Venta De Tamales Sin Nombre,taller,109,18.457811,-97.398889,https://mitehuacan.mx/?ruta=11
1,Taller De Reparacion De Autos,taller,112,18.458528,-97.393377,https://mitehuacan.mx/?ruta=11
1,Composturas De Maquinas De Coser Sin Nombre,taller,114,18.455584,-97.393878,https://mitehuacan.mx/?ruta=11
1,Club Herbalife Color Esperanza,taller,116,18.459196,-97.390668,https://mitehuacan.mx/?ruta=11
1,Dikar Hojalateria Y Pintura,taller,116,18.467519,-97.397838,https://mitehuacan.mx/?ruta=11
1,Taller De Muelles Y Suspensiones Platanito,taller,116,18.46774,-97.40003,https://mitehuacan.mx/?ruta=11
1,Taller Mecanico Emanuel,taller,116,18.451096,-97.409357,https://mitehuacan.mx/?ruta=11
1,Infraestructura Vial Y Asfaltos,taller,119,18.476685,-97.398672,https://mitehuacan.mx/?ruta=11
1,Servicio Electrico Cuper,taller,119,18.4705,-97.39997,https://mitehuacan.mx/?ruta=11
1,La Regia,taller,120,18.453747,-97.407848,https://mitehuacan.mx/?ruta=11
1,Servicio Automotriz Hema,taller,120,18.454712,-97.410882,https://mitehuacan.mx/?ruta=11
1,Servicio Refrigeracion Y Aire Acondicionado,taller,120,18.478508,-97.391874,https://mitehuacan.mx/?ruta=11
1,Reparacion Mecanica Auto Leon,taller,122,18.464326,-97.401697,https://mitehuacan.mx/?ruta=11
1,Servicompresores Rg,taller,122,18.473234,-97.399391,https://mitehuacan.mx/?ruta=11
1,Centro De Compostura De Sastreria,taller,124,18.456367,-97.390048,https://mitehuacan.mx/?ruta=11
1,Talleres Mecanico Soluciones Automotriz,taller,124,18.454322,-97.407696,https://mitehuacan.mx/?ruta=11
1,Muelles Vidal,taller,125,18.462779,-97.388333,https://mitehuacan.mx/?ruta=11
1,Taller De Torno Arias,taller,125,18.456351,-97.389688,https://mitehuacan.mx/?ruta=11
1,Venta De Gelatina Y Yogurth Natural,taller,125,18.464467,-97.404626,https://mitehuacan.mx/?ruta=11
1,Polarizados Mg,taller,126,18.468701,-97.4001,https://mitehuacan.mx/?ruta=11
1,Servicios Avanzados En Electronica,taller,127,18.461413,-97.408065,https://mitehuacan.mx/?ruta=11
1,Club De Nutricion Herbalife,taller,128,18.46986,-97.400086,https://mitehuacan.mx/?ruta=11
1,Pasteleria Beyle,taller,128,18.456382,-97.410927,https://mitehuacan.mx/?ruta=11
1,Hojalateria Y Pintura El Pato,taller,131,18.469889,-97.38816,https://mitehuacan.mx/?ruta=11
1,Taller De Embobinados Koke,taller,131,18.469463,-97.400124,https://mitehuacan.mx/?ruta=11
1,Elotes Y Esquites Que Le Doy,taller,137,18.460357,-97.410785,https://mitehuacan.mx/?ruta=11
1,Sistemas Hidraulico De Tehuacan,taller,137,18.473413,-97.399355,https://mitehuacan.mx/?ruta=11
1,Club De Nutricion,taller,140,18.449891,-97.404318,https://mitehuacan.mx/?ruta=11
1,Ayre,taller,141,18.456202,-97.389555,https://mitehuacan.mx/?ruta=11
1,Venta De Elotes Y Esquites,taller,141,18.46008,-97.38822,https://mitehuacan.mx/?ruta=11
1,Composturas De Prendas De Vestir Sin Nombre,taller,142,18.463991,-97.388149,https://mitehuacan.mx/?ruta=11
1,Transimisiones Tehuacan,taller,146,18.453018,-97.410934,https://mitehuacan.mx/?ruta=11
1,Hojalateria Y Pintura Valerio,taller,147,18.467586,-97.40033,https://mitehuacan.mx/?ruta=11
1,Hojalateria Y Pintura,taller,150,18.449655,-97.403375,https://mitehuacan.mx/?ruta=11
1,Centro Veterinario Doctora Nelly,veterinaria,7,18.456683,-97.393965,https://mitehuacan.mx/?ruta=11
1,Veterinaria Santa Cruz,veterinaria,7,18.462491,-97.389456,https://mitehuacan.mx/?ruta=11
1,Venta De Alimentos Para Aves Alimentos Balanceados La Granji,veterinaria,20,18.462206,-97.389332,https://mitehuacan.mx/?ruta=11
1,M2 Peritos,veterinaria,21,18.465129,-97.389266,https://mitehuacan.mx/?ruta=11
1,Servicios Veterinarios Sarabia,veterinaria,24,18.472704,-97.391255,https://mitehuacan.mx/?ruta=11
1,Tienda De Accesorios Para Mascotas,veterinaria,30,18.457248,-97.391484,https://mitehuacan.mx/?ruta=11
1,Impexvet,veterinaria,34,18.460499,-97.408437,https://mitehuacan.mx/?ruta=11
1,Veterinaria Osadi,veterinaria,43,18.451567,-97.406429,https://mitehuacan.mx/?ruta=11
1,Farmacia Veterinaria Del Sureste,veterinaria,45,18.463478,-97.398031,https://mitehuacan.mx/?ruta=11
1,Bodega De Productos Pecuarios,veterinaria,62,18.471846,-97.391935,https://mitehuacan.mx/?ruta=11
1,Estetica Canina Animalandia,veterinaria,70,18.45508,-97.409088,https://mitehuacan.mx/?ruta=11
1,Veterinaria San Francisco,veterinaria,82,18.477396,-97.398217,https://mitehuacan.mx/?ruta=11
1,Comercializacion De Productos Agropecuarios,veterinaria,93,18.473328,-97.391639,https://mitehuacan.mx/?ruta=11
1,Enlace Veterinario Venta De Medicina Veterinaria,veterinaria,104,18.473313,-97.394885,https://mitehuacan.mx/?ruta=11
1,Clinica Veterinaria Villa Mascota,veterinaria,107,18.467175,-97.397795,https://mitehuacan.mx/?ruta=11
1,Hospital Veterinario,veterinaria,122,18.470311,-97.400014,https://mitehuacan.mx/?ruta=11
1,Hg Distrubuidora Pecuaria Venta De Medicamentos Veterinarios,veterinaria,123,18.471522,-97.392406,https://mitehuacan.mx/?ruta=11
1,Division Agripecuaria Diagro,veterinaria,128,18.468602,-97.40012,https://mitehuacan.mx/?ruta=11
2,Miscelanea Higienicos Baby,abarrotes,0,18.456963,-97.402209,https://mitehuacan.mx/?ruta=11
2,Miscelanea Viki,abarrotes,0,18.473716,-97.397687,https://mitehuacan.mx/?ruta=11
2,Miscelanea,abarrotes,1,18.460198,-97.408409,https://mitehuacan.mx/?ruta=11
2,Miscelanea Bolaños,abarrotes,1,18.471291,-97.39041,https://mitehuacan.mx/?ruta=11
2,Miscelanea Claudia,abarrotes,1,18.451136,-97.404045,https://mitehuacan.mx/?ruta=11
2,Miscelanea Del Carmen,abarrotes,1,18.474325,-97.389756,https://mitehuacan.mx/?ruta=11
2,Miscelanea La Goma,abarrotes,1,18.460175,-97.407898,https://mitehuacan.mx/?ruta=11
2,Miscelanea Oropeza,abarrotes,1,18.472892,-97.390573,https://mitehuacan.mx/?ruta=11
2,Miscelanea Rivera,abarrotes,1,18.477426,-97.391672,https://mitehuacan.mx/?ruta=11
2,Miscelanea Yasmin,abarrotes,1,18.460228,-97.408977,https://mitehuacan.mx/?ruta=11
2,Miscelanea Yaveh,abarrotes,1,18.452344,-97.408748,https://mitehuacan.mx/?ruta=11
2,Tienda De Abarrotes El Rey,abarrotes,1,18.460241,-97.409366,https://mitehuacan.mx/?ruta=11
2,Abarrotes La Providencia,abarrotes,2,18.456907,-97.401352,https://mitehuacan.mx/?ruta=11
2,Miscelanea Cintia,abarrotes,2,18.460242,-97.409195,https://mitehuacan.mx/?ruta=11
2,Miscelanea David,abarrotes,2,18.465824,-97.398723,https://mitehuacan.mx/?ruta=11
2,Miscelanea Fany,abarrotes,2,18.469109,-97.39891,https://mitehuacan.mx/?ruta=11
2,Miscelanea Gomez,abarrotes,2,18.451966,-97.407632,https://mitehuacan.mx/?ruta=11
2,Miscelanea Pipens,abarrotes,2,18.456698,-97.396345,https://mitehuacan.mx/?ruta=11
2,Miscelanea Sanchez,abarrotes,2,18.475488,-97.397611,https://mitehuacan.mx/?ruta=11
2,Venta De Refrescos Y Botanas Sin Nombre,abarrotes,2,18.45754,-97.391128,https://mitehuacan.mx/?ruta=11
2,Miscelanea Arfer,abarrotes,3,18.456242,-97.403097,https://mitehuacan.mx/?ruta=11
2,Miscelanea Castillo,abarrotes,3,18.456912,-97.400294,https://mitehuacan.mx/?ruta=11
2,Miscelanea Jael,abarrotes,3,18.451965,-97.408041,https://mitehuacan.mx/?ruta=11
2,Miscelanea Morales,abarrotes,3,18.473445,-97.389775,https://mitehuacan.mx/?ruta=11
2,Miscelanea Adriana,abarrotes,4,18.455387,-97.404918,https://mitehuacan.mx/?ruta=11
2,Miscelanea La Oaxaqueña,abarrotes,4,18.453753,-97.405761,https://mitehuacan.mx/?ruta=11
2,Miscelanea Vale,abarrotes,4,18.468015,-97.398965,https://mitehuacan.mx/?ruta=11
2,Tienda Las 3 J,abarrotes,4,18.45376,-97.406254,https://mitehuacan.mx/?ruta=11
2,Miscelanea Dulce,abarrotes,5,18.469993,-97.389352,https://mitehuacan.mx/?ruta=11
2,Miscelanea E Internet Rosita,abarrotes,5,18.454695,-97.409793,https://mitehuacan.mx/?ruta=11
2,Miscelanea Jardin,abarrotes,5,18.475284,-97.392854,https://mitehuacan.mx/?ruta=11
2,Miscelanea Liz,abarrotes,5,18.465743,-97.398971,https://mitehuacan.mx/?ruta=11
2,Tienda De Abarrotes Mary,abarrotes,5,18.456557,-97.393627,https://mitehuacan.mx/?ruta=11
2,Miscelanea Ferlup La Viña,abarrotes,6,18.465125,-97.398149,https://mitehuacan.mx/?ruta=11
2,Miscelanea Marypaz,abarrotes,6,18.454127,-97.409627,https://mitehuacan.mx/?ruta=11
2,Miscelanea Su Casa,abarrotes,6,18.463068,-97.396776,https://mitehuacan.mx/?ruta=11
2,Miscelanea Toñita,abarrotes,6,18.452682,-97.406477,https://mitehuacan.mx/?ruta=11
2,Miscelanea Y Verduleria,abarrotes,6,18.45384,-97.405084,https://mitehuacan.mx/?ruta=11
2,Tendajon Sin Nombre,abarrotes,6,18.45514,-97.404822,https://mitehuacan.mx/?ruta=11
2,Tienda De Abarrotes Dany,abarrotes,6,18.460761,-97.389492,https://mitehuacan.mx/?ruta=11
2,Tienda Sin Nombre,abarrotes,6,18.467612,-97.389361,https://mitehuacan.mx/?ruta=11
2,Miscelanea Alan,abarrotes,7,18.463124,-97.389438,https://mitehuacan.mx/?ruta=11
2,Miscelanea El Eden,abarrotes,7,18.476234,-97.393686,https://mitehuacan.mx/?ruta=11
2,Miscelanea Jireh,abarrotes,7,18.46323,-97.396445,https://mitehuacan.mx/?ruta=11
2,Miscelanea Lupita,abarrotes,7,18.460105,-97.407918,https://mitehuacan.mx/?ruta=11
2,Miscelanea Mary,abarrotes,7,18.455572,-97.409803,https://mitehuacan.mx/?ruta=11
2,Miscelanea Ringo,abarrotes,7,18.457749,-97.389527,https://mitehuacan.mx/?ruta=11
2,Tienda De Abarrotes Sin Nombre,abarrotes,7,18.457591,-97.393042,https://mitehuacan.mx/?ruta=11
2,Tienda De Abarrotes Tijuana,abarrotes,7,18.465291,-97.398987,https://mitehuacan.mx/?ruta=11
2,Abarrotes Estrella De Oriente,abarrotes,8,18.457453,-97.391614,https://mitehuacan.mx/?ruta=11
2,Abarrotes La Guadalupana,abarrotes,8,18.460065,-97.389479,https://mitehuacan.mx/?ruta=11
2,Miscelanea La Nueva Dimension,abarrotes,8,18.474258,-97.390257,https://mitehuacan.mx/?ruta=11
2,Miscelanea Los Reyes,abarrotes,8,18.477492,-97.391851,https://mitehuacan.mx/?ruta=11
2,Miscelanea Lupita,abarrotes,8,18.465431,-97.389391,https://mitehuacan.mx/?ruta=11
2,Miscelanea Osmin,abarrotes,9,18.457415,-97.390451,https://mitehuacan.mx/?ruta=11
2,Tienda De Abarrotes Super Buah,abarrotes,9,18.465038,-97.399006,https://mitehuacan.mx/?ruta=11
2,Vinos Y Licores Ezze,abarrotes,9,18.477123,-97.392746,https://mitehuacan.mx/?ruta=11
2,Miscelanea Jalhy,abarrotes,10,18.469151,-97.398795,https://mitehuacan.mx/?ruta=11
2,Miscelanea La Tortuga,abarrotes,10,18.456831,-97.396929,https://mitehuacan.mx/?ruta=11
2,Miscelanea Rodriguez,abarrotes,10,18.45308,-97.403493,https://mitehuacan.mx/?ruta=11
2,Tienda De Abarrotes Sin Nombre,abarrotes,10,18.451377,-97.404656,https://mitehuacan.mx/?ruta=11
2,Miscelanea Camigary,abarrotes,11,18.469195,-97.389284,https://mitehuacan.mx/?ruta=11
2,Miscelanea Cristy,abarrotes,11,18.456143,-97.404522,https://mitehuacan.mx/?ruta=11
2,Miscelanea Ely,abarrotes,11,18.456242,-97.404159,https://mitehuacan.mx/?ruta=11
2,Miscelanea Sin Nombre,abarrotes,11,18.452425,-97.406612,https://mitehuacan.mx/?ruta=11
2,Miscelanea Eve,abarrotes,12,18.470218,-97.398742,https://mitehuacan.mx/?ruta=11
2,Miscelanea Sin Nombre,abarrotes,12,18.453447,-97.409736,https://mitehuacan.mx/?ruta=11
2,Miscelanea Colotla,abarrotes,13,18.452029,-97.404651,https://mitehuacan.mx/?ruta=11
2,Miscelanea Los Angeles,abarrotes,13,18.472596,-97.391257,https://mitehuacan.mx/?ruta=11
2,Miscelanea Ramos,abarrotes,14,18.472082,-97.390967,https://mitehuacan.mx/?ruta=11
2,Miscelanea Sin Nombre,abarrotes,14,18.468868,-97.389264,https://mitehuacan.mx/?ruta=11
2,Miscelanea Ziba,abarrotes,14,18.453461,-97.406489,https://mitehuacan.mx/?ruta=11
2,Abarrotes El Vergel,abarrotes,15,18.456962,-97.398907,https://mitehuacan.mx/?ruta=11
2,Abarrotes Y Antojitos,abarrotes,15,18.452988,-97.406421,https://mitehuacan.mx/?ruta=11
2,Mini Super Cuquita Venta De Abarrotes En General,abarrotes,15,18.456991,-97.399637,https://mitehuacan.mx/?ruta=11
2,Miscelanea Manos Magicas,abarrotes,15,18.469022,-97.389536,https://mitehuacan.mx/?ruta=11
2,Miscelanea Alex,abarrotes,16,18.463309,-97.400288,https://mitehuacan.mx/?ruta=11
2,Miscelanea Gonzalez,abarrotes,16,18.457363,-97.390533,https://mitehuacan.mx/?ruta=11
2,Miscelanea La Estrella,abarrotes,16,18.467519,-97.389272,https://mitehuacan.mx/?ruta=11
2,Venta De Huevo,abarrotes,16,18.45291,-97.403835,https://mitehuacan.mx/?ruta=11
2,Miscelanea Citlali,abarrotes,17,18.465043,-97.396349,https://mitehuacan.mx/?ruta=11
2,Miscelanea Servicaty,abarrotes,17,18.456354,-97.403937,https://mitehuacan.mx/?ruta=11
2,Miscelanea Tita,abarrotes,17,18.47198,-97.391266,https://mitehuacan.mx/?ruta=11
2,Abarrotes El Faro,abarrotes,18,18.456977,-97.402512,https://mitehuacan.mx/?ruta=11
2,Abarrotes Ofeve De Tehuacan,abarrotes,19,18.460233,-97.389374,https://mitehuacan.mx/?ruta=11
2,Abarrotes Ofeve De Tehuacan,abarrotes,19,18.460048,-97.389377,https://mitehuacan.mx/?ruta=11
2,Miscelanea La Veracruzana 1,abarrotes,20,18.465871,-97.389265,https://mitehuacan.mx/?ruta=11
2,Miscelanea Sin Nombre,abarrotes,20,18.453527,-97.408889,https://mitehuacan.mx/?ruta=11
2,Tienda De Abarrotes Comercializadora Casa Hernandez,abarrotes,20,18.461609,-97.389347,https://mitehuacan.mx/?ruta=11
2,Mini Super La Guereja,abarrotes,21,18.462785,-97.389318,https://mitehuacan.mx/?ruta=11
2,Miscelanea Eva,abarrotes,23,18.452403,-97.408548,https://mitehuacan.mx/?ruta=11
2,Miscelanea Ge&Ma Venta De Abarrotes,abarrotes,23,18.456547,-97.397176,https://mitehuacan.mx/?ruta=11
2,Miscelanea Torres,abarrotes,23,18.455984,-97.405117,https://mitehuacan.mx/?ruta=11
2,Miscelanea Kioto,abarrotes,24,18.465968,-97.389677,https://mitehuacan.mx/?ruta=11
2,Miscelanea Emily,abarrotes,25,18.455876,-97.40514,https://mitehuacan.mx/?ruta=11
2,Miscelanea Jr,abarrotes,25,18.45683,-97.409938,https://mitehuacan.mx/?ruta=11
2,Miscelanea Hernandez,abarrotes,26,18.470464,-97.389354,https://mitehuacan.mx/?ruta=11
2,Tienda De Dulces,abarrotes,26,18.47175,-97.398529,https://mitehuacan.mx/?ruta=11
2,Miscelanea Sin Nombre,abarrotes,28,18.455415,-97.405145,https://mitehuacan.mx/?ruta=11
2,Venta De Dulces Y Miscelanea Yoloxochilt,abarrotes,29,18.460085,-97.38983,https://mitehuacan.mx/?ruta=11
2,Minisuper Shelbys,abarrotes,30,18.456452,-97.396558,https://mitehuacan.mx/?ruta=11
2,Miscelanea Sol,abarrotes,34,18.457099,-97.398148,https://mitehuacan.mx/?ruta=11
2,Miscelanea El Recodito,abarrotes,35,18.465044,-97.396169,https://mitehuacan.mx/?ruta=11
2,Miscelanea Limon,abarrotes,35,18.452143,-97.404439,https://mitehuacan.mx/?ruta=11
2,Miscelanea Marce,abarrotes,36,18.452324,-97.408408,https://mitehuacan.mx/?ruta=11
2,Miscelanea Avila,abarrotes,37,18.453017,-97.404452,https://mitehuacan.mx/?ruta=11
2,Miscelanea Carmen,abarrotes,38,18.469968,-97.389036,https://mitehuacan.mx/?ruta=11
2,Miscelanea Conchita,abarrotes,38,18.453077,-97.409605,https://mitehuacan.mx/?ruta=11
2,Miscelanea Martinez,abarrotes,41,18.450685,-97.403756,https://mitehuacan.mx/?ruta=11
2,Miscelanea Esperancita,abarrotes,42,18.470358,-97.390108,https://mitehuacan.mx/?ruta=11
2,Miscelanea La Tiendita,abarrotes,42,18.462958,-97.389911,https://mitehuacan.mx/?ruta=11
2,Miscelanea Juarez,abarrotes,43,18.45276,-97.406951,https://mitehuacan.mx/?ruta=11
2,Miscelanea Juquilita,abarrotes,44,18.454978,-97.409334,https://mitehuacan.mx/?ruta=11
2,Miscelanea Super Mench,abarrotes,44,18.463716,-97.404045,https://mitehuacan.mx/?ruta=11
2,Miscelanea Centeno,abarrotes,45,18.451532,-97.408537,https://mitehuacan.mx/?ruta=11
2,Miscelanea El Emporio,abarrotes,45,18.46547,-97.398037,https://mitehuacan.mx/?ruta=11
2,Miscelanea La Union,abarrotes,45,18.476582,-97.393686,https://mitehuacan.mx/?ruta=11
2,Miscelanea Chory,abarrotes,46,18.459389,-97.409083,https://mitehuacan.mx/?ruta=11
2,Miscelanea Cuahtemoc,abarrotes,46,18.457909,-97.390336,https://mitehuacan.mx/?ruta=11
2,Miscelanea Campos,abarrotes,48,18.46355,-97.39919,https://mitehuacan.mx/?ruta=11
2,Miscelanea El Guero,abarrotes,48,18.457965,-97.392444,https://mitehuacan.mx/?ruta=11
2,Miscelanea Lili,abarrotes,48,18.457043,-97.389529,https://mitehuacan.mx/?ruta=11
2,Casa Velasco Mini Super,abarrotes,51,18.467342,-97.399422,https://mitehuacan.mx/?ruta=11
2,Miscelanea Cheyenne,abarrotes,51,18.457282,-97.398798,https://mitehuacan.mx/?ruta=11
2,Miscelanea Joys,abarrotes,51,18.463823,-97.405169,https://mitehuacan.mx/?ruta=11
2,Miscelanea San Isidrio,abarrotes,52,18.456319,-97.398105,https://mitehuacan.mx/?ruta=11
2,Miscelaneasin Crisma,abarrotes,52,18.463541,-97.398028,https://mitehuacan.mx/?ruta=11
2,Miscelanea Guille,abarrotes,53,18.458311,-97.409051,https://mitehuacan.mx/?ruta=11
2,Tendajon Alex,abarrotes,53,18.456231,-97.401864,https://mitehuacan.mx/?ruta=11
2,Abarrotes La Corona De Tehuacan,abarrotes,54,18.460777,-97.390061,https://mitehuacan.mx/?ruta=11
2,Micelanea Ramos,abarrotes,56,18.450734,-97.404636,https://mitehuacan.mx/?ruta=11
2,Miscelanea Ramy,abarrotes,57,18.456096,-97.393801,https://mitehuacan.mx/?ruta=11
2,Tienda Sin Nombre,abarrotes,57,18.463796,-97.403085,https://mitehuacan.mx/?ruta=11
2,Miscelanea Cayita,abarrotes,58,18.463681,-97.400245,https://mitehuacan.mx/?ruta=11
2,Miscelanea Rosy,abarrotes,58,18.457631,-97.409027,https://mitehuacan.mx/?ruta=11
2,Miscelanea Sin Nombre,abarrotes,58,18.456304,-97.39911,https://mitehuacan.mx/?ruta=11
2,Miscelanea Marypaz,abarrotes,59,18.453457,-97.410183,https://mitehuacan.mx/?ruta=11
2,Miscelanea Sin Nombre,abarrotes,60,18.477592,-97.389723,https://mitehuacan.mx/?ruta=11
2,Miscelanea Sin Nombre,abarrotes,60,18.477528,-97.389723,https://mitehuacan.mx/?ruta=11
2,Miscelanea Tendajon,abarrotes,60,18.456181,-97.396568,https://mitehuacan.mx/?ruta=11
2,Tienda Anita,abarrotes,60,18.473327,-97.390928,https://mitehuacan.mx/?ruta=11
2,Miscelanea Colotla,abarrotes,61,18.457246,-97.395853,https://mitehuacan.mx/?ruta=11
2,Miscelanea Tres Hermanos,abarrotes,61,18.46382,-97.402989,https://mitehuacan.mx/?ruta=11
2,Miscelanea Vero,abarrotes,61,18.471374,-97.389741,https://mitehuacan.mx/?ruta=11
2,Tienda Sn Nombre,abarrotes,61,18.451381,-97.408606,https://mitehuacan.mx/?ruta=11
2,Miscelanea Pingos,abarrotes,64,18.457529,-97.401867,https://mitehuacan.mx/?ruta=11
2,Tienda De Abarrotes Dimama,abarrotes,64,18.456284,-97.405391,https://mitehuacan.mx/?ruta=11
2,Miscelanea Sin Nombe,abarrotes,65,18.4637,-97.399074,https://mitehuacan.mx/?ruta=11
2,Miscelanea Martinez,abarrotes,67,18.4561,-97.395979,https://mitehuacan.mx/?ruta=11
2,Miscelanea Toñito,abarrotes,67,18.464454,-97.397986,https://mitehuacan.mx/?ruta=11
2,El Vergel,abarrotes,68,18.456487,-97.410356,https://mitehuacan.mx/?ruta=11
2,Miscelanea Serviciales S,abarrotes,68,18.452019,-97.409366,https://mitehuacan.mx/?ruta=11
2,Abarrotes La Union,abarrotes,69,18.45835,-97.390239,https://mitehuacan.mx/?ruta=11
2,Miscelanea Carmelita,abarrotes,70,18.457278,-97.408925,https://mitehuacan.mx/?ruta=11
2,Miscelanea De La Nueve,abarrotes,71,18.456178,-97.398858,https://mitehuacan.mx/?ruta=11
2,Miscelanea Lupita,abarrotes,71,18.474544,-97.398316,https://mitehuacan.mx/?ruta=11
2,Miscelanea San Pedro,abarrotes,72,18.455609,-97.40329,https://mitehuacan.mx/?ruta=11
2,Miscelanea Sin Nombre,abarrotes,72,18.456191,-97.399465,https://mitehuacan.mx/?ruta=11
2,Abarrotes Del Ahorro,abarrotes,73,18.456201,-97.399872,https://mitehuacan.mx/?ruta=11
2,Abarrotes Osorio,abarrotes,73,18.456201,-97.399872,https://mitehuacan.mx/?ruta=11
2,Abarrotes Y Semillas Granos El Gallero,abarrotes,73,18.456201,-97.399872,https://mitehuacan.mx/?ruta=11
2,Dulces Y Algo Mas,abarrotes,73,18.473006,-97.38928,https://mitehuacan.mx/?ruta=11
2,Miscelanea Don Beto,abarrotes,73,18.456201,-97.399872,https://mitehuacan.mx/?ruta=11
2,Miscelanea Juquilita,abarrotes,73,18.456911,-97.403767,https://mitehuacan.mx/?ruta=11
2,Miscelanea San Miguel,abarrotes,73,18.470356,-97.398163,https://mitehuacan.mx/?ruta=11
2,Miscelanea Y Papeleria Sin Nombre,abarrotes,73,18.456201,-97.399872,https://mitehuacan.mx/?ruta=11
2,Venta De Articulos Varios Sin Nombre,abarrotes,73,18.456201,-97.399872,https://mitehuacan.mx/?ruta=11
2,Miscelanea Arylu,abarrotes,74,18.464812,-97.388776,https://mitehuacan.mx/?ruta=11
2,Miscelanea Erandi,abarrotes,74,18.456912,-97.403644,https://mitehuacan.mx/?ruta=11
2,Miscelanea Elena,abarrotes,75,18.457546,-97.400011,https://mitehuacan.mx/?ruta=11
2,Miscelanea Fernandez,abarrotes,75,18.466669,-97.397873,https://mitehuacan.mx/?ruta=11
2,Miscelanea Rojas,abarrotes,75,18.450553,-97.404636,https://mitehuacan.mx/?ruta=11
2,Miscelanea Chela,abarrotes,76,18.450395,-97.403909,https://mitehuacan.mx/?ruta=11
2,Miscelanea Laberinto,abarrotes,76,18.464009,-97.404126,https://mitehuacan.mx/?ruta=11
2,Tienda Sin Nombre,abarrotes,76,18.458025,-97.410285,https://mitehuacan.mx/?ruta=11
2,Miscelanea La Principal,abarrotes,77,18.472257,-97.390261,https://mitehuacan.mx/?ruta=11
2,Miscelanea Sin Nombre,abarrotes,77,18.456227,-97.401408,https://mitehuacan.mx/?ruta=11
2,Miscelanea Las Flores Venta De Abarrotes Y Papaleria,abarrotes,78,18.457467,-97.397468,https://mitehuacan.mx/?ruta=11
2,Miscelanea Pily,abarrotes,78,18.455593,-97.402341,https://mitehuacan.mx/?ruta=11
2,Miscelanea Sanchez,abarrotes,78,18.466913,-97.388696,https://mitehuacan.mx/?ruta=11
2,Tienda De Abarrotes Sin Nombre,abarrotes,78,18.453023,-97.410224,https://mitehuacan.mx/?ruta=11
2,Miscelanea Chely,abarrotes,81,18.455886,-97.40567,https://mitehuacan.mx/?ruta=11
2,Miscelanea Minisuper Suarez,abarrotes,81,18.456769,-97.389386,https://mitehuacan.mx/?ruta=11
2,Terminal Independencia,abarrotes,81,18.462847,-97.390275,https://mitehuacan.mx/?ruta=11
2,Miscelanea Gloria,abarrotes,82,18.45554,-97.402844,https://mitehuacan.mx/?ruta=11
2,Miscelanea Infonavit,abarrotes,83,18.459453,-97.408679,https://mitehuacan.mx/?ruta=11
2,"Comercio Al Por Menor En Tiendas De Abarrotes, Ultramarinos ",abarrotes,88,18.475135,-97.394587,https://mitehuacan.mx/?ruta=11
2,Miscelanea Yera,abarrotes,88,18.455818,-97.41057,https://mitehuacan.mx/?ruta=11
2,Miscelanea Jhonny,abarrotes,89,18.451149,-97.406806,https://mitehuacan.mx/?ruta=11
2,Abarrotes La Poblanita,abarrotes,91,18.460837,-97.388683,https://mitehuacan.mx/?ruta=11
2,Miscelanea Jesus,abarrotes,91,18.45112,-97.407385,https://mitehuacan.mx/?ruta=11
2,Miscelanea Soledad,abarrotes,91,18.466856,-97.390301,https://mitehuacan.mx/?ruta=11
2,Venta De Abarrotes,abarrotes,91,18.457691,-97.400022,https://mitehuacan.mx/?ruta=11
2,Miscelanea Crush,abarrotes,92,18.475084,-97.394912,https://mitehuacan.mx/?ruta=11
2,Miscelanea Sin Nomre,abarrotes,92,18.462291,-97.399459,https://mitehuacan.mx/?ruta=11
2,Miscelanea El Antojo,abarrotes,93,18.456038,-97.392768,https://mitehuacan.mx/?ruta=11
2,Miscelanea Caracol,abarrotes,94,18.478362,-97.390077,https://mitehuacan.mx/?ruta=11
2,Miscelanea Mi Fe,abarrotes,94,18.455704,-97.410627,https://mitehuacan.mx/?ruta=11
2,Tienda Coco,abarrotes,94,18.45312,-97.402698,https://mitehuacan.mx/?ruta=11
2,Changarro Mimis,abarrotes,95,18.46222,-97.398341,https://mitehuacan.mx/?ruta=11
2,Miscelanea Aniju,abarrotes,95,18.455868,-97.396694,https://mitehuacan.mx/?ruta=11
2,Super Candilejas,abarrotes,95,18.464112,-97.402487,https://mitehuacan.mx/?ruta=11
2,Miscelanea Celeste,abarrotes,96,18.461404,-97.407771,https://mitehuacan.mx/?ruta=11
2,Tienda La Morenita,abarrotes,96,18.462982,-97.390421,https://mitehuacan.mx/?ruta=11
2,Miscelanea Sol,abarrotes,99,18.459227,-97.410462,https://mitehuacan.mx/?ruta=11
2,Miscelanea Castillo,abarrotes,100,18.471403,-97.389271,https://mitehuacan.mx/?ruta=11
2,Miscelanea Mary,abarrotes,100,18.470358,-97.390838,https://mitehuacan.mx/?ruta=11
2,Miscelanea Esperanza,abarrotes,101,18.476287,-97.38941,https://mitehuacan.mx/?ruta=11
2,Tendajon Casa Juarez,abarrotes,101,18.455724,-97.394368,https://mitehuacan.mx/?ruta=11
2,Bajo Cero De La 19,abarrotes,104,18.450208,-97.404267,https://mitehuacan.mx/?ruta=11
2,Miscelanea Vega,abarrotes,104,18.464093,-97.400098,https://mitehuacan.mx/?ruta=11
2,Abarrotes Frutas Y Verduras Gedarty,abarrotes,106,18.464189,-97.402038,https://mitehuacan.mx/?ruta=11
2,Miscelanea Lopez,abarrotes,107,18.462093,-97.396192,https://mitehuacan.mx/?ruta=11
2,Miscelanea Rafita,abarrotes,107,18.45113,-97.409265,https://mitehuacan.mx/?ruta=11
2,Miscelanea Sin Nombre,abarrotes,107,18.453833,-97.408035,https://mitehuacan.mx/?ruta=11
2,Miscelanea Sin Nombre,abarrotes,107,18.45375,-97.407668,https://mitehuacan.mx/?ruta=11
2,Miscelanea Mayito,abarrotes,108,18.466957,-97.390459,https://mitehuacan.mx/?ruta=11
2,Miscelanea Morita,abarrotes,108,18.455717,-97.395896,https://mitehuacan.mx/?ruta=11
2,Micelanea Josmaar,abarrotes,109,18.450157,-97.40295,https://mitehuacan.mx/?ruta=11
2,Miscelanea Sebastian,abarrotes,109,18.470316,-97.397818,https://mitehuacan.mx/?ruta=11
2,Miscelanea Salvador,abarrotes,110,18.455125,-97.408704,https://mitehuacan.mx/?ruta=11
2,Miscelanea Cortes,abarrotes,112,18.455599,-97.39383,https://mitehuacan.mx/?ruta=11
2,Miscelanea La Veracruzana Ii,abarrotes,112,18.464415,-97.388418,https://mitehuacan.mx/?ruta=11
2,Miscelanea Y Papeleria Katherine,abarrotes,112,18.450949,-97.406379,https://mitehuacan.mx/?ruta=11
2,Tienda De Abarrotes,abarrotes,113,18.470849,-97.399895,https://mitehuacan.mx/?ruta=11
2,Miscelanea Las Carolinas,abarrotes,114,18.456899,-97.40853,https://mitehuacan.mx/?ruta=11
2,Miscelanea El Rieguito,abarrotes,115,18.459372,-97.406178,https://mitehuacan.mx/?ruta=11
2,Miscelanea Mendez,abarrotes,115,18.456451,-97.389431,https://mitehuacan.mx/?ruta=11
2,Miscelanea La Esperanza,abarrotes,116,18.457917,-97.40004,https://mitehuacan.mx/?ruta=11
2,Miscelanea Trini,abarrotes,116,18.459273,-97.406287,https://mitehuacan.mx/?ruta=11
2,Miscelanea Casa Garcia,abarrotes,117,18.467442,-97.400046,https://mitehuacan.mx/?ruta=11
2,Miscelanea El Retoño,abarrotes,117,18.467953,-97.397822,https://mitehuacan.mx/?ruta=11
2,Miscelanea Sebastian,abarrotes,118,18.456894,-97.405399,https://mitehuacan.mx/?ruta=11
2,La Tiendita De Mari,abarrotes,120,18.477606,-97.398502,https://mitehuacan.mx/?ruta=11
2,Miscelanea Beltran,abarrotes,120,18.450984,-97.40925,https://mitehuacan.mx/?ruta=11
2,Miscelanea Toño,abarrotes,120,18.450877,-97.406386,https://mitehuacan.mx/?ruta=11
2,Miscelanea Almir,abarrotes,121,18.456286,-97.405989,https://mitehuacan.mx/?ruta=11
2,Abarrotes Sin Nombre,abarrotes,123,18.458574,-97.388417,https://mitehuacan.mx/?ruta=11
2,Miscelanea Sin Nombre,abarrotes,123,18.467713,-97.390588,https://mitehuacan.mx/?ruta=11
2,Miscelanea Jesus,abarrotes,125,18.454936,-97.40649,https://mitehuacan.mx/?ruta=11
2,La Pichi Tiendita,abarrotes,126,18.459995,-97.390749,https://mitehuacan.mx/?ruta=11
2,Miscelanea Hogar Lupita,abarrotes,126,18.454937,-97.40647,https://mitehuacan.mx/?ruta=11
2,Miscelanea Aqui,abarrotes,128,18.458681,-97.391459,https://mitehuacan.mx/?ruta=11
2,Estacionamiento La Corona,abarrotes,129,18.460738,-97.388324,https://mitehuacan.mx/?ruta=11
2,Tienda De Abarrotes La Cordobesa,abarrotes,129,18.461164,-97.390761,https://mitehuacan.mx/?ruta=11
2,Abarrotes La Colmenita,abarrotes,130,18.461662,-97.390759,https://mitehuacan.mx/?ruta=11
2,Abarrotes Y Semillas Lupita,abarrotes,130,18.454934,-97.407011,https://mitehuacan.mx/?ruta=11
2,Mini Super La Guadalupana,abarrotes,130,18.457379,-97.410851,https://mitehuacan.mx/?ruta=11
2,Miscelanea Verito,abarrotes,130,18.459322,-97.410749,https://mitehuacan.mx/?ruta=11
2,Tienda Sin Nombre,abarrotes,130,18.45548,-97.393047,https://mitehuacan.mx/?ruta=11
2,Miscelanea Alicia,abarrotes,132,18.45024,-97.405379,https://mitehuacan.mx/?ruta=11
2,Abarrotes Dani,abarrotes,133,18.46912,-97.400156,https://mitehuacan.mx/?ruta=11
2,Miscelanea Ebenezer,abarrotes,133,18.45469,-97.408475,https://mitehuacan.mx/?ruta=11
2,Miscelanea Juquilita,abarrotes,133,18.456388,-97.408452,https://mitehuacan.mx/?ruta=11
2,Miscelanea San Miguel,abarrotes,133,18.475933,-97.398835,https://mitehuacan.mx/?ruta=11
2,"Comercio Al Por Menor En Tiendas De Abarrotes, Ultramarinos ",abarrotes,134,18.457568,-97.410841,https://mitehuacan.mx/?ruta=11
2,Abarrotes Vinos Y Licores Morales,abarrotes,137,18.471513,-97.392564,https://mitehuacan.mx/?ruta=11
2,Miscelanea El Panalito,abarrotes,137,18.465072,-97.400362,https://mitehuacan.mx/?ruta=11
2,Miscelanea Lichita,abarrotes,137,18.450607,-97.405835,https://mitehuacan.mx/?ruta=11
2,Miscelanea Sin Nombre,abarrotes,137,18.461833,-97.398111,https://mitehuacan.mx/?ruta=11
2,Miscelanea Doña Tere,abarrotes,140,18.472169,-97.400082,https://mitehuacan.mx/?ruta=11
2,Miscelanea Zaragoza,abarrotes,140,18.467964,-97.400252,https://mitehuacan.mx/?ruta=11
2,Miscelanea Karin,abarrotes,141,18.472245,-97.389269,https://mitehuacan.mx/?ruta=11
2,Miscelanea Teresita,abarrotes,141,18.457942,-97.403203,https://mitehuacan.mx/?ruta=11
2,Miscelanea Vasandy,abarrotes,141,18.47754,-97.396032,https://mitehuacan.mx/?ruta=11
2,Tienda Doña Emy,abarrotes,141,18.478263,-97.389183,https://mitehuacan.mx/?ruta=11
2,Miscelanea Lolita,abarrotes,142,18.455317,-97.393486,https://mitehuacan.mx/?ruta=11
2,Miscelanea Don Fer,abarrotes,143,18.473091,-97.388224,https://mitehuacan.mx/?ruta=11
2,Papeleria Lupita,abarrotes,145,18.454666,-97.40769,https://mitehuacan.mx/?ruta=11
2,Abarrotes La Mision,abarrotes,146,18.455387,-97.401363,https://mitehuacan.mx/?ruta=11
2,Miscelanea Diana,abarrotes,146,18.450047,-97.405268,https://mitehuacan.mx/?ruta=11
2,Miscelanea Gabi,abarrotes,146,18.450631,-97.40706,https://mitehuacan.mx/?ruta=11
2,Miscelanea Sin Nombre,abarrotes,146,18.449911,-97.404694,https://mitehuacan.mx/?ruta=11
2,Miscelanea Jose,abarrotes,149,18.456302,-97.408303,https://mitehuacan.mx/?ruta=11
2,Miselanea La Tiendita,abarrotes,149,18.46289,-97.388101,https://mitehuacan.mx/?ruta=11
2,Tienda Sin Nombre,abarrotes,149,18.477355,-97.398904,https://mitehuacan.mx/?ruta=11
2,Miscelanea Adris,abarrotes,150,18.458226,-97.400063,https://mitehuacan.mx/?ruta=11
2,Miscelanea La Casita,abarrotes,150,18.474373,-97.387961,https://mitehuacan.mx/?ruta=11
2,Tienda De Abarrotes El Señor De La Misericordia,abarrotes,150,18.464856,-97.388054,https://mitehuacan.mx/?ruta=11
2,Banco Azteca,banco,4,18.463089,-97.397573,https://mitehuacan.mx/?ruta=11
2,Banco Compartamos Tehuacan Oriente,banco,10,18.462952,-97.396434,https://mitehuacan.mx/?ruta=11
2,Banco Compartamos Tehuacan Del Valle,banco,16,18.463256,-97.399027,https://mitehuacan.mx/?ruta=11
2,Banco Santander Box Select Principal Tehuacan,banco,121,18.462072,-97.39592,https://mitehuacan.mx/?ruta=11
2,Santander,banco,127,18.462061,-97.395832,https://mitehuacan.mx/?ruta=11
2,Banco Santander Principal Tehuacan,banco,134,18.462057,-97.395733,https://mitehuacan.mx/?ruta=11
2,Allegro Centro De Formacion Dancistica,escuela,0,18.463015,-97.396518,https://mitehuacan.mx/?ruta=11
2,Escuela De Artes Y Musica,escuela,0,18.463015,-97.396518,https://mitehuacan.mx/?ruta=11
2,Escuela Primaria Justo Sierra,escuela,0,18.451643,-97.404758,https://mitehuacan.mx/?ruta=11
2,Escuela De Baile Casa Latina,escuela,1,18.459637,-97.409516,https://mitehuacan.mx/?ruta=11
2,Colegio De Educacion Profesional Tecnica Del Estado De Puebl,escuela,2,18.452922,-97.404822,https://mitehuacan.mx/?ruta=11
2,Escuela Primaria Federal Vicente Guerrero,escuela,2,18.456837,-97.39965,https://mitehuacan.mx/?ruta=11
2,Compañia Teatral Del Valle De Tehuacan,escuela,3,18.476972,-97.397563,https://mitehuacan.mx/?ruta=11
2,Escuela Primaria Jose Maria Morelos,escuela,3,18.454616,-97.404885,https://mitehuacan.mx/?ruta=11
2,Escuela Primaria Leona Vicario,escuela,3,18.454616,-97.404885,https://mitehuacan.mx/?ruta=11
2,Jardin De Niños Destellos Magicos,escuela,3,18.474306,-97.394017,https://mitehuacan.mx/?ruta=11
2,Meta Aprendizaje De Idiomas,escuela,3,18.475218,-97.393028,https://mitehuacan.mx/?ruta=11
2,Say Yes Escuela De Ingles,escuela,3,18.457556,-97.391896,https://mitehuacan.mx/?ruta=11
2,Kinder Joaquin Paredes Colin,escuela,4,18.456241,-97.402907,https://mitehuacan.mx/?ruta=11
2,Usa English Clases,escuela,4,18.475923,-97.397613,https://mitehuacan.mx/?ruta=11
2,Colegio De Arte Culinario Tehuacan,escuela,5,18.463136,-97.398557,https://mitehuacan.mx/?ruta=11
2,Taller De Tejido,escuela,5,18.475957,-97.393699,https://mitehuacan.mx/?ruta=11
2,Unidad Escolar High Freedomm Bachillerato Y Enfermeria,escuela,5,18.463167,-97.399296,https://mitehuacan.mx/?ruta=11
2,Colegio Froebel Universidad,escuela,6,18.463194,-97.399798,https://mitehuacan.mx/?ruta=11
2,Bachillerato Universitario Simon Bolivar Tehuacan,escuela,7,18.466463,-97.389382,https://mitehuacan.mx/?ruta=11
2,Instituto Tecnico Mexico,escuela,7,18.458428,-97.389521,https://mitehuacan.mx/?ruta=11
2,Zima Taekwondo,escuela,7,18.466759,-97.39904,https://mitehuacan.mx/?ruta=11
2,Preescolar Y Primaria Instituto Da Vinci,escuela,9,18.456698,-97.393342,https://mitehuacan.mx/?ruta=11
2,Studio De Baile Fenix Family Dance,escuela,9,18.45888,-97.389495,https://mitehuacan.mx/?ruta=11
2,Jardin De Niños Federal Tehuacan,escuela,12,18.476666,-97.390242,https://mitehuacan.mx/?ruta=11
2,Escuela De Taekwondo Deportivo Mexicano Taekwondo,escuela,16,18.467356,-97.389273,https://mitehuacan.mx/?ruta=11
2,Expresarte,escuela,16,18.461219,-97.406715,https://mitehuacan.mx/?ruta=11
2,Escuela Federal Liberacion 21Dpr2972H Turno Vespertino,escuela,19,18.477033,-97.397059,https://mitehuacan.mx/?ruta=11
2,Escuela Federal Liberacion Clave 21Dpr0417F Turno Matutino,escuela,19,18.477033,-97.397059,https://mitehuacan.mx/?ruta=11
2,Escuela De Taekwodo 5,escuela,20,18.461293,-97.389346,https://mitehuacan.mx/?ruta=11
2,Seccion Educativa 414,escuela,20,18.461302,-97.389346,https://mitehuacan.mx/?ruta=11
2,Doyang Gs,escuela,22,18.463449,-97.402513,https://mitehuacan.mx/?ruta=11
2,Academia De Musica Yamaha,escuela,26,18.460763,-97.389788,https://mitehuacan.mx/?ruta=11
2,Maria Montessori,escuela,27,18.473988,-97.395629,https://mitehuacan.mx/?ruta=11
2,Bachillerato General Oficial Emiliano Zapata,escuela,29,18.477305,-97.39752,https://mitehuacan.mx/?ruta=11
2,Instituto Comercial Royal,escuela,29,18.471371,-97.390131,https://mitehuacan.mx/?ruta=11
2,Centro De Diseño De Modas Marlut,escuela,30,18.457321,-97.409868,https://mitehuacan.mx/?ruta=11
2,Heroes Taekwondo Tehuacan,escuela,34,18.456536,-97.393116,https://mitehuacan.mx/?ruta=11
2,Instituto Juana De Arco,escuela,49,18.473834,-97.39385,https://mitehuacan.mx/?ruta=11
2,Sisu,escuela,50,18.469287,-97.399366,https://mitehuacan.mx/?ruta=11
2,Acuatica Abc,escuela,52,18.473762,-97.395633,https://mitehuacan.mx/?ruta=11
2,Escuela De Educacion Especial Cam Gabriela Brimmer,escuela,55,18.462983,-97.40729,https://mitehuacan.mx/?ruta=11
2,Estetica Y Academia De Belleza Secrets,escuela,56,18.458,-97.390336,https://mitehuacan.mx/?ruta=11
2,Escuela Profesor Manuel Valderrama Turno Matutino,escuela,59,18.472921,-97.391775,https://mitehuacan.mx/?ruta=11
2,Heroes Del 5 De Mayo Vespertino,escuela,59,18.472921,-97.391775,https://mitehuacan.mx/?ruta=11
2,Servicios De Uñas Y Barberia Bel,escuela,59,18.465884,-97.390012,https://mitehuacan.mx/?ruta=11
2,Centro De Estudio Y Entretenimiento Arte Sana,escuela,64,18.464835,-97.390085,https://mitehuacan.mx/?ruta=11
2,Escuela De Natacion Balaquarum,escuela,65,18.473673,-97.394487,https://mitehuacan.mx/?ruta=11
2,Jardin De Niños El Riego,escuela,68,18.454409,-97.406113,https://mitehuacan.mx/?ruta=11
2,Cima Natacion,escuela,70,18.45687,-97.392752,https://mitehuacan.mx/?ruta=11
2,Estetica Y Academia Leo,escuela,70,18.464836,-97.390142,https://mitehuacan.mx/?ruta=11
2,Grupo Isima Tehuacan,escuela,70,18.456879,-97.392752,https://mitehuacan.mx/?ruta=11
2,Bachillerato Particular Union Pro-Educacion Morelos,escuela,71,18.463922,-97.397174,https://mitehuacan.mx/?ruta=11
2,Centro De Capacitacion La Proteccion De La Joven,escuela,72,18.465618,-97.396379,https://mitehuacan.mx/?ruta=11
2,Centro De Educacion Basica Para Adultos Octavio Paz,escuela,72,18.465873,-97.397908,https://mitehuacan.mx/?ruta=11
2,Escuela Primaria Federal Ignacio Zaragoza,escuela,72,18.465846,-97.397909,https://mitehuacan.mx/?ruta=11
2,Escuela Primaria Vespertina 5 De Mayo De 1862,escuela,72,18.465774,-97.397913,https://mitehuacan.mx/?ruta=11
2,Escuela De Artes Marciales Hansun Mexico Central,escuela,73,18.466579,-97.397877,https://mitehuacan.mx/?ruta=11
2,Escuela Secundaria Ingeniero Jorge L Tamayo,escuela,74,18.461253,-97.407567,https://mitehuacan.mx/?ruta=11
2,Academia De Belleza Stilisciima,escuela,75,18.460782,-97.390259,https://mitehuacan.mx/?ruta=11
2,Colegio Bertha Von Glumer Preescolar Y Primaria,escuela,75,18.458199,-97.393287,https://mitehuacan.mx/?ruta=11
2,Escuela De Ingles Hanak English Institute,escuela,76,18.464006,-97.404031,https://mitehuacan.mx/?ruta=11
2,Unidad Escolar High Freedon,escuela,77,18.463808,-97.399069,https://mitehuacan.mx/?ruta=11
2,Mas Que Baile Escuela De Baile,escuela,79,18.460346,-97.410235,https://mitehuacan.mx/?ruta=11
2,Barber Shop Instituto De Belleza Karol,escuela,80,18.461501,-97.390292,https://mitehuacan.mx/?ruta=11
2,Instituto De Belleza Karol,escuela,80,18.461501,-97.390292,https://mitehuacan.mx/?ruta=11
2,Jardin De Niños Loris Malaguzzi,escuela,82,18.46492,-97.390253,https://mitehuacan.mx/?ruta=11
2,Academia De Disciplinas Y Artes Marciales Dojo Del Guerrero,escuela,84,18.460242,-97.406121,https://mitehuacan.mx/?ruta=11
2,Academia De Baile Pal Cache,escuela,85,18.450462,-97.404636,https://mitehuacan.mx/?ruta=11
2,Jardin De Niños Guatemala,escuela,87,18.462486,-97.407621,https://mitehuacan.mx/?ruta=11
2,A New Day To Learn,escuela,89,18.451149,-97.406806,https://mitehuacan.mx/?ruta=11
2,Jardin De Niños Suenos Felices,escuela,90,18.454068,-97.402951,https://mitehuacan.mx/?ruta=11
2,Jardinde Niños Simon Bolivar,escuela,90,18.458335,-97.393281,https://mitehuacan.mx/?ruta=11
2,Centro De Asistencia Infantil Comunitario El Riego Dif,escuela,91,18.459444,-97.406432,https://mitehuacan.mx/?ruta=11
2,Escuela Preescolar Jose Maria Morelos Y Pavon,escuela,92,18.462289,-97.399421,https://mitehuacan.mx/?ruta=11
2,Preparatoria Abierta Instituto Ulagep,escuela,93,18.463997,-97.40022,https://mitehuacan.mx/?ruta=11
2,Instituto De Belleza Fashion Line,escuela,98,18.460896,-97.390474,https://mitehuacan.mx/?ruta=11
2,Instituto Popular De Estudios Superiores,escuela,98,18.476797,-97.396022,https://mitehuacan.mx/?ruta=11
2,Bachillerato Jose Maria Morelos Y Pavon,escuela,99,18.476799,-97.396022,https://mitehuacan.mx/?ruta=11
2,Bachillerato Jose Maria Morelos Y Pavon Turno Vespertino,escuela,99,18.476799,-97.396022,https://mitehuacan.mx/?ruta=11
2,Colegio Sor Juana Ines De La Cruz,escuela,101,18.465881,-97.390416,https://mitehuacan.mx/?ruta=11
2,Instituto Jean Piaget,escuela,106,18.468571,-97.397902,https://mitehuacan.mx/?ruta=11
2,Colegio Francisco I Madero,escuela,109,18.464138,-97.400094,https://mitehuacan.mx/?ruta=11
2,Instituto Mexicano De Enfermeria,escuela,109,18.476621,-97.395799,https://mitehuacan.mx/?ruta=11
2,Centro Universitario Tehuacan,escuela,111,18.463976,-97.388438,https://mitehuacan.mx/?ruta=11
2,Escuela Primaria Club Rotario Turno Vespertino,escuela,114,18.45564,-97.395149,https://mitehuacan.mx/?ruta=11
2,Centro De Asistencia Infantil Comunitario Riego Num2,escuela,115,18.457144,-97.404413,https://mitehuacan.mx/?ruta=11
2,Academia De Belleza Elegance,escuela,117,18.460382,-97.390664,https://mitehuacan.mx/?ruta=11
2,Ateneo Universitario En Humanidades Y Ciencias,escuela,118,18.463642,-97.388377,https://mitehuacan.mx/?ruta=11
2,Escuela De Danza,escuela,121,18.461301,-97.408828,https://mitehuacan.mx/?ruta=11
2,Escuela De Musica Comparte,escuela,121,18.4613,-97.408809,https://mitehuacan.mx/?ruta=11
2,Escuela Primaria Manuel Avila Camacho Turno Matutino Clave 2,escuela,121,18.456421,-97.391051,https://mitehuacan.mx/?ruta=11
2,Escuela Primaria Manuel Avila Camacho Turno Vespertino Clave,escuela,122,18.456417,-97.390976,https://mitehuacan.mx/?ruta=11
2,Escuela Instituto Tehuacan,escuela,125,18.473169,-97.392825,https://mitehuacan.mx/?ruta=11
2,Centro De Asistencia Infantil Comunitario,escuela,126,18.459887,-97.39075,https://mitehuacan.mx/?ruta=11
2,Centro Educativo Prescolar,escuela,126,18.459923,-97.39075,https://mitehuacan.mx/?ruta=11
2,Academia De Natacion H2O,escuela,133,18.454635,-97.408476,https://mitehuacan.mx/?ruta=11
2,Clases De Yoga,escuela,140,18.46205,-97.395653,https://mitehuacan.mx/?ruta=11
2,Studio De Baile Bracil,escuela,141,18.4588,-97.392338,https://mitehuacan.mx/?ruta=11
2,Instituto Heslington,escuela,146,18.473039,-97.396263,https://mitehuacan.mx/?ruta=11
2,Papeleria Susan Rous,papelería,0,18.451507,-97.404751,https://mitehuacan.mx/?ruta=11
2,Papeleria Tehuacan,papelería,0,18.476142,-97.393016,https://mitehuacan.mx/?ruta=11
2,Papeleria Crist,papelería,1,18.465889,-97.389461,https://mitehuacan.mx/?ruta=11
2,Ciber Papeleria Pachis,papelería,2,18.45197,-97.407168,https://mitehuacan.mx/?ruta=11
2,Creaciones Pepe,papelería,2,18.457499,-97.389706,https://mitehuacan.mx/?ruta=11
2,La Red Papeleria,papelería,5,18.475867,-97.393701,https://mitehuacan.mx/?ruta=11
2,Copias E Impresiones,papelería,6,18.45384,-97.405084,https://mitehuacan.mx/?ruta=11
2,Papeleria Vic- Karol,papelería,6,18.455103,-97.404821,https://mitehuacan.mx/?ruta=11
2,Papeleria Ferrari,papelería,7,18.457457,-97.391861,https://mitehuacan.mx/?ruta=11
2,Papeleria Sin Nombre,papelería,7,18.476233,-97.393648,https://mitehuacan.mx/?ruta=11
2,Papeleria Ave-Mar,papelería,8,18.476897,-97.392744,https://mitehuacan.mx/?ruta=11
2,Papeleria Maymi,papelería,9,18.472821,-97.390539,https://mitehuacan.mx/?ruta=11
2,Papeleria Comyk,papelería,12,18.469783,-97.38928,https://mitehuacan.mx/?ruta=11
2,Venta De Regalos Diana,papelería,12,18.456264,-97.403608,https://mitehuacan.mx/?ruta=11
2,Papeleria Los Peques,papelería,14,18.457011,-97.4003,https://mitehuacan.mx/?ruta=11
2,Papeleria Ixchel,papelería,15,18.456988,-97.399495,https://mitehuacan.mx/?ruta=11
2,Papeleria Chuy,papelería,17,18.460378,-97.4092,https://mitehuacan.mx/?ruta=11
2,Papeleria Yogui,papelería,17,18.477502,-97.392728,https://mitehuacan.mx/?ruta=11
2,Papeleria Jesus Tadeo,papelería,18,18.452402,-97.408595,https://mitehuacan.mx/?ruta=11
2,Tienda De Regalos La Gata Sushu,papelería,18,18.465223,-97.397948,https://mitehuacan.mx/?ruta=11
2,Los Barateros Mega Ofertas De Tehuacan,papelería,20,18.459148,-97.389387,https://mitehuacan.mx/?ruta=11
2,Mega Ofertas De Tehuacan Sucursal,papelería,20,18.459112,-97.389387,https://mitehuacan.mx/?ruta=11
2,Papeleria Didactica Premier,papelería,21,18.463337,-97.389303,https://mitehuacan.mx/?ruta=11
2,Papeleria Keyko,papelería,31,18.454948,-97.405161,https://mitehuacan.mx/?ruta=11
2,Super Cosas De La 3,papelería,31,18.47179,-97.391268,https://mitehuacan.mx/?ruta=11
2,Papeleria Dodo,papelería,41,18.463524,-97.400131,https://mitehuacan.mx/?ruta=11
2,Papeleria Panda,papelería,41,18.472746,-97.391755,https://mitehuacan.mx/?ruta=11
2,Su Papeleria 1000,papelería,45,18.453324,-97.403185,https://mitehuacan.mx/?ruta=11
2,Papeleria Glory,papelería,46,18.454947,-97.405303,https://mitehuacan.mx/?ruta=11
2,Papeleria Y Regalos,papelería,48,18.457393,-97.402441,https://mitehuacan.mx/?ruta=11
2,Papeleria Geonet Internet,papelería,49,18.46462,-97.398082,https://mitehuacan.mx/?ruta=11
2,Papeleria La Ilusion,papelería,50,18.457177,-97.396575,https://mitehuacan.mx/?ruta=11
2,Papeleria Taty,papelería,50,18.472153,-97.39923,https://mitehuacan.mx/?ruta=11
2,Papeleria Abaco,papelería,56,18.462962,-97.390044,https://mitehuacan.mx/?ruta=11
2,Papeleria E Internet Tu Lugar Com,papelería,59,18.461393,-97.40742,https://mitehuacan.mx/?ruta=11
2,Papeleria E Internet Sin Nombre,papelería,61,18.464509,-97.397983,https://mitehuacan.mx/?ruta=11
2,Papeleria Abejita,papelería,62,18.465705,-97.398022,https://mitehuacan.mx/?ruta=11
2,Papeleria Y Copias Lupita,papelería,65,18.456912,-97.390295,https://mitehuacan.mx/?ruta=11
2,Papeleria La Miss,papelería,66,18.456186,-97.397881,https://mitehuacan.mx/?ruta=11
2,Papeleria Y Regalos Art-Zone,papelería,66,18.450643,-97.404636,https://mitehuacan.mx/?ruta=11
2,Distribuidora Papelera De Tehuacan Dipath Tehuacan,papelería,70,18.464198,-97.397162,https://mitehuacan.mx/?ruta=11
2,Papeleria Aragon,papelería,70,18.462845,-97.39018,https://mitehuacan.mx/?ruta=11
2,Papeleria El Trebol,papelería,71,18.465883,-97.390126,https://mitehuacan.mx/?ruta=11
2,Papeleria Midalu,papelería,71,18.456029,-97.395137,https://mitehuacan.mx/?ruta=11
2,Papeleria Chuco,papelería,72,18.456177,-97.399061,https://mitehuacan.mx/?ruta=11
2,Papeleria Rosy,papelería,72,18.4659,-97.397907,https://mitehuacan.mx/?ruta=11
2,Papeleria Sin Nombre,papelería,74,18.459454,-97.406954,https://mitehuacan.mx/?ruta=11
2,Papeleria Sin Nombre,papelería,78,18.456907,-97.404023,https://mitehuacan.mx/?ruta=11
2,Papeleria Y Abarrotes Dany,papelería,81,18.451212,-97.407392,https://mitehuacan.mx/?ruta=11
2,Bodega De Papeleria Multiescolar,papelería,86,18.460893,-97.39036,https://mitehuacan.mx/?ruta=11
2,Papelerio Leonarydi,papelería,90,18.45773,-97.408718,https://mitehuacan.mx/?ruta=11
2,Papeleria Escolar Ing Jorge L Tamayo,papelería,91,18.461258,-97.407729,https://mitehuacan.mx/?ruta=11
2,Papeleria El Proveedor Papelero,papelería,98,18.456605,-97.389426,https://mitehuacan.mx/?ruta=11
2,Papeleria Marcianidades,papelería,99,18.474044,-97.391235,https://mitehuacan.mx/?ruta=11
2,Papeleria Multiescolar,papelería,101,18.460897,-97.390502,https://mitehuacan.mx/?ruta=11
2,Papeleria La Goma,papelería,103,18.451183,-97.40927,https://mitehuacan.mx/?ruta=11
2,Papeleria Lerm,papelería,105,18.467712,-97.397935,https://mitehuacan.mx/?ruta=11
2,Papeleria Ofitodo,papelería,108,18.471211,-97.397785,https://mitehuacan.mx/?ruta=11
2,Papeleria Lucy,papelería,109,18.470153,-97.397825,https://mitehuacan.mx/?ruta=11
2,Papeleria Sagrado Corazon De Jesus,papelería,112,18.451095,-97.40579,https://mitehuacan.mx/?ruta=11
2,Papeleria Y Regalos Jezerh,papelería,112,18.454247,-97.407613,https://mitehuacan.mx/?ruta=11
2,Papeleria Sin Nombre,papelería,113,18.477946,-97.396808,https://mitehuacan.mx/?ruta=11
2,Papeleria Impresiones Isa,papelería,114,18.473318,-97.388404,https://mitehuacan.mx/?ruta=11
2,Papeleria Corro,papelería,118,18.455803,-97.401365,https://mitehuacan.mx/?ruta=11
2,Papeleria Sin Nombre,papelería,118,18.455725,-97.398216,https://mitehuacan.mx/?ruta=11
2,Impresiones El Principito,papelería,123,18.456389,-97.390445,https://mitehuacan.mx/?ruta=11
2,Papeleria Y Regalos Karen,papelería,123,18.457423,-97.408417,https://mitehuacan.mx/?ruta=11
2,Papeleria San Francisco,papelería,126,18.460394,-97.390749,https://mitehuacan.mx/?ruta=11
2,Papeleria Mickey,papelería,127,18.456373,-97.391605,https://mitehuacan.mx/?ruta=11
2,Papeleria Pumita,papelería,129,18.459638,-97.410733,https://mitehuacan.mx/?ruta=11
2,Papeleria Sin Nombre,papelería,131,18.450778,-97.406395,https://mitehuacan.mx/?ruta=11
2,Papeleria Natividad,papelería,139,18.454938,-97.407229,https://mitehuacan.mx/?ruta=11
2,Papeleria Cositas,papelería,140,18.466246,-97.396455,https://mitehuacan.mx/?ruta=11
2,Papeleria Y Regalos El Regalito,papelería,140,18.474535,-97.388079,https://mitehuacan.mx/?ruta=11
2,Papeleria Isep,papelería,145,18.457499,-97.410948,https://mitehuacan.mx/?ruta=11
2,Adam Y Eva Jeans,ropa,1,18.474412,-97.397658,https://mitehuacan.mx/?ruta=11
2,Bouty Gabriela,ropa,1,18.460241,-97.409423,https://mitehuacan.mx/?ruta=11
2,Venta De Ropa,ropa,2,18.460234,-97.409072,https://mitehuacan.mx/?ruta=11
2,Venta De Ropa Para Dama Y Gorras Yoselin,ropa,3,18.458725,-97.389608,https://mitehuacan.mx/?ruta=11
2,Venta De Ropa Sin Nombre,ropa,3,18.456917,-97.400427,https://mitehuacan.mx/?ruta=11
2,Venta De Ropa Sin Nombre,ropa,3,18.473646,-97.389485,https://mitehuacan.mx/?ruta=11
2,Tienda De Ropa Sin Nombre,ropa,4,18.465138,-97.398737,https://mitehuacan.mx/?ruta=11
2,Venta De Ropa Boutique Sin Nombre,ropa,4,18.465025,-97.397944,https://mitehuacan.mx/?ruta=11
2,Venta De Ropa Para Dama,ropa,4,18.456899,-97.399858,https://mitehuacan.mx/?ruta=11
2,Venta De Ropa Sin Nombre,ropa,4,18.457558,-97.391981,https://mitehuacan.mx/?ruta=11
2,Venta De Ropa Yared,ropa,4,18.456625,-97.394896,https://mitehuacan.mx/?ruta=11
2,Boutique Sin Nombre,ropa,5,18.46307,-97.396852,https://mitehuacan.mx/?ruta=11
2,French Chic Sa De Cv,ropa,5,18.455747,-97.404847,https://mitehuacan.mx/?ruta=11
2,Infantiles Oscarin,ropa,5,18.463105,-97.397885,https://mitehuacan.mx/?ruta=11
2,Infantiles Pequitas,ropa,5,18.463075,-97.397042,https://mitehuacan.mx/?ruta=11
2,Oficina Sin Nombre,ropa,5,18.469305,-97.389346,https://mitehuacan.mx/?ruta=11
2,Venta De Trajes Medrano,ropa,5,18.463107,-97.397923,https://mitehuacan.mx/?ruta=11
2,Tienda De Ropa Boutique Popi Mour,ropa,6,18.463199,-97.399941,https://mitehuacan.mx/?ruta=11
2,Venta De Ropa Friducha,ropa,6,18.467491,-97.398996,https://mitehuacan.mx/?ruta=11
2,Venta De Ropa Modas Valeria,ropa,6,18.461572,-97.389588,https://mitehuacan.mx/?ruta=11
2,Boneteria Y Lenceria Intimos,ropa,7,18.461658,-97.389463,https://mitehuacan.mx/?ruta=11
2,Boutique Malila,ropa,7,18.463429,-97.39644,https://mitehuacan.mx/?ruta=11
2,Compra Venta De Ropa Interior Dulce Tentacion,ropa,7,18.458509,-97.38952,https://mitehuacan.mx/?ruta=11
2,Compra Venta De Ropa Para Niños Kiddies,ropa,7,18.458147,-97.389523,https://mitehuacan.mx/?ruta=11
2,Exodos Moda,ropa,7,18.461631,-97.389464,https://mitehuacan.mx/?ruta=11
2,Novedades Lupita,ropa,7,18.46135,-97.389466,https://mitehuacan.mx/?ruta=11
2,Tienda De Ropa El Jocker,ropa,7,18.462563,-97.389455,https://mitehuacan.mx/?ruta=11
2,Tienda De Ropa Novedades Mary,ropa,7,18.463052,-97.38944,https://mitehuacan.mx/?ruta=11
2,Tienda De Ropa Para Caballero,ropa,7,18.457468,-97.392439,https://mitehuacan.mx/?ruta=11
2,Venta De Articulos Varios,ropa,7,18.461296,-97.389467,https://mitehuacan.mx/?ruta=11
2,Venta De Ropa Autentica,ropa,7,18.461658,-97.389463,https://mitehuacan.mx/?ruta=11
2,Venta De Ropa De Dama,ropa,7,18.462075,-97.38946,https://mitehuacan.mx/?ruta=11
2,Venta De Ropa Modas Zoe,ropa,7,18.461731,-97.389463,https://mitehuacan.mx/?ruta=11
2,Venta De Ropa Para Caballero Modas Fikshion,ropa,7,18.459937,-97.389624,https://mitehuacan.mx/?ruta=11
2,Venta De Ropa Para Dama Oh My God,ropa,7,18.461658,-97.389463,https://mitehuacan.mx/?ruta=11
2,Venta De Ropa Sin Nombre,ropa,7,18.458726,-97.389646,https://mitehuacan.mx/?ruta=11
2,Venta De Ropa Sin Nombre,ropa,7,18.474478,-97.392701,https://mitehuacan.mx/?ruta=11
2,Boutique Kovz Shein,ropa,8,18.460653,-97.389473,https://mitehuacan.mx/?ruta=11
2,Compra Venta De Ropa Para Dama Sin Nombre,ropa,8,18.463522,-97.389425,https://mitehuacan.mx/?ruta=11
2,Dc Jeans,ropa,8,18.475339,-97.396131,https://mitehuacan.mx/?ruta=11
2,Tienda De Ropa Sin Nombre,ropa,8,18.47734,-97.392738,https://mitehuacan.mx/?ruta=11
2,Uniformes Premier,ropa,8,18.457447,-97.391377,https://mitehuacan.mx/?ruta=11
2,Venta De De Ropa Star Cool,ropa,8,18.460445,-97.389475,https://mitehuacan.mx/?ruta=11
2,Venta De Ropa Caballero,ropa,8,18.461052,-97.389469,https://mitehuacan.mx/?ruta=11
2,Venta De Ropa Para Dama Richie Colection,ropa,8,18.460672,-97.389473,https://mitehuacan.mx/?ruta=11
2,Boutique Lunas,ropa,9,18.45677,-97.395679,https://mitehuacan.mx/?ruta=11
2,Maquiladora Sin Nombre,ropa,9,18.474235,-97.389781,https://mitehuacan.mx/?ruta=11
2,Tienda De Ropa Infantil Sin Nombre,ropa,9,18.464053,-97.396417,https://mitehuacan.mx/?ruta=11
2,Tienda De Ropa Sin Nombre,ropa,9,18.457434,-97.390856,https://mitehuacan.mx/?ruta=11
2,Tienda De Ropa Trapos,ropa,9,18.464907,-97.389561,https://mitehuacan.mx/?ruta=11
2,Venta De Ropa De Dama Sin Nombre,ropa,9,18.459595,-97.389484,https://mitehuacan.mx/?ruta=11
2,Venta De Ropa Para Caballero Moda Para Ti,ropa,9,18.458852,-97.389495,https://mitehuacan.mx/?ruta=11
2,Venta De Ropa Para Dama,ropa,9,18.458753,-97.389497,https://mitehuacan.mx/?ruta=11
2,Venta De Ropa Para Hombre Novedades Martinez,ropa,9,18.459821,-97.389481,https://mitehuacan.mx/?ruta=11
2,Venta De Ropa Sin Nombre,ropa,9,18.459567,-97.389484,https://mitehuacan.mx/?ruta=11
2,Venta De Ropa Y Refresco,ropa,9,18.458916,-97.389494,https://mitehuacan.mx/?ruta=11
2,Ventade Ropa,ropa,9,18.456633,-97.402436,https://mitehuacan.mx/?ruta=11
2,Maquiladora Sin Nombre,ropa,10,18.468907,-97.398807,https://mitehuacan.mx/?ruta=11
2,Maquilas De La Dieciseis,ropa,10,18.47436,-97.394119,https://mitehuacan.mx/?ruta=11
2,Regina Casanova,ropa,10,18.473786,-97.397589,https://mitehuacan.mx/?ruta=11
2,Tienda Cosmeticos Y Topper Sin Nombre,ropa,11,18.463162,-97.396612,https://mitehuacan.mx/?ruta=11
2,Kyma Shop Venta De Ropa Y Novedades,ropa,13,18.457072,-97.40217,https://mitehuacan.mx/?ruta=11
2,Tienda De Ropa Jeñans World,ropa,13,18.457029,-97.400935,https://mitehuacan.mx/?ruta=11
2,Venta De Ropa Infantil Luce Diseños Infantiles,ropa,13,18.465147,-97.399192,https://mitehuacan.mx/?ruta=11
2,Venta De Ropa Para Dama Sin Nombre,ropa,13,18.460874,-97.389668,https://mitehuacan.mx/?ruta=11
2,Confecciones Sin Nombre,ropa,15,18.452134,-97.406325,https://mitehuacan.mx/?ruta=11
2,Tienda De Ropa Interior Ferchis,ropa,15,18.462948,-97.389655,https://mitehuacan.mx/?ruta=11
2,Tienda De Ropa Para Sin Nombre,ropa,16,18.46328,-97.399549,https://mitehuacan.mx/?ruta=11
2,Tienda De Ropa Sin Nombre,ropa,16,18.463232,-97.398459,https://mitehuacan.mx/?ruta=11
2,Venta De Ropa Sin Nombre,ropa,16,18.472168,-97.398026,https://mitehuacan.mx/?ruta=11
2,Compra Venta De Ropa Para Dama Creaciones Am,ropa,17,18.458619,-97.389744,https://mitehuacan.mx/?ruta=11
2,Remate De Ropa Sin Nombre,ropa,17,18.463284,-97.399625,https://mitehuacan.mx/?ruta=11
2,Tienda De Ropa Sin Nombre,ropa,17,18.465043,-97.396349,https://mitehuacan.mx/?ruta=11
2,Venta De Ropa Ferny American Shop,ropa,17,18.46713,-97.389274,https://mitehuacan.mx/?ruta=11
2,Venta De Ropa Para Caballero Be Rektro,ropa,18,18.45873,-97.38975,https://mitehuacan.mx/?ruta=11
2,Venta De Ropa De Dama Sin Nombre,ropa,19,18.461483,-97.389351,https://mitehuacan.mx/?ruta=11
2,Venta De Ropa Juvenil Para Dama Sin Nombre,ropa,19,18.459601,-97.389382,https://mitehuacan.mx/?ruta=11
2,Venta De Ropa Para Bebe Travesuras,ropa,19,18.460279,-97.389374,https://mitehuacan.mx/?ruta=11
2,Venta De Ropa Rags,ropa,19,18.460207,-97.389375,https://mitehuacan.mx/?ruta=11
2,Venta De Mochilas Sin Nombre,ropa,20,18.458768,-97.389392,https://mitehuacan.mx/?ruta=11
2,Tienda De Ropa Moda Y Estilo Por Shein,ropa,21,18.463437,-97.389299,https://mitehuacan.mx/?ruta=11
2,Venta De Playeras Para Publicidad. Playeras Invictos,ropa,21,18.462812,-97.389317,https://mitehuacan.mx/?ruta=11
2,Venta De Ropa De Caballero Sin Nombre,ropa,21,18.461211,-97.389344,https://mitehuacan.mx/?ruta=11
2,Venta De Ropa De Dama Cv Shop,ropa,21,18.462794,-97.389317,https://mitehuacan.mx/?ruta=11
2,Venta De Ropa De Dama Modas Jaky,ropa,21,18.461129,-97.389342,https://mitehuacan.mx/?ruta=11
2,Venta De Ropa De. Dama Novedades Marsy,ropa,21,18.46103,-97.389339,https://mitehuacan.mx/?ruta=11
2,Venta De Ropa Deportiva Modas Adulcin,ropa,21,18.462776,-97.389318,https://mitehuacan.mx/?ruta=11
2,Venta De Ropa Sin Nombre,ropa,21,18.462632,-97.389321,https://mitehuacan.mx/?ruta=11
2,Boutique Bremed,ropa,22,18.464414,-97.389279,https://mitehuacan.mx/?ruta=11
2,Tienda De Ropa Selah,ropa,22,18.464966,-97.389266,https://mitehuacan.mx/?ruta=11
2,Boutique Tres Bichitos Y Un Orugon,ropa,23,18.463612,-97.406302,https://mitehuacan.mx/?ruta=11
2,Ktb Comercializadora De Mexico,ropa,23,18.463612,-97.406302,https://mitehuacan.mx/?ruta=11
2,Venta De Ropa Kids,ropa,23,18.461494,-97.389752,https://mitehuacan.mx/?ruta=11
2,Lau Boutique,ropa,24,18.465049,-97.399281,https://mitehuacan.mx/?ruta=11
2,Manufacturas Industriales Aglo,ropa,24,18.47614,-97.390142,https://mitehuacan.mx/?ruta=11
2,Tienda De Ropa Johans Boutique,ropa,24,18.464828,-97.389706,https://mitehuacan.mx/?ruta=11
2,Alexa Jeans,ropa,25,18.461494,-97.389771,https://mitehuacan.mx/?ruta=11
2,Compra Y Venta De Ropa Sin Nombre,ropa,25,18.457311,-97.389431,https://mitehuacan.mx/?ruta=11
2,Ferma Uniformes,ropa,27,18.457767,-97.391581,https://mitehuacan.mx/?ruta=11
2,Oficina De Operaciones Cellers Apparel,ropa,27,18.463647,-97.406226,https://mitehuacan.mx/?ruta=11
2,Rafaelos Jeans,ropa,28,18.460758,-97.389283,https://mitehuacan.mx/?ruta=11
2,Tienda De Ropa Sin Nombre,ropa,28,18.457233,-97.389528,https://mitehuacan.mx/?ruta=11
2,Compra Venta De Ropa Hey Lolita,ropa,29,18.463149,-97.396234,https://mitehuacan.mx/?ruta=11
2,Maquiladora Sin Nombre,ropa,30,18.456231,-97.409434,https://mitehuacan.mx/?ruta=11
2,Ropa Casual City Jeans,ropa,31,18.457206,-97.389528,https://mitehuacan.mx/?ruta=11
2,Taller De Costura De Ensamblado De Pantalon Para Dama Sin No,ropa,31,18.45333,-97.403916,https://mitehuacan.mx/?ruta=11
2,Venta De Zapatos Pantalones,ropa,33,18.4607,-97.389858,https://mitehuacan.mx/?ruta=11
2,Compra Venta De Ropa Para Bebe Sin Nombre,ropa,35,18.458627,-97.389915,https://mitehuacan.mx/?ruta=11
2,Venta De Ropa Para Dama Sin Nombre,ropa,35,18.458735,-97.389911,https://mitehuacan.mx/?ruta=11
2,20S Box Venta De Ropa Y Accesorios Para Caballeros,ropa,36,18.456402,-97.396674,https://mitehuacan.mx/?ruta=11
2,Novedades De Ropa,ropa,36,18.463594,-97.402996,https://mitehuacan.mx/?ruta=11
2,Porto Blanco,ropa,36,18.456402,-97.396674,https://mitehuacan.mx/?ruta=11
2,Shallon Best Venta De Ropa Para Dama,ropa,36,18.456402,-97.396674,https://mitehuacan.mx/?ruta=11
2,Tienda De Ropa 8 24,ropa,36,18.461496,-97.389875,https://mitehuacan.mx/?ruta=11
2,Empaques Zapata,ropa,37,18.459881,-97.408948,https://mitehuacan.mx/?ruta=11
2,Maquiladora Confeccion De Ropa Sin Nombre,ropa,37,18.474627,-97.389283,https://mitehuacan.mx/?ruta=11
2,Tienda De Mochilas,ropa,37,18.461576,-97.389882,https://mitehuacan.mx/?ruta=11
2,Venta De Ropa Novedades Cristy,ropa,37,18.45872,-97.389228,https://mitehuacan.mx/?ruta=11
2,Lam Boutique,ropa,38,18.458719,-97.389219,https://mitehuacan.mx/?ruta=11
2,Ross Braa Venta De Ropa Para Dama,ropa,39,18.458719,-97.389209,https://mitehuacan.mx/?ruta=11
2,Candido Terminados De Maquilas,ropa,41,18.457133,-97.39748,https://mitehuacan.mx/?ruta=11
2,Maquiladora Sin Nombre,ropa,41,18.451901,-97.409086,https://mitehuacan.mx/?ruta=11
2,Tienda De Ropa El Gran Remate,ropa,41,18.464821,-97.38909,https://mitehuacan.mx/?ruta=11
2,Venta De Ropa Sin Nombre,ropa,42,18.45713,-97.389437,https://mitehuacan.mx/?ruta=11
2,Tienda De Ropa Mimis Fashion Shop,ropa,43,18.460253,-97.40651,https://mitehuacan.mx/?ruta=11
2,Ropa Casual Y De Vestir Sin Nombre,ropa,44,18.472011,-97.391848,https://mitehuacan.mx/?ruta=11
2,Tienda De Ropa Rock Shop,ropa,44,18.460851,-97.389128,https://mitehuacan.mx/?ruta=11
2,Venta De Ropa Sol Mery,ropa,44,18.458738,-97.389996,https://mitehuacan.mx/?ruta=11
2,Winik Tienda De Ropa Para Caballero,ropa,48,18.457965,-97.392444,https://mitehuacan.mx/?ruta=11
2,Venta De Ropa Sin Nombre,ropa,49,18.461578,-97.389996,https://mitehuacan.mx/?ruta=11
2,Venta De Ropa Sin Nombre,ropa,49,18.458739,-97.390044,https://mitehuacan.mx/?ruta=11
2,Hatzlaja Boutique,ropa,50,18.464972,-97.39602,https://mitehuacan.mx/?ruta=11
2,Aitana Boutique,ropa,51,18.457982,-97.393297,https://mitehuacan.mx/?ruta=11
2,Venta De Ropa Creaciones En Tu Moda,ropa,52,18.461498,-97.390027,https://mitehuacan.mx/?ruta=11
2,Venta De Ropa Para Dama Minguis,ropa,54,18.461498,-97.390046,https://mitehuacan.mx/?ruta=11
2,Tienda De Ropa Sin Nombre,ropa,55,18.456999,-97.390415,https://mitehuacan.mx/?ruta=11
2,Venta De Ropa Sin Nombre,ropa,55,18.470871,-97.389349,https://mitehuacan.mx/?ruta=11
2,Comercializadora Empresarial Nahomi Jeans,ropa,57,18.474518,-97.397103,https://mitehuacan.mx/?ruta=11
2,Tienda De Ropa Gala,ropa,57,18.456635,-97.392885,https://mitehuacan.mx/?ruta=11
2,Venta De Ropa Juniors,ropa,57,18.461498,-97.390074,https://mitehuacan.mx/?ruta=11
2,Boutique Sin Nimbre,ropa,59,18.463603,-97.39813,https://mitehuacan.mx/?ruta=11
2,Venta De Camisas Señor Camisas,ropa,59,18.460846,-97.388986,https://mitehuacan.mx/?ruta=11
2,Taller De Costura Sn,ropa,61,18.455707,-97.403618,https://mitehuacan.mx/?ruta=11
2,Venta De Ropa De Dama Sin Nombre,ropa,61,18.460846,-97.388967,https://mitehuacan.mx/?ruta=11
2,Tienda De Ropa Pekes,ropa,62,18.461579,-97.390124,https://mitehuacan.mx/?ruta=11
2,Venta De Ropa De Bebe Valery,ropa,62,18.461579,-97.390119,https://mitehuacan.mx/?ruta=11
2,Venta De Ropa Para Caballero Y Accesorios Sin Nombre,ropa,62,18.458743,-97.390167,https://mitehuacan.mx/?ruta=11
2,Compra Venta De Ropa Enly Moda,ropa,64,18.464835,-97.390085,https://mitehuacan.mx/?ruta=11
2,Compra Venta De Ropa Jovas Shop,ropa,64,18.464835,-97.390085,https://mitehuacan.mx/?ruta=11
2,Compra Venta De Ropa Y Accesorios Mirandamen Shop,ropa,64,18.464835,-97.390085,https://mitehuacan.mx/?ruta=11
2,Venta De Ropa Para Dama D Moda,ropa,64,18.458744,-97.390184,https://mitehuacan.mx/?ruta=11
2,Maquiladora Widaus,ropa,65,18.473654,-97.395234,https://mitehuacan.mx/?ruta=11
2,Tata Y Lolo Clothes Venta De Ropa,ropa,65,18.466708,-97.397976,https://mitehuacan.mx/?ruta=11
2,Villa Shop,ropa,65,18.452823,-97.409569,https://mitehuacan.mx/?ruta=11
2,Studio Eine Nails,ropa,66,18.467256,-97.399567,https://mitehuacan.mx/?ruta=11
2,Diseños Y Confecciones Mc,ropa,67,18.456302,-97.400931,https://mitehuacan.mx/?ruta=11
2,Mercader Ramos,ropa,67,18.460748,-97.388908,https://mitehuacan.mx/?ruta=11
2,Taller De Costura Sn,ropa,68,18.455668,-97.409091,https://mitehuacan.mx/?ruta=11
2,Compra Venta De Ropa Para Dama Novedades Angeles,ropa,69,18.458459,-97.390239,https://mitehuacan.mx/?ruta=11
2,Venta De Ropa Para Dama Sin Nombre,ropa,69,18.460843,-97.388891,https://mitehuacan.mx/?ruta=11
2,Boutique Kiss Me,ropa,70,18.463136,-97.395854,https://mitehuacan.mx/?ruta=11
2,Empaque De Prendas Sin Nombre,ropa,70,18.466333,-97.39956,https://mitehuacan.mx/?ruta=11
2,Taller De Maquila Familiar,ropa,70,18.455446,-97.410407,https://mitehuacan.mx/?ruta=11
2,Confecciones Acatex,ropa,72,18.455479,-97.409061,https://mitehuacan.mx/?ruta=11
2,Venta De Ropa Sin Nombre,ropa,72,18.469187,-97.398212,https://mitehuacan.mx/?ruta=11
2,Boutique Mary Venta De Ropa,ropa,73,18.456201,-97.399872,https://mitehuacan.mx/?ruta=11
2,Maquiladora Familiar,ropa,73,18.453115,-97.410233,https://mitehuacan.mx/?ruta=11
2,Novedades Y Ropa,ropa,73,18.456201,-97.399872,https://mitehuacan.mx/?ruta=11
2,Tienda De Ropa Closet Peques Bonitas,ropa,73,18.465045,-97.395808,https://mitehuacan.mx/?ruta=11
2,Tienda De Ropa Lala & Toto,ropa,73,18.466579,-97.397877,https://mitehuacan.mx/?ruta=11
2,Venta De Calcetas Tamy Shop,ropa,73,18.466943,-97.390128,https://mitehuacan.mx/?ruta=11
2,Venta De Ropa Boutique Mary,ropa,73,18.456201,-97.399872,https://mitehuacan.mx/?ruta=11
2,Venta De Ropa Monse,ropa,73,18.461581,-97.390223,https://mitehuacan.mx/?ruta=11
2,Venta De Ropa Nissi,ropa,73,18.456201,-97.399872,https://mitehuacan.mx/?ruta=11
2,Venta De Ropa Si Nombre,ropa,73,18.461581,-97.390223,https://mitehuacan.mx/?ruta=11
2,Venta De Ropa Y Discos,ropa,73,18.456201,-97.399872,https://mitehuacan.mx/?ruta=11
2,Venta De Ropa Y Novedades Sin Nombre,ropa,73,18.456201,-97.399872,https://mitehuacan.mx/?ruta=11
2,Venta De Ropa Para Niño Y Niña Sin Nombre,ropa,74,18.458701,-97.388878,https://mitehuacan.mx/?ruta=11
2,Uniformes Empresariales Cocktel,ropa,75,18.457303,-97.394178,https://mitehuacan.mx/?ruta=11
2,Diseños Y Confecciones Mc,ropa,77,18.456218,-97.401086,https://mitehuacan.mx/?ruta=11
2,Maquiladora Julio Acevedo,ropa,78,18.45576,-97.408995,https://mitehuacan.mx/?ruta=11
2,Mochilas Y Regalos Sin Nombre,ropa,78,18.460783,-97.390288,https://mitehuacan.mx/?ruta=11
2,Venta De Ropa El Closet,ropa,78,18.456894,-97.40889,https://mitehuacan.mx/?ruta=11
2,Venta De Ropa Nahia,ropa,79,18.473591,-97.392728,https://mitehuacan.mx/?ruta=11
2,Bodega De Ropa Colette Fashion,ropa,80,18.461501,-97.390292,https://mitehuacan.mx/?ruta=11
2,Bodega De Ropa Yanabel Colette,ropa,80,18.461501,-97.390292,https://mitehuacan.mx/?ruta=11
2,Elaboracion De Valenciana Y Pegado De Traba,ropa,80,18.452088,-97.405706,https://mitehuacan.mx/?ruta=11
2,Tienda De Ropa Sunshine,ropa,81,18.46481,-97.38871,https://mitehuacan.mx/?ruta=11
2,Venta De Ropa Sin Nonbre,ropa,81,18.462847,-97.390278,https://mitehuacan.mx/?ruta=11
2,Manufacturas Centenario,ropa,82,18.455857,-97.393364,https://mitehuacan.mx/?ruta=11
2,Venta De Bolsas,ropa,82,18.463895,-97.400112,https://mitehuacan.mx/?ruta=11
2,Venta De Ropa Rvainzs Collection,ropa,82,18.460892,-97.390322,https://mitehuacan.mx/?ruta=11
2,Bodega Venta De Rpa Mia Clection,ropa,83,18.461582,-97.390318,https://mitehuacan.mx/?ruta=11
2,Tienda Regalitos,ropa,83,18.471737,-97.392094,https://mitehuacan.mx/?ruta=11
2,Venta De Ropa En General Modas Livey,ropa,83,18.458748,-97.390366,https://mitehuacan.mx/?ruta=11
2,Comercio Al Por Menor De Ropa De Bebé Sin Nombre,ropa,84,18.456898,-97.408824,https://mitehuacan.mx/?ruta=11
2,Venta Cinturones Juquilita,ropa,85,18.460893,-97.390351,https://mitehuacan.mx/?ruta=11
2,Deshebrado Sn,ropa,86,18.458329,-97.408738,https://mitehuacan.mx/?ruta=11
2,Venta De Ropa Mia Colection,ropa,86,18.461582,-97.390346,https://mitehuacan.mx/?ruta=11
2,Confecciones Ammelias,ropa,88,18.47067,-97.399673,https://mitehuacan.mx/?ruta=11
2,Confecciones Mazara,ropa,88,18.455832,-97.39426,https://mitehuacan.mx/?ruta=11
2,Tienda De Ropa Nob,ropa,88,18.46387,-97.398117,https://mitehuacan.mx/?ruta=11
2,Venta De Ropa Para Caballero Fashion Mens,ropa,88,18.461583,-97.390365,https://mitehuacan.mx/?ruta=11
2,Venta De Ropa Sin Nombre,ropa,88,18.45859,-97.388749,https://mitehuacan.mx/?ruta=11
2,Venta De Ropa Y Accesorios Sin Nombre,ropa,88,18.462849,-97.390342,https://mitehuacan.mx/?ruta=11
2,Venta De Ropa En General Modas Morales,ropa,89,18.45875,-97.390423,https://mitehuacan.mx/?ruta=11
2,Medusa Store,ropa,91,18.471756,-97.392214,https://mitehuacan.mx/?ruta=11
2,Industrias Osorio,ropa,92,18.475129,-97.394625,https://mitehuacan.mx/?ruta=11
2,Venta De Ropa Para Bebe Infantiles Oscarin,ropa,92,18.463129,-97.395645,https://mitehuacan.mx/?ruta=11
2,Confecciones Zaid,ropa,93,18.451341,-97.405853,https://mitehuacan.mx/?ruta=11
2,Novedades Yaret,ropa,93,18.475093,-97.394855,https://mitehuacan.mx/?ruta=11
2,Boutique Sin Nombre,ropa,94,18.450199,-97.403764,https://mitehuacan.mx/?ruta=11
2,Confecciones Hublex,ropa,94,18.474892,-97.398518,https://mitehuacan.mx/?ruta=11
2,Oficinas Johans,ropa,94,18.455837,-97.393025,https://mitehuacan.mx/?ruta=11
2,Venta De Jeans Darling,ropa,94,18.458381,-97.392721,https://mitehuacan.mx/?ruta=11
2,Venta De Uniformes De Enfermeria Sin Nombre,ropa,94,18.466857,-97.39033,https://mitehuacan.mx/?ruta=11
2,Boutique Luna,ropa,96,18.455992,-97.392769,https://mitehuacan.mx/?ruta=11
2,"Comercio Al Por Menor De Ropa, Excepto De Bebé Y Lencería Si",ropa,97,18.469956,-97.397949,https://mitehuacan.mx/?ruta=11
2,Venta De Ropa Moda Bella,ropa,97,18.461503,-97.390453,https://mitehuacan.mx/?ruta=11
2,Novedades El Capis,ropa,98,18.458585,-97.388654,https://mitehuacan.mx/?ruta=11
2,Fb Abbyzbzr,ropa,99,18.469951,-97.399808,https://mitehuacan.mx/?ruta=11
2,Uniformes Pao,ropa,99,18.462336,-97.40774,https://mitehuacan.mx/?ruta=11
2,Venta De Ropa Sin Nombre,ropa,99,18.461584,-97.39047,https://mitehuacan.mx/?ruta=11
2,Boutique Dc Jeans,ropa,100,18.456572,-97.389543,https://mitehuacan.mx/?ruta=11
2,Taller De Maquila Sin Nombre,ropa,100,18.455885,-97.398117,https://mitehuacan.mx/?ruta=11
2,Venta De Ropa Y Lenceria Reciclando Trapos,ropa,100,18.460896,-97.390496,https://mitehuacan.mx/?ruta=11
2,"Comercio Al Por Menor De Ropa, Excepto De Bebé Y Lencería Si",ropa,101,18.4578,-97.402725,https://mitehuacan.mx/?ruta=11
2,Compra Venta De Ropa En General La Camisa,ropa,102,18.462853,-97.390474,https://mitehuacan.mx/?ruta=11
2,Boutique Zaure,ropa,103,18.462098,-97.396296,https://mitehuacan.mx/?ruta=11
2,Tienda De Ropa Shein,ropa,103,18.458451,-97.39147,https://mitehuacan.mx/?ruta=11
2,Venta De Ropa En General Centro Comercial De Tehuacan,ropa,103,18.460789,-97.390525,https://mitehuacan.mx/?ruta=11
2,Venta De Ropa Sexy Moda,ropa,103,18.461504,-97.39051,https://mitehuacan.mx/?ruta=11
2,Cidmar,ropa,104,18.477467,-97.393641,https://mitehuacan.mx/?ruta=11
2,Venta De Ropa Avios Igma,ropa,104,18.464097,-97.400212,https://mitehuacan.mx/?ruta=11
2,Bazar De Ropa Sin Nombre,ropa,105,18.467586,-97.39794,https://mitehuacan.mx/?ruta=11
2,Boutique Ella Y El,ropa,105,18.467649,-97.397938,https://mitehuacan.mx/?ruta=11
2,Maquiladora Sin Nombre,ropa,105,18.475209,-97.391766,https://mitehuacan.mx/?ruta=11
2,Mesa De Corte Bulbo,ropa,105,18.473315,-97.394543,https://mitehuacan.mx/?ruta=11
2,Tienda De Ropa Infinity,ropa,105,18.467405,-97.397947,https://mitehuacan.mx/?ruta=11
2,Venta De Ropa Para Hombre Sin Nombre,ropa,105,18.458753,-97.390575,https://mitehuacan.mx/?ruta=11
2,Boutique Ani Clothing,ropa,106,18.450209,-97.404352,https://mitehuacan.mx/?ruta=11
2,Tienda De Ropa Moda Rosy,ropa,106,18.461505,-97.390539,https://mitehuacan.mx/?ruta=11
2,Bolchima,ropa,107,18.462976,-97.390527,https://mitehuacan.mx/?ruta=11
2,La Tienda De Mayda,ropa,107,18.473863,-97.391238,https://mitehuacan.mx/?ruta=11
2,Tienda De Ropa Para Mujer Dovi Fashion,ropa,107,18.460832,-97.388531,https://mitehuacan.mx/?ruta=11
2,Venta De Articulos De Piel Credipiel,ropa,107,18.462093,-97.396192,https://mitehuacan.mx/?ruta=11
2,Venta De Ropa Modas Yolanda,ropa,107,18.461585,-97.390546,https://mitehuacan.mx/?ruta=11
2,Nadia Carrasco Ropa Americana,ropa,108,18.471166,-97.397787,https://mitehuacan.mx/?ruta=11
2,Venta De Ropa Stylus Moda Casual,ropa,108,18.467175,-97.397777,https://mitehuacan.mx/?ruta=11
2,Bazar Sin Nombre,ropa,109,18.476394,-97.389328,https://mitehuacan.mx/?ruta=11
2,Tienda De Ropa Malkia,ropa,109,18.474339,-97.391378,https://mitehuacan.mx/?ruta=11
2,Tienda De Ropa Oh My Good,ropa,109,18.456531,-97.391067,https://mitehuacan.mx/?ruta=11
2,Empaque De Pantalon Sin Nombre,ropa,110,18.469457,-97.388354,https://mitehuacan.mx/?ruta=11
2,Poi Poi Tienda De Ropa,ropa,111,18.464325,-97.404113,https://mitehuacan.mx/?ruta=11
2,Venta De Ropa Mava,ropa,111,18.455811,-97.392772,https://mitehuacan.mx/?ruta=11
2,Modas Kary,ropa,114,18.456491,-97.392235,https://mitehuacan.mx/?ruta=11
2,Venta De Ropa Mujer Bonita,ropa,114,18.461506,-97.390615,https://mitehuacan.mx/?ruta=11
2,Venta De Ropa En General El Divino Niño,ropa,115,18.458889,-97.390669,https://mitehuacan.mx/?ruta=11
2,Venta De Ropa Para Dama Queen Fashion,ropa,115,18.458916,-97.390669,https://mitehuacan.mx/?ruta=11
2,Venta De Ropa Para Niño Y Niña Interior Y Exterior Leon De J,ropa,115,18.458843,-97.39067,https://mitehuacan.mx/?ruta=11
2,Almacenes Flores B,ropa,116,18.4609,-97.390644,https://mitehuacan.mx/?ruta=11
2,Bodega De Ropa Sin Nombre,ropa,116,18.47238,-97.38947,https://mitehuacan.mx/?ruta=11
2,De Todo Punto.Com,ropa,116,18.462026,-97.398206,https://mitehuacan.mx/?ruta=11
2,F & F Boutique,ropa,116,18.456475,-97.391951,https://mitehuacan.mx/?ruta=11
2,Moda Coquette,ropa,116,18.456475,-97.391951,https://mitehuacan.mx/?ruta=11
2,Tienda De Ropa Bermex,ropa,116,18.462976,-97.390613,https://mitehuacan.mx/?ruta=11
2,Tienda De Ropa En Linea Flow_M,ropa,116,18.46774,-97.40003,https://mitehuacan.mx/?ruta=11
2,Venta De Cinturones Cinturon Casual,ropa,116,18.45954,-97.390666,https://mitehuacan.mx/?ruta=11
2,Venta De Cinturones Sin Nombre,ropa,116,18.45916,-97.390668,https://mitehuacan.mx/?ruta=11
2,Venta De Playeras Sin Nombre,ropa,116,18.459178,-97.390668,https://mitehuacan.mx/?ruta=11
2,Venta De Ropa Creaciones En Tu Moda,ropa,116,18.459567,-97.390666,https://mitehuacan.mx/?ruta=11
2,Venta De Ropa De Niño Y Niña Novedades Nicol,ropa,116,18.459061,-97.390669,https://mitehuacan.mx/?ruta=11
2,Venta De Ropa En Linea Yeeyescool,ropa,116,18.46774,-97.40003,https://mitehuacan.mx/?ruta=11
2,Venta De Ropa Fina Para Dama Sin Nombre,ropa,116,18.459649,-97.390666,https://mitehuacan.mx/?ruta=11
2,Venta De Ropa Infantil Sin Nombre,ropa,116,18.459767,-97.390665,https://mitehuacan.mx/?ruta=11
2,Venta De Ropa Sin Nombre,ropa,116,18.467338,-97.397845,https://mitehuacan.mx/?ruta=11
2,Venta De Tines Y Ropa Interior,ropa,116,18.459513,-97.390666,https://mitehuacan.mx/?ruta=11
2,Venta De Vestidos Infantiles Britany,ropa,116,18.459206,-97.390668,https://mitehuacan.mx/?ruta=11
2,Creaciones El Guero,ropa,117,18.460292,-97.390664,https://mitehuacan.mx/?ruta=11
2,Maquiladora Sin Nombre,ropa,117,18.466764,-97.400081,https://mitehuacan.mx/?ruta=11
2,Ropa De Caballero Be Rektro,ropa,117,18.460409,-97.390664,https://mitehuacan.mx/?ruta=11
2,Venta De Cinturones Cinturon Casual,ropa,117,18.460464,-97.390664,https://mitehuacan.mx/?ruta=11
2,Venta De Ropa Infantil Angelitos,ropa,117,18.460274,-97.390664,https://mitehuacan.mx/?ruta=11
2,Venta De Ropa Mb Jeans,ropa,117,18.460437,-97.390664,https://mitehuacan.mx/?ruta=11
2,Venta De Ropa Modas Rocio,ropa,117,18.460328,-97.390664,https://mitehuacan.mx/?ruta=11
2,Venta De Ropa Para Dama Be Rektro,ropa,117,18.460355,-97.390664,https://mitehuacan.mx/?ruta=11
2,Venta De Ropa Para Dama Creativa,ropa,117,18.460364,-97.390664,https://mitehuacan.mx/?ruta=11
2,Venta De Ropa Y Lenceria,ropa,117,18.460337,-97.390664,https://mitehuacan.mx/?ruta=11
2,Ropa Para Hombre Sin Nombre,ropa,118,18.460735,-97.390664,https://mitehuacan.mx/?ruta=11
2,Venta De Cinturones Sin Nombre,ropa,118,18.460772,-97.390664,https://mitehuacan.mx/?ruta=11
2,Venta De Ropa Infantil Modas Nicol,ropa,118,18.460545,-97.390664,https://mitehuacan.mx/?ruta=11
2,Venta De Ropa Para Bebe,ropa,118,18.460545,-97.390664,https://mitehuacan.mx/?ruta=11
2,Venta De Ropa Para Caballero Be Rektro,ropa,118,18.460753,-97.390664,https://mitehuacan.mx/?ruta=11
2,Venta De Ropa Para Dama Modas Reynita,ropa,118,18.460609,-97.390664,https://mitehuacan.mx/?ruta=11
2,Venta De Tines Kal C Tin,ropa,118,18.460772,-97.390664,https://mitehuacan.mx/?ruta=11
2,Revelacion Juvenil,ropa,119,18.46126,-97.390665,https://mitehuacan.mx/?ruta=11
2,Ropa Y Maquillaje Rosa Pastel,ropa,119,18.461932,-97.396483,https://mitehuacan.mx/?ruta=11
2,Tienda De Ropa Yanabel Collete,ropa,119,18.461369,-97.390664,https://mitehuacan.mx/?ruta=11
2,Venta De Interior,ropa,119,18.46107,-97.390667,https://mitehuacan.mx/?ruta=11
2,Venta De Ropa Modas Rubi,ropa,119,18.461043,-97.390667,https://mitehuacan.mx/?ruta=11
2,Venta De Ropa Novedades Lucy,ropa,119,18.461161,-97.390666,https://mitehuacan.mx/?ruta=11
2,Tienda De Playeras Y Venta De Aerosoles,ropa,121,18.462859,-97.390654,https://mitehuacan.mx/?ruta=11
2,Tienda De Ropa Sin Nombre,ropa,121,18.462859,-97.390654,https://mitehuacan.mx/?ruta=11
2,Venta De Ropa Y Tenis Sin Nombre,ropa,121,18.462859,-97.390654,https://mitehuacan.mx/?ruta=11
2,Venta De Playeras,ropa,122,18.466071,-97.396375,https://mitehuacan.mx/?ruta=11
2,Venta De Ropa Sin Nombre,ropa,122,18.474196,-97.388226,https://mitehuacan.mx/?ruta=11
2,Maquila Coive,ropa,123,18.472462,-97.399902,https://mitehuacan.mx/?ruta=11
2,Venta De Uniformes Filipinas Y Medicos Cerebro,ropa,123,18.45549,-97.393635,https://mitehuacan.mx/?ruta=11
2,Tienda De Ropa Bermex,ropa,124,18.462976,-97.390688,https://mitehuacan.mx/?ruta=11
2,Uniformes Abraham,ropa,124,18.458801,-97.390755,https://mitehuacan.mx/?ruta=11
2,Venta De Ropa De Caballero Sin Nombre,ropa,124,18.458846,-97.390755,https://mitehuacan.mx/?ruta=11
2,Venta De Ropa Modas Eben Ezer,ropa,124,18.458945,-97.390754,https://mitehuacan.mx/?ruta=11
2,Venta De Ropa Sin Nombre,ropa,124,18.458909,-97.390754,https://mitehuacan.mx/?ruta=11
2,El Corcel De Oro,ropa,125,18.459597,-97.390751,https://mitehuacan.mx/?ruta=11
2,El Machetazo,ropa,125,18.459806,-97.39075,https://mitehuacan.mx/?ruta=11
2,La Barata,ropa,125,18.459833,-97.39075,https://mitehuacan.mx/?ruta=11
2,Maquiladora Sin Nombre,ropa,125,18.455631,-97.397506,https://mitehuacan.mx/?ruta=11
2,Modas Morales,ropa,125,18.459081,-97.390754,https://mitehuacan.mx/?ruta=11
2,Modas Nicole,ropa,125,18.459579,-97.390751,https://mitehuacan.mx/?ruta=11
2,Modas Para,ropa,125,18.459253,-97.390753,https://mitehuacan.mx/?ruta=11
2,Taller De Costura Y Deshebrado Sin Nombre,ropa,125,18.454936,-97.40649,https://mitehuacan.mx/?ruta=11
2,Venta De Ropa,ropa,125,18.459724,-97.390751,https://mitehuacan.mx/?ruta=11
2,Venta De Ropa De Bebe Sin Nombre,ropa,125,18.459787,-97.39075,https://mitehuacan.mx/?ruta=11
2,Venta De Ropa De Bebe Sin Nombre,ropa,125,18.459145,-97.390753,https://mitehuacan.mx/?ruta=11
2,Venta De Ropa De Dama Sin Nombre,ropa,125,18.459072,-97.390754,https://mitehuacan.mx/?ruta=11
2,Venta De Ropa Infantil,ropa,125,18.459081,-97.390754,https://mitehuacan.mx/?ruta=11
2,Venta De Ropa Infantil,ropa,125,18.459389,-97.390752,https://mitehuacan.mx/?ruta=11
2,Venta De Ropa Infantil Key Fashion,ropa,125,18.459235,-97.390753,https://mitehuacan.mx/?ruta=11
2,Venta De Ropa Sin Nombre,ropa,125,18.459072,-97.390754,https://mitehuacan.mx/?ruta=11
2,Venta De Ropa Y Uniformes Azzurri,ropa,125,18.458758,-97.390764,https://mitehuacan.mx/?ruta=11
2,Venta De Uniformes Escolares Sin Nombre,ropa,125,18.459407,-97.390752,https://mitehuacan.mx/?ruta=11
2,Venta Deropa,ropa,125,18.45919,-97.390753,https://mitehuacan.mx/?ruta=11
2,Importaciones Marin,ropa,126,18.46015,-97.390749,https://mitehuacan.mx/?ruta=11
2,Moda Rebel,ropa,126,18.460014,-97.390749,https://mitehuacan.mx/?ruta=11
2,Novedades Aldo,ropa,126,18.459977,-97.390749,https://mitehuacan.mx/?ruta=11
2,Novedades July,ropa,126,18.460421,-97.390749,https://mitehuacan.mx/?ruta=11
2,Ropa Para Bebe,ropa,126,18.460005,-97.390749,https://mitehuacan.mx/?ruta=11
2,Taller De Costura Sin Nombre,ropa,126,18.461948,-97.39861,https://mitehuacan.mx/?ruta=11
2,Tienda De Ropa Y Uniformes Mega Familia,ropa,126,18.46034,-97.390749,https://mitehuacan.mx/?ruta=11
2,Venta De Mochilas,ropa,126,18.460104,-97.390749,https://mitehuacan.mx/?ruta=11
2,Venta De Ropa De Dama Y Caballero Minguis,ropa,126,18.462779,-97.388323,https://mitehuacan.mx/?ruta=11
2,Venta De Ropa Para Adulto,ropa,126,18.459869,-97.39075,https://mitehuacan.mx/?ruta=11
2,Venta De Ropa Para Bebe,ropa,126,18.459959,-97.39075,https://mitehuacan.mx/?ruta=11
2,Venta De Ropa Para Caballero Bee Retro,ropa,126,18.460303,-97.390749,https://mitehuacan.mx/?ruta=11
2,Venta De Ropa Para Dama,ropa,126,18.459932,-97.39075,https://mitehuacan.mx/?ruta=11
2,Venta De Ropa Sin Nombre,ropa,126,18.460267,-97.390749,https://mitehuacan.mx/?ruta=11
2,Venta De Ropa Sin Nombre,ropa,126,18.460204,-97.390749,https://mitehuacan.mx/?ruta=11
2,Ani Clothine,ropa,127,18.450752,-97.405822,https://mitehuacan.mx/?ruta=11
2,Moda Infantil Juquilita,ropa,127,18.460575,-97.390749,https://mitehuacan.mx/?ruta=11
2,Modas Amy,ropa,127,18.460611,-97.390749,https://mitehuacan.mx/?ruta=11
2,Queen Fashuion,ropa,127,18.46053,-97.390749,https://mitehuacan.mx/?ruta=11
2,Uniformes Deportivos Flomar,ropa,127,18.458758,-97.390783,https://mitehuacan.mx/?ruta=11
2,Venta De Ropa Modas Capricho,ropa,127,18.458666,-97.391052,https://mitehuacan.mx/?ruta=11
2,Venta De Ropa Niño Y Niña Sol Mery,ropa,127,18.460756,-97.390749,https://mitehuacan.mx/?ruta=11
2,Parisina,ropa,127,18.458668,-97.391732,https://mitehuacan.mx/?ruta=11
2,Compra Venta De Ropa Y Tenis De La Calle,ropa,128,18.464927,-97.390682,https://mitehuacan.mx/?ruta=11
2,Venta De Mochilas Equipajes Y Mochilas Vagabundo,ropa,128,18.45868,-97.39144,https://mitehuacan.mx/?ruta=11
2,Venta De Ropa Sin Nombre,ropa,128,18.458678,-97.391383,https://mitehuacan.mx/?ruta=11
2,Creaciones En Tu Moda,ropa,129,18.460795,-97.390771,https://mitehuacan.mx/?ruta=11
2,Empaque De Pantalon,ropa,129,18.453245,-97.402376,https://mitehuacan.mx/?ruta=11
2,Tienda De Mochilas El Gran Surtidor,ropa,129,18.461318,-97.390759,https://mitehuacan.mx/?ruta=11
2,Tienda De Mochilas Y Equipajes Vagabundo,ropa,129,18.4612,-97.390761,https://mitehuacan.mx/?ruta=11
2,Tienda De Ropa Moda Bella,ropa,129,18.461245,-97.39076,https://mitehuacan.mx/?ruta=11
2,Tienda De Ropa Modas Erikos,ropa,130,18.461653,-97.390759,https://mitehuacan.mx/?ruta=11
2,Tienda De Ropa Sin Nombre,ropa,130,18.4587,-97.392303,https://mitehuacan.mx/?ruta=11
2,Venta De Jeans Mundana,ropa,130,18.462778,-97.388285,https://mitehuacan.mx/?ruta=11
2,Venta De Ropa De Dama Sin Nombre,ropa,130,18.460738,-97.388316,https://mitehuacan.mx/?ruta=11
2,Venta De Ropa Sin Nombre,ropa,131,18.462269,-97.390762,https://mitehuacan.mx/?ruta=11
2,Local De Ropa Yared,ropa,132,18.45872,-97.393004,https://mitehuacan.mx/?ruta=11
2,Rv Bolsos,ropa,133,18.458724,-97.393156,https://mitehuacan.mx/?ruta=11
2,Tienda De Mochilas Markis Backpacks,ropa,133,18.462803,-97.390777,https://mitehuacan.mx/?ruta=11
2,Tienda De Ropa Sin Nombre,ropa,133,18.462785,-97.390776,https://mitehuacan.mx/?ruta=11
2,Banana Boutique,ropa,138,18.463014,-97.395203,https://mitehuacan.mx/?ruta=11
2,Boutique Kiss Me,ropa,138,18.463014,-97.395203,https://mitehuacan.mx/?ruta=11
2,Tienda De Ropa Infantil Sin Nombre,ropa,138,18.458765,-97.391048,https://mitehuacan.mx/?ruta=11
2,Tienda De Ropa Para Dama Sin Nombre,ropa,138,18.458773,-97.391246,https://mitehuacan.mx/?ruta=11
2,Venta De Ropa Para Dama Sin Nombre,ropa,138,18.458767,-97.391105,https://mitehuacan.mx/?ruta=11
2,Venta De Ropa Sin Nombre,ropa,138,18.458551,-97.394127,https://mitehuacan.mx/?ruta=11
2,Venta De Ropa Sin Nombre,ropa,138,18.45877,-97.391181,https://mitehuacan.mx/?ruta=11
2,Venta De Ropa Sin Nombre,ropa,138,18.458567,-97.388275,https://mitehuacan.mx/?ruta=11
2,Venta De Ropa Para Niño El Rincon De Los Peques,ropa,139,18.458779,-97.391408,https://mitehuacan.mx/?ruta=11
2,Bonita Boutique,ropa,140,18.462775,-97.38819,https://mitehuacan.mx/?ruta=11
2,Confecciones Ruiz,ropa,140,18.470885,-97.388311,https://mitehuacan.mx/?ruta=11
2,Tienda De Ropa Rivag,ropa,140,18.474616,-97.388094,https://mitehuacan.mx/?ruta=11
2,Boutique Paseo Hidalgo,ropa,143,18.45882,-97.393048,https://mitehuacan.mx/?ruta=11
2,Tienda De Ropa Maria,ropa,143,18.457262,-97.408233,https://mitehuacan.mx/?ruta=11
2,Venta De Ropa Pekes,ropa,143,18.458605,-97.394127,https://mitehuacan.mx/?ruta=11
2,Novedades Carrera,ropa,145,18.449771,-97.403956,https://mitehuacan.mx/?ruta=11
2,Tienda De Ropa Moda Zoe,ropa,147,18.471397,-97.392588,https://mitehuacan.mx/?ruta=11
2,Boutique Good Vibes,ropa,149,18.458751,-97.393955,https://mitehuacan.mx/?ruta=11
2,Taller De Zapatos Vilu,zapatería,2,18.451974,-97.406788,https://mitehuacan.mx/?ruta=11
2,Venta De Articulos Para Calzado Sin Nombre,zapatería,2,18.459871,-97.389579,https://mitehuacan.mx/?ruta=11
2,Taller De Zapatos Xochikitos,zapatería,4,18.453337,-97.406566,https://mitehuacan.mx/?ruta=11
2,Venta De Bolsas Y Zapatos Christian Boutique,zapatería,4,18.465136,-97.398652,https://mitehuacan.mx/?ruta=11
2,Reparadora De Calzado Navarez,zapatería,6,18.454804,-97.404808,https://mitehuacan.mx/?ruta=11
2,Reparadora De Calzado La Rosita,zapatería,7,18.462075,-97.38946,https://mitehuacan.mx/?ruta=11
2,Zapateria Calza A La Moda,zapatería,7,18.463178,-97.389436,https://mitehuacan.mx/?ruta=11
2,Reparadora De Calzado El Venadito Express,zapatería,8,18.463793,-97.389416,https://mitehuacan.mx/?ruta=11
2,Reparadora De Calzado Nery,zapatería,8,18.461016,-97.389469,https://mitehuacan.mx/?ruta=11
2,Venta De Articulos Varios Sin Nombre,zapatería,8,18.46021,-97.389478,https://mitehuacan.mx/?ruta=11
2,Calzado Para Pie Diabetico Zapatos Conforth,zapatería,11,18.464849,-97.396388,https://mitehuacan.mx/?ruta=11
2,Reparadora De Calzado Garcia,zapatería,11,18.456877,-97.397715,https://mitehuacan.mx/?ruta=11
2,Almacen,zapatería,13,18.453626,-97.406514,https://mitehuacan.mx/?ruta=11
2,Industrias De Productos De Calidad Ipca,zapatería,13,18.463163,-97.39664,https://mitehuacan.mx/?ruta=11
2,Fabrica De Suelas Xochikitos,zapatería,14,18.45338,-97.406477,https://mitehuacan.mx/?ruta=11
2,Zapateria Cruzitos,zapatería,19,18.459923,-97.389378,https://mitehuacan.mx/?ruta=11
2,Zapateria Sport Shoes,zapatería,19,18.459763,-97.38938,https://mitehuacan.mx/?ruta=11
2,Zapateria Calza Ahorros,zapatería,21,18.462803,-97.389317,https://mitehuacan.mx/?ruta=11
2,Zapateria Dica,zapatería,21,18.463165,-97.38931,https://mitehuacan.mx/?ruta=11
2,Reparadora De Calzado El Venado,zapatería,22,18.46464,-97.389275,https://mitehuacan.mx/?ruta=11
2,Fabrica De Calzado Checos,zapatería,28,18.451699,-97.406907,https://mitehuacan.mx/?ruta=11
2,Reparadora De Calzado California,zapatería,33,18.465968,-97.389763,https://mitehuacan.mx/?ruta=11
2,Dav Boutique Moda Venta De Zapatos Y Accesorios Para Dama,zapatería,36,18.456402,-97.396674,https://mitehuacan.mx/?ruta=11
2,Zapaterias Sports Shoes,zapatería,37,18.460772,-97.389899,https://mitehuacan.mx/?ruta=11
2,Zapateria Dica,zapatería,43,18.462804,-97.389109,https://mitehuacan.mx/?ruta=11
2,Venta De Sandalias De Plastico,zapatería,51,18.461578,-97.390014,https://mitehuacan.mx/?ruta=11
2,Coppel Calzado Oriente 765,zapatería,52,18.460751,-97.389053,https://mitehuacan.mx/?ruta=11
2,Fabrica De Zapato De Bebe Sin Nombre,zapatería,53,18.451477,-97.40643,https://mitehuacan.mx/?ruta=11
2,Venta De Zapatos Y Ropa Sin Nombre,zapatería,66,18.45382,-97.408519,https://mitehuacan.mx/?ruta=11
2,Taller De Calzado 3 Hermanos,zapatería,68,18.458146,-97.392725,https://mitehuacan.mx/?ruta=11
2,Zapateria Mago,zapatería,70,18.456698,-97.392757,https://mitehuacan.mx/?ruta=11
2,Zapateria Leoneza,zapatería,71,18.458703,-97.388906,https://mitehuacan.mx/?ruta=11
2,Renovadora De Calzado Zaragoza,zapatería,72,18.466316,-97.397889,https://mitehuacan.mx/?ruta=11
2,Reparadora De Calzado Puebla,zapatería,72,18.456337,-97.392799,https://mitehuacan.mx/?ruta=11
2,Taller De Calzado Yami,zapatería,80,18.4517,-97.405743,https://mitehuacan.mx/?ruta=11
2,Taller De Zapatos Para Bebes,zapatería,82,18.458899,-97.408753,https://mitehuacan.mx/?ruta=11
2,Zapateria Ana Maria,zapatería,83,18.458643,-97.390369,https://mitehuacan.mx/?ruta=11
2,Fabricacion De Zapato Para Bebe Sin Nombre,zapatería,84,18.451186,-97.407136,https://mitehuacan.mx/?ruta=11
2,Venta De Zapatos Sn,zapatería,97,18.454993,-97.408831,https://mitehuacan.mx/?ruta=11
2,Renovadora De Calzado Angelito,zapatería,98,18.464142,-97.402552,https://mitehuacan.mx/?ruta=11
2,Zapateria Giorgio Moretto,zapatería,100,18.460834,-97.388597,https://mitehuacan.mx/?ruta=11
2,Zapateria Crazy Feet,zapatería,101,18.461504,-97.390491,https://mitehuacan.mx/?ruta=11
2,Arreglo De Calzado Sin Nombre,zapatería,102,18.455882,-97.40587,https://mitehuacan.mx/?ruta=11
2,Taller De Calzado Para Bebe Globitos,zapatería,102,18.450106,-97.403663,https://mitehuacan.mx/?ruta=11
2,Zapatera Outlet,zapatería,112,18.461993,-97.396563,https://mitehuacan.mx/?ruta=11
2,Renovadora De Calzado Puebla Ii,zapatería,113,18.458755,-97.39065,https://mitehuacan.mx/?ruta=11
2,Reparadora De Calzado Perez,zapatería,115,18.456484,-97.392102,https://mitehuacan.mx/?ruta=11
2,Zapateria 3 Hermanos,zapatería,116,18.459233,-97.390668,https://mitehuacan.mx/?ruta=11
2,Zapaterias Arther,zapatería,116,18.459803,-97.390665,https://mitehuacan.mx/?ruta=11
2,Zapateria Tio Beto,zapatería,117,18.460382,-97.390664,https://mitehuacan.mx/?ruta=11
2,Zapaterias El Reventon,zapatería,117,18.45993,-97.390665,https://mitehuacan.mx/?ruta=11
2,Zapateria Ana Maria,zapatería,118,18.460744,-97.390664,https://mitehuacan.mx/?ruta=11
2,Zapateria Don Zapato,zapatería,121,18.462859,-97.390654,https://mitehuacan.mx/?ruta=11
2,Zapateria Kristal,zapatería,121,18.462859,-97.390654,https://mitehuacan.mx/?ruta=11
2,Venta De Tenis Juquilita,zapatería,124,18.458891,-97.390755,https://mitehuacan.mx/?ruta=11
2,Zapateria Eduars,zapatería,125,18.459072,-97.390754,https://mitehuacan.mx/?ruta=11
2,Zapateria El Reventon,zapatería,126,18.460131,-97.390749,https://mitehuacan.mx/?ruta=11
2,Reparadora De Calzado Mitre,zapatería,128,18.457155,-97.404859,https://mitehuacan.mx/?ruta=11
2,Huaracheria Gloria,zapatería,129,18.461544,-97.390758,https://mitehuacan.mx/?ruta=11
2,Zapapateria Expres,zapatería,129,18.461616,-97.390758,https://mitehuacan.mx/?ruta=11
2,Calzado Por Catalogo,zapatería,130,18.4587,-97.392303,https://mitehuacan.mx/?ruta=11
2,Reparadora De Calzado Hidalgo,zapatería,130,18.458698,-97.392199,https://mitehuacan.mx/?ruta=11
2,Zapateria Olaya,zapatería,135,18.461786,-97.39658,https://mitehuacan.mx/?ruta=11
2,Fabrica De Zapatitos Calzado Sandalo,zapatería,136,18.457924,-97.395837,https://mitehuacan.mx/?ruta=11
2,Zapateria Soperanez,zapatería,138,18.458763,-97.390973,https://mitehuacan.mx/?ruta=11
2,Zapaterias El Reventon,zapatería,138,18.462048,-97.390833,https://mitehuacan.mx/?ruta=11
2,Zapateria Ana Maria,zapatería,139,18.45878,-97.391446,https://mitehuacan.mx/?ruta=11
2,Venta De Tenis Juquilita,zapatería,140,18.458796,-97.392157,https://mitehuacan.mx/?ruta=11
2,Zapateria Pachikitos,zapatería,141,18.458807,-97.392631,https://mitehuacan.mx/?ruta=11
2,Fabricación De Calzado Con Corte De Tela Sin Nombre,zapatería,143,18.454838,-97.403245,https://mitehuacan.mx/?ruta=11
2,Zapateria Ing Roberto,zapatería,143,18.462892,-97.388158,https://mitehuacan.mx/?ruta=11
2,Reparadora De Calzado Dani,zapatería,144,18.455315,-97.393163,https://mitehuacan.mx/?ruta=11
3,Bisuteria Ar,accesorios,4,18.464825,-97.389516,https://mitehuacan.mx/?ruta=11
3,Venta De Gorras Yoseline,accesorios,4,18.460872,-97.389583,https://mitehuacan.mx/?ruta=11
3,Lila Shop,accesorios,5,18.456557,-97.393627,https://mitehuacan.mx/?ruta=11
3,Compra Venta De Ropa Y Accesorios Enchulateh,accesorios,7,18.457921,-97.389526,https://mitehuacan.mx/?ruta=11
3,Venta De Chacharitas Sin Nombre,accesorios,7,18.458292,-97.389522,https://mitehuacan.mx/?ruta=11
3,Accesorios Michelle,accesorios,8,18.461178,-97.389468,https://mitehuacan.mx/?ruta=11
3,Bisuteria Amor Mio,accesorios,8,18.460934,-97.38947,https://mitehuacan.mx/?ruta=11
3,Venta De Accesorios Para Dama Novedades Flor De Abril,accesorios,8,18.460364,-97.389476,https://mitehuacan.mx/?ruta=11
3,Novedades Sin Nombre,accesorios,9,18.458925,-97.389494,https://mitehuacan.mx/?ruta=11
3,Venta De Moñoz Moñoz Coqueta,accesorios,9,18.459649,-97.389483,https://mitehuacan.mx/?ruta=11
3,Compra Venta De Bisuteria Ark,accesorios,11,18.456046,-97.404877,https://mitehuacan.mx/?ruta=11
3,Las Mochilas De Samn Y Mas Venta De Mochilas Y Bolsas,accesorios,12,18.457072,-97.402186,https://mitehuacan.mx/?ruta=11
3,Bisuteria Amor Mio,accesorios,19,18.459718,-97.38938,https://mitehuacan.mx/?ruta=11
3,Chacharas Venta De Diferentes Articulos De Temporada Sin Nom,accesorios,19,18.460686,-97.389369,https://mitehuacan.mx/?ruta=11
3,Gorras Y Playeras El Chino,accesorios,20,18.458732,-97.389393,https://mitehuacan.mx/?ruta=11
3,Tienda Dechacharas El Baratetito,accesorios,21,18.463346,-97.389303,https://mitehuacan.mx/?ruta=11
3,Venta De Chucherias Farez Bazar,accesorios,21,18.464776,-97.389273,https://mitehuacan.mx/?ruta=11
3,Chacharas Sin Nombre,accesorios,25,18.471461,-97.39027,https://mitehuacan.mx/?ruta=11
3,Purpura Accesorios,accesorios,27,18.456969,-97.396583,https://mitehuacan.mx/?ruta=11
3,Tienda De Novedades Aremi,accesorios,33,18.460855,-97.389232,https://mitehuacan.mx/?ruta=11
3,Vicmaly La Casa De Las Muñecas,accesorios,37,18.457349,-97.389273,https://mitehuacan.mx/?ruta=11
3,Venta De Gorras,accesorios,51,18.457044,-97.390461,https://mitehuacan.mx/?ruta=11
3,Chacharitas Yael,accesorios,55,18.458712,-97.389058,https://mitehuacan.mx/?ruta=11
3,Venta De Cinturones Y Gorras Publicidad Fercho,accesorios,55,18.460885,-97.390066,https://mitehuacan.mx/?ruta=11
3,Plateria Gisel,accesorios,62,18.466383,-97.39799,https://mitehuacan.mx/?ruta=11
3,Venta De Mochilas Y Bolsas Sin Nombre,accesorios,66,18.460844,-97.38892,https://mitehuacan.mx/?ruta=11
3,Venta De Accesorios Moni Moni,accesorios,73,18.463817,-97.400235,https://mitehuacan.mx/?ruta=11
3,Enmoñate,accesorios,80,18.459325,-97.408767,https://mitehuacan.mx/?ruta=11
3,Comercio Al Por Menor De Bisutería Y Accesorios De Vestir Si,accesorios,83,18.470112,-97.398079,https://mitehuacan.mx/?ruta=11
3,Venta De Curiosidades Amigurumis,accesorios,87,18.45669,-97.389538,https://mitehuacan.mx/?ruta=11
3,Bisuteria,accesorios,104,18.473547,-97.398678,https://mitehuacan.mx/?ruta=11
3,Venta De Bisuteria Y Novedades Sarang,accesorios,104,18.458651,-97.390568,https://mitehuacan.mx/?ruta=11
3,Grace Bolsas Y Accesorios,accesorios,107,18.462107,-97.398202,https://mitehuacan.mx/?ruta=11
3,Accesorios N&T,accesorios,111,18.471357,-97.392019,https://mitehuacan.mx/?ruta=11
3,Compra Venta De Bisuteria Y Accesorios Para Dama La Bella,accesorios,115,18.462976,-97.390603,https://mitehuacan.mx/?ruta=11
3,Venta De Moños Nina,accesorios,115,18.4609,-97.390635,https://mitehuacan.mx/?ruta=11
3,Venta De Accesorios Naimi,accesorios,116,18.467402,-97.397843,https://mitehuacan.mx/?ruta=11
3,Venta De Moños Y Accesorios,accesorios,117,18.460274,-97.390664,https://mitehuacan.mx/?ruta=11
3,Articulos De Bisuteria Fantasias Dany,accesorios,121,18.462859,-97.390654,https://mitehuacan.mx/?ruta=11
3,Centro Comercial Casa China,accesorios,121,18.458658,-97.39073,https://mitehuacan.mx/?ruta=11
3,Joyeria De Fantasia Y Plata - Plata Linda,accesorios,121,18.462859,-97.390654,https://mitehuacan.mx/?ruta=11
3,Venta De Accesorios De Acero Inoxidable Tx Acero Inoxidable,accesorios,121,18.462859,-97.390654,https://mitehuacan.mx/?ruta=11
3,Venta De Gorras Publicidad Y Beisbol,accesorios,124,18.458973,-97.390754,https://mitehuacan.mx/?ruta=11
3,Cinturon Casual,accesorios,127,18.460493,-97.390749,https://mitehuacan.mx/?ruta=11
3,Novedades Lin,accesorios,127,18.458669,-97.39147,https://mitehuacan.mx/?ruta=11
3,Venta De Bolsas El Rey De La Bolsa,accesorios,127,18.462779,-97.388314,https://mitehuacan.mx/?ruta=11
3,Ark Bisuteria,accesorios,128,18.458346,-97.394238,https://mitehuacan.mx/?ruta=11
3,Venta De Accesorios Para Niña,accesorios,133,18.458724,-97.393128,https://mitehuacan.mx/?ruta=11
3,Venta De Mochilas Y Bolsas Sin Nombre,accesorios,140,18.458793,-97.391996,https://mitehuacan.mx/?ruta=11
3,Preparatoria Federal,asistencia social,3,18.466677,-97.389415,https://mitehuacan.mx/?ruta=11
3,Auditorio Tamayo,asistencia social,73,18.460795,-97.409859,https://mitehuacan.mx/?ruta=11
3,Auto Lavado Maverick,autolavado,1,18.474458,-97.397656,https://mitehuacan.mx/?ruta=11
3,Super Lavado Y Engrasado Sarabia,autolavado,2,18.474496,-97.390335,https://mitehuacan.mx/?ruta=11
3,Autolavado Santa Lucia,autolavado,7,18.476779,-97.392746,https://mitehuacan.mx/?ruta=11
3,Auto Lavado Gonzalez,autolavado,12,18.472044,-97.391265,https://mitehuacan.mx/?ruta=11
3,Auto Lavado Car Wash,autolavado,14,18.456544,-97.393305,https://mitehuacan.mx/?ruta=11
3,Autolavado El Abuelo,autolavado,18,18.456135,-97.402435,https://mitehuacan.mx/?ruta=11
3,Lavado De Autos Super Wash,autolavado,20,18.476301,-97.396583,https://mitehuacan.mx/?ruta=11
3,Autolavado Sin Nombre,autolavado,27,18.458578,-97.409802,https://mitehuacan.mx/?ruta=11
3,Lavado Y Engrasado Lupita,autolavado,34,18.456945,-97.394312,https://mitehuacan.mx/?ruta=11
3,Autolavado Express Y Pension El Venado,autolavado,37,18.457209,-97.409238,https://mitehuacan.mx/?ruta=11
3,Lavado De Autos Sin Nombre,autolavado,39,18.465891,-97.389082,https://mitehuacan.mx/?ruta=11
3,Auto Lavado Sin Nombre,autolavado,44,18.450715,-97.404017,https://mitehuacan.mx/?ruta=11
3,Autolavado Jacarandas,autolavado,56,18.474602,-97.397109,https://mitehuacan.mx/?ruta=11
3,Autolavado Castillo,autolavado,59,18.456634,-97.392866,https://mitehuacan.mx/?ruta=11
3,Auto Lavado El Tiburon,autolavado,61,18.469519,-97.38882,https://mitehuacan.mx/?ruta=11
3,Autolavado Doña Anita,autolavado,65,18.478101,-97.390127,https://mitehuacan.mx/?ruta=11
3,Autolavado Star Wash,autolavado,74,18.456462,-97.410414,https://mitehuacan.mx/?ruta=11
3,Lavado De Autos Moreno,autolavado,100,18.466347,-97.399882,https://mitehuacan.mx/?ruta=11
3,Autolavado Sin Nombre,autolavado,104,18.475671,-97.398575,https://mitehuacan.mx/?ruta=11
3,Auto Lavado El Primo,autolavado,106,18.477169,-97.393671,https://mitehuacan.mx/?ruta=11
3,Autolavado Express El Pelon,autolavado,106,18.471173,-97.399819,https://mitehuacan.mx/?ruta=11
3,Auto Lavado El Tiburon 2,autolavado,115,18.473399,-97.388364,https://mitehuacan.mx/?ruta=11
3,Autolavado Castillo,autolavado,116,18.458298,-97.394129,https://mitehuacan.mx/?ruta=11
3,Autolavado Mendoza,autolavado,128,18.456231,-97.410933,https://mitehuacan.mx/?ruta=11
3,Autolavado San Francisco,autolavado,130,18.450013,-97.404482,https://mitehuacan.mx/?ruta=11
3,Lavado Y Engrasado Gonzaga Prestige,autolavado,131,18.47306,-97.399716,https://mitehuacan.mx/?ruta=11
3,Lavado De Autos Orange,autolavado,138,18.471882,-97.392771,https://mitehuacan.mx/?ruta=11
3,Auto Lavado Los Angeles,autolavado,142,18.457168,-97.405276,https://mitehuacan.mx/?ruta=11
3,Autolavado Juquilita,autolavado,142,18.457427,-97.410952,https://mitehuacan.mx/?ruta=11
3,Bar Cantina Lucrecia,bar,1,18.459637,-97.409516,https://mitehuacan.mx/?ruta=11
3,Bar La Crudelia,bar,1,18.459637,-97.409516,https://mitehuacan.mx/?ruta=11
3,Bar El Companero 1,bar,2,18.457498,-97.389678,https://mitehuacan.mx/?ruta=11
3,Restaurante Bar Terrazzo,bar,6,18.465097,-97.397685,https://mitehuacan.mx/?ruta=11
3,Bar 69 Club,bar,8,18.463431,-97.389428,https://mitehuacan.mx/?ruta=11
3,Yack Daniels,bar,8,18.456721,-97.39459,https://mitehuacan.mx/?ruta=11
3,La 30 Y Tres,bar,10,18.456831,-97.396919,https://mitehuacan.mx/?ruta=11
3,Sunset Resto Bar,bar,18,18.473289,-97.397533,https://mitehuacan.mx/?ruta=11
3,Bar El Nuevo Aterrizaje,bar,21,18.463165,-97.38931,https://mitehuacan.mx/?ruta=11
3,Bar Los Colorines,bar,21,18.4634,-97.389301,https://mitehuacan.mx/?ruta=11
3,Billar Blue Berry,bar,27,18.463647,-97.406226,https://mitehuacan.mx/?ruta=11
3,Cerveceria The Beer Company,bar,27,18.463647,-97.406226,https://mitehuacan.mx/?ruta=11
3,Bar Kevin,bar,61,18.457373,-97.398814,https://mitehuacan.mx/?ruta=11
3,Centro Botanero On,bar,61,18.463769,-97.401722,https://mitehuacan.mx/?ruta=11
3,Babitos Drink,bar,70,18.450852,-97.405244,https://mitehuacan.mx/?ruta=11
3,Bar Los Compañeros,bar,79,18.458244,-97.390333,https://mitehuacan.mx/?ruta=11
3,Drunkendog,bar,79,18.460346,-97.410235,https://mitehuacan.mx/?ruta=11
3,Venta De Bebidas Balche,bar,82,18.457529,-97.394164,https://mitehuacan.mx/?ruta=11
3,Mc Queens Drinks,bar,90,18.464044,-97.402026,https://mitehuacan.mx/?ruta=11
3,Bar La Caminera,bar,92,18.465059,-97.399935,https://mitehuacan.mx/?ruta=11
3,Bar Mar,bar,92,18.457377,-97.388733,https://mitehuacan.mx/?ruta=11
3,Venta De Bebidas Preparadas Los Traguitos,bar,93,18.473401,-97.388582,https://mitehuacan.mx/?ruta=11
3,Bendita Cruda,bar,97,18.470213,-97.399778,https://mitehuacan.mx/?ruta=11
3,Bar Costa Rica,bar,104,18.457835,-97.400602,https://mitehuacan.mx/?ruta=11
3,Hoster Video Bar,bar,105,18.458481,-97.39272,https://mitehuacan.mx/?ruta=11
3,Bar Macumba,bar,106,18.464216,-97.402712,https://mitehuacan.mx/?ruta=11
3,Hakuna Matata,bar,126,18.477724,-97.398481,https://mitehuacan.mx/?ruta=11
3,Che Drinks,bar,134,18.47049,-97.391377,https://mitehuacan.mx/?ruta=11
3,Bar Max Le Club,bar,136,18.460904,-97.390834,https://mitehuacan.mx/?ruta=11
3,Chelorama,bar,143,18.473588,-97.399046,https://mitehuacan.mx/?ruta=11
3,Reparaciones De Bicicletas Vidal,bicicletas,3,18.455009,-97.409725,https://mitehuacan.mx/?ruta=11
3,Servicio Lopez,bicicletas,10,18.456849,-97.397241,https://mitehuacan.mx/?ruta=11
3,Taller De Bicicletas Rojas,bicicletas,14,18.470473,-97.389511,https://mitehuacan.mx/?ruta=11
3,Taller De Bicicleta,bicicletas,16,18.47382,-97.389232,https://mitehuacan.mx/?ruta=11
3,Venta De Bicicletas Tu Bici,bicicletas,19,18.456806,-97.394213,https://mitehuacan.mx/?ruta=11
3,Bici Refacciones Del Centro,bicicletas,20,18.461329,-97.389347,https://mitehuacan.mx/?ruta=11
3,Venta Refacciones Y Bicicletas Bicimundo,bicicletas,20,18.460768,-97.389738,https://mitehuacan.mx/?ruta=11
3,Bicicletas Y Refacciones Ikki,bicicletas,37,18.460854,-97.389194,https://mitehuacan.mx/?ruta=11
3,Tienda De Bicicletas La Santa Cleta,bicicletas,46,18.466838,-97.389875,https://mitehuacan.mx/?ruta=11
3,Taller De Bicicletas,bicicletas,51,18.456557,-97.410194,https://mitehuacan.mx/?ruta=11
3,Taller De Bicicletas Giro,bicicletas,77,18.471291,-97.399531,https://mitehuacan.mx/?ruta=11
3,Compra Venta De Refacciones Para Bicicleta Ciclismo Total,bicicletas,92,18.462307,-97.399705,https://mitehuacan.mx/?ruta=11
3,Taller De Bicis Brayan,bicicletas,103,18.459263,-97.408515,https://mitehuacan.mx/?ruta=11
3,Reparacion De Bicicleta Meta,bicicletas,113,18.450117,-97.404232,https://mitehuacan.mx/?ruta=11
3,Taller De Bicicletas Sin Nombre,bicicletas,113,18.454943,-97.405939,https://mitehuacan.mx/?ruta=11
3,Ciclo Sport Benotto,bicicletas,117,18.460093,-97.390664,https://mitehuacan.mx/?ruta=11
3,Biciservicios Aguiluchos,bicicletas,121,18.470915,-97.399974,https://mitehuacan.mx/?ruta=11
3,Billares Rocker Pool,billar,31,18.462357,-97.389817,https://mitehuacan.mx/?ruta=11
3,Fincomun,caja de ahorro,5,18.463151,-97.398911,https://mitehuacan.mx/?ruta=11
3,Crediclub Suc 77 Tehuacan Independencia,caja de ahorro,23,18.46363,-97.406531,https://mitehuacan.mx/?ruta=11
3,Caja Zongolica Suc Tehuacan,caja de ahorro,82,18.464838,-97.390248,https://mitehuacan.mx/?ruta=11
3,Caja Popular Mexicana Sucursal Manantiales,caja de ahorro,98,18.462409,-97.403668,https://mitehuacan.mx/?ruta=11
3,Casa De Empeño Respuesta Rapida,casa de empeño,0,18.464065,-97.3965,https://mitehuacan.mx/?ruta=11
3,Monte De Puebla Vidal Ruiz,casa de empeño,1,18.463649,-97.396515,https://mitehuacan.mx/?ruta=11
3,Casa De Empeño Respuesta Rapida,casa de empeño,7,18.462346,-97.389457,https://mitehuacan.mx/?ruta=11
3,Casa De Empeños Presta Teh,casa de empeño,7,18.462545,-97.389455,https://mitehuacan.mx/?ruta=11
3,Casa De Empeño De Remate,casa de empeño,8,18.465169,-97.389394,https://mitehuacan.mx/?ruta=11
3,Vidal Ruiz Sucursal 1850 Pue,casa de empeño,8,18.463635,-97.396434,https://mitehuacan.mx/?ruta=11
3,Casa De Empeño La Esperanza,casa de empeño,9,18.464535,-97.389395,https://mitehuacan.mx/?ruta=11
3,Casa De Empeño Prendaval,casa de empeño,9,18.464553,-97.389395,https://mitehuacan.mx/?ruta=11
3,Casa De Empeño Prextamex,casa de empeño,9,18.456795,-97.396304,https://mitehuacan.mx/?ruta=11
3,Casa De Empeño Ayuda Familiar,casa de empeño,11,18.4736,-97.389421,https://mitehuacan.mx/?ruta=11
3,Prenda Mex Sucursal 1849 Pue,casa de empeño,19,18.460754,-97.389368,https://mitehuacan.mx/?ruta=11
3,Casa De Empeño Surti Empeños,casa de empeño,20,18.462414,-97.389327,https://mitehuacan.mx/?ruta=11
3,Casa De Empeño Prenda Joya,casa de empeño,21,18.463283,-97.389305,https://mitehuacan.mx/?ruta=11
3,Casa De Empeño Prenda Joya,casa de empeño,22,18.463447,-97.402428,https://mitehuacan.mx/?ruta=11
3,Casa De Empeño Real Los Arcos,casa de empeño,22,18.46345,-97.402541,https://mitehuacan.mx/?ruta=11
3,Casa De Empeño Real Los Arcos 2,casa de empeño,64,18.456524,-97.392822,https://mitehuacan.mx/?ruta=11
3,Casa De Empeño Prenda Joya,casa de empeño,75,18.458746,-97.39029,https://mitehuacan.mx/?ruta=11
3,Casa De Empaño Empeños,casa de empeño,115,18.450118,-97.404298,https://mitehuacan.mx/?ruta=11
3,Prendaval,casa de empeño,127,18.460711,-97.390749,https://mitehuacan.mx/?ruta=11
3,Cerrajeria Tehuacan,cerrajería,1,18.460171,-97.407812,https://mitehuacan.mx/?ruta=11
3,Cerrajeria Velasco,cerrajería,5,18.463126,-97.398311,https://mitehuacan.mx/?ruta=11
3,Cerrajeria Arroyo,cerrajería,8,18.460129,-97.389478,https://mitehuacan.mx/?ruta=11
3,Cerrajeria Mexicana,cerrajería,9,18.464653,-97.389392,https://mitehuacan.mx/?ruta=11
3,Servicio De Cerrajeria Cerrajeria Gaba,cerrajería,20,18.462288,-97.38933,https://mitehuacan.mx/?ruta=11
3,Cerrajeria El Aguila,cerrajería,50,18.457972,-97.391473,https://mitehuacan.mx/?ruta=11
3,Cerrajeria Mexicana,cerrajería,89,18.456398,-97.410556,https://mitehuacan.mx/?ruta=11
3,Cerrajeria Rojas,cerrajería,95,18.471984,-97.399661,https://mitehuacan.mx/?ruta=11
3,Cerrajeria El Pato,cerrajería,124,18.470139,-97.400035,https://mitehuacan.mx/?ruta=11
3,Cerrajeria Najera,cerrajería,127,18.471566,-97.392487,https://mitehuacan.mx/?ruta=11
3,Cerrajeria Sin Nombre,cerrajería,127,18.458659,-97.390786,https://mitehuacan.mx/?ruta=11
3,Pollos Guerrero,comida,12,18.461542,-97.389421,https://mitehuacan.mx/?ruta=11
3,Pizzas Angelotti,comida,15,18.458236,-97.409415,https://mitehuacan.mx/?ruta=11
3,Tacos El Primó,comida,31,18.462951,-97.402031,https://mitehuacan.mx/?ruta=11
3,EL TAQUERO DE RABEL,comida,89,18.4622,-97.396574,https://mitehuacan.mx/?ruta=11
3,New York Pizza,comida,99,18.456494,-97.392494,https://mitehuacan.mx/?ruta=11
3,Tortas Hidalguenses,comida,115,18.458501,-97.388491,https://mitehuacan.mx/?ruta=11
3,Pollos Guerrero,comida,119,18.460788,-97.390676,https://mitehuacan.mx/?ruta=11
3,Yankees Pizzas,comida,130,18.458704,-97.392054,https://mitehuacan.mx/?ruta=11
3,Taqueria el Tizon Sureño,comida,139,18.45872,-97.393782,https://mitehuacan.mx/?ruta=11
3,Antojitos Teresa,comida,146,18.457973,-97.403235,https://mitehuacan.mx/?ruta=11
3,Internet Nautilus,computación,9,18.457411,-97.390031,https://mitehuacan.mx/?ruta=11
3,Cibercafe The Site,computación,21,18.465572,-97.389265,https://mitehuacan.mx/?ruta=11
3,Ciber Broos,computación,45,18.457094,-97.389438,https://mitehuacan.mx/?ruta=11
3,Internet Sin Nombre,computación,94,18.450176,-97.4033,https://mitehuacan.mx/?ruta=11
3,Ciber Toy Story,computación,127,18.450917,-97.405892,https://mitehuacan.mx/?ruta=11
3,Internet Y Papeleria Shiamex,computación,145,18.475258,-97.398979,https://mitehuacan.mx/?ruta=11
3,La Weba Internet,computación,149,18.45614,-97.411137,https://mitehuacan.mx/?ruta=11
3,Constructora Toal,construcción,0,18.47429,-97.395697,https://mitehuacan.mx/?ruta=11
3,Servicio De Videovigilancia Tecnosystems Etr,construcción,7,18.463275,-97.396444,https://mitehuacan.mx/?ruta=11
3,Comercializadora Hegi Universal,construcción,23,18.463612,-97.406302,https://mitehuacan.mx/?ruta=11
3,Sistemas Solares Y Electricos De Mexico,construcción,27,18.467401,-97.389173,https://mitehuacan.mx/?ruta=11
3,Plomeria Y Reparacion De Boylers Sin Nombre,construcción,61,18.46613,-97.399494,https://mitehuacan.mx/?ruta=11
3,Constructora Innovare In Arquitectura Inmobiliaria Y Avaluos,construcción,85,18.470866,-97.399628,https://mitehuacan.mx/?ruta=11
3,Bado Arquitectos,construcción,119,18.476677,-97.398673,https://mitehuacan.mx/?ruta=11
3,Servicios Especializados De Ingenieria,construcción,140,18.47294,-97.392748,https://mitehuacan.mx/?ruta=11
3,Despacho Contable,contadores,12,18.462898,-97.396519,https://mitehuacan.mx/?ruta=11
3,Despacho Contable,contadores,18,18.470947,-97.390346,https://mitehuacan.mx/?ruta=11
3,Despacho Contable Y Fiscal,contadores,23,18.463612,-97.406302,https://mitehuacan.mx/?ruta=11
3,Despacho Contable Sin Nombre,contadores,34,18.456945,-97.394312,https://mitehuacan.mx/?ruta=11
3,Despacho Contable Vargas Gutierrez Y Asociados,contadores,40,18.464702,-97.398079,https://mitehuacan.mx/?ruta=11
3,Despacho Contable Martinez Y Asociados,contadores,41,18.471312,-97.390967,https://mitehuacan.mx/?ruta=11
3,Servicios Profesionales De Contarduria,contadores,52,18.466618,-97.399471,https://mitehuacan.mx/?ruta=11
3,Oficina De Inmobiliaria Oficina 2,contadores,72,18.471571,-97.399469,https://mitehuacan.mx/?ruta=11
3,Oficina Contable Dm Multiservicios,contadores,73,18.463817,-97.400235,https://mitehuacan.mx/?ruta=11
3,Despacho Contable Y Asesoria Fiscal,contadores,78,18.463134,-97.395778,https://mitehuacan.mx/?ruta=11
3,Despacho Juridico Contable,contadores,78,18.463134,-97.395778,https://mitehuacan.mx/?ruta=11
3,Despacho Contable Sin Nombre,contadores,82,18.463812,-97.398016,https://mitehuacan.mx/?ruta=11
3,Despacho Contable Sin Nombre,contadores,83,18.463817,-97.397291,https://mitehuacan.mx/?ruta=11
3,Despacho Contable Elena Palafox,contadores,86,18.453827,-97.408263,https://mitehuacan.mx/?ruta=11
3,Despacho Contable Y Fiscal Gerardo Ramirez Tobon,contadores,90,18.457464,-97.394678,https://mitehuacan.mx/?ruta=11
3,Despacho De Abogado,contadores,91,18.464185,-97.405152,https://mitehuacan.mx/?ruta=11
3,Despacho Contable Y Fiscal Sin Nombre,contadores,95,18.458346,-97.39364,https://mitehuacan.mx/?ruta=11
3,Despacho Contable Y Fiscal Sin Nombre,contadores,100,18.457568,-97.394333,https://mitehuacan.mx/?ruta=11
3,Aranda Y Asociados Asesores De Negocios,contadores,101,18.455685,-97.39337,https://mitehuacan.mx/?ruta=11
3,Consuultor,contadores,125,18.464955,-97.395309,https://mitehuacan.mx/?ruta=11
3,Despacho Contable Sin Nombre,contadores,125,18.455499,-97.394166,https://mitehuacan.mx/?ruta=11
3,Rampah Soluciones Estrategicas,contadores,129,18.458694,-97.392,https://mitehuacan.mx/?ruta=11
3,Despacho Contable C&R,contadores,134,18.464387,-97.400074,https://mitehuacan.mx/?ruta=11
3,Despacho Contable Hernandez Asesores,contadores,138,18.463014,-97.395203,https://mitehuacan.mx/?ruta=11
3,Servicios Contables Integrales,contadores,140,18.47294,-97.392748,https://mitehuacan.mx/?ruta=11
3,Copias Y Papeleria Hidalgo,copias,7,18.457462,-97.392231,https://mitehuacan.mx/?ruta=11
3,Papeleria Copytec Digital,copias,7,18.475473,-97.39622,https://mitehuacan.mx/?ruta=11
3,Centro De Copiado Quality Sharp,copias,22,18.46474,-97.389273,https://mitehuacan.mx/?ruta=11
3,Centro De Copiado Y Papeleria Tega,copias,40,18.460565,-97.409661,https://mitehuacan.mx/?ruta=11
3,Copias Y Novedades Gady,copias,125,18.455501,-97.394251,https://mitehuacan.mx/?ruta=11
3,Pronosticos Deportivo De La 7,deportes,2,18.45669,-97.396203,https://mitehuacan.mx/?ruta=11
3,Venta De Articulos Deportivos Central Deportiva,deportes,2,18.45753,-97.390711,https://mitehuacan.mx/?ruta=11
3,Tienda Deportiva Sport Mas,deportes,5,18.463075,-97.397061,https://mitehuacan.mx/?ruta=11
3,Tienda De Ropa Deportiva Activate,deportes,6,18.465028,-97.398266,https://mitehuacan.mx/?ruta=11
3,Tienda De Ropa Deportiva Sin Nombre,deportes,7,18.462219,-97.389458,https://mitehuacan.mx/?ruta=11
3,Venta De Tenis Sport Vpb,deportes,8,18.456762,-97.395556,https://mitehuacan.mx/?ruta=11
3,Venta De Tenis Y Gorras Sin Nombre,deportes,8,18.461215,-97.389468,https://mitehuacan.mx/?ruta=11
3,Noyolotzin,deportes,11,18.47622,-97.392624,https://mitehuacan.mx/?ruta=11
3,Compra Y Venta De Ropa Deportiva Zas Sport,deportes,12,18.46182,-97.389646,https://mitehuacan.mx/?ruta=11
3,Venta De Playeras Deportivas Sin Nombre,deportes,19,18.459863,-97.389379,https://mitehuacan.mx/?ruta=11
3,Zapateria Nueva Moda,deportes,20,18.458795,-97.389392,https://mitehuacan.mx/?ruta=11
3,Deportes Dialta,deportes,21,18.461184,-97.389343,https://mitehuacan.mx/?ruta=11
3,Tienda De Deportes Tehuacan Zona Sport,deportes,21,18.463328,-97.389304,https://mitehuacan.mx/?ruta=11
3,Venta De Ropa Deportiva Sin Nombre,deportes,55,18.456292,-97.398105,https://mitehuacan.mx/?ruta=11
3,Majo Recarga Y Mas,deportes,56,18.456978,-97.38997,https://mitehuacan.mx/?ruta=11
3,Zapateria Calza A La Moda,deportes,56,18.458712,-97.389048,https://mitehuacan.mx/?ruta=11
3,Compra Venta De Tenis Luna Nueva,deportes,58,18.458634,-97.390133,https://mitehuacan.mx/?ruta=11
3,Venta De Tenis Y Gorras Sin Nombre,deportes,59,18.458634,-97.390142,https://mitehuacan.mx/?ruta=11
3,Compra Venta De Articulos Deportivos Lily,deportes,64,18.464835,-97.390085,https://mitehuacan.mx/?ruta=11
3,Uniformes Deportivos Barropaz,deportes,64,18.458707,-97.388972,https://mitehuacan.mx/?ruta=11
3,Clonner Tennis,deportes,70,18.45687,-97.392752,https://mitehuacan.mx/?ruta=11
3,Zapateria Moda A Tus Pies,deportes,70,18.46158,-97.390195,https://mitehuacan.mx/?ruta=11
3,Pronosticos,deportes,80,18.473523,-97.395179,https://mitehuacan.mx/?ruta=11
3,Tienda De Uniformes Israd,deportes,80,18.469249,-97.398134,https://mitehuacan.mx/?ruta=11
3,La Donateria,deportes,109,18.469448,-97.397855,https://mitehuacan.mx/?ruta=11
3,Zapateria Pirma Orange Sport,deportes,116,18.459785,-97.390665,https://mitehuacan.mx/?ruta=11
3,Zapaterias Venta De Tenis,deportes,116,18.459033,-97.390669,https://mitehuacan.mx/?ruta=11
3,Venta De Tenis En General Pirma,deportes,117,18.460319,-97.390664,https://mitehuacan.mx/?ruta=11
3,Venta De Ropa Deportiva Para Hombre Sin Nombre,deportes,118,18.460726,-97.390664,https://mitehuacan.mx/?ruta=11
3,Zapateria Juquilita,deportes,118,18.460536,-97.390664,https://mitehuacan.mx/?ruta=11
3,Tienda De Ropa Venta Gorras Y Playeras El Chino,deportes,121,18.462859,-97.390654,https://mitehuacan.mx/?ruta=11
3,Pronosticos,deportes,123,18.462153,-97.402822,https://mitehuacan.mx/?ruta=11
3,Venta De Calzado Y Accesorios,deportes,123,18.45735,-97.408413,https://mitehuacan.mx/?ruta=11
3,Articulos Deportivos Barroso,deportes,126,18.460068,-97.390749,https://mitehuacan.mx/?ruta=11
3,Zapateria Tenis Juquilita,deportes,127,18.458668,-97.391109,https://mitehuacan.mx/?ruta=11
3,Deka Beer Deposito De Cerveza,depósito,3,18.456936,-97.400863,https://mitehuacan.mx/?ruta=11
3,Pue Six Imss,depósito,5,18.463055,-97.398709,https://mitehuacan.mx/?ruta=11
3,Pue Six Los Reyes,depósito,8,18.476951,-97.392743,https://mitehuacan.mx/?ruta=11
3,Pomos Y Chelas,depósito,11,18.477463,-97.392624,https://mitehuacan.mx/?ruta=11
3,Deposito Cerveceria El Depo,depósito,15,18.468225,-97.389268,https://mitehuacan.mx/?ruta=11
3,Cerveceria Merino,depósito,54,18.471567,-97.391361,https://mitehuacan.mx/?ruta=11
3,Venta De Cerveza Modelorama,depósito,69,18.463857,-97.401927,https://mitehuacan.mx/?ruta=11
3,Six,depósito,92,18.475129,-97.394625,https://mitehuacan.mx/?ruta=11
3,Modelorama,depósito,104,18.473313,-97.39498,https://mitehuacan.mx/?ruta=11
3,Modelorama Arcadia,depósito,106,18.460236,-97.405913,https://mitehuacan.mx/?ruta=11
3,Deposito De Cerveza Montalvo,depósito,149,18.455287,-97.394276,https://mitehuacan.mx/?ruta=11
3,Tienda De Dulces Isabel,dulcería,4,18.455795,-97.404934,https://mitehuacan.mx/?ruta=11
3,Grupo De Empresas Sociales Quali,dulcería,5,18.466729,-97.398928,https://mitehuacan.mx/?ruta=11
3,Mueganos El Real De Tehuacan,dulcería,7,18.457767,-97.389527,https://mitehuacan.mx/?ruta=11
3,Venta De Dulces,dulcería,10,18.474359,-97.394157,https://mitehuacan.mx/?ruta=11
3,Venta De Dulces Tipicos Mueganos El Aguila,dulcería,11,18.457619,-97.39148,https://mitehuacan.mx/?ruta=11
3,Venta De Dulces,dulcería,16,18.456127,-97.403081,https://mitehuacan.mx/?ruta=11
3,Dulceria La Chispa Del Sabor,dulcería,43,18.458611,-97.389175,https://mitehuacan.mx/?ruta=11
3,Asuka Venta De Materias Primas Y Utensilios Para Reposteria,dulcería,48,18.457965,-97.392444,https://mitehuacan.mx/?ruta=11
3,Tiendita Sin Nombre,dulcería,67,18.450897,-97.405242,https://mitehuacan.mx/?ruta=11
3,Dulce Tradicion,dulcería,70,18.456734,-97.392756,https://mitehuacan.mx/?ruta=11
3,Mueganos El Real,dulcería,78,18.462403,-97.399085,https://mitehuacan.mx/?ruta=11
3,Venta De Dulces,dulcería,91,18.457603,-97.408712,https://mitehuacan.mx/?ruta=11
3,Miscelanea Sin Nombre,dulcería,131,18.455594,-97.392775,https://mitehuacan.mx/?ruta=11
3,Vive Fm 106.3,energía,4,18.468069,-97.398962,https://mitehuacan.mx/?ruta=11
3,Radio Comunitaria Hermanos Serdan,energía,143,18.460324,-97.388195,https://mitehuacan.mx/?ruta=11
3,Foto Estudio Lumiere,fotografía,8,18.465522,-97.38939,https://mitehuacan.mx/?ruta=11
3,Estudio De Fotos Fotogama,fotografía,9,18.458762,-97.389497,https://mitehuacan.mx/?ruta=11
3,Estudio De Fotografia Gace Studios,fotografía,21,18.462816,-97.39652,https://mitehuacan.mx/?ruta=11
3,Estudio Fotografico,fotografía,23,18.463612,-97.406302,https://mitehuacan.mx/?ruta=11
3,Estudio Fotografico Pixelar,fotografía,26,18.472039,-97.391655,https://mitehuacan.mx/?ruta=11
3,Estudio Fotografico Bisuet,fotografía,75,18.464972,-97.395782,https://mitehuacan.mx/?ruta=11
3,Foto Estudio Mendez,fotografía,83,18.456897,-97.408834,https://mitehuacan.mx/?ruta=11
3,La Casa De La Plata,fotografía,129,18.458694,-97.392,https://mitehuacan.mx/?ruta=11
3,Malvaez Selfie Studio,fotografía,136,18.455758,-97.392489,https://mitehuacan.mx/?ruta=11
3,Estudio De Fotos Fujifilm,fotografía,143,18.462713,-97.388158,https://mitehuacan.mx/?ruta=11
3,Comercio Al Por Menor De Frutas Y Verduras Frescas Sin Nombr,frutería,2,18.451972,-97.406969,https://mitehuacan.mx/?ruta=11
3,Venta De Frutas Y Verduras,frutería,2,18.457528,-97.390654,https://mitehuacan.mx/?ruta=11
3,Comercializadora San Gabriel,frutería,4,18.458723,-97.389541,https://mitehuacan.mx/?ruta=11
3,Venta De Frutas Y Verduras,frutería,4,18.456636,-97.395143,https://mitehuacan.mx/?ruta=11
3,Fruteria San Francisco,frutería,5,18.465103,-97.397837,https://mitehuacan.mx/?ruta=11
3,Compra Venta De Frutas Y Verduras El Caribe,frutería,7,18.458518,-97.38952,https://mitehuacan.mx/?ruta=11
3,Compra Venta De Frutas Y Verduras Tehuacan,frutería,7,18.458401,-97.389521,https://mitehuacan.mx/?ruta=11
3,Miscelanea Yahir,frutería,8,18.45486,-97.404794,https://mitehuacan.mx/?ruta=11
3,Venta De Platanos Sin Nombre,frutería,9,18.45888,-97.389495,https://mitehuacan.mx/?ruta=11
3,Coco Bongo Venta De Coco Y Piña,frutería,13,18.457056,-97.401656,https://mitehuacan.mx/?ruta=11
3,Venta De Frutas Y Verduras Sin Nombre,frutería,13,18.460033,-97.407645,https://mitehuacan.mx/?ruta=11
3,Fruteria Y Verduleria Yoyis,frutería,15,18.45699,-97.399571,https://mitehuacan.mx/?ruta=11
3,Venta De Frutas Y Verduras Romero,frutería,15,18.456986,-97.399438,https://mitehuacan.mx/?ruta=11
3,El Expendio,frutería,16,18.457667,-97.391583,https://mitehuacan.mx/?ruta=11
3,Venta De Verduras,frutería,31,18.454845,-97.409464,https://mitehuacan.mx/?ruta=11
3,Frutas Y Verduras,frutería,42,18.469285,-97.39929,https://mitehuacan.mx/?ruta=11
3,Venta De Jitomate Sin Nombre,frutería,50,18.468985,-97.38892,https://mitehuacan.mx/?ruta=11
3,Fruteria Y Legumbres Karla,frutería,52,18.457195,-97.396574,https://mitehuacan.mx/?ruta=11
3,Frutas Y Verduras La Guera,frutería,54,18.469192,-97.398382,https://mitehuacan.mx/?ruta=11
3,Venta De Verduras Y Frutas,frutería,60,18.454129,-97.410257,https://mitehuacan.mx/?ruta=11
3,Frutas Y Verduras El Rosario,frutería,63,18.456632,-97.392828,https://mitehuacan.mx/?ruta=11
3,Abastecedora Del Campo,frutería,66,18.464815,-97.388852,https://mitehuacan.mx/?ruta=11
3,Compra Venta De Frutas Y Verduras Sin Nombre,frutería,73,18.456201,-97.399872,https://mitehuacan.mx/?ruta=11
3,Venta De Frutas Y Verduras Jeison,frutería,73,18.456201,-97.399872,https://mitehuacan.mx/?ruta=11
3,Venta De Frutas Y Verduras Manolo,frutería,73,18.456201,-97.399872,https://mitehuacan.mx/?ruta=11
3,Venta De Frutas Y Verduras Sin Nombre,frutería,73,18.456201,-97.399872,https://mitehuacan.mx/?ruta=11
3,Venta Verduras Y Aguas Frescas,frutería,73,18.456201,-97.399872,https://mitehuacan.mx/?ruta=11
3,Fruteria Y Verduleria,frutería,75,18.451264,-97.407481,https://mitehuacan.mx/?ruta=11
3,Frutas Y Verduras,frutería,89,18.478169,-97.392646,https://mitehuacan.mx/?ruta=11
3,Venta De Frutas Y Verduras Sin Nombre,frutería,90,18.46898,-97.390249,https://mitehuacan.mx/?ruta=11
3,Frutas Y Verduras Abigail,frutería,92,18.45042,-97.404731,https://mitehuacan.mx/?ruta=11
3,Venta De Frutas Y Verduras Sin Nombre,frutería,95,18.455868,-97.396694,https://mitehuacan.mx/?ruta=11
3,Venta Frutas Y Verduras,frutería,96,18.464021,-97.400104,https://mitehuacan.mx/?ruta=11
3,Venta De Frutas Y Verduras El Paraiso,frutería,99,18.467268,-97.398001,https://mitehuacan.mx/?ruta=11
3,Venta De Frutas Y Verduras,frutería,107,18.46079,-97.390563,https://mitehuacan.mx/?ruta=11
3,Venta De Jitomate Sin Nombre,frutería,115,18.458655,-97.390673,https://mitehuacan.mx/?ruta=11
3,Miscelanea Fernandez,frutería,117,18.465643,-97.400137,https://mitehuacan.mx/?ruta=11
3,Frutas Y Verduras Chepa,frutería,120,18.474853,-97.398766,https://mitehuacan.mx/?ruta=11
3,Fruteria Y Verduleria Sin Nombre,frutería,120,18.450877,-97.406386,https://mitehuacan.mx/?ruta=11
3,Venta De Verduras Y Pollo Sin Nombre,frutería,122,18.459036,-97.406729,https://mitehuacan.mx/?ruta=11
3,Venta De Jitomate,frutería,128,18.464441,-97.403207,https://mitehuacan.mx/?ruta=11
3,Venta De Frutas Y Verduras Sin Nombre,frutería,132,18.4693,-97.400139,https://mitehuacan.mx/?ruta=11
3,San Isidro,frutería,133,18.457159,-97.405001,https://mitehuacan.mx/?ruta=11
3,Capilla Valle De Los Angeles,funeraria,0,18.463326,-97.404398,https://mitehuacan.mx/?ruta=11
3,Servicios Funerarios Sullivan Memorial,funeraria,1,18.463319,-97.404263,https://mitehuacan.mx/?ruta=11
3,Funeraria Grupo La Paz Asistencia Final,funeraria,8,18.475327,-97.396124,https://mitehuacan.mx/?ruta=11
3,Funerales Del Carmen,funeraria,10,18.475303,-97.396298,https://mitehuacan.mx/?ruta=11
3,Funerales Mendoza,funeraria,34,18.458627,-97.389905,https://mitehuacan.mx/?ruta=11
3,Funerales Jardin,funeraria,38,18.474972,-97.395599,https://mitehuacan.mx/?ruta=11
3,Servicios Funerarios Guadalupe,funeraria,75,18.456049,-97.396687,https://mitehuacan.mx/?ruta=11
3,Funeraria Fma Cristo Rey,funeraria,128,18.467278,-97.400154,https://mitehuacan.mx/?ruta=11
3,Bordados Jr,fábrica,0,18.453668,-97.403855,https://mitehuacan.mx/?ruta=11
3,Carpinteria Y Ebanisteria Sin Nombre,fábrica,1,18.471034,-97.390178,https://mitehuacan.mx/?ruta=11
3,Losas Prefabricadas,fábrica,2,18.468811,-97.398925,https://mitehuacan.mx/?ruta=11
3,Servicio De Costura Sin Nombre,fábrica,2,18.4575,-97.389744,https://mitehuacan.mx/?ruta=11
3,Bordados Js Bordadora,fábrica,3,18.456977,-97.401962,https://mitehuacan.mx/?ruta=11
3,Recuerdos Sin Nombre,fábrica,3,18.473163,-97.390258,https://mitehuacan.mx/?ruta=11
3,Carpinteria Sin Nombre,fábrica,4,18.456641,-97.395256,https://mitehuacan.mx/?ruta=11
3,Diseños Loreans,fábrica,4,18.456601,-97.394394,https://mitehuacan.mx/?ruta=11
3,Carpinteria Sin Nombre,fábrica,5,18.463105,-97.397885,https://mitehuacan.mx/?ruta=11
3,Comercializadora De Bordado De Playera De Castve,fábrica,5,18.463211,-97.400329,https://mitehuacan.mx/?ruta=11
3,Composturas De Ropa,fábrica,5,18.468463,-97.389359,https://mitehuacan.mx/?ruta=11
3,Carpinteria Sin Nombre,fábrica,6,18.454677,-97.404802,https://mitehuacan.mx/?ruta=11
3,Chocolateria Megan,fábrica,6,18.4651,-97.397761,https://mitehuacan.mx/?ruta=11
3,Elaboracion De Nieves Y Helados Sin Nombre,fábrica,6,18.453841,-97.405492,https://mitehuacan.mx/?ruta=11
3,Taller De Costura Sin Nombre,fábrica,6,18.453841,-97.40534,https://mitehuacan.mx/?ruta=11
3,Tienda De Helados,fábrica,7,18.465035,-97.398608,https://mitehuacan.mx/?ruta=11
3,Papas Fritas Jose Julian,fábrica,8,18.4725,-97.390996,https://mitehuacan.mx/?ruta=11
3,La Catedral Del Helado,fábrica,9,18.456719,-97.394328,https://mitehuacan.mx/?ruta=11
3,Oink Ceramica,fábrica,10,18.473252,-97.389924,https://mitehuacan.mx/?ruta=11
3,Taller De Corte De Zapato Jr Suajes,fábrica,12,18.45366,-97.404182,https://mitehuacan.mx/?ruta=11
3,Rm Vitrales,fábrica,15,18.456962,-97.398907,https://mitehuacan.mx/?ruta=11
3,Audiorama,fábrica,22,18.463449,-97.402513,https://mitehuacan.mx/?ruta=11
3,Confecciones Orlando,fábrica,22,18.47614,-97.390159,https://mitehuacan.mx/?ruta=11
3,Carpinteria Micer,fábrica,24,18.466829,-97.389667,https://mitehuacan.mx/?ruta=11
3,Molino Para Chiles Y Granos Molipasta,fábrica,29,18.464758,-97.397246,https://mitehuacan.mx/?ruta=11
3,Maquila Sin Nombre,fábrica,30,18.460257,-97.406633,https://mitehuacan.mx/?ruta=11
3,Elaboracon De Sellos De Goma Ojeda,fábrica,33,18.457587,-97.393694,https://mitehuacan.mx/?ruta=11
3,Elaboracion De Helados Y Paletas Sin Nombre,fábrica,36,18.451627,-97.406911,https://mitehuacan.mx/?ruta=11
3,Centro De Diseño,fábrica,37,18.465961,-97.389108,https://mitehuacan.mx/?ruta=11
3,Carpinteria Termita San Martin,fábrica,39,18.467303,-97.398569,https://mitehuacan.mx/?ruta=11
3,Confecciones Y Composturas De Ropa Sin Nombre,fábrica,41,18.460773,-97.389937,https://mitehuacan.mx/?ruta=11
3,Carpinteria Sin Nombre,fábrica,43,18.451564,-97.406913,https://mitehuacan.mx/?ruta=11
3,Teller De Costura Garald,fábrica,51,18.464821,-97.388994,https://mitehuacan.mx/?ruta=11
3,Taller De Carpinteria,fábrica,53,18.461599,-97.407349,https://mitehuacan.mx/?ruta=11
3,Uniformes Sait,fábrica,53,18.473171,-97.389355,https://mitehuacan.mx/?ruta=11
3,Confecciones Alcobo Sa De Cv,fábrica,54,18.456434,-97.401279,https://mitehuacan.mx/?ruta=11
3,Productos Artesanales Apicola,fábrica,56,18.457144,-97.394298,https://mitehuacan.mx/?ruta=11
3,Carpinteria Sin Nombre,fábrica,59,18.457399,-97.39995,https://mitehuacan.mx/?ruta=11
3,Maquiladora La Comer,fábrica,59,18.466843,-97.389998,https://mitehuacan.mx/?ruta=11
3,Taller De Elaboracion De Sacos De Vestir,fábrica,59,18.455662,-97.409176,https://mitehuacan.mx/?ruta=11
3,Tescom,fábrica,61,18.45959,-97.406769,https://mitehuacan.mx/?ruta=11
3,Bordados Metropolis,fábrica,64,18.457212,-97.394184,https://mitehuacan.mx/?ruta=11
3,Bordacool Bordadora,fábrica,65,18.477061,-97.393278,https://mitehuacan.mx/?ruta=11
3,Carpinteria Sin Nombre,fábrica,68,18.452111,-97.409376,https://mitehuacan.mx/?ruta=11
3,Carpinteria Sin Nombre,fábrica,72,18.458024,-97.410247,https://mitehuacan.mx/?ruta=11
3,Maquila Sin Nombre,fábrica,72,18.456179,-97.39901,https://mitehuacan.mx/?ruta=11
3,Paleteria La Florecita,fábrica,72,18.457288,-97.394288,https://mitehuacan.mx/?ruta=11
3,Papas Y Platanos Crazy,fábrica,72,18.456188,-97.39936,https://mitehuacan.mx/?ruta=11
3,Sastreria Monrroy,fábrica,73,18.464459,-97.399036,https://mitehuacan.mx/?ruta=11
3,Tallado A Mano De Figuras De Madera,fábrica,75,18.471375,-97.389561,https://mitehuacan.mx/?ruta=11
3,Maquiladora Sin Nombre,fábrica,76,18.470353,-97.388704,https://mitehuacan.mx/?ruta=11
3,Laboratorio Avi Mex,fábrica,77,18.460934,-97.409407,https://mitehuacan.mx/?ruta=11
3,Elaboracion De Productos Quimicos Sin Nombre,fábrica,79,18.462396,-97.398962,https://mitehuacan.mx/?ruta=11
3,Carpinteria En General Roberts,fábrica,82,18.457532,-97.398116,https://mitehuacan.mx/?ruta=11
3,Disfraces Y Artesanias Salem,fábrica,84,18.463834,-97.398119,https://mitehuacan.mx/?ruta=11
3,Grupo Ciya Bordadora,fábrica,86,18.464047,-97.402813,https://mitehuacan.mx/?ruta=11
3,Bodega Maquiladora Sin Nombre,fábrica,91,18.450184,-97.403442,https://mitehuacan.mx/?ruta=11
3,Productos De Limpieza Clean Home,fábrica,91,18.450193,-97.403594,https://mitehuacan.mx/?ruta=11
3,Neveria Xolotl,fábrica,95,18.473772,-97.388486,https://mitehuacan.mx/?ruta=11
3,Confeccion De Camisa Roman,fábrica,97,18.456048,-97.401366,https://mitehuacan.mx/?ruta=11
3,Maquila Sin Nombre,fábrica,99,18.471705,-97.399717,https://mitehuacan.mx/?ruta=11
3,Helados Don Sebastian,fábrica,100,18.464226,-97.404117,https://mitehuacan.mx/?ruta=11
3,Exhibicion De Sastreria El Buen Vestir,fábrica,101,18.462244,-97.400307,https://mitehuacan.mx/?ruta=11
3,Tienda De Exhibicion De Trajes Black Prince,fábrica,101,18.462244,-97.400307,https://mitehuacan.mx/?ruta=11
3,Paleteria Y Neveria La Guadalupana,fábrica,102,18.4566,-97.391605,https://mitehuacan.mx/?ruta=11
3,Laboratorio De Medicamentos Veteriarios Desppo,fábrica,103,18.461164,-97.409394,https://mitehuacan.mx/?ruta=11
3,Maquiladora Josmar Camisa,fábrica,103,18.475725,-97.398563,https://mitehuacan.mx/?ruta=11
3,Compostura De Ropa Sin Nombre,fábrica,104,18.45739,-97.403219,https://mitehuacan.mx/?ruta=11
3,Taller De Costura Sin Nombre,fábrica,104,18.455398,-97.405867,https://mitehuacan.mx/?ruta=11
3,Helados Rosita,fábrica,105,18.456577,-97.391843,https://mitehuacan.mx/?ruta=11
3,Mosaico Moreno,fábrica,105,18.464873,-97.38848,https://mitehuacan.mx/?ruta=11
3,Artesanias Sierra,fábrica,106,18.477987,-97.397708,https://mitehuacan.mx/?ruta=11
3,Canteras Para Pisos Y Fachadas,fábrica,107,18.470349,-97.3884,https://mitehuacan.mx/?ruta=11
3,Bordados Dasha,fábrica,108,18.473326,-97.392712,https://mitehuacan.mx/?ruta=11
3,Neveria Xolotl,fábrica,108,18.469114,-97.397876,https://mitehuacan.mx/?ruta=11
3,Confecciones Ms,fábrica,111,18.459377,-97.406226,https://mitehuacan.mx/?ruta=11
3,Bordados San Miguel,fábrica,112,18.464279,-97.388424,https://mitehuacan.mx/?ruta=11
3,Elaboracion De Bolis Paradice,fábrica,112,18.456481,-97.390139,https://mitehuacan.mx/?ruta=11
3,Confeccion De Disfraces La Magia De Oz,fábrica,113,18.464677,-97.388407,https://mitehuacan.mx/?ruta=11
3,Confección En Serie De Camisas Sin Nombre,fábrica,114,18.470358,-97.391009,https://mitehuacan.mx/?ruta=11
3,Taller De Costura,fábrica,114,18.450041,-97.403888,https://mitehuacan.mx/?ruta=11
3,Bordados Alan,fábrica,115,18.473327,-97.392389,https://mitehuacan.mx/?ruta=11
3,Confesion De Prendas De Vestir Diseños Cr,fábrica,115,18.457372,-97.388515,https://mitehuacan.mx/?ruta=11
3,Flexicolor Lonas Y Anuncios,fábrica,117,18.470716,-97.391374,https://mitehuacan.mx/?ruta=11
3,Bordados R Y V,fábrica,118,18.473269,-97.392239,https://mitehuacan.mx/?ruta=11
3,Talabarteria La Silla Poblana,fábrica,118,18.460554,-97.390664,https://mitehuacan.mx/?ruta=11
3,Ali Confecciones,fábrica,124,18.457908,-97.397971,https://mitehuacan.mx/?ruta=11
3,Ali Confecciones Confecciona Todo Tipo De Prendas De Vestir ,fábrica,124,18.457908,-97.397971,https://mitehuacan.mx/?ruta=11
3,Confeccion De Ropa Sin Nombre,fábrica,125,18.464793,-97.388293,https://mitehuacan.mx/?ruta=11
3,Regalos Y Novedades Mochilas Maty,fábrica,129,18.461435,-97.390758,https://mitehuacan.mx/?ruta=11
3,Costurero Doña Luchita,fábrica,131,18.458481,-97.410792,https://mitehuacan.mx/?ruta=11
3,Maquiladora Confecciones Correra,fábrica,132,18.455441,-97.394272,https://mitehuacan.mx/?ruta=11
3,Helados Don Marce,fábrica,136,18.471896,-97.400057,https://mitehuacan.mx/?ruta=11
3,Nutre Y Fortalece De Mexico,fábrica,136,18.473971,-97.398956,https://mitehuacan.mx/?ruta=11
3,Bordadora Cardo,fábrica,140,18.47294,-97.392748,https://mitehuacan.mx/?ruta=11
3,Diseños Y Bordados Adry,fábrica,140,18.47294,-97.392748,https://mitehuacan.mx/?ruta=11
3,Bordadora Moltalvo,fábrica,143,18.454851,-97.403284,https://mitehuacan.mx/?ruta=11
3,Bordadoras Industriales,fábrica,144,18.455514,-97.398717,https://mitehuacan.mx/?ruta=11
3,Herreria Hernandez,fábrica,145,18.458047,-97.388217,https://mitehuacan.mx/?ruta=11
3,Elaboracion De Marmol Placido Arte En Onix,fábrica,146,18.450628,-97.407023,https://mitehuacan.mx/?ruta=11
3,Folders Company,fábrica,149,18.477355,-97.398904,https://mitehuacan.mx/?ruta=11
3,Bugambilia,garden,9,18.457136,-97.4095,https://mitehuacan.mx/?ruta=11
3,Flora de la Región,garden,40,18.457093,-97.409214,https://mitehuacan.mx/?ruta=11
3,Buganbilia,garden,55,18.459711,-97.408845,https://mitehuacan.mx/?ruta=11
3,Gasolinera Tehuacán,gasolinera,23,18.463432,-97.401876,https://mitehuacan.mx/?ruta=11
3,Centro De Desarrollo Psicomotor,guardería,4,18.463092,-97.39762,https://mitehuacan.mx/?ruta=11
3,Guarderia Baby S Keeper,guardería,17,18.463,-97.400164,https://mitehuacan.mx/?ruta=11
3,Centro De Atencion Infantil Karoline Meyer,guardería,29,18.45752,-97.409855,https://mitehuacan.mx/?ruta=11
3,Guarderia Imss 01 Tehuacan,guardería,53,18.473804,-97.393752,https://mitehuacan.mx/?ruta=11
3,Estancia Infantil El Mundo De Minev,guardería,67,18.471857,-97.399405,https://mitehuacan.mx/?ruta=11
3,Guarderia Amilu,guardería,77,18.455902,-97.393362,https://mitehuacan.mx/?ruta=11
3,Oficina Administrativa De Guarderia,guardería,88,18.473941,-97.392029,https://mitehuacan.mx/?ruta=11
3,Estancia Infantil Corazones Unidos,guardería,101,18.474925,-97.391333,https://mitehuacan.mx/?ruta=11
3,Estancia De Bienestar Y Desarrollo Infantil 184 Instituto De,guardería,118,18.471284,-97.39743,https://mitehuacan.mx/?ruta=11
3,Guarderia Itzya,guardería,120,18.457148,-97.404593,https://mitehuacan.mx/?ruta=11
3,Balconeria Sn,herrería,1,18.456214,-97.403884,https://mitehuacan.mx/?ruta=11
3,Herreria Sin Nombre,herrería,3,18.45782,-97.409594,https://mitehuacan.mx/?ruta=11
3,Balconeria Hernandez,herrería,5,18.46859,-97.389359,https://mitehuacan.mx/?ruta=11
3,Taller De Balconeria Express,herrería,26,18.465887,-97.389699,https://mitehuacan.mx/?ruta=11
3,Puertas Y Cortinas Automaticas Tehuacan,herrería,36,18.466834,-97.38978,https://mitehuacan.mx/?ruta=11
3,Herreria Balconeria Y Mantenimiento A Empresas,herrería,41,18.474692,-97.389933,https://mitehuacan.mx/?ruta=11
3,Puertas Automaticas Santa Ana,herrería,41,18.456353,-97.396562,https://mitehuacan.mx/?ruta=11
3,Balconeria Espindola,herrería,67,18.463677,-97.388865,https://mitehuacan.mx/?ruta=11
3,Balconeria Juquilita,herrería,75,18.455593,-97.403109,https://mitehuacan.mx/?ruta=11
3,Taller De Herreria Sin Nombre,herrería,85,18.476796,-97.398344,https://mitehuacan.mx/?ruta=11
3,Balconeria,herrería,86,18.476956,-97.393784,https://mitehuacan.mx/?ruta=11
3,Herreria Y Anuncios La Fragua,herrería,98,18.464876,-97.388547,https://mitehuacan.mx/?ruta=11
3,Vidrieria Vilum,herrería,103,18.473168,-97.392146,https://mitehuacan.mx/?ruta=11
3,Balconeria Jazzmany,herrería,104,18.465377,-97.400034,https://mitehuacan.mx/?ruta=11
3,Herreria Forja,herrería,117,18.450879,-97.408467,https://mitehuacan.mx/?ruta=11
3,Balconeria Y Herreria El Pollo,herrería,119,18.468895,-97.388269,https://mitehuacan.mx/?ruta=11
3,Fabricación De Productos De Herrería Sin Nombre,herrería,121,18.459238,-97.410671,https://mitehuacan.mx/?ruta=11
3,Balconeria Sin Nombre,herrería,123,18.450844,-97.406484,https://mitehuacan.mx/?ruta=11
3,Herreria Y Balconeria Fierros,herrería,128,18.472381,-97.399952,https://mitehuacan.mx/?ruta=11
3,Taller De Herreria Soldpay,herrería,135,18.470297,-97.391218,https://mitehuacan.mx/?ruta=11
3,Herreria Avendaño,herrería,137,18.461833,-97.398111,https://mitehuacan.mx/?ruta=11
3,Balconeria,herrería,145,18.450636,-97.407107,https://mitehuacan.mx/?ruta=11
3,Clinica Hospital Issste,hospital,0,18.472083,-97.398755,https://mitehuacan.mx/?ruta=11
3,Clinica San Fernando,hospital,4,18.457564,-97.392351,https://mitehuacan.mx/?ruta=11
3,Clinica Independencia,hospital,5,18.463072,-97.396928,https://mitehuacan.mx/?ruta=11
3,Hospital General De Zona Num 15 Del Imss,hospital,19,18.475216,-97.395941,https://mitehuacan.mx/?ruta=11
3,Unidad Medica De Tehuacan,hospital,54,18.457042,-97.392462,https://mitehuacan.mx/?ruta=11
3,Hospital Sanatorio Angeles De Tehuacan,hospital,91,18.455901,-97.396579,https://mitehuacan.mx/?ruta=11
3,Primera I.B.,iglesia,14,18.463189,-97.397883,https://mitehuacan.mx/?ruta=11
3,San Francisco,iglesia,66,18.462079,-97.39015,https://mitehuacan.mx/?ruta=11
3,Divino Salvador,iglesia,96,18.457675,-97.398449,https://mitehuacan.mx/?ruta=11
3,I.B. Emmanuel,iglesia,118,18.458579,-97.393472,https://mitehuacan.mx/?ruta=11
3,Servicio Panamericano de Protección SA de CV,insurance,72,18.47458,-97.392084,https://mitehuacan.mx/?ruta=11
3,Venta De Plata B O,joyería,8,18.457449,-97.391463,https://mitehuacan.mx/?ruta=11
3,Roalva Joyeria,joyería,22,18.463152,-97.396306,https://mitehuacan.mx/?ruta=11
3,Bodega De Novedades Yani,joyería,36,18.459987,-97.389902,https://mitehuacan.mx/?ruta=11
3,Joyeria Porto Fino,joyería,36,18.456402,-97.396674,https://mitehuacan.mx/?ruta=11
3,Euphoria Jewelry Joyeria Y Accesorios,joyería,48,18.457965,-97.392444,https://mitehuacan.mx/?ruta=11
3,Joyeria Mely,joyería,50,18.46296,-97.389987,https://mitehuacan.mx/?ruta=11
3,Joyeria Osorio,joyería,64,18.464835,-97.390085,https://mitehuacan.mx/?ruta=11
3,Joyeria Y Relojeria El Rubi,joyería,69,18.458504,-97.390238,https://mitehuacan.mx/?ruta=11
3,Venta De Plata Joyeria Jk,joyería,79,18.458543,-97.39033,https://mitehuacan.mx/?ruta=11
3,Venta De Joyeria Y Pedreria Jalisco,joyería,80,18.461501,-97.390292,https://mitehuacan.mx/?ruta=11
3,Novedades Electronica Y Novedades Mastr,joyería,93,18.462851,-97.390389,https://mitehuacan.mx/?ruta=11
3,Joyeria De Acero Sin Nombre,joyería,118,18.460645,-97.390664,https://mitehuacan.mx/?ruta=11
3,Venta De Plata Plata Linda,joyería,121,18.462859,-97.390654,https://mitehuacan.mx/?ruta=11
3,Venta De Reaglos Sin Nombre,joyería,121,18.462859,-97.390654,https://mitehuacan.mx/?ruta=11
3,Comercio De Regalos Reparacion De Articulos Personales Casa ,joyería,130,18.461789,-97.390759,https://mitehuacan.mx/?ruta=11
3,Tienda De Relojeria Y Joyeria Kairos,joyería,130,18.462078,-97.390761,https://mitehuacan.mx/?ruta=11
3,Tienda De Acero Sin Nombre,joyería,133,18.462731,-97.390773,https://mitehuacan.mx/?ruta=11
3,Relojeria Y Joyeria El Diamante,joyería,134,18.458919,-97.406737,https://mitehuacan.mx/?ruta=11
3,Relojeria Y Regalos Mary,joyería,144,18.461934,-97.390894,https://mitehuacan.mx/?ruta=11
3,Joyeria San Francisco,joyería,147,18.462052,-97.390919,https://mitehuacan.mx/?ruta=11
3,Venta De Carros De Coleccion Sin Nombre,juguetería,5,18.46859,-97.389359,https://mitehuacan.mx/?ruta=11
3,Venta De Materiales Didacticos Edu Mart,juguetería,7,18.457939,-97.389525,https://mitehuacan.mx/?ruta=11
3,Jugueteria,juguetería,10,18.45673,-97.398814,https://mitehuacan.mx/?ruta=11
3,Juguetes Y Regalos Lagunilla,juguetería,20,18.461863,-97.389341,https://mitehuacan.mx/?ruta=11
3,Tienda De Peluches El Gran Peluche,juguetería,22,18.464595,-97.389276,https://mitehuacan.mx/?ruta=11
3,Regalos Droopy,juguetería,62,18.463139,-97.395926,https://mitehuacan.mx/?ruta=11
3,Novedades Actitud,juguetería,88,18.461583,-97.390365,https://mitehuacan.mx/?ruta=11
3,Novedades Y Accesorios De Mexico,juguetería,115,18.458988,-97.390669,https://mitehuacan.mx/?ruta=11
3,Treasure Hunt Store,juguetería,121,18.4613,-97.408809,https://mitehuacan.mx/?ruta=11
3,Jugueteria La Lagunilla,juguetería,130,18.461671,-97.390759,https://mitehuacan.mx/?ruta=11
3,Accesorios Videojuegos Niky Games,juguetería,131,18.46235,-97.390762,https://mitehuacan.mx/?ruta=11
3,Jugueteria Magic Toys,juguetería,137,18.467385,-97.400236,https://mitehuacan.mx/?ruta=11
3,Laboratorio Genesys,laboratorio,0,18.4631,-97.398706,https://mitehuacan.mx/?ruta=11
3,Laboratorio Clinico Bioclif,laboratorio,5,18.469604,-97.389348,https://mitehuacan.mx/?ruta=11
3,Laboratorio De Analisis Clinicos,laboratorio,7,18.463321,-97.396443,https://mitehuacan.mx/?ruta=11
3,Laboratorio San Angel,laboratorio,7,18.466545,-97.389381,https://mitehuacan.mx/?ruta=11
3,Radiologia Medica De Tehuacan,laboratorio,8,18.46389,-97.396424,https://mitehuacan.mx/?ruta=11
3,Tehuacan 1 F095,laboratorio,17,18.463166,-97.396735,https://mitehuacan.mx/?ruta=11
3,Laboratorios Clinicos De Tehuacan,laboratorio,21,18.463283,-97.389305,https://mitehuacan.mx/?ruta=11
3,Uniformes Quirurgicos Rash,laboratorio,24,18.462819,-97.389289,https://mitehuacan.mx/?ruta=11
3,Laboratorio Clinico Innovalab,laboratorio,36,18.456402,-97.396674,https://mitehuacan.mx/?ruta=11
3,Laboratorio Clinico Cervantes,laboratorio,42,18.465052,-97.399461,https://mitehuacan.mx/?ruta=11
3,Venta De Uniformes Hospitalarios,laboratorio,43,18.45792,-97.392729,https://mitehuacan.mx/?ruta=11
3,Laboratorio Medico Del Chopo Sucursal Tehuacan,laboratorio,65,18.456944,-97.392465,https://mitehuacan.mx/?ruta=11
3,San Antonio Laboratorios,laboratorio,70,18.456094,-97.396685,https://mitehuacan.mx/?ruta=11
3,Laboratorio Clinicos De Tehuacan,laboratorio,74,18.463135,-97.395816,https://mitehuacan.mx/?ruta=11
3,Grupo Bioescaner,laboratorio,75,18.456049,-97.396687,https://mitehuacan.mx/?ruta=11
3,Laboratorio Homeopatia,laboratorio,76,18.464006,-97.404031,https://mitehuacan.mx/?ruta=11
3,Laboratorio De Analisis Clinicos,laboratorio,82,18.455896,-97.394362,https://mitehuacan.mx/?ruta=11
3,Centro De Radiodiagnostico Angeles De Tehuacan,laboratorio,83,18.455973,-97.396576,https://mitehuacan.mx/?ruta=11
3,Laboratorios Ab,laboratorio,97,18.462186,-97.39783,https://mitehuacan.mx/?ruta=11
3,Santa Fe Biolaboratorios,laboratorio,101,18.462244,-97.400307,https://mitehuacan.mx/?ruta=11
3,Bioavante Laboratorio Clinico,laboratorio,103,18.455796,-97.396697,https://mitehuacan.mx/?ruta=11
3,Venta De Uniformes Quirurgicos Pao,laboratorio,108,18.463124,-97.395494,https://mitehuacan.mx/?ruta=11
3,Laboratorio Clinico,laboratorio,109,18.473326,-97.392607,https://mitehuacan.mx/?ruta=11
3,Laboratorios De Analisis Clinicos Diagnostica,laboratorio,116,18.46074,-97.388449,https://mitehuacan.mx/?ruta=11
3,Diagnostica Hidalgo,laboratorio,124,18.455484,-97.393284,https://mitehuacan.mx/?ruta=11
3,Deposito Dental Dentstore,laboratorio,127,18.458659,-97.390787,https://mitehuacan.mx/?ruta=11
3,Laboratorio De Inyectores Jet-Plus,laboratorio,135,18.464539,-97.40401,https://mitehuacan.mx/?ruta=11
3,Servicio De Estudios Clinicos Eci,laboratorio,137,18.464951,-97.395195,https://mitehuacan.mx/?ruta=11
3,Deposito Dental,laboratorio,145,18.465881,-97.390828,https://mitehuacan.mx/?ruta=11
3,Imagen Ultrasonido,laboratorio,147,18.472948,-97.393873,https://mitehuacan.mx/?ruta=11
3,Lavanderia 360 Grados,lavandería,1,18.460172,-97.407822,https://mitehuacan.mx/?ruta=11
3,Lavanderia De Autoservicio Burbujas Tehuacan,lavandería,3,18.456941,-97.401005,https://mitehuacan.mx/?ruta=11
3,Lavanderia Y Planchaduria La Imperial,lavandería,5,18.469731,-97.389349,https://mitehuacan.mx/?ruta=11
3,Sastreria Emmanuel,lavandería,8,18.457446,-97.391321,https://mitehuacan.mx/?ruta=11
3,Renta De Lavadoras Sin Nombre,lavandería,9,18.47629,-97.397476,https://mitehuacan.mx/?ruta=11
3,Lavanderia Celawi,lavandería,11,18.469458,-97.398779,https://mitehuacan.mx/?ruta=11
3,Tinto Limp,lavandería,15,18.457002,-97.400016,https://mitehuacan.mx/?ruta=11
3,Lava Jean Tehuacan,lavandería,16,18.467193,-97.389274,https://mitehuacan.mx/?ruta=11
3,Tintoreria Rocio,lavandería,16,18.463242,-97.398715,https://mitehuacan.mx/?ruta=11
3,Lavanderia Optimus Clean,lavandería,26,18.465295,-97.397944,https://mitehuacan.mx/?ruta=11
3,Lavanderia Las Gladiolas,lavandería,27,18.463398,-97.400138,https://mitehuacan.mx/?ruta=11
3,Lavanderia Y Tintoreria Suprema,lavandería,27,18.474072,-97.38978,https://mitehuacan.mx/?ruta=11
3,Lavanderia Splash,lavandería,29,18.457719,-97.409844,https://mitehuacan.mx/?ruta=11
3,Tintoreria Puebla,lavandería,29,18.462837,-97.389792,https://mitehuacan.mx/?ruta=11
3,Lavado Y Planchado Wow,lavandería,30,18.46359,-97.404051,https://mitehuacan.mx/?ruta=11
3,Lavanderia De Autoservicio,lavandería,32,18.463692,-97.406223,https://mitehuacan.mx/?ruta=11
3,Tintoreria Tehuacan,lavandería,32,18.464819,-97.389175,https://mitehuacan.mx/?ruta=11
3,Lavanderia San Juditas,lavandería,38,18.474402,-97.390711,https://mitehuacan.mx/?ruta=11
3,Lavanderia Mama Mia,lavandería,40,18.466929,-97.389815,https://mitehuacan.mx/?ruta=11
3,Lavanderia Reforma,lavandería,54,18.476663,-97.393685,https://mitehuacan.mx/?ruta=11
3,Tintoreria Mexico,lavandería,65,18.466708,-97.397976,https://mitehuacan.mx/?ruta=11
3,Lavanderia Yolis,lavandería,73,18.456916,-97.40353,https://mitehuacan.mx/?ruta=11
3,Lavanderia Orange Cleaners,lavandería,84,18.455987,-97.392957,https://mitehuacan.mx/?ruta=11
3,Hego Wash,lavandería,87,18.460348,-97.410311,https://mitehuacan.mx/?ruta=11
3,Mc Queens Drinks,lavandería,91,18.464057,-97.402146,https://mitehuacan.mx/?ruta=11
3,Lavanderia Fresita,lavandería,93,18.472118,-97.399634,https://mitehuacan.mx/?ruta=11
3,Tintoreria Y Lavanderia Sarai,lavandería,93,18.457667,-97.398945,https://mitehuacan.mx/?ruta=11
3,Lavanderia Flash,lavandería,100,18.451047,-97.406705,https://mitehuacan.mx/?ruta=11
3,Genesis Planchaduria Y Costuras,lavandería,106,18.468381,-97.397911,https://mitehuacan.mx/?ruta=11
3,Tintoreria Elegance,lavandería,114,18.455604,-97.394267,https://mitehuacan.mx/?ruta=11
3,Lavanderia City Wash,lavandería,115,18.474616,-97.398731,https://mitehuacan.mx/?ruta=11
3,Lavanderia Perfect Wash,lavandería,124,18.465954,-97.388283,https://mitehuacan.mx/?ruta=11
3,Lavanderia De Autoservicio Speed Queen,lavandería,130,18.450067,-97.404733,https://mitehuacan.mx/?ruta=11
3,Tintorerias Tehuacan,lavandería,137,18.467385,-97.400236,https://mitehuacan.mx/?ruta=11
3,Lavanderia Las Vias,lavandería,140,18.464456,-97.40102,https://mitehuacan.mx/?ruta=11
3,Libreria El Acertijo,librería,6,18.463068,-97.396776,https://mitehuacan.mx/?ruta=11
3,Libreria Promade,librería,54,18.466841,-97.389951,https://mitehuacan.mx/?ruta=11
3,Distribuidora Editorial Books Land,librería,72,18.456871,-97.391599,https://mitehuacan.mx/?ruta=11
3,Tacos De Camaron Y Pescado Culichis En Tehuacan,mariscos,15,18.460128,-97.406789,https://mitehuacan.mx/?ruta=11
3,Marisqueria Puerto Escondido,mariscos,20,18.456933,-97.397188,https://mitehuacan.mx/?ruta=11
3,Restaurant De Mariscos El Peladito,mariscos,27,18.463647,-97.406226,https://mitehuacan.mx/?ruta=11
3,Marisqueria La Barra De Alvarado,mariscos,44,18.457337,-97.401788,https://mitehuacan.mx/?ruta=11
3,Restaurant Bar Santander,mariscos,52,18.46459,-97.39798,https://mitehuacan.mx/?ruta=11
3,Cevicheria,mariscos,76,18.464049,-97.405157,https://mitehuacan.mx/?ruta=11
3,La Bamba Grill,mariscos,79,18.462645,-97.405136,https://mitehuacan.mx/?ruta=11
3,Venta De Verduras El Chino,mariscos,79,18.457722,-97.408825,https://mitehuacan.mx/?ruta=11
3,Marisqueria Playa Encantada,mariscos,124,18.462183,-97.403874,https://mitehuacan.mx/?ruta=11
3,Restaurante De Mariscos El Coral,mariscos,145,18.458831,-97.391449,https://mitehuacan.mx/?ruta=11
3,Estacionamiento Exclusivo Para Marisqueria Puerto Escondido,mariscos,147,18.464653,-97.404243,https://mitehuacan.mx/?ruta=11
3,Pabsa Mascotas,mascotas,1,18.47505,-97.392773,https://mitehuacan.mx/?ruta=11
3,Veterinaria Pacheco,mascotas,1,18.459637,-97.409516,https://mitehuacan.mx/?ruta=11
3,Huesitos Veterinaria,mascotas,2,18.473233,-97.39008,https://mitehuacan.mx/?ruta=11
3,Veterinaria Sarabia,mascotas,5,18.469731,-97.389349,https://mitehuacan.mx/?ruta=11
3,Nutrimentos Purina,mascotas,7,18.462219,-97.389458,https://mitehuacan.mx/?ruta=11
3,Tienda De Accesorios Para Mascotas El Canario De Oro,mascotas,7,18.463115,-97.389438,https://mitehuacan.mx/?ruta=11
3,Tienda Para Mascotas El Canario De Oro,mascotas,7,18.461631,-97.389464,https://mitehuacan.mx/?ruta=11
3,Veterinaria Sin Nombre,mascotas,9,18.459576,-97.389484,https://mitehuacan.mx/?ruta=11
3,Tienda De Accesorios Para Mascota Tu Amigo Fiel Th,mascotas,19,18.458415,-97.389407,https://mitehuacan.mx/?ruta=11
3,Acuario Fish Paradise,mascotas,24,18.457302,-97.391484,https://mitehuacan.mx/?ruta=11
3,Compra Venta De Alimentos Y Accesorios Para Aves El Piolin,mascotas,35,18.457807,-97.390242,https://mitehuacan.mx/?ruta=11
3,Compra Venta De Articulos Para Mascotas Pet Shop Company,mascotas,48,18.463143,-97.396062,https://mitehuacan.mx/?ruta=11
3,Veterinaria Tqa Can,mascotas,51,18.474048,-97.388904,https://mitehuacan.mx/?ruta=11
3,Acuario La Sirenita,mascotas,54,18.465153,-97.399581,https://mitehuacan.mx/?ruta=11
3,Veterinaria Consentido,mascotas,54,18.463604,-97.399188,https://mitehuacan.mx/?ruta=11
3,Plasticos Erandi,mascotas,55,18.458017,-97.391472,https://mitehuacan.mx/?ruta=11
3,Veterinaria El Granero,mascotas,55,18.455881,-97.40921,https://mitehuacan.mx/?ruta=11
3,Veterinaria Sin Nombre,mascotas,64,18.460811,-97.409413,https://mitehuacan.mx/?ruta=11
3,Venta De Accesorios Bull Max Shop,mascotas,86,18.463969,-97.401075,https://mitehuacan.mx/?ruta=11
3,Acuario Biosfera,mascotas,94,18.456581,-97.405487,https://mitehuacan.mx/?ruta=11
3,Orus Acuario,mascotas,110,18.478462,-97.391248,https://mitehuacan.mx/?ruta=11
3,Venta De Alimentos Para Mascotas Pet Shop,mascotas,111,18.467173,-97.397739,https://mitehuacan.mx/?ruta=11
3,Acuario Agua Vida,mascotas,115,18.462782,-97.388427,https://mitehuacan.mx/?ruta=11
3,Tienda De Accesorios Para Mascotas Sin Nombre,mascotas,125,18.459597,-97.390751,https://mitehuacan.mx/?ruta=11
3,Venta De Accesorios Para Mascotas Spa Y Pet Shop Mascotiland,mascotas,138,18.458769,-97.391143,https://mitehuacan.mx/?ruta=11
3,Distribuidor De Plafones De Tehuacan,materiales,72,18.471534,-97.399477,https://mitehuacan.mx/?ruta=11
3,Lacteos Buenos,mayoreo,1,18.475217,-97.390371,https://mitehuacan.mx/?ruta=11
3,Recicladora La Familia,mayoreo,1,18.456252,-97.403753,https://mitehuacan.mx/?ruta=11
3,Servicios Leal,mayoreo,2,18.474634,-97.392784,https://mitehuacan.mx/?ruta=11
3,Comercializadora De Maderas El Riego,mayoreo,3,18.458489,-97.409571,https://mitehuacan.mx/?ruta=11
3,Compra De Fierro Viejo,mayoreo,4,18.476511,-97.39759,https://mitehuacan.mx/?ruta=11
3,Gumosa Distribuidora,mayoreo,4,18.456625,-97.394896,https://mitehuacan.mx/?ruta=11
3,Centro De Pinturas Doal,mayoreo,5,18.463214,-97.400424,https://mitehuacan.mx/?ruta=11
3,Extintores Mg,mayoreo,5,18.465104,-97.397865,https://mitehuacan.mx/?ruta=11
3,Proveedor De Materiales E Impermeabilizantes De Tehuacan,mayoreo,5,18.476573,-97.396917,https://mitehuacan.mx/?ruta=11
3,Mecatronica Inv Inc,mayoreo,6,18.468002,-97.38936,https://mitehuacan.mx/?ruta=11
3,Compra Venta De Equipo De Computo Newcomp,mayoreo,7,18.463393,-97.396441,https://mitehuacan.mx/?ruta=11
3,Suministros Graficos De Tehuacan,mayoreo,7,18.465848,-97.389387,https://mitehuacan.mx/?ruta=11
3,Tienda De Tintas Para Imprenta Tinta Y Color Para Las Artes ,mayoreo,7,18.465694,-97.389389,https://mitehuacan.mx/?ruta=11
3,Electronica Vega,mayoreo,9,18.457422,-97.390392,https://mitehuacan.mx/?ruta=11
3,Venta De Plasticos Y Desechables Plastiteh,mayoreo,10,18.460912,-97.406791,https://mitehuacan.mx/?ruta=11
3,Distribuidora De Quimicos Paraiso Productos Para Fumigacion,mayoreo,13,18.457069,-97.402035,https://mitehuacan.mx/?ruta=11
3,Ciad Mobiliario Venta Mobiliario Escolar,mayoreo,16,18.463224,-97.398289,https://mitehuacan.mx/?ruta=11
3,Comercio De Accesorios De Computo Soluciones Tecnologicas Gm,mayoreo,19,18.457809,-97.389412,https://mitehuacan.mx/?ruta=11
3,Venta De Maquinaria Textil Sin Nombre,mayoreo,20,18.456457,-97.394345,https://mitehuacan.mx/?ruta=11
3,Venta De Focos Y Luminaria Distribuciones Jorrta,mayoreo,21,18.462659,-97.389321,https://mitehuacan.mx/?ruta=11
3,Venta De Triplay Y Ferreteria El Nogal Tepole,mayoreo,21,18.463479,-97.403366,https://mitehuacan.mx/?ruta=11
3,Ricoh,mayoreo,23,18.463612,-97.406302,https://mitehuacan.mx/?ruta=11
3,Venta De Equipamiento Hidraulico Aquatodo,mayoreo,23,18.463612,-97.406302,https://mitehuacan.mx/?ruta=11
3,Reciclaje El Iman,mayoreo,27,18.458614,-97.409801,https://mitehuacan.mx/?ruta=11
3,Infra,mayoreo,28,18.463581,-97.40432,https://mitehuacan.mx/?ruta=11
3,Abastecedora Electrica,mayoreo,33,18.456936,-97.394313,https://mitehuacan.mx/?ruta=11
3,Bodega De Musical Sinfonia,mayoreo,36,18.460078,-97.389897,https://mitehuacan.mx/?ruta=11
3,Ferretera Arriaga,mayoreo,39,18.462923,-97.389143,https://mitehuacan.mx/?ruta=11
3,Recicladora Un Mundo Mejor,mayoreo,42,18.473902,-97.388983,https://mitehuacan.mx/?ruta=11
3,Venta De Lonas Sanmi,mayoreo,47,18.457097,-97.391594,https://mitehuacan.mx/?ruta=11
3,Barnices Otto,mayoreo,49,18.458608,-97.389118,https://mitehuacan.mx/?ruta=11
3,Compra De Desperdicio Social,mayoreo,49,18.464894,-97.389011,https://mitehuacan.mx/?ruta=11
3,Sifusa Fumigaciones,mayoreo,49,18.460676,-97.40942,https://mitehuacan.mx/?ruta=11
3,El Nogal Tepole,mayoreo,51,18.47151,-97.39127,https://mitehuacan.mx/?ruta=11
3,Plastika,mayoreo,53,18.457049,-97.392746,https://mitehuacan.mx/?ruta=11
3,Venta De Articulos De Seguridad Industrial Edi Max Extintore,mayoreo,55,18.457023,-97.391193,https://mitehuacan.mx/?ruta=11
3,Compra Venta De Desperdicios Industriales Sin Nombre,mayoreo,70,18.457499,-97.399955,https://mitehuacan.mx/?ruta=11
3,Medicine Depot,mayoreo,71,18.46379,-97.397179,https://mitehuacan.mx/?ruta=11
3,Venta De Insumos Publicitarios Mundo Cerigrafico,mayoreo,71,18.465056,-97.399736,https://mitehuacan.mx/?ruta=11
3,Bodega De Materiales Reciclados Sin Nombre,mayoreo,72,18.473355,-97.398385,https://mitehuacan.mx/?ruta=11
3,El Nogal Tepole,mayoreo,72,18.47122,-97.391271,https://mitehuacan.mx/?ruta=11
3,Compra Venta De Materiales De Reciclados,mayoreo,73,18.456916,-97.40353,https://mitehuacan.mx/?ruta=11
3,Construcasa,mayoreo,73,18.456925,-97.40332,https://mitehuacan.mx/?ruta=11
3,Triplay Market,mayoreo,74,18.462561,-97.402083,https://mitehuacan.mx/?ruta=11
3,Miscelanea Y Ferreteria Y Materiales Para Costruccion Sucurs,mayoreo,77,18.455564,-97.403311,https://mitehuacan.mx/?ruta=11
3,Compra Venta De Materia Prima Para Ropa,mayoreo,81,18.451009,-97.405463,https://mitehuacan.mx/?ruta=11
3,Tienda De Insumos Para Purificadoras Marpa,mayoreo,81,18.467279,-97.398171,https://mitehuacan.mx/?ruta=11
3,Carnemart,mayoreo,86,18.458694,-97.388762,https://mitehuacan.mx/?ruta=11
3,Hidrocomercializaciones De Tehuacan,mayoreo,89,18.473501,-97.392731,https://mitehuacan.mx/?ruta=11
3,Madereria La Casa Del Carpintero,mayoreo,90,18.474314,-97.388523,https://mitehuacan.mx/?ruta=11
3,Distribuidora Erco,mayoreo,93,18.462281,-97.399298,https://mitehuacan.mx/?ruta=11
3,Refrigeracion Basculas Y Equipos Comerciales Rebecsa,mayoreo,98,18.458401,-97.393383,https://mitehuacan.mx/?ruta=11
3,Grupo Conpremex,mayoreo,102,18.46026,-97.410462,https://mitehuacan.mx/?ruta=11
3,Servicios Electricos,mayoreo,104,18.472981,-97.399442,https://mitehuacan.mx/?ruta=11
3,Gnava Electroconstructora Bodega,mayoreo,106,18.471612,-97.392275,https://mitehuacan.mx/?ruta=11
3,Madelara,mayoreo,106,18.473618,-97.391241,https://mitehuacan.mx/?ruta=11
3,Recicladora El Roble,mayoreo,110,18.464151,-97.400209,https://mitehuacan.mx/?ruta=11
3,Distribuidora Papelera Barza,mayoreo,111,18.46496,-97.395441,https://mitehuacan.mx/?ruta=11
3,Oficina De Administracion De Insumos Para Purificadoras Marp,mayoreo,111,18.467173,-97.397739,https://mitehuacan.mx/?ruta=11
3,Venta De Maquinaria Usada Sin Nombre,mayoreo,114,18.455586,-97.393983,https://mitehuacan.mx/?ruta=11
3,Gnava Electroconstructora,mayoreo,115,18.473266,-97.392738,https://mitehuacan.mx/?ruta=11
3,Ari Poc Recubrimientos Sherwin Williams,mayoreo,118,18.468776,-97.397788,https://mitehuacan.mx/?ruta=11
3,Sala De Exhibicion De Circulo B,mayoreo,121,18.462859,-97.390654,https://mitehuacan.mx/?ruta=11
3,Maquinas De Coser Sin Nombre,mayoreo,125,18.455501,-97.394251,https://mitehuacan.mx/?ruta=11
3,Recicladora Sin Nombre,mayoreo,126,18.47865,-97.390022,https://mitehuacan.mx/?ruta=11
3,Venta De Marcos De Madera Marcos Tehuacan,mayoreo,128,18.458681,-97.39145,https://mitehuacan.mx/?ruta=11
3,Materiales Para Construccion Sanchez,mayoreo,129,18.455091,-97.403526,https://mitehuacan.mx/?ruta=11
3,Refrigeracion Basculas Y Equipos Comerciales,mayoreo,129,18.458692,-97.391933,https://mitehuacan.mx/?ruta=11
3,Ventade Maquinas Textiles Macointeh,mayoreo,134,18.458506,-97.394128,https://mitehuacan.mx/?ruta=11
3,Electronica Sin Nombre,mayoreo,135,18.45635,-97.410995,https://mitehuacan.mx/?ruta=11
3,Compra-Venta De Reciclaje,mayoreo,136,18.47577,-97.398866,https://mitehuacan.mx/?ruta=11
3,Bodega De Gnavaelectrocontructura,mayoreo,138,18.472886,-97.39275,https://mitehuacan.mx/?ruta=11
3,Venta De Refacciones Para Maquinas De Coser Calderi Tehuacan,mayoreo,138,18.458473,-97.394237,https://mitehuacan.mx/?ruta=11
3,Abastecedora Electrica Sin Nombre,mayoreo,139,18.458779,-97.391418,https://mitehuacan.mx/?ruta=11
3,Proveedora Remco De Tehuacan,mayoreo,139,18.45856,-97.394127,https://mitehuacan.mx/?ruta=11
3,Farmadist Otc Tehuacan,mayoreo,140,18.47294,-97.392748,https://mitehuacan.mx/?ruta=11
3,Hospitalar Proovedora De Insumos Medicos,mayoreo,140,18.47294,-97.392748,https://mitehuacan.mx/?ruta=11
3,Tienda De Refacciones Agromaq Del Sur,mayoreo,140,18.458796,-97.392129,https://mitehuacan.mx/?ruta=11
3,Grupo Conpremex,mayoreo,141,18.470389,-97.391377,https://mitehuacan.mx/?ruta=11
3,Universal Mexico Central Mx,mayoreo,141,18.458505,-97.394236,https://mitehuacan.mx/?ruta=11
3,Reciclaje El Iman,mayoreo,142,18.458512,-97.410895,https://mitehuacan.mx/?ruta=11
3,Sinergia Materiales Publicitarios,mayoreo,147,18.466878,-97.390832,https://mitehuacan.mx/?ruta=11
3,Articulos Para El Hogar Dehogar,mayoreo,148,18.45884,-97.393636,https://mitehuacan.mx/?ruta=11
3,Botica Herbolaria San Ildefonso,mayoreo,149,18.458751,-97.393961,https://mitehuacan.mx/?ruta=11
3,Lic. Benito Juarez,mercado,130,18.455695,-97.399986,https://mitehuacan.mx/?ruta=11
3,Estambres Rosy,mercería,4,18.472224,-97.391543,https://mitehuacan.mx/?ruta=11
3,Venta De Insumos Para Camisas Sin Nombre,mercería,15,18.461364,-97.406719,https://mitehuacan.mx/?ruta=11
3,El Globito,mercería,22,18.463771,-97.389291,https://mitehuacan.mx/?ruta=11
3,Venta De Cierres Zipper Depot,mercería,26,18.456391,-97.394243,https://mitehuacan.mx/?ruta=11
3,Venta De Recuerdos Y Regalos,mercería,61,18.465895,-97.398011,https://mitehuacan.mx/?ruta=11
3,Hilos Lobo,mercería,82,18.457511,-97.394165,https://mitehuacan.mx/?ruta=11
3,El Globito,mercería,95,18.458382,-97.391574,https://mitehuacan.mx/?ruta=11
3,Merceria Telas Del Centro,mercería,96,18.457765,-97.394258,https://mitehuacan.mx/?ruta=11
3,Entre Costuras Merceria,mercería,109,18.458509,-97.391574,https://mitehuacan.mx/?ruta=11
3,Venta De Estambre Sin Nombre,mercería,121,18.478526,-97.391712,https://mitehuacan.mx/?ruta=11
3,Comercializadora Reforma,mercería,125,18.45831,-97.394238,https://mitehuacan.mx/?ruta=11
3,Estambres El Patito,mercería,125,18.459416,-97.390752,https://mitehuacan.mx/?ruta=11
3,Hilos Y Cordeles San Pablo,mercería,127,18.458673,-97.391232,https://mitehuacan.mx/?ruta=11
3,Merceria Javier Heriberto Velasco Recio,mercería,133,18.458724,-97.393156,https://mitehuacan.mx/?ruta=11
3,Venta De Cierres Y Botones Creaciones Andy,mercería,141,18.458578,-97.394127,https://mitehuacan.mx/?ruta=11
3,Rm Renta De Maquinaria,minera,27,18.458921,-97.409786,https://mitehuacan.mx/?ruta=11
3,Taller De Motos Scooter Y Motos,motos,1,18.464988,-97.396845,https://mitehuacan.mx/?ruta=11
3,Motomat,motos,3,18.47693,-97.39264,https://mitehuacan.mx/?ruta=11
3,Vento Motorcycles Usa,motos,3,18.458037,-97.409587,https://mitehuacan.mx/?ruta=11
3,Motos Y Refacciones Economicas De Tehuacan,motos,4,18.465136,-97.398652,https://mitehuacan.mx/?ruta=11
3,Refaccionaria Arellano,motos,6,18.471119,-97.390342,https://mitehuacan.mx/?ruta=11
3,Moto Max,motos,8,18.472454,-97.391062,https://mitehuacan.mx/?ruta=11
3,Dinamo Sucursal Tehuacan Puebla,motos,9,18.464359,-97.3894,https://mitehuacan.mx/?ruta=11
3,De Los Angeles Motors Venta De Motos Yamaha,motos,16,18.45649,-97.39424,https://mitehuacan.mx/?ruta=11
3,Motogama,motos,21,18.463472,-97.403197,https://mitehuacan.mx/?ruta=11
3,De Los Santos Ibershop,motos,28,18.477604,-97.39272,https://mitehuacan.mx/?ruta=11
3,Taller Repacion Katos Taller Y Moto Partes,motos,28,18.465846,-97.399273,https://mitehuacan.mx/?ruta=11
3,Taller De Motocicletas Sin Nombfre,motos,34,18.450807,-97.404009,https://mitehuacan.mx/?ruta=11
3,Reparacion De Motocicletas Sin Nombre,motos,47,18.456466,-97.400528,https://mitehuacan.mx/?ruta=11
3,Montes Service,motos,56,18.451031,-97.405213,https://mitehuacan.mx/?ruta=11
3,Moto Mik Venta De Refacciones Y Servicios Para Motocicletas,motos,67,18.45757,-97.402301,https://mitehuacan.mx/?ruta=11
3,Taller De Motos Sin Nombre,motos,78,18.474372,-97.388644,https://mitehuacan.mx/?ruta=11
3,Motocicletas Italika Distribuidor,motos,82,18.457456,-97.394168,https://mitehuacan.mx/?ruta=11
3,Motocicletas Dinamo Taller,motos,92,18.464878,-97.388603,https://mitehuacan.mx/?ruta=11
3,Taller De Servicio Y Reparaciones Venegas Moto Garage,motos,94,18.472046,-97.399649,https://mitehuacan.mx/?ruta=11
3,Del Valle Motos Y Refacciones,motos,96,18.461099,-97.409635,https://mitehuacan.mx/?ruta=11
3,Venta De Motocicletas Motocool Zmoto,motos,96,18.462362,-97.402092,https://mitehuacan.mx/?ruta=11
3,Moto Servicio Refacciones Tehuacan,motos,102,18.473158,-97.392137,https://mitehuacan.mx/?ruta=11
3,Moto Servicio Dunlop,motos,109,18.466844,-97.388404,https://mitehuacan.mx/?ruta=11
3,Servicio De Motos Emmanuel,motos,131,18.4694,-97.40013,https://mitehuacan.mx/?ruta=11
3,Taller Leyra Motos,motos,137,18.468126,-97.400218,https://mitehuacan.mx/?ruta=11
3,Taller De Motos Montoro,motos,150,18.454726,-97.402859,https://mitehuacan.mx/?ruta=11
3,Agencia De Viajes In Visa,negocio,0,18.463803,-97.396509,https://mitehuacan.mx/?ruta=11
3,Despacho Juridico Consultores Juridicos Laborales,negocio,0,18.464137,-97.396498,https://mitehuacan.mx/?ruta=11
3,Despacho Juridico Sin Nombre,negocio,0,18.46337,-97.405343,https://mitehuacan.mx/?ruta=11
3,Escalanda,negocio,0,18.473626,-97.397691,https://mitehuacan.mx/?ruta=11
3,Bio Pura,negocio,1,18.471378,-97.398808,https://mitehuacan.mx/?ruta=11
3,Bodega De Autobuses Ado,negocio,1,18.463284,-97.403477,https://mitehuacan.mx/?ruta=11
3,Estacionamiento De Autobuses De Oriente,negocio,1,18.463284,-97.403482,https://mitehuacan.mx/?ruta=11
3,Ginmasio Platinum,negocio,1,18.460241,-97.409423,https://mitehuacan.mx/?ruta=11
3,Marimba Orquesta Cruz Conchita,negocio,1,18.456214,-97.403884,https://mitehuacan.mx/?ruta=11
3,Victorious Crossfit,negocio,1,18.471053,-97.398822,https://mitehuacan.mx/?ruta=11
3,Amistad De Tehuacan,negocio,2,18.469046,-97.398913,https://mitehuacan.mx/?ruta=11
3,Estacionamiento Sin Nombre,negocio,2,18.457535,-97.390919,https://mitehuacan.mx/?ruta=11
3,Iglesia Bautista Biblica,negocio,2,18.464725,-97.396477,https://mitehuacan.mx/?ruta=11
3,Imprenta Dsprit,negocio,2,18.464994,-97.39711,https://mitehuacan.mx/?ruta=11
3,Oficinas De Inegi,negocio,2,18.457536,-97.390938,https://mitehuacan.mx/?ruta=11
3,Panaderia Artesanal Sin Nombre,negocio,2,18.456692,-97.396241,https://mitehuacan.mx/?ruta=11
3,Purificadora De Agua Claro,negocio,2,18.455425,-97.40972,https://mitehuacan.mx/?ruta=11
3,Rectificadora Y Reconstructora De Cabezas,negocio,2,18.471756,-97.390821,https://mitehuacan.mx/?ruta=11
3,Supervision Escolar Zona 022 Tehuacan,negocio,2,18.456837,-97.39965,https://mitehuacan.mx/?ruta=11
3,Syr Sport,negocio,2,18.474969,-97.392775,https://mitehuacan.mx/?ruta=11
3,Click Impresion Digital,negocio,3,18.457555,-97.391782,https://mitehuacan.mx/?ruta=11
3,Construccion Y Topografia De Tehuacan,negocio,3,18.473725,-97.389371,https://mitehuacan.mx/?ruta=11
3,Ermita De La Santa Cruz,negocio,3,18.456962,-97.401554,https://mitehuacan.mx/?ruta=11
3,Impresion Digital Duo Impresion,negocio,3,18.465009,-97.397489,https://mitehuacan.mx/?ruta=11
3,La Pan Expendio De Pan,negocio,3,18.456971,-97.401801,https://mitehuacan.mx/?ruta=11
3,Oficinas De Administracion De Plaza Victoria,negocio,3,18.458037,-97.409587,https://mitehuacan.mx/?ruta=11
3,Panaderia Panesteria,negocio,3,18.453577,-97.409661,https://mitehuacan.mx/?ruta=11
3,Salon La Quintita,negocio,3,18.474022,-97.389355,https://mitehuacan.mx/?ruta=11
3,Servicio De Radiadores El Chivo,negocio,3,18.457525,-97.390502,https://mitehuacan.mx/?ruta=11
3,Sindicato De Telefonistas De La Republica Mexicana Seccion 4,negocio,3,18.46582,-97.398591,https://mitehuacan.mx/?ruta=11
3,Gimnasio,negocio,4,18.474303,-97.394358,https://mitehuacan.mx/?ruta=11
3,Imprenta Contrapunto,negocio,4,18.465022,-97.397849,https://mitehuacan.mx/?ruta=11
3,Liga De Futbol Fodetac Asociacion,negocio,4,18.453162,-97.408844,https://mitehuacan.mx/?ruta=11
3,Lledias Abogado,negocio,4,18.468142,-97.398958,https://mitehuacan.mx/?ruta=11
3,Panaderia Pasteleria Sari,negocio,4,18.456659,-97.393463,https://mitehuacan.mx/?ruta=11
3,Seguros Mapfre Mexico,negocio,4,18.463094,-97.397658,https://mitehuacan.mx/?ruta=11
3,Supervision De Bachilleratos Generales Ajalpan Puebla Zona E,negocio,4,18.457487,-97.393131,https://mitehuacan.mx/?ruta=11
3,Taller De Diseño Grafico Y Recuerdos,negocio,4,18.45663,-97.395,https://mitehuacan.mx/?ruta=11
3,Cancha De Futbol Joga Bonito,negocio,5,18.468291,-97.389359,https://mitehuacan.mx/?ruta=11
3,Centro De Impresion Infini Color,negocio,5,18.463122,-97.398226,https://mitehuacan.mx/?ruta=11
3,Eventos Con Elegancia Festum,negocio,5,18.465249,-97.399102,https://mitehuacan.mx/?ruta=11
3,Graficos Publip Print,negocio,5,18.46558,-97.398977,https://mitehuacan.mx/?ruta=11
3,Renta De Trajes Paris,negocio,5,18.463147,-97.398813,https://mitehuacan.mx/?ruta=11
3,Taller De Torno Inmepoga,negocio,5,18.463217,-97.400509,https://mitehuacan.mx/?ruta=11
3,Alquiladora De Mesas Y Sillas,negocio,6,18.45384,-97.405094,https://mitehuacan.mx/?ruta=11
3,Despacho Sin Nombre,negocio,6,18.472369,-97.397943,https://mitehuacan.mx/?ruta=11
3,Imprenta Ecolobag Publicidad,negocio,6,18.465089,-97.397439,https://mitehuacan.mx/?ruta=11
3,Jm Publicidad,negocio,6,18.476105,-97.3938,https://mitehuacan.mx/?ruta=11
3,Rastro Municipal,negocio,6,18.456738,-97.398188,https://mitehuacan.mx/?ruta=11
3,Renta De Trajes Alex,negocio,6,18.463065,-97.396691,https://mitehuacan.mx/?ruta=11
3,Diseño E Impresiones Camaleon,negocio,7,18.4664,-97.389382,https://mitehuacan.mx/?ruta=11
3,Estacionamiento Los Barateros,negocio,7,18.458247,-97.389523,https://mitehuacan.mx/?ruta=11
3,Estacionamiento Publico Tehuacan,negocio,7,18.458401,-97.389521,https://mitehuacan.mx/?ruta=11
3,Kaf Publicidad Imprenta,negocio,7,18.465081,-97.397202,https://mitehuacan.mx/?ruta=11
3,Purificadora De Agua Vive Sanamente,negocio,7,18.457459,-97.392041,https://mitehuacan.mx/?ruta=11
3,Renta De Disfraces Show Time,negocio,7,18.465784,-97.389388,https://mitehuacan.mx/?ruta=11
3,Tapiceria Automotriz Plus,negocio,7,18.456757,-97.398814,https://mitehuacan.mx/?ruta=11
3,Tehuacan Spininng Center,negocio,7,18.465766,-97.389388,https://mitehuacan.mx/?ruta=11
3,Transportes Turisticos Tehuacan Cuicatlan,negocio,7,18.458247,-97.389523,https://mitehuacan.mx/?ruta=11
3,Agencia De Viajes Smart Sender,negocio,8,18.463746,-97.39643,https://mitehuacan.mx/?ruta=11
3,Alcoholicos Anonimos,negocio,8,18.46126,-97.389467,https://mitehuacan.mx/?ruta=11
3,Bar Los Dragones,negocio,8,18.457603,-97.392735,https://mitehuacan.mx/?ruta=11
3,Consultorio De Pensiones,negocio,8,18.465819,-97.399082,https://mitehuacan.mx/?ruta=11
3,Despacho De Abogado,negocio,8,18.463793,-97.389416,https://mitehuacan.mx/?ruta=11
3,Gimnasio Gym,negocio,8,18.457603,-97.392735,https://mitehuacan.mx/?ruta=11
3,Imprenta Centro Grafico Tehuacan,negocio,8,18.456238,-97.402319,https://mitehuacan.mx/?ruta=11
3,Oficina 2 15 Cafe Y Negocios,negocio,8,18.464944,-97.397131,https://mitehuacan.mx/?ruta=11
3,Panaderia Dulce Paraiso,negocio,8,18.476269,-97.392648,https://mitehuacan.mx/?ruta=11
3,Panificadora San Francisco De Asis,negocio,8,18.460536,-97.389475,https://mitehuacan.mx/?ruta=11
3,Aseguradora Metlife,negocio,9,18.463021,-97.398782,https://mitehuacan.mx/?ruta=11
3,Centro De Zumba,negocio,9,18.465059,-97.396529,https://mitehuacan.mx/?ruta=11
3,Diseñografico Limon,negocio,9,18.457404,-97.389842,https://mitehuacan.mx/?ruta=11
3,Dralions Fitness And Gym,negocio,9,18.476371,-97.397472,https://mitehuacan.mx/?ruta=11
3,Estacionamiento Angel,negocio,9,18.457442,-97.391188,https://mitehuacan.mx/?ruta=11
3,Gimnacio Tiger Gym,negocio,9,18.457442,-97.391188,https://mitehuacan.mx/?ruta=11
3,Postal Impresion Digital,negocio,9,18.456578,-97.395027,https://mitehuacan.mx/?ruta=11
3,Iglesia De Jesucristo De Los Santos De Los Ultimos Dias,negocio,10,18.474361,-97.394053,https://mitehuacan.mx/?ruta=11
3,Liga De Futbol De Tehuacan,negocio,10,18.474335,-97.395188,https://mitehuacan.mx/?ruta=11
3,Lijado De Prendas,negocio,10,18.47417,-97.394476,https://mitehuacan.mx/?ruta=11
3,Purificadora De Agua Grandin,negocio,10,18.475114,-97.397522,https://mitehuacan.mx/?ruta=11
3,Renta De Mobiliario Eventehu,negocio,10,18.468997,-97.398802,https://mitehuacan.mx/?ruta=11
3,Un Mundo De Creatividad,negocio,10,18.467318,-97.398844,https://mitehuacan.mx/?ruta=11
3,Servicio De Alineacion Y Balanceo Danny,negocio,11,18.456873,-97.397648,https://mitehuacan.mx/?ruta=11
3,Agencia De Viajes Y Excursiones Mia,negocio,12,18.462898,-97.396519,https://mitehuacan.mx/?ruta=11
3,Arrendadora Silva,negocio,12,18.470302,-97.389683,https://mitehuacan.mx/?ruta=11
3,Cardio Center,negocio,12,18.47053,-97.398727,https://mitehuacan.mx/?ruta=11
3,Financiera Sistema De Credito Para Jubilados,negocio,12,18.462898,-97.396519,https://mitehuacan.mx/?ruta=11
3,Panaderia Tula,negocio,12,18.469078,-97.389278,https://mitehuacan.mx/?ruta=11
3,Salon Social De Infonavit El Riego,negocio,12,18.460015,-97.407075,https://mitehuacan.mx/?ruta=11
3,Shitlaina,negocio,12,18.469946,-97.398755,https://mitehuacan.mx/?ruta=11
3,Universalacer,negocio,12,18.456891,-97.397942,https://mitehuacan.mx/?ruta=11
3,Servio De Escapes Automotriz,negocio,13,18.456744,-97.399862,https://mitehuacan.mx/?ruta=11
3,Bodega Sin Nombre,negocio,14,18.470801,-97.389811,https://mitehuacan.mx/?ruta=11
3,Mofles Ruiz,negocio,14,18.457018,-97.40049,https://mitehuacan.mx/?ruta=11
3,Estacionamiento Y Pension Sin Nombre,negocio,15,18.468135,-97.389268,https://mitehuacan.mx/?ruta=11
3,Impulsarte Para Crecer Tehucan,negocio,15,18.463194,-97.397676,https://mitehuacan.mx/?ruta=11
3,Mofles Guadalupe,negocio,15,18.456997,-97.399874,https://mitehuacan.mx/?ruta=11
3,Panaderia Olivo Y Miel,negocio,15,18.456993,-97.399694,https://mitehuacan.mx/?ruta=11
3,Panificadora Sabor Y Pan,negocio,15,18.451893,-97.40883,https://mitehuacan.mx/?ruta=11
3,Primera Iglesia Bautista De Tehuacan,negocio,15,18.463194,-97.397673,https://mitehuacan.mx/?ruta=11
3,Rectificadora Automotriz Franco,negocio,15,18.471313,-97.390635,https://mitehuacan.mx/?ruta=11
3,Bufete Juridico,negocio,16,18.463227,-97.398346,https://mitehuacan.mx/?ruta=11
3,Casa De Dios Mi Casa Ebenezer,negocio,16,18.460347,-97.408689,https://mitehuacan.mx/?ruta=11
3,Cicling Sport,negocio,16,18.465085,-97.396388,https://mitehuacan.mx/?ruta=11
3,Construccions Ryhasia,negocio,16,18.463263,-97.399204,https://mitehuacan.mx/?ruta=11
3,Estacionamiento Granada,negocio,16,18.460767,-97.3897,https://mitehuacan.mx/?ruta=11
3,Macs Diseño Y Produccion Publicitaria,negocio,16,18.4709,-97.390277,https://mitehuacan.mx/?ruta=11
3,Maskapital Tehuacan,negocio,16,18.463182,-97.397342,https://mitehuacan.mx/?ruta=11
3,Panaderia Si Nombre,negocio,16,18.463221,-97.398213,https://mitehuacan.mx/?ruta=11
3,Rotulos Diseño Y Produccion Grafica Sigprint,negocio,16,18.467248,-97.389273,https://mitehuacan.mx/?ruta=11
3,Serigraficos Zaragoza,negocio,16,18.464975,-97.399009,https://mitehuacan.mx/?ruta=11
3,Llantara,negocio,17,18.456693,-97.409866,https://mitehuacan.mx/?ruta=11
3,Tapiceria Tapimex,negocio,17,18.457365,-97.391483,https://mitehuacan.mx/?ruta=11
3,Grupo De Alcoholicos Anonimos Una Esperanza Para Ti,negocio,18,18.472927,-97.390254,https://mitehuacan.mx/?ruta=11
3,Bufete Juridico Sin Nombre,negocio,19,18.456806,-97.394213,https://mitehuacan.mx/?ruta=11
3,Estacionamiento Estacionamiento De La 5,negocio,19,18.458089,-97.38941,https://mitehuacan.mx/?ruta=11
3,Estacionamiento Publico Gomez Ollivier,negocio,19,18.460442,-97.389372,https://mitehuacan.mx/?ruta=11
3,Estacionamiento San Gabriel,negocio,19,18.458488,-97.389407,https://mitehuacan.mx/?ruta=11
3,Estacionamiento Sin Nombre,negocio,19,18.460017,-97.389377,https://mitehuacan.mx/?ruta=11
3,Estacionamiento Y Pension Solca,negocio,19,18.464909,-97.389656,https://mitehuacan.mx/?ruta=11
3,Pasteleria El Danubio,negocio,19,18.458234,-97.389408,https://mitehuacan.mx/?ruta=11
3,Servicio De Diseño Grafico Fonts Impresion Y Diseño,negocio,19,18.457736,-97.389412,https://mitehuacan.mx/?ruta=11
3,Taller De Mofles,negocio,19,18.466342,-97.389265,https://mitehuacan.mx/?ruta=11
3,Base De La Ruta Ajalpa Tehuacan Camaleonas,negocio,20,18.461265,-97.389345,https://mitehuacan.mx/?ruta=11
3,Bufete Juridico Sin Nombre,negocio,20,18.461302,-97.389346,https://mitehuacan.mx/?ruta=11
3,Despacho Juridico,negocio,20,18.456457,-97.394345,https://mitehuacan.mx/?ruta=11
3,Estacionamiento Publico Goti Goav,negocio,20,18.461989,-97.389338,https://mitehuacan.mx/?ruta=11
3,Estacionamiento Sin Nombre,negocio,20,18.461265,-97.389345,https://mitehuacan.mx/?ruta=11
3,Novedades Yessica,negocio,20,18.45875,-97.389393,https://mitehuacan.mx/?ruta=11
3,Pasteles Leo,negocio,20,18.462152,-97.389334,https://mitehuacan.mx/?ruta=11
3,Regalos Y Manualidades Beyco,negocio,20,18.458741,-97.389393,https://mitehuacan.mx/?ruta=11
3,Soluciones Legales Y De Cobranzas Qv,negocio,20,18.465853,-97.389265,https://mitehuacan.mx/?ruta=11
3,Supervision Escolar 414,negocio,20,18.461302,-97.389346,https://mitehuacan.mx/?ruta=11
3,Supervision Escolar 419,negocio,20,18.461302,-97.389346,https://mitehuacan.mx/?ruta=11
3,Supervision Escolar 721,negocio,20,18.461302,-97.389346,https://mitehuacan.mx/?ruta=11
3,Transportes Y Turismos Marbe,negocio,20,18.461293,-97.389346,https://mitehuacan.mx/?ruta=11
3,Base De Las Combis De Oxaca - Tehuacan Turisticos Capilla Ab,negocio,21,18.462704,-97.38932,https://mitehuacan.mx/?ruta=11
3,Bufete Juridico,negocio,21,18.462816,-97.39652,https://mitehuacan.mx/?ruta=11
3,Despacho De Abogados,negocio,21,18.462816,-97.39652,https://mitehuacan.mx/?ruta=11
3,Estacionamiento Angels,negocio,21,18.463437,-97.389299,https://mitehuacan.mx/?ruta=11
3,Estacionamiento Gomez Olivier,negocio,21,18.462785,-97.389318,https://mitehuacan.mx/?ruta=11
3,Gruas Y Servicios Diesel El Japones,negocio,21,18.463474,-97.403233,https://mitehuacan.mx/?ruta=11
3,Purificadora Vidmart,negocio,21,18.456412,-97.393449,https://mitehuacan.mx/?ruta=11
3,Estacionamiento Publico Hernandez,negocio,22,18.464828,-97.389687,https://mitehuacan.mx/?ruta=11
3,Estacionamiento Reyna,negocio,22,18.464215,-97.389283,https://mitehuacan.mx/?ruta=11
3,Gooudyear,negocio,22,18.463551,-97.404864,https://mitehuacan.mx/?ruta=11
3,Iglesia Buenas Nuevas,negocio,22,18.472511,-97.398239,https://mitehuacan.mx/?ruta=11
3,Importadora Diesel,negocio,22,18.463597,-97.406107,https://mitehuacan.mx/?ruta=11
3,Pirelli,negocio,22,18.463575,-97.405524,https://mitehuacan.mx/?ruta=11
3,Templo El Buen Pastor,negocio,22,18.456507,-97.395966,https://mitehuacan.mx/?ruta=11
3,Afore Invercap,negocio,23,18.463612,-97.406302,https://mitehuacan.mx/?ruta=11
3,De Pilates Estudio,negocio,23,18.463612,-97.406302,https://mitehuacan.mx/?ruta=11
3,Pl Impresion De Publicidad Imprenta,negocio,23,18.456547,-97.397176,https://mitehuacan.mx/?ruta=11
3,Coorporativo Juridico,negocio,24,18.462819,-97.389289,https://mitehuacan.mx/?ruta=11
3,Estacionamiento De Autobuses,negocio,24,18.459943,-97.409734,https://mitehuacan.mx/?ruta=11
3,Imprenta Grafos,negocio,24,18.460097,-97.409727,https://mitehuacan.mx/?ruta=11
3,Mision Bautista Biblica,negocio,24,18.460006,-97.409731,https://mitehuacan.mx/?ruta=11
3,Estacionamiento Sin Nombre,negocio,25,18.458732,-97.389817,https://mitehuacan.mx/?ruta=11
3,Novedades Mokeys,negocio,26,18.456391,-97.394243,https://mitehuacan.mx/?ruta=11
3,Estacionamiento Sin Nombre,negocio,27,18.463398,-97.400138,https://mitehuacan.mx/?ruta=11
3,Impresos San Lorenzo,negocio,27,18.464829,-97.389734,https://mitehuacan.mx/?ruta=11
3,Oficina De Administracion De La Plaza Santander,negocio,27,18.463647,-97.406226,https://mitehuacan.mx/?ruta=11
3,Panaderia Vazquez,negocio,28,18.462821,-97.39817,https://mitehuacan.mx/?ruta=11
3,Diseño Grafico 1006,negocio,29,18.453013,-97.403945,https://mitehuacan.mx/?ruta=11
3,Oficinas Del Comisariado Ejidal De San Nicolas Tetitzintla,negocio,29,18.477305,-97.39752,https://mitehuacan.mx/?ruta=11
3,Panaderia Sarabia,negocio,29,18.472364,-97.390856,https://mitehuacan.mx/?ruta=11
3,Despacho De Abogado Sin Nombre,negocio,30,18.467218,-97.398657,https://mitehuacan.mx/?ruta=11
3,Panaderia La Gloria,negocio,30,18.456909,-97.394315,https://mitehuacan.mx/?ruta=11
3,Taller De Mofles El Chileño,negocio,30,18.475427,-97.396587,https://mitehuacan.mx/?ruta=11
3,Base De Combis De Santa Ana Teloxtoc,negocio,31,18.457248,-97.389433,https://mitehuacan.mx/?ruta=11
3,Imprenta Pepel Y Tinta,negocio,32,18.463405,-97.399197,https://mitehuacan.mx/?ruta=11
3,Despacho Juridico Sin Nombre,negocio,33,18.464721,-97.397248,https://mitehuacan.mx/?ruta=11
3,Gimnasio Adn Fitness Gym,negocio,33,18.462927,-97.3892,https://mitehuacan.mx/?ruta=11
3,Imprenta Graficos Endico,negocio,33,18.463373,-97.39814,https://mitehuacan.mx/?ruta=11
3,Imprenta Impresos De Jesus,negocio,33,18.46158,-97.389217,https://mitehuacan.mx/?ruta=11
3,Despacho De Seguros Noguera,negocio,34,18.465286,-97.396465,https://mitehuacan.mx/?ruta=11
3,Agencia De Viajes Turisticos Y Transporte Juquilita,negocio,35,18.465044,-97.396169,https://mitehuacan.mx/?ruta=11
3,Congregacion Cristiana Poblado El Riego,negocio,35,18.455487,-97.404554,https://mitehuacan.mx/?ruta=11
3,Mueganos El Aguila,negocio,35,18.457836,-97.391476,https://mitehuacan.mx/?ruta=11
3,Despacho Juridico Sin Nombre,negocio,36,18.463077,-97.406241,https://mitehuacan.mx/?ruta=11
3,Gimnasio Maxi Fit,negocio,36,18.460544,-97.408965,https://mitehuacan.mx/?ruta=11
3,Mofles Monterrey,negocio,37,18.45696,-97.394202,https://mitehuacan.mx/?ruta=11
3,Panaderia Y Pasteleria La Tradicional,negocio,37,18.473868,-97.389032,https://mitehuacan.mx/?ruta=11
3,Estacionamiento Publico,negocio,38,18.474972,-97.395599,https://mitehuacan.mx/?ruta=11
3,Oficina Juridica Sin Nombre,negocio,38,18.463621,-97.402995,https://mitehuacan.mx/?ruta=11
3,Reparadora De Discos De Clutch Platos Opresores Poli Clutch,negocio,38,18.462386,-97.389883,https://mitehuacan.mx/?ruta=11
3,Tornos America,negocio,38,18.456258,-97.393454,https://mitehuacan.mx/?ruta=11
3,Bodega De Autos Familiar,negocio,39,18.463756,-97.40622,https://mitehuacan.mx/?ruta=11
3,Despacho Juridico Asesoria Legal Y Administrativa,negocio,39,18.46482,-97.389108,https://mitehuacan.mx/?ruta=11
3,Flores Decorativas,negocio,39,18.457078,-97.396579,https://mitehuacan.mx/?ruta=11
3,Servicio Mecanico Zarate,negocio,39,18.469284,-97.399262,https://mitehuacan.mx/?ruta=11
3,Imprenta Yireh,negocio,41,18.465152,-97.399458,https://mitehuacan.mx/?ruta=11
3,Publicidad Grapi,negocio,41,18.457837,-97.393582,https://mitehuacan.mx/?ruta=11
3,Canguro Motors,negocio,42,18.455361,-97.40935,https://mitehuacan.mx/?ruta=11
3,Gimnasio Fonseca Gym,negocio,43,18.464832,-97.389886,https://mitehuacan.mx/?ruta=11
3,Panaderia Y Pasteleria Vales,negocio,43,18.457911,-97.391578,https://mitehuacan.mx/?ruta=11
3,Gimnasio Centro De Alto Rendimiento,negocio,44,18.465958,-97.389041,https://mitehuacan.mx/?ruta=11
3,Panaderia La Fe,negocio,44,18.465461,-97.398037,https://mitehuacan.mx/?ruta=11
3,Rotary International Club Rotario Tehuacan Manantiales,negocio,44,18.473024,-97.398137,https://mitehuacan.mx/?ruta=11
3,Despacho Juridico,negocio,45,18.465967,-97.389876,https://mitehuacan.mx/?ruta=11
3,Hanna Publicidad,negocio,45,18.459579,-97.409086,https://mitehuacan.mx/?ruta=11
3,Distribuidora Y Productora Blanco,negocio,46,18.476161,-97.390804,https://mitehuacan.mx/?ruta=11
3,Sindicato Nacional De Trabajadores Del Seguro Social Represe,negocio,46,18.475072,-97.395575,https://mitehuacan.mx/?ruta=11
3,Azimuth Soluciones Empresariales,negocio,48,18.464584,-97.397254,https://mitehuacan.mx/?ruta=11
3,Junior Publicidad,negocio,48,18.462445,-97.406341,https://mitehuacan.mx/?ruta=11
3,Neuroticos Anonimos,negocio,48,18.466839,-97.389894,https://mitehuacan.mx/?ruta=11
3,Pension La Suiza,negocio,48,18.460075,-97.390008,https://mitehuacan.mx/?ruta=11
3,Alcoholicos Anonimos,negocio,49,18.466839,-97.389903,https://mitehuacan.mx/?ruta=11
3,Agencia De Viajes Experiencias Travel Inn,negocio,50,18.465153,-97.399543,https://mitehuacan.mx/?ruta=11
3,Centro De Alto Rendimiento Panters,negocio,51,18.474403,-97.390835,https://mitehuacan.mx/?ruta=11
3,Grupo Enprende,negocio,51,18.462545,-97.396528,https://mitehuacan.mx/?ruta=11
3,Capilla De Santiago Apostol,negocio,52,18.468963,-97.389889,https://mitehuacan.mx/?ruta=11
3,Diseño E Impresion En General,negocio,52,18.456062,-97.409237,https://mitehuacan.mx/?ruta=11
3,Estacionamiento La 4,negocio,52,18.463541,-97.398028,https://mitehuacan.mx/?ruta=11
3,Panificacion Tradicional,negocio,52,18.474,-97.390696,https://mitehuacan.mx/?ruta=11
3,Iglesia De Dios Sociedad Misionera Mundial,negocio,53,18.46482,-97.388975,https://mitehuacan.mx/?ruta=11
3,Imprenta Arellano,negocio,53,18.463592,-97.399079,https://mitehuacan.mx/?ruta=11
3,Panaderia La Paz,negocio,53,18.469257,-97.39839,https://mitehuacan.mx/?ruta=11
3,Parroquia Santisima Trinidad,negocio,53,18.473851,-97.390258,https://mitehuacan.mx/?ruta=11
3,Diseño Y Construccion A Y L,negocio,54,18.470424,-97.398338,https://mitehuacan.mx/?ruta=11
3,Alcoholicos Anonimos,negocio,55,18.462196,-97.407333,https://mitehuacan.mx/?ruta=11
3,Capilla De La Inmaculada Concepcion,negocio,55,18.453492,-97.410152,https://mitehuacan.mx/?ruta=11
3,Cross 238 Gimnasio,negocio,55,18.457019,-97.390984,https://mitehuacan.mx/?ruta=11
3,Corporativo Romero Calderon Abogados,negocio,56,18.458633,-97.390114,https://mitehuacan.mx/?ruta=11
3,Iglesia Del Señor Resurrecion De Vida,negocio,56,18.476958,-97.389829,https://mitehuacan.mx/?ruta=11
3,Iglesia Nacional Presbiteriana De Mexico,negocio,56,18.456931,-97.402874,https://mitehuacan.mx/?ruta=11
3,Templo Evangelico Filadelfia,negocio,57,18.454863,-97.404329,https://mitehuacan.mx/?ruta=11
3,Coth03 Sanitarios Ado,negocio,58,18.463041,-97.395966,https://mitehuacan.mx/?ruta=11
3,Purificadora Aqua Clyva,negocio,58,18.463886,-97.405165,https://mitehuacan.mx/?ruta=11
3,Venta De Seguros Mas Finanzas,negocio,59,18.463608,-97.398129,https://mitehuacan.mx/?ruta=11
3,Cibercity,negocio,60,18.456883,-97.40908,https://mitehuacan.mx/?ruta=11
3,Purificadora De Agua Sani,negocio,60,18.456259,-97.398315,https://mitehuacan.mx/?ruta=11
3,Agencia De Viajes Turismo Ave,negocio,61,18.465732,-97.39802,https://mitehuacan.mx/?ruta=11
3,Alcoholicos Anonimos Aa Bill W,negocio,61,18.462454,-97.396532,https://mitehuacan.mx/?ruta=11
3,Oficinas De La Delegacion Numero 1 De La Seccion 21 Stfrm,negocio,61,18.462833,-97.405653,https://mitehuacan.mx/?ruta=11
3,Panaderia Zaragoza,negocio,61,18.466274,-97.397995,https://mitehuacan.mx/?ruta=11
3,Parroquia Preciosa Sangre De Cristo,negocio,61,18.466112,-97.398002,https://mitehuacan.mx/?ruta=11
3,Ruta San Gabriel Chilac Tehuacan,negocio,61,18.460749,-97.388972,https://mitehuacan.mx/?ruta=11
3,Neuroticos Anonimos,negocio,63,18.464816,-97.388881,https://mitehuacan.mx/?ruta=11
3,Base Autobuses Caltepec-San Luis,negocio,64,18.456942,-97.391205,https://mitehuacan.mx/?ruta=11
3,Estacionamiento Independencia,negocio,64,18.462965,-97.390119,https://mitehuacan.mx/?ruta=11
3,Estacionamiento Sin Nombre,negocio,64,18.456918,-97.390447,https://mitehuacan.mx/?ruta=11
3,Panaderia Guti Pan,negocio,65,18.460888,-97.390161,https://mitehuacan.mx/?ruta=11
3,Rectificadora Automotriz Ramos,negocio,65,18.469429,-97.388782,https://mitehuacan.mx/?ruta=11
3,Supervision Escolar Zona 040 De Escuelas Federales Primarias,negocio,65,18.477615,-97.397209,https://mitehuacan.mx/?ruta=11
3,Chiqui Fiestas,negocio,66,18.463997,-97.406112,https://mitehuacan.mx/?ruta=11
3,Estacionamiento Para Clientes De Distribuidora De Poliester,negocio,66,18.458091,-97.390335,https://mitehuacan.mx/?ruta=11
3,Galerias Leon,negocio,66,18.458744,-97.390205,https://mitehuacan.mx/?ruta=11
3,Oficina Administrativa,negocio,66,18.458115,-97.39147,https://mitehuacan.mx/?ruta=11
3,Viasen Agencia De Viajes,negocio,66,18.466726,-97.397975,https://mitehuacan.mx/?ruta=11
3,Agencia Tehuacan,negocio,67,18.463881,-97.407166,https://mitehuacan.mx/?ruta=11
3,Asfaltos Construcciones Y Maquinaria De Tehuacan,negocio,67,18.460723,-97.40626,https://mitehuacan.mx/?ruta=11
3,Iglesia Del Dios Vivo Columna Y Apoyo De Le Verdad El Buen P,negocio,67,18.451336,-97.407475,https://mitehuacan.mx/?ruta=11
3,Sabor Y Miel,negocio,67,18.452548,-97.409435,https://mitehuacan.mx/?ruta=11
3,Despacho Juridico,negocio,68,18.466941,-97.39008,https://mitehuacan.mx/?ruta=11
3,Miscelanea Serviciales,negocio,68,18.45199,-97.409358,https://mitehuacan.mx/?ruta=11
3,Supervision Escolar De Bachilleratos Zona 025,negocio,69,18.456309,-97.401482,https://mitehuacan.mx/?ruta=11
3,Comunidad Catolica La Buena Nueva,negocio,70,18.458102,-97.393658,https://mitehuacan.mx/?ruta=11
3,Estacionamiento De La Cuatro Sur,negocio,70,18.462438,-97.398082,https://mitehuacan.mx/?ruta=11
3,Grupos De Familia Al-Anon Hijos Adultos Esperanza Para Hoy,negocio,70,18.455976,-97.393721,https://mitehuacan.mx/?ruta=11
3,Panaderia Anita,negocio,70,18.45689,-97.408966,https://mitehuacan.mx/?ruta=11
3,Salon De Fiestas Majestic,negocio,70,18.464033,-97.40611,https://mitehuacan.mx/?ruta=11
3,Sindicato De La Froc Croc,negocio,70,18.464973,-97.39583,https://mitehuacan.mx/?ruta=11
3,Studio Jump,negocio,70,18.456861,-97.392752,https://mitehuacan.mx/?ruta=11
3,Consultorio Juridico Iuscrim,negocio,71,18.456481,-97.392761,https://mitehuacan.mx/?ruta=11
3,Despacho Juridico,negocio,71,18.456481,-97.392761,https://mitehuacan.mx/?ruta=11
3,Despacho Juridico Dolores,negocio,71,18.456481,-97.392761,https://mitehuacan.mx/?ruta=11
3,Despacho Juridico Gaytan,negocio,71,18.456481,-97.392761,https://mitehuacan.mx/?ruta=11
3,Despacho Juridico Sin Nombre,negocio,72,18.466172,-97.397895,https://mitehuacan.mx/?ruta=11
3,Centro Integrador De Desarrollo De Bienestar,negocio,73,18.456201,-97.399872,https://mitehuacan.mx/?ruta=11
3,Esposa Del Cordero,negocio,73,18.451278,-97.407926,https://mitehuacan.mx/?ruta=11
3,Gimnasio Fittest Crossfit,negocio,73,18.466579,-97.397877,https://mitehuacan.mx/?ruta=11
3,Gimnasio Heroes,negocio,73,18.456912,-97.403672,https://mitehuacan.mx/?ruta=11
3,Confecciones Y Lavados Puntuales De Tehuacan,negocio,74,18.464028,-97.405063,https://mitehuacan.mx/?ruta=11
3,Despacho De Abogado Sin Nombre,negocio,74,18.465056,-97.399764,https://mitehuacan.mx/?ruta=11
3,Impresos Publi-K-T,negocio,74,18.464812,-97.388776,https://mitehuacan.mx/?ruta=11
3,Baños Publicos,negocio,75,18.456208,-97.400391,https://mitehuacan.mx/?ruta=11
3,Mayoristas En Publicidad Y Diseño,negocio,75,18.46291,-97.388803,https://mitehuacan.mx/?ruta=11
3,Agua Purificada Agua Inmaculada,negocio,76,18.464373,-97.39799,https://mitehuacan.mx/?ruta=11
3,Diseño Grafico Indigo Estudio,negocio,76,18.464006,-97.404031,https://mitehuacan.mx/?ruta=11
3,Iglesia Cristiana Alcanzando El Exito,negocio,76,18.464006,-97.404031,https://mitehuacan.mx/?ruta=11
3,Oficina De Distrito De Central Mexicana Aa,negocio,77,18.462426,-97.399445,https://mitehuacan.mx/?ruta=11
3,Agua Mas Vida,negocio,78,18.451781,-97.405737,https://mitehuacan.mx/?ruta=11
3,Despacho De Abogados,negocio,78,18.463134,-97.395778,https://mitehuacan.mx/?ruta=11
3,Despacho Juridico Firma Cabrales,negocio,78,18.463134,-97.395778,https://mitehuacan.mx/?ruta=11
3,Impresos Zaragoza,negocio,78,18.464427,-97.399147,https://mitehuacan.mx/?ruta=11
3,Tienda Trajes Emiliano,negocio,78,18.462423,-97.399397,https://mitehuacan.mx/?ruta=11
3,Impresion Serigrafia Big Impaq,negocio,79,18.465157,-97.399818,https://mitehuacan.mx/?ruta=11
3,Oficina De Antorcha Campesina,negocio,79,18.462389,-97.398858,https://mitehuacan.mx/?ruta=11
3,Purificadora Arillaga,negocio,79,18.459118,-97.410276,https://mitehuacan.mx/?ruta=11
3,Sanitarios Publicos Ely,negocio,79,18.458272,-97.390333,https://mitehuacan.mx/?ruta=11
3,Baños Publicos El Meson,negocio,80,18.461501,-97.390292,https://mitehuacan.mx/?ruta=11
3,Gym California,negocio,80,18.456906,-97.40408,https://mitehuacan.mx/?ruta=11
3,Base De Combis Tehuacan Huajuapan,negocio,81,18.462847,-97.390275,https://mitehuacan.mx/?ruta=11
3,Base De Combis Tehuacan Teotitlan,negocio,81,18.462848,-97.390281,https://mitehuacan.mx/?ruta=11
3,Em Sublimacion,negocio,81,18.457369,-97.394283,https://mitehuacan.mx/?ruta=11
3,Engrateh,negocio,81,18.466849,-97.38867,https://mitehuacan.mx/?ruta=11
3,Fuente De Adoracion Y Vida,negocio,81,18.473516,-97.395265,https://mitehuacan.mx/?ruta=11
3,Estacionamiento Angel,negocio,82,18.463812,-97.398016,https://mitehuacan.mx/?ruta=11
3,Fisioterapeuta Cerein,negocio,82,18.467188,-97.398165,https://mitehuacan.mx/?ruta=11
3,Alcoholicos Anonimos 20 De Septiembre,negocio,83,18.472845,-97.389349,https://mitehuacan.mx/?ruta=11
3,Estacionamiento De La 1 Poniente,negocio,84,18.462275,-97.397172,https://mitehuacan.mx/?ruta=11
3,General De Construcciones Dime,negocio,84,18.456165,-97.392769,https://mitehuacan.mx/?ruta=11
3,Purificadora Agua Pura Manuelito,negocio,84,18.466904,-97.397863,https://mitehuacan.mx/?ruta=11
3,Estacionamiento Publico San Juan,negocio,85,18.458695,-97.388774,https://mitehuacan.mx/?ruta=11
3,Fideicomisos Instituidos En Relacion Con La Agricultura,negocio,85,18.464083,-97.407159,https://mitehuacan.mx/?ruta=11
3,Purificadora Frescura Y Pureza,negocio,85,18.454955,-97.40406,https://mitehuacan.mx/?ruta=11
3,Bar La Cita,negocio,87,18.456902,-97.404355,https://mitehuacan.mx/?ruta=11
3,Mofles El Chileño,negocio,87,18.475824,-97.398405,https://mitehuacan.mx/?ruta=11
3,Casa De Huespedes El Panalito,negocio,88,18.462849,-97.390342,https://mitehuacan.mx/?ruta=11
3,Maquiladora Maria Cristina,negocio,88,18.475135,-97.394587,https://mitehuacan.mx/?ruta=11
3,Oficina De Pensiones,negocio,88,18.46387,-97.398117,https://mitehuacan.mx/?ruta=11
3,Panaderia Fabi,negocio,88,18.453176,-97.402767,https://mitehuacan.mx/?ruta=11
3,Imss Subdelegacion Tehuacan,negocio,89,18.464255,-97.397995,https://mitehuacan.mx/?ruta=11
3,Comisariado Ejidal Poblado El Riego,negocio,90,18.455726,-97.405744,https://mitehuacan.mx/?ruta=11
3,Salon Orden De Caballeros De Colon,negocio,90,18.474931,-97.391228,https://mitehuacan.mx/?ruta=11
3,Estacionamiento Publico,negocio,91,18.475077,-97.394959,https://mitehuacan.mx/?ruta=11
3,Iglesia Evangelica Getsemani,negocio,91,18.464069,-97.402395,https://mitehuacan.mx/?ruta=11
3,Iglesia Cristiana Pentecostes,negocio,92,18.462296,-97.399534,https://mitehuacan.mx/?ruta=11
3,Panificadora Bambi,negocio,92,18.465158,-97.399932,https://mitehuacan.mx/?ruta=11
3,Salon El Ejido Del Riego,negocio,92,18.45572,-97.40577,https://mitehuacan.mx/?ruta=11
3,Canchas De Tenis,negocio,93,18.468968,-97.388513,https://mitehuacan.mx/?ruta=11
3,Purificadora De Agua Inmaculada,negocio,94,18.456075,-97.401366,https://mitehuacan.mx/?ruta=11
3,Serigrafica Publicitaria De Tehuacan,negocio,94,18.473951,-97.398562,https://mitehuacan.mx/?ruta=11
3,Articulos Para Fiesta Decoraciones Aurora,negocio,95,18.461583,-97.390432,https://mitehuacan.mx/?ruta=11
3,Autobuses De Oriente Ado,negocio,95,18.463029,-97.395613,https://mitehuacan.mx/?ruta=11
3,Despacho De Abogado Jhm Jesus Hernandez Mota,negocio,95,18.462229,-97.398512,https://mitehuacan.mx/?ruta=11
3,Estacionamiento Guadalupe,negocio,95,18.458382,-97.391574,https://mitehuacan.mx/?ruta=11
3,Panaderia Doña Lore,negocio,95,18.460895,-97.390445,https://mitehuacan.mx/?ruta=11
3,Taller De Torno Y Balconeria Fimex,negocio,95,18.47233,-97.38987,https://mitehuacan.mx/?ruta=11
3,Dimex Capital Suc Tehucan,negocio,96,18.463028,-97.395609,https://mitehuacan.mx/?ruta=11
3,Estacionamiento Y Pension El Pasaje,negocio,96,18.463128,-97.395607,https://mitehuacan.mx/?ruta=11
3,Ruta De Combis Tehuacan Altepexi,negocio,96,18.462991,-97.390421,https://mitehuacan.mx/?ruta=11
3,Transformando Miradas,negocio,97,18.466665,-97.390361,https://mitehuacan.mx/?ruta=11
3,Despacho Juridico,negocio,98,18.457545,-97.394856,https://mitehuacan.mx/?ruta=11
3,Templo Espiritualista Fuente De La Gracia Luz Radiante Del E,negocio,98,18.470123,-97.399791,https://mitehuacan.mx/?ruta=11
3,Vanguardia Juridica,negocio,98,18.460896,-97.390474,https://mitehuacan.mx/?ruta=11
3,Supervision Escolar 024,negocio,99,18.461468,-97.407795,https://mitehuacan.mx/?ruta=11
3,Temazcal,negocio,99,18.469002,-97.399839,https://mitehuacan.mx/?ruta=11
3,Acabados Textiles De Tehuacan,negocio,100,18.476555,-97.391348,https://mitehuacan.mx/?ruta=11
3,Paint Imprsesiones,negocio,100,18.462105,-97.396691,https://mitehuacan.mx/?ruta=11
3,Purificadora De Agua Citlaltepec,negocio,100,18.457375,-97.388657,https://mitehuacan.mx/?ruta=11
3,Eikon Creativo,negocio,101,18.468649,-97.39986,https://mitehuacan.mx/?ruta=11
3,Estacionamienton Y Pension De Autos Charlie Brown,negocio,101,18.464842,-97.390436,https://mitehuacan.mx/?ruta=11
3,Pasteleria Avellana,negocio,101,18.468423,-97.399874,https://mitehuacan.mx/?ruta=11
3,Tapiceria Sin Nombre,negocio,102,18.459229,-97.410491,https://mitehuacan.mx/?ruta=11
3,Antro Tropical Mangos,negocio,103,18.47577,-97.398553,https://mitehuacan.mx/?ruta=11
3,Estudio Valsistico,negocio,103,18.457721,-97.398132,https://mitehuacan.mx/?ruta=11
3,Refacciones Y Rectificaciones Rivera,negocio,103,18.469458,-97.388421,https://mitehuacan.mx/?ruta=11
3,Ruta De Combis Los Arcos De Coculco Ajalpan Tehuacan,negocio,103,18.462993,-97.390483,https://mitehuacan.mx/?ruta=11
3,Ruta De Combis Tehuacan Teotitlan,negocio,103,18.463038,-97.390482,https://mitehuacan.mx/?ruta=11
3,Supervision Escolar Zona 16,negocio,103,18.474225,-97.398635,https://mitehuacan.mx/?ruta=11
3,Bufete Juridico Abogados Colegiados De Mexico,negocio,104,18.464093,-97.400098,https://mitehuacan.mx/?ruta=11
3,Bufete Juridico Navarro Y Asociados,negocio,104,18.45739,-97.403219,https://mitehuacan.mx/?ruta=11
3,Gimnasio Genesis,negocio,105,18.458011,-97.394243,https://mitehuacan.mx/?ruta=11
3,Casa Pastel,negocio,106,18.467993,-97.397925,https://mitehuacan.mx/?ruta=11
3,Salon De Fiestas El Girasol,negocio,106,18.468508,-97.397905,https://mitehuacan.mx/?ruta=11
3,Impresiones Y Diseños Indigo,negocio,107,18.456551,-97.391417,https://mitehuacan.mx/?ruta=11
3,Parroquia El Riego,negocio,107,18.454852,-97.405876,https://mitehuacan.mx/?ruta=11
3,Capilla Del Inmaculado Corazon De Maria,negocio,108,18.470976,-97.397794,https://mitehuacan.mx/?ruta=11
3,Iglesia Nacional Presbiteriana Conservadora El Sinai,negocio,108,18.464889,-97.400054,https://mitehuacan.mx/?ruta=11
3,Iglesia Sagrado Corazon De Jesus,negocio,108,18.459165,-97.407377,https://mitehuacan.mx/?ruta=11
3,Imprentadit,negocio,108,18.455812,-97.398119,https://mitehuacan.mx/?ruta=11
3,Mofles Morguz,negocio,108,18.456463,-97.410737,https://mitehuacan.mx/?ruta=11
3,Cyu Tehuacan Urbanizadora,negocio,109,18.469533,-97.397851,https://mitehuacan.mx/?ruta=11
3,Estacionamiento El Paseo Hidalgo,negocio,109,18.458517,-97.392719,https://mitehuacan.mx/?ruta=11
3,Obras Civil Y Construccion Geotecnicas,negocio,109,18.469664,-97.397846,https://mitehuacan.mx/?ruta=11
3,Estacionamiento Sin Nombre,negocio,110,18.463123,-97.395475,https://mitehuacan.mx/?ruta=11
3,Federacion Sindicalista De Obreros Y Campesinos De La Region,negocio,110,18.462087,-97.396107,https://mitehuacan.mx/?ruta=11
3,Pasteleria Juquilita,negocio,110,18.463123,-97.395475,https://mitehuacan.mx/?ruta=11
3,Tapiceria Mendez,negocio,110,18.476267,-97.389325,https://mitehuacan.mx/?ruta=11
3,Bufette Juridico,negocio,111,18.464925,-97.390528,https://mitehuacan.mx/?ruta=11
3,Club De Los Animalitos,negocio,111,18.463026,-97.407814,https://mitehuacan.mx/?ruta=11
3,Construcciones Y Maquinaria,negocio,111,18.473326,-97.392513,https://mitehuacan.mx/?ruta=11
3,Despacho Juridico Consultoria Juridica Sin Nombre,negocio,111,18.465891,-97.388399,https://mitehuacan.mx/?ruta=11
3,Despacho Juridico Sin Nombre,negocio,111,18.46837,-97.390463,https://mitehuacan.mx/?ruta=11
3,Meysis Postreria,negocio,111,18.459119,-97.407066,https://mitehuacan.mx/?ruta=11
3,Alquiladora Casa Azul,negocio,112,18.457707,-97.395842,https://mitehuacan.mx/?ruta=11
3,Decoraciones Y Acabados El Renacimiento,negocio,112,18.455693,-97.395991,https://mitehuacan.mx/?ruta=11
3,Imprenta Grafox,negocio,112,18.477303,-97.398555,https://mitehuacan.mx/?ruta=11
3,Venta De Articulos De Fiesta Q Shulos,negocio,112,18.458654,-97.390644,https://mitehuacan.mx/?ruta=11
3,Aseguradora Grupo Zeus,negocio,113,18.464174,-97.400091,https://mitehuacan.mx/?ruta=11
3,Despacho Juridico,negocio,113,18.464174,-97.400091,https://mitehuacan.mx/?ruta=11
3,Despacho Juridico Alvarado Y Asociados,negocio,113,18.462132,-97.400204,https://mitehuacan.mx/?ruta=11
3,Despacho Juridico Lj & A,negocio,113,18.464174,-97.400091,https://mitehuacan.mx/?ruta=11
3,Imprenta Rocio,negocio,113,18.454943,-97.405939,https://mitehuacan.mx/?ruta=11
3,Gimnasio 100 Fitness,negocio,114,18.476958,-97.398612,https://mitehuacan.mx/?ruta=11
3,Grupo Trasmitelo,negocio,114,18.468273,-97.400002,https://mitehuacan.mx/?ruta=11
3,Panaderia Y Pasteleria Mi Pan,negocio,114,18.464844,-97.390559,https://mitehuacan.mx/?ruta=11
3,Bodega De Renta De Sillas,negocio,115,18.474471,-97.3883,https://mitehuacan.mx/?ruta=11
3,Grupo Familiar Al-Anon Lois,negocio,115,18.475687,-97.389293,https://mitehuacan.mx/?ruta=11
3,Estacionamiento America,negocio,116,18.46717,-97.397682,https://mitehuacan.mx/?ruta=11
3,Financiera Dimex,negocio,116,18.463022,-97.395412,https://mitehuacan.mx/?ruta=11
3,Joshua Textiles Aligraph,negocio,116,18.477317,-97.393759,https://mitehuacan.mx/?ruta=11
3,Panificadora La Paz,negocio,117,18.4609,-97.390654,https://mitehuacan.mx/?ruta=11
3,Tapiceria Frank,negocio,117,18.455651,-97.396077,https://mitehuacan.mx/?ruta=11
3,Gimnasio Dt Fitness,negocio,118,18.468912,-97.397782,https://mitehuacan.mx/?ruta=11
3,Salon Jardin La Fuente,negocio,118,18.469002,-97.397777,https://mitehuacan.mx/?ruta=11
3,Grupos De Ayudallegamos A Creer,negocio,119,18.462081,-97.400315,https://mitehuacan.mx/?ruta=11
3,Panificadora Los Reyes,negocio,119,18.470965,-97.399945,https://mitehuacan.mx/?ruta=11
3,Bodega De Aparatos Para Hacer Ejercicio,negocio,120,18.472381,-97.389404,https://mitehuacan.mx/?ruta=11
3,Oficina De La Diocesis De Tehuacan,negocio,120,18.46193,-97.390665,https://mitehuacan.mx/?ruta=11
3,Parroquia Del Sagrario Diocesano Templo De San Francisco De ,negocio,120,18.461976,-97.390666,https://mitehuacan.mx/?ruta=11
3,Baños El Nene,negocio,121,18.462859,-97.390654,https://mitehuacan.mx/?ruta=11
3,Gimnasio Alfa Center,negocio,121,18.4613,-97.408818,https://mitehuacan.mx/?ruta=11
3,Parque Del Trampolin,negocio,121,18.4613,-97.408809,https://mitehuacan.mx/?ruta=11
3,Parroquia El Divino Salvador,negocio,121,18.457895,-97.398422,https://mitehuacan.mx/?ruta=11
3,Renta Y Venta De Trajes De Etiqueta Cisnes,negocio,121,18.462859,-97.390654,https://mitehuacan.mx/?ruta=11
3,Unidad De Servicio Y Recuperacion Alcoholicos Anonimos,negocio,121,18.462859,-97.390654,https://mitehuacan.mx/?ruta=11
3,Coth53 Sanitarios Au,negocio,122,18.458673,-97.388423,https://mitehuacan.mx/?ruta=11
3,Elaboracion De Marcos De Madera Sin Nombre,negocio,122,18.468893,-97.38824,https://mitehuacan.mx/?ruta=11
3,Iglesia Bautista Emmanuel,negocio,122,18.458618,-97.393373,https://mitehuacan.mx/?ruta=11
3,Taller De Radiadores Guadalupe,negocio,122,18.464425,-97.404109,https://mitehuacan.mx/?ruta=11
3,Embotelladora Salu,negocio,123,18.47619,-97.391562,https://mitehuacan.mx/?ruta=11
3,Panaderia Y Pasteleria Bombonas Arte Gourmet,negocio,123,18.47455,-97.398809,https://mitehuacan.mx/?ruta=11
3,Purificadora Pura H2O,negocio,123,18.460229,-97.405761,https://mitehuacan.mx/?ruta=11
3,Despacho Juridico,negocio,124,18.465954,-97.388283,https://mitehuacan.mx/?ruta=11
3,Grupo Dorset Alcoholicos Anonimos,negocio,124,18.470626,-97.391376,https://mitehuacan.mx/?ruta=11
3,Arrendadora De Mesas Y Sillas Juquilita,negocio,125,18.450027,-97.404324,https://mitehuacan.mx/?ruta=11
3,Despacho Juridico Mayerlin Nogeli Romero Balderas,negocio,125,18.464955,-97.395309,https://mitehuacan.mx/?ruta=11
3,Sector Administrativo Rodriguez,negocio,125,18.464955,-97.395309,https://mitehuacan.mx/?ruta=11
3,Servicios Juridicos Beristain,negocio,125,18.464955,-97.395309,https://mitehuacan.mx/?ruta=11
3,Torno Industrial,negocio,125,18.455501,-97.394251,https://mitehuacan.mx/?ruta=11
3,Estacionamiento Aldama,negocio,126,18.463018,-97.395317,https://mitehuacan.mx/?ruta=11
3,Sanitarios San Francisco,negocio,126,18.460448,-97.390749,https://mitehuacan.mx/?ruta=11
3,Estacionamiento Exclusivo Para Doctores Sanatorio Angeles,negocio,127,18.455566,-97.39626,https://mitehuacan.mx/?ruta=11
3,Nutrimental Fit,negocio,127,18.460227,-97.405714,https://mitehuacan.mx/?ruta=11
3,Salon Campestre Don Teo,negocio,127,18.455562,-97.396137,https://mitehuacan.mx/?ruta=11
3,Templo Sion Iglesia De Dios,negocio,127,18.457279,-97.410856,https://mitehuacan.mx/?ruta=11
3,Instituto Deportivo Y Recreativo Dragones De Artes Marciales,negocio,128,18.450238,-97.405294,https://mitehuacan.mx/?ruta=11
3,Supervicion Escolar 080,negocio,128,18.464314,-97.400202,https://mitehuacan.mx/?ruta=11
3,Supervicion Escolar Zona 027 Bge,negocio,128,18.464314,-97.400202,https://mitehuacan.mx/?ruta=11
3,Baños Publicos,negocio,129,18.458694,-97.392,https://mitehuacan.mx/?ruta=11
3,Club De Ajedrez Angel Randy,negocio,129,18.458694,-97.392,https://mitehuacan.mx/?ruta=11
3,Despacho Juridico,negocio,129,18.464953,-97.395271,https://mitehuacan.mx/?ruta=11
3,Despacho Juridico Consultor Juridico,negocio,129,18.458694,-97.392,https://mitehuacan.mx/?ruta=11
3,Bufete Juridico,negocio,130,18.464953,-97.395261,https://mitehuacan.mx/?ruta=11
3,Jardin Montecazale,negocio,130,18.469589,-97.400112,https://mitehuacan.mx/?ruta=11
3,Regreso A Lo Fundamental,negocio,130,18.458985,-97.407726,https://mitehuacan.mx/?ruta=11
3,Arte Decorativo,negocio,131,18.458785,-97.408295,https://mitehuacan.mx/?ruta=11
3,Elaboracion Y Venta De Donas La Pecosita,negocio,131,18.462778,-97.388276,https://mitehuacan.mx/?ruta=11
3,Casa Hogar Santa Maria Goreti,negocio,132,18.469383,-97.388146,https://mitehuacan.mx/?ruta=11
3,Centro De Acondicionamiento Luan Sport,negocio,132,18.466173,-97.396455,https://mitehuacan.mx/?ruta=11
3,Iglesia Cristiana Interdenominacional Ac,negocio,133,18.44988,-97.403963,https://mitehuacan.mx/?ruta=11
3,Van Valu Alquiladora,negocio,133,18.457794,-97.410829,https://mitehuacan.mx/?ruta=11
3,Panaderia Vanessa,negocio,134,18.456413,-97.388984,https://mitehuacan.mx/?ruta=11
3,Renta De Sillas Y Mesas Para Fiesta Leo,negocio,134,18.454609,-97.407606,https://mitehuacan.mx/?ruta=11
3,Panificadora San Martin,negocio,136,18.455528,-97.397423,https://mitehuacan.mx/?ruta=11
3,Villa Maria Del Carmen,negocio,136,18.457924,-97.395837,https://mitehuacan.mx/?ruta=11
3,Despacho De Abogados Sin Nombre,negocio,137,18.468126,-97.400218,https://mitehuacan.mx/?ruta=11
3,Imprenta Graphico,negocio,137,18.458455,-97.394237,https://mitehuacan.mx/?ruta=11
3,Alcoholicos Anonimos Grupo Paz Y Fortaleza,negocio,138,18.463014,-97.395203,https://mitehuacan.mx/?ruta=11
3,Confecciones Y Lavados Puntuales De Tehuacan,negocio,138,18.465171,-97.400368,https://mitehuacan.mx/?ruta=11
3,Despacho Juridico Sin Nombre,negocio,138,18.465881,-97.390761,https://mitehuacan.mx/?ruta=11
3,Postres Gabanny,negocio,138,18.463014,-97.395203,https://mitehuacan.mx/?ruta=11
3,Salon Parroquial,negocio,138,18.458876,-97.407124,https://mitehuacan.mx/?ruta=11
3,"Autobuses Tehuacan, Coxcatlan Teotitlan Sa De Cv",negocio,140,18.462893,-97.388182,https://mitehuacan.mx/?ruta=11
3,Financiera Bnc Azteca Norte,negocio,140,18.47294,-97.392748,https://mitehuacan.mx/?ruta=11
3,Jomagic Ludoteca Infantil,negocio,140,18.47294,-97.392748,https://mitehuacan.mx/?ruta=11
3,Servicio Diesel Vidal,negocio,140,18.473765,-97.399004,https://mitehuacan.mx/?ruta=11
3,Spinning,negocio,140,18.459397,-97.410849,https://mitehuacan.mx/?ruta=11
3,Bufete Juridico Gerardo Cepeda Ortiz,negocio,142,18.461787,-97.398113,https://mitehuacan.mx/?ruta=11
3,Planta Purificadora De Agua La Concordia,negocio,142,18.454803,-97.40318,https://mitehuacan.mx/?ruta=11
3,Taller Mecanico Teco,negocio,142,18.47026,-97.391274,https://mitehuacan.mx/?ruta=11
3,Taller Mecanico Torno Industrial,negocio,142,18.462334,-97.388172,https://mitehuacan.mx/?ruta=11
3,Viajes Hr,negocio,142,18.463112,-97.395171,https://mitehuacan.mx/?ruta=11
3,Despacho Juridico,negocio,144,18.466282,-97.396455,https://mitehuacan.mx/?ruta=11
3,Impresora Aguila,negocio,146,18.458664,-97.388196,https://mitehuacan.mx/?ruta=11
3,Panaderia Lupita,negocio,146,18.455126,-97.406725,https://mitehuacan.mx/?ruta=11
3,Imprenta Ingraf,negocio,147,18.471409,-97.388687,https://mitehuacan.mx/?ruta=11
3,Taller De Serigrafia Sin Nombre,negocio,147,18.455597,-97.406279,https://mitehuacan.mx/?ruta=11
3,Certeza Juridica,negocio,148,18.456039,-97.392152,https://mitehuacan.mx/?ruta=11
3,Fierro Palacios Abogados,negocio,148,18.465881,-97.390856,https://mitehuacan.mx/?ruta=11
3,Templo Espiritualista Trinitario Mariano Paz Amor Y Tranquil,negocio,148,18.467756,-97.397529,https://mitehuacan.mx/?ruta=11
3,Multiformas Impresos,negocio,149,18.467296,-97.400353,https://mitehuacan.mx/?ruta=11
3,Asesoria Juridica,negocio,150,18.457445,-97.38818,https://mitehuacan.mx/?ruta=11
3,Taller De Torno,negocio,150,18.458054,-97.395919,https://mitehuacan.mx/?ruta=11
3,Paleteria La Guadalupana,nieves,1,18.460241,-97.409423,https://mitehuacan.mx/?ruta=11
3,Neveria Y Heladeria La Michoacana,nieves,2,18.457543,-97.391232,https://mitehuacan.mx/?ruta=11
3,Helados Bambi,nieves,20,18.457546,-97.389414,https://mitehuacan.mx/?ruta=11
3,Paleteria Sin Nombre,nieves,68,18.461395,-97.407502,https://mitehuacan.mx/?ruta=11
3,Helados Y Paletas De La Rosa,nieves,70,18.457627,-97.408913,https://mitehuacan.mx/?ruta=11
3,La flor del desierto,nieves,70,18.458158,-97.392406,https://mitehuacan.mx/?ruta=11
3,Paleteria Y Neveria La Michoacana,nieves,101,18.456583,-97.389378,https://mitehuacan.mx/?ruta=11
3,Paleteria La Michoacana,nieves,114,18.462857,-97.390588,https://mitehuacan.mx/?ruta=11
3,Choco Paletas,nieves,119,18.461061,-97.390667,https://mitehuacan.mx/?ruta=11
3,Papeleria Y Neveria La Michoacana,nieves,131,18.46244,-97.390763,https://mitehuacan.mx/?ruta=11
3,Notaria Publica No. 8,notaría,80,18.462364,-97.39846,https://mitehuacan.mx/?ruta=11
3,Notaria Publica N 1 Distrito Judicial Tehuacan Puebla,notaría,99,18.462145,-97.397262,https://mitehuacan.mx/?ruta=11
3,Moto Lite Envios Tehuacan,paquetería,8,18.465068,-97.396823,https://mitehuacan.mx/?ruta=11
3,Psc - Tehuacan Centro,paquetería,15,18.463186,-97.397493,https://mitehuacan.mx/?ruta=11
3,Servicio De Paqueteria Odm Express,paquetería,97,18.462181,-97.397755,https://mitehuacan.mx/?ruta=11
3,Fedex,paquetería,116,18.462174,-97.395841,https://mitehuacan.mx/?ruta=11
3,Scm Operaciones Pba,paquetería,118,18.466866,-97.390551,https://mitehuacan.mx/?ruta=11
3,Sin Esperar Servicio De Reparto,paquetería,129,18.458694,-97.392,https://mitehuacan.mx/?ruta=11
3,Fedex,paquetería,137,18.459007,-97.38828,https://mitehuacan.mx/?ruta=11
3,La Pedrera,parque,8,18.456693,-97.39742,https://mitehuacan.mx/?ruta=11
3,Monumento Ferrocarril,parque,11,18.463108,-97.401339,https://mitehuacan.mx/?ruta=11
3,Rotonda Sarabia,parque,16,18.472346,-97.391334,https://mitehuacan.mx/?ruta=11
3,Parque El Riego,parque,60,18.454343,-97.406695,https://mitehuacan.mx/?ruta=11
3,Virgen,parque,62,18.459229,-97.408936,https://mitehuacan.mx/?ruta=11
3,Parque Av. del Maestro,parque,74,18.459518,-97.40847,https://mitehuacan.mx/?ruta=11
3,Parque Skate Tehuacan,parque,75,18.462506,-97.400828,https://mitehuacan.mx/?ruta=11
3,Parque Arcadia,parque,115,18.461797,-97.405746,https://mitehuacan.mx/?ruta=11
3,Parque Av 7 Poniemte,parque,145,18.457051,-97.405628,https://mitehuacan.mx/?ruta=11
3,Sweet Nails,perfumería,1,18.460241,-97.409423,https://mitehuacan.mx/?ruta=11
3,Tienda De Perfumes Y Esencias Inspiracion,perfumería,6,18.462717,-97.389454,https://mitehuacan.mx/?ruta=11
3,Venta De Cosmeticos Y Accesorios,perfumería,8,18.460278,-97.389477,https://mitehuacan.mx/?ruta=11
3,Venta De Maquillaje Y Juguetes,perfumería,13,18.472596,-97.391257,https://mitehuacan.mx/?ruta=11
3,Estetica Alexis Salazar,perfumería,17,18.460372,-97.409096,https://mitehuacan.mx/?ruta=11
3,Distribuidora De Tintes Kulver,perfumería,19,18.459924,-97.389378,https://mitehuacan.mx/?ruta=11
3,Novedades Karina,perfumería,20,18.461799,-97.389342,https://mitehuacan.mx/?ruta=11
3,Oficina De Jafra,perfumería,20,18.461311,-97.389346,https://mitehuacan.mx/?ruta=11
3,Venta De Cosmeticos Despacho 8 Sin Nombre,perfumería,20,18.461293,-97.389346,https://mitehuacan.mx/?ruta=11
3,Compra Venta De Productos De Belleza Y Barberias Distribuido,perfumería,23,18.458623,-97.389801,https://mitehuacan.mx/?ruta=11
3,Nails Cosmetics Tehuacan,perfumería,24,18.46491,-97.389703,https://mitehuacan.mx/?ruta=11
3,Tienda De Uñas Sublime,perfumería,37,18.457704,-97.393686,https://mitehuacan.mx/?ruta=11
3,Yatzah Venta De Productos Para Uñas,perfumería,44,18.456261,-97.395036,https://mitehuacan.mx/?ruta=11
3,Venta De Accesorios Para Uñas Y Cosmeticos Georgia,perfumería,62,18.461555,-97.388943,https://mitehuacan.mx/?ruta=11
3,Perfumes Y Esencias Hans Collection,perfumería,73,18.458183,-97.391574,https://mitehuacan.mx/?ruta=11
3,Venta De Cosmeticos Sin Nombre,perfumería,73,18.456201,-97.399872,https://mitehuacan.mx/?ruta=11
3,Bodega De Articulos De Belleza Kaprich,perfumería,80,18.461501,-97.390292,https://mitehuacan.mx/?ruta=11
3,Bodega De Articulos Para Belleza Kaprich,perfumería,80,18.461501,-97.390292,https://mitehuacan.mx/?ruta=11
3,Bodega De Kaprich,perfumería,80,18.461501,-97.390292,https://mitehuacan.mx/?ruta=11
3,Productos De Belleza Sin Nombre,perfumería,80,18.461501,-97.390292,https://mitehuacan.mx/?ruta=11
3,Venta De Material Para Uñas Sin Nombre,perfumería,82,18.465883,-97.39023,https://mitehuacan.mx/?ruta=11
3,Cosmeticos Accesorios Y Algo Mas Buva,perfumería,120,18.461686,-97.390664,https://mitehuacan.mx/?ruta=11
3,Articulos Para Velleza Estilos,perfumería,121,18.462859,-97.390654,https://mitehuacan.mx/?ruta=11
3,Bodega De Articulos De Belleza Circulo B,perfumería,121,18.462859,-97.390654,https://mitehuacan.mx/?ruta=11
3,Tienda De Articulos De Belleza Circulo B,perfumería,121,18.462859,-97.390654,https://mitehuacan.mx/?ruta=11
3,Escencias Y Perfumes Europeos,perfumería,123,18.462149,-97.402727,https://mitehuacan.mx/?ruta=11
3,Venta De Cosmeticos Magic Glam,perfumería,128,18.458677,-97.391345,https://mitehuacan.mx/?ruta=11
3,Tienda De Cosmeticos Mi Central De Mayoreo,perfumería,132,18.462631,-97.390767,https://mitehuacan.mx/?ruta=11
3,Tienda De Articulos De Belleza Karina,perfumería,134,18.461929,-97.390799,https://mitehuacan.mx/?ruta=11
3,Tienda De Productos De Belleza Kaprich,perfumería,143,18.462051,-97.390881,https://mitehuacan.mx/?ruta=11
3,Venta De Pintura Y Pastas Texturiedos Textuplax,pinturas,78,18.458225,-97.39147,https://mitehuacan.mx/?ruta=11
3,Plaza Kristal Tehuacán,plaza,111,18.462826,-97.390568,https://mitehuacan.mx/?ruta=11
3,Venta De Pollo,pollería,1,18.460203,-97.408513,https://mitehuacan.mx/?ruta=11
3,Polleria Male,pollería,2,18.451974,-97.406684,https://mitehuacan.mx/?ruta=11
3,Polleria San Rafael,pollería,2,18.468693,-97.39893,https://mitehuacan.mx/?ruta=11
3,Polleria Sin Nombre,pollería,2,18.477265,-97.392646,https://mitehuacan.mx/?ruta=11
3,Polleria Don Pollo,pollería,3,18.455016,-97.404902,https://mitehuacan.mx/?ruta=11
3,Venta De Pollo En Piezas Itzel,pollería,3,18.454963,-97.409725,https://mitehuacan.mx/?ruta=11
3,Compra Venta De Pollo Sin Nombre,pollería,5,18.455294,-97.404829,https://mitehuacan.mx/?ruta=11
3,Venta De Pollo Bon Chicken,pollería,5,18.465107,-97.397955,https://mitehuacan.mx/?ruta=11
3,Distribuidora Avicola Caballero,pollería,7,18.458547,-97.38952,https://mitehuacan.mx/?ruta=11
3,Polleria La Suprema,pollería,7,18.465085,-97.397325,https://mitehuacan.mx/?ruta=11
3,Polleria Sagat,pollería,7,18.46621,-97.389384,https://mitehuacan.mx/?ruta=11
3,Patsa Pollo De Tehuacan,pollería,8,18.475093,-97.39599,https://mitehuacan.mx/?ruta=11
3,Polleria Bezaleel,pollería,8,18.457455,-97.391738,https://mitehuacan.mx/?ruta=11
3,Polleria Pollones,pollería,8,18.454795,-97.409674,https://mitehuacan.mx/?ruta=11
3,Polleria La Paz,pollería,9,18.464418,-97.389399,https://mitehuacan.mx/?ruta=11
3,Polleria Bere,pollería,15,18.453117,-97.406438,https://mitehuacan.mx/?ruta=11
3,Polleria Sarabia,pollería,18,18.47338,-97.390186,https://mitehuacan.mx/?ruta=11
3,Polleria San Jose,pollería,22,18.469266,-97.398683,https://mitehuacan.mx/?ruta=11
3,Polleria Cumplida,pollería,26,18.451026,-97.404731,https://mitehuacan.mx/?ruta=11
3,Polleria Crudi Pollo,pollería,33,18.462954,-97.389826,https://mitehuacan.mx/?ruta=11
3,Distribuidora De Pollo Y Huevo San Antonio,pollería,41,18.457115,-97.389529,https://mitehuacan.mx/?ruta=11
3,Polleria Feli,pollería,47,18.473929,-97.388944,https://mitehuacan.mx/?ruta=11
3,Polleria Nicks,pollería,60,18.456883,-97.40908,https://mitehuacan.mx/?ruta=11
3,Polleria Guille,pollería,61,18.466076,-97.398003,https://mitehuacan.mx/?ruta=11
3,Super Polleria Zaragoza,pollería,61,18.465867,-97.398012,https://mitehuacan.mx/?ruta=11
3,Polleria El Gordito,pollería,63,18.45067,-97.404636,https://mitehuacan.mx/?ruta=11
3,Pollos Nicks,pollería,70,18.456178,-97.398687,https://mitehuacan.mx/?ruta=11
3,Polleria Jimmy,pollería,72,18.466271,-97.397891,https://mitehuacan.mx/?ruta=11
3,Polleria Crudi Pollo,pollería,73,18.466344,-97.397887,https://mitehuacan.mx/?ruta=11
3,Polleria Los Polluelos,pollería,73,18.456201,-97.399872,https://mitehuacan.mx/?ruta=11
3,Polleria Socorro,pollería,73,18.456201,-97.399872,https://mitehuacan.mx/?ruta=11
3,Venta De Pollo Mi Juquilita,pollería,73,18.456201,-97.399872,https://mitehuacan.mx/?ruta=11
3,Polleria Adris,pollería,74,18.454743,-97.409047,https://mitehuacan.mx/?ruta=11
3,Polleria El Divino Niño,pollería,74,18.453094,-97.40289,https://mitehuacan.mx/?ruta=11
3,Polleria Y Venta De Verduras,pollería,98,18.457245,-97.403224,https://mitehuacan.mx/?ruta=11
3,Rosticeria Pollo Alegre,pollería,99,18.451042,-97.408485,https://mitehuacan.mx/?ruta=11
3,Polleria Karina,pollería,119,18.475307,-97.388964,https://mitehuacan.mx/?ruta=11
3,Compra Venta De Pollo Fresco,pollería,126,18.465962,-97.390645,https://mitehuacan.mx/?ruta=11
3,Venta De Pollo Fresco Sin Nombre,pollería,129,18.460825,-97.388323,https://mitehuacan.mx/?ruta=11
3,Polleria Jacarandas,pollería,131,18.474188,-97.398905,https://mitehuacan.mx/?ruta=11
3,Venta De Pollos Patsa,pollería,136,18.457163,-97.405113,https://mitehuacan.mx/?ruta=11
3,Polleria Luna,pollería,140,18.450683,-97.407599,https://mitehuacan.mx/?ruta=11
3,Polleria Tere,pollería,141,18.450021,-97.404994,https://mitehuacan.mx/?ruta=11
3,Venta De Pollo Fresco Sin Nombre,pollería,146,18.460819,-97.388162,https://mitehuacan.mx/?ruta=11
3,Polleria Sin Nombre,pollería,149,18.475025,-97.399029,https://mitehuacan.mx/?ruta=11
3,Agencia Creativa De Publicidad Feedbach Agency,publicidad,78,18.463134,-97.395778,https://mitehuacan.mx/?ruta=11
3,Megaprint,publicidad,82,18.46497,-97.395716,https://mitehuacan.mx/?ruta=11
3,Agencia De Publicidad Publi Max,publicidad,133,18.458409,-97.394237,https://mitehuacan.mx/?ruta=11
3,Venta De Dulces Sin Nombre,purificadora,20,18.461256,-97.389345,https://mitehuacan.mx/?ruta=11
3,Tendajon Sin Nombre,purificadora,52,18.473853,-97.390328,https://mitehuacan.mx/?ruta=11
3,Deposito Tehuacan,purificadora,62,18.477602,-97.397455,https://mitehuacan.mx/?ruta=11
3,Venta Refrescos Sin Nombre,purificadora,62,18.461575,-97.388942,https://mitehuacan.mx/?ruta=11
3,Compra Venta De Jugos Refrescos Y Dulces Ponce,purificadora,72,18.462968,-97.390195,https://mitehuacan.mx/?ruta=11
3,Venta De Garrafones De Agua Sin Nombre,purificadora,94,18.462307,-97.400305,https://mitehuacan.mx/?ruta=11
3,Tienda De Refrescos La China,purificadora,96,18.463055,-97.390421,https://mitehuacan.mx/?ruta=11
3,Miscelanea Bety,purificadora,115,18.471308,-97.392021,https://mitehuacan.mx/?ruta=11
3,Distribuidora Y Productora Blanco,purificadora,125,18.475209,-97.391576,https://mitehuacan.mx/?ruta=11
3,Beauty Colors,regalos,1,18.473117,-97.390258,https://mitehuacan.mx/?ruta=11
3,Papeleria Y Novedades Marisol,regalos,1,18.456226,-97.403838,https://mitehuacan.mx/?ruta=11
3,Curiosidadades Rana,regalos,4,18.45376,-97.406396,https://mitehuacan.mx/?ruta=11
3,Tienda De Regalos Candy Detalitos,regalos,5,18.463147,-97.398813,https://mitehuacan.mx/?ruta=11
3,Tienda De Regalos Sin Nombre,regalos,6,18.467893,-97.38936,https://mitehuacan.mx/?ruta=11
3,Compra Venta De Articulos Para Fiestas Divertiglobo,regalos,7,18.457731,-97.389527,https://mitehuacan.mx/?ruta=11
3,Novedades Alis,regalos,7,18.462011,-97.38946,https://mitehuacan.mx/?ruta=11
3,Novedades Bodega De Mayoreo,regalos,7,18.461658,-97.389463,https://mitehuacan.mx/?ruta=11
3,Novedades Sin Nombre,regalos,7,18.461396,-97.389466,https://mitehuacan.mx/?ruta=11
3,Venta De Novedades Relojeria Cano,regalos,7,18.461731,-97.389463,https://mitehuacan.mx/?ruta=11
3,Compra De Articulos Para Fiestas Party Sofi,regalos,8,18.463724,-97.389418,https://mitehuacan.mx/?ruta=11
3,Novedades,regalos,8,18.45742,-97.390306,https://mitehuacan.mx/?ruta=11
3,Regalos De Corazon,regalos,8,18.457455,-97.391785,https://mitehuacan.mx/?ruta=11
3,Venta De Regalos,regalos,8,18.456783,-97.396096,https://mitehuacan.mx/?ruta=11
3,Desayunos Sorpresa Creatingbmemories,regalos,9,18.463927,-97.396422,https://mitehuacan.mx/?ruta=11
3,Fastacias Y Regalos Anime History,regalos,9,18.458744,-97.389497,https://mitehuacan.mx/?ruta=11
3,Tienda De Regalos Sin Nombre,regalos,10,18.477085,-97.392756,https://mitehuacan.mx/?ruta=11
3,Novedades Y Regalos Michelle,regalos,13,18.473328,-97.389771,https://mitehuacan.mx/?ruta=11
3,Tienda De Articulos Para Fiesta Deseo Globos,regalos,13,18.464908,-97.389599,https://mitehuacan.mx/?ruta=11
3,Tienda De Novedades Tula,regalos,14,18.468678,-97.389265,https://mitehuacan.mx/?ruta=11
3,Tienda De Regalos,regalos,17,18.460372,-97.409096,https://mitehuacan.mx/?ruta=11
3,Gran Plaza Comercial Los Barateros,regalos,19,18.45957,-97.389382,https://mitehuacan.mx/?ruta=11
3,Novedades Valeria,regalos,19,18.460116,-97.389376,https://mitehuacan.mx/?ruta=11
3,Novedades Angel,regalos,20,18.458849,-97.389391,https://mitehuacan.mx/?ruta=11
3,Regalo Magico Tehuacan,regalos,20,18.461274,-97.389346,https://mitehuacan.mx/?ruta=11
3,Venta De Articulos De Temporada Sin Nombre,regalos,20,18.458759,-97.389392,https://mitehuacan.mx/?ruta=11
3,Venta De Regalos Sin Nombre,regalos,20,18.456648,-97.399096,https://mitehuacan.mx/?ruta=11
3,Venta De Accesorios Varios Centro Mayorista,regalos,21,18.46265,-97.389321,https://mitehuacan.mx/?ruta=11
3,Venta De Juguetes Regalos Y Articulos De Toda Temporada Sono,regalos,21,18.46122,-97.389344,https://mitehuacan.mx/?ruta=11
3,Venta De Articulos Decorac,regalos,22,18.463437,-97.402048,https://mitehuacan.mx/?ruta=11
3,Articulos De Fiesta Celebra By Party Land,regalos,23,18.463612,-97.406302,https://mitehuacan.mx/?ruta=11
3,Novedades Y Regalos Sin Nombre,regalos,25,18.457757,-97.392448,https://mitehuacan.mx/?ruta=11
3,Venta De Accesorios Electronicos Importaciones Marin,regalos,28,18.458733,-97.389845,https://mitehuacan.mx/?ruta=11
3,Venta De Regalos Sin Nombre,regalos,32,18.463405,-97.399197,https://mitehuacan.mx/?ruta=11
3,Venta De Novedades Sin Nombre,regalos,33,18.457262,-97.393718,https://mitehuacan.mx/?ruta=11
3,Venta De Novedades La Vida Es Bella,regalos,37,18.457704,-97.393686,https://mitehuacan.mx/?ruta=11
3,Gran Plaza Comercial Los Barateros,regalos,38,18.458628,-97.389943,https://mitehuacan.mx/?ruta=11
3,Novedades Y Regalos Sol,regalos,40,18.456764,-97.410079,https://mitehuacan.mx/?ruta=11
3,Venta De Articulos De Temporada Sin Nombre,regalos,40,18.461558,-97.389152,https://mitehuacan.mx/?ruta=11
3,Novedades Sin Nombre,regalos,43,18.453562,-97.410045,https://mitehuacan.mx/?ruta=11
3,Centro Comercial Los Barateros,regalos,50,18.458631,-97.390057,https://mitehuacan.mx/?ruta=11
3,Novedades Y Regalos Michelle,regalos,51,18.457155,-97.395856,https://mitehuacan.mx/?ruta=11
3,Tienda De Globos Globimagic,regalos,54,18.464834,-97.38999,https://mitehuacan.mx/?ruta=11
3,Papeleria Miky,regalos,62,18.468917,-97.388809,https://mitehuacan.mx/?ruta=11
3,Fara Novedades,regalos,65,18.470304,-97.398238,https://mitehuacan.mx/?ruta=11
3,Tienda De Novedades Y Regalos Mixia,regalos,65,18.456136,-97.39657,https://mitehuacan.mx/?ruta=11
3,Novedades Guiza,regalos,66,18.467288,-97.398313,https://mitehuacan.mx/?ruta=11
3,Novedades Bolaños,regalos,67,18.462843,-97.390143,https://mitehuacan.mx/?ruta=11
3,Novedades Y Regalos Qualitas,regalos,69,18.457717,-97.40892,https://mitehuacan.mx/?ruta=11
3,Novedades Y Venta De Ropa La Maestra De Las Ofertas,regalos,73,18.456201,-97.399872,https://mitehuacan.mx/?ruta=11
3,Plasticos Y Novedades Sin Nombre,regalos,73,18.456201,-97.399872,https://mitehuacan.mx/?ruta=11
3,Venta De Articulos Varios,regalos,73,18.456201,-97.399872,https://mitehuacan.mx/?ruta=11
3,Venta De Novedades Manualidades Y Artesanias Yireth,regalos,73,18.456201,-97.399872,https://mitehuacan.mx/?ruta=11
3,Venta De Novedades Sin Nombre,regalos,73,18.456201,-97.399872,https://mitehuacan.mx/?ruta=11
3,Venta De Novedades Y Dulces Sin Nombre,regalos,73,18.456201,-97.399872,https://mitehuacan.mx/?ruta=11
3,Tienda De Novedades,regalos,75,18.456844,-97.3916,https://mitehuacan.mx/?ruta=11
3,De Corazon Regalos,regalos,76,18.462329,-97.407522,https://mitehuacan.mx/?ruta=11
3,Bodega De Tienda De Novedades Y Accesorios Buva,regalos,80,18.461501,-97.390292,https://mitehuacan.mx/?ruta=11
3,Tienda De Accesorios Buva Mayoristas,regalos,80,18.461501,-97.390292,https://mitehuacan.mx/?ruta=11
3,Novedades Make Up Store,regalos,86,18.461582,-97.390346,https://mitehuacan.mx/?ruta=11
3,Bonetria Y Novedades My Pink House,regalos,89,18.460745,-97.388706,https://mitehuacan.mx/?ruta=11
3,Tienda De Globos Globifiesta,regalos,91,18.462351,-97.4005,https://mitehuacan.mx/?ruta=11
3,Tienda De Regalos Party Mix,regalos,91,18.462974,-97.390375,https://mitehuacan.mx/?ruta=11
3,Venta De Novedades Sin Nombre,regalos,91,18.455669,-97.401797,https://mitehuacan.mx/?ruta=11
3,Distribuidora Lalo,regalos,99,18.461584,-97.39047,https://mitehuacan.mx/?ruta=11
3,Venta De Chucherias Bazar,regalos,106,18.47168,-97.392323,https://mitehuacan.mx/?ruta=11
3,Novedades Miguelin,regalos,107,18.462784,-97.388503,https://mitehuacan.mx/?ruta=11
3,Venta De Articulos De Regalo Sn Nombre,regalos,110,18.464817,-97.400057,https://mitehuacan.mx/?ruta=11
3,Novedades Angelito,regalos,116,18.459214,-97.390668,https://mitehuacan.mx/?ruta=11
3,Novedades Sin Nombre,regalos,116,18.459676,-97.390666,https://mitehuacan.mx/?ruta=11
3,Articulos Y Novedades Vero,regalos,117,18.460346,-97.390664,https://mitehuacan.mx/?ruta=11
3,Jugueteria Smiles,regalos,117,18.459975,-97.390664,https://mitehuacan.mx/?ruta=11
3,Novedades Nepta,regalos,117,18.456427,-97.410822,https://mitehuacan.mx/?ruta=11
3,Jugueteria Y Novedades Angelito,regalos,118,18.460527,-97.390664,https://mitehuacan.mx/?ruta=11
3,Electronica Y Novedades Memin,regalos,119,18.461586,-97.390659,https://mitehuacan.mx/?ruta=11
3,Tienda De Accesorios Lovely,regalos,120,18.464867,-97.388338,https://mitehuacan.mx/?ruta=11
3,Almacen De Central De Mayoreo,regalos,121,18.462859,-97.390654,https://mitehuacan.mx/?ruta=11
3,Novedades,regalos,122,18.456406,-97.410872,https://mitehuacan.mx/?ruta=11
3,Novedades Diamond Gifts,regalos,125,18.455513,-97.394611,https://mitehuacan.mx/?ruta=11
3,Novedades Mickie,regalos,125,18.45631,-97.40853,https://mitehuacan.mx/?ruta=11
3,Venta De Novedades Sin Nombre,regalos,125,18.458651,-97.39147,https://mitehuacan.mx/?ruta=11
3,Venta De Regalos Y Novedades Theots,regalos,125,18.458662,-97.392716,https://mitehuacan.mx/?ruta=11
3,Novedades Key,regalos,127,18.458666,-97.391061,https://mitehuacan.mx/?ruta=11
3,Novedades Rossinova,regalos,129,18.458694,-97.392,https://mitehuacan.mx/?ruta=11
3,Tienda De Regalos Sin Nombre,regalos,132,18.462667,-97.390769,https://mitehuacan.mx/?ruta=11
3,Sweet And Delicius,regalos,133,18.458726,-97.393203,https://mitehuacan.mx/?ruta=11
3,Tienda De Novedades Sin Nombre,regalos,135,18.461786,-97.39658,https://mitehuacan.mx/?ruta=11
3,Tienda De Juguetes Toys Selectos,regalos,137,18.462863,-97.390806,https://mitehuacan.mx/?ruta=11
3,Tienda Ee Regalos Dona Petit Tehuacan,regalos,137,18.461833,-97.398111,https://mitehuacan.mx/?ruta=11
3,Tienda De Novedades Coquette,regalos,138,18.458765,-97.391029,https://mitehuacan.mx/?ruta=11
3,Tienda De Regalos Y Novedades Alix Fashion,regalos,138,18.458768,-97.391124,https://mitehuacan.mx/?ruta=11
3,Tienda De Novedades Sin Nombre,regalos,141,18.458799,-97.392309,https://mitehuacan.mx/?ruta=11
3,La Casita,regalos,142,18.465881,-97.390799,https://mitehuacan.mx/?ruta=11
3,Love Kawaii,regalos,142,18.460359,-97.410833,https://mitehuacan.mx/?ruta=11
3,Tienda De Regalos Shantal,regalos,144,18.458748,-97.393848,https://mitehuacan.mx/?ruta=11
3,Rotulos Aguilar,rótulos,0,18.470013,-97.398867,https://mitehuacan.mx/?ruta=11
3,Impresiones Mundo Grafico,rótulos,44,18.472011,-97.391848,https://mitehuacan.mx/?ruta=11
3,Tlani Agencia De Publicidad,rótulos,108,18.471166,-97.397787,https://mitehuacan.mx/?ruta=11
3,Anuncios Expression,rótulos,120,18.457371,-97.388468,https://mitehuacan.mx/?ruta=11
3,Estetica Canina Sin Nombre,servicio,0,18.473382,-97.397701,https://mitehuacan.mx/?ruta=11
3,Oficina De Arquitectura Sin Nombre,servicio,1,18.464991,-97.396968,https://mitehuacan.mx/?ruta=11
3,Organismo Operador Del Servicio De Limpia De Tehuacan,servicio,1,18.463486,-97.39652,https://mitehuacan.mx/?ruta=11
3,Servicios Veterinarios Keiko,servicio,1,18.456575,-97.402342,https://mitehuacan.mx/?ruta=11
3,Consultoria Empresarial Especializada,servicio,4,18.463098,-97.397743,https://mitehuacan.mx/?ruta=11
3,Oficina De Asesoria De Pensiones Sin Nombre,servicio,5,18.463055,-97.398709,https://mitehuacan.mx/?ruta=11
3,Asociacion Ganadera Local De Tehuacan,servicio,6,18.475223,-97.393635,https://mitehuacan.mx/?ruta=11
3,Servicio De Asesoria De Seguridad E Higiene,servicio,6,18.467766,-97.389361,https://mitehuacan.mx/?ruta=11
3,Clases De Regularizacion E Ingles,servicio,7,18.466444,-97.398501,https://mitehuacan.mx/?ruta=11
3,Desarrollo Logistico,servicio,7,18.474601,-97.395749,https://mitehuacan.mx/?ruta=11
3,Paqueteria Chila Travel Usa Mex,servicio,7,18.457461,-97.392127,https://mitehuacan.mx/?ruta=11
3,Kumon Cursos Matematicos,servicio,9,18.463237,-97.404075,https://mitehuacan.mx/?ruta=11
3,Star Emision De Carnales Para Television,servicio,9,18.456777,-97.402435,https://mitehuacan.mx/?ruta=11
3,Logistica Y Construccion,servicio,13,18.47524,-97.3963,https://mitehuacan.mx/?ruta=11
3,Centro De Regularizacion Escolar Club De Aprendizaje Las Let,servicio,14,18.468823,-97.389264,https://mitehuacan.mx/?ruta=11
3,Servicio De Ingenieria Nidilexa,servicio,15,18.468271,-97.389267,https://mitehuacan.mx/?ruta=11
3,Club De Ciencias Basicas De Tehuacan,servicio,16,18.463265,-97.399255,https://mitehuacan.mx/?ruta=11
3,Gualala Pet Boutique,servicio,17,18.460369,-97.409058,https://mitehuacan.mx/?ruta=11
3,Telmex Tehuacan,servicio,17,18.463054,-97.396351,https://mitehuacan.mx/?ruta=11
3,Estetica Canina Gualala,servicio,19,18.461378,-97.407041,https://mitehuacan.mx/?ruta=11
3,Servicios Y Maniobras Del Valle De Tehuacan,servicio,21,18.463488,-97.403616,https://mitehuacan.mx/?ruta=11
3,Caseta Telefonica Globalfom,servicio,22,18.460921,-97.389337,https://mitehuacan.mx/?ruta=11
3,Megacable,servicio,23,18.463617,-97.406359,https://mitehuacan.mx/?ruta=11
3,Seguridad Privada Damar,servicio,23,18.463612,-97.406302,https://mitehuacan.mx/?ruta=11
3,Lectura Del Tarot Osiris,servicio,24,18.462819,-97.389289,https://mitehuacan.mx/?ruta=11
3,Aprendiendo Juntos,servicio,26,18.453581,-97.408897,https://mitehuacan.mx/?ruta=11
3,2Red Telecomunicaciones Servicio De Internet,servicio,36,18.456402,-97.396674,https://mitehuacan.mx/?ruta=11
3,Enlaces Inhalambricos Intersistemas,servicio,39,18.463756,-97.40622,https://mitehuacan.mx/?ruta=11
3,Specsa Servicios De Computo,servicio,42,18.461352,-97.406464,https://mitehuacan.mx/?ruta=11
3,Santeria,servicio,45,18.457928,-97.393299,https://mitehuacan.mx/?ruta=11
3,Alternativas Psicopedagogicas Apsy,servicio,46,18.471933,-97.391809,https://mitehuacan.mx/?ruta=11
3,Gesti Mas Corporativo,servicio,49,18.462569,-97.396441,https://mitehuacan.mx/?ruta=11
3,Coth55_Guarda Equipaje,servicio,55,18.463041,-97.395993,https://mitehuacan.mx/?ruta=11
3,Eventos Sociales Gari Espectaculos,servicio,59,18.450727,-97.404731,https://mitehuacan.mx/?ruta=11
3,Estetica Canina Mi Mejor Amigo,servicio,60,18.465521,-97.396459,https://mitehuacan.mx/?ruta=11
3,Asesoria A Derecho Habientes Mejoravit,servicio,64,18.464835,-97.390085,https://mitehuacan.mx/?ruta=11
3,Megacable,servicio,64,18.45692,-97.390542,https://mitehuacan.mx/?ruta=11
3,Servicio Panamericano De Proteccion,servicio,64,18.474384,-97.392163,https://mitehuacan.mx/?ruta=11
3,Fumigaciones Sin Nombre,servicio,67,18.464815,-97.388843,https://mitehuacan.mx/?ruta=11
3,Grafox Producciones Publicidad,servicio,68,18.471283,-97.39127,https://mitehuacan.mx/?ruta=11
3,Sky Visatel,servicio,71,18.46237,-97.396451,https://mitehuacan.mx/?ruta=11
3,Calensol,servicio,72,18.471552,-97.399473,https://mitehuacan.mx/?ruta=11
3,Despacho De Arquitectos Celerino,servicio,72,18.471552,-97.399473,https://mitehuacan.mx/?ruta=11
3,Renta De Inflables Y Rockolas,servicio,72,18.462968,-97.390195,https://mitehuacan.mx/?ruta=11
3,Oficina Proyectos Inmobiliarios,servicio,73,18.464459,-97.399036,https://mitehuacan.mx/?ruta=11
3,Transportes Integrados Nacionales E Internacionales,servicio,74,18.45705,-97.410393,https://mitehuacan.mx/?ruta=11
3,Gruas Garbo,servicio,76,18.463945,-97.402571,https://mitehuacan.mx/?ruta=11
3,Oficina Documentacion De Escrituras Sin Nombre,servicio,82,18.464089,-97.397278,https://mitehuacan.mx/?ruta=11
3,Servicios De Mantenimiento Oriente,servicio,82,18.458696,-97.388804,https://mitehuacan.mx/?ruta=11
3,El Riego De Tehuacán,servicio,86,18.459381,-97.407825,https://mitehuacan.mx/?ruta=11
3,Oficina De Arquitecto Carlos Olaya Lajud,servicio,93,18.471042,-97.391369,https://mitehuacan.mx/?ruta=11
3,Exterminador Para Plaga,servicio,94,18.46024,-97.406027,https://mitehuacan.mx/?ruta=11
3,Oficinas Administrativas Sin Nombre,servicio,96,18.471912,-97.399676,https://mitehuacan.mx/?ruta=11
3,Despacho De Arquitectjea Tort Arquitectura,servicio,100,18.465036,-97.395543,https://mitehuacan.mx/?ruta=11
3,Servicio De Seguridad Industrial Y Capacitacion De Brigadas ,servicio,104,18.462213,-97.4002,https://mitehuacan.mx/?ruta=11
3,Estetica Canina Vets Can,servicio,108,18.456545,-97.391303,https://mitehuacan.mx/?ruta=11
3,Prestadores De Servicios Sin Nombre,servicio,114,18.456491,-97.392235,https://mitehuacan.mx/?ruta=11
3,Paleui Centro De Desarollo Academico Tehuacan,servicio,117,18.467243,-97.400056,https://mitehuacan.mx/?ruta=11
3,Promagic Instalacion De Cercas,servicio,117,18.472999,-97.399597,https://mitehuacan.mx/?ruta=11
3,Gruas Guadalupe,servicio,118,18.458576,-97.388465,https://mitehuacan.mx/?ruta=11
3,Entorno Arquitectura,servicio,119,18.460354,-97.410615,https://mitehuacan.mx/?ruta=11
3,Servicios De Mantenimiento Oriente Sa De Cv,servicio,119,18.458675,-97.388452,https://mitehuacan.mx/?ruta=11
3,Bodega De Autos Gruas Gam,servicio,121,18.464494,-97.406086,https://mitehuacan.mx/?ruta=11
3,G Y G Prevencion Proteccion Civil Y Medio Ambiente,servicio,125,18.464955,-97.395309,https://mitehuacan.mx/?ruta=11
3,Centros De Integracion Juvenil,servicio,129,18.455109,-97.402937,https://mitehuacan.mx/?ruta=11
3,Oficina Administrativa Pamec Telcel,servicio,129,18.458451,-97.394128,https://mitehuacan.mx/?ruta=11
3,Sitarteh Soluciones Industriales,servicio,135,18.470297,-97.39122,https://mitehuacan.mx/?ruta=11
3,Oficinas Administrativas De Musical Sinfonia,servicio,137,18.461459,-97.409107,https://mitehuacan.mx/?ruta=11
3,Fems Center,servicio,145,18.47119,-97.397027,https://mitehuacan.mx/?ruta=11
3,Estetica Canina Cachorros,servicio,147,18.465174,-97.400453,https://mitehuacan.mx/?ruta=11
3,Pozo Concordia,servicio de agua,41,18.452867,-97.404409,https://mitehuacan.mx/?ruta=11
3,Asociación Social Comunitaria Fovissste Garci Crespo,servicio de agua,118,18.470943,-97.397708,https://mitehuacan.mx/?ruta=11
3,Venta De Rollos De Palma,telas,7,18.467849,-97.398861,https://mitehuacan.mx/?ruta=11
3,Distribuidora Hermont,telas,50,18.460665,-97.409657,https://mitehuacan.mx/?ruta=11
3,Telas Mym,telas,59,18.458064,-97.392727,https://mitehuacan.mx/?ruta=11
3,Distribuidora Hermont,telas,62,18.460782,-97.409652,https://mitehuacan.mx/?ruta=11
3,Cami,telas,63,18.456065,-97.394357,https://mitehuacan.mx/?ruta=11
3,Venta De Hilos Y Avios,telas,78,18.456228,-97.401522,https://mitehuacan.mx/?ruta=11
3,Material Para Confeccion Y Reracion De Ropa Nepps,telas,123,18.455488,-97.393569,https://mitehuacan.mx/?ruta=11
3,Venta De Telas Para Maquilas Sin Nombre,telas,126,18.454932,-97.40685,https://mitehuacan.mx/?ruta=11
3,Telas Parisina 2105 Tehuacan,telas,129,18.458685,-97.391576,https://mitehuacan.mx/?ruta=11
3,Hilos Y Especialidades Pegasus,telas,134,18.458425,-97.394237,https://mitehuacan.mx/?ruta=11
3,Megacable,telecommunication,12,18.457627,-97.393204,https://mitehuacan.mx/?ruta=11
3,Telmex,telecommunication,32,18.462998,-97.396208,https://mitehuacan.mx/?ruta=11
3,Union Turistica Cuicateca,terminal,2,18.457543,-97.391239,https://mitehuacan.mx/?ruta=11
3,Transporte Colectivo Urbano Y Suburbano De Pasajeros En Auto,terminal,6,18.456267,-97.403672,https://mitehuacan.mx/?ruta=11
3,Ruta De Combis Tehuacan Tlaxiaco,terminal,7,18.458247,-97.389523,https://mitehuacan.mx/?ruta=11
3,Base De La Ruta Santa Ana Teloxtoc,terminal,69,18.458184,-97.390239,https://mitehuacan.mx/?ruta=11
3,Transportadora Turistica Yucunitza,terminal,72,18.462968,-97.390195,https://mitehuacan.mx/?ruta=11
3,Transporte Colectivo Urbano Y Suburbano De Pasajeros En Auto,terminal,75,18.454376,-97.409002,https://mitehuacan.mx/?ruta=11
3,Terminal ADO,terminal,75,18.462586,-97.395963,https://mitehuacan.mx/?ruta=11
3,Ruta La Asuncion Tehuacan Azumbilla,terminal,96,18.463028,-97.390421,https://mitehuacan.mx/?ruta=11
3,Zinacatepec-Libram-Tehuacan Zt,terminal,114,18.462976,-97.390594,https://mitehuacan.mx/?ruta=11
3,Terminal AU Valles,terminal,120,18.459072,-97.388441,https://mitehuacan.mx/?ruta=11
3,Anita Mc,tienda,0,18.452251,-97.403603,https://mitehuacan.mx/?ruta=11
3,Carniceria Gordillo,tienda,0,18.451353,-97.404744,https://mitehuacan.mx/?ruta=11
3,Carniceria San Martin,tienda,0,18.451353,-97.404744,https://mitehuacan.mx/?ruta=11
3,Compra Venta De Chiles Secos Y Semillas Adelita,tienda,0,18.455965,-97.404795,https://mitehuacan.mx/?ruta=11
3,Expendio De Pan Sin Nombre,tienda,0,18.456829,-97.399089,https://mitehuacan.mx/?ruta=11
3,Finisterra Puebla,tienda,0,18.463382,-97.405734,https://mitehuacan.mx/?ruta=11
3,Go Life Vive Bien,tienda,0,18.463803,-97.396509,https://mitehuacan.mx/?ruta=11
3,Pintumex,tienda,0,18.463368,-97.405257,https://mitehuacan.mx/?ruta=11
3,Tienda De Pinturas Acuario,tienda,0,18.464978,-97.396541,https://mitehuacan.mx/?ruta=11
3,Venta De Frituras Sin Nombre,tienda,0,18.456829,-97.399089,https://mitehuacan.mx/?ruta=11
3,Venta De Ropa Americana,tienda,0,18.472608,-97.390983,https://mitehuacan.mx/?ruta=11
3,Comerciales Bardahl De Puebla,tienda,1,18.471155,-97.398817,https://mitehuacan.mx/?ruta=11
3,Distribuidora De Productos De Limpieza Tehuacan,tienda,1,18.474982,-97.397631,https://mitehuacan.mx/?ruta=11
3,Expo Azulejo,tienda,1,18.463231,-97.401803,https://mitehuacan.mx/?ruta=11
3,Optica Lumat,tienda,1,18.464454,-97.396487,https://mitehuacan.mx/?ruta=11
3,Optica San Angel,tienda,1,18.464418,-97.396488,https://mitehuacan.mx/?ruta=11
3,Tehuacan Menudeo Suc 178,tienda,1,18.463232,-97.401813,https://mitehuacan.mx/?ruta=11
3,Venta De Productos De Limpieza,tienda,1,18.456203,-97.403925,https://mitehuacan.mx/?ruta=11
3,Carniceria Araceli,tienda,2,18.460242,-97.409262,https://mitehuacan.mx/?ruta=11
3,Tienda De Pinturas Ipesa,tienda,2,18.457526,-97.390568,https://mitehuacan.mx/?ruta=11
3,Tienda Ropa Mala Fama,tienda,2,18.464994,-97.397091,https://mitehuacan.mx/?ruta=11
3,Tirnda Decoraciones Greco,tienda,2,18.464975,-97.396475,https://mitehuacan.mx/?ruta=11
3,Venta De Articulos Ortopedicos Ortopedico Liz,tienda,2,18.464824,-97.396474,https://mitehuacan.mx/?ruta=11
3,Autos Usados Samuray S,tienda,3,18.465017,-97.397726,https://mitehuacan.mx/?ruta=11
3,Bazar Venta De Ropa Usada,tienda,3,18.456958,-97.40146,https://mitehuacan.mx/?ruta=11
3,Compra Venta De Novedades Y Articulos De Limpieza,tienda,3,18.456916,-97.400408,https://mitehuacan.mx/?ruta=11
3,Compra Venta De Todo,tienda,3,18.45665,-97.395465,https://mitehuacan.mx/?ruta=11
3,Cremeria Sanciri,tienda,3,18.473959,-97.389355,https://mitehuacan.mx/?ruta=11
3,Diez Orizaba,tienda,3,18.463378,-97.406135,https://mitehuacan.mx/?ruta=11
3,El Artesano Paqueteria Y Arte,tienda,3,18.457494,-97.393292,https://mitehuacan.mx/?ruta=11
3,Farmacia Omeopatica,tienda,3,18.456667,-97.395777,https://mitehuacan.mx/?ruta=11
3,Ke Papitas Venta De Botanas,tienda,3,18.456971,-97.401801,https://mitehuacan.mx/?ruta=11
3,Limpieza Dogoteh,tienda,3,18.456672,-97.395853,https://mitehuacan.mx/?ruta=11
3,Carniceria Romms,tienda,4,18.46012,-97.409461,https://mitehuacan.mx/?ruta=11
3,Carniceria Rooms,tienda,4,18.460125,-97.409461,https://mitehuacan.mx/?ruta=11
3,Pinturas Y Accesorios Forestales,tienda,4,18.456625,-97.394896,https://mitehuacan.mx/?ruta=11
3,Vinos Y Licores Pomos Y Chelas,tienda,4,18.465025,-97.397944,https://mitehuacan.mx/?ruta=11
3,Articulos De Limpieza Sin Nombre,tienda,5,18.469477,-97.389347,https://mitehuacan.mx/?ruta=11
3,Boutique Chanel,tienda,5,18.475289,-97.392997,https://mitehuacan.mx/?ruta=11
3,Carniceria Lopez,tienda,5,18.45464,-97.409786,https://mitehuacan.mx/?ruta=11
3,Optica Opticenter,tienda,5,18.463069,-97.396814,https://mitehuacan.mx/?ruta=11
3,Pasteleria La Princesa,tienda,5,18.465026,-97.398152,https://mitehuacan.mx/?ruta=11
3,Plasticos Y Deshechables La Inmaculada Concepcion,tienda,5,18.465105,-97.397884,https://mitehuacan.mx/?ruta=11
3,Tienda De Articulos Para Adultos Afrodita Sex-Shop,tienda,5,18.463142,-97.398681,https://mitehuacan.mx/?ruta=11
3,Tienda Pinturas Berel De Tehuacan,tienda,5,18.46314,-97.398633,https://mitehuacan.mx/?ruta=11
3,Venta De Frituras Sin Nombre,tienda,5,18.46983,-97.38935,https://mitehuacan.mx/?ruta=11
3,Venta De Lubricantes Bozen,tienda,5,18.463104,-97.397866,https://mitehuacan.mx/?ruta=11
3,Bazar De Libros Y Articulos Varios Sin Nombre,tienda,6,18.463202,-97.400035,https://mitehuacan.mx/?ruta=11
3,Carniceria Harvest,tienda,6,18.465032,-97.398456,https://mitehuacan.mx/?ruta=11
3,Compra Y Venta De Rebanadas De Pastel,tienda,6,18.465028,-97.398266,https://mitehuacan.mx/?ruta=11
3,Optica Global Vision,tienda,6,18.465101,-97.397789,https://mitehuacan.mx/?ruta=11
3,Optica Mexicana,tienda,6,18.465529,-97.399092,https://mitehuacan.mx/?ruta=11
3,Venta De Higienicos,tienda,6,18.455147,-97.409809,https://mitehuacan.mx/?ruta=11
3,Compra-Venta De Articulos Usados De Remate,tienda,7,18.462075,-97.38946,https://mitehuacan.mx/?ruta=11
3,Cremeria Vaqueritos,tienda,7,18.45793,-97.389526,https://mitehuacan.mx/?ruta=11
3,Frituras Tehuacan,tienda,7,18.457457,-97.391885,https://mitehuacan.mx/?ruta=11
3,La Casa De La Novia Venta De Vestidos Para Fiesta,tienda,7,18.458564,-97.38952,https://mitehuacan.mx/?ruta=11
3,Optica Optivision,tienda,7,18.457713,-97.389527,https://mitehuacan.mx/?ruta=11
3,Oxxo Suc 50Twh Imss Tehuacan Pbf,tienda,7,18.474652,-97.395764,https://mitehuacan.mx/?ruta=11
3,Panaderia Jose Gumaro Pastelin,tienda,7,18.465875,-97.389387,https://mitehuacan.mx/?ruta=11
3,Plasticos Rosita,tienda,7,18.462174,-97.389459,https://mitehuacan.mx/?ruta=11
3,Refaccionaria Vecar,tienda,7,18.466336,-97.389383,https://mitehuacan.mx/?ruta=11
3,Suplementos Alimenticios Mystems Fitness,tienda,7,18.457465,-97.392364,https://mitehuacan.mx/?ruta=11
3,Tienda De Impermeabilizantes Impertec,tienda,7,18.463043,-97.38944,https://mitehuacan.mx/?ruta=11
3,Venta De Ropa Americana Clothes,tienda,7,18.46582,-97.389387,https://mitehuacan.mx/?ruta=11
3,Venta De Ropa Interior Mi Mosa Store Th,tienda,7,18.466002,-97.389386,https://mitehuacan.mx/?ruta=11
3,Bazar Sin Nombre,tienda,8,18.456787,-97.396172,https://mitehuacan.mx/?ruta=11
3,Bodega De Pinturas De Distribuidora De Poliester,tienda,8,18.457563,-97.39025,https://mitehuacan.mx/?ruta=11
3,Carniceria Magnolia,tienda,8,18.463158,-97.402056,https://mitehuacan.mx/?ruta=11
3,Club De Nutricion Herbalife,tienda,8,18.45674,-97.395044,https://mitehuacan.mx/?ruta=11
3,Compra Venta De Copiadoras Sharp,tienda,8,18.464826,-97.389554,https://mitehuacan.mx/?ruta=11
3,Decoraciones Milla Y Juan,tienda,8,18.460626,-97.389474,https://mitehuacan.mx/?ruta=11
3,Electronica Lamparas Mr Web,tienda,8,18.460138,-97.389478,https://mitehuacan.mx/?ruta=11
3,La Magia De La Limpieza,tienda,8,18.472481,-97.391023,https://mitehuacan.mx/?ruta=11
3,Pinta Comex De Tehuacan,tienda,8,18.46525,-97.389393,https://mitehuacan.mx/?ruta=11
3,Pinturas Pyt 7 Poniente,tienda,8,18.456742,-97.395098,https://mitehuacan.mx/?ruta=11
3,Tienda De Articulos Religiosos Sin Nombre,tienda,8,18.460764,-97.389621,https://mitehuacan.mx/?ruta=11
3,Tienda De Lenceria La Chica De Hoy,tienda,8,18.459956,-97.38948,https://mitehuacan.mx/?ruta=11
3,Venta De Bocinas Y Accesorios Sin Nombre,tienda,8,18.461088,-97.389469,https://mitehuacan.mx/?ruta=11
3,Venta De Lenceria Sensual,tienda,8,18.461492,-97.389609,https://mitehuacan.mx/?ruta=11
3,Venta De Marcos Fotograficos Marcos De Tehuacan,tienda,8,18.460029,-97.389479,https://mitehuacan.mx/?ruta=11
3,Venta De Ropa Interior Sadda,tienda,8,18.465115,-97.389394,https://mitehuacan.mx/?ruta=11
3,650191 Neto Tehuacan 5 Sur,tienda,9,18.459564,-97.389484,https://mitehuacan.mx/?ruta=11
3,Carniceria Shalon,tienda,9,18.456711,-97.398188,https://mitehuacan.mx/?ruta=11
3,Cremeria Jmc,tienda,9,18.457405,-97.38987,https://mitehuacan.mx/?ruta=11
3,Cremeria Y Salchichoneria La Pastora,tienda,9,18.463916,-97.389412,https://mitehuacan.mx/?ruta=11
3,Farmacia Homeopatica Tenorio Olalde,tienda,9,18.457434,-97.390837,https://mitehuacan.mx/?ruta=11
3,Hiervas Y Plantas Medicinales 4 Elementos,tienda,9,18.457433,-97.390809,https://mitehuacan.mx/?ruta=11
3,Modas Ericos,tienda,9,18.458852,-97.389495,https://mitehuacan.mx/?ruta=11
3,Pasteleria La Princesa,tienda,9,18.458807,-97.389496,https://mitehuacan.mx/?ruta=11
3,Plasticos Lupita,tienda,9,18.458907,-97.389494,https://mitehuacan.mx/?ruta=11
3,Pomos Y Chelas,tienda,9,18.45681,-97.396569,https://mitehuacan.mx/?ruta=11
3,Productos Para Concreto Curacreto,tienda,9,18.456781,-97.395866,https://mitehuacan.mx/?ruta=11
3,Tiendas Neto,tienda,9,18.459439,-97.389486,https://mitehuacan.mx/?ruta=11
3,Venta De Articulos Para Manualidades Tus Sueños En Laser,tienda,9,18.457438,-97.391017,https://mitehuacan.mx/?ruta=11
3,Venta De Lenceria Sin Nombre,tienda,9,18.459632,-97.389483,https://mitehuacan.mx/?ruta=11
3,Venta De Pan Sin Nombre,tienda,9,18.458753,-97.389497,https://mitehuacan.mx/?ruta=11
3,Venta De Pinturas Alvamex,tienda,9,18.457437,-97.39096,https://mitehuacan.mx/?ruta=11
3,Venta De Ropa Interior Y Lenceria Sin Nombre,tienda,9,18.460765,-97.389634,https://mitehuacan.mx/?ruta=11
3,724 Super 112 Tehuacan La Pedrera,tienda,10,18.456819,-97.396709,https://mitehuacan.mx/?ruta=11
3,Ink Color,tienda,10,18.457394,-97.389567,https://mitehuacan.mx/?ruta=11
3,Productos Quimicos De Limpieza Eduviges,tienda,10,18.474539,-97.390259,https://mitehuacan.mx/?ruta=11
3,Tienda De Pañales Lupita,tienda,10,18.464973,-97.398066,https://mitehuacan.mx/?ruta=11
3,Venta De Papas Fritas Floricel,tienda,10,18.464973,-97.398066,https://mitehuacan.mx/?ruta=11
3,Jarceria Deshechables Y Bolsas La Concordia,tienda,11,18.451667,-97.404658,https://mitehuacan.mx/?ruta=11
3,Bazar De Ropa Sin Nombre,tienda,12,18.469683,-97.389281,https://mitehuacan.mx/?ruta=11
3,Bazar El Baulito,tienda,12,18.451848,-97.404653,https://mitehuacan.mx/?ruta=11
3,Carniceria Emmanuel,tienda,12,18.456891,-97.397942,https://mitehuacan.mx/?ruta=11
3,Comercializadora Venta De Pintura E Impermeabilizante,tienda,12,18.456884,-97.397819,https://mitehuacan.mx/?ruta=11
3,Opticos Lumos,tienda,12,18.462966,-97.398165,https://mitehuacan.mx/?ruta=11
3,Oxxo Suc 50Nwx Del Golfo Pbf,tienda,12,18.46497,-97.396383,https://mitehuacan.mx/?ruta=11
3,Tienda Naturista El Guero,tienda,12,18.456001,-97.404244,https://mitehuacan.mx/?ruta=11
3,Bazar De Ropa Sin Nombre,tienda,13,18.457052,-97.401551,https://mitehuacan.mx/?ruta=11
3,Bazarcito,tienda,13,18.451992,-97.404651,https://mitehuacan.mx/?ruta=11
3,Jp Jorge Ponce Venta De Ropa Usada,tienda,13,18.457067,-97.40194,https://mitehuacan.mx/?ruta=11
3,Optica Optishop Venta De Lentes De Sol Y Graduados,tienda,13,18.457033,-97.40104,https://mitehuacan.mx/?ruta=11
3,Oxxo Suc 50Wya Arcadia Pbf,tienda,13,18.463244,-97.405111,https://mitehuacan.mx/?ruta=11
3,Pinturas De La 4 Poniente,tienda,13,18.467226,-97.398818,https://mitehuacan.mx/?ruta=11
3,Bodega Sin Nombre De Servicio Electronico Digital Jensen,tienda,14,18.468741,-97.389264,https://mitehuacan.mx/?ruta=11
3,7/24,tienda,14,18.456858,-97.396715,https://mitehuacan.mx/?ruta=11
3,Bazar De Ropa Usada Sin Nombre,tienda,15,18.476295,-97.393797,https://mitehuacan.mx/?ruta=11
3,Compañia Poblana De Lubricantes,tienda,16,18.465899,-97.398431,https://mitehuacan.mx/?ruta=11
3,Compra Venta De Equipo De Computo Nt Media Comunicaciones,tienda,16,18.463238,-97.398602,https://mitehuacan.mx/?ruta=11
3,Compra Venta De Muebles Usados Sin Nombre,tienda,16,18.467311,-97.389273,https://mitehuacan.mx/?ruta=11
3,Grumen Carnicos,tienda,16,18.461377,-97.407013,https://mitehuacan.mx/?ruta=11
3,Grupo Medico Adrian Guzman,tienda,16,18.463177,-97.397133,https://mitehuacan.mx/?ruta=11
3,Opticas Bulas,tienda,16,18.463174,-97.397019,https://mitehuacan.mx/?ruta=11
3,Tienda De Articulos De Fisioterapia Fisiotec,tienda,16,18.463222,-97.398241,https://mitehuacan.mx/?ruta=11
3,Tienda Suplementos Alimenticios The Fury,tienda,16,18.463232,-97.398459,https://mitehuacan.mx/?ruta=11
3,Venta De Productos De Limpieza El Pato,tienda,16,18.456983,-97.399305,https://mitehuacan.mx/?ruta=11
3,Carniceria La Bella Huasteca,tienda,17,18.472324,-97.391104,https://mitehuacan.mx/?ruta=11
3,Pomos Y Chelas,tienda,17,18.456846,-97.409538,https://mitehuacan.mx/?ruta=11
3,Tienda De Ropa Kids,tienda,17,18.465043,-97.396349,https://mitehuacan.mx/?ruta=11
3,Bolsas Y Empaques Tehuacan,tienda,18,18.456888,-97.396586,https://mitehuacan.mx/?ruta=11
3,Optica Reyes,tienda,18,18.464827,-97.389649,https://mitehuacan.mx/?ruta=11
3,Venta De Pinturas Pintucom De Tehuacan,tienda,18,18.457653,-97.390247,https://mitehuacan.mx/?ruta=11
3,Oxxo,tienda,18,18.464924,-97.396326,https://mitehuacan.mx/?ruta=11
3,Ivaliss Closhop,tienda,19,18.460374,-97.389373,https://mitehuacan.mx/?ruta=11
3,Plasticos Juquilita,tienda,19,18.460587,-97.38937,https://mitehuacan.mx/?ruta=11
3,Tienda Naturista San Benito,tienda,19,18.458334,-97.389408,https://mitehuacan.mx/?ruta=11
3,Venta De Accesorios Y Molde Para Pasteleria Chios,tienda,19,18.460605,-97.38937,https://mitehuacan.mx/?ruta=11
3,Venta De Instrumentos Musicales Ruper Music,tienda,19,18.457583,-97.389414,https://mitehuacan.mx/?ruta=11
3,Venta De Productos Alimenticios Omnilife,tienda,19,18.457637,-97.389413,https://mitehuacan.mx/?ruta=11
3,724 Super 109 Tehuacan 5 Sur,tienda,20,18.458786,-97.389392,https://mitehuacan.mx/?ruta=11
3,American Clothes Shop,tienda,20,18.46569,-97.389265,https://mitehuacan.mx/?ruta=11
3,Gruppo Medico Adrian Guzman,tienda,20,18.462324,-97.389329,https://mitehuacan.mx/?ruta=11
3,La Zarza,tienda,20,18.463059,-97.389315,https://mitehuacan.mx/?ruta=11
3,Pasteleria La Ideal,tienda,20,18.461238,-97.389345,https://mitehuacan.mx/?ruta=11
3,Plasticos Lupita,tienda,20,18.458786,-97.389392,https://mitehuacan.mx/?ruta=11
3,Surcursal De Miel San Miguel Tehuacan,tienda,20,18.459266,-97.389386,https://mitehuacan.mx/?ruta=11
3,Tienda De Ropa Americana,tienda,20,18.465799,-97.389265,https://mitehuacan.mx/?ruta=11
3,Tienda Naturista Juquilita,tienda,20,18.462387,-97.389328,https://mitehuacan.mx/?ruta=11
3,Venta De Pinturas Pinturas Estrada,tienda,20,18.461293,-97.389346,https://mitehuacan.mx/?ruta=11
3,Venta De Sabanas Y Cobijas Blancos Banderas,tienda,20,18.459166,-97.389387,https://mitehuacan.mx/?ruta=11
3,Ventas De Computadoras Genius,tienda,20,18.458786,-97.389392,https://mitehuacan.mx/?ruta=11
3,Carniceria El Novillo De Oro,tienda,21,18.457154,-97.402319,https://mitehuacan.mx/?ruta=11
3,Carniceria Merino,tienda,21,18.456588,-97.397876,https://mitehuacan.mx/?ruta=11
3,Carniceria San Miguel,tienda,21,18.456602,-97.398085,https://mitehuacan.mx/?ruta=11
3,Estacionamiento De Musical Sinfonia,tienda,21,18.460768,-97.389742,https://mitehuacan.mx/?ruta=11
3,Expendio Tehuacan,tienda,21,18.465489,-97.389265,https://mitehuacan.mx/?ruta=11
3,Jarcieria Puebla Y Plasticos Mop,tienda,21,18.465265,-97.389266,https://mitehuacan.mx/?ruta=11
3,Optica Optimagg,tienda,21,18.463346,-97.389303,https://mitehuacan.mx/?ruta=11
3,Pinturas Y Tlapaleria,tienda,21,18.462731,-97.389319,https://mitehuacan.mx/?ruta=11
3,Sombreria Tehuacan,tienda,21,18.461102,-97.389341,https://mitehuacan.mx/?ruta=11
3,Tienda De Pintura Grupo Armacolor,tienda,21,18.463507,-97.404055,https://mitehuacan.mx/?ruta=11
3,Tienda De Tintas Computadoras Y Accesorios Tintas Hm,tienda,21,18.465228,-97.389266,https://mitehuacan.mx/?ruta=11
3,Tienda Naturista Centro Botanico Azteca,tienda,21,18.462803,-97.389317,https://mitehuacan.mx/?ruta=11
3,Expendio Bimbo,tienda,22,18.460975,-97.389338,https://mitehuacan.mx/?ruta=11
3,Pasteleria La Artesanal,tienda,22,18.464898,-97.389266,https://mitehuacan.mx/?ruta=11
3,Pinturas Alvamex,tienda,22,18.463444,-97.402342,https://mitehuacan.mx/?ruta=11
3,Tiendas Tres B,tienda,22,18.464828,-97.389687,https://mitehuacan.mx/?ruta=11
3,Venta De Aceites De Transmision Aceitera Rendon,tienda,22,18.463585,-97.40581,https://mitehuacan.mx/?ruta=11
3,Casa Castillo Venta De Artesanias,tienda,23,18.473328,-97.389609,https://mitehuacan.mx/?ruta=11
3,Floreria Y Novedades Las Americas,tienda,23,18.458623,-97.389801,https://mitehuacan.mx/?ruta=11
3,La Zarza,tienda,23,18.463612,-97.406302,https://mitehuacan.mx/?ruta=11
3,Oxxo Suc 50Vfv Lopez Mateos Pbf,tienda,23,18.463618,-97.40638,https://mitehuacan.mx/?ruta=11
3,Pinturas Axalta,tienda,23,18.463402,-97.406964,https://mitehuacan.mx/?ruta=11
3,Oxxo,tienda,23,18.463146,-97.404965,https://mitehuacan.mx/?ruta=11
3,724 Super 105 Tehuacan Venustiano Carranza,tienda,24,18.460114,-97.409726,https://mitehuacan.mx/?ruta=11
3,Distribuidoras De Carnes Majuf,tienda,24,18.457348,-97.389417,https://mitehuacan.mx/?ruta=11
3,Productos De Limpieza Sin Nombre,tienda,24,18.466864,-97.38921,https://mitehuacan.mx/?ruta=11
3,Plasticos Lupita,tienda,25,18.464818,-97.389242,https://mitehuacan.mx/?ruta=11
3,Bazar Leo,tienda,26,18.470464,-97.389354,https://mitehuacan.mx/?ruta=11
3,Musical Sinfonia,tienda,26,18.460763,-97.389788,https://mitehuacan.mx/?ruta=11
3,Expendio De Carne,tienda,27,18.456548,-97.398193,https://mitehuacan.mx/?ruta=11
3,Venta De Ropa Interior Secret Fantasy,tienda,27,18.458724,-97.389323,https://mitehuacan.mx/?ruta=11
3,Optica Optimex Van,tienda,28,18.46491,-97.389741,https://mitehuacan.mx/?ruta=11
3,Pinturas Adhler De La 4 Poniente,tienda,28,18.467309,-97.398673,https://mitehuacan.mx/?ruta=11
3,Venta De Carne Carniceria Las Carnes,tienda,28,18.465846,-97.399273,https://mitehuacan.mx/?ruta=11
3,Floreria Y Novedades Han-Jung,tienda,29,18.460758,-97.389274,https://mitehuacan.mx/?ruta=11
3,Funerales De Jesus,tienda,29,18.458625,-97.389858,https://mitehuacan.mx/?ruta=11
3,Novedades Oscarin,tienda,29,18.46515,-97.399344,https://mitehuacan.mx/?ruta=11
3,Bodega De Steren Sin Nombre,tienda,30,18.462814,-97.389233,https://mitehuacan.mx/?ruta=11
3,7/24,tienda,30,18.460161,-97.409776,https://mitehuacan.mx/?ruta=11
3,Bazar De Ropa Bety American Fashion,tienda,31,18.457242,-97.391591,https://mitehuacan.mx/?ruta=11
3,Pinturas Sayer,tienda,31,18.471365,-97.39089,https://mitehuacan.mx/?ruta=11
3,Tienda De Olistoca Nirvana,tienda,31,18.463317,-97.397199,https://mitehuacan.mx/?ruta=11
3,Oxxo,tienda,31,18.463688,-97.406316,https://mitehuacan.mx/?ruta=11
3,Expendio De Pan Sin Nombre,tienda,32,18.457133,-97.402592,https://mitehuacan.mx/?ruta=11
3,Optica Crismar,tienda,32,18.464769,-97.397971,https://mitehuacan.mx/?ruta=11
3,Carniceria Miranda,tienda,33,18.477661,-97.392596,https://mitehuacan.mx/?ruta=11
3,Cremeria La Cañada,tienda,33,18.460557,-97.389867,https://mitehuacan.mx/?ruta=11
3,Pomos Y Chelas,tienda,33,18.457024,-97.396581,https://mitehuacan.mx/?ruta=11
3,Optica Look Vission,tienda,34,18.458615,-97.38926,https://mitehuacan.mx/?ruta=11
3,Sombrereria Coxcatlan,tienda,34,18.458721,-97.389257,https://mitehuacan.mx/?ruta=11
3,Venta De Ropa Interior Para Dama Dulce Secreto,tienda,34,18.461576,-97.389853,https://mitehuacan.mx/?ruta=11
3,Venta De Pinturas Distribuidora De Poliester,tienda,35,18.45781,-97.390337,https://mitehuacan.mx/?ruta=11
3,Venta De Suplementos Alimenticios Food Evolution,tienda,35,18.464972,-97.396162,https://mitehuacan.mx/?ruta=11
3,Bolsas Y Desechables Lafeliz,tienda,36,18.462925,-97.389172,https://mitehuacan.mx/?ruta=11
3,Farmacia Naturista,tienda,36,18.456402,-97.396674,https://mitehuacan.mx/?ruta=11
3,Suculenta Obsesion Boutique Venta De Novedades Y Decoracione,tienda,36,18.456402,-97.396674,https://mitehuacan.mx/?ruta=11
3,Bodega Aurrera Express,tienda,36,18.476149,-97.396303,https://mitehuacan.mx/?ruta=11
3,Venta De Cruces La Gloria De Dios,tienda,37,18.458613,-97.389232,https://mitehuacan.mx/?ruta=11
3,Venta De Productos Ecologicos Un Gatito En Bicicleta,tienda,37,18.461354,-97.406512,https://mitehuacan.mx/?ruta=11
3,Compra Venta De Ropa Tipica Rhuama,tienda,38,18.457834,-97.390242,https://mitehuacan.mx/?ruta=11
3,Cremeria Carmelita,tienda,38,18.457139,-97.402658,https://mitehuacan.mx/?ruta=11
3,Optica Mendoza,tienda,38,18.464831,-97.389838,https://mitehuacan.mx/?ruta=11
3,Vneta De Peliculas,tienda,38,18.462712,-97.389878,https://mitehuacan.mx/?ruta=11
3,Cremeria Vaqueritos,tienda,39,18.460585,-97.409423,https://mitehuacan.mx/?ruta=11
3,Artesanias,tienda,40,18.460565,-97.409661,https://mitehuacan.mx/?ruta=11
3,Bazar Sin Nombre Venta De Ropa Usada,tienda,40,18.457226,-97.399942,https://mitehuacan.mx/?ruta=11
3,Funerales Velez,tienda,40,18.458612,-97.389204,https://mitehuacan.mx/?ruta=11
3,Fresas Con Crema,tienda,41,18.461208,-97.406478,https://mitehuacan.mx/?ruta=11
3,Mh Mega Helth,tienda,41,18.45716,-97.392743,https://mitehuacan.mx/?ruta=11
3,Veladoras San Judas Tadeo,tienda,41,18.458718,-97.389191,https://mitehuacan.mx/?ruta=11
3,Venta De Maiz Por Bulto,tienda,41,18.454861,-97.404481,https://mitehuacan.mx/?ruta=11
3,Distribuidora De Betterwere,tienda,42,18.457105,-97.396577,https://mitehuacan.mx/?ruta=11
3,Productos De Limpieza Casa Limpia,tienda,43,18.464821,-97.389071,https://mitehuacan.mx/?ruta=11
3,Venta De Ropa Para Niño Dios Juquilita,tienda,43,18.45735,-97.389216,https://mitehuacan.mx/?ruta=11
3,Carniceria Rosvel,tienda,44,18.469259,-97.398475,https://mitehuacan.mx/?ruta=11
3,Elegance By Mabel,tienda,44,18.457929,-97.392445,https://mitehuacan.mx/?ruta=11
3,Pasteleria Cristal,tienda,44,18.458629,-97.39,https://mitehuacan.mx/?ruta=11
3,Venta De Productos Herbalife,tienda,45,18.456741,-97.410128,https://mitehuacan.mx/?ruta=11
3,Farmacia Siete Azares,tienda,46,18.471675,-97.391359,https://mitehuacan.mx/?ruta=11
3,Optica Pura Vision,tienda,46,18.464913,-97.389912,https://mitehuacan.mx/?ruta=11
3,Servitec Mantenimiento De Computadoras,tienda,46,18.455929,-97.405338,https://mitehuacan.mx/?ruta=11
3,Vestidos Para 15 Años Miss 15 Queen,tienda,46,18.460883,-97.389981,https://mitehuacan.mx/?ruta=11
3,Tienda De Lenceria Pasion 360,tienda,47,18.458739,-97.390025,https://mitehuacan.mx/?ruta=11
3,Bazar Jonathan,tienda,48,18.463664,-97.402033,https://mitehuacan.mx/?ruta=11
3,Venta De Instrumentos Musical Tehuacan,tienda,48,18.466933,-97.389891,https://mitehuacan.mx/?ruta=11
3,Pomos Y Chelas,tienda,50,18.457975,-97.391577,https://mitehuacan.mx/?ruta=11
3,Venta De Pan De Burro,tienda,50,18.458715,-97.389105,https://mitehuacan.mx/?ruta=11
3,Botanas Chucherias,tienda,53,18.45735,-97.389112,https://mitehuacan.mx/?ruta=11
3,Chiles Secos Y Semillas Casa Hermes,tienda,53,18.45735,-97.389112,https://mitehuacan.mx/?ruta=11
3,Venta De Ropa Sin Nombre,tienda,53,18.457017,-97.390461,https://mitehuacan.mx/?ruta=11
3,Tienda De Disfraces El Zorro,tienda,54,18.463604,-97.399188,https://mitehuacan.mx/?ruta=11
3,Pasteleria La Cereza,tienda,55,18.458633,-97.390104,https://mitehuacan.mx/?ruta=11
3,Venta De Ropa Americana. Paca La Frontera,tienda,55,18.460847,-97.389024,https://mitehuacan.mx/?ruta=11
3,Coth01 Delismart Tehuacan,tienda,56,18.463041,-97.39598,https://mitehuacan.mx/?ruta=11
3,Bazar De Libros La Catrina,tienda,57,18.462497,-97.396445,https://mitehuacan.mx/?ruta=11
3,Oxxo Suc 50H8V Manuel Pereyra Pbf,tienda,59,18.472449,-97.399281,https://mitehuacan.mx/?ruta=11
3,Productos De Limpieza Limpia Todo,tienda,62,18.457464,-97.389015,https://mitehuacan.mx/?ruta=11
3,Tienda De Ropa Segundo Estreno Tehuacan,tienda,62,18.456931,-97.389443,https://mitehuacan.mx/?ruta=11
3,Venta De Pan De Burro,tienda,62,18.460749,-97.388961,https://mitehuacan.mx/?ruta=11
3,Cruces Y Coronas San Angel,tienda,63,18.458601,-97.388986,https://mitehuacan.mx/?ruta=11
3,Bazar Sin Nombre,tienda,64,18.45716,-97.402913,https://mitehuacan.mx/?ruta=11
3,Compra Venta De Empaques Para Regalos Packingmex,tienda,64,18.464835,-97.390085,https://mitehuacan.mx/?ruta=11
3,Compra Venta De Suplementos Alimenticios Saya,tienda,64,18.464835,-97.390085,https://mitehuacan.mx/?ruta=11
3,Lenceria Sin Nombre,tienda,64,18.460779,-97.390155,https://mitehuacan.mx/?ruta=11
3,Omega Nutricion,tienda,64,18.464835,-97.390085,https://mitehuacan.mx/?ruta=11
3,Optica Elvision,tienda,64,18.464835,-97.390085,https://mitehuacan.mx/?ruta=11
3,Venta De Ropa Americana Sin Nombre,tienda,64,18.471431,-97.391363,https://mitehuacan.mx/?ruta=11
3,Ropa Tipica La Oaxaqueña La Pequeña,tienda,65,18.461499,-97.39015,https://mitehuacan.mx/?ruta=11
3,Tienda De Lenceria La Coqueteria,tienda,65,18.457351,-97.388998,https://mitehuacan.mx/?ruta=11
3,Bazar De Ropa Usada Nacional Sin Nombre,tienda,66,18.456881,-97.389689,https://mitehuacan.mx/?ruta=11
3,Blancos Fiori,tienda,66,18.47521,-97.392136,https://mitehuacan.mx/?ruta=11
3,Tienda Naturista Juquilita,tienda,67,18.462843,-97.390143,https://mitehuacan.mx/?ruta=11
3,Venta De Ropa Bazar,tienda,67,18.460389,-97.406275,https://mitehuacan.mx/?ruta=11
3,Bazar El Closet De Irmita,tienda,68,18.463977,-97.405161,https://mitehuacan.mx/?ruta=11
3,Expendio De Pan De Burro Sin Nombre,tienda,68,18.458705,-97.388935,https://mitehuacan.mx/?ruta=11
3,Venta De Granos,tienda,69,18.454286,-97.410361,https://mitehuacan.mx/?ruta=11
3,Venta De Articulos Religiosos Isabelita,tienda,70,18.462845,-97.39018,https://mitehuacan.mx/?ruta=11
3,Venta De Plasticos Plasti Olsos,tienda,70,18.456002,-97.394255,https://mitehuacan.mx/?ruta=11
3,Bodega De Plasticos Lupita Sin Nombre,tienda,71,18.461573,-97.388857,https://mitehuacan.mx/?ruta=11
3,Super Servicio Alatriste,tienda,71,18.458745,-97.390252,https://mitehuacan.mx/?ruta=11
3,Venta De Articulos De Limpieza Provelym,tienda,71,18.463895,-97.397175,https://mitehuacan.mx/?ruta=11
3,Venta De Pan Chilolandia,tienda,71,18.450589,-97.404636,https://mitehuacan.mx/?ruta=11
3,Venta De Pinturas Texturplast,tienda,71,18.458162,-97.39147,https://mitehuacan.mx/?ruta=11
3,Carniceria Zaragoza,tienda,72,18.465937,-97.397905,https://mitehuacan.mx/?ruta=11
3,Bazar De Antiguedades Sin Nombre,tienda,73,18.456201,-97.399872,https://mitehuacan.mx/?ruta=11
3,Bazar De Zapatos,tienda,73,18.456201,-97.399872,https://mitehuacan.mx/?ruta=11
3,Bazar De Zapatos Sin Nombre,tienda,73,18.456201,-97.399872,https://mitehuacan.mx/?ruta=11
3,Carniceria Angy,tienda,73,18.456201,-97.399872,https://mitehuacan.mx/?ruta=11
3,Carniceria El Divino Niño,tienda,73,18.456201,-97.399872,https://mitehuacan.mx/?ruta=11
3,Carniceria Los Toritos,tienda,73,18.456201,-97.399872,https://mitehuacan.mx/?ruta=11
3,Carniceria Santa Maria,tienda,73,18.456201,-97.399872,https://mitehuacan.mx/?ruta=11
3,Cremeria Y Salchichoneria Rosy,tienda,73,18.456201,-97.399872,https://mitehuacan.mx/?ruta=11
3,Expendio De Pan Frio Bimbo,tienda,73,18.456912,-97.403691,https://mitehuacan.mx/?ruta=11
3,Optica Univer,tienda,73,18.456201,-97.399872,https://mitehuacan.mx/?ruta=11
3,Pasteleria Cristal,tienda,73,18.45818,-97.39147,https://mitehuacan.mx/?ruta=11
3,Pinturas Comex Sucursal Centro,tienda,73,18.456911,-97.403769,https://mitehuacan.mx/?ruta=11
3,Productos De Limpieza,tienda,73,18.456916,-97.40353,https://mitehuacan.mx/?ruta=11
3,Quimicos Ale,tienda,73,18.456923,-97.403358,https://mitehuacan.mx/?ruta=11
3,Venta Cafe Ganoderma,tienda,73,18.456201,-97.399872,https://mitehuacan.mx/?ruta=11
3,Venta Chiles Nina Y Julio,tienda,73,18.456201,-97.399872,https://mitehuacan.mx/?ruta=11
3,Venta De Chiles Secos Y Semilla La Hormiga,tienda,73,18.456201,-97.399872,https://mitehuacan.mx/?ruta=11
3,Venta De Comida Antojitos Oaxaqueños,tienda,73,18.456201,-97.399872,https://mitehuacan.mx/?ruta=11
3,Venta De Huevo Sin Nombre,tienda,73,18.456201,-97.399872,https://mitehuacan.mx/?ruta=11
3,Venta De Novedades Y Bazar De Ropa,tienda,73,18.456201,-97.399872,https://mitehuacan.mx/?ruta=11
3,Venta De Ofnimife Sin Nombre,tienda,73,18.456201,-97.399872,https://mitehuacan.mx/?ruta=11
3,Venta De Peliculas Sin Nombre,tienda,73,18.456201,-97.399872,https://mitehuacan.mx/?ruta=11
3,Venta De Productos Oaxaqueños Flor De Piña,tienda,73,18.456201,-97.399872,https://mitehuacan.mx/?ruta=11
3,Venta De Productos Ofmilife,tienda,73,18.456201,-97.399872,https://mitehuacan.mx/?ruta=11
3,Venta De Trastes De Plastico,tienda,73,18.456201,-97.399872,https://mitehuacan.mx/?ruta=11
3,Venta Trastes De Plastipisco Sin Nombre,tienda,73,18.456201,-97.399872,https://mitehuacan.mx/?ruta=11
3,Oxxo,tienda,73,18.460358,-97.406221,https://mitehuacan.mx/?ruta=11
3,Bodega De Plasticos Lupita Sin Nombre,tienda,75,18.461572,-97.388819,https://mitehuacan.mx/?ruta=11
3,Pomos Y Chelas,tienda,75,18.477229,-97.398216,https://mitehuacan.mx/?ruta=11
3,Comercio Al Por Menor De Artículos Usados Sin Nombre,tienda,76,18.470356,-97.398135,https://mitehuacan.mx/?ruta=11
3,Bazar De Ropa Usada,tienda,78,18.456228,-97.401475,https://mitehuacan.mx/?ruta=11
3,Distribuidora De Insumos Opticos Garcia,tienda,78,18.463134,-97.395778,https://mitehuacan.mx/?ruta=11
3,Visual Look,tienda,78,18.462423,-97.399397,https://mitehuacan.mx/?ruta=11
3,Oxxo Suc 50Iwf Aldama Pbf,tienda,79,18.460244,-97.406177,https://mitehuacan.mx/?ruta=11
3,Tienda De Lentes Suplementos Opticos,tienda,79,18.464838,-97.390227,https://mitehuacan.mx/?ruta=11
3,Tienda De Suplementos Alimenticios Muscular Nutrition Supple,tienda,79,18.46238,-97.398716,https://mitehuacan.mx/?ruta=11
3,Venta De Cruces Sin Nombre,tienda,79,18.458507,-97.390331,https://mitehuacan.mx/?ruta=11
3,Deka Productos De Limpieza,tienda,80,18.460108,-97.406173,https://mitehuacan.mx/?ruta=11
3,Veladoras Y Parafinas Maria Milagrosa,tienda,80,18.461501,-97.390292,https://mitehuacan.mx/?ruta=11
3,Venta De Peliculas Y Videos Sin Nombre,tienda,80,18.450507,-97.404636,https://mitehuacan.mx/?ruta=11
3,Maxi Pinturas,tienda,81,18.456905,-97.404137,https://mitehuacan.mx/?ruta=11
3,Oficina Distribuidora De Productos Naturistas Advanced Nutri,tienda,81,18.464206,-97.397272,https://mitehuacan.mx/?ruta=11
3,Tienda De Articulos Religiosos Y De Onix El Rincon De Maria,tienda,82,18.473504,-97.395171,https://mitehuacan.mx/?ruta=11
3,Bodega De Empaque De Artesanias Mex-Mar,tienda,83,18.456904,-97.404203,https://mitehuacan.mx/?ruta=11
3,Venta De Lentes Optica Reyes,tienda,83,18.45827,-97.39147,https://mitehuacan.mx/?ruta=11
3,Centros De Apoyo Omnilife,tienda,84,18.457625,-97.399962,https://mitehuacan.mx/?ruta=11
3,Venta De Productos Naturistas Sana,tienda,84,18.458695,-97.388783,https://mitehuacan.mx/?ruta=11
3,Cerveceria Mi Chelita,tienda,85,18.476805,-97.398342,https://mitehuacan.mx/?ruta=11
3,Tienda De Artesanias La Talavera,tienda,85,18.462249,-97.396804,https://mitehuacan.mx/?ruta=11
3,Carniceria Felix,tienda,86,18.458274,-97.408737,https://mitehuacan.mx/?ruta=11
3,Carniceria La Azucena,tienda,86,18.458309,-97.392439,https://mitehuacan.mx/?ruta=11
3,Venta De Discos Y Peliculas Sin Nombre,tienda,86,18.458644,-97.390398,https://mitehuacan.mx/?ruta=11
3,Bazar De Ropa Sin Nombre,tienda,87,18.466949,-97.39026,https://mitehuacan.mx/?ruta=11
3,Compra Venta De Articulos Usados Casa Cash,tienda,87,18.45669,-97.389538,https://mitehuacan.mx/?ruta=11
3,Venta De Plantas Medicinales Sin Nombre,tienda,88,18.461583,-97.390365,https://mitehuacan.mx/?ruta=11
3,Grupo Dhr Autopartes,tienda,89,18.457595,-97.398112,https://mitehuacan.mx/?ruta=11
3,Pipochi,tienda,89,18.455814,-97.41058,https://mitehuacan.mx/?ruta=11
3,Venta De Sombreros Y Pan El Vaquero,tienda,89,18.458692,-97.388736,https://mitehuacan.mx/?ruta=11
3,Compra Venta De Productos De Limpieza Eco Limpieza Tehuacan,tienda,91,18.46484,-97.390341,https://mitehuacan.mx/?ruta=11
3,Peleteria El Arbolito,tienda,92,18.450196,-97.403641,https://mitehuacan.mx/?ruta=11
3,Boutique De Lenceria Gigil,tienda,93,18.463129,-97.395636,https://mitehuacan.mx/?ruta=11
3,Distribuidora Naturista Herbosan,tienda,93,18.460895,-97.390426,https://mitehuacan.mx/?ruta=11
3,Tienda De Artesanias De Onix Mexmar,tienda,93,18.456899,-97.404564,https://mitehuacan.mx/?ruta=11
3,La Casa De La Limpieza,tienda,94,18.467058,-97.397856,https://mitehuacan.mx/?ruta=11
3,Venta De Ropa Fashion Tricks,tienda,94,18.456899,-97.408729,https://mitehuacan.mx/?ruta=11
3,Panaderia Danymar,tienda,96,18.455948,-97.398704,https://mitehuacan.mx/?ruta=11
3,Productos De Limpieza,tienda,96,18.470358,-97.390781,https://mitehuacan.mx/?ruta=11
3,Tienda De Pañales Mi Bebe,tienda,96,18.460895,-97.390455,https://mitehuacan.mx/?ruta=11
3,Venta De Cruces Villanueva,tienda,97,18.458648,-97.390502,https://mitehuacan.mx/?ruta=11
3,Coth51 Delimart Au,tienda,98,18.458687,-97.388656,https://mitehuacan.mx/?ruta=11
3,Deli Mart,tienda,98,18.458975,-97.388646,https://mitehuacan.mx/?ruta=11
3,Boutique De Carnes Cerdo Y Res Y Verduras Xochipilli,tienda,99,18.456899,-97.408681,https://mitehuacan.mx/?ruta=11
3,Venta De Cafe Cafe La Giralda,tienda,99,18.460788,-97.390487,https://mitehuacan.mx/?ruta=11
3,Prodetap Proveedor De Articulos Para Tapiceria,tienda,100,18.464923,-97.390424,https://mitehuacan.mx/?ruta=11
3,Venta De Lenceria Isabela,tienda,100,18.458424,-97.39147,https://mitehuacan.mx/?ruta=11
3,Panaderia Santa Fe,tienda,101,18.478284,-97.392507,https://mitehuacan.mx/?ruta=11
3,Blancos Conde,tienda,102,18.458685,-97.388613,https://mitehuacan.mx/?ruta=11
3,Expendio De Pan De Burro Disney,tienda,102,18.458685,-97.388613,https://mitehuacan.mx/?ruta=11
3,Suplementos Alimenticios Centro De Distribucion Bio-4,tienda,102,18.458446,-97.391574,https://mitehuacan.mx/?ruta=11
3,Venta De Frituras Y Churros,tienda,102,18.459227,-97.40751,https://mitehuacan.mx/?ruta=11
3,Tienda De Artesanias Onix,tienda,103,18.456899,-97.404915,https://mitehuacan.mx/?ruta=11
3,Van Hogar Productos De Limpieza,tienda,103,18.473375,-97.392729,https://mitehuacan.mx/?ruta=11
3,Venta De Veladoras San Juditas,tienda,103,18.461584,-97.390508,https://mitehuacan.mx/?ruta=11
3,Dicorecyn Venta De Consumibles Para Equipo De Computo,tienda,104,18.467367,-97.399924,https://mitehuacan.mx/?ruta=11
3,Panificadora San Honore,tienda,104,18.455783,-97.396584,https://mitehuacan.mx/?ruta=11
3,Productos De Limpieza Ae Clean,tienda,104,18.456581,-97.391919,https://mitehuacan.mx/?ruta=11
3,Expendio De Licor La Perla De Oaxaca,tienda,105,18.465757,-97.400015,https://mitehuacan.mx/?ruta=11
3,Auto Electrica Casa Del Chofer,tienda,106,18.45586,-97.398801,https://mitehuacan.mx/?ruta=11
3,Cremeria Sm,tienda,106,18.450209,-97.404324,https://mitehuacan.mx/?ruta=11
3,Expendio De Pan Bimbo Independencia,tienda,106,18.462854,-97.390512,https://mitehuacan.mx/?ruta=11
3,Plaza Kristal,tienda,106,18.462691,-97.390518,https://mitehuacan.mx/?ruta=11
3,Distribuidora De Beterware,tienda,107,18.473316,-97.393772,https://mitehuacan.mx/?ruta=11
3,Tienda De Ropa Y Accesorios Sin Nombre,tienda,107,18.468662,-97.397898,https://mitehuacan.mx/?ruta=11
3,Venta De Comics Y Mangas Panini Tehuacan,tienda,107,18.463124,-97.395503,https://mitehuacan.mx/?ruta=11
3,Venta De Ropa Y Accesorios Bazar Minisuper Dh,tienda,107,18.462107,-97.398202,https://mitehuacan.mx/?ruta=11
3,De Remate Empeños,tienda,108,18.4565,-97.389546,https://mitehuacan.mx/?ruta=11
3,Venta De Ropa Usada Sin Nombre,tienda,108,18.462784,-97.388494,https://mitehuacan.mx/?ruta=11
3,Opticas Bulas,tienda,109,18.46496,-97.39546,https://mitehuacan.mx/?ruta=11
3,Venta De Gorras Y Ropa Interior Sin Nombre Novedades,tienda,109,18.462783,-97.388484,https://mitehuacan.mx/?ruta=11
3,Romss Venta De Carnes,tienda,110,18.460831,-97.388503,https://mitehuacan.mx/?ruta=11
3,Venta De Libros Sin Nombre,tienda,110,18.465954,-97.388415,https://mitehuacan.mx/?ruta=11
3,Carniceria La Concordia,tienda,111,18.450222,-97.404637,https://mitehuacan.mx/?ruta=11
3,Carniceria Y Cremeria Bufalo,tienda,111,18.460899,-97.390597,https://mitehuacan.mx/?ruta=11
3,Venta De Ropa Sin Nombre,tienda,111,18.457729,-97.396554,https://mitehuacan.mx/?ruta=11
3,Oxxo Suc 50Rr6 1 Pte Pbf,tienda,112,18.462084,-97.396074,https://mitehuacan.mx/?ruta=11
3,Pasteleria La Artesanal,tienda,112,18.462856,-97.390569,https://mitehuacan.mx/?ruta=11
3,Tienda De Pinturas Jc Pinturas Acuario,tienda,112,18.456483,-97.390186,https://mitehuacan.mx/?ruta=11
3,Jarceria Sn,tienda,113,18.456314,-97.408644,https://mitehuacan.mx/?ruta=11
3,Moda Tienda De Ropa Chevy,tienda,113,18.4784,-97.39249,https://mitehuacan.mx/?ruta=11
3,Optica Jimeli,tienda,113,18.462178,-97.395886,https://mitehuacan.mx/?ruta=11
3,Panaderia Sthephanie,tienda,113,18.456454,-97.389589,https://mitehuacan.mx/?ruta=11
3,Lenceria Y Corseteria Pasion Seduccion Fantasia Y Elegancia,tienda,114,18.462976,-97.390594,https://mitehuacan.mx/?ruta=11
3,Venta De Artesanias Y Recuerdos Sin Nombre,tienda,114,18.463022,-97.395431,https://mitehuacan.mx/?ruta=11
3,Venta De Hierbas Y Plantas Curativas,tienda,114,18.461586,-97.390612,https://mitehuacan.mx/?ruta=11
3,Tehuacan Mayoreo Suc 176,tienda,115,18.462193,-97.402099,https://mitehuacan.mx/?ruta=11
3,Tienda Naturista Yo Soy Natural,tienda,115,18.456487,-97.392169,https://mitehuacan.mx/?ruta=11
3,Venta De Plasticos Todo Para Su Empaque,tienda,115,18.464333,-97.403495,https://mitehuacan.mx/?ruta=11
3,Bodega De Veladora Maria Milagrosa,tienda,116,18.459676,-97.390666,https://mitehuacan.mx/?ruta=11
3,Venta De Lenceria,tienda,116,18.45916,-97.390668,https://mitehuacan.mx/?ruta=11
3,Venta De Papas Fritas La Inmaculada,tienda,116,18.462976,-97.390613,https://mitehuacan.mx/?ruta=11
3,Venta De Ropa Usada,tienda,116,18.45858,-97.392718,https://mitehuacan.mx/?ruta=11
3,Venta De Veladoras San Juditas Tadeo,tienda,116,18.461586,-97.390631,https://mitehuacan.mx/?ruta=11
3,Carniceria La Tapatia,tienda,117,18.468622,-97.397796,https://mitehuacan.mx/?ruta=11
3,Optica Bella Luz,tienda,117,18.460228,-97.390664,https://mitehuacan.mx/?ruta=11
3,Servicio De Tecnologia Para Seguridad Y Vigilancia Tecnosevi,tienda,117,18.455653,-97.396153,https://mitehuacan.mx/?ruta=11
3,Venta De Ropa Para Primera Comunion Sin Nombre,tienda,117,18.460237,-97.390664,https://mitehuacan.mx/?ruta=11
3,Venta De Vestidos De Xv Años Sin Nombre,tienda,117,18.460237,-97.390664,https://mitehuacan.mx/?ruta=11
3,Desayuno Dulce Gesto,tienda,118,18.456274,-97.410837,https://mitehuacan.mx/?ruta=11
3,Exclusivos Lulu,tienda,118,18.460726,-97.390664,https://mitehuacan.mx/?ruta=11
3,Vestidos De Novia Reyna Novias,tienda,118,18.460663,-97.390664,https://mitehuacan.mx/?ruta=11
3,Centro De Blancos Sin Nombre,tienda,119,18.46107,-97.390667,https://mitehuacan.mx/?ruta=11
3,Centro De Blancos Sin Nombre,tienda,119,18.461007,-97.390668,https://mitehuacan.mx/?ruta=11
3,El Jarocho Carnicerias Suc Tehuacan,tienda,119,18.460739,-97.38842,https://mitehuacan.mx/?ruta=11
3,Venta De Blancos Balderas,tienda,119,18.461306,-97.390665,https://mitehuacan.mx/?ruta=11
3,Venta De Blancos Sin Nombre,tienda,119,18.461061,-97.390667,https://mitehuacan.mx/?ruta=11
3,Colecturia Inmaculadala,tienda,120,18.46184,-97.390665,https://mitehuacan.mx/?ruta=11
3,Venta De Valadoras E Imagenes San Francisco De Asis,tienda,120,18.46174,-97.390664,https://mitehuacan.mx/?ruta=11
3,El Ricon Del Comic,tienda,121,18.462859,-97.390654,https://mitehuacan.mx/?ruta=11
3,Exotica Sex Shop,tienda,121,18.462859,-97.390654,https://mitehuacan.mx/?ruta=11
3,Sala De Exhibicion De Lentes Sin Nombre,tienda,121,18.462859,-97.390654,https://mitehuacan.mx/?ruta=11
3,Venta De Vestidos Novias Aranda,tienda,121,18.46251,-97.390668,https://mitehuacan.mx/?ruta=11
3,Expendio De Pan Sin Nombre,tienda,122,18.459036,-97.406729,https://mitehuacan.mx/?ruta=11
3,Bazar Sin Nombre,tienda,123,18.46588,-97.390619,https://mitehuacan.mx/?ruta=11
3,Mas Vision Bo Tehuacan 12868,tienda,123,18.462147,-97.402683,https://mitehuacan.mx/?ruta=11
3,Funerales Tepeyac,tienda,124,18.456355,-97.389782,https://mitehuacan.mx/?ruta=11
3,Tienda De Vestidos Detalles De Comunion Novias Maqueda,tienda,124,18.458819,-97.390755,https://mitehuacan.mx/?ruta=11
3,Venta De Ropa Usada,tienda,124,18.457947,-97.398904,https://mitehuacan.mx/?ruta=11
3,Pasteleria Cristal,tienda,125,18.460738,-97.388363,https://mitehuacan.mx/?ruta=11
3,Creaciones Diana,tienda,126,18.460095,-97.390749,https://mitehuacan.mx/?ruta=11
3,Expendio De Pan Bimbo,tienda,127,18.45866,-97.390815,https://mitehuacan.mx/?ruta=11
3,La Neni Ropa Americana,tienda,127,18.456373,-97.391605,https://mitehuacan.mx/?ruta=11
3,Novedades Lalo,tienda,127,18.460593,-97.390749,https://mitehuacan.mx/?ruta=11
3,Tienda De Ropa Para Dama Sin Nombre,tienda,127,18.458663,-97.390948,https://mitehuacan.mx/?ruta=11
3,Venta De Cobertores Y Blancos Caleb,tienda,127,18.458665,-97.391004,https://mitehuacan.mx/?ruta=11
3,Abarrotes Vinos Y Licores Fandango,tienda,128,18.458571,-97.38837,https://mitehuacan.mx/?ruta=11
3,Estacionamiento Privado Abarrotes La Corona,tienda,128,18.460738,-97.388335,https://mitehuacan.mx/?ruta=11
3,Productos De Limpieza Star Clean,tienda,128,18.468602,-97.40012,https://mitehuacan.mx/?ruta=11
3,Tienda De Ropa De Disfraces,tienda,128,18.45745,-97.388389,https://mitehuacan.mx/?ruta=11
3,Artesanias Aby,tienda,129,18.461462,-97.390758,https://mitehuacan.mx/?ruta=11
3,Bazar Chilis,tienda,129,18.47228,-97.392767,https://mitehuacan.mx/?ruta=11
3,Max Pan,tienda,129,18.458694,-97.392,https://mitehuacan.mx/?ruta=11
3,Ropa Tipica El Leon De Juda,tienda,129,18.46149,-97.390758,https://mitehuacan.mx/?ruta=11
3,Tienda De Adornos Para Fiestas Aydu,tienda,129,18.46111,-97.390761,https://mitehuacan.mx/?ruta=11
3,Tienda De Boneteria Paola,tienda,129,18.461046,-97.390762,https://mitehuacan.mx/?ruta=11
3,Tienda De Lenceria Fany,tienda,129,18.461481,-97.390758,https://mitehuacan.mx/?ruta=11
3,Adornos Y Novedades Dulce,tienda,130,18.461653,-97.390759,https://mitehuacan.mx/?ruta=11
3,Coth56 Servicio Total A Bordo Tehuacan Au,tienda,131,18.458667,-97.388338,https://mitehuacan.mx/?ruta=11
3,Libreria Luz Y Vida,tienda,131,18.462422,-97.390763,https://mitehuacan.mx/?ruta=11
3,Tienda De Articulos Religiosos Y Ceras San Judas Tadeo,tienda,131,18.462232,-97.390762,https://mitehuacan.mx/?ruta=11
3,Boutique De Ropa Americana,tienda,132,18.464554,-97.407143,https://mitehuacan.mx/?ruta=11
3,Venta De Articulos De Limpieza Sin Nombre,tienda,132,18.473148,-97.388304,https://mitehuacan.mx/?ruta=11
3,Bazar Sin Nombre,tienda,134,18.45851,-97.408276,https://mitehuacan.mx/?ruta=11
3,Centro Naturista Sana,tienda,134,18.462056,-97.395728,https://mitehuacan.mx/?ruta=11
3,Optica Del Angel,tienda,134,18.460737,-97.388278,https://mitehuacan.mx/?ruta=11
3,Antojitos Mexicanos Silvia,tienda,135,18.460904,-97.390825,https://mitehuacan.mx/?ruta=11
3,Bodega De Productos De Limpieza Prisma,tienda,135,18.468221,-97.400199,https://mitehuacan.mx/?ruta=11
3,Pinturas Recubrimientos Y Algo Mas De Tehuacan,tienda,135,18.472823,-97.392751,https://mitehuacan.mx/?ruta=11
3,Melona Shop,tienda,137,18.464951,-97.395195,https://mitehuacan.mx/?ruta=11
3,Pinturas Comex,tienda,137,18.472859,-97.39275,https://mitehuacan.mx/?ruta=11
3,Miscelánea Gomez,tienda,137,18.457936,-97.403149,https://mitehuacan.mx/?ruta=11
3,Dublin Opticas,tienda,138,18.463014,-97.395203,https://mitehuacan.mx/?ruta=11
3,Novedades Kristel,tienda,138,18.449759,-97.403504,https://mitehuacan.mx/?ruta=11
3,Tienda De Productos Naturales Sin Nombre,tienda,138,18.463014,-97.395203,https://mitehuacan.mx/?ruta=11
3,Tienda De Productos Naturistas Alecos,tienda,138,18.463014,-97.395203,https://mitehuacan.mx/?ruta=11
3,Venta De Ropa Interior De Dama Sin Nombre,tienda,138,18.458765,-97.391039,https://mitehuacan.mx/?ruta=11
3,Cremeria De Los Reyes Etla,tienda,139,18.460357,-97.410804,https://mitehuacan.mx/?ruta=11
3,Venta De Suplementos Alimenticios Mr Nutrishion,tienda,139,18.458778,-97.391405,https://mitehuacan.mx/?ruta=11
3,7/24,tienda,139,18.458785,-97.392528,https://mitehuacan.mx/?ruta=11
3,Articulos De Plastico Super Plas,tienda,140,18.458788,-97.391731,https://mitehuacan.mx/?ruta=11
3,724 Super 102 Tehuacan Paseo Hidalgo,tienda,141,18.458804,-97.392536,https://mitehuacan.mx/?ruta=11
3,Pasteleria La Cereza,tienda,141,18.46082,-97.388209,https://mitehuacan.mx/?ruta=11
3,Venta De Pinturas La Casa Del Pintor,tienda,141,18.458798,-97.392214,https://mitehuacan.mx/?ruta=11
3,Vestidos Ceremoniales Karylu,tienda,141,18.458799,-97.392271,https://mitehuacan.mx/?ruta=11
3,Cremeria Magos,tienda,142,18.471354,-97.392484,https://mitehuacan.mx/?ruta=11
3,Pasteleria La Artesanal,tienda,142,18.458811,-97.392745,https://mitehuacan.mx/?ruta=11
3,Tienda Accesorios Importadora Veracruz,tienda,143,18.458816,-97.392894,https://mitehuacan.mx/?ruta=11
3,Aparatos Ortopedicos Orthomott,tienda,145,18.462891,-97.388139,https://mitehuacan.mx/?ruta=11
3,Gabanny Postres,tienda,145,18.458833,-97.393437,https://mitehuacan.mx/?ruta=11
3,Bazar De Ropa Sin Nombre,tienda,146,18.469081,-97.390777,https://mitehuacan.mx/?ruta=11
3,Carniceria Jaime,tienda,147,18.456279,-97.389002,https://mitehuacan.mx/?ruta=11
3,La Casa Del Recuerdo,tienda,147,18.460907,-97.390938,https://mitehuacan.mx/?ruta=11
3,Ropa Artesanal Sammer,tienda,147,18.464691,-97.405135,https://mitehuacan.mx/?ruta=11
3,Optica Visual World,tienda,148,18.464931,-97.390879,https://mitehuacan.mx/?ruta=11
3,Tintorería Tehuacán,tintorería,34,18.464826,-97.389153,https://mitehuacan.mx/?ruta=11
3,Elaboracion De Tortillas De Maiz Sin Nombre,tortillería,0,18.455965,-97.404795,https://mitehuacan.mx/?ruta=11
3,Tortillas Hechas A Mano Sin Nombre,tortillería,0,18.470013,-97.398867,https://mitehuacan.mx/?ruta=11
3,Tortilleria Plus,tortillería,1,18.460762,-97.389539,https://mitehuacan.mx/?ruta=11
3,Tortilleria Sin Nombre,tortillería,2,18.451973,-97.406873,https://mitehuacan.mx/?ruta=11
3,Venta De Tortillas Sin Nombre,tortillería,2,18.468668,-97.389425,https://mitehuacan.mx/?ruta=11
3,Venta De Tortillas Tita,tortillería,2,18.460242,-97.409243,https://mitehuacan.mx/?ruta=11
3,Venta De Tortillas Y Memelas Sin Nombre,tortillería,3,18.473646,-97.389485,https://mitehuacan.mx/?ruta=11
3,Molino De Nixtamal Sofi,tortillería,4,18.455342,-97.404916,https://mitehuacan.mx/?ruta=11
3,Tortilleria Tehuacan,tortillería,7,18.462011,-97.38946,https://mitehuacan.mx/?ruta=11
3,Tortillas A Mano,tortillería,8,18.474372,-97.392923,https://mitehuacan.mx/?ruta=11
3,Elaboracion De Tortillas Sin Nombre,tortillería,9,18.456687,-97.402436,https://mitehuacan.mx/?ruta=11
3,Juquilita,tortillería,9,18.477105,-97.392747,https://mitehuacan.mx/?ruta=11
3,Tortilleria Del Sol Tortillas De Maquina,tortillería,12,18.457073,-97.402253,https://mitehuacan.mx/?ruta=11
3,Venta De Tortillas Sin Nombre,tortillería,12,18.469783,-97.38928,https://mitehuacan.mx/?ruta=11
3,Venta De Tortillas Sin Nombre,tortillería,13,18.472065,-97.391353,https://mitehuacan.mx/?ruta=11
3,Tortillas Y Barbacoa Las Coapeñitas,tortillería,16,18.456981,-97.399229,https://mitehuacan.mx/?ruta=11
3,Elaboracion De Tortillas De Maiz Y Venta De Abarrotes Sin No,tortillería,17,18.456711,-97.399954,https://mitehuacan.mx/?ruta=11
3,Tortilleria El Arbolito 3,tortillería,18,18.451099,-97.404732,https://mitehuacan.mx/?ruta=11
3,Venta De Tortillas Echas A Mano,tortillería,21,18.456884,-97.395863,https://mitehuacan.mx/?ruta=11
3,Molino De Nixtamal Sin Nombre,tortillería,22,18.473524,-97.389358,https://mitehuacan.mx/?ruta=11
3,Tortilleria Sin Nombre,tortillería,30,18.451666,-97.407902,https://mitehuacan.mx/?ruta=11
3,Tortilla De Mano Alborada,tortillería,31,18.473425,-97.389358,https://mitehuacan.mx/?ruta=11
3,Tortilleria Melbourne,tortillería,34,18.477665,-97.39271,https://mitehuacan.mx/?ruta=11
3,Elaboracion De Tortillas Hechas A Mano Doña Mati,tortillería,36,18.477683,-97.392708,https://mitehuacan.mx/?ruta=11
3,Elaboracion Y Venta De Tortillas,tortillería,36,18.452025,-97.403918,https://mitehuacan.mx/?ruta=11
3,Tortillas Hechas A Mano Sin Nombre,tortillería,38,18.469968,-97.389036,https://mitehuacan.mx/?ruta=11
3,Venta De Tortillas Sin Nombre,tortillería,39,18.454948,-97.405237,https://mitehuacan.mx/?ruta=11
3,Venta De Tortillas Echas A Mano Sin Nombre,tortillería,41,18.473545,-97.390326,https://mitehuacan.mx/?ruta=11
3,Tortillas Hechas A Mano Sin Nombre,tortillería,46,18.475747,-97.398019,https://mitehuacan.mx/?ruta=11
3,Venta De Tortillas Hechas A Mano Sin Nombre,tortillería,46,18.463737,-97.404139,https://mitehuacan.mx/?ruta=11
3,Tortillas Hechas A Mano,tortillería,48,18.469258,-97.398437,https://mitehuacan.mx/?ruta=11
3,Elaboracion De Tortillas Sin Nombre,tortillería,51,18.452413,-97.407058,https://mitehuacan.mx/?ruta=11
3,Venta De Tortillas,tortillería,53,18.451477,-97.40643,https://mitehuacan.mx/?ruta=11
3,Elaboracion De Tortillas Hechas A Mano,tortillería,55,18.454899,-97.409234,https://mitehuacan.mx/?ruta=11
3,Puesto De Tortillas Sin Nombre,tortillería,58,18.467254,-97.399491,https://mitehuacan.mx/?ruta=11
3,Tortilleria De Harina Juquilita,tortillería,58,18.458047,-97.391575,https://mitehuacan.mx/?ruta=11
3,Elaboracion Y Venta De Tortillas,tortillería,60,18.457341,-97.409017,https://mitehuacan.mx/?ruta=11
3,Elaboracion De Tortillas De Maiz Sin Nombre,tortillería,61,18.457419,-97.400002,https://mitehuacan.mx/?ruta=11
3,Venta De Tortillas Sin Nombre,tortillería,61,18.46575,-97.398019,https://mitehuacan.mx/?ruta=11
3,Venta De Tortillas Sin Nombre,tortillería,61,18.468981,-97.388816,https://mitehuacan.mx/?ruta=11
3,Elaboracion De Tortillas De Maiz Sin Nombre,tortillería,62,18.45626,-97.39895,https://mitehuacan.mx/?ruta=11
3,Tortilleria Panchita,tortillería,62,18.461579,-97.390119,https://mitehuacan.mx/?ruta=11
3,Venta De Tortillas Sin Nombre,tortillería,62,18.465055,-97.399651,https://mitehuacan.mx/?ruta=11
3,Venta De Tortillas Sin Nombre,tortillería,62,18.451978,-97.405868,https://mitehuacan.mx/?ruta=11
3,Torillas Hechas A Maquina Tortilleria Molina,tortillería,64,18.456277,-97.399652,https://mitehuacan.mx/?ruta=11
3,Venta De Tortillas Sin Nombre,tortillería,64,18.470905,-97.389273,https://mitehuacan.mx/?ruta=11
3,Molino De Nixtamal Guzman,tortillería,69,18.456178,-97.39845,https://mitehuacan.mx/?ruta=11
3,Venta De Tortillas Sin Nombre,tortillería,69,18.456309,-97.401482,https://mitehuacan.mx/?ruta=11
3,Venta De Tortillas Sin Nombre,tortillería,70,18.464973,-97.39583,https://mitehuacan.mx/?ruta=11
3,Elaboracion Y Venta De Tortillas De Mano Isa,tortillería,72,18.456825,-97.389532,https://mitehuacan.mx/?ruta=11
3,Elaboracion De Tortilla Sin Nombre,tortillería,73,18.456201,-97.399872,https://mitehuacan.mx/?ruta=11
3,Elaboracion De Tortillas De Maiz Sin Nombre,tortillería,73,18.456201,-97.399872,https://mitehuacan.mx/?ruta=11
3,Elaboracion De Tortillas Sin Nombre,tortillería,73,18.470223,-97.398171,https://mitehuacan.mx/?ruta=11
3,Tortillas De Harina Trigo Real,tortillería,76,18.46092,-97.409408,https://mitehuacan.mx/?ruta=11
3,Venta De Tortillas Sin Nombre,tortillería,78,18.461551,-97.388791,https://mitehuacan.mx/?ruta=11
3,Elavoracion De Tortillas,tortillería,79,18.455078,-97.409002,https://mitehuacan.mx/?ruta=11
3,Venta De Tortillas Sin Nombre,tortillería,80,18.456815,-97.389287,https://mitehuacan.mx/?ruta=11
3,Tortillas Echas A Mano,tortillería,81,18.459119,-97.410295,https://mitehuacan.mx/?ruta=11
3,Venta De Tortillas A Mano,tortillería,81,18.467353,-97.399706,https://mitehuacan.mx/?ruta=11
3,Venta De Tortillas De Mano,tortillería,81,18.4569,-97.410465,https://mitehuacan.mx/?ruta=11
3,Elaboracion De Memelas De Maiz,tortillería,82,18.476916,-97.39368,https://mitehuacan.mx/?ruta=11
3,Venta De Tortilla Sin Nombre,tortillería,83,18.451457,-97.409301,https://mitehuacan.mx/?ruta=11
3,Elaboracion De Tortillas De Maiz Sin Nombre,tortillería,86,18.45567,-97.401873,https://mitehuacan.mx/?ruta=11
3,Elaboracion De Tortillas La Coapeñita,tortillería,86,18.458274,-97.408737,https://mitehuacan.mx/?ruta=11
3,Tortilleria Limon,tortillería,86,18.460838,-97.38873,https://mitehuacan.mx/?ruta=11
3,Venta De Tortillas,tortillería,87,18.457988,-97.388764,https://mitehuacan.mx/?ruta=11
3,Venta De Tortillas Sin Nombre,tortillería,87,18.45812,-97.408733,https://mitehuacan.mx/?ruta=11
3,Tortillas De Harina Chalya,tortillería,90,18.470301,-97.390651,https://mitehuacan.mx/?ruta=11
3,Elaboracion Y Venta De Tortillas,tortillería,91,18.457558,-97.40871,https://mitehuacan.mx/?ruta=11
3,Venta De Tortillas Y Comida Para Llevar,tortillería,92,18.450399,-97.404636,https://mitehuacan.mx/?ruta=11
3,Tortilleria De Maiz Sin Nombre,tortillería,96,18.46398,-97.39906,https://mitehuacan.mx/?ruta=11
3,Venta De Tortillas A Mano,tortillería,96,18.4572,-97.403224,https://mitehuacan.mx/?ruta=11
3,Elaboracion De Tortillas Hechas A Mano,tortillería,97,18.47183,-97.399692,https://mitehuacan.mx/?ruta=11
3,Venta De Tortillas De Mano Sin Nombre,tortillería,101,18.450092,-97.403407,https://mitehuacan.mx/?ruta=11
3,Venta De Tortillas Hechas A Mano,tortillería,101,18.476161,-97.389409,https://mitehuacan.mx/?ruta=11
3,Venta De Tortillas,tortillería,102,18.463993,-97.398007,https://mitehuacan.mx/?ruta=11
3,Venta De Tortillas De Mano,tortillería,102,18.450205,-97.404125,https://mitehuacan.mx/?ruta=11
3,Venta De Tortillas Sin Nombre,tortillería,103,18.4642,-97.399158,https://mitehuacan.mx/?ruta=11
3,Venta De Tortillas De Mano Sin Nombre,tortillería,104,18.450109,-97.403777,https://mitehuacan.mx/?ruta=11
3,Venta De Tortillas De Mano Sin Nombre,tortillería,104,18.456587,-97.392023,https://mitehuacan.mx/?ruta=11
3,Venta De Tortillas La Coapeñita,tortillería,107,18.46887,-97.397888,https://mitehuacan.mx/?ruta=11
3,Venta De Tortillas Sin Nombre,tortillería,107,18.475833,-97.389364,https://mitehuacan.mx/?ruta=11
3,Tortilleria Alex,tortillería,108,18.4565,-97.389546,https://mitehuacan.mx/?ruta=11
3,Tortilleria El Riego,tortillería,108,18.456899,-97.408596,https://mitehuacan.mx/?ruta=11
3,Venta De Tortillas Mary,tortillería,110,18.472537,-97.389344,https://mitehuacan.mx/?ruta=11
3,Elaboracion De Tortillas Hechas A Mano Sin Nombre,tortillería,114,18.471384,-97.399883,https://mitehuacan.mx/?ruta=11
3,Tortillas Hechas A Mano Sin Nombre,tortillería,114,18.478454,-97.391876,https://mitehuacan.mx/?ruta=11
3,Tortillas A Mano Sin Nombre,tortillería,116,18.467591,-97.397836,https://mitehuacan.mx/?ruta=11
3,Venta De Tortillas Sin Nombre,tortillería,116,18.473399,-97.388354,https://mitehuacan.mx/?ruta=11
3,Tortilleria Antonia,tortillería,118,18.470539,-97.397721,https://mitehuacan.mx/?ruta=11
3,Venta De Tortillas Sin Nombre,tortillería,118,18.453836,-97.407912,https://mitehuacan.mx/?ruta=11
3,Elaboracion De Tortillas De Harina Sabrositas,tortillería,119,18.462078,-97.400206,https://mitehuacan.mx/?ruta=11
3,Tortilleria Tita,tortillería,119,18.465066,-97.400191,https://mitehuacan.mx/?ruta=11
3,Venta De Tortillas Si Nombre,tortillería,119,18.464938,-97.400172,https://mitehuacan.mx/?ruta=11
3,Elaboracion Y Venta De Tortillas De Mano,tortillería,120,18.450064,-97.402905,https://mitehuacan.mx/?ruta=11
3,Venta De Tortillas De Harina La Espiga Dorada,tortillería,121,18.461311,-97.409045,https://mitehuacan.mx/?ruta=11
3,Tortillas Hechas A Mano Sin Nombre,tortillería,122,18.450851,-97.405813,https://mitehuacan.mx/?ruta=11
3,Tortilleria Jimenez,tortillería,123,18.456378,-97.390256,https://mitehuacan.mx/?ruta=11
3,Venta De Tortillas Sin Nombre,tortillería,124,18.467614,-97.390596,https://mitehuacan.mx/?ruta=11
3,Venta De Tortillas Hechas A Mano Sin Nombre,tortillería,125,18.450811,-97.408126,https://mitehuacan.mx/?ruta=11
3,Venta De Tortillas Sin Nombre,tortillería,126,18.464498,-97.405046,https://mitehuacan.mx/?ruta=11
3,Tortilleria Aries,tortillería,128,18.461914,-97.398107,https://mitehuacan.mx/?ruta=11
3,Tortilleria Teocintle,tortillería,129,18.473877,-97.388161,https://mitehuacan.mx/?ruta=11
3,Elaboracion Y Venta De Tortillas Sin Nombre,tortillería,138,18.465962,-97.390759,https://mitehuacan.mx/?ruta=11
3,Venta De Tortillas Sin Nombre,tortillería,139,18.449747,-97.403428,https://mitehuacan.mx/?ruta=11
3,Elaboracion De Tortillas Echas A Mano,tortillería,141,18.459018,-97.410869,https://mitehuacan.mx/?ruta=11
3,Puesto De Tortillas,tortillería,141,18.456901,-97.411034,https://mitehuacan.mx/?ruta=11
3,Elaboracion De Tortillas Sin Nombre,tortillería,144,18.475321,-97.398968,https://mitehuacan.mx/?ruta=11
3,Venta Y Elaboracion De Tortillas A Mano,tortillería,148,18.458167,-97.399003,https://mitehuacan.mx/?ruta=11
3,Elaboracion De Tortillas Sin Nombre,tortillería,149,18.477355,-97.395824,https://mitehuacan.mx/?ruta=11
3,Elaboracion Y Venta De Tortillas De Harina La Abuela,tortillería,149,18.46289,-97.388101,https://mitehuacan.mx/?ruta=11
3,Tortillas Hechas A Mano Sin Nombre,tortillería,150,18.457603,-97.403696,https://mitehuacan.mx/?ruta=11
3,Transportes De Carga Negrete,transporte,2,18.457504,-97.38985,https://mitehuacan.mx/?ruta=11
3,Transportes Mercurio,transporte,2,18.457508,-97.389949,https://mitehuacan.mx/?ruta=11
3,Mensajeria Y Paqueteria Paquetexpress,transporte,23,18.463612,-97.406302,https://mitehuacan.mx/?ruta=11
3,Servicio De Pipas De Agua San Francisco Y Translado De Maqui,transporte,72,18.466233,-97.399544,https://mitehuacan.mx/?ruta=11
3,Otro Autotransporte Foráneo De Carga General Sin Nombre,transporte,98,18.476163,-97.398486,https://mitehuacan.mx/?ruta=11
3,Vidrios Y Aluminios Garcia,vidriería,4,18.475869,-97.397615,https://mitehuacan.mx/?ruta=11
3,Los Pirules,vidriería,6,18.476522,-97.392645,https://mitehuacan.mx/?ruta=11
3,Tienda De Vitrinas Saudi Mar,vidriería,9,18.463909,-97.396423,https://mitehuacan.mx/?ruta=11
3,Vidrieria Sin Nombre,vidriería,9,18.472801,-97.390566,https://mitehuacan.mx/?ruta=11
3,Vidrios Y Aluminios Sin Nombre,vidriería,9,18.456772,-97.395721,https://mitehuacan.mx/?ruta=11
3,Taller De Vidrio Y Aluminio Fama,vidriería,16,18.45206,-97.404623,https://mitehuacan.mx/?ruta=11
3,Vidrios Y Aluminios De Cordova,vidriería,16,18.456974,-97.399059,https://mitehuacan.mx/?ruta=11
3,Vidrios Y Aluminios Arquitectonicos De Mexico,vidriería,22,18.46407,-97.389286,https://mitehuacan.mx/?ruta=11
3,Gomez Diseño En Vidrio,vidriería,25,18.473756,-97.397916,https://mitehuacan.mx/?ruta=11
3,Vidrios Y Aluminios Muñoz,vidriería,26,18.469001,-97.389148,https://mitehuacan.mx/?ruta=11
3,Vidrios Y Aluminio Juquilita,vidriería,34,18.451899,-97.405092,https://mitehuacan.mx/?ruta=11
3,Elaboracion De Puertas Vidrios De Los Santos,vidriería,37,18.464785,-97.399019,https://mitehuacan.mx/?ruta=11
3,Distribuidora Collar,vidriería,45,18.462823,-97.402071,https://mitehuacan.mx/?ruta=11
3,Vidrios Y Aluminios Sin Nombre,vidriería,52,18.463684,-97.401524,https://mitehuacan.mx/?ruta=11
3,Vidrio Y Aluminio Fama,vidriería,57,18.456685,-97.410247,https://mitehuacan.mx/?ruta=11
3,Vidreria Mendoza,vidriería,67,18.464815,-97.388843,https://mitehuacan.mx/?ruta=11
3,Vidrieria San Juditas,vidriería,67,18.455675,-97.40286,https://mitehuacan.mx/?ruta=11
3,Vidrios Y Aluminios Franco,vidriería,67,18.458097,-97.39024,https://mitehuacan.mx/?ruta=11
3,Vidrios Y Aluminios Vimac,vidriería,68,18.466941,-97.39008,https://mitehuacan.mx/?ruta=11
3,Vidrios Y Aluminios,vidriería,70,18.45689,-97.408966,https://mitehuacan.mx/?ruta=11
3,Vidrios Y Aluminios Mari,vidriería,73,18.466335,-97.397888,https://mitehuacan.mx/?ruta=11
3,Vidrios Y Aluminios Navarro,vidriería,90,18.464028,-97.401482,https://mitehuacan.mx/?ruta=11
3,Bodega De Vidrios Aluher,vidriería,91,18.455996,-97.398797,https://mitehuacan.mx/?ruta=11
3,Vidrios Y Aluminios Sin Nombre,vidriería,99,18.471705,-97.399717,https://mitehuacan.mx/?ruta=11
3,V Y A Vidrio Y Aluminio,vidriería,106,18.465865,-97.400009,https://mitehuacan.mx/?ruta=11
3,Vidrios Y Aluminios Sarabia,vidriería,107,18.470749,-97.391272,https://mitehuacan.mx/?ruta=11
3,Vidrios Y Aluminios Contreras,vidriería,128,18.469815,-97.40009,https://mitehuacan.mx/?ruta=11
3,Vidrios Y Aluminios Rendon,vidriería,128,18.450021,-97.404409,https://mitehuacan.mx/?ruta=11
3,Vidrios Y Aluminios Tehuacan,vidriería,134,18.456205,-97.41099,https://mitehuacan.mx/?ruta=11
3,Aluminios Aluvid,vidriería,139,18.464848,-97.390787,https://mitehuacan.mx/?ruta=11
3,Vidrios Y Aluminios El Pato,vidriería,148,18.449668,-97.40345,https://mitehuacan.mx/?ruta=11
3,Vidrios Y Aluminios Mexico,vidriería,149,18.45529,-97.39438,https://mitehuacan.mx/?ruta=11
3,Floreria Bety,vivero,0,18.463369,-97.405305,https://mitehuacan.mx/?ruta=11
3,Floreria Bozmar Boutique Floral,vivero,1,18.463295,-97.40377,https://mitehuacan.mx/?ruta=11
3,Venta De Flores Naturales Floreria Los Tulipanes,vivero,4,18.465133,-97.3985,https://mitehuacan.mx/?ruta=11
3,Venta De Plantas Sin Nombre,vivero,8,18.476842,-97.392745,https://mitehuacan.mx/?ruta=11
3,Vivero Natural Green,vivero,8,18.460708,-97.389473,https://mitehuacan.mx/?ruta=11
3,Arreglos Flor Cerezo,vivero,9,18.457406,-97.38988,https://mitehuacan.mx/?ruta=11
3,Vivero De La Cuatro,vivero,10,18.474852,-97.397535,https://mitehuacan.mx/?ruta=11
3,Vivero Xochitl,vivero,10,18.466656,-97.3986,https://mitehuacan.mx/?ruta=11
3,Floreria Ld,vivero,13,18.472114,-97.391546,https://mitehuacan.mx/?ruta=11
3,Floreria Del Carmen,vivero,16,18.456493,-97.394344,https://mitehuacan.mx/?ruta=11
3,Floreria Florex,vivero,16,18.463207,-97.397948,https://mitehuacan.mx/?ruta=11
3,Floreria Rosy,vivero,21,18.463283,-97.389305,https://mitehuacan.mx/?ruta=11
3,Floreria Cortona,vivero,29,18.456896,-97.394207,https://mitehuacan.mx/?ruta=11
3,Floreria D Xochitl,vivero,31,18.461575,-97.389825,https://mitehuacan.mx/?ruta=11
3,Floreria Chuchin,vivero,36,18.457161,-97.389529,https://mitehuacan.mx/?ruta=11
3,Floreria El Clavel,vivero,43,18.461577,-97.389939,https://mitehuacan.mx/?ruta=11
3,Venta De Flores Floreria Mary,vivero,60,18.465154,-97.399638,https://mitehuacan.mx/?ruta=11
3,Floreria Ceci,vivero,73,18.456201,-97.399872,https://mitehuacan.mx/?ruta=11
3,Venta De Plantas Sin Nombre,vivero,73,18.456201,-97.399872,https://mitehuacan.mx/?ruta=11
3,Floristeria Bessy,vivero,76,18.462463,-97.400032,https://mitehuacan.mx/?ruta=11
3,Bodega De Floreria Detalles,vivero,80,18.461501,-97.390292,https://mitehuacan.mx/?ruta=11
3,Floreria Adelita,vivero,80,18.461501,-97.390292,https://mitehuacan.mx/?ruta=11
3,Floreria Angelito,vivero,80,18.461501,-97.390292,https://mitehuacan.mx/?ruta=11
3,Floreria Detalles,vivero,80,18.461501,-97.390292,https://mitehuacan.mx/?ruta=11
3,Floreria Emmanuel,vivero,80,18.461501,-97.390292,https://mitehuacan.mx/?ruta=11
3,Floreria Joselyn,vivero,80,18.461501,-97.390292,https://mitehuacan.mx/?ruta=11
3,Floreria Juquilita,vivero,80,18.461501,-97.390292,https://mitehuacan.mx/?ruta=11
3,Floreria Ramos,vivero,80,18.461501,-97.390292,https://mitehuacan.mx/?ruta=11
3,Floreria Sin Nombre,vivero,80,18.461501,-97.390292,https://mitehuacan.mx/?ruta=11
3,Floreria Zaes,vivero,81,18.460965,-97.409405,https://mitehuacan.mx/?ruta=11
3,Floreria Bety,vivero,85,18.461502,-97.39034,https://mitehuacan.mx/?ruta=11
3,Floreria Jade,vivero,86,18.462789,-97.388702,https://mitehuacan.mx/?ruta=11
3,Floreria El Campesino,vivero,89,18.461502,-97.390378,https://mitehuacan.mx/?ruta=11
3,Vivero Mar Y Vida,vivero,90,18.457377,-97.388752,https://mitehuacan.mx/?ruta=11
3,Floreria Betty,vivero,92,18.461503,-97.390406,https://mitehuacan.mx/?ruta=11
3,Floreria Sl,vivero,96,18.462203,-97.398093,https://mitehuacan.mx/?ruta=11
3,Floreria Mb,vivero,103,18.456337,-97.410695,https://mitehuacan.mx/?ruta=11
3,Luminaria Venta De Flores Artificiales,vivero,105,18.473908,-97.391237,https://mitehuacan.mx/?ruta=11
3,Floreria San Antonio,vivero,112,18.461586,-97.390593,https://mitehuacan.mx/?ruta=11
3,Floreria Sin Nombre,vivero,119,18.465165,-97.400188,https://mitehuacan.mx/?ruta=11
3,Floreria Velvet Flowers Market,vivero,124,18.462206,-97.404319,https://mitehuacan.mx/?ruta=11
3,Floreria Boutique Lisiantus,vivero,125,18.458305,-97.394238,https://mitehuacan.mx/?ruta=11
3,Arte Flor Tehuacan,vivero,137,18.478719,-97.389898,https://mitehuacan.mx/?ruta=11
3,Floreria Emmanuel,vivero,141,18.462775,-97.388181,https://mitehuacan.mx/?ruta=11
3,Floreria Iris,vivero,142,18.474628,-97.388077,https://mitehuacan.mx/?ruta=11
3,7/24,yes,39,18.460099,-97.409864,https://mitehuacan.mx/?ruta=11
