prioridad,negocio,categoria,dist_m,lat,lon,maps
1,Neveria Xolotl,café,0,18.460371,-97.413413,https://mitehuacan.mx/?ruta=8
1,Venta De Jugos Jugos Por Litro,café,0,18.458881,-97.398549,https://mitehuacan.mx/?ruta=8
1,Master Coffe Tehuacan,café,1,18.460727,-97.385176,https://mitehuacan.mx/?ruta=8
1,Cafeteria Tlacuache,café,2,18.460237,-97.422639,https://mitehuacan.mx/?ruta=8
1,Juegos Y Cokteleria,café,2,18.460626,-97.417968,https://mitehuacan.mx/?ruta=8
1,Elaboracion Y Venta De Bebidas Bobba Go,café,3,18.458623,-97.389801,https://mitehuacan.mx/?ruta=8
1,Venta De Aguas Frescas Sin Nombre,café,3,18.458655,-97.390673,https://mitehuacan.mx/?ruta=8
1,Venta De Jugos Super Jugos Curativos,café,3,18.458671,-97.391184,https://mitehuacan.mx/?ruta=8
1,Cafeteria La Suiza,café,13,18.459039,-97.389388,https://mitehuacan.mx/?ruta=8
1,Cooperativa Escolar Sin Nombre Turno Matutino Escuela Primar,café,14,18.455339,-97.391516,https://mitehuacan.mx/?ruta=8
1,Delicrep,café,14,18.456734,-97.392756,https://mitehuacan.mx/?ruta=8
1,Tienda Escolar Primaria Ing Pastor Roauix Turno Vespertino,café,14,18.455339,-97.391516,https://mitehuacan.mx/?ruta=8
1,Desayunados Juquilita,café,15,18.456252,-97.389436,https://mitehuacan.mx/?ruta=8
1,Vida Verde,café,16,18.460748,-97.417868,https://mitehuacan.mx/?ruta=8
1,Cafeteria Calle Melancolia,café,24,18.454898,-97.391618,https://mitehuacan.mx/?ruta=8
1,Venta De Aguas Sin Nombre,café,42,18.460548,-97.389868,https://mitehuacan.mx/?ruta=8
1,Cherry Food & Coffee,café,43,18.456997,-97.392748,https://mitehuacan.mx/?ruta=8
1,Jugueria Sin Nombre,café,43,18.456472,-97.389978,https://mitehuacan.mx/?ruta=8
1,Cafeteria Dulces Detalles,café,45,18.456402,-97.396674,https://mitehuacan.mx/?ruta=8
1,La Crepa Sale Sucre,café,45,18.456402,-97.396674,https://mitehuacan.mx/?ruta=8
1,El Dulcecito,café,49,18.459903,-97.412866,https://mitehuacan.mx/?ruta=8
1,Ruta Cafe,café,50,18.459007,-97.388643,https://mitehuacan.mx/?ruta=8
1,Venta De Comida San Pedro,café,58,18.456585,-97.391976,https://mitehuacan.mx/?ruta=8
1,Cafeteria Idue Cafe,café,67,18.459066,-97.385896,https://mitehuacan.mx/?ruta=8
1,Endulzate Cafeteria,café,74,18.45526,-97.392499,https://mitehuacan.mx/?ruta=8
1,Cafeteria Cafetti,café,76,18.456121,-97.396684,https://mitehuacan.mx/?ruta=8
1,Tienda Escolar,café,79,18.461317,-97.417766,https://mitehuacan.mx/?ruta=8
1,Finca San Agustin Cafe,café,84,18.457938,-97.392445,https://mitehuacan.mx/?ruta=8
1,Jugos Y Tortas California,café,88,18.459495,-97.392424,https://mitehuacan.mx/?ruta=8
1,El Frapecito,café,89,18.459684,-97.398307,https://mitehuacan.mx/?ruta=8
1,Dr. Tapioca,café,94,18.457891,-97.393578,https://mitehuacan.mx/?ruta=8
1,Heladeria Helados Y Nieves Naturales Tehuacan,café,108,18.459748,-97.394209,https://mitehuacan.mx/?ruta=8
1,Cafeteria Flor De Cafe,café,114,18.461501,-97.390292,https://mitehuacan.mx/?ruta=8
1,Cafe Sierra Negra,café,120,18.457574,-97.391481,https://mitehuacan.mx/?ruta=8
1,Cooperativa Los Niños Son Primero Escuela Primaria Manuel Av,café,129,18.456419,-97.391004,https://mitehuacan.mx/?ruta=8
1,Tienda Escolar Sin Nombre Escuela Primaria Manuel Avila Cama,café,134,18.456415,-97.390938,https://mitehuacan.mx/?ruta=8
1,Heladeria Y Paleteria Creamy,café,136,18.454355,-97.392526,https://mitehuacan.mx/?ruta=8
1,La Casita De Dulces,café,136,18.453392,-97.39177,https://mitehuacan.mx/?ruta=8
1,La Casa Del Sabor,café,139,18.461445,-97.408813,https://mitehuacan.mx/?ruta=8
1,Ha-De Wafflesitos,café,148,18.459276,-97.404626,https://mitehuacan.mx/?ruta=8
1,Venta Jugos Sin Nombre,café,148,18.455119,-97.393257,https://mitehuacan.mx/?ruta=8
1,Tienda De Telefonos Distribuidor Autorizado Pamec Telcel,celulares,1,18.458753,-97.394037,https://mitehuacan.mx/?ruta=8
1,Yeyi Cell Accesorios Y Reparacion,celulares,1,18.458698,-97.392199,https://mitehuacan.mx/?ruta=8
1,Reparacion De Telefonos,celulares,2,18.460502,-97.4169,https://mitehuacan.mx/?ruta=8
1,Tienda De Accesorios Para Celulares,celulares,2,18.460543,-97.418217,https://mitehuacan.mx/?ruta=8
1,Grupo Accel,celulares,3,18.458657,-97.390711,https://mitehuacan.mx/?ruta=8
1,Unlock Cell Andy Venta De Articulos Para Celulares,celulares,3,18.458629,-97.389972,https://mitehuacan.mx/?ruta=8
1,Venta De Celulares Cellular Wordl,celulares,3,18.458657,-97.390711,https://mitehuacan.mx/?ruta=8
1,Venta De Telefonos Celulares Distribuidor Autorizado Telcel ,celulares,3,18.458583,-97.388607,https://mitehuacan.mx/?ruta=8
1,Tienda De Telefonos Distribuidor Autorizado Pamec Telcel,celulares,4,18.458618,-97.389317,https://mitehuacan.mx/?ruta=8
1,Black Cell,celulares,7,18.460724,-97.387596,https://mitehuacan.mx/?ruta=8
1,House - Cel,celulares,8,18.460746,-97.38879,https://mitehuacan.mx/?ruta=8
1,Novedades Fabys,celulares,8,18.460746,-97.388752,https://mitehuacan.mx/?ruta=8
1,Smart Service,celulares,8,18.46073,-97.388003,https://mitehuacan.mx/?ruta=8
1,King Memori,celulares,9,18.460751,-97.389027,https://mitehuacan.mx/?ruta=8
1,Tecnology Estore,celulares,9,18.46075,-97.389018,https://mitehuacan.mx/?ruta=8
1,Venta De Accesorios Para Celular,celulares,10,18.458929,-97.396972,https://mitehuacan.mx/?ruta=8
1,Venta De Accesorios Para Celular Farmacell,celulares,10,18.458602,-97.38727,https://mitehuacan.mx/?ruta=8
1,Macropay,celulares,11,18.460041,-97.389377,https://mitehuacan.mx/?ruta=8
1,Venta De Telefonos Celulares Distribuidor Autorizado Telcel,celulares,11,18.458608,-97.387363,https://mitehuacan.mx/?ruta=8
1,Macropay,celulares,12,18.459805,-97.389379,https://mitehuacan.mx/?ruta=8
1,Venta De Accesorios Para Celular Redi,celulares,13,18.45875,-97.389393,https://mitehuacan.mx/?ruta=8
1,Dan Audio Tienda De Electronica,celulares,15,18.456352,-97.389433,https://mitehuacan.mx/?ruta=8
1,Accesorios De Celulares Vale Bu,celulares,16,18.458722,-97.389285,https://mitehuacan.mx/?ruta=8
1,Tienda De Telefonos Distribuidor Autorizado Pamec Telcel,celulares,17,18.460765,-97.389624,https://mitehuacan.mx/?ruta=8
1,Venta De Celulares Celular World,celulares,17,18.460765,-97.389624,https://mitehuacan.mx/?ruta=8
1,Venta De Celulares Grupo Accel,celulares,17,18.460765,-97.389624,https://mitehuacan.mx/?ruta=8
1,Venta De Accesorios Telefonicos Dido Cell,celulares,22,18.460874,-97.389668,https://mitehuacan.mx/?ruta=8
1,Tienda De Telefonos Autorizado Pamec Telcel,celulares,24,18.458876,-97.391448,https://mitehuacan.mx/?ruta=8
1,Venta De Accesorios Para Telefonos Celulares,celulares,27,18.458137,-97.383896,https://mitehuacan.mx/?ruta=8
1,Venta De Accesorios Telefonicos Y Electronicos La Casa Del C,celulares,28,18.460767,-97.389729,https://mitehuacan.mx/?ruta=8
1,Venta De Accesorios Para Celular Novedades Hernandez,celulares,29,18.460876,-97.389735,https://mitehuacan.mx/?ruta=8
1,Accesorios De Celular Happy,celulares,63,18.458996,-97.385047,https://mitehuacan.mx/?ruta=8
1,Venta De Accesorios Para Celulares Sin Nombre,celulares,64,18.457169,-97.405304,https://mitehuacan.mx/?ruta=8
1,Venta De Accesorios Para. Celulares,celulares,65,18.461357,-97.387035,https://mitehuacan.mx/?ruta=8
1,Tiendas De Telefonos Distribuidor Autorizado Telcel Pamec,celulares,66,18.461441,-97.389465,https://mitehuacan.mx/?ruta=8
1,Tienda De Accesorios Para Celulares Centro Cell,celulares,79,18.459377,-97.391553,https://mitehuacan.mx/?ruta=8
1,Reparacion Y Accesorios Movile Zone,celulares,80,18.460781,-97.390222,https://mitehuacan.mx/?ruta=8
1,Reparacion Y Accesorios Para Celular Sin Nombre,celulares,85,18.461574,-97.389692,https://mitehuacan.mx/?ruta=8
1,Accesorios Y Celulares Sin Nombre,celulares,104,18.457441,-97.383939,https://mitehuacan.mx/?ruta=8
1,Venta De Accesorios Para Celular Compu Planet,celulares,104,18.460787,-97.390449,https://mitehuacan.mx/?ruta=8
1,Venta De Accesorios Para Celulares Sin Nombre,celulares,105,18.457479,-97.385153,https://mitehuacan.mx/?ruta=8
1,La Casa De La Tecnologia,celulares,113,18.461866,-97.389462,https://mitehuacan.mx/?ruta=8
1,Distribuidor Autorizado Movistar,celulares,114,18.461501,-97.390292,https://mitehuacan.mx/?ruta=8
1,Venta De Refacciones Para Celulares Celular Center,celulares,114,18.461501,-97.390292,https://mitehuacan.mx/?ruta=8
1,Celular Shop,celulares,119,18.459776,-97.392433,https://mitehuacan.mx/?ruta=8
1,Venta De Accesorios Para Celular Case Store,celulares,122,18.461582,-97.390318,https://mitehuacan.mx/?ruta=8
1,Venta De Accesorios Para Celular Cell Phone,celulares,122,18.460791,-97.39062,https://mitehuacan.mx/?ruta=8
1,Accesorios Y Novedades Panda,celulares,126,18.4609,-97.390654,https://mitehuacan.mx/?ruta=8
1,Macropay,celulares,126,18.460713,-97.390664,https://mitehuacan.mx/?ruta=8
1,Venta De Accesorios Alpha Systems,celulares,127,18.459849,-97.392435,https://mitehuacan.mx/?ruta=8
1,Tienda De Discos Sin Nombre,celulares,128,18.457302,-97.385937,https://mitehuacan.mx/?ruta=8
1,Accesorios Para Celular Telefonmania,celulares,130,18.459839,-97.391547,https://mitehuacan.mx/?ruta=8
1,Servicio Tecnico De Celulares El Vencedor,celulares,133,18.457442,-97.391188,https://mitehuacan.mx/?ruta=8
1,Tap-Cel,celulares,136,18.45989,-97.391429,https://mitehuacan.mx/?ruta=8
1,Celular Wort,celulares,145,18.460796,-97.390838,https://mitehuacan.mx/?ruta=8
1,Telefonia Y Accesorios Novedades Max,celulares,149,18.457083,-97.385238,https://mitehuacan.mx/?ruta=8
1,Consultorio De Odontologia Integral Am,consultorio,0,18.460644,-97.389474,https://mitehuacan.mx/?ruta=8
1,Consultorio Medico Medicina General,consultorio,0,18.460672,-97.389473,https://mitehuacan.mx/?ruta=8
1,Axel Sport Terapia Fisica,consultorio,1,18.458694,-97.392,https://mitehuacan.mx/?ruta=8
1,Clinica Dental Puebla,consultorio,1,18.458694,-97.392,https://mitehuacan.mx/?ruta=8
1,Consultorio Dental,consultorio,1,18.460744,-97.385726,https://mitehuacan.mx/?ruta=8
1,Consultorio Dental Estomadent,consultorio,1,18.456237,-97.402252,https://mitehuacan.mx/?ruta=8
1,Consultorio Medico De Fundacion Best,consultorio,1,18.458694,-97.392009,https://mitehuacan.mx/?ruta=8
1,Consultorio Medico De Fundacion Best Fin De Semana,consultorio,1,18.458694,-97.392009,https://mitehuacan.mx/?ruta=8
1,Consultorio Medico Dental,consultorio,1,18.4587,-97.392303,https://mitehuacan.mx/?ruta=8
1,Consultorio Medico Fundacion Best Vespertino,consultorio,1,18.458694,-97.392009,https://mitehuacan.mx/?ruta=8
1,Consultorio Medico General Doctor Pablo Garcia Merino,consultorio,1,18.458748,-97.393867,https://mitehuacan.mx/?ruta=8
1,Consultorio Medico Homeopatico Sin Nombre,consultorio,1,18.458813,-97.395534,https://mitehuacan.mx/?ruta=8
1,Consultorio Medico Juan Luna Diaz,consultorio,1,18.458698,-97.392199,https://mitehuacan.mx/?ruta=8
1,Sanaury Control De Peso,consultorio,1,18.458694,-97.392,https://mitehuacan.mx/?ruta=8
1,Clinica De Enfermedades De La Piel Dermatologia,consultorio,2,18.460353,-97.410586,https://mitehuacan.mx/?ruta=8
1,Clinica Dental Orduña,consultorio,2,18.460811,-97.387849,https://mitehuacan.mx/?ruta=8
1,Consultorio De Fisioterapia Rehabilitare,consultorio,2,18.458541,-97.387745,https://mitehuacan.mx/?ruta=8
1,Consultorio Dental,consultorio,2,18.460412,-97.412159,https://mitehuacan.mx/?ruta=8
1,Consultorio Fundacion Best,consultorio,2,18.458547,-97.387868,https://mitehuacan.mx/?ruta=8
1,Dental Valencia,consultorio,2,18.460354,-97.410615,https://mitehuacan.mx/?ruta=8
1,Fisioramen,consultorio,2,18.460253,-97.410087,https://mitehuacan.mx/?ruta=8
1,Servicios Dentales Mt,consultorio,2,18.460543,-97.418217,https://mitehuacan.mx/?ruta=8
1,Smile Dental,consultorio,2,18.460412,-97.412159,https://mitehuacan.mx/?ruta=8
1,Vg Opticos,consultorio,2,18.460354,-97.410615,https://mitehuacan.mx/?ruta=8
1,Global Psychological Service,consultorio,3,18.454075,-97.389604,https://mitehuacan.mx/?ruta=8
1,Psicoemociones Atencion Psicologica Integral,consultorio,3,18.454075,-97.389604,https://mitehuacan.mx/?ruta=8
1,Consultorio Hb Dentica,consultorio,4,18.460709,-97.383744,https://mitehuacan.mx/?ruta=8
1,Creo Fisioterapeuta,consultorio,4,18.453451,-97.389795,https://mitehuacan.mx/?ruta=8
1,Centro Optico,consultorio,7,18.460675,-97.385823,https://mitehuacan.mx/?ruta=8
1,Clinica Dental Sin Nombre,consultorio,7,18.460719,-97.38733,https://mitehuacan.mx/?ruta=8
1,Dental Veracruzana,consultorio,8,18.460741,-97.388487,https://mitehuacan.mx/?ruta=8
1,Consultorio De Ginecologia Y Obstetricia Dr Jose Luis Aquino,consultorio,9,18.458886,-97.395418,https://mitehuacan.mx/?ruta=8
1,Consultorio Dental,consultorio,9,18.459654,-97.408267,https://mitehuacan.mx/?ruta=8
1,Consultorio Mb Dental,consultorio,9,18.458883,-97.395238,https://mitehuacan.mx/?ruta=8
1,Clinica Dental Sonrisas Increibles,consultorio,10,18.456531,-97.393002,https://mitehuacan.mx/?ruta=8
1,Consultorio Dental Oral Medica,consultorio,10,18.458912,-97.39611,https://mitehuacan.mx/?ruta=8
1,Estetica Dental Dentismile,consultorio,10,18.458943,-97.397551,https://mitehuacan.mx/?ruta=8
1,Grupo Dental Bulas,consultorio,10,18.458843,-97.393721,https://mitehuacan.mx/?ruta=8
1,Optica Look Vission,consultorio,10,18.458524,-97.385203,https://mitehuacan.mx/?ruta=8
1,Clinica De Fisioterapia Fisica Y Rehabilitacion Yomelly,consultorio,11,18.456536,-97.393116,https://mitehuacan.mx/?ruta=8
1,Clinica Granadas,consultorio,11,18.460458,-97.418284,https://mitehuacan.mx/?ruta=8
1,Consultorio Medico Agustin Pacheco Merlo,consultorio,11,18.458816,-97.392897,https://mitehuacan.mx/?ruta=8
1,Galez Centro Odontologico,consultorio,12,18.459528,-97.389383,https://mitehuacan.mx/?ruta=8
1,Clinica Dental Ardent Odontologia Integral,consultorio,13,18.459148,-97.389387,https://mitehuacan.mx/?ruta=8
1,Consultorio Deltan Sin Nombre,consultorio,13,18.458894,-97.38939,https://mitehuacan.mx/?ruta=8
1,Consultorio Dental Dentihealth,consultorio,13,18.456886,-97.389445,https://mitehuacan.mx/?ruta=8
1,Consultorio Medico General,consultorio,13,18.458732,-97.389393,https://mitehuacan.mx/?ruta=8
1,Clinica Dental Dr Jose Eduardo De Rosas Lopez,consultorio,14,18.456734,-97.392756,https://mitehuacan.mx/?ruta=8
1,Consultoria Y Asesoria Psicologica Particular,consultorio,14,18.456481,-97.392761,https://mitehuacan.mx/?ruta=8
1,Consultorio Dental Sin Nombre,consultorio,15,18.455004,-97.38947,https://mitehuacan.mx/?ruta=8
1,Consultorio Dental Sin Nombre,consultorio,15,18.458699,-97.38884,https://mitehuacan.mx/?ruta=8
1,Consultorio Medico De Farmacia De Apollo,consultorio,15,18.458562,-97.392434,https://mitehuacan.mx/?ruta=8
1,Consultorio Medico Sin Nombre,consultorio,15,18.455122,-97.389467,https://mitehuacan.mx/?ruta=8
1,Consultorio Medico Del Doctor Luis Rogelio Vazquez Jimenez,consultorio,16,18.458295,-97.385493,https://mitehuacan.mx/?ruta=8
1,Consultorio De Odontologia,consultorio,19,18.456633,-97.396552,https://mitehuacan.mx/?ruta=8
1,Consultorio Medico General,consultorio,19,18.456633,-97.396552,https://mitehuacan.mx/?ruta=8
1,Consultorio Dental Idental,consultorio,24,18.457501,-97.389772,https://mitehuacan.mx/?ruta=8
1,Clinica Dental Integral Rie,consultorio,25,18.458437,-97.391574,https://mitehuacan.mx/?ruta=8
1,Consultorio De Pediatria Juan Fernando Barroso Zarate,consultorio,27,18.459077,-97.396519,https://mitehuacan.mx/?ruta=8
1,Consultorio Dental Creadent,consultorio,27,18.459077,-97.396519,https://mitehuacan.mx/?ruta=8
1,Consultorio De Control De Peso Salut,consultorio,29,18.45687,-97.392752,https://mitehuacan.mx/?ruta=8
1,Medico Cirujano,consultorio,32,18.458543,-97.396526,https://mitehuacan.mx/?ruta=8
1,Consultorio Dental San Pedro,consultorio,34,18.461079,-97.387118,https://mitehuacan.mx/?ruta=8
1,Terapia De Sanacion Con Cristales,consultorio,35,18.457123,-97.396577,https://mitehuacan.mx/?ruta=8
1,Consultorio De Odontologia Integral Y Ortodoncia,consultorio,40,18.454468,-97.390008,https://mitehuacan.mx/?ruta=8
1,Consultorio Dental Docky Dental,consultorio,43,18.459129,-97.393483,https://mitehuacan.mx/?ruta=8
1,Consultorio Medico,consultorio,44,18.456303,-97.39435,https://mitehuacan.mx/?ruta=8
1,Consultoria Medica Curaciones Via Inhalorerapia,consultorio,45,18.456402,-97.396674,https://mitehuacan.mx/?ruta=8
1,Consultorio Quiropractico,consultorio,45,18.460189,-97.408239,https://mitehuacan.mx/?ruta=8
1,Consultorio Dental,consultorio,46,18.458416,-97.396525,https://mitehuacan.mx/?ruta=8
1,Consultorio Medico,consultorio,46,18.458416,-97.396525,https://mitehuacan.mx/?ruta=8
1,Medico Cirujano,consultorio,46,18.458416,-97.396525,https://mitehuacan.mx/?ruta=8
1,Consultorio Medico,consultorio,49,18.459637,-97.409516,https://mitehuacan.mx/?ruta=8
1,Consultorio Dental Sonrie,consultorio,50,18.456002,-97.391615,https://mitehuacan.mx/?ruta=8
1,Consultorio Medico Mediem Medicina Empresarial,consultorio,50,18.456002,-97.391615,https://mitehuacan.mx/?ruta=8
1,Consultorio Dental Divino Salvador,consultorio,54,18.458031,-97.398418,https://mitehuacan.mx/?ruta=8
1,Consultorio Dental Smile,consultorio,54,18.458904,-97.399554,https://mitehuacan.mx/?ruta=8
1,Sanadores Espirituales,consultorio,55,18.45924,-97.393573,https://mitehuacan.mx/?ruta=8
1,Nutri Logros,consultorio,58,18.458327,-97.397441,https://mitehuacan.mx/?ruta=8
1,Consultorio Medico Pediatra Neonatologo,consultorio,59,18.458283,-97.398397,https://mitehuacan.mx/?ruta=8
1,Clinica Dental Juan Yusef,consultorio,62,18.455432,-97.392494,https://mitehuacan.mx/?ruta=8
1,Consultorio Dental Santa Apolonia,consultorio,62,18.45899,-97.385132,https://mitehuacan.mx/?ruta=8
1,Kinesio Vida,consultorio,67,18.456989,-97.390197,https://mitehuacan.mx/?ruta=8
1,Consultorio Dental Consultorio Mona Lisa,consultorio,70,18.457352,-97.388885,https://mitehuacan.mx/?ruta=8
1,Consultorio Medico Sin Nombre,consultorio,71,18.461414,-97.38711,https://mitehuacan.mx/?ruta=8
1,Quiropractica Tradicional Y Masajista,consultorio,73,18.460144,-97.388213,https://mitehuacan.mx/?ruta=8
1,Consultorio Medico,consultorio,75,18.45613,-97.396684,https://mitehuacan.mx/?ruta=8
1,Consultorio Psicologico Psicologia Integral Aplicada,consultorio,75,18.452742,-97.38952,https://mitehuacan.mx/?ruta=8
1,Mundo Optico,consultorio,79,18.459216,-97.387164,https://mitehuacan.mx/?ruta=8
1,Optica Delabli,consultorio,80,18.457983,-97.392728,https://mitehuacan.mx/?ruta=8
1,Consultorio Medico,consultorio,82,18.461439,-97.384517,https://mitehuacan.mx/?ruta=8
1,Consultorio Dental,consultorio,83,18.455426,-97.390383,https://mitehuacan.mx/?ruta=8
1,Servicio Dental Dental 24 Horass,consultorio,83,18.461574,-97.388895,https://mitehuacan.mx/?ruta=8
1,Consultorio De Odontologia Integral Y Pediatrica Sin Nombre,consultorio,84,18.459578,-97.396106,https://mitehuacan.mx/?ruta=8
1,Consultorio Pediatrico Sin Nombre,consultorio,84,18.459578,-97.396106,https://mitehuacan.mx/?ruta=8
1,Consultorio De Podologia Sin Nombre,consultorio,88,18.459295,-97.3871,https://mitehuacan.mx/?ruta=8
1,Consultorio De Psicologia Apoyo Profesional Y Psicologico Hu,consultorio,91,18.459702,-97.398306,https://mitehuacan.mx/?ruta=8
1,Consultorio Dental Zeron,consultorio,95,18.459857,-97.385075,https://mitehuacan.mx/?ruta=8
1,Consultorio De Medicina General,consultorio,96,18.459294,-97.385027,https://mitehuacan.mx/?ruta=8
1,Unidad Medica San Agustin,consultorio,96,18.457838,-97.392731,https://mitehuacan.mx/?ruta=8
1,Consultorio Dental Dentifam,consultorio,97,18.452563,-97.389422,https://mitehuacan.mx/?ruta=8
1,Huesero,consultorio,97,18.457456,-97.388635,https://mitehuacan.mx/?ruta=8
1,Oroz Podologia,consultorio,97,18.45962,-97.393558,https://mitehuacan.mx/?ruta=8
1,Consultorio De Similares,consultorio,98,18.461731,-97.389463,https://mitehuacan.mx/?ruta=8
1,Tratamiento De Columna Y Cadera,consultorio,98,18.455766,-97.393367,https://mitehuacan.mx/?ruta=8
1,Consultorio De Otorrinolaringologia,consultorio,99,18.45591,-97.396579,https://mitehuacan.mx/?ruta=8
1,Consultorio Dental Sin Nombre,consultorio,99,18.458907,-97.399971,https://mitehuacan.mx/?ruta=8
1,Consultorio Especialista En Prostodoncia,consultorio,99,18.45591,-97.396579,https://mitehuacan.mx/?ruta=8
1,Consultorio Medico,consultorio,100,18.453957,-97.388694,https://mitehuacan.mx/?ruta=8
1,Excelsior Atencion Dental,consultorio,101,18.454871,-97.392511,https://mitehuacan.mx/?ruta=8
1,Consultorio De Similares,consultorio,103,18.460787,-97.39044,https://mitehuacan.mx/?ruta=8
1,Consultorio Medico Farmacias Similares,consultorio,103,18.460787,-97.39044,https://mitehuacan.mx/?ruta=8
1,Consultorio De Fisioterapia,consultorio,107,18.455841,-97.396695,https://mitehuacan.mx/?ruta=8
1,Consultorio Dental,consultorio,107,18.460896,-97.390474,https://mitehuacan.mx/?ruta=8
1,Consultorio De Terapia Holistica,consultorio,109,18.459039,-97.40978,https://mitehuacan.mx/?ruta=8
1,Especialidades Medicas Angeles,consultorio,112,18.455796,-97.396697,https://mitehuacan.mx/?ruta=8
1,Consultorio Dental Ortidenth,consultorio,114,18.461501,-97.390292,https://mitehuacan.mx/?ruta=8
1,Consultorio Medico General,consultorio,114,18.457713,-97.393685,https://mitehuacan.mx/?ruta=8
1,Consultorio Dental Mora,consultorio,117,18.461828,-97.387031,https://mitehuacan.mx/?ruta=8
1,Consultorio Dental,consultorio,119,18.461791,-97.384947,https://mitehuacan.mx/?ruta=8
1,Consultorio Dental Rehabilident,consultorio,122,18.457536,-97.390948,https://mitehuacan.mx/?ruta=8
1,Consultorio Medico Sin Nombre,consultorio,122,18.461326,-97.409339,https://mitehuacan.mx/?ruta=8
1,Damta Estomatologia,consultorio,123,18.4613,-97.408809,https://mitehuacan.mx/?ruta=8
1,Consultorio De Medicina General Sin Nombre,consultorio,124,18.454331,-97.388456,https://mitehuacan.mx/?ruta=8
1,Consultorio Dental,consultorio,124,18.457557,-97.391943,https://mitehuacan.mx/?ruta=8
1,Clinica Dental Sin Nombre,consultorio,127,18.457326,-97.386391,https://mitehuacan.mx/?ruta=8
1,Denflix Clinica Dental,consultorio,130,18.455488,-97.393569,https://mitehuacan.mx/?ruta=8
1,Consultorio Dental Jose De Jesus Leon Frias,consultorio,134,18.460082,-97.39829,https://mitehuacan.mx/?ruta=8
1,Consultorio Medico,consultorio,134,18.454735,-97.392799,https://mitehuacan.mx/?ruta=8
1,Consultorio De Oftalmologia,consultorio,136,18.460065,-97.396573,https://mitehuacan.mx/?ruta=8
1,Consultorio De Pediatria Sin Nombre,consultorio,136,18.460065,-97.396573,https://mitehuacan.mx/?ruta=8
1,Consultorio Medico Dr Mario Breton Reyes,consultorio,136,18.460065,-97.396573,https://mitehuacan.mx/?ruta=8
1,Consultorio Medico General Doctor Carlos Nakid Garcia,consultorio,136,18.460065,-97.396573,https://mitehuacan.mx/?ruta=8
1,Consultorio Medico Ginecologia Sin Nombre,consultorio,136,18.460065,-97.396573,https://mitehuacan.mx/?ruta=8
1,Consultorio Dental Olmos,consultorio,137,18.459902,-97.391546,https://mitehuacan.mx/?ruta=8
1,Dental Clinic,consultorio,137,18.457059,-97.382046,https://mitehuacan.mx/?ruta=8
1,Consultorio Dental,consultorio,139,18.460036,-97.394478,https://mitehuacan.mx/?ruta=8
1,Consultorio Dental Dra Jazmin Sanchez Tecuatl,consultorio,139,18.460036,-97.394478,https://mitehuacan.mx/?ruta=8
1,Consultorio Medico Luis Alberto Frias Vera,consultorio,139,18.460136,-97.398288,https://mitehuacan.mx/?ruta=8
1,Consultorio Medico Sin Nombre,consultorio,139,18.460036,-97.394478,https://mitehuacan.mx/?ruta=8
1,Unidad De Medicina Integral De Tehuacan Eterno,consultorio,142,18.457016,-97.390908,https://mitehuacan.mx/?ruta=8
1,Dental San Jose,consultorio,144,18.459962,-97.391428,https://mitehuacan.mx/?ruta=8
1,Mastercell,electrónica,1,18.458461,-97.385803,https://mitehuacan.mx/?ruta=8
1,Profesionistas Y Tecnicos Tobon,electrónica,1,18.458806,-97.39525,https://mitehuacan.mx/?ruta=8
1,Reparacion De Celulares Reparacel,electrónica,2,18.460197,-97.409461,https://mitehuacan.mx/?ruta=8
1,Venta De Accesorios Celulares Computacion Y Repaciones De Ce,electrónica,2,18.460845,-97.388939,https://mitehuacan.mx/?ruta=8
1,Reparacion De Celulares Global Technology,electrónica,4,18.458612,-97.389194,https://mitehuacan.mx/?ruta=8
1,Servicio En Electronica Acevedo,electrónica,4,18.457006,-97.400149,https://mitehuacan.mx/?ruta=8
1,Game Over Video Juegos,electrónica,6,18.458653,-97.392717,https://mitehuacan.mx/?ruta=8
1,Servicio De Reparacion Electronica Juarez,electrónica,6,18.460718,-97.387216,https://mitehuacan.mx/?ruta=8
1,Renta De Maquinitas,electrónica,7,18.460705,-97.386913,https://mitehuacan.mx/?ruta=8
1,Mobile Unlock,electrónica,8,18.460729,-97.387937,https://mitehuacan.mx/?ruta=8
1,Decar Computacion,electrónica,9,18.457129,-97.401792,https://mitehuacan.mx/?ruta=8
1,Venta De Videojuegos,electrónica,9,18.458154,-97.380334,https://mitehuacan.mx/?ruta=8
1,Servicio De Reparacion De Electronicos Y Refacciones Tobon,electrónica,10,18.458878,-97.394963,https://mitehuacan.mx/?ruta=8
1,Venta De Material De Bocina Y Reparacion Tecnica Universal,electrónica,11,18.460153,-97.389375,https://mitehuacan.mx/?ruta=8
1,Yekcel Reparacion De Celulares,electrónica,11,18.458821,-97.393075,https://mitehuacan.mx/?ruta=8
1,Servicio Electronico Electronica Zigma,electrónica,14,18.45295,-97.379513,https://mitehuacan.mx/?ruta=8
1,Servicio De Video Juegos Sin Nombre,electrónica,15,18.460761,-97.418404,https://mitehuacan.mx/?ruta=8
1,Reparacel,electrónica,17,18.458653,-97.387108,https://mitehuacan.mx/?ruta=8
1,Taller De Reparacion De Celulares Sin Nombre,electrónica,17,18.455877,-97.389751,https://mitehuacan.mx/?ruta=8
1,Servicio De Electronica Sin Nombre,electrónica,21,18.459579,-97.409086,https://mitehuacan.mx/?ruta=8
1,Diario Primera Linea Periodico Digital,electrónica,33,18.454373,-97.390532,https://mitehuacan.mx/?ruta=8
1,Refrigeracion Gresa,electrónica,33,18.454373,-97.390532,https://mitehuacan.mx/?ruta=8
1,Arcade G.O.2,electrónica,35,18.458825,-97.387168,https://mitehuacan.mx/?ruta=8
1,Tienda De Articulos Para Celular Gsm Un Looker,electrónica,35,18.457474,-97.389213,https://mitehuacan.mx/?ruta=8
1,Taller De Electronica Escorpion,electrónica,44,18.457469,-97.389128,https://mitehuacan.mx/?ruta=8
1,Reparacion De Telefonos Sin Nombre,electrónica,50,18.461293,-97.389346,https://mitehuacan.mx/?ruta=8
1,Digital World,electrónica,51,18.460187,-97.408182,https://mitehuacan.mx/?ruta=8
1,Venta De Maquinas Maquinateh,electrónica,51,18.457158,-97.394188,https://mitehuacan.mx/?ruta=8
1,Taller De Reparacion De Celulares Sin Nombre,electrónica,52,18.454369,-97.390115,https://mitehuacan.mx/?ruta=8
1,Macktronica It & Electric Serviss,electrónica,61,18.45618,-97.395038,https://mitehuacan.mx/?ruta=8
1,Reparaciones Telcel,electrónica,67,18.459309,-97.392541,https://mitehuacan.mx/?ruta=8
1,Basculas La Purisima,electrónica,69,18.457817,-97.385567,https://mitehuacan.mx/?ruta=8
1,Compusisteh,electrónica,69,18.456899,-97.404849,https://mitehuacan.mx/?ruta=8
1,Reparacion De Maquinitas,electrónica,71,18.459084,-97.385551,https://mitehuacan.mx/?ruta=8
1,Reparacion De Computadoras Compuservice Soft & Hardware,electrónica,75,18.457352,-97.393711,https://mitehuacan.mx/?ruta=8
1,Taller De Sistemas Audio Fuentes,electrónica,81,18.461486,-97.386431,https://mitehuacan.mx/?ruta=8
1,Taller De Electronica Juarez,electrónica,82,18.459171,-97.38512,https://mitehuacan.mx/?ruta=8
1,Renta De Xbox,electrónica,84,18.461573,-97.389661,https://mitehuacan.mx/?ruta=8
1,Reparacion De Celulares Androicell,electrónica,84,18.459985,-97.385997,https://mitehuacan.mx/?ruta=8
1,Videojuegos,electrónica,88,18.457632,-97.385141,https://mitehuacan.mx/?ruta=8
1,Reparacion De Celulares Jereh,electrónica,92,18.457547,-97.383861,https://mitehuacan.mx/?ruta=8
1,Taller De Compostura De Telefonia At&T,electrónica,95,18.457108,-97.39046,https://mitehuacan.mx/?ruta=8
1,Maquinitas Juegos Sin Nombre,electrónica,104,18.461579,-97.390071,https://mitehuacan.mx/?ruta=8
1,Reparacion De Celulares Salto Del Agua,electrónica,117,18.460898,-97.390569,https://mitehuacan.mx/?ruta=8
1,Compra Y Venta Maquinas Industriales Sin Nombre,electrónica,122,18.455587,-97.394011,https://mitehuacan.mx/?ruta=8
1,Reparacion De Televisiones,electrónica,123,18.456537,-97.391171,https://mitehuacan.mx/?ruta=8
1,Servicio Tecnico Sin Nombre,electrónica,123,18.453431,-97.388486,https://mitehuacan.mx/?ruta=8
1,Reparacion Celulares Megatronic,electrónica,124,18.461891,-97.38703,https://mitehuacan.mx/?ruta=8
1,Soporte Tecnico De Celulares Sin Nombre,electrónica,127,18.457221,-97.383634,https://mitehuacan.mx/?ruta=8
1,Venta De Radios Y Bocinas Sin Nombre,electrónica,129,18.457215,-97.383957,https://mitehuacan.mx/?ruta=8
1,Maquinas Ludicas Activadas Por Monedas,electrónica,130,18.457255,-97.385229,https://mitehuacan.mx/?ruta=8
1,Electronica Gars,electrónica,132,18.461828,-97.382609,https://mitehuacan.mx/?ruta=8
1,Taller De Reparacion De Celulares Moviles Azuani,electrónica,133,18.457435,-97.390894,https://mitehuacan.mx/?ruta=8
1,Compra Venta De Audios Y Video,electrónica,135,18.460666,-97.390749,https://mitehuacan.mx/?ruta=8
1,Raito Solutions,electrónica,137,18.461953,-97.384936,https://mitehuacan.mx/?ruta=8
1,Taller De Reparacion De Celulares Hospital Del Celular,electrónica,143,18.459994,-97.39244,https://mitehuacan.mx/?ruta=8
1,Renta De Maquinitas,electrónica,146,18.457993,-97.40873,https://mitehuacan.mx/?ruta=8
1,Aplicacion De Tatuajes Corazon Negro Tattoo,estética,0,18.458724,-97.393156,https://mitehuacan.mx/?ruta=8
1,El Salon Estetica,estética,0,18.456665,-97.393614,https://mitehuacan.mx/?ruta=8
1,Estetica Radiance,estética,0,18.458726,-97.393203,https://mitehuacan.mx/?ruta=8
1,Aplicacion De Uñas,estética,1,18.456201,-97.399872,https://mitehuacan.mx/?ruta=8
1,Barberia Y Peluqueria Abad,estética,1,18.458811,-97.395468,https://mitehuacan.mx/?ruta=8
1,Blessed Academy Escuela De Estilismo,estética,1,18.458694,-97.392,https://mitehuacan.mx/?ruta=8
1,Estetica Marlen,estética,1,18.461784,-97.424211,https://mitehuacan.mx/?ruta=8
1,Gina Salon,estética,1,18.458506,-97.387006,https://mitehuacan.mx/?ruta=8
1,Salon De Belleza Sin Nombre,estética,1,18.460736,-97.38547,https://mitehuacan.mx/?ruta=8
1,Barber Shop,estética,2,18.45705,-97.401494,https://mitehuacan.mx/?ruta=8
1,Barberia Caballero,estética,2,18.460779,-97.386835,https://mitehuacan.mx/?ruta=8
1,Centro Estetico Carmen,estética,2,18.460849,-97.389062,https://mitehuacan.mx/?ruta=8
1,Estetica Fashion Y Color,estética,2,18.460412,-97.412159,https://mitehuacan.mx/?ruta=8
1,Estetica Unisex Sin Nombre,estética,2,18.460251,-97.409973,https://mitehuacan.mx/?ruta=8
1,Estetica Vero,estética,2,18.458889,-97.389495,https://mitehuacan.mx/?ruta=8
1,Fash Barber Barberia Cortes De Cabello,estética,2,18.456186,-97.399304,https://mitehuacan.mx/?ruta=8
1,Gm Arte Y Belleza,estética,2,18.460127,-97.408659,https://mitehuacan.mx/?ruta=8
1,Peluqueria De Barrio,estética,2,18.460795,-97.387327,https://mitehuacan.mx/?ruta=8
1,Salon De Belleza Sm,estética,2,18.456875,-97.389585,https://mitehuacan.mx/?ruta=8
1,Salon Jazmin Ml,estética,2,18.460578,-97.422932,https://mitehuacan.mx/?ruta=8
1,Barberia Shop Ramos,estética,3,18.456744,-97.389535,https://mitehuacan.mx/?ruta=8
1,Estetica Danely,estética,3,18.45867,-97.391156,https://mitehuacan.mx/?ruta=8
1,Estetica Unisex Sin Nombre,estética,3,18.458663,-97.390919,https://mitehuacan.mx/?ruta=8
1,Sala De Belleza Yuli,estética,3,18.455568,-97.38957,https://mitehuacan.mx/?ruta=8
1,Servicio De Spa,estética,3,18.458623,-97.389801,https://mitehuacan.mx/?ruta=8
1,Jerque Barber Shop Peluqueria,estética,4,18.453539,-97.390221,https://mitehuacan.mx/?ruta=8
1,Peluqueria Sin Nombre,estética,4,18.460703,-97.383526,https://mitehuacan.mx/?ruta=8
1,Estetica Unisex Yosselin,estética,5,18.458769,-97.381769,https://mitehuacan.mx/?ruta=8
1,Viejo Estilo,estética,5,18.460535,-97.418715,https://mitehuacan.mx/?ruta=8
1,Estetica Chelita,estética,6,18.460693,-97.386325,https://mitehuacan.mx/?ruta=8
1,Estetica Genisis,estética,6,18.460515,-97.418387,https://mitehuacan.mx/?ruta=8
1,Estetica Madoza,estética,6,18.459869,-97.38955,https://mitehuacan.mx/?ruta=8
1,Estetica Luisita,estética,7,18.460727,-97.387823,https://mitehuacan.mx/?ruta=8
1,Estetica Unisex Faby,estética,7,18.458492,-97.388671,https://mitehuacan.mx/?ruta=8
1,Peluqueria Y Barberia Sin Nombre,estética,7,18.460673,-97.385766,https://mitehuacan.mx/?ruta=8
1,Aplicacion De Uñas Sin Nombre,estética,8,18.456967,-97.401696,https://mitehuacan.mx/?ruta=8
1,Barberia,estética,8,18.456243,-97.379711,https://mitehuacan.mx/?ruta=8
1,Estetica Jeremy,estética,8,18.456973,-97.401839,https://mitehuacan.mx/?ruta=8
1,Estetica Jacks Beauty Style,estética,10,18.458879,-97.39502,https://mitehuacan.mx/?ruta=8
1,Peluqueria La Unica,estética,10,18.460625,-97.385025,https://mitehuacan.mx/?ruta=8
1,Sala De Uñas Sin Nombre,estética,10,18.458942,-97.397522,https://mitehuacan.mx/?ruta=8
1,Estetica Nueva Imagen,estética,11,18.458605,-97.387316,https://mitehuacan.mx/?ruta=8
1,Nails Love Boutique,estética,11,18.457497,-97.389649,https://mitehuacan.mx/?ruta=8
1,Diamond Joyeria Y Tatuajes,estética,12,18.458624,-97.393269,https://mitehuacan.mx/?ruta=8
1,Peluqueria Y Barberia Papi Chulo,estética,12,18.459492,-97.389383,https://mitehuacan.mx/?ruta=8
1,Salon De Belleza Sin Nombre,estética,12,18.45863,-97.387693,https://mitehuacan.mx/?ruta=8
1,Barberia Barberia Bandoleros,estética,13,18.457203,-97.389435,https://mitehuacan.mx/?ruta=8
1,Estetica Estetica Unisex Luz,estética,13,18.457275,-97.389432,https://mitehuacan.mx/?ruta=8
1,Peluqueria El Sol,estética,13,18.458657,-97.388092,https://mitehuacan.mx/?ruta=8
1,Estetica Unisex Gaby,estética,15,18.454533,-97.38948,https://mitehuacan.mx/?ruta=8
1,Estetica Unisex Sarey,estética,18,18.456836,-97.400783,https://mitehuacan.mx/?ruta=8
1,Only Nails,estética,19,18.460366,-97.409001,https://mitehuacan.mx/?ruta=8
1,Estetica Deluxe Salon Y Barberia,estética,20,18.460378,-97.4092,https://mitehuacan.mx/?ruta=8
1,Peluqueria Y Barber Shop Yeico,estética,20,18.456377,-97.399107,https://mitehuacan.mx/?ruta=8
1,Estetica Abi,estética,21,18.457935,-97.42798,https://mitehuacan.mx/?ruta=8
1,Estetica Unisex Cleo,estética,21,18.460437,-97.382726,https://mitehuacan.mx/?ruta=8
1,Servicio De Tatuajes Veneno,estética,21,18.458423,-97.390239,https://mitehuacan.mx/?ruta=8
1,Barber Shop Big Boy,estética,22,18.457483,-97.389336,https://mitehuacan.mx/?ruta=8
1,Estetica Esther,estética,22,18.462075,-97.42375,https://mitehuacan.mx/?ruta=8
1,Barber Shop Cruz,estética,23,18.45856,-97.394127,https://mitehuacan.mx/?ruta=8
1,Estetica Vero,estética,23,18.458707,-97.387108,https://mitehuacan.mx/?ruta=8
1,Aplicacion De Tatuajes Iniestra In,estética,24,18.458446,-97.391574,https://mitehuacan.mx/?ruta=8
1,Centro De Belleza Lux,estética,25,18.456382,-97.392779,https://mitehuacan.mx/?ruta=8
1,Barberia Cruz,estética,26,18.456371,-97.392784,https://mitehuacan.mx/?ruta=8
1,Estetica Sin Nombre,estética,28,18.459143,-97.398972,https://mitehuacan.mx/?ruta=8
1,Estetica Unisex Estilo,estética,29,18.457479,-97.389279,https://mitehuacan.mx/?ruta=8
1,Concepto Estilistas,estética,32,18.456359,-97.389877,https://mitehuacan.mx/?ruta=8
1,Estetica Corte Y Color,estética,32,18.457895,-97.40612,https://mitehuacan.mx/?ruta=8
1,Estetica Mv,estética,33,18.458479,-97.405381,https://mitehuacan.mx/?ruta=8
1,Beauty Salon,estética,35,18.455785,-97.39162,https://mitehuacan.mx/?ruta=8
1,Estetica Corte Y Color,estética,35,18.45842,-97.40523,https://mitehuacan.mx/?ruta=8
1,Mj Mari De Jesus Maquillista Profesional,estética,35,18.46041,-97.40844,https://mitehuacan.mx/?ruta=8
1,Estetica Unisex Estetica,estética,36,18.45803,-97.383339,https://mitehuacan.mx/?ruta=8
1,Alberto Garcia Peluqueria Y Estetica,estética,39,18.456611,-97.399946,https://mitehuacan.mx/?ruta=8
1,Pravana Estetica Unisex,estética,39,18.457157,-97.396575,https://mitehuacan.mx/?ruta=8
1,Sala De Belleza Unisex,estética,39,18.458523,-97.398261,https://mitehuacan.mx/?ruta=8
1,Studio K Servicio De Uñas Y Cejas,estética,40,18.455866,-97.391618,https://mitehuacan.mx/?ruta=8
1,Lady Barber Shop,estética,41,18.454399,-97.391433,https://mitehuacan.mx/?ruta=8
1,Peluqueria Varela,estética,44,18.46088,-97.389877,https://mitehuacan.mx/?ruta=8
1,Marck Davila Hair Studio Salon De Belleza,estética,45,18.456402,-97.396674,https://mitehuacan.mx/?ruta=8
1,Mariscal Barberia,estética,45,18.456402,-97.396674,https://mitehuacan.mx/?ruta=8
1,Masajes Nadira,estética,45,18.460312,-97.385171,https://mitehuacan.mx/?ruta=8
1,Novaly Nails & Lases Aplicacion De Uñas Y Extensiones De Pes,estética,45,18.456402,-97.396674,https://mitehuacan.mx/?ruta=8
1,Peluqueria Ramos,estética,45,18.45877,-97.405719,https://mitehuacan.mx/?ruta=8
1,Velvet Nails Boutique,estética,45,18.456402,-97.396674,https://mitehuacan.mx/?ruta=8
1,Aplicacion De Tatuajes Leprosy,estética,48,18.455649,-97.39249,https://mitehuacan.mx/?ruta=8
1,Estetica Marisol,estética,48,18.461203,-97.387037,https://mitehuacan.mx/?ruta=8
1,Salon De Belleza Sin Nombre,estética,48,18.458876,-97.385553,https://mitehuacan.mx/?ruta=8
1,Astrid Sanches Nail Salon Botique,estética,52,18.45794,-97.398421,https://mitehuacan.mx/?ruta=8
1,Peluqueria Mexico,estética,52,18.454369,-97.390115,https://mitehuacan.mx/?ruta=8
1,Peluqueria El Sol,estética,54,18.459118,-97.390754,https://mitehuacan.mx/?ruta=8
1,Peluqueria Mendoza,estética,56,18.459654,-97.409749,https://mitehuacan.mx/?ruta=8
1,Yuvaika Spa,estética,57,18.458958,-97.385552,https://mitehuacan.mx/?ruta=8
1,Barberia Sin Nombre,estética,58,18.458238,-97.398401,https://mitehuacan.mx/?ruta=8
1,Barber Shop Y Aplicacion,estética,59,18.454469,-97.390188,https://mitehuacan.mx/?ruta=8
1,Salon De Uñas D Nails,estética,59,18.454373,-97.391621,https://mitehuacan.mx/?ruta=8
1,Estetica Estudio 13,estética,64,18.459455,-97.398212,https://mitehuacan.mx/?ruta=8
1,Estetica,estética,65,18.458692,-97.408484,https://mitehuacan.mx/?ruta=8
1,Servicio De Belleza,estética,68,18.455851,-97.39023,https://mitehuacan.mx/?ruta=8
1,Tienda De Bisuteria Sin Nombre,estética,68,18.459244,-97.390753,https://mitehuacan.mx/?ruta=8
1,Estetica Unisex Siempre Bella,estética,69,18.458208,-97.396535,https://mitehuacan.mx/?ruta=8
1,Estetica Cecy Court,estética,71,18.45941,-97.394111,https://mitehuacan.mx/?ruta=8
1,Estetica Sin Nombre,estética,72,18.458029,-97.429449,https://mitehuacan.mx/?ruta=8
1,Estetica New Colors,estética,73,18.456573,-97.391786,https://mitehuacan.mx/?ruta=8
1,Nails Studio Gali,estética,73,18.459265,-97.406154,https://mitehuacan.mx/?ruta=8
1,Estetica Hiromi,estética,74,18.458678,-97.428719,https://mitehuacan.mx/?ruta=8
1,Estetica Fashion Nails,estética,76,18.461493,-97.389685,https://mitehuacan.mx/?ruta=8
1,Barber Rs,estética,80,18.453926,-97.39152,https://mitehuacan.mx/?ruta=8
1,Extencion De Pestañas Ross Lashes,estética,80,18.454411,-97.391897,https://mitehuacan.mx/?ruta=8
1,Barberia Yankees,estética,81,18.459432,-97.392422,https://mitehuacan.mx/?ruta=8
1,Estetica Maribel,estética,81,18.46089,-97.390227,https://mitehuacan.mx/?ruta=8
1,Jatzibet Showroom & Nails,estética,81,18.457965,-97.392444,https://mitehuacan.mx/?ruta=8
1,Barber Shop Sin Nombre,estética,82,18.45589,-97.38881,https://mitehuacan.mx/?ruta=8
1,Peluqueria Del Valle,estética,83,18.456996,-97.390349,https://mitehuacan.mx/?ruta=8
1,Estetica,estética,85,18.458691,-97.428831,https://mitehuacan.mx/?ruta=8
1,Beauty Salon Longinos H,estética,86,18.461175,-97.427077,https://mitehuacan.mx/?ruta=8
1,Beirena Nails And Coffe,estética,89,18.461167,-97.411286,https://mitehuacan.mx/?ruta=8
1,Estetica Violeta,estética,89,18.45379,-97.391518,https://mitehuacan.mx/?ruta=8
1,Estetica Dians,estética,92,18.45783,-97.39158,https://mitehuacan.mx/?ruta=8
1,Estetica De Belleza Ivon,estética,93,18.456318,-97.388693,https://mitehuacan.mx/?ruta=8
1,Estetica Tysharis,estética,93,18.456645,-97.391604,https://mitehuacan.mx/?ruta=8
1,Salon De Belleza Aries,estética,93,18.4615,-97.383253,https://mitehuacan.mx/?ruta=8
1,Barberia Barber Shop One Piece,estética,94,18.456894,-97.405351,https://mitehuacan.mx/?ruta=8
1,Salon Beauty Denissa,estética,94,18.455696,-97.39048,https://mitehuacan.mx/?ruta=8
1,Salon De Belleza La Boch,estética,94,18.45135,-97.379866,https://mitehuacan.mx/?ruta=8
1,Peluqueria El Arte,estética,96,18.461577,-97.389939,https://mitehuacan.mx/?ruta=8
1,Estetica Nessy,estética,101,18.456242,-97.404159,https://mitehuacan.mx/?ruta=8
1,Peluqueria Valdivia,estética,101,18.462659,-97.42455,https://mitehuacan.mx/?ruta=8
1,Aplicacion De Uñas Sin Nombre,estética,104,18.458813,-97.400018,https://mitehuacan.mx/?ruta=8
1,Salon De Belleza Cortes De Cabello Y Aplicacion De Uñas,estética,110,18.459874,-97.398299,https://mitehuacan.mx/?ruta=8
1,Salon De Belleza Divaos,estética,111,18.461776,-97.387107,https://mitehuacan.mx/?ruta=8
1,Estetica Ibe,estética,112,18.457452,-97.388493,https://mitehuacan.mx/?ruta=8
1,Estetica Venecia,estética,113,18.455042,-97.39279,https://mitehuacan.mx/?ruta=8
1,Estetica Marilyn,estética,116,18.455299,-97.402934,https://mitehuacan.mx/?ruta=8
1,Estetica Mich,estética,116,18.457379,-97.38516,https://mitehuacan.mx/?ruta=8
1,Barber Diaz,estética,118,18.462626,-97.425634,https://mitehuacan.mx/?ruta=8
1,Estetica Unisex Luis Cordova,estética,118,18.457401,-97.386256,https://mitehuacan.mx/?ruta=8
1,Estetica Unisex Cataleya,estética,119,18.453342,-97.388527,https://mitehuacan.mx/?ruta=8
1,Estetica Le Future,estética,120,18.455291,-97.398228,https://mitehuacan.mx/?ruta=8
1,Estetica Fashion Nails,estética,121,18.459724,-97.390751,https://mitehuacan.mx/?ruta=8
1,Servicio De Barberia,estética,121,18.45744,-97.387943,https://mitehuacan.mx/?ruta=8
1,Barberia Barracuda Arcadia,estética,123,18.461307,-97.40896,https://mitehuacan.mx/?ruta=8
1,Estetica Unisex Sin Nombre,estética,124,18.457557,-97.391962,https://mitehuacan.mx/?ruta=8
1,Estetica Unisex Ariana,estética,125,18.45976,-97.39075,https://mitehuacan.mx/?ruta=8
1,Aplicacion De Uñas Yadis Nails,estética,126,18.457456,-97.391814,https://mitehuacan.mx/?ruta=8
1,Tienda De Tatuajes Y Piercing Firme Tinta,estética,126,18.457368,-97.388354,https://mitehuacan.mx/?ruta=8
1,Barberia Y Peluqueria Barber Shop,estética,127,18.457106,-97.381769,https://mitehuacan.mx/?ruta=8
1,Estetica Monica,estética,127,18.457199,-97.383179,https://mitehuacan.mx/?ruta=8
1,Spa Con Servicios Podologicos Lineosovi,estética,127,18.457333,-97.386628,https://mitehuacan.mx/?ruta=8
1,Estetica Unisex Sin Nombre,estética,130,18.457364,-97.388164,https://mitehuacan.mx/?ruta=8
1,Estetica Laura Salon,estética,132,18.455501,-97.394251,https://mitehuacan.mx/?ruta=8
1,Estetica Mariana Mejia,estética,132,18.455499,-97.394137,https://mitehuacan.mx/?ruta=8
1,Peluqueria Y Barberia Isaias,estética,132,18.457237,-97.38523,https://mitehuacan.mx/?ruta=8
1,Spa Hanh,estética,132,18.455496,-97.393995,https://mitehuacan.mx/?ruta=8
1,Estetica Centro De Belleza Vanity,estética,133,18.457441,-97.39115,https://mitehuacan.mx/?ruta=8
1,Estetica Galindos,estética,133,18.456283,-97.404926,https://mitehuacan.mx/?ruta=8
1,Estetica Angy,estética,136,18.455119,-97.398233,https://mitehuacan.mx/?ruta=8
1,Neims Etc,estética,143,18.460262,-97.406737,https://mitehuacan.mx/?ruta=8
1,Aplicacion De Uñas Studio Princess,estética,144,18.460006,-97.392567,https://mitehuacan.mx/?ruta=8
1,Barberia Pacheco,estética,145,18.460012,-97.39244,https://mitehuacan.mx/?ruta=8
1,Spa De Unas La Belle Salon De Belleza,estética,147,18.461417,-97.408169,https://mitehuacan.mx/?ruta=8
1,Depilacion Laser Olways Perfect Laser Studio,estética,149,18.45535,-97.394274,https://mitehuacan.mx/?ruta=8
1,Farmacias Similares,farmacia,1,18.458694,-97.391999,https://mitehuacan.mx/?ruta=8
1,Farmacias Vida,farmacia,1,18.456825,-97.396815,https://mitehuacan.mx/?ruta=8
1,Venta De Productos Farmaceuticos Botica Del Mercado,farmacia,1,18.459667,-97.389483,https://mitehuacan.mx/?ruta=8
1,Farmacia Farmex,farmacia,2,18.460499,-97.416824,https://mitehuacan.mx/?ruta=8
1,Farmacias Similares,farmacia,2,18.460524,-97.417585,https://mitehuacan.mx/?ruta=8
1,Venta De Medicamentos Farmacia El Pastillero,farmacia,2,18.460829,-97.388446,https://mitehuacan.mx/?ruta=8
1,Farmacia de Apoyo,farmacia,2,18.458722,-97.392464,https://mitehuacan.mx/?ruta=8
1,Farmacia Del Valle,farmacia,3,18.460346,-97.410235,https://mitehuacan.mx/?ruta=8
1,Farmacia Y Perfumeria Victorino,farmacia,3,18.458637,-97.390227,https://mitehuacan.mx/?ruta=8
1,Farmacia de Ahorro,farmacia,3,18.460775,-97.389493,https://mitehuacan.mx/?ruta=8
1,Farmacia de Apoyo,farmacia,3,18.460864,-97.389397,https://mitehuacan.mx/?ruta=8
1,Farmacia Victorinox,farmacia,5,18.45866,-97.390378,https://mitehuacan.mx/?ruta=8
1,Farmacia Apoyo Popular,farmacia,6,18.460893,-97.389336,https://mitehuacan.mx/?ruta=8
1,Farmacia Farmex,farmacia,7,18.460707,-97.387036,https://mitehuacan.mx/?ruta=8
1,Consultorio Farmacia Tanamed,farmacia,8,18.456279,-97.399718,https://mitehuacan.mx/?ruta=8
1,Farmacia Pasteur,farmacia,11,18.460487,-97.389371,https://mitehuacan.mx/?ruta=8
1,Farmacias Similares,farmacia,13,18.458655,-97.388072,https://mitehuacan.mx/?ruta=8
1,Farmacias del Ahorro,farmacia,13,18.458894,-97.394292,https://mitehuacan.mx/?ruta=8
1,Farmacias Del Ahorro Pue Pe3O 3 Oriente,farmacia,14,18.460764,-97.389602,https://mitehuacan.mx/?ruta=8
1,Farmacias Similares,farmacia,14,18.456673,-97.396551,https://mitehuacan.mx/?ruta=8
1,Farmacia Shaddai,farmacia,15,18.455283,-97.379125,https://mitehuacan.mx/?ruta=8
1,Farmacia De Genericos,farmacia,25,18.46051,-97.385988,https://mitehuacan.mx/?ruta=8
1,Farmacia Del Bosque,farmacia,41,18.460911,-97.416199,https://mitehuacan.mx/?ruta=8
1,Farmacia La Purisima,farmacia,50,18.457978,-97.385194,https://mitehuacan.mx/?ruta=8
1,Farmacia De Especialidades Ds,farmacia,51,18.459296,-97.396595,https://mitehuacan.mx/?ruta=8
1,Farmacia Call,farmacia,54,18.458391,-97.398387,https://mitehuacan.mx/?ruta=8
1,Farmacia Gude,farmacia,77,18.458288,-97.429061,https://mitehuacan.mx/?ruta=8
1,Farmacias Similares,farmacia,78,18.46078,-97.390203,https://mitehuacan.mx/?ruta=8
1,Farmacias Similares,farmacia,95,18.461701,-97.389463,https://mitehuacan.mx/?ruta=8
1,Farmacias Similares,farmacia,102,18.456876,-97.405484,https://mitehuacan.mx/?ruta=8
1,Farmacia San Angel,farmacia,108,18.455829,-97.396582,https://mitehuacan.mx/?ruta=8
1,Farmacias Similares,farmacia,108,18.456842,-97.405536,https://mitehuacan.mx/?ruta=8
1,Farmacia De Apoyo,farmacia,121,18.461328,-97.409383,https://mitehuacan.mx/?ruta=8
1,Paraiso Fumigaciones Tehuacan,farmacia,133,18.457445,-97.391283,https://mitehuacan.mx/?ruta=8
1,Farmacia el pastillero,farmacia,137,18.46086,-97.390762,https://mitehuacan.mx/?ruta=8
1,Farmacia El Angel Y Consultorio Medico,farmacia,139,18.456884,-97.406272,https://mitehuacan.mx/?ruta=8
1,Ferreteria El Fenix,ferretería,0,18.460541,-97.420333,https://mitehuacan.mx/?ruta=8
1,Birlos Y Tornillos,ferretería,1,18.456807,-97.396503,https://mitehuacan.mx/?ruta=8
1,Ferreteria Sin Nombre,ferretería,1,18.456201,-97.399872,https://mitehuacan.mx/?ruta=8
1,Ferreteria Tehuantepec,ferretería,1,18.461493,-97.423603,https://mitehuacan.mx/?ruta=8
1,Leynes Iluminacion,ferretería,1,18.458301,-97.382222,https://mitehuacan.mx/?ruta=8
1,Venta De Chacharas Sin Nombre,ferretería,1,18.458387,-97.38423,https://mitehuacan.mx/?ruta=8
1,Articulos Para Casa Y Negocio Gas Rey,ferretería,2,18.460801,-97.387536,https://mitehuacan.mx/?ruta=8
1,Cefemsa,ferretería,2,18.456877,-97.397715,https://mitehuacan.mx/?ruta=8
1,Todo Pa Gas Y Agua Bianchi Gas,ferretería,2,18.460776,-97.386711,https://mitehuacan.mx/?ruta=8
1,Venta Material Electrico,ferretería,4,18.460242,-97.409224,https://mitehuacan.mx/?ruta=8
1,Costales Puebla,ferretería,6,18.458363,-97.381803,https://mitehuacan.mx/?ruta=8
1,Ferreteria Comercial Gonzalez,ferretería,6,18.46087,-97.389517,https://mitehuacan.mx/?ruta=8
1,Ferreteria Arriaga,ferretería,7,18.460659,-97.38533,https://mitehuacan.mx/?ruta=8
1,Sucursal El Gallo Ferreteria,ferretería,7,18.460723,-97.387586,https://mitehuacan.mx/?ruta=8
1,Todo Para Gas Y Agua Bianchi Gas,ferretería,7,18.460697,-97.386553,https://mitehuacan.mx/?ruta=8
1,Tornilleria Independencia,ferretería,7,18.460704,-97.386856,https://mitehuacan.mx/?ruta=8
1,Todo Para Gas Y Agua Bianchi Gas,ferretería,8,18.460743,-97.388639,https://mitehuacan.mx/?ruta=8
1,Bodega,ferretería,9,18.461936,-97.423679,https://mitehuacan.mx/?ruta=8
1,Bodega De La 5 Poniente,ferretería,10,18.458874,-97.394569,https://mitehuacan.mx/?ruta=8
1,Ferreteria Arriaga,ferretería,10,18.46086,-97.38705,https://mitehuacan.mx/?ruta=8
1,Ferreteria Zapata,ferretería,10,18.457952,-97.379367,https://mitehuacan.mx/?ruta=8
1,Distribuciones Jorta,ferretería,13,18.459184,-97.389387,https://mitehuacan.mx/?ruta=8
1,Ferreteria Arriaga Ferreteria,ferretería,19,18.458444,-97.390331,https://mitehuacan.mx/?ruta=8
1,Ferretera Leon,ferretería,22,18.460874,-97.389668,https://mitehuacan.mx/?ruta=8
1,Ferretería El Martillo,ferretería,44,18.459173,-97.39425,https://mitehuacan.mx/?ruta=8
1,Tripay Del Centro,ferretería,50,18.461293,-97.389346,https://mitehuacan.mx/?ruta=8
1,Ferreteria El Martillo,ferretería,51,18.459233,-97.394219,https://mitehuacan.mx/?ruta=8
1,Estacionamiento Ecologico,ferretería,60,18.45924,-97.392415,https://mitehuacan.mx/?ruta=8
1,Ferreteria Ilumination,ferretería,63,18.458201,-97.394239,https://mitehuacan.mx/?ruta=8
1,Ferreteria Ferre Todo De Tehuacan,ferretería,64,18.459455,-97.398212,https://mitehuacan.mx/?ruta=8
1,Mangueras Y Conexiones La Paz,ferretería,68,18.454228,-97.391622,https://mitehuacan.mx/?ruta=8
1,Venta De Jarceria,ferretería,79,18.457667,-97.383925,https://mitehuacan.mx/?ruta=8
1,Ferremateriales Crucero,ferretería,85,18.459468,-97.428474,https://mitehuacan.mx/?ruta=8
1,Ferreteria Leon,ferretería,85,18.460891,-97.390265,https://mitehuacan.mx/?ruta=8
1,Ferregamo Aceros Tlapaleria Y Productos De Limpieza,ferretería,87,18.459355,-97.409764,https://mitehuacan.mx/?ruta=8
1,Ferreteria Casa Rodriguez,ferretería,88,18.455426,-97.39043,https://mitehuacan.mx/?ruta=8
1,Compra Y Venta De Articulos De Grupo Ferretrro Arriaga,ferretería,101,18.455814,-97.38863,https://mitehuacan.mx/?ruta=8
1,Venta De Articulos De Ferreteria,ferretería,107,18.45746,-97.385154,https://mitehuacan.mx/?ruta=8
1,Ferreteria Gomez Ollivier,ferretería,110,18.454735,-97.392515,https://mitehuacan.mx/?ruta=8
1,Ferreteria El Zorro Ferretero,ferretería,118,18.457404,-97.38637,https://mitehuacan.mx/?ruta=8
1,Sihat Sistemas Hidraulicos Y Alcantarillado De Tehuacan,ferretería,123,18.458822,-97.409791,https://mitehuacan.mx/?ruta=8
1,Novedades Lopez,ferretería,124,18.457307,-97.385157,https://mitehuacan.mx/?ruta=8
1,Centro De Servicio,ferretería,128,18.457068,-97.391487,https://mitehuacan.mx/?ruta=8
1,Ferreteria Sin Nombre,ferretería,128,18.45539,-97.403266,https://mitehuacan.mx/?ruta=8
1,Venta De Articulos De Ferreteria Sin Nombre,ferretería,130,18.457206,-97.383958,https://mitehuacan.mx/?ruta=8
1,Estacionamiento Wally,ferretería,131,18.459846,-97.391547,https://mitehuacan.mx/?ruta=8
1,Ave Ferreteria,ferretería,133,18.459977,-97.390749,https://mitehuacan.mx/?ruta=8
1,Ferreteria Hernandez,ferretería,136,18.45705,-97.381913,https://mitehuacan.mx/?ruta=8
1,Ferre Pat Autoservicio,ferretería,140,18.459929,-97.391428,https://mitehuacan.mx/?ruta=8
1,Puesto De Articulos De Ferreteria Sin Nombre,ferretería,146,18.457062,-97.383966,https://mitehuacan.mx/?ruta=8
1,Hotelitto Inn,hotel,2,18.460834,-97.388616,https://mitehuacan.mx/?ruta=8
1,Hotel Mendoza,hotel,6,18.46069,-97.386211,https://mitehuacan.mx/?ruta=8
1,Hotel Granada,hotel,6,18.4585,-97.388709,https://mitehuacan.mx/?ruta=8
1,Hotel Ivanna Thais,hotel,12,18.458638,-97.387818,https://mitehuacan.mx/?ruta=8
1,Hotel La Suiza,hotel,13,18.459076,-97.389388,https://mitehuacan.mx/?ruta=8
1,Hotel Ilucion,hotel,18,18.45858,-97.384776,https://mitehuacan.mx/?ruta=8
1,Paraiso El Paraiso,hotel,18,18.45859,-97.385071,https://mitehuacan.mx/?ruta=8
1,Hotel Paraiso Inn,hotel,26,18.457258,-97.40127,https://mitehuacan.mx/?ruta=8
1,Hotel Veracruz,hotel,27,18.460469,-97.38495,https://mitehuacan.mx/?ruta=8
1,Hotel Emperador,hotel,28,18.45823,-97.386627,https://mitehuacan.mx/?ruta=8
1,Hotel Juquilita,hotel,32,18.458152,-97.385562,https://mitehuacan.mx/?ruta=8
1,Hotel Bella Vista,hotel,59,18.45447,-97.390311,https://mitehuacan.mx/?ruta=8
1,Hotel Granada,hotel,59,18.458022,-97.388704,https://mitehuacan.mx/?ruta=8
1,Hotel Mex-Mar,hotel,90,18.456896,-97.405276,https://mitehuacan.mx/?ruta=8
1,Hotel Casa Del Prado,hotel,91,18.461576,-97.389853,https://mitehuacan.mx/?ruta=8
1,Motel Acuario,hotel,95,18.459751,-97.399009,https://mitehuacan.mx/?ruta=8
1,Hotel Motel Pasion,hotel,121,18.457369,-97.388401,https://mitehuacan.mx/?ruta=8
1,Hotel Posada Tehuacan,hotel,123,18.459178,-97.411432,https://mitehuacan.mx/?ruta=8
1,Hotel El Campanario,hotel,145,18.462149,-97.389459,https://mitehuacan.mx/?ruta=8
1,Oficina Administrativa Del Mercado Licenciado Benito Juarez,inmobiliaria,0,18.456208,-97.400391,https://mitehuacan.mx/?ruta=8
1,Inmobiliaria Y Construcciones La Torre Tehuacan,inmobiliaria,1,18.458694,-97.392,https://mitehuacan.mx/?ruta=8
1,Oficina Administrativa De Plaza Ana Maria,inmobiliaria,1,18.458694,-97.392,https://mitehuacan.mx/?ruta=8
1,Inmobiliaria Jd,inmobiliaria,7,18.460654,-97.385179,https://mitehuacan.mx/?ruta=8
1,Inmobiliaria La Roca,inmobiliaria,7,18.460678,-97.385918,https://mitehuacan.mx/?ruta=8
1,Inmobiliaria Sin Nombre,inmobiliaria,10,18.458843,-97.393721,https://mitehuacan.mx/?ruta=8
1,Grupo Paruz,inmobiliaria,23,18.454376,-97.390656,https://mitehuacan.mx/?ruta=8
1,Inmobiliaria Multiventas,inmobiliaria,107,18.460896,-97.390474,https://mitehuacan.mx/?ruta=8
1,Administracion Plaza El Mezon,inmobiliaria,114,18.461501,-97.390292,https://mitehuacan.mx/?ruta=8
1,Vulcanizadora Sin Nombre,llantera,0,18.456926,-97.403283,https://mitehuacan.mx/?ruta=8
1,Vulcanizadora El Guero,llantera,5,18.456997,-97.399855,https://mitehuacan.mx/?ruta=8
1,Vulcanizadora Morales,llantera,7,18.460447,-97.41672,https://mitehuacan.mx/?ruta=8
1,Vulcanizadora Roberto,llantera,33,18.45735,-97.389236,https://mitehuacan.mx/?ruta=8
1,Vulcanizadora El Copete,llantera,59,18.459033,-97.387106,https://mitehuacan.mx/?ruta=8
1,Talacheria La Purisima,llantera,61,18.460164,-97.385055,https://mitehuacan.mx/?ruta=8
1,Venta De Llantas Sin Nombre,llantera,73,18.461412,-97.386367,https://mitehuacan.mx/?ruta=8
1,Vulcanizadora Beristain,llantera,86,18.457185,-97.405788,https://mitehuacan.mx/?ruta=8
1,Venta De Llantas La Nueva Era,llantera,89,18.456358,-97.404146,https://mitehuacan.mx/?ruta=8
1,Llantera Abarrotes Barroso,llantera,98,18.459549,-97.391549,https://mitehuacan.mx/?ruta=8
1,Bodega De Llantas,llantera,147,18.459151,-97.41592,https://mitehuacan.mx/?ruta=8
1,Mueblería Delfer,muebles,0,18.460443,-97.389475,https://mitehuacan.mx/?ruta=8
1,Carpinteria Cristian,muebles,1,18.456413,-97.379082,https://mitehuacan.mx/?ruta=8
1,Muebleria Hermanos Vazquez,muebles,1,18.458806,-97.39525,https://mitehuacan.mx/?ruta=8
1,Tapiceria De Tehuacan,muebles,1,18.456779,-97.39583,https://mitehuacan.mx/?ruta=8
1,Carpinteria Sin Nombre,muebles,2,18.456179,-97.398962,https://mitehuacan.mx/?ruta=8
1,Muebleria Los Angeles,muebles,2,18.460796,-97.387356,https://mitehuacan.mx/?ruta=8
1,Muebleria Sin Nombre,muebles,2,18.458558,-97.388095,https://mitehuacan.mx/?ruta=8
1,Tapiceria Sin Nombre,muebles,3,18.458229,-97.38098,https://mitehuacan.mx/?ruta=8
1,Muebleria Feria Del Mueble,muebles,8,18.460745,-97.388714,https://mitehuacan.mx/?ruta=8
1,Muebleria Del Hogar,muebles,18,18.460325,-97.416178,https://mitehuacan.mx/?ruta=8
1,Doña Cama Y Don Ropero,muebles,20,18.460593,-97.387134,https://mitehuacan.mx/?ruta=8
1,La Comercial De Tehuacan,muebles,20,18.45895,-97.394133,https://mitehuacan.mx/?ruta=8
1,Muebles Metalicos,muebles,22,18.460914,-97.385005,https://mitehuacan.mx/?ruta=8
1,Taller De Madera Muebles Y Esculturas,muebles,30,18.458344,-97.390332,https://mitehuacan.mx/?ruta=8
1,Tapiceria Jose Luis,muebles,81,18.46149,-97.386526,https://mitehuacan.mx/?ruta=8
1,Muebleria Doña Cama Y Don Ropero,muebles,94,18.459318,-97.386074,https://mitehuacan.mx/?ruta=8
1,Ebanisteria Chavez,muebles,115,18.456744,-97.405485,https://mitehuacan.mx/?ruta=8
1,Carpinteria Sanchez,muebles,124,18.451077,-97.38029,https://mitehuacan.mx/?ruta=8
1,Venta De Muebles De Madera Sin Nombre,muebles,129,18.457215,-97.383957,https://mitehuacan.mx/?ruta=8
1,Arca Construcciones,muebles,131,18.458723,-97.409795,https://mitehuacan.mx/?ruta=8
1,Bodega Plaza Fala,muebles,139,18.461436,-97.408622,https://mitehuacan.mx/?ruta=8
1,Guti-Pan,panadería,57,18.459224,-97.39263,https://mitehuacan.mx/?ruta=8
1,Tracto Diesel Camionera,refacciones,0,18.460301,-97.41166,https://mitehuacan.mx/?ruta=8
1,Compra Venta De Accesorios Para Automoviles Blaky,refacciones,2,18.457493,-97.389564,https://mitehuacan.mx/?ruta=8
1,Refaccionaria Diesel Reforma,refacciones,2,18.457059,-97.401741,https://mitehuacan.mx/?ruta=8
1,Autopartes Auto Sport,refacciones,3,18.455686,-97.389567,https://mitehuacan.mx/?ruta=8
1,Compra Venta De Accesorios Para Automoviles Blacky,refacciones,3,18.458628,-97.389939,https://mitehuacan.mx/?ruta=8
1,Auto Accesorios,refacciones,4,18.458147,-97.380519,https://mitehuacan.mx/?ruta=8
1,Auto Estandar Refaccionaria,refacciones,6,18.46035,-97.381704,https://mitehuacan.mx/?ruta=8
1,Comercio Al Por Mayor De Partes Y Refacciones Nuevas Para Au,refacciones,6,18.456979,-97.399173,https://mitehuacan.mx/?ruta=8
1,Refaccionaria El Caballito De Fuerza,refacciones,6,18.460494,-97.382346,https://mitehuacan.mx/?ruta=8
1,Refacciones Usadas Martinez,refacciones,6,18.460392,-97.381913,https://mitehuacan.mx/?ruta=8
1,Mr Web,refacciones,7,18.460725,-97.387672,https://mitehuacan.mx/?ruta=8
1,Refacciones Usadas Tehuacan,refacciones,8,18.460572,-97.38279,https://mitehuacan.mx/?ruta=8
1,Accesorios Chuy,refacciones,9,18.45841,-97.382757,https://mitehuacan.mx/?ruta=8
1,Accesorios Arcel,refacciones,10,18.45844,-97.383214,https://mitehuacan.mx/?ruta=8
1,Venta De Refacciones Automotrices Autopartes Electricas Rodr,refacciones,10,18.456707,-97.396506,https://mitehuacan.mx/?ruta=8
1,Servicio Electrico Y Automotriz Y Refacciones La 7 Poniente,refacciones,11,18.456657,-97.395616,https://mitehuacan.mx/?ruta=8
1,Corporativo Grupo Amaro,refacciones,13,18.455327,-97.39183,https://mitehuacan.mx/?ruta=8
1,Oficina Grupo Refaccionaria Dinamica De Tehuacan,refacciones,13,18.455333,-97.391834,https://mitehuacan.mx/?ruta=8
1,Bodega Caballito De Fuerza,refacciones,14,18.460394,-97.382212,https://mitehuacan.mx/?ruta=8
1,Autopartes Avendaño,refacciones,15,18.454122,-97.390912,https://mitehuacan.mx/?ruta=8
1,Casa Matriz,refacciones,22,18.454786,-97.391513,https://mitehuacan.mx/?ruta=8
1,Bodega De Refaccionaria El Caballito De Fuerza,refacciones,29,18.460353,-97.382647,https://mitehuacan.mx/?ruta=8
1,Auto Partes Olguin,refacciones,42,18.456318,-97.394245,https://mitehuacan.mx/?ruta=8
1,Peliculas De Seguridad Adiccion,refacciones,42,18.459807,-97.409741,https://mitehuacan.mx/?ruta=8
1,Bodega Del Transportista,refacciones,46,18.454566,-97.391619,https://mitehuacan.mx/?ruta=8
1,Hernandez Motors,refacciones,47,18.457157,-97.404925,https://mitehuacan.mx/?ruta=8
1,Refacciones Osorio,refacciones,49,18.460184,-97.382741,https://mitehuacan.mx/?ruta=8
1,Refacciones Usadas El Piñon,refacciones,51,18.460591,-97.381206,https://mitehuacan.mx/?ruta=8
1,Bodega De Refacciones Usadas El Piñon,refacciones,63,18.460652,-97.381109,https://mitehuacan.mx/?ruta=8
1,Mangueras Tehuacan,refacciones,75,18.459473,-97.409758,https://mitehuacan.mx/?ruta=8
1,Diagsa Automotriz,refacciones,92,18.459258,-97.385114,https://mitehuacan.mx/?ruta=8
1,Accesorios Para Autos,refacciones,117,18.457271,-97.382822,https://mitehuacan.mx/?ruta=8
1,Representaciones Industriales Y Comerciales Rosas,refacciones,120,18.457431,-97.387555,https://mitehuacan.mx/?ruta=8
1,Bodega De Partes Automotrices El Caballito,refacciones,132,18.452244,-97.378499,https://mitehuacan.mx/?ruta=8
1,Baleros Y Refacciones Fermar,refacciones,137,18.455459,-97.394271,https://mitehuacan.mx/?ruta=8
1,Venta De Accesorios Automotrices Sin Nombre,refacciones,143,18.462063,-97.387029,https://mitehuacan.mx/?ruta=8
1,Transmisiones Automaticas Cigex,refacciones,149,18.454326,-97.388219,https://mitehuacan.mx/?ruta=8
1,Antojitos Doña Rosa,restaurante,0,18.460279,-97.41111,https://mitehuacan.mx/?ruta=8
1,Antojitos Mexicanos Valeria,restaurante,0,18.4603,-97.411622,https://mitehuacan.mx/?ruta=8
1,Cocina Economica El Buen Sabor,restaurante,0,18.456757,-97.395433,https://mitehuacan.mx/?ruta=8
1,Cocina Economica Maricarmen,restaurante,0,18.458829,-97.396388,https://mitehuacan.mx/?ruta=8
1,Gourmet Doña Leonor,restaurante,0,18.456663,-97.393567,https://mitehuacan.mx/?ruta=8
1,Restaurante La Casa Del Abuelo,restaurante,0,18.456415,-97.402438,https://mitehuacan.mx/?ruta=8
1,Taqueria El Tizon Sureño,restaurante,0,18.460293,-97.411451,https://mitehuacan.mx/?ruta=8
1,Taqueria Licha,restaurante,0,18.458418,-97.384836,https://mitehuacan.mx/?ruta=8
1,Taqueria Ta Carbon,restaurante,0,18.460376,-97.413536,https://mitehuacan.mx/?ruta=8
1,Venta De Chicharron Sin Nombre,restaurante,0,18.458411,-97.384675,https://mitehuacan.mx/?ruta=8
1,Aca Las Tortas,restaurante,1,18.458465,-97.385964,https://mitehuacan.mx/?ruta=8
1,Antojitos Mexicanos Sin Nombre,restaurante,1,18.456201,-97.399872,https://mitehuacan.mx/?ruta=8
1,Cemitas Mary,restaurante,1,18.458517,-97.387243,https://mitehuacan.mx/?ruta=8
1,Cocina E Economica Din Nombre,restaurante,1,18.456201,-97.399872,https://mitehuacan.mx/?ruta=8
1,Cocina Economica Dulce,restaurante,1,18.456766,-97.395622,https://mitehuacan.mx/?ruta=8
1,Cocina Economica La Incondicional Del Sabor,restaurante,1,18.458694,-97.392,https://mitehuacan.mx/?ruta=8
1,Cocina Economica Las Cazuelas,restaurante,1,18.456201,-97.399872,https://mitehuacan.mx/?ruta=8
1,Cocina Economica Sin Nombre,restaurante,1,18.456201,-97.399872,https://mitehuacan.mx/?ruta=8
1,Cocina El Rinconcito Sanchez,restaurante,1,18.456201,-97.399872,https://mitehuacan.mx/?ruta=8
1,Fonda Guerrero,restaurante,1,18.456201,-97.399872,https://mitehuacan.mx/?ruta=8
1,Pizzas Yankees,restaurante,1,18.458694,-97.392,https://mitehuacan.mx/?ruta=8
1,Pizzeria Yankees,restaurante,1,18.458694,-97.392,https://mitehuacan.mx/?ruta=8
1,Pollos A La Leña El Ranchito,restaurante,1,18.457073,-97.402253,https://mitehuacan.mx/?ruta=8
1,Super Distribuibuidoras Alvarez,restaurante,1,18.458444,-97.385225,https://mitehuacan.mx/?ruta=8
1,Tacos Tijuana,restaurante,1,18.458664,-97.399,https://mitehuacan.mx/?ruta=8
1,Taqueria Juquilita,restaurante,1,18.460748,-97.38584,https://mitehuacan.mx/?ruta=8
1,Venta De Antojitos Itamar,restaurante,1,18.456201,-97.399872,https://mitehuacan.mx/?ruta=8
1,Venta De Comida Cocina Laura,restaurante,1,18.456201,-97.399872,https://mitehuacan.mx/?ruta=8
1,Venta De Comida Sin Nombre,restaurante,1,18.456201,-97.399872,https://mitehuacan.mx/?ruta=8
1,Venta De Hambuerguesas Like,restaurante,1,18.45822,-97.389523,https://mitehuacan.mx/?ruta=8
1,Baguettes,restaurante,2,18.460364,-97.410956,https://mitehuacan.mx/?ruta=8
1,Carnitas Y Taqueria Vic,restaurante,2,18.460541,-97.418305,https://mitehuacan.mx/?ruta=8
1,Cemitas La Mexicana,restaurante,2,18.460249,-97.409869,https://mitehuacan.mx/?ruta=8
1,Cemitas La Poblanita,restaurante,2,18.458797,-97.394529,https://mitehuacan.mx/?ruta=8
1,Cocina Economica Doña Ru,restaurante,2,18.460518,-97.417383,https://mitehuacan.mx/?ruta=8
1,Cocina Economica Mary,restaurante,2,18.460514,-97.41726,https://mitehuacan.mx/?ruta=8
1,Dannys Pizza,restaurante,2,18.460632,-97.418157,https://mitehuacan.mx/?ruta=8
1,El Buen Sazon,restaurante,2,18.460402,-97.411913,https://mitehuacan.mx/?ruta=8
1,Porky Taqueria,restaurante,2,18.460359,-97.410833,https://mitehuacan.mx/?ruta=8
1,Restaurante Casa Lupita,restaurante,2,18.460799,-97.387479,https://mitehuacan.mx/?ruta=8
1,Rosticeria El Pollo Gigante,restaurante,2,18.457069,-97.402035,https://mitehuacan.mx/?ruta=8
1,Taqueria El Chino,restaurante,2,18.460835,-97.388645,https://mitehuacan.mx/?ruta=8
1,Taqueria Los Carnales,restaurante,2,18.457069,-97.402016,https://mitehuacan.mx/?ruta=8
1,Venta De Antojitos Mexicanos Sin Nombre,restaurante,2,18.458363,-97.383882,https://mitehuacan.mx/?ruta=8
1,Venta De Antojitos Sin Nombre,restaurante,2,18.457471,-97.380503,https://mitehuacan.mx/?ruta=8
1,Venta De Tacos Ambrosio,restaurante,2,18.45757,-97.380489,https://mitehuacan.mx/?ruta=8
1,Venta De Tacos Sin Nombre,restaurante,2,18.457124,-97.402479,https://mitehuacan.mx/?ruta=8
1,Antojitos Mary Fer,restaurante,3,18.458579,-97.388522,https://mitehuacan.mx/?ruta=8
1,Cosina Economica Sin Nombre,restaurante,3,18.458204,-97.380849,https://mitehuacan.mx/?ruta=8
1,Restaurante Mis Dos Regalos,restaurante,3,18.458569,-97.388323,https://mitehuacan.mx/?ruta=8
1,Super Tortas Hidalguenses,restaurante,3,18.458581,-97.388569,https://mitehuacan.mx/?ruta=8
1,Taqueria La Parrilla De La 5,restaurante,3,18.454229,-97.3896,https://mitehuacan.mx/?ruta=8
1,Tortas Chekos,restaurante,3,18.460524,-97.414963,https://mitehuacan.mx/?ruta=8
1,Venta De Memelas Especiales Sin Nombre,restaurante,3,18.458563,-97.3882,https://mitehuacan.mx/?ruta=8
1,Antojitos Contreras,restaurante,4,18.460693,-97.383194,https://mitehuacan.mx/?ruta=8
1,Antojitos Doña Martha,restaurante,4,18.460237,-97.409119,https://mitehuacan.mx/?ruta=8
1,Cocina Economica Norita,restaurante,4,18.458598,-97.388929,https://mitehuacan.mx/?ruta=8
1,Elaboracion Y Venta De Antojitos Sin Nombre,restaurante,4,18.460706,-97.383649,https://mitehuacan.mx/?ruta=8
1,Pollos A La Leña El Nazareno,restaurante,4,18.456825,-97.389532,https://mitehuacan.mx/?ruta=8
1,Taqueria King Taco,restaurante,4,18.458391,-97.385082,https://mitehuacan.mx/?ruta=8
1,Taqueria Los 2 Osorios,restaurante,4,18.460648,-97.384154,https://mitehuacan.mx/?ruta=8
1,Venta De Pollo Estilo Sinaloa Servicio Solo Para Llevar,restaurante,4,18.457011,-97.4003,https://mitehuacan.mx/?ruta=8
1,Caseta De Tacos Los Compadres,restaurante,5,18.460596,-97.416365,https://mitehuacan.mx/?ruta=8
1,Oaxaca En Tehuacan,restaurante,5,18.460178,-97.409723,https://mitehuacan.mx/?ruta=8
1,Pizzas New York,restaurante,5,18.456431,-97.392468,https://mitehuacan.mx/?ruta=8
1,Venta De Chicharron Tacos De Cesos,restaurante,5,18.458974,-97.406969,https://mitehuacan.mx/?ruta=8
1,Venta De Comida Sin Nombre,restaurante,5,18.46154,-97.42492,https://mitehuacan.mx/?ruta=8
1,Antojitos Mexicanos Sin Nombre,restaurante,6,18.458912,-97.406814,https://mitehuacan.mx/?ruta=8
1,Caseta De Tacos,restaurante,6,18.458133,-97.405233,https://mitehuacan.mx/?ruta=8
1,Pizzeria Ramiz Pizza,restaurante,6,18.460554,-97.38261,https://mitehuacan.mx/?ruta=8
1,Pollos Rostizados Renata,restaurante,6,18.458327,-97.383884,https://mitehuacan.mx/?ruta=8
1,Alex Pizza,restaurante,7,18.456934,-97.428519,https://mitehuacan.mx/?ruta=8
1,Cocina Economica Donaji,restaurante,7,18.460696,-97.386496,https://mitehuacan.mx/?ruta=8
1,Cocina Economica Tierra Madre,restaurante,7,18.455891,-97.392033,https://mitehuacan.mx/?ruta=8
1,Tacos Pacheco,restaurante,7,18.456915,-97.40038,https://mitehuacan.mx/?ruta=8
1,Taqueria El Tigre,restaurante,7,18.460656,-97.385216,https://mitehuacan.mx/?ruta=8
1,Taqueria Estilo Michoacan Sucursal 7 Sur,restaurante,7,18.458435,-97.387103,https://mitehuacan.mx/?ruta=8
1,Venta De Antojitos Mexicanos Sin Nombre,restaurante,7,18.460678,-97.385899,https://mitehuacan.mx/?ruta=8
1,Antojitos Sin Nombre,restaurante,8,18.457791,-97.379419,https://mitehuacan.mx/?ruta=8
1,Cocina Economica Ceci,restaurante,8,18.460606,-97.383738,https://mitehuacan.mx/?ruta=8
1,Tacos Y Cemitas El Compadre,restaurante,8,18.457763,-97.404445,https://mitehuacan.mx/?ruta=8
1,Antojitos Doña Tere,restaurante,9,18.458798,-97.398352,https://mitehuacan.mx/?ruta=8
1,Antojitos Chiquis,restaurante,10,18.455417,-97.3897,https://mitehuacan.mx/?ruta=8
1,Pollos David Pollos Cocinados Al Carbon Y En Horno Servicio ,restaurante,10,18.458969,-97.398413,https://mitehuacan.mx/?ruta=8
1,Tacos Y Tortas La Alameda,restaurante,10,18.456528,-97.392917,https://mitehuacan.mx/?ruta=8
1,Taqueria El Rey Del Taco,restaurante,10,18.45841,-97.38718,https://mitehuacan.mx/?ruta=8
1,Tortas Chepes,restaurante,10,18.460197,-97.408571,https://mitehuacan.mx/?ruta=8
1,Restaurant Mi Lupita,restaurante,11,18.460542,-97.389371,https://mitehuacan.mx/?ruta=8
1,Rosticeria Guadalupe,restaurante,11,18.45833,-97.385175,https://mitehuacan.mx/?ruta=8
1,Taqueria El Pastorcito,restaurante,11,18.460641,-97.38937,https://mitehuacan.mx/?ruta=8
1,Venta De Empanadas Sin Nombre,restaurante,11,18.460379,-97.389373,https://mitehuacan.mx/?ruta=8
1,Cocina Economica Erandy,restaurante,12,18.456912,-97.403644,https://mitehuacan.mx/?ruta=8
1,Pizerias Chepe Pizas,restaurante,12,18.458447,-97.388675,https://mitehuacan.mx/?ruta=8
1,Taqueria Diaz,restaurante,12,18.45853,-97.38488,https://mitehuacan.mx/?ruta=8
1,Taqueria El Jefe,restaurante,12,18.458603,-97.386775,https://mitehuacan.mx/?ruta=8
1,Taqueria San Juditas,restaurante,12,18.456914,-97.401266,https://mitehuacan.mx/?ruta=8
1,Antojitos,restaurante,13,18.45687,-97.378892,https://mitehuacan.mx/?ruta=8
1,Antojitos Mexicanos Sin Nombre,restaurante,13,18.456056,-97.429107,https://mitehuacan.mx/?ruta=8
1,Cocina Economica Sin Nombre,restaurante,13,18.458135,-97.389409,https://mitehuacan.mx/?ruta=8
1,El Rey De La Vida,restaurante,13,18.456558,-97.393656,https://mitehuacan.mx/?ruta=8
1,Rosticeria El Buen Sabor,restaurante,13,18.458777,-97.391371,https://mitehuacan.mx/?ruta=8
1,Rosticeria Pollos El Fortachon,restaurante,13,18.45704,-97.38944,https://mitehuacan.mx/?ruta=8
1,Tacos De Birria Sin Nombre,restaurante,13,18.458777,-97.389392,https://mitehuacan.mx/?ruta=8
1,Taqueria El Flamazo,restaurante,13,18.458116,-97.389409,https://mitehuacan.mx/?ruta=8
1,Venta De Antojitos Doña Lety,restaurante,13,18.457081,-97.399935,https://mitehuacan.mx/?ruta=8
1,Venta De Chicharron Sin Nombre,restaurante,13,18.458264,-97.383888,https://mitehuacan.mx/?ruta=8
1,Cosina Economica Juquilita,restaurante,14,18.456509,-97.378938,https://mitehuacan.mx/?ruta=8
1,Loncheria Sin Nombre,restaurante,14,18.459003,-97.398235,https://mitehuacan.mx/?ruta=8
1,Pizzerias Angelloti,restaurante,14,18.458766,-97.391058,https://mitehuacan.mx/?ruta=8
1,Venta De Memelitas Y Antojitos Sin Nombre,restaurante,14,18.457619,-97.389413,https://mitehuacan.mx/?ruta=8
1,Cocina Economica,restaurante,15,18.453529,-97.389504,https://mitehuacan.mx/?ruta=8
1,Rosticeria Granada,restaurante,15,18.458521,-97.39147,https://mitehuacan.mx/?ruta=8
1,Taqueria Sanchez,restaurante,15,18.458345,-97.386541,https://mitehuacan.mx/?ruta=8
1,Venta De Comida Sin Nombre,restaurante,15,18.457941,-97.405864,https://mitehuacan.mx/?ruta=8
1,Algo Rapido,restaurante,16,18.460579,-97.413312,https://mitehuacan.mx/?ruta=8
1,Taqueria Randu,restaurante,16,18.459137,-97.407065,https://mitehuacan.mx/?ruta=8
1,Venta De Chicharron Y Taco Dorados,restaurante,16,18.460105,-97.422637,https://mitehuacan.mx/?ruta=8
1,Almuerzos De La 9,restaurante,18,18.458592,-97.385158,https://mitehuacan.mx/?ruta=8
1,Super Distribuidora Alvares,restaurante,18,18.458267,-97.385179,https://mitehuacan.mx/?ruta=8
1,Tacos El Paisa,restaurante,18,18.457235,-97.402315,https://mitehuacan.mx/?ruta=8
1,Antojitos Rosita,restaurante,19,18.458845,-97.406408,https://mitehuacan.mx/?ruta=8
1,Antojitos Aryse,restaurante,20,18.45832,-97.387184,https://mitehuacan.mx/?ruta=8
1,Pollot,restaurante,20,18.46039,-97.409418,https://mitehuacan.mx/?ruta=8
1,Restaurante Casa Cedillo,restaurante,20,18.460498,-97.410126,https://mitehuacan.mx/?ruta=8
1,Rosticeria Pollo Fiesta,restaurante,20,18.458879,-97.392404,https://mitehuacan.mx/?ruta=8
1,Tacos Tortas La Amiga,restaurante,20,18.459173,-97.407062,https://mitehuacan.mx/?ruta=8
1,Venta De Antojitos,restaurante,20,18.456051,-97.40235,https://mitehuacan.mx/?ruta=8
1,Rosticeria Alvarez,restaurante,21,18.45824,-97.385181,https://mitehuacan.mx/?ruta=8
1,Rosticeria Granada,restaurante,21,18.458853,-97.391563,https://mitehuacan.mx/?ruta=8
1,Cocina Economica Caro,restaurante,22,18.460914,-97.385005,https://mitehuacan.mx/?ruta=8
1,Caseta De Tacos Alejandro,restaurante,23,18.456646,-97.397647,https://mitehuacan.mx/?ruta=8
1,Cocina Economica Sin Nombre,restaurante,23,18.452013,-97.379676,https://mitehuacan.mx/?ruta=8
1,Restaurante Ken Gourmet Japones,restaurante,23,18.458525,-97.393273,https://mitehuacan.mx/?ruta=8
1,Taqueria El Chino Venta De Tacos,restaurante,23,18.456642,-97.397562,https://mitehuacan.mx/?ruta=8
1,Cocina Economica Naranja,restaurante,25,18.460471,-97.384425,https://mitehuacan.mx/?ruta=8
1,Restaurante Las Ranas,restaurante,27,18.457051,-97.39658,https://mitehuacan.mx/?ruta=8
1,Venta De Antojitos Sin Nombre,restaurante,27,18.458016,-97.381709,https://mitehuacan.mx/?ruta=8
1,Cocina Economica Isa,restaurante,31,18.456672,-97.399856,https://mitehuacan.mx/?ruta=8
1,Cocina Economica Sin Nombre,restaurante,32,18.45859,-97.39837,https://mitehuacan.mx/?ruta=8
1,Pizzas Archie S,restaurante,32,18.461133,-97.389468,https://mitehuacan.mx/?ruta=8
1,Venta De Comida Para Llevar Sin Nombre,restaurante,32,18.457171,-97.398142,https://mitehuacan.mx/?ruta=8
1,Cocina Angy,restaurante,34,18.458506,-97.395911,https://mitehuacan.mx/?ruta=8
1,Bodega Sin Nombre,restaurante,36,18.458141,-97.386093,https://mitehuacan.mx/?ruta=8
1,Por Ti Sushpiro,restaurante,37,18.46067,-97.41071,https://mitehuacan.mx/?ruta=8
1,La Cochineria,restaurante,40,18.458345,-97.392722,https://mitehuacan.mx/?ruta=8
1,Rosticeria,restaurante,40,18.460978,-97.418112,https://mitehuacan.mx/?ruta=8
1,Comida Casera El Sazon De La Abuelita,restaurante,41,18.458292,-97.391574,https://mitehuacan.mx/?ruta=8
1,Cocina Liz Y Miselanea,restaurante,42,18.45576,-97.428415,https://mitehuacan.mx/?ruta=8
1,Venta De Antojitos Mexicanos Sin Nombre,restaurante,43,18.458082,-97.386224,https://mitehuacan.mx/?ruta=8
1,Cocina Economica Sin Nombre,restaurante,44,18.45837,-97.394129,https://mitehuacan.mx/?ruta=8
1,Taqueria Sin Nombre,restaurante,45,18.46003,-97.423202,https://mitehuacan.mx/?ruta=8
1,Tacos Y Tlayudas Kekis,restaurante,46,18.459306,-97.398977,https://mitehuacan.mx/?ruta=8
1,La Cocina De Tina,restaurante,47,18.457157,-97.404925,https://mitehuacan.mx/?ruta=8
1,Carniceria Carlita,restaurante,50,18.459008,-97.406112,https://mitehuacan.mx/?ruta=8
1,Venta De Comida Para Llevar,restaurante,50,18.458312,-97.428638,https://mitehuacan.mx/?ruta=8
1,Venta De Comida Y Restaurante Dalia,restaurante,50,18.460573,-97.408434,https://mitehuacan.mx/?ruta=8
1,Comedor Toña,restaurante,51,18.456457,-97.403357,https://mitehuacan.mx/?ruta=8
1,Venta De Antojitos Sin Nombre,restaurante,51,18.456419,-97.389095,https://mitehuacan.mx/?ruta=8
1,Venta De Tortas Y Jugos Sin Nombre,restaurante,51,18.456178,-97.398365,https://mitehuacan.mx/?ruta=8
1,Happy Burguer La Hamburguesa Feliz,restaurante,52,18.460033,-97.416513,https://mitehuacan.mx/?ruta=8
1,Lico Lico Villa Asiatica,restaurante,53,18.458257,-97.393389,https://mitehuacan.mx/?ruta=8
1,Venta De Loza Y Alcancias De Yeso,restaurante,53,18.457902,-97.38391,https://mitehuacan.mx/?ruta=8
1,Fonda Cecy,restaurante,56,18.46023,-97.385993,https://mitehuacan.mx/?ruta=8
1,Torteria Delicias,restaurante,56,18.455884,-97.392771,https://mitehuacan.mx/?ruta=8
1,Tacos Don Cosme,restaurante,59,18.45647,-97.391875,https://mitehuacan.mx/?ruta=8
1,Carnitas Doña Mari,restaurante,60,18.45807,-97.39024,https://mitehuacan.mx/?ruta=8
1,Cocina Economica,restaurante,60,18.457772,-97.382325,https://mitehuacan.mx/?ruta=8
1,Restaurant Maria Sabina,restaurante,60,18.453478,-97.390932,https://mitehuacan.mx/?ruta=8
1,Venta De Antojitos Gil,restaurante,60,18.458958,-97.384709,https://mitehuacan.mx/?ruta=8
1,Caseta De Tortas Don Lalo,restaurante,61,18.461181,-97.418377,https://mitehuacan.mx/?ruta=8
1,Venta De Comida,restaurante,61,18.458728,-97.408486,https://mitehuacan.mx/?ruta=8
1,Taqueria Zaragoza 3,restaurante,64,18.45658,-97.3919,https://mitehuacan.mx/?ruta=8
1,Fonda Chela,restaurante,65,18.457893,-97.386564,https://mitehuacan.mx/?ruta=8
1,Venta De Antojitos Mexicanos Sin Nombre,restaurante,67,18.457822,-97.385126,https://mitehuacan.mx/?ruta=8
1,Venta De Barbacoa El Cabrito,restaurante,68,18.457813,-97.385127,https://mitehuacan.mx/?ruta=8
1,Venta De Comida,restaurante,68,18.457767,-97.383918,https://mitehuacan.mx/?ruta=8
1,Cemitas La Poblanita,restaurante,69,18.457804,-97.385128,https://mitehuacan.mx/?ruta=8
1,La Burguer Antojitos Laura,restaurante,69,18.461215,-97.417428,https://mitehuacan.mx/?ruta=8
1,Rosticeria Pollos Guerrero,restaurante,69,18.461468,-97.389465,https://mitehuacan.mx/?ruta=8
1,Cocina Economica Doña Glo,restaurante,70,18.4578,-97.402725,https://mitehuacan.mx/?ruta=8
1,Loncheria La Guelaguetza,restaurante,70,18.45641,-97.388917,https://mitehuacan.mx/?ruta=8
1,Cocina Economica Y Elaboracion De Postres Sin Nombre,restaurante,73,18.461427,-97.386813,https://mitehuacan.mx/?ruta=8
1,Taqueria Felix,restaurante,73,18.455992,-97.393359,https://mitehuacan.mx/?ruta=8
1,La Torteria Tehuacan,restaurante,74,18.455269,-97.392499,https://mitehuacan.mx/?ruta=8
1,Tortas Lulu,restaurante,74,18.458727,-97.408748,https://mitehuacan.mx/?ruta=8
1,Jbs Restaurant Bar,restaurante,75,18.459177,-97.387102,https://mitehuacan.mx/?ruta=8
1,Pollos Guerrero Tehuacán 1,restaurante,75,18.461493,-97.38965,https://mitehuacan.mx/?ruta=8
1,Torteria Pika Riko,restaurante,75,18.457286,-97.39274,https://mitehuacan.mx/?ruta=8
1,Venta De Bebidas Y Alimentos Franzzinos,restaurante,75,18.456186,-97.397947,https://mitehuacan.mx/?ruta=8
1,Cocina De Sarita,restaurante,76,18.458215,-97.40769,https://mitehuacan.mx/?ruta=8
1,Tacos Jalisco,restaurante,77,18.458714,-97.428738,https://mitehuacan.mx/?ruta=8
1,Taqueria Nieto,restaurante,78,18.455406,-97.388866,https://mitehuacan.mx/?ruta=8
1,Taqueria Licha,restaurante,79,18.457716,-97.385207,https://mitehuacan.mx/?ruta=8
1,Venta De Memelas Y Quesadillas Sin Nombre,restaurante,79,18.460089,-97.388219,https://mitehuacan.mx/?ruta=8
1,Antojitos Martita,restaurante,80,18.455495,-97.401364,https://mitehuacan.mx/?ruta=8
1,Taqueria Al Estilo Jalisco Sin Nombre,restaurante,80,18.458325,-97.408023,https://mitehuacan.mx/?ruta=8
1,Venta De Antojitos Mexicanos Doña Mari,restaurante,80,18.461558,-97.389218,https://mitehuacan.mx/?ruta=8
1,Venta De Antojitos,restaurante,81,18.456073,-97.396573,https://mitehuacan.mx/?ruta=8
1,Restaurantes Con Servicio De Preparación De Alimentos A La C,restaurante,82,18.45335,-97.391098,https://mitehuacan.mx/?ruta=8
1,Venta De Memelitas Antojitos Yuli,restaurante,82,18.461572,-97.389588,https://mitehuacan.mx/?ruta=8
1,Cocina Economica Sin Nombre,restaurante,83,18.45925,-97.387101,https://mitehuacan.mx/?ruta=8
1,Desayunos Don Rene,restaurante,83,18.461579,-97.389151,https://mitehuacan.mx/?ruta=8
1,Venta De Comida Doña Luisa,restaurante,83,18.456754,-97.429511,https://mitehuacan.mx/?ruta=8
1,Birrieria Los Gueros,restaurante,85,18.457972,-97.393572,https://mitehuacan.mx/?ruta=8
1,Loncheria Sazon El Sabor De La Casa,restaurante,85,18.459604,-97.396583,https://mitehuacan.mx/?ruta=8
1,Pizzeria Zautla,restaurante,85,18.457696,-97.386034,https://mitehuacan.mx/?ruta=8
1,Venta De Antojitos Mexicanos Sin Nombre,restaurante,86,18.45765,-97.385139,https://mitehuacan.mx/?ruta=8
1,Antojitos Mexicanos Doña Susy,restaurante,87,18.459871,-97.383155,https://mitehuacan.mx/?ruta=8
1,Antojitos Marys,restaurante,88,18.460166,-97.40767,https://mitehuacan.mx/?ruta=8
1,Cocina Economica Y Bazar,restaurante,90,18.456203,-97.403925,https://mitehuacan.mx/?ruta=8
1,Serena Morena,restaurante,91,18.461185,-97.411286,https://mitehuacan.mx/?ruta=8
1,Miscelanea La Estrella,restaurante,92,18.456389,-97.390445,https://mitehuacan.mx/?ruta=8
1,Venta De Antojitos Gisel,restaurante,92,18.458437,-97.404066,https://mitehuacan.mx/?ruta=8
1,Venta De Comida Sin Nombre,restaurante,93,18.461504,-97.383414,https://mitehuacan.mx/?ruta=8
1,Antojitos Doña Chabe,restaurante,94,18.457488,-97.39315,https://mitehuacan.mx/?ruta=8
1,Antojitos Mexicanos Las Lichas,restaurante,94,18.458673,-97.409066,https://mitehuacan.mx/?ruta=8
1,Venta De Antojitos Mexicanos Chelita,restaurante,94,18.456311,-97.390469,https://mitehuacan.mx/?ruta=8
1,Restaurante El Comedor,restaurante,97,18.459481,-97.412988,https://mitehuacan.mx/?ruta=8
1,Tortas Adris,restaurante,97,18.455824,-97.394365,https://mitehuacan.mx/?ruta=8
1,Caseta De Tacos Taqueria Infonavit,restaurante,99,18.460157,-97.407433,https://mitehuacan.mx/?ruta=8
1,Taqueria El Viejon,restaurante,99,18.458647,-97.428992,https://mitehuacan.mx/?ruta=8
1,El Sazon De Chonita,restaurante,100,18.461559,-97.383014,https://mitehuacan.mx/?ruta=8
1,Venta De Antojitos Mexicanos Sin Nombre,restaurante,100,18.457524,-97.385149,https://mitehuacan.mx/?ruta=8
1,Venta De Carnitas El Calvario,restaurante,100,18.453487,-97.391416,https://mitehuacan.mx/?ruta=8
1,Venta De Tacos De Cabeza Sin Nombre,restaurante,100,18.457754,-97.391477,https://mitehuacan.mx/?ruta=8
1,Cocina Economica Susi,restaurante,101,18.462406,-97.426029,https://mitehuacan.mx/?ruta=8
1,Cocina Economica Estelita,restaurante,102,18.454417,-97.392163,https://mitehuacan.mx/?ruta=8
1,Pizzas Angelotti,restaurante,102,18.457784,-97.392732,https://mitehuacan.mx/?ruta=8
1,Taqueria El Gran Tako,restaurante,102,18.457459,-97.383937,https://mitehuacan.mx/?ruta=8
1,Venta De Barbacoa Don Alfredo,restaurante,102,18.457506,-97.385151,https://mitehuacan.mx/?ruta=8
1,Cocina Economica Maru,restaurante,103,18.453347,-97.388679,https://mitehuacan.mx/?ruta=8
1,Restaurante Casa Oaxaca,restaurante,103,18.456395,-97.388605,https://mitehuacan.mx/?ruta=8
1,Taqueria Taco Loko,restaurante,103,18.457497,-97.385151,https://mitehuacan.mx/?ruta=8
1,Wajil Restaurante,restaurante,103,18.457766,-97.392448,https://mitehuacan.mx/?ruta=8
1,Venta De Barbacoa Rodriguez,restaurante,105,18.457479,-97.385153,https://mitehuacan.mx/?ruta=8
1,Venta De Barbacoa Sin Nombre,restaurante,105,18.457479,-97.385153,https://mitehuacan.mx/?ruta=8
1,Venta De Chicharron Sin Nombre,restaurante,106,18.457469,-97.385153,https://mitehuacan.mx/?ruta=8
1,King Taco,restaurante,107,18.460257,-97.380628,https://mitehuacan.mx/?ruta=8
1,Desayunador Brunch,restaurante,108,18.455679,-97.393474,https://mitehuacan.mx/?ruta=8
1,Venta De Tacos Porky,restaurante,108,18.456547,-97.391351,https://mitehuacan.mx/?ruta=8
1,Antojitos Doña Irma,restaurante,109,18.458553,-97.403958,https://mitehuacan.mx/?ruta=8
1,Cocina Economica Doña Amada,restaurante,109,18.457442,-97.385155,https://mitehuacan.mx/?ruta=8
1,El Pariente Birrieria Estilo Tijuana,restaurante,109,18.45772,-97.392733,https://mitehuacan.mx/?ruta=8
1,Cocina Economica Flores,restaurante,110,18.45746,-97.39207,https://mitehuacan.mx/?ruta=8
1,Taqueria Sin Nombre,restaurante,110,18.46171,-97.384952,https://mitehuacan.mx/?ruta=8
1,El Meson De Las Memelonas,restaurante,113,18.45925,-97.410908,https://mitehuacan.mx/?ruta=8
1,Happy Burguer,restaurante,113,18.459321,-97.423315,https://mitehuacan.mx/?ruta=8
1,Restaurant Y Mariscos Plaza Dorada,restaurante,113,18.458782,-97.404353,https://mitehuacan.mx/?ruta=8
1,Cocina Economica Lucero,restaurante,114,18.457397,-97.385159,https://mitehuacan.mx/?ruta=8
1,Cocina Economica Soco,restaurante,115,18.459371,-97.382788,https://mitehuacan.mx/?ruta=8
1,Rosticeria Super Pollo El Jarocho,restaurante,115,18.457467,-97.387145,https://mitehuacan.mx/?ruta=8
1,Antojitos Lolis,restaurante,116,18.45956,-97.382777,https://mitehuacan.mx/?ruta=8
1,Cocina Economica Sin Nombre,restaurante,116,18.459676,-97.390666,https://mitehuacan.mx/?ruta=8
1,Venta De Antojitos Mexicanos Oly,restaurante,116,18.457411,-97.406873,https://mitehuacan.mx/?ruta=8
1,Puesto Taquitos De Carniceria Sin Nombre,restaurante,117,18.457324,-97.383946,https://mitehuacan.mx/?ruta=8
1,Burger Shop,restaurante,118,18.462621,-97.425662,https://mitehuacan.mx/?ruta=8
1,Cocina Economica El Comedor De Lupita,restaurante,118,18.457595,-97.391585,https://mitehuacan.mx/?ruta=8
1,Cocina Express La Chatta,restaurante,118,18.459902,-97.396576,https://mitehuacan.mx/?ruta=8
1,Taqueria Sin Nombre,restaurante,118,18.457395,-97.385972,https://mitehuacan.mx/?ruta=8
1,Venta De Tortas Sin Nombre,restaurante,118,18.457394,-97.385953,https://mitehuacan.mx/?ruta=8
1,Tacos Y Tortas Arabes Tacuba,restaurante,119,18.460137,-97.406969,https://mitehuacan.mx/?ruta=8
1,Venta De Antojitos Y Paletas De Hielo Sin Nombre,restaurante,119,18.459156,-97.380245,https://mitehuacan.mx/?ruta=8
1,Taqueria El Buen Pastor,restaurante,120,18.457278,-97.383604,https://mitehuacan.mx/?ruta=8
1,Cocina Economica Sin Nombre,restaurante,121,18.459286,-97.405205,https://mitehuacan.mx/?ruta=8
1,Bodega De Utensilios Para Elaborar Chicharron,restaurante,122,18.457326,-97.385158,https://mitehuacan.mx/?ruta=8
1,Elabora Y Vent De Antojitos Sin Nombre,restaurante,122,18.457023,-97.381724,https://mitehuacan.mx/?ruta=8
1,Cocina San Rafael,restaurante,123,18.45561,-97.394807,https://mitehuacan.mx/?ruta=8
1,Pollos Guerrero Tehuacán 2,restaurante,123,18.460791,-97.390633,https://mitehuacan.mx/?ruta=8
1,Rosticeria Ali,restaurante,123,18.457431,-97.390714,https://mitehuacan.mx/?ruta=8
1,Taqueria Avendaño,restaurante,123,18.462361,-97.426932,https://mitehuacan.mx/?ruta=8
1,Rosticeria Pollo Mix,restaurante,124,18.457558,-97.39199,https://mitehuacan.mx/?ruta=8
1,Venta De Antojitos Sin Nombre,restaurante,124,18.459284,-97.405138,https://mitehuacan.mx/?ruta=8
1,Venta De Tacos Sin Nombre,restaurante,124,18.457261,-97.383952,https://mitehuacan.mx/?ruta=8
1,Venta De Carnitas Sin Nombre,restaurante,125,18.461903,-97.387106,https://mitehuacan.mx/?ruta=8
1,Cocina Economica El Buen Sazon,restaurante,126,18.457214,-97.406669,https://mitehuacan.mx/?ruta=8
1,Rosticeria Pollos Guerrero,restaurante,126,18.460792,-97.390658,https://mitehuacan.mx/?ruta=8
1,Venta De Cemitas La Poblanita De Sofi,restaurante,126,18.457289,-97.385157,https://mitehuacan.mx/?ruta=8
1,Taqueria El Pariente,restaurante,128,18.457301,-97.385908,https://mitehuacan.mx/?ruta=8
1,Torteria La Super Torta,restaurante,129,18.462011,-97.38946,https://mitehuacan.mx/?ruta=8
1,Venta De Tortillas De Mano Sin Nombre,restaurante,129,18.457357,-97.387861,https://mitehuacan.mx/?ruta=8
1,Cocina Economica La Cocina De Ely,restaurante,130,18.457287,-97.39159,https://mitehuacan.mx/?ruta=8
1,Antojitos Mexicanos Elo,restaurante,132,18.457188,-97.383959,https://mitehuacan.mx/?ruta=8
1,Antojitos Mexicanos Sin Nombre,restaurante,132,18.457123,-97.382536,https://mitehuacan.mx/?ruta=8
1,Venta De Tortas,restaurante,133,18.455525,-97.394943,https://mitehuacan.mx/?ruta=8
1,Rosticeria El Tiempo,restaurante,134,18.460177,-97.390749,https://mitehuacan.mx/?ruta=8
1,Las Gueras,restaurante,135,18.461519,-97.381146,https://mitehuacan.mx/?ruta=8
1,Pizzas Angelotti,restaurante,137,18.459902,-97.391546,https://mitehuacan.mx/?ruta=8
1,Tortas Vic,restaurante,137,18.456527,-97.390991,https://mitehuacan.mx/?ruta=8
1,Cocina Economica El Buen Comer,restaurante,139,18.460136,-97.398288,https://mitehuacan.mx/?ruta=8
1,Venta De Antojitos Sin Nombre,restaurante,141,18.457107,-97.383963,https://mitehuacan.mx/?ruta=8
1,Coco Burger,restaurante,143,18.457228,-97.407067,https://mitehuacan.mx/?ruta=8
1,Tacos Y Tortas,restaurante,143,18.456425,-97.405413,https://mitehuacan.mx/?ruta=8
1,Venta De Antojitos Mexicanos Sin Nombre,restaurante,143,18.457089,-97.383965,https://mitehuacan.mx/?ruta=8
1,Cocina Economica Doña Sofi,restaurante,144,18.457663,-97.407988,https://mitehuacan.mx/?ruta=8
1,Venta De Comida Sin Nombre,restaurante,144,18.461223,-97.380591,https://mitehuacan.mx/?ruta=8
1,Tortas Y Tacos Damaris,restaurante,148,18.460228,-97.428791,https://mitehuacan.mx/?ruta=8
1,Antojitos Mexicanos Zenaida,restaurante,149,18.460219,-97.399313,https://mitehuacan.mx/?ruta=8
1,La Nueva Rosticeria,restaurante,149,18.460797,-97.390876,https://mitehuacan.mx/?ruta=8
1,Restaurante De Hamburguesas Beef And Pork,restaurante,150,18.456292,-97.388162,https://mitehuacan.mx/?ruta=8
1,Venta De Alimentos El Cabrito,restaurante,150,18.460906,-97.390881,https://mitehuacan.mx/?ruta=8
1,La Pagoda Servicio De Comida Para Llevar,súper,0,18.458724,-97.393156,https://mitehuacan.mx/?ruta=8
1,Super Mi Es Mi Super,súper,0,18.458481,-97.386504,https://mitehuacan.mx/?ruta=8
1,Comida Rapida Las Alitas,súper,3,18.456725,-97.394219,https://mitehuacan.mx/?ruta=8
1,Centro Comercial Alatriste,súper,26,18.461037,-97.388238,https://mitehuacan.mx/?ruta=8
1,Karys Burger,súper,89,18.459351,-97.406001,https://mitehuacan.mx/?ruta=8
1,Elaboracion De Comida,súper,110,18.457603,-97.392735,https://mitehuacan.mx/?ruta=8
1,Elaboracion De Buñuelos Sin Nombre,taller,0,18.456687,-97.402436,https://mitehuacan.mx/?ruta=8
1,Postres Sin Nombre,taller,0,18.460431,-97.414891,https://mitehuacan.mx/?ruta=8
1,Venta De Donas Y Churros Sin Nombre,taller,0,18.458509,-97.38952,https://mitehuacan.mx/?ruta=8
1,Venta De Elotes Preparados,taller,0,18.460558,-97.420104,https://mitehuacan.mx/?ruta=8
1,Venta De Elotes Y Esquites Sin Nombre,taller,0,18.458426,-97.385026,https://mitehuacan.mx/?ruta=8
1,Audio Y Alarmas,taller,1,18.456723,-97.394656,https://mitehuacan.mx/?ruta=8
1,Electrica Max Jr,taller,1,18.458039,-97.389525,https://mitehuacan.mx/?ruta=8
1,Embobinados Lara,taller,1,18.46076,-97.386209,https://mitehuacan.mx/?ruta=8
1,Hospital Del Hogar,taller,1,18.460724,-97.385081,https://mitehuacan.mx/?ruta=8
1,Papas Fritas,taller,1,18.460748,-97.38584,https://mitehuacan.mx/?ruta=8
1,Reparacion De Aparatos Electrodomesticos Electronica Puebla,taller,1,18.460466,-97.415857,https://mitehuacan.mx/?ruta=8
1,Servicio Hernandez Refrigeracion Domestica Y Comercial,taller,1,18.457849,-97.389526,https://mitehuacan.mx/?ruta=8
1,Servicio Y Mantenimiento Marroquin,taller,1,18.460735,-97.385441,https://mitehuacan.mx/?ruta=8
1,Taller Mecanico,taller,1,18.460361,-97.421363,https://mitehuacan.mx/?ruta=8
1,Taller Mecanico Emcigy,taller,1,18.458278,-97.3819,https://mitehuacan.mx/?ruta=8
1,Cafeteria Una Dulce Caricia,taller,2,18.460505,-97.417013,https://mitehuacan.mx/?ruta=8
1,Elotes Y Esquites Que Le Doy,taller,2,18.460357,-97.410785,https://mitehuacan.mx/?ruta=8
1,Frutas Coco Bongo,taller,2,18.46084,-97.388806,https://mitehuacan.mx/?ruta=8
1,Reparacion De Linea Blanca Servitec Gl,taller,2,18.456916,-97.40353,https://mitehuacan.mx/?ruta=8
1,Servicio Mecanico Ferrari,taller,2,18.456856,-97.397345,https://mitehuacan.mx/?ruta=8
1,Taller De Composturas,taller,2,18.460253,-97.410068,https://mitehuacan.mx/?ruta=8
1,Venta De Tamales Sin Nombre,taller,2,18.457811,-97.398889,https://mitehuacan.mx/?ruta=8
1,Yummy Bite Postres,taller,2,18.460253,-97.410049,https://mitehuacan.mx/?ruta=8
1,Ayre,taller,3,18.456202,-97.389555,https://mitehuacan.mx/?ruta=8
1,Hojalateria Y Pintura El Chiquis,taller,3,18.453162,-97.380225,https://mitehuacan.mx/?ruta=8
1,Mr Eloteria Tehuacan,taller,3,18.456957,-97.389591,https://mitehuacan.mx/?ruta=8
1,Reparacion De Bocinas,taller,3,18.458155,-97.380576,https://mitehuacan.mx/?ruta=8
1,Servicio Automotriz Georgio,taller,3,18.455494,-97.379212,https://mitehuacan.mx/?ruta=8
1,Taller Automotriz Cararzone,taller,3,18.454528,-97.389594,https://mitehuacan.mx/?ruta=8
1,Auto Servicio Leon,taller,4,18.457008,-97.400196,https://mitehuacan.mx/?ruta=8
1,Servicio Automotriz Garate,taller,4,18.460339,-97.409828,https://mitehuacan.mx/?ruta=8
1,Taller De Reparacion De Bocinas,taller,4,18.458616,-97.389289,https://mitehuacan.mx/?ruta=8
1,Servicio Paque Jr,taller,5,18.45882,-97.38167,https://mitehuacan.mx/?ruta=8
1,Taller Mecanico Machado,taller,5,18.459001,-97.381663,https://mitehuacan.mx/?ruta=8
1,Taller Mecanico Satan,taller,5,18.459164,-97.381657,https://mitehuacan.mx/?ruta=8
1,Tamaleria Y Neveria Don Jorge,taller,5,18.456994,-97.428699,https://mitehuacan.mx/?ruta=8
1,Com-Sec Compra Venta Y Venta De Compresoras,taller,6,18.456978,-97.399135,https://mitehuacan.mx/?ruta=8
1,Elaboracion De Somreros,taller,6,18.45834,-97.399026,https://mitehuacan.mx/?ruta=8
1,La Purisima Laminado Y Pintura,taller,6,18.458459,-97.381684,https://mitehuacan.mx/?ruta=8
1,Auxiliar De Servicios De Muelles Vidal,taller,7,18.46077,-97.384766,https://mitehuacan.mx/?ruta=8
1,Servicio Gamo,taller,7,18.455947,-97.392078,https://mitehuacan.mx/?ruta=8
1,Embobinado Y Reparacion De Lavadoras,taller,9,18.458401,-97.382427,https://mitehuacan.mx/?ruta=8
1,Servicio De Muelles Mojara,taller,9,18.456441,-97.379674,https://mitehuacan.mx/?ruta=8
1,Taller Hojalateria Sin Nombre,taller,9,18.458377,-97.382039,https://mitehuacan.mx/?ruta=8
1,Venta De Papas Sin Nombre,taller,9,18.46075,-97.388999,https://mitehuacan.mx/?ruta=8
1,Club De Nutricion Herbalife,taller,10,18.458527,-97.385288,https://mitehuacan.mx/?ruta=8
1,Embobinado De Motores,taller,10,18.458932,-97.397096,https://mitehuacan.mx/?ruta=8
1,Hojalateria Pintura Y Mecanica Satan,taller,10,18.459134,-97.381795,https://mitehuacan.mx/?ruta=8
1,Taller De Reparacion De Computadoras I Bit,taller,10,18.458935,-97.397228,https://mitehuacan.mx/?ruta=8
1,Atoles Y Tamales Sanchez,taller,12,18.458606,-97.386908,https://mitehuacan.mx/?ruta=8
1,Club De Nutricion Herbalife,taller,12,18.458633,-97.387732,https://mitehuacan.mx/?ruta=8
1,Taller De Torno Arias,taller,12,18.456351,-97.389688,https://mitehuacan.mx/?ruta=8
1,Venta De Atole Y Tamales Sin Nombre,taller,12,18.458273,-97.383887,https://mitehuacan.mx/?ruta=8
1,Club De Nutricion Herbalife,taller,13,18.459211,-97.389386,https://mitehuacan.mx/?ruta=8
1,Papas Fritas Floricel Unadelicia Del Sabor,taller,13,18.457158,-97.389436,https://mitehuacan.mx/?ruta=8
1,Relojeria Casa Virginia,taller,13,18.458867,-97.389391,https://mitehuacan.mx/?ruta=8
1,Taller De Relojeria La Abj,taller,13,18.458822,-97.389391,https://mitehuacan.mx/?ruta=8
1,Club De Nutricion Herba Life,taller,16,18.457498,-97.389696,https://mitehuacan.mx/?ruta=8
1,Stereo Cars,taller,17,18.460576,-97.385471,https://mitehuacan.mx/?ruta=8
1,Enbobinados Tehuacan,taller,19,18.46039,-97.418354,https://mitehuacan.mx/?ruta=8
1,Servicio Automitriz Un Cuarto De Milla,taller,19,18.460399,-97.418681,https://mitehuacan.mx/?ruta=8
1,Club De Nutricion Betel,taller,21,18.459561,-97.409086,https://mitehuacan.mx/?ruta=8
1,Taller Electrico Sin Nombre,taller,21,18.458138,-97.382749,https://mitehuacan.mx/?ruta=8
1,Centro De Costura Sam,taller,22,18.458612,-97.395823,https://mitehuacan.mx/?ruta=8
1,Servicio Y Mantenimiento Cruz,taller,22,18.456909,-97.40389,https://mitehuacan.mx/?ruta=8
1,Taller De Reparacion De Autos,taller,23,18.458528,-97.393377,https://mitehuacan.mx/?ruta=8
1,Proteinlove,taller,25,18.458087,-97.379366,https://mitehuacan.mx/?ruta=8
1,Club De Nutricion Yulians,taller,26,18.456957,-97.42833,https://mitehuacan.mx/?ruta=8
1,Embobinado De Motores Y Bombas Para Agua Sin Nombre,taller,27,18.460469,-97.38495,https://mitehuacan.mx/?ruta=8
1,Elaboracion De Tenates Sombreros Sin Nombre,taller,29,18.458722,-97.427527,https://mitehuacan.mx/?ruta=8
1,Club De Nutricion Herbalife,taller,31,18.460417,-97.384435,https://mitehuacan.mx/?ruta=8
1,Club De Nutricion Herbalife,taller,31,18.458099,-97.383825,https://mitehuacan.mx/?ruta=8
1,Taller Mecanico Automotriz River,taller,31,18.458075,-97.383337,https://mitehuacan.mx/?ruta=8
1,Taller Mecanico Sin Nombre,taller,32,18.460212,-97.382171,https://mitehuacan.mx/?ruta=8
1,Servicio De Banquetes Angros Tehuacan,taller,35,18.459192,-97.398225,https://mitehuacan.mx/?ruta=8
1,Taller De Torno Mecanico Industrial Camacho,taller,35,18.45551,-97.389934,https://mitehuacan.mx/?ruta=8
1,Taller Electrico Industrial Galo,taller,35,18.458296,-97.390239,https://mitehuacan.mx/?ruta=8
1,Taller De Torno,taller,36,18.457026,-97.394307,https://mitehuacan.mx/?ruta=8
1,Elaboracion De Frituras,taller,38,18.46102,-97.383749,https://mitehuacan.mx/?ruta=8
1,Club De Nutricion,taller,40,18.457472,-97.389175,https://mitehuacan.mx/?ruta=8
1,Churros Rellenos Apachurro,taller,41,18.459072,-97.392525,https://mitehuacan.mx/?ruta=8
1,Venta De Ropa Para Bebes Y Dama Tejida A Mano Con Estambre S,taller,42,18.456491,-97.3981,https://mitehuacan.mx/?ruta=8
1,Muelles Y Suspensiones El Chavo,taller,43,18.454355,-97.389224,https://mitehuacan.mx/?ruta=8
1,Servicio De Reparacion De Refrigeradores Sin Nombre,taller,43,18.455411,-97.389198,https://mitehuacan.mx/?ruta=8
1,Equipo Agricola Y Maquinaria Ligera Del Sur,taller,44,18.460318,-97.385045,https://mitehuacan.mx/?ruta=8
1,Club Ismerely,taller,45,18.458029,-97.385372,https://mitehuacan.mx/?ruta=8
1,El Tamalito Feliz Venta De Tamales,taller,45,18.456402,-97.396674,https://mitehuacan.mx/?ruta=8
1,Herba Life,taller,48,18.454472,-97.390434,https://mitehuacan.mx/?ruta=8
1,Centro De Compostura De Sastreria,taller,50,18.456367,-97.390048,https://mitehuacan.mx/?ruta=8
1,Venta De Postres Fruti Rico,taller,50,18.460773,-97.389937,https://mitehuacan.mx/?ruta=8
1,Adiction,taller,50,18.459598,-97.409448,https://mitehuacan.mx/?ruta=8
1,Refacciones Y Servicio Electrico,taller,52,18.4569,-97.404488,https://mitehuacan.mx/?ruta=8
1,Tornoy Soldadura Sanchez,taller,52,18.460243,-97.384968,https://mitehuacan.mx/?ruta=8
1,Taller De Soldadura Sin Nombre,taller,53,18.458349,-97.428656,https://mitehuacan.mx/?ruta=8
1,Servicios Mecanicos Textiles,taller,54,18.457189,-97.394295,https://mitehuacan.mx/?ruta=8
1,Taller De Mantenimiento General Sin Nombre,taller,56,18.459792,-97.423085,https://mitehuacan.mx/?ruta=8
1,Compostura De Ropa Sin Nombre,taller,58,18.458238,-97.398401,https://mitehuacan.mx/?ruta=8
1,Elaboracion Deproductos De Plastico,taller,59,18.461308,-97.426835,https://mitehuacan.mx/?ruta=8
1,Venta De Tortillas Hermanos Pachecos,taller,60,18.455054,-97.429928,https://mitehuacan.mx/?ruta=8
1,Club Herbalife Color Esperanza,taller,63,18.459196,-97.390668,https://mitehuacan.mx/?ruta=8
1,Taller Electrico Automotriz Molla,taller,63,18.459111,-97.382302,https://mitehuacan.mx/?ruta=8
1,Taller De Muelles El Puma,taller,64,18.458777,-97.380891,https://mitehuacan.mx/?ruta=8
1,Taller Mecanico Sin Nombre,taller,64,18.45853,-97.379878,https://mitehuacan.mx/?ruta=8
1,Coco Bongo,taller,66,18.459096,-97.387104,https://mitehuacan.mx/?ruta=8
1,Crepas Miel,taller,66,18.455971,-97.392964,https://mitehuacan.mx/?ruta=8
1,Servicio De Hojalateria Y Pintura Lezama,taller,66,18.460063,-97.383218,https://mitehuacan.mx/?ruta=8
1,Taller Mecanico Sin Nombre,taller,67,18.457184,-97.381177,https://mitehuacan.mx/?ruta=8
1,Bodega Sin Nombre,taller,69,18.460514,-97.425466,https://mitehuacan.mx/?ruta=8
1,Servicio Automotriz Olmos,taller,70,18.454348,-97.388968,https://mitehuacan.mx/?ruta=8
1,Taller Mecanico Reforma,taller,71,18.457342,-97.394285,https://mitehuacan.mx/?ruta=8
1,Servicio Automotriz Marquez,taller,76,18.457702,-97.401163,https://mitehuacan.mx/?ruta=8
1,Servicio Automotriz Martinez,taller,77,18.453715,-97.378784,https://mitehuacan.mx/?ruta=8
1,Servicios Diesel Hernandez,taller,77,18.46121,-97.420677,https://mitehuacan.mx/?ruta=8
1,Servicio Automotriz Rodriguez,taller,80,18.459883,-97.382673,https://mitehuacan.mx/?ruta=8
1,Venta De Elotes Y Esquites,taller,80,18.46008,-97.38822,https://mitehuacan.mx/?ruta=8
1,Fat Bastard,taller,81,18.457965,-97.392444,https://mitehuacan.mx/?ruta=8
1,Taller De Suspenciones Vegar,taller,81,18.461493,-97.386621,https://mitehuacan.mx/?ruta=8
1,Venta De Aguas Frescas El Numero 1,taller,82,18.461572,-97.389588,https://mitehuacan.mx/?ruta=8
1,Taller De Joyeria Sin Nombre,taller,83,18.461577,-97.389037,https://mitehuacan.mx/?ruta=8
1,Mecanica Hojalateria Y Pintura Falcon,taller,85,18.461414,-97.382685,https://mitehuacan.mx/?ruta=8
1,Servicio De Hojalateria Y Pintura Sanchez,taller,85,18.458906,-97.399839,https://mitehuacan.mx/?ruta=8
1,Elaboracion De Tamales,taller,86,18.456249,-97.380849,https://mitehuacan.mx/?ruta=8
1,Taller Mecanico Diesel Y Gasolina Lalo,taller,91,18.459217,-97.384268,https://mitehuacan.mx/?ruta=8
1,Tuneart,taller,91,18.461457,-97.382617,https://mitehuacan.mx/?ruta=8
1,Venta De Aguas Frescas Sin Nombre,taller,92,18.460645,-97.380805,https://mitehuacan.mx/?ruta=8
1,Club De Nutricion Herba Life,taller,93,18.45528,-97.390488,https://mitehuacan.mx/?ruta=8
1,Servicio De Reparacion Maquinaria Electrica Industrial Servi,taller,93,18.455916,-97.388712,https://mitehuacan.mx/?ruta=8
1,Servicio Automotriz Autolux,taller,94,18.455345,-97.398816,https://mitehuacan.mx/?ruta=8
1,Botanas Mezcladito,taller,96,18.457565,-97.394161,https://mitehuacan.mx/?ruta=8
1,Embobinados Tecnicos,taller,96,18.45583,-97.39426,https://mitehuacan.mx/?ruta=8
1,Taller De Costura Sin Nombres,taller,96,18.457487,-97.383367,https://mitehuacan.mx/?ruta=8
1,Taller Mecanico Galvez,taller,98,18.45972,-97.382683,https://mitehuacan.mx/?ruta=8
1,Reparacion De Maquinas Sin Nombre,taller,100,18.457601,-97.394159,https://mitehuacan.mx/?ruta=8
1,Autoservicio Bonilla,taller,101,18.455241,-97.38865,https://mitehuacan.mx/?ruta=8
1,Club De Nutricion Sin Nombre,taller,101,18.461686,-97.387108,https://mitehuacan.mx/?ruta=8
1,Reconstructora Automotriz Cruz,taller,101,18.456242,-97.404159,https://mitehuacan.mx/?ruta=8
1,Servicio Automotriz Taburay,taller,101,18.454979,-97.388659,https://mitehuacan.mx/?ruta=8
1,Servicio Electrico Carrera,taller,101,18.457373,-97.388591,https://mitehuacan.mx/?ruta=8
1,Club De Nutricion Herbalife,taller,102,18.459622,-97.392428,https://mitehuacan.mx/?ruta=8
1,Venta De Aguas Frescas El Jarocho,taller,104,18.457488,-97.385152,https://mitehuacan.mx/?ruta=8
1,Gm Embobinados,taller,105,18.456687,-97.391498,https://mitehuacan.mx/?ruta=8
1,Herbalefe,taller,105,18.459764,-97.384998,https://mitehuacan.mx/?ruta=8
1,Satreria Tony,taller,107,18.457641,-97.393691,https://mitehuacan.mx/?ruta=8
1,Servicio Mecanico Automotriz Rugerio,taller,107,18.459531,-97.382696,https://mitehuacan.mx/?ruta=8
1,Taller Electrico Automotriz Sin Nombre,taller,107,18.457361,-97.382814,https://mitehuacan.mx/?ruta=8
1,Taller De Compostura De Ropa De Vestir,taller,109,18.455209,-97.39882,https://mitehuacan.mx/?ruta=8
1,Taller Mecanico Sin Nombre,taller,109,18.457348,-97.406603,https://mitehuacan.mx/?ruta=8
1,Venta De Papas Fritas Y Frituras,taller,109,18.457513,-97.387143,https://mitehuacan.mx/?ruta=8
1,Venta De Papas A La Francesa Ramos,taller,111,18.458706,-97.404222,https://mitehuacan.mx/?ruta=8
1,Silensiadores Y Lienzos Mofles Ruiz Con Servicio De Hojalate,taller,112,18.455696,-97.388536,https://mitehuacan.mx/?ruta=8
1,Taller De Joyeria Clarita,taller,114,18.457428,-97.390629,https://mitehuacan.mx/?ruta=8
1,Venta De Cocteles De Fruta Sin Nombre,taller,114,18.457351,-97.383944,https://mitehuacan.mx/?ruta=8
1,Servicio Tecnico De Refrigeracion Sin Nombre,taller,115,18.455345,-97.398227,https://mitehuacan.mx/?ruta=8
1,Atoles Y Tamales Chayito,taller,117,18.457382,-97.385422,https://mitehuacan.mx/?ruta=8
1,Servicio Automotriz Luna,taller,117,18.459713,-97.387154,https://mitehuacan.mx/?ruta=8
1,Servicio Automotriz Jaguar,taller,118,18.458837,-97.40435,https://mitehuacan.mx/?ruta=8
1,Servicio Automotriz Rching,taller,118,18.456388,-97.388463,https://mitehuacan.mx/?ruta=8
1,Servicio De Hojalateria Vidal,taller,119,18.459517,-97.38548,https://mitehuacan.mx/?ruta=8
1,Club De Nutricion,taller,120,18.457263,-97.383196,https://mitehuacan.mx/?ruta=8
1,Club Herbalife,taller,120,18.457258,-97.383073,https://mitehuacan.mx/?ruta=8
1,Servicio Morales,taller,120,18.457166,-97.38177,https://mitehuacan.mx/?ruta=8
1,Torno Y Soldadura Letcas,taller,120,18.46173,-97.382678,https://mitehuacan.mx/?ruta=8
1,Composturas De Maquinas De Coser Sin Nombre,taller,121,18.455584,-97.393878,https://mitehuacan.mx/?ruta=8
1,Taller Electrico 143,taller,121,18.461634,-97.416194,https://mitehuacan.mx/?ruta=8
1,Servicio Mecanico Integrales De Tehuacan,taller,122,18.461818,-97.384945,https://mitehuacan.mx/?ruta=8
1,Servicio Mecanico Automotriz Ramirez,taller,123,18.459186,-97.411602,https://mitehuacan.mx/?ruta=8
1,Taller Mecanico Disel,taller,123,18.459164,-97.411157,https://mitehuacan.mx/?ruta=8
1,Elaboracion Y Venta De Tamales Sin Nombre,taller,124,18.459097,-97.37987,https://mitehuacan.mx/?ruta=8
1,Transmisiones Max,taller,125,18.459011,-97.404569,https://mitehuacan.mx/?ruta=8
1,Venta De Tamales Y Atole Sin Nombre,taller,126,18.457289,-97.385157,https://mitehuacan.mx/?ruta=8
1,Servicio Electrico Y Aparatos Electricos El Amigo,taller,128,18.458924,-97.378785,https://mitehuacan.mx/?ruta=8
1,Servicio Mecanico Automotriz Tehuacan,taller,128,18.45539,-97.403266,https://mitehuacan.mx/?ruta=8
1,Sastreria Charly,taller,131,18.456543,-97.405412,https://mitehuacan.mx/?ruta=8
1,Taller El Rostro,taller,131,18.460631,-97.380426,https://mitehuacan.mx/?ruta=8
1,Venta De Elotes Y Esquites El Calvario,taller,131,18.453278,-97.391623,https://mitehuacan.mx/?ruta=8
1,Centro Muellero La Asuncion,taller,132,18.459114,-97.411939,https://mitehuacan.mx/?ruta=8
1,Reparacion Y Mantenimiento De Maquinas De Cocer,taller,133,18.457166,-97.391485,https://mitehuacan.mx/?ruta=8
1,Venta De Postres Sin Nombre,taller,136,18.453205,-97.391622,https://mitehuacan.mx/?ruta=8
1,Servicio Automotriz Jose Maria,taller,138,18.456853,-97.381875,https://mitehuacan.mx/?ruta=8
1,Taller Mecanico Ramses,taller,142,18.454167,-97.381413,https://mitehuacan.mx/?ruta=8
1,Club Ismerely,taller,144,18.45708,-97.383965,https://mitehuacan.mx/?ruta=8
1,Venta De Elotes Gasper,taller,147,18.462174,-97.389459,https://mitehuacan.mx/?ruta=8
1,Centro Veterinario Doctora Nelly,veterinaria,0,18.456683,-97.393965,https://mitehuacan.mx/?ruta=8
1,Sales Minerales,veterinaria,2,18.457079,-97.378963,https://mitehuacan.mx/?ruta=8
1,Nutrimentos Plus De Tehuacan Sucursal Purisima,veterinaria,3,18.458205,-97.381162,https://mitehuacan.mx/?ruta=8
1,Distribuidora De Alimentos Cadena,veterinaria,5,18.460661,-97.384656,https://mitehuacan.mx/?ruta=8
1,Farmacia Veterinaria Clinica San Jose,veterinaria,29,18.453156,-97.389923,https://mitehuacan.mx/?ruta=8
1,Omegavac De Mexico,veterinaria,34,18.46027,-97.418649,https://mitehuacan.mx/?ruta=8
1,Impexvet,veterinaria,43,18.460499,-97.408437,https://mitehuacan.mx/?ruta=8
1,Nutrialimentos Plus Tehuacan S.A. De C.V,veterinaria,71,18.459069,-97.385041,https://mitehuacan.mx/?ruta=8
1,Veterinaria Alatriste,veterinaria,84,18.459957,-97.385069,https://mitehuacan.mx/?ruta=8
1,Prozootecnia,veterinaria,95,18.459564,-97.414626,https://mitehuacan.mx/?ruta=8
1,Biotecnologia Veterinaria De Puebla,veterinaria,101,18.459658,-97.418473,https://mitehuacan.mx/?ruta=8
1,Norel,veterinaria,118,18.457395,-97.386,https://mitehuacan.mx/?ruta=8
1,Veterinaria San Marcos,veterinaria,119,18.457408,-97.386559,https://mitehuacan.mx/?ruta=8
1,Alpesur Tehuacan,veterinaria,127,18.457334,-97.386661,https://mitehuacan.mx/?ruta=8
1,Forrajera Hidalgo,veterinaria,127,18.457336,-97.386714,https://mitehuacan.mx/?ruta=8
1,Tienda De Accesorios Para Mascotas,veterinaria,137,18.457248,-97.391484,https://mitehuacan.mx/?ruta=8
2,Abarrotes El Faro,abarrotes,0,18.456977,-97.402512,https://mitehuacan.mx/?ruta=8
2,El Abrevadero,abarrotes,0,18.460541,-97.420333,https://mitehuacan.mx/?ruta=8
2,Miscelanea Titos,abarrotes,0,18.45883,-97.396473,https://mitehuacan.mx/?ruta=8
2,Tienda La Montaña,abarrotes,0,18.458498,-97.386854,https://mitehuacan.mx/?ruta=8
2,Abarrotes 3 Estrellas,abarrotes,1,18.458466,-97.386002,https://mitehuacan.mx/?ruta=8
2,Abarrotes Del Ahorro,abarrotes,1,18.456201,-97.399872,https://mitehuacan.mx/?ruta=8
2,Abarrotes La Guadalupana,abarrotes,1,18.460065,-97.389479,https://mitehuacan.mx/?ruta=8
2,Abarrotes Osorio,abarrotes,1,18.456201,-97.399872,https://mitehuacan.mx/?ruta=8
2,Abarrotes Y Semillas Granos El Gallero,abarrotes,1,18.456201,-97.399872,https://mitehuacan.mx/?ruta=8
2,Mi Tiendita,abarrotes,1,18.458463,-97.385879,https://mitehuacan.mx/?ruta=8
2,Miscelanea Don Beto,abarrotes,1,18.456201,-97.399872,https://mitehuacan.mx/?ruta=8
2,Miscelanea Hernandez,abarrotes,1,18.455981,-97.379155,https://mitehuacan.mx/?ruta=8
2,Miscelanea Jimenez,abarrotes,1,18.458448,-97.385357,https://mitehuacan.mx/?ruta=8
2,Miscelanea La Tortuga,abarrotes,1,18.456831,-97.396929,https://mitehuacan.mx/?ruta=8
2,Miscelanea Masiel,abarrotes,1,18.460406,-97.421818,https://mitehuacan.mx/?ruta=8
2,Miscelanea Pepe,abarrotes,1,18.453603,-97.379525,https://mitehuacan.mx/?ruta=8
2,Miscelanea Sin Nombre,abarrotes,1,18.456227,-97.401408,https://mitehuacan.mx/?ruta=8
2,Miscelanea Sin Nombre,abarrotes,1,18.456191,-97.399465,https://mitehuacan.mx/?ruta=8
2,Miscelanea Tehuacan,abarrotes,1,18.458296,-97.382287,https://mitehuacan.mx/?ruta=8
2,Miscelanea Vero,abarrotes,1,18.453423,-97.430484,https://mitehuacan.mx/?ruta=8
2,Miscelanea Y Papeleria Sin Nombre,abarrotes,1,18.456201,-97.399872,https://mitehuacan.mx/?ruta=8
2,Miscelanea Yolis,abarrotes,1,18.460398,-97.421903,https://mitehuacan.mx/?ruta=8
2,Tendajon Alex,abarrotes,1,18.456231,-97.401864,https://mitehuacan.mx/?ruta=8
2,Tienda De Abarrotes Alex,abarrotes,1,18.460576,-97.419877,https://mitehuacan.mx/?ruta=8
2,Venta Abarrotes Sin Nombre,abarrotes,1,18.458389,-97.384287,https://mitehuacan.mx/?ruta=8
2,Venta De Articulos Varios Sin Nombre,abarrotes,1,18.456201,-97.399872,https://mitehuacan.mx/?ruta=8
2,Abarrotes El Carmen,abarrotes,2,18.460507,-97.417051,https://mitehuacan.mx/?ruta=8
2,Abarrotes El Gallo De Tehuacan,abarrotes,2,18.460806,-97.387678,https://mitehuacan.mx/?ruta=8
2,Abarrotes La Poblanita,abarrotes,2,18.460837,-97.388683,https://mitehuacan.mx/?ruta=8
2,Abarrotes Luna,abarrotes,2,18.458096,-97.380519,https://mitehuacan.mx/?ruta=8
2,Mercadito,abarrotes,2,18.46053,-97.417762,https://mitehuacan.mx/?ruta=8
2,Mini Super La Cruz,abarrotes,2,18.460367,-97.411032,https://mitehuacan.mx/?ruta=8
2,Miscelanea Aqui,abarrotes,2,18.458681,-97.391459,https://mitehuacan.mx/?ruta=8
2,Miscelanea Castillo,abarrotes,2,18.453931,-97.430247,https://mitehuacan.mx/?ruta=8
2,Miscelanea De La Nueve,abarrotes,2,18.456178,-97.398858,https://mitehuacan.mx/?ruta=8
2,Miscelanea Infonavit,abarrotes,2,18.459453,-97.408679,https://mitehuacan.mx/?ruta=8
2,Miscelanea La Esquina,abarrotes,2,18.457867,-97.428304,https://mitehuacan.mx/?ruta=8
2,Miscelanea Las Brisas,abarrotes,2,18.458555,-97.38802,https://mitehuacan.mx/?ruta=8
2,Miscelanea Mini,abarrotes,2,18.460782,-97.38692,https://mitehuacan.mx/?ruta=8
2,Miscelanea Ringo,abarrotes,2,18.457749,-97.389527,https://mitehuacan.mx/?ruta=8
2,Miscelanea Velazquez,abarrotes,2,18.460549,-97.418425,https://mitehuacan.mx/?ruta=8
2,Venta De Abarrotes Ultramarinos Y Miscelaneas,abarrotes,2,18.460791,-97.387214,https://mitehuacan.mx/?ruta=8
2,Abarrotes Sin Nombre,abarrotes,3,18.458574,-97.388417,https://mitehuacan.mx/?ruta=8
2,El Señor De Las Mara Villas,abarrotes,3,18.460667,-97.382721,https://mitehuacan.mx/?ruta=8
2,Miscelanea Don Pepe,abarrotes,3,18.454864,-97.37931,https://mitehuacan.mx/?ruta=8
2,Miscelanea Gercel,abarrotes,3,18.456024,-97.428819,https://mitehuacan.mx/?ruta=8
2,Miscelanea Hernandez,abarrotes,3,18.453931,-97.389608,https://mitehuacan.mx/?ruta=8
2,Miscelanea Lili,abarrotes,3,18.457043,-97.389529,https://mitehuacan.mx/?ruta=8
2,Miscelanea Perez,abarrotes,3,18.458189,-97.380774,https://mitehuacan.mx/?ruta=8
2,Miscelanea Y Polleria,abarrotes,3,18.454566,-97.379359,https://mitehuacan.mx/?ruta=8
2,Tienda De Abarrotes Dany,abarrotes,3,18.460761,-97.389492,https://mitehuacan.mx/?ruta=8
2,Tienda Sin Nombre,abarrotes,3,18.455674,-97.379185,https://mitehuacan.mx/?ruta=8
2,Miscelanea Cheyenne,abarrotes,4,18.457282,-97.398798,https://mitehuacan.mx/?ruta=8
2,Miscelanea Cintia,abarrotes,4,18.460242,-97.409195,https://mitehuacan.mx/?ruta=8
2,Miscelanea De Monics,abarrotes,4,18.457889,-97.37935,https://mitehuacan.mx/?ruta=8
2,Miscelanea Diana,abarrotes,4,18.45254,-97.380313,https://mitehuacan.mx/?ruta=8
2,Miscelanea Juquilita,abarrotes,4,18.460697,-97.383327,https://mitehuacan.mx/?ruta=8
2,Miscelanea Lupita,abarrotes,4,18.460659,-97.384372,https://mitehuacan.mx/?ruta=8
2,Miscelanea Sin Nombre,abarrotes,4,18.45948,-97.381644,https://mitehuacan.mx/?ruta=8
2,Miscelanea Yasmin,abarrotes,4,18.460228,-97.408977,https://mitehuacan.mx/?ruta=8
2,Tienda De Abarrotes El Rey,abarrotes,4,18.460241,-97.409366,https://mitehuacan.mx/?ruta=8
2,Abarrotera Hidalgo De Tehuacan,abarrotes,5,18.457994,-97.379928,https://mitehuacan.mx/?ruta=8
2,Mini Super Cuquita Venta De Abarrotes En General,abarrotes,5,18.456991,-97.399637,https://mitehuacan.mx/?ruta=8
2,Miscelanea Alba,abarrotes,5,18.457198,-97.428813,https://mitehuacan.mx/?ruta=8
2,Miscelanea Carmelita,abarrotes,5,18.458334,-97.38381,https://mitehuacan.mx/?ruta=8
2,Miscelanea Sin Nombre,abarrotes,5,18.460729,-97.384161,https://mitehuacan.mx/?ruta=8
2,Tienda De Abarrotes Sin Nombre,abarrotes,5,18.461005,-97.423347,https://mitehuacan.mx/?ruta=8
2,Abarrotes El Vergel,abarrotes,6,18.456962,-97.398907,https://mitehuacan.mx/?ruta=8
2,Miscelanea Chivis Venta D Abarrotes En General,abarrotes,6,18.45834,-97.399026,https://mitehuacan.mx/?ruta=8
2,Miscelanea Rocha,abarrotes,6,18.458115,-97.405195,https://mitehuacan.mx/?ruta=8
2,Abarrotes Mendoza,abarrotes,7,18.460727,-97.387814,https://mitehuacan.mx/?ruta=8
2,Miscelanea Casa Garcia,abarrotes,7,18.453141,-97.380127,https://mitehuacan.mx/?ruta=8
2,Miscelanea Castillo,abarrotes,7,18.456912,-97.400294,https://mitehuacan.mx/?ruta=8
2,Miscelanea El Angel Iv,abarrotes,7,18.46068,-97.385975,https://mitehuacan.mx/?ruta=8
2,Miscelanea Padilla,abarrotes,7,18.455287,-97.379844,https://mitehuacan.mx/?ruta=8
2,Tienda Mariam,abarrotes,7,18.460657,-97.385254,https://mitehuacan.mx/?ruta=8
2,Estacionamiento La Corona,abarrotes,8,18.460738,-97.388324,https://mitehuacan.mx/?ruta=8
2,Mini Super Zaragoza Express,abarrotes,8,18.460657,-97.38547,https://mitehuacan.mx/?ruta=8
2,Miscelanea El Premio,abarrotes,8,18.460584,-97.383084,https://mitehuacan.mx/?ruta=8
2,Abarrotes Conchita,abarrotes,10,18.4586,-97.387249,https://mitehuacan.mx/?ruta=8
2,Abarrotes En General,abarrotes,10,18.461623,-97.424123,https://mitehuacan.mx/?ruta=8
2,Miscelanea La Guera,abarrotes,10,18.458933,-97.397143,https://mitehuacan.mx/?ruta=8
2,Miscelanea Las Crayolitas,abarrotes,10,18.458973,-97.398593,https://mitehuacan.mx/?ruta=8
2,Miscelanea Lopez,abarrotes,10,18.458437,-97.3831,https://mitehuacan.mx/?ruta=8
2,Miscelanea Ortega,abarrotes,10,18.458288,-97.383813,https://mitehuacan.mx/?ruta=8
2,Miscelanea Rosy,abarrotes,10,18.458241,-97.382847,https://mitehuacan.mx/?ruta=8
2,Abarrotes Ofeve De Tehuacan,abarrotes,11,18.460233,-97.389374,https://mitehuacan.mx/?ruta=8
2,Abarrotes Ofeve De Tehuacan,abarrotes,11,18.460048,-97.389377,https://mitehuacan.mx/?ruta=8
2,Expendio De Huevo Olifer,abarrotes,11,18.458486,-97.383914,https://mitehuacan.mx/?ruta=8
2,Miscelanea Angel,abarrotes,11,18.458485,-97.383886,https://mitehuacan.mx/?ruta=8
2,Miscelanea Coco Bongo Venta De Abarrotes,abarrotes,11,18.458901,-97.399146,https://mitehuacan.mx/?ruta=8
2,Miscelanea Goriut,abarrotes,11,18.457986,-97.40586,https://mitehuacan.mx/?ruta=8
2,Miscelanea Higienicos Baby,abarrotes,11,18.456963,-97.402209,https://mitehuacan.mx/?ruta=8
2,Miscelanea Pipens,abarrotes,11,18.456698,-97.396345,https://mitehuacan.mx/?ruta=8
2,Miscelanea Sin Nombre,abarrotes,11,18.456304,-97.39911,https://mitehuacan.mx/?ruta=8
2,Miscelanea Erandi,abarrotes,12,18.456912,-97.403644,https://mitehuacan.mx/?ruta=8
2,Tienda De Abarrotes Mary,abarrotes,12,18.456557,-97.393627,https://mitehuacan.mx/?ruta=8
2,Abarrotes La Providencia,abarrotes,13,18.456907,-97.401352,https://mitehuacan.mx/?ruta=8
2,Abarrotes La Unica,abarrotes,13,18.4586,-97.386652,https://mitehuacan.mx/?ruta=8
2,Bodega Casa Gorgonio,abarrotes,13,18.456752,-97.378911,https://mitehuacan.mx/?ruta=8
2,Miscelanea #1,abarrotes,13,18.452608,-97.379575,https://mitehuacan.mx/?ruta=8
2,Miscelanea San Miguel Arcangel,abarrotes,13,18.456044,-97.428208,https://mitehuacan.mx/?ruta=8
2,Miscelanea Sanchez,abarrotes,13,18.454379,-97.390779,https://mitehuacan.mx/?ruta=8
2,Miscelanea La Purisima,abarrotes,14,18.453139,-97.379479,https://mitehuacan.mx/?ruta=8
2,Cremeria Mama Gude,abarrotes,15,18.458968,-97.396523,https://mitehuacan.mx/?ruta=8
2,Miscelanea Barbosa,abarrotes,15,18.458217,-97.383254,https://mitehuacan.mx/?ruta=8
2,Miscelanea Mendez,abarrotes,15,18.456451,-97.389431,https://mitehuacan.mx/?ruta=8
2,Miscelanea San Miguel,abarrotes,15,18.453792,-97.389498,https://mitehuacan.mx/?ruta=8
2,Tienda De Abarrotes,abarrotes,16,18.458114,-97.428374,https://mitehuacan.mx/?ruta=8
2,Miscelanea Juquilita,abarrotes,17,18.456911,-97.403767,https://mitehuacan.mx/?ruta=8
2,Abarrotes San Francisco,abarrotes,18,18.457765,-97.404236,https://mitehuacan.mx/?ruta=8
2,Mini Oxxito,abarrotes,18,18.453338,-97.39033,https://mitehuacan.mx/?ruta=8
2,Miscelanea Evelyn,abarrotes,18,18.457851,-97.378729,https://mitehuacan.mx/?ruta=8
2,Miscelanea Aguilar,abarrotes,19,18.452657,-97.37988,https://mitehuacan.mx/?ruta=8
2,Miscelanea Minisuper Suarez,abarrotes,19,18.456769,-97.389386,https://mitehuacan.mx/?ruta=8
2,Miscelanea Sammy,abarrotes,21,18.455413,-97.389406,https://mitehuacan.mx/?ruta=8
2,Bodega Tienda Angel,abarrotes,22,18.458578,-97.383788,https://mitehuacan.mx/?ruta=8
2,Miscelanea Medina,abarrotes,22,18.453468,-97.390478,https://mitehuacan.mx/?ruta=8
2,Tienda Uriel,abarrotes,23,18.458018,-97.428487,https://mitehuacan.mx/?ruta=8
2,Bodega De Minisuper De La 9,abarrotes,24,18.458644,-97.385068,https://mitehuacan.mx/?ruta=8
2,Miscelanea Sol,abarrotes,24,18.457099,-97.398148,https://mitehuacan.mx/?ruta=8
2,Minisuper De La Nueve Sur,abarrotes,25,18.458656,-97.385154,https://mitehuacan.mx/?ruta=8
2,Miscelanea Luis,abarrotes,25,18.457967,-97.406115,https://mitehuacan.mx/?ruta=8
2,Miscelanea Chory,abarrotes,26,18.459389,-97.409083,https://mitehuacan.mx/?ruta=8
2,Miscelanea,abarrotes,27,18.460198,-97.408409,https://mitehuacan.mx/?ruta=8
2,Tienda De Abarrotes Girasoles,abarrotes,28,18.454835,-97.391618,https://mitehuacan.mx/?ruta=8
2,Abarrotes La Union,abarrotes,29,18.45835,-97.390239,https://mitehuacan.mx/?ruta=8
2,Miscelanea Sin Nombre,abarrotes,30,18.454722,-97.430059,https://mitehuacan.mx/?ruta=8
2,Miscelanea Ge&Ma Venta De Abarrotes,abarrotes,32,18.456547,-97.397176,https://mitehuacan.mx/?ruta=8
2,Abarrotes Y Semillas La Perla,abarrotes,35,18.454456,-97.389296,https://mitehuacan.mx/?ruta=8
2,"Comercio Al Por Menor En Tiendas De Abarrotes, Ultramarinos ",abarrotes,35,18.458125,-97.385562,https://mitehuacan.mx/?ruta=8
2,Abarrotes Colibri,abarrotes,36,18.460411,-97.38599,https://mitehuacan.mx/?ruta=8
2,Venta De Dulces Y Miscelanea Yoloxochilt,abarrotes,37,18.460085,-97.38983,https://mitehuacan.mx/?ruta=8
2,Bodega De Abarrotes Colibri,abarrotes,38,18.460391,-97.385814,https://mitehuacan.mx/?ruta=8
2,Minisuper Shelbys,abarrotes,39,18.456452,-97.396558,https://mitehuacan.mx/?ruta=8
2,Miscelanea El Surtidor,abarrotes,39,18.460332,-97.384027,https://mitehuacan.mx/?ruta=8
2,Abarrotes Ofeve De Tehuacan,abarrotes,40,18.458795,-97.385144,https://mitehuacan.mx/?ruta=8
2,Miscelanea Los Arcos,abarrotes,40,18.458139,-97.387192,https://mitehuacan.mx/?ruta=8
2,Tienda Lobo Abarrotero,abarrotes,40,18.455866,-97.391618,https://mitehuacan.mx/?ruta=8
2,Miscelanea Mi Tiendita,abarrotes,41,18.458483,-97.405229,https://mitehuacan.mx/?ruta=8
2,Miscelanea Sin Nombre,abarrotes,41,18.460309,-97.383829,https://mitehuacan.mx/?ruta=8
2,Miscelanea Rocio,abarrotes,43,18.458491,-97.398379,https://mitehuacan.mx/?ruta=8
2,Tendajon Lore Venta De Abarrotes,abarrotes,43,18.458465,-97.397525,https://mitehuacan.mx/?ruta=8
2,Abarrotes,abarrotes,44,18.460048,-97.420585,https://mitehuacan.mx/?ruta=8
2,Miscelanea El Antojo,abarrotes,45,18.456038,-97.392768,https://mitehuacan.mx/?ruta=8
2,Venta De Abarrotes Sin Nombre,abarrotes,45,18.458111,-97.427647,https://mitehuacan.mx/?ruta=8
2,Venta De Abarrotes Sin Nombre,abarrotes,45,18.460105,-97.382232,https://mitehuacan.mx/?ruta=8
2,Miscelanea Avelino,abarrotes,46,18.458811,-97.384335,https://mitehuacan.mx/?ruta=8
2,Bodega De Miscelanea Barbosa,abarrotes,47,18.457928,-97.38327,https://mitehuacan.mx/?ruta=8
2,Miscelanea Sin Nombre,abarrotes,48,18.45931,-97.398219,https://mitehuacan.mx/?ruta=8
2,Miscelanea Montalvo,abarrotes,50,18.456606,-97.429071,https://mitehuacan.mx/?ruta=8
2,Tienda De Abarrotes Televisa,abarrotes,51,18.459117,-97.428278,https://mitehuacan.mx/?ruta=8
2,Tienda Sin Nombre,abarrotes,51,18.46031,-97.38714,https://mitehuacan.mx/?ruta=8
2,Abarrotes Padilla,abarrotes,52,18.454936,-97.430242,https://mitehuacan.mx/?ruta=8
2,Miscelanea Colotla,abarrotes,52,18.457246,-97.395853,https://mitehuacan.mx/?ruta=8
2,Miscelanea La Ventanita,abarrotes,53,18.458895,-97.384721,https://mitehuacan.mx/?ruta=8
2,Miscelanea Pingos,abarrotes,53,18.457529,-97.401867,https://mitehuacan.mx/?ruta=8
2,Miscelanea Porras,abarrotes,56,18.45124,-97.430797,https://mitehuacan.mx/?ruta=8
2,Miscelanea Sin Nombre,abarrotes,57,18.453478,-97.390895,https://mitehuacan.mx/?ruta=8
2,Comercio Al Por Mayor De Abarrotes Sin Nombre,abarrotes,59,18.460242,-97.387142,https://mitehuacan.mx/?ruta=8
2,Miscelanea Amyluis. Venta De Abarrotes,abarrotes,61,18.459442,-97.398983,https://mitehuacan.mx/?ruta=8
2,Miscelanea San Isidrio,abarrotes,61,18.456319,-97.398105,https://mitehuacan.mx/?ruta=8
2,Miscelanea Juquilita,abarrotes,62,18.459753,-97.382257,https://mitehuacan.mx/?ruta=8
2,Miscelanea Sin Nombre,abarrotes,62,18.455256,-97.428526,https://mitehuacan.mx/?ruta=8
2,Tienda De Abarrotes Sin Nombre,abarrotes,62,18.454933,-97.428656,https://mitehuacan.mx/?ruta=8
2,Abarrotes La Corona De Tehuacan,abarrotes,63,18.460777,-97.390061,https://mitehuacan.mx/?ruta=8
2,Miscelanea Elena,abarrotes,64,18.457546,-97.400011,https://mitehuacan.mx/?ruta=8
2,Miscelanea Ramy,abarrotes,64,18.456096,-97.393801,https://mitehuacan.mx/?ruta=8
2,Miscelanea Rocha,abarrotes,64,18.45626,-97.378502,https://mitehuacan.mx/?ruta=8
2,Abarrotes Ofeve De Tehuacan,abarrotes,65,18.460184,-97.387143,https://mitehuacan.mx/?ruta=8
2,Miscelanea Lupita,abarrotes,67,18.455305,-97.378632,https://mitehuacan.mx/?ruta=8
2,Miscelanea Sin Nombre,abarrotes,67,18.452806,-97.389668,https://mitehuacan.mx/?ruta=8
2,Miscelanea Trini,abarrotes,67,18.459273,-97.406287,https://mitehuacan.mx/?ruta=8
2,Miscelanea Guerrero,abarrotes,68,18.457292,-97.429641,https://mitehuacan.mx/?ruta=8
2,Miscelanea Silvia,abarrotes,68,18.457813,-97.385127,https://mitehuacan.mx/?ruta=8
2,Miscelanea Arfer,abarrotes,69,18.456242,-97.403097,https://mitehuacan.mx/?ruta=8
2,Miscelanea Las Flores Venta De Abarrotes Y Papaleria,abarrotes,69,18.457467,-97.397468,https://mitehuacan.mx/?ruta=8
2,Miscelanea Tendajon,abarrotes,69,18.456181,-97.396568,https://mitehuacan.mx/?ruta=8
2,Miscelanea Lupita,abarrotes,70,18.460105,-97.407918,https://mitehuacan.mx/?ruta=8
2,Miscelanea Pily,abarrotes,70,18.455593,-97.402341,https://mitehuacan.mx/?ruta=8
2,Miscelanea Sin Nombre,abarrotes,70,18.461374,-97.426944,https://mitehuacan.mx/?ruta=8
2,Miscelanea Sin Nombre,abarrotes,70,18.452238,-97.379097,https://mitehuacan.mx/?ruta=8
2,Tendajon Sin Nombre,abarrotes,71,18.458493,-97.379292,https://mitehuacan.mx/?ruta=8
2,Miscelanea Geminis,abarrotes,73,18.461417,-97.386528,https://mitehuacan.mx/?ruta=8
2,Papeleria Chuchin,abarrotes,73,18.457527,-97.406222,https://mitehuacan.mx/?ruta=8
2,Abarrotes El Changarrito,abarrotes,75,18.457355,-97.405915,https://mitehuacan.mx/?ruta=8
2,Abarrotes Sin Nombre,abarrotes,75,18.460038,-97.385063,https://mitehuacan.mx/?ruta=8
2,Miscelanea Gamez,abarrotes,75,18.458171,-97.403889,https://mitehuacan.mx/?ruta=8
2,Miscelanea Martinez,abarrotes,75,18.4561,-97.395979,https://mitehuacan.mx/?ruta=8
2,Miscelanea La Meceta,abarrotes,77,18.458247,-97.429149,https://mitehuacan.mx/?ruta=8
2,Miscelanea Servicaty,abarrotes,77,18.456354,-97.403937,https://mitehuacan.mx/?ruta=8
2,Miscelanea Cuahtemoc,abarrotes,78,18.457909,-97.390336,https://mitehuacan.mx/?ruta=8
2,Miscelanea La Goma,abarrotes,78,18.460175,-97.407898,https://mitehuacan.mx/?ruta=8
2,Miscelanea Paty,abarrotes,79,18.462554,-97.423996,https://mitehuacan.mx/?ruta=8
2,Miscelanea Reyes,abarrotes,79,18.459491,-97.428398,https://mitehuacan.mx/?ruta=8
2,Abarrotes Lizeth,abarrotes,80,18.460928,-97.424478,https://mitehuacan.mx/?ruta=8
2,Bodega Sin Nombre,abarrotes,80,18.456519,-97.378307,https://mitehuacan.mx/?ruta=8
2,Miscelanea Joana,abarrotes,80,18.458636,-97.428804,https://mitehuacan.mx/?ruta=8
2,Venta De Abarrotes,abarrotes,80,18.457691,-97.400022,https://mitehuacan.mx/?ruta=8
2,Miscelanea El Guero,abarrotes,81,18.457965,-97.392444,https://mitehuacan.mx/?ruta=8
2,Miscelanea Sin Nombre,abarrotes,81,18.461452,-97.38536,https://mitehuacan.mx/?ruta=8
2,Cremeria Veris,abarrotes,82,18.459617,-97.398205,https://mitehuacan.mx/?ruta=8
2,Miscelanea El Rieguito,abarrotes,82,18.459372,-97.406178,https://mitehuacan.mx/?ruta=8
2,Tienda De Abarrotes Sin Nombre,abarrotes,82,18.461421,-97.38372,https://mitehuacan.mx/?ruta=8
2,Miscelanea Chemita,abarrotes,83,18.459216,-97.386009,https://mitehuacan.mx/?ruta=8
2,Miscelanea Jose,abarrotes,83,18.461182,-97.421545,https://mitehuacan.mx/?ruta=8
2,Venta De Huevo Sin Nombre,abarrotes,83,18.457677,-97.385137,https://mitehuacan.mx/?ruta=8
2,Miscelanea Sin Nombre,abarrotes,84,18.461396,-97.418682,https://mitehuacan.mx/?ruta=8
2,Miscelanea Teresita,abarrotes,85,18.457942,-97.403203,https://mitehuacan.mx/?ruta=8
2,Tienda De Abarrotes Comercializadora Casa Hernandez,abarrotes,85,18.461609,-97.389347,https://mitehuacan.mx/?ruta=8
2,Miscelanea Cinco Estrellas,abarrotes,86,18.461523,-97.38624,https://mitehuacan.mx/?ruta=8
2,Miscelanea Gloria,abarrotes,88,18.45554,-97.402844,https://mitehuacan.mx/?ruta=8
2,Miscelanea,abarrotes,90,18.457503,-97.382407,https://mitehuacan.mx/?ruta=8
2,Abarrotes La Mision,abarrotes,92,18.455387,-97.401363,https://mitehuacan.mx/?ruta=8
2,Minimarket Tienda,abarrotes,92,18.459526,-97.412985,https://mitehuacan.mx/?ruta=8
2,Miscelanea Marin,abarrotes,92,18.456685,-97.429609,https://mitehuacan.mx/?ruta=8
2,Miscelanea Sin Nombre,abarrotes,92,18.461505,-97.38349,https://mitehuacan.mx/?ruta=8
2,Miscelanea Florecita,abarrotes,93,18.458516,-97.404224,https://mitehuacan.mx/?ruta=8
2,Tienda De Abarrotes Yaziel,abarrotes,93,18.455361,-97.390486,https://mitehuacan.mx/?ruta=8
2,Abarrotes Cadena,abarrotes,95,18.457572,-97.385214,https://mitehuacan.mx/?ruta=8
2,Miscelanea Juquilita,abarrotes,95,18.457648,-97.387137,https://mitehuacan.mx/?ruta=8
2,Miscelanea Osmin,abarrotes,95,18.457415,-97.390451,https://mitehuacan.mx/?ruta=8
2,Abarrotes Y Semillas Grisel,abarrotes,96,18.4582,-97.408102,https://mitehuacan.mx/?ruta=8
2,Miscelanea Sebastian,abarrotes,96,18.456894,-97.405399,https://mitehuacan.mx/?ruta=8
2,Tienda Barbara,abarrotes,96,18.459103,-97.405359,https://mitehuacan.mx/?ruta=8
2,Tienda De Abarrotes Botana 2,abarrotes,98,18.451313,-97.37987,https://mitehuacan.mx/?ruta=8
2,Abarrotes Ramos,abarrotes,99,18.460269,-97.423934,https://mitehuacan.mx/?ruta=8
2,Abarrotes Roger,abarrotes,100,18.459333,-97.385109,https://mitehuacan.mx/?ruta=8
2,Miscelanea Casa Gonzalez,abarrotes,100,18.454328,-97.388681,https://mitehuacan.mx/?ruta=8
2,Miscelanea Don Toño,abarrotes,100,18.461555,-97.382843,https://mitehuacan.mx/?ruta=8
2,Miscelanea Sin Nombre,abarrotes,100,18.453894,-97.388696,https://mitehuacan.mx/?ruta=8
2,Miscelanea Sin Nombre,abarrotes,100,18.461481,-97.382342,https://mitehuacan.mx/?ruta=8
2,Miscelanea Betsy,abarrotes,101,18.462525,-97.425353,https://mitehuacan.mx/?ruta=8
2,Miscelanea Ely,abarrotes,101,18.456242,-97.404159,https://mitehuacan.mx/?ruta=8
2,Miscelanea Mar De Dios,abarrotes,102,18.462289,-97.42665,https://mitehuacan.mx/?ruta=8
2,Miscelanea Rosy,abarrotes,102,18.459422,-97.387096,https://mitehuacan.mx/?ruta=8
2,Miscelanea Charly,abarrotes,103,18.453564,-97.391515,https://mitehuacan.mx/?ruta=8
2,Miscelanea Janeth,abarrotes,103,18.453437,-97.388676,https://mitehuacan.mx/?ruta=8
2,Miscelanea Las Flores,abarrotes,103,18.453347,-97.388679,https://mitehuacan.mx/?ruta=8
2,Barroso,abarrotes,104,18.459605,-97.391549,https://mitehuacan.mx/?ruta=8
2,Miscelanea Aniju,abarrotes,104,18.455868,-97.396694,https://mitehuacan.mx/?ruta=8
2,Miscelanea Gonzalez,abarrotes,104,18.457363,-97.390533,https://mitehuacan.mx/?ruta=8
2,Miscelanea Verito,abarrotes,104,18.459322,-97.410749,https://mitehuacan.mx/?ruta=8
2,Tienda Vidal Luna,abarrotes,104,18.458616,-97.429052,https://mitehuacan.mx/?ruta=8
2,Miscelanea La Esperanza,abarrotes,105,18.457917,-97.40004,https://mitehuacan.mx/?ruta=8
2,Miscelanea Moro,abarrotes,105,18.459498,-97.415197,https://mitehuacan.mx/?ruta=8
2,Miscelanea Perez,abarrotes,105,18.460648,-97.424741,https://mitehuacan.mx/?ruta=8
2,Miscelanea Rosales,abarrotes,105,18.460675,-97.42459,https://mitehuacan.mx/?ruta=8
2,Abarrotes Y Lacteos Angelita,abarrotes,106,18.459851,-97.399018,https://mitehuacan.mx/?ruta=8
2,Tienda De Abarrotes Sin Nombre,abarrotes,106,18.457591,-97.393042,https://mitehuacan.mx/?ruta=8
2,Tienda Sin Nombre,abarrotes,106,18.45548,-97.393047,https://mitehuacan.mx/?ruta=8
2,Miscelanea Juquilita,abarrotes,108,18.451284,-97.380682,https://mitehuacan.mx/?ruta=8
2,Miscelanea Vista Hermosa,abarrotes,108,18.458499,-97.429279,https://mitehuacan.mx/?ruta=8
2,Tendajon Casa Juarez,abarrotes,108,18.455724,-97.394368,https://mitehuacan.mx/?ruta=8
2,Tienda Sr,abarrotes,108,18.462281,-97.426793,https://mitehuacan.mx/?ruta=8
2,Miscelanea Yosney,abarrotes,110,18.459402,-97.405662,https://mitehuacan.mx/?ruta=8
2,Tienda De Abarrotes Kaby,abarrotes,110,18.454414,-97.388586,https://mitehuacan.mx/?ruta=8
2,Miscelanea Hernandez,abarrotes,111,18.457376,-97.383872,https://mitehuacan.mx/?ruta=8
2,Miscelanea El Mirador,abarrotes,112,18.456391,-97.388519,https://mitehuacan.mx/?ruta=8
2,Miscelanea Rossy,abarrotes,113,18.461296,-97.381144,https://mitehuacan.mx/?ruta=8
2,Miscelanea San Pedro,abarrotes,113,18.455609,-97.40329,https://mitehuacan.mx/?ruta=8
2,Miscelanea Sol,abarrotes,113,18.459227,-97.410462,https://mitehuacan.mx/?ruta=8
2,Miscelanea Elenita,abarrotes,114,18.461538,-97.382009,https://mitehuacan.mx/?ruta=8
2,Miscelanea Gael,abarrotes,115,18.457962,-97.408004,https://mitehuacan.mx/?ruta=8
2,Miscelanea Oyuki,abarrotes,115,18.452853,-97.388728,https://mitehuacan.mx/?ruta=8
2,Miscelanea Adris,abarrotes,116,18.458226,-97.400063,https://mitehuacan.mx/?ruta=8
2,Miscelanea Emily,abarrotes,116,18.452064,-97.429856,https://mitehuacan.mx/?ruta=8
2,Miscelanea Cami Y Eli,abarrotes,117,18.459183,-97.422786,https://mitehuacan.mx/?ruta=8
2,Miscelanea El Calvario,abarrotes,117,18.453337,-97.3915,https://mitehuacan.mx/?ruta=8
2,Miscelanea Morita,abarrotes,117,18.455717,-97.395896,https://mitehuacan.mx/?ruta=8
2,Miscelanea Cortes,abarrotes,119,18.455599,-97.39383,https://mitehuacan.mx/?ruta=8
2,Miscelanea El Palmar,abarrotes,119,18.457417,-97.386957,https://mitehuacan.mx/?ruta=8
2,Miscelanea La Pobedita,abarrotes,121,18.460231,-97.380495,https://mitehuacan.mx/?ruta=8
2,Venta De Refrescos Y Botanas Sin Nombre,abarrotes,122,18.45754,-97.391128,https://mitehuacan.mx/?ruta=8
2,Miscelanea Juquilita,abarrotes,123,18.457316,-97.385157,https://mitehuacan.mx/?ruta=8
2,Tienda Las Gemelas,abarrotes,123,18.457316,-97.385157,https://mitehuacan.mx/?ruta=8
2,Miscelanea Surprise,abarrotes,124,18.459284,-97.405138,https://mitehuacan.mx/?ruta=8
2,Refrescos Y Antojitos,abarrotes,124,18.457307,-97.385157,https://mitehuacan.mx/?ruta=8
2,Venta De Cafe Y Abarrotes Cafe Puro Cafe Y Abarrotes,abarrotes,124,18.457307,-97.385157,https://mitehuacan.mx/?ruta=8
2,Miscelanea El Fenix,abarrotes,125,18.451945,-97.381476,https://mitehuacan.mx/?ruta=8
2,Miscelanea La Campiña,abarrotes,125,18.456385,-97.388396,https://mitehuacan.mx/?ruta=8
2,Miscelanea La Purisima,abarrotes,125,18.457298,-97.385157,https://mitehuacan.mx/?ruta=8
2,Tienda Miscelanea Sin Nombre,abarrotes,125,18.453219,-97.391503,https://mitehuacan.mx/?ruta=8
2,Cremeria Y Abarrotes Juquilita,abarrotes,126,18.458918,-97.404347,https://mitehuacan.mx/?ruta=8
2,Miscelanea Cortes,abarrotes,126,18.457179,-97.382486,https://mitehuacan.mx/?ruta=8
2,Venta De Abarrotes Sin Nombre,abarrotes,126,18.457289,-97.385157,https://mitehuacan.mx/?ruta=8
2,Abarrotes Y Semillas Goretty,abarrotes,127,18.457204,-97.383284,https://mitehuacan.mx/?ruta=8
2,Miscelanea Chevita,abarrotes,127,18.458998,-97.379201,https://mitehuacan.mx/?ruta=8
2,Miscelanea Gaby,abarrotes,127,18.457188,-97.382943,https://mitehuacan.mx/?ruta=8
2,Miscelanea Ochoa,abarrotes,127,18.457231,-97.383863,https://mitehuacan.mx/?ruta=8
2,Miscelanea Sanchez,abarrotes,127,18.456994,-97.381773,https://mitehuacan.mx/?ruta=8
2,Miscelanea Cristy,abarrotes,128,18.456143,-97.404522,https://mitehuacan.mx/?ruta=8
2,Miscelanea Danfer,abarrotes,128,18.457271,-97.385158,https://mitehuacan.mx/?ruta=8
2,Miscelanea Sin Nombre,abarrotes,128,18.461561,-97.381574,https://mitehuacan.mx/?ruta=8
2,Miscelanea Guille,abarrotes,129,18.458311,-97.409051,https://mitehuacan.mx/?ruta=8
2,Miscelanea La Terminal,abarrotes,129,18.457351,-97.387633,https://mitehuacan.mx/?ruta=8
2,Miscelanea Nichin,abarrotes,129,18.459909,-97.428725,https://mitehuacan.mx/?ruta=8
2,Tienda De Abarrotes La Jacaranda,abarrotes,130,18.457361,-97.38805,https://mitehuacan.mx/?ruta=8
2,La Pichi Tiendita,abarrotes,133,18.459995,-97.390749,https://mitehuacan.mx/?ruta=8
2,Miscelanea Despertar,abarrotes,133,18.451048,-97.380688,https://mitehuacan.mx/?ruta=8
2,Miscelanea Rosales,abarrotes,133,18.461069,-97.380595,https://mitehuacan.mx/?ruta=8
2,Abarrotes Estrella De Oriente,abarrotes,134,18.457453,-97.391614,https://mitehuacan.mx/?ruta=8
2,Miscelanea Cecy,abarrotes,137,18.456579,-97.381797,https://mitehuacan.mx/?ruta=8
2,Miscelanea Los Garcias,abarrotes,137,18.461906,-97.427488,https://mitehuacan.mx/?ruta=8
2,Miscelanea Marin,abarrotes,137,18.457143,-97.383961,https://mitehuacan.mx/?ruta=8
2,Miscelanea Sin Nombre,abarrotes,138,18.461216,-97.380658,https://mitehuacan.mx/?ruta=8
2,Miscelanea Sin Nombre,abarrotes,141,18.45887,-97.40395,https://mitehuacan.mx/?ruta=8
2,Tienda De Abarrotes La Cordobesa,abarrotes,141,18.461164,-97.390761,https://mitehuacan.mx/?ruta=8
2,Abarrotes San Marcos,abarrotes,142,18.457144,-97.385163,https://mitehuacan.mx/?ruta=8
2,Miscelanea Castillo Venta De Abarrotes,abarrotes,142,18.460172,-97.39915,https://mitehuacan.mx/?ruta=8
2,Miscelanea Jazmin,abarrotes,144,18.449286,-97.432887,https://mitehuacan.mx/?ruta=8
2,Miscelanea Sin Nombre,abarrotes,145,18.448956,-97.432775,https://mitehuacan.mx/?ruta=8
2,Tienda De Abarrotes,abarrotes,146,18.459227,-97.41796,https://mitehuacan.mx/?ruta=8
2,Miscelanea Andrade,abarrotes,147,18.457002,-97.382911,https://mitehuacan.mx/?ruta=8
2,Super 13,abarrotes,147,18.460071,-97.380263,https://mitehuacan.mx/?ruta=8
2,Miscelanea Lolita,abarrotes,148,18.455317,-97.393486,https://mitehuacan.mx/?ruta=8
2,Tienda Sin Nombre,abarrotes,148,18.455742,-97.377783,https://mitehuacan.mx/?ruta=8
2,Banorte Tehuacan,banco,118,18.459837,-97.394093,https://mitehuacan.mx/?ruta=8
2,Banorte,banco,118,18.459836,-97.394165,https://mitehuacan.mx/?ruta=8
2,Ceat Centro De Aprendizaje Tehuacan,escuela,0,18.458828,-97.396369,https://mitehuacan.mx/?ruta=8
2,Escuela De Tae Kwon Do Juventud Marcial Tehuacan,escuela,0,18.458478,-97.3864,https://mitehuacan.mx/?ruta=8
2,Escuela Primaria Lic Jose Vasconcelos,escuela,0,18.45859,-97.406878,https://mitehuacan.mx/?ruta=8
2,Instituto Tecnico Mexico,escuela,0,18.458428,-97.389521,https://mitehuacan.mx/?ruta=8
2,Universidad De Los Angeles,escuela,0,18.458883,-97.398644,https://mitehuacan.mx/?ruta=8
2,Universidad De Los Angeles,escuela,1,18.458867,-97.398238,https://mitehuacan.mx/?ruta=8
2,Colegio Estefania Castaneda,escuela,2,18.460282,-97.422154,https://mitehuacan.mx/?ruta=8
2,Escuela De Alto Rendimiento Boxeo Estilo Cesar,escuela,2,18.458797,-97.394558,https://mitehuacan.mx/?ruta=8
2,Studio De Baile Fenix Family Dance,escuela,2,18.45888,-97.389495,https://mitehuacan.mx/?ruta=8
2,Jademus Dance Company Academia De Baile,escuela,3,18.454836,-97.389587,https://mitehuacan.mx/?ruta=8
2,Mas Que Baile Escuela De Baile,escuela,3,18.460346,-97.410235,https://mitehuacan.mx/?ruta=8
2,Taekwondo Ddoyang Ceentral,escuela,3,18.454673,-97.389591,https://mitehuacan.mx/?ruta=8
2,Preescolar Y Primaria Instituto Da Vinci,escuela,5,18.456698,-97.393342,https://mitehuacan.mx/?ruta=8
2,Universidad Los Angeles Salon Oaxaca,escuela,10,18.458971,-97.398522,https://mitehuacan.mx/?ruta=8
2,Heroes Taekwondo Tehuacan,escuela,11,18.456536,-97.393116,https://mitehuacan.mx/?ruta=8
2,Escuela Primaria Federal Vicente Guerrero,escuela,12,18.456837,-97.39965,https://mitehuacan.mx/?ruta=8
2,Studio De Baile Bracil,escuela,12,18.4588,-97.392338,https://mitehuacan.mx/?ruta=8
2,Escuela Primaria Ing Pastor Rouaix Turno Vespertino Clave 21,escuela,14,18.455339,-97.391516,https://mitehuacan.mx/?ruta=8
2,Escuela Primaria Pastor Roauix Turno Matutino Clave 21Epr042,escuela,14,18.455339,-97.391516,https://mitehuacan.mx/?ruta=8
2,Centro De Asistencia Infantil Comunitario Riego Num2,escuela,24,18.457144,-97.404413,https://mitehuacan.mx/?ruta=8
2,Preescolar General,escuela,25,18.456703,-97.42886,https://mitehuacan.mx/?ruta=8
2,Preescolar Itzcoalt,escuela,26,18.460974,-97.386047,https://mitehuacan.mx/?ruta=8
2,Cima Natacion,escuela,29,18.45687,-97.392752,https://mitehuacan.mx/?ruta=8
2,Grupo Isima Tehuacan,escuela,30,18.456879,-97.392752,https://mitehuacan.mx/?ruta=8
2,Jardin De Niños Clausell,escuela,30,18.46101,-97.386047,https://mitehuacan.mx/?ruta=8
2,Academia De Musica Yamaha,escuela,34,18.460763,-97.389788,https://mitehuacan.mx/?ruta=8
2,Enseñanza Elemental Terminal El Costurero De Mariana,escuela,35,18.455785,-97.39162,https://mitehuacan.mx/?ruta=8
2,Escuela Primaria Federal Adolfo Lopez Mateos,escuela,37,18.460011,-97.41286,https://mitehuacan.mx/?ruta=8
2,Escuela Primaria Federal Himno Nacional,escuela,41,18.459975,-97.412862,https://mitehuacan.mx/?ruta=8
2,Jardinde Niños Simon Bolivar,escuela,44,18.458335,-97.393281,https://mitehuacan.mx/?ruta=8
2,Escuela De Baile Casa Latina,escuela,49,18.459637,-97.409516,https://mitehuacan.mx/?ruta=8
2,Kinder Joaquin Paredes Colin,escuela,49,18.456241,-97.402907,https://mitehuacan.mx/?ruta=8
2,Escuela De Taekwodo 5,escuela,50,18.461293,-97.389346,https://mitehuacan.mx/?ruta=8
2,Seccion Educativa 414,escuela,51,18.461302,-97.389346,https://mitehuacan.mx/?ruta=8
2,Bachillerato General Diego Rivera,escuela,54,18.457675,-97.429516,https://mitehuacan.mx/?ruta=8
2,Colegio Bertha Von Glumer Preescolar Y Primaria,escuela,59,18.458199,-97.393287,https://mitehuacan.mx/?ruta=8
2,Jardin De Niños Federico Froebel Clave 21Djn0159R,escuela,65,18.454948,-97.390603,https://mitehuacan.mx/?ruta=8
2,Jardin De Niños German List Arzubide Clave 21Djn2466L,escuela,65,18.454948,-97.390603,https://mitehuacan.mx/?ruta=8
2,Estetica Y Academia De Belleza Secrets,escuela,68,18.458,-97.390336,https://mitehuacan.mx/?ruta=8
2,Centro De Asistencia Infantil Comunitario El Riego Dif,escuela,77,18.459444,-97.406432,https://mitehuacan.mx/?ruta=8
2,Escuela Primaria Pastor Rouix,escuela,79,18.461317,-97.417766,https://mitehuacan.mx/?ruta=8
2,Academia De Belleza Stilisciima,escuela,84,18.460782,-97.390259,https://mitehuacan.mx/?ruta=8
2,Instituto Kennedy,escuela,84,18.459499,-97.393468,https://mitehuacan.mx/?ruta=8
2,Jardin De Niños El Porvenir,escuela,87,18.459521,-97.411919,https://mitehuacan.mx/?ruta=8
2,Telesecundaria Juan De La Barrera,escuela,97,18.460381,-97.42821,https://mitehuacan.mx/?ruta=8
2,Clases De Corte Y Confeccion Moda Y Estilo Sin Nombre,escuela,98,18.457597,-97.386655,https://mitehuacan.mx/?ruta=8
2,Instituto De Belleza Fashion Line,escuela,107,18.460896,-97.390474,https://mitehuacan.mx/?ruta=8
2,Barber Shop Instituto De Belleza Karol,escuela,114,18.461501,-97.390292,https://mitehuacan.mx/?ruta=8
2,Instituto De Belleza Karol,escuela,114,18.461501,-97.390292,https://mitehuacan.mx/?ruta=8
2,Escuela Primaria Club Rotario Turno Vespertino,escuela,121,18.45564,-97.395149,https://mitehuacan.mx/?ruta=8
2,Escuela De Danza,escuela,123,18.461301,-97.408828,https://mitehuacan.mx/?ruta=8
2,Escuela De Musica Comparte,escuela,123,18.4613,-97.408809,https://mitehuacan.mx/?ruta=8
2,Unidad Escolar Licenciado Benito Juarez Tehuacan,escuela,123,18.459776,-97.391547,https://mitehuacan.mx/?ruta=8
2,Say Yes Escuela De Ingles,escuela,124,18.457556,-97.391896,https://mitehuacan.mx/?ruta=8
2,Academia De Belleza Elegance,escuela,125,18.460382,-97.390664,https://mitehuacan.mx/?ruta=8
2,Escuela Primaria Manuel Avila Camacho Turno Matutino Clave 2,escuela,125,18.456421,-97.391051,https://mitehuacan.mx/?ruta=8
2,Escuela Primaria Manuel Avila Camacho Turno Vespertino Clave,escuela,131,18.456417,-97.390976,https://mitehuacan.mx/?ruta=8
2,Centro De Asistencia Infantil Comunitario,escuela,133,18.459887,-97.39075,https://mitehuacan.mx/?ruta=8
2,Centro Educativo Prescolar,escuela,133,18.459923,-97.39075,https://mitehuacan.mx/?ruta=8
2,Escuela De Natacion Acuatica Reveles,escuela,134,18.459108,-97.404577,https://mitehuacan.mx/?ruta=8
2,Ce Xochitl,escuela,136,18.460098,-97.428721,https://mitehuacan.mx/?ruta=8
2,Escuela Primaria Emiliano Zapata,escuela,139,18.459106,-97.421446,https://mitehuacan.mx/?ruta=8
2,Taekwondo Kids,escuela,139,18.456884,-97.406272,https://mitehuacan.mx/?ruta=8
2,Clases De Boxeo Guerreros,escuela,142,18.455198,-97.381283,https://mitehuacan.mx/?ruta=8
2,Escuela Primaria Jose Vasconcelos,escuela,142,18.460046,-97.428799,https://mitehuacan.mx/?ruta=8
2,Instituto De Compuingles De Tehuacan,escuela,143,18.459957,-97.391546,https://mitehuacan.mx/?ruta=8
2,Forte Instituto Educatico,escuela,147,18.460071,-97.393526,https://mitehuacan.mx/?ruta=8
2,Papeleria 4 Hermanos,papelería,0,18.458829,-97.396426,https://mitehuacan.mx/?ruta=8
2,Papeleria Smira,papelería,1,18.458518,-97.387262,https://mitehuacan.mx/?ruta=8
2,Regalos Y Papeleria Lili,papelería,1,18.458526,-97.387423,https://mitehuacan.mx/?ruta=8
2,Dulce Luna,papelería,2,18.460367,-97.411032,https://mitehuacan.mx/?ruta=8
2,Papeleria Danna,papelería,2,18.460528,-97.417705,https://mitehuacan.mx/?ruta=8
2,Papeleria Y Regalos Jordi,papelería,2,18.460627,-97.418005,https://mitehuacan.mx/?ruta=8
2,Papeleria Chuco,papelería,3,18.456177,-97.399061,https://mitehuacan.mx/?ruta=8
2,Papeleria Nathalie,papelería,3,18.456765,-97.379056,https://mitehuacan.mx/?ruta=8
2,Papeleria Los Peques,papelería,4,18.457011,-97.4003,https://mitehuacan.mx/?ruta=8
2,Papeleria Y Regalos Cristal,papelería,4,18.46071,-97.383782,https://mitehuacan.mx/?ruta=8
2,Papeleria El Miche,papelería,5,18.456213,-97.428944,https://mitehuacan.mx/?ruta=8
2,Papeleria Ixchel,papelería,5,18.456988,-97.399495,https://mitehuacan.mx/?ruta=8
2,Los Barateros Mega Ofertas De Tehuacan,papelería,13,18.459148,-97.389387,https://mitehuacan.mx/?ruta=8
2,Mega Ofertas De Tehuacan Sucursal,papelería,13,18.459112,-97.389387,https://mitehuacan.mx/?ruta=8
2,El Surtidor Papelero La Purisima,papelería,15,18.458514,-97.38379,https://mitehuacan.mx/?ruta=8
2,Papeleria El Proveedor Papelero,papelería,15,18.456605,-97.389426,https://mitehuacan.mx/?ruta=8
2,Creaciones Pepe,papelería,17,18.457499,-97.389706,https://mitehuacan.mx/?ruta=8
2,Papeleria Chuy,papelería,20,18.460378,-97.4092,https://mitehuacan.mx/?ruta=8
2,Intersat Papeleria,papelería,25,18.460903,-97.383791,https://mitehuacan.mx/?ruta=8
2,Papeleria Y Regalos,papelería,26,18.457393,-97.402441,https://mitehuacan.mx/?ruta=8
2,Papeleria Sin Nombre,papelería,29,18.456907,-97.404023,https://mitehuacan.mx/?ruta=8
2,Papeleria Y Regalos Janeth,papelería,35,18.458632,-97.407709,https://mitehuacan.mx/?ruta=8
2,Papeleria Y Regalos Areico,papelería,37,18.458407,-97.380291,https://mitehuacan.mx/?ruta=8
2,Papeleria La Ilusion,papelería,41,18.457177,-97.396575,https://mitehuacan.mx/?ruta=8
2,Papeleria Y Regalos Gis,papelería,41,18.458569,-97.407706,https://mitehuacan.mx/?ruta=8
2,Papeleria Corro,papelería,46,18.455803,-97.401365,https://mitehuacan.mx/?ruta=8
2,Papeleria Los Pollitos,papelería,51,18.453344,-97.390719,https://mitehuacan.mx/?ruta=8
2,Papeleria Y Peluqueria Santiago,papelería,52,18.457579,-97.429522,https://mitehuacan.mx/?ruta=8
2,Papeleria Sin Nombre,papelería,53,18.459454,-97.406954,https://mitehuacan.mx/?ruta=8
2,Papeleria Y Novedades Kandy Crussh,papelería,55,18.4602,-97.384475,https://mitehuacan.mx/?ruta=8
2,Ciber Anita,papelería,63,18.461885,-97.42305,https://mitehuacan.mx/?ruta=8
2,Papeleria Sin Nombre,papelería,63,18.460989,-97.425027,https://mitehuacan.mx/?ruta=8
2,Papeleria El Marinerito,papelería,64,18.457752,-97.406495,https://mitehuacan.mx/?ruta=8
2,Papeleria Odi,papelería,69,18.458201,-97.429075,https://mitehuacan.mx/?ruta=8
2,Papeleria Pumita,papelería,69,18.459638,-97.410733,https://mitehuacan.mx/?ruta=8
2,Papeleria Abejitas,papelería,72,18.455515,-97.390285,https://mitehuacan.mx/?ruta=8
2,Venta De Regalos Diana,papelería,72,18.456264,-97.403608,https://mitehuacan.mx/?ruta=8
2,Miscelanea Vero,papelería,74,18.459031,-97.405659,https://mitehuacan.mx/?ruta=8
2,Papeleria La Miss,papelería,75,18.456186,-97.397881,https://mitehuacan.mx/?ruta=8
2,Papeleria Mickey,papelería,75,18.456373,-97.391605,https://mitehuacan.mx/?ruta=8
2,Papeleria Y Regalos Matias,papelería,75,18.458256,-97.404063,https://mitehuacan.mx/?ruta=8
2,Papeleria Sin Nombre,papelería,77,18.455162,-97.430249,https://mitehuacan.mx/?ruta=8
2,Papeleria Y Copias Lupita,papelería,77,18.456912,-97.390295,https://mitehuacan.mx/?ruta=8
2,Papeleria Midalu,papelería,78,18.456029,-97.395137,https://mitehuacan.mx/?ruta=8
2,Papeleria,papelería,81,18.461452,-97.38536,https://mitehuacan.mx/?ruta=8
2,Magic Giff,papelería,83,18.458976,-97.405363,https://mitehuacan.mx/?ruta=8
2,Papeleria Sin Nombre,papelería,85,18.455725,-97.398216,https://mitehuacan.mx/?ruta=8
2,Papeleria Marisol,papelería,86,18.462609,-97.424024,https://mitehuacan.mx/?ruta=8
2,Papeleria Ximena,papelería,86,18.459573,-97.428437,https://mitehuacan.mx/?ruta=8
2,Impresiones El Principito,papelería,92,18.456389,-97.390445,https://mitehuacan.mx/?ruta=8
2,Bodega De Papeleria Multiescolar,papelería,95,18.460893,-97.39036,https://mitehuacan.mx/?ruta=8
2,Papeleria Emmanuel,papelería,101,18.462383,-97.426154,https://mitehuacan.mx/?ruta=8
2,Papeleria Sin Nombre,papelería,108,18.461976,-97.427135,https://mitehuacan.mx/?ruta=8
2,Papeleria El Proveedor Escolar,papelería,110,18.457436,-97.38522,https://mitehuacan.mx/?ruta=8
2,Papeleria Multiescolar,papelería,110,18.460897,-97.390502,https://mitehuacan.mx/?ruta=8
2,Papeleria Alison,papelería,114,18.459351,-97.413694,https://mitehuacan.mx/?ruta=8
2,Novedades Gael,papelería,120,18.457271,-97.383405,https://mitehuacan.mx/?ruta=8
2,Papeleria Wissin,papelería,120,18.457266,-97.383282,https://mitehuacan.mx/?ruta=8
2,Papeleria Ferrari,papelería,123,18.457457,-97.391861,https://mitehuacan.mx/?ruta=8
2,Papeleria San Francisco,papelería,134,18.460394,-97.390749,https://mitehuacan.mx/?ruta=8
2,Papeleria Divino Niño,papelería,146,18.452419,-97.388741,https://mitehuacan.mx/?ruta=8
2,Papeleria Gaby,papelería,147,18.459007,-97.404104,https://mitehuacan.mx/?ruta=8
2,Boutique Kovz Shein,ropa,0,18.460653,-97.389473,https://mitehuacan.mx/?ruta=8
2,Compra Venta De Ropa Interior Dulce Tentacion,ropa,0,18.458509,-97.38952,https://mitehuacan.mx/?ruta=8
2,Diseños Y Confecciones Mc,ropa,0,18.456218,-97.401086,https://mitehuacan.mx/?ruta=8
2,Local De Ropa Yared,ropa,0,18.45872,-97.393004,https://mitehuacan.mx/?ruta=8
2,Rv Bolsos,ropa,0,18.458724,-97.393156,https://mitehuacan.mx/?ruta=8
2,Venta De De Ropa Star Cool,ropa,0,18.460445,-97.389475,https://mitehuacan.mx/?ruta=8
2,Venta De Ropa Boutique Sonn,ropa,0,18.458879,-97.398426,https://mitehuacan.mx/?ruta=8
2,Venta De Ropa Interior Sin Nombre,ropa,0,18.458423,-97.38496,https://mitehuacan.mx/?ruta=8
2,Venta De Ropa Para Bebe Sin Nombre,ropa,0,18.458412,-97.384704,https://mitehuacan.mx/?ruta=8
2,Venta De Ropa Para Dama Richie Colection,ropa,0,18.460672,-97.389473,https://mitehuacan.mx/?ruta=8
2,Venta De Ropa Sin Nombre,ropa,0,18.458421,-97.384912,https://mitehuacan.mx/?ruta=8
2,Ventade Ropa,ropa,0,18.456633,-97.402436,https://mitehuacan.mx/?ruta=8
2,Parisina,ropa,0,18.458668,-97.391732,https://mitehuacan.mx/?ruta=8
2,Adiccion Jeans,ropa,1,18.458448,-97.385357,https://mitehuacan.mx/?ruta=8
2,Boutique Good Vibes,ropa,1,18.458751,-97.393955,https://mitehuacan.mx/?ruta=8
2,Boutique Lunas,ropa,1,18.45677,-97.395679,https://mitehuacan.mx/?ruta=8
2,Boutique Mary Venta De Ropa,ropa,1,18.456201,-97.399872,https://mitehuacan.mx/?ruta=8
2,Compra Venta De Ropa Para Niños Kiddies,ropa,1,18.458147,-97.389523,https://mitehuacan.mx/?ruta=8
2,Empaques Zapata,ropa,1,18.459881,-97.408948,https://mitehuacan.mx/?ruta=8
2,Kyma Shop Venta De Ropa Y Novedades,ropa,1,18.457072,-97.40217,https://mitehuacan.mx/?ruta=8
2,Novedades Y Ropa,ropa,1,18.456201,-97.399872,https://mitehuacan.mx/?ruta=8
2,Tienda De Ropa Sin Nombre,ropa,1,18.4587,-97.392303,https://mitehuacan.mx/?ruta=8
2,Venta De Pantalones De Mezclilla Sin Nombre,ropa,1,18.458528,-97.38748,https://mitehuacan.mx/?ruta=8
2,Venta De Playeras Sin Nombre,ropa,1,18.460759,-97.386171,https://mitehuacan.mx/?ruta=8
2,Venta De Ropa Boutique Mary,ropa,1,18.456201,-97.399872,https://mitehuacan.mx/?ruta=8
2,Venta De Ropa De Dama Sin Nombre,ropa,1,18.459595,-97.389484,https://mitehuacan.mx/?ruta=8
2,Venta De Ropa De Dama Sin Nombre,ropa,1,18.458506,-97.387006,https://mitehuacan.mx/?ruta=8
2,Venta De Ropa Nissi,ropa,1,18.456201,-97.399872,https://mitehuacan.mx/?ruta=8
2,Venta De Ropa Para Hombre Novedades Martinez,ropa,1,18.459821,-97.389481,https://mitehuacan.mx/?ruta=8
2,Venta De Ropa Para Niño Y Niña Sin Nombre,ropa,1,18.458496,-97.386798,https://mitehuacan.mx/?ruta=8
2,Venta De Ropa Sin Nombre,ropa,1,18.458507,-97.387035,https://mitehuacan.mx/?ruta=8
2,Venta De Ropa Sin Nombre,ropa,1,18.459567,-97.389484,https://mitehuacan.mx/?ruta=8
2,Venta De Ropa Y Discos,ropa,1,18.456201,-97.399872,https://mitehuacan.mx/?ruta=8
2,Venta De Ropa Y Novedades Sin Nombre,ropa,1,18.456201,-97.399872,https://mitehuacan.mx/?ruta=8
2,Benit,ropa,2,18.460362,-97.410918,https://mitehuacan.mx/?ruta=8
2,Tienda De Bolsas De Mano Nico,ropa,2,18.460505,-97.417013,https://mitehuacan.mx/?ruta=8
2,Tienda De Ropa De Hombre Sin Nombre,ropa,2,18.458559,-97.388114,https://mitehuacan.mx/?ruta=8
2,Tienda De Ropa Gala,ropa,2,18.456635,-97.392885,https://mitehuacan.mx/?ruta=8
2,Tienda De Ropa Para Mujer Dovi Fashion,ropa,2,18.460832,-97.388531,https://mitehuacan.mx/?ruta=8
2,Tienda De Ropa Rock Shop,ropa,2,18.460851,-97.389128,https://mitehuacan.mx/?ruta=8
2,Tienda De Ropa Sin Nombre,ropa,2,18.458558,-97.388086,https://mitehuacan.mx/?ruta=8
2,Venta De Camisas Señor Camisas,ropa,2,18.460846,-97.388986,https://mitehuacan.mx/?ruta=8
2,Venta De Mochilas Equipajes Y Mochilas Vagabundo,ropa,2,18.45868,-97.39144,https://mitehuacan.mx/?ruta=8
2,Venta De Ropa,ropa,2,18.460501,-97.416881,https://mitehuacan.mx/?ruta=8
2,Venta De Ropa De Dama Sin Nombre,ropa,2,18.460846,-97.388967,https://mitehuacan.mx/?ruta=8
2,Venta De Ropa Para Caballero Moda Para Ti,ropa,2,18.458852,-97.389495,https://mitehuacan.mx/?ruta=8
2,Venta De Ropa Para Dama,ropa,2,18.458753,-97.389497,https://mitehuacan.mx/?ruta=8
2,Venta De Ropa Para Dama Sin Nombre,ropa,2,18.460843,-97.388891,https://mitehuacan.mx/?ruta=8
2,Venta De Ropa Sin Hombre,ropa,2,18.458541,-97.387745,https://mitehuacan.mx/?ruta=8
2,Venta De Ropa Sin Nombre,ropa,2,18.458678,-97.391383,https://mitehuacan.mx/?ruta=8
2,Venta De Ropa Sin Nombre,ropa,2,18.458541,-97.387745,https://mitehuacan.mx/?ruta=8
2,Venta De Ropa Y Refresco,ropa,2,18.458916,-97.389494,https://mitehuacan.mx/?ruta=8
2,Boutique Dc Jeans,ropa,3,18.456572,-97.389543,https://mitehuacan.mx/?ruta=8
2,Bouty Gabriela,ropa,3,18.460241,-97.409423,https://mitehuacan.mx/?ruta=8
2,Compra Venta De Ropa Para Bebe Sin Nombre,ropa,3,18.458627,-97.389915,https://mitehuacan.mx/?ruta=8
2,Compra Venta De Ropa Para Dama Creaciones Am,ropa,3,18.458619,-97.389744,https://mitehuacan.mx/?ruta=8
2,Grupo Maquilador Jamir,ropa,3,18.455062,-97.389582,https://mitehuacan.mx/?ruta=8
2,Novedades El Capis,ropa,3,18.458585,-97.388654,https://mitehuacan.mx/?ruta=8
2,Ropa Casual City Jeans,ropa,3,18.457206,-97.389528,https://mitehuacan.mx/?ruta=8
2,Tienda De Ropa Jeñans World,ropa,3,18.457029,-97.400935,https://mitehuacan.mx/?ruta=8
2,Tienda De Ropa Sin Nombre,ropa,3,18.457233,-97.389528,https://mitehuacan.mx/?ruta=8
2,Venta De Ropa Modas Capricho,ropa,3,18.458666,-97.391052,https://mitehuacan.mx/?ruta=8
2,Venta De Ropa Sin Nombre,ropa,3,18.4584,-97.385082,https://mitehuacan.mx/?ruta=8
2,Venta De Ropa Sin Nombre,ropa,3,18.45859,-97.388749,https://mitehuacan.mx/?ruta=8
2,Venta De Ropa Sin Nombre,ropa,3,18.458567,-97.388275,https://mitehuacan.mx/?ruta=8
2,Venta De Ropa,ropa,4,18.460234,-97.409072,https://mitehuacan.mx/?ruta=8
2,Deshebrado De Prenda,ropa,5,18.460289,-97.426613,https://mitehuacan.mx/?ruta=8
2,Venta De Ropa Para Dama,ropa,5,18.458382,-97.385083,https://mitehuacan.mx/?ruta=8
2,Taller De Costura Suenpro,ropa,6,18.461398,-97.426339,https://mitehuacan.mx/?ruta=8
2,Venta De Ropa Para Dama,ropa,6,18.456899,-97.399858,https://mitehuacan.mx/?ruta=8
2,Venta De Ropa Sin Nombre,ropa,6,18.460719,-97.387273,https://mitehuacan.mx/?ruta=8
2,Venta De Ropa De Hombre Sin Nombre,ropa,7,18.460706,-97.38697,https://mitehuacan.mx/?ruta=8
2,Venta De Ropa Sin Nombre,ropa,7,18.456917,-97.400427,https://mitehuacan.mx/?ruta=8
2,Venta De Ropa Sin Nombre,ropa,7,18.460676,-97.385842,https://mitehuacan.mx/?ruta=8
2,Venta De Ropa De Dama Sin Nombre,ropa,8,18.460738,-97.388316,https://mitehuacan.mx/?ruta=8
2,Bodega De Ropa Sin Nombre,ropa,9,18.45836,-97.385559,https://mitehuacan.mx/?ruta=8
2,Diseños Y Confecciones Mc,ropa,9,18.456302,-97.400931,https://mitehuacan.mx/?ruta=8
2,Mercader Ramos,ropa,9,18.460748,-97.388908,https://mitehuacan.mx/?ruta=8
2,Rafaelos Jeans,ropa,9,18.460758,-97.389283,https://mitehuacan.mx/?ruta=8
2,Boutique Chalitas,ropa,10,18.458875,-97.394745,https://mitehuacan.mx/?ruta=8
2,Boutique Paty,ropa,10,18.458876,-97.394783,https://mitehuacan.mx/?ruta=8
2,Tienda De Ropa Sin Nombre,ropa,10,18.458846,-97.393797,https://mitehuacan.mx/?ruta=8
2,Tienda De Ropa Sin Nombre,ropa,10,18.458879,-97.39502,https://mitehuacan.mx/?ruta=8
2,Venta De Pantalones Yhir,ropa,10,18.458906,-97.395967,https://mitehuacan.mx/?ruta=8
2,Venta De Ropa Para Dama Y Caballero Sin Nombre,ropa,10,18.458531,-97.385421,https://mitehuacan.mx/?ruta=8
2,Venta De Ropa Para Dama Y Gorras Yoselin,ropa,10,18.458725,-97.389608,https://mitehuacan.mx/?ruta=8
2,Boutique Paseo Hidalgo,ropa,11,18.45882,-97.393048,https://mitehuacan.mx/?ruta=8
2,Venta De Ropa Para Bebe Travesuras,ropa,11,18.460279,-97.389374,https://mitehuacan.mx/?ruta=8
2,Venta De Ropa Rags,ropa,11,18.460207,-97.389375,https://mitehuacan.mx/?ruta=8
2,Venta De Ropa Yared,ropa,11,18.456625,-97.394896,https://mitehuacan.mx/?ruta=8
2,Boutique De Ropa Bonita El Pelon,ropa,12,18.460426,-97.417453,https://mitehuacan.mx/?ruta=8
2,Venta De Ropa Juvenil Para Dama Sin Nombre,ropa,12,18.459601,-97.389382,https://mitehuacan.mx/?ruta=8
2,Venta De Ropa Para Caballeros Estilo Y Cultura 238,ropa,12,18.458604,-97.386823,https://mitehuacan.mx/?ruta=8
2,Venta De Ropa Sin Nombre,ropa,12,18.458609,-97.387022,https://mitehuacan.mx/?ruta=8
2,Compra Y Venta De Ropa Sin Nombre,ropa,13,18.457311,-97.389431,https://mitehuacan.mx/?ruta=8
2,Venta De Mochilas Sin Nombre,ropa,13,18.458768,-97.389392,https://mitehuacan.mx/?ruta=8
2,Venta De Ropa Para Niño El Rincon De Los Peques,ropa,13,18.458779,-97.391408,https://mitehuacan.mx/?ruta=8
2,Venta De Ropa Sin Nombre,ropa,13,18.45713,-97.389437,https://mitehuacan.mx/?ruta=8
2,Bodega De Ropa Sin Nombre,ropa,14,18.458315,-97.385559,https://mitehuacan.mx/?ruta=8
2,Novedades Zoe,ropa,14,18.458187,-97.382295,https://mitehuacan.mx/?ruta=8
2,Tienda De Ropa Infantil Sin Nombre,ropa,14,18.458765,-97.391048,https://mitehuacan.mx/?ruta=8
2,Tienda De Ropa Para Dama Sin Nombre,ropa,14,18.458773,-97.391246,https://mitehuacan.mx/?ruta=8
2,Uniformes Deportivos Flomar,ropa,14,18.458758,-97.390783,https://mitehuacan.mx/?ruta=8
2,Venta De Ropa Para Caballero Modas Fikshion,ropa,14,18.459937,-97.389624,https://mitehuacan.mx/?ruta=8
2,Venta De Ropa Para Dama Sin Nombre,ropa,14,18.458767,-97.391105,https://mitehuacan.mx/?ruta=8
2,Venta De Ropa Para Hombre Sin Nombre,ropa,14,18.458753,-97.390575,https://mitehuacan.mx/?ruta=8
2,Venta De Ropa Sin Nombre,ropa,14,18.45877,-97.391181,https://mitehuacan.mx/?ruta=8
2,Venta De Ropa Sin Nombre,ropa,14,18.458726,-97.389646,https://mitehuacan.mx/?ruta=8
2,Venta De Ropa Y Uniformes Azzurri,ropa,14,18.458758,-97.390764,https://mitehuacan.mx/?ruta=8
2,Venta De Ropa En General Modas Livey,ropa,15,18.458748,-97.390366,https://mitehuacan.mx/?ruta=8
2,Venta De Ropa En General Modas Morales,ropa,15,18.45875,-97.390423,https://mitehuacan.mx/?ruta=8
2,Venta De Ropa Para Caballero Be Rektro,ropa,15,18.45873,-97.38975,https://mitehuacan.mx/?ruta=8
2,Venta De Ropa Para Caballero Y Accesorios Sin Nombre,ropa,15,18.458743,-97.390167,https://mitehuacan.mx/?ruta=8
2,Venta De Ropa Para Dama D Moda,ropa,15,18.458744,-97.390184,https://mitehuacan.mx/?ruta=8
2,Venta De Ropa Para Dama Sin Nombre,ropa,15,18.458735,-97.389911,https://mitehuacan.mx/?ruta=8
2,Venta De Ropa Para Niño Y Niña Sin Nombre,ropa,15,18.458701,-97.388878,https://mitehuacan.mx/?ruta=8
2,Venta De Ropa Sin Nombre,ropa,15,18.458739,-97.390044,https://mitehuacan.mx/?ruta=8
2,Venta De Ropa Sol Mery,ropa,15,18.458738,-97.389996,https://mitehuacan.mx/?ruta=8
2,Lam Boutique,ropa,16,18.458719,-97.389219,https://mitehuacan.mx/?ruta=8
2,Novedades Koy,ropa,16,18.457719,-97.379432,https://mitehuacan.mx/?ruta=8
2,Ross Braa Venta De Ropa Para Dama,ropa,16,18.458719,-97.389209,https://mitehuacan.mx/?ruta=8
2,Venta De Ropa Novedades Cristy,ropa,16,18.45872,-97.389228,https://mitehuacan.mx/?ruta=8
2,Compra Venta De Ropa Para Dama Novedades Angeles,ropa,17,18.458459,-97.390239,https://mitehuacan.mx/?ruta=8
2,Confecciones Alarcon,ropa,17,18.46089,-97.385982,https://mitehuacan.mx/?ruta=8
2,Venta De Ropa Nueva Sin Nombre,ropa,18,18.458218,-97.383891,https://mitehuacan.mx/?ruta=8
2,Venta De Ropa Pekes,ropa,18,18.458605,-97.394127,https://mitehuacan.mx/?ruta=8
2,Venta De Tines Y Cortinas Sin Nombre,ropa,18,18.458218,-97.383891,https://mitehuacan.mx/?ruta=8
2,Uniformes Abraham,ropa,19,18.458801,-97.390755,https://mitehuacan.mx/?ruta=8
2,Venta De Ropa De. Dama Novedades Marsy,ropa,21,18.46103,-97.389339,https://mitehuacan.mx/?ruta=8
2,Venta De Ropa Para Dama Sin Nombre,ropa,22,18.460874,-97.389668,https://mitehuacan.mx/?ruta=8
2,Tienda De Ropa Shein,ropa,23,18.458451,-97.39147,https://mitehuacan.mx/?ruta=8
2,Venta De Ropa Caballero,ropa,23,18.461052,-97.389469,https://mitehuacan.mx/?ruta=8
2,Venta De Ropa De Caballero Sin Nombre,ropa,24,18.458846,-97.390755,https://mitehuacan.mx/?ruta=8
2,Venta De Ropa Para Niño Y Niña Interior Y Exterior Leon De J,ropa,24,18.458843,-97.39067,https://mitehuacan.mx/?ruta=8
2,Venta De Ropa Sin Nombre,ropa,24,18.458551,-97.394127,https://mitehuacan.mx/?ruta=8
2,Venta De Uniformes Escolares Azul Garflo,ropa,24,18.460552,-97.387058,https://mitehuacan.mx/?ruta=8
2,Taller De Costura De Vestido Sin Nombre,ropa,26,18.453222,-97.389512,https://mitehuacan.mx/?ruta=8
2,Venta De Ropa En General El Divino Niño,ropa,29,18.458889,-97.390669,https://mitehuacan.mx/?ruta=8
2,Modas Kary,ropa,30,18.456491,-97.392235,https://mitehuacan.mx/?ruta=8
2,Venta De Ropa Sin Nombre,ropa,31,18.458909,-97.390754,https://mitehuacan.mx/?ruta=8
2,Candido Terminados De Maquilas,ropa,32,18.457133,-97.39748,https://mitehuacan.mx/?ruta=8
2,Venta De Ropa De Dama Modas Jaky,ropa,32,18.461129,-97.389342,https://mitehuacan.mx/?ruta=8
2,Venta De Ropa Para Dama Queen Fashion,ropa,32,18.458916,-97.390669,https://mitehuacan.mx/?ruta=8
2,Venta De Ropa Shein,ropa,33,18.4582,-97.387113,https://mitehuacan.mx/?ruta=8
2,Venta De Ropa Modas Eben Ezer,ropa,35,18.458945,-97.390754,https://mitehuacan.mx/?ruta=8
2,Venta De Jeans Darling,ropa,36,18.458381,-97.392721,https://mitehuacan.mx/?ruta=8
2,Boutique Maya,ropa,38,18.459179,-97.3966,https://mitehuacan.mx/?ruta=8
2,Novedades Gallito,ropa,38,18.459882,-97.427812,https://mitehuacan.mx/?ruta=8
2,Maquila De Pantalon,ropa,40,18.455558,-97.392333,https://mitehuacan.mx/?ruta=8
2,Venta De Ropa De Caballero Sin Nombre,ropa,41,18.461211,-97.389344,https://mitehuacan.mx/?ruta=8
2,Venta De Zapatos Pantalones,ropa,41,18.4607,-97.389858,https://mitehuacan.mx/?ruta=8
2,Llanish Shop,ropa,43,18.455511,-97.39001,https://mitehuacan.mx/?ruta=8
2,Tienda De Ropa Hojas De Parra,ropa,43,18.455511,-97.39001,https://mitehuacan.mx/?ruta=8
2,20S Box Venta De Ropa Y Accesorios Para Caballeros,ropa,45,18.456402,-97.396674,https://mitehuacan.mx/?ruta=8
2,Porto Blanco,ropa,45,18.456402,-97.396674,https://mitehuacan.mx/?ruta=8
2,Shallon Best Venta De Ropa Para Dama,ropa,45,18.456402,-97.396674,https://mitehuacan.mx/?ruta=8
2,Venta De Ropa Sin Nombre,ropa,47,18.459084,-97.391444,https://mitehuacan.mx/?ruta=8
2,Venta De Ropa De Niño Y Niña Novedades Nicol,ropa,48,18.459061,-97.390669,https://mitehuacan.mx/?ruta=8
2,Boutique Luna,ropa,49,18.455992,-97.392769,https://mitehuacan.mx/?ruta=8
2,Venta De Ropa De Dama Sin Nombre,ropa,49,18.459072,-97.390754,https://mitehuacan.mx/?ruta=8
2,Venta De Ropa Sin Nombre,ropa,49,18.459072,-97.390754,https://mitehuacan.mx/?ruta=8
2,Modas Morales,ropa,50,18.459081,-97.390754,https://mitehuacan.mx/?ruta=8
2,Venta De Articulos Varios,ropa,50,18.461296,-97.389467,https://mitehuacan.mx/?ruta=8
2,Venta De Ropa Infantil,ropa,50,18.459081,-97.390754,https://mitehuacan.mx/?ruta=8
2,Supreme Destroyer Venta De Ropa Casual,ropa,52,18.458897,-97.385053,https://mitehuacan.mx/?ruta=8
2,F & F Boutique,ropa,53,18.456475,-97.391951,https://mitehuacan.mx/?ruta=8
2,Moda Coquette,ropa,53,18.456475,-97.391951,https://mitehuacan.mx/?ruta=8
2,Venta De Ropa Para Dama Sin Nombre,ropa,53,18.459142,-97.391557,https://mitehuacan.mx/?ruta=8
2,Grupo Maquilador Mere,ropa,55,18.452923,-97.389987,https://mitehuacan.mx/?ruta=8
2,Novedades Lupita,ropa,56,18.46135,-97.389466,https://mitehuacan.mx/?ruta=8
2,Venta De Ropa Sin Nombre,ropa,56,18.46021,-97.385052,https://mitehuacan.mx/?ruta=8
2,Deshebrado Sin Nombre,ropa,57,18.461209,-97.42681,https://mitehuacan.mx/?ruta=8
2,Venta De Ropa De Bebe Sin Nombre,ropa,57,18.459145,-97.390753,https://mitehuacan.mx/?ruta=8
2,Venta De Ropa Para Dama Newconcept,ropa,58,18.461296,-97.387111,https://mitehuacan.mx/?ruta=8
2,Venta De Cinturones Sin Nombre,ropa,59,18.45916,-97.390668,https://mitehuacan.mx/?ruta=8
2,Creaciones Mayel,ropa,61,18.45901,-97.385822,https://mitehuacan.mx/?ruta=8
2,Venta De Playeras Sin Nombre,ropa,61,18.459178,-97.390668,https://mitehuacan.mx/?ruta=8
2,Venta De Ropa Mava,ropa,61,18.455811,-97.392772,https://mitehuacan.mx/?ruta=8
2,Venta Deropa,ropa,62,18.45919,-97.390753,https://mitehuacan.mx/?ruta=8
2,Venta De Vestidos Infantiles Britany,ropa,64,18.459206,-97.390668,https://mitehuacan.mx/?ruta=8
2,Uniformes Empresariales Cocktel,ropa,67,18.457303,-97.394178,https://mitehuacan.mx/?ruta=8
2,Venta De Ropa Infantil Key Fashion,ropa,67,18.459235,-97.390753,https://mitehuacan.mx/?ruta=8
2,Tienda De Ropa Mode Star,ropa,68,18.45928,-97.391554,https://mitehuacan.mx/?ruta=8
2,Modas Para,ropa,69,18.459253,-97.390753,https://mitehuacan.mx/?ruta=8
2,"Comercio Al Por Menor De Ropa, Excepto De Bebé Y Lencería Si",ropa,70,18.4578,-97.402725,https://mitehuacan.mx/?ruta=8
2,Venta De Ropa De Mezclilla Sin Nombre,ropa,70,18.457795,-97.385128,https://mitehuacan.mx/?ruta=8
2,Venta De Ropa Sin Nombre,ropa,70,18.461403,-97.387035,https://mitehuacan.mx/?ruta=8
2,Venta De Ropa De Dama Sin Nombre,ropa,71,18.461483,-97.389351,https://mitehuacan.mx/?ruta=8
2,Venta De Ropa Sin Nombre,ropa,72,18.460065,-97.385062,https://mitehuacan.mx/?ruta=8
2,Tienda De Ropa De Dama Sin Nombre,ropa,74,18.45933,-97.391553,https://mitehuacan.mx/?ruta=8
2,Venta De Bazar Sin Nombre,ropa,74,18.457712,-97.383922,https://mitehuacan.mx/?ruta=8
2,Tienda De Bolsas Y Mochilas Mb,ropa,78,18.459365,-97.391439,https://mitehuacan.mx/?ruta=8
2,Venta De Ropa Kids,ropa,78,18.461494,-97.389752,https://mitehuacan.mx/?ruta=8
2,Alexa Jeans,ropa,79,18.461494,-97.389771,https://mitehuacan.mx/?ruta=8
2,Mesa De Corte De Telas,ropa,80,18.454056,-97.391624,https://mitehuacan.mx/?ruta=8
2,Oficinas Johans,ropa,80,18.455837,-97.393025,https://mitehuacan.mx/?ruta=8
2,Winik Tienda De Ropa Para Caballero,ropa,81,18.457965,-97.392444,https://mitehuacan.mx/?ruta=8
2,Venta De Ropa Modas Valeria,ropa,82,18.461572,-97.389588,https://mitehuacan.mx/?ruta=8
2,Venta De Ropa Para Mujer Sin Nombre,ropa,82,18.457686,-97.385137,https://mitehuacan.mx/?ruta=8
2,Aitana Boutique,ropa,83,18.457982,-97.393297,https://mitehuacan.mx/?ruta=8
2,Taller De Maquila Sin Nombre,ropa,84,18.455885,-97.398117,https://mitehuacan.mx/?ruta=8
2,Tienda De Ropa 8 24,ropa,84,18.461496,-97.389875,https://mitehuacan.mx/?ruta=8
2,Venta De Ropa Infantil,ropa,84,18.459389,-97.390752,https://mitehuacan.mx/?ruta=8
2,Venta De Ropa Sin Nombre,ropa,86,18.45765,-97.385139,https://mitehuacan.mx/?ruta=8
2,Venta De Uniformes Escolares Sin Nombre,ropa,86,18.459407,-97.390752,https://mitehuacan.mx/?ruta=8
2,Exodos Moda,ropa,87,18.461631,-97.389464,https://mitehuacan.mx/?ruta=8
2,Mochilas Y Regalos Sin Nombre,ropa,87,18.460783,-97.390288,https://mitehuacan.mx/?ruta=8
2,Venta De Ropa Americana Y Decoracion Con.Amorteh,ropa,87,18.457697,-97.386651,https://mitehuacan.mx/?ruta=8
2,Manufacturas Centenario,ropa,88,18.455857,-97.393364,https://mitehuacan.mx/?ruta=8
2,Taller De Costura,ropa,88,18.459933,-97.385477,https://mitehuacan.mx/?ruta=8
2,Venta De Ropa Interior Sin Nombre,ropa,89,18.45815,-97.407843,https://mitehuacan.mx/?ruta=8
2,Boneteria Y Lenceria Intimos,ropa,90,18.461658,-97.389463,https://mitehuacan.mx/?ruta=8
2,Tienda De Ropa Sin Nombre,ropa,90,18.456999,-97.390415,https://mitehuacan.mx/?ruta=8
2,Venta De Ropa Autentica,ropa,90,18.461658,-97.389463,https://mitehuacan.mx/?ruta=8
2,Venta De Ropa Para Dama Oh My God,ropa,90,18.461658,-97.389463,https://mitehuacan.mx/?ruta=8
2,Tienda De Ropa Y Accesorios Sin Nombre,ropa,91,18.461445,-97.418387,https://mitehuacan.mx/?ruta=8
2,Venta De Ropa Rvainzs Collection,ropa,91,18.460892,-97.390322,https://mitehuacan.mx/?ruta=8
2,Tienda De Mochilas,ropa,92,18.461576,-97.389882,https://mitehuacan.mx/?ruta=8
2,Venta De Ropa Para Caballero Sin Nombre,ropa,92,18.457596,-97.385144,https://mitehuacan.mx/?ruta=8
2,Taller Decostura Industrial Confemex,ropa,94,18.455642,-97.390481,https://mitehuacan.mx/?ruta=8
2,Venta Cinturones Juquilita,ropa,94,18.460893,-97.390351,https://mitehuacan.mx/?ruta=8
2,Venta De Ropa Creaciones En Tu Moda,ropa,94,18.461498,-97.390027,https://mitehuacan.mx/?ruta=8
2,Venta De Ropa Para Dama Minguis,ropa,95,18.461498,-97.390046,https://mitehuacan.mx/?ruta=8
2,Confecciones Mazara,ropa,96,18.455832,-97.39426,https://mitehuacan.mx/?ruta=8
2,Maquiladora Sin Nombre,ropa,96,18.458901,-97.42885,https://mitehuacan.mx/?ruta=8
2,O Y F Diseños,ropa,97,18.459538,-97.420879,https://mitehuacan.mx/?ruta=8
2,Venta De Ropa Juniors,ropa,97,18.461498,-97.390074,https://mitehuacan.mx/?ruta=8
2,Venta De Ropa Sin Nombre,ropa,97,18.457551,-97.385147,https://mitehuacan.mx/?ruta=8
2,Tienda De Ropa Para Caballero,ropa,98,18.457468,-97.392439,https://mitehuacan.mx/?ruta=8
2,Venta De Ropa Modas Zoe,ropa,98,18.461731,-97.389463,https://mitehuacan.mx/?ruta=8
2,Venta De Ropa Sin Nombre,ropa,98,18.457542,-97.385148,https://mitehuacan.mx/?ruta=8
2,Venta De Tines Y Ropa Interior,ropa,98,18.459513,-97.390666,https://mitehuacan.mx/?ruta=8
2,Ferma Uniformes,ropa,99,18.457767,-97.391581,https://mitehuacan.mx/?ruta=8
2,Venta De Ropa Sin Nombre,ropa,99,18.461578,-97.389996,https://mitehuacan.mx/?ruta=8
2,Compra Y Venta De Ropa Bordados Amor,ropa,100,18.454771,-97.388666,https://mitehuacan.mx/?ruta=8
2,Venta De Cinturones Cinturon Casual,ropa,101,18.45954,-97.390666,https://mitehuacan.mx/?ruta=8
2,Venta De Mandiles Ropa Para Niños E Hilos,ropa,101,18.457468,-97.383937,https://mitehuacan.mx/?ruta=8
2,Venta De Ropa Para Dama Sin Nombre,ropa,101,18.457515,-97.38515,https://mitehuacan.mx/?ruta=8
2,Puesto De Zapatos Usada De Sin Nombre,ropa,103,18.457497,-97.385151,https://mitehuacan.mx/?ruta=8
2,Tienda De Ropa Pretty Woman,ropa,103,18.453134,-97.38872,https://mitehuacan.mx/?ruta=8
2,Venta De Ropa De Caballero The Juniors,ropa,103,18.453564,-97.391515,https://mitehuacan.mx/?ruta=8
2,Venta De Ropa Sin Nombre,ropa,103,18.45745,-97.383938,https://mitehuacan.mx/?ruta=8
2,Venta De Ropa Creaciones En Tu Moda,ropa,104,18.459567,-97.390666,https://mitehuacan.mx/?ruta=8
2,Venta De Ropa Nueva Para Mujer Sin Nombre,ropa,104,18.457488,-97.385152,https://mitehuacan.mx/?ruta=8
2,Modas Nicole,ropa,105,18.459579,-97.390751,https://mitehuacan.mx/?ruta=8
2,Taller De Costura Sin Nombre,ropa,105,18.459805,-97.386374,https://mitehuacan.mx/?ruta=8
2,Venta De Ropa Para Dama Sin Nombre,ropa,106,18.45747,-97.385153,https://mitehuacan.mx/?ruta=8
2,El Corcel De Oro,ropa,107,18.459597,-97.390751,https://mitehuacan.mx/?ruta=8
2,Tienda De Ropa Pekes,ropa,107,18.461579,-97.390124,https://mitehuacan.mx/?ruta=8
2,Venta De Ropa De Bebe Valery,ropa,107,18.461579,-97.390119,https://mitehuacan.mx/?ruta=8
2,Venta De Ropa Sin Nombre Camisas Palesaye,ropa,109,18.457453,-97.385507,https://mitehuacan.mx/?ruta=8
2,Venta De Ropa Y Lenceria Reciclando Trapos,ropa,109,18.460896,-97.390496,https://mitehuacan.mx/?ruta=8
2,Venta De Ropa Para Dama Y Caballero,ropa,110,18.459654,-97.391433,https://mitehuacan.mx/?ruta=8
2,Venta De Ropa Para Caballero Y Niño,ropa,111,18.457424,-97.385157,https://mitehuacan.mx/?ruta=8
2,Boutique Gloria,ropa,112,18.459272,-97.411334,https://mitehuacan.mx/?ruta=8
2,Boutique Ropa Y Novedades Nelly,ropa,112,18.459391,-97.383748,https://mitehuacan.mx/?ruta=8
2,Venta De Ropa En General Centro Comercial De Tehuacan,ropa,112,18.460789,-97.390525,https://mitehuacan.mx/?ruta=8
2,Venta De Ropa Sin Nombre,ropa,112,18.457415,-97.385158,https://mitehuacan.mx/?ruta=8
2,Venta De Ropa Sin Nombre,ropa,112,18.457486,-97.387144,https://mitehuacan.mx/?ruta=8
2,Creaciones En Tu Moda,ropa,113,18.457406,-97.385158,https://mitehuacan.mx/?ruta=8
2,Deshebrado Sn,ropa,113,18.458329,-97.408738,https://mitehuacan.mx/?ruta=8
2,Ropa De Bebe Sin Nombre,ropa,113,18.457406,-97.385158,https://mitehuacan.mx/?ruta=8
2,Venta De Ropa Fina Para Dama Sin Nombre,ropa,113,18.459649,-97.390666,https://mitehuacan.mx/?ruta=8
2,Bodega De Ropa Colette Fashion,ropa,114,18.461501,-97.390292,https://mitehuacan.mx/?ruta=8
2,Bodega De Ropa Yanabel Colette,ropa,114,18.461501,-97.390292,https://mitehuacan.mx/?ruta=8
2,Venta De Ropa Monse,ropa,114,18.461581,-97.390223,https://mitehuacan.mx/?ruta=8
2,Venta De Ropa Si Nombre,ropa,114,18.461581,-97.390223,https://mitehuacan.mx/?ruta=8
2,Taller De Costura Multi Estilos Sin Nombre,ropa,116,18.459517,-97.38607,https://mitehuacan.mx/?ruta=8
2,Tienda De Bolsas Y Mochilas Eva,ropa,116,18.459709,-97.391432,https://mitehuacan.mx/?ruta=8
2,Tienda De Ropa Infantil Sin Nombre,ropa,116,18.459709,-97.391432,https://mitehuacan.mx/?ruta=8
2,Maquiladora Sin Nombre,ropa,117,18.462817,-97.42448,https://mitehuacan.mx/?ruta=8
2,Venta De Ropa Interior Para Dama,ropa,117,18.457371,-97.38516,https://mitehuacan.mx/?ruta=8
2,Venta De Ropa Sin Nombre,ropa,117,18.457379,-97.38528,https://mitehuacan.mx/?ruta=8
2,Deshebrado Deprenda De Vestir,ropa,118,18.46266,-97.425433,https://mitehuacan.mx/?ruta=8
2,Deshebrado Sin Nombre,ropa,118,18.46266,-97.425433,https://mitehuacan.mx/?ruta=8
2,Maquiladora Tehuantepec,ropa,118,18.462714,-97.425137,https://mitehuacan.mx/?ruta=8
2,Puesto De Ropa Sin Nombre,ropa,118,18.457315,-97.383946,https://mitehuacan.mx/?ruta=8
2,Venta De Ropa De Caballero Sin Nombre,ropa,118,18.457362,-97.385159,https://mitehuacan.mx/?ruta=8
2,Venta De Ropa Nueva Sin Nombre,ropa,118,18.457362,-97.385159,https://mitehuacan.mx/?ruta=8
2,Venta De Ropa Y Estanteria Sin Nombre,ropa,118,18.457396,-97.386019,https://mitehuacan.mx/?ruta=8
2,Venta De Pantalones Sin Nombre,ropa,120,18.459358,-97.400066,https://mitehuacan.mx/?ruta=8
2,Venta De Ropa Sin Nombre,ropa,120,18.457344,-97.385159,https://mitehuacan.mx/?ruta=8
2,Venta De Ropa,ropa,121,18.459724,-97.390751,https://mitehuacan.mx/?ruta=8
2,Venta De Ropa Para Toda La Familia,ropa,121,18.459454,-97.418023,https://mitehuacan.mx/?ruta=8
2,Bodega Venta De Rpa Mia Clection,ropa,122,18.461582,-97.390318,https://mitehuacan.mx/?ruta=8
2,Taller Terminado De Camisa Sin Nombre,ropa,122,18.452639,-97.388825,https://mitehuacan.mx/?ruta=8
2,Venta De Ropa De Dama,ropa,122,18.459763,-97.391431,https://mitehuacan.mx/?ruta=8
2,Venta De Ropa Infantil Sin Nombre,ropa,124,18.459767,-97.390665,https://mitehuacan.mx/?ruta=8
2,Venta De Ropa Mia Colection,ropa,124,18.461582,-97.390346,https://mitehuacan.mx/?ruta=8
2,Venta De Ropa Sin Nombre,ropa,124,18.457558,-97.391981,https://mitehuacan.mx/?ruta=8
2,Almacenes Flores B,ropa,125,18.4609,-97.390644,https://mitehuacan.mx/?ruta=8
2,Creaciones El Guero,ropa,125,18.460292,-97.390664,https://mitehuacan.mx/?ruta=8
2,Ropa De Caballero Be Rektro,ropa,125,18.460409,-97.390664,https://mitehuacan.mx/?ruta=8
2,Venta De Ropa Infantil Angelitos,ropa,125,18.460274,-97.390664,https://mitehuacan.mx/?ruta=8
2,Venta De Ropa Mb Jeans,ropa,125,18.460437,-97.390664,https://mitehuacan.mx/?ruta=8
2,Venta De Ropa Modas Rocio,ropa,125,18.460328,-97.390664,https://mitehuacan.mx/?ruta=8
2,Venta De Ropa Para Dama Be Rektro,ropa,125,18.460355,-97.390664,https://mitehuacan.mx/?ruta=8
2,Venta De Ropa Para Dama Creativa,ropa,125,18.460364,-97.390664,https://mitehuacan.mx/?ruta=8
2,Venta De Ropa Y Lenceria,ropa,125,18.460337,-97.390664,https://mitehuacan.mx/?ruta=8
2,Bazar De Ropa Zapatos Y Chacharas Sin Nombre,ropa,126,18.455527,-97.388401,https://mitehuacan.mx/?ruta=8
2,Ropa Para Hombre Sin Nombre,ropa,126,18.460735,-97.390664,https://mitehuacan.mx/?ruta=8
2,Venta De Cinturones Cinturon Casual,ropa,126,18.460464,-97.390664,https://mitehuacan.mx/?ruta=8
2,Venta De Cinturones Sin Nombre,ropa,126,18.460772,-97.390664,https://mitehuacan.mx/?ruta=8
2,Venta De Ropa Infantil Modas Nicol,ropa,126,18.460545,-97.390664,https://mitehuacan.mx/?ruta=8
2,Venta De Ropa Para Bebe,ropa,126,18.460545,-97.390664,https://mitehuacan.mx/?ruta=8
2,Venta De Ropa Para Caballero Be Rektro,ropa,126,18.460753,-97.390664,https://mitehuacan.mx/?ruta=8
2,Venta De Ropa Para Caballero Fashion Mens,ropa,126,18.461583,-97.390365,https://mitehuacan.mx/?ruta=8
2,Venta De Ropa Para Dama Modas Reynita,ropa,126,18.460609,-97.390664,https://mitehuacan.mx/?ruta=8
2,Venta De Tines Kal C Tin,ropa,126,18.460772,-97.390664,https://mitehuacan.mx/?ruta=8
2,Venta De Ropa Moda Bella,ropa,127,18.461503,-97.390453,https://mitehuacan.mx/?ruta=8
2,Venta De Ropa De Bebe Sin Nombre,ropa,128,18.459787,-97.39075,https://mitehuacan.mx/?ruta=8
2,Venta De Ropa Para Bebe Sin Nombre,ropa,128,18.457225,-97.383957,https://mitehuacan.mx/?ruta=8
2,Venta De Interior,ropa,129,18.46107,-97.390667,https://mitehuacan.mx/?ruta=8
2,Venta De Ropa Modas Rubi,ropa,129,18.461043,-97.390667,https://mitehuacan.mx/?ruta=8
2,Venta De Ropa Para Trabajo Sin Nombre,ropa,129,18.457215,-97.383957,https://mitehuacan.mx/?ruta=8
2,El Machetazo,ropa,130,18.459806,-97.39075,https://mitehuacan.mx/?ruta=8
2,Venta De Uniformes Filipinas Y Medicos Cerebro,ropa,130,18.45549,-97.393635,https://mitehuacan.mx/?ruta=8
2,Tienda De Ropa Oh My Good,ropa,131,18.456531,-97.391067,https://mitehuacan.mx/?ruta=8
2,Venta De Ropa Para Dama Creaciones Mariyer,ropa,131,18.459844,-97.39143,https://mitehuacan.mx/?ruta=8
2,Venta De Ropa Novedades Lucy,ropa,132,18.461161,-97.390666,https://mitehuacan.mx/?ruta=8
2,Venta De Ropa Sexy Moda,ropa,132,18.461504,-97.39051,https://mitehuacan.mx/?ruta=8
2,La Barata,ropa,133,18.459833,-97.39075,https://mitehuacan.mx/?ruta=8
2,Moda Rebel,ropa,133,18.460014,-97.390749,https://mitehuacan.mx/?ruta=8
2,Novedades Aldo,ropa,133,18.459977,-97.390749,https://mitehuacan.mx/?ruta=8
2,Ropa Para Bebe,ropa,133,18.460005,-97.390749,https://mitehuacan.mx/?ruta=8
2,Taller De Costura Sn,ropa,133,18.455707,-97.403618,https://mitehuacan.mx/?ruta=8
2,Tienda De Ropa Sin Nombre,ropa,133,18.457434,-97.390856,https://mitehuacan.mx/?ruta=8
2,Venta De Ropa Para Adulto,ropa,133,18.459869,-97.39075,https://mitehuacan.mx/?ruta=8
2,Venta De Ropa Para Bebe,ropa,133,18.459959,-97.39075,https://mitehuacan.mx/?ruta=8
2,Venta De Ropa Para Dama,ropa,133,18.459932,-97.39075,https://mitehuacan.mx/?ruta=8
2,Importaciones Marin,ropa,134,18.46015,-97.390749,https://mitehuacan.mx/?ruta=8
2,Maquiladora Sin Nombre,ropa,134,18.455631,-97.397506,https://mitehuacan.mx/?ruta=8
2,Novedades July,ropa,134,18.460421,-97.390749,https://mitehuacan.mx/?ruta=8
2,Tienda De Ropa Y Uniformes Mega Familia,ropa,134,18.46034,-97.390749,https://mitehuacan.mx/?ruta=8
2,Uniformes Premier,ropa,134,18.457447,-97.391377,https://mitehuacan.mx/?ruta=8
2,Venta De Mochilas,ropa,134,18.460104,-97.390749,https://mitehuacan.mx/?ruta=8
2,Venta De Ropa Para Caballero Bee Retro,ropa,134,18.460303,-97.390749,https://mitehuacan.mx/?ruta=8
2,Venta De Ropa Sin Nombre,ropa,134,18.460267,-97.390749,https://mitehuacan.mx/?ruta=8
2,Venta De Ropa Sin Nombre,ropa,134,18.460204,-97.390749,https://mitehuacan.mx/?ruta=8
2,Venta De Ropa Sin Nombre,ropa,134,18.461584,-97.39047,https://mitehuacan.mx/?ruta=8
2,Moda Infantil Juquilita,ropa,135,18.460575,-97.390749,https://mitehuacan.mx/?ruta=8
2,Modas Amy,ropa,135,18.460611,-97.390749,https://mitehuacan.mx/?ruta=8
2,Queen Fashuion,ropa,135,18.46053,-97.390749,https://mitehuacan.mx/?ruta=8
2,Revelacion Juvenil,ropa,135,18.46126,-97.390665,https://mitehuacan.mx/?ruta=8
2,Taller De Costura Sin Nombre,ropa,135,18.452476,-97.38883,https://mitehuacan.mx/?ruta=8
2,Tienda De Ropa Moda Rosy,ropa,135,18.461505,-97.390539,https://mitehuacan.mx/?ruta=8
2,Venta De Ropa Niño Y Niña Sol Mery,ropa,135,18.460756,-97.390749,https://mitehuacan.mx/?ruta=8
2,Venta De Ropa Sin Nombre,ropa,135,18.457161,-97.38396,https://mitehuacan.mx/?ruta=8
2,Venta De Ropa De Dama,ropa,136,18.462075,-97.38946,https://mitehuacan.mx/?ruta=8
2,Creaciones En Tu Moda,ropa,137,18.457143,-97.383961,https://mitehuacan.mx/?ruta=8
2,Creaciones En Tu Moda,ropa,138,18.460795,-97.390771,https://mitehuacan.mx/?ruta=8
2,Tienda De Ropa Yanabel Collete,ropa,139,18.461369,-97.390664,https://mitehuacan.mx/?ruta=8
2,Confecciones Sin Nombre,ropa,140,18.449161,-97.432807,https://mitehuacan.mx/?ruta=8
2,Sr. Camisas Tienda De Ropa,ropa,141,18.454635,-97.392802,https://mitehuacan.mx/?ruta=8
2,Venta De Ropa Modas Yolanda,ropa,141,18.461585,-97.390546,https://mitehuacan.mx/?ruta=8
2,Tienda De Mochilas Y Equipajes Vagabundo,ropa,142,18.4612,-97.390761,https://mitehuacan.mx/?ruta=8
2,Venta De Ropa Mujer Bonita,ropa,142,18.461506,-97.390615,https://mitehuacan.mx/?ruta=8
2,Venta De Ropa Para Niña Y Dama Sin Nombre,ropa,142,18.457098,-97.383964,https://mitehuacan.mx/?ruta=8
2,Venta De Ropa Samy,ropa,143,18.457146,-97.385512,https://mitehuacan.mx/?ruta=8
2,Maquiladora De Ropa De Mezclilla Para Dama Y Caballero Sin N,ropa,144,18.453494,-97.391947,https://mitehuacan.mx/?ruta=8
2,Moda Sofy,ropa,144,18.462017,-97.384931,https://mitehuacan.mx/?ruta=8
2,Tienda De Ropa Moda Bella,ropa,144,18.461245,-97.39076,https://mitehuacan.mx/?ruta=8
2,Tienda De Ropa Aditivo,ropa,145,18.459971,-97.391427,https://mitehuacan.mx/?ruta=8
2,Cordinados La Paz,ropa,146,18.451407,-97.381429,https://mitehuacan.mx/?ruta=8
2,Tienda De Mochilas El Gran Surtidor,ropa,146,18.461318,-97.390759,https://mitehuacan.mx/?ruta=8
2,Venta De Trajes Quali,ropa,146,18.460021,-97.39244,https://mitehuacan.mx/?ruta=8
2,Venta De Articulos Varios Sin Nombre,zapatería,0,18.46021,-97.389478,https://mitehuacan.mx/?ruta=8
2,Calzado Por Catalogo,zapatería,1,18.4587,-97.392303,https://mitehuacan.mx/?ruta=8
2,Reparadora De Calzado Hidalgo,zapatería,1,18.458698,-97.392199,https://mitehuacan.mx/?ruta=8
2,Zapaterias Ros Fer,zapatería,1,18.458508,-97.387063,https://mitehuacan.mx/?ruta=8
2,Reparadora De Calzado Garcia,zapatería,2,18.456877,-97.397715,https://mitehuacan.mx/?ruta=8
2,Venta De Zapatos De Bebe Zapateria Infantil Pa Chiquitos,zapatería,2,18.460812,-97.387896,https://mitehuacan.mx/?ruta=8
2,Zapateria Giorgio Moretto,zapatería,2,18.460834,-97.388597,https://mitehuacan.mx/?ruta=8
2,Zapateria Ana Maria,zapatería,3,18.458643,-97.390369,https://mitehuacan.mx/?ruta=8
2,Elaboracion De Calzado Para Bebe Sin Nombre,zapatería,6,18.45834,-97.399026,https://mitehuacan.mx/?ruta=8
2,Alcala Sucesores Huaracheria,zapatería,7,18.460672,-97.385709,https://mitehuacan.mx/?ruta=8
2,Coppel Calzado Oriente 765,zapatería,9,18.460751,-97.389053,https://mitehuacan.mx/?ruta=8
2,Venta De Articulos Para Calzado Sin Nombre,zapatería,9,18.459871,-97.389579,https://mitehuacan.mx/?ruta=8
2,Zapateria C Klass,zapatería,10,18.458874,-97.394548,https://mitehuacan.mx/?ruta=8
2,Zapateria Mago,zapatería,10,18.456698,-97.392757,https://mitehuacan.mx/?ruta=8
2,Zapateria Femma,zapatería,11,18.458509,-97.384663,https://mitehuacan.mx/?ruta=8
2,Zapateria Pachikitos,zapatería,11,18.458807,-97.392631,https://mitehuacan.mx/?ruta=8
2,Cklass,zapatería,11,18.458877,-97.394541,https://mitehuacan.mx/?ruta=8
2,Cklass,zapatería,12,18.458878,-97.394228,https://mitehuacan.mx/?ruta=8
2,Venta De Tenis Juquilita,zapatería,12,18.458796,-97.392157,https://mitehuacan.mx/?ruta=8
2,Zapateria Cruzitos,zapatería,12,18.459923,-97.389378,https://mitehuacan.mx/?ruta=8
2,Zapateria Sport Shoes,zapatería,12,18.459763,-97.38938,https://mitehuacan.mx/?ruta=8
2,Zapateria Ana Maria,zapatería,13,18.45878,-97.391446,https://mitehuacan.mx/?ruta=8
2,Renovadora De Calzado Puebla Ii,zapatería,14,18.458755,-97.39065,https://mitehuacan.mx/?ruta=8
2,Zapateria Soperanez,zapatería,14,18.458763,-97.390973,https://mitehuacan.mx/?ruta=8
2,Zapateria Leoneza,zapatería,15,18.458703,-97.388906,https://mitehuacan.mx/?ruta=8
2,Reparadora De Calzado Mavelu,zapatería,18,18.460606,-97.387056,https://mitehuacan.mx/?ruta=8
2,Reparadora De Calzado Nery,zapatería,19,18.461016,-97.389469,https://mitehuacan.mx/?ruta=8
2,Elaboracion De Calzado Para Bebe Ng,zapatería,20,18.456335,-97.429011,https://mitehuacan.mx/?ruta=8
2,Venta De Tenis Juquilita,zapatería,29,18.458891,-97.390755,https://mitehuacan.mx/?ruta=8
2,Zapateria Zona Confort,zapatería,29,18.458966,-97.392519,https://mitehuacan.mx/?ruta=8
2,Reparadora De Calzado Puebla,zapatería,30,18.456337,-97.392799,https://mitehuacan.mx/?ruta=8
2,Zapateria Aurora Cepeda,zapatería,38,18.459083,-97.393485,https://mitehuacan.mx/?ruta=8
2,Reparadora De Calzado Perez,zapatería,40,18.456484,-97.392102,https://mitehuacan.mx/?ruta=8
2,Baby Buchin,zapatería,41,18.459113,-97.393578,https://mitehuacan.mx/?ruta=8
2,Reparadora De Calzado Mitre,zapatería,44,18.457155,-97.404859,https://mitehuacan.mx/?ruta=8
2,Dav Boutique Moda Venta De Zapatos Y Accesorios Para Dama,zapatería,45,18.456402,-97.396674,https://mitehuacan.mx/?ruta=8
2,Zapaterias Sports Shoes,zapatería,46,18.460772,-97.389899,https://mitehuacan.mx/?ruta=8
2,Zapateria Eduars,zapatería,49,18.459072,-97.390754,https://mitehuacan.mx/?ruta=8
2,Taller De Zapatos Para Bebes,zapatería,57,18.458899,-97.408753,https://mitehuacan.mx/?ruta=8
2,Taller De Calzado 3 Hermanos,zapatería,62,18.458146,-97.392725,https://mitehuacan.mx/?ruta=8
2,Zapateria 3 Hermanos,zapatería,67,18.459233,-97.390668,https://mitehuacan.mx/?ruta=8
2,Pakar Al Costo,zapatería,88,18.459457,-97.391437,https://mitehuacan.mx/?ruta=8
2,Shoes Collection Pakar,zapatería,90,18.459472,-97.391437,https://mitehuacan.mx/?ruta=8
2,Zapateria Los 3 Charros,zapatería,97,18.461647,-97.387032,https://mitehuacan.mx/?ruta=8
2,Fabrica De Zapatitos Calzado Sandalo,zapatería,98,18.457924,-97.395837,https://mitehuacan.mx/?ruta=8
2,Venta De Agujetas Y Plantillas Sin Nombre,zapatería,99,18.457533,-97.385148,https://mitehuacan.mx/?ruta=8
2,Venta De Sandalias De Plastico,zapatería,100,18.461578,-97.390014,https://mitehuacan.mx/?ruta=8
2,Venta De Huaraches Sin Nombre,zapatería,110,18.457433,-97.385156,https://mitehuacan.mx/?ruta=8
2,Zapaterias Arther,zapatería,124,18.459803,-97.390665,https://mitehuacan.mx/?ruta=8
2,Zapaterias El Reventon,zapatería,124,18.45993,-97.390665,https://mitehuacan.mx/?ruta=8
2,Zapateria Tio Beto,zapatería,125,18.460382,-97.390664,https://mitehuacan.mx/?ruta=8
2,Real Zapateria,zapatería,126,18.459796,-97.391431,https://mitehuacan.mx/?ruta=8
2,Zapateria Ana Maria,zapatería,126,18.460744,-97.390664,https://mitehuacan.mx/?ruta=8
2,Reparadora De Calzado Dani,zapatería,127,18.455315,-97.393163,https://mitehuacan.mx/?ruta=8
2,Zapateria Crazy Feet,zapatería,131,18.461504,-97.390491,https://mitehuacan.mx/?ruta=8
2,Zapateria El Reventon,zapatería,134,18.460131,-97.390749,https://mitehuacan.mx/?ruta=8
2,Reparadora De Calzado La Rosita,zapatería,136,18.462075,-97.38946,https://mitehuacan.mx/?ruta=8
2,Bodega De Calzado Sin Nombre,zapatería,137,18.457227,-97.386106,https://mitehuacan.mx/?ruta=8
2,Reparadoa De Calzado La Puri,zapatería,138,18.457182,-97.385233,https://mitehuacan.mx/?ruta=8
2,Elaboracion De Calzado Para Bebe Sin Nombre,zapatería,142,18.45827,-97.400581,https://mitehuacan.mx/?ruta=8
2,Zapateria Mayfer,zapatería,146,18.460024,-97.392568,https://mitehuacan.mx/?ruta=8
3,Novedades Vero,accesorios,0,18.458427,-97.385064,https://mitehuacan.mx/?ruta=8
3,Venta De Accesorios Para Dama Novedades Flor De Abril,accesorios,0,18.460364,-97.389476,https://mitehuacan.mx/?ruta=8
3,Venta De Accesorios Para Niña,accesorios,0,18.458724,-97.393128,https://mitehuacan.mx/?ruta=8
3,Compra Venta De Ropa Y Accesorios Enchulateh,accesorios,1,18.457921,-97.389526,https://mitehuacan.mx/?ruta=8
3,El Rey De La Bolsa,accesorios,1,18.458456,-97.385642,https://mitehuacan.mx/?ruta=8
3,Las Mochilas De Samn Y Mas Venta De Mochilas Y Bolsas,accesorios,1,18.457072,-97.402186,https://mitehuacan.mx/?ruta=8
3,Novedades Lin,accesorios,1,18.458669,-97.39147,https://mitehuacan.mx/?ruta=8
3,Venta De Chacharitas Sin Nombre,accesorios,1,18.460742,-97.385659,https://mitehuacan.mx/?ruta=8
3,Venta De Chacharitas Sin Nombre,accesorios,1,18.458292,-97.389522,https://mitehuacan.mx/?ruta=8
3,Venta De Gorras. Gorras Angelito,accesorios,1,18.458503,-97.386949,https://mitehuacan.mx/?ruta=8
3,Venta De Moñoz Moñoz Coqueta,accesorios,1,18.459649,-97.389483,https://mitehuacan.mx/?ruta=8
3,Novedades Sin Nombre,accesorios,2,18.458925,-97.389494,https://mitehuacan.mx/?ruta=8
3,Tienda Bisuteria Y Cosmeticos Sin Nombre,accesorios,2,18.458544,-97.387792,https://mitehuacan.mx/?ruta=8
3,Tienda De Maquillaje Mundo Mujer Centro Mayorista,accesorios,2,18.458539,-97.387698,https://mitehuacan.mx/?ruta=8
3,Tienda De Novedades Aremi,accesorios,2,18.460855,-97.389232,https://mitehuacan.mx/?ruta=8
3,Venta De Bisuteria Manuela Conplemento De Bisuteria,accesorios,2,18.458536,-97.387641,https://mitehuacan.mx/?ruta=8
3,Venta De Mochilas Y Bolsas Sin Nombre,accesorios,2,18.460844,-97.38892,https://mitehuacan.mx/?ruta=8
3,Centro Comercial Casa China,accesorios,3,18.458658,-97.39073,https://mitehuacan.mx/?ruta=8
3,Venta De Bisuteria Y Novedades Sarang,accesorios,3,18.458651,-97.390568,https://mitehuacan.mx/?ruta=8
3,Venta De Curiosidades Amigurumis,accesorios,3,18.45669,-97.389538,https://mitehuacan.mx/?ruta=8
3,Venta De Chacharas Sin Nombre,accesorios,7,18.460667,-97.385567,https://mitehuacan.mx/?ruta=8
3,Bisuteria Amor Mio,accesorios,10,18.460934,-97.38947,https://mitehuacan.mx/?ruta=8
3,Chacharas Venta De Diferentes Articulos De Temporada Sin Nom,accesorios,11,18.460686,-97.389369,https://mitehuacan.mx/?ruta=8
3,Bisuteria Amor Mio,accesorios,12,18.459718,-97.38938,https://mitehuacan.mx/?ruta=8
3,Lila Shop,accesorios,12,18.456557,-97.393627,https://mitehuacan.mx/?ruta=8
3,Venta De Mochilas Y Bolsas Sin Nombre,accesorios,12,18.458793,-97.391996,https://mitehuacan.mx/?ruta=8
3,Gorras Y Playeras El Chino,accesorios,13,18.458732,-97.389393,https://mitehuacan.mx/?ruta=8
3,Venta De Gorras Yoseline,accesorios,13,18.460872,-97.389583,https://mitehuacan.mx/?ruta=8
3,Enmoñate,accesorios,15,18.459325,-97.408767,https://mitehuacan.mx/?ruta=8
3,Chacharitas Yael,accesorios,16,18.458712,-97.389058,https://mitehuacan.mx/?ruta=8
3,Purpura Accesorios,accesorios,18,18.456969,-97.396583,https://mitehuacan.mx/?ruta=8
3,Vicmaly La Casa De Las Muñecas,accesorios,29,18.457349,-97.389273,https://mitehuacan.mx/?ruta=8
3,Accesorios Michelle,accesorios,37,18.461178,-97.389468,https://mitehuacan.mx/?ruta=8
3,Venta De Gorras Publicidad Y Beisbol,accesorios,38,18.458973,-97.390754,https://mitehuacan.mx/?ruta=8
3,D Lid Venta De Accesorios,accesorios,46,18.458416,-97.396525,https://mitehuacan.mx/?ruta=8
3,Gemas Preciosas,accesorios,46,18.459159,-97.393577,https://mitehuacan.mx/?ruta=8
3,Ark Bisuteria,accesorios,47,18.458346,-97.394238,https://mitehuacan.mx/?ruta=8
3,Tienda De Bolsas Y Morrales De Plastico Sin Nombre,accesorios,48,18.458028,-97.385941,https://mitehuacan.mx/?ruta=8
3,Chacharas,accesorios,50,18.459897,-97.412962,https://mitehuacan.mx/?ruta=8
3,Novedades Y Bisuteria Josy,accesorios,52,18.45796,-97.385195,https://mitehuacan.mx/?ruta=8
3,Venta De Cinturones Y Gorras Publicidad Fercho,accesorios,64,18.460885,-97.390066,https://mitehuacan.mx/?ruta=8
3,Tienda De Accesorios Por Mayoreo Merca Asia,accesorios,76,18.459347,-97.391439,https://mitehuacan.mx/?ruta=8
3,Joyeria Y Accesorios Valeria,accesorios,78,18.459407,-97.392421,https://mitehuacan.mx/?ruta=8
3,Venta De Juguetes Y Chacharas Sin Nombre,accesorios,82,18.45764,-97.383926,https://mitehuacan.mx/?ruta=8
3,Tienda De Bisuteria Y Novedades Magic,accesorios,84,18.459419,-97.391438,https://mitehuacan.mx/?ruta=8
3,Venta De Gorras,accesorios,95,18.457044,-97.390461,https://mitehuacan.mx/?ruta=8
3,Venta De Accesorios Para Dama Escaparate,accesorios,101,18.459573,-97.391435,https://mitehuacan.mx/?ruta=8
3,Venta De Bisuteria Sin Nombre,accesorios,101,18.457515,-97.38515,https://mitehuacan.mx/?ruta=8
3,Du Ciel Bolsas Y Cesorios,accesorios,102,18.458254,-97.403503,https://mitehuacan.mx/?ruta=8
3,Venta De Novedades Sin Nombre,accesorios,104,18.457488,-97.385152,https://mitehuacan.mx/?ruta=8
3,Venta De Bisuteria Sin Nombre,accesorios,107,18.45746,-97.385154,https://mitehuacan.mx/?ruta=8
3,Venta De Cinturones Y Articulos Varios Sin Nombre,accesorios,117,18.457371,-97.38516,https://mitehuacan.mx/?ruta=8
3,Venta De Moños Nina,accesorios,124,18.4609,-97.390635,https://mitehuacan.mx/?ruta=8
3,Venta De Moños Y Accesorios,accesorios,125,18.460274,-97.390664,https://mitehuacan.mx/?ruta=8
3,Cinturon Casual,accesorios,135,18.460493,-97.390749,https://mitehuacan.mx/?ruta=8
3,Titos Articulos De Importacion,accesorios,149,18.459196,-97.379173,https://mitehuacan.mx/?ruta=8
3,Auditorio Tamayo,asistencia social,54,18.460795,-97.409859,https://mitehuacan.mx/?ruta=8
3,Lavado De Autos Ecowash,autolavado,1,18.458804,-97.395117,https://mitehuacan.mx/?ruta=8
3,Auto Lavado Cacho,autolavado,2,18.460442,-97.42044,https://mitehuacan.mx/?ruta=8
3,Autolavado Brisa,autolavado,2,18.460544,-97.418226,https://mitehuacan.mx/?ruta=8
3,Autolavado Castillo,autolavado,2,18.456634,-97.392866,https://mitehuacan.mx/?ruta=8
3,Lavado De Autos El Pelon,autolavado,2,18.457892,-97.405399,https://mitehuacan.mx/?ruta=8
3,Lavado Y Engrasado De Autos La Purisima,autolavado,6,18.46053,-97.382505,https://mitehuacan.mx/?ruta=8
3,Autolavado El Abuelo,autolavado,11,18.456135,-97.402435,https://mitehuacan.mx/?ruta=8
3,Auto Lavado Car Wash,autolavado,12,18.456544,-97.393305,https://mitehuacan.mx/?ruta=8
3,Autolavado Hernandez,autolavado,12,18.458608,-97.386965,https://mitehuacan.mx/?ruta=8
3,Ars Lavado Automotriz,autolavado,19,18.460604,-97.413282,https://mitehuacan.mx/?ruta=8
3,Autolavado Allison,autolavado,25,18.460292,-97.417009,https://mitehuacan.mx/?ruta=8
3,Autolavado El Pato Mojado Jr,autolavado,27,18.459129,-97.399084,https://mitehuacan.mx/?ruta=8
3,Lavado Y Engrasado Lupita,autolavado,27,18.456945,-97.394312,https://mitehuacan.mx/?ruta=8
3,Autolavado Cabaña,autolavado,41,18.453437,-97.389264,https://mitehuacan.mx/?ruta=8
3,Auto Lavado De Autos,autolavado,51,18.45879,-97.382739,https://mitehuacan.mx/?ruta=8
3,Autolavado Castillo,autolavado,52,18.458298,-97.394129,https://mitehuacan.mx/?ruta=8
3,Auto Lavado Los Angeles,autolavado,63,18.457168,-97.405276,https://mitehuacan.mx/?ruta=8
3,Lavo De Autos Paw Patrol,autolavado,70,18.457874,-97.387127,https://mitehuacan.mx/?ruta=8
3,Lavado De Autos Uli,autolavado,81,18.457751,-97.386649,https://mitehuacan.mx/?ruta=8
3,Auto Lavado Alva,autolavado,93,18.455551,-97.390483,https://mitehuacan.mx/?ruta=8
3,Lavado De Autos Pits,autolavado,93,18.45972,-97.398305,https://mitehuacan.mx/?ruta=8
3,Auto Lavado Sin Nombre,autolavado,102,18.462609,-97.424875,https://mitehuacan.mx/?ruta=8
3,Car Wash And Snack Mompy,autolavado,116,18.459461,-97.382782,https://mitehuacan.mx/?ruta=8
3,Autolavado Don Luis,autolavado,118,18.45113,-97.379818,https://mitehuacan.mx/?ruta=8
3,Autolavado Huicho,autolavado,125,18.457188,-97.382534,https://mitehuacan.mx/?ruta=8
3,Lavado Y Estacionamiento La Purisima,autolavado,137,18.457068,-97.382216,https://mitehuacan.mx/?ruta=8
3,Autolavado Sin Nombre,autolavado,143,18.458578,-97.409802,https://mitehuacan.mx/?ruta=8
3,Bar California,bar,1,18.460752,-97.385963,https://mitehuacan.mx/?ruta=8
3,La 30 Y Tres,bar,1,18.456831,-97.396919,https://mitehuacan.mx/?ruta=8
3,Venta De Cerveza Abi,bar,1,18.453638,-97.4304,https://mitehuacan.mx/?ruta=8
3,Yack Daniels,bar,1,18.456721,-97.39459,https://mitehuacan.mx/?ruta=8
3,Drunkendog,bar,3,18.460346,-97.410235,https://mitehuacan.mx/?ruta=8
3,Bar Kevin,bar,4,18.457373,-97.398814,https://mitehuacan.mx/?ruta=8
3,Bar El Ranchito,bar,7,18.460662,-97.385406,https://mitehuacan.mx/?ruta=8
3,Bar Camaroninas Beer,bar,10,18.458979,-97.398954,https://mitehuacan.mx/?ruta=8
3,Tendajon Mixto La Cordobesa,bar,13,18.456865,-97.379584,https://mitehuacan.mx/?ruta=8
3,Bar El Companero 1,bar,14,18.457498,-97.389678,https://mitehuacan.mx/?ruta=8
3,Botanero La Hacienda,bar,19,18.460421,-97.381457,https://mitehuacan.mx/?ruta=8
3,Bar El Farolito,bar,24,18.458718,-97.387169,https://mitehuacan.mx/?ruta=8
3,Hoster Video Bar,bar,25,18.458481,-97.39272,https://mitehuacan.mx/?ruta=8
3,Pulqueria La Chingada,bar,27,18.458573,-97.382749,https://mitehuacan.mx/?ruta=8
3,Bar Drinks Factory,bar,29,18.455554,-97.392191,https://mitehuacan.mx/?ruta=8
3,Bubas Bar Venta De Bebidas Alcoholicas Y No Alcolicas,bar,38,18.458491,-97.396611,https://mitehuacan.mx/?ruta=8
3,Bar Los Compañeros,bar,41,18.458244,-97.390333,https://mitehuacan.mx/?ruta=8
3,Bar Cantina Lucrecia,bar,49,18.459637,-97.409516,https://mitehuacan.mx/?ruta=8
3,Bar La Crudelia,bar,49,18.459637,-97.409516,https://mitehuacan.mx/?ruta=8
3,Bar La Chiquilina,bar,53,18.457835,-97.382321,https://mitehuacan.mx/?ruta=8
3,Panchos Bar,bar,81,18.459234,-97.387029,https://mitehuacan.mx/?ruta=8
3,Bar Mar,bar,86,18.457377,-97.388733,https://mitehuacan.mx/?ruta=8
3,Venta De Bebidas Balche,bar,92,18.457529,-97.394164,https://mitehuacan.mx/?ruta=8
3,Bar Costa Rica,bar,93,18.457835,-97.400602,https://mitehuacan.mx/?ruta=8
3,El Punto,bar,102,18.459801,-97.398302,https://mitehuacan.mx/?ruta=8
3,Venta De Pulque Sin Nombre,bar,104,18.457488,-97.385152,https://mitehuacan.mx/?ruta=8
3,Venta De Pulque Sin Nombre,bar,118,18.457362,-97.385159,https://mitehuacan.mx/?ruta=8
3,Cerveceria Las Barricas De Eras,bar,129,18.459246,-97.380231,https://mitehuacan.mx/?ruta=8
3,Bar Max Le Club,bar,145,18.460904,-97.390834,https://mitehuacan.mx/?ruta=8
3,Servicio Lopez,bicicletas,1,18.456849,-97.397241,https://mitehuacan.mx/?ruta=8
3,Bicicletas Y Refacciones Ikki,bicicletas,2,18.460854,-97.389194,https://mitehuacan.mx/?ruta=8
3,Bicis Extrem,bicicletas,2,18.460809,-97.387801,https://mitehuacan.mx/?ruta=8
3,Venta De Refacciones Para Bicicletas Y Reparacion De Bicicle,bicicletas,2,18.460793,-97.387271,https://mitehuacan.mx/?ruta=8
3,Taller De Bicis Brayan,bicicletas,10,18.459263,-97.408515,https://mitehuacan.mx/?ruta=8
3,Bici Reparaciones,bicicletas,12,18.460661,-97.387054,https://mitehuacan.mx/?ruta=8
3,Venta De Bicicletas Tu Bici,bicicletas,12,18.456806,-97.394213,https://mitehuacan.mx/?ruta=8
3,Servicio Lezama,bicicletas,13,18.460598,-97.385026,https://mitehuacan.mx/?ruta=8
3,Bicimundo,bicicletas,14,18.458625,-97.387108,https://mitehuacan.mx/?ruta=8
3,Venta Refacciones Y Bicicletas Bicimundo,bicicletas,29,18.460768,-97.389738,https://mitehuacan.mx/?ruta=8
3,Bici Refacciones Del Centro,bicicletas,54,18.461329,-97.389347,https://mitehuacan.mx/?ruta=8
3,Tienda De Refacciones Para Bicicletas Foxy,bicicletas,73,18.459359,-97.392419,https://mitehuacan.mx/?ruta=8
3,Refacciones Para Bicletas Y Bicicletas Foxy,bicicletas,82,18.459444,-97.392546,https://mitehuacan.mx/?ruta=8
3,Venta De Articulos De Bicicletas Sin Nombre,bicicletas,105,18.457479,-97.385153,https://mitehuacan.mx/?ruta=8
3,Reparacion De Bicicletas Sin Nombre,bicicletas,111,18.459727,-97.428624,https://mitehuacan.mx/?ruta=8
3,Taller De Bicicletas Alien,bicicletas,113,18.459255,-97.410993,https://mitehuacan.mx/?ruta=8
3,Bicicletas Y Refacciones Analishia,bicicletas,119,18.459779,-97.392559,https://mitehuacan.mx/?ruta=8
3,Ciclo Sport Benotto,bicicletas,125,18.460093,-97.390664,https://mitehuacan.mx/?ruta=8
3,Taller De Bicicletas Sin Nombre,bicicletas,125,18.457025,-97.381753,https://mitehuacan.mx/?ruta=8
3,Bar Y Billares Kahomas,billar,121,18.457443,-97.388095,https://mitehuacan.mx/?ruta=8
3,Came Tehuacan 101,caja de ahorro,1,18.460767,-97.386433,https://mitehuacan.mx/?ruta=8
3,Corporativo Financiero Ahorro Agro,caja de ahorro,45,18.458876,-97.386081,https://mitehuacan.mx/?ruta=8
3,Caja Universal Cooperativa De Ahorro Y Prestamo,caja de ahorro,134,18.459916,-97.392564,https://mitehuacan.mx/?ruta=8
3,Casa De Empeño Prenda Sol Casa De Remate,casa de empeño,0,18.458349,-97.383198,https://mitehuacan.mx/?ruta=8
3,Casa De Empeño Prextamex,casa de empeño,0,18.456795,-97.396304,https://mitehuacan.mx/?ruta=8
3,Casa De Empeño Prenda Flash,casa de empeño,1,18.4585,-97.386892,https://mitehuacan.mx/?ruta=8
3,Casa De Empleados Empeño,casa de empeño,2,18.461401,-97.423559,https://mitehuacan.mx/?ruta=8
3,Casa De Empeño El Trueque,casa de empeño,3,18.455532,-97.389571,https://mitehuacan.mx/?ruta=8
3,Prenda Mex Sucursal 1849 Pue,casa de empeño,9,18.460754,-97.389368,https://mitehuacan.mx/?ruta=8
3,Casa De Empeño Real Los Arcos 2,casa de empeño,10,18.456524,-97.392822,https://mitehuacan.mx/?ruta=8
3,Casa De Empeño Prenda Joya,casa de empeño,15,18.458746,-97.39029,https://mitehuacan.mx/?ruta=8
3,Casa De Empeño Mi Casa Es Tu Casa,casa de empeño,66,18.461242,-97.382689,https://mitehuacan.mx/?ruta=8
3,Prendaval,casa de empeño,135,18.460711,-97.390749,https://mitehuacan.mx/?ruta=8
3,Cerrajeria Arroyo,cerrajería,1,18.460129,-97.389478,https://mitehuacan.mx/?ruta=8
3,Cerrajeria Sin Nombre,cerrajería,3,18.458659,-97.390786,https://mitehuacan.mx/?ruta=8
3,Cerrajeria Central Key,cerrajería,10,18.460663,-97.416996,https://mitehuacan.mx/?ruta=8
3,Cerrajeria Cruz,cerrajería,28,18.458325,-97.380305,https://mitehuacan.mx/?ruta=8
3,Cerrajeria Muñoz,cerrajería,33,18.460473,-97.387137,https://mitehuacan.mx/?ruta=8
3,Cerrajeria El Aguila,cerrajería,76,18.457972,-97.391473,https://mitehuacan.mx/?ruta=8
3,Cerrajeria Tehuacan,cerrajería,82,18.460171,-97.407812,https://mitehuacan.mx/?ruta=8
3,Yankees Pizzas,comida,2,18.458704,-97.392054,https://mitehuacan.mx/?ruta=8
3,Taqueria el Tizon Sureño,comida,4,18.45872,-97.393782,https://mitehuacan.mx/?ruta=8
3,New York Pizza,comida,5,18.456494,-97.392494,https://mitehuacan.mx/?ruta=8
3,Tortas Hidalguenses,comida,5,18.458501,-97.388491,https://mitehuacan.mx/?ruta=8
3,Tacos el Compadre,comida,20,18.457882,-97.404446,https://mitehuacan.mx/?ruta=8
3,Pollos Guerrero,comida,78,18.461542,-97.389421,https://mitehuacan.mx/?ruta=8
3,Antojitos Teresa,comida,87,18.457973,-97.403235,https://mitehuacan.mx/?ruta=8
3,Pollos Guerrero,comida,128,18.460788,-97.390676,https://mitehuacan.mx/?ruta=8
3,Okreativa,company,5,18.458801,-97.397236,https://mitehuacan.mx/?ruta=8
3,Ciberland,computación,0,18.460356,-97.413034,https://mitehuacan.mx/?ruta=8
3,Cyber Network,computación,2,18.460815,-97.387972,https://mitehuacan.mx/?ruta=8
3,Ciber Broos,computación,13,18.457094,-97.389438,https://mitehuacan.mx/?ruta=8
3,Mahomi Computadoras Ciber,computación,20,18.458698,-97.398361,https://mitehuacan.mx/?ruta=8
3,Informatica Aplicada De Tehuacan,computación,31,18.458979,-97.392407,https://mitehuacan.mx/?ruta=8
3,Ciber Nachos,computación,32,18.460914,-97.38263,https://mitehuacan.mx/?ruta=8
3,Internet Nautilus,computación,51,18.457411,-97.390031,https://mitehuacan.mx/?ruta=8
3,Cyber Sin Nombre,computación,60,18.453479,-97.390942,https://mitehuacan.mx/?ruta=8
3,Ciber Cafe,computación,68,18.458505,-97.428736,https://mitehuacan.mx/?ruta=8
3,Servicio De Internet Sin Nombre,construcción,9,18.458884,-97.395304,https://mitehuacan.mx/?ruta=8
3,Rampah Soluciones Estrategicas,contadores,1,18.458694,-97.392,https://mitehuacan.mx/?ruta=8
3,Despacho Contable Sin Nombre,contadores,27,18.456945,-97.394312,https://mitehuacan.mx/?ruta=8
3,Despacho Contable Y Fiscal Sin Nombre,contadores,44,18.458346,-97.39364,https://mitehuacan.mx/?ruta=8
3,Despacho Contable Sin Nombre,contadores,53,18.456056,-97.391613,https://mitehuacan.mx/?ruta=8
3,Despacho Gil Conde,contadores,61,18.45932,-97.394114,https://mitehuacan.mx/?ruta=8
3,Despacho Contable Y Fiscal Gerardo Ramirez Tobon,contadores,82,18.457464,-97.394678,https://mitehuacan.mx/?ruta=8
3,Despacho Contable Y Fiscal Sin Nombre,contadores,96,18.457568,-97.394333,https://mitehuacan.mx/?ruta=8
3,Aranda Y Asociados Asesores De Negocios,contadores,107,18.455685,-97.39337,https://mitehuacan.mx/?ruta=8
3,Despacho Contable Sin Nombre,contadores,132,18.455499,-97.394166,https://mitehuacan.mx/?ruta=8
3,Centro De Copiado Y Papeleria Tega,copias,31,18.460565,-97.409661,https://mitehuacan.mx/?ruta=8
3,Copias Y Papeleria Hidalgo,copias,103,18.457462,-97.392231,https://mitehuacan.mx/?ruta=8
3,Papeleria Y Jugueteria Bubitos Star,copias,125,18.455548,-97.388417,https://mitehuacan.mx/?ruta=8
3,Copias Y Novedades Gady,copias,132,18.455501,-97.394251,https://mitehuacan.mx/?ruta=8
3,Venta De Tenis Sport Vpb,deportes,0,18.456762,-97.395556,https://mitehuacan.mx/?ruta=8
3,Compra Venta De Tenis Luna Nueva,deportes,3,18.458634,-97.390133,https://mitehuacan.mx/?ruta=8
3,Venta De Tenis Y Gorras Sin Nombre,deportes,3,18.458634,-97.390142,https://mitehuacan.mx/?ruta=8
3,Zapateria Tenis Juquilita,deportes,3,18.458668,-97.391109,https://mitehuacan.mx/?ruta=8
3,Tienda De Cartuchos Para Caceria Safari,deportes,7,18.460723,-97.387586,https://mitehuacan.mx/?ruta=8
3,Pronosticos Deportivo De La 7,deportes,11,18.45669,-97.396203,https://mitehuacan.mx/?ruta=8
3,Venta De Playeras Deportivas Sin Nombre,deportes,12,18.459863,-97.389379,https://mitehuacan.mx/?ruta=8
3,Zapateria Nueva Moda,deportes,13,18.458795,-97.389392,https://mitehuacan.mx/?ruta=8
3,Uniformes Deportivos Barropaz,deportes,16,18.458707,-97.388972,https://mitehuacan.mx/?ruta=8
3,Zapateria Calza A La Moda,deportes,16,18.458712,-97.389048,https://mitehuacan.mx/?ruta=8
3,Clonner Tennis,deportes,29,18.45687,-97.392752,https://mitehuacan.mx/?ruta=8
3,Deportes Dialta,deportes,38,18.461184,-97.389343,https://mitehuacan.mx/?ruta=8
3,Venta De Tenis Y Gorras Sin Nombre,deportes,41,18.461215,-97.389468,https://mitehuacan.mx/?ruta=8
3,Majo Recarga Y Mas,deportes,43,18.456978,-97.38997,https://mitehuacan.mx/?ruta=8
3,Zapaterias Venta De Tenis,deportes,45,18.459033,-97.390669,https://mitehuacan.mx/?ruta=8
3,Venta De Patinetas Hectic Skateshop,deportes,50,18.455784,-97.390067,https://mitehuacan.mx/?ruta=8
3,Tienda De Articulos Deportivos Montaño,deportes,54,18.459151,-97.391557,https://mitehuacan.mx/?ruta=8
3,Venta De Ropa Deportiva Sin Nombre,deportes,64,18.456292,-97.398105,https://mitehuacan.mx/?ruta=8
3,Venta De Calzado Sin Nombre,deportes,97,18.457551,-97.385147,https://mitehuacan.mx/?ruta=8
3,Compra Y Venta De Ropa Deportiva Zas Sport,deportes,110,18.46182,-97.389646,https://mitehuacan.mx/?ruta=8
3,Zapateria Moda A Tus Pies,deportes,112,18.46158,-97.390195,https://mitehuacan.mx/?ruta=8
3,Venta De Articulos Deportivos Central Deportiva,deportes,121,18.45753,-97.390711,https://mitehuacan.mx/?ruta=8
3,Zapateria Pirma Orange Sport,deportes,124,18.459785,-97.390665,https://mitehuacan.mx/?ruta=8
3,Venta De Tenis En General Pirma,deportes,125,18.460319,-97.390664,https://mitehuacan.mx/?ruta=8
3,Tienda De Playeras Real Comos,deportes,126,18.460015,-97.398189,https://mitehuacan.mx/?ruta=8
3,Venta De Ropa Deportiva Para Hombre Sin Nombre,deportes,126,18.460726,-97.390664,https://mitehuacan.mx/?ruta=8
3,Zapateria Juquilita,deportes,126,18.460536,-97.390664,https://mitehuacan.mx/?ruta=8
3,Articulos Deportivos Barroso,deportes,133,18.460068,-97.390749,https://mitehuacan.mx/?ruta=8
3,Tennis Nuevos Y Seminuevos,deportes,142,18.459011,-97.404208,https://mitehuacan.mx/?ruta=8
3,Vinos Y Licores De La 17,depósito,3,18.454503,-97.379369,https://mitehuacan.mx/?ruta=8
3,Deka Beer Deposito De Cerveza,depósito,7,18.456936,-97.400863,https://mitehuacan.mx/?ruta=8
3,Bodega Rayon,depósito,10,18.455832,-97.379279,https://mitehuacan.mx/?ruta=8
3,Cerveceria Libra,depósito,10,18.458403,-97.382371,https://mitehuacan.mx/?ruta=8
3,Pomos Y Chelas,depósito,10,18.458431,-97.382882,https://mitehuacan.mx/?ruta=8
3,Deposito Rodriguez,depósito,89,18.457795,-97.429824,https://mitehuacan.mx/?ruta=8
3,Venta De Cerveza Lupita,depósito,89,18.457982,-97.429726,https://mitehuacan.mx/?ruta=8
3,Tienda Casa Cervecera,depósito,140,18.457064,-97.382841,https://mitehuacan.mx/?ruta=8
3,Puesto De Dulces,dulcería,0,18.458426,-97.385026,https://mitehuacan.mx/?ruta=8
3,La Bodega De Ramon,dulcería,2,18.457696,-97.38047,https://mitehuacan.mx/?ruta=8
3,Mueganos El Real De Tehuacan,dulcería,2,18.457767,-97.389527,https://mitehuacan.mx/?ruta=8
3,Dulceria La Chispa Del Sabor,dulcería,4,18.458611,-97.389175,https://mitehuacan.mx/?ruta=8
3,Venta De Dulces Sin Nada Nombre,dulcería,10,18.458438,-97.383157,https://mitehuacan.mx/?ruta=8
3,Dulce Tradicion,dulcería,14,18.456734,-97.392756,https://mitehuacan.mx/?ruta=8
3,Venta De Dulces Y Refresco,dulcería,58,18.457857,-97.383913,https://mitehuacan.mx/?ruta=8
3,Elaboracion De Mueganos Tehuacan,dulcería,67,18.459451,-97.397192,https://mitehuacan.mx/?ruta=8
3,Venta De Dulces,dulcería,69,18.456127,-97.403081,https://mitehuacan.mx/?ruta=8
3,Miscelanea Sin Nombre,dulcería,75,18.455594,-97.392775,https://mitehuacan.mx/?ruta=8
3,Asuka Venta De Materias Primas Y Utensilios Para Reposteria,dulcería,81,18.457965,-97.392444,https://mitehuacan.mx/?ruta=8
3,Venta De Dulces Sin Nombre,dulcería,96,18.457639,-97.406929,https://mitehuacan.mx/?ruta=8
3,Venta De Dulces Tipicos Mueganos El Aguila,dulcería,115,18.457619,-97.39148,https://mitehuacan.mx/?ruta=8
3,Abarrotes Ofeve Tehuacan,dulcería,125,18.459631,-97.387088,https://mitehuacan.mx/?ruta=8
3,Dulceria Escobedo,dulcería,133,18.45441,-97.392525,https://mitehuacan.mx/?ruta=8
3,Venta De Dulces Sin Nombre,dulcería,136,18.455119,-97.398233,https://mitehuacan.mx/?ruta=8
3,Cooperativa Escolar,dulcería,139,18.459106,-97.421446,https://mitehuacan.mx/?ruta=8
3,Venta De Dulces Sin Nombre,dulcería,145,18.457071,-97.383966,https://mitehuacan.mx/?ruta=8
3,Radio Comunitaria Hermanos Serdan,energía,53,18.460324,-97.388195,https://mitehuacan.mx/?ruta=8
3,La Casa De La Plata,fotografía,1,18.458694,-97.392,https://mitehuacan.mx/?ruta=8
3,Estudio De Fotos Fotogama,fotografía,2,18.458762,-97.389497,https://mitehuacan.mx/?ruta=8
3,Estudio Meylin,fotografía,7,18.460724,-97.387605,https://mitehuacan.mx/?ruta=8
3,Foto Estudio Nova.,fotografía,17,18.455006,-97.391618,https://mitehuacan.mx/?ruta=8
3,Malvaez Selfie Studio,fotografía,40,18.455758,-97.392489,https://mitehuacan.mx/?ruta=8
3,Compra Venta De Frutas Y Verduras El Caribe,frutería,0,18.458518,-97.38952,https://mitehuacan.mx/?ruta=8
3,Fruteria La Huerta De Don Maduro,frutería,0,18.460299,-97.411594,https://mitehuacan.mx/?ruta=8
3,Puesto De Frutas Y Verduras Sin Nombre,frutería,0,18.458419,-97.384874,https://mitehuacan.mx/?ruta=8
3,Puesto De Frutas Y Verduras Sin Nombre,frutería,0,18.458426,-97.385026,https://mitehuacan.mx/?ruta=8
3,Puesto De Frutas Y Verduras Sin Nombre,frutería,0,18.458405,-97.384524,https://mitehuacan.mx/?ruta=8
3,Puesto De Platanos Sin Nombre,frutería,0,18.458426,-97.385036,https://mitehuacan.mx/?ruta=8
3,Puesto De Verdura Y Fruta Claudia,frutería,0,18.458427,-97.385045,https://mitehuacan.mx/?ruta=8
3,Puesto De Verduras Sin Nombre,frutería,0,18.458427,-97.385045,https://mitehuacan.mx/?ruta=8
3,Puesto De Verduras Sin Nombre,frutería,0,18.45842,-97.384893,https://mitehuacan.mx/?ruta=8
3,Venta De Citricos Richard,frutería,0,18.458415,-97.38477,https://mitehuacan.mx/?ruta=8
3,Venta De Frutas Y Verduras Luis Mendez,frutería,0,18.458425,-97.385017,https://mitehuacan.mx/?ruta=8
3,Venta De Frutas Y Verduras Sin Nombre,frutería,0,18.458488,-97.386646,https://mitehuacan.mx/?ruta=8
3,Venta De Frutas Y Verduras Sin Nombre,frutería,0,18.458492,-97.386722,https://mitehuacan.mx/?ruta=8
3,Venta De Frutas Y Verduras Sin Nombre,frutería,0,18.458414,-97.384742,https://mitehuacan.mx/?ruta=8
3,Venta De Frutas Y Verduras Sin Nombre,frutería,0,18.458417,-97.384827,https://mitehuacan.mx/?ruta=8
3,Venta De Frutas Y Verduras Sin Nombre,frutería,0,18.458407,-97.384571,https://mitehuacan.mx/?ruta=8
3,Venta De Frutas Y Verduras Sin Nombre,frutería,0,18.458423,-97.38495,https://mitehuacan.mx/?ruta=8
3,Venta De Nopales Y Frutas De Temporada Sin Nombre,frutería,0,18.458426,-97.385026,https://mitehuacan.mx/?ruta=8
3,Venta De Platanos El Platano,frutería,0,18.458426,-97.385026,https://mitehuacan.mx/?ruta=8
3,Venta De Verduras,frutería,0,18.458401,-97.384429,https://mitehuacan.mx/?ruta=8
3,Venta De Verduras Sin Nombre,frutería,0,18.458427,-97.385054,https://mitehuacan.mx/?ruta=8
3,Venta De Verduras Sin Nombre,frutería,0,18.458416,-97.384799,https://mitehuacan.mx/?ruta=8
3,Venta De Verduras Sin Nombre,frutería,0,18.458419,-97.384865,https://mitehuacan.mx/?ruta=8
3,Citricos Chabelita,frutería,1,18.458389,-97.384287,https://mitehuacan.mx/?ruta=8
3,Compra Venta De Frutas Y Verduras Sin Nombre,frutería,1,18.456201,-97.399872,https://mitehuacan.mx/?ruta=8
3,Compra Venta De Frutas Y Verduras Tehuacan,frutería,1,18.458401,-97.389521,https://mitehuacan.mx/?ruta=8
3,Frutas Y Verduras Susy,frutería,1,18.45845,-97.385452,https://mitehuacan.mx/?ruta=8
3,Venta De Frutas Sin Nombre,frutería,1,18.458388,-97.384259,https://mitehuacan.mx/?ruta=8
3,Venta De Frutas Y Verduras Jeison,frutería,1,18.456201,-97.399872,https://mitehuacan.mx/?ruta=8
3,Venta De Frutas Y Verduras Manolo,frutería,1,18.456201,-97.399872,https://mitehuacan.mx/?ruta=8
3,Venta De Frutas Y Verduras Sin Nombre,frutería,1,18.458459,-97.385736,https://mitehuacan.mx/?ruta=8
3,Venta De Frutas Y Verduras Sin Nombre,frutería,1,18.456201,-97.399872,https://mitehuacan.mx/?ruta=8
3,Venta De Platanos Sin Nombre,frutería,1,18.458384,-97.384155,https://mitehuacan.mx/?ruta=8
3,Venta Verduras Y Aguas Frescas,frutería,1,18.456201,-97.399872,https://mitehuacan.mx/?ruta=8
3,Coco Bongo Venta De Coco Y Piña,frutería,2,18.457056,-97.401656,https://mitehuacan.mx/?ruta=8
3,Comercializadora San Gabriel,frutería,2,18.458723,-97.389541,https://mitehuacan.mx/?ruta=8
3,Frutas Y Verduras El Nuevo Mercadito,frutería,2,18.460367,-97.411032,https://mitehuacan.mx/?ruta=8
3,Frutas Y Verduras El Rosario,frutería,2,18.456632,-97.392828,https://mitehuacan.mx/?ruta=8
3,Frutas Y Verduras Lucero De Jesus,frutería,2,18.46052,-97.417459,https://mitehuacan.mx/?ruta=8
3,Venta De Frutas Y Verduras El Baratero Del Mercado,frutería,2,18.458409,-97.385081,https://mitehuacan.mx/?ruta=8
3,Venta De Frutas Y Verduras Sin Nombre,frutería,2,18.458363,-97.383882,https://mitehuacan.mx/?ruta=8
3,Venta De Jitomate Sin Nombre,frutería,2,18.458412,-97.38517,https://mitehuacan.mx/?ruta=8
3,Venta De Platanos Sin Nombre,frutería,2,18.458363,-97.383882,https://mitehuacan.mx/?ruta=8
3,Venta De Platanos Sin Nombre,frutería,2,18.45888,-97.389495,https://mitehuacan.mx/?ruta=8
3,Venta De Verduras Sin Nombre,frutería,2,18.458363,-97.383882,https://mitehuacan.mx/?ruta=8
3,Fruteria Y Verduleria Jitomates Saladet Y Limones Criollos,frutería,3,18.458352,-97.383809,https://mitehuacan.mx/?ruta=8
3,Venta De Jitomate Sin Nombre,frutería,3,18.458655,-97.390673,https://mitehuacan.mx/?ruta=8
3,Verduleria Sin Nombre,frutería,3,18.455396,-97.389574,https://mitehuacan.mx/?ruta=8
3,Puesto De Fruta Y Verdura Sin Nombre,frutería,4,18.458345,-97.383883,https://mitehuacan.mx/?ruta=8
3,Fruteria Y Verduleria Yoyis,frutería,5,18.45699,-97.399571,https://mitehuacan.mx/?ruta=8
3,Puesto De Frutas Y Verduras Sin Nombre,frutería,5,18.458382,-97.385083,https://mitehuacan.mx/?ruta=8
3,Venta De Frutas Y Verduras Romero,frutería,5,18.456986,-97.399438,https://mitehuacan.mx/?ruta=8
3,Venta De Frutas Y Verduras Sin Nombre,frutería,5,18.458336,-97.383883,https://mitehuacan.mx/?ruta=8
3,Venta De Verduras Sin Nombre,frutería,6,18.458327,-97.383884,https://mitehuacan.mx/?ruta=8
3,Venta De Jitomate Sin Nombre,frutería,8,18.458309,-97.383885,https://mitehuacan.mx/?ruta=8
3,Puesto De Verduras Sin Nombre,frutería,9,18.4583,-97.383886,https://mitehuacan.mx/?ruta=8
3,Frutas Y Verduras Sanadu,frutería,10,18.458936,-97.397257,https://mitehuacan.mx/?ruta=8
3,Frutas Y Verduras Sin Nombre,frutería,11,18.458511,-97.384739,https://mitehuacan.mx/?ruta=8
3,Fruteria El Guero,frutería,11,18.458489,-97.384009,https://mitehuacan.mx/?ruta=8
3,Fruteria Juquilita,frutería,11,18.458492,-97.384094,https://mitehuacan.mx/?ruta=8
3,Venta De Citricos Cristy,frutería,11,18.458494,-97.384189,https://mitehuacan.mx/?ruta=8
3,Venta De Frutas De Temporada Sin Nombre,frutería,11,18.458282,-97.383887,https://mitehuacan.mx/?ruta=8
3,Venta De Frutas De Temporada Sin Nombre,frutería,11,18.458503,-97.384464,https://mitehuacan.mx/?ruta=8
3,Venta De Frutas Y Verduras,frutería,11,18.456636,-97.395143,https://mitehuacan.mx/?ruta=8
3,Venta De Nopal Sin Nombre,frutería,11,18.458282,-97.383887,https://mitehuacan.mx/?ruta=8
3,Puesto De Frutas Y Verduras Sin Nombre,frutería,14,18.458255,-97.383888,https://mitehuacan.mx/?ruta=8
3,Puesto De Nopalitos Sin Nombre,frutería,14,18.4583,-97.385089,https://mitehuacan.mx/?ruta=8
3,Venta De Verduras Sin Nombre,frutería,15,18.458246,-97.383889,https://mitehuacan.mx/?ruta=8
3,Bodega De Frutas Y Verduras Campos,frutería,16,18.45775,-97.37872,https://mitehuacan.mx/?ruta=8
3,Venta De Frutas Y Hierbas Para Cocinar Sin Nombre,frutería,17,18.458227,-97.38389,https://mitehuacan.mx/?ruta=8
3,Venta De Frutas Y Verduras Sin Nombre,frutería,17,18.458227,-97.38389,https://mitehuacan.mx/?ruta=8
3,Venta De Hierbas Para Cocinar Sin Nombre,frutería,17,18.458227,-97.38389,https://mitehuacan.mx/?ruta=8
3,Venta De Semillas Sin Nombre,frutería,17,18.458273,-97.385091,https://mitehuacan.mx/?ruta=8
3,Verduleria,frutería,18,18.45803,-97.40611,https://mitehuacan.mx/?ruta=8
3,Venta De Verduras Y Frutas Sin Nombre,frutería,19,18.458255,-97.385093,https://mitehuacan.mx/?ruta=8
3,Venta De Frutas Sin Nombre,frutería,20,18.4582,-97.383892,https://mitehuacan.mx/?ruta=8
3,Puesto De Verduras Y Frutas Sin Nombre,frutería,21,18.458237,-97.385094,https://mitehuacan.mx/?ruta=8
3,Mercado La Purísima,frutería,21,18.458235,-97.385077,https://mitehuacan.mx/?ruta=8
3,Venta De Verduras Y Pollo Sin Nombre,frutería,23,18.459036,-97.406729,https://mitehuacan.mx/?ruta=8
3,Venta De Hierba Sin Nombre,frutería,24,18.45821,-97.385096,https://mitehuacan.mx/?ruta=8
3,Venta De Platano Sin Nombre,frutería,28,18.458128,-97.383896,https://mitehuacan.mx/?ruta=8
3,Venta De Verduras Sin Nombre,frutería,35,18.458111,-97.385104,https://mitehuacan.mx/?ruta=8
3,Venta De Platanos Mariely,frutería,37,18.458715,-97.383846,https://mitehuacan.mx/?ruta=8
3,Puesto De Nopales Y Cebolla Sin Nombre,frutería,42,18.458048,-97.385109,https://mitehuacan.mx/?ruta=8
3,Venta De Platanos Lobatos,frutería,42,18.457999,-97.383832,https://mitehuacan.mx/?ruta=8
3,Fruteria Y Legumbres Karla,frutería,43,18.457195,-97.396574,https://mitehuacan.mx/?ruta=8
3,Puesto De Tempezquistles Sin Nombre,frutería,44,18.458029,-97.38511,https://mitehuacan.mx/?ruta=8
3,Venta De Frutas Y Verduras Sin Nombre,frutería,44,18.457983,-97.383905,https://mitehuacan.mx/?ruta=8
3,Venta De Frutas Y Verduras Sin Nombre,frutería,48,18.457993,-97.385113,https://mitehuacan.mx/?ruta=8
3,Venta De Verduras Sin Nombre,frutería,48,18.457993,-97.385113,https://mitehuacan.mx/?ruta=8
3,Venta De Platanos Sin Nombre,frutería,49,18.457938,-97.383908,https://mitehuacan.mx/?ruta=8
3,San Isidro,frutería,51,18.457159,-97.405001,https://mitehuacan.mx/?ruta=8
3,Venta De Frutas Y Verduras Sin Nombre,frutería,52,18.457911,-97.38391,https://mitehuacan.mx/?ruta=8
3,Venta De Verduras Y Frutas Sin Nombre,frutería,56,18.457921,-97.385119,https://mitehuacan.mx/?ruta=8
3,Verduleria Sin Nombre,frutería,60,18.457624,-97.40614,https://mitehuacan.mx/?ruta=8
3,Venta De Frutas Y Verduras Sin Nombre,frutería,64,18.457803,-97.383916,https://mitehuacan.mx/?ruta=8
3,Venta De Frutas Y Verduras Sin Nombre,frutería,67,18.457822,-97.385126,https://mitehuacan.mx/?ruta=8
3,Venta De Frutas Sin Nombre,frutería,68,18.457813,-97.385127,https://mitehuacan.mx/?ruta=8
3,Venta De Verduras Sin Nombre,frutería,69,18.457758,-97.383919,https://mitehuacan.mx/?ruta=8
3,Venta De Nopales Sin Nombre,frutería,73,18.457721,-97.383921,https://mitehuacan.mx/?ruta=8
3,Venta De Ajo Sin Nombre,frutería,75,18.457703,-97.383922,https://mitehuacan.mx/?ruta=8
3,Venta De Verduras Y Frutas Sin Nombre,frutería,76,18.457694,-97.383923,https://mitehuacan.mx/?ruta=8
3,Venta De Frutas Y Verduras Sin Nombre,frutería,77,18.460033,-97.407645,https://mitehuacan.mx/?ruta=8
3,Venta De Verduras Sin Nombre,frutería,77,18.457685,-97.383924,https://mitehuacan.mx/?ruta=8
3,Bodega De Frutas Y Legumbres Sin Nombre,frutería,83,18.457689,-97.385503,https://mitehuacan.mx/?ruta=8
3,Venta De Verduras Sin Nombre,frutería,83,18.457631,-97.383927,https://mitehuacan.mx/?ruta=8
3,Puesto De Frutas Y Verduras Sin Nombre,frutería,90,18.457568,-97.383931,https://mitehuacan.mx/?ruta=8
3,Venta De Fruta Fruteria Chavez,frutería,90,18.459955,-97.387078,https://mitehuacan.mx/?ruta=8
3,Venta De Frutas Y Verduras Sin Nombre,frutería,90,18.457568,-97.383931,https://mitehuacan.mx/?ruta=8
3,Venta De Verdura Sin Nombre,frutería,90,18.457614,-97.385142,https://mitehuacan.mx/?ruta=8
3,Venta De Platano Sin Nombre,frutería,92,18.45755,-97.383932,https://mitehuacan.mx/?ruta=8
3,Venta De Verduras Sin Nombre,frutería,92,18.45755,-97.383932,https://mitehuacan.mx/?ruta=8
3,Venta De Frutas Y Verduras,frutería,93,18.458064,-97.407732,https://mitehuacan.mx/?ruta=8
3,Venta De Ajo Sin Nombre,frutería,94,18.457578,-97.385145,https://mitehuacan.mx/?ruta=8
3,Puesto De Frutas Y Verduras Sin Nombre,frutería,95,18.457569,-97.385146,https://mitehuacan.mx/?ruta=8
3,Venta De Frutas Sin Nombre,frutería,95,18.457569,-97.385146,https://mitehuacan.mx/?ruta=8
3,Venta De Frutas Sin Nombre,frutería,96,18.457514,-97.383934,https://mitehuacan.mx/?ruta=8
3,Venta De Frutas Y Verduras Sin Nombre,frutería,97,18.457551,-97.385147,https://mitehuacan.mx/?ruta=8
3,Venta De Jitomate Sin Nombre,frutería,97,18.457505,-97.383935,https://mitehuacan.mx/?ruta=8
3,Puesto De Frutas Y Verduras Sin Nombre,frutería,98,18.457496,-97.383935,https://mitehuacan.mx/?ruta=8
3,Venta De Verdura Sin Nombre,frutería,98,18.457542,-97.385148,https://mitehuacan.mx/?ruta=8
3,Venta De Frutas,frutería,99,18.457487,-97.383936,https://mitehuacan.mx/?ruta=8
3,Puesto De Frutas De Temporada Sin Nombre,frutería,100,18.457478,-97.383936,https://mitehuacan.mx/?ruta=8
3,Venta De Frutas Y Verduras Sin Nombre,frutería,100,18.457478,-97.383936,https://mitehuacan.mx/?ruta=8
3,Venta De Frutas De Temporada Fers,frutería,101,18.457515,-97.38515,https://mitehuacan.mx/?ruta=8
3,Venta De Frutas Y Verduras Sin Nombre,frutería,101,18.457515,-97.38515,https://mitehuacan.mx/?ruta=8
3,Venta De Verduras Sin Nombre,frutería,101,18.457515,-97.38515,https://mitehuacan.mx/?ruta=8
3,Puesto De Frutas Y Verduras,frutería,102,18.457459,-97.383937,https://mitehuacan.mx/?ruta=8
3,Puesto De Verduras Sin Nombre,frutería,102,18.457506,-97.385151,https://mitehuacan.mx/?ruta=8
3,Venta De Frutas Y Verduras Angelito,frutería,102,18.457459,-97.383937,https://mitehuacan.mx/?ruta=8
3,Venta De Frutas Y Verduras De Temporada Sin Nombre,frutería,102,18.457506,-97.385151,https://mitehuacan.mx/?ruta=8
3,Venta De Limones Mary,frutería,102,18.457459,-97.383937,https://mitehuacan.mx/?ruta=8
3,Venta De Nopal Sin Nombre,frutería,102,18.457459,-97.383937,https://mitehuacan.mx/?ruta=8
3,Venta De Platanos Sin Nombre,frutería,102,18.457459,-97.383937,https://mitehuacan.mx/?ruta=8
3,Puesto De Frutas Y Verduras Sin Nombre,frutería,103,18.457497,-97.385151,https://mitehuacan.mx/?ruta=8
3,Puesto De Jitomate Sin Nombre,frutería,103,18.457497,-97.385151,https://mitehuacan.mx/?ruta=8
3,Venta De Elotes Sin Nombre,frutería,103,18.457497,-97.385151,https://mitehuacan.mx/?ruta=8
3,Venta De Frutas De Temporada Sin Nombre,frutería,103,18.457497,-97.385151,https://mitehuacan.mx/?ruta=8
3,Venta De Jitomate Sin Nombre,frutería,103,18.457497,-97.385151,https://mitehuacan.mx/?ruta=8
3,Venta De Tempexquixtles Y Nopales Sin Nombre,frutería,103,18.457497,-97.385151,https://mitehuacan.mx/?ruta=8
3,Venta De Frutas Y Verduras Sin Nombre,frutería,104,18.457488,-97.385152,https://mitehuacan.mx/?ruta=8
3,Venta De Frutas Y Verduras Sin Nombre,frutería,104,18.455868,-97.396694,https://mitehuacan.mx/?ruta=8
3,Venta De Fruta Y Verdura Sin Nombre,frutería,106,18.457469,-97.385153,https://mitehuacan.mx/?ruta=8
3,Venta De Verduras Y Nopales Sin Nombre,frutería,106,18.457423,-97.38394,https://mitehuacan.mx/?ruta=8
3,Venta De Hierbas Sin Nombre,frutería,107,18.45746,-97.385154,https://mitehuacan.mx/?ruta=8
3,Venta De Nopales Sin Nombre,frutería,107,18.45746,-97.385154,https://mitehuacan.mx/?ruta=8
3,Venta De Verdura Sin Nombre,frutería,107,18.45746,-97.385154,https://mitehuacan.mx/?ruta=8
3,Venta De Legumbres Y Verduras Sin Nombre,frutería,108,18.457451,-97.385155,https://mitehuacan.mx/?ruta=8
3,Venta De Verduras Sin Nombre,frutería,108,18.457451,-97.385155,https://mitehuacan.mx/?ruta=8
3,Venta De Verduras Sin Nombre,frutería,108,18.457405,-97.383941,https://mitehuacan.mx/?ruta=8
3,Puesto De Elotes Sin Nombre,frutería,109,18.457442,-97.385155,https://mitehuacan.mx/?ruta=8
3,Venta De Verduras Sin Nombre,frutería,109,18.457442,-97.385155,https://mitehuacan.mx/?ruta=8
3,Verduleria Sin Nombre,frutería,109,18.458513,-97.429254,https://mitehuacan.mx/?ruta=8
3,El Expendio,frutería,110,18.457667,-97.391583,https://mitehuacan.mx/?ruta=8
3,Venta De Hiervas Y Verduras Sin Nombre,frutería,110,18.457433,-97.385156,https://mitehuacan.mx/?ruta=8
3,Puesto De Frutas Y Verduras Sin Nombre,frutería,112,18.457369,-97.383943,https://mitehuacan.mx/?ruta=8
3,Venta De Frutas Y Verduras Sin Nombre,frutería,112,18.457369,-97.383943,https://mitehuacan.mx/?ruta=8
3,Venta De Fruta Citrus Israel,frutería,113,18.459695,-97.385086,https://mitehuacan.mx/?ruta=8
3,Cocos Campechanos Don Polo,frutería,114,18.457351,-97.383944,https://mitehuacan.mx/?ruta=8
3,Frutas Y Verduras Y Abarrotes En General,frutería,114,18.459354,-97.41376,https://mitehuacan.mx/?ruta=8
3,Venta De Frutas Frescas Sin Nombre,frutería,115,18.452375,-97.389571,https://mitehuacan.mx/?ruta=8
3,Venta De Hierbas Para Cocina Sin Nombre,frutería,115,18.457342,-97.383945,https://mitehuacan.mx/?ruta=8
3,Venta De Frutas Y Verduras,frutería,116,18.46079,-97.390563,https://mitehuacan.mx/?ruta=8
3,Venta De Verduras Sin Nombre,frutería,116,18.457333,-97.383945,https://mitehuacan.mx/?ruta=8
3,Venta De Frutas Y Verduras,frutería,117,18.457528,-97.390654,https://mitehuacan.mx/?ruta=8
3,Venta De Frutas Y Verduras Sin Nombre,frutería,117,18.457324,-97.383946,https://mitehuacan.mx/?ruta=8
3,Venta De Frutas Sin Nombre,frutería,120,18.4595,-97.384672,https://mitehuacan.mx/?ruta=8
3,Venta De Verduras Sin Nombre,frutería,122,18.457325,-97.385158,https://mitehuacan.mx/?ruta=8
3,Venta De Fruta Sin Nombre,frutería,123,18.457316,-97.385157,https://mitehuacan.mx/?ruta=8
3,Venta De Hierbas Sin Nombre,frutería,123,18.457269,-97.383951,https://mitehuacan.mx/?ruta=8
3,Venta De Verduras Y Frutas Sin Nombre,frutería,124,18.457307,-97.385157,https://mitehuacan.mx/?ruta=8
3,Venta De Verduras Sin Nombre,frutería,125,18.457252,-97.383954,https://mitehuacan.mx/?ruta=8
3,Venta De Frutas De Temporada Sin Nombre,frutería,127,18.45728,-97.385158,https://mitehuacan.mx/?ruta=8
3,Venta De Frutas Y Verduras Sin Nombres,frutería,127,18.45728,-97.385158,https://mitehuacan.mx/?ruta=8
3,Venta De Hierbas Para Cocinar Sin Nombre,frutería,127,18.45728,-97.385158,https://mitehuacan.mx/?ruta=8
3,Venta De Verdura Sin Nombre,frutería,127,18.457222,-97.383662,https://mitehuacan.mx/?ruta=8
3,Venta De Frutas Y Verduras Sin Nombre,frutería,128,18.457225,-97.383957,https://mitehuacan.mx/?ruta=8
3,Venta De Frutas Y Verdutras Sin Nombre,frutería,128,18.457225,-97.383957,https://mitehuacan.mx/?ruta=8
3,Venta De Nopales Sin Nombre,frutería,128,18.457225,-97.383957,https://mitehuacan.mx/?ruta=8
3,Venta De Verduras Sin Nombre,frutería,128,18.457225,-97.383957,https://mitehuacan.mx/?ruta=8
3,Venta De Verduras Y Frutas Sin Nombre,frutería,128,18.457225,-97.383957,https://mitehuacan.mx/?ruta=8
3,Frutas Y Verduras Sin Nombre,frutería,129,18.462261,-97.427144,https://mitehuacan.mx/?ruta=8
3,Venta De Tempexquixtles Sin Nombre,frutería,129,18.457216,-97.383957,https://mitehuacan.mx/?ruta=8
3,Melones San Juan,frutería,136,18.457152,-97.383961,https://mitehuacan.mx/?ruta=8
3,Venta De Platanos Sin Nombre,frutería,137,18.457143,-97.383961,https://mitehuacan.mx/?ruta=8
3,Venta De Frutas Y Verduras,frutería,141,18.457107,-97.383963,https://mitehuacan.mx/?ruta=8
3,Venta De Verduras Sin Nombre,frutería,142,18.457098,-97.383964,https://mitehuacan.mx/?ruta=8
3,Venta De Tetechas Y Chicozapote Sin Nombre,frutería,143,18.457089,-97.383965,https://mitehuacan.mx/?ruta=8
3,Puesto De Hierbas Y Verduras Sin Nombre,frutería,144,18.45708,-97.383965,https://mitehuacan.mx/?ruta=8
3,Venta De Frutas Y Verduras Sin Nombre,frutería,144,18.45708,-97.383965,https://mitehuacan.mx/?ruta=8
3,Venta De Ajo Sin Nombre,frutería,145,18.457071,-97.383966,https://mitehuacan.mx/?ruta=8
3,Venta De Frutas De Temporada Sin Nombre,frutería,147,18.457053,-97.383967,https://mitehuacan.mx/?ruta=8
3,Venta De Frutas Y Verduras De Temporada Sin Nombre,frutería,147,18.457053,-97.383967,https://mitehuacan.mx/?ruta=8
3,Venta De Hierbas Para Cocinar Sin Nombre,frutería,147,18.457053,-97.383967,https://mitehuacan.mx/?ruta=8
3,Venta De Pitayas Sin Nombre,frutería,147,18.457053,-97.383967,https://mitehuacan.mx/?ruta=8
3,Venta De Frutas Sin Nombre,frutería,148,18.457044,-97.383967,https://mitehuacan.mx/?ruta=8
3,Venta De Frutas Y Verduras Sin Nombre,frutería,148,18.457044,-97.383967,https://mitehuacan.mx/?ruta=8
3,Venta De Hierbas Sin Nombre,frutería,148,18.457044,-97.383967,https://mitehuacan.mx/?ruta=8
3,Venta De Nopales Sin Nombre,frutería,148,18.457044,-97.383967,https://mitehuacan.mx/?ruta=8
3,Venta De Verduras Sin Nombre,frutería,148,18.457044,-97.383967,https://mitehuacan.mx/?ruta=8
3,Venta De Frutas Y Verduras Sin Nombre,frutería,150,18.457072,-97.385167,https://mitehuacan.mx/?ruta=8
3,Funerales Mendoza,funeraria,3,18.458627,-97.389905,https://mitehuacan.mx/?ruta=8
3,Funerales Del Angel,funeraria,68,18.456203,-97.388941,https://mitehuacan.mx/?ruta=8
3,Servicios Funerarios Guadalupe,funeraria,84,18.456049,-97.396687,https://mitehuacan.mx/?ruta=8
3,Carpinteria Otra Duela,fábrica,0,18.460292,-97.411423,https://mitehuacan.mx/?ruta=8
3,Diseños Rosetti Fabricacion De Disfrases Muñecos De Peluche ,fábrica,0,18.458853,-97.397563,https://mitehuacan.mx/?ruta=8
3,Lonas Yosi,fábrica,1,18.457602,-97.37888,https://mitehuacan.mx/?ruta=8
3,Venta De Chicharron Sin Nombre,fábrica,1,18.458381,-97.384088,https://mitehuacan.mx/?ruta=8
3,Carpinteria Y Evanisteria El Osito Carpintero,fábrica,2,18.46052,-97.41743,https://mitehuacan.mx/?ruta=8
3,La Catedral Del Helado,fábrica,2,18.456719,-97.394328,https://mitehuacan.mx/?ruta=8
3,Maquila Sin Nombre,fábrica,2,18.456179,-97.39901,https://mitehuacan.mx/?ruta=8
3,Papas Y Platanos Crazy,fábrica,2,18.456188,-97.39936,https://mitehuacan.mx/?ruta=8
3,Fabricacion De Lapidas Sin Nombre,fábrica,6,18.457805,-97.37888,https://mitehuacan.mx/?ruta=8
3,Rm Vitrales,fábrica,6,18.456962,-97.398907,https://mitehuacan.mx/?ruta=8
3,Carpinteria El Chino,fábrica,7,18.460677,-97.38587,https://mitehuacan.mx/?ruta=8
3,Bordados Js Bordadora,fábrica,8,18.456977,-97.401962,https://mitehuacan.mx/?ruta=8
3,Paleteria La Guadalupana,fábrica,8,18.46059,-97.383302,https://mitehuacan.mx/?ruta=8
3,Carpinteria Sin Nombre,fábrica,9,18.456495,-97.379664,https://mitehuacan.mx/?ruta=8
3,Elaboracion Y Venta De Piñatas Villa Piñata,fábrica,9,18.458881,-97.395143,https://mitehuacan.mx/?ruta=8
3,Balconeria Sin Nombre,fábrica,10,18.45895,-97.397826,https://mitehuacan.mx/?ruta=8
3,Carpinteria El Portal,fábrica,10,18.458946,-97.397655,https://mitehuacan.mx/?ruta=8
3,Carpinteria Sin Nombre,fábrica,11,18.456641,-97.395256,https://mitehuacan.mx/?ruta=8
3,Diseños Loreans,fábrica,11,18.456601,-97.394394,https://mitehuacan.mx/?ruta=8
3,Productos De Limpieza Dicort,fábrica,12,18.460442,-97.417974,https://mitehuacan.mx/?ruta=8
3,Elaboracion De Tintas Para Imprenta Sin Nombre,fábrica,15,18.458626,-97.406049,https://mitehuacan.mx/?ruta=8
3,Taller De Carpinteria,fábrica,15,18.453879,-97.390723,https://mitehuacan.mx/?ruta=8
3,Fabricacion De Moldes Para Pan Todo Para El Panadero La Mixt,fábrica,17,18.455877,-97.389751,https://mitehuacan.mx/?ruta=8
3,Confeccion De Camisa Roman,fábrica,19,18.456048,-97.401366,https://mitehuacan.mx/?ruta=8
3,Taller De Carpinteria Sin Nombre,fábrica,19,18.458763,-97.381903,https://mitehuacan.mx/?ruta=8
3,Grupo Jg,fábrica,20,18.460563,-97.386073,https://mitehuacan.mx/?ruta=8
3,Confecciones Tehuacan,fábrica,21,18.458519,-97.382752,https://mitehuacan.mx/?ruta=8
3,Servicio De Costura Sin Nombre,fábrica,21,18.4575,-97.389744,https://mitehuacan.mx/?ruta=8
3,Confeccion Y Venta De Dizfraces,fábrica,23,18.459084,-97.398231,https://mitehuacan.mx/?ruta=8
3,Compostura De Ropa Sin Nombre,fábrica,24,18.45739,-97.403219,https://mitehuacan.mx/?ruta=8
3,Confecciones Alcobo Sa De Cv,fábrica,24,18.456434,-97.401279,https://mitehuacan.mx/?ruta=8
3,Taller De Marmol Familiar,fábrica,26,18.455912,-97.428354,https://mitehuacan.mx/?ruta=8
3,Tienda De Lonas Y Anuncios Sin Nombre,fábrica,26,18.458257,-97.386939,https://mitehuacan.mx/?ruta=8
3,Carpinteria Rangel,fábrica,27,18.458567,-97.395824,https://mitehuacan.mx/?ruta=8
3,Maquiladora De Armado De Cuello,fábrica,30,18.462084,-97.424089,https://mitehuacan.mx/?ruta=8
3,Venta De Chicharron Sin Nombre,fábrica,30,18.458156,-97.3851,https://mitehuacan.mx/?ruta=8
3,Molino De Chiles Y Harinas San Pedro,fábrica,32,18.458209,-97.387113,https://mitehuacan.mx/?ruta=8
3,Novedades Vero,fábrica,33,18.458132,-97.385186,https://mitehuacan.mx/?ruta=8
3,Maquiladora Sin Nombre,fábrica,36,18.46039,-97.38504,https://mitehuacan.mx/?ruta=8
3,Sastreria Sin Nombre,fábrica,37,18.461071,-97.38598,https://mitehuacan.mx/?ruta=8
3,Señorial Sastreria,fábrica,38,18.45847,-97.395911,https://mitehuacan.mx/?ruta=8
3,Taller De Onix Sin Nombre,fábrica,40,18.454056,-97.430729,https://mitehuacan.mx/?ruta=8
3,Cruces Y Servicio Luna,fábrica,43,18.461158,-97.387039,https://mitehuacan.mx/?ruta=8
3,Venta De Chicharron Tlales Y Manteca Sin Nombre,fábrica,43,18.457992,-97.383905,https://mitehuacan.mx/?ruta=8
3,Taller De Maquila Sin Nombre,fábrica,44,18.458705,-97.382328,https://mitehuacan.mx/?ruta=8
3,Procesadora De Alimento Para Animales,fábrica,45,18.46047,-97.425696,https://mitehuacan.mx/?ruta=8
3,Carpinteria Sin Nombre,fábrica,49,18.457399,-97.39995,https://mitehuacan.mx/?ruta=8
3,Marmoleria Sin Nombre,fábrica,49,18.460163,-97.382657,https://mitehuacan.mx/?ruta=8
3,Productos Artesanales Apicola,fábrica,49,18.457144,-97.394298,https://mitehuacan.mx/?ruta=8
3,Confecciones Y Composturas De Ropa Sin Nombre,fábrica,50,18.460773,-97.389937,https://mitehuacan.mx/?ruta=8
3,Balconeria Sin Nombre,fábrica,51,18.458313,-97.40468,https://mitehuacan.mx/?ruta=8
3,Abarrotes Y Carnes Hermanos Luna,fábrica,53,18.458019,-97.387121,https://mitehuacan.mx/?ruta=8
3,Herreria Hernandez,fábrica,55,18.458047,-97.388217,https://mitehuacan.mx/?ruta=8
3,Taller De Bordado La Purisima,fábrica,56,18.45699,-97.381099,https://mitehuacan.mx/?ruta=8
3,Talrr De Marmol Sin Nombre,fábrica,56,18.453084,-97.430049,https://mitehuacan.mx/?ruta=8
3,Bordados Metropolis,fábrica,57,18.457212,-97.394184,https://mitehuacan.mx/?ruta=8
3,Elaboracion De Bolis Paradice,fábrica,60,18.456481,-97.390139,https://mitehuacan.mx/?ruta=8
3,Elaboracion De Uniformes Erres Uniformes Y Publicidad,fábrica,61,18.459009,-97.385803,https://mitehuacan.mx/?ruta=8
3,Mayel Diseño Y Produccion De Uniformes,fábrica,61,18.459008,-97.385784,https://mitehuacan.mx/?ruta=8
3,Suajes Jr Elaboracion De Troqueles,fábrica,61,18.458904,-97.39962,https://mitehuacan.mx/?ruta=8
3,Empaque Confecciones Tehuacan,fábrica,63,18.459057,-97.382305,https://mitehuacan.mx/?ruta=8
3,Paleteria La Florecita,fábrica,65,18.457288,-97.394288,https://mitehuacan.mx/?ruta=8
3,Venta De Articulos De Piel Talabarteria La Silla Poblana 2,fábrica,65,18.454406,-97.391717,https://mitehuacan.mx/?ruta=8
3,Helados Rosita,fábrica,68,18.456577,-97.391843,https://mitehuacan.mx/?ruta=8
3,Servicio De Compostura,fábrica,70,18.457832,-97.386031,https://mitehuacan.mx/?ruta=8
3,Carpinteria En General Roberts,fábrica,72,18.457532,-97.398116,https://mitehuacan.mx/?ruta=8
3,Estructuras Metalicas Zuñiga,fábrica,73,18.461379,-97.385334,https://mitehuacan.mx/?ruta=8
3,Tescom,fábrica,75,18.45959,-97.406769,https://mitehuacan.mx/?ruta=8
3,Señorial Sastreria,fábrica,76,18.459155,-97.386076,https://mitehuacan.mx/?ruta=8
3,Bordadoras Industriales,fábrica,77,18.455514,-97.398717,https://mitehuacan.mx/?ruta=8
3,Elaboracion De Uniformes,fábrica,80,18.459792,-97.416867,https://mitehuacan.mx/?ruta=8
3,Laboratorio Avi Mex,fábrica,80,18.460934,-97.409407,https://mitehuacan.mx/?ruta=8
3,Confecciones Ms,fábrica,81,18.459377,-97.406226,https://mitehuacan.mx/?ruta=8
3,Sastreria En Vivienda Sin Nombre,fábrica,81,18.461446,-97.385171,https://mitehuacan.mx/?ruta=8
3,Bordados La Perseverancia,fábrica,82,18.461437,-97.384441,https://mitehuacan.mx/?ruta=8
3,Bordados Crl,fábrica,86,18.452299,-97.37893,https://mitehuacan.mx/?ruta=8
3,Sastreria M M,fábrica,87,18.459464,-97.380856,https://mitehuacan.mx/?ruta=8
3,Paleteria Y Neveria La Guadalupana,fábrica,90,18.4566,-97.391605,https://mitehuacan.mx/?ruta=8
3,Taller Textil De Uniformes Rodela,fábrica,92,18.455144,-97.38874,https://mitehuacan.mx/?ruta=8
3,Modista Sin Nombre,fábrica,95,18.461631,-97.387108,https://mitehuacan.mx/?ruta=8
3,Venta De Helados Sin Nombre,fábrica,96,18.459435,-97.380772,https://mitehuacan.mx/?ruta=8
3,Ali Confecciones,fábrica,99,18.457908,-97.397971,https://mitehuacan.mx/?ruta=8
3,Ali Confecciones Confecciona Todo Tipo De Prendas De Vestir ,fábrica,99,18.457908,-97.397971,https://mitehuacan.mx/?ruta=8
3,Elaboracon De Sellos De Goma Ojeda,fábrica,101,18.457587,-97.393694,https://mitehuacan.mx/?ruta=8
3,Laboratorio De Medicamentos Veteriarios Desppo,fábrica,103,18.461164,-97.409394,https://mitehuacan.mx/?ruta=8
3,Venta De Chicharron Y Anteca Sin Nombre,fábrica,107,18.45746,-97.385154,https://mitehuacan.mx/?ruta=8
3,Confesion De Prendas De Vestir Diseños Cr,fábrica,109,18.457372,-97.388515,https://mitehuacan.mx/?ruta=8
3,Taller De Carpinteria Casas,fábrica,115,18.454413,-97.388539,https://mitehuacan.mx/?ruta=8
3,Confeccion De Disfraces Para Niñas,fábrica,118,18.455137,-97.399387,https://mitehuacan.mx/?ruta=8
3,Vidrios Y Vitrales San Francisco,fábrica,120,18.455291,-97.398228,https://mitehuacan.mx/?ruta=8
3,Maquila Sin Nombre,fábrica,122,18.455115,-97.401362,https://mitehuacan.mx/?ruta=8
3,Multiconfecciones Maeye,fábrica,125,18.45334,-97.388471,https://mitehuacan.mx/?ruta=8
3,Talabarteria La Silla Poblana,fábrica,126,18.460554,-97.390664,https://mitehuacan.mx/?ruta=8
3,Vestidos Ceremoniales Novia Bella Alta Costura,fábrica,127,18.459849,-97.392435,https://mitehuacan.mx/?ruta=8
3,Confecciones Leon,fábrica,128,18.448605,-97.432245,https://mitehuacan.mx/?ruta=8
3,Carpinteria Rojas,fábrica,129,18.455191,-97.398231,https://mitehuacan.mx/?ruta=8
3,Elaboracion De Piñatas Sin Nombre,fábrica,130,18.457364,-97.388183,https://mitehuacan.mx/?ruta=8
3,Novedades Y Accesorios Marisol,fábrica,133,18.458672,-97.403713,https://mitehuacan.mx/?ruta=8
3,Elaboracion De Prendas De Vestir Diseños Adys,fábrica,137,18.452537,-97.388738,https://mitehuacan.mx/?ruta=8
3,Maquiladora Confecciones Correra,fábrica,139,18.455441,-97.394272,https://mitehuacan.mx/?ruta=8
3,Dms Bolis Gourmet,fábrica,142,18.459305,-97.423763,https://mitehuacan.mx/?ruta=8
3,Maquila Sin Nombre,fábrica,147,18.460257,-97.406633,https://mitehuacan.mx/?ruta=8
3,Buganbilia,garden,7,18.459711,-97.408845,https://mitehuacan.mx/?ruta=8
3,Guarderia Itzya,guardería,32,18.457148,-97.404593,https://mitehuacan.mx/?ruta=8
3,Guarderia La Casa Del Niño Sedesol,guardería,45,18.459301,-97.399091,https://mitehuacan.mx/?ruta=8
3,Guarderia Amilu,guardería,83,18.455902,-97.393362,https://mitehuacan.mx/?ruta=8
3,Estancia Infantil Nicolas Bravo,guardería,145,18.455169,-97.388233,https://mitehuacan.mx/?ruta=8
3,Estancia Infantil La Purisima,guardería,147,18.461997,-97.383397,https://mitehuacan.mx/?ruta=8
3,Balconeria El Paraiso,herrería,7,18.460558,-97.382098,https://mitehuacan.mx/?ruta=8
3,Taller De Soldaduras Y Herreria Vidal,herrería,13,18.452518,-97.379591,https://mitehuacan.mx/?ruta=8
3,Balconeria La Concepcion,herrería,15,18.456365,-97.378956,https://mitehuacan.mx/?ruta=8
3,Balconeria Vidrios Y Aluminios Sin Nombre,herrería,20,18.458284,-97.386024,https://mitehuacan.mx/?ruta=8
3,Balconeria Aguiar,herrería,29,18.460402,-97.381362,https://mitehuacan.mx/?ruta=8
3,Herreria Y Balconeria Sin Nombre,herrería,39,18.460149,-97.382174,https://mitehuacan.mx/?ruta=8
3,Puertas Automaticas Vyc,herrería,48,18.460134,-97.418614,https://mitehuacan.mx/?ruta=8
3,Puertas Automaticas Santa Ana,herrería,50,18.456353,-97.396562,https://mitehuacan.mx/?ruta=8
3,Taller De Balconeria Y Herreria Sin Nombre,herrería,55,18.453334,-97.389135,https://mitehuacan.mx/?ruta=8
3,Herreria Santiago,herrería,58,18.456757,-97.429237,https://mitehuacan.mx/?ruta=8
3,Taller De Balconeria Sin Nombre,herrería,76,18.455967,-97.388871,https://mitehuacan.mx/?ruta=8
3,Puerta Automaticas Y Recidenciales Franco,herrería,82,18.461513,-97.387109,https://mitehuacan.mx/?ruta=8
3,Fabricaciones Metalicas Thod,herrería,83,18.459877,-97.382759,https://mitehuacan.mx/?ruta=8
3,Herrerias Sin Nombre,herrería,83,18.448997,-97.432081,https://mitehuacan.mx/?ruta=8
3,Balconeria Sn,herrería,87,18.456214,-97.403884,https://mitehuacan.mx/?ruta=8
3,Balconeria Y Herreria Hernandez,herrería,91,18.461068,-97.381154,https://mitehuacan.mx/?ruta=8
3,Herreria Ponce,herrería,91,18.455387,-97.39872,https://mitehuacan.mx/?ruta=8
3,Herrerias Y Balconeria Sin Nombre,herrería,93,18.461504,-97.383414,https://mitehuacan.mx/?ruta=8
3,Herreria Sin Nombre,herrería,95,18.450066,-97.432324,https://mitehuacan.mx/?ruta=8
3,Balconeria Juquilita,herrería,100,18.455593,-97.403109,https://mitehuacan.mx/?ruta=8
3,Balconeria Y Herreria Angel,herrería,100,18.457449,-97.383295,https://mitehuacan.mx/?ruta=8
3,Balconeria Sin Nombre,herrería,113,18.451178,-97.379889,https://mitehuacan.mx/?ruta=8
3,Fabricación De Productos De Herrería Sin Nombre,herrería,113,18.459238,-97.410671,https://mitehuacan.mx/?ruta=8
3,Taller De Herreria Y Balconeria Salas,herrería,134,18.459849,-97.380392,https://mitehuacan.mx/?ruta=8
3,Herreria Y Balconeria Ideal,herrería,139,18.456884,-97.406272,https://mitehuacan.mx/?ruta=8
3,Balconeria Mendoza,herrería,141,18.454928,-97.399369,https://mitehuacan.mx/?ruta=8
3,Instituto De Seguridad Y Servicios Sociales De Los Trabajado,hospital,42,18.458903,-97.39944,https://mitehuacan.mx/?ruta=8
3,Unidad Medica De Tehuacan,hospital,51,18.457042,-97.392462,https://mitehuacan.mx/?ruta=8
3,Clinica Del Divino Salvador,hospital,84,18.459576,-97.395993,https://mitehuacan.mx/?ruta=8
3,Hospital Sanatorio Angeles De Tehuacan,hospital,100,18.455901,-97.396579,https://mitehuacan.mx/?ruta=8
3,Clinica San Fernando,hospital,110,18.457564,-97.392351,https://mitehuacan.mx/?ruta=8
3,I.B. Emmanuel,iglesia,18,18.458579,-97.393472,https://mitehuacan.mx/?ruta=8
3,Virgen,iglesia,32,18.457482,-97.405265,https://mitehuacan.mx/?ruta=8
3,Divino Salvador,iglesia,46,18.457675,-97.398449,https://mitehuacan.mx/?ruta=8
3,Venta De Plata Joyeria Jk,joyería,8,18.458543,-97.39033,https://mitehuacan.mx/?ruta=8
3,Relojeria Y Joyeria El Diamante,joyería,11,18.458919,-97.406737,https://mitehuacan.mx/?ruta=8
3,Joyeria Y Relojeria El Rubi,joyería,12,18.458504,-97.390238,https://mitehuacan.mx/?ruta=8
3,Bodega De Novedades Yani,joyería,44,18.459987,-97.389902,https://mitehuacan.mx/?ruta=8
3,Joyeria Porto Fino,joyería,45,18.456402,-97.396674,https://mitehuacan.mx/?ruta=8
3,Tu Regalo Perfecto En Cedro,joyería,60,18.459924,-97.415636,https://mitehuacan.mx/?ruta=8
3,Euphoria Jewelry Joyeria Y Accesorios,joyería,81,18.457965,-97.392444,https://mitehuacan.mx/?ruta=8
3,Venta De Joyeria Y Pedreria Jalisco,joyería,114,18.461501,-97.390292,https://mitehuacan.mx/?ruta=8
3,Joyeria De Acero Sin Nombre,joyería,126,18.460645,-97.390664,https://mitehuacan.mx/?ruta=8
3,Venta De Plata B O,joyería,134,18.457449,-97.391463,https://mitehuacan.mx/?ruta=8
3,Venta De Novedades,joyería,138,18.462522,-97.426918,https://mitehuacan.mx/?ruta=8
3,Jugueteria,juguetería,0,18.45673,-97.398814,https://mitehuacan.mx/?ruta=8
3,Venta De Juguetes Y Bisuteria Sin Nombre,juguetería,1,18.458517,-97.387233,https://mitehuacan.mx/?ruta=8
3,Venta De Materiales Didacticos Edu Mart,juguetería,1,18.457939,-97.389525,https://mitehuacan.mx/?ruta=8
3,Jugueteria Zhu Fu,juguetería,2,18.458541,-97.387745,https://mitehuacan.mx/?ruta=8
3,Venta De Juguetes Sin Nombre,juguetería,5,18.458336,-97.383883,https://mitehuacan.mx/?ruta=8
3,Venta De Juguetes Sin Nombre,juguetería,29,18.457377,-97.42927,https://mitehuacan.mx/?ruta=8
3,Novedades Y Accesorios De Mexico,juguetería,40,18.458988,-97.390669,https://mitehuacan.mx/?ruta=8
3,Venta De Juguetes Sin Nombre,juguetería,47,18.457956,-97.383907,https://mitehuacan.mx/?ruta=8
3,Venta De Juguetes,juguetería,79,18.457795,-97.387206,https://mitehuacan.mx/?ruta=8
3,Venta De Juguetes Sin Nombre,juguetería,103,18.457497,-97.385151,https://mitehuacan.mx/?ruta=8
3,Venta De Juguetes Y Novedades Sin Nombre,juguetería,109,18.457442,-97.385155,https://mitehuacan.mx/?ruta=8
3,Juguetes Y Regalos Lagunilla,juguetería,113,18.461863,-97.389341,https://mitehuacan.mx/?ruta=8
3,Jugueteria Coqueta,juguetería,120,18.457344,-97.385159,https://mitehuacan.mx/?ruta=8
3,Treasure Hunt Store,juguetería,123,18.4613,-97.408809,https://mitehuacan.mx/?ruta=8
3,Novedades Actitud,juguetería,126,18.461583,-97.390365,https://mitehuacan.mx/?ruta=8
3,Laboratorio Clinico Y Bacteriologico,laboratorio,2,18.458534,-97.387593,https://mitehuacan.mx/?ruta=8
3,Deposito Dental Dentstore,laboratorio,3,18.458659,-97.390787,https://mitehuacan.mx/?ruta=8
3,Laboratorios De Analisis Clinicos Diagnostica,laboratorio,8,18.46074,-97.388449,https://mitehuacan.mx/?ruta=8
3,Deposito Dental Bulas,laboratorio,10,18.458843,-97.393721,https://mitehuacan.mx/?ruta=8
3,Gabinete Especializado De Radiologia Gerx,laboratorio,10,18.4589,-97.395844,https://mitehuacan.mx/?ruta=8
3,Laboratorios Mycrolab,laboratorio,26,18.458978,-97.393584,https://mitehuacan.mx/?ruta=8
3,Laboratorio Medico Del Chopo Sucursal Tehuacan,laboratorio,41,18.456944,-97.392465,https://mitehuacan.mx/?ruta=8
3,Laboratorio Clinico Innovalab,laboratorio,45,18.456402,-97.396674,https://mitehuacan.mx/?ruta=8
3,San Antonio Laboratorios,laboratorio,79,18.456094,-97.396685,https://mitehuacan.mx/?ruta=8
3,Grupo Bioescaner,laboratorio,84,18.456049,-97.396687,https://mitehuacan.mx/?ruta=8
3,Venta De Uniformes Hospitalarios,laboratorio,87,18.45792,-97.392729,https://mitehuacan.mx/?ruta=8
3,Laboratorio De Analisis Clinicos,laboratorio,89,18.455896,-97.394362,https://mitehuacan.mx/?ruta=8
3,Centro De Radiodiagnostico Angeles De Tehuacan,laboratorio,92,18.455973,-97.396576,https://mitehuacan.mx/?ruta=8
3,Dental Del Parque,laboratorio,92,18.455633,-97.388725,https://mitehuacan.mx/?ruta=8
3,Quality Laboratorio,laboratorio,98,18.459586,-97.392427,https://mitehuacan.mx/?ruta=8
3,Bioavante Laboratorio Clinico,laboratorio,112,18.455796,-97.396697,https://mitehuacan.mx/?ruta=8
3,Diagnostica Hidalgo,laboratorio,126,18.455484,-97.393284,https://mitehuacan.mx/?ruta=8
3,Laboratorio Diagnostico Clinico,laboratorio,137,18.460011,-97.394205,https://mitehuacan.mx/?ruta=8
3,Lavanderia Sin Nombre,lavandería,0,18.460543,-97.420295,https://mitehuacan.mx/?ruta=8
3,Tintoreria Tehuacan,lavandería,0,18.460303,-97.411707,https://mitehuacan.mx/?ruta=8
3,Lavanderia Yolis,lavandería,2,18.456916,-97.40353,https://mitehuacan.mx/?ruta=8
3,Hego Wash,lavandería,3,18.460348,-97.410311,https://mitehuacan.mx/?ruta=8
3,Lavanderia Super Limp,lavandería,3,18.460506,-97.417474,https://mitehuacan.mx/?ruta=8
3,Tinto Limp,lavandería,4,18.457002,-97.400016,https://mitehuacan.mx/?ruta=8
3,Tintoreria Y Lavanderia Sarai,lavandería,6,18.457667,-97.398945,https://mitehuacan.mx/?ruta=8
3,Lavanderia De Autoservicio Burbujas Tehuacan,lavandería,7,18.456941,-97.401005,https://mitehuacan.mx/?ruta=8
3,Tintoreria Francesa,lavandería,15,18.455872,-97.389446,https://mitehuacan.mx/?ruta=8
3,Lavanderia Sin Nombre,lavandería,55,18.458242,-97.378776,https://mitehuacan.mx/?ruta=8
3,Lavanderia El Tallon,lavandería,65,18.460212,-97.381027,https://mitehuacan.mx/?ruta=8
3,Lavanderia Orange Cleaners,lavandería,65,18.455987,-97.392957,https://mitehuacan.mx/?ruta=8
3,Tintoreria Flores Magon,lavandería,81,18.461498,-97.386782,https://mitehuacan.mx/?ruta=8
3,Lavanderia 360 Grados,lavandería,82,18.460172,-97.407822,https://mitehuacan.mx/?ruta=8
3,Lavanderia Servic Clean Lavado De Ropa Asi Como Colchas Saba,lavandería,85,18.458906,-97.399839,https://mitehuacan.mx/?ruta=8
3,Lavanderia La Magnifica,lavandería,90,18.455427,-97.390449,https://mitehuacan.mx/?ruta=8
3,Lavanderia La Estrella,lavandería,107,18.458251,-97.40339,https://mitehuacan.mx/?ruta=8
3,Lavanderia Jazmin,lavandería,112,18.455372,-97.398226,https://mitehuacan.mx/?ruta=8
3,Tintoreria Elegance,lavandería,121,18.455604,-97.394267,https://mitehuacan.mx/?ruta=8
3,Sastreria Emmanuel,lavandería,133,18.457446,-97.391321,https://mitehuacan.mx/?ruta=8
3,Lavanderia Independencia,lavandería,142,18.461929,-97.382673,https://mitehuacan.mx/?ruta=8
3,Distribuidora Editorial Books Land,librería,108,18.456871,-97.391599,https://mitehuacan.mx/?ruta=8
3,Marisqueria Puerto Escondido,mariscos,11,18.456933,-97.397188,https://mitehuacan.mx/?ruta=8
3,Restaurante De Mariscos El Coral,mariscos,19,18.458831,-97.391449,https://mitehuacan.mx/?ruta=8
3,Marisqueria La Barra De Alvarado,mariscos,32,18.457337,-97.401788,https://mitehuacan.mx/?ruta=8
3,Bodega De Pescados Y Mariscos La Isla De La Barra De Alvarad,mariscos,39,18.461031,-97.383815,https://mitehuacan.mx/?ruta=8
3,Playa Coco,mariscos,75,18.461363,-97.38394,https://mitehuacan.mx/?ruta=8
3,Tacos De Camaron Y Pescado Culichis En Tehuacan,mariscos,127,18.460128,-97.406789,https://mitehuacan.mx/?ruta=8
3,Mundo Mascotas,mascotas,1,18.458449,-97.385491,https://mitehuacan.mx/?ruta=8
3,Veterinaria Sin Nombre,mascotas,1,18.459576,-97.389484,https://mitehuacan.mx/?ruta=8
3,Veterinaria Trujillo,mascotas,7,18.455947,-97.392078,https://mitehuacan.mx/?ruta=8
3,Bodega De Habarrotes 3 Estrellas Sin Nombre,mascotas,9,18.458384,-97.386022,https://mitehuacan.mx/?ruta=8
3,Accesorios Para Mascotas Good Kat,mascotas,10,18.45892,-97.396457,https://mitehuacan.mx/?ruta=8
3,Alimentos Cadena,mascotas,10,18.458435,-97.383043,https://mitehuacan.mx/?ruta=8
3,Veterinaria Pacheco,mascotas,12,18.458944,-97.39661,https://mitehuacan.mx/?ruta=8
3,Bodega De Almacenamientos Balanceados Gorgonio,mascotas,13,18.457626,-97.378766,https://mitehuacan.mx/?ruta=8
3,Tienda De Accesorios Para Mascota Tu Amigo Fiel Th,mascotas,13,18.458415,-97.389407,https://mitehuacan.mx/?ruta=8
3,Venta De Accesorios Para Mascotas Spa Y Pet Shop Mascotiland,mascotas,14,18.458769,-97.391143,https://mitehuacan.mx/?ruta=8
3,Accesorios Togo,mascotas,30,18.45551,-97.389887,https://mitehuacan.mx/?ruta=8
3,Venta De Animales De Corral Sin Nombre,mascotas,31,18.458203,-97.386629,https://mitehuacan.mx/?ruta=8
3,Veterinaria Pacheco,mascotas,49,18.459637,-97.409516,https://mitehuacan.mx/?ruta=8
3,Consultorio Veterinario Sin Nombre,mascotas,54,18.455471,-97.392431,https://mitehuacan.mx/?ruta=8
3,Veterinaria Sin Nombre,mascotas,66,18.460811,-97.409413,https://mitehuacan.mx/?ruta=8
3,Plasticos Erandi,mascotas,71,18.458017,-97.391472,https://mitehuacan.mx/?ruta=8
3,Compra Venta De Alimentos Y Accesorios Para Aves El Piolin,mascotas,74,18.457807,-97.390242,https://mitehuacan.mx/?ruta=8
3,Tienda Para Mascotas El Canario De Oro,mascotas,87,18.461631,-97.389464,https://mitehuacan.mx/?ruta=8
3,Alimento Balanceado Para Ganado Y Mascotas,mascotas,106,18.457423,-97.38394,https://mitehuacan.mx/?ruta=8
3,Tienda De Accesorios Para Mascotas Sin Nombre,mascotas,107,18.459597,-97.390751,https://mitehuacan.mx/?ruta=8
3,Venta De Alimentos Balanceados Pecuarios Y Mascotas Mega Bod,mascotas,117,18.457389,-97.385706,https://mitehuacan.mx/?ruta=8
3,Farmacia Veterinaria Disan Tehuacan,mascotas,118,18.457401,-97.386228,https://mitehuacan.mx/?ruta=8
3,Venta De Alimento Para Animales Api-Aba,mascotas,119,18.457411,-97.386702,https://mitehuacan.mx/?ruta=8
3,Compra Y Venta De Acsesorios De Aves Sin Nombre,mascotas,126,18.457301,-97.385434,https://mitehuacan.mx/?ruta=8
3,Veterinaria Pacheco,mascotas,129,18.457349,-97.387548,https://mitehuacan.mx/?ruta=8
3,Acuario Biosfera,mascotas,131,18.456581,-97.405487,https://mitehuacan.mx/?ruta=8
3,Acuario Fish Paradise,mascotas,140,18.457302,-97.391484,https://mitehuacan.mx/?ruta=8
3,Distribuidora De Huevo Los Tapatios,mayoreo,0,18.457863,-97.379406,https://mitehuacan.mx/?ruta=8
3,Botica Herbolaria San Ildefonso,mayoreo,1,18.458751,-97.393961,https://mitehuacan.mx/?ruta=8
3,Compra - Venta Costales Y Plasticos Tehuacan,mayoreo,1,18.458297,-97.382156,https://mitehuacan.mx/?ruta=8
3,Construcasa,mayoreo,1,18.456925,-97.40332,https://mitehuacan.mx/?ruta=8
3,Distribuidora De Maquinaria Agricola Sin Nombre,mayoreo,1,18.458523,-97.387366,https://mitehuacan.mx/?ruta=8
3,Estanterias Metalicas Flejuser,mayoreo,1,18.458507,-97.3871,https://mitehuacan.mx/?ruta=8
3,Grupo Conpremex,mayoreo,1,18.46026,-97.410462,https://mitehuacan.mx/?ruta=8
3,Plasticos Y Costales Tehuacan,mayoreo,1,18.458292,-97.38208,https://mitehuacan.mx/?ruta=8
3,Venta De Muebles Metalicos Tfg,mayoreo,1,18.458517,-97.387252,https://mitehuacan.mx/?ruta=8
3,Compra Venta De Materiales De Reciclados,mayoreo,2,18.456916,-97.40353,https://mitehuacan.mx/?ruta=8
3,Compra Y Venta De Reciclados Alamo,mayoreo,2,18.458793,-97.39582,https://mitehuacan.mx/?ruta=8
3,Distribuidora De Quimicos Paraiso Productos Para Fumigacion,mayoreo,2,18.457069,-97.402035,https://mitehuacan.mx/?ruta=8
3,Recicladora De La 17 Sur,mayoreo,2,18.453557,-97.379531,https://mitehuacan.mx/?ruta=8
3,Refrigeracion Basculas Y Equipos Comerciales,mayoreo,2,18.458692,-97.391933,https://mitehuacan.mx/?ruta=8
3,Venta De Marcos De Madera Marcos Tehuacan,mayoreo,2,18.458681,-97.39145,https://mitehuacan.mx/?ruta=8
3,Barnices Otto,mayoreo,4,18.458608,-97.389118,https://mitehuacan.mx/?ruta=8
3,Maderas Y Derivados De Tehuacan,mayoreo,4,18.460701,-97.38345,https://mitehuacan.mx/?ruta=8
3,Agroquimicos Urbania,mayoreo,8,18.458699,-97.394237,https://mitehuacan.mx/?ruta=8
3,Centro De Reciclado De La 3 Oriente,mayoreo,8,18.460607,-97.383776,https://mitehuacan.mx/?ruta=8
3,Medicine Depot,mayoreo,9,18.458689,-97.394128,https://mitehuacan.mx/?ruta=8
3,Venta De Plasticos Arias,mayoreo,9,18.458403,-97.382646,https://mitehuacan.mx/?ruta=8
3,Articulos Para El Hogar Dehogar,mayoreo,10,18.45884,-97.393636,https://mitehuacan.mx/?ruta=8
3,Casa Jimenez De Maquinas De Coser,mayoreo,10,18.458854,-97.394091,https://mitehuacan.mx/?ruta=8
3,Flejuser Muebles Metalicos,mayoreo,10,18.458539,-97.385705,https://mitehuacan.mx/?ruta=8
3,Venta De Muebles Metalicos Tfg,mayoreo,10,18.458529,-97.385374,https://mitehuacan.mx/?ruta=8
3,Gumosa Distribuidora,mayoreo,11,18.456625,-97.394896,https://mitehuacan.mx/?ruta=8
3,Agroquimicos Y Semillas La Coa,mayoreo,12,18.458627,-97.387657,https://mitehuacan.mx/?ruta=8
3,Epocsy Art Mexico,mayoreo,12,18.454366,-97.389745,https://mitehuacan.mx/?ruta=8
3,Tienda De Refacciones Agromaq Del Sur,mayoreo,12,18.458796,-97.392129,https://mitehuacan.mx/?ruta=8
3,Abastecedora Electrica Sin Nombre,mayoreo,13,18.458779,-97.391418,https://mitehuacan.mx/?ruta=8
3,Marleba Venta De Estanteria,mayoreo,13,18.45854,-97.385074,https://mitehuacan.mx/?ruta=8
3,Recicladora Sin Nombre,mayoreo,13,18.456833,-97.378898,https://mitehuacan.mx/?ruta=8
3,Comercio De Accesorios De Computo Soluciones Tecnologicas Gm,mayoreo,14,18.457809,-97.389412,https://mitehuacan.mx/?ruta=8
3,Carnemart,mayoreo,15,18.458694,-97.388762,https://mitehuacan.mx/?ruta=8
3,Tienda Bombas Motores Y Rodamientos Industriales Electro-Mar,mayoreo,19,18.459048,-97.398232,https://mitehuacan.mx/?ruta=8
3,Proveedora Remco De Tehuacan,mayoreo,23,18.45856,-97.394127,https://mitehuacan.mx/?ruta=8
3,Abastecedora Electrica,mayoreo,26,18.456936,-97.394313,https://mitehuacan.mx/?ruta=8
3,Venta De Cafe Gano Excel,mayoreo,27,18.460469,-97.38495,https://mitehuacan.mx/?ruta=8
3,Venta De Maquinaria Textil Sin Nombre,mayoreo,27,18.456457,-97.394345,https://mitehuacan.mx/?ruta=8
3,Lubricantes Y Refacciones Sinai,mayoreo,28,18.458985,-97.399285,https://mitehuacan.mx/?ruta=8
3,Universal Mexico Central Mx,mayoreo,29,18.458505,-97.394236,https://mitehuacan.mx/?ruta=8
3,Venta De Muebles Metalicos Marleba,mayoreo,29,18.45872,-97.385794,https://mitehuacan.mx/?ruta=8
3,Ventade Maquinas Textiles Macointeh,mayoreo,29,18.458506,-97.394128,https://mitehuacan.mx/?ruta=8
3,Venta De Bocinas Y Luces R-Audio,mayoreo,32,18.458719,-97.385149,https://mitehuacan.mx/?ruta=8
3,Dimmeeb,mayoreo,33,18.458784,-97.386618,https://mitehuacan.mx/?ruta=8
3,Venta De Refacciones Para Maquinas De Coser Calderi Tehuacan,mayoreo,33,18.458473,-97.394237,https://mitehuacan.mx/?ruta=8
3,Compra Y Venta De Fierro Viejo,mayoreo,36,18.457673,-97.429338,https://mitehuacan.mx/?ruta=8
3,Casa Dany,mayoreo,37,18.459103,-97.394125,https://mitehuacan.mx/?ruta=8
3,Refrigeracion Basculas Y Equipos Comerciales Rebecsa,mayoreo,37,18.458401,-97.393383,https://mitehuacan.mx/?ruta=8
3,Venta De Maquinaria Agricola Sin Nombre,mayoreo,38,18.458121,-97.386027,https://mitehuacan.mx/?ruta=8
3,Operadora Avicola San Miguel Bodega 6,mayoreo,41,18.458085,-97.378691,https://mitehuacan.mx/?ruta=8
3,Venta De Maquinaria Agricola Sin Nombre,mayoreo,41,18.4588,-97.385144,https://mitehuacan.mx/?ruta=8
3,Reciclado Mendez,mayoreo,43,18.451806,-97.379712,https://mitehuacan.mx/?ruta=8
3,Bodega De Musical Sinfonia,mayoreo,44,18.460078,-97.389897,https://mitehuacan.mx/?ruta=8
3,Estanterias Jesmar,mayoreo,46,18.458843,-97.385056,https://mitehuacan.mx/?ruta=8
3,Plastika,mayoreo,49,18.457049,-97.392746,https://mitehuacan.mx/?ruta=8
3,Distribumez,mayoreo,50,18.460057,-97.41662,https://mitehuacan.mx/?ruta=8
3,Sifusa Fumigaciones,mayoreo,51,18.460676,-97.40942,https://mitehuacan.mx/?ruta=8
3,Compra Y Venta De Plasticos Sin Nombre,mayoreo,53,18.45796,-97.385499,https://mitehuacan.mx/?ruta=8
3,Compra Venta De Desperdicios Industriales Sin Nombre,mayoreo,60,18.457499,-97.399955,https://mitehuacan.mx/?ruta=8
3,Distribuciones Diana De Puebla Envases De Plastico,mayoreo,64,18.45447,-97.390235,https://mitehuacan.mx/?ruta=8
3,Ferreteria Albeluan,mayoreo,75,18.459162,-97.386613,https://mitehuacan.mx/?ruta=8
3,Materiales Rodi Y Raban De Oaxaca,mayoreo,75,18.461384,-97.384898,https://mitehuacan.mx/?ruta=8
3,Recicladora De Aceros Y Metales Un Mundo Mejor,mayoreo,77,18.455425,-97.390326,https://mitehuacan.mx/?ruta=8
3,Recicladora La Familia,mayoreo,77,18.456252,-97.403753,https://mitehuacan.mx/?ruta=8
3,Plasticos De Oriente,mayoreo,82,18.459975,-97.385068,https://mitehuacan.mx/?ruta=8
3,Electronica Vega,mayoreo,89,18.457422,-97.390392,https://mitehuacan.mx/?ruta=8
3,Motoimplementos Y Equipos De Puebla,mayoreo,89,18.457676,-97.386575,https://mitehuacan.mx/?ruta=8
3,Recicladora,mayoreo,94,18.459726,-97.418748,https://mitehuacan.mx/?ruta=8
3,Casa Gorgonio Chiles Secos Y Semillas,mayoreo,100,18.459235,-97.382786,https://mitehuacan.mx/?ruta=8
3,Tehuacán,mayoreo,103,18.459706,-97.394209,https://mitehuacan.mx/?ruta=8
3,Bodega De Hilos Hidalgo,mayoreo,106,18.458998,-97.400034,https://mitehuacan.mx/?ruta=8
3,Reciclado El Chino,mayoreo,111,18.451203,-97.380434,https://mitehuacan.mx/?ruta=8
3,Distribuidora De Embalajes,mayoreo,117,18.457387,-97.385621,https://mitehuacan.mx/?ruta=8
3,Miscelanea Y Ferreteria Y Materiales Para Costruccion Sucurs,mayoreo,118,18.455564,-97.403311,https://mitehuacan.mx/?ruta=8
3,La Casa Del Cementin,mayoreo,119,18.459333,-97.400064,https://mitehuacan.mx/?ruta=8
3,Venta De Lonas Sanmi,mayoreo,119,18.457097,-97.391594,https://mitehuacan.mx/?ruta=8
3,Compra Venta De Refrigeradores Refrigeracion Comercial,mayoreo,120,18.459857,-97.394207,https://mitehuacan.mx/?ruta=8
3,Recicladora Un Mundo Mejor,mayoreo,120,18.45743,-97.387507,https://mitehuacan.mx/?ruta=8
3,Venta De Maquinaria Usada Sin Nombre,mayoreo,122,18.455586,-97.393983,https://mitehuacan.mx/?ruta=8
3,Barradas Refrigeracion Comercial Tehuacan,mayoreo,124,18.459889,-97.394207,https://mitehuacan.mx/?ruta=8
3,Plasticos Y Costales Tehuacan,mayoreo,124,18.45955,-97.385095,https://mitehuacan.mx/?ruta=8
3,Sucursal Estanterias Metalicas Flejuser,mayoreo,127,18.457296,-97.385662,https://mitehuacan.mx/?ruta=8
3,Maquinas De Coser Sin Nombre,mayoreo,132,18.455501,-97.394251,https://mitehuacan.mx/?ruta=8
3,Comercializadora De Maderas El Riego,mayoreo,136,18.458489,-97.409571,https://mitehuacan.mx/?ruta=8
3,Materiales Laureles,mayoreo,136,18.454129,-97.431672,https://mitehuacan.mx/?ruta=8
3,Reciclaje El Iman,mayoreo,140,18.458614,-97.409801,https://mitehuacan.mx/?ruta=8
3,Resguardo De Tambos De Plastico Sin Nombre,mayoreo,142,18.459965,-97.380316,https://mitehuacan.mx/?ruta=8
3,Venta De Aceros Y Materiales Goti Goav,mayoreo,145,18.460187,-97.398182,https://mitehuacan.mx/?ruta=8
3,Lic. Benito Juarez,mercado,57,18.455695,-97.399986,https://mitehuacan.mx/?ruta=8
3,La Purisima,mercado,122,18.457306,-97.384567,https://mitehuacan.mx/?ruta=8
3,Merceria Javier Heriberto Velasco Recio,mercería,0,18.458724,-97.393156,https://mitehuacan.mx/?ruta=8
3,Merceria Sin Nombre,mercería,0,18.458413,-97.384723,https://mitehuacan.mx/?ruta=8
3,Venta De Hilos Y Avios Dura Avios,mercería,2,18.458796,-97.394472,https://mitehuacan.mx/?ruta=8
3,Hilos Y Cordeles San Pablo,mercería,3,18.458673,-97.391232,https://mitehuacan.mx/?ruta=8
3,Entre Costuras Merceria,mercería,17,18.458509,-97.391574,https://mitehuacan.mx/?ruta=8
3,Venta De Cierres Y Botones Creaciones Andy,mercería,21,18.458578,-97.394127,https://mitehuacan.mx/?ruta=8
3,Merceria El Redil,mercería,29,18.458761,-97.387107,https://mitehuacan.mx/?ruta=8
3,El Globito,mercería,31,18.458382,-97.391574,https://mitehuacan.mx/?ruta=8
3,Venta De Cierres Zipper Depot,mercería,34,18.456391,-97.394243,https://mitehuacan.mx/?ruta=8
3,Comercializadora Reforma,mercería,51,18.45831,-97.394238,https://mitehuacan.mx/?ruta=8
3,Papeleria Merceria Y Regalos Dany Laura,mercería,68,18.459044,-97.385128,https://mitehuacan.mx/?ruta=8
3,Estambres El Patito,mercería,87,18.459416,-97.390752,https://mitehuacan.mx/?ruta=8
3,Hilos Lobo,mercería,90,18.457511,-97.394165,https://mitehuacan.mx/?ruta=8
3,Venta De Articulos De Merceria Sin Nombre,mercería,104,18.457488,-97.385152,https://mitehuacan.mx/?ruta=8
3,Venta De Hilos Y Servilletas Sin Nombre,mercería,106,18.45747,-97.385153,https://mitehuacan.mx/?ruta=8
3,Tienda De Estambres Sin Nombre,mercería,108,18.459444,-97.386072,https://mitehuacan.mx/?ruta=8
3,Merceria Sin Nombre,mercería,111,18.457424,-97.385157,https://mitehuacan.mx/?ruta=8
3,Merceria Telas Del Centro,mercería,111,18.457765,-97.394258,https://mitehuacan.mx/?ruta=8
3,Merceria Jaqueline,mercería,124,18.457307,-97.385157,https://mitehuacan.mx/?ruta=8
3,Rm Renta De Maquinaria,minera,116,18.458921,-97.409786,https://mitehuacan.mx/?ruta=8
3,Z Motors Accesorios Y Refacciones,motos,3,18.458219,-97.380925,https://mitehuacan.mx/?ruta=8
3,Taller De Motos Sin Nombre,motos,18,18.455418,-97.389767,https://mitehuacan.mx/?ruta=8
3,De Los Angeles Motors Venta De Motos Yamaha,motos,23,18.45649,-97.39424,https://mitehuacan.mx/?ruta=8
3,Reparacion De Motocicletas Sin Nombre,motos,28,18.456466,-97.400528,https://mitehuacan.mx/?ruta=8
3,Talacheria De Motos Sin Nombre,motos,38,18.458292,-97.428522,https://mitehuacan.mx/?ruta=8
3,Coppel Motos Tehuacan 7874,motos,42,18.458236,-97.379339,https://mitehuacan.mx/?ruta=8
3,Moto Mik Venta De Refacciones Y Servicios Para Motocicletas,motos,50,18.45757,-97.402301,https://mitehuacan.mx/?ruta=8
3,Aeva Motos,motos,51,18.454371,-97.390324,https://mitehuacan.mx/?ruta=8
3,Tallere Mecanicode Motos Sin Nombre,motos,53,18.460903,-97.421609,https://mitehuacan.mx/?ruta=8
3,Tienda De Refacciones Y Accesorios Para Motos De Los Angeles,motos,68,18.459314,-97.392418,https://mitehuacan.mx/?ruta=8
3,Motocicletas Italika Distribuidor,motos,84,18.457456,-97.394168,https://mitehuacan.mx/?ruta=8
3,Taller De Motos Baez,motos,85,18.459604,-97.396583,https://mitehuacan.mx/?ruta=8
3,Del Valle Motos Y Refacciones,motos,89,18.461099,-97.409635,https://mitehuacan.mx/?ruta=8
3,Transportes Cc Fletes Y Mudanzas,mudanzas,113,18.461296,-97.381144,https://mitehuacan.mx/?ruta=8
3,Baños Publicos,negocio,0,18.456208,-97.400391,https://mitehuacan.mx/?ruta=8
3,Centro De Psicologia Soctlan,negocio,0,18.458849,-97.397412,https://mitehuacan.mx/?ruta=8
3,Estancia De Dia Nuevo Amanecer,negocio,0,18.458331,-97.406335,https://mitehuacan.mx/?ruta=8
3,Iglesia Presbiteriana El Shadai,negocio,0,18.46043,-97.414862,https://mitehuacan.mx/?ruta=8
3,Okreativa Diseño,negocio,0,18.458845,-97.39725,https://mitehuacan.mx/?ruta=8
3,Panaderia Pasteleria Sari,negocio,0,18.456659,-97.393463,https://mitehuacan.mx/?ruta=8
3,Panificadora San Francisco De Asis,negocio,0,18.460536,-97.389475,https://mitehuacan.mx/?ruta=8
3,Servicio De Sanitarios Mercado,negocio,0,18.458408,-97.384596,https://mitehuacan.mx/?ruta=8
3,Tapiceria Automotriz Plus,negocio,0,18.456757,-97.398814,https://mitehuacan.mx/?ruta=8
3,Base Ruta 17 San Bartolo Teontepec,negocio,1,18.460764,-97.386342,https://mitehuacan.mx/?ruta=8
3,Baños Publicos,negocio,1,18.458694,-97.392,https://mitehuacan.mx/?ruta=8
3,Centro Integrador De Desarrollo De Bienestar,negocio,1,18.456201,-97.399872,https://mitehuacan.mx/?ruta=8
3,Club De Ajedrez Angel Randy,negocio,1,18.458694,-97.392,https://mitehuacan.mx/?ruta=8
3,Despacho Juridico Consultor Juridico,negocio,1,18.458694,-97.392,https://mitehuacan.mx/?ruta=8
3,Estacionamiento Los Barateros,negocio,1,18.458247,-97.389523,https://mitehuacan.mx/?ruta=8
3,Estacionamiento Publico Los Chinos,negocio,1,18.458354,-97.383482,https://mitehuacan.mx/?ruta=8
3,Estacionamiento Publico Tehuacan,negocio,1,18.458401,-97.389521,https://mitehuacan.mx/?ruta=8
3,Imprenta Centro Grafico Tehuacan,negocio,1,18.456238,-97.402319,https://mitehuacan.mx/?ruta=8
3,Imprenta La Imprenta,negocio,1,18.458811,-97.395468,https://mitehuacan.mx/?ruta=8
3,Pasteleria Bethsi,negocio,1,18.461461,-97.423473,https://mitehuacan.mx/?ruta=8
3,Regreso A Lo Fundamental,negocio,1,18.458985,-97.407726,https://mitehuacan.mx/?ruta=8
3,Transportes Turisticos Tehuacan Cuicatlan,negocio,1,18.458247,-97.389523,https://mitehuacan.mx/?ruta=8
3,Vid-Agua,negocio,1,18.460727,-97.385176,https://mitehuacan.mx/?ruta=8
3,Despacho Juridico Rivera Y Asociados,negocio,2,18.460772,-97.386598,https://mitehuacan.mx/?ruta=8
3,Iglesia Nacional Presbiteriana De Mexico,negocio,2,18.456931,-97.402874,https://mitehuacan.mx/?ruta=8
3,Iglesia Tehuacan,negocio,2,18.460774,-97.386664,https://mitehuacan.mx/?ruta=8
3,Impresos San Juditas,negocio,2,18.46061,-97.417427,https://mitehuacan.mx/?ruta=8
3,Mariachi Garibaldi,negocio,2,18.460781,-97.386882,https://mitehuacan.mx/?ruta=8
3,Pasteleria,negocio,2,18.460365,-97.410984,https://mitehuacan.mx/?ruta=8
3,Servicio De Alineacion Y Balanceo Danny,negocio,2,18.456873,-97.397648,https://mitehuacan.mx/?ruta=8
3,Autobuses Costa De Oro Guadalajara Mazatlan Tijuana,negocio,3,18.458561,-97.388143,https://mitehuacan.mx/?ruta=8
3,Corporativo Romero Calderon Abogados,negocio,3,18.458633,-97.390114,https://mitehuacan.mx/?ruta=8
3,Estacionamiento Abarrotera Hidalgo Tehuacan,negocio,3,18.456916,-97.380352,https://mitehuacan.mx/?ruta=8
3,Ginmasio Platinum,negocio,3,18.460241,-97.409423,https://mitehuacan.mx/?ruta=8
3,Iglesia Eben Ezer,negocio,3,18.458509,-97.427958,https://mitehuacan.mx/?ruta=8
3,Panaderia Jose Pastelin,negocio,3,18.455288,-97.389577,https://mitehuacan.mx/?ruta=8
3,Universalacer,negocio,3,18.456891,-97.397942,https://mitehuacan.mx/?ruta=8
3,Venta De Articulos De Fiesta Q Shulos,negocio,3,18.458654,-97.390644,https://mitehuacan.mx/?ruta=8
3,Estacionamiento Sin Nombre,negocio,4,18.460721,-97.38399,https://mitehuacan.mx/?ruta=8
3,Iglesia Sagrado Corazon De Jesus,negocio,4,18.459165,-97.407377,https://mitehuacan.mx/?ruta=8
3,Mofles Guadalupe,negocio,4,18.456997,-97.399874,https://mitehuacan.mx/?ruta=8
3,Mofles Ruiz,negocio,4,18.457018,-97.40049,https://mitehuacan.mx/?ruta=8
3,Tapiceria De La Tres Oriente,negocio,4,18.460708,-97.383687,https://mitehuacan.mx/?ruta=8
3,Panaderia Olivo Y Miel,negocio,5,18.456993,-97.399694,https://mitehuacan.mx/?ruta=8
3,Pasteleria Deli-Cake,negocio,6,18.460695,-97.38643,https://mitehuacan.mx/?ruta=8
3,Pasteleria La Artesanal,negocio,6,18.460717,-97.387169,https://mitehuacan.mx/?ruta=8
3,Salon Pepes,negocio,6,18.458685,-97.399072,https://mitehuacan.mx/?ruta=8
3,Base De Ruta San Estaban,negocio,7,18.460698,-97.386591,https://mitehuacan.mx/?ruta=8
3,Certeza Juridica,negocio,7,18.456039,-97.392152,https://mitehuacan.mx/?ruta=8
3,Flash Oil,negocio,7,18.455827,-97.391981,https://mitehuacan.mx/?ruta=8
3,Iglesia Rios De Agua Viva,negocio,7,18.455427,-97.379825,https://mitehuacan.mx/?ruta=8
3,Tapiceria Automotriz Kike,negocio,7,18.460651,-97.385084,https://mitehuacan.mx/?ruta=8
3,Ermita De La Santa Cruz,negocio,8,18.456962,-97.401554,https://mitehuacan.mx/?ruta=8
3,La Pan Expendio De Pan,negocio,8,18.456971,-97.401801,https://mitehuacan.mx/?ruta=8
3,Mariachi Oro Y Plata,negocio,8,18.460844,-97.387126,https://mitehuacan.mx/?ruta=8
3,Purificadora De Agua Aqua Light,negocio,8,18.454909,-97.379889,https://mitehuacan.mx/?ruta=8
3,Rectificadora Automotriz Continental,negocio,8,18.460577,-97.382914,https://mitehuacan.mx/?ruta=8
3,Taller De Mofles Alex,negocio,8,18.460605,-97.383719,https://mitehuacan.mx/?ruta=8
3,Autobuses Integrados Tlacotepec-Tehuacan,negocio,9,18.458557,-97.386314,https://mitehuacan.mx/?ruta=8
3,Estacionamiento Publico Sin Nombre,negocio,9,18.458452,-97.383574,https://mitehuacan.mx/?ruta=8
3,Panaderia La Camelia,negocio,9,18.458883,-97.395238,https://mitehuacan.mx/?ruta=8
3,Ruta San Gabriel Chilac Tehuacan,negocio,9,18.460749,-97.388972,https://mitehuacan.mx/?ruta=8
3,Casa De Oracion Santa Teresa,negocio,10,18.458947,-97.397693,https://mitehuacan.mx/?ruta=8
3,Estacionamiento San Chava,negocio,10,18.458944,-97.397598,https://mitehuacan.mx/?ruta=8
3,Estacionamiento San Gabriel,negocio,10,18.458488,-97.389407,https://mitehuacan.mx/?ruta=8
3,Sindicato De Maestros D435,negocio,10,18.458941,-97.397484,https://mitehuacan.mx/?ruta=8
3,Supervision Escolar De Bachilleratos Zona 025,negocio,10,18.456309,-97.401482,https://mitehuacan.mx/?ruta=8
3,Tienda De Manualidades Sin Nombre,negocio,10,18.458877,-97.394906,https://mitehuacan.mx/?ruta=8
3,Baños Publicos El Tucan,negocio,11,18.458498,-97.384293,https://mitehuacan.mx/?ruta=8
3,Estacionamiento Publico Gomez Ollivier,negocio,11,18.460442,-97.389372,https://mitehuacan.mx/?ruta=8
3,Estacionamiento Sin Nombre,negocio,11,18.460017,-97.389377,https://mitehuacan.mx/?ruta=8
3,Instituto Estatal Electoral,negocio,11,18.460534,-97.413369,https://mitehuacan.mx/?ruta=8
3,Panaderia Artesanal Sin Nombre,negocio,11,18.456692,-97.396241,https://mitehuacan.mx/?ruta=8
3,Taller De Diseño Grafico Y Recuerdos,negocio,11,18.45663,-97.395,https://mitehuacan.mx/?ruta=8
3,Bufete Juridico Sin Nombre,negocio,12,18.456806,-97.394213,https://mitehuacan.mx/?ruta=8
3,Salon Parroquial,negocio,12,18.458876,-97.407124,https://mitehuacan.mx/?ruta=8
3,Supervision Escolar Zona 022 Tehuacan,negocio,12,18.456837,-97.39965,https://mitehuacan.mx/?ruta=8
3,Base De Combis De Santa Ana Teloxtoc,negocio,13,18.457248,-97.389433,https://mitehuacan.mx/?ruta=8
3,Estacionamiento Estacionamiento De La 5,negocio,13,18.458089,-97.38941,https://mitehuacan.mx/?ruta=8
3,Iglesia Bautista Emmanuel,negocio,13,18.458618,-97.393373,https://mitehuacan.mx/?ruta=8
3,Novedades Yessica,negocio,13,18.45875,-97.389393,https://mitehuacan.mx/?ruta=8
3,Panaderia Alexander,negocio,13,18.460429,-97.417873,https://mitehuacan.mx/?ruta=8
3,Pasteleria El Danubio,negocio,13,18.458234,-97.389408,https://mitehuacan.mx/?ruta=8
3,Regalos Y Manualidades Beyco,negocio,13,18.458741,-97.389393,https://mitehuacan.mx/?ruta=8
3,Consultorio Juridico Iuscrim,negocio,14,18.456481,-97.392761,https://mitehuacan.mx/?ruta=8
3,Coth53 Sanitarios Au,negocio,14,18.458673,-97.388423,https://mitehuacan.mx/?ruta=8
3,Despacho Juridico,negocio,14,18.456481,-97.392761,https://mitehuacan.mx/?ruta=8
3,Despacho Juridico Dolores,negocio,14,18.456481,-97.392761,https://mitehuacan.mx/?ruta=8
3,Despacho Juridico Gaytan,negocio,14,18.456481,-97.392761,https://mitehuacan.mx/?ruta=8
3,Imprenta Grafos,negocio,14,18.460097,-97.409727,https://mitehuacan.mx/?ruta=8
3,Impresora Aguila,negocio,14,18.458664,-97.388196,https://mitehuacan.mx/?ruta=8
3,Servicio De Diseño Grafico Fonts Impresion Y Diseño,negocio,14,18.457736,-97.389412,https://mitehuacan.mx/?ruta=8
3,Central Mexicana De Alcoholicos Anonimos Region Sur Poniente,negocio,15,18.454533,-97.38948,https://mitehuacan.mx/?ruta=8
3,Centro Firestone,negocio,15,18.454363,-97.391096,https://mitehuacan.mx/?ruta=8
3,Estacionamiento Publico San Juan,negocio,15,18.458695,-97.388774,https://mitehuacan.mx/?ruta=8
3,Estacionamiento Sin Nombre,negocio,15,18.458732,-97.389817,https://mitehuacan.mx/?ruta=8
3,Galerias Leon,negocio,15,18.458744,-97.390205,https://mitehuacan.mx/?ruta=8
3,Gimnasio Heroes,negocio,15,18.456912,-97.403672,https://mitehuacan.mx/?ruta=8
3,Iglesia Compañerismo Cristiano La Puerta,negocio,15,18.455698,-97.379062,https://mitehuacan.mx/?ruta=8
3,Meysis Postreria,negocio,15,18.459119,-97.407066,https://mitehuacan.mx/?ruta=8
3,Purificadora De Agua Inmaculada,negocio,16,18.456075,-97.401366,https://mitehuacan.mx/?ruta=8
3,Rastro Municipal,negocio,16,18.456738,-97.398188,https://mitehuacan.mx/?ruta=8
3,Urban Gym,negocio,16,18.453338,-97.390311,https://mitehuacan.mx/?ruta=8
3,Francos Abogados Y Asociados,negocio,17,18.455877,-97.389751,https://mitehuacan.mx/?ruta=8
3,Postal Impresion Digital,negocio,17,18.456578,-97.395027,https://mitehuacan.mx/?ruta=8
3,Cardio Tania,negocio,18,18.457987,-97.404687,https://mitehuacan.mx/?ruta=8
3,Casa De Dios Mi Casa Ebenezer,negocio,18,18.460347,-97.408689,https://mitehuacan.mx/?ruta=8
3,Mariachi Platino Continental,negocio,18,18.460934,-97.387123,https://mitehuacan.mx/?ruta=8
3,Elaboracion De Pan De Dulce Sin Nombre,negocio,19,18.460509,-97.383847,https://mitehuacan.mx/?ruta=8
3,Estacionamiento El Nogal,negocio,19,18.458912,-97.393492,https://mitehuacan.mx/?ruta=8
3,Baños Publicos Doña Mary,negocio,20,18.458198,-97.383819,https://mitehuacan.mx/?ruta=8
3,Estacionamiento El Paseo Hidalgo,negocio,21,18.458517,-97.392719,https://mitehuacan.mx/?ruta=8
3,Hanna Publicidad,negocio,21,18.459579,-97.409086,https://mitehuacan.mx/?ruta=8
3,Mision Bautista Biblica,negocio,23,18.460006,-97.409731,https://mitehuacan.mx/?ruta=8
3,Mofles Chapo,negocio,23,18.460508,-97.385032,https://mitehuacan.mx/?ruta=8
3,Panaderia,negocio,23,18.458089,-97.382043,https://mitehuacan.mx/?ruta=8
3,Panaderia La Gloria,negocio,23,18.456909,-97.394315,https://mitehuacan.mx/?ruta=8
3,Servio De Escapes Automotriz,negocio,23,18.456744,-97.399862,https://mitehuacan.mx/?ruta=8
3,Bufete Juridico Navarro Y Asociados,negocio,24,18.45739,-97.403219,https://mitehuacan.mx/?ruta=8
3,Baños Publicos El Tucan Ii,negocio,25,18.458153,-97.383822,https://mitehuacan.mx/?ruta=8
3,Estacionamiento Granada,negocio,25,18.460767,-97.3897,https://mitehuacan.mx/?ruta=8
3,Despacho Juridico,negocio,27,18.456457,-97.394345,https://mitehuacan.mx/?ruta=8
3,Purificadora Vidmart,negocio,27,18.456412,-97.393449,https://mitehuacan.mx/?ruta=8
3,Studio Jump,negocio,28,18.456861,-97.392752,https://mitehuacan.mx/?ruta=8
3,Estacionamiento De Autobuses,negocio,29,18.459943,-97.409734,https://mitehuacan.mx/?ruta=8
3,Gimnasio Boss,negocio,29,18.460279,-97.381368,https://mitehuacan.mx/?ruta=8
3,Grupo Ven Y Ve Alcoholicos Anonimos,negocio,29,18.460435,-97.384431,https://mitehuacan.mx/?ruta=8
3,Mofles Monterrey,negocio,29,18.45696,-97.394202,https://mitehuacan.mx/?ruta=8
3,Flores Decorativas,negocio,30,18.457078,-97.396579,https://mitehuacan.mx/?ruta=8
3,Templo El Buen Pastor,negocio,30,18.456507,-97.395966,https://mitehuacan.mx/?ruta=8
3,Diseñografico Limon,negocio,31,18.457404,-97.389842,https://mitehuacan.mx/?ruta=8
3,Estacionamiento Guadalupe,negocio,31,18.458382,-97.391574,https://mitehuacan.mx/?ruta=8
3,Gym California,negocio,31,18.456906,-97.40408,https://mitehuacan.mx/?ruta=8
3,Templo Evangelico Jesus El Lirio De Los Valles,negocio,31,18.457278,-97.428471,https://mitehuacan.mx/?ruta=8
3,Pl Impresion De Publicidad Imprenta,negocio,32,18.456547,-97.397176,https://mitehuacan.mx/?ruta=8
3,Novedades Mokeys,negocio,34,18.456391,-97.394243,https://mitehuacan.mx/?ruta=8
3,Imprenta Graphico,negocio,35,18.458455,-97.394237,https://mitehuacan.mx/?ruta=8
3,Estacionamiento La Purisima,negocio,36,18.458721,-97.38435,https://mitehuacan.mx/?ruta=8
3,Mariachi Jalisco,negocio,36,18.460444,-97.387061,https://mitehuacan.mx/?ruta=8
3,Venta De Fianzas Afianzadora Sin Nombre,negocio,36,18.453339,-97.389315,https://mitehuacan.mx/?ruta=8
3,General De Construcciones Dime,negocio,37,18.456165,-97.392769,https://mitehuacan.mx/?ruta=8
3,Spartans Gym,negocio,37,18.460437,-97.387138,https://mitehuacan.mx/?ruta=8
3,Grupo Puerto Seguro,negocio,38,18.460283,-97.382735,https://mitehuacan.mx/?ruta=8
3,Sanitarios Publicos Ely,negocio,38,18.458272,-97.390333,https://mitehuacan.mx/?ruta=8
3,Estacionamiento Sin Nombre,negocio,39,18.458731,-97.383784,https://mitehuacan.mx/?ruta=8
3,Gimnasio Maxi Fit,negocio,39,18.460544,-97.408965,https://mitehuacan.mx/?ruta=8
3,Mariachi Real De Mexico,negocio,39,18.460416,-97.387062,https://mitehuacan.mx/?ruta=8
3,Baños Publicos Sin Nombre,negocio,40,18.46015,-97.382229,https://mitehuacan.mx/?ruta=8
3,Congregacion Nacional Presbiteriana Conservadora Filadelfia,negocio,40,18.458848,-97.38671,https://mitehuacan.mx/?ruta=8
3,Afore Xxi Banorte,negocio,41,18.459139,-97.394123,https://mitehuacan.mx/?ruta=8
3,Cerdito Creativo,negocio,41,18.458733,-97.408044,https://mitehuacan.mx/?ruta=8
3,Doble Aa Grupo La Purisima Distrito 18 Area Puebla 2,negocio,41,18.458083,-97.385873,https://mitehuacan.mx/?ruta=8
3,Pension De Vehiculos Sin Nombre,negocio,41,18.459072,-97.392525,https://mitehuacan.mx/?ruta=8
3,Mariachi Santa Maria,negocio,42,18.458879,-97.38711,https://mitehuacan.mx/?ruta=8
3,Tornos America,negocio,44,18.456258,-97.393454,https://mitehuacan.mx/?ruta=8
3,Bar La Cita,negocio,45,18.456902,-97.404355,https://mitehuacan.mx/?ruta=8
3,Alcoholicos Anonimos,negocio,46,18.46126,-97.389467,https://mitehuacan.mx/?ruta=8
3,Ela Renta De Vestidos,negocio,46,18.458416,-97.396525,https://mitehuacan.mx/?ruta=8
3,Manualidades,negocio,46,18.457729,-97.429412,https://mitehuacan.mx/?ruta=8
3,Mariachi Cocula,negocio,46,18.460355,-97.387139,https://mitehuacan.mx/?ruta=8
3,Arte Decorativo,negocio,47,18.458785,-97.408295,https://mitehuacan.mx/?ruta=8
3,Base De La Ruta Ajalpa Tehuacan Camaleonas,negocio,47,18.461265,-97.389345,https://mitehuacan.mx/?ruta=8
3,Estacionamiento Sin Nombre,negocio,47,18.461265,-97.389345,https://mitehuacan.mx/?ruta=8
3,Taller D Torno Sin Nombre,negocio,49,18.458093,-97.388148,https://mitehuacan.mx/?ruta=8
3,Transportes Y Turismos Marbe,negocio,50,18.461293,-97.389346,https://mitehuacan.mx/?ruta=8
3,Bufete Juridico Sin Nombre,negocio,51,18.461302,-97.389346,https://mitehuacan.mx/?ruta=8
3,Dijo Fotocopiadoras Soporte Tecnico,negocio,51,18.459296,-97.396595,https://mitehuacan.mx/?ruta=8
3,Mariachi Nuevo Amigo,negocio,51,18.45896,-97.387108,https://mitehuacan.mx/?ruta=8
3,Supervision Escolar 414,negocio,51,18.461302,-97.389346,https://mitehuacan.mx/?ruta=8
3,Supervision Escolar 419,negocio,51,18.461302,-97.389346,https://mitehuacan.mx/?ruta=8
3,Supervision Escolar 721,negocio,51,18.461302,-97.389346,https://mitehuacan.mx/?ruta=8
3,Parroquia El Divino Salvador,negocio,52,18.457895,-97.398422,https://mitehuacan.mx/?ruta=8
3,Sanitarios Publicos Larios,negocio,53,18.4579,-97.383838,https://mitehuacan.mx/?ruta=8
3,Bodega De Resguardo De Mercancia De Comerciantes,negocio,55,18.457884,-97.383911,https://mitehuacan.mx/?ruta=8
3,Pension La Suiza,negocio,55,18.460075,-97.390008,https://mitehuacan.mx/?ruta=8
3,Purificadora De Agua Sani,negocio,56,18.456259,-97.398315,https://mitehuacan.mx/?ruta=8
3,Pasteleria Y Tendajon Betsi,negocio,57,18.455804,-97.429631,https://mitehuacan.mx/?ruta=8
3,Estacionamiento Para Clientes De Distribuidora De Poliester,negocio,58,18.458091,-97.390335,https://mitehuacan.mx/?ruta=8
3,Exhibicion De Musica Y Elaboracion De Artesanias,negocio,59,18.461308,-97.426835,https://mitehuacan.mx/?ruta=8
3,Oficina Administrativa,negocio,60,18.458115,-97.39147,https://mitehuacan.mx/?ruta=8
3,Aa Grupo Nuevo Horizonte Tehuacan 4 Y 5 Paso,negocio,61,18.459026,-97.386277,https://mitehuacan.mx/?ruta=8
3,Despacho Juridico Gonzalez & Asociados,negocio,61,18.456165,-97.39161,https://mitehuacan.mx/?ruta=8
3,Dinerito Xtra,negocio,62,18.459326,-97.394114,https://mitehuacan.mx/?ruta=8
3,Jesbaam Impresores,negocio,62,18.45906,-97.387105,https://mitehuacan.mx/?ruta=8
3,Panaderia Vanessa,negocio,62,18.456413,-97.388984,https://mitehuacan.mx/?ruta=8
3,Panaderia Y Pasteleria Las Tres Conchitas,negocio,62,18.453346,-97.390861,https://mitehuacan.mx/?ruta=8
3,Panificadora Gutipan,negocio,63,18.459272,-97.392538,https://mitehuacan.mx/?ruta=8
3,Radiadores Mafle,negocio,63,18.454791,-97.390505,https://mitehuacan.mx/?ruta=8
3,Supervision Escolar De La Zona 045 De Telesecundarias Estata,negocio,67,18.459084,-97.386389,https://mitehuacan.mx/?ruta=8
3,Mariachi Puebla,negocio,68,18.459114,-97.387104,https://mitehuacan.mx/?ruta=8
3,Panaderia La Primavera Del Carmen,negocio,69,18.461044,-97.42248,https://mitehuacan.mx/?ruta=8
3,Pensiones Y Seguros Abc,negocio,69,18.459453,-97.396589,https://mitehuacan.mx/?ruta=8
3,Arrendadora De Mesas Y Sillas Yosami,negocio,71,18.459528,-97.399099,https://mitehuacan.mx/?ruta=8
3,Comunidad Catolica La Buena Nueva,negocio,71,18.458102,-97.393658,https://mitehuacan.mx/?ruta=8
3,Grupo Constructor Gomez Olivier,negocio,72,18.455288,-97.392498,https://mitehuacan.mx/?ruta=8
3,Instituto Religioso Hermanas Menores De Jesus De La Diocesis,negocio,72,18.459391,-97.393473,https://mitehuacan.mx/?ruta=8
3,Mariachi Tradicional San Luis,negocio,72,18.460118,-97.387072,https://mitehuacan.mx/?ruta=8
3,Panaderia Pastelin,negocio,72,18.45709,-97.381248,https://mitehuacan.mx/?ruta=8
3,Panaderia Y Pasteleria La Tradicional,negocio,72,18.456895,-97.427788,https://mitehuacan.mx/?ruta=8
3,Taller Mecanico Leyva,negocio,72,18.458721,-97.380238,https://mitehuacan.mx/?ruta=8
3,Iglesia La Luz Del Mundo,negocio,73,18.461392,-97.385732,https://mitehuacan.mx/?ruta=8
3,Em Sublimacion,negocio,74,18.457369,-97.394283,https://mitehuacan.mx/?ruta=8
3,Panaderia Guti Pan,negocio,74,18.460888,-97.390161,https://mitehuacan.mx/?ruta=8
3,Neoners Publicidad,negocio,75,18.452742,-97.38952,https://mitehuacan.mx/?ruta=8
3,Taller Mecanico Mecatec,negocio,76,18.455967,-97.388871,https://mitehuacan.mx/?ruta=8
3,Grupos De Familia Al-Anon Hijos Adultos Esperanza Para Hoy,negocio,77,18.455976,-97.393721,https://mitehuacan.mx/?ruta=8
3,Mariachi Mexico Lindo,negocio,77,18.460075,-97.387146,https://mitehuacan.mx/?ruta=8
3,Estacionamiento Sin Nombre,negocio,79,18.459374,-97.391439,https://mitehuacan.mx/?ruta=8
3,Estudio Valsistico,negocio,80,18.457721,-97.398132,https://mitehuacan.mx/?ruta=8
3,Pasteleria Gabany Postres,negocio,80,18.459466,-97.393564,https://mitehuacan.mx/?ruta=8
3,Sistemas Inteligentes De Puebla,negocio,80,18.458906,-97.399795,https://mitehuacan.mx/?ruta=8
3,Estamperia Y Diseño Basurto,negocio,81,18.459625,-97.412979,https://mitehuacan.mx/?ruta=8
3,Panaderia El Trigal,negocio,81,18.461458,-97.385559,https://mitehuacan.mx/?ruta=8
3,Ferreterias Gomez Ollivier,negocio,82,18.455151,-97.392503,https://mitehuacan.mx/?ruta=8
3,Gimnasio Exodo Gym,negocio,82,18.461442,-97.38464,https://mitehuacan.mx/?ruta=8
3,Grupo Alanon Nueva Vida,negocio,82,18.459182,-97.385484,https://mitehuacan.mx/?ruta=8
3,Imprenta Impresos De Jesus,negocio,82,18.46158,-97.389217,https://mitehuacan.mx/?ruta=8
3,Panificación Tradicional Sin Nombre,negocio,82,18.45335,-97.391098,https://mitehuacan.mx/?ruta=8
3,Papeleria Origami Y Diseño Grafico,negocio,82,18.455062,-97.390494,https://mitehuacan.mx/?ruta=8
3,Panaderia Y Pasteleria Vales,negocio,83,18.457911,-97.391578,https://mitehuacan.mx/?ruta=8
3,Centro De Desarrollo Humano San Basilio,negocio,84,18.461182,-97.412868,https://mitehuacan.mx/?ruta=8
3,Gimnasio Genesis,negocio,84,18.458011,-97.394243,https://mitehuacan.mx/?ruta=8
3,Taller De Torno,negocio,84,18.458054,-97.395919,https://mitehuacan.mx/?ruta=8
3,Servicio Automotriz Guzman,negocio,85,18.461414,-97.382685,https://mitehuacan.mx/?ruta=8
3,Estacionamiento Publico Sin Nombre,negocio,87,18.457661,-97.385573,https://mitehuacan.mx/?ruta=8
3,Marimba Orquesta Cruz Conchita,negocio,87,18.456214,-97.403884,https://mitehuacan.mx/?ruta=8
3,Servicio De Rectificacion La Union,negocio,87,18.457542,-97.382799,https://mitehuacan.mx/?ruta=8
3,Imprentadit,negocio,88,18.455812,-97.398119,https://mitehuacan.mx/?ruta=8
3,Panaderia La Tradicional,negocio,88,18.459482,-97.422389,https://mitehuacan.mx/?ruta=8
3,Despacho Juridico,negocio,90,18.457545,-97.394856,https://mitehuacan.mx/?ruta=8
3,El Buen Samaritano,negocio,91,18.459481,-97.411817,https://mitehuacan.mx/?ruta=8
3,Marichi Los Gallitos Tehuacanenses,negocio,91,18.459322,-97.387099,https://mitehuacan.mx/?ruta=8
3,Mueganos El Aguila,negocio,91,18.457836,-97.391476,https://mitehuacan.mx/?ruta=8
3,Salon De Juntas Venustiano Carranza,negocio,91,18.458258,-97.40374,https://mitehuacan.mx/?ruta=8
3,Capilla Purisima Concepcion,negocio,92,18.459896,-97.38566,https://mitehuacan.mx/?ruta=8
3,Expendio De Pan,negocio,92,18.458697,-97.428894,https://mitehuacan.mx/?ruta=8
3,Pasteleria Lupita,negocio,92,18.459495,-97.39155,https://mitehuacan.mx/?ruta=8
3,Estacionamiento Sin Nombre,negocio,93,18.456918,-97.390447,https://mitehuacan.mx/?ruta=8
3,Globocer Novedades Y Eventos Sociales,negocio,93,18.461504,-97.383414,https://mitehuacan.mx/?ruta=8
3,Panificadora Independencia,negocio,93,18.461499,-97.383186,https://mitehuacan.mx/?ruta=8
3,Estudio De Arte Cuadros,negocio,94,18.459685,-97.39658,https://mitehuacan.mx/?ruta=8
3,La Iglesia De Jesucristo De Los Santos De Los Ultimos Dias,negocio,94,18.459351,-97.387162,https://mitehuacan.mx/?ruta=8
3,Neuroticos Anonimos Movimiento Buena Voluntad 24 Horas,negocio,94,18.459549,-97.392425,https://mitehuacan.mx/?ruta=8
3,Purificadora De Agua Citlaltepec,negocio,94,18.457375,-97.388657,https://mitehuacan.mx/?ruta=8
3,Supervision De Bachilleratos Generales Ajalpan Puebla Zona E,negocio,94,18.457487,-97.393131,https://mitehuacan.mx/?ruta=8
3,Spinning,negocio,96,18.459397,-97.410849,https://mitehuacan.mx/?ruta=8
3,Estacionamiento Vargas,negocio,97,18.45962,-97.393558,https://mitehuacan.mx/?ruta=8
3,Diseño E Impresion D Mi,negocio,98,18.457193,-97.406043,https://mitehuacan.mx/?ruta=8
3,Estacionamiento Publico Sin Nombre,negocio,98,18.459265,-97.38377,https://mitehuacan.mx/?ruta=8
3,Villa Maria Del Carmen,negocio,98,18.457924,-97.395837,https://mitehuacan.mx/?ruta=8
3,Estacionamiento Cantabria,negocio,99,18.459667,-97.39421,https://mitehuacan.mx/?ruta=8
3,Centro De Amor,negocio,100,18.455917,-97.430022,https://mitehuacan.mx/?ruta=8
3,Publicidad Grapi,negocio,100,18.457837,-97.393582,https://mitehuacan.mx/?ruta=8
3,Servicio De Radiadores El Chivo,negocio,101,18.457525,-97.390502,https://mitehuacan.mx/?ruta=8
3,Salon Social De Infonavit El Riego,negocio,102,18.460015,-97.407075,https://mitehuacan.mx/?ruta=8
3,Transportes Turisticos Tehuacan Tamazulapan,negocio,102,18.459622,-97.392428,https://mitehuacan.mx/?ruta=8
3,Alquiladora Casa Azul,negocio,103,18.457707,-97.395842,https://mitehuacan.mx/?ruta=8
3,Impresiones Y Diseños Indigo,negocio,103,18.456551,-97.391417,https://mitehuacan.mx/?ruta=8
3,Panaderia Doña Lore,negocio,104,18.460895,-97.390445,https://mitehuacan.mx/?ruta=8
3,Base De La Ruta Temalacayuca Tepanco-Tehuacan,negocio,105,18.459445,-97.386956,https://mitehuacan.mx/?ruta=8
3,Centro De Reunion Y Oracion M.I.C,negocio,106,18.461728,-97.387032,https://mitehuacan.mx/?ruta=8
3,Vanguardia Juridica,negocio,107,18.460896,-97.390474,https://mitehuacan.mx/?ruta=8
3,Agua Purificada Goforlife,negocio,108,18.461714,-97.38597,https://mitehuacan.mx/?ruta=8
3,Panaderia Cami,negocio,108,18.457524,-97.387142,https://mitehuacan.mx/?ruta=8
3,Casa De Huespedes Hidalgo,negocio,109,18.459113,-97.400045,https://mitehuacan.mx/?ruta=8
3,Elaboracion De Salsas Caseras Y Donas Caseras,negocio,109,18.454266,-97.428445,https://mitehuacan.mx/?ruta=8
3,Bar Los Dragones,negocio,110,18.457603,-97.392735,https://mitehuacan.mx/?ruta=8
3,Gimnasio Gym,negocio,110,18.457603,-97.392735,https://mitehuacan.mx/?ruta=8
3,Casa Hermanas Violetas,negocio,111,18.459839,-97.396577,https://mitehuacan.mx/?ruta=8
3,Impresos Diana,negocio,111,18.454333,-97.38858,https://mitehuacan.mx/?ruta=8
3,Sindicato De Maestros De La Seccion 23,negocio,111,18.455079,-97.392789,https://mitehuacan.mx/?ruta=8
3,Grupo Amistad Restauracion Alcoholicos Anonimos,negocio,112,18.459265,-97.411192,https://mitehuacan.mx/?ruta=8
3,Purificadora De Agua Vive Sanamente,negocio,112,18.457459,-97.392041,https://mitehuacan.mx/?ruta=8
3,Mariachi De Mi Tierra,negocio,113,18.459521,-97.387092,https://mitehuacan.mx/?ruta=8
3,Panaderia Panestry,negocio,113,18.459259,-97.411087,https://mitehuacan.mx/?ruta=8
3,Supervision Escolar No 024,negocio,113,18.459312,-97.412405,https://mitehuacan.mx/?ruta=8
3,Tapiceria Sin Nombre,negocio,113,18.459229,-97.410491,https://mitehuacan.mx/?ruta=8
3,Baños Publicos El Meson,negocio,114,18.461501,-97.390292,https://mitehuacan.mx/?ruta=8
3,Go For Lfe,negocio,114,18.45933,-97.413135,https://mitehuacan.mx/?ruta=8
3,Transportes Adelas,negocio,115,18.4597,-97.386001,https://mitehuacan.mx/?ruta=8
3,Estacionamiento Antonio Garcia,negocio,116,18.459821,-97.394208,https://mitehuacan.mx/?ruta=8
3,Estacionamiento Sin Nombre,negocio,118,18.457399,-97.386152,https://mitehuacan.mx/?ruta=8
3,Alcoholicos Anonimos Union Y Fortaleza,negocio,120,18.457429,-97.387479,https://mitehuacan.mx/?ruta=8
3,Casa De Huespedes Adrians,negocio,120,18.457275,-97.383518,https://mitehuacan.mx/?ruta=8
3,Decoraciones Y Acabados El Renacimiento,negocio,120,18.455693,-97.395991,https://mitehuacan.mx/?ruta=8
3,Asesoria Juridica,negocio,121,18.457445,-97.38818,https://mitehuacan.mx/?ruta=8
3,Reposteria Besame Mucho,negocio,121,18.457444,-97.388124,https://mitehuacan.mx/?ruta=8
3,Taller De Radiadores Siena,negocio,121,18.461834,-97.386034,https://mitehuacan.mx/?ruta=8
3,Estacionamiento Sin Nombre,negocio,122,18.457535,-97.390919,https://mitehuacan.mx/?ruta=8
3,Oficinas De Inegi,negocio,122,18.457536,-97.390938,https://mitehuacan.mx/?ruta=8
3,Click Impresion Digital,negocio,123,18.457555,-97.391782,https://mitehuacan.mx/?ruta=8
3,Gimnasio Alfa Center,negocio,123,18.4613,-97.408818,https://mitehuacan.mx/?ruta=8
3,Parque Del Trampolin,negocio,123,18.4613,-97.408809,https://mitehuacan.mx/?ruta=8
3,Capilla De La Señora De La Soledad,negocio,124,18.459217,-97.412569,https://mitehuacan.mx/?ruta=8
3,Purificadora Arillaga,negocio,124,18.459118,-97.410276,https://mitehuacan.mx/?ruta=8
3,Tapiceria Frank,negocio,125,18.455651,-97.396077,https://mitehuacan.mx/?ruta=8
3,Invitaciones De Corazon,negocio,126,18.459882,-97.39354,https://mitehuacan.mx/?ruta=8
3,Panificadora La Paz,negocio,126,18.4609,-97.390654,https://mitehuacan.mx/?ruta=8
3,Arrendadora Doña Flora,negocio,127,18.461355,-97.38099,https://mitehuacan.mx/?ruta=8
3,Auto Transporte Garcia S .A De C.V,negocio,127,18.45733,-97.386527,https://mitehuacan.mx/?ruta=8
3,Bufete Juridico Pedro Lopez Almaraz,negocio,127,18.45733,-97.386524,https://mitehuacan.mx/?ruta=8
3,Estacionamiento Publico Goti Goav,negocio,127,18.461989,-97.389338,https://mitehuacan.mx/?ruta=8
3,Panaderia Celia,negocio,127,18.462262,-97.427116,https://mitehuacan.mx/?ruta=8
3,Estacionamiento Publico La Purisima,negocio,128,18.457302,-97.385965,https://mitehuacan.mx/?ruta=8
3,Sanitarios Publicos Insurgentes,negocio,128,18.457223,-97.383957,https://mitehuacan.mx/?ruta=8
3,Estacionamiento Publico Sin Nombre,negocio,129,18.45983,-97.391547,https://mitehuacan.mx/?ruta=8
3,Grupo Aa Seis De Enero,negocio,130,18.457156,-97.382902,https://mitehuacan.mx/?ruta=8
3,Articulos Para Fiesta Decoraciones Aurora,negocio,131,18.461583,-97.390432,https://mitehuacan.mx/?ruta=8
3,Torno Industrial,negocio,132,18.455501,-97.394251,https://mitehuacan.mx/?ruta=8
3,Estacionamiento Angel,negocio,133,18.457442,-97.391188,https://mitehuacan.mx/?ruta=8
3,Gimnacio Tiger Gym,negocio,133,18.457442,-97.391188,https://mitehuacan.mx/?ruta=8
3,Pasteleria La Ideal,negocio,133,18.459903,-97.392437,https://mitehuacan.mx/?ruta=8
3,Asesoria Juridica Sin Nombre,negocio,134,18.46152,-97.381184,https://mitehuacan.mx/?ruta=8
3,Panaderia La Luz,negocio,134,18.456642,-97.381793,https://mitehuacan.mx/?ruta=8
3,Estacionamiento Exclusivo Para Doctores Sanatorio Angeles,negocio,135,18.455566,-97.39626,https://mitehuacan.mx/?ruta=8
3,Panaderia Cristo Rey,negocio,135,18.45441,-97.388349,https://mitehuacan.mx/?ruta=8
3,Salon Campestre Don Teo,negocio,135,18.455562,-97.396137,https://mitehuacan.mx/?ruta=8
3,Sanitarios Publicos Sin Nombre,negocio,135,18.457158,-97.383867,https://mitehuacan.mx/?ruta=8
3,Sanitarios San Francisco,negocio,135,18.460448,-97.390749,https://mitehuacan.mx/?ruta=8
3,Taller De Serigrafia,negocio,135,18.461738,-97.382033,https://mitehuacan.mx/?ruta=8
3,Despacho Juridico,negocio,137,18.45511,-97.398233,https://mitehuacan.mx/?ruta=8
3,Despacho De Abogados Sin Nombre,negocio,139,18.460036,-97.394478,https://mitehuacan.mx/?ruta=8
3,Justicia Mixteca,negocio,139,18.460036,-97.394478,https://mitehuacan.mx/?ruta=8
3,Mariachi Mexico Lindo,negocio,139,18.462027,-97.387029,https://mitehuacan.mx/?ruta=8
3,Taller De Arte Emilio Pazos,negocio,139,18.460036,-97.394478,https://mitehuacan.mx/?ruta=8
3,Sanitarios Publicos Alfa Y Omega,negocio,140,18.457113,-97.383869,https://mitehuacan.mx/?ruta=8
3,Apostolado Hermanas Misioneras,negocio,141,18.459161,-97.420615,https://mitehuacan.mx/?ruta=8
3,Capilla Del Carmen,negocio,141,18.459161,-97.420615,https://mitehuacan.mx/?ruta=8
3,Mariachi Tehuacan,negocio,141,18.462045,-97.387029,https://mitehuacan.mx/?ruta=8
3,Tapiceria Tapimex,negocio,143,18.457365,-97.391483,https://mitehuacan.mx/?ruta=8
3,Panificadora San Martin,negocio,145,18.455528,-97.397423,https://mitehuacan.mx/?ruta=8
3,Pasteles Leo,negocio,145,18.462152,-97.389334,https://mitehuacan.mx/?ruta=8
3,Casa De Retiros Espirituales Casa Betania,negocio,146,18.460156,-97.396571,https://mitehuacan.mx/?ruta=8
3,Iglesia Del Dios Vivo Columna Y Apoyo De La Verdad El Buen P,negocio,146,18.458606,-97.403304,https://mitehuacan.mx/?ruta=8
3,Base Autobuses Caltepec-San Luis,negocio,147,18.456942,-97.391205,https://mitehuacan.mx/?ruta=8
3,Despacho Juridico Marin Y Asociados,negocio,147,18.462069,-97.38603,https://mitehuacan.mx/?ruta=8
3,Enigma Estudio Coreografico,negocio,148,18.460042,-97.392569,https://mitehuacan.mx/?ruta=8
3,Paleteria La Guadalupana,nieves,3,18.460241,-97.409423,https://mitehuacan.mx/?ruta=8
3,Expendio De Bonice,nieves,12,18.45861,-97.38706,https://mitehuacan.mx/?ruta=8
3,Helados Bambi,nieves,14,18.457546,-97.389414,https://mitehuacan.mx/?ruta=8
3,Paleteria Y Neveria La Michoacana,nieves,20,18.456583,-97.389378,https://mitehuacan.mx/?ruta=8
3,Venta De Helado Y Paletas Sin Nombre,nieves,47,18.46035,-97.387139,https://mitehuacan.mx/?ruta=8
3,La flor del desierto,nieves,60,18.458158,-97.392406,https://mitehuacan.mx/?ruta=8
3,Neveria Y Heladeria La Michoacana,nieves,122,18.457543,-97.391232,https://mitehuacan.mx/?ruta=8
3,Choco Paletas,nieves,129,18.461061,-97.390667,https://mitehuacan.mx/?ruta=8
3,Sin Esperar Servicio De Reparto,paquetería,1,18.458694,-97.392,https://mitehuacan.mx/?ruta=8
3,Cnx Provedores Y Paqueteria,paquetería,2,18.460532,-97.417847,https://mitehuacan.mx/?ruta=8
3,Fedex,paquetería,51,18.459007,-97.38828,https://mitehuacan.mx/?ruta=8
3,Parque Av del Mestro,parque,2,18.457813,-97.404742,https://mitehuacan.mx/?ruta=8
3,Parque de los Abuelos,parque,13,18.458572,-97.40656,https://mitehuacan.mx/?ruta=8
3,Parque Av. del Maestro,parque,14,18.459518,-97.40847,https://mitehuacan.mx/?ruta=8
3,La Pedrera,parque,17,18.456693,-97.39742,https://mitehuacan.mx/?ruta=8
3,Parque Infonavit,parque,25,18.458637,-97.405876,https://mitehuacan.mx/?ruta=8
3,Infonavit Granada,parque,29,18.45772,-97.405698,https://mitehuacan.mx/?ruta=8
3,Virgen,parque,32,18.459229,-97.408936,https://mitehuacan.mx/?ruta=8
3,Parque Nicolás Bravo,parque,48,18.455953,-97.390042,https://mitehuacan.mx/?ruta=8
3,Rotonda de la Flores Magon,parque,80,18.461466,-97.386051,https://mitehuacan.mx/?ruta=8
3,Parque Av 7 Poniemte,parque,92,18.457051,-97.405628,https://mitehuacan.mx/?ruta=8
3,Parque De la 7 Pte,parque,108,18.457078,-97.406032,https://mitehuacan.mx/?ruta=8
3,Venta De Cosmeticos Y Accesorios,perfumería,0,18.460278,-97.389477,https://mitehuacan.mx/?ruta=8
3,Venta De Cosmeticos Sin Nombre,perfumería,1,18.456201,-97.399872,https://mitehuacan.mx/?ruta=8
3,Venta De Cosmeticos Magic Glam,perfumería,2,18.458677,-97.391345,https://mitehuacan.mx/?ruta=8
3,Compra Venta De Productos De Belleza Y Barberias Distribuido,perfumería,3,18.458623,-97.389801,https://mitehuacan.mx/?ruta=8
3,Sweet Nails,perfumería,3,18.460241,-97.409423,https://mitehuacan.mx/?ruta=8
3,Distribuidora De Tintes Kulver,perfumería,12,18.459924,-97.389378,https://mitehuacan.mx/?ruta=8
3,Enlace De Servicio Oriflame,perfumería,18,18.460553,-97.385029,https://mitehuacan.mx/?ruta=8
3,Estetica Alexis Salazar,perfumería,19,18.460372,-97.409096,https://mitehuacan.mx/?ruta=8
3,Venta De Cosmeticos Despacho 8 Sin Nombre,perfumería,50,18.461293,-97.389346,https://mitehuacan.mx/?ruta=8
3,Oficina De Jafra,perfumería,52,18.461311,-97.389346,https://mitehuacan.mx/?ruta=8
3,Yatzah Venta De Productos Para Uñas,perfumería,52,18.456261,-97.395036,https://mitehuacan.mx/?ruta=8
3,Perfumes Y Esencias Hans Collection,perfumería,53,18.458183,-97.391574,https://mitehuacan.mx/?ruta=8
3,Venta De Accesorios Para Uñas Y Cosmeticos Georgia,perfumería,81,18.461555,-97.388943,https://mitehuacan.mx/?ruta=8
3,Venta De Accesorios Para Uñas May Mendoza,perfumería,83,18.459996,-97.386063,https://mitehuacan.mx/?ruta=8
3,Novedades Karina,perfumería,106,18.461799,-97.389342,https://mitehuacan.mx/?ruta=8
3,Oficina Administrativa Oriflame Cosmetico Natural Sueco,perfumería,107,18.459469,-97.387159,https://mitehuacan.mx/?ruta=8
3,Bodega De Articulos De Belleza Kaprich,perfumería,114,18.461501,-97.390292,https://mitehuacan.mx/?ruta=8
3,Bodega De Articulos Para Belleza Kaprich,perfumería,114,18.461501,-97.390292,https://mitehuacan.mx/?ruta=8
3,Bodega De Kaprich,perfumería,114,18.461501,-97.390292,https://mitehuacan.mx/?ruta=8
3,Productos De Belleza Sin Nombre,perfumería,114,18.461501,-97.390292,https://mitehuacan.mx/?ruta=8
3,Tienda De Uñas Sublime,perfumería,114,18.457704,-97.393686,https://mitehuacan.mx/?ruta=8
3,Tienda De Perfumes Fragance,perfumería,131,18.459848,-97.391547,https://mitehuacan.mx/?ruta=8
3,Venta De Pintura Y Pastas Texturiedos Textuplax,pinturas,48,18.458225,-97.39147,https://mitehuacan.mx/?ruta=8
3,Distribuidora Avicola Caballero,pollería,0,18.458547,-97.38952,https://mitehuacan.mx/?ruta=8
3,Pollos San Pedro,pollería,0,18.458472,-97.386182,https://mitehuacan.mx/?ruta=8
3,Venta De Pollo Por Kilo Y Pieza,pollería,0,18.458863,-97.397999,https://mitehuacan.mx/?ruta=8
3,Venta De Pollo Sin Nombre Pollo Crudo Por Kilo,pollería,0,18.458863,-97.397999,https://mitehuacan.mx/?ruta=8
3,Venta De Pollos Sin Nombre,pollería,0,18.458395,-97.384353,https://mitehuacan.mx/?ruta=8
3,Distribuidora De Pollos San Jorge,pollería,1,18.458466,-97.385983,https://mitehuacan.mx/?ruta=8
3,Polleria Los Polluelos,pollería,1,18.456201,-97.399872,https://mitehuacan.mx/?ruta=8
3,Polleria San Martin,pollería,1,18.458449,-97.385395,https://mitehuacan.mx/?ruta=8
3,Polleria Socorro,pollería,1,18.456201,-97.399872,https://mitehuacan.mx/?ruta=8
3,Venta De Pollo Mi Juquilita,pollería,1,18.456201,-97.399872,https://mitehuacan.mx/?ruta=8
3,Venta De Pollo San Pedro,pollería,1,18.458462,-97.385841,https://mitehuacan.mx/?ruta=8
3,Crudipollo Boutique,pollería,2,18.460397,-97.411799,https://mitehuacan.mx/?ruta=8
3,Polleria La Mexicana,pollería,2,18.460515,-97.417307,https://mitehuacan.mx/?ruta=8
3,Polleria Moni,pollería,2,18.46053,-97.417762,https://mitehuacan.mx/?ruta=8
3,Venta De Pollo Fresco Sin Nombre,pollería,2,18.460825,-97.388323,https://mitehuacan.mx/?ruta=8
3,Venta De Pollo Fresco Sin Nombre,pollería,2,18.460819,-97.388162,https://mitehuacan.mx/?ruta=8
3,Distribuidora De Pollo Y Huevo San Antonio,pollería,3,18.457115,-97.389529,https://mitehuacan.mx/?ruta=8
3,Local De Pollo Y Verdura Sin Nombre,pollería,3,18.460652,-97.418378,https://mitehuacan.mx/?ruta=8
3,Pechugueria Tavarez,pollería,3,18.460517,-97.414783,https://mitehuacan.mx/?ruta=8
3,Polleria Lupita,pollería,4,18.456581,-97.428483,https://mitehuacan.mx/?ruta=8
3,Venta De Pollo,pollería,6,18.458338,-97.405652,https://mitehuacan.mx/?ruta=8
3,Polleria El Olan,pollería,8,18.457645,-97.42893,https://mitehuacan.mx/?ruta=8
3,Polleria Y Venta De Verduras,pollería,8,18.457245,-97.403224,https://mitehuacan.mx/?ruta=8
3,Abastecedora De Pollo La Granjita,pollería,11,18.458614,-97.387448,https://mitehuacan.mx/?ruta=8
3,Venta De Pollo,pollería,16,18.460203,-97.408513,https://mitehuacan.mx/?ruta=8
3,Pollos Nicks,pollería,17,18.456178,-97.398687,https://mitehuacan.mx/?ruta=8
3,Polleria La Guera,pollería,18,18.454623,-97.430098,https://mitehuacan.mx/?ruta=8
3,Polleria Sin Nombre,pollería,24,18.460799,-97.417241,https://mitehuacan.mx/?ruta=8
3,Distribuidora De Pollo Sin Nombre,pollería,28,18.457959,-97.378711,https://mitehuacan.mx/?ruta=8
3,Polleria San Nicolas,pollería,48,18.459915,-97.412961,https://mitehuacan.mx/?ruta=8
3,Abastecedora De Pollo Suprema,pollería,51,18.457969,-97.385194,https://mitehuacan.mx/?ruta=8
3,Venta De Pollos Patsa,pollería,56,18.457163,-97.405113,https://mitehuacan.mx/?ruta=8
3,Polleria La Purisima,pollería,76,18.456999,-97.381289,https://mitehuacan.mx/?ruta=8
3,Polleria Leo,pollería,83,18.458662,-97.428817,https://mitehuacan.mx/?ruta=8
3,Polleria Alli,pollería,84,18.458103,-97.403566,https://mitehuacan.mx/?ruta=8
3,Polleria Rosita,pollería,92,18.461507,-97.383546,https://mitehuacan.mx/?ruta=8
3,Polleria Imelda,pollería,93,18.455361,-97.390486,https://mitehuacan.mx/?ruta=8
3,Polleria Aris,pollería,95,18.462693,-97.424067,https://mitehuacan.mx/?ruta=8
3,Venta De Pollo Crudo Destazado,pollería,96,18.458062,-97.407789,https://mitehuacan.mx/?ruta=8
3,Polleria Hernandez,pollería,104,18.457488,-97.385152,https://mitehuacan.mx/?ruta=8
3,Polleria San Miguel,pollería,106,18.461546,-97.382397,https://mitehuacan.mx/?ruta=8
3,Polleria Conchita,pollería,110,18.457433,-97.385156,https://mitehuacan.mx/?ruta=8
3,Polleria Sambray,pollería,113,18.462164,-97.427037,https://mitehuacan.mx/?ruta=8
3,Polleria San Juditas,pollería,113,18.457406,-97.385158,https://mitehuacan.mx/?ruta=8
3,Venta De Pollo Por Pieza O Entero Bon Chiken,pollería,115,18.457392,-97.385223,https://mitehuacan.mx/?ruta=8
3,Polleria Bezaleel,pollería,131,18.457455,-97.391738,https://mitehuacan.mx/?ruta=8
3,Pollo Destazado Sin Nombre,pollería,132,18.461521,-97.381231,https://mitehuacan.mx/?ruta=8
3,Publicidad Print Center,publicidad,10,18.458881,-97.395133,https://mitehuacan.mx/?ruta=8
3,Agencia De Publicidad Publi Max,publicidad,40,18.458409,-97.394237,https://mitehuacan.mx/?ruta=8
3,Expendio De Refresco Reyes,purificadora,0,18.45834,-97.38297,https://mitehuacan.mx/?ruta=8
3,Distribuidora De Bebidas,purificadora,1,18.457621,-97.378877,https://mitehuacan.mx/?ruta=8
3,Bodega Expendio Cervantes,purificadora,2,18.458012,-97.380424,https://mitehuacan.mx/?ruta=8
3,Expendio De Refresco Cervantes,purificadora,2,18.458106,-97.380577,https://mitehuacan.mx/?ruta=8
3,Distribuidora De Agua Sani,purificadora,3,18.454962,-97.389584,https://mitehuacan.mx/?ruta=8
3,Deposito De Refresco Cervantes,purificadora,4,18.454724,-97.379402,https://mitehuacan.mx/?ruta=8
3,Tendajon Sin Nombre,purificadora,6,18.458264,-97.405501,https://mitehuacan.mx/?ruta=8
3,Bodega De Deposito El Poblanito,purificadora,10,18.45793,-97.379245,https://mitehuacan.mx/?ruta=8
3,Xbox,purificadora,10,18.460668,-97.417185,https://mitehuacan.mx/?ruta=8
3,Deposito El Venadito,purificadora,13,18.457149,-97.378845,https://mitehuacan.mx/?ruta=8
3,Bodega De Refresco Rayon,purificadora,15,18.455752,-97.379053,https://mitehuacan.mx/?ruta=8
3,Deposito De Refresco Rayon,purificadora,18,18.455976,-97.378989,https://mitehuacan.mx/?ruta=8
3,Venta De Dulces Sin Nombre,purificadora,46,18.461256,-97.389345,https://mitehuacan.mx/?ruta=8
3,Deposito Jimenez Bodega,purificadora,50,18.45887,-97.384779,https://mitehuacan.mx/?ruta=8
3,Deposito Daza,purificadora,57,18.457915,-97.385197,https://mitehuacan.mx/?ruta=8
3,Tienda La Comelona,purificadora,76,18.459503,-97.395995,https://mitehuacan.mx/?ruta=8
3,Venta Refrescos Sin Nombre,purificadora,83,18.461575,-97.388942,https://mitehuacan.mx/?ruta=8
3,Ventas De Refrescos Y Jugos Envasados Hernandez,purificadora,94,18.459242,-97.384206,https://mitehuacan.mx/?ruta=8
3,Venta De Refrescos Sin Nombre,purificadora,96,18.46259,-97.424672,https://mitehuacan.mx/?ruta=8
3,Pulqueria Sin Nombre,purificadora,110,18.457433,-97.385156,https://mitehuacan.mx/?ruta=8
3,Bodega De Tienda La Montaña Distribuidores,purificadora,115,18.45889,-97.379221,https://mitehuacan.mx/?ruta=8
3,Puesto De Refresco Sin Nombre,purificadora,149,18.457035,-97.383968,https://mitehuacan.mx/?ruta=8
3,Sweet And Delicius,regalos,0,18.458726,-97.393203,https://mitehuacan.mx/?ruta=8
3,Venta De Novedades Sin Nombre,regalos,0,18.458427,-97.385045,https://mitehuacan.mx/?ruta=8
3,Venta De Regalos,regalos,0,18.456783,-97.396096,https://mitehuacan.mx/?ruta=8
3,Novedades Rossinova,regalos,1,18.458694,-97.392,https://mitehuacan.mx/?ruta=8
3,Novedades Sin Nombre,regalos,1,18.458501,-97.386921,https://mitehuacan.mx/?ruta=8
3,Novedades Y Venta De Ropa La Maestra De Las Ofertas,regalos,1,18.456201,-97.399872,https://mitehuacan.mx/?ruta=8
3,Plasticos Y Novedades Sin Nombre,regalos,1,18.456201,-97.399872,https://mitehuacan.mx/?ruta=8
3,Tienda De Regalos Shantal,regalos,1,18.458748,-97.393848,https://mitehuacan.mx/?ruta=8
3,Venta De Articulos Varios,regalos,1,18.456201,-97.399872,https://mitehuacan.mx/?ruta=8
3,Venta De Novedades Manualidades Y Artesanias Yireth,regalos,1,18.456201,-97.399872,https://mitehuacan.mx/?ruta=8
3,Venta De Novedades Sin Nombre,regalos,1,18.456201,-97.399872,https://mitehuacan.mx/?ruta=8
3,Venta De Novedades Sin Nombre,regalos,1,18.458651,-97.39147,https://mitehuacan.mx/?ruta=8
3,Venta De Novedades Y Dulces Sin Nombre,regalos,1,18.456201,-97.399872,https://mitehuacan.mx/?ruta=8
3,Compra Venta De Articulos Para Fiestas Divertiglobo,regalos,2,18.457731,-97.389527,https://mitehuacan.mx/?ruta=8
3,Fastacias Y Regalos Anime History,regalos,2,18.458744,-97.389497,https://mitehuacan.mx/?ruta=8
3,Love Kawaii,regalos,2,18.460359,-97.410833,https://mitehuacan.mx/?ruta=8
3,Regalos El Desvan,regalos,2,18.460797,-97.387413,https://mitehuacan.mx/?ruta=8
3,Centro Comercial Los Barateros,regalos,3,18.458631,-97.390057,https://mitehuacan.mx/?ruta=8
3,Gran Plaza Comercial Los Barateros,regalos,3,18.458628,-97.389943,https://mitehuacan.mx/?ruta=8
3,Novedades Key,regalos,3,18.458666,-97.391061,https://mitehuacan.mx/?ruta=8
3,Venta De Regalos Y Novedades Theots,regalos,5,18.458662,-97.392716,https://mitehuacan.mx/?ruta=8
3,Bonetria Y Novedades My Pink House,regalos,8,18.460745,-97.388706,https://mitehuacan.mx/?ruta=8
3,Regalos Y Novedades Sin Nombre,regalos,8,18.460752,-97.383846,https://mitehuacan.mx/?ruta=8
3,Novedades Valeria,regalos,11,18.460116,-97.389376,https://mitehuacan.mx/?ruta=8
3,Gran Plaza Comercial Los Barateros,regalos,12,18.45957,-97.389382,https://mitehuacan.mx/?ruta=8
3,Novedades Zazu,regalos,12,18.458629,-97.387685,https://mitehuacan.mx/?ruta=8
3,Tienda De Novedades Sin Nombre,regalos,12,18.458799,-97.392309,https://mitehuacan.mx/?ruta=8
3,Novedades Angel,regalos,13,18.458849,-97.389391,https://mitehuacan.mx/?ruta=8
3,Novedades Sin Nombre,regalos,13,18.458653,-97.388044,https://mitehuacan.mx/?ruta=8
3,Novedades Valeria,regalos,13,18.458381,-97.387106,https://mitehuacan.mx/?ruta=8
3,Venta De Articulos De Temporada Sin Nombre,regalos,13,18.458759,-97.389392,https://mitehuacan.mx/?ruta=8
3,Venta De Articulos Para Fiesta Pa La Pachanga,regalos,13,18.458652,-97.388016,https://mitehuacan.mx/?ruta=8
3,Tienda De Novedades Coquette,regalos,14,18.458765,-97.391029,https://mitehuacan.mx/?ruta=8
3,Tienda De Regalos Y Novedades Alix Fashion,regalos,14,18.458768,-97.391124,https://mitehuacan.mx/?ruta=8
3,Novedades Y Tienda De Regalos Sin Nombre,regalos,15,18.453905,-97.379345,https://mitehuacan.mx/?ruta=8
3,Venta De Accesorios Electronicos Importaciones Marin,regalos,15,18.458733,-97.389845,https://mitehuacan.mx/?ruta=8
3,Regalos Y Novedades Jan,regalos,16,18.457963,-97.428459,https://mitehuacan.mx/?ruta=8
3,Tienda De Regalos,regalos,19,18.460372,-97.409096,https://mitehuacan.mx/?ruta=8
3,Venta De Articulos De Belleza,regalos,25,18.460649,-97.421586,https://mitehuacan.mx/?ruta=8
3,Venta De Regalos Sin Nombre,regalos,29,18.456648,-97.399096,https://mitehuacan.mx/?ruta=8
3,Novedades Y Regalos Michelle,regalos,42,18.457155,-97.395856,https://mitehuacan.mx/?ruta=8
3,Venta De Juguetes Regalos Y Articulos De Toda Temporada Sono,regalos,42,18.46122,-97.389344,https://mitehuacan.mx/?ruta=8
3,Mundo De Novedades Eri,regalos,48,18.458863,-97.38514,https://mitehuacan.mx/?ruta=8
3,Regalo Magico Tehuacan,regalos,48,18.461274,-97.389346,https://mitehuacan.mx/?ruta=8
3,Accesorios Y Novedades Tino,regalos,50,18.460284,-97.385992,https://mitehuacan.mx/?ruta=8
3,Novedades Sin Nombre,regalos,61,18.461396,-97.389466,https://mitehuacan.mx/?ruta=8
3,Venta De Novedades Sin Nombre,regalos,61,18.455669,-97.401797,https://mitehuacan.mx/?ruta=8
3,Venta De Novedades Sin Nombre,regalos,64,18.45348,-97.39098,https://mitehuacan.mx/?ruta=8
3,Novedades Angelito,regalos,65,18.459214,-97.390668,https://mitehuacan.mx/?ruta=8
3,Venta De Novedades Sin Nombre,regalos,65,18.457262,-97.393718,https://mitehuacan.mx/?ruta=8
3,Tienda De Novedades Y Regalos Mixia,regalos,74,18.456136,-97.39657,https://mitehuacan.mx/?ruta=8
3,Novedades,regalos,80,18.45742,-97.390306,https://mitehuacan.mx/?ruta=8
3,Venta De Articulos De Temporada Sin Nombre,regalos,80,18.461558,-97.389152,https://mitehuacan.mx/?ruta=8
3,Papeleria Y Novedades Marisol,regalos,83,18.456226,-97.403838,https://mitehuacan.mx/?ruta=8
3,Novedades Bodega De Mayoreo,regalos,90,18.461658,-97.389463,https://mitehuacan.mx/?ruta=8
3,Novedades Sin Nombre,regalos,94,18.455696,-97.39048,https://mitehuacan.mx/?ruta=8
3,Venta De Novedades Relojeria Cano,regalos,98,18.461731,-97.389463,https://mitehuacan.mx/?ruta=8
3,Novedades Mundo De Felicidad,regalos,99,18.453505,-97.388708,https://mitehuacan.mx/?ruta=8
3,Novedades Jazfany,regalos,101,18.46242,-97.425953,https://mitehuacan.mx/?ruta=8
3,Venta De Novedades Y Moda Sin Nombre,regalos,102,18.459622,-97.392428,https://mitehuacan.mx/?ruta=8
3,Novedades Y Regalos Sin Nombre,regalos,104,18.457757,-97.392448,https://mitehuacan.mx/?ruta=8
3,Tienda De Novedades,regalos,107,18.456844,-97.3916,https://mitehuacan.mx/?ruta=8
3,Tienda De Regalos Tsunanime,regalos,107,18.459671,-97.392555,https://mitehuacan.mx/?ruta=8
3,Tienda De Gatos Arigato,regalos,108,18.45968,-97.392555,https://mitehuacan.mx/?ruta=8
3,Novedades Vero,regalos,112,18.457415,-97.385158,https://mitehuacan.mx/?ruta=8
3,Bodega De Tienda De Novedades Y Accesorios Buva,regalos,114,18.461501,-97.390292,https://mitehuacan.mx/?ruta=8
3,Novedades Y Regalos Ximena,regalos,114,18.459923,-97.399024,https://mitehuacan.mx/?ruta=8
3,Tienda De Accesorios Buva Mayoristas,regalos,114,18.461501,-97.390292,https://mitehuacan.mx/?ruta=8
3,Venta De Novedades La Vida Es Bella,regalos,114,18.457704,-97.393686,https://mitehuacan.mx/?ruta=8
3,Novedades Sin Nombre,regalos,116,18.459676,-97.390666,https://mitehuacan.mx/?ruta=8
3,Jugueteria Smiles,regalos,124,18.459975,-97.390664,https://mitehuacan.mx/?ruta=8
3,Novedades Make Up Store,regalos,124,18.461582,-97.390346,https://mitehuacan.mx/?ruta=8
3,Articulos Y Novedades Vero,regalos,125,18.460346,-97.390664,https://mitehuacan.mx/?ruta=8
3,Jugueteria Y Novedades Angelito,regalos,126,18.460527,-97.390664,https://mitehuacan.mx/?ruta=8
3,Regalos De Corazon,regalos,128,18.457455,-97.391785,https://mitehuacan.mx/?ruta=8
3,Novedades Alis,regalos,129,18.462011,-97.38946,https://mitehuacan.mx/?ruta=8
3,Novedades Diamond Gifts,regalos,133,18.455513,-97.394611,https://mitehuacan.mx/?ruta=8
3,Distribuidora Lalo,regalos,134,18.461584,-97.39047,https://mitehuacan.mx/?ruta=8
3,D Chelo Shop Venta De Regalos Y Novedades Para Toda Ocacion,regalos,142,18.460172,-97.39915,https://mitehuacan.mx/?ruta=8
3,Tienda De Regalos Monse,regalos,148,18.460042,-97.392569,https://mitehuacan.mx/?ruta=8
3,Anuncios Expression,rótulos,114,18.457371,-97.388468,https://mitehuacan.mx/?ruta=8
3,Gestoria Empresarial En Medio Ambiente Y Seguridad,servicio,0,18.45884,-97.397032,https://mitehuacan.mx/?ruta=8
3,Star Emision De Carnales Para Television,servicio,0,18.456777,-97.402435,https://mitehuacan.mx/?ruta=8
3,Avaluos Construcciones Asesorias,servicio,2,18.460427,-97.412538,https://mitehuacan.mx/?ruta=8
3,Checador De La Ruta 8,servicio,2,18.46044,-97.42047,https://mitehuacan.mx/?ruta=8
3,Cnx Telecomunicaciones,servicio,2,18.460543,-97.418217,https://mitehuacan.mx/?ruta=8
3,Entorno Arquitectura,servicio,2,18.460354,-97.410615,https://mitehuacan.mx/?ruta=8
3,Servicio De Tele Comunicaciones Principal Internet,servicio,2,18.460543,-97.418217,https://mitehuacan.mx/?ruta=8
3,Gruas Guadalupe,servicio,3,18.458576,-97.388465,https://mitehuacan.mx/?ruta=8
3,Servicio De Animacion Luz Y Sonido Krokus,servicio,3,18.460478,-97.413827,https://mitehuacan.mx/?ruta=8
3,El Riego De Tehuacán,servicio,4,18.459381,-97.407825,https://mitehuacan.mx/?ruta=8
3,Celula La Iglesia Del Dios Vivo El Buen Pastor,servicio,5,18.457198,-97.428813,https://mitehuacan.mx/?ruta=8
3,Caseta Telefonica Globalfom,servicio,9,18.460921,-97.389337,https://mitehuacan.mx/?ruta=8
3,Servicios Veterinarios Keiko,servicio,10,18.456575,-97.402342,https://mitehuacan.mx/?ruta=8
3,Terminal De Autobuses Tehuacan Cuayucatepec,servicio,13,18.458655,-97.388073,https://mitehuacan.mx/?ruta=8
3,Servicios De Mantenimiento Oriente Sa De Cv,servicio,14,18.458675,-97.388452,https://mitehuacan.mx/?ruta=8
3,Servicios De Mantenimiento Oriente,servicio,15,18.458696,-97.388804,https://mitehuacan.mx/?ruta=8
3,Gualala Pet Boutique,servicio,19,18.460369,-97.409058,https://mitehuacan.mx/?ruta=8
3,Sheicho No Ie Nucleo Tehuacan,servicio,24,18.458957,-97.39349,https://mitehuacan.mx/?ruta=8
3,Eduteh,servicio,25,18.458587,-97.395909,https://mitehuacan.mx/?ruta=8
3,Establecimiento Auxiliar De Abarrotera El Gallo,servicio,27,18.461013,-97.387044,https://mitehuacan.mx/?ruta=8
3,Prestadores De Servicios Sin Nombre,servicio,30,18.456491,-97.392235,https://mitehuacan.mx/?ruta=8
3,Estetica Canina Perrukeria Kamacho,servicio,33,18.45551,-97.389915,https://mitehuacan.mx/?ruta=8
3,Oficina Administrativa Pamec Telcel,servicio,35,18.458451,-97.394128,https://mitehuacan.mx/?ruta=8
3,2Red Telecomunicaciones Servicio De Internet,servicio,45,18.456402,-97.396674,https://mitehuacan.mx/?ruta=8
3,Aprendiendo Juntos Clases Regularizacion,servicio,45,18.454472,-97.390472,https://mitehuacan.mx/?ruta=8
3,Lectura De Cartas Adivinatorias Hermanos De La Salud,servicio,47,18.458073,-97.387119,https://mitehuacan.mx/?ruta=8
3,Telesystemas Programacion Y Servicio De Internet,servicio,58,18.458238,-97.398401,https://mitehuacan.mx/?ruta=8
3,Darlin Geins,servicio,60,18.460566,-97.42369,https://mitehuacan.mx/?ruta=8
3,Centro Espiritual Profesor Vidente De La Luz,servicio,67,18.458592,-97.404917,https://mitehuacan.mx/?ruta=8
3,Servicios De Seguridad Grupo Escorpion Empresarial,servicio,79,18.459606,-97.398997,https://mitehuacan.mx/?ruta=8
3,Oficina De Apoyo De Alimentos Pecuarios,servicio,89,18.461574,-97.387033,https://mitehuacan.mx/?ruta=8
3,Santeria,servicio,89,18.457928,-97.393299,https://mitehuacan.mx/?ruta=8
3,Barber Dog Velez,servicio,91,18.455359,-97.39278,https://mitehuacan.mx/?ruta=8
3,Megacable,servicio,103,18.45692,-97.390542,https://mitehuacan.mx/?ruta=8
3,Paqueteria Chila Travel Usa Mex,servicio,108,18.457461,-97.392127,https://mitehuacan.mx/?ruta=8
3,Estetica Canina Vets Can,servicio,112,18.456545,-97.391303,https://mitehuacan.mx/?ruta=8
3,Estetica Canina Tac-Movil,servicio,123,18.459657,-97.387087,https://mitehuacan.mx/?ruta=8
3,Cruz Roja Mexicana Delegacion Tehuacan,servicio,124,18.458914,-97.400215,https://mitehuacan.mx/?ruta=8
3,Gestoria Vehicular Tehuacan,servicio,129,18.455502,-97.38838,https://mitehuacan.mx/?ruta=8
3,Caseta Telefonica Enlase,servicio,130,18.457357,-97.387889,https://mitehuacan.mx/?ruta=8
3,Servicios De Arqitectura Y Planeacion De Edificaciones Resid,servicio,130,18.457362,-97.388088,https://mitehuacan.mx/?ruta=8
3,Campo De Gotcha War Zone,servicio,132,18.460029,-97.396573,https://mitehuacan.mx/?ruta=8
3,Centros De Integracion Juvenil,servicio,135,18.455109,-97.402937,https://mitehuacan.mx/?ruta=8
3,Oficinas Administrativas De Musical Sinfonia,servicio,139,18.461459,-97.409107,https://mitehuacan.mx/?ruta=8
3,Sistemas De Descontaminacion Ambiental Nuevo Respiro,servicio,139,18.460036,-97.394478,https://mitehuacan.mx/?ruta=8
3,Soporte De Vida Ambulancias,servicio,148,18.459022,-97.41324,https://mitehuacan.mx/?ruta=8
3,Pozo La Purisima,servicio de agua,74,18.458999,-97.382806,https://mitehuacan.mx/?ruta=8
3,Venta De Hilos Y Avios,telas,1,18.456228,-97.401522,https://mitehuacan.mx/?ruta=8
3,Hilos Torzal,telas,2,18.458796,-97.394396,https://mitehuacan.mx/?ruta=8
3,Telas Parisina 2105 Tehuacan,telas,2,18.458685,-97.391576,https://mitehuacan.mx/?ruta=8
3,Venta De Telas Sin Nombre,telas,3,18.457913,-97.380439,https://mitehuacan.mx/?ruta=8
3,Hilos Y Especialidades Pegasus,telas,38,18.458425,-97.394237,https://mitehuacan.mx/?ruta=8
3,Venta De Telas Jimenez,telas,39,18.459012,-97.391446,https://mitehuacan.mx/?ruta=8
3,Distribuidora Hermont,telas,42,18.460665,-97.409657,https://mitehuacan.mx/?ruta=8
3,Venta De Cable De Plastico E Hilos,telas,51,18.459124,-97.391557,https://mitehuacan.mx/?ruta=8
3,Distribuidora Hermont,telas,55,18.460782,-97.409652,https://mitehuacan.mx/?ruta=8
3,Cami,telas,71,18.456065,-97.394357,https://mitehuacan.mx/?ruta=8
3,Telas Mym,telas,71,18.458064,-97.392727,https://mitehuacan.mx/?ruta=8
3,Material Para Confeccion Y Reracion De Ropa Nepps,telas,130,18.455488,-97.393569,https://mitehuacan.mx/?ruta=8
3,Tejido De Orilla De Servilleta,telas,142,18.457202,-97.386746,https://mitehuacan.mx/?ruta=8
3,izzi,telecommunication,18,18.458973,-97.395734,https://mitehuacan.mx/?ruta=8
3,Megacable,telecommunication,109,18.457627,-97.393204,https://mitehuacan.mx/?ruta=8
3,Ignacio Salvador,terminal,0,18.458492,-97.386721,https://mitehuacan.mx/?ruta=8
3,Sociedad Cooperativa Tecali De Autotransportes Scl,terminal,0,18.458318,-97.382544,https://mitehuacan.mx/?ruta=8
3,Ruta De Combis Tehuacan Tlaxiaco,terminal,1,18.458247,-97.389523,https://mitehuacan.mx/?ruta=8
3,Base De La Ruta 42,terminal,2,18.457191,-97.428725,https://mitehuacan.mx/?ruta=8
3,Turisticos Tzanahua,terminal,11,18.460815,-97.385012,https://mitehuacan.mx/?ruta=8
3,Autotransportes De Pasaje Tepeteopan,terminal,16,18.458362,-97.387182,https://mitehuacan.mx/?ruta=8
3,Ruta 1 Chapulco Tehuacan,terminal,19,18.458267,-97.385494,https://mitehuacan.mx/?ruta=8
3,Base Ruta 27,terminal,26,18.460019,-97.422587,https://mitehuacan.mx/?ruta=8
3,Base De La Ruta 42,terminal,27,18.453843,-97.430034,https://mitehuacan.mx/?ruta=8
3,Base Ruta 1,terminal,40,18.458083,-97.385484,https://mitehuacan.mx/?ruta=8
3,Base De La Ruta Santa Ana Teloxtoc,terminal,47,18.458184,-97.390239,https://mitehuacan.mx/?ruta=8
3,Terminal AU Valles,terminal,58,18.459072,-97.388441,https://mitehuacan.mx/?ruta=8
3,Transpote Publico Base De La Ruta Numero 8,terminal,62,18.455086,-97.428595,https://mitehuacan.mx/?ruta=8
3,Sociedad Transporte San Simon Tlacuilotepec,terminal,70,18.457833,-97.386098,https://mitehuacan.mx/?ruta=8
3,Transporte Colectivo Urbano Y Suburbano De Pasajeros En Auto,terminal,73,18.456267,-97.403672,https://mitehuacan.mx/?ruta=8
3,Autotransportes De La Mixteca,terminal,120,18.457435,-97.387726,https://mitehuacan.mx/?ruta=8
3,Union Turistica Cuicateca,terminal,122,18.457543,-97.391239,https://mitehuacan.mx/?ruta=8
3,Bazar Sin Nombre,tienda,0,18.456787,-97.396172,https://mitehuacan.mx/?ruta=8
3,Bodega De Carbon,tienda,0,18.458351,-97.383235,https://mitehuacan.mx/?ruta=8
3,Bodega De Carbon,tienda,0,18.458346,-97.383131,https://mitehuacan.mx/?ruta=8
3,Carnicera Santa Fe,tienda,0,18.458857,-97.397715,https://mitehuacan.mx/?ruta=8
3,Carniceria Gc,tienda,0,18.460289,-97.411338,https://mitehuacan.mx/?ruta=8
3,Carniceria Mi Arcangel Gabriel,tienda,0,18.458399,-97.384391,https://mitehuacan.mx/?ruta=8
3,Chiles Secos Y Semillas Ramos,tienda,0,18.458327,-97.382648,https://mitehuacan.mx/?ruta=8
3,Cremeria La Rosita,tienda,0,18.458423,-97.38496,https://mitehuacan.mx/?ruta=8
3,Decoraciones Milla Y Juan,tienda,0,18.460626,-97.389474,https://mitehuacan.mx/?ruta=8
3,Electronica Lamparas Mr Web,tienda,0,18.460138,-97.389478,https://mitehuacan.mx/?ruta=8
3,Expendio De Pan La Guadalupana,tienda,0,18.460302,-97.411679,https://mitehuacan.mx/?ruta=8
3,La Casa De La Novia Venta De Vestidos Para Fiesta,tienda,0,18.458564,-97.38952,https://mitehuacan.mx/?ruta=8
3,Oxxo Suc 50Iwe Mariano Escobedo Pbf,tienda,0,18.4604,-97.414135,https://mitehuacan.mx/?ruta=8
3,Puesto De Chiles Secos,tienda,0,18.458426,-97.385036,https://mitehuacan.mx/?ruta=8
3,Semillas Y Chiles Secos Tony Y Robert,tienda,0,18.458427,-97.385054,https://mitehuacan.mx/?ruta=8
3,Venta De Bolsas De Mandado Sin Nombre,tienda,0,18.458411,-97.384666,https://mitehuacan.mx/?ruta=8
3,Venta De Chacharas Sin Nombre,tienda,0,18.458426,-97.385026,https://mitehuacan.mx/?ruta=8
3,Venta De Granos Y Semillas Sin Nombre,tienda,0,18.45841,-97.384657,https://mitehuacan.mx/?ruta=8
3,Venta De Pan De Burro Sin Nombre,tienda,0,18.458411,-97.384685,https://mitehuacan.mx/?ruta=8
3,Venta De Ropa Interior Para Toda La Familia Sin Nombre,tienda,0,18.458419,-97.384855,https://mitehuacan.mx/?ruta=8
3,Venta De Ropa Tipica Artesanal Sin Nombre,tienda,0,18.458402,-97.384458,https://mitehuacan.mx/?ruta=8
3,Venta De Salsa De Hormiga Sin Nombre,tienda,0,18.458412,-97.384694,https://mitehuacan.mx/?ruta=8
3,650191 Neto Tehuacan 5 Sur,tienda,1,18.459564,-97.389484,https://mitehuacan.mx/?ruta=8
3,724 Super 112 Tehuacan La Pedrera,tienda,1,18.456819,-97.396709,https://mitehuacan.mx/?ruta=8
3,Bazar De Antiguedades Sin Nombre,tienda,1,18.456201,-97.399872,https://mitehuacan.mx/?ruta=8
3,Bazar De Ropa Usada,tienda,1,18.456228,-97.401475,https://mitehuacan.mx/?ruta=8
3,Bazar De Zapatos,tienda,1,18.456201,-97.399872,https://mitehuacan.mx/?ruta=8
3,Bazar De Zapatos Sin Nombre,tienda,1,18.456201,-97.399872,https://mitehuacan.mx/?ruta=8
3,Bazar Sin Nombre,tienda,1,18.45716,-97.402913,https://mitehuacan.mx/?ruta=8
3,Bodega Yara,tienda,1,18.457656,-97.378872,https://mitehuacan.mx/?ruta=8
3,Carniceria Angy,tienda,1,18.456201,-97.399872,https://mitehuacan.mx/?ruta=8
3,Carniceria El Divino Niño,tienda,1,18.456201,-97.399872,https://mitehuacan.mx/?ruta=8
3,Carniceria Los Toritos,tienda,1,18.456201,-97.399872,https://mitehuacan.mx/?ruta=8
3,Carniceria Santa Maria,tienda,1,18.456201,-97.399872,https://mitehuacan.mx/?ruta=8
3,Clinica Optica Mundo Optico,tienda,1,18.458525,-97.387413,https://mitehuacan.mx/?ruta=8
3,Club De Nutricion Herbalife,tienda,1,18.45674,-97.395044,https://mitehuacan.mx/?ruta=8
3,Cremeria Vaqueritos,tienda,1,18.45793,-97.389526,https://mitehuacan.mx/?ruta=8
3,Cremeria Y Salchichoneria Rosy,tienda,1,18.456201,-97.399872,https://mitehuacan.mx/?ruta=8
3,Farmacia Naturista Y Homeopatica Equilibrium,tienda,1,18.458813,-97.395534,https://mitehuacan.mx/?ruta=8
3,Fritangueria El Cerdito,tienda,1,18.458446,-97.385291,https://mitehuacan.mx/?ruta=8
3,Jarcieria Puebla Y Plasticos Mop,tienda,1,18.458522,-97.387338,https://mitehuacan.mx/?ruta=8
3,Leynes Jarcieria,tienda,1,18.458333,-97.382714,https://mitehuacan.mx/?ruta=8
3,Max Pan,tienda,1,18.458694,-97.392,https://mitehuacan.mx/?ruta=8
3,Optica Univer,tienda,1,18.456201,-97.399872,https://mitehuacan.mx/?ruta=8
3,Oxxo Suc 50Yqp Purisima Pbf,tienda,1,18.458519,-97.387287,https://mitehuacan.mx/?ruta=8
3,Panaderia Sthephanie,tienda,1,18.456454,-97.389589,https://mitehuacan.mx/?ruta=8
3,Pasteleria Cristal,tienda,1,18.458524,-97.387394,https://mitehuacan.mx/?ruta=8
3,Pinturas Pyt 7 Poniente,tienda,1,18.456742,-97.395098,https://mitehuacan.mx/?ruta=8
3,Pomos Y Chelas,tienda,1,18.45681,-97.396569,https://mitehuacan.mx/?ruta=8
3,Productos Naturistas,tienda,1,18.460727,-97.385176,https://mitehuacan.mx/?ruta=8
3,Productos Para Concreto Curacreto,tienda,1,18.456781,-97.395866,https://mitehuacan.mx/?ruta=8
3,Quimicos Ale,tienda,1,18.456923,-97.403358,https://mitehuacan.mx/?ruta=8
3,Tienda De Lenceria La Chica De Hoy,tienda,1,18.459956,-97.38948,https://mitehuacan.mx/?ruta=8
3,Tiendas Neto,tienda,1,18.459439,-97.389486,https://mitehuacan.mx/?ruta=8
3,Tortillas De Harina De La Abuela,tienda,1,18.458454,-97.385575,https://mitehuacan.mx/?ruta=8
3,Trajes Tipicos Sin Nombre,tienda,1,18.460737,-97.385498,https://mitehuacan.mx/?ruta=8
3,Venta Cafe Ganoderma,tienda,1,18.456201,-97.399872,https://mitehuacan.mx/?ruta=8
3,Venta Chiles Nina Y Julio,tienda,1,18.456201,-97.399872,https://mitehuacan.mx/?ruta=8
3,Venta De Ceramica Sin Nombre,tienda,1,18.458373,-97.383908,https://mitehuacan.mx/?ruta=8
3,Venta De Chacharas Sin Nombre,tienda,1,18.458376,-97.383984,https://mitehuacan.mx/?ruta=8
3,Venta De Chiles Secos Y Semilla La Hormiga,tienda,1,18.456201,-97.399872,https://mitehuacan.mx/?ruta=8
3,Venta De Comida Antojitos Oaxaqueños,tienda,1,18.456201,-97.399872,https://mitehuacan.mx/?ruta=8
3,Venta De Huevo Sin Nombre,tienda,1,18.456201,-97.399872,https://mitehuacan.mx/?ruta=8
3,Venta De Juguetes Usados Sin Nombre,tienda,1,18.458379,-97.384041,https://mitehuacan.mx/?ruta=8
3,Venta De Lenceria Sin Nombre,tienda,1,18.459632,-97.389483,https://mitehuacan.mx/?ruta=8
3,Venta De Marcos Fotograficos Marcos De Tehuacan,tienda,1,18.460029,-97.389479,https://mitehuacan.mx/?ruta=8
3,Venta De Novedades Y Bazar De Ropa,tienda,1,18.456201,-97.399872,https://mitehuacan.mx/?ruta=8
3,Venta De Ofnimife Sin Nombre,tienda,1,18.456201,-97.399872,https://mitehuacan.mx/?ruta=8
3,Venta De Peliculas Sin Nombre,tienda,1,18.456201,-97.399872,https://mitehuacan.mx/?ruta=8
3,Venta De Productos Oaxaqueños Flor De Piña,tienda,1,18.456201,-97.399872,https://mitehuacan.mx/?ruta=8
3,Venta De Productos Ofmilife,tienda,1,18.456201,-97.399872,https://mitehuacan.mx/?ruta=8
3,Venta De Ropa Sin Nombre,tienda,1,18.460724,-97.385081,https://mitehuacan.mx/?ruta=8
3,Venta De Ropa Usada Sin Nombre,tienda,1,18.458375,-97.383946,https://mitehuacan.mx/?ruta=8
3,Venta De Telas Y Servilletas Sin Nombre,tienda,1,18.458516,-97.387214,https://mitehuacan.mx/?ruta=8
3,Venta De Trastes De Plastico,tienda,1,18.456201,-97.399872,https://mitehuacan.mx/?ruta=8
3,Venta Trastes De Plastipisco Sin Nombre,tienda,1,18.456201,-97.399872,https://mitehuacan.mx/?ruta=8
3,Bazar De Ropa Sin Nombre,tienda,2,18.457052,-97.401551,https://mitehuacan.mx/?ruta=8
3,Bazar De Ropa Usada,tienda,2,18.460439,-97.420479,https://mitehuacan.mx/?ruta=8
3,Bazar Lupita Online,tienda,2,18.454057,-97.430198,https://mitehuacan.mx/?ruta=8
3,Bazar Sin Nombre,tienda,2,18.46041,-97.412121,https://mitehuacan.mx/?ruta=8
3,Carniceria Del Carmen,tienda,2,18.46055,-97.418463,https://mitehuacan.mx/?ruta=8
3,Carniceria Mendez,tienda,2,18.460519,-97.417421,https://mitehuacan.mx/?ruta=8
3,Carniceria Sin Nombre,tienda,2,18.460505,-97.417013,https://mitehuacan.mx/?ruta=8
3,Centro Naturista Jupiter,tienda,2,18.458545,-97.38783,https://mitehuacan.mx/?ruta=8
3,Comercializadora Venta De Pintura E Impermeabilizante,tienda,2,18.456884,-97.397819,https://mitehuacan.mx/?ruta=8
3,Cremeria De Los Reyes Etla,tienda,2,18.460357,-97.410804,https://mitehuacan.mx/?ruta=8
3,Cremeria La Vaquita Lechera,tienda,2,18.460541,-97.418151,https://mitehuacan.mx/?ruta=8
3,Expendio De Pan Katia,tienda,2,18.460647,-97.418489,https://mitehuacan.mx/?ruta=8
3,Ink Color,tienda,2,18.457394,-97.389567,https://mitehuacan.mx/?ruta=8
3,Jp Jorge Ponce Venta De Ropa Usada,tienda,2,18.457067,-97.40194,https://mitehuacan.mx/?ruta=8
3,Modas Ericos,tienda,2,18.458852,-97.389495,https://mitehuacan.mx/?ruta=8
3,Moni Show,tienda,2,18.460627,-97.417986,https://mitehuacan.mx/?ruta=8
3,Optica Optivision,tienda,2,18.457713,-97.389527,https://mitehuacan.mx/?ruta=8
3,Pasteleria La Cereza,tienda,2,18.46082,-97.388209,https://mitehuacan.mx/?ruta=8
3,Pasteleria La Princesa,tienda,2,18.458807,-97.389496,https://mitehuacan.mx/?ruta=8
3,Plasticos Lupita,tienda,2,18.458907,-97.389494,https://mitehuacan.mx/?ruta=8
3,Productos De Limpieza,tienda,2,18.456916,-97.40353,https://mitehuacan.mx/?ruta=8
3,Romss Venta De Carnes,tienda,2,18.460831,-97.388503,https://mitehuacan.mx/?ruta=8
3,Semillas Y Chiles Secos Alonso,tienda,2,18.458249,-97.381113,https://mitehuacan.mx/?ruta=8
3,Tienda De Abarrotes,tienda,2,18.46063,-97.418081,https://mitehuacan.mx/?ruta=8
3,Venta De Pan Sin Nombre,tienda,2,18.458753,-97.389497,https://mitehuacan.mx/?ruta=8
3,Venta De Productos Hortopedicos,tienda,2,18.458798,-97.394719,https://mitehuacan.mx/?ruta=8
3,Venta De Ropa Americana. Paca La Frontera,tienda,2,18.460847,-97.389024,https://mitehuacan.mx/?ruta=8
3,Venta De Ropa Usada,tienda,2,18.457947,-97.398904,https://mitehuacan.mx/?ruta=8
3,Abarrotes Vinos Y Licores Fandango,tienda,3,18.458571,-97.38837,https://mitehuacan.mx/?ruta=8
3,Carniceria Emmanuel,tienda,3,18.456891,-97.397942,https://mitehuacan.mx/?ruta=8
3,Carniceria Romms,tienda,3,18.46012,-97.409461,https://mitehuacan.mx/?ruta=8
3,Carniceria Rooms,tienda,3,18.460125,-97.409461,https://mitehuacan.mx/?ruta=8
3,Compra Venta De Articulos Usados Casa Cash,tienda,3,18.45669,-97.389538,https://mitehuacan.mx/?ruta=8
3,Cremeria Carmelita,tienda,3,18.457139,-97.402658,https://mitehuacan.mx/?ruta=8
3,De Remate Empeños,tienda,3,18.4565,-97.389546,https://mitehuacan.mx/?ruta=8
3,Expendio De Pan Bimbo,tienda,3,18.45866,-97.390815,https://mitehuacan.mx/?ruta=8
3,Expendio De Pan Sin Nombre,tienda,3,18.457133,-97.402592,https://mitehuacan.mx/?ruta=8
3,Floreria Y Novedades Las Americas,tienda,3,18.458623,-97.389801,https://mitehuacan.mx/?ruta=8
3,Funerales De Jesus,tienda,3,18.458625,-97.389858,https://mitehuacan.mx/?ruta=8
3,Jarcieria Jr Leynez,tienda,3,18.458194,-97.381096,https://mitehuacan.mx/?ruta=8
3,Optica Optishop Venta De Lentes De Sol Y Graduados,tienda,3,18.457033,-97.40104,https://mitehuacan.mx/?ruta=8
3,Pasteleria Cristal,tienda,3,18.458629,-97.39,https://mitehuacan.mx/?ruta=8
3,Pasteleria La Cereza,tienda,3,18.458633,-97.390104,https://mitehuacan.mx/?ruta=8
3,Tienda De Ropa Para Dama Sin Nombre,tienda,3,18.458663,-97.390948,https://mitehuacan.mx/?ruta=8
3,Venta De Cobertores Y Blancos Caleb,tienda,3,18.458665,-97.391004,https://mitehuacan.mx/?ruta=8
3,Venta De Cruces Villanueva,tienda,3,18.458648,-97.390502,https://mitehuacan.mx/?ruta=8
3,Venta De Discos Y Peliculas Sin Nombre,tienda,3,18.458644,-97.390398,https://mitehuacan.mx/?ruta=8
3,Bodega De Semillas Alonso,tienda,4,18.455079,-97.379271,https://mitehuacan.mx/?ruta=8
3,Bolsas Y Empaques Vicky,tienda,4,18.460713,-97.383839,https://mitehuacan.mx/?ruta=8
3,Carniceria Araceli,tienda,4,18.460242,-97.409262,https://mitehuacan.mx/?ruta=8
3,Cofitados Gomitas Y Botanas Sin Nombre,tienda,4,18.458263,-97.381501,https://mitehuacan.mx/?ruta=8
3,Cruces Y Coronas San Angel,tienda,4,18.458601,-97.388986,https://mitehuacan.mx/?ruta=8
3,Funerales Velez,tienda,4,18.458612,-97.389204,https://mitehuacan.mx/?ruta=8
3,Optica Look Vission,tienda,4,18.458615,-97.38926,https://mitehuacan.mx/?ruta=8
3,Plasticos Alfonso,tienda,4,18.458287,-97.381644,https://mitehuacan.mx/?ruta=8
3,Venta De Cruces La Gloria De Dios,tienda,4,18.458613,-97.389232,https://mitehuacan.mx/?ruta=8
3,Venta De Frituras Y Churros,tienda,4,18.459227,-97.40751,https://mitehuacan.mx/?ruta=8
3,Venta De Pan De Burro Sin Nombre,tienda,4,18.458391,-97.385082,https://mitehuacan.mx/?ruta=8
3,Bodega Plasticos Alfonso,tienda,5,18.459637,-97.381721,https://mitehuacan.mx/?ruta=8
3,Cruces Alamo,tienda,5,18.458766,-97.39582,https://mitehuacan.mx/?ruta=8
3,Plasticos Mayma,tienda,5,18.458386,-97.381687,https://mitehuacan.mx/?ruta=8
3,Tornicar Tornillos Y Herramientas,tienda,5,18.459203,-97.381746,https://mitehuacan.mx/?ruta=8
3,Venta De Plasticos Sin Nombre,tienda,5,18.458382,-97.385083,https://mitehuacan.mx/?ruta=8
3,7/24,tienda,5,18.456858,-97.396715,https://mitehuacan.mx/?ruta=8
3,Bodega De Abarrotes 3 Estrellas Sin Nombre,tienda,6,18.458411,-97.386022,https://mitehuacan.mx/?ruta=8
3,Expendio De Pan,tienda,6,18.458298,-97.38325,https://mitehuacan.mx/?ruta=8
3,Tehuacan,tienda,6,18.458715,-97.394238,https://mitehuacan.mx/?ruta=8
3,Venta De Articulos Usados Sin Nombre,tienda,6,18.458327,-97.383884,https://mitehuacan.mx/?ruta=8
3,Venta De Productos De Limpieza El Pato,tienda,6,18.456983,-97.399305,https://mitehuacan.mx/?ruta=8
3,Accesorios De Limpieza,tienda,7,18.458366,-97.385172,https://mitehuacan.mx/?ruta=8
3,Cedi Herbalia,tienda,7,18.460725,-97.387709,https://mitehuacan.mx/?ruta=8
3,Compra Venta De Novedades Y Articulos De Limpieza,tienda,7,18.456916,-97.400408,https://mitehuacan.mx/?ruta=8
3,La Central Del Tapicero,tienda,7,18.460726,-97.387757,https://mitehuacan.mx/?ruta=8
3,Puesto De Hierbas Sin Nombre,tienda,7,18.458364,-97.385085,https://mitehuacan.mx/?ruta=8
3,Tieda Naturista San Antonio,tienda,7,18.458316,-97.383811,https://mitehuacan.mx/?ruta=8
3,Tiendas Tres B,tienda,7,18.46077,-97.384766,https://mitehuacan.mx/?ruta=8
3,Venta De Ropa Interior Sin Nombre,tienda,7,18.460728,-97.387861,https://mitehuacan.mx/?ruta=8
3,7/24,tienda,7,18.460161,-97.409776,https://mitehuacan.mx/?ruta=8
3,Bazar De Ropa,tienda,8,18.460582,-97.383027,https://mitehuacan.mx/?ruta=8
3,Bazar Venta De Ropa Usada,tienda,8,18.456958,-97.40146,https://mitehuacan.mx/?ruta=8
3,El Jarocho Carnicerias Suc Tehuacan,tienda,8,18.460739,-97.38842,https://mitehuacan.mx/?ruta=8
3,Estacionamiento Privado Abarrotes La Corona,tienda,8,18.460738,-97.388335,https://mitehuacan.mx/?ruta=8
3,Expendio De Pan La Purisima,tienda,8,18.458404,-97.38275,https://mitehuacan.mx/?ruta=8
3,Ke Papitas Venta De Botanas,tienda,8,18.456971,-97.401801,https://mitehuacan.mx/?ruta=8
3,Optica Del Angel,tienda,8,18.460737,-97.388278,https://mitehuacan.mx/?ruta=8
3,Pasteleria Cristal,tienda,8,18.460738,-97.388363,https://mitehuacan.mx/?ruta=8
3,Venta De Pastel Gourment,tienda,8,18.457654,-97.404212,https://mitehuacan.mx/?ruta=8
3,Bolsas Y Empaques Tehuacan,tienda,9,18.456888,-97.396586,https://mitehuacan.mx/?ruta=8
3,Carniceria El Novillo De Oro,tienda,9,18.457154,-97.402319,https://mitehuacan.mx/?ruta=8
3,Floreria Y Novedades Han-Jung,tienda,9,18.460758,-97.389274,https://mitehuacan.mx/?ruta=8
3,Venta De Pan De Burro,tienda,9,18.460749,-97.388961,https://mitehuacan.mx/?ruta=8
3,Venta De Ropa Usada Sin Nombre,tienda,9,18.4583,-97.383886,https://mitehuacan.mx/?ruta=8
3,7/24,tienda,9,18.458785,-97.392528,https://mitehuacan.mx/?ruta=8
3,Articulos Para El Hogar Sin Nombre,tienda,10,18.458436,-97.383062,https://mitehuacan.mx/?ruta=8
3,Blancos Pocket,tienda,10,18.458021,-97.379801,https://mitehuacan.mx/?ruta=8
3,Carniceria Chela,tienda,10,18.458921,-97.396479,https://mitehuacan.mx/?ruta=8
3,Disa,tienda,10,18.458109,-97.380284,https://mitehuacan.mx/?ruta=8
3,Expendio De Pan Sin Nombre,tienda,10,18.456829,-97.399089,https://mitehuacan.mx/?ruta=8
3,Gabanny Postres,tienda,10,18.458833,-97.393437,https://mitehuacan.mx/?ruta=8
3,Granos Maiz,tienda,10,18.457982,-97.379557,https://mitehuacan.mx/?ruta=8
3,Tienda De Articulos De Ceramica Fulanitos,tienda,10,18.458945,-97.397636,https://mitehuacan.mx/?ruta=8
3,Tienda De Bazar Bazar Sin Nombre,tienda,10,18.458934,-97.39719,https://mitehuacan.mx/?ruta=8
3,Venta De Chicharron Chicharroneria Las Maravillas,tienda,10,18.458526,-97.38525,https://mitehuacan.mx/?ruta=8
3,Venta De Frituras Sin Nombre,tienda,10,18.456829,-97.399089,https://mitehuacan.mx/?ruta=8
3,Venta De Vestidos Bordados Las Raquelitas,tienda,10,18.458529,-97.385345,https://mitehuacan.mx/?ruta=8
3,724 Super 102 Tehuacan Paseo Hidalgo,tienda,11,18.458804,-97.392536,https://mitehuacan.mx/?ruta=8
3,Expendio De Huevo Sin Nombre,tienda,11,18.458616,-97.387486,https://mitehuacan.mx/?ruta=8
3,Farmacia Omeopatica,tienda,11,18.456667,-97.395777,https://mitehuacan.mx/?ruta=8
3,Ivaliss Closhop,tienda,11,18.460374,-97.389373,https://mitehuacan.mx/?ruta=8
3,Limpieza Dogoteh,tienda,11,18.456672,-97.395853,https://mitehuacan.mx/?ruta=8
3,Pasteleria La Artesanal,tienda,11,18.458811,-97.392745,https://mitehuacan.mx/?ruta=8
3,Pinturas Y Accesorios Forestales,tienda,11,18.456625,-97.394896,https://mitehuacan.mx/?ruta=8
3,Plasticos Juquilita,tienda,11,18.460587,-97.38937,https://mitehuacan.mx/?ruta=8
3,Tienda Accesorios Importadora Veracruz,tienda,11,18.458816,-97.392894,https://mitehuacan.mx/?ruta=8
3,Venta De Accesorios Y Molde Para Pasteleria Chios,tienda,11,18.460605,-97.38937,https://mitehuacan.mx/?ruta=8
3,Venta De Hierbas Medicinales Y Para Cocinar Sin Nombre,tienda,11,18.458282,-97.383887,https://mitehuacan.mx/?ruta=8
3,Venta De Semillas La Pobedita,tienda,11,18.458505,-97.38453,https://mitehuacan.mx/?ruta=8
3,724 Super 105 Tehuacan Venustiano Carranza,tienda,12,18.460114,-97.409726,https://mitehuacan.mx/?ruta=8
3,Compra Venta De Todo,tienda,12,18.45665,-97.395465,https://mitehuacan.mx/?ruta=8
3,Expendio De Pan La Antigua,tienda,12,18.458631,-97.387704,https://mitehuacan.mx/?ruta=8
3,Jarcieria J G,tienda,12,18.458605,-97.38687,https://mitehuacan.mx/?ruta=8
3,Plasticos El Bolsas,tienda,12,18.458534,-97.384956,https://mitehuacan.mx/?ruta=8
3,Tienda Naturista Tehuacan,tienda,12,18.458625,-97.387619,https://mitehuacan.mx/?ruta=8
3,Venta De Cruces Sin Nombre,tienda,12,18.458507,-97.390331,https://mitehuacan.mx/?ruta=8
3,Venta De Pinturas La Casa Del Pintor,tienda,12,18.458798,-97.392214,https://mitehuacan.mx/?ruta=8
3,Venta De Sal Sin Nombre,tienda,12,18.458318,-97.385088,https://mitehuacan.mx/?ruta=8
3,Venta De Vinos Y Licores Regional,tienda,12,18.458548,-97.38549,https://mitehuacan.mx/?ruta=8
3,Vestidos Ceremoniales Karylu,tienda,12,18.458799,-97.392271,https://mitehuacan.mx/?ruta=8
3,724 Super 109 Tehuacan 5 Sur,tienda,13,18.458786,-97.389392,https://mitehuacan.mx/?ruta=8
3,Articulos De Plastico Super Plas,tienda,13,18.458788,-97.391731,https://mitehuacan.mx/?ruta=8
3,Bazar De Ropa Usada Nacional Sin Nombre,tienda,13,18.456881,-97.389689,https://mitehuacan.mx/?ruta=8
3,Bodega De Plasticos Alfonso,tienda,13,18.45819,-97.380328,https://mitehuacan.mx/?ruta=8
3,Bodega Sin Nombre,tienda,13,18.45866,-97.388149,https://mitehuacan.mx/?ruta=8
3,Carniceria La Consentida,tienda,13,18.458203,-97.405235,https://mitehuacan.mx/?ruta=8
3,Coth56 Servicio Total A Bordo Tehuacan Au,tienda,13,18.458667,-97.388338,https://mitehuacan.mx/?ruta=8
3,Mezcal La Perla De Oaxaca,tienda,13,18.458658,-97.388111,https://mitehuacan.mx/?ruta=8
3,Plasticos Lupita,tienda,13,18.458786,-97.389392,https://mitehuacan.mx/?ruta=8
3,Sex Shop Condesa,tienda,13,18.458762,-97.398355,https://mitehuacan.mx/?ruta=8
3,Surcursal De Miel San Miguel Tehuacan,tienda,13,18.459266,-97.389386,https://mitehuacan.mx/?ruta=8
3,Tienda De Ropa Segundo Estreno Tehuacan,tienda,13,18.456931,-97.389443,https://mitehuacan.mx/?ruta=8
3,Tienda Naturista San Benito,tienda,13,18.458334,-97.389408,https://mitehuacan.mx/?ruta=8
3,Venta De Hierbas Para Cocinar Sin Nombre,tienda,13,18.458264,-97.383888,https://mitehuacan.mx/?ruta=8
3,Venta De Lenceria Sin Nombre,tienda,13,18.458537,-97.385013,https://mitehuacan.mx/?ruta=8
3,Venta De Pinturas Pintugama Tehuacan,tienda,13,18.458602,-97.386709,https://mitehuacan.mx/?ruta=8
3,Venta De Sabanas Y Cobijas Blancos Banderas,tienda,13,18.459166,-97.389387,https://mitehuacan.mx/?ruta=8
3,Venta De Suplementos Alimenticios Mr Nutrishion,tienda,13,18.458778,-97.391405,https://mitehuacan.mx/?ruta=8
3,Ventas De Computadoras Genius,tienda,13,18.458786,-97.389392,https://mitehuacan.mx/?ruta=8
3,Blancos Conde,tienda,14,18.458685,-97.388613,https://mitehuacan.mx/?ruta=8
3,Coth51 Delimart Au,tienda,14,18.458687,-97.388656,https://mitehuacan.mx/?ruta=8
3,Distribuidoras De Carnes Majuf,tienda,14,18.457348,-97.389417,https://mitehuacan.mx/?ruta=8
3,Expendio De Pan De Burro Disney,tienda,14,18.458685,-97.388613,https://mitehuacan.mx/?ruta=8
3,Venta De Articulos Militares,tienda,14,18.46061,-97.385987,https://mitehuacan.mx/?ruta=8
3,Venta De Botanas Sin Nombre,tienda,14,18.458255,-97.383888,https://mitehuacan.mx/?ruta=8
3,Venta De Instrumentos Musicales Ruper Music,tienda,14,18.457583,-97.389414,https://mitehuacan.mx/?ruta=8
3,Venta De Productos Alimenticios Omnilife,tienda,14,18.457637,-97.389413,https://mitehuacan.mx/?ruta=8
3,Venta De Ropa Interior De Dama Sin Nombre,tienda,14,18.458765,-97.391039,https://mitehuacan.mx/?ruta=8
3,Venta De Ropa Usada,tienda,14,18.45858,-97.392718,https://mitehuacan.mx/?ruta=8
3,Carnes Nacional,tienda,15,18.454904,-97.389472,https://mitehuacan.mx/?ruta=8
3,Expendio Bimbo,tienda,15,18.460975,-97.389338,https://mitehuacan.mx/?ruta=8
3,Expendio De Huevo Sin Nombre,tienda,15,18.458464,-97.382754,https://mitehuacan.mx/?ruta=8
3,Expendio De Pan De Burro Sin Nombre,tienda,15,18.458705,-97.388935,https://mitehuacan.mx/?ruta=8
3,Super Servicio Alatriste,tienda,15,18.458745,-97.390252,https://mitehuacan.mx/?ruta=8
3,Tienda De Lenceria Pasion 360,tienda,15,18.458739,-97.390025,https://mitehuacan.mx/?ruta=8
3,Venta De Productos Naturistas,tienda,15,18.458294,-97.385177,https://mitehuacan.mx/?ruta=8
3,Venta De Productos Naturistas Sana,tienda,15,18.458695,-97.388783,https://mitehuacan.mx/?ruta=8
3,Venta De Sombreros Y Pan El Vaquero,tienda,15,18.458692,-97.388736,https://mitehuacan.mx/?ruta=8
3,Distribuidora De Huevo Y Manteca De Cerdo De Puebla,tienda,16,18.457067,-97.380708,https://mitehuacan.mx/?ruta=8
3,Expendio De Pan Frio Bimbo,tienda,16,18.456912,-97.403691,https://mitehuacan.mx/?ruta=8
3,Impulsora Pañamex,tienda,16,18.458285,-97.385178,https://mitehuacan.mx/?ruta=8
3,Sombrereria Coxcatlan,tienda,16,18.458721,-97.389257,https://mitehuacan.mx/?ruta=8
3,Tienda De Articulos Religiosos Sin Nombre,tienda,16,18.460764,-97.389621,https://mitehuacan.mx/?ruta=8
3,Veladoras San Judas Tadeo,tienda,16,18.458718,-97.389191,https://mitehuacan.mx/?ruta=8
3,Venta De Lenceria Sin Nombre,tienda,16,18.458237,-97.383889,https://mitehuacan.mx/?ruta=8
3,Venta De Pan De Burro,tienda,16,18.458715,-97.389105,https://mitehuacan.mx/?ruta=8
3,Venta De Ropa Interior Secret Fantasy,tienda,16,18.458724,-97.389323,https://mitehuacan.mx/?ruta=8
3,Venta De Trastes De Peltre Sin Nombre,tienda,16,18.458237,-97.383889,https://mitehuacan.mx/?ruta=8
3,Oxxo,tienda,16,18.460258,-97.414122,https://mitehuacan.mx/?ruta=8
3,Chiles Secos Y Semillas Gorgonio,tienda,17,18.457899,-97.378833,https://mitehuacan.mx/?ruta=8
3,Lenceria Samy Y Amy,tienda,17,18.458225,-97.383817,https://mitehuacan.mx/?ruta=8
3,Pinturas Comex Sucursal Centro,tienda,17,18.456911,-97.403769,https://mitehuacan.mx/?ruta=8
3,Plasticos Hafid,tienda,17,18.458485,-97.382849,https://mitehuacan.mx/?ruta=8
3,Bodega De Tienda De Carbon El Huarachin,tienda,18,18.457851,-97.378729,https://mitehuacan.mx/?ruta=8
3,Comercializadora Osorio,tienda,18,18.458344,-97.387107,https://mitehuacan.mx/?ruta=8
3,Panaderia Lalito,tienda,18,18.458218,-97.383891,https://mitehuacan.mx/?ruta=8
3,Venta De Ropa Interior Y Lenceria Sin Nombre,tienda,18,18.460765,-97.389634,https://mitehuacan.mx/?ruta=8
3,Carniceria Shalon,tienda,19,18.456711,-97.398188,https://mitehuacan.mx/?ruta=8
3,Venta De Medicina Naturista Sin Nombre,tienda,19,18.458209,-97.383891,https://mitehuacan.mx/?ruta=8
3,Venta De Sal Sin Nombre,tienda,19,18.458209,-97.383891,https://mitehuacan.mx/?ruta=8
3,Venta De Tenates Sin Nombre,tienda,19,18.458209,-97.383891,https://mitehuacan.mx/?ruta=8
3,San Judas Tadeo,tienda,20,18.458318,-97.387108,https://mitehuacan.mx/?ruta=8
3,Productos De Limpieza,tienda,21,18.460319,-97.416682,https://mitehuacan.mx/?ruta=8
3,Tienda De Vestidos Detalles De Comunion Novias Maqueda,tienda,21,18.458819,-97.390755,https://mitehuacan.mx/?ruta=8
3,Bodega De Maiz Casa Gorgonio,tienda,22,18.460313,-97.382217,https://mitehuacan.mx/?ruta=8
3,Funerales Tepeyac,tienda,22,18.456355,-97.389782,https://mitehuacan.mx/?ruta=8
3,Venta De Peltre Y Plastico,tienda,22,18.458182,-97.383893,https://mitehuacan.mx/?ruta=8
3,Expendio De Pan Sin Nombre,tienda,23,18.459036,-97.406729,https://mitehuacan.mx/?ruta=8
3,Venta De Aceites Y Lubricantes Dey,tienda,23,18.456948,-97.428349,https://mitehuacan.mx/?ruta=8
3,Venta De Articulos De Plasticos Doña Mary,tienda,23,18.458171,-97.38382,https://mitehuacan.mx/?ruta=8
3,Pomos Y Chelas,tienda,24,18.457024,-97.396581,https://mitehuacan.mx/?ruta=8
3,Suplementos Alimenticios Centro De Distribucion Bio-4,tienda,24,18.458446,-97.391574,https://mitehuacan.mx/?ruta=8
3,Bazar De Ropa Sin Nombre,tienda,25,18.456842,-97.379462,https://mitehuacan.mx/?ruta=8
3,Oxxo Suc 50Vzj Avila Camacho Pbf,tienda,25,18.455635,-97.391621,https://mitehuacan.mx/?ruta=8
3,Bazar De Ropa Sin Nombre,tienda,26,18.460871,-97.382697,https://mitehuacan.mx/?ruta=8
3,Valux,tienda,26,18.458195,-97.385183,https://mitehuacan.mx/?ruta=8
3,Venta De Lenceria Isabela,tienda,26,18.458424,-97.39147,https://mitehuacan.mx/?ruta=8
3,Venta De Loza Y Ceramica Sin Nombre,tienda,26,18.458146,-97.383895,https://mitehuacan.mx/?ruta=8
3,Venta De Articulos Usados Sin Nombre,tienda,27,18.458137,-97.383896,https://mitehuacan.mx/?ruta=8
3,Venta De Bocinas Y Accesorios Sin Nombre,tienda,27,18.461088,-97.389469,https://mitehuacan.mx/?ruta=8
3,Establecimiento Sin Nombre,tienda,28,18.458985,-97.399285,https://mitehuacan.mx/?ruta=8
3,Bazar Sin Nombre Venta De Ropa Usada,tienda,29,18.457226,-97.399942,https://mitehuacan.mx/?ruta=8
3,Estacionamiento De Musical Sinfonia,tienda,29,18.460768,-97.389742,https://mitehuacan.mx/?ruta=8
3,Sombreria Tehuacan,tienda,29,18.461102,-97.389341,https://mitehuacan.mx/?ruta=8
3,Venta De Ropa Usada Sin Nombre,tienda,29,18.458119,-97.383897,https://mitehuacan.mx/?ruta=8
3,Carniceria San Miguel,tienda,30,18.456602,-97.398085,https://mitehuacan.mx/?ruta=8
3,Artesanias,tienda,31,18.460565,-97.409661,https://mitehuacan.mx/?ruta=8
3,Carniceria Merino,tienda,31,18.456588,-97.397876,https://mitehuacan.mx/?ruta=8
3,Panaderia Danymar,tienda,31,18.455948,-97.398704,https://mitehuacan.mx/?ruta=8
3,Productos De Limpieza Mr.Clean,tienda,31,18.462151,-97.423789,https://mitehuacan.mx/?ruta=8
3,Mezcal De Oaxaca,tienda,32,18.458716,-97.385064,https://mitehuacan.mx/?ruta=8
3,Venta De Ropa Para Dama Caballero Y Niños,tienda,32,18.458903,-97.399345,https://mitehuacan.mx/?ruta=8
3,Venta De Ropa Usada Sin Nombre,tienda,32,18.458138,-97.385102,https://mitehuacan.mx/?ruta=8
3,Distribuidora De Betterwere,tienda,33,18.457105,-97.396577,https://mitehuacan.mx/?ruta=8
3,Latinos,tienda,33,18.458797,-97.387107,https://mitehuacan.mx/?ruta=8
3,Venta De Jarcieria Sin Nombre,tienda,33,18.458083,-97.383899,https://mitehuacan.mx/?ruta=8
3,Venta De Trajes Charros Charreria Maru,tienda,33,18.461068,-97.387042,https://mitehuacan.mx/?ruta=8
3,Bazar De Ropa,tienda,34,18.457761,-97.405879,https://mitehuacan.mx/?ruta=8
3,Cremeria Jmc,tienda,34,18.457405,-97.38987,https://mitehuacan.mx/?ruta=8
3,Maxi Pinturas,tienda,34,18.456905,-97.404137,https://mitehuacan.mx/?ruta=8
3,Musical Sinfonia,tienda,34,18.460763,-97.389788,https://mitehuacan.mx/?ruta=8
3,Romss,tienda,34,18.458969,-97.391446,https://mitehuacan.mx/?ruta=8
3,Tienda Naturista Yo Soy Natural,tienda,35,18.456487,-97.392169,https://mitehuacan.mx/?ruta=8
3,Venta De Pan De Burro,tienda,35,18.458065,-97.3839,https://mitehuacan.mx/?ruta=8
3,Tienda De Carbon El Huarachin,tienda,36,18.457818,-97.378537,https://mitehuacan.mx/?ruta=8
3,Tienda Naturista Bienestar Y Vida,tienda,36,18.458173,-97.387115,https://mitehuacan.mx/?ruta=8
3,Venta De Ropa Para Niño Dios Juquilita,tienda,36,18.45735,-97.389216,https://mitehuacan.mx/?ruta=8
3,Expendio De Carne,tienda,37,18.456548,-97.398193,https://mitehuacan.mx/?ruta=8
3,Venta De Articulos Para El Hogar Sin Nombre,tienda,37,18.458047,-97.383901,https://mitehuacan.mx/?ruta=8
3,Auto Electrica Casa Del Chofer,tienda,38,18.45586,-97.398801,https://mitehuacan.mx/?ruta=8
3,Bodega De Empaque De Artesanias Mex-Mar,tienda,38,18.456904,-97.404203,https://mitehuacan.mx/?ruta=8
3,Venta De Semillas Sin Nombre,tienda,39,18.458075,-97.385107,https://mitehuacan.mx/?ruta=8
3,Cremeria Vaqueritos,tienda,41,18.460585,-97.409423,https://mitehuacan.mx/?ruta=8
3,Mole Y Pasta De Mole Doña Licha,tienda,41,18.458011,-97.383903,https://mitehuacan.mx/?ruta=8
3,Cremeria La Cañada,tienda,42,18.460557,-97.389867,https://mitehuacan.mx/?ruta=8
3,Carniceria La Azucena,tienda,43,18.458309,-97.392439,https://mitehuacan.mx/?ruta=8
3,Chiles Y Semillas Gorgonio,tienda,43,18.458095,-97.378689,https://mitehuacan.mx/?ruta=8
3,Venta De Lentes Optica Reyes,tienda,43,18.45827,-97.39147,https://mitehuacan.mx/?ruta=8
3,Venta De Productos De Limpieza Vanjaq,tienda,43,18.453474,-97.390733,https://mitehuacan.mx/?ruta=8
3,Venta De Ropa Usada Sin Nombre,tienda,43,18.458082,-97.386271,https://mitehuacan.mx/?ruta=8
3,Pasteleria La Ideal,tienda,44,18.461238,-97.389345,https://mitehuacan.mx/?ruta=8
3,Farmacia Naturista,tienda,45,18.456402,-97.396674,https://mitehuacan.mx/?ruta=8
3,Suculenta Obsesion Boutique Venta De Novedades Y Decoracione,tienda,45,18.456402,-97.396674,https://mitehuacan.mx/?ruta=8
3,Botanas Chucherias,tienda,46,18.45735,-97.389112,https://mitehuacan.mx/?ruta=8
3,Chiles Secos Y Semillas Casa Hermes,tienda,46,18.45735,-97.389112,https://mitehuacan.mx/?ruta=8
3,Consultorio De Medicina Omeopata,tienda,46,18.461153,-97.385978,https://mitehuacan.mx/?ruta=8
3,O Y P,tienda,46,18.459184,-97.39412,https://mitehuacan.mx/?ruta=8
3,Deli Mart,tienda,46,18.458975,-97.388646,https://mitehuacan.mx/?ruta=8
3,Carniceria La Nacional,tienda,47,18.458002,-97.385112,https://mitehuacan.mx/?ruta=8
3,Venta De Ropa Usada Sin Nombre,tienda,47,18.458002,-97.385112,https://mitehuacan.mx/?ruta=8
3,Compra Venta De Ropa Y Articulos Varios Sin Nombre,tienda,48,18.457993,-97.385113,https://mitehuacan.mx/?ruta=8
3,Puesto De Ropa,tienda,48,18.457993,-97.385113,https://mitehuacan.mx/?ruta=8
3,Venta De Lenceria Sin Nombre,tienda,48,18.457993,-97.385113,https://mitehuacan.mx/?ruta=8
3,Venta De Rebozos Y Telas Sin Nombre,tienda,48,18.457993,-97.385113,https://mitehuacan.mx/?ruta=8
3,Venta De Ropa Sin Nombre,tienda,48,18.457993,-97.385113,https://mitehuacan.mx/?ruta=8
3,Venta De Pinturas Pinturas Estrada,tienda,50,18.461293,-97.389346,https://mitehuacan.mx/?ruta=8
3,Bodega Hierbas Sin Nombre,tienda,51,18.457966,-97.385115,https://mitehuacan.mx/?ruta=8
3,Ropa Americana Sin Nombre,tienda,51,18.455422,-97.39008,https://mitehuacan.mx/?ruta=8
3,Expendiode Pan La Perlita,tienda,53,18.454471,-97.390377,https://mitehuacan.mx/?ruta=8
3,Pasteleria Cristal,tienda,53,18.45818,-97.39147,https://mitehuacan.mx/?ruta=8
3,Leynez Jarcieria,tienda,55,18.458965,-97.386079,https://mitehuacan.mx/?ruta=8
3,Manuelote Venta De Chiles Secos Granos Y Semillas,tienda,55,18.458379,-97.39827,https://mitehuacan.mx/?ruta=8
3,Tienda De Artesanias De Onix Mexmar,tienda,55,18.456899,-97.404564,https://mitehuacan.mx/?ruta=8
3,Venta De Pinturas Texturplast,tienda,55,18.458162,-97.39147,https://mitehuacan.mx/?ruta=8
3,Vestidos Para 15 Años Miss 15 Queen,tienda,55,18.460883,-97.389981,https://mitehuacan.mx/?ruta=8
3,Productos De Limpieza Limpia Todo,tienda,56,18.457464,-97.389015,https://mitehuacan.mx/?ruta=8
3,Venta De Artesanias Sin Nombre,tienda,57,18.459175,-97.391442,https://mitehuacan.mx/?ruta=8
3,Fashion Queen,tienda,58,18.458951,-97.385049,https://mitehuacan.mx/?ruta=8
3,Puesto De Tamarindo Sin Nombre,tienda,59,18.457894,-97.385121,https://mitehuacan.mx/?ruta=8
3,Tienda De Lenceria La Coqueteria,tienda,59,18.457351,-97.388998,https://mitehuacan.mx/?ruta=8
3,Venta De Hierbas Sin Nombre,tienda,59,18.457848,-97.383913,https://mitehuacan.mx/?ruta=8
3,Venta De Lenceria,tienda,59,18.45916,-97.390668,https://mitehuacan.mx/?ruta=8
3,Venta De Veladoras E Inciensos La Abundancia,tienda,59,18.457908,-97.385566,https://mitehuacan.mx/?ruta=8
3,Carniceria Jaime,tienda,61,18.456279,-97.389002,https://mitehuacan.mx/?ruta=8
3,Mh Mega Helth,tienda,61,18.45716,-97.392743,https://mitehuacan.mx/?ruta=8
3,Pinturas Comex Sucursal Hidalgo,tienda,61,18.455446,-97.392494,https://mitehuacan.mx/?ruta=8
3,Venta De Chiles Secos,tienda,61,18.45783,-97.383915,https://mitehuacan.mx/?ruta=8
3,Venta De Pan Sin Nombre,tienda,61,18.458358,-97.428735,https://mitehuacan.mx/?ruta=8
3,Bazar Sin Nombre,tienda,62,18.454328,-97.391622,https://mitehuacan.mx/?ruta=8
3,Compra Venta Productos Y Pañales La Purisima,tienda,62,18.457869,-97.385199,https://mitehuacan.mx/?ruta=8
3,Productos De Limpieza Ae Clean,tienda,62,18.456581,-97.391919,https://mitehuacan.mx/?ruta=8
3,Venta De Ropa Usada Sin Nombre,tienda,62,18.457821,-97.383915,https://mitehuacan.mx/?ruta=8
3,Venta De Tamarindo Sin Nombre,tienda,62,18.457867,-97.385123,https://mitehuacan.mx/?ruta=8
3,Bodega Casa Gorgonio,tienda,63,18.459454,-97.382278,https://mitehuacan.mx/?ruta=8
3,Costales Y Plasticos Puebla,tienda,63,18.460144,-97.384975,https://mitehuacan.mx/?ruta=8
3,La Comercial De Tehuacan,tienda,63,18.459227,-97.391441,https://mitehuacan.mx/?ruta=8
3,Bazar Sin Nombre,tienda,64,18.457752,-97.406495,https://mitehuacan.mx/?ruta=8
3,Venta De Articulos Usados Sin Nombre,tienda,64,18.457803,-97.383916,https://mitehuacan.mx/?ruta=8
3,Tienda De Pinturas Jc Pinturas Acuario,tienda,65,18.456483,-97.390186,https://mitehuacan.mx/?ruta=8
3,Venta De Juguetes Usados Sin Nombre,tienda,65,18.457794,-97.383917,https://mitehuacan.mx/?ruta=8
3,Tienda Neto Sucursal Nervo,tienda,66,18.457847,-97.3855,https://mitehuacan.mx/?ruta=8
3,Venta De Calzado Usado Sin Nombre,tienda,67,18.457776,-97.383918,https://mitehuacan.mx/?ruta=8
3,Venta De Productos Para Limpieza Burbujas Limpiadoras,tienda,67,18.458737,-97.405195,https://mitehuacan.mx/?ruta=8
3,Luminarias Upl De Mexico,tienda,68,18.457713,-97.382785,https://mitehuacan.mx/?ruta=8
3,Venta De Juguetes Sin Nombre,tienda,69,18.457804,-97.385128,https://mitehuacan.mx/?ruta=8
3,Venta De Ropa Usada Sin Nombre,tienda,71,18.457786,-97.385129,https://mitehuacan.mx/?ruta=8
3,Libreria Taller De Nazaret,tienda,72,18.459391,-97.393473,https://mitehuacan.mx/?ruta=8
3,Tienda De Artesanias Onix,tienda,72,18.456899,-97.404915,https://mitehuacan.mx/?ruta=8
3,Venta De Articulos Varios Usados Sin Nombre,tienda,72,18.45773,-97.383921,https://mitehuacan.mx/?ruta=8
3,Bazar Sin Nombre,tienda,73,18.45851,-97.408276,https://mitehuacan.mx/?ruta=8
3,Centros De Apoyo Omnilife,tienda,73,18.457625,-97.399962,https://mitehuacan.mx/?ruta=8
3,Lenceria Sin Nombre,tienda,73,18.460779,-97.390155,https://mitehuacan.mx/?ruta=8
3,Puesto De Ropa Usada Sin Nombre,tienda,73,18.457721,-97.383921,https://mitehuacan.mx/?ruta=8
3,Bodega De Pinturas De Distribuidora De Poliester,tienda,74,18.457563,-97.39025,https://mitehuacan.mx/?ruta=8
3,Bodega De Semillas Sin Nombre,tienda,74,18.458414,-97.378782,https://mitehuacan.mx/?ruta=8
3,Compra Venta De Ropa Tipica Rhuama,tienda,74,18.457834,-97.390242,https://mitehuacan.mx/?ruta=8
3,Novedades Hernandez,tienda,74,18.457994,-97.429526,https://mitehuacan.mx/?ruta=8
3,Puesto De Ropa Tipica Y Plasticos Botellas Y Topers Sin Nomb,tienda,74,18.457712,-97.383922,https://mitehuacan.mx/?ruta=8
3,Venta De Lenceria Sensual,tienda,74,18.461492,-97.389609,https://mitehuacan.mx/?ruta=8
3,Venta De Pinturas Pintucom De Tehuacan,tienda,74,18.457653,-97.390247,https://mitehuacan.mx/?ruta=8
3,La Neni Ropa Americana,tienda,75,18.456373,-97.391605,https://mitehuacan.mx/?ruta=8
3,Venta De Canastas Sin Nombre,tienda,75,18.45775,-97.385132,https://mitehuacan.mx/?ruta=8
3,Muy Limpio,tienda,76,18.457585,-97.381842,https://mitehuacan.mx/?ruta=8
3,Pomos Y Chelas,tienda,76,18.457975,-97.391577,https://mitehuacan.mx/?ruta=8
3,Taboo Sex Shop,tienda,77,18.459468,-97.394213,https://mitehuacan.mx/?ruta=8
3,Venta De Granos Y Semillas,tienda,77,18.457732,-97.385133,https://mitehuacan.mx/?ruta=8
3,Venta De Plasticos Plasti Olsos,tienda,77,18.456002,-97.394255,https://mitehuacan.mx/?ruta=8
3,Casa Gorgonio,tienda,78,18.456661,-97.378297,https://mitehuacan.mx/?ruta=8
3,Grupo Dhr Autopartes,tienda,79,18.457595,-97.398112,https://mitehuacan.mx/?ruta=8
3,Venta De Hierbas Sin Nombre,tienda,79,18.457714,-97.385135,https://mitehuacan.mx/?ruta=8
3,Venta De Alcancias De Yeso Y Atensilios De Barro,tienda,81,18.457649,-97.383926,https://mitehuacan.mx/?ruta=8
3,Venta De Ropa Americana Para Dama,tienda,82,18.45764,-97.383926,https://mitehuacan.mx/?ruta=8
3,650235 Neto Nervo,tienda,83,18.457691,-97.385503,https://mitehuacan.mx/?ruta=8
3,Bodega De Plasticos Lupita Sin Nombre,tienda,83,18.461573,-97.388857,https://mitehuacan.mx/?ruta=8
3,Bodega De Plasticos Lupita Sin Nombre,tienda,83,18.461572,-97.388819,https://mitehuacan.mx/?ruta=8
3,Venta De Pan De Burro Sin Nombre,tienda,84,18.457622,-97.383927,https://mitehuacan.mx/?ruta=8
3,Venta De Pinturas Distribuidora De Poliester,tienda,84,18.45781,-97.390337,https://mitehuacan.mx/?ruta=8
3,Blancos Juquilita,tienda,85,18.455426,-97.390402,https://mitehuacan.mx/?ruta=8
3,Elegance By Mabel,tienda,85,18.457929,-97.392445,https://mitehuacan.mx/?ruta=8
3,Miscelánea Gomez,tienda,85,18.457936,-97.403149,https://mitehuacan.mx/?ruta=8
3,Ba Express Valsequillito 2557,tienda,87,18.459702,-97.416214,https://mitehuacan.mx/?ruta=8
3,Compra Venta De Granos Y Semillas,tienda,87,18.457723,-97.38721,https://mitehuacan.mx/?ruta=8
3,Productos Para Aseo Del Hogar La Magnifica,tienda,87,18.455426,-97.390421,https://mitehuacan.mx/?ruta=8
3,Venta De Dulces Y Botanas,tienda,87,18.458442,-97.40418,https://mitehuacan.mx/?ruta=8
3,Tienda De Ropa Sin Nombre,tienda,88,18.459538,-97.393562,https://mitehuacan.mx/?ruta=8
3,Venta De Plantas Medicinales Sin Nombre,tienda,88,18.457586,-97.38393,https://mitehuacan.mx/?ruta=8
3,Venta De Productos De Limpieza,tienda,90,18.456203,-97.403925,https://mitehuacan.mx/?ruta=8
3,Venta De Aguardiente De Caña Sin Nombre,tienda,91,18.457559,-97.383931,https://mitehuacan.mx/?ruta=8
3,Venta De Ropa Interior Para Dama Dulce Secreto,tienda,91,18.461576,-97.389853,https://mitehuacan.mx/?ruta=8
3,Bazar De Ropa Sin Nombre,tienda,93,18.461496,-97.383063,https://mitehuacan.mx/?ruta=8
3,Bazar De Ropa Sin Nombre,tienda,93,18.458146,-97.407919,https://mitehuacan.mx/?ruta=8
3,El Artesano Paqueteria Y Arte,tienda,93,18.457494,-97.393292,https://mitehuacan.mx/?ruta=8
3,Productos De Limpieza Supreme,tienda,93,18.461613,-97.387108,https://mitehuacan.mx/?ruta=8
3,Ropa Importacion Y Novedades Cho,tienda,93,18.457587,-97.385144,https://mitehuacan.mx/?ruta=8
3,Bodega Casa Gorgonio,tienda,95,18.459187,-97.382717,https://mitehuacan.mx/?ruta=8
3,Venta De Articulos Para El Hogar Sin Nombre,tienda,95,18.457523,-97.383934,https://mitehuacan.mx/?ruta=8
3,Venta De Ropa Sin Nombre,tienda,95,18.457017,-97.390461,https://mitehuacan.mx/?ruta=8
3,Venta De Discos Sin Nombre,tienda,96,18.45756,-97.385146,https://mitehuacan.mx/?ruta=8
3,Venta De Ropa Usada Sin Nombre,tienda,97,18.457551,-97.385147,https://mitehuacan.mx/?ruta=8
3,Productos De Limpieza Dogo,tienda,98,18.457621,-97.387138,https://mitehuacan.mx/?ruta=8
3,Venta De Calzado Sin Nombre,tienda,98,18.457542,-97.385148,https://mitehuacan.mx/?ruta=8
3,Venta De Ropa Usada Sin Nombre,tienda,98,18.457542,-97.385148,https://mitehuacan.mx/?ruta=8
3,Carniceria Y Polleria Maribel,tienda,99,18.461569,-97.383628,https://mitehuacan.mx/?ruta=8
3,Puesto De Toper Sin Nombre,tienda,99,18.457487,-97.383936,https://mitehuacan.mx/?ruta=8
3,Ropa Y Zapatos Usado Sin Nombre,tienda,99,18.457533,-97.385148,https://mitehuacan.mx/?ruta=8
3,Suplementos Alimenticios Mystems Fitness,tienda,99,18.457465,-97.392364,https://mitehuacan.mx/?ruta=8
3,Venta De Articulos Usados Sin Nombre,tienda,99,18.457533,-97.385148,https://mitehuacan.mx/?ruta=8
3,Bodega De Canasta Sin Nombre,tienda,100,18.457524,-97.385149,https://mitehuacan.mx/?ruta=8
3,Venta De Cajetes Sin Nombre,tienda,100,18.457524,-97.385149,https://mitehuacan.mx/?ruta=8
3,Venta De Calzado Usado Sin Nombre,tienda,100,18.457524,-97.385149,https://mitehuacan.mx/?ruta=8
3,Venta De Canastas Sin Nombre,tienda,100,18.457524,-97.385149,https://mitehuacan.mx/?ruta=8
3,Venta De Miel Sin Nombre,tienda,100,18.457524,-97.385149,https://mitehuacan.mx/?ruta=8
3,Venta De Productos De Pan Sin Nombre,tienda,100,18.457478,-97.383936,https://mitehuacan.mx/?ruta=8
3,Venta De Ropa Usada Sin Nombre,tienda,100,18.457478,-97.383936,https://mitehuacan.mx/?ruta=8
3,Zapatos Usados Sin Nombre,tienda,100,18.457524,-97.385149,https://mitehuacan.mx/?ruta=8
3,Carniceria Mendez,tienda,101,18.462399,-97.426068,https://mitehuacan.mx/?ruta=8
3,Puesto De Bolsas Y Tenates Sin Nombre,tienda,101,18.457468,-97.383937,https://mitehuacan.mx/?ruta=8
3,Puesto De Chacharas Nombre,tienda,101,18.457468,-97.383937,https://mitehuacan.mx/?ruta=8
3,Puesto De Ropa Interior Sin Nombre,tienda,101,18.457468,-97.383937,https://mitehuacan.mx/?ruta=8
3,Venta De Artesania De Palma Sin Nombre,tienda,101,18.457515,-97.38515,https://mitehuacan.mx/?ruta=8
3,Venta De Artesanias De Palma Sin Nombre,tienda,101,18.457515,-97.38515,https://mitehuacan.mx/?ruta=8
3,Venta De Articulos De Segunda Mano Sin Nombre,tienda,101,18.457515,-97.38515,https://mitehuacan.mx/?ruta=8
3,Venta De Chiles Secos Y Semillas Sin Nombre,tienda,101,18.457468,-97.383937,https://mitehuacan.mx/?ruta=8
3,Venta De Ropa Usada Sin Nombre,tienda,101,18.459379,-97.386006,https://mitehuacan.mx/?ruta=8
3,Ventas De Anafres Y Comales Sin Nombre,tienda,101,18.457515,-97.38515,https://mitehuacan.mx/?ruta=8
3,Carniceria Jork,tienda,102,18.457506,-97.385151,https://mitehuacan.mx/?ruta=8
3,Distribuidora Naturista Herbosan,tienda,102,18.460895,-97.390426,https://mitehuacan.mx/?ruta=8
3,Puesto De Ropa Sin Nombre,tienda,102,18.457506,-97.385151,https://mitehuacan.mx/?ruta=8
3,Puesto De Ropa Y Zapatos De Segunda Sin Nombre,tienda,102,18.457459,-97.383937,https://mitehuacan.mx/?ruta=8
3,Venta De Artesania De Palma Sin Nombre,tienda,102,18.457506,-97.385151,https://mitehuacan.mx/?ruta=8
3,Venta De Artesanias De Palma Sin Nombre,tienda,102,18.457506,-97.385151,https://mitehuacan.mx/?ruta=8
3,Venta De Chiles Secos Sin Nombre,tienda,102,18.457506,-97.385151,https://mitehuacan.mx/?ruta=8
3,Venta De Hierbas Medicinales,tienda,102,18.457506,-97.385151,https://mitehuacan.mx/?ruta=8
3,Venta De Loza De Barro,tienda,102,18.457459,-97.383937,https://mitehuacan.mx/?ruta=8
3,Venta De Ropa Sin Nombre,tienda,102,18.457585,-97.38714,https://mitehuacan.mx/?ruta=8
3,Venta De Ropa Sin Nombre,tienda,102,18.457729,-97.396554,https://mitehuacan.mx/?ruta=8
3,Venta De Ropa Tipica Sin Nombre,tienda,102,18.457506,-97.385151,https://mitehuacan.mx/?ruta=8
3,Casa De Angeles Meditacion Y Sanancion,tienda,103,18.459764,-97.396493,https://mitehuacan.mx/?ruta=8
3,Plastico Zarate,tienda,103,18.457497,-97.385151,https://mitehuacan.mx/?ruta=8
3,Puesto De Artesanias De Palma Sin Nombre,tienda,103,18.457497,-97.385151,https://mitehuacan.mx/?ruta=8
3,Reboseria Y Telas Lupita,tienda,103,18.457497,-97.385151,https://mitehuacan.mx/?ruta=8
3,Ropa Tipica La Oaxaqueña La Pequeña,tienda,103,18.461499,-97.39015,https://mitehuacan.mx/?ruta=8
3,Venta De Flores Y Plantas Medicinales Sin Nombre,tienda,103,18.457497,-97.385151,https://mitehuacan.mx/?ruta=8
3,Venta De Ropa Nueva Sin Nombre,tienda,103,18.45745,-97.383938,https://mitehuacan.mx/?ruta=8
3,Carniceria Virgen De Juquila,tienda,104,18.457441,-97.383939,https://mitehuacan.mx/?ruta=8
3,Optica Optizone,tienda,104,18.459643,-97.392554,https://mitehuacan.mx/?ruta=8
3,Venta De Alfareria Cuca,tienda,104,18.457441,-97.383939,https://mitehuacan.mx/?ruta=8
3,Venta De Articulos De Segunda Mano Sin Nombre,tienda,104,18.457488,-97.385152,https://mitehuacan.mx/?ruta=8
3,Venta De Plantas Medicinales Sin Nombre,tienda,104,18.457488,-97.385152,https://mitehuacan.mx/?ruta=8
3,Venta De Ropa De Segunda Mano Sin Nombre,tienda,104,18.457488,-97.385152,https://mitehuacan.mx/?ruta=8
3,Venta De Ropa Y Zapatos Usados Sin Nombre,tienda,104,18.457488,-97.385152,https://mitehuacan.mx/?ruta=8
3,Venta De Semillas Y Chiles Secos Sin Nombres,tienda,104,18.457439,-97.383868,https://mitehuacan.mx/?ruta=8
3,Carniceria Blandina,tienda,105,18.457479,-97.385153,https://mitehuacan.mx/?ruta=8
3,Carniceria La Chileñita,tienda,105,18.457479,-97.385153,https://mitehuacan.mx/?ruta=8
3,Carniceria Villalba,tienda,105,18.457479,-97.385153,https://mitehuacan.mx/?ruta=8
3,Tienda De Pañales Mi Bebe,tienda,105,18.460895,-97.390455,https://mitehuacan.mx/?ruta=8
3,Tienda De Ropa Sami,tienda,105,18.457479,-97.385153,https://mitehuacan.mx/?ruta=8
3,Venta D Ropa Usada Sin Nombre,tienda,105,18.457479,-97.385153,https://mitehuacan.mx/?ruta=8
3,Venta De Artesanias Suika W Chile,tienda,105,18.459689,-97.393459,https://mitehuacan.mx/?ruta=8
3,Venta De Chacharas Sin Nombre,tienda,105,18.457479,-97.385153,https://mitehuacan.mx/?ruta=8
3,Venta De Chiles Secos Y Semillas Sin Nombre,tienda,105,18.457432,-97.383939,https://mitehuacan.mx/?ruta=8
3,Venta De Fruta Sin Nombre,tienda,105,18.457479,-97.385153,https://mitehuacan.mx/?ruta=8
3,Venta De Juguetes Y Zapatos De Segunda Sin Nombre,tienda,105,18.457479,-97.385153,https://mitehuacan.mx/?ruta=8
3,Venta De Accesorios Electronicos Sin Nombre,tienda,106,18.457423,-97.38394,https://mitehuacan.mx/?ruta=8
3,Venta De Articulos Usados Sin Nombre,tienda,106,18.45747,-97.385153,https://mitehuacan.mx/?ruta=8
3,Venta De Bolsa Y Canasta De Plastico O Toquilla Sin Nombre,tienda,106,18.45747,-97.385153,https://mitehuacan.mx/?ruta=8
3,Venta De Bolsas De Plastico Y Toquillo Sin Nombre,tienda,106,18.45747,-97.385153,https://mitehuacan.mx/?ruta=8
3,Venta De Lubricantes Sin Nombre,tienda,106,18.45966,-97.382771,https://mitehuacan.mx/?ruta=8
3,Venta De Ropa Usada Sin Nombre,tienda,106,18.45747,-97.385153,https://mitehuacan.mx/?ruta=8
3,Venta De Tenates Y Canastas De Palma Carrizo Y Fibra Sin Nom,tienda,106,18.45747,-97.385153,https://mitehuacan.mx/?ruta=8
3,Venta De Zapatos Y Ropa Usada Sin Nombre,tienda,106,18.45747,-97.385153,https://mitehuacan.mx/?ruta=8
3,Venta Ropa Y Zapatos Usados Sin Nombre,tienda,106,18.45747,-97.385153,https://mitehuacan.mx/?ruta=8
3,Venta De Bolsas Tejidas De Plastico Sin Nombre,tienda,107,18.45746,-97.385154,https://mitehuacan.mx/?ruta=8
3,Venta De Ropa Artesanal Sin Nombre,tienda,107,18.457414,-97.38394,https://mitehuacan.mx/?ruta=8
3,Venta De Tenates De Palma Sin Nombre,tienda,107,18.45746,-97.385154,https://mitehuacan.mx/?ruta=8
3,Tienda De Pinturas Ipesa,tienda,108,18.457526,-97.390568,https://mitehuacan.mx/?ruta=8
3,Venta De Cafe Cafe La Giralda,tienda,108,18.460788,-97.390487,https://mitehuacan.mx/?ruta=8
3,Venta De Ropa Sin Nombre,tienda,108,18.457451,-97.385155,https://mitehuacan.mx/?ruta=8
3,Venta De Ropa Usada Sin Nombre,tienda,108,18.457405,-97.383941,https://mitehuacan.mx/?ruta=8
3,Compra Y Venta De Pañales Pañamex,tienda,109,18.457445,-97.38522,https://mitehuacan.mx/?ruta=8
3,Venta De Pan De Burro Sin Nombre,tienda,109,18.457442,-97.385155,https://mitehuacan.mx/?ruta=8
3,Venta De Sal Sin Nombre,tienda,109,18.457396,-97.383941,https://mitehuacan.mx/?ruta=8
3,Venta De Hierbas Sin Nombre,tienda,110,18.457433,-97.385156,https://mitehuacan.mx/?ruta=8
3,Venta De Loza De Barro,tienda,110,18.457433,-97.385156,https://mitehuacan.mx/?ruta=8
3,Venta De Ropa Y Zapato Usado Sin Nombre,tienda,110,18.457387,-97.383942,https://mitehuacan.mx/?ruta=8
3,Venta De Plantas Medicinales Y Productos Naturistas Sin Nomb,tienda,111,18.457378,-97.383943,https://mitehuacan.mx/?ruta=8
3,Carniceria Santiago,tienda,112,18.453344,-97.388594,https://mitehuacan.mx/?ruta=8
3,Panificadora San Honore,tienda,113,18.455783,-97.396584,https://mitehuacan.mx/?ruta=8
3,Venta De Lenceria Boneteria Y Corseteria Amy Y Samy,tienda,113,18.45736,-97.383944,https://mitehuacan.mx/?ruta=8
3,Veladoras Y Parafinas Maria Milagrosa,tienda,114,18.461501,-97.390292,https://mitehuacan.mx/?ruta=8
3,Panaderia Y Pasteleria La Tradicional,tienda,115,18.46227,-97.426926,https://mitehuacan.mx/?ruta=8
3,Bodega De Veladora Maria Milagrosa,tienda,116,18.459676,-97.390666,https://mitehuacan.mx/?ruta=8
3,Puesto Chacharas Sin Nombre,tienda,116,18.457333,-97.383945,https://mitehuacan.mx/?ruta=8
3,Bazar Sin Nombre,tienda,117,18.461536,-97.381914,https://mitehuacan.mx/?ruta=8
3,Tienda De Venta Y Compra De Productos De Limpieza Prisma,tienda,117,18.457379,-97.38527,https://mitehuacan.mx/?ruta=8
3,Carniceria Felix,tienda,118,18.458274,-97.408737,https://mitehuacan.mx/?ruta=8
3,Carniceria Sin Nombre,tienda,118,18.457362,-97.385159,https://mitehuacan.mx/?ruta=8
3,Comercial Vinolesa,tienda,118,18.45973,-97.391548,https://mitehuacan.mx/?ruta=8
3,La Casa Del Apicultor,tienda,118,18.457434,-97.387222,https://mitehuacan.mx/?ruta=8
3,Optica Bulas,tienda,118,18.45977,-97.392559,https://mitehuacan.mx/?ruta=8
3,Puesto Herramientas Sin Nombre,tienda,118,18.457315,-97.383946,https://mitehuacan.mx/?ruta=8
3,Sherwin Williams Tehuacan,tienda,118,18.459493,-97.385015,https://mitehuacan.mx/?ruta=8
3,Tsk Tehuacan Centro,tienda,118,18.457393,-97.385887,https://mitehuacan.mx/?ruta=8
3,Venta De Productos Limpeza,tienda,118,18.462583,-97.425891,https://mitehuacan.mx/?ruta=8
3,Carniceria Hermanos De La Vega,tienda,119,18.457306,-97.383947,https://mitehuacan.mx/?ruta=8
3,Puesto De Electronica Sin Nombre,tienda,119,18.457306,-97.383947,https://mitehuacan.mx/?ruta=8
3,Carniceria Y Cremeria Bufalo,tienda,120,18.460899,-97.390597,https://mitehuacan.mx/?ruta=8
3,Dulceria Pikys,tienda,121,18.457438,-97.38788,https://mitehuacan.mx/?ruta=8
3,Frituras Tehuacan,tienda,121,18.457457,-97.391885,https://mitehuacan.mx/?ruta=8
3,Jarceria Sin Nombre,tienda,121,18.457287,-97.383949,https://mitehuacan.mx/?ruta=8
3,Puesto Zapatos Y Ropa Usados De Sin Nombre,tienda,121,18.457287,-97.383949,https://mitehuacan.mx/?ruta=8
3,Tienda De Ropa De Disfraces,tienda,121,18.45745,-97.388389,https://mitehuacan.mx/?ruta=8
3,Puesto De Ropa Usada Sin Nombre,tienda,122,18.457278,-97.38395,https://mitehuacan.mx/?ruta=8
3,Ropa Y Zapatos De Sin Nombre,tienda,122,18.457278,-97.38395,https://mitehuacan.mx/?ruta=8
3,Venta De Ropa Usada Sin Nombre,tienda,122,18.457326,-97.385158,https://mitehuacan.mx/?ruta=8
3,Venta De Servilletas Sin Nombre,tienda,122,18.457325,-97.385158,https://mitehuacan.mx/?ruta=8
3,Bodega De Carniceria La Favorita,tienda,123,18.457316,-97.385157,https://mitehuacan.mx/?ruta=8
3,Cafe Iberia,tienda,123,18.457316,-97.385157,https://mitehuacan.mx/?ruta=8
3,Venta De Hierbas Y Nopal Sin Nombre,tienda,123,18.457316,-97.385157,https://mitehuacan.mx/?ruta=8
3,Venta De Sombreros Sin Nombre,tienda,123,18.457316,-97.385157,https://mitehuacan.mx/?ruta=8
3,Bazar Sin Nombre,tienda,124,18.454889,-97.392795,https://mitehuacan.mx/?ruta=8
3,Carniceria Sotavento,tienda,124,18.457307,-97.385157,https://mitehuacan.mx/?ruta=8
3,Venta De Anafres Sin Nombre,tienda,124,18.457261,-97.383952,https://mitehuacan.mx/?ruta=8
3,Venta De Canastas Sin Nombre,tienda,124,18.457307,-97.385157,https://mitehuacan.mx/?ruta=8
3,Venta De Chiles Secos Y Semillas,tienda,124,18.457307,-97.385157,https://mitehuacan.mx/?ruta=8
3,Venta De Cilantro Papalo Y Pipicha Sin Nombre,tienda,124,18.457307,-97.385157,https://mitehuacan.mx/?ruta=8
3,Venta De Plantas Medicinales Sin Nombre,tienda,124,18.457261,-97.383952,https://mitehuacan.mx/?ruta=8
3,Venta De Ropa Sin Nombre,tienda,124,18.457261,-97.383952,https://mitehuacan.mx/?ruta=8
3,Optica Bella Luz,tienda,125,18.460228,-97.390664,https://mitehuacan.mx/?ruta=8
3,Servicio De Tecnologia Para Seguridad Y Vigilancia Tecnosevi,tienda,125,18.455653,-97.396153,https://mitehuacan.mx/?ruta=8
3,Venta De Hierbas Medicinales Sin Nombre,tienda,125,18.457298,-97.385157,https://mitehuacan.mx/?ruta=8
3,Venta De Ropa Para Primera Comunion Sin Nombre,tienda,125,18.460237,-97.390664,https://mitehuacan.mx/?ruta=8
3,Venta De Vestidos De Xv Años Sin Nombre,tienda,125,18.460237,-97.390664,https://mitehuacan.mx/?ruta=8
3,Exclusivos Lulu,tienda,126,18.460726,-97.390664,https://mitehuacan.mx/?ruta=8
3,Venta De Plantas Medicinales Sin Nombre,tienda,126,18.461583,-97.390365,https://mitehuacan.mx/?ruta=8
3,Vestidos De Novia Reyna Novias,tienda,126,18.460663,-97.390664,https://mitehuacan.mx/?ruta=8
3,Bazar De Ropa Bety American Fashion,tienda,127,18.457242,-97.391591,https://mitehuacan.mx/?ruta=8
3,Tienda De Plasticos Kary,tienda,127,18.457326,-97.38642,https://mitehuacan.mx/?ruta=8
3,Tienda Naturista El Guero,tienda,127,18.456001,-97.404244,https://mitehuacan.mx/?ruta=8
3,Centro De Blancos Sin Nombre,tienda,128,18.461007,-97.390668,https://mitehuacan.mx/?ruta=8
3,Chiles Secos Casa Gorgonio,tienda,128,18.457152,-97.382364,https://mitehuacan.mx/?ruta=8
3,Jarcieria Sin Nombre,tienda,128,18.457225,-97.383957,https://mitehuacan.mx/?ruta=8
3,Venta De Reliquias Y Hierbas Sin Nombre,tienda,128,18.457225,-97.383957,https://mitehuacan.mx/?ruta=8
3,Centro De Blancos Sin Nombre,tienda,129,18.46107,-97.390667,https://mitehuacan.mx/?ruta=8
3,Luminarias Jpl De Mexico,tienda,129,18.457351,-97.387605,https://mitehuacan.mx/?ruta=8
3,Venta De Artesanias De Palma Sin Nombre,tienda,129,18.457215,-97.383957,https://mitehuacan.mx/?ruta=8
3,Venta De Blancos Sin Nombre,tienda,129,18.461061,-97.390667,https://mitehuacan.mx/?ruta=8
3,Venta De Chiles Secos Sin Nombre,tienda,129,18.457262,-97.385158,https://mitehuacan.mx/?ruta=8
3,Venta De Hierbas De Temporada Sin Nombre,tienda,129,18.457215,-97.383957,https://mitehuacan.mx/?ruta=8
3,Venta De Juguetes De Segunda Mano Sin Nombre,tienda,129,18.457215,-97.383957,https://mitehuacan.mx/?ruta=8
3,Venta De Ropa De Segunda Mano Sin Nombre,tienda,129,18.457215,-97.383957,https://mitehuacan.mx/?ruta=8
3,Venta De Articulos De Segunda Mano Sin Nombre,tienda,130,18.457206,-97.383958,https://mitehuacan.mx/?ruta=8
3,Tuercas Y Tornillos El Aguila,tienda,131,18.457251,-97.430243,https://mitehuacan.mx/?ruta=8
3,Venta De Ropa Usada Sin Nombre,tienda,132,18.457234,-97.38516,https://mitehuacan.mx/?ruta=8
3,Farmacia Homeopatica Tenorio Olalde,tienda,133,18.457434,-97.390837,https://mitehuacan.mx/?ruta=8
3,Hiervas Y Plantas Medicinales 4 Elementos,tienda,133,18.457433,-97.390809,https://mitehuacan.mx/?ruta=8
3,Venta De Articulos Para Manualidades Tus Sueños En Laser,tienda,133,18.457438,-97.391017,https://mitehuacan.mx/?ruta=8
3,Venta De Chacharas Sin Nombre,tienda,133,18.457179,-97.383959,https://mitehuacan.mx/?ruta=8
3,Venta De Pinturas Alvamex,tienda,133,18.457437,-97.39096,https://mitehuacan.mx/?ruta=8
3,Creaciones Diana,tienda,134,18.460095,-97.390749,https://mitehuacan.mx/?ruta=8
3,Expendio De Pan Bimbo,tienda,134,18.457218,-97.385231,https://mitehuacan.mx/?ruta=8
3,Expendio De Pan El Molinito,tienda,134,18.459444,-97.405252,https://mitehuacan.mx/?ruta=8
3,Venta De Articulos De Limpieza Sin Nombre,tienda,134,18.45717,-97.38396,https://mitehuacan.mx/?ruta=8
3,Venta De Articulos Deportivos De Segunda Sin Nombre,tienda,134,18.457216,-97.38516,https://mitehuacan.mx/?ruta=8
3,Novedades Lalo,tienda,135,18.460593,-97.390749,https://mitehuacan.mx/?ruta=8
3,Venta De Pan De Burro Sin Nombre,tienda,135,18.457161,-97.38396,https://mitehuacan.mx/?ruta=8
3,Venta De Ropa Usada Sin Nombre,tienda,135,18.457161,-97.38396,https://mitehuacan.mx/?ruta=8
3,Compra-Venta De Articulos Usados De Remate,tienda,136,18.462075,-97.38946,https://mitehuacan.mx/?ruta=8
3,Venta De Blancos Balderas,tienda,137,18.461306,-97.390665,https://mitehuacan.mx/?ruta=8
3,Venta De Cristaleria Loza Y Peltre,tienda,137,18.457189,-97.385161,https://mitehuacan.mx/?ruta=8
3,Venta De Veladoras San Juditas,tienda,137,18.461584,-97.390508,https://mitehuacan.mx/?ruta=8
3,Quimar Soluciones Al Ambiente,tienda,138,18.456889,-97.381872,https://mitehuacan.mx/?ruta=8
3,Tienda De Comestibles Sin Nombre,tienda,138,18.457134,-97.383962,https://mitehuacan.mx/?ruta=8
3,Venta De Celulares Y Accesorios Usados Sin Nombre,tienda,138,18.45718,-97.385162,https://mitehuacan.mx/?ruta=8
3,Venta De Granos. Semillas Y Chiles Secos Sin Nombre,tienda,138,18.457134,-97.383962,https://mitehuacan.mx/?ruta=8
3,Tienda De Boneteria Paola,tienda,139,18.461046,-97.390762,https://mitehuacan.mx/?ruta=8
3,Venta De Articulos De Jarcieria Sin Nombre,tienda,139,18.457125,-97.383962,https://mitehuacan.mx/?ruta=8
3,Venta De Ropa Usada Sin Nombre,tienda,139,18.457125,-97.383962,https://mitehuacan.mx/?ruta=8
3,Tienda De Adornos Para Fiestas Aydu,tienda,140,18.46111,-97.390761,https://mitehuacan.mx/?ruta=8
3,Venta De Semillas Sin Nombre,tienda,140,18.457116,-97.383963,https://mitehuacan.mx/?ruta=8
3,Venta De Carbon Sin Nombre,tienda,142,18.459352,-97.380133,https://mitehuacan.mx/?ruta=8
3,Venta De Especies Y Condimentos Sin Nombre,tienda,143,18.457089,-97.383965,https://mitehuacan.mx/?ruta=8
3,Antojitos Mexicanos Silvia,tienda,144,18.460904,-97.390825,https://mitehuacan.mx/?ruta=8
3,Expendio De Pan Lupita,tienda,146,18.45723,-97.407133,https://mitehuacan.mx/?ruta=8
3,Venta De Hierbas Y Plantas Curativas,tienda,146,18.461586,-97.390612,https://mitehuacan.mx/?ruta=8
3,Venta De Ropa Y Zapatos Usada Sin Nombre,tienda,146,18.457062,-97.383966,https://mitehuacan.mx/?ruta=8
3,Venta De Servilletas Para Bordar Sin Nombre,tienda,146,18.457062,-97.383966,https://mitehuacan.mx/?ruta=8
3,Plasticos Rosita,tienda,147,18.462174,-97.389459,https://mitehuacan.mx/?ruta=8
3,Tienda De Cintas Plasticas Para Elaborar Bolsas La Antigua J,tienda,147,18.460033,-97.392568,https://mitehuacan.mx/?ruta=8
3,Expendio De Pan Sin Nombre,tienda,148,18.459135,-97.404339,https://mitehuacan.mx/?ruta=8
3,Puesto De Ropa Usada Sin Nombre,tienda,148,18.45709,-97.385166,https://mitehuacan.mx/?ruta=8
3,Tensobioquim,tienda,148,18.460107,-97.394081,https://mitehuacan.mx/?ruta=8
3,Venta De Frijol Sin Nombre,tienda,148,18.457044,-97.383967,https://mitehuacan.mx/?ruta=8
3,Venta De Veladoras San Juditas Tadeo,tienda,148,18.461586,-97.390631,https://mitehuacan.mx/?ruta=8
3,Valentina Diseños Y Moda,tienda,150,18.460099,-97.393524,https://mitehuacan.mx/?ruta=8
3,Elaboracion De Tortillas Sin Nombre,tortillería,0,18.456687,-97.402436,https://mitehuacan.mx/?ruta=8
3,Tortilleria Juquilita,tortillería,0,18.460302,-97.411669,https://mitehuacan.mx/?ruta=8
3,Venta De Tortillas A Mano,tortillería,0,18.460384,-97.422037,https://mitehuacan.mx/?ruta=8
3,Elaboracion De Tortilla Sin Nombre,tortillería,1,18.456201,-97.399872,https://mitehuacan.mx/?ruta=8
3,Elaboracion De Tortillas De Maiz Sin Nombre,tortillería,1,18.456201,-97.399872,https://mitehuacan.mx/?ruta=8
3,Tortilleria Del Sol Tortillas De Maquina,tortillería,1,18.457073,-97.402253,https://mitehuacan.mx/?ruta=8
3,Venta De Tortillas De Mano,tortillería,1,18.458818,-97.395733,https://mitehuacan.mx/?ruta=8
3,Elaboracion De Torilla De Maiz,tortillería,2,18.460628,-97.418043,https://mitehuacan.mx/?ruta=8
3,Ricas Tortillas Y Memelitas,tortillería,2,18.460632,-97.41816,https://mitehuacan.mx/?ruta=8
3,Tortilleria La Sabrosita,tortillería,2,18.460555,-97.418625,https://mitehuacan.mx/?ruta=8
3,Tortilleria Las Marias,tortillería,2,18.456494,-97.428354,https://mitehuacan.mx/?ruta=8
3,Tortilleria Limon,tortillería,2,18.460838,-97.38873,https://mitehuacan.mx/?ruta=8
3,Cocina Economica Belem,tortillería,3,18.454611,-97.379351,https://mitehuacan.mx/?ruta=8
3,Tortilleria Alex,tortillería,3,18.4565,-97.389546,https://mitehuacan.mx/?ruta=8
3,Venta De Tortillas A Mano,tortillería,3,18.4572,-97.403224,https://mitehuacan.mx/?ruta=8
3,Venta De Tortillas Sin Nombre,tortillería,3,18.457914,-97.428328,https://mitehuacan.mx/?ruta=8
3,Elaboracion Y Venta De Tortillas De Mano Isa,tortillería,4,18.456825,-97.389532,https://mitehuacan.mx/?ruta=8
3,Elaboracion Y Venta De Tortillas Sin Nombre,tortillería,4,18.460725,-97.384076,https://mitehuacan.mx/?ruta=8
3,Venta Ce Tortilla Amano Sin Nombre,tortillería,4,18.456563,-97.428473,https://mitehuacan.mx/?ruta=8
3,Venta De Tortillas Ramirez,tortillería,4,18.457398,-97.428924,https://mitehuacan.mx/?ruta=8
3,Venta De Tortillas Tita,tortillería,4,18.460242,-97.409243,https://mitehuacan.mx/?ruta=8
3,Elaboracion De Tortillas De Maiz Sin Nombre,tortillería,6,18.458521,-97.39905,https://mitehuacan.mx/?ruta=8
3,Tortillas Y Barbacoa Las Coapeñitas,tortillería,6,18.456981,-97.399229,https://mitehuacan.mx/?ruta=8
3,Venta De Tortillas De Maiz,tortillería,6,18.458301,-97.405576,https://mitehuacan.mx/?ruta=8
3,Venta Y Elaboracion De Tortillas A Mano,tortillería,6,18.458167,-97.399003,https://mitehuacan.mx/?ruta=8
3,Elaboracion De Tortillas De Maiz Sin Nombre,tortillería,7,18.45626,-97.39895,https://mitehuacan.mx/?ruta=8
3,Elaboracion De Tortillas De Mano,tortillería,7,18.453304,-97.38011,https://mitehuacan.mx/?ruta=8
3,Torillas Hechas A Maquina Tortilleria Molina,tortillería,8,18.456277,-97.399652,https://mitehuacan.mx/?ruta=8
3,Tortilleria Plus,tortillería,8,18.460762,-97.389539,https://mitehuacan.mx/?ruta=8
3,Elaboracion De Tortillas A Mano Sin Nombre,tortillería,10,18.4589,-97.395844,https://mitehuacan.mx/?ruta=8
3,Tortilleria San Buena Ventura,tortillería,10,18.458432,-97.38292,https://mitehuacan.mx/?ruta=8
3,Venta De Tortillas Sin Nombre,tortillería,10,18.456309,-97.401482,https://mitehuacan.mx/?ruta=8
3,Tortilleria Jireh,tortillería,11,18.458622,-97.387581,https://mitehuacan.mx/?ruta=8
3,Venta De Tortillas Echas A Mano,tortillería,12,18.456884,-97.395863,https://mitehuacan.mx/?ruta=8
3,Elaboracion De Tortillas De Mano Sin Nombre,tortillería,15,18.455571,-97.379081,https://mitehuacan.mx/?ruta=8
3,Preparacion De Tortilla,tortillería,15,18.454533,-97.38948,https://mitehuacan.mx/?ruta=8
3,Elaboracion Y Venta De Tortillas,tortillería,16,18.456789,-97.37918,https://mitehuacan.mx/?ruta=8
3,Tortilleria Sin Nombre,tortillería,16,18.458316,-97.427859,https://mitehuacan.mx/?ruta=8
3,Elaboracion Y Venta De Tortillas Sin Nombre,tortillería,19,18.458244,-97.380319,https://mitehuacan.mx/?ruta=8
3,Las Carnalas,tortillería,19,18.457851,-97.404388,https://mitehuacan.mx/?ruta=8
3,Venta De Tortilla A Mano,tortillería,19,18.457982,-97.428468,https://mitehuacan.mx/?ruta=8
3,Venta De Tortillas A Mano Junto Alpuente Peatonal,tortillería,19,18.450397,-97.43103,https://mitehuacan.mx/?ruta=8
3,Elaboracion De Tortillas A Mano Sin Nombre,tortillería,26,18.455846,-97.378937,https://mitehuacan.mx/?ruta=8
3,Elaboracion De Tortilla Sin Nombre,tortillería,28,18.45792,-97.428799,https://mitehuacan.mx/?ruta=8
3,Elaboracion De Tortillas De Maiz Y Venta De Abarrotes Sin No,tortillería,28,18.456711,-97.399954,https://mitehuacan.mx/?ruta=8
3,Tortillas Hechas A Mano Sin Nombre,tortillería,28,18.457603,-97.403696,https://mitehuacan.mx/?ruta=8
3,Venta De Tortillas Sin Nombre,tortillería,29,18.456815,-97.389287,https://mitehuacan.mx/?ruta=8
3,Elaboracion De Tortillas Sin Nombre,tortillería,31,18.462151,-97.423789,https://mitehuacan.mx/?ruta=8
3,Tortillas De Maiz A Mano Sin Nombre,tortillería,34,18.458737,-97.385148,https://mitehuacan.mx/?ruta=8
3,Tortilleria Sin Nombre,tortillería,38,18.459179,-97.3966,https://mitehuacan.mx/?ruta=8
3,Elaboracion Y Venta De Tortilla Sin Nombre,tortillería,40,18.458107,-97.378798,https://mitehuacan.mx/?ruta=8
3,Molino De Nixtamal Guzman,tortillería,42,18.456178,-97.39845,https://mitehuacan.mx/?ruta=8
3,Tortillas San Miguel,tortillería,43,18.455421,-97.390004,https://mitehuacan.mx/?ruta=8
3,Elaboracion De Tortillas,tortillería,46,18.461875,-97.426187,https://mitehuacan.mx/?ruta=8
3,Elaboracion De Tortillas De Maiz Sin Nombre,tortillería,50,18.457419,-97.400002,https://mitehuacan.mx/?ruta=8
3,Venta De Tortillas De Mano Sin Nombre,tortillería,54,18.456587,-97.392023,https://mitehuacan.mx/?ruta=8
3,Tortillas Amano Sin Nombre,tortillería,55,18.458009,-97.427595,https://mitehuacan.mx/?ruta=8
3,Venta De Tortilla,tortillería,55,18.45899,-97.399551,https://mitehuacan.mx/?ruta=8
3,Venta De Tortillas Y Verduras Sin Nombre,tortillería,59,18.461308,-97.426835,https://mitehuacan.mx/?ruta=8
3,Elaboracion De Tortillas De Maiz Sin Nombre,tortillería,61,18.45567,-97.401873,https://mitehuacan.mx/?ruta=8
3,Elaboracion Y Venta De Tortillas,tortillería,62,18.458651,-97.380323,https://mitehuacan.mx/?ruta=8
3,Venta De Tortillas Sin Nombre,tortillería,62,18.457606,-97.406141,https://mitehuacan.mx/?ruta=8
3,Venta De Tortillas,tortillería,63,18.457988,-97.388764,https://mitehuacan.mx/?ruta=8
3,Tortillas Hechas A Mano Sin Nombre,tortillería,67,18.454349,-97.388996,https://mitehuacan.mx/?ruta=8
3,Tortilleria De Harina Juquilita,tortillería,68,18.458047,-97.391575,https://mitehuacan.mx/?ruta=8
3,Elaboracion De Tortillas A Mano,tortillería,69,18.461338,-97.426934,https://mitehuacan.mx/?ruta=8
3,Molino De Nixtamal,tortillería,70,18.458939,-97.428558,https://mitehuacan.mx/?ruta=8
3,Venta De Tortillas De Mano Sin Nombre,tortillería,71,18.46139,-97.386246,https://mitehuacan.mx/?ruta=8
3,Cocina Economica Sin Nombre,tortillería,72,18.454174,-97.391623,https://mitehuacan.mx/?ruta=8
3,Tortilleria Jimenez,tortillería,72,18.456378,-97.390256,https://mitehuacan.mx/?ruta=8
3,Elaboracion Y Venta De Tortillas,tortillería,74,18.456284,-97.378401,https://mitehuacan.mx/?ruta=8
3,Venta De Tortillas Juquilita,tortillería,74,18.45784,-97.387205,https://mitehuacan.mx/?ruta=8
3,Tortillas De Harina Trigo Real,tortillería,78,18.46092,-97.409408,https://mitehuacan.mx/?ruta=8
3,Molino De Masa Y Chile Molitec,tortillería,79,18.454346,-97.388883,https://mitehuacan.mx/?ruta=8
3,Venta De Tortillas A Mano Sin Nombre,tortillería,80,18.45801,-97.403464,https://mitehuacan.mx/?ruta=8
3,Tortillas A Mano Sin Nombre,tortillería,81,18.461451,-97.385322,https://mitehuacan.mx/?ruta=8
3,Venta De Tortillas Sin Nombre,tortillería,81,18.461551,-97.388791,https://mitehuacan.mx/?ruta=8
3,Tortilleria Garcia,tortillería,82,18.454444,-97.388851,https://mitehuacan.mx/?ruta=8
3,Elaboracion De Tortillas Sin Nombre,tortillería,83,18.457564,-97.38234,https://mitehuacan.mx/?ruta=8
3,Elaboracion De Tortillas Y Atojitos Diana,tortillería,84,18.45762,-97.383857,https://mitehuacan.mx/?ruta=8
3,Venta De Tortillas Sin Nombre,tortillería,84,18.461245,-97.427065,https://mitehuacan.mx/?ruta=8
3,Elaboracion Y Venta De Tortillas Hechas A Mano Doña Hortenci,tortillería,87,18.453351,-97.391155,https://mitehuacan.mx/?ruta=8
3,Venta De Tortillas A Mano Sin Nombre,tortillería,88,18.457556,-97.406586,https://mitehuacan.mx/?ruta=8
3,Elaboracion De Tortillas Memelitas Y Tacos Sin Nombre,tortillería,90,18.453598,-97.38879,https://mitehuacan.mx/?ruta=8
3,Elaboracion Y Venta De Tortilla Vega,tortillería,90,18.457503,-97.382407,https://mitehuacan.mx/?ruta=8
3,Tortilleria Dulce,tortillería,93,18.461503,-97.383357,https://mitehuacan.mx/?ruta=8
3,Venta De Tortillas Y Venta De Comida Doña Magda,tortillería,93,18.458043,-97.407682,https://mitehuacan.mx/?ruta=8
3,Elaboracion De Tortillas A Mano,tortillería,101,18.462678,-97.424427,https://mitehuacan.mx/?ruta=8
3,Elaoracion De Tortillas Sin Nombre,tortillería,101,18.462445,-97.42581,https://mitehuacan.mx/?ruta=8
3,Tortillas A Mano Sin Nombre,tortillería,101,18.455087,-97.388655,https://mitehuacan.mx/?ruta=8
3,Venta De Tortillas,tortillería,103,18.459652,-97.428581,https://mitehuacan.mx/?ruta=8
3,Elaboracion Y Venta De Tortillas De Mano Sin Nombre,tortillería,105,18.461477,-97.382134,https://mitehuacan.mx/?ruta=8
3,Tortillas De Harina De La Abuela Yeya,tortillería,107,18.459359,-97.382707,https://mitehuacan.mx/?ruta=8
3,Tortilleria Panchita,tortillería,107,18.461579,-97.390119,https://mitehuacan.mx/?ruta=8
3,Venta De Tortilla A Mano Sin Nombre,tortillería,108,18.453769,-97.42866,https://mitehuacan.mx/?ruta=8
3,Tortilleria Lucy,tortillería,111,18.461541,-97.38217,https://mitehuacan.mx/?ruta=8
3,Tortilleria Rodriguez,tortillería,111,18.458679,-97.429105,https://mitehuacan.mx/?ruta=8
3,Elaboracion De Tortillas A Mano Sin Nombre,tortillería,112,18.451221,-97.380581,https://mitehuacan.mx/?ruta=8
3,Venta De Tortillas A Mano,tortillería,113,18.461656,-97.382613,https://mitehuacan.mx/?ruta=8
3,Venta De Tortillas,tortillería,114,18.459349,-97.413656,https://mitehuacan.mx/?ruta=8
3,Venta De Tortillas De Mano,tortillería,114,18.461671,-97.41875,https://mitehuacan.mx/?ruta=8
3,Elaboracion De Tortillas La Coapeñita,tortillería,118,18.458274,-97.408737,https://mitehuacan.mx/?ruta=8
3,Rosticeria El Gallo,tortillería,120,18.461753,-97.383485,https://mitehuacan.mx/?ruta=8
3,Elaboracion Y Venta De Tortillas Sin Nombre,tortillería,121,18.45728,-97.383661,https://mitehuacan.mx/?ruta=8
3,Venta De Tortillas De Harina La Espiga Dorada,tortillería,123,18.461311,-97.409045,https://mitehuacan.mx/?ruta=8
3,Elaboracion Y Venta De Tortilla Sin Nombre,tortillería,124,18.457201,-97.382609,https://mitehuacan.mx/?ruta=8
3,Tortillas Echas A Mano,tortillería,124,18.459119,-97.410295,https://mitehuacan.mx/?ruta=8
3,Tortillas Y Antojitos Hechas A Mano Sin Nombre,tortillería,124,18.458833,-97.404221,https://mitehuacan.mx/?ruta=8
3,Tortilleria Angelitos,tortillería,124,18.459579,-97.384592,https://mitehuacan.mx/?ruta=8
3,Venta De Tortilla Sin Nombre,tortillería,124,18.457092,-97.427335,https://mitehuacan.mx/?ruta=8
3,Elaboracion De Tortillas Sin Nombre,tortillería,127,18.457201,-97.383208,https://mitehuacan.mx/?ruta=8
3,Elaboracion Y Venta De Tortillas,tortillería,129,18.451105,-97.380747,https://mitehuacan.mx/?ruta=8
3,Tortilleria Tehuacan,tortillería,129,18.462011,-97.38946,https://mitehuacan.mx/?ruta=8
3,Elaboracion De Tortillas A Mano,tortillería,132,18.462633,-97.426369,https://mitehuacan.mx/?ruta=8
3,Venta De Tortillas Sin Nombre,tortillería,133,18.45812,-97.408733,https://mitehuacan.mx/?ruta=8
3,Elaboracion Y Venta De Tortillas De Mano Juquilita,tortillería,134,18.461982,-97.387029,https://mitehuacan.mx/?ruta=8
3,Tortilleria Sin Nombre,tortillería,135,18.457424,-97.407302,https://mitehuacan.mx/?ruta=8
3,Tortilleria Sin Nombre,tortillería,137,18.456907,-97.381871,https://mitehuacan.mx/?ruta=8
3,Elaboracion De Tortillas Echas A Mano,tortillería,138,18.459018,-97.410869,https://mitehuacan.mx/?ruta=8
3,Elaboracion De Tortillas De Mano Sin Nombre,tortillería,140,18.450994,-97.380708,https://mitehuacan.mx/?ruta=8
3,Tortillas A Mano Sin Nombre,tortillería,143,18.455893,-97.43046,https://mitehuacan.mx/?ruta=8
3,Venta De Tortillas Sin Nombre,tortillería,145,18.455491,-97.388227,https://mitehuacan.mx/?ruta=8
3,Tortilleria Sin Nombre,tortillería,147,18.461902,-97.427583,https://mitehuacan.mx/?ruta=8
3,Venta De Tortillas A Mano Marijo,tortillería,148,18.459006,-97.404066,https://mitehuacan.mx/?ruta=8
3,Elaboracion De Tortillas De Mano Sin Nombre,tortillería,149,18.451296,-97.381362,https://mitehuacan.mx/?ruta=8
3,Transportes De Carga Negrete,transporte,32,18.457504,-97.38985,https://mitehuacan.mx/?ruta=8
3,Transportes Mercurio,transporte,42,18.457508,-97.389949,https://mitehuacan.mx/?ruta=8
3,Vidrios Y Aluminios Garcia,vidriería,0,18.458828,-97.39635,https://mitehuacan.mx/?ruta=8
3,Vidrios Y Aluminios Osorio,vidriería,0,18.458342,-97.383037,https://mitehuacan.mx/?ruta=8
3,Aluminios Y Herrajes Aluher,vidriería,1,18.458817,-97.395676,https://mitehuacan.mx/?ruta=8
3,Vidrios La Purisima,vidriería,1,18.458516,-97.387224,https://mitehuacan.mx/?ruta=8
3,Vidrios Y Aluminios Garcia,vidriería,1,18.458824,-97.396075,https://mitehuacan.mx/?ruta=8
3,Vidrios Y Aluminios Sin Nombre,vidriería,1,18.456772,-97.395721,https://mitehuacan.mx/?ruta=8
3,Vidrios Y Aluminios De Cordova,vidriería,6,18.456974,-97.399059,https://mitehuacan.mx/?ruta=8
3,Bodega De Vidrios Aluher,vidriería,23,18.455996,-97.398797,https://mitehuacan.mx/?ruta=8
3,Vidrios Y Aluminos Vap,vidriería,28,18.455412,-97.38934,https://mitehuacan.mx/?ruta=8
3,Vidrios Y Aluminios Arce,vidriería,38,18.461957,-97.42337,https://mitehuacan.mx/?ruta=8
3,Vidrios Y Aluminios Franco,vidriería,57,18.458097,-97.39024,https://mitehuacan.mx/?ruta=8
3,Vidrieria San Juditas,vidriería,76,18.455675,-97.40286,https://mitehuacan.mx/?ruta=8
3,Superfil Canceleria De Aluminio,vidriería,84,18.454412,-97.391945,https://mitehuacan.mx/?ruta=8
3,Comercio Al Por Menor De Vidrios Y Espejos Sin Nombre,vidriería,94,18.458682,-97.428924,https://mitehuacan.mx/?ruta=8
3,Vidrios Y Aluminios De La 7,vidriería,95,18.459358,-97.387098,https://mitehuacan.mx/?ruta=8
3,Bodega Sin Nombre De Muebles Metalicos Malerba,vidriería,117,18.459524,-97.386004,https://mitehuacan.mx/?ruta=8
3,Venta De Vidrios Y Aluminios Sin Nombre,vidriería,119,18.457417,-97.386929,https://mitehuacan.mx/?ruta=8
3,Vidrios Y Cristales Lunas,vidriería,120,18.457433,-97.38765,https://mitehuacan.mx/?ruta=8
3,Bodega De Vidrios Y Aluminios Mexico,vidriería,124,18.461629,-97.382034,https://mitehuacan.mx/?ruta=8
3,Venta De Plantas Naturales Sin Nombre,vivero,0,18.45841,-97.384647,https://mitehuacan.mx/?ruta=8
3,Vivero Natural Green,vivero,0,18.460708,-97.389473,https://mitehuacan.mx/?ruta=8
3,Floreria Ceci,vivero,1,18.456201,-97.399872,https://mitehuacan.mx/?ruta=8
3,Venta De Plantas Sin Nombre,vivero,1,18.456201,-97.399872,https://mitehuacan.mx/?ruta=8
3,Floreria Chuchin,vivero,3,18.457161,-97.389529,https://mitehuacan.mx/?ruta=8
3,Venta De Plantas De Ornato,vivero,15,18.458246,-97.383889,https://mitehuacan.mx/?ruta=8
3,Floreria Cortona,vivero,22,18.456896,-97.394207,https://mitehuacan.mx/?ruta=8
3,Floreria Del Carmen,vivero,23,18.456493,-97.394344,https://mitehuacan.mx/?ruta=8
3,Arreglos Flor Cerezo,vivero,35,18.457406,-97.38988,https://mitehuacan.mx/?ruta=8
3,Floreria Florela,vivero,39,18.45878,-97.38506,https://mitehuacan.mx/?ruta=8
3,Floreria Boutique Lisiantus,vivero,52,18.458305,-97.394238,https://mitehuacan.mx/?ruta=8
3,Venta De Arreglos Florales Sin Nombre,vivero,76,18.457694,-97.383923,https://mitehuacan.mx/?ruta=8
3,Floreria Zaes,vivero,83,18.460965,-97.409405,https://mitehuacan.mx/?ruta=8
3,Vivero Mar Y Vida,vivero,84,18.457377,-97.388752,https://mitehuacan.mx/?ruta=8
3,Floreria D Xochitl,vivero,90,18.461575,-97.389825,https://mitehuacan.mx/?ruta=8
3,Floreria Sin Nombre,vivero,92,18.457596,-97.385144,https://mitehuacan.mx/?ruta=8
3,Floreria El Clavel,vivero,96,18.461577,-97.389939,https://mitehuacan.mx/?ruta=8
3,Floreria Si Nombre,vivero,101,18.457468,-97.383937,https://mitehuacan.mx/?ruta=8
3,Venta De Plantas Naturales Sin Nombre,vivero,101,18.457515,-97.38515,https://mitehuacan.mx/?ruta=8
3,Venta De Plantas Sin Nombre,vivero,105,18.457479,-97.385153,https://mitehuacan.mx/?ruta=8
3,Venta De Plantas Naturales Sin Nombre,vivero,106,18.457469,-97.385153,https://mitehuacan.mx/?ruta=8
3,Floreria Flor Y Arte,vivero,107,18.459671,-97.392555,https://mitehuacan.mx/?ruta=8
3,Venta De Flores Naturales Sin Nombre,vivero,107,18.45746,-97.385154,https://mitehuacan.mx/?ruta=8
3,Venta De Flores Sin Nombre,vivero,108,18.457451,-97.385155,https://mitehuacan.mx/?ruta=8
3,Floreria Juquilita,vivero,113,18.457406,-97.385158,https://mitehuacan.mx/?ruta=8
3,Bodega De Floreria Detalles,vivero,114,18.461501,-97.390292,https://mitehuacan.mx/?ruta=8
3,Floreria Adelita,vivero,114,18.461501,-97.390292,https://mitehuacan.mx/?ruta=8
3,Floreria Angelito,vivero,114,18.461501,-97.390292,https://mitehuacan.mx/?ruta=8
3,Floreria Detalles,vivero,114,18.461501,-97.390292,https://mitehuacan.mx/?ruta=8
3,Floreria Emmanuel,vivero,114,18.461501,-97.390292,https://mitehuacan.mx/?ruta=8
3,Floreria Joselyn,vivero,114,18.461501,-97.390292,https://mitehuacan.mx/?ruta=8
3,Floreria Juquilita,vivero,114,18.461501,-97.390292,https://mitehuacan.mx/?ruta=8
3,Floreria Ramos,vivero,114,18.461501,-97.390292,https://mitehuacan.mx/?ruta=8
3,Floreria Sin Nombre,vivero,114,18.461501,-97.390292,https://mitehuacan.mx/?ruta=8
3,Floreria Bety,vivero,118,18.461502,-97.39034,https://mitehuacan.mx/?ruta=8
3,Floreria El Campesino,vivero,121,18.461502,-97.390378,https://mitehuacan.mx/?ruta=8
3,Floreria Betty,vivero,123,18.461503,-97.390406,https://mitehuacan.mx/?ruta=8
3,Venta De Plantas Naturales Sin Nombre,vivero,128,18.457271,-97.385158,https://mitehuacan.mx/?ruta=8
3,Venta De Hoja De Platano,vivero,142,18.457144,-97.385163,https://mitehuacan.mx/?ruta=8
3,Floreria San Antonio,vivero,145,18.461586,-97.390593,https://mitehuacan.mx/?ruta=8
3,7/24,yes,14,18.460099,-97.409864,https://mitehuacan.mx/?ruta=8
