prioridad,negocio,categoria,dist_m,lat,lon,maps
1,Caseta Escolar De La Escuela Juan De La Barrera,café,2,18.377987,-97.273248,https://mitehuacan.mx/?ruta=ajalpan
1,Tienda Escolar,café,3,18.377863,-97.273317,https://mitehuacan.mx/?ruta=ajalpan
1,Venta De Jugos Sin Nombre,café,3,18.462702,-97.385574,https://mitehuacan.mx/?ruta=ajalpan
1,Cafeteria Chapis,café,4,18.375791,-97.291964,https://mitehuacan.mx/?ruta=ajalpan
1,Cafeteria,café,5,18.375688,-97.292897,https://mitehuacan.mx/?ruta=ajalpan
1,Jugos Y Tortas Disfruta,café,5,18.380341,-97.263673,https://mitehuacan.mx/?ruta=ajalpan
1,Paleteria Y Helados La Michoacana,café,5,18.377935,-97.257689,https://mitehuacan.mx/?ruta=ajalpan
1,Cafeteria El Ganoderma,café,7,18.378305,-97.261846,https://mitehuacan.mx/?ruta=ajalpan
1,Cafeteria Ganolife,café,7,18.378305,-97.261846,https://mitehuacan.mx/?ruta=ajalpan
1,Jugos De Naranja Isabel,café,7,18.464727,-97.384178,https://mitehuacan.mx/?ruta=ajalpan
1,Jugueria El Angel,café,7,18.378305,-97.261846,https://mitehuacan.mx/?ruta=ajalpan
1,Jugueria La Divina Providencia,café,7,18.378305,-97.261846,https://mitehuacan.mx/?ruta=ajalpan
1,Loncheria Don Arturo,café,7,18.378305,-97.261846,https://mitehuacan.mx/?ruta=ajalpan
1,Venta De Desayunos Sin Nombre,café,7,18.462891,-97.388139,https://mitehuacan.mx/?ruta=ajalpan
1,Cafeteria Ricatory,café,8,18.462876,-97.387561,https://mitehuacan.mx/?ruta=ajalpan
1,Jugos Y Licuados Tres Hermanos,café,8,18.375813,-97.292806,https://mitehuacan.mx/?ruta=ajalpan
1,Barra Cafe Tetiaxca La Casa De Los Abuelos,café,9,18.377957,-97.259041,https://mitehuacan.mx/?ruta=ajalpan
1,Coffe Beans,café,12,18.378009,-97.257248,https://mitehuacan.mx/?ruta=ajalpan
1,Bubba Duck Cafeteria,café,13,18.377756,-97.260125,https://mitehuacan.mx/?ruta=ajalpan
1,Tienda Escolar Turno Matutino,café,20,18.377758,-97.256467,https://mitehuacan.mx/?ruta=ajalpan
1,Tienda Escolar Turno Vespertino,café,20,18.377758,-97.256467,https://mitehuacan.mx/?ruta=ajalpan
1,Tienda Escolar Cuitlahuac,café,28,18.442369,-97.367506,https://mitehuacan.mx/?ruta=ajalpan
1,Casetita Blanca,café,40,18.443523,-97.367565,https://mitehuacan.mx/?ruta=ajalpan
1,Tienda Escolar Sin Nombre,café,41,18.465123,-97.387018,https://mitehuacan.mx/?ruta=ajalpan
1,Tienda Escolar,café,53,18.462222,-97.384842,https://mitehuacan.mx/?ruta=ajalpan
1,Venta De Pan Casero Mr Dumpling,café,55,18.463368,-97.38943,https://mitehuacan.mx/?ruta=ajalpan
1,Restaurant Bar El Porton,café,62,18.378432,-97.260039,https://mitehuacan.mx/?ruta=ajalpan
1,Tienda Escolar Antojitos Benito Juarez,café,64,18.379444,-97.265152,https://mitehuacan.mx/?ruta=ajalpan
1,Cafeteria Morentina,café,71,18.462982,-97.391163,https://mitehuacan.mx/?ruta=ajalpan
1,Cafeteria Cafe Iberia,café,72,18.465286,-97.382698,https://mitehuacan.mx/?ruta=ajalpan
1,Jugui Fruti Coffe Break,café,77,18.377284,-97.300434,https://mitehuacan.mx/?ruta=ajalpan
1,Cafeteria Ceut,café,88,18.463635,-97.388377,https://mitehuacan.mx/?ruta=ajalpan
1,la paroquia,café,90,18.377074,-97.257571,https://mitehuacan.mx/?ruta=ajalpan
1,la catarina,café,91,18.377083,-97.257092,https://mitehuacan.mx/?ruta=ajalpan
1,Cooperativa Escolar Secundaria Raul Lopez Ramirez,café,106,18.460571,-97.37174,https://mitehuacan.mx/?ruta=ajalpan
1,Jugueria El Oasis,café,117,18.465766,-97.38524,https://mitehuacan.mx/?ruta=ajalpan
1,Jugos Hernandez,café,122,18.461786,-97.390665,https://mitehuacan.mx/?ruta=ajalpan
1,Loncheria Sin Nombre,café,125,18.377137,-97.262145,https://mitehuacan.mx/?ruta=ajalpan
1,Caffe Arce,café,126,18.461948,-97.391178,https://mitehuacan.mx/?ruta=ajalpan
1,Cocina Economica Lolita,café,126,18.461948,-97.391178,https://mitehuacan.mx/?ruta=ajalpan
1,Jugueria La Esperanza,café,126,18.461948,-97.391178,https://mitehuacan.mx/?ruta=ajalpan
1,Refresqueria Y Jugueria Gemita,café,126,18.461948,-97.391178,https://mitehuacan.mx/?ruta=ajalpan
1,Jugueria Sin Nombre,café,131,18.465817,-97.382689,https://mitehuacan.mx/?ruta=ajalpan
1,Cafeteria A & A Smoothies,café,133,18.465754,-97.391335,https://mitehuacan.mx/?ruta=ajalpan
1,Jugueria Raquel,café,135,18.465925,-97.384707,https://mitehuacan.mx/?ruta=ajalpan
1,La Parrilla De Maria Ines,café,137,18.379858,-97.267268,https://mitehuacan.mx/?ruta=ajalpan
1,Caseta Escolar De La Escuela Emiliano Zapata,café,141,18.377516,-97.298103,https://mitehuacan.mx/?ruta=ajalpan
1,Compra Venta De Accesorios Para Celular Accesorios Una Hora ,celulares,1,18.464835,-97.390085,https://mitehuacan.mx/?ruta=ajalpan
1,Compra Venta De Refacciones Para Celulares Iplus Refacciones,celulares,1,18.464835,-97.390085,https://mitehuacan.mx/?ruta=ajalpan
1,Accesorios Para Telefonos Celulares Las Palmas,celulares,3,18.378868,-97.263562,https://mitehuacan.mx/?ruta=ajalpan
1,Telefonica Movistar,celulares,3,18.462854,-97.390503,https://mitehuacan.mx/?ruta=ajalpan
1,Tienda De Telefonos Distribuidor Autorizado Pamec Telcel,celulares,3,18.462848,-97.390304,https://mitehuacan.mx/?ruta=ajalpan
1,Electronica Osve,celulares,4,18.462754,-97.387432,https://mitehuacan.mx/?ruta=ajalpan
1,Computronix Tecnologia,celulares,5,18.377937,-97.257499,https://mitehuacan.mx/?ruta=ajalpan
1,Distribuidor Autorizado Telcel,celulares,5,18.377825,-97.259778,https://mitehuacan.mx/?ruta=ajalpan
1,Distriduidor Autorizado Telcel Pamec,celulares,5,18.378369,-97.262431,https://mitehuacan.mx/?ruta=ajalpan
1,Servi Cel,celulares,5,18.380285,-97.263523,https://mitehuacan.mx/?ruta=ajalpan
1,Telcel,celulares,6,18.378337,-97.262338,https://mitehuacan.mx/?ruta=ajalpan
1,Venta De Telefonos Y Accesorios Telcel,celulares,6,18.378276,-97.26216,https://mitehuacan.mx/?ruta=ajalpan
1,Reparacion Y Venta De Accesorios Telefonicos Ganac,celulares,7,18.462891,-97.388139,https://mitehuacan.mx/?ruta=ajalpan
1,Tienda De Accesorios Para Celular Play Store,celulares,7,18.378164,-97.261833,https://mitehuacan.mx/?ruta=ajalpan
1,Tienda De Accesorios Para Celulares Accs Cell,celulares,7,18.378151,-97.261794,https://mitehuacan.mx/?ruta=ajalpan
1,Tienda De Articulos Para Celular Sin Nombre,celulares,7,18.378305,-97.261846,https://mitehuacan.mx/?ruta=ajalpan
1,Tienda De Telefonos Y Accesorios Telcel,celulares,7,18.37816,-97.261822,https://mitehuacan.mx/?ruta=ajalpan
1,Celulares Telcel,celulares,8,18.462859,-97.386954,https://mitehuacan.mx/?ruta=ajalpan
1,Compra Venta De Accesorios Para Celular Life Style,celulares,8,18.462976,-97.390565,https://mitehuacan.mx/?ruta=ajalpan
1,Tienda De Accesorios Para Celular Sin Nombre,celulares,8,18.378776,-97.263632,https://mitehuacan.mx/?ruta=ajalpan
1,Tienda De Telefonos Telcel,celulares,8,18.462948,-97.389655,https://mitehuacan.mx/?ruta=ajalpan
1,Accesorios Para Celular Cell Ma-Va,celulares,9,18.462758,-97.389318,https://mitehuacan.mx/?ruta=ajalpan
1,Distribuidor Autorizado Telcel Osc,celulares,9,18.377991,-97.261325,https://mitehuacan.mx/?ruta=ajalpan
1,Accesorios Para Celular Matrix De Ajalpan,celulares,11,18.378451,-97.262813,https://mitehuacan.mx/?ruta=ajalpan
1,Venta De Audio Y Computo Mitzu Electronicos,celulares,18,18.462677,-97.38932,https://mitehuacan.mx/?ruta=ajalpan
1,Accesorios Para Celular Y Reparaciones De Celulares Rg Unloc,celulares,55,18.463287,-97.387079,https://mitehuacan.mx/?ruta=ajalpan
1,Compra Venta De Refacciones Para Celular,celulares,55,18.464343,-97.3894,https://mitehuacan.mx/?ruta=ajalpan
1,Venta De Accesorios Para Celular Cell-Tab,celulares,57,18.464852,-97.391052,https://mitehuacan.mx/?ruta=ajalpan
1,Tienda De Accesorios Para Celular Sin Nombre,celulares,67,18.463389,-97.387073,https://mitehuacan.mx/?ruta=ajalpan
1,Tienda De Accesorios Para El Celular Centro Cell,celulares,69,18.462305,-97.390762,https://mitehuacan.mx/?ruta=ajalpan
1,Tienda De Accesorios Pra Celular Sin Nombre,celulares,78,18.462871,-97.391233,https://mitehuacan.mx/?ruta=ajalpan
1,Compra Venta De Accesorios Para Celular Telef Mania,celulares,86,18.464369,-97.391348,https://mitehuacan.mx/?ruta=ajalpan
1,Compra Venta De Accesorios Para Celular La Reina,celulares,87,18.464143,-97.391352,https://mitehuacan.mx/?ruta=ajalpan
1,Compra Venta De Accesorios Para Celulares Technology Store,celulares,89,18.463817,-97.391357,https://mitehuacan.mx/?ruta=ajalpan
1,Macropay,celulares,90,18.463938,-97.386968,https://mitehuacan.mx/?ruta=ajalpan
1,Dsitribuidor Autorizado Ultracel,celulares,99,18.464833,-97.391448,https://mitehuacan.mx/?ruta=ajalpan
1,Reparacion De Computadoras Movil Cel Lap,celulares,100,18.464993,-97.391447,https://mitehuacan.mx/?ruta=ajalpan
1,Reparacion De Telefonos Telcel,celulares,105,18.464663,-97.381524,https://mitehuacan.mx/?ruta=ajalpan
1,La Casa De La Tecnologia,celulares,108,18.461866,-97.389462,https://mitehuacan.mx/?ruta=ajalpan
1,Tienda De Accesorios Para El Celular City Cell,celulares,118,18.46194,-97.391027,https://mitehuacan.mx/?ruta=ajalpan
1,Accesorios Y Reparacion De Celulares Cell Master,celulares,126,18.461948,-97.391178,https://mitehuacan.mx/?ruta=ajalpan
1,Venta De Telefonos Celulares Distribuidor Autorizado Telcel,celulares,134,18.461954,-97.391311,https://mitehuacan.mx/?ruta=ajalpan
1,Reparacion Y Accesorios Para Celular Sin Nombre,celulares,141,18.461574,-97.389692,https://mitehuacan.mx/?ruta=ajalpan
1,Venta De Accesorios Para Celular Case Store,celulares,143,18.461582,-97.390318,https://mitehuacan.mx/?ruta=ajalpan
1,Fix Mobile,celulares,147,18.376106,-97.300407,https://mitehuacan.mx/?ruta=ajalpan
1,Centro Medico Naturista Julian Barranco,consultorio,1,18.462634,-97.382968,https://mitehuacan.mx/?ruta=ajalpan
1,Clinica Dental A&R,consultorio,1,18.464832,-97.389924,https://mitehuacan.mx/?ruta=ajalpan
1,Clinica Dental Egsadi,consultorio,1,18.378951,-97.26412,https://mitehuacan.mx/?ruta=ajalpan
1,Clinica Dental Oral,consultorio,1,18.464794,-97.388322,https://mitehuacan.mx/?ruta=ajalpan
1,Clinica Dental Oral,consultorio,1,18.464753,-97.38727,https://mitehuacan.mx/?ruta=ajalpan
1,Consultorio De Ginecologia Y Colposcopia,consultorio,1,18.464812,-97.388776,https://mitehuacan.mx/?ruta=ajalpan
1,Consultorio Dental Sin Nombre,consultorio,1,18.464815,-97.388843,https://mitehuacan.mx/?ruta=ajalpan
1,Optica Visual Blue,consultorio,1,18.464793,-97.388274,https://mitehuacan.mx/?ruta=ajalpan
1,Consultorio Dental,consultorio,2,18.464721,-97.385108,https://mitehuacan.mx/?ruta=ajalpan
1,Clinica Dental Guadalupe,consultorio,3,18.462807,-97.389138,https://mitehuacan.mx/?ruta=ajalpan
1,Consultorio Dental,consultorio,3,18.462851,-97.390389,https://mitehuacan.mx/?ruta=ajalpan
1,Consultorio Dental Dr Eduardo Barbosa Altamirano,consultorio,3,18.378838,-97.263432,https://mitehuacan.mx/?ruta=ajalpan
1,Consultorio Dental Sin Nombre,consultorio,3,18.462849,-97.390342,https://mitehuacan.mx/?ruta=ajalpan
1,Consultorio Medico Ginecologia Y Obtetricia Sin Nombre,consultorio,3,18.378854,-97.25595,https://mitehuacan.mx/?ruta=ajalpan
1,Odontologia Integral Sin Nombre,consultorio,3,18.379584,-97.262011,https://mitehuacan.mx/?ruta=ajalpan
1,Centro De Podologia De Tehuacan,consultorio,4,18.462784,-97.388522,https://mitehuacan.mx/?ruta=ajalpan
1,Clinica De Columna Ozonoterapia,consultorio,4,18.462777,-97.388238,https://mitehuacan.mx/?ruta=ajalpan
1,Clinica Dental,consultorio,4,18.422521,-97.338506,https://mitehuacan.mx/?ruta=ajalpan
1,Clinica Dental Gara,consultorio,4,18.462775,-97.38819,https://mitehuacan.mx/?ruta=ajalpan
1,Clinica Dental Solis,consultorio,4,18.462759,-97.387593,https://mitehuacan.mx/?ruta=ajalpan
1,Optica Galileo,consultorio,4,18.462777,-97.388257,https://mitehuacan.mx/?ruta=ajalpan
1,Servicio De Fisioterapia Medicina Fisica Y Rehabilitacion,consultorio,4,18.462752,-97.387347,https://mitehuacan.mx/?ruta=ajalpan
1,Unidad Medica Olivier,consultorio,4,18.378906,-97.263732,https://mitehuacan.mx/?ruta=ajalpan
1,Consultorio Dental Unam,consultorio,5,18.380261,-97.263458,https://mitehuacan.mx/?ruta=ajalpan
1,Consultorio Medico Dr. Eduardo Fortoul,consultorio,5,18.380376,-97.263765,https://mitehuacan.mx/?ruta=ajalpan
1,Dental Clinic,consultorio,5,18.379813,-97.262333,https://mitehuacan.mx/?ruta=ajalpan
1,Instituto De Seguridad Y Servicios Sociales De Los Trabajado,consultorio,5,18.377936,-97.257594,https://mitehuacan.mx/?ruta=ajalpan
1,Clinica Dental Martinez,consultorio,7,18.462931,-97.389276,https://mitehuacan.mx/?ruta=ajalpan
1,Consultorio De Medicina Natural,consultorio,7,18.462889,-97.388063,https://mitehuacan.mx/?ruta=ajalpan
1,Consultorio Doctor Sergio Avendano Aguilar,consultorio,7,18.462891,-97.388139,https://mitehuacan.mx/?ruta=ajalpan
1,Fisioterapia Reactivate,consultorio,7,18.379831,-97.263922,https://mitehuacan.mx/?ruta=ajalpan
1,Clinica Dental Rangel,consultorio,8,18.462876,-97.387561,https://mitehuacan.mx/?ruta=ajalpan
1,Consultorio Medico Rogelio Miranda Ruiz,consultorio,8,18.462947,-97.389551,https://mitehuacan.mx/?ruta=ajalpan
1,Optica Sanatorio De Lentes,consultorio,8,18.462872,-97.387447,https://mitehuacan.mx/?ruta=ajalpan
1,Clinica De Control De Peso Rivere,consultorio,9,18.464802,-97.385864,https://mitehuacan.mx/?ruta=ajalpan
1,Consultorio Medico Familiar Sin Nombre,consultorio,9,18.378438,-97.262753,https://mitehuacan.mx/?ruta=ajalpan
1,Clinica Dental Jazmin,consultorio,10,18.422013,-97.337416,https://mitehuacan.mx/?ruta=ajalpan
1,Consultorio Medico,consultorio,10,18.378305,-97.269481,https://mitehuacan.mx/?ruta=ajalpan
1,Consultorio Dental Integral Jashident,consultorio,12,18.378927,-97.258239,https://mitehuacan.mx/?ruta=ajalpan
1,Consultorio Dental May Dental Studio,consultorio,15,18.464926,-97.390632,https://mitehuacan.mx/?ruta=ajalpan
1,Consultorio Medico,consultorio,17,18.462859,-97.390654,https://mitehuacan.mx/?ruta=ajalpan
1,Consultorio Medico Juquilita,consultorio,19,18.46225,-97.377529,https://mitehuacan.mx/?ruta=ajalpan
1,Inyecciones Y Curaciones Sin Nombre,consultorio,19,18.377701,-97.260124,https://mitehuacan.mx/?ruta=ajalpan
1,Centro De Rehabilitacion A Traves Del Deporte,consultorio,20,18.378851,-97.26668,https://mitehuacan.mx/?ruta=ajalpan
1,Km Consultorio Dental,consultorio,20,18.464622,-97.388409,https://mitehuacan.mx/?ruta=ajalpan
1,Consultorio Medico Torrescano,consultorio,22,18.462645,-97.389454,https://mitehuacan.mx/?ruta=ajalpan
1,Clinica De Terapia Fisica Y Rehabilitacion,consultorio,25,18.378712,-97.264062,https://mitehuacan.mx/?ruta=ajalpan
1,Consultorio De Fisioterapia Y Rehabilitacion Sin Nombre,consultorio,25,18.462409,-97.38332,https://mitehuacan.mx/?ruta=ajalpan
1,Consultorio De Rehabilitacion Medical Fit,consultorio,25,18.462554,-97.387096,https://mitehuacan.mx/?ruta=ajalpan
1,Consultorio Dental Las Flores,consultorio,27,18.462202,-97.378033,https://mitehuacan.mx/?ruta=ajalpan
1,Consultorio Dental Dental Center Rosmed,consultorio,29,18.465093,-97.389266,https://mitehuacan.mx/?ruta=ajalpan
1,Servicios Medicos Balderas,consultorio,31,18.462648,-97.374542,https://mitehuacan.mx/?ruta=ajalpan
1,Clinica Dental Divadent,consultorio,34,18.462473,-97.387098,https://mitehuacan.mx/?ruta=ajalpan
1,Quiropractico Sin Nombre,consultorio,34,18.442972,-97.368017,https://mitehuacan.mx/?ruta=ajalpan
1,Rehabilite Fisoterapia,consultorio,34,18.378564,-97.259068,https://mitehuacan.mx/?ruta=ajalpan
1,Consultorio Dental Prodental,consultorio,35,18.46516,-97.389394,https://mitehuacan.mx/?ruta=ajalpan
1,Clinica Dental Valden,consultorio,42,18.465011,-97.382503,https://mitehuacan.mx/?ruta=ajalpan
1,Consultorio Dental Del Santuario,consultorio,51,18.377411,-97.260119,https://mitehuacan.mx/?ruta=ajalpan
1,Consultorio En Ginecologia Y Obstetricia,consultorio,52,18.464933,-97.390993,https://mitehuacan.mx/?ruta=ajalpan
1,Ortho Plus Clinica Dental,consultorio,54,18.464933,-97.391012,https://mitehuacan.mx/?ruta=ajalpan
1,Clinicasca Dental Safir,consultorio,60,18.464296,-97.389281,https://mitehuacan.mx/?ruta=ajalpan
1,Consultorio Dental Sin Nombre,consultorio,62,18.379358,-97.263292,https://mitehuacan.mx/?ruta=ajalpan
1,Consultorio Medico,consultorio,62,18.463427,-97.389299,https://mitehuacan.mx/?ruta=ajalpan
1,Consultorio De Especialidad En Pediatria Y Nutricion Del Niñ,consultorio,64,18.464264,-97.389402,https://mitehuacan.mx/?ruta=ajalpan
1,Consultorio Medico,consultorio,64,18.462036,-97.382604,https://mitehuacan.mx/?ruta=ajalpan
1,Consultorio Medico Medina Vazquez,consultorio,66,18.462002,-97.382099,https://mitehuacan.mx/?ruta=ajalpan
1,Dental Ruiz,consultorio,66,18.378342,-97.264126,https://mitehuacan.mx/?ruta=ajalpan
1,Local De Servicios Optica Tehuacan,consultorio,66,18.465436,-97.389265,https://mitehuacan.mx/?ruta=ajalpan
1,Theramed,consultorio,66,18.46526,-97.383989,https://mitehuacan.mx/?ruta=ajalpan
1,Consultorio Dental Independencia,consultorio,72,18.378288,-97.264136,https://mitehuacan.mx/?ruta=ajalpan
1,Consultorio Dental Del Angel,consultorio,73,18.46541,-97.38694,https://mitehuacan.mx/?ruta=ajalpan
1,Consultorio Dental,consultorio,78,18.374966,-97.293485,https://mitehuacan.mx/?ruta=ajalpan
1,Clinica Dental Kim,consultorio,86,18.442708,-97.36842,https://mitehuacan.mx/?ruta=ajalpan
1,Dispensario Medico San Juan Bautista,consultorio,88,18.377093,-97.257708,https://mitehuacan.mx/?ruta=ajalpan
1,Consultorio Medico Pediatrico Sin Nombre,consultorio,90,18.463482,-97.391363,https://mitehuacan.mx/?ruta=ajalpan
1,Clinica Bertheau Terapia Fisica Y Rehabilitacion,consultorio,92,18.377065,-97.260412,https://mitehuacan.mx/?ruta=ajalpan
1,Clinica Dental Diamante,consultorio,92,18.463319,-97.391369,https://mitehuacan.mx/?ruta=ajalpan
1,Servicio De Control De Peso,consultorio,92,18.463319,-97.391369,https://mitehuacan.mx/?ruta=ajalpan
1,Consultorio Dental,consultorio,93,18.463549,-97.384663,https://mitehuacan.mx/?ruta=ajalpan
1,Consultorio Medico Cims,consultorio,93,18.463156,-97.391375,https://mitehuacan.mx/?ruta=ajalpan
1,Medicina Alternativa General,consultorio,96,18.378061,-97.264096,https://mitehuacan.mx/?ruta=ajalpan
1,Consultorio De Psicologia,consultorio,99,18.464833,-97.391448,https://mitehuacan.mx/?ruta=ajalpan
1,Consultorio Dental Sin Nombre,consultorio,100,18.46205,-97.390871,https://mitehuacan.mx/?ruta=ajalpan
1,Fisioterapeuta Isauro,consultorio,100,18.377655,-97.26302,https://mitehuacan.mx/?ruta=ajalpan
1,Consultorio Dental,consultorio,101,18.461791,-97.384947,https://mitehuacan.mx/?ruta=ajalpan
1,Laboratorio Dental Los Angeles,consultorio,102,18.465766,-97.389388,https://mitehuacan.mx/?ruta=ajalpan
1,Consultorio Dental Mora,consultorio,105,18.461828,-97.387031,https://mitehuacan.mx/?ruta=ajalpan
1,Casa De Salud San Diego Chalma,consultorio,118,18.442838,-97.368885,https://mitehuacan.mx/?ruta=ajalpan
1,Sanatorio El Nuevo Siglo,consultorio,120,18.465891,-97.388503,https://mitehuacan.mx/?ruta=ajalpan
1,Clinica Dental Bravo,consultorio,122,18.46589,-97.387915,https://mitehuacan.mx/?ruta=ajalpan
1,Consultorio De Similares,consultorio,123,18.461731,-97.389463,https://mitehuacan.mx/?ruta=ajalpan
1,Clinica Urologica De Tehuacan,consultorio,124,18.465966,-97.389952,https://mitehuacan.mx/?ruta=ajalpan
1,Servicio De Acupuntura Sin Nombre,consultorio,124,18.377038,-97.261797,https://mitehuacan.mx/?ruta=ajalpan
1,Consultorio Psicologico Efecto Mariposa,consultorio,126,18.465955,-97.388643,https://mitehuacan.mx/?ruta=ajalpan
1,Podologia Xico,consultorio,128,18.465869,-97.38542,https://mitehuacan.mx/?ruta=ajalpan
1,Optometria Integral Tehuacan,consultorio,129,18.464863,-97.391735,https://mitehuacan.mx/?ruta=ajalpan
1,Consultorio Dental Sin Nombre,consultorio,130,18.465621,-97.391441,https://mitehuacan.mx/?ruta=ajalpan
1,Consultorio Dental Haim,consultorio,131,18.465736,-97.391336,https://mitehuacan.mx/?ruta=ajalpan
1,Consultorio Medico Sin Nombre,consultorio,131,18.380006,-97.258295,https://mitehuacan.mx/?ruta=ajalpan
1,Consultorio Fisio_Zina,consultorio,134,18.380011,-97.257292,https://mitehuacan.mx/?ruta=ajalpan
1,Consultorio Dental Sin Nombre,consultorio,137,18.465923,-97.384432,https://mitehuacan.mx/?ruta=ajalpan
1,Consultorio Medico,consultorio,139,18.461439,-97.384517,https://mitehuacan.mx/?ruta=ajalpan
1,Servicio Dental Dental 24 Horass,consultorio,139,18.461574,-97.388895,https://mitehuacan.mx/?ruta=ajalpan
1,Clinica Dental Medent,consultorio,141,18.380097,-97.258297,https://mitehuacan.mx/?ruta=ajalpan
1,Quiropractico,consultorio,142,18.378417,-97.280698,https://mitehuacan.mx/?ruta=ajalpan
1,Laboratorio Dental Gasca,dentista,28,18.462586,-97.389323,https://mitehuacan.mx/?ruta=ajalpan
1,Laboratorio Dental,dentista,121,18.46589,-97.388162,https://mitehuacan.mx/?ruta=ajalpan
1,Steren,electrónica,0,18.462825,-97.388796,https://mitehuacan.mx/?ruta=ajalpan
1,Reparacion De Celulares Tecnocompucel,electrónica,1,18.379381,-97.261412,https://mitehuacan.mx/?ruta=ajalpan
1,Taller De Electronica,electrónica,1,18.462634,-97.382968,https://mitehuacan.mx/?ruta=ajalpan
1,World Electronics,electrónica,1,18.462601,-97.381735,https://mitehuacan.mx/?ruta=ajalpan
1,Tienda Derefacciones De Linea Blanca Y Electrodomesticos,electrónica,3,18.462751,-97.387299,https://mitehuacan.mx/?ruta=ajalpan
1,Electronica Osorio,electrónica,4,18.462803,-97.389317,https://mitehuacan.mx/?ruta=ajalpan
1,Refrigeradores Andrade,electrónica,4,18.462464,-97.375791,https://mitehuacan.mx/?ruta=ajalpan
1,Reparacion De Aparatos Electronicos Sin Nombre,electrónica,5,18.378751,-97.257395,https://mitehuacan.mx/?ruta=ajalpan
1,Reparacion De Celulares Digital Prone,electrónica,6,18.378874,-97.258263,https://mitehuacan.mx/?ruta=ajalpan
1,Reparacion De Celulares Sin Nombre,electrónica,6,18.379855,-97.262426,https://mitehuacan.mx/?ruta=ajalpan
1,Reparacion De Celulares Y Venta De Accesorios Servicel,electrónica,6,18.379275,-97.260751,https://mitehuacan.mx/?ruta=ajalpan
1,Planet Movil Repair,electrónica,7,18.377935,-97.259822,https://mitehuacan.mx/?ruta=ajalpan
1,Reparacion De Copiadoras,electrónica,7,18.46472,-97.383874,https://mitehuacan.mx/?ruta=ajalpan
1,Servicios De Computadoras Tehuacan,electrónica,7,18.462891,-97.388139,https://mitehuacan.mx/?ruta=ajalpan
1,Empresa Juanitos Yons,electrónica,10,18.378838,-97.264541,https://mitehuacan.mx/?ruta=ajalpan
1,Maquinitas Tragamonedas,electrónica,20,18.464568,-97.386951,https://mitehuacan.mx/?ruta=ajalpan
1,Tecni-Cell,electrónica,26,18.463106,-97.389438,https://mitehuacan.mx/?ruta=ajalpan
1,Taller De Reparacion De Celulares Loby Reparaciones,electrónica,35,18.46493,-97.390831,https://mitehuacan.mx/?ruta=ajalpan
1,Taller De Reparacion De Pantallas Servicio Digitial,electrónica,39,18.464486,-97.389278,https://mitehuacan.mx/?ruta=ajalpan
1,Reparacion De Telefonos Repara Phone,electrónica,42,18.46485,-97.39091,https://mitehuacan.mx/?ruta=ajalpan
1,Taller De Computadoras,electrónica,49,18.462337,-97.387101,https://mitehuacan.mx/?ruta=ajalpan
1,Maquinitas Sin Nombre,electrónica,63,18.440758,-97.366925,https://mitehuacan.mx/?ruta=ajalpan
1,Reparacion De Celulares Playstore,electrónica,65,18.464253,-97.389402,https://mitehuacan.mx/?ruta=ajalpan
1,Reparacion De Celulares City Cell,electrónica,73,18.46353,-97.389425,https://mitehuacan.mx/?ruta=ajalpan
1,Raito Solutions,electrónica,83,18.461953,-97.384936,https://mitehuacan.mx/?ruta=ajalpan
1,Electronica Gars,electrónica,87,18.461828,-97.382609,https://mitehuacan.mx/?ruta=ajalpan
1,Renta De Videojuegos Xbox,electrónica,87,18.464278,-97.391349,https://mitehuacan.mx/?ruta=ajalpan
1,Taller De Reparacion De Celulares Sin Nombre,electrónica,87,18.46426,-97.39135,https://mitehuacan.mx/?ruta=ajalpan
1,Servicio De Maquinitas De Videojuegos,electrónica,88,18.464061,-97.391353,https://mitehuacan.mx/?ruta=ajalpan
1,N Soluciones,electrónica,89,18.464957,-97.391343,https://mitehuacan.mx/?ruta=ajalpan
1,Servicio De Reparacion Yo Reparo,electrónica,89,18.463676,-97.38942,https://mitehuacan.mx/?ruta=ajalpan
1,Servicio De Reparacion De Celulares Alfa Cell,electrónica,91,18.4634,-97.391366,https://mitehuacan.mx/?ruta=ajalpan
1,Renta De Videojuegos Y Maquinitas Sin Nombre,electrónica,92,18.464006,-97.389409,https://mitehuacan.mx/?ruta=ajalpan
1,Compra Venta De Accesorios Para Celular Cell Partes Puebla,electrónica,93,18.464001,-97.389409,https://mitehuacan.mx/?ruta=ajalpan
1,Reparacion De Celulares Fixcel,electrónica,97,18.463744,-97.389291,https://mitehuacan.mx/?ruta=ajalpan
1,Servicio De Reparacion De Celulares Celular Center,electrónica,97,18.464392,-97.391452,https://mitehuacan.mx/?ruta=ajalpan
1,Reparacion Celulares Megatronic,electrónica,98,18.461891,-97.38703,https://mitehuacan.mx/?ruta=ajalpan
1,Compra Venta De Electrodomesticos,electrónica,99,18.464644,-97.39145,https://mitehuacan.mx/?ruta=ajalpan
1,Mantenimiento Y Reparacion De Computadoras Y Laptops Megaton,electrónica,99,18.464815,-97.391448,https://mitehuacan.mx/?ruta=ajalpan
1,Meaven S Tinteh Servicio Tecnico De Reparacion De Impresoras,electrónica,99,18.464806,-97.391448,https://mitehuacan.mx/?ruta=ajalpan
1,Mega Toners,electrónica,99,18.464843,-97.391448,https://mitehuacan.mx/?ruta=ajalpan
1,Compu cell,electrónica,99,18.464465,-97.391463,https://mitehuacan.mx/?ruta=ajalpan
1,7375 Mega Tehuacan Calle 3,electrónica,100,18.463832,-97.391461,https://mitehuacan.mx/?ruta=ajalpan
1,Muebles San Pablo,electrónica,106,18.422582,-97.341018,https://mitehuacan.mx/?ruta=ajalpan
1,Soluciones En Informaticas Ticom,electrónica,112,18.380846,-97.264787,https://mitehuacan.mx/?ruta=ajalpan
1,Reparacion De Celulaes Y Servicio Tecnico,electrónica,121,18.462345,-97.391493,https://mitehuacan.mx/?ruta=ajalpan
1,Reparacion Y Celulares Tom,electrónica,122,18.463717,-97.379862,https://mitehuacan.mx/?ruta=ajalpan
1,Videojuegos Sin Nombre,electrónica,126,18.461948,-97.391178,https://mitehuacan.mx/?ruta=ajalpan
1,Taller De Reparacion Electronica Arce,electrónica,138,18.465911,-97.38391,https://mitehuacan.mx/?ruta=ajalpan
1,Taller De Sistemas Audio Fuentes,electrónica,140,18.461486,-97.386431,https://mitehuacan.mx/?ruta=ajalpan
1,Renta De Xbox,electrónica,141,18.461573,-97.389661,https://mitehuacan.mx/?ruta=ajalpan
1,Electronica Yañez,electrónica,142,18.377578,-97.265095,https://mitehuacan.mx/?ruta=ajalpan
1,Maquinitas Juegos Sin Nombre,electrónica,142,18.461579,-97.390071,https://mitehuacan.mx/?ruta=ajalpan
1,Maquinitas Sin Nombre,electrónica,142,18.374544,-97.291843,https://mitehuacan.mx/?ruta=ajalpan
1,Ligth Print Soluciones Graficas,electrónica,145,18.380588,-97.26082,https://mitehuacan.mx/?ruta=ajalpan
1,Ballesteros Barber Shop,estética,1,18.46484,-97.390341,https://mitehuacan.mx/?ruta=ajalpan
1,Barberia Ballesteros Barber Shop,estética,1,18.464832,-97.389924,https://mitehuacan.mx/?ruta=ajalpan
1,Estetica Chelys,estética,1,18.464832,-97.389886,https://mitehuacan.mx/?ruta=ajalpan
1,Estetica Sin Nombre,estética,1,18.464748,-97.387147,https://mitehuacan.mx/?ruta=ajalpan
1,Peluqueria Barber Shop,estética,1,18.462617,-97.382342,https://mitehuacan.mx/?ruta=ajalpan
1,Servicio De Tatuajes Ramons Tattoo,estética,1,18.464835,-97.390085,https://mitehuacan.mx/?ruta=ajalpan
1,Spa Oh My Lashes,estética,1,18.464835,-97.390085,https://mitehuacan.mx/?ruta=ajalpan
1,Barberia Mamalon,estética,2,18.464826,-97.389582,https://mitehuacan.mx/?ruta=ajalpan
1,Barber Shop Urban Kins,estética,3,18.379842,-97.264018,https://mitehuacan.mx/?ruta=ajalpan
1,Decoracion De Uñas Sin Nombre,estética,4,18.462778,-97.388304,https://mitehuacan.mx/?ruta=ajalpan
1,Estetica Destellos Salon,estética,4,18.462715,-97.381618,https://mitehuacan.mx/?ruta=ajalpan
1,Peluqueria Garcia,estética,4,18.378972,-97.259415,https://mitehuacan.mx/?ruta=ajalpan
1,Barberia Barber Flows,estética,6,18.440921,-97.366295,https://mitehuacan.mx/?ruta=ajalpan
1,Estetica Unisex Advance,estética,6,18.464435,-97.382595,https://mitehuacan.mx/?ruta=ajalpan
1,Nails Laura Barbosa,estética,6,18.378784,-97.258531,https://mitehuacan.mx/?ruta=ajalpan
1,Tatuajes Tattoo Club,estética,6,18.378851,-97.257145,https://mitehuacan.mx/?ruta=ajalpan
1,The Barber Cool,estética,6,18.419934,-97.334288,https://mitehuacan.mx/?ruta=ajalpan
1,Barberia 3G,estética,7,18.380268,-97.263788,https://mitehuacan.mx/?ruta=ajalpan
1,Barberia Merimar,estética,7,18.464906,-97.389504,https://mitehuacan.mx/?ruta=ajalpan
1,Salon De Belleza Divine,estética,7,18.464896,-97.389163,https://mitehuacan.mx/?ruta=ajalpan
1,Barbara Nery Salon De Belleza,estética,8,18.464812,-97.386642,https://mitehuacan.mx/?ruta=ajalpan
1,Barberia Gallardo,estética,8,18.462879,-97.387684,https://mitehuacan.mx/?ruta=ajalpan
1,Barberia Shop Jr,estética,8,18.378834,-97.263887,https://mitehuacan.mx/?ruta=ajalpan
1,Beauty Uñas Yaneka,estética,8,18.422092,-97.337583,https://mitehuacan.mx/?ruta=ajalpan
1,Estetica Athelier,estética,8,18.464917,-97.390092,https://mitehuacan.mx/?ruta=ajalpan
1,Estetica Mago,estética,8,18.464912,-97.389855,https://mitehuacan.mx/?ruta=ajalpan
1,Peluqueria El Diamante,estética,8,18.464809,-97.386414,https://mitehuacan.mx/?ruta=ajalpan
1,Estetica Mariel,estética,9,18.462835,-97.386101,https://mitehuacan.mx/?ruta=ajalpan
1,Estetica Maybelin,estética,9,18.464802,-97.385807,https://mitehuacan.mx/?ruta=ajalpan
1,Arte 13 Tattoo,estética,10,18.462819,-97.385514,https://mitehuacan.mx/?ruta=ajalpan
1,Don Kortez Esquileria Profesional,estética,10,18.377997,-97.257153,https://mitehuacan.mx/?ruta=ajalpan
1,Manhattan Studio,estética,12,18.464926,-97.390594,https://mitehuacan.mx/?ruta=ajalpan
1,Estetica Sin Nombre,estética,17,18.46465,-97.388408,https://mitehuacan.mx/?ruta=ajalpan
1,Estudio De Arte Utopia Studio,estética,17,18.462859,-97.390654,https://mitehuacan.mx/?ruta=ajalpan
1,Perforaciones Para El Cuerpo Teocalli,estética,17,18.462859,-97.390654,https://mitehuacan.mx/?ruta=ajalpan
1,Salon De Belleza Sin Nombre,estética,17,18.440691,-97.366463,https://mitehuacan.mx/?ruta=ajalpan
1,Tatoos Y Piercing Hackalo,estética,17,18.462859,-97.390654,https://mitehuacan.mx/?ruta=ajalpan
1,Estetica Aries,estética,20,18.377694,-97.259029,https://mitehuacan.mx/?ruta=ajalpan
1,Peluqueria El Varon,estética,20,18.46488,-97.384728,https://mitehuacan.mx/?ruta=ajalpan
1,Estetica Valeria,estética,24,18.377653,-97.260015,https://mitehuacan.mx/?ruta=ajalpan
1,Barberia Barber,estética,25,18.462391,-97.382663,https://mitehuacan.mx/?ruta=ajalpan
1,Barberia Kings,estética,25,18.464928,-97.390737,https://mitehuacan.mx/?ruta=ajalpan
1,Humaga Tattoo,estética,26,18.440092,-97.366407,https://mitehuacan.mx/?ruta=ajalpan
1,Estetica Unisex Sin Nombre,estética,27,18.37812,-97.259048,https://mitehuacan.mx/?ruta=ajalpan
1,Peluqueria Sin Nombre,estética,27,18.379092,-97.25542,https://mitehuacan.mx/?ruta=ajalpan
1,Estetica Nicte-Ha,estética,31,18.464469,-97.386953,https://mitehuacan.mx/?ruta=ajalpan
1,Salon Anny Rouu,estética,33,18.440558,-97.366589,https://mitehuacan.mx/?ruta=ajalpan
1,Barberia Crisis Estudio,estética,34,18.462977,-97.390812,https://mitehuacan.mx/?ruta=ajalpan
1,Servicio De Tatuajes Perforaciones Barberia Crisis Estudio,estética,34,18.462977,-97.390812,https://mitehuacan.mx/?ruta=ajalpan
1,Estetica Aurora,estética,42,18.465106,-97.385868,https://mitehuacan.mx/?ruta=ajalpan
1,Aplicacion De Uñas Shey Nails,estética,44,18.464405,-97.388419,https://mitehuacan.mx/?ruta=ajalpan
1,Estetica Anita,estética,46,18.379224,-97.258156,https://mitehuacan.mx/?ruta=ajalpan
1,Barber Shop Barracuda,estética,47,18.464932,-97.390945,https://mitehuacan.mx/?ruta=ajalpan
1,Estetica Y Regalos Edith,estética,47,18.378366,-97.256508,https://mitehuacan.mx/?ruta=ajalpan
1,Estetica Unisex Maty,estética,48,18.462203,-97.383323,https://mitehuacan.mx/?ruta=ajalpan
1,Estetica Unisex Interbel,estética,51,18.462495,-97.390763,https://mitehuacan.mx/?ruta=ajalpan
1,Estudio Marck Davila,estética,54,18.378451,-97.264107,https://mitehuacan.mx/?ruta=ajalpan
1,Estetica Sin Nombre,estética,58,18.377427,-97.256318,https://mitehuacan.mx/?ruta=ajalpan
1,Estetica Sin Nombre,estética,61,18.379372,-97.258269,https://mitehuacan.mx/?ruta=ajalpan
1,Estetica Club Fashion,estética,64,18.379645,-97.260044,https://mitehuacan.mx/?ruta=ajalpan
1,Estetica Unisex Vicky,estética,64,18.462038,-97.382671,https://mitehuacan.mx/?ruta=ajalpan
1,Estetica Juquilita,estética,67,18.374847,-97.295674,https://mitehuacan.mx/?ruta=ajalpan
1,Salon De Belleza My Dreams,estética,67,18.377346,-97.25631,https://mitehuacan.mx/?ruta=ajalpan
1,Salon De Belleza Y Barberia My Dreans,estética,67,18.377346,-97.25631,https://mitehuacan.mx/?ruta=ajalpan
1,Barberia Charly,estética,70,18.378295,-97.264059,https://mitehuacan.mx/?ruta=ajalpan
1,Sala De Belleza Hair Studio,estética,72,18.377372,-97.261191,https://mitehuacan.mx/?ruta=ajalpan
1,Estetica Bris,estética,73,18.441119,-97.367108,https://mitehuacan.mx/?ruta=ajalpan
1,Barberia Sin Nombre,estética,76,18.423993,-97.34009,https://mitehuacan.mx/?ruta=ajalpan
1,Cambio De Imagen Yaz Estetica Unisex,estética,78,18.441303,-97.367207,https://mitehuacan.mx/?ruta=ajalpan
1,Ponte Bella,estética,78,18.378236,-97.264145,https://mitehuacan.mx/?ruta=ajalpan
1,Estitica Unisex Estilo Y Color,estética,79,18.463581,-97.389293,https://mitehuacan.mx/?ruta=ajalpan
1,Tatuates Salazar,estética,79,18.374708,-97.295997,https://mitehuacan.mx/?ruta=ajalpan
1,Barber Shop Y Estetica Lili,estética,80,18.377257,-97.255655,https://mitehuacan.mx/?ruta=ajalpan
1,Estetica Vero,estética,80,18.442789,-97.368408,https://mitehuacan.mx/?ruta=ajalpan
1,Estetica Centro De Imagen Gracia,estética,85,18.441769,-97.367646,https://mitehuacan.mx/?ruta=ajalpan
1,Barberia Garccia,estética,88,18.377083,-97.259311,https://mitehuacan.mx/?ruta=ajalpan
1,Estetica Fashion Nails,estética,88,18.464695,-97.391345,https://mitehuacan.mx/?ruta=ajalpan
1,Lia Cosmetic,estética,88,18.377087,-97.258695,https://mitehuacan.mx/?ruta=ajalpan
1,Salon De Belleza La Bella Rose,estética,90,18.465021,-97.391342,https://mitehuacan.mx/?ruta=ajalpan
1,Barberia Bronx,estética,92,18.463319,-97.391369,https://mitehuacan.mx/?ruta=ajalpan
1,Estetica Sin Nombre,estética,98,18.379676,-97.256842,https://mitehuacan.mx/?ruta=ajalpan
1,Salon De Belleza Anna,estética,98,18.463874,-97.387047,https://mitehuacan.mx/?ruta=ajalpan
1,Estetica Blanca Yanet,estética,99,18.377058,-97.260858,https://mitehuacan.mx/?ruta=ajalpan
1,Instituto De Belleza Essence,estética,100,18.465744,-97.389265,https://mitehuacan.mx/?ruta=ajalpan
1,Estetica Unisex,estética,103,18.374471,-97.296171,https://mitehuacan.mx/?ruta=ajalpan
1,Peluqueria Mundo,estética,103,18.465649,-97.385855,https://mitehuacan.mx/?ruta=ajalpan
1,Drean Lashes Aplicacion De Pestañas,estética,107,18.465702,-97.386422,https://mitehuacan.mx/?ruta=ajalpan
1,Decoracion De Uñas Estudio De Uñas Nancy Robles,estética,110,18.465826,-97.389265,https://mitehuacan.mx/?ruta=ajalpan
1,Peluqueria Sin Nombre,estética,111,18.380118,-97.265032,https://mitehuacan.mx/?ruta=ajalpan
1,Salon De Belleza Divaos,estética,111,18.461776,-97.387107,https://mitehuacan.mx/?ruta=ajalpan
1,Estetica Estrella,estética,112,18.377283,-97.254791,https://mitehuacan.mx/?ruta=ajalpan
1,Estetica Blanquita,estética,113,18.376967,-97.255491,https://mitehuacan.mx/?ruta=ajalpan
1,Tatuajes Aruma Coi,estética,113,18.462305,-97.391382,https://mitehuacan.mx/?ruta=ajalpan
1,Estetica Sanlops,estética,114,18.465882,-97.390277,https://mitehuacan.mx/?ruta=ajalpan
1,Salon De Belleza Beauty Center,estética,114,18.441507,-97.365384,https://mitehuacan.mx/?ruta=ajalpan
1,Estetica Paris,estética,116,18.462269,-97.391382,https://mitehuacan.mx/?ruta=ajalpan
1,Estetica Unisex Sin Nombre,estética,117,18.377831,-97.264777,https://mitehuacan.mx/?ruta=ajalpan
1,Peluqueria Sin Nombre,estética,117,18.465889,-97.389196,https://mitehuacan.mx/?ruta=ajalpan
1,Estetica Areli,estética,124,18.440635,-97.36508,https://mitehuacan.mx/?ruta=ajalpan
1,Estetica Glamur,estética,124,18.465872,-97.386943,https://mitehuacan.mx/?ruta=ajalpan
1,Lashista Yeñes,estética,124,18.374657,-97.292361,https://mitehuacan.mx/?ruta=ajalpan
1,Masajes Faciales Clinica Spa,estética,124,18.376751,-97.258982,https://mitehuacan.mx/?ruta=ajalpan
1,Estetica Kary Rios,estética,125,18.46597,-97.389449,https://mitehuacan.mx/?ruta=ajalpan
1,Estetica Unisex Viridiana,estética,125,18.377525,-97.263311,https://mitehuacan.mx/?ruta=ajalpan
1,Salon De Belleza Aries,estética,125,18.4615,-97.383253,https://mitehuacan.mx/?ruta=ajalpan
1,Estetica Valery,estética,126,18.464659,-97.381324,https://mitehuacan.mx/?ruta=ajalpan
1,Peluqueria La Unica,estética,128,18.46587,-97.385544,https://mitehuacan.mx/?ruta=ajalpan
1,Salon De Belleza Sin Nombre,estética,128,18.461233,-97.376817,https://mitehuacan.mx/?ruta=ajalpan
1,Estetica Unisex Jazmin,estética,131,18.465821,-97.382879,https://mitehuacan.mx/?ruta=ajalpan
1,Estetica Unisex Lupita,estética,132,18.377737,-97.264147,https://mitehuacan.mx/?ruta=ajalpan
1,Peluqueria Y Estetica El Gran Tocador,estética,135,18.465781,-97.391335,https://mitehuacan.mx/?ruta=ajalpan
1,Salon De Belleza Hortensia,estética,137,18.442751,-97.365734,https://mitehuacan.mx/?ruta=ajalpan
1,Estetica Arelyn,estética,138,18.465897,-97.383436,https://mitehuacan.mx/?ruta=ajalpan
1,Estetica Sin Nombre,estética,138,18.465874,-97.382375,https://mitehuacan.mx/?ruta=ajalpan
1,Peluqueria El Arte,estética,142,18.461577,-97.389939,https://mitehuacan.mx/?ruta=ajalpan
1,Estetica Unisex Amyxol,estética,147,18.37712,-97.262752,https://mitehuacan.mx/?ruta=ajalpan
1,Farmacia De Apoyo,farmacia,0,18.462533,-97.380049,https://mitehuacan.mx/?ruta=ajalpan
1,Farmacia Sr De Coculco,farmacia,1,18.37895,-97.264158,https://mitehuacan.mx/?ruta=ajalpan
1,Mi Farmacia San Juan Bautista,farmacia,3,18.378924,-97.25918,https://mitehuacan.mx/?ruta=ajalpan
1,Farmacia El Pastillas,farmacia,4,18.377918,-97.258704,https://mitehuacan.mx/?ruta=ajalpan
1,Farmacia Inova,farmacia,4,18.375798,-97.291897,https://mitehuacan.mx/?ruta=ajalpan
1,Farmacia Y Abarrotes Gemesa,farmacia,4,18.377925,-97.256153,https://mitehuacan.mx/?ruta=ajalpan
1,Venta De Medicamentos Farmacia De La Economia,farmacia,4,18.462787,-97.388598,https://mitehuacan.mx/?ruta=ajalpan
1,Farmacia De Apoyo Sucursal 27,farmacia,5,18.377836,-97.260187,https://mitehuacan.mx/?ruta=ajalpan
1,Farmacia Farma Ayuda,farmacia,5,18.378749,-97.256617,https://mitehuacan.mx/?ruta=ajalpan
1,Farmacias Similares,farmacia,5,18.377823,-97.259715,https://mitehuacan.mx/?ruta=ajalpan
1,Farma Ayuda,farmacia,6,18.379205,-97.260459,https://mitehuacan.mx/?ruta=ajalpan
1,Farmacia De Apoyo Sucursal 25,farmacia,7,18.378229,-97.262024,https://mitehuacan.mx/?ruta=ajalpan
1,Farmacia Nancy,farmacia,7,18.420427,-97.334833,https://mitehuacan.mx/?ruta=ajalpan
1,Farmacias Similares,farmacia,7,18.462888,-97.388024,https://mitehuacan.mx/?ruta=ajalpan
1,Farmacia De Apoyo,farmacia,8,18.462948,-97.389595,https://mitehuacan.mx/?ruta=ajalpan
1,Farmacia De Apoyo Sucursal 24,farmacia,8,18.462946,-97.389518,https://mitehuacan.mx/?ruta=ajalpan
1,Farmacias Similares,farmacia,8,18.378109,-97.261671,https://mitehuacan.mx/?ruta=ajalpan
1,Farmacia Farma Pronto Ajalpan,farmacia,9,18.378631,-97.263198,https://mitehuacan.mx/?ruta=ajalpan
1,Farmacia San Diego,farmacia,10,18.440535,-97.366163,https://mitehuacan.mx/?ruta=ajalpan
1,Farmacia de Apoyo,farmacia,12,18.46298,-97.389497,https://mitehuacan.mx/?ruta=ajalpan
1,Farmacia Del Mercado,farmacia,31,18.378311,-97.261121,https://mitehuacan.mx/?ruta=ajalpan
1,Farmacias La Luz,farmacia,31,18.46503,-97.386944,https://mitehuacan.mx/?ruta=ajalpan
1,Farmacia Juquilita,farmacia,46,18.378161,-97.275208,https://mitehuacan.mx/?ruta=ajalpan
1,Farmacia Maria De Jesus,farmacia,46,18.441289,-97.366892,https://mitehuacan.mx/?ruta=ajalpan
1,Farmacia Farma Mas,farmacia,55,18.379208,-97.262321,https://mitehuacan.mx/?ruta=ajalpan
1,Farmacia Optima,farmacia,58,18.464232,-97.386957,https://mitehuacan.mx/?ruta=ajalpan
1,Farmacia Coculco,farmacia,66,18.378342,-97.264126,https://mitehuacan.mx/?ruta=ajalpan
1,Farmacia Royal,farmacia,85,18.442679,-97.368394,https://mitehuacan.mx/?ruta=ajalpan
1,Farmacia De Apoyo Sucursal 26,farmacia,91,18.463361,-97.391368,https://mitehuacan.mx/?ruta=ajalpan
1,Farmacia San Pablo,farmacia,92,18.422806,-97.341203,https://mitehuacan.mx/?ruta=ajalpan
1,Distribuidora Farmaceutica Del Centro,farmacia,97,18.379715,-97.25849,https://mitehuacan.mx/?ruta=ajalpan
1,Farmacia Mh Farma,farmacia,101,18.465024,-97.391446,https://mitehuacan.mx/?ruta=ajalpan
1,Farmacia Tu Esperanza,farmacia,109,18.441235,-97.365365,https://mitehuacan.mx/?ruta=ajalpan
1,Farmacias Similares,farmacia,109,18.462989,-97.391527,https://mitehuacan.mx/?ruta=ajalpan
1,Farmacias Similares,farmacia,127,18.461701,-97.389463,https://mitehuacan.mx/?ruta=ajalpan
1,Farmacia Damartz,farmacia,130,18.461248,-97.377557,https://mitehuacan.mx/?ruta=ajalpan
1,Abc Ferreteria,ferretería,1,18.462816,-97.382649,https://mitehuacan.mx/?ruta=ajalpan
1,Ferreteria El Ferretero,ferretería,2,18.462839,-97.389925,https://mitehuacan.mx/?ruta=ajalpan
1,El Ferretero,ferretería,3,18.462812,-97.389317,https://mitehuacan.mx/?ruta=ajalpan
1,Ferremateriales Rosy,ferretería,3,18.421124,-97.336116,https://mitehuacan.mx/?ruta=ajalpan
1,Ferreteria Flomas,ferretería,3,18.375457,-97.295389,https://mitehuacan.mx/?ruta=ajalpan
1,Ferreteria Sin Nombre,ferretería,3,18.42314,-97.340002,https://mitehuacan.mx/?ruta=ajalpan
1,Ferreteria Y Tlapaleria Del Mercado,ferretería,3,18.462853,-97.390474,https://mitehuacan.mx/?ruta=ajalpan
1,Multi Acabados De Mexico,ferretería,4,18.375906,-97.290927,https://mitehuacan.mx/?ruta=ajalpan
1,Ferreteria Del Pino,ferretería,6,18.379156,-97.260253,https://mitehuacan.mx/?ruta=ajalpan
1,Materiales Para Construccion San Diego,ferretería,6,18.441331,-97.366397,https://mitehuacan.mx/?ruta=ajalpan
1,Ferre Kaliss,ferretería,7,18.377814,-97.259409,https://mitehuacan.mx/?ruta=ajalpan
1,Ferremateriales La Hormiga,ferretería,7,18.442191,-97.36687,https://mitehuacan.mx/?ruta=ajalpan
1,Ferreteria Caysma,ferretería,7,18.37882,-97.26382,https://mitehuacan.mx/?ruta=ajalpan
1,Aceros Rm Puebla,ferretería,8,18.438621,-97.36573,https://mitehuacan.mx/?ruta=ajalpan
1,Ferremateriales,ferretería,8,18.446129,-97.369249,https://mitehuacan.mx/?ruta=ajalpan
1,Ferreteria Del Centro,ferretería,8,18.378012,-97.25651,https://mitehuacan.mx/?ruta=ajalpan
1,Ferreteria El Ferretero,ferretería,8,18.464915,-97.389396,https://mitehuacan.mx/?ruta=ajalpan
1,Tornillera De Tehuacan,ferretería,8,18.462879,-97.387694,https://mitehuacan.mx/?ruta=ajalpan
1,Irrinova,ferretería,13,18.376265,-97.298661,https://mitehuacan.mx/?ruta=ajalpan
1,Materiales EL TRIUNFO,ferretería,14,18.462829,-97.382531,https://mitehuacan.mx/?ruta=ajalpan
1,Aceros De Ajalpan,ferretería,17,18.379023,-97.258978,https://mitehuacan.mx/?ruta=ajalpan
1,Ferreteria Americana,ferretería,19,18.462606,-97.387019,https://mitehuacan.mx/?ruta=ajalpan
1,Ferreteria Del Mercado,ferretería,38,18.37899,-97.261273,https://mitehuacan.mx/?ruta=ajalpan
1,Ferreteria El Proveedor Ferretero,ferretería,39,18.46322,-97.389308,https://mitehuacan.mx/?ruta=ajalpan
1,Ferreteria Mexico,ferretería,39,18.46322,-97.389308,https://mitehuacan.mx/?ruta=ajalpan
1,Tornilleria Y Hules Tehuacan,ferretería,44,18.462382,-97.3871,https://mitehuacan.mx/?ruta=ajalpan
1,Ferreteria King,ferretería,64,18.46426,-97.389282,https://mitehuacan.mx/?ruta=ajalpan
1,Ferretera Arriaga,ferretería,65,18.462252,-97.389331,https://mitehuacan.mx/?ruta=ajalpan
1,Electrica Codesa,ferretería,67,18.462332,-97.390762,https://mitehuacan.mx/?ruta=ajalpan
1,Aceros Y Materiales La Asuncion,ferretería,75,18.379225,-97.25498,https://mitehuacan.mx/?ruta=ajalpan
1,Centro Ferrelectrico Cefemsa,ferretería,78,18.464936,-97.391239,https://mitehuacan.mx/?ruta=ajalpan
1,Fereeelectrica E Iluminacion Coculco,ferretería,117,18.377797,-97.265142,https://mitehuacan.mx/?ruta=ajalpan
1,Tienda De Novedades Casa Andrea,ferretería,117,18.461939,-97.390998,https://mitehuacan.mx/?ruta=ajalpan
1,Ferre Sur,ferretería,131,18.440692,-97.367573,https://mitehuacan.mx/?ruta=ajalpan
1,Ferreteria Juarez,ferretería,150,18.375494,-97.299985,https://mitehuacan.mx/?ruta=ajalpan
1,Hotel Posada Del Viajero,hotel,4,18.462792,-97.388806,https://mitehuacan.mx/?ruta=ajalpan
1,Hotel Ruth,hotel,4,18.375863,-97.291317,https://mitehuacan.mx/?ruta=ajalpan
1,Hotel Belen,hotel,7,18.464896,-97.389134,https://mitehuacan.mx/?ruta=ajalpan
1,Motel La Cascada,hotel,7,18.446811,-97.369603,https://mitehuacan.mx/?ruta=ajalpan
1,Hotel Casa Amador,hotel,8,18.462867,-97.387258,https://mitehuacan.mx/?ruta=ajalpan
1,Hotel Milos,hotel,19,18.378828,-97.26684,https://mitehuacan.mx/?ruta=ajalpan
1,Motel Monte Carlo,hotel,30,18.46215,-97.377481,https://mitehuacan.mx/?ruta=ajalpan
1,Hotel El Campanario,hotel,77,18.462149,-97.389459,https://mitehuacan.mx/?ruta=ajalpan
1,Hotel Luxor,hotel,77,18.465447,-97.38694,https://mitehuacan.mx/?ruta=ajalpan
1,Motel Rapid Inn,hotel,86,18.376469,-97.293382,https://mitehuacan.mx/?ruta=ajalpan
1,Hotel San Angel,hotel,88,18.37708,-97.259501,https://mitehuacan.mx/?ruta=ajalpan
1,Ph Hotel,hotel,92,18.463201,-97.391374,https://mitehuacan.mx/?ruta=ajalpan
1,Hotel San Miguel,hotel,97,18.464435,-97.391452,https://mitehuacan.mx/?ruta=ajalpan
1,Hotel Alejandrina,hotel,123,18.465881,-97.390939,https://mitehuacan.mx/?ruta=ajalpan
1,Hotel Plaza Iberia,hotel,131,18.462996,-97.391731,https://mitehuacan.mx/?ruta=ajalpan
1,Hotel Casa Del Prado,hotel,142,18.461576,-97.389853,https://mitehuacan.mx/?ruta=ajalpan
1,Axalpan Construcciones Proyectos Imbobilarios S.A De R.L. C.,inmobiliaria,3,18.378768,-97.257688,https://mitehuacan.mx/?ruta=ajalpan
1,Continental Bienes Raices,inmobiliaria,3,18.378769,-97.257622,https://mitehuacan.mx/?ruta=ajalpan
1,Compra Venta De Terrenos Sin Nombre,inmobiliaria,4,18.375526,-97.29533,https://mitehuacan.mx/?ruta=ajalpan
1,Venta De Lotes,inmobiliaria,5,18.444748,-97.368782,https://mitehuacan.mx/?ruta=ajalpan
1,Bienes Y Raices Romero,inmobiliaria,6,18.377927,-97.259581,https://mitehuacan.mx/?ruta=ajalpan
1,Inmoviliaria Fincasa,inmobiliaria,7,18.462927,-97.3892,https://mitehuacan.mx/?ruta=ajalpan
1,Grupo Inmobiliario La Union,inmobiliaria,8,18.462867,-97.387239,https://mitehuacan.mx/?ruta=ajalpan
1,Venta De Terrenos Palma,inmobiliaria,17,18.462859,-97.390654,https://mitehuacan.mx/?ruta=ajalpan
1,Inmobiliaria Jd,inmobiliaria,37,18.378217,-97.26013,https://mitehuacan.mx/?ruta=ajalpan
1,Inmobiliaria Grupo Independiente De Remates,inmobiliaria,71,18.462287,-97.390762,https://mitehuacan.mx/?ruta=ajalpan
1,Compañia De Telefonos Y Bienes Raices,inmobiliaria,78,18.465401,-97.384689,https://mitehuacan.mx/?ruta=ajalpan
1,Casa Blanca Inmobiliaria,inmobiliaria,92,18.463319,-97.391369,https://mitehuacan.mx/?ruta=ajalpan
1,Inmobiliaria Cruz,inmobiliaria,116,18.462269,-97.391382,https://mitehuacan.mx/?ruta=ajalpan
1,Talacheria Barritas Tires Service,llantera,0,18.462397,-97.376913,https://mitehuacan.mx/?ruta=ajalpan
1,Talacheria Independencia,llantera,0,18.462587,-97.381195,https://mitehuacan.mx/?ruta=ajalpan
1,Talacheria Independencia,llantera,1,18.462634,-97.382968,https://mitehuacan.mx/?ruta=ajalpan
1,Multiservicio La Frontera,llantera,2,18.378172,-97.270899,https://mitehuacan.mx/?ruta=ajalpan
1,Talacheria El Ruedas,llantera,3,18.44345,-97.368,https://mitehuacan.mx/?ruta=ajalpan
1,Talacheria Gonzalez,llantera,3,18.375385,-97.297721,https://mitehuacan.mx/?ruta=ajalpan
1,Talacheria El Flaco,llantera,4,18.375764,-97.292211,https://mitehuacan.mx/?ruta=ajalpan
1,Vulcanizadora Zarzgoza,llantera,4,18.375889,-97.291078,https://mitehuacan.mx/?ruta=ajalpan
1,Llantera Roman,llantera,5,18.375669,-97.294026,https://mitehuacan.mx/?ruta=ajalpan
1,Talacheria San Diego,llantera,5,18.44123,-97.366374,https://mitehuacan.mx/?ruta=ajalpan
1,Vulcanizadora Ajalpan,llantera,5,18.378815,-97.265131,https://mitehuacan.mx/?ruta=ajalpan
1,Llantera Peña,llantera,6,18.375767,-97.29831,https://mitehuacan.mx/?ruta=ajalpan
1,Vulcanizadora La Llanta,llantera,10,18.462519,-97.381535,https://mitehuacan.mx/?ruta=ajalpan
1,Talacheria El Tecolote,llantera,13,18.377107,-97.299281,https://mitehuacan.mx/?ruta=ajalpan
1,Llantera Masan,llantera,14,18.378033,-97.29994,https://mitehuacan.mx/?ruta=ajalpan
1,Vitalizadora La Union,llantera,69,18.462178,-97.388102,https://mitehuacan.mx/?ruta=ajalpan
1,Taller De Talacheria Sin Nombre,llantera,118,18.465766,-97.384663,https://mitehuacan.mx/?ruta=ajalpan
1,Venta De Llantas Sin Nombre,llantera,148,18.461412,-97.386367,https://mitehuacan.mx/?ruta=ajalpan
1,Taller De Tapiceria Sin Nombre,muebles,0,18.464738,-97.386464,https://mitehuacan.mx/?ruta=ajalpan
1,Carpinteria Sin Nombre,muebles,1,18.464721,-97.385127,https://mitehuacan.mx/?ruta=ajalpan
1,Tapiceria Diaz,muebles,2,18.464825,-97.389507,https://mitehuacan.mx/?ruta=ajalpan
1,Muebleria Bruno,muebles,4,18.462638,-97.37977,https://mitehuacan.mx/?ruta=ajalpan
1,Carpinteria Diseños Vaset,muebles,5,18.378943,-97.264832,https://mitehuacan.mx/?ruta=ajalpan
1,Carpinteria Martinez,muebles,5,18.437636,-97.36542,https://mitehuacan.mx/?ruta=ajalpan
1,Muebleria Garcia,muebles,5,18.379105,-97.260453,https://mitehuacan.mx/?ruta=ajalpan
1,Carpinteria Sin Nombre,muebles,6,18.464692,-97.382727,https://mitehuacan.mx/?ruta=ajalpan
1,Diseño Asesoria Y Construcciones De Tehiuacan,muebles,6,18.377926,-97.259529,https://mitehuacan.mx/?ruta=ajalpan
1,Muebleria Secundino,muebles,9,18.46283,-97.385912,https://mitehuacan.mx/?ruta=ajalpan
1,Muebles Castro,muebles,9,18.423548,-97.341034,https://mitehuacan.mx/?ruta=ajalpan
1,Carpinteria Sin Nombre,muebles,39,18.375319,-97.29348,https://mitehuacan.mx/?ruta=ajalpan
1,Muebles San Pablo,muebles,41,18.423244,-97.34106,https://mitehuacan.mx/?ruta=ajalpan
1,Venta De Muebles Bruno,muebles,55,18.464254,-97.387032,https://mitehuacan.mx/?ruta=ajalpan
1,Articulos Para Tapiceria Anita,muebles,72,18.463522,-97.389425,https://mitehuacan.mx/?ruta=ajalpan
1,Muebleria Secundino,muebles,81,18.464937,-97.391267,https://mitehuacan.mx/?ruta=ajalpan
1,Muebleria Ofilinea,muebles,83,18.465594,-97.38939,https://mitehuacan.mx/?ruta=ajalpan
1,Muebleria Aries,muebles,87,18.378076,-97.265106,https://mitehuacan.mx/?ruta=ajalpan
1,Carpinteria Del Centro,muebles,88,18.377079,-97.259548,https://mitehuacan.mx/?ruta=ajalpan
1,Taller De Carpinteria Javier Martinez,muebles,95,18.461564,-97.377599,https://mitehuacan.mx/?ruta=ajalpan
1,Carpinteria Sin Nombre,muebles,99,18.463766,-97.384093,https://mitehuacan.mx/?ruta=ajalpan
1,Muebleria Romero,muebles,122,18.38014,-97.265131,https://mitehuacan.mx/?ruta=ajalpan
1,Carpinteria Huesca,muebles,128,18.465864,-97.385041,https://mitehuacan.mx/?ruta=ajalpan
1,Muebleria Lupita,muebles,139,18.377565,-97.254311,https://mitehuacan.mx/?ruta=ajalpan
1,Tapiceria Jose Luis,muebles,140,18.46149,-97.386526,https://mitehuacan.mx/?ruta=ajalpan
1,Muebleria Casa Paty,muebles,141,18.381107,-97.264943,https://mitehuacan.mx/?ruta=ajalpan
1,Refacciones Usadas El Puente,refacciones,1,18.462458,-97.378315,https://mitehuacan.mx/?ruta=ajalpan
1,Zona Centro,refacciones,1,18.46265,-97.383602,https://mitehuacan.mx/?ruta=ajalpan
1,Refaccionaria Baltazar,refacciones,2,18.375499,-97.295074,https://mitehuacan.mx/?ruta=ajalpan
1,Refaccionaria Del Ahorro,refacciones,2,18.375474,-97.295729,https://mitehuacan.mx/?ruta=ajalpan
1,Autopartes Avendaño,refacciones,3,18.462729,-97.386494,https://mitehuacan.mx/?ruta=ajalpan
1,Escapes Automotrices Rivera,refacciones,3,18.375367,-97.296719,https://mitehuacan.mx/?ruta=ajalpan
1,Refacciones Usadas Leon,refacciones,3,18.462634,-97.379685,https://mitehuacan.mx/?ruta=ajalpan
1,Suministros Automotrices,refacciones,3,18.462685,-97.384911,https://mitehuacan.mx/?ruta=ajalpan
1,Transmiciones Automaticas San Jorge,refacciones,3,18.462641,-97.379846,https://mitehuacan.mx/?ruta=ajalpan
1,Autozone De Mexico Sucursal 7728,refacciones,4,18.46251,-97.376804,https://mitehuacan.mx/?ruta=ajalpan
1,Excelencia En Audio Auto Boutique,refacciones,4,18.462647,-97.37996,https://mitehuacan.mx/?ruta=ajalpan
1,Refaccionaria Carrera,refacciones,4,18.462698,-97.380983,https://mitehuacan.mx/?ruta=ajalpan
1,Refacciones Usadas Devisto,refacciones,4,18.462686,-97.380755,https://mitehuacan.mx/?ruta=ajalpan
1,Accesorios Elchaparro,refacciones,5,18.375616,-97.29452,https://mitehuacan.mx/?ruta=ajalpan
1,Accesorios Y Autopartes Moreno,refacciones,5,18.380394,-97.263812,https://mitehuacan.mx/?ruta=ajalpan
1,Centro De Distribucion Oriente Tehuacan 2,refacciones,5,18.462449,-97.375457,https://mitehuacan.mx/?ruta=ajalpan
1,Refacciones Usadas Y Nuevas Cayetano,refacciones,5,18.375656,-97.293182,https://mitehuacan.mx/?ruta=ajalpan
1,Auto Accesorios Sosa,refacciones,6,18.377818,-97.259561,https://mitehuacan.mx/?ruta=ajalpan
1,Auto Refacciones Electricas El Arco,refacciones,6,18.378805,-97.265178,https://mitehuacan.mx/?ruta=ajalpan
1,Accesorio Para Autos Sin Nombre,refacciones,7,18.375749,-97.293416,https://mitehuacan.mx/?ruta=ajalpan
1,Refaccionaria Macsa,refacciones,7,18.464889,-97.388878,https://mitehuacan.mx/?ruta=ajalpan
1,Refaccionaria Sin Nombre,refacciones,8,18.378746,-97.300515,https://mitehuacan.mx/?ruta=ajalpan
1,MULTIREFAX,refacciones,8,18.462839,-97.386518,https://mitehuacan.mx/?ruta=ajalpan
1,Balatas De Tehuacan,refacciones,9,18.462837,-97.386177,https://mitehuacan.mx/?ruta=ajalpan
1,Accesorios Para Autos Ferchos,refacciones,10,18.462821,-97.38558,https://mitehuacan.mx/?ruta=ajalpan
1,La Casa Del Chofer,refacciones,10,18.462783,-97.384158,https://mitehuacan.mx/?ruta=ajalpan
1,Partes Automotrices De Emergencia,refacciones,10,18.462968,-97.390195,https://mitehuacan.mx/?ruta=ajalpan
1,Refacciones Cinco De Febrero,refacciones,11,18.462773,-97.383798,https://mitehuacan.mx/?ruta=ajalpan
1,Refacciones La Flechita,refacciones,11,18.462771,-97.383713,https://mitehuacan.mx/?ruta=ajalpan
1,Refaciones Usadas Martinez,refacciones,11,18.462772,-97.38375,https://mitehuacan.mx/?ruta=ajalpan
1,Frenos De Aire Choforo,refacciones,14,18.377729,-97.276497,https://mitehuacan.mx/?ruta=ajalpan
1,Refaccionaria Llanos,refacciones,19,18.441758,-97.366811,https://mitehuacan.mx/?ruta=ajalpan
1,Rafaccionaria Autoelectrica Calva,refacciones,48,18.462346,-97.387101,https://mitehuacan.mx/?ruta=ajalpan
1,Casa Matriz,refacciones,49,18.378352,-97.257268,https://mitehuacan.mx/?ruta=ajalpan
1,Transmisiones Automaticas 25 Sur,refacciones,75,18.461645,-97.375512,https://mitehuacan.mx/?ruta=ajalpan
1,Venta De Accesorios Automotrices Sin Nombre,refacciones,79,18.462063,-97.387029,https://mitehuacan.mx/?ruta=ajalpan
1,Memelas Y Quesadillas Juquila,restaurante,0,18.464739,-97.38654,https://mitehuacan.mx/?ruta=ajalpan
1,Taqueria El Poblanito,restaurante,0,18.462615,-97.382589,https://mitehuacan.mx/?ruta=ajalpan
1,Taqueria Mulullos,restaurante,0,18.462377,-97.376468,https://mitehuacan.mx/?ruta=ajalpan
1,Antojitos Doña Rufi,restaurante,1,18.464723,-97.38525,https://mitehuacan.mx/?ruta=ajalpan
1,Antojitos Flores,restaurante,1,18.464723,-97.38525,https://mitehuacan.mx/?ruta=ajalpan
1,Los Combina2 Taqueria Y Restaurant,restaurante,1,18.462483,-97.378903,https://mitehuacan.mx/?ruta=ajalpan
1,Restaurante De Carnitas El Oasis,restaurante,1,18.375531,-97.294799,https://mitehuacan.mx/?ruta=ajalpan
1,Restaurante Mi Altepexi,restaurante,1,18.376695,-97.299131,https://mitehuacan.mx/?ruta=ajalpan
1,Taqueria El Buen Pastor,restaurante,1,18.379344,-97.261299,https://mitehuacan.mx/?ruta=ajalpan
1,Taqueria Rey De Reyes,restaurante,1,18.462623,-97.38256,https://mitehuacan.mx/?ruta=ajalpan
1,Venta De Antojitos Sin Nombre,restaurante,1,18.462594,-97.38147,https://mitehuacan.mx/?ruta=ajalpan
1,Venta De Comida,restaurante,1,18.4428,-97.367512,https://mitehuacan.mx/?ruta=ajalpan
1,Carnitas El Altepexano,restaurante,2,18.464824,-97.389488,https://mitehuacan.mx/?ruta=ajalpan
1,Carnitas El Porky,restaurante,2,18.464824,-97.389459,https://mitehuacan.mx/?ruta=ajalpan
1,Carnitas Santa Elena,restaurante,2,18.375516,-97.294942,https://mitehuacan.mx/?ruta=ajalpan
1,Cocina Economica Jarochito Poblano,restaurante,2,18.378745,-97.266213,https://mitehuacan.mx/?ruta=ajalpan
1,Cocina Economica La Flor De Veracruz,restaurante,2,18.464827,-97.38962,https://mitehuacan.mx/?ruta=ajalpan
1,Pollos A La Leña El Compadre,restaurante,2,18.378021,-97.260956,https://mitehuacan.mx/?ruta=ajalpan
1,Tacos Arabes Sin Nombre,restaurante,2,18.443176,-97.367799,https://mitehuacan.mx/?ruta=ajalpan
1,Taqueria El Crucero,restaurante,2,18.375421,-97.296187,https://mitehuacan.mx/?ruta=ajalpan
1,Taqueria El Semaforo,restaurante,2,18.37873,-97.26316,https://mitehuacan.mx/?ruta=ajalpan
1,Taqueria Tacontento Dos,restaurante,2,18.375443,-97.296035,https://mitehuacan.mx/?ruta=ajalpan
1,Venta De Antojitos Mexicanos Comedor Mexicano,restaurante,2,18.464826,-97.389582,https://mitehuacan.mx/?ruta=ajalpan
1,Cocina Comida China Jiawang,restaurante,3,18.462734,-97.386683,https://mitehuacan.mx/?ruta=ajalpan
1,Cocina Economica Chonita,restaurante,3,18.443287,-97.367881,https://mitehuacan.mx/?ruta=ajalpan
1,Cocina Economica Sin Nombre,restaurante,3,18.378675,-97.263018,https://mitehuacan.mx/?ruta=ajalpan
1,La Casa De Huarache,restaurante,3,18.462702,-97.385565,https://mitehuacan.mx/?ruta=ajalpan
1,Miscelanea Sin Nombre,restaurante,3,18.376991,-97.29931,https://mitehuacan.mx/?ruta=ajalpan
1,Pollos Guerrero Tehuacán 4,restaurante,3,18.462743,-97.387005,https://mitehuacan.mx/?ruta=ajalpan
1,Rosticeria Martitha,restaurante,3,18.379815,-97.26254,https://mitehuacan.mx/?ruta=ajalpan
1,Tacos Al Pastor Coculco,restaurante,3,18.379761,-97.264022,https://mitehuacan.mx/?ruta=ajalpan
1,Taqueria Sin Nombre,restaurante,3,18.442239,-97.367043,https://mitehuacan.mx/?ruta=ajalpan
1,Venta De Hamburguesas Y Hotdogs,restaurante,3,18.462688,-97.385006,https://mitehuacan.mx/?ruta=ajalpan
1,Venta De Tortas. Torteria Pal Desayuno,restaurante,3,18.462718,-97.386105,https://mitehuacan.mx/?ruta=ajalpan
1,Antojitos Doña Lucha,restaurante,4,18.423452,-97.340486,https://mitehuacan.mx/?ruta=ajalpan
1,Antojitos El Crucero,restaurante,4,18.375323,-97.296561,https://mitehuacan.mx/?ruta=ajalpan
1,Antojitos Genesis,restaurante,4,18.375422,-97.295656,https://mitehuacan.mx/?ruta=ajalpan
1,Carnitas Flor,restaurante,4,18.423432,-97.340439,https://mitehuacan.mx/?ruta=ajalpan
1,Central Pizzas Y Mariscos,restaurante,4,18.377916,-97.258796,https://mitehuacan.mx/?ruta=ajalpan
1,Cocina De Margarita,restaurante,4,18.444131,-97.368485,https://mitehuacan.mx/?ruta=ajalpan
1,Cocina Economica La Inmaculada Concepcion,restaurante,4,18.37544,-97.297843,https://mitehuacan.mx/?ruta=ajalpan
1,Comedor Robles,restaurante,4,18.379185,-97.260782,https://mitehuacan.mx/?ruta=ajalpan
1,El Gran Taco Arabe,restaurante,4,18.375417,-97.295693,https://mitehuacan.mx/?ruta=ajalpan
1,Fonda Juquilita,restaurante,4,18.462783,-97.388465,https://mitehuacan.mx/?ruta=ajalpan
1,Hamburguesas Los Arcos El Crucero,restaurante,4,18.37552,-97.295377,https://mitehuacan.mx/?ruta=ajalpan
1,Loncheria San Diego,restaurante,4,18.443342,-97.367838,https://mitehuacan.mx/?ruta=ajalpan
1,Pollos Jr,restaurante,4,18.443075,-97.367646,https://mitehuacan.mx/?ruta=ajalpan
1,Pollos Rostizados El Nazareno,restaurante,4,18.462768,-97.387906,https://mitehuacan.mx/?ruta=ajalpan
1,Restaurant Ruth,restaurante,4,18.375872,-97.291232,https://mitehuacan.mx/?ruta=ajalpan
1,Restaurante Ruth,restaurante,4,18.375866,-97.291289,https://mitehuacan.mx/?ruta=ajalpan
1,Taqueria El Comadre,restaurante,4,18.37883,-97.265064,https://mitehuacan.mx/?ruta=ajalpan
1,Taqueria El Gran Poblano,restaurante,4,18.462792,-97.388807,https://mitehuacan.mx/?ruta=ajalpan
1,Taqueria La Pasadita,restaurante,4,18.375546,-97.295177,https://mitehuacan.mx/?ruta=ajalpan
1,Taqueria Tacontento,restaurante,4,18.375401,-97.296482,https://mitehuacan.mx/?ruta=ajalpan
1,Venta De Cemas Cemitas La Poblanita,restaurante,4,18.462761,-97.387679,https://mitehuacan.mx/?ruta=ajalpan
1,Venta De Comida Sabores De Ajalpan,restaurante,4,18.378767,-97.257764,https://mitehuacan.mx/?ruta=ajalpan
1,Venta De Tortas Y Refrescos Sin Nombre,restaurante,4,18.444196,-97.36853,https://mitehuacan.mx/?ruta=ajalpan
1,Wingsbur,restaurante,4,18.462684,-97.380708,https://mitehuacan.mx/?ruta=ajalpan
1,Barbacoa El Guero,restaurante,5,18.378774,-97.25838,https://mitehuacan.mx/?ruta=ajalpan
1,La Terraza Restaurante Bar,restaurante,5,18.377927,-97.258258,https://mitehuacan.mx/?ruta=ajalpan
1,Pizzas Angelotti,restaurante,5,18.462555,-97.382098,https://mitehuacan.mx/?ruta=ajalpan
1,Pollos A La Leña El Ranchito,restaurante,5,18.379601,-97.262082,https://mitehuacan.mx/?ruta=ajalpan
1,Preparacion De Consomes De Chivo Sin Nombre,restaurante,5,18.377921,-97.259367,https://mitehuacan.mx/?ruta=ajalpan
1,Restaurante Tacos Karina,restaurante,5,18.375611,-97.29455,https://mitehuacan.mx/?ruta=ajalpan
1,Taqueria Anitas,restaurante,5,18.377919,-97.259301,https://mitehuacan.mx/?ruta=ajalpan
1,Venta De Tacos Sin Nombre,restaurante,5,18.377935,-97.257727,https://mitehuacan.mx/?ruta=ajalpan
1,Venta De Tortas Sin Nombre,restaurante,5,18.379755,-97.262203,https://mitehuacan.mx/?ruta=ajalpan
1,Antojitos Sin Nombre,restaurante,6,18.441932,-97.366649,https://mitehuacan.mx/?ruta=ajalpan
1,Cocina Economica Doña Cruz,restaurante,6,18.441847,-97.366735,https://mitehuacan.mx/?ruta=ajalpan
1,Elaboracion De Tacos Sin Nombre,restaurante,6,18.37838,-97.262479,https://mitehuacan.mx/?ruta=ajalpan
1,La Hamburguesa Magica Ajalpan,restaurante,6,18.380283,-97.263836,https://mitehuacan.mx/?ruta=ajalpan
1,Restaurante Cordelia,restaurante,6,18.379644,-97.261933,https://mitehuacan.mx/?ruta=ajalpan
1,Taqueria El Jarocho,restaurante,6,18.441149,-97.366353,https://mitehuacan.mx/?ruta=ajalpan
1,Taqueria La Unika Snacks Y Algo Mas,restaurante,6,18.437864,-97.365507,https://mitehuacan.mx/?ruta=ajalpan
1,Venta Tacos,restaurante,6,18.378787,-97.258579,https://mitehuacan.mx/?ruta=ajalpan
1,Antogitos Mexicanos,restaurante,7,18.446387,-97.369383,https://mitehuacan.mx/?ruta=ajalpan
1,Carniceria De Barbacoa Coculco,restaurante,7,18.378305,-97.261846,https://mitehuacan.mx/?ruta=ajalpan
1,Cocina Economica Carmelita,restaurante,7,18.378305,-97.261846,https://mitehuacan.mx/?ruta=ajalpan
1,Cocina Economica Doña Carmen,restaurante,7,18.378305,-97.261846,https://mitehuacan.mx/?ruta=ajalpan
1,Cocina Economica Doña Edi,restaurante,7,18.378305,-97.261846,https://mitehuacan.mx/?ruta=ajalpan
1,Cocina Economica Doña Soco,restaurante,7,18.378305,-97.261846,https://mitehuacan.mx/?ruta=ajalpan
1,Cocina Economica Doña Tere,restaurante,7,18.378305,-97.261846,https://mitehuacan.mx/?ruta=ajalpan
1,Cocina Economica Mago,restaurante,7,18.378305,-97.261846,https://mitehuacan.mx/?ruta=ajalpan
1,Cocina Economica Sin Nombre,restaurante,7,18.378305,-97.261846,https://mitehuacan.mx/?ruta=ajalpan
1,Comedor Doña Cristi,restaurante,7,18.378305,-97.261846,https://mitehuacan.mx/?ruta=ajalpan
1,Comedor Doña Julia,restaurante,7,18.378305,-97.261846,https://mitehuacan.mx/?ruta=ajalpan
1,Comedor Doña Vale,restaurante,7,18.378305,-97.261846,https://mitehuacan.mx/?ruta=ajalpan
1,Hamburguesas Buguis,restaurante,7,18.377995,-97.256701,https://mitehuacan.mx/?ruta=ajalpan
1,Pizzeria Alonso,restaurante,7,18.378873,-97.256415,https://mitehuacan.mx/?ruta=ajalpan
1,Preparacion De Memelitas Sin Nombre,restaurante,7,18.378835,-97.264817,https://mitehuacan.mx/?ruta=ajalpan
1,Puesto De Barbacoa San Fernando,restaurante,7,18.378305,-97.261846,https://mitehuacan.mx/?ruta=ajalpan
1,Puesto De Barbacoa Sin Nombre,restaurante,7,18.378305,-97.261846,https://mitehuacan.mx/?ruta=ajalpan
1,Rosticeria Pollos Fiesta,restaurante,7,18.462931,-97.389276,https://mitehuacan.mx/?ruta=ajalpan
1,Tacos El Torito,restaurante,7,18.378305,-97.261846,https://mitehuacan.mx/?ruta=ajalpan
1,Tacos Perlita,restaurante,7,18.422293,-97.33825,https://mitehuacan.mx/?ruta=ajalpan
1,Taqueria Guadalupana,restaurante,7,18.377937,-97.259888,https://mitehuacan.mx/?ruta=ajalpan
1,Venta De Barbacoa,restaurante,7,18.378305,-97.261846,https://mitehuacan.mx/?ruta=ajalpan
1,Venta De Barbacoa El Guero,restaurante,7,18.378305,-97.261846,https://mitehuacan.mx/?ruta=ajalpan
1,Venta De Consome Doña Rosa,restaurante,7,18.378305,-97.261846,https://mitehuacan.mx/?ruta=ajalpan
1,Pollos A La Leña San Diego,restaurante,8,18.442763,-97.367384,https://mitehuacan.mx/?ruta=ajalpan
1,Rosticeria Granada,restaurante,8,18.462869,-97.387324,https://mitehuacan.mx/?ruta=ajalpan
1,Taqueria El Rey,restaurante,8,18.377939,-97.259955,https://mitehuacan.mx/?ruta=ajalpan
1,Taqueria Tacomolo,restaurante,8,18.378848,-97.263952,https://mitehuacan.mx/?ruta=ajalpan
1,Tortas Uritz,restaurante,8,18.378758,-97.263556,https://mitehuacan.mx/?ruta=ajalpan
1,Venta De Antojitos Doña Mary,restaurante,8,18.442692,-97.36733,https://mitehuacan.mx/?ruta=ajalpan
1,Carnitas Rosy,restaurante,9,18.421083,-97.335817,https://mitehuacan.mx/?ruta=ajalpan
1,Cocina Economica Jade,restaurante,9,18.464799,-97.385542,https://mitehuacan.mx/?ruta=ajalpan
1,Las Tias Menas,restaurante,9,18.377799,-97.25893,https://mitehuacan.mx/?ruta=ajalpan
1,Preparacion Y Venta De Antojitos Sin Nombre,restaurante,9,18.46253,-97.381601,https://mitehuacan.mx/?ruta=ajalpan
1,Taqueria Tac Mahal,restaurante,9,18.464831,-97.386947,https://mitehuacan.mx/?ruta=ajalpan
1,Cocina Rome,restaurante,10,18.421499,-97.33652,https://mitehuacan.mx/?ruta=ajalpan
1,Cosina Economica Sin Nombre,restaurante,10,18.377577,-97.277481,https://mitehuacan.mx/?ruta=ajalpan
1,La Casa Del Viejo Sam,restaurante,10,18.462815,-97.385343,https://mitehuacan.mx/?ruta=ajalpan
1,Tacos Cuchos,restaurante,10,18.462821,-97.385595,https://mitehuacan.mx/?ruta=ajalpan
1,Tacos Estilo Michoacan,restaurante,10,18.462829,-97.385874,https://mitehuacan.mx/?ruta=ajalpan
1,Antojitos Bertha,restaurante,11,18.415282,-97.332164,https://mitehuacan.mx/?ruta=ajalpan
1,Carnitas El Oasis,restaurante,11,18.378843,-97.264095,https://mitehuacan.mx/?ruta=ajalpan
1,Pizzeria Santiago,restaurante,11,18.423613,-97.341223,https://mitehuacan.mx/?ruta=ajalpan
1,Tortas Orozco,restaurante,13,18.462984,-97.389318,https://mitehuacan.mx/?ruta=ajalpan
1,Cocina Economica Mi Altepexi,restaurante,15,18.377067,-97.299567,https://mitehuacan.mx/?ruta=ajalpan
1,Comida Rapida Antojitos Sin Nombre,restaurante,16,18.464694,-97.389274,https://mitehuacan.mx/?ruta=ajalpan
1,Taqueria Los Pedritos,restaurante,17,18.378719,-97.259075,https://mitehuacan.mx/?ruta=ajalpan
1,Venta De Tortas Y Aguas Cristal,restaurante,17,18.462859,-97.390654,https://mitehuacan.mx/?ruta=ajalpan
1,Preparacion Y Venta De Tortas Mori,restaurante,18,18.378108,-97.25638,https://mitehuacan.mx/?ruta=ajalpan
1,Cocina Economica Sin Nombre,restaurante,19,18.444512,-97.368485,https://mitehuacan.mx/?ruta=ajalpan
1,El Rey De Las Hamburguesas Y Hot Dogs,restaurante,20,18.378087,-97.257157,https://mitehuacan.mx/?ruta=ajalpan
1,Restaurante La Zona,restaurante,20,18.464878,-97.384652,https://mitehuacan.mx/?ruta=ajalpan
1,El Negro Arabe,restaurante,21,18.379071,-97.259077,https://mitehuacan.mx/?ruta=ajalpan
1,Pizzas Alma Mixteco,restaurante,22,18.46464,-97.389275,https://mitehuacan.mx/?ruta=ajalpan
1,Antojitos La Guera,restaurante,23,18.379263,-97.261723,https://mitehuacan.mx/?ruta=ajalpan
1,Venta De Hamburguesas Le Crepe,restaurante,23,18.462649,-97.389879,https://mitehuacan.mx/?ruta=ajalpan
1,Venta De Barbacoa Don Enrique,restaurante,25,18.379245,-97.261724,https://mitehuacan.mx/?ruta=ajalpan
1,Antojitos Preciosa,restaurante,33,18.419515,-97.334342,https://mitehuacan.mx/?ruta=ajalpan
1,Pizzas Yankees,restaurante,33,18.463169,-97.389436,https://mitehuacan.mx/?ruta=ajalpan
1,Taqueria Sin Nombre,restaurante,35,18.375051,-97.296483,https://mitehuacan.mx/?ruta=ajalpan
1,Antojitos Kukos Luchs,restaurante,37,18.464469,-97.388416,https://mitehuacan.mx/?ruta=ajalpan
1,Memelitas Sin Nombre,restaurante,39,18.378504,-97.265196,https://mitehuacan.mx/?ruta=ajalpan
1,Restaurant El Mexicano,restaurante,40,18.463071,-97.384785,https://mitehuacan.mx/?ruta=ajalpan
1,Torteria La Torteria Un Gusto,restaurante,40,18.462977,-97.390869,https://mitehuacan.mx/?ruta=ajalpan
1,Cocina Economica Ruby,restaurante,41,18.464605,-97.382133,https://mitehuacan.mx/?ruta=ajalpan
1,Venta De Hamburguesas. Burguer Daddy,restaurante,41,18.462469,-97.389326,https://mitehuacan.mx/?ruta=ajalpan
1,Venta De Memelas Sin Nombre,restaurante,41,18.46308,-97.384784,https://mitehuacan.mx/?ruta=ajalpan
1,Taqueria Mel,restaurante,45,18.462371,-97.387024,https://mitehuacan.mx/?ruta=ajalpan
1,Antojitos Tita,restaurante,46,18.464387,-97.38842,https://mitehuacan.mx/?ruta=ajalpan
1,Elaboracion De Tacos Y Tortas,restaurante,49,18.377509,-97.256325,https://mitehuacan.mx/?ruta=ajalpan
1,Antojitos Gloria,restaurante,52,18.374912,-97.296364,https://mitehuacan.mx/?ruta=ajalpan
1,Elaboracion Y Venta De Nopales Y Tempesquiscle Sin Nombre,restaurante,52,18.377673,-97.255185,https://mitehuacan.mx/?ruta=ajalpan
1,Venta De Comida,restaurante,52,18.462284,-97.386423,https://mitehuacan.mx/?ruta=ajalpan
1,Elaboracion Y Venta De Mole Sin Nombre,restaurante,54,18.378067,-97.255039,https://mitehuacan.mx/?ruta=ajalpan
1,Antojitos Laida,restaurante,55,18.462138,-97.383346,https://mitehuacan.mx/?ruta=ajalpan
1,Venta De Tacos Sin Nombre,restaurante,57,18.378405,-97.264028,https://mitehuacan.mx/?ruta=ajalpan
1,Cocina Economica Sin Nombre,restaurante,63,18.374861,-97.295902,https://mitehuacan.mx/?ruta=ajalpan
1,Venta De Tortas Sin Nombre,restaurante,63,18.377383,-97.256314,https://mitehuacan.mx/?ruta=ajalpan
1,Taqueria Cayu,restaurante,64,18.46426,-97.389282,https://mitehuacan.mx/?ruta=ajalpan
1,Cocina Economica,restaurante,65,18.464055,-97.383178,https://mitehuacan.mx/?ruta=ajalpan
1,Venta De Antojitos Mexicanos Doña Gloria Sin Nombre,restaurante,69,18.374799,-97.29596,https://mitehuacan.mx/?ruta=ajalpan
1,Puesto De Memelitas Sin Nombre,restaurante,70,18.378307,-97.264132,https://mitehuacan.mx/?ruta=ajalpan
1,Venta De Tacos Sin Nombre,restaurante,71,18.374775,-97.296048,https://mitehuacan.mx/?ruta=ajalpan
1,Venta De Comida Corrida Sin Nombre,restaurante,72,18.377078,-97.274693,https://mitehuacan.mx/?ruta=ajalpan
1,Venta De Tacos Sin Nombre,restaurante,72,18.377346,-97.255458,https://mitehuacan.mx/?ruta=ajalpan
1,Taqueria De Tacos Arabes Y Al Pastor Lupita,restaurante,73,18.37927,-97.255017,https://mitehuacan.mx/?ruta=ajalpan
1,Torteria Cantaros,restaurante,73,18.46306,-97.375288,https://mitehuacan.mx/?ruta=ajalpan
1,Cocina Economica Sin Nombre,restaurante,74,18.465422,-97.387016,https://mitehuacan.mx/?ruta=ajalpan
1,Venta De Carne Asada Sin Nombre,restaurante,74,18.379171,-97.254962,https://mitehuacan.mx/?ruta=ajalpan
1,Cocina Economica Casa Del Comensal,restaurante,76,18.464151,-97.389284,https://mitehuacan.mx/?ruta=ajalpan
1,Rosticeria Mary,restaurante,76,18.379013,-97.254908,https://mitehuacan.mx/?ruta=ajalpan
1,Preparacion De Antojitos Sin Nombre,restaurante,77,18.37895,-97.254887,https://mitehuacan.mx/?ruta=ajalpan
1,Preparacion Y Venta De Antojitos Sin Nombre,restaurante,77,18.37895,-97.254887,https://mitehuacan.mx/?ruta=ajalpan
1,Preparacion Y Venta De Mole Sin Nombre,restaurante,77,18.37895,-97.254887,https://mitehuacan.mx/?ruta=ajalpan
1,Preparacion De Tacos De Bistek,restaurante,81,18.37883,-97.254846,https://mitehuacan.mx/?ruta=ajalpan
1,Venta De Tortillas Sin Nombre,restaurante,81,18.374767,-97.295238,https://mitehuacan.mx/?ruta=ajalpan
1,Venta De Tacos Dorados Sin Nombre,restaurante,82,18.379682,-97.255628,https://mitehuacan.mx/?ruta=ajalpan
1,Pizzas Pizzaiolo,restaurante,83,18.462984,-97.391276,https://mitehuacan.mx/?ruta=ajalpan
1,Taqueria Sin Nombre,restaurante,85,18.380695,-97.26458,https://mitehuacan.mx/?ruta=ajalpan
1,Ventas Memelitas Y Empanadas Sin Nombre,restaurante,85,18.380695,-97.26458,https://mitehuacan.mx/?ruta=ajalpan
1,Elaboracion Y Venta De Antojitos Sin Nombre,restaurante,86,18.381103,-97.264115,https://mitehuacan.mx/?ruta=ajalpan
1,Cocina Economica Sin Nombre,restaurante,87,18.377088,-97.259036,https://mitehuacan.mx/?ruta=ajalpan
1,Hamburguesas Sin Nombre,restaurante,87,18.379632,-97.258607,https://mitehuacan.mx/?ruta=ajalpan
1,Venta De Barbacoa El Azteca,restaurante,87,18.378621,-97.254775,https://mitehuacan.mx/?ruta=ajalpan
1,Cocina Doña Chely,restaurante,88,18.377079,-97.259586,https://mitehuacan.mx/?ruta=ajalpan
1,Pizzas Paco S,restaurante,88,18.377085,-97.258173,https://mitehuacan.mx/?ruta=ajalpan
1,Venta De Elotes,restaurante,88,18.374762,-97.294586,https://mitehuacan.mx/?ruta=ajalpan
1,Taqueria Estilo Michoacan,restaurante,90,18.465645,-97.389265,https://mitehuacan.mx/?ruta=ajalpan
1,Tacos Y Tortas Tehuacan,restaurante,91,18.463464,-97.391364,https://mitehuacan.mx/?ruta=ajalpan
1,Torteria La Super Torta,restaurante,92,18.462011,-97.38946,https://mitehuacan.mx/?ruta=ajalpan
1,Barbacoa El Aguero,restaurante,95,18.381186,-97.264112,https://mitehuacan.mx/?ruta=ajalpan
1,Taqueria Sin Nombre,restaurante,95,18.374723,-97.298438,https://mitehuacan.mx/?ruta=ajalpan
1,Venta De Comida,restaurante,95,18.444798,-97.369833,https://mitehuacan.mx/?ruta=ajalpan
1,Taqueria Vic Taco,restaurante,96,18.463739,-97.389418,https://mitehuacan.mx/?ruta=ajalpan
1,Venta De Antojitos Sin Nombre,restaurante,96,18.380765,-97.264669,https://mitehuacan.mx/?ruta=ajalpan
1,Antojitos La Guera,restaurante,97,18.463824,-97.384808,https://mitehuacan.mx/?ruta=ajalpan
1,Taqueria San Martin Caballero,restaurante,97,18.379717,-97.258575,https://mitehuacan.mx/?ruta=ajalpan
1,Taqueria Sin Nombre,restaurante,97,18.377059,-97.260791,https://mitehuacan.mx/?ruta=ajalpan
1,Venta De Carnitas Sin Nombre,restaurante,97,18.461903,-97.387106,https://mitehuacan.mx/?ruta=ajalpan
1,Taqueria Doña Eva,restaurante,98,18.374514,-97.296154,https://mitehuacan.mx/?ruta=ajalpan
1,Cocina Clasicos,restaurante,99,18.464843,-97.391448,https://mitehuacan.mx/?ruta=ajalpan
1,Cocina Economica Antojitos Mexicanos,restaurante,99,18.464833,-97.391448,https://mitehuacan.mx/?ruta=ajalpan
1,Cocina Economica La Guadalupana,restaurante,99,18.381222,-97.264114,https://mitehuacan.mx/?ruta=ajalpan
1,Tacos El Primo,restaurante,99,18.463947,-97.391459,https://mitehuacan.mx/?ruta=ajalpan
1,Taqueria Sin Nombre,restaurante,103,18.376941,-97.258992,https://mitehuacan.mx/?ruta=ajalpan
1,Restaurante Mexico Lindo,restaurante,104,18.462469,-97.391382,https://mitehuacan.mx/?ruta=ajalpan
1,Venta De Comida Sin Nombre,restaurante,106,18.380044,-97.260071,https://mitehuacan.mx/?ruta=ajalpan
1,Taqueria Sin Nombre,restaurante,110,18.46171,-97.384952,https://mitehuacan.mx/?ruta=ajalpan
1,Restaurante La Casa De Los Abuelos,restaurante,111,18.465635,-97.382474,https://mitehuacan.mx/?ruta=ajalpan
1,Venta De Mole Los Domingos,restaurante,111,18.376992,-97.255411,https://mitehuacan.mx/?ruta=ajalpan
1,Antojitos Y Memelas Sin Nombre,restaurante,112,18.442188,-97.365645,https://mitehuacan.mx/?ruta=ajalpan
1,Los Guisos Tacos Bufete,restaurante,117,18.461334,-97.376863,https://mitehuacan.mx/?ruta=ajalpan
1,El Sazon De Chonita,restaurante,118,18.461559,-97.383014,https://mitehuacan.mx/?ruta=ajalpan
1,Las Gueras,restaurante,118,18.461519,-97.381146,https://mitehuacan.mx/?ruta=ajalpan
1,Venta De Barbacoa Sin Nombre,restaurante,118,18.379725,-97.266872,https://mitehuacan.mx/?ruta=ajalpan
1,Preparacion Y Venta De Nopales Sin Nombre,restaurante,119,18.381404,-97.264123,https://mitehuacan.mx/?ruta=ajalpan
1,Venta De Antojitos Mexicanos Mari,restaurante,119,18.441761,-97.368086,https://mitehuacan.mx/?ruta=ajalpan
1,Preparacion De Tacos Y Tortas Sin Nombre,restaurante,120,18.379887,-97.25653,https://mitehuacan.mx/?ruta=ajalpan
1,Preparacion De Antojitos Y Comida Sin Nombre,restaurante,121,18.377839,-97.264214,https://mitehuacan.mx/?ruta=ajalpan
1,Rosticeria Sin Nombre,restaurante,122,18.377459,-97.263062,https://mitehuacan.mx/?ruta=ajalpan
1,Taqueria Zaragoza,restaurante,123,18.375541,-97.299701,https://mitehuacan.mx/?ruta=ajalpan
1,Venta De Barbacoa Sin Nombre,restaurante,123,18.379777,-97.266794,https://mitehuacan.mx/?ruta=ajalpan
1,Venta De Antojitos Sin Nombre,restaurante,124,18.377138,-97.262097,https://mitehuacan.mx/?ruta=ajalpan
1,Cocina Econimica Jefe Roli,restaurante,125,18.465969,-97.389611,https://mitehuacan.mx/?ruta=ajalpan
1,Elaboracion De Enchiladas Y Tacos Sin Nombre,restaurante,125,18.377282,-97.25463,https://mitehuacan.mx/?ruta=ajalpan
1,Restaurante De La Hacienda Doña Carlota,restaurante,125,18.427532,-97.356721,https://mitehuacan.mx/?ruta=ajalpan
1,Venta De Comida Sin Nombre,restaurante,125,18.461504,-97.383414,https://mitehuacan.mx/?ruta=ajalpan
1,Antojitos Doña Agus,restaurante,126,18.461948,-97.391178,https://mitehuacan.mx/?ruta=ajalpan
1,Antojitos Mexicanos Adelita,restaurante,126,18.461948,-97.391178,https://mitehuacan.mx/?ruta=ajalpan
1,Antojitos Mexicanos Gloria,restaurante,126,18.461948,-97.391178,https://mitehuacan.mx/?ruta=ajalpan
1,Antojitos Mexicanos Sin Nombre,restaurante,126,18.461948,-97.391178,https://mitehuacan.mx/?ruta=ajalpan
1,Antojitos Mexicanos Sinnombre,restaurante,126,18.461948,-97.391178,https://mitehuacan.mx/?ruta=ajalpan
1,Antojitos Y Desayunos Sin Nombre,restaurante,126,18.461948,-97.391178,https://mitehuacan.mx/?ruta=ajalpan
1,Cocina Angelita,restaurante,126,18.461948,-97.391178,https://mitehuacan.mx/?ruta=ajalpan
1,Cocina Economica Las Brazas,restaurante,126,18.461948,-97.391178,https://mitehuacan.mx/?ruta=ajalpan
1,Cocina Nohemi,restaurante,126,18.461948,-97.391178,https://mitehuacan.mx/?ruta=ajalpan
1,Cocina Un Rinconcito De Sabor,restaurante,126,18.461948,-97.391178,https://mitehuacan.mx/?ruta=ajalpan
1,Comedor Alondra,restaurante,126,18.461948,-97.391178,https://mitehuacan.mx/?ruta=ajalpan
1,Comedor Juquilita,restaurante,126,18.461948,-97.391178,https://mitehuacan.mx/?ruta=ajalpan
1,Comedor La Patrona,restaurante,126,18.461948,-97.391178,https://mitehuacan.mx/?ruta=ajalpan
1,Comedor Mary,restaurante,126,18.461948,-97.391178,https://mitehuacan.mx/?ruta=ajalpan
1,Comedor Rosalba,restaurante,126,18.461948,-97.391178,https://mitehuacan.mx/?ruta=ajalpan
1,El Chaparrito 2,restaurante,126,18.461948,-97.391178,https://mitehuacan.mx/?ruta=ajalpan
1,Expendio De Barbacoa Hermanos Roman Flores,restaurante,126,18.461948,-97.391178,https://mitehuacan.mx/?ruta=ajalpan
1,Expendio De Barbacoa Jose,restaurante,126,18.461948,-97.391178,https://mitehuacan.mx/?ruta=ajalpan
1,Fonda Carmen Blanco,restaurante,126,18.461948,-97.391178,https://mitehuacan.mx/?ruta=ajalpan
1,Fonda Comedor Las Granadas,restaurante,126,18.461948,-97.391178,https://mitehuacan.mx/?ruta=ajalpan
1,Fonda Florentina,restaurante,126,18.461948,-97.391178,https://mitehuacan.mx/?ruta=ajalpan
1,Fonda Julieta,restaurante,126,18.461948,-97.391178,https://mitehuacan.mx/?ruta=ajalpan
1,Fonda La Flor,restaurante,126,18.461948,-97.391178,https://mitehuacan.mx/?ruta=ajalpan
1,Fonda La Flor De Atlixco,restaurante,126,18.461948,-97.391178,https://mitehuacan.mx/?ruta=ajalpan
1,Fonda La Flor De Oaxaca,restaurante,126,18.461948,-97.391178,https://mitehuacan.mx/?ruta=ajalpan
1,Fonda La Oaxaqueña,restaurante,126,18.461948,-97.391178,https://mitehuacan.mx/?ruta=ajalpan
1,Fonda La Poblanita,restaurante,126,18.461948,-97.391178,https://mitehuacan.mx/?ruta=ajalpan
1,Fonda Mary Carmen,restaurante,126,18.461948,-97.391178,https://mitehuacan.mx/?ruta=ajalpan
1,Fonda Maty,restaurante,126,18.461948,-97.391178,https://mitehuacan.mx/?ruta=ajalpan
1,Fonda Rosita,restaurante,126,18.461948,-97.391178,https://mitehuacan.mx/?ruta=ajalpan
1,Fonda Ruth,restaurante,126,18.461948,-97.391178,https://mitehuacan.mx/?ruta=ajalpan
1,Fonda Teresita,restaurante,126,18.461948,-97.391178,https://mitehuacan.mx/?ruta=ajalpan
1,Huaraches Y Memelas El Chaparrito,restaurante,126,18.461948,-97.391178,https://mitehuacan.mx/?ruta=ajalpan
1,Memelitas Y Queadillas Sin Nombre,restaurante,126,18.377793,-97.264222,https://mitehuacan.mx/?ruta=ajalpan
1,Pizzas Pizzaiolo,restaurante,126,18.461948,-97.391178,https://mitehuacan.mx/?ruta=ajalpan
1,Taqueria,restaurante,126,18.461948,-97.391178,https://mitehuacan.mx/?ruta=ajalpan
1,Taqueria La Guadalupana,restaurante,126,18.461948,-97.391178,https://mitehuacan.mx/?ruta=ajalpan
1,Taqueria Los 3 Garcias,restaurante,126,18.461948,-97.391178,https://mitehuacan.mx/?ruta=ajalpan
1,Venta De Barbacoa Bolaños,restaurante,126,18.461948,-97.391178,https://mitehuacan.mx/?ruta=ajalpan
1,Venta De Comida Catita,restaurante,126,18.461948,-97.391178,https://mitehuacan.mx/?ruta=ajalpan
1,Venta De Comida Sin Nombre,restaurante,126,18.461948,-97.391178,https://mitehuacan.mx/?ruta=ajalpan
1,Venta De Huaraches Sin Nombre,restaurante,126,18.461948,-97.391178,https://mitehuacan.mx/?ruta=ajalpan
1,Taqueria Ramos,restaurante,130,18.380499,-97.261009,https://mitehuacan.mx/?ruta=ajalpan
1,Cocina Economica El Sazon De Reina,restaurante,131,18.465855,-97.384178,https://mitehuacan.mx/?ruta=ajalpan
1,Cocina Economica Sin Nombre,restaurante,131,18.465846,-97.383865,https://mitehuacan.mx/?ruta=ajalpan
1,Memelitas Y Tacos Sin Nombre,restaurante,131,18.465839,-97.3836,https://mitehuacan.mx/?ruta=ajalpan
1,Venta De Comida Sin Nombre,restaurante,131,18.465848,-97.383941,https://mitehuacan.mx/?ruta=ajalpan
1,Venta De Antojitos Sin Nombre,restaurante,132,18.377737,-97.264147,https://mitehuacan.mx/?ruta=ajalpan
1,Antojitos Ade,restaurante,134,18.465944,-97.386395,https://mitehuacan.mx/?ruta=ajalpan
1,Venta De Antojitos Sin Nombre,restaurante,134,18.374174,-97.29629,https://mitehuacan.mx/?ruta=ajalpan
1,Venta De Tacos,restaurante,134,18.374383,-97.298552,https://mitehuacan.mx/?ruta=ajalpan
1,Cocina Economica Doña Flor,restaurante,137,18.443735,-97.369715,https://mitehuacan.mx/?ruta=ajalpan
1,Tacos Genaro,restaurante,137,18.465808,-97.391335,https://mitehuacan.mx/?ruta=ajalpan
1,Cocina Economica El Buen Comer,restaurante,138,18.465875,-97.382479,https://mitehuacan.mx/?ruta=ajalpan
1,Taqueria Perla Joseline,restaurante,138,18.37405,-97.297484,https://mitehuacan.mx/?ruta=ajalpan
1,Venta De Carnitas El Guero,restaurante,138,18.465879,-97.382593,https://mitehuacan.mx/?ruta=ajalpan
1,Desayunos Don Rene,restaurante,139,18.461579,-97.389151,https://mitehuacan.mx/?ruta=ajalpan
1,Venta De Memelitas Antojitos Yuli,restaurante,141,18.461572,-97.389588,https://mitehuacan.mx/?ruta=ajalpan
1,Venta De Antojitos Mexicanos Doña Mari,restaurante,142,18.461558,-97.389218,https://mitehuacan.mx/?ruta=ajalpan
1,Venta De Tacos Sin Nombre,restaurante,143,18.374356,-97.293678,https://mitehuacan.mx/?ruta=ajalpan
1,Cocina Economica Sin Nombre,restaurante,144,18.465791,-97.381903,https://mitehuacan.mx/?ruta=ajalpan
1,Taqueria Doña Tere,restaurante,144,18.381005,-97.261909,https://mitehuacan.mx/?ruta=ajalpan
1,The Coffe Coffe & Friends,restaurante,146,18.463674,-97.374344,https://mitehuacan.mx/?ruta=ajalpan
1,Pollo Fiesta,restaurante,146,18.46303,-97.39188,https://mitehuacan.mx/?ruta=ajalpan
1,Pollos Asados El Amiguito De Todos,restaurante,147,18.377339,-97.254339,https://mitehuacan.mx/?ruta=ajalpan
1,Taqueria Guille,restaurante,147,18.37662,-97.256247,https://mitehuacan.mx/?ruta=ajalpan
1,Venta De Comida Sin Nombre,restaurante,147,18.461223,-97.380591,https://mitehuacan.mx/?ruta=ajalpan
1,Cocina Economica Y Elaboracion De Postres Sin Nombre,restaurante,148,18.461427,-97.386813,https://mitehuacan.mx/?ruta=ajalpan
1,Acsapack,súper,0,18.462522,-97.379814,https://mitehuacan.mx/?ruta=ajalpan
1,Mapetos Restaurant,súper,6,18.379242,-97.300882,https://mitehuacan.mx/?ruta=ajalpan
1,11517 Dominos Pizza Tehuacan Ii,súper,9,18.462844,-97.386427,https://mitehuacan.mx/?ruta=ajalpan
1,Chedraui Tehuacan T046,súper,9,18.462853,-97.386753,https://mitehuacan.mx/?ruta=ajalpan
1,Acsapack,súper,15,18.462379,-97.379536,https://mitehuacan.mx/?ruta=ajalpan
1,Creepi Puercas,súper,19,18.464927,-97.39067,https://mitehuacan.mx/?ruta=ajalpan
1,Chedraui,súper,91,18.463918,-97.386575,https://mitehuacan.mx/?ruta=ajalpan
1,Mi Bodega Aurrera Ajalpan,súper,100,18.377872,-97.265801,https://mitehuacan.mx/?ruta=ajalpan
1,Instalacones De Seguridad Publica,taller,0,18.377225,-97.279286,https://mitehuacan.mx/?ruta=ajalpan
1,Papas Fritas Lizs,taller,0,18.464741,-97.38673,https://mitehuacan.mx/?ruta=ajalpan
1,Taller De Reparacion De Equipos De Refrigeracion Domestica R,taller,0,18.462305,-97.374876,https://mitehuacan.mx/?ruta=ajalpan
1,Unidad De Proteccion Civil Y Bomberos Del Municipio Ajalpan,taller,0,18.377191,-97.279513,https://mitehuacan.mx/?ruta=ajalpan
1,Muelles Ginez,taller,1,18.462575,-97.380892,https://mitehuacan.mx/?ruta=ajalpan
1,Taller De Composturas Sin Nombre,taller,1,18.464657,-97.384275,https://mitehuacan.mx/?ruta=ajalpan
1,Taller De Hojalateria Y Pintura Cotejo,taller,1,18.462616,-97.382304,https://mitehuacan.mx/?ruta=ajalpan
1,Taller Mecanico Automotriz Liebre,taller,1,18.377552,-97.276202,https://mitehuacan.mx/?ruta=ajalpan
1,Taller Mecanico Jose,taller,1,18.377878,-97.274143,https://mitehuacan.mx/?ruta=ajalpan
1,Taller Vidal Jr,taller,1,18.463313,-97.382632,https://mitehuacan.mx/?ruta=ajalpan
1,Centro Coordinador Regional De La Policia Estatal Ajalpan,taller,2,18.377894,-97.274008,https://mitehuacan.mx/?ruta=ajalpan
1,Taller El Rey,taller,2,18.378159,-97.270995,https://mitehuacan.mx/?ruta=ajalpan
1,Taller Mecanico Automotriz Luna,taller,2,18.376843,-97.299221,https://mitehuacan.mx/?ruta=ajalpan
1,Taller Mecanico Sin Nombre,taller,2,18.378153,-97.271042,https://mitehuacan.mx/?ruta=ajalpan
1,Elaboracion De Tamales Y Atole Sin Nombre,taller,3,18.379924,-97.264015,https://mitehuacan.mx/?ruta=ajalpan
1,Venta De Relojes Relojeria Orient,taller,3,18.462735,-97.386731,https://mitehuacan.mx/?ruta=ajalpan
1,Baterias Charly,taller,4,18.375338,-97.297317,https://mitehuacan.mx/?ruta=ajalpan
1,Devanados Industriales Sin Nombre,taller,4,18.378936,-97.263864,https://mitehuacan.mx/?ruta=ajalpan
1,Gruas Y Asistencia San Juan,taller,4,18.463836,-97.382548,https://mitehuacan.mx/?ruta=ajalpan
1,Mi Tonic Center,taller,4,18.379004,-97.259565,https://mitehuacan.mx/?ruta=ajalpan
1,Millos Polarizados,taller,4,18.462718,-97.381712,https://mitehuacan.mx/?ruta=ajalpan
1,Muelles Vidal,taller,4,18.462779,-97.388333,https://mitehuacan.mx/?ruta=ajalpan
1,Papas Fritas Floricel,taller,4,18.37853,-97.262634,https://mitehuacan.mx/?ruta=ajalpan
1,Servicio De Muelles Vidal Jr,taller,4,18.463928,-97.382611,https://mitehuacan.mx/?ruta=ajalpan
1,Servicio De Refrigeracion Machado,taller,4,18.375335,-97.29725,https://mitehuacan.mx/?ruta=ajalpan
1,Servicio Tecnico Automotriz San Francisco,taller,4,18.375878,-97.291174,https://mitehuacan.mx/?ruta=ajalpan
1,Taller De Amortiguadores,taller,4,18.462466,-97.375839,https://mitehuacan.mx/?ruta=ajalpan
1,Taller Jaro,taller,4,18.37583,-97.291612,https://mitehuacan.mx/?ruta=ajalpan
1,Taller Mecanico De La Refaccionaria Para Transmiciones Autom,taller,4,18.462725,-97.381978,https://mitehuacan.mx/?ruta=ajalpan
1,Club De Nutricion Herbalife,taller,5,18.378901,-97.258869,https://mitehuacan.mx/?ruta=ajalpan
1,Llantera Roman,taller,5,18.377248,-97.299465,https://mitehuacan.mx/?ruta=ajalpan
1,Taller De Joyeria Nora,taller,5,18.377828,-97.259873,https://mitehuacan.mx/?ruta=ajalpan
1,The Black Transmisiones Y Frenos,taller,5,18.462439,-97.375242,https://mitehuacan.mx/?ruta=ajalpan
1,Venta De Herbalife,taller,5,18.377937,-97.257499,https://mitehuacan.mx/?ruta=ajalpan
1,Reparacion De Maquinas Industriales Castellanos,taller,6,18.37879,-97.258635,https://mitehuacan.mx/?ruta=ajalpan
1,Servicio Electronico Automotriz Francisco Paque,taller,6,18.446416,-97.369398,https://mitehuacan.mx/?ruta=ajalpan
1,Taller De Hojalateria Y Pintura Servicio Automotrz Dos Mil,taller,6,18.46473,-97.384301,https://mitehuacan.mx/?ruta=ajalpan
1,Taller Mecanico Sin Nombre,taller,6,18.375631,-97.294434,https://mitehuacan.mx/?ruta=ajalpan
1,Cenaduria La Casa Del Sabor,taller,7,18.380043,-97.262849,https://mitehuacan.mx/?ruta=ajalpan
1,Taller De Joyeria El Cronometro,taller,7,18.464895,-97.389087,https://mitehuacan.mx/?ruta=ajalpan
1,Taller De Joyeria Martinez,taller,7,18.378218,-97.261991,https://mitehuacan.mx/?ruta=ajalpan
1,Taller De Pintura Y Hojalateria Sin Nombre,taller,7,18.464723,-97.383998,https://mitehuacan.mx/?ruta=ajalpan
1,Autoradio,taller,8,18.462631,-97.38489,https://mitehuacan.mx/?ruta=ajalpan
1,Club De Nutricion De Herbalife,taller,8,18.379454,-97.26138,https://mitehuacan.mx/?ruta=ajalpan
1,Servicio Automotriz Sin Nombre,taller,8,18.462374,-97.378001,https://mitehuacan.mx/?ruta=ajalpan
1,Taller De Joyeria Lrj,taller,8,18.462948,-97.389655,https://mitehuacan.mx/?ruta=ajalpan
1,Taller Automotriz Don Victor,taller,9,18.378728,-97.263443,https://mitehuacan.mx/?ruta=ajalpan
1,Taller De Reparacion De Maquinaria Servimar,taller,9,18.464802,-97.385788,https://mitehuacan.mx/?ruta=ajalpan
1,Baterias Renobat,taller,10,18.462805,-97.385011,https://mitehuacan.mx/?ruta=ajalpan
1,Servicio Electrico Lopez,taller,11,18.462766,-97.383523,https://mitehuacan.mx/?ruta=ajalpan
1,Taller De Embobinado Y Refrigeracion Express,taller,11,18.378842,-97.264143,https://mitehuacan.mx/?ruta=ajalpan
1,Taller Mecanico Servicio Automotriz Ascencion,taller,11,18.378843,-97.264105,https://mitehuacan.mx/?ruta=ajalpan
1,Elotes Y Esquites El Tio,taller,13,18.420892,-97.335424,https://mitehuacan.mx/?ruta=ajalpan
1,Servicio Mecanico San Jorge,taller,13,18.462328,-97.378009,https://mitehuacan.mx/?ruta=ajalpan
1,Club De Nutricion Herbalife Sin Nombre,taller,18,18.378194,-97.261134,https://mitehuacan.mx/?ruta=ajalpan
1,Taller Mecanico Many,taller,20,18.462855,-97.381589,https://mitehuacan.mx/?ruta=ajalpan
1,Taller Mecanico Sin Nombre,taller,20,18.418135,-97.332706,https://mitehuacan.mx/?ruta=ajalpan
1,Taller Mecanico Yonha,taller,21,18.377949,-97.275083,https://mitehuacan.mx/?ruta=ajalpan
1,Servicio Automotriz Rrj,taller,31,18.465006,-97.38587,https://mitehuacan.mx/?ruta=ajalpan
1,Taller Mecanico Hermanos Rodriguez,taller,31,18.440468,-97.366547,https://mitehuacan.mx/?ruta=ajalpan
1,Taller De Suspensiones Automotrices Del Valle,taller,34,18.46244,-97.386025,https://mitehuacan.mx/?ruta=ajalpan
1,Preparacion De Tempexquixtles Herbidos Sin Nombre,taller,35,18.379209,-97.255453,https://mitehuacan.mx/?ruta=ajalpan
1,Taller De Torno,taller,38,18.463133,-97.387086,https://mitehuacan.mx/?ruta=ajalpan
1,Club De Nutricion Herbalife Sin Nombre,taller,40,18.379023,-97.261443,https://mitehuacan.mx/?ruta=ajalpan
1,Club De Nutricion Herbalife Sin Nombre,taller,44,18.379299,-97.262294,https://mitehuacan.mx/?ruta=ajalpan
1,Club San Diego 2.0 Herbalife,taller,44,18.441335,-97.366876,https://mitehuacan.mx/?ruta=ajalpan
1,Servicio Electrico Layo,taller,47,18.444792,-97.36935,https://mitehuacan.mx/?ruta=ajalpan
1,Taller Mecanico Automecanica,taller,47,18.465175,-97.386941,https://mitehuacan.mx/?ruta=ajalpan
1,Rocap Reparacion Y Mantenimiento,taller,48,18.379304,-97.258981,https://mitehuacan.mx/?ruta=ajalpan
1,Servicio Electrico Sin Nombre,taller,48,18.462346,-97.387101,https://mitehuacan.mx/?ruta=ajalpan
1,Bodega De Frutas Tropicales,taller,49,18.379254,-97.262307,https://mitehuacan.mx/?ruta=ajalpan
1,Gelatinas Fruti Rico,taller,50,18.463323,-97.389432,https://mitehuacan.mx/?ruta=ajalpan
1,Club De Nutricion Metavida,taller,51,18.46196,-97.377519,https://mitehuacan.mx/?ruta=ajalpan
1,Hojalateria Y Pintura Automotriz Toño,taller,52,18.4413,-97.366949,https://mitehuacan.mx/?ruta=ajalpan
1,Taller Electrico Automotriz Sin Nombre,taller,52,18.379536,-97.260045,https://mitehuacan.mx/?ruta=ajalpan
1,Venta De Productos Naturistas Club De Nutricion,taller,52,18.463337,-97.389303,https://mitehuacan.mx/?ruta=ajalpan
1,Taller Mecanico Aldama,taller,53,18.379023,-97.300193,https://mitehuacan.mx/?ruta=ajalpan
1,Hojalateria Y Pinturas Max,taller,57,18.376197,-97.293462,https://mitehuacan.mx/?ruta=ajalpan
1,Centro De Servicio Agrigolas,taller,58,18.377564,-97.300418,https://mitehuacan.mx/?ruta=ajalpan
1,Taller Mecanico Llanos,taller,59,18.440642,-97.365715,https://mitehuacan.mx/?ruta=ajalpan
1,Proteinclub Rhinos Ajalpan,taller,61,18.379155,-97.262336,https://mitehuacan.mx/?ruta=ajalpan
1,Taller De Hojalateria Y Pintura Aguilar,taller,61,18.461871,-97.377537,https://mitehuacan.mx/?ruta=ajalpan
1,Club De Nutricion Herbalife,taller,62,18.378591,-97.261091,https://mitehuacan.mx/?ruta=ajalpan
1,Venta De Elotes Sin Nombre,taller,63,18.374861,-97.295902,https://mitehuacan.mx/?ruta=ajalpan
1,Elotes Y Esquites Sin Nombre,taller,65,18.463004,-97.375564,https://mitehuacan.mx/?ruta=ajalpan
1,Taller De Hojalateria Y Pintura Sin Nombre,taller,66,18.465252,-97.383695,https://mitehuacan.mx/?ruta=ajalpan
1,Preparacion Y Venta De Tortas Sin Nombre,taller,69,18.379475,-97.263283,https://mitehuacan.mx/?ruta=ajalpan
1,Elaboracion De Reposteria Sin Nombre,taller,70,18.378075,-97.254887,https://mitehuacan.mx/?ruta=ajalpan
1,Taller Electrico,taller,70,18.463315,-97.383869,https://mitehuacan.mx/?ruta=ajalpan
1,Club De Nutricion Herbalife,taller,71,18.465486,-97.389391,https://mitehuacan.mx/?ruta=ajalpan
1,Servicio Tecnico Automotriz Cara,taller,71,18.464598,-97.381848,https://mitehuacan.mx/?ruta=ajalpan
1,Venta De Nopales Sin Nombre,taller,71,18.377227,-97.260008,https://mitehuacan.mx/?ruta=ajalpan
1,Taller Electrico Mauricio,taller,72,18.379696,-97.259932,https://mitehuacan.mx/?ruta=ajalpan
1,Venta De Elotes Gasper,taller,74,18.462174,-97.389459,https://mitehuacan.mx/?ruta=ajalpan
1,Taller De Hojalateria Automotriz Sin Nombre,taller,76,18.376228,-97.299676,https://mitehuacan.mx/?ruta=ajalpan
1,Taller Mecanico En Diesel Sin Nombre,taller,76,18.463359,-97.381474,https://mitehuacan.mx/?ruta=ajalpan
1,Taller Automotriz Chucho,taller,77,18.464004,-97.384795,https://mitehuacan.mx/?ruta=ajalpan
1,Taller De Hojalateria Y Pintura Sin Nombre,taller,77,18.374602,-97.297474,https://mitehuacan.mx/?ruta=ajalpan
1,Taller De Hojalateria Y Pintura Sin Nombre,taller,81,18.378138,-97.263811,https://mitehuacan.mx/?ruta=ajalpan
1,Taller De Hojalateria Y Pintura Vazquez,taller,81,18.463966,-97.384722,https://mitehuacan.mx/?ruta=ajalpan
1,Taller De Torno,taller,81,18.463522,-97.387066,https://mitehuacan.mx/?ruta=ajalpan
1,Venta De Antojitos Sin Nombre,taller,81,18.380784,-97.264491,https://mitehuacan.mx/?ruta=ajalpan
1,Venta De Productos Ismerely,taller,81,18.379596,-97.256161,https://mitehuacan.mx/?ruta=ajalpan
1,Taller Mecanico Sin Nombre,taller,83,18.374734,-97.298219,https://mitehuacan.mx/?ruta=ajalpan
1,Venta De Tamales Y Atole Sin Nombre,taller,83,18.374752,-97.295202,https://mitehuacan.mx/?ruta=ajalpan
1,Mecanica Automotriz Hp,taller,85,18.377157,-97.300442,https://mitehuacan.mx/?ruta=ajalpan
1,Fiscalia General De Estado De Puebla Unidad Investigacion Aj,taller,88,18.377078,-97.259625,https://mitehuacan.mx/?ruta=ajalpan
1,Composturas De Prendas De Vestir Sin Nombre,taller,89,18.463991,-97.388149,https://mitehuacan.mx/?ruta=ajalpan
1,Deliss Samy Elaboracion De Esquites,taller,89,18.37712,-97.256788,https://mitehuacan.mx/?ruta=ajalpan
1,Dulceria Dorilocos,taller,92,18.463283,-97.391371,https://mitehuacan.mx/?ruta=ajalpan
1,Tienda De Articulos Para El Hogar Sin Nombre,taller,92,18.377163,-97.261091,https://mitehuacan.mx/?ruta=ajalpan
1,Venta De Papas Sin Nombre,taller,92,18.463301,-97.39137,https://mitehuacan.mx/?ruta=ajalpan
1,Elaboracionde Tempexquixtle Y Nopales Sin Nombre,taller,95,18.377174,-97.255269,https://mitehuacan.mx/?ruta=ajalpan
1,Licuados Sin Nombre,taller,98,18.463952,-97.389288,https://mitehuacan.mx/?ruta=ajalpan
1,Servicio Mecanico Integrales De Tehuacan,taller,98,18.461818,-97.384945,https://mitehuacan.mx/?ruta=ajalpan
1,Torno Y Soldadura Letcas,taller,98,18.46173,-97.382678,https://mitehuacan.mx/?ruta=ajalpan
1,Taller De Costura Sin Nombre,taller,100,18.379358,-97.254775,https://mitehuacan.mx/?ruta=ajalpan
1,Elaboracion De Tempexquixtles Y Nopales Cosidos Y Semillas,taller,104,18.37718,-97.255041,https://mitehuacan.mx/?ruta=ajalpan
1,Venta De Yogourth Sin Nombre,taller,107,18.374931,-97.291234,https://mitehuacan.mx/?ruta=ajalpan
1,Taller De Torno Y Soldadura Gerardos,taller,109,18.374626,-97.298537,https://mitehuacan.mx/?ruta=ajalpan
1,Servicio Automotriz Coculco,taller,111,18.377853,-97.265154,https://mitehuacan.mx/?ruta=ajalpan
1,Taller Mecanico Sin Nombre,taller,111,18.374427,-97.295912,https://mitehuacan.mx/?ruta=ajalpan
1,Hojalateria Y Pintura Hermanos Simon,taller,113,18.374725,-97.292673,https://mitehuacan.mx/?ruta=ajalpan
1,Preparacion Y Venta De Tamales Y Atole Sin Nombre,taller,113,18.378105,-97.254489,https://mitehuacan.mx/?ruta=ajalpan
1,Taller Mecanico Automotriz Giron,taller,117,18.461267,-97.375581,https://mitehuacan.mx/?ruta=ajalpan
1,Jugueria Y Frutas Jugos Por Litro Erik,taller,118,18.46582,-97.387018,https://mitehuacan.mx/?ruta=ajalpan
1,Club De Nutricion Sin Nombre,taller,121,18.461686,-97.387108,https://mitehuacan.mx/?ruta=ajalpan
1,Taller Mecanico Automotriz Braulios,taller,121,18.374576,-97.293458,https://mitehuacan.mx/?ruta=ajalpan
1,Jose Castillo Morales,taller,123,18.463509,-97.375167,https://mitehuacan.mx/?ruta=ajalpan
1,Sastreria Sin Nombre,taller,123,18.465889,-97.38763,https://mitehuacan.mx/?ruta=ajalpan
1,Taller Mecanico America,taller,123,18.380218,-97.260148,https://mitehuacan.mx/?ruta=ajalpan
1,Taller Electrico Sin Nombre,taller,124,18.380054,-97.25576,https://mitehuacan.mx/?ruta=ajalpan
1,Taller Mecanico Servicio Automotriz Vargas,taller,125,18.442894,-97.366028,https://mitehuacan.mx/?ruta=ajalpan
1,Club Nutricional De Herbalife,taller,126,18.461948,-97.391178,https://mitehuacan.mx/?ruta=ajalpan
1,Grabados Juanito,taller,126,18.461948,-97.391178,https://mitehuacan.mx/?ruta=ajalpan
1,Papas Juquilita,taller,127,18.465954,-97.388434,https://mitehuacan.mx/?ruta=ajalpan
1,Elaboracion De Tamales Sin Nombre,taller,128,18.379654,-97.268675,https://mitehuacan.mx/?ruta=ajalpan
1,Lavanderia Santa Cruz,taller,128,18.44461,-97.370101,https://mitehuacan.mx/?ruta=ajalpan
1,Tuneart,taller,128,18.461457,-97.382617,https://mitehuacan.mx/?ruta=ajalpan
1,Multiservicios Taller Mecanico Electrico,taller,131,18.465844,-97.383799,https://mitehuacan.mx/?ruta=ajalpan
1,Mecanica Hojalateria Y Pintura Falcon,taller,133,18.461414,-97.382685,https://mitehuacan.mx/?ruta=ajalpan
1,Taller Mecanico Servicio Automotriz Tobon,taller,133,18.465947,-97.386727,https://mitehuacan.mx/?ruta=ajalpan
1,Snacks Crispy Fast Food,taller,134,18.465939,-97.386006,https://mitehuacan.mx/?ruta=ajalpan
1,Club De Nutricion Herbalife,taller,138,18.465922,-97.384337,https://mitehuacan.mx/?ruta=ajalpan
1,Postres Sin Nombre,taller,138,18.465909,-97.383853,https://mitehuacan.mx/?ruta=ajalpan
1,Taller De Joyeria Sin Nombre,taller,139,18.461577,-97.389037,https://mitehuacan.mx/?ruta=ajalpan
1,Servicio Automotriz Mendoza,taller,140,18.461258,-97.379816,https://mitehuacan.mx/?ruta=ajalpan
1,Taller De Suspenciones Vegar,taller,140,18.461493,-97.386621,https://mitehuacan.mx/?ruta=ajalpan
1,Venta De Aguas Frescas El Numero 1,taller,141,18.461572,-97.389588,https://mitehuacan.mx/?ruta=ajalpan
1,Venta De Yoghurt Sin Nombre,taller,141,18.37643,-97.274828,https://mitehuacan.mx/?ruta=ajalpan
1,Servicios De Reparacion De Electrodomesticos Sin Nombre,taller,149,18.376088,-97.300408,https://mitehuacan.mx/?ruta=ajalpan
1,Grupac,veterinaria,0,18.462419,-97.377408,https://mitehuacan.mx/?ruta=ajalpan
1,Inkuba Centro De Incubacion,veterinaria,0,18.462528,-97.379935,https://mitehuacan.mx/?ruta=ajalpan
1,Forrajes Altepexi,veterinaria,3,18.375355,-97.296814,https://mitehuacan.mx/?ruta=ajalpan
1,Venta De Alimentos Balanceados Distribuidora Pabsa Ajalpan,veterinaria,3,18.378039,-97.261051,https://mitehuacan.mx/?ruta=ajalpan
1,Nutrimentos Plus,veterinaria,4,18.46277,-97.38801,https://mitehuacan.mx/?ruta=ajalpan
1,Forrajera San Francisco,veterinaria,6,18.378485,-97.300355,https://mitehuacan.mx/?ruta=ajalpan
1,Forraje De Alfalfa,veterinaria,7,18.377626,-97.29972,https://mitehuacan.mx/?ruta=ajalpan
1,Veterinaria Pacheco,veterinaria,8,18.378793,-97.263698,https://mitehuacan.mx/?ruta=ajalpan
1,M2 Peritos,veterinaria,32,18.465129,-97.389266,https://mitehuacan.mx/?ruta=ajalpan
1,Oficinas Capsa,veterinaria,33,18.462088,-97.376638,https://mitehuacan.mx/?ruta=ajalpan
1,Comercializadora De Alimentos Balanceados San Francisco,veterinaria,37,18.378974,-97.261188,https://mitehuacan.mx/?ruta=ajalpan
1,Veterinaria Santa Cruz,veterinaria,39,18.462491,-97.389456,https://mitehuacan.mx/?ruta=ajalpan
1,Premezclas De Alimentos Proveedora De Tecnologias Globales,veterinaria,45,18.46306,-97.380876,https://mitehuacan.mx/?ruta=ajalpan
1,Venta De Alimentos Para Aves Alimentos Balanceados La Granji,veterinaria,70,18.462206,-97.389332,https://mitehuacan.mx/?ruta=ajalpan
1,Veterinaria San Ricardo,veterinaria,135,18.381564,-97.264044,https://mitehuacan.mx/?ruta=ajalpan
2,Abarrotes Cadena,abarrotes,0,18.462525,-97.379884,https://mitehuacan.mx/?ruta=ajalpan
2,Miscelanea Flores,abarrotes,0,18.462307,-97.374914,https://mitehuacan.mx/?ruta=ajalpan
2,Miscelanea Karol,abarrotes,0,18.462519,-97.379755,https://mitehuacan.mx/?ruta=ajalpan
2,Miscelanea Arylu,abarrotes,1,18.464812,-97.388776,https://mitehuacan.mx/?ruta=ajalpan
2,Miscelanea La Ideal,abarrotes,1,18.464768,-97.387649,https://mitehuacan.mx/?ruta=ajalpan
2,Miscelanea Matt,abarrotes,1,18.462405,-97.377093,https://mitehuacan.mx/?ruta=ajalpan
2,Miscelanea Mendiola,abarrotes,1,18.423705,-97.341171,https://mitehuacan.mx/?ruta=ajalpan
2,Miscelanea Perea,abarrotes,1,18.462595,-97.381508,https://mitehuacan.mx/?ruta=ajalpan
2,Miscelanea Sin Nombre,abarrotes,1,18.464351,-97.382531,https://mitehuacan.mx/?ruta=ajalpan
2,Miscelanea Vazquez,abarrotes,1,18.464656,-97.384256,https://mitehuacan.mx/?ruta=ajalpan
2,Miscelanea Zamacona,abarrotes,1,18.462638,-97.383138,https://mitehuacan.mx/?ruta=ajalpan
2,Tienda Sin Nombre,abarrotes,1,18.462453,-97.378202,https://mitehuacan.mx/?ruta=ajalpan
2,Ultramarinos Y Venta De Cerveza Perla Negra,abarrotes,1,18.464646,-97.38382,https://mitehuacan.mx/?ruta=ajalpan
2,Miscelanea Eye,abarrotes,2,18.42235,-97.338159,https://mitehuacan.mx/?ruta=ajalpan
2,Miscelanea Los Pari,abarrotes,2,18.44305,-97.367703,https://mitehuacan.mx/?ruta=ajalpan
2,Comercializadora El Crucero,abarrotes,3,18.375329,-97.297137,https://mitehuacan.mx/?ruta=ajalpan
2,Expendio De Sabritas,abarrotes,3,18.378769,-97.257622,https://mitehuacan.mx/?ruta=ajalpan
2,Minisuper Roni,abarrotes,3,18.378668,-97.262999,https://mitehuacan.mx/?ruta=ajalpan
2,Miscelanea Fatima,abarrotes,3,18.378879,-97.255798,https://mitehuacan.mx/?ruta=ajalpan
2,Miscelanea Sin Nombre,abarrotes,3,18.377733,-97.27447,https://mitehuacan.mx/?ruta=ajalpan
2,Muni Super San Diego,abarrotes,3,18.444588,-97.36871,https://mitehuacan.mx/?ruta=ajalpan
2,Terminal Independencia,abarrotes,3,18.462847,-97.390275,https://mitehuacan.mx/?ruta=ajalpan
2,Tienda La Colmena,abarrotes,3,18.377921,-97.256258,https://mitehuacan.mx/?ruta=ajalpan
2,Abarrotes Cadena,abarrotes,4,18.462584,-97.378496,https://mitehuacan.mx/?ruta=ajalpan
2,Abarrotes Cadena,abarrotes,4,18.462557,-97.377873,https://mitehuacan.mx/?ruta=ajalpan
2,Bodega Abarrotes Cadena,abarrotes,4,18.462558,-97.377885,https://mitehuacan.mx/?ruta=ajalpan
2,Distribuidora De Huevo Y Manteca De Ajalpan,abarrotes,4,18.379238,-97.260999,https://mitehuacan.mx/?ruta=ajalpan
2,Mi Tiendita,abarrotes,4,18.37528,-97.296922,https://mitehuacan.mx/?ruta=ajalpan
2,Miscelanea Aldama,abarrotes,4,18.420287,-97.334816,https://mitehuacan.mx/?ruta=ajalpan
2,Miscelanea Lupita,abarrotes,4,18.379029,-97.259689,https://mitehuacan.mx/?ruta=ajalpan
2,Miscelanea Sin Nombre,abarrotes,4,18.420379,-97.334937,https://mitehuacan.mx/?ruta=ajalpan
2,Novedades Alison,abarrotes,4,18.444526,-97.368749,https://mitehuacan.mx/?ruta=ajalpan
2,Tienda De Abarrotes De Jesus,abarrotes,4,18.379185,-97.260782,https://mitehuacan.mx/?ruta=ajalpan
2,Tienda De Abarrotes Sin Nombre,abarrotes,4,18.379772,-97.262448,https://mitehuacan.mx/?ruta=ajalpan
2,Tienda De Abarrotes Sin Nombre,abarrotes,4,18.379945,-97.262871,https://mitehuacan.mx/?ruta=ajalpan
2,Tienda Principal,abarrotes,4,18.375439,-97.295522,https://mitehuacan.mx/?ruta=ajalpan
2,Casa Herrera,abarrotes,5,18.378768,-97.258285,https://mitehuacan.mx/?ruta=ajalpan
2,Miscelanea Angelito Uno,abarrotes,5,18.375558,-97.295081,https://mitehuacan.mx/?ruta=ajalpan
2,Miscelanea Chalma,abarrotes,5,18.441669,-97.366503,https://mitehuacan.mx/?ruta=ajalpan
2,Miscelanea Danys,abarrotes,5,18.377928,-97.258211,https://mitehuacan.mx/?ruta=ajalpan
2,Miscelanea Esmeralda,abarrotes,5,18.423225,-97.340209,https://mitehuacan.mx/?ruta=ajalpan
2,Miscelanea Jazmin,abarrotes,5,18.380261,-97.263458,https://mitehuacan.mx/?ruta=ajalpan
2,Miscelanea La Purisima,abarrotes,5,18.379714,-97.26211,https://mitehuacan.mx/?ruta=ajalpan
2,Miscelanea Rosy,abarrotes,5,18.423332,-97.340206,https://mitehuacan.mx/?ruta=ajalpan
2,Mini Super La Guereja,abarrotes,6,18.462785,-97.389318,https://mitehuacan.mx/?ruta=ajalpan
2,Miscelanea El Boulebar,abarrotes,6,18.375631,-97.293411,https://mitehuacan.mx/?ruta=ajalpan
2,Miscelanea El Nuevo Mundo,abarrotes,6,18.379355,-97.26109,https://mitehuacan.mx/?ruta=ajalpan
2,Miscelanea La Japonesa,abarrotes,6,18.377311,-97.299503,https://mitehuacan.mx/?ruta=ajalpan
2,Miscelanea Ramirez,abarrotes,6,18.44069,-97.366358,https://mitehuacan.mx/?ruta=ajalpan
2,Miscelanea Tadeo,abarrotes,6,18.377945,-97.260201,https://mitehuacan.mx/?ruta=ajalpan
2,Abarrotes Vega,abarrotes,7,18.464634,-97.384671,https://mitehuacan.mx/?ruta=ajalpan
2,Miscelanea Deli,abarrotes,7,18.378109,-97.300071,https://mitehuacan.mx/?ruta=ajalpan
2,Miscelanea Flores,abarrotes,7,18.439543,-97.365952,https://mitehuacan.mx/?ruta=ajalpan
2,Miscelanea Mavis,abarrotes,7,18.438247,-97.365629,https://mitehuacan.mx/?ruta=ajalpan
2,Miscelanea Sosa,abarrotes,7,18.419566,-97.333856,https://mitehuacan.mx/?ruta=ajalpan
2,Miselanea La Tiendita,abarrotes,7,18.46289,-97.388101,https://mitehuacan.mx/?ruta=ajalpan
2,Tienda Abarrotes Sin Nombre,abarrotes,7,18.378305,-97.261846,https://mitehuacan.mx/?ruta=ajalpan
2,Tienda De Abarrotes El Señor De La Misericordia,abarrotes,7,18.464856,-97.388054,https://mitehuacan.mx/?ruta=ajalpan
2,Tienda De Abarrotes Sin Nombre,abarrotes,7,18.378305,-97.261846,https://mitehuacan.mx/?ruta=ajalpan
2,Tienda De Abarrotes Super 10,abarrotes,7,18.380305,-97.263958,https://mitehuacan.mx/?ruta=ajalpan
2,Tienda De Autoservicio Jeherza,abarrotes,7,18.378189,-97.261906,https://mitehuacan.mx/?ruta=ajalpan
2,Miscelanea De La 11,abarrotes,8,18.462968,-97.382577,https://mitehuacan.mx/?ruta=ajalpan
2,Papeleria Y Miscelanea Rosy,abarrotes,8,18.421122,-97.335901,https://mitehuacan.mx/?ruta=ajalpan
2,Tienda La Morenita,abarrotes,8,18.462982,-97.390421,https://mitehuacan.mx/?ruta=ajalpan
2,Miscelanea Camy,abarrotes,9,18.441035,-97.36647,https://mitehuacan.mx/?ruta=ajalpan
2,Miscelanea Doña Lupe,abarrotes,9,18.440343,-97.366122,https://mitehuacan.mx/?ruta=ajalpan
2,Miscelanea La Iguana,abarrotes,9,18.375845,-97.292569,https://mitehuacan.mx/?ruta=ajalpan
2,Miscelanea La Nuez,abarrotes,9,18.449176,-97.37039,https://mitehuacan.mx/?ruta=ajalpan
2,Miscelanea La Tiendita,abarrotes,9,18.462958,-97.389911,https://mitehuacan.mx/?ruta=ajalpan
2,Miscelanea Mi Tiendita,abarrotes,9,18.464807,-97.386234,https://mitehuacan.mx/?ruta=ajalpan
2,Miscelanea Negrete,abarrotes,9,18.462832,-97.385987,https://mitehuacan.mx/?ruta=ajalpan
2,Miscelanea San Antonio,abarrotes,9,18.462835,-97.386101,https://mitehuacan.mx/?ruta=ajalpan
2,Abarrotes Y Deposito El Bimbo,abarrotes,10,18.3787,-97.267324,https://mitehuacan.mx/?ruta=ajalpan
2,Miscelanea Y Panaderia La Gloria,abarrotes,10,18.378838,-97.264589,https://mitehuacan.mx/?ruta=ajalpan
2,Miscelanea 3 Castillos,abarrotes,11,18.421585,-97.336659,https://mitehuacan.mx/?ruta=ajalpan
2,Tienda Escolar Juana De Arco,abarrotes,11,18.464612,-97.382417,https://mitehuacan.mx/?ruta=ajalpan
2,Tienda Six Ajalpan,abarrotes,11,18.378843,-97.264058,https://mitehuacan.mx/?ruta=ajalpan
2,La Tiendita,abarrotes,12,18.448481,-97.370463,https://mitehuacan.mx/?ruta=ajalpan
2,Miscelanea Antiventura,abarrotes,12,18.42067,-97.335081,https://mitehuacan.mx/?ruta=ajalpan
2,Miscelanea San Esteban,abarrotes,13,18.46266,-97.387017,https://mitehuacan.mx/?ruta=ajalpan
2,Miscelanea Tato,abarrotes,14,18.462799,-97.381528,https://mitehuacan.mx/?ruta=ajalpan
2,Miscelanea La Ventanita,abarrotes,15,18.437229,-97.365129,https://mitehuacan.mx/?ruta=ajalpan
2,Miscelanea Arriaga,abarrotes,16,18.376625,-97.298907,https://mitehuacan.mx/?ruta=ajalpan
2,Miscelanea Rosita,abarrotes,16,18.442447,-97.367428,https://mitehuacan.mx/?ruta=ajalpan
2,Deposito Parra,abarrotes,20,18.37758,-97.278268,https://mitehuacan.mx/?ruta=ajalpan
2,Deposito Parra,abarrotes,20,18.377584,-97.278238,https://mitehuacan.mx/?ruta=ajalpan
2,Miscelanea Trujillo,abarrotes,20,18.37738,-97.280043,https://mitehuacan.mx/?ruta=ajalpan
2,Miscelanea Tomy,abarrotes,22,18.440537,-97.366473,https://mitehuacan.mx/?ruta=ajalpan
2,Venta De Dulces Y Mas Sin Nombre,abarrotes,22,18.378105,-97.257158,https://mitehuacan.mx/?ruta=ajalpan
2,Miscelanea Didier,abarrotes,23,18.378662,-97.262479,https://mitehuacan.mx/?ruta=ajalpan
2,Miscelanea Citlali,abarrotes,24,18.378574,-97.256527,https://mitehuacan.mx/?ruta=ajalpan
2,Miscelanea Gonzalez,abarrotes,26,18.435467,-97.36474,https://mitehuacan.mx/?ruta=ajalpan
2,Miscelanea Sin Nombre,abarrotes,26,18.442904,-97.367279,https://mitehuacan.mx/?ruta=ajalpan
2,Miscelanea Alan,abarrotes,28,18.463124,-97.389438,https://mitehuacan.mx/?ruta=ajalpan
2,Miscelanea Betito,abarrotes,28,18.377609,-97.278655,https://mitehuacan.mx/?ruta=ajalpan
2,Miscelanea Juquilita,abarrotes,28,18.440256,-97.366464,https://mitehuacan.mx/?ruta=ajalpan
2,Miscelanea Sin Nombre,abarrotes,28,18.3757,-97.295808,https://mitehuacan.mx/?ruta=ajalpan
2,Miscelanea Florentino,abarrotes,29,18.379061,-97.256464,https://mitehuacan.mx/?ruta=ajalpan
2,Miscelanea Lupita,abarrotes,30,18.377841,-97.3003,https://mitehuacan.mx/?ruta=ajalpan
2,Miscelanea Los Pitufos,abarrotes,33,18.44479,-97.369198,https://mitehuacan.mx/?ruta=ajalpan
2,La Herradura,abarrotes,34,18.377567,-97.259022,https://mitehuacan.mx/?ruta=ajalpan
2,Miscelanea Marisol,abarrotes,34,18.377956,-97.255232,https://mitehuacan.mx/?ruta=ajalpan
2,Miscelanea Mi Tiendita,abarrotes,36,18.442901,-97.367166,https://mitehuacan.mx/?ruta=ajalpan
2,Miscelanea Almar,abarrotes,38,18.378453,-97.256414,https://mitehuacan.mx/?ruta=ajalpan
2,Miscelanea Piolin,abarrotes,39,18.442969,-97.368074,https://mitehuacan.mx/?ruta=ajalpan
2,Miscelanea Bambu,abarrotes,40,18.462025,-97.376651,https://mitehuacan.mx/?ruta=ajalpan
2,Miscelanea Sin Nombre,abarrotes,40,18.464339,-97.384769,https://mitehuacan.mx/?ruta=ajalpan
2,Miscelanealos Peques,abarrotes,40,18.443549,-97.367576,https://mitehuacan.mx/?ruta=ajalpan
2,Miscelanea Ermita,abarrotes,41,18.418541,-97.332639,https://mitehuacan.mx/?ruta=ajalpan
2,Miscelanea La Veracruzana Ii,abarrotes,43,18.464415,-97.388418,https://mitehuacan.mx/?ruta=ajalpan
2,Miscelanea Marely,abarrotes,44,18.439701,-97.366484,https://mitehuacan.mx/?ruta=ajalpan
2,Abarroteras Alce,abarrotes,45,18.377617,-97.261181,https://mitehuacan.mx/?ruta=ajalpan
2,Miscelanea Renata,abarrotes,48,18.374927,-97.296506,https://mitehuacan.mx/?ruta=ajalpan
2,Miscelanea Casa Sanchez,abarrotes,49,18.462337,-97.387101,https://mitehuacan.mx/?ruta=ajalpan
2,Miscelanea Marijo,abarrotes,49,18.422724,-97.337945,https://mitehuacan.mx/?ruta=ajalpan
2,Miscelanea Juquilita,abarrotes,51,18.42137,-97.335546,https://mitehuacan.mx/?ruta=ajalpan
2,Miscelanea Morita,abarrotes,51,18.462319,-97.387101,https://mitehuacan.mx/?ruta=ajalpan
2,Miscelanea Yair,abarrotes,51,18.378097,-97.262926,https://mitehuacan.mx/?ruta=ajalpan
2,Miscelanea Rocio,abarrotes,53,18.440976,-97.366877,https://mitehuacan.mx/?ruta=ajalpan
2,Miscelanea Dani,abarrotes,54,18.464602,-97.382009,https://mitehuacan.mx/?ruta=ajalpan
2,Miscelanea Juana,abarrotes,54,18.378383,-97.25906,https://mitehuacan.mx/?ruta=ajalpan
2,Miscelanea Sin Nombre,abarrotes,54,18.374903,-97.296289,https://mitehuacan.mx/?ruta=ajalpan
2,Miscelanea Sin Nombre,abarrotes,54,18.376443,-97.299579,https://mitehuacan.mx/?ruta=ajalpan
2,Miscelanea Los Barateros,abarrotes,55,18.441004,-97.366905,https://mitehuacan.mx/?ruta=ajalpan
2,Tiendita De La Esquina,abarrotes,56,18.465203,-97.384627,https://mitehuacan.mx/?ruta=ajalpan
2,Minisuper Coculco,abarrotes,59,18.378323,-97.265158,https://mitehuacan.mx/?ruta=ajalpan
2,Miscelanea Vianney,abarrotes,63,18.374863,-97.29593,https://mitehuacan.mx/?ruta=ajalpan
2,Abarrotera El Agula,abarrotes,64,18.377133,-97.274813,https://mitehuacan.mx/?ruta=ajalpan
2,Miscelanea Lupita,abarrotes,65,18.465431,-97.389391,https://mitehuacan.mx/?ruta=ajalpan
2,Abarrotes Sandy,abarrotes,66,18.465254,-97.383762,https://mitehuacan.mx/?ruta=ajalpan
2,Bodega Sin Nombre,abarrotes,67,18.378672,-97.261082,https://mitehuacan.mx/?ruta=ajalpan
2,Miscelanea Tere,abarrotes,67,18.462006,-97.381622,https://mitehuacan.mx/?ruta=ajalpan
2,Tienda De Abarrotes Sin Nombre,abarrotes,67,18.419061,-97.334321,https://mitehuacan.mx/?ruta=ajalpan
2,Tienda Sin Nombre,abarrotes,67,18.3794,-97.256585,https://mitehuacan.mx/?ruta=ajalpan
2,Abarrotes Las Quince Letras,abarrotes,68,18.378645,-97.261085,https://mitehuacan.mx/?ruta=ajalpan
2,Miscelanea Eliza,abarrotes,68,18.376355,-97.299671,https://mitehuacan.mx/?ruta=ajalpan
2,Miscelanea Daniela Y Cesar,abarrotes,69,18.374841,-97.29558,https://mitehuacan.mx/?ruta=ajalpan
2,Miscelanea Mi Oxxito,abarrotes,71,18.374833,-97.295447,https://mitehuacan.mx/?ruta=ajalpan
2,Papeleria Y Abarrotes San Diego,abarrotes,71,18.440641,-97.365592,https://mitehuacan.mx/?ruta=ajalpan
2,Miscelanea Alvarez,abarrotes,73,18.378279,-97.264137,https://mitehuacan.mx/?ruta=ajalpan
2,Miscelanea Lucy,abarrotes,73,18.46337,-97.384765,https://mitehuacan.mx/?ruta=ajalpan
2,Miscelanea Sin Nombre,abarrotes,73,18.465326,-97.384082,https://mitehuacan.mx/?ruta=ajalpan
2,Miscelanea Tinita,abarrotes,73,18.465304,-97.383295,https://mitehuacan.mx/?ruta=ajalpan
2,Miscelanea Bautista,abarrotes,75,18.379599,-97.255782,https://mitehuacan.mx/?ruta=ajalpan
2,Bodega De Abarrotera Alce,abarrotes,76,18.377348,-97.261287,https://mitehuacan.mx/?ruta=ajalpan
2,Miscelanea Lily,abarrotes,76,18.461701,-97.376719,https://mitehuacan.mx/?ruta=ajalpan
2,Miscelanea San Juditas,abarrotes,76,18.376453,-97.292658,https://mitehuacan.mx/?ruta=ajalpan
2,Miscelanea Vannia,abarrotes,76,18.430897,-97.360411,https://mitehuacan.mx/?ruta=ajalpan
2,Tienda Sin Nombre,abarrotes,78,18.378912,-97.254874,https://mitehuacan.mx/?ruta=ajalpan
2,Miscelanea Natalia,abarrotes,79,18.442226,-97.367998,https://mitehuacan.mx/?ruta=ajalpan
2,Miscelanea Saul,abarrotes,79,18.442205,-97.367982,https://mitehuacan.mx/?ruta=ajalpan
2,Tienda Sin Nombre,abarrotes,80,18.377284,-97.255407,https://mitehuacan.mx/?ruta=ajalpan
2,Tienda Diconsa,abarrotes,82,18.461681,-97.377575,https://mitehuacan.mx/?ruta=ajalpan
2,Miscelanea Hernandez Vargas,abarrotes,83,18.423537,-97.339022,https://mitehuacan.mx/?ruta=ajalpan
2,Miscelanea Sin Nombre,abarrotes,84,18.463438,-97.38368,https://mitehuacan.mx/?ruta=ajalpan
2,Miscelanea Nicol,abarrotes,85,18.448699,-97.369571,https://mitehuacan.mx/?ruta=ajalpan
2,Miscelanea Angeles,abarrotes,86,18.375945,-97.29959,https://mitehuacan.mx/?ruta=ajalpan
2,Miscelanea De Abarrotes Sin Nombre,abarrotes,86,18.375518,-97.299226,https://mitehuacan.mx/?ruta=ajalpan
2,Miscelanea Juliana,abarrotes,86,18.379677,-97.25596,https://mitehuacan.mx/?ruta=ajalpan
2,Miscelanea Sin Nombre,abarrotes,86,18.377977,-97.254739,https://mitehuacan.mx/?ruta=ajalpan
2,Miscelanea Tere,abarrotes,86,18.374631,-97.296106,https://mitehuacan.mx/?ruta=ajalpan
2,Tienda De Abarrotes Sin Nombre,abarrotes,86,18.379633,-97.258825,https://mitehuacan.mx/?ruta=ajalpan
2,Tienda Sin Nombre,abarrotes,87,18.465418,-97.382484,https://mitehuacan.mx/?ruta=ajalpan
2,Miscelanea Carmelita,abarrotes,88,18.377072,-97.259966,https://mitehuacan.mx/?ruta=ajalpan
2,Miscelanea Heidi,abarrotes,88,18.442793,-97.368501,https://mitehuacan.mx/?ruta=ajalpan
2,Miscelanea,abarrotes,89,18.463388,-97.379177,https://mitehuacan.mx/?ruta=ajalpan
2,Miscelanea Nuevo Mundo,abarrotes,89,18.464939,-97.391343,https://mitehuacan.mx/?ruta=ajalpan
2,Miscelanea Reyna,abarrotes,89,18.377146,-97.256284,https://mitehuacan.mx/?ruta=ajalpan
2,Miscelenea Lili,abarrotes,89,18.377284,-97.255142,https://mitehuacan.mx/?ruta=ajalpan
2,Tienda Comunitaria Diconsa,abarrotes,89,18.442841,-97.368546,https://mitehuacan.mx/?ruta=ajalpan
2,Miscelanea Mini Ocsito,abarrotes,90,18.463518,-97.391362,https://mitehuacan.mx/?ruta=ajalpan
2,Miscelanea Esmeralda,abarrotes,93,18.46354,-97.384578,https://mitehuacan.mx/?ruta=ajalpan
2,Tienda De Abarrotes Sin Nombre,abarrotes,94,18.378743,-97.254711,https://mitehuacan.mx/?ruta=ajalpan
2,Tiendita De Doña Irene,abarrotes,94,18.440509,-97.367164,https://mitehuacan.mx/?ruta=ajalpan
2,Miscelanea Deposito 20 De Noviembre,abarrotes,95,18.440493,-97.36717,https://mitehuacan.mx/?ruta=ajalpan
2,"Comercio Al Por Menor En Tiendas De Abarrotes, Ultramarinos ",abarrotes,96,18.379345,-97.254815,https://mitehuacan.mx/?ruta=ajalpan
2,Expendio De Huevo Alma De Jesus,abarrotes,96,18.440698,-97.367231,https://mitehuacan.mx/?ruta=ajalpan
2,Miscelanea Keyla,abarrotes,96,18.376874,-97.30036,https://mitehuacan.mx/?ruta=ajalpan
2,Miscelanea La Ventanita,abarrotes,96,18.463595,-97.385364,https://mitehuacan.mx/?ruta=ajalpan
2,Comercio Al Por Menor En Minisupers Sin Nombre,abarrotes,97,18.440457,-97.367182,https://mitehuacan.mx/?ruta=ajalpan
2,Tienda Gaby,abarrotes,98,18.374711,-97.294247,https://mitehuacan.mx/?ruta=ajalpan
2,Miscelanea Hogar Liz,abarrotes,99,18.430234,-97.359864,https://mitehuacan.mx/?ruta=ajalpan
2,Miscelanea Sin Nombre,abarrotes,99,18.377177,-97.255164,https://mitehuacan.mx/?ruta=ajalpan
2,Miscelanea Sin Nombre,abarrotes,100,18.37695,-97.300454,https://mitehuacan.mx/?ruta=ajalpan
2,Tienda De Abarrotes Mari,abarrotes,100,18.374503,-97.29608,https://mitehuacan.mx/?ruta=ajalpan
2,Miscelanea Sin Nombre,abarrotes,101,18.465545,-97.382479,https://mitehuacan.mx/?ruta=ajalpan
2,Miscelanea Sin Nombre,abarrotes,102,18.463322,-97.375257,https://mitehuacan.mx/?ruta=ajalpan
2,Miscelanea Bolaños,abarrotes,103,18.448325,-97.371312,https://mitehuacan.mx/?ruta=ajalpan
2,Venta De Refresco Sin Nombre,abarrotes,104,18.378263,-97.279022,https://mitehuacan.mx/?ruta=ajalpan
2,Miscelanea Diana,abarrotes,106,18.378054,-97.28104,https://mitehuacan.mx/?ruta=ajalpan
2,Miscelanea Sin Nombre,abarrotes,107,18.374932,-97.291225,https://mitehuacan.mx/?ruta=ajalpan
2,Miscelanea Lunita,abarrotes,108,18.379706,-97.266249,https://mitehuacan.mx/?ruta=ajalpan
2,Abarrotes Vanesa,abarrotes,109,18.379617,-97.267127,https://mitehuacan.mx/?ruta=ajalpan
2,Miscelanea Del Centro,abarrotes,111,18.377049,-97.261389,https://mitehuacan.mx/?ruta=ajalpan
2,Miscelanea Paulito,abarrotes,111,18.377038,-97.272011,https://mitehuacan.mx/?ruta=ajalpan
2,Tienda Magy,abarrotes,111,18.442857,-97.368819,https://mitehuacan.mx/?ruta=ajalpan
2,Miscelanea Trigo Miel,abarrotes,112,18.377283,-97.254791,https://mitehuacan.mx/?ruta=ajalpan
2,Miscelanea Bolaños,abarrotes,113,18.448462,-97.371434,https://mitehuacan.mx/?ruta=ajalpan
2,Miscelanea Jazmin,abarrotes,113,18.421822,-97.339557,https://mitehuacan.mx/?ruta=ajalpan
2,Miscelanea,abarrotes,114,18.463611,-97.379086,https://mitehuacan.mx/?ruta=ajalpan
2,Miscelanea La Veracruzana 1,abarrotes,114,18.465871,-97.389265,https://mitehuacan.mx/?ruta=ajalpan
2,Miscelanea Cruz,abarrotes,115,18.379827,-97.256614,https://mitehuacan.mx/?ruta=ajalpan
2,Miscelanea Liz,abarrotes,115,18.424286,-97.33987,https://mitehuacan.mx/?ruta=ajalpan
2,Miscelanea Miriam,abarrotes,115,18.374391,-97.295912,https://mitehuacan.mx/?ruta=ajalpan
2,Miscelanea Sin Nombre,abarrotes,116,18.461561,-97.381574,https://mitehuacan.mx/?ruta=ajalpan
2,Miscelanea Sin Nombre,abarrotes,116,18.419428,-97.335414,https://mitehuacan.mx/?ruta=ajalpan
2,Miscelanea Don Toño,abarrotes,118,18.461555,-97.382843,https://mitehuacan.mx/?ruta=ajalpan
2,Miscelanea Elenita,abarrotes,118,18.461538,-97.382009,https://mitehuacan.mx/?ruta=ajalpan
2,Miselanea De Jesus,abarrotes,118,18.379851,-97.255045,https://mitehuacan.mx/?ruta=ajalpan
2,Tienda Martimiano,abarrotes,118,18.46365,-97.379148,https://mitehuacan.mx/?ruta=ajalpan
2,Miscelanea El Pollo,abarrotes,119,18.465773,-97.384587,https://mitehuacan.mx/?ruta=ajalpan
2,Miscelanea Sin Nombre,abarrotes,119,18.374346,-97.295945,https://mitehuacan.mx/?ruta=ajalpan
2,Miscelanea La Costeñita,abarrotes,120,18.380994,-97.264785,https://mitehuacan.mx/?ruta=ajalpan
2,Tendajon Ventura,abarrotes,120,18.38018,-97.260073,https://mitehuacan.mx/?ruta=ajalpan
2,Miscelanea Melany,abarrotes,121,18.44231,-97.36562,https://mitehuacan.mx/?ruta=ajalpan
2,Bodega Sin Nombre,abarrotes,122,18.379461,-97.269956,https://mitehuacan.mx/?ruta=ajalpan
2,Miscelanea Perlita,abarrotes,122,18.465857,-97.387019,https://mitehuacan.mx/?ruta=ajalpan
2,Tiendita Flor,abarrotes,122,18.433568,-97.364832,https://mitehuacan.mx/?ruta=ajalpan
2,Adornos De Globos Vallejo,abarrotes,123,18.38144,-97.264125,https://mitehuacan.mx/?ruta=ajalpan
2,Miscelanea Savi,abarrotes,123,18.376606,-97.300475,https://mitehuacan.mx/?ruta=ajalpan
2,Miscelanea Kioto,abarrotes,124,18.465968,-97.389677,https://mitehuacan.mx/?ruta=ajalpan
2,Miscelanea Los Girasoles,abarrotes,124,18.419052,-97.332016,https://mitehuacan.mx/?ruta=ajalpan
2,Miscelanea Sin Nombre,abarrotes,124,18.461481,-97.382342,https://mitehuacan.mx/?ruta=ajalpan
2,Tienda De Abarrotes Sin Nombre,abarrotes,124,18.374281,-97.296169,https://mitehuacan.mx/?ruta=ajalpan
2,Miscelanea Sin Nombre,abarrotes,125,18.461505,-97.38349,https://mitehuacan.mx/?ruta=ajalpan
2,Abarrotes Sin Nombre,abarrotes,126,18.461948,-97.391178,https://mitehuacan.mx/?ruta=ajalpan
2,Abarrotes Y Semillas La Ideal,abarrotes,126,18.461948,-97.391178,https://mitehuacan.mx/?ruta=ajalpan
2,Miscelanea Sin Nombre,abarrotes,126,18.380079,-97.255701,https://mitehuacan.mx/?ruta=ajalpan
2,Tienda De Abarrotes Sin Nombre,abarrotes,126,18.379952,-97.255068,https://mitehuacan.mx/?ruta=ajalpan
2,Tienda Sin Nombre,abarrotes,126,18.380718,-97.261659,https://mitehuacan.mx/?ruta=ajalpan
2,Miscelanea Josesito,abarrotes,128,18.374139,-97.29743,https://mitehuacan.mx/?ruta=ajalpan
2,Miscelanea Silvina,abarrotes,128,18.379654,-97.268675,https://mitehuacan.mx/?ruta=ajalpan
2,Tienda Sin Nombre,abarrotes,128,18.445471,-97.370351,https://mitehuacan.mx/?ruta=ajalpan
2,Miscelanea Juquilita,abarrotes,129,18.465862,-97.384699,https://mitehuacan.mx/?ruta=ajalpan
2,Miscelanea La Oveja Negra,abarrotes,130,18.442576,-97.365681,https://mitehuacan.mx/?ruta=ajalpan
2,Mi Tiendita San Juditas,abarrotes,131,18.441735,-97.365275,https://mitehuacan.mx/?ruta=ajalpan
2,Miscelanea Adriana,abarrotes,131,18.465962,-97.390939,https://mitehuacan.mx/?ruta=ajalpan
2,Miscelanea Moctezuma,abarrotes,131,18.465859,-97.384339,https://mitehuacan.mx/?ruta=ajalpan
2,Miscelanea De Abarrotes Marcos,abarrotes,133,18.3746,-97.292098,https://mitehuacan.mx/?ruta=ajalpan
2,Tienda Seven,abarrotes,133,18.374439,-97.293716,https://mitehuacan.mx/?ruta=ajalpan
2,Mini Super La Cabaña,abarrotes,134,18.44369,-97.369658,https://mitehuacan.mx/?ruta=ajalpan
2,Miscelanea Juanita,abarrotes,135,18.465933,-97.385532,https://mitehuacan.mx/?ruta=ajalpan
2,Tienda De Abarrotes Sin Nombre,abarrotes,135,18.461421,-97.38372,https://mitehuacan.mx/?ruta=ajalpan
2,Miscelanea Cinco Estrellas,abarrotes,136,18.461523,-97.38624,https://mitehuacan.mx/?ruta=ajalpan
2,Tienda De Abarrotes Comercializadora Casa Hernandez,abarrotes,136,18.461609,-97.389347,https://mitehuacan.mx/?ruta=ajalpan
2,Abarrotes La Colmenita,abarrotes,137,18.461662,-97.390759,https://mitehuacan.mx/?ruta=ajalpan
2,Miscelanea Alexander,abarrotes,137,18.379962,-97.266305,https://mitehuacan.mx/?ruta=ajalpan
2,Miscelanea La Victoria,abarrotes,137,18.441685,-97.36825,https://mitehuacan.mx/?ruta=ajalpan
2,Cremeria La Vaquita,abarrotes,138,18.465911,-97.383929,https://mitehuacan.mx/?ruta=ajalpan
2,Miscelanea Diana,abarrotes,138,18.374838,-97.299257,https://mitehuacan.mx/?ruta=ajalpan
2,Miscelanea Servin,abarrotes,138,18.465889,-97.383057,https://mitehuacan.mx/?ruta=ajalpan
2,Miscelanea Sin Nombre,abarrotes,138,18.379436,-97.254423,https://mitehuacan.mx/?ruta=ajalpan
2,Miscelanea Socorro 2,abarrotes,139,18.431207,-97.362848,https://mitehuacan.mx/?ruta=ajalpan
2,Tienda Sin Nombre,abarrotes,140,18.38097,-97.261922,https://mitehuacan.mx/?ruta=ajalpan
2,Miscelanea Liz,abarrotes,141,18.379973,-97.266501,https://mitehuacan.mx/?ruta=ajalpan
2,Miscelanea Martinez,abarrotes,141,18.4497,-97.371923,https://mitehuacan.mx/?ruta=ajalpan
2,Miscelanea Sin Nombre,abarrotes,141,18.461452,-97.38536,https://mitehuacan.mx/?ruta=ajalpan
2,Miscelanea Lety,abarrotes,142,18.375492,-97.299891,https://mitehuacan.mx/?ruta=ajalpan
2,Miscelanea Rossy,abarrotes,142,18.461296,-97.381144,https://mitehuacan.mx/?ruta=ajalpan
2,Miscelanea Sin Nombre,abarrotes,142,18.461248,-97.380092,https://mitehuacan.mx/?ruta=ajalpan
2,Miscelanea Amelia,abarrotes,143,18.376418,-97.274795,https://mitehuacan.mx/?ruta=ajalpan
2,Miscelanea Ramirez,abarrotes,143,18.376382,-97.2751,https://mitehuacan.mx/?ruta=ajalpan
2,Tienda Yolis,abarrotes,145,18.444505,-97.370236,https://mitehuacan.mx/?ruta=ajalpan
2,Miscelanea Eva,abarrotes,146,18.374524,-97.29175,https://mitehuacan.mx/?ruta=ajalpan
2,Tienda Sin Nombre,abarrotes,147,18.378103,-97.254165,https://mitehuacan.mx/?ruta=ajalpan
2,Miscelanea Coeto,abarrotes,148,18.376676,-97.261219,https://mitehuacan.mx/?ruta=ajalpan
2,Miscelanea Geminis,abarrotes,148,18.461417,-97.386528,https://mitehuacan.mx/?ruta=ajalpan
2,Miscelanea Sin Nombre,abarrotes,148,18.461216,-97.380658,https://mitehuacan.mx/?ruta=ajalpan
2,Miscelanea La Guadalupana,abarrotes,149,18.465787,-97.381799,https://mitehuacan.mx/?ruta=ajalpan
2,Miscelanea Martha,abarrotes,149,18.382005,-97.303071,https://mitehuacan.mx/?ruta=ajalpan
2,Banco Compartamos Ajalpan,banco,6,18.378309,-97.262256,https://mitehuacan.mx/?ruta=ajalpan
2,Bancoppel Institucion De Banca Multiple,banco,7,18.377932,-97.259724,https://mitehuacan.mx/?ruta=ajalpan
2,Bbva,banco,9,18.462841,-97.38631,https://mitehuacan.mx/?ruta=ajalpan
2,Bbva Bancomer Tehuacan,banco,9,18.462841,-97.386294,https://mitehuacan.mx/?ruta=ajalpan
2,Banco Inbursa Sc 612,banco,10,18.462805,-97.384984,https://mitehuacan.mx/?ruta=ajalpan
2,Bancomer,banco,12,18.462671,-97.387174,https://mitehuacan.mx/?ruta=ajalpan
2,Banco Azteca,banco,25,18.378583,-97.258112,https://mitehuacan.mx/?ruta=ajalpan
2,Bancefi,banco,91,18.377062,-97.258274,https://mitehuacan.mx/?ruta=ajalpan
2,Banco Azteca,banco,100,18.463772,-97.391462,https://mitehuacan.mx/?ruta=ajalpan
2,Bancoppel 3 Sur,banco,103,18.462486,-97.391382,https://mitehuacan.mx/?ruta=ajalpan
2,Centro De Estudio Y Entretenimiento Arte Sana,escuela,1,18.464835,-97.390085,https://mitehuacan.mx/?ruta=ajalpan
2,Clases De Dibujo Sin Nombre,escuela,1,18.464762,-97.387497,https://mitehuacan.mx/?ruta=ajalpan
2,Estetica Y Academia Leo,escuela,1,18.464836,-97.390142,https://mitehuacan.mx/?ruta=ajalpan
2,Jardin De Niños Castillo De Genios,escuela,1,18.462418,-97.377368,https://mitehuacan.mx/?ruta=ajalpan
2,Ugmex Rectoria,escuela,1,18.464723,-97.385295,https://mitehuacan.mx/?ruta=ajalpan
2,Bachillerato General Oficial Juan De La Barrera,escuela,2,18.377987,-97.273248,https://mitehuacan.mx/?ruta=ajalpan
2,Ceuni,escuela,3,18.462707,-97.385726,https://mitehuacan.mx/?ruta=ajalpan
2,Escuela Telesecundaria Victor Hugo,escuela,3,18.377855,-97.273394,https://mitehuacan.mx/?ruta=ajalpan
2,Instituto Educativo Montessori,escuela,4,18.377935,-97.255925,https://mitehuacan.mx/?ruta=ajalpan
2,Centro Academico Del Valle De Tehuacan,escuela,5,18.464738,-97.384652,https://mitehuacan.mx/?ruta=ajalpan
2,Instituto Educativo Montessori,escuela,5,18.37792,-97.258619,https://mitehuacan.mx/?ruta=ajalpan
2,Academia Gaia,escuela,6,18.420666,-97.335373,https://mitehuacan.mx/?ruta=ajalpan
2,Colegio De Introduccion Marcial De Tae Kwon Do De Ajalpan,escuela,6,18.379219,-97.260517,https://mitehuacan.mx/?ruta=ajalpan
2,Dojang Ilio Escuela De Artes Marciales,escuela,6,18.464724,-97.384074,https://mitehuacan.mx/?ruta=ajalpan
2,Centro De Capacitacion Y Desarrollo Cecade Tehuacan,escuela,7,18.464849,-97.387855,https://mitehuacan.mx/?ruta=ajalpan
2,Escuela De Fut Bol Shuster,escuela,7,18.378809,-97.263764,https://mitehuacan.mx/?ruta=ajalpan
2,Escuela Municipal De Danza Folklorica Mexicana,escuela,7,18.464834,-97.387495,https://mitehuacan.mx/?ruta=ajalpan
2,Taekwondo Cima Coculco,escuela,7,18.378027,-97.256102,https://mitehuacan.mx/?ruta=ajalpan
2,Escuela Taekwondo Oriente,escuela,8,18.464813,-97.386689,https://mitehuacan.mx/?ruta=ajalpan
2,Jardin De Niños Loris Malaguzzi,escuela,8,18.46492,-97.390253,https://mitehuacan.mx/?ruta=ajalpan
2,Ateneo Universitario En Humanidades En Ciencias De La Salud,escuela,11,18.462778,-97.383974,https://mitehuacan.mx/?ruta=ajalpan
2,Caic Las Jacarandas Dif,escuela,18,18.377836,-97.255484,https://mitehuacan.mx/?ruta=ajalpan
2,Escuela Foranea Nocturna Carmen Serdan,escuela,23,18.377697,-97.257131,https://mitehuacan.mx/?ruta=ajalpan
2,Escuela Primaria Eufrosina Camacho De Avila Turno Matutino,escuela,23,18.377697,-97.257131,https://mitehuacan.mx/?ruta=ajalpan
2,Escuela Primaria Eufrosina Camacho De Avila Turno Vespertino,escuela,23,18.377697,-97.257131,https://mitehuacan.mx/?ruta=ajalpan
2,Instituto Juana De Arco,escuela,27,18.464609,-97.382265,https://mitehuacan.mx/?ruta=ajalpan
2,Escuela Primaria Cuitlahuac,escuela,32,18.44236,-97.367544,https://mitehuacan.mx/?ruta=ajalpan
2,Escuela Manuel Pereyra Mejia,escuela,41,18.465123,-97.387018,https://mitehuacan.mx/?ruta=ajalpan
2,Instituto De Belleza Y Barber Shop Elegance,escuela,47,18.462979,-97.390935,https://mitehuacan.mx/?ruta=ajalpan
2,Educacion Integral Elide,escuela,52,18.464282,-97.387032,https://mitehuacan.mx/?ruta=ajalpan
2,Escuela Josefa Ortiz De Dominguez,escuela,53,18.462222,-97.384842,https://mitehuacan.mx/?ruta=ajalpan
2,Escuela Josefa Ortiz De Dominguez Vespertino,escuela,53,18.462222,-97.384842,https://mitehuacan.mx/?ruta=ajalpan
2,Unidad De Servicios De Apoyo A La Escuela Regular Usaer22,escuela,53,18.462222,-97.384842,https://mitehuacan.mx/?ruta=ajalpan
2,Plaza Comunitaria De Ieea Profr Antonio Ruanova,escuela,63,18.377313,-97.258127,https://mitehuacan.mx/?ruta=ajalpan
2,Escuela Secundaria Licenciado Benito Juarez,escuela,64,18.379444,-97.265152,https://mitehuacan.mx/?ruta=ajalpan
2,Academia De Baile Stage,escuela,81,18.463522,-97.387066,https://mitehuacan.mx/?ruta=ajalpan
2,Escuela Particular Cetec Tehuacan,escuela,87,18.462872,-97.391318,https://mitehuacan.mx/?ruta=ajalpan
2,Ateneo Universitario En Humanidades Y Ciencias,escuela,89,18.463642,-97.388377,https://mitehuacan.mx/?ruta=ajalpan
2,Escuela Profesional De Tae Kwan Do,escuela,89,18.462985,-97.391333,https://mitehuacan.mx/?ruta=ajalpan
2,Instituto De Belleza Matisse,escuela,90,18.463482,-97.391363,https://mitehuacan.mx/?ruta=ajalpan
2,Centro Universitario Tehuacan,escuela,92,18.463976,-97.388438,https://mitehuacan.mx/?ruta=ajalpan
2,Escuela Para Adultos Ineda,escuela,97,18.46439,-97.391452,https://mitehuacan.mx/?ruta=ajalpan
2,Academia De Baile Italy Dance,escuela,103,18.462505,-97.391382,https://mitehuacan.mx/?ruta=ajalpan
2,Escuela Secundaria General Federal Raul Lopez Ramirez,escuela,108,18.46056,-97.371746,https://mitehuacan.mx/?ruta=ajalpan
2,Colegio Sor Juana Ines De La Cruz,escuela,114,18.465881,-97.390416,https://mitehuacan.mx/?ruta=ajalpan
2,Servicios De Uñas Y Barberia Bel,escuela,115,18.465884,-97.390012,https://mitehuacan.mx/?ruta=ajalpan
2,Centro De Estudios Piaget,escuela,123,18.377138,-97.262078,https://mitehuacan.mx/?ruta=ajalpan
2,Instituto Moctezuma,escuela,130,18.465859,-97.384424,https://mitehuacan.mx/?ruta=ajalpan
2,Icatep,escuela,138,18.46588,-97.382649,https://mitehuacan.mx/?ruta=ajalpan
2,Bachillerato General Oficial Nueva Creacion Clave Cct21Ebh00,escuela,140,18.377523,-97.298122,https://mitehuacan.mx/?ruta=ajalpan
2,Bachillerato General Oficial Emiliano Zapata Clave 21Deh0076,escuela,143,18.377509,-97.298083,https://mitehuacan.mx/?ruta=ajalpan
2,Papeleria Rualic,papelería,2,18.379309,-97.264029,https://mitehuacan.mx/?ruta=ajalpan
2,Papeleria Aragon,papelería,3,18.462845,-97.39018,https://mitehuacan.mx/?ruta=ajalpan
2,Papeleria Gloria,papelería,3,18.462742,-97.386968,https://mitehuacan.mx/?ruta=ajalpan
2,Copias Y Papeleria El Roble,papelería,5,18.377938,-97.257423,https://mitehuacan.mx/?ruta=ajalpan
2,Papeleria Y Copias Amparito,papelería,5,18.378896,-97.258765,https://mitehuacan.mx/?ruta=ajalpan
2,Papeleria La Economica,papelería,6,18.378286,-97.262189,https://mitehuacan.mx/?ruta=ajalpan
2,Papeleria Y Fotocopiadora El Boligrafo,papelería,6,18.377932,-97.258011,https://mitehuacan.mx/?ruta=ajalpan
2,Papeleria La Goma,papelería,7,18.378939,-97.256032,https://mitehuacan.mx/?ruta=ajalpan
2,Papeleria Abaco,papelería,9,18.462962,-97.390044,https://mitehuacan.mx/?ruta=ajalpan
2,Tony Suc Tehuacan,papelería,9,18.46284,-97.386281,https://mitehuacan.mx/?ruta=ajalpan
2,Papeleria Olguis,papelería,10,18.462807,-97.385078,https://mitehuacan.mx/?ruta=ajalpan
2,Papeleria Alice,papelería,31,18.442411,-97.367582,https://mitehuacan.mx/?ruta=ajalpan
2,Papeleria Sin Nombre,papelería,31,18.37916,-97.265004,https://mitehuacan.mx/?ruta=ajalpan
2,Papeleria Y Copias Danys,papelería,35,18.377627,-97.256336,https://mitehuacan.mx/?ruta=ajalpan
2,Plaza Vent,papelería,42,18.46485,-97.39091,https://mitehuacan.mx/?ruta=ajalpan
2,Pepeleria Kelmy,papelería,43,18.376614,-97.299576,https://mitehuacan.mx/?ruta=ajalpan
2,Papeleria Y Regalos Gloria,papelería,48,18.44237,-97.367754,https://mitehuacan.mx/?ruta=ajalpan
2,Papeleria Didactica Premier,papelería,52,18.463337,-97.389303,https://mitehuacan.mx/?ruta=ajalpan
2,Papeleria Angel,papelería,61,18.440758,-97.366906,https://mitehuacan.mx/?ruta=ajalpan
2,Papeleria Alfredo,papelería,66,18.430516,-97.359731,https://mitehuacan.mx/?ruta=ajalpan
2,Papeleria Huichos,papelería,66,18.465268,-97.384264,https://mitehuacan.mx/?ruta=ajalpan
2,Papeleria Mi Lupita,papelería,67,18.442888,-97.366758,https://mitehuacan.mx/?ruta=ajalpan
2,Papeleria Acuarela,papelería,71,18.465392,-97.38694,https://mitehuacan.mx/?ruta=ajalpan
2,Papeleria Del Valle,papelería,86,18.464667,-97.381704,https://mitehuacan.mx/?ruta=ajalpan
2,Papeleria Y Regalos Beltran,papelería,88,18.377082,-97.259368,https://mitehuacan.mx/?ruta=ajalpan
2,Papeleria Sin Nombre,papelería,91,18.440547,-97.367151,https://mitehuacan.mx/?ruta=ajalpan
2,Papeleria Del Centro,papelería,98,18.422497,-97.340638,https://mitehuacan.mx/?ruta=ajalpan
2,Papeleria Y Regalos Sin Nombre,papelería,107,18.377794,-97.26353,https://mitehuacan.mx/?ruta=ajalpan
2,Papeleria El Trebol,papelería,115,18.465883,-97.390126,https://mitehuacan.mx/?ruta=ajalpan
2,Creaciones Zamar Papeleria,papelería,116,18.376832,-97.258986,https://mitehuacan.mx/?ruta=ajalpan
2,Papeleria Crist,papelería,116,18.465889,-97.389461,https://mitehuacan.mx/?ruta=ajalpan
2,Papeleria Juarez,papelería,117,18.380975,-97.264758,https://mitehuacan.mx/?ruta=ajalpan
2,Papeleria Crayons,papelería,126,18.461948,-97.391178,https://mitehuacan.mx/?ruta=ajalpan
2,Papeleria San Pablo,papelería,128,18.424394,-97.339821,https://mitehuacan.mx/?ruta=ajalpan
2,Papeleria Sin Nombre,papelería,129,18.443757,-97.36964,https://mitehuacan.mx/?ruta=ajalpan
2,Papeleria Kiria,papelería,130,18.376595,-97.274282,https://mitehuacan.mx/?ruta=ajalpan
2,Papeleria Gomita,papelería,131,18.465811,-97.382405,https://mitehuacan.mx/?ruta=ajalpan
2,Papeleria Gaby,papelería,134,18.465937,-97.385817,https://mitehuacan.mx/?ruta=ajalpan
2,Papeleria Los Angeles,papelería,134,18.465941,-97.386177,https://mitehuacan.mx/?ruta=ajalpan
2,Papeleria Juquilita,papelería,140,18.378801,-97.277119,https://mitehuacan.mx/?ruta=ajalpan
2,Papeleria,papelería,141,18.461452,-97.38536,https://mitehuacan.mx/?ruta=ajalpan
2,Papeleria Mexico,papelería,142,18.376584,-97.259997,https://mitehuacan.mx/?ruta=ajalpan
2,Confección En Serie De Otra Ropa Exterior De Materiales Text,ropa,0,18.462607,-97.381953,https://mitehuacan.mx/?ruta=ajalpan
2,Empaques Abc,ropa,0,18.462997,-97.382643,https://mitehuacan.mx/?ruta=ajalpan
2,La Buchona,ropa,0,18.423731,-97.341247,https://mitehuacan.mx/?ruta=ajalpan
2,Boutique Are Y Kev,ropa,1,18.464741,-97.386757,https://mitehuacan.mx/?ruta=ajalpan
2,Compra Venta De Ropa Enly Moda,ropa,1,18.464835,-97.390085,https://mitehuacan.mx/?ruta=ajalpan
2,Compra Venta De Ropa Jovas Shop,ropa,1,18.464835,-97.390085,https://mitehuacan.mx/?ruta=ajalpan
2,Compra Venta De Ropa Y Accesorios Mirandamen Shop,ropa,1,18.464835,-97.390085,https://mitehuacan.mx/?ruta=ajalpan
2,Tienda De Ropa El Gran Remate,ropa,1,18.464821,-97.38909,https://mitehuacan.mx/?ruta=ajalpan
2,Tienda De Ropa Smock N Roll,ropa,1,18.378951,-97.264073,https://mitehuacan.mx/?ruta=ajalpan
2,Tienda De Ropa Sunshine,ropa,1,18.46481,-97.38871,https://mitehuacan.mx/?ruta=ajalpan
2,Tiendas De Ropa Marlet Modas Glamur,ropa,1,18.379328,-97.26125,https://mitehuacan.mx/?ruta=ajalpan
2,Venta De Ropa Kevin Sport,ropa,1,18.464736,-97.386331,https://mitehuacan.mx/?ruta=ajalpan
2,Boutique Y Novedades Marias,ropa,2,18.378949,-97.26431,https://mitehuacan.mx/?ruta=ajalpan
2,Desebradora De Pantalon Sin Nombre,ropa,2,18.378753,-97.263215,https://mitehuacan.mx/?ruta=ajalpan
2,Maquiladora Recsa Apare,ropa,2,18.376146,-97.298689,https://mitehuacan.mx/?ruta=ajalpan
2,Tienda De Ropa Johans Boutique,ropa,2,18.464828,-97.389706,https://mitehuacan.mx/?ruta=ajalpan
2,Tienda De Ropa Sin Nombre,ropa,2,18.464721,-97.385108,https://mitehuacan.mx/?ruta=ajalpan
2,Boutique. Fama,ropa,3,18.46274,-97.386901,https://mitehuacan.mx/?ruta=ajalpan
2,Comercializadora Sosami,ropa,3,18.379608,-97.264029,https://mitehuacan.mx/?ruta=ajalpan
2,Compra Venta De Ropa En General La Camisa,ropa,3,18.462853,-97.390474,https://mitehuacan.mx/?ruta=ajalpan
2,La Boutique,ropa,3,18.462688,-97.385006,https://mitehuacan.mx/?ruta=ajalpan
2,Tienda De Ropa Bella Thany,ropa,3,18.462703,-97.385593,https://mitehuacan.mx/?ruta=ajalpan
2,Venta De Playeras Para Publicidad. Playeras Invictos,ropa,3,18.462812,-97.389317,https://mitehuacan.mx/?ruta=ajalpan
2,Venta De Ropa Sin Nonbre,ropa,3,18.462847,-97.390278,https://mitehuacan.mx/?ruta=ajalpan
2,Venta De Ropa Y Accesorios Sin Nombre,ropa,3,18.462849,-97.390342,https://mitehuacan.mx/?ruta=ajalpan
2,Bolchima,ropa,4,18.462976,-97.390527,https://mitehuacan.mx/?ruta=ajalpan
2,Bonita Boutique,ropa,4,18.462775,-97.38819,https://mitehuacan.mx/?ruta=ajalpan
2,Botique Sin Nombre,ropa,4,18.379121,-97.260519,https://mitehuacan.mx/?ruta=ajalpan
2,Deshebrado De Pantalon Sin Nombre,ropa,4,18.379701,-97.2623,https://mitehuacan.mx/?ruta=ajalpan
2,Maquiladora,ropa,4,18.462613,-97.379185,https://mitehuacan.mx/?ruta=ajalpan
2,Maquiladora Sin Nombre,ropa,4,18.379784,-97.262475,https://mitehuacan.mx/?ruta=ajalpan
2,Tienda De Ropa Ever Glow,ropa,4,18.378765,-97.257574,https://mitehuacan.mx/?ruta=ajalpan
2,Tienda De Ropa Gallardos Jeans,ropa,4,18.378516,-97.262579,https://mitehuacan.mx/?ruta=ajalpan
2,Venta De Jeans Mundana,ropa,4,18.462778,-97.388285,https://mitehuacan.mx/?ruta=ajalpan
2,Venta De Ropa De Caballero Sin Nombre,ropa,4,18.462767,-97.387887,https://mitehuacan.mx/?ruta=ajalpan
2,Venta De Ropa De Dama Y Caballero Minguis,ropa,4,18.462779,-97.388323,https://mitehuacan.mx/?ruta=ajalpan
2,Venta De Ropa Sin Nombres,ropa,4,18.379962,-97.262915,https://mitehuacan.mx/?ruta=ajalpan
2,Venta De Ropa Transformate Jeans,ropa,4,18.462751,-97.387309,https://mitehuacan.mx/?ruta=ajalpan
2,Boutique Minguis,ropa,5,18.379066,-97.260294,https://mitehuacan.mx/?ruta=ajalpan
2,Confecciones Reyes,ropa,5,18.379405,-97.261634,https://mitehuacan.mx/?ruta=ajalpan
2,Confecciones Y Lavados Del Sureste,ropa,5,18.377922,-97.258515,https://mitehuacan.mx/?ruta=ajalpan
2,Maquiladora Lucio Garcia,ropa,5,18.463447,-97.382561,https://mitehuacan.mx/?ruta=ajalpan
2,Ropa Para Dama Sin Nombre,ropa,5,18.378927,-97.259617,https://mitehuacan.mx/?ruta=ajalpan
2,Venta De Ropa De Dama Cv Shop,ropa,5,18.462794,-97.389317,https://mitehuacan.mx/?ruta=ajalpan
2,Venta De Ropa Sin Nombre,ropa,5,18.377937,-97.257566,https://mitehuacan.mx/?ruta=ajalpan
2,Azul&Rosa Ropa De Ceremonia,ropa,6,18.379203,-97.26045,https://mitehuacan.mx/?ruta=ajalpan
2,Boutique Punta Delcielo,ropa,6,18.464417,-97.382595,https://mitehuacan.mx/?ruta=ajalpan
2,Boutique Rous,ropa,6,18.378777,-97.258427,https://mitehuacan.mx/?ruta=ajalpan
2,Boutique Serezayo,ropa,6,18.378864,-97.258121,https://mitehuacan.mx/?ruta=ajalpan
2,Lenceria Y Coqueteria,ropa,6,18.379222,-97.261015,https://mitehuacan.mx/?ruta=ajalpan
2,Mi Angelito Novedades Tienda De Ropa,ropa,6,18.378266,-97.262132,https://mitehuacan.mx/?ruta=ajalpan
2,Moda Casual Accesorios Y Cosmeticos Marluz,ropa,6,18.377927,-97.259566,https://mitehuacan.mx/?ruta=ajalpan
2,Moda Mylan,ropa,6,18.423272,-97.340076,https://mitehuacan.mx/?ruta=ajalpan
2,Modas Axel,ropa,6,18.378877,-97.258329,https://mitehuacan.mx/?ruta=ajalpan
2,Tienda De Ropa Mayles,ropa,6,18.378811,-97.258948,https://mitehuacan.mx/?ruta=ajalpan
2,Coleccion D Alexa,ropa,7,18.378305,-97.261846,https://mitehuacan.mx/?ruta=ajalpan
2,Comercio De Pantalones De Mezclilla Sin Nombre,ropa,7,18.37816,-97.261822,https://mitehuacan.mx/?ruta=ajalpan
2,Deshebradon Sin Nombre,ropa,7,18.378963,-97.25589,https://mitehuacan.mx/?ruta=ajalpan
2,Modas Juqui,ropa,7,18.378305,-97.261846,https://mitehuacan.mx/?ruta=ajalpan
2,Modas Ros-Ana,ropa,7,18.378305,-97.261846,https://mitehuacan.mx/?ruta=ajalpan
2,Novedades Claudia,ropa,7,18.378305,-97.261846,https://mitehuacan.mx/?ruta=ajalpan
2,Novedades Coyotl,ropa,7,18.378305,-97.261846,https://mitehuacan.mx/?ruta=ajalpan
2,Novedades Francis,ropa,7,18.378305,-97.261846,https://mitehuacan.mx/?ruta=ajalpan
2,Novedades Mercedes,ropa,7,18.378305,-97.261846,https://mitehuacan.mx/?ruta=ajalpan
2,Novedades Mi Nena,ropa,7,18.441816,-97.366573,https://mitehuacan.mx/?ruta=ajalpan
2,Novedades Ropa Y Accesorios,ropa,7,18.422523,-97.338746,https://mitehuacan.mx/?ruta=ajalpan
2,Tienda De Ropa Boneteria Y Novedades Salazar,ropa,7,18.378305,-97.261846,https://mitehuacan.mx/?ruta=ajalpan
2,Tienda De Ropa Doña Martha,ropa,7,18.378305,-97.261846,https://mitehuacan.mx/?ruta=ajalpan
2,Tienda De Ropa El Amigo,ropa,7,18.378305,-97.261846,https://mitehuacan.mx/?ruta=ajalpan
2,Tienda De Ropa Estilos Esperanza,ropa,7,18.378305,-97.261846,https://mitehuacan.mx/?ruta=ajalpan
2,Tienda De Ropa Flex,ropa,7,18.378305,-97.261846,https://mitehuacan.mx/?ruta=ajalpan
2,Tienda De Ropa Jc Shop,ropa,7,18.378305,-97.261846,https://mitehuacan.mx/?ruta=ajalpan
2,Tienda De Ropa Modas Amil,ropa,7,18.378305,-97.261846,https://mitehuacan.mx/?ruta=ajalpan
2,Tienda De Ropa Modas F&J,ropa,7,18.378305,-97.261846,https://mitehuacan.mx/?ruta=ajalpan
2,Tienda De Ropa Modas Gloria,ropa,7,18.378305,-97.261846,https://mitehuacan.mx/?ruta=ajalpan
2,Tienda De Ropa Modas Isamar,ropa,7,18.378305,-97.261846,https://mitehuacan.mx/?ruta=ajalpan
2,Tienda De Ropa Modas Karen,ropa,7,18.378305,-97.261846,https://mitehuacan.mx/?ruta=ajalpan
2,Tienda De Ropa Modas Mary,ropa,7,18.378305,-97.261846,https://mitehuacan.mx/?ruta=ajalpan
2,Tienda De Ropa Modas Nayeli Guadalupe,ropa,7,18.378305,-97.261846,https://mitehuacan.mx/?ruta=ajalpan
2,Tienda De Ropa Modas Sofia,ropa,7,18.378305,-97.261846,https://mitehuacan.mx/?ruta=ajalpan
2,Tienda De Ropa Modas Y Novedades Dayana,ropa,7,18.378305,-97.261846,https://mitehuacan.mx/?ruta=ajalpan
2,Tienda De Ropa Novedades Joseline,ropa,7,18.378305,-97.261846,https://mitehuacan.mx/?ruta=ajalpan
2,Tienda De Ropa Novedades Lety,ropa,7,18.378305,-97.261846,https://mitehuacan.mx/?ruta=ajalpan
2,Tienda De Ropa Novedades Liz,ropa,7,18.378305,-97.261846,https://mitehuacan.mx/?ruta=ajalpan
2,Tienda De Ropa Novedades Lulis,ropa,7,18.378305,-97.261846,https://mitehuacan.mx/?ruta=ajalpan
2,Tienda De Ropa Novedades Marilu,ropa,7,18.378305,-97.261846,https://mitehuacan.mx/?ruta=ajalpan
2,Tienda De Ropa Novedades Mireya,ropa,7,18.378305,-97.261846,https://mitehuacan.mx/?ruta=ajalpan
2,Tienda De Ropa Novedades Tere,ropa,7,18.378305,-97.261846,https://mitehuacan.mx/?ruta=ajalpan
2,Tienda De Ropa Seduzione,ropa,7,18.378305,-97.261846,https://mitehuacan.mx/?ruta=ajalpan
2,Tienda De Ropa Shein,ropa,7,18.377837,-97.260375,https://mitehuacan.mx/?ruta=ajalpan
2,Tienda De Ropa Shein Boutique,ropa,7,18.378215,-97.261983,https://mitehuacan.mx/?ruta=ajalpan
2,Tienda De Ropa Sin Nombre,ropa,7,18.378305,-97.261846,https://mitehuacan.mx/?ruta=ajalpan
2,Tienda De Ropa Trapos,ropa,7,18.464907,-97.389561,https://mitehuacan.mx/?ruta=ajalpan
2,Tienda De Ropa Y Novedades Mi Angelito,ropa,7,18.378305,-97.261846,https://mitehuacan.mx/?ruta=ajalpan
2,Venta De Ropa Deportiva Modas Adulcin,ropa,7,18.462776,-97.389318,https://mitehuacan.mx/?ruta=ajalpan
2,Venta De Ropa Nandis,ropa,7,18.37934,-97.261023,https://mitehuacan.mx/?ruta=ajalpan
2,Venta De Ropa Sin Nombre,ropa,7,18.378305,-97.261846,https://mitehuacan.mx/?ruta=ajalpan
2,Venta De Uniformes Escolares Sin Nombre,ropa,7,18.378305,-97.261846,https://mitehuacan.mx/?ruta=ajalpan
2,Boutique Did,ropa,8,18.37872,-97.256539,https://mitehuacan.mx/?ruta=ajalpan
2,Boutique Mujer Bonita,ropa,8,18.462884,-97.387864,https://mitehuacan.mx/?ruta=ajalpan
2,Estacionamiento Fohe,ropa,8,18.378128,-97.261729,https://mitehuacan.mx/?ruta=ajalpan
2,Moda Y Estilo Los Bros,ropa,8,18.378981,-97.255786,https://mitehuacan.mx/?ruta=ajalpan
2,Modas Sofia,ropa,8,18.377953,-97.258937,https://mitehuacan.mx/?ruta=ajalpan
2,Tienda De Ropa,ropa,8,18.442721,-97.367356,https://mitehuacan.mx/?ruta=ajalpan
2,Tienda De Ropa Interior Ferchis,ropa,8,18.462948,-97.389655,https://mitehuacan.mx/?ruta=ajalpan
2,Tienda De Ropa Kiss Sexy Fashion,ropa,8,18.378422,-97.262677,https://mitehuacan.mx/?ruta=ajalpan
2,Tienda De Ropa Sin Nombre,ropa,8,18.464613,-97.382445,https://mitehuacan.mx/?ruta=ajalpan
2,Tienda De Ropa Doña Miriam,ropa,9,18.378711,-97.263388,https://mitehuacan.mx/?ruta=ajalpan
2,Tienda De Ropa Jhonny Digital,ropa,9,18.378748,-97.263518,https://mitehuacan.mx/?ruta=ajalpan
2,Tienda De Ropa Sin Nombre,ropa,9,18.377907,-97.26094,https://mitehuacan.mx/?ruta=ajalpan
2,Venta De Ropa Sin Nombre,ropa,9,18.462839,-97.386215,https://mitehuacan.mx/?ruta=ajalpan
2,Venta De Ropa Sin Nombre,ropa,9,18.462831,-97.385931,https://mitehuacan.mx/?ruta=ajalpan
2,Accesorios Vaini,ropa,12,18.44069,-97.366415,https://mitehuacan.mx/?ruta=ajalpan
2,Diseños Y Confecciones De Ajalpan,ropa,12,18.378454,-97.267844,https://mitehuacan.mx/?ruta=ajalpan
2,Tienda De Ropa Bermex,ropa,13,18.462976,-97.390613,https://mitehuacan.mx/?ruta=ajalpan
2,Tienda De Ropa La Casa De La Enfermera,ropa,14,18.379004,-97.264979,https://mitehuacan.mx/?ruta=ajalpan
2,Tienda De Ropa Selah,ropa,14,18.464966,-97.389266,https://mitehuacan.mx/?ruta=ajalpan
2,Venta De Pantalon De Mezclilla,ropa,14,18.377897,-97.26117,https://mitehuacan.mx/?ruta=ajalpan
2,Venta De Ropa El Armario,ropa,14,18.377897,-97.26117,https://mitehuacan.mx/?ruta=ajalpan
2,Deshebradora Sin Nombre,ropa,15,18.377035,-97.279734,https://mitehuacan.mx/?ruta=ajalpan
2,Shein Venta De Ropa,ropa,15,18.377888,-97.26117,https://mitehuacan.mx/?ruta=ajalpan
2,Tienda De Playeras Y Venta De Aerosoles,ropa,17,18.462859,-97.390654,https://mitehuacan.mx/?ruta=ajalpan
2,Tienda De Ropa Sicaru,ropa,17,18.462864,-97.384799,https://mitehuacan.mx/?ruta=ajalpan
2,Tienda De Ropa Sin Nombre,ropa,17,18.462859,-97.390654,https://mitehuacan.mx/?ruta=ajalpan
2,Venta De Ropa Y Tenis Sin Nombre,ropa,17,18.462859,-97.390654,https://mitehuacan.mx/?ruta=ajalpan
2,Compra Venta De Ropa Y Tenis De La Calle,ropa,20,18.464927,-97.390682,https://mitehuacan.mx/?ruta=ajalpan
2,Tienda De Ropa Novedades Mary,ropa,20,18.463052,-97.38944,https://mitehuacan.mx/?ruta=ajalpan
2,Empaeque De Pantalon Juriba,ropa,21,18.462254,-97.377956,https://mitehuacan.mx/?ruta=ajalpan
2,Tienda De Ropa Bermex,ropa,21,18.462976,-97.390688,https://mitehuacan.mx/?ruta=ajalpan
2,Venta De Ropa Para Caballeros Batashermen,ropa,21,18.46494,-97.386945,https://mitehuacan.mx/?ruta=ajalpan
2,Venta De Ropa De Dama Y Caballer Boutique Sin Nombre,ropa,23,18.46257,-97.387019,https://mitehuacan.mx/?ruta=ajalpan
2,Venta De Ropa Sin Nombre,ropa,23,18.462632,-97.389321,https://mitehuacan.mx/?ruta=ajalpan
2,Tienda De Ropa Pretty Woman,ropa,24,18.378577,-97.257176,https://mitehuacan.mx/?ruta=ajalpan
2,Venta De Ropa Sin Nombre,ropa,24,18.378577,-97.257176,https://mitehuacan.mx/?ruta=ajalpan
2,Maquiladora Angelitos,ropa,26,18.375682,-97.295809,https://mitehuacan.mx/?ruta=ajalpan
2,Maquiladora De Pantalon Sin Nombre,ropa,27,18.378642,-97.264918,https://mitehuacan.mx/?ruta=ajalpan
2,Tienda De Ropa Novedades Paola,ropa,28,18.379384,-97.26213,https://mitehuacan.mx/?ruta=ajalpan
2,Confecciones Libertad,ropa,30,18.37774,-97.277693,https://mitehuacan.mx/?ruta=ajalpan
2,Confecciones Jireth,ropa,31,18.378163,-97.260129,https://mitehuacan.mx/?ruta=ajalpan
2,Tienda De Mochilas Markis Backpacks,ropa,31,18.462803,-97.390777,https://mitehuacan.mx/?ruta=ajalpan
2,Tienda De Ropa El Jocker,ropa,31,18.462563,-97.389455,https://mitehuacan.mx/?ruta=ajalpan
2,Maquiladora Sin Nombre,ropa,32,18.378508,-97.257277,https://mitehuacan.mx/?ruta=ajalpan
2,Tienda De Ropa Sin Nombre,ropa,32,18.462785,-97.390776,https://mitehuacan.mx/?ruta=ajalpan
2,Maquiladora Sin Nombre,ropa,33,18.379087,-97.263312,https://mitehuacan.mx/?ruta=ajalpan
2,Deshebrado Sin Nombre,ropa,34,18.379118,-97.255363,https://mitehuacan.mx/?ruta=ajalpan
2,Deshebradora Sin Nombre,ropa,34,18.377648,-97.278822,https://mitehuacan.mx/?ruta=ajalpan
2,Deshebrado De Pantalon Sin Nombre,ropa,37,18.37918,-97.256222,https://mitehuacan.mx/?ruta=ajalpan
2,Maquiladora Internacional,ropa,37,18.378457,-97.256516,https://mitehuacan.mx/?ruta=ajalpan
2,Tienda De Ropa Incognito,ropa,39,18.379001,-97.26133,https://mitehuacan.mx/?ruta=ajalpan
2,Deshebrado De Pantalon Sin Nombre,ropa,40,18.377636,-97.255474,https://mitehuacan.mx/?ruta=ajalpan
2,Deshebradora Sin Nombre,ropa,40,18.377696,-97.278843,https://mitehuacan.mx/?ruta=ajalpan
2,Planchado Sin Nombre,ropa,41,18.379204,-97.256261,https://mitehuacan.mx/?ruta=ajalpan
2,Tienda De Ropa Americana Th,ropa,41,18.378186,-97.262907,https://mitehuacan.mx/?ruta=ajalpan
2,Tienda De Ropa Para Bebe Sin Nombre,ropa,41,18.377502,-97.260121,https://mitehuacan.mx/?ruta=ajalpan
2,Angelique Butique,ropa,44,18.379103,-97.261838,https://mitehuacan.mx/?ruta=ajalpan
2,Tienda De Ropa Americana Jess,ropa,44,18.377249,-97.275377,https://mitehuacan.mx/?ruta=ajalpan
2,Armado De Pantalon,ropa,45,18.376777,-97.27959,https://mitehuacan.mx/?ruta=ajalpan
2,Boutique Bremed,ropa,47,18.464414,-97.389279,https://mitehuacan.mx/?ruta=ajalpan
2,Deshebrado Sin Nombre,ropa,48,18.377671,-97.255242,https://mitehuacan.mx/?ruta=ajalpan
2,Deshebrado Sin Nombre,ropa,48,18.379265,-97.255313,https://mitehuacan.mx/?ruta=ajalpan
2,Elaboracion De Prendas De Estambres Doña Rafaela,ropa,48,18.380498,-97.264291,https://mitehuacan.mx/?ruta=ajalpan
2,Novedades Importadora H Y F,ropa,48,18.464676,-97.382064,https://mitehuacan.mx/?ruta=ajalpan
2,Taller Familiar Maquiladora Sin Nombre,ropa,48,18.380498,-97.264291,https://mitehuacan.mx/?ruta=ajalpan
2,Timeless Boutique,ropa,48,18.379134,-97.262008,https://mitehuacan.mx/?ruta=ajalpan
2,Confeccion Sin Nombre,ropa,50,18.377797,-97.278827,https://mitehuacan.mx/?ruta=ajalpan
2,Taller De Ojal De Pantalon Sin Nombre,ropa,56,18.379376,-97.258982,https://mitehuacan.mx/?ruta=ajalpan
2,Tienda De Ropa Jovenex,ropa,59,18.378765,-97.261169,https://mitehuacan.mx/?ruta=ajalpan
2,Armado De Pantalon Sin Nombre,ropa,61,18.376454,-97.299667,https://mitehuacan.mx/?ruta=ajalpan
2,Tienda De Ropa Gil,ropa,62,18.379138,-97.262341,https://mitehuacan.mx/?ruta=ajalpan
2,Tienda De Ropa Moda Y Estilo Por Shein,ropa,63,18.463437,-97.389299,https://mitehuacan.mx/?ruta=ajalpan
2,Confecciones Mafra,ropa,64,18.374785,-97.297838,https://mitehuacan.mx/?ruta=ajalpan
2,Deshebradora Sin Nombre,ropa,64,18.374858,-97.295845,https://mitehuacan.mx/?ruta=ajalpan
2,Deshebrado De Pantalon Sin Nombre,ropa,66,18.376019,-97.296051,https://mitehuacan.mx/?ruta=ajalpan
2,Deshebradora Sin Nombre,ropa,67,18.374847,-97.295665,https://mitehuacan.mx/?ruta=ajalpan
2,Maquiladora Internacional,ropa,68,18.379711,-97.260152,https://mitehuacan.mx/?ruta=ajalpan
2,Compra Venta De Ropa Para Dama Sin Nombre,ropa,72,18.463522,-97.389425,https://mitehuacan.mx/?ruta=ajalpan
2,Taller De Costura Sin Nombre,ropa,72,18.463395,-97.383302,https://mitehuacan.mx/?ruta=ajalpan
2,Maquiladora De Pantalon Sin Nombre,ropa,73,18.379305,-97.266945,https://mitehuacan.mx/?ruta=ajalpan
2,Pegado De Pretina,ropa,73,18.375498,-97.299056,https://mitehuacan.mx/?ruta=ajalpan
2,Venta De Ropa Sin Nombre,ropa,73,18.462269,-97.390762,https://mitehuacan.mx/?ruta=ajalpan
2,Deshebrado De Pantalon Sin Nombre,ropa,74,18.379078,-97.25493,https://mitehuacan.mx/?ruta=ajalpan
2,Boutique Belleza Latina,ropa,76,18.378242,-97.264068,https://mitehuacan.mx/?ruta=ajalpan
2,Moda Sofy,ropa,76,18.462017,-97.384931,https://mitehuacan.mx/?ruta=ajalpan
2,Pantzingo De Morelos,ropa,76,18.378243,-97.276919,https://mitehuacan.mx/?ruta=ajalpan
2,Confecciones Mc,ropa,77,18.377863,-97.280376,https://mitehuacan.mx/?ruta=ajalpan
2,Venta De Ropa Sin Nombre,ropa,77,18.465404,-97.385242,https://mitehuacan.mx/?ruta=ajalpan
2,Confeccion De Pantalon Sin Nombre,ropa,79,18.377284,-97.255426,https://mitehuacan.mx/?ruta=ajalpan
2,Desebradora Sin Nombre,ropa,80,18.380508,-97.262231,https://mitehuacan.mx/?ruta=ajalpan
2,Modas Paris Tienda De Ropa,ropa,80,18.377253,-97.255854,https://mitehuacan.mx/?ruta=ajalpan
2,Tienda De Ropa Sin Nombre,ropa,81,18.37883,-97.254846,https://mitehuacan.mx/?ruta=ajalpan
2,Venta De Ropa De Segunda Mano Sin Nombre,ropa,82,18.461647,-97.37673,https://mitehuacan.mx/?ruta=ajalpan
2,Wool Textil,ropa,82,18.379639,-97.259109,https://mitehuacan.mx/?ruta=ajalpan
2,Deshebradora Sin Nombre,ropa,83,18.37807,-97.279006,https://mitehuacan.mx/?ruta=ajalpan
2,Venta De Ropa Sin Nombre,ropa,83,18.465447,-97.38461,https://mitehuacan.mx/?ruta=ajalpan
2,Taller De Costura Sin Nombre,ropa,84,18.442618,-97.368335,https://mitehuacan.mx/?ruta=ajalpan
2,Elaboracion De Pegado De Traba Sin Nombre,ropa,85,18.380695,-97.26458,https://mitehuacan.mx/?ruta=ajalpan
2,Venta De Ropa De Dama,ropa,85,18.462075,-97.38946,https://mitehuacan.mx/?ruta=ajalpan
2,Boutique Novedades Mary,ropa,87,18.464513,-97.391347,https://mitehuacan.mx/?ruta=ajalpan
2,Tienda De Ropa Bella Sulamita,ropa,87,18.464251,-97.39135,https://mitehuacan.mx/?ruta=ajalpan
2,Tienda De Ropa Sin Nombre,ropa,87,18.463965,-97.387042,https://mitehuacan.mx/?ruta=ajalpan
2,Venta De Pantalon De Mezclilla Santini Jeans,ropa,87,18.377088,-97.258799,https://mitehuacan.mx/?ruta=ajalpan
2,Adry Shop,ropa,88,18.377087,-97.258628,https://mitehuacan.mx/?ruta=ajalpan
2,Elaboracion De Pinza De Pantalon De Mezclilla,ropa,88,18.377086,-97.258496,https://mitehuacan.mx/?ruta=ajalpan
2,Tienda De Ropa Y Calzado De Importacion Boutique,ropa,88,18.37708,-97.259501,https://mitehuacan.mx/?ruta=ajalpan
2,Venta De Ropa Sin Nombre,ropa,88,18.377086,-97.258334,https://mitehuacan.mx/?ruta=ajalpan
2,Venta De Ropa Usada,ropa,88,18.46348,-97.384049,https://mitehuacan.mx/?ruta=ajalpan
2,Mesa De Corte Wool Textil,ropa,90,18.379737,-97.259266,https://mitehuacan.mx/?ruta=ajalpan
2,Tienda De Ropa Top Ii Men,ropa,90,18.4635,-97.391363,https://mitehuacan.mx/?ruta=ajalpan
2,Rebozos Aby,ropa,91,18.376956,-97.300355,https://mitehuacan.mx/?ruta=ajalpan
2,Tienda Ropa Dxx Jeans,ropa,92,18.463265,-97.391371,https://mitehuacan.mx/?ruta=ajalpan
2,Taller De Maquila Sin Nombre,ropa,93,18.377172,-97.255354,https://mitehuacan.mx/?ruta=ajalpan
2,Tienda De Ropa Anis Butique,ropa,93,18.465594,-97.387017,https://mitehuacan.mx/?ruta=ajalpan
2,3413 Milano,ropa,94,18.462986,-97.391382,https://mitehuacan.mx/?ruta=ajalpan
2,Maquiladora Dulce,ropa,95,18.463414,-97.37855,https://mitehuacan.mx/?ruta=ajalpan
2,Milano,ropa,95,18.462994,-97.391391,https://mitehuacan.mx/?ruta=ajalpan
2,Maquiladora Sin Nombre,ropa,97,18.377176,-97.255202,https://mitehuacan.mx/?ruta=ajalpan
2,Men S Boutique Venta De Ropa Exterior De Caballero,ropa,97,18.464435,-97.391452,https://mitehuacan.mx/?ruta=ajalpan
2,Confecciones Marahi,ropa,98,18.37769,-97.267733,https://mitehuacan.mx/?ruta=ajalpan
2,Taller De Maquila Sin Nombre,ropa,99,18.377177,-97.255164,https://mitehuacan.mx/?ruta=ajalpan
2,Deshebradora Sin Nombre,ropa,102,18.378245,-97.279014,https://mitehuacan.mx/?ruta=ajalpan
2,Maquiladora Frijolito,ropa,102,18.381264,-97.264028,https://mitehuacan.mx/?ruta=ajalpan
2,Tienda De Ropa Shop 4K,ropa,102,18.380893,-97.264644,https://mitehuacan.mx/?ruta=ajalpan
2,Confecciones Fromo,ropa,103,18.378534,-97.301629,https://mitehuacan.mx/?ruta=ajalpan
2,Deshebrado Sin Nombre,ropa,103,18.378087,-97.280535,https://mitehuacan.mx/?ruta=ajalpan
2,Taller De Confeccion De Pantalon Sin Nombre,ropa,103,18.377056,-97.261038,https://mitehuacan.mx/?ruta=ajalpan
2,Tienda Jueguetes Easy Shopping,ropa,103,18.462054,-97.390947,https://mitehuacan.mx/?ruta=ajalpan
2,Desehebradora Sin Nombre,ropa,104,18.378258,-97.279066,https://mitehuacan.mx/?ruta=ajalpan
2,Deshebradora Sin Nombre,ropa,104,18.378263,-97.279022,https://mitehuacan.mx/?ruta=ajalpan
2,Confecciones Machuca,ropa,105,18.379822,-97.265077,https://mitehuacan.mx/?ruta=ajalpan
2,Tienda Ropa Boutique Sin Nombre,ropa,107,18.381295,-97.264118,https://mitehuacan.mx/?ruta=ajalpan
2,Revelacion Juvenil,ropa,108,18.462662,-97.391491,https://mitehuacan.mx/?ruta=ajalpan
2,Taller De Ojal El Chipilo,ropa,108,18.379379,-97.254709,https://mitehuacan.mx/?ruta=ajalpan
2,Venta De Ropa Sin Nombre,ropa,108,18.377181,-97.254984,https://mitehuacan.mx/?ruta=ajalpan
2,Tienda De Ropa Sin Nombre,ropa,109,18.442177,-97.368301,https://mitehuacan.mx/?ruta=ajalpan
2,Confecciones Gmg,ropa,110,18.461316,-97.375121,https://mitehuacan.mx/?ruta=ajalpan
2,Taller De Maquiladora Sin Nombre,ropa,110,18.380226,-97.265009,https://mitehuacan.mx/?ruta=ajalpan
2,Hechura De Pinza Sin Nombre,ropa,111,18.381363,-97.263875,https://mitehuacan.mx/?ruta=ajalpan
2,Confeccion De Pantalon Sin Nombre,ropa,112,18.377815,-97.254501,https://mitehuacan.mx/?ruta=ajalpan
2,Taller De Pantalon Sin Nombre,ropa,112,18.37785,-97.265059,https://mitehuacan.mx/?ruta=ajalpan
2,Modas Ellos Y Ellas,ropa,114,18.377825,-97.265148,https://mitehuacan.mx/?ruta=ajalpan
2,Deshebradora Sin Nombre,ropa,115,18.378189,-97.280608,https://mitehuacan.mx/?ruta=ajalpan
2,Maquiladora Confecciones Sagitario,ropa,115,18.461384,-97.377635,https://mitehuacan.mx/?ruta=ajalpan
2,Deshebrado Sin Nombre,ropa,116,18.374837,-97.291389,https://mitehuacan.mx/?ruta=ajalpan
2,Tienda De Ropa Kervill,ropa,117,18.377533,-97.263132,https://mitehuacan.mx/?ruta=ajalpan
2,Taller De Costura Sin Nombre,ropa,118,18.37949,-97.254659,https://mitehuacan.mx/?ruta=ajalpan
2,Venta De Bolsas Sin Nombre,ropa,118,18.46194,-97.391017,https://mitehuacan.mx/?ruta=ajalpan
2,Taller De Maquila Sin Nombre,ropa,119,18.377706,-97.254464,https://mitehuacan.mx/?ruta=ajalpan
2,Deshebrador Sin Nombre,ropa,120,18.374684,-97.292484,https://mitehuacan.mx/?ruta=ajalpan
2,Tienda De Ropa Sin Nombre,ropa,120,18.374316,-97.296156,https://mitehuacan.mx/?ruta=ajalpan
2,Deshebradora Sin Nombre,ropa,121,18.374677,-97.292455,https://mitehuacan.mx/?ruta=ajalpan
2,Desebradora Sin Nombre,ropa,122,18.380858,-97.262071,https://mitehuacan.mx/?ruta=ajalpan
2,Deshebradora Sin Nombre,ropa,122,18.374671,-97.292428,https://mitehuacan.mx/?ruta=ajalpan
2,Tienda De Ropa Kevin Sport,ropa,122,18.465503,-97.391442,https://mitehuacan.mx/?ruta=ajalpan
2,Boutique Sin Nombre,ropa,123,18.37676,-97.258983,https://mitehuacan.mx/?ruta=ajalpan
2,Maquiladora Guadalupe Lopez,ropa,123,18.376756,-97.26,https://mitehuacan.mx/?ruta=ajalpan
2,Venta De Ropa,ropa,123,18.379917,-97.25506,https://mitehuacan.mx/?ruta=ajalpan
2,Venta De Ropa Modas Zoe,ropa,123,18.461731,-97.389463,https://mitehuacan.mx/?ruta=ajalpan
2,Costurera,ropa,124,18.374281,-97.296169,https://mitehuacan.mx/?ruta=ajalpan
2,Deshebrado Sin Nombre,ropa,124,18.377633,-97.254439,https://mitehuacan.mx/?ruta=ajalpan
2,Taller De Costura Textil Sin Nombre,ropa,124,18.379423,-97.254556,https://mitehuacan.mx/?ruta=ajalpan
2,Venta De Ropa,ropa,124,18.374281,-97.296169,https://mitehuacan.mx/?ruta=ajalpan
2,Deshebrado Sin Nombre,ropa,125,18.377767,-97.254388,https://mitehuacan.mx/?ruta=ajalpan
2,Deshebrado De Pantalon Sin Nombre,ropa,126,18.379942,-97.256534,https://mitehuacan.mx/?ruta=ajalpan
2,Novedades Arsavel,ropa,126,18.461948,-97.391178,https://mitehuacan.mx/?ruta=ajalpan
2,Tienda De Ropa Para Bebe Sin Nombre,ropa,126,18.461948,-97.391178,https://mitehuacan.mx/?ruta=ajalpan
2,Tienda De Ropa Para Dama,ropa,126,18.461948,-97.391178,https://mitehuacan.mx/?ruta=ajalpan
2,Tienda De Ropa Sin Nombre,ropa,126,18.461948,-97.391178,https://mitehuacan.mx/?ruta=ajalpan
2,Venta De Ropa De Bebe Y Accesorios,ropa,126,18.461948,-97.391178,https://mitehuacan.mx/?ruta=ajalpan
2,Venta De Ropa Sin Nombre,ropa,126,18.461948,-97.391178,https://mitehuacan.mx/?ruta=ajalpan
2,Venta De Ropa Y Plantas Medicinales Sin Nombre,ropa,126,18.461948,-97.391178,https://mitehuacan.mx/?ruta=ajalpan
2,Deshebrado De Pantalon Sin Nombre,ropa,128,18.379654,-97.268675,https://mitehuacan.mx/?ruta=ajalpan
2,Cofecciones Keli,ropa,129,18.37422,-97.296272,https://mitehuacan.mx/?ruta=ajalpan
2,Deshebrado De Pantalon Sin Nombre,ropa,129,18.379843,-97.266695,https://mitehuacan.mx/?ruta=ajalpan
2,Deshebrado De Pantalon Sin Nombre,ropa,129,18.379832,-97.266793,https://mitehuacan.mx/?ruta=ajalpan
2,Maquiladora De Pantalon Sin Nombre,ropa,129,18.376777,-97.256369,https://mitehuacan.mx/?ruta=ajalpan
2,Maquiladora Diseños Fohe,ropa,129,18.377133,-97.262259,https://mitehuacan.mx/?ruta=ajalpan
2,Deshebrado De Pantalon Sin Nombre,ropa,130,18.377033,-97.261949,https://mitehuacan.mx/?ruta=ajalpan
2,Boneteria Y Lenceria Intimos,ropa,131,18.461658,-97.389463,https://mitehuacan.mx/?ruta=ajalpan
2,Confección En Serie De Otra Ropa Exterior De Materiales Text,ropa,131,18.377282,-97.254554,https://mitehuacan.mx/?ruta=ajalpan
2,Deshebrado Sin Nombre,ropa,131,18.377675,-97.254353,https://mitehuacan.mx/?ruta=ajalpan
2,Marcado De Piezas De Pantalon Sin Nombre,ropa,131,18.379869,-97.266656,https://mitehuacan.mx/?ruta=ajalpan
2,Venta De Ropa Autentica,ropa,131,18.461658,-97.389463,https://mitehuacan.mx/?ruta=ajalpan
2,Venta De Ropa Para Dama Oh My God,ropa,131,18.461658,-97.389463,https://mitehuacan.mx/?ruta=ajalpan
2,Deshebrado De Pantalon Sin Nombe,ropa,132,18.377131,-97.262344,https://mitehuacan.mx/?ruta=ajalpan
2,Deshebrado De Prendas De Vestir Sin Nombre,ropa,132,18.374401,-97.298551,https://mitehuacan.mx/?ruta=ajalpan
2,Desebrado De Pantalon Sin Nombre,ropa,133,18.377131,-97.262363,https://mitehuacan.mx/?ruta=ajalpan
2,Deshebrado Sin Nombre,ropa,133,18.374602,-97.292107,https://mitehuacan.mx/?ruta=ajalpan
2,Maquiladora De Pantalon Sin Nombre,ropa,133,18.377031,-97.262044,https://mitehuacan.mx/?ruta=ajalpan
2,Maquiladora Sin Nombre,ropa,133,18.461351,-97.380525,https://mitehuacan.mx/?ruta=ajalpan
2,Paolo Di Roma,ropa,133,18.462884,-97.391754,https://mitehuacan.mx/?ruta=ajalpan
2,Confecciones Rogu,ropa,134,18.380042,-97.255089,https://mitehuacan.mx/?ruta=ajalpan
2,Exodos Moda,ropa,134,18.461631,-97.389464,https://mitehuacan.mx/?ruta=ajalpan
2,Maquiladora Confecciones Del Centro,ropa,134,18.37713,-97.262372,https://mitehuacan.mx/?ruta=ajalpan
2,Angeline Boutique,ropa,135,18.462998,-97.391769,https://mitehuacan.mx/?ruta=ajalpan
2,Bodega Auxiliar De Maquiladora Sin Nombre,ropa,135,18.380101,-97.258991,https://mitehuacan.mx/?ruta=ajalpan
2,Deshebrado De Patalon Sin Nombre,ropa,135,18.379906,-97.2666,https://mitehuacan.mx/?ruta=ajalpan
2,Deshebrado De Pantalon Sin Nombre,ropa,137,18.376269,-97.300397,https://mitehuacan.mx/?ruta=ajalpan
2,Tienda De Ropa Modas Erikos,ropa,138,18.461653,-97.390759,https://mitehuacan.mx/?ruta=ajalpan
2,Deshebrado De Pantalon De Mezclilla Sin Nombre,ropa,139,18.377026,-97.262205,https://mitehuacan.mx/?ruta=ajalpan
2,Taller De Costura Sin Nombre,ropa,139,18.447678,-97.3715,https://mitehuacan.mx/?ruta=ajalpan
2,Confecciones Sigal,ropa,140,18.379508,-97.271136,https://mitehuacan.mx/?ruta=ajalpan
2,Taller De Pantalon Sin Nombre,ropa,140,18.37677,-97.26131,https://mitehuacan.mx/?ruta=ajalpan
2,Maquiladora Sin Nombre,ropa,141,18.380093,-97.258189,https://mitehuacan.mx/?ruta=ajalpan
2,Taller De Maquiladora Sin Nombre,ropa,141,18.38068,-97.261244,https://mitehuacan.mx/?ruta=ajalpan
2,Venta De Ropa Modas Valeria,ropa,141,18.461572,-97.389588,https://mitehuacan.mx/?ruta=ajalpan
2,Confecciones Benjamin,ropa,142,18.463943,-97.381041,https://mitehuacan.mx/?ruta=ajalpan
2,Confecciones Sin Nombre,ropa,142,18.374544,-97.291843,https://mitehuacan.mx/?ruta=ajalpan
2,Deshebrado De Pantalon Sin Nombre,ropa,142,18.380596,-97.260962,https://mitehuacan.mx/?ruta=ajalpan
2,Deshebrado De Pantalon Sin Nombre,ropa,142,18.380594,-97.260934,https://mitehuacan.mx/?ruta=ajalpan
2,Maquiladora Sin Nombre,ropa,142,18.376664,-97.256252,https://mitehuacan.mx/?ruta=ajalpan
2,Tienda De Mochilas,ropa,142,18.461576,-97.389882,https://mitehuacan.mx/?ruta=ajalpan
2,Tienda De Ropa Pekes,ropa,142,18.461579,-97.390124,https://mitehuacan.mx/?ruta=ajalpan
2,Venta De Ropa De Bebe Valery,ropa,142,18.461579,-97.390119,https://mitehuacan.mx/?ruta=ajalpan
2,Venta De Ropa Monse,ropa,142,18.461581,-97.390223,https://mitehuacan.mx/?ruta=ajalpan
2,Venta De Ropa Si Nombre,ropa,142,18.461581,-97.390223,https://mitehuacan.mx/?ruta=ajalpan
2,Venta De Ropa Sin Nombre,ropa,142,18.461578,-97.389996,https://mitehuacan.mx/?ruta=ajalpan
2,Bodega De Maquiladora Gmg,ropa,143,18.461022,-97.375234,https://mitehuacan.mx/?ruta=ajalpan
2,Bodega Venta De Rpa Mia Clection,ropa,143,18.461582,-97.390318,https://mitehuacan.mx/?ruta=ajalpan
2,Venta De Ropa Mia Colection,ropa,143,18.461582,-97.390346,https://mitehuacan.mx/?ruta=ajalpan
2,Venta De Ropa Modas Yolanda,ropa,143,18.461585,-97.390546,https://mitehuacan.mx/?ruta=ajalpan
2,Venta De Ropa Para Caballero Fashion Mens,ropa,143,18.461583,-97.390365,https://mitehuacan.mx/?ruta=ajalpan
2,Venta De Ropa Sin Nombre,ropa,143,18.461584,-97.39047,https://mitehuacan.mx/?ruta=ajalpan
2,Taller De Confeccion De Pantalon Sin Nombre,ropa,144,18.376647,-97.25625,https://mitehuacan.mx/?ruta=ajalpan
2,Taller De Maquiladora Sin Nombre,ropa,144,18.380669,-97.26113,https://mitehuacan.mx/?ruta=ajalpan
2,Revisadora De Pantalon Sin Nombre,ropa,145,18.377022,-97.262376,https://mitehuacan.mx/?ruta=ajalpan
2,Tienda De Ropa Sin Nombre,ropa,145,18.377022,-97.262376,https://mitehuacan.mx/?ruta=ajalpan
2,Desherado De Pantalon Sin Nombre,ropa,148,18.378954,-97.25422,https://mitehuacan.mx/?ruta=ajalpan
2,1363 Tiendas Eleczion,ropa,149,18.461837,-97.39139,https://mitehuacan.mx/?ruta=ajalpan
2,Taller De Ensable Sin Nombre,ropa,149,18.380287,-97.255726,https://mitehuacan.mx/?ruta=ajalpan
2,Reparadora De Calzado El Choclito,zapatería,0,18.379449,-97.261616,https://mitehuacan.mx/?ruta=ajalpan
2,Reparadora De Calzado Dany,zapatería,4,18.443075,-97.367646,https://mitehuacan.mx/?ruta=ajalpan
2,Zapateria Calza Ahorros,zapatería,4,18.462803,-97.389317,https://mitehuacan.mx/?ruta=ajalpan
2,Zapateria Dica,zapatería,4,18.462804,-97.389109,https://mitehuacan.mx/?ruta=ajalpan
2,Tienda De Sandalias Bety,zapatería,7,18.378305,-97.261846,https://mitehuacan.mx/?ruta=ajalpan
2,Tienda De Sandalias Juquilita,zapatería,7,18.378305,-97.261846,https://mitehuacan.mx/?ruta=ajalpan
2,Zapateria Carlitos,zapatería,7,18.378305,-97.261846,https://mitehuacan.mx/?ruta=ajalpan
2,Zapateria Flores,zapatería,7,18.378305,-97.261846,https://mitehuacan.mx/?ruta=ajalpan
2,Zapateria Ing Roberto,zapatería,7,18.462892,-97.388158,https://mitehuacan.mx/?ruta=ajalpan
2,Zapateria Sandoval,zapatería,7,18.378305,-97.261846,https://mitehuacan.mx/?ruta=ajalpan
2,Zapateria Sin Nombre,zapatería,7,18.377839,-97.260461,https://mitehuacan.mx/?ruta=ajalpan
2,Zapateria Torres,zapatería,7,18.378305,-97.261846,https://mitehuacan.mx/?ruta=ajalpan
2,Zapateria Torres,zapatería,7,18.377838,-97.260432,https://mitehuacan.mx/?ruta=ajalpan
2,Comercio De Calzado Por Catalogo Sin Nombre,zapatería,8,18.378106,-97.261664,https://mitehuacan.mx/?ruta=ajalpan
2,Distribuidora De Zapatos Michelle,zapatería,8,18.379576,-97.261735,https://mitehuacan.mx/?ruta=ajalpan
2,Reparadora De Calzado Jb,zapatería,8,18.379592,-97.261781,https://mitehuacan.mx/?ruta=ajalpan
2,Coppel Calzado Ávila Camacho 918,zapatería,9,18.378676,-97.265993,https://mitehuacan.mx/?ruta=ajalpan
2,Venta De Calzadon Glamour Ajalpan,zapatería,10,18.377997,-97.257153,https://mitehuacan.mx/?ruta=ajalpan
2,Zapateria Don Zapato,zapatería,17,18.462859,-97.390654,https://mitehuacan.mx/?ruta=ajalpan
2,Zapateria Kristal,zapatería,17,18.462859,-97.390654,https://mitehuacan.mx/?ruta=ajalpan
2,Reparadora De Calzado El Venado,zapatería,22,18.46464,-97.389275,https://mitehuacan.mx/?ruta=ajalpan
2,Calzahorro Zapateria,zapatería,25,18.378571,-97.257281,https://mitehuacan.mx/?ruta=ajalpan
2,Zapateria Dica,zapatería,33,18.463165,-97.38931,https://mitehuacan.mx/?ruta=ajalpan
2,Zapateria Calza A La Moda,zapatería,34,18.463178,-97.389436,https://mitehuacan.mx/?ruta=ajalpan
2,Zapateria Yocami,zapatería,39,18.379009,-97.261368,https://mitehuacan.mx/?ruta=ajalpan
2,Venta De Sandalias Mary Chuy,zapatería,45,18.37839,-97.256408,https://mitehuacan.mx/?ruta=ajalpan
2,Reparadora De Calzado Super Hospital,zapatería,55,18.377547,-97.261279,https://mitehuacan.mx/?ruta=ajalpan
2,Calzado Por Catalogo,zapatería,63,18.464934,-97.391097,https://mitehuacan.mx/?ruta=ajalpan
2,Zapateria San Antonio,zapatería,67,18.37743,-97.261283,https://mitehuacan.mx/?ruta=ajalpan
2,Kid Sofi,zapatería,70,18.464002,-97.383233,https://mitehuacan.mx/?ruta=ajalpan
2,Reparadora De Calzado La Rosita,zapatería,85,18.462075,-97.38946,https://mitehuacan.mx/?ruta=ajalpan
2,Zapateria Andrea,zapatería,92,18.462873,-97.391366,https://mitehuacan.mx/?ruta=ajalpan
2,Andrea,zapatería,96,18.4629,-97.391401,https://mitehuacan.mx/?ruta=ajalpan
2,Zapateria Andrea,zapatería,99,18.462577,-97.391381,https://mitehuacan.mx/?ruta=ajalpan
2,Zapaterias El Reventon,zapatería,99,18.462048,-97.390833,https://mitehuacan.mx/?ruta=ajalpan
2,Reparadora De Calzado El Venadito Express,zapatería,102,18.463793,-97.389416,https://mitehuacan.mx/?ruta=ajalpan
2,Zapateria Aldi,zapatería,105,18.462852,-97.391489,https://mitehuacan.mx/?ruta=ajalpan
2,Zapateria Gama,zapatería,106,18.462432,-97.391382,https://mitehuacan.mx/?ruta=ajalpan
2,Tehuacan,zapatería,112,18.462877,-97.391552,https://mitehuacan.mx/?ruta=ajalpan
2,Zapateria Capa De Ozono,zapatería,119,18.462879,-97.391617,https://mitehuacan.mx/?ruta=ajalpan
2,Huaraches Y Zapatos Artesanales,zapatería,123,18.380644,-97.261567,https://mitehuacan.mx/?ruta=ajalpan
2,Reparadora De Calzado California,zapatería,124,18.465968,-97.389763,https://mitehuacan.mx/?ruta=ajalpan
2,Zapateria Los 3 Charros,zapatería,125,18.461647,-97.387032,https://mitehuacan.mx/?ruta=ajalpan
2,Zapaterias Don Zapato,zapatería,127,18.462106,-97.391382,https://mitehuacan.mx/?ruta=ajalpan
2,Zapateria Lazos,zapatería,129,18.464863,-97.391735,https://mitehuacan.mx/?ruta=ajalpan
2,Zapateria Arther,zapatería,130,18.461951,-97.391254,https://mitehuacan.mx/?ruta=ajalpan
2,Temo Outlet,zapatería,132,18.462997,-97.391741,https://mitehuacan.mx/?ruta=ajalpan
2,Zapaterias Vazza,zapatería,133,18.462884,-97.391754,https://mitehuacan.mx/?ruta=ajalpan
2,Zapateria El Nuevo Modelo,zapatería,140,18.461943,-97.391387,https://mitehuacan.mx/?ruta=ajalpan
2,Venta De Sandalias De Plastico,zapatería,142,18.461578,-97.390014,https://mitehuacan.mx/?ruta=ajalpan
2,Zapapateria Expres,zapatería,142,18.461616,-97.390758,https://mitehuacan.mx/?ruta=ajalpan
2,Reparacion De Calzado Ramon,zapatería,143,18.461073,-97.376347,https://mitehuacan.mx/?ruta=ajalpan
2,Zapateria Andata,zapatería,144,18.461894,-97.391389,https://mitehuacan.mx/?ruta=ajalpan
3,Bisuteria Ar,accesorios,2,18.464825,-97.389516,https://mitehuacan.mx/?ruta=ajalpan
3,Tienda De Bisuteria La Rancherita,accesorios,2,18.379307,-97.261185,https://mitehuacan.mx/?ruta=ajalpan
3,Venta De Bolsas El Rey De La Bolsa,accesorios,4,18.462779,-97.388314,https://mitehuacan.mx/?ruta=ajalpan
3,Boutique Fresona,accesorios,5,18.377945,-97.260247,https://mitehuacan.mx/?ruta=ajalpan
3,Venta De Accesorios Bellisima,accesorios,5,18.379087,-97.260379,https://mitehuacan.mx/?ruta=ajalpan
3,Importaciones Galicia,accesorios,6,18.377925,-97.259509,https://mitehuacan.mx/?ruta=ajalpan
3,Novedades Y Calzado Bochis,accesorios,6,18.379776,-97.262249,https://mitehuacan.mx/?ruta=ajalpan
3,Tienda De Articulos De Fantacias Chacharitas Sin Nombre,accesorios,7,18.378305,-97.261846,https://mitehuacan.mx/?ruta=ajalpan
3,Tienda De Bisuteria Importaciones La Barata,accesorios,7,18.378155,-97.261805,https://mitehuacan.mx/?ruta=ajalpan
3,Tienda De Cosmeticos Y Novedades Michel,accesorios,7,18.378305,-97.261846,https://mitehuacan.mx/?ruta=ajalpan
3,Tienda De Novedades Y Regalos Ana Y Jaime,accesorios,7,18.378305,-97.261846,https://mitehuacan.mx/?ruta=ajalpan
3,Venta De Chucherias Farez Bazar,accesorios,7,18.464776,-97.389273,https://mitehuacan.mx/?ruta=ajalpan
3,Venta De Gorras Y Accesorios Gorras Y Accesorios Mg,accesorios,8,18.462706,-97.387016,https://mitehuacan.mx/?ruta=ajalpan
3,Tienda De Novedades Maryud,accesorios,9,18.378728,-97.263443,https://mitehuacan.mx/?ruta=ajalpan
3,Compra Venta De Bisuteria Y Accesorios Para Dama La Bella,accesorios,12,18.462976,-97.390603,https://mitehuacan.mx/?ruta=ajalpan
3,Yeyetzi Estilo Belleza Venta De Joyeria,accesorios,16,18.377725,-97.260016,https://mitehuacan.mx/?ruta=ajalpan
3,Articulos De Bisuteria Fantasias Dany,accesorios,17,18.462859,-97.390654,https://mitehuacan.mx/?ruta=ajalpan
3,Joyeria De Fantasia Y Plata - Plata Linda,accesorios,17,18.462859,-97.390654,https://mitehuacan.mx/?ruta=ajalpan
3,Venta De Accesorios De Acero Inoxidable Tx Acero Inoxidable,accesorios,17,18.462859,-97.390654,https://mitehuacan.mx/?ruta=ajalpan
3,Tienda De Novedades Chacharitas,accesorios,39,18.379016,-97.261405,https://mitehuacan.mx/?ruta=ajalpan
3,Accesorios Y Novedades Lacitos,accesorios,41,18.378253,-97.26013,https://mitehuacan.mx/?ruta=ajalpan
3,Bolsas Y Accesorios Egos Longinos,accesorios,42,18.46485,-97.39091,https://mitehuacan.mx/?ruta=ajalpan
3,Tienda Dechacharas El Baratetito,accesorios,53,18.463346,-97.389303,https://mitehuacan.mx/?ruta=ajalpan
3,Khiara Venta De Bisuteria,accesorios,87,18.377088,-97.258884,https://mitehuacan.mx/?ruta=ajalpan
3,Tienda De Ropa Sin Nombre,accesorios,105,18.462056,-97.390994,https://mitehuacan.mx/?ruta=ajalpan
3,Tienda De Ropa Sin Nombre,accesorios,116,18.462269,-97.391382,https://mitehuacan.mx/?ruta=ajalpan
3,Accesorios Para Cabello Sin Nombre,accesorios,119,18.462381,-97.391493,https://mitehuacan.mx/?ruta=ajalpan
3,Venta De Visuteria Sin Nombre,accesorios,124,18.377187,-97.254737,https://mitehuacan.mx/?ruta=ajalpan
3,Novedades Lili,accesorios,125,18.37427,-97.296173,https://mitehuacan.mx/?ruta=ajalpan
3,Bisuteria Y Regalos Sin Nombre,accesorios,126,18.461948,-97.391178,https://mitehuacan.mx/?ruta=ajalpan
3,Accesorios Andi Dois,accesorios,134,18.465941,-97.386224,https://mitehuacan.mx/?ruta=ajalpan
3,Auditorio Municipal,asistencia social,2,18.377863,-97.258522,https://mitehuacan.mx/?ruta=ajalpan
3,Auditorio Municipal,asistencia social,41,18.442225,-97.366462,https://mitehuacan.mx/?ruta=ajalpan
3,parque,atracción,43,18.377498,-97.257691,https://mitehuacan.mx/?ruta=ajalpan
3,Auto Lavado Her-Marz,autolavado,0,18.462425,-97.377538,https://mitehuacan.mx/?ruta=ajalpan
3,Lavado Y Engrasado Sin Nombre,autolavado,2,18.378145,-97.2711,https://mitehuacan.mx/?ruta=ajalpan
3,Autolavado Y Engrasado Sin Nombre,autolavado,6,18.375726,-97.298267,https://mitehuacan.mx/?ruta=ajalpan
3,Lavado De Autos Sin Nombre,autolavado,6,18.422176,-97.337998,https://mitehuacan.mx/?ruta=ajalpan
3,Autolavado Con Espuma Activa Gilber,autolavado,7,18.463058,-97.382574,https://mitehuacan.mx/?ruta=ajalpan
3,Auto Lavado San Diego,autolavado,8,18.437307,-97.365398,https://mitehuacan.mx/?ruta=ajalpan
3,Hols Movil,autolavado,8,18.448848,-97.370336,https://mitehuacan.mx/?ruta=ajalpan
3,Autolavado Juquilita,autolavado,15,18.37641,-97.298755,https://mitehuacan.mx/?ruta=ajalpan
3,Lavado De Autos El Angel,autolavado,18,18.464794,-97.382514,https://mitehuacan.mx/?ruta=ajalpan
3,Autolavado Hernandez 2,autolavado,45,18.379473,-97.260046,https://mitehuacan.mx/?ruta=ajalpan
3,Autolavado Los 3 Hermanos Aka,autolavado,60,18.378308,-97.265254,https://mitehuacan.mx/?ruta=ajalpan
3,Autolavado Coculco,autolavado,70,18.378216,-97.265234,https://mitehuacan.mx/?ruta=ajalpan
3,Autolavado Jimenez,autolavado,77,18.464004,-97.384795,https://mitehuacan.mx/?ruta=ajalpan
3,Kuko Wash Autolavado,autolavado,83,18.379595,-97.256275,https://mitehuacan.mx/?ruta=ajalpan
3,Autolavado Autolux,autolavado,90,18.374726,-97.298344,https://mitehuacan.mx/?ruta=ajalpan
3,Autolavado Choripower,autolavado,94,18.463521,-97.381459,https://mitehuacan.mx/?ruta=ajalpan
3,Lavado De Autos Sin Nombre,autolavado,117,18.465891,-97.389082,https://mitehuacan.mx/?ruta=ajalpan
3,Autolavado El Solar,autolavado,123,18.380218,-97.260148,https://mitehuacan.mx/?ruta=ajalpan
3,Autolavado Sin Nombre,autolavado,127,18.380631,-97.261435,https://mitehuacan.mx/?ruta=ajalpan
3,Pa Empezar,bar,2,18.375488,-97.295151,https://mitehuacan.mx/?ruta=ajalpan
3,Centro Botanero Casa Juarez,bar,4,18.379934,-97.262843,https://mitehuacan.mx/?ruta=ajalpan
3,La Roca Serveceria,bar,4,18.375902,-97.290964,https://mitehuacan.mx/?ruta=ajalpan
3,La Habana,bar,5,18.375694,-97.29284,https://mitehuacan.mx/?ruta=ajalpan
3,Bar La Mancha,bar,6,18.464731,-97.384339,https://mitehuacan.mx/?ruta=ajalpan
3,Bar Rosales,bar,10,18.375582,-97.293477,https://mitehuacan.mx/?ruta=ajalpan
3,Pulques La Picara,bar,18,18.442903,-97.367773,https://mitehuacan.mx/?ruta=ajalpan
3,Micheladas Sin Nombre,bar,26,18.43723,-97.365025,https://mitehuacan.mx/?ruta=ajalpan
3,Bar El Nuevo Aterrizaje,bar,33,18.463165,-97.38931,https://mitehuacan.mx/?ruta=ajalpan
3,Bar Los Compadres,bar,42,18.375292,-97.293481,https://mitehuacan.mx/?ruta=ajalpan
3,Centro Botanero Proyecto X,bar,47,18.42319,-97.341073,https://mitehuacan.mx/?ruta=ajalpan
3,Bar Sin Nombre,bar,49,18.375229,-97.293481,https://mitehuacan.mx/?ruta=ajalpan
3,Bar Los Colorines,bar,59,18.4634,-97.389301,https://mitehuacan.mx/?ruta=ajalpan
3,Bar 69 Club,bar,62,18.463431,-97.389428,https://mitehuacan.mx/?ruta=ajalpan
3,Bar Rincon Brujo,bar,71,18.375221,-97.298771,https://mitehuacan.mx/?ruta=ajalpan
3,Bar Costa Verde,bar,73,18.465305,-97.383342,https://mitehuacan.mx/?ruta=ajalpan
3,Alitas Juquilita,bar,78,18.377043,-97.274506,https://mitehuacan.mx/?ruta=ajalpan
3,Crudelios,bar,80,18.378125,-97.265214,https://mitehuacan.mx/?ruta=ajalpan
3,Cafeteria Snack Bar Coktel Boys,bar,122,18.3768,-97.257117,https://mitehuacan.mx/?ruta=ajalpan
3,Bicicletas Y Refaciones Manolos,bicicletas,3,18.462722,-97.386257,https://mitehuacan.mx/?ruta=ajalpan
3,Taller De Bicicletas Venegas,bicicletas,37,18.375041,-97.296369,https://mitehuacan.mx/?ruta=ajalpan
3,Reparacion De Bicicletas Sin Nombre,bicicletas,66,18.465269,-97.384292,https://mitehuacan.mx/?ruta=ajalpan
3,Taller De Bicicletas Sin Nombre,bicicletas,86,18.379633,-97.258787,https://mitehuacan.mx/?ruta=ajalpan
3,Fastbike Articulos De Ciclismo,bicicletas,105,18.465667,-97.385855,https://mitehuacan.mx/?ruta=ajalpan
3,Reparacion De Bicicleta Lopez,bicicletas,133,18.377657,-97.265112,https://mitehuacan.mx/?ruta=ajalpan
3,Taller De Bicicletas El Romerito,bicicletas,149,18.377119,-97.262799,https://mitehuacan.mx/?ruta=ajalpan
3,Billares Rocker Pool,billar,55,18.462357,-97.389817,https://mitehuacan.mx/?ruta=ajalpan
3,Renta De Mesas De Billar Snookball,billar,92,18.463319,-97.391369,https://mitehuacan.mx/?ruta=ajalpan
3,Caja Zongolica Suc Tehuacan,caja de ahorro,1,18.464838,-97.390248,https://mitehuacan.mx/?ruta=ajalpan
3,Cooperativa Acreimex,caja de ahorro,8,18.462865,-97.38718,https://mitehuacan.mx/?ruta=ajalpan
3,Libertad Servicios Financieros Sucursal,caja de ahorro,8,18.462868,-97.38727,https://mitehuacan.mx/?ruta=ajalpan
3,Cooperativa Yolomecatl,caja de ahorro,27,18.379035,-97.261039,https://mitehuacan.mx/?ruta=ajalpan
3,Smb Rural,caja de ahorro,63,18.379442,-97.258983,https://mitehuacan.mx/?ruta=ajalpan
3,Caja Popular Mexicana Sucursal Granadas,caja de ahorro,69,18.465324,-97.384694,https://mitehuacan.mx/?ruta=ajalpan
3,Smb Rural,caja de ahorro,75,18.377196,-97.258871,https://mitehuacan.mx/?ruta=ajalpan
3,Casa De Empeño Oromex,casa de empeño,1,18.377977,-97.26073,https://mitehuacan.mx/?ruta=ajalpan
3,Prenda Mex Sucursal 1845 Pue,casa de empeño,2,18.378767,-97.266039,https://mitehuacan.mx/?ruta=ajalpan
3,Presta Yaa,casa de empeño,2,18.377959,-97.260579,https://mitehuacan.mx/?ruta=ajalpan
3,Empeños El Lingote De Oro,casa de empeño,4,18.378546,-97.262682,https://mitehuacan.mx/?ruta=ajalpan
3,Prenda Estrella Tu Casa De Empeño,casa de empeño,4,18.37792,-97.258581,https://mitehuacan.mx/?ruta=ajalpan
3,Casa De Empeño Prenda Joya,casa de empeño,6,18.379315,-97.26092,https://mitehuacan.mx/?ruta=ajalpan
3,Casa De Empeño Prenda Joya,casa de empeño,6,18.378834,-97.264902,https://mitehuacan.mx/?ruta=ajalpan
3,Casa De Empeño Prenda Mex,casa de empeño,6,18.378346,-97.262366,https://mitehuacan.mx/?ruta=ajalpan
3,Presta Cash La Bonanza,casa de empeño,13,18.462586,-97.384893,https://mitehuacan.mx/?ruta=ajalpan
3,Casa De Empeño Prendaval,casa de empeño,32,18.464553,-97.389395,https://mitehuacan.mx/?ruta=ajalpan
3,Casa De Empeños Presta Teh,casa de empeño,33,18.462545,-97.389455,https://mitehuacan.mx/?ruta=ajalpan
3,Casa De Empeño La Esperanza,casa de empeño,34,18.464535,-97.389395,https://mitehuacan.mx/?ruta=ajalpan
3,Casa De Empeño De Remate,casa de empeño,36,18.465169,-97.389394,https://mitehuacan.mx/?ruta=ajalpan
3,Casa De Empeño Prenda Joya,casa de empeño,46,18.463283,-97.389305,https://mitehuacan.mx/?ruta=ajalpan
3,Casa De Empeño Surti Empeños,casa de empeño,47,18.462414,-97.389327,https://mitehuacan.mx/?ruta=ajalpan
3,Casa De Empeño Respuesta Rapida,casa de empeño,55,18.462346,-97.389457,https://mitehuacan.mx/?ruta=ajalpan
3,Casa De Empeños Prenda Sol,casa de empeño,55,18.463287,-97.387079,https://mitehuacan.mx/?ruta=ajalpan
3,Empeño Facial Tehuacan,casa de empeño,64,18.462868,-97.391095,https://mitehuacan.mx/?ruta=ajalpan
3,Casa De Empeño Valle De Oro,casa de empeño,83,18.462871,-97.39128,https://mitehuacan.mx/?ruta=ajalpan
3,Casa De Empeño Multiventas,casa de empeño,87,18.464504,-97.391347,https://mitehuacan.mx/?ruta=ajalpan
3,Realice Sucursal 4237 Pue,casa de empeño,88,18.462872,-97.391322,https://mitehuacan.mx/?ruta=ajalpan
3,Casa De Empeño Prenda Lana,casa de empeño,92,18.463319,-97.391369,https://mitehuacan.mx/?ruta=ajalpan
3,Casa De Empeño Casa Prendaria,casa de empeño,98,18.464508,-97.391451,https://mitehuacan.mx/?ruta=ajalpan
3,Casa Prendaria,casa de empeño,102,18.463712,-97.387056,https://mitehuacan.mx/?ruta=ajalpan
3,Casa De Empeño La Esperanza,casa de empeño,106,18.463793,-97.387051,https://mitehuacan.mx/?ruta=ajalpan
3,Casa De Empeño Prestaval,casa de empeño,112,18.462333,-97.391382,https://mitehuacan.mx/?ruta=ajalpan
3,Cerrajeria Santiago,cerrajería,4,18.462655,-97.380139,https://mitehuacan.mx/?ruta=ajalpan
3,Cerrajeria Ajalpan,cerrajería,6,18.378257,-97.262104,https://mitehuacan.mx/?ruta=ajalpan
3,Cerrajeria Garcia,cerrajería,6,18.378797,-97.265217,https://mitehuacan.mx/?ruta=ajalpan
3,Cerrajeria Flores,cerrajería,9,18.379499,-97.26151,https://mitehuacan.mx/?ruta=ajalpan
3,Cerrajeria Mexicana,cerrajería,21,18.464653,-97.389392,https://mitehuacan.mx/?ruta=ajalpan
3,Cerrajeria Altepexi,cerrajería,60,18.375129,-97.293483,https://mitehuacan.mx/?ruta=ajalpan
3,Servicio De Cerrajeria Cerrajeria Gaba,cerrajería,61,18.462288,-97.38933,https://mitehuacan.mx/?ruta=ajalpan
3,Cerrajeria Independencia,cerrajería,79,18.462871,-97.391242,https://mitehuacan.mx/?ruta=ajalpan
3,Cerrajeria Najera,cerrajería,88,18.463508,-97.384832,https://mitehuacan.mx/?ruta=ajalpan
3,Cerrajeria Imperial,cerrajería,101,18.462541,-97.391381,https://mitehuacan.mx/?ruta=ajalpan
3,Cerrajeria La Cerrajeria,cerrajería,116,18.461938,-97.390989,https://mitehuacan.mx/?ruta=ajalpan
3,Cafetería Morentina,coffee,46,18.463246,-97.390936,https://mitehuacan.mx/?ruta=ajalpan
3,Pollos Guerrero,comida,4,18.462734,-97.387021,https://mitehuacan.mx/?ruta=ajalpan
3,Pizzas iolo,comida,71,18.462976,-97.391165,https://mitehuacan.mx/?ruta=ajalpan
3,Domino's,comida,84,18.463527,-97.386638,https://mitehuacan.mx/?ruta=ajalpan
3,Cemitas La Poblanita,comida,89,18.463967,-97.391361,https://mitehuacan.mx/?ruta=ajalpan
3,Tacos El Primó,comida,101,18.463791,-97.391472,https://mitehuacan.mx/?ruta=ajalpan
3,Pollos Guerrero,comida,144,18.461542,-97.389421,https://mitehuacan.mx/?ruta=ajalpan
3,Ciber Cafe Navi,computación,1,18.379505,-97.261795,https://mitehuacan.mx/?ruta=ajalpan
3,Ciber Y Centro De Copiado Printon Copiadoras,computación,4,18.379869,-97.262674,https://mitehuacan.mx/?ruta=ajalpan
3,Computacion Y Sistemas Icos,computación,7,18.377998,-97.256673,https://mitehuacan.mx/?ruta=ajalpan
3,Ciber Flores,computación,9,18.462834,-97.386035,https://mitehuacan.mx/?ruta=ajalpan
3,Ciber Hairo,computación,9,18.464797,-97.385456,https://mitehuacan.mx/?ruta=ajalpan
3,Ciber El M0Use,computación,39,18.378384,-97.261113,https://mitehuacan.mx/?ruta=ajalpan
3,Cibercafe The Site,computación,81,18.465572,-97.389265,https://mitehuacan.mx/?ruta=ajalpan
3,Cyber George,computación,83,18.442513,-97.368236,https://mitehuacan.mx/?ruta=ajalpan
3,Ciber Mixti,computación,87,18.463965,-97.387042,https://mitehuacan.mx/?ruta=ajalpan
3,Impresiones De Documentos Sin Nombre,computación,95,18.378311,-97.254669,https://mitehuacan.mx/?ruta=ajalpan
3,Ciber Fenix,computación,97,18.379577,-97.254982,https://mitehuacan.mx/?ruta=ajalpan
3,Cafe Con Aroma De Internet,computación,98,18.464508,-97.391451,https://mitehuacan.mx/?ruta=ajalpan
3,Ciber Acct,computación,116,18.462269,-97.391382,https://mitehuacan.mx/?ruta=ajalpan
3,Renta De Computadoras Icos,computación,143,18.380997,-97.261912,https://mitehuacan.mx/?ruta=ajalpan
3,Cybernet Sia,computación,147,18.380052,-97.266325,https://mitehuacan.mx/?ruta=ajalpan
3,Ciber Aldo,computación,150,18.461163,-97.379667,https://mitehuacan.mx/?ruta=ajalpan
3,Auditorio Municipal,conference centre,14,18.377751,-97.258618,https://mitehuacan.mx/?ruta=ajalpan
3,Servicio De Plomeria Sin Nombre,construcción,126,18.461948,-97.391178,https://mitehuacan.mx/?ruta=ajalpan
3,Despacho Contable,contadores,9,18.462838,-97.386196,https://mitehuacan.mx/?ruta=ajalpan
3,Juridico Y Contable Sin Nombre,contadores,22,18.378105,-97.257158,https://mitehuacan.mx/?ruta=ajalpan
3,Despacho Contable Sin Nombre,contadores,42,18.4624,-97.387099,https://mitehuacan.mx/?ruta=ajalpan
3,Asefisco Sc,contadores,44,18.379704,-97.261079,https://mitehuacan.mx/?ruta=ajalpan
3,Excelencia En Consultores,contadores,85,18.377168,-97.260759,https://mitehuacan.mx/?ruta=ajalpan
3,Despacho Contable Martinez,contadores,90,18.463482,-97.391363,https://mitehuacan.mx/?ruta=ajalpan
3,Servicios Contables Sin Nombre,contadores,105,18.465646,-97.384596,https://mitehuacan.mx/?ruta=ajalpan
3,Despacho Contable Fiscal,contadores,119,18.465708,-97.382471,https://mitehuacan.mx/?ruta=ajalpan
3,Despacho Contable Sin Nombre,contadores,128,18.377134,-97.26222,https://mitehuacan.mx/?ruta=ajalpan
3,Fotocopias Sin Nombre,copias,4,18.37975,-97.262403,https://mitehuacan.mx/?ruta=ajalpan
3,Papeleria Esmeralda,copias,4,18.423156,-97.340041,https://mitehuacan.mx/?ruta=ajalpan
3,Copias Del Centro,copias,5,18.377937,-97.257566,https://mitehuacan.mx/?ruta=ajalpan
3,Copias Sin Nombre,copias,6,18.37879,-97.258635,https://mitehuacan.mx/?ruta=ajalpan
3,Copias Center,copias,8,18.378767,-97.263594,https://mitehuacan.mx/?ruta=ajalpan
3,Spinka Impresiones Y Copias,copias,8,18.379479,-97.261454,https://mitehuacan.mx/?ruta=ajalpan
3,Centro De Copiado Quality Sharp,copias,11,18.46474,-97.389273,https://mitehuacan.mx/?ruta=ajalpan
3,Quality Copier,copias,21,18.462588,-97.387019,https://mitehuacan.mx/?ruta=ajalpan
3,Copiado Sin Nombre,copias,28,18.421135,-97.335565,https://mitehuacan.mx/?ruta=ajalpan
3,Papeleria Y Novedades Nuby,copias,68,18.442753,-97.368242,https://mitehuacan.mx/?ruta=ajalpan
3,Papeleria Quetita,copias,89,18.442879,-97.366474,https://mitehuacan.mx/?ruta=ajalpan
3,El Secreto Del Sabor,copias,141,18.379161,-97.274003,https://mitehuacan.mx/?ruta=ajalpan
3,Compra Venta De Articulos Deportivos Lily,deportes,1,18.464835,-97.390085,https://mitehuacan.mx/?ruta=ajalpan
3,Zapateria Y Novedades El Oferton,deportes,3,18.378646,-97.262943,https://mitehuacan.mx/?ruta=ajalpan
3,Tienda De Ropa Deportiva Len-Dg,deportes,4,18.37989,-97.262729,https://mitehuacan.mx/?ruta=ajalpan
3,Bacafra Sport,deportes,5,18.464737,-97.384595,https://mitehuacan.mx/?ruta=ajalpan
3,Tienda De Calzado Sin Nombre,deportes,7,18.378148,-97.261785,https://mitehuacan.mx/?ruta=ajalpan
3,Panthers Sneaker,deportes,8,18.377849,-97.260564,https://mitehuacan.mx/?ruta=ajalpan
3,Tienda De Ropa Venta Gorras Y Playeras El Chino,deportes,17,18.462859,-97.390654,https://mitehuacan.mx/?ruta=ajalpan
3,Zapateria Sin Nombre,deportes,23,18.379087,-97.264992,https://mitehuacan.mx/?ruta=ajalpan
3,Tienda De Deportes Tehuacan Zona Sport,deportes,51,18.463328,-97.389304,https://mitehuacan.mx/?ruta=ajalpan
3,Tienda De Ropa Deportiva Sin Nombre,deportes,69,18.462219,-97.389458,https://mitehuacan.mx/?ruta=ajalpan
3,Atleticos,deportes,78,18.462986,-97.391234,https://mitehuacan.mx/?ruta=ajalpan
3,Tienda De Deportes Atleticos,deportes,86,18.462985,-97.391305,https://mitehuacan.mx/?ruta=ajalpan
3,Articulos Militares El Infante,deportes,87,18.463965,-97.387042,https://mitehuacan.mx/?ruta=ajalpan
3,Inspiracion Deportiva Israel Venta De Ropa,deportes,88,18.377087,-97.258733,https://mitehuacan.mx/?ruta=ajalpan
3,Ropa Americana El Paraiso,deportes,106,18.377943,-97.254545,https://mitehuacan.mx/?ruta=ajalpan
3,Compra Venta De Ropa Deportiva Anda Sports,deportes,107,18.46541,-97.391339,https://mitehuacan.mx/?ruta=ajalpan
3,Tienda De Ropa Deportiva Sportworld Factory,deportes,113,18.465359,-97.391443,https://mitehuacan.mx/?ruta=ajalpan
3,Compra Y Venta De Ropa Deportiva Zas Sport,deportes,114,18.46182,-97.389646,https://mitehuacan.mx/?ruta=ajalpan
3,Compra Venta De Ropa Deportiva Influencers,deportes,125,18.464862,-97.391697,https://mitehuacan.mx/?ruta=ajalpan
3,Zapateria Stop,deportes,131,18.464944,-97.391751,https://mitehuacan.mx/?ruta=ajalpan
3,Temo Tenis,deportes,132,18.462997,-97.391741,https://mitehuacan.mx/?ruta=ajalpan
3,Zapateria Moda A Tus Pies,deportes,142,18.46158,-97.390195,https://mitehuacan.mx/?ruta=ajalpan
3,Atleticos,deportes,142,18.462899,-97.391839,https://mitehuacan.mx/?ruta=ajalpan
3,Tieda De Articulos Deportivos Atleticos,deportes,146,18.462888,-97.391877,https://mitehuacan.mx/?ruta=ajalpan
3,Chelas 911,depósito,0,18.462583,-97.381062,https://mitehuacan.mx/?ruta=ajalpan
3,Pue Six Acsapack,depósito,0,18.462441,-97.377913,https://mitehuacan.mx/?ruta=ajalpan
3,Pue Six Ajalpan,depósito,1,18.378951,-97.264095,https://mitehuacan.mx/?ruta=ajalpan
3,Six Acsapack,depósito,1,18.462434,-97.377922,https://mitehuacan.mx/?ruta=ajalpan
3,Modelorama El Molino,depósito,4,18.462701,-97.381087,https://mitehuacan.mx/?ruta=ajalpan
3,Tienda De Cerveza Modelorama,depósito,4,18.378604,-97.262832,https://mitehuacan.mx/?ruta=ajalpan
3,Deposito De Cerveza La Farmacia,depósito,5,18.422004,-97.33768,https://mitehuacan.mx/?ruta=ajalpan
3,Deposito Rayon,depósito,5,18.422277,-97.337965,https://mitehuacan.mx/?ruta=ajalpan
3,Deposito Parra,depósito,7,18.378027,-97.256045,https://mitehuacan.mx/?ruta=ajalpan
3,Modelorama Venta De Cerveza,depósito,9,18.442895,-97.367659,https://mitehuacan.mx/?ruta=ajalpan
3,Venta De Cerveza Sin Nombre,depósito,15,18.464769,-97.382581,https://mitehuacan.mx/?ruta=ajalpan
3,Deposito Los Cuates,depósito,28,18.440692,-97.366567,https://mitehuacan.mx/?ruta=ajalpan
3,Cerveceria La Pantera,depósito,57,18.46311,-97.379556,https://mitehuacan.mx/?ruta=ajalpan
3,Deposito De Cerveza,depósito,68,18.378645,-97.261085,https://mitehuacan.mx/?ruta=ajalpan
3,Dulceria San Juditas,dulcería,5,18.379714,-97.26211,https://mitehuacan.mx/?ruta=ajalpan
3,Dulceria El Bombon,dulcería,6,18.378885,-97.258509,https://mitehuacan.mx/?ruta=ajalpan
3,Dulceria El Bombom,dulcería,7,18.378305,-97.261846,https://mitehuacan.mx/?ruta=ajalpan
3,Dulces Tipicos Sin Nombre,dulcería,35,18.46213,-97.378046,https://mitehuacan.mx/?ruta=ajalpan
3,Venta De Dulces Caseros,dulcería,40,18.465059,-97.384638,https://mitehuacan.mx/?ruta=ajalpan
3,Tiendita Sin Nombre,dulcería,45,18.374889,-97.297038,https://mitehuacan.mx/?ruta=ajalpan
3,Mueganos El Aguila De Rl De Cv,dulcería,55,18.463287,-97.387079,https://mitehuacan.mx/?ruta=ajalpan
3,Venta De Dulces,dulcería,55,18.463287,-97.387079,https://mitehuacan.mx/?ruta=ajalpan
3,Dulces Y Piñatas Bello,dulcería,126,18.461948,-97.391178,https://mitehuacan.mx/?ruta=ajalpan
3,El Reyno De Dabichos,dulcería,126,18.461948,-97.391178,https://mitehuacan.mx/?ruta=ajalpan
3,Venta De Dulces Sin Nombre,dulcería,126,18.461948,-97.391178,https://mitehuacan.mx/?ruta=ajalpan
3,Mini Tienda Sin Nombre,dulcería,149,18.377195,-97.254415,https://mitehuacan.mx/?ruta=ajalpan
3,Radio Comunitaria Estereo Exitos,energía,3,18.377921,-97.256258,https://mitehuacan.mx/?ruta=ajalpan
3,Fotos Studio Galan,fotografía,4,18.379535,-97.264035,https://mitehuacan.mx/?ruta=ajalpan
3,Estudio De Fotos Fujifilm,fotografía,11,18.462713,-97.388158,https://mitehuacan.mx/?ruta=ajalpan
3,Foto Estudio Acuario,fotografía,17,18.462864,-97.384799,https://mitehuacan.mx/?ruta=ajalpan
3,Estudio Saul Magaña,fotografía,60,18.464934,-97.391068,https://mitehuacan.mx/?ruta=ajalpan
3,Foto Emmanuel,fotografía,75,18.377195,-97.259137,https://mitehuacan.mx/?ruta=ajalpan
3,Foto Estudio Lumiere,fotografía,75,18.465522,-97.38939,https://mitehuacan.mx/?ruta=ajalpan
3,Foto Estudio Noba Digital Servicio De Fotografia,fotografía,98,18.464526,-97.391451,https://mitehuacan.mx/?ruta=ajalpan
3,Estudio Fotografico Alpha Y Omega,fotografía,123,18.465889,-97.387706,https://mitehuacan.mx/?ruta=ajalpan
3,Foto Klick,fotografía,129,18.464863,-97.391735,https://mitehuacan.mx/?ruta=ajalpan
3,Abastecedora Del Campo,frutería,1,18.464815,-97.388852,https://mitehuacan.mx/?ruta=ajalpan
3,Frutas Y Verduras Maty,frutería,5,18.380221,-97.263345,https://mitehuacan.mx/?ruta=ajalpan
3,Verduleria Sin Nombre,frutería,5,18.441786,-97.366685,https://mitehuacan.mx/?ruta=ajalpan
3,Frutas Y Verduras Lupita,frutería,7,18.378855,-97.25688,https://mitehuacan.mx/?ruta=ajalpan
3,Verduleria Sin Nombre,frutería,9,18.441471,-97.366577,https://mitehuacan.mx/?ruta=ajalpan
3,Venta De Frutas Y Verduras,frutería,27,18.375894,-97.298826,https://mitehuacan.mx/?ruta=ajalpan
3,Venta De Verdura,frutería,46,18.374889,-97.296982,https://mitehuacan.mx/?ruta=ajalpan
3,Fruteria,frutería,57,18.375156,-97.293482,https://mitehuacan.mx/?ruta=ajalpan
3,Venta De Frutas Y Verduras,frutería,63,18.37486,-97.295882,https://mitehuacan.mx/?ruta=ajalpan
3,Venta De Frutas Y Verduras Sin Nombre,frutería,67,18.461717,-97.375498,https://mitehuacan.mx/?ruta=ajalpan
3,Frutas Y Verduras Doña Toña,frutería,69,18.37797,-97.2549,https://mitehuacan.mx/?ruta=ajalpan
3,Frutas Y Verduras Laura,frutería,75,18.440702,-97.367031,https://mitehuacan.mx/?ruta=ajalpan
3,Frutas Y Verduras Befelseh,frutería,101,18.465024,-97.391446,https://mitehuacan.mx/?ruta=ajalpan
3,Venta De Frutas Y Verduras Befelseh,frutería,101,18.465024,-97.391446,https://mitehuacan.mx/?ruta=ajalpan
3,Venta De Verdura Sin Nombre,frutería,105,18.379462,-97.254792,https://mitehuacan.mx/?ruta=ajalpan
3,Frutas Lupe,frutería,126,18.461948,-97.391178,https://mitehuacan.mx/?ruta=ajalpan
3,Frutas Y Verduras El Huerto,frutería,126,18.461948,-97.391178,https://mitehuacan.mx/?ruta=ajalpan
3,Frutas Y Verduras Irma,frutería,126,18.461948,-97.391178,https://mitehuacan.mx/?ruta=ajalpan
3,Frutas Y Verduras La Flor De Tabasco,frutería,126,18.461948,-97.391178,https://mitehuacan.mx/?ruta=ajalpan
3,Frutas Y Verduras Sin Nombre,frutería,126,18.461948,-97.391178,https://mitehuacan.mx/?ruta=ajalpan
3,Frutas Y Verduras Toya,frutería,126,18.461948,-97.391178,https://mitehuacan.mx/?ruta=ajalpan
3,Venta De Abarrotes Y Verduras,frutería,126,18.461948,-97.391178,https://mitehuacan.mx/?ruta=ajalpan
3,Venta De Frutas Y Verduras Sin Nombre,frutería,126,18.461948,-97.391178,https://mitehuacan.mx/?ruta=ajalpan
3,Venta De Verduras Sin Nombre,frutería,126,18.461948,-97.391178,https://mitehuacan.mx/?ruta=ajalpan
3,Venta De Verduras Y Legumbres Piachis,frutería,126,18.461948,-97.391178,https://mitehuacan.mx/?ruta=ajalpan
3,Verduleria Las Tres Palomas,frutería,126,18.461948,-97.391178,https://mitehuacan.mx/?ruta=ajalpan
3,Verduleria Sin Nombre,frutería,126,18.461948,-97.391178,https://mitehuacan.mx/?ruta=ajalpan
3,Verduras Divina Providencia,frutería,126,18.461948,-97.391178,https://mitehuacan.mx/?ruta=ajalpan
3,Verduras Sin Nombre,frutería,126,18.461948,-97.391178,https://mitehuacan.mx/?ruta=ajalpan
3,Verduras Y Chiles Secos Sin Nombre,frutería,126,18.461948,-97.391178,https://mitehuacan.mx/?ruta=ajalpan
3,Verduras Y Frutas Sin Nombre,frutería,126,18.461948,-97.391178,https://mitehuacan.mx/?ruta=ajalpan
3,Verduras Y Legumbres Sin Nombre,frutería,126,18.461948,-97.391178,https://mitehuacan.mx/?ruta=ajalpan
3,Casa De La Fruta Venta De Fruta,frutería,131,18.465851,-97.384045,https://mitehuacan.mx/?ruta=ajalpan
3,Venta De Verduras El Puentecito,frutería,142,18.442888,-97.365806,https://mitehuacan.mx/?ruta=ajalpan
3,Verduleria Sin Nombre,frutería,142,18.463954,-97.381106,https://mitehuacan.mx/?ruta=ajalpan
3,Tienda De Verduras Y Abarrotes,frutería,145,18.374245,-97.298501,https://mitehuacan.mx/?ruta=ajalpan
3,Venta De Frutas Y Verduras Sin Nombre,frutería,145,18.374441,-97.292596,https://mitehuacan.mx/?ruta=ajalpan
3,Funerales La Gloria,funeraria,3,18.375338,-97.296494,https://mitehuacan.mx/?ruta=ajalpan
3,Funeraria Villa San Francisco,funeraria,5,18.375459,-97.297881,https://mitehuacan.mx/?ruta=ajalpan
3,Funerales Coculco,funeraria,82,18.377817,-97.262986,https://mitehuacan.mx/?ruta=ajalpan
3,Teller De Costura Garald,fábrica,0,18.464821,-97.388994,https://mitehuacan.mx/?ruta=ajalpan
3,Bordados De Servilletas,fábrica,1,18.462637,-97.38311,https://mitehuacan.mx/?ruta=ajalpan
3,Carpinteria Sin Nombre,fábrica,1,18.463377,-97.38263,https://mitehuacan.mx/?ruta=ajalpan
3,Confeccion De Ropa Sin Nombre,fábrica,1,18.464793,-97.388293,https://mitehuacan.mx/?ruta=ajalpan
3,Elaboracion De Yogurt Sin Nombre,fábrica,1,18.376769,-97.299176,https://mitehuacan.mx/?ruta=ajalpan
3,Monumentos Independencia,fábrica,1,18.462413,-97.377273,https://mitehuacan.mx/?ruta=ajalpan
3,Piñato Baza,fábrica,1,18.464772,-97.387753,https://mitehuacan.mx/?ruta=ajalpan
3,Tabiquera Sin Nombre,fábrica,1,18.377832,-97.274523,https://mitehuacan.mx/?ruta=ajalpan
3,Refaccionaria De Maquinaria Tecno Lazer Y Bordado Sin Nombre,fábrica,2,18.378001,-97.260852,https://mitehuacan.mx/?ruta=ajalpan
3,Paleteria La Michoacana,fábrica,3,18.380051,-97.264012,https://mitehuacan.mx/?ruta=ajalpan
3,Paleteria Lupita,fábrica,3,18.462698,-97.385413,https://mitehuacan.mx/?ruta=ajalpan
3,Blockera Santiago,fábrica,4,18.375786,-97.292012,https://mitehuacan.mx/?ruta=ajalpan
3,Blockera Sin Nombre,fábrica,4,18.375839,-97.291526,https://mitehuacan.mx/?ruta=ajalpan
3,Carpinteria Alva,fábrica,4,18.375771,-97.292145,https://mitehuacan.mx/?ruta=ajalpan
3,Lesa Textiles,fábrica,4,18.462765,-97.387808,https://mitehuacan.mx/?ruta=ajalpan
3,Elaboracion De Monumentos San Diego,fábrica,6,18.446597,-97.369492,https://mitehuacan.mx/?ruta=ajalpan
3,Carpinteria Sin Nombre,fábrica,7,18.377385,-97.299548,https://mitehuacan.mx/?ruta=ajalpan
3,Costura De Ropa Sin Nombre,fábrica,7,18.377286,-97.299636,https://mitehuacan.mx/?ruta=ajalpan
3,Deportes Virgo,fábrica,7,18.37579,-97.292951,https://mitehuacan.mx/?ruta=ajalpan
3,Estructuras Metalicas Castillo,fábrica,7,18.375866,-97.298383,https://mitehuacan.mx/?ruta=ajalpan
3,Mosaico Moreno,fábrica,7,18.464873,-97.38848,https://mitehuacan.mx/?ruta=ajalpan
3,Taller De Mosaicos Torremar Pisos,fábrica,7,18.464689,-97.387025,https://mitehuacan.mx/?ruta=ajalpan
3,Carpinteria Sin Nombre,fábrica,8,18.447094,-97.36975,https://mitehuacan.mx/?ruta=ajalpan
3,Elaboracion De Canastas De Carrizo Sin Nombre,fábrica,8,18.378981,-97.255786,https://mitehuacan.mx/?ruta=ajalpan
3,Paleteria La Antigua Lupita,fábrica,8,18.377859,-97.260668,https://mitehuacan.mx/?ruta=ajalpan
3,Venta De Vestidos Para Niña Sin Nombre,fábrica,8,18.378025,-97.256254,https://mitehuacan.mx/?ruta=ajalpan
3,Bloquera Coculco,fábrica,9,18.378637,-97.266313,https://mitehuacan.mx/?ruta=ajalpan
3,Lapidas Sin Nombre,fábrica,9,18.447381,-97.370057,https://mitehuacan.mx/?ruta=ajalpan
3,Paleteria Lupita,fábrica,9,18.377891,-97.260856,https://mitehuacan.mx/?ruta=ajalpan
3,Taller De Lapidas Muñoz,fábrica,9,18.449585,-97.370456,https://mitehuacan.mx/?ruta=ajalpan
3,Costura De Diferentes Prends Taller Ccc,fábrica,12,18.462672,-97.387093,https://mitehuacan.mx/?ruta=ajalpan
3,Diceños En Barro,fábrica,12,18.378226,-97.272025,https://mitehuacan.mx/?ruta=ajalpan
3,Bloquera Juquilica,fábrica,14,18.380062,-97.30169,https://mitehuacan.mx/?ruta=ajalpan
3,Confeccion De Disfraces La Magia De Oz,fábrica,14,18.464677,-97.388407,https://mitehuacan.mx/?ruta=ajalpan
3,Elaboracion De Canasta De Carriso,fábrica,14,18.379568,-97.301351,https://mitehuacan.mx/?ruta=ajalpan
3,Elaboracion De Canastas De Carriso,fábrica,14,18.379568,-97.301351,https://mitehuacan.mx/?ruta=ajalpan
3,Maher,fábrica,14,18.378447,-97.270378,https://mitehuacan.mx/?ruta=ajalpan
3,Tienda De Piñatas,fábrica,14,18.378219,-97.300075,https://mitehuacan.mx/?ruta=ajalpan
3,Elaboracion De Alhajeros De Madera,fábrica,15,18.445072,-97.368834,https://mitehuacan.mx/?ruta=ajalpan
3,Maquiladora Perrizzimo-Pauspet,fábrica,18,18.462146,-97.375021,https://mitehuacan.mx/?ruta=ajalpan
3,Elaboracion De Canastas De Carrizo Sin Nombre,fábrica,19,18.377105,-97.299643,https://mitehuacan.mx/?ruta=ajalpan
3,Aceites Y Proteínas El Calvario,fábrica,22,18.416666,-97.33236,https://mitehuacan.mx/?ruta=ajalpan
3,Taller De Costura Sin Nombre,fábrica,22,18.378995,-97.257223,https://mitehuacan.mx/?ruta=ajalpan
3,Elaboracion De Canastas De Carrizo Sin Nombre,fábrica,27,18.379181,-97.255679,https://mitehuacan.mx/?ruta=ajalpan
3,Tejeria Sin Nombre,fábrica,28,18.377622,-97.27856,https://mitehuacan.mx/?ruta=ajalpan
3,Elaboracion De Canastas Sin Nombre,fábrica,29,18.379132,-97.258979,https://mitehuacan.mx/?ruta=ajalpan
3,Tejeria Sin Nombre,fábrica,29,18.377501,-97.279692,https://mitehuacan.mx/?ruta=ajalpan
3,Blockera Rodriguez,fábrica,30,18.378819,-97.300317,https://mitehuacan.mx/?ruta=ajalpan
3,Tejeria Sin Nombre,fábrica,30,18.377736,-97.277722,https://mitehuacan.mx/?ruta=ajalpan
3,Taller De Costura Sin Nombre,fábrica,37,18.462088,-97.377561,https://mitehuacan.mx/?ruta=ajalpan
3,Elaboracion De Canastas Sin Nombre,fábrica,40,18.379668,-97.261082,https://mitehuacan.mx/?ruta=ajalpan
3,Elaboracion De Canastas De Carrizo Sin Nombre,fábrica,44,18.377668,-97.255309,https://mitehuacan.mx/?ruta=ajalpan
3,Mesa De Corte,fábrica,45,18.37489,-97.297162,https://mitehuacan.mx/?ruta=ajalpan
3,Artesanias De Carrizo Msin Nombre,fábrica,47,18.374926,-97.296592,https://mitehuacan.mx/?ruta=ajalpan
3,Elaboracion De Artesanias De Carrizo Sin Nombre,fábrica,47,18.374925,-97.29662,https://mitehuacan.mx/?ruta=ajalpan
3,Elaboracion De Canastas De Carrizo Sin Nombre,fábrica,48,18.377962,-97.255099,https://mitehuacan.mx/?ruta=ajalpan
3,Artesanias De Figuras De Carrizo Y Bambu,fábrica,49,18.374925,-97.296487,https://mitehuacan.mx/?ruta=ajalpan
3,Elaboracion De Canastas De Carrizo Sin Nombre,fábrica,50,18.374921,-97.296449,https://mitehuacan.mx/?ruta=ajalpan
3,Bordados Poblanita,fábrica,52,18.379115,-97.266984,https://mitehuacan.mx/?ruta=ajalpan
3,Marema Confecciones,fábrica,52,18.462264,-97.385627,https://mitehuacan.mx/?ruta=ajalpan
3,Bordadora Sin Nombre,fábrica,53,18.378078,-97.26293,https://mitehuacan.mx/?ruta=ajalpan
3,Doblilladores Lagd,fábrica,53,18.379195,-97.255191,https://mitehuacan.mx/?ruta=ajalpan
3,Elaboracion De Canastas Sin Nombre,fábrica,54,18.378067,-97.255039,https://mitehuacan.mx/?ruta=ajalpan
3,Bloquera La Reyna De Juqulia,fábrica,56,18.376693,-97.279409,https://mitehuacan.mx/?ruta=ajalpan
3,Bordados San Miguel,fábrica,58,18.464279,-97.388424,https://mitehuacan.mx/?ruta=ajalpan
3,Elaboracion De Canastas De Carrizo Sin Nombre,fábrica,59,18.376491,-97.299666,https://mitehuacan.mx/?ruta=ajalpan
3,Costurera Sin Nombre,fábrica,60,18.377967,-97.254985,https://mitehuacan.mx/?ruta=ajalpan
3,Elaboracion De Bolsas Sin Nombre,fábrica,61,18.378362,-97.263993,https://mitehuacan.mx/?ruta=ajalpan
3,Elaboracion De Canastas De Carrizo Sin Nombre,fábrica,61,18.379313,-97.255196,https://mitehuacan.mx/?ruta=ajalpan
3,Bordados Amayo,fábrica,63,18.37486,-97.295882,https://mitehuacan.mx/?ruta=ajalpan
3,Carpinteria Martinez,fábrica,63,18.374862,-97.295911,https://mitehuacan.mx/?ruta=ajalpan
3,Elaboracion De Canastas De Carrizo Sin Nombre,fábrica,63,18.380301,-97.302311,https://mitehuacan.mx/?ruta=ajalpan
3,Elaboracion De Canastas De Carrizo Sin Nombre,fábrica,65,18.3764,-97.299669,https://mitehuacan.mx/?ruta=ajalpan
3,Artesanias De Carrizo Sin Nombre,fábrica,69,18.374842,-97.295589,https://mitehuacan.mx/?ruta=ajalpan
3,Artesanias Irma Villa,fábrica,69,18.374841,-97.29558,https://mitehuacan.mx/?ruta=ajalpan
3,Elaboracion De Artesanias De Carrizo Sin Nombre,fábrica,69,18.374841,-97.29558,https://mitehuacan.mx/?ruta=ajalpan
3,Elaboracion De Canastas De Carrizo,fábrica,69,18.374841,-97.29558,https://mitehuacan.mx/?ruta=ajalpan
3,Elaboracion De Canastas De Carrizo,fábrica,70,18.374666,-97.297472,https://mitehuacan.mx/?ruta=ajalpan
3,Elaboracion De Canastas De Carrizo Sin Nombre,fábrica,70,18.374666,-97.297472,https://mitehuacan.mx/?ruta=ajalpan
3,Sellos Expres,fábrica,72,18.464854,-97.391194,https://mitehuacan.mx/?ruta=ajalpan
3,Tejeria Sin Nombre,fábrica,72,18.378213,-97.276904,https://mitehuacan.mx/?ruta=ajalpan
3,Elaboracion De Canastas De Carrizo,fábrica,73,18.374639,-97.297473,https://mitehuacan.mx/?ruta=ajalpan
3,Empaque Sin Nombre,fábrica,73,18.465323,-97.383959,https://mitehuacan.mx/?ruta=ajalpan
3,Venta De Yogurth Sin Nombre,fábrica,78,18.374711,-97.296074,https://mitehuacan.mx/?ruta=ajalpan
3,Elaboracion De Canastas De Carrizo Sin Nombre,fábrica,80,18.374693,-97.296082,https://mitehuacan.mx/?ruta=ajalpan
3,Elaboracion Y Venta De Bolis,fábrica,81,18.461879,-97.381627,https://mitehuacan.mx/?ruta=ajalpan
3,Taller De Costura Sin Nombre,fábrica,85,18.421713,-97.335513,https://mitehuacan.mx/?ruta=ajalpan
3,Elaboracion De Canastas De Carriso Sin Nombre,fábrica,87,18.378621,-97.254775,https://mitehuacan.mx/?ruta=ajalpan
3,Elaboracion De Canastas Sin Nombre,fábrica,87,18.377284,-97.255189,https://mitehuacan.mx/?ruta=ajalpan
3,Maquiladora Sin Nombre,fábrica,87,18.379683,-97.255362,https://mitehuacan.mx/?ruta=ajalpan
3,Taller De Costura Sin Nombre,fábrica,88,18.378566,-97.254756,https://mitehuacan.mx/?ruta=ajalpan
3,Elaboracion De Canastas De Carriso Sin Nombre,fábrica,89,18.379562,-97.255088,https://mitehuacan.mx/?ruta=ajalpan
3,Taller De Mesa De Corte Sin Nombre,fábrica,89,18.377126,-97.256589,https://mitehuacan.mx/?ruta=ajalpan
3,Elaboracion De Canastas De Carrizo,fábrica,90,18.374602,-97.29604,https://mitehuacan.mx/?ruta=ajalpan
3,Elaboracion De Canastas De Carrizo Sin Nombre,fábrica,90,18.379573,-97.255091,https://mitehuacan.mx/?ruta=ajalpan
3,Bordadora Bordacolor,fábrica,91,18.377067,-97.260298,https://mitehuacan.mx/?ruta=ajalpan
3,Armado De Cierres Dismar,fábrica,92,18.378086,-97.254688,https://mitehuacan.mx/?ruta=ajalpan
3,Costurera Sin Nombre,fábrica,92,18.379472,-97.267043,https://mitehuacan.mx/?ruta=ajalpan
3,Horneado De Canastas Sin Nombre,fábrica,92,18.378408,-97.254703,https://mitehuacan.mx/?ruta=ajalpan
3,Paleteria Y Neveria La Michoacana,fábrica,92,18.465084,-97.391342,https://mitehuacan.mx/?ruta=ajalpan
3,Elaboracion De Canastas De Carrizo Sin Nombre,fábrica,96,18.377004,-97.300451,https://mitehuacan.mx/?ruta=ajalpan
3,Maquiladora De Camisa Sin Nombre,fábrica,97,18.463551,-97.381522,https://mitehuacan.mx/?ruta=ajalpan
3,Sellos De Goma Medrano,fábrica,98,18.465637,-97.386941,https://mitehuacan.mx/?ruta=ajalpan
3,Paleteria Los Reyes Del Sabor,fábrica,102,18.419545,-97.335356,https://mitehuacan.mx/?ruta=ajalpan
3,Elaboracion De Canastas Sin Nombre,fábrica,104,18.377049,-97.2555,https://mitehuacan.mx/?ruta=ajalpan
3,Diseños Magicos,fábrica,112,18.374731,-97.2927,https://mitehuacan.mx/?ruta=ajalpan
3,Elaboracion De Canastas De Carrizo Sin Nombre,fábrica,112,18.378121,-97.254494,https://mitehuacan.mx/?ruta=ajalpan
3,Carpinteria Grupo Carsan,fábrica,114,18.379948,-97.265068,https://mitehuacan.mx/?ruta=ajalpan
3,Taller De Costura Sin Nombre,fábrica,115,18.461409,-97.378113,https://mitehuacan.mx/?ruta=ajalpan
3,Elaboracion De Canastas De Carrizo Sin Nombre,fábrica,117,18.374246,-97.297269,https://mitehuacan.mx/?ruta=ajalpan
3,Taller De Carpinteria,fábrica,117,18.463471,-97.375596,https://mitehuacan.mx/?ruta=ajalpan
3,Elaboracion De Canastas De Carrizo Sin Nombre,fábrica,118,18.374234,-97.297015,https://mitehuacan.mx/?ruta=ajalpan
3,Elaboracion De Canastos De Carrizo Sin Nombre,fábrica,118,18.374231,-97.297481,https://mitehuacan.mx/?ruta=ajalpan
3,Bloquera Sin Nombre,fábrica,119,18.377757,-97.29853,https://mitehuacan.mx/?ruta=ajalpan
3,Elaboracion De Canastas Sin Nombre,fábrica,119,18.376796,-97.260109,https://mitehuacan.mx/?ruta=ajalpan
3,Artesanias De Carrizo Sin Nombre,fábrica,121,18.374208,-97.297223,https://mitehuacan.mx/?ruta=ajalpan
3,Elaboracion De Bolis De Yoghur Sin Nombre,fábrica,121,18.379966,-97.302763,https://mitehuacan.mx/?ruta=ajalpan
3,Taller De Ojal Sin Nombre,fábrica,124,18.379423,-97.254556,https://mitehuacan.mx/?ruta=ajalpan
3,Centro De Diseño,fábrica,125,18.465961,-97.389108,https://mitehuacan.mx/?ruta=ajalpan
3,Elaboracion De Canastas De Carrizo Sin Nombre,fábrica,125,18.377282,-97.25463,https://mitehuacan.mx/?ruta=ajalpan
3,Modista Sin Nombre,fábrica,127,18.461631,-97.387108,https://mitehuacan.mx/?ruta=ajalpan
3,Elaboracion De Canastas Sin Nombre,fábrica,128,18.37995,-97.257377,https://mitehuacan.mx/?ruta=ajalpan
3,Taller De Costura Sin Nombre,fábrica,128,18.380059,-97.259096,https://mitehuacan.mx/?ruta=ajalpan
3,Tejeria Sin Nombre,fábrica,129,18.378709,-97.277065,https://mitehuacan.mx/?ruta=ajalpan
3,Composturas Creaciones Annel,fábrica,130,18.465954,-97.387543,https://mitehuacan.mx/?ruta=ajalpan
3,Elaboracion De Canastas De Carrizo Sin Nombre,fábrica,132,18.376795,-97.255471,https://mitehuacan.mx/?ruta=ajalpan
3,Artesania De Cajetes,fábrica,133,18.3746,-97.292098,https://mitehuacan.mx/?ruta=ajalpan
3,Elaboracion De Canastas De Carrizo Sin Nombre,fábrica,133,18.374096,-97.297483,https://mitehuacan.mx/?ruta=ajalpan
3,Maquiladora De Uniformes Escolares Sin Nombre,fábrica,134,18.376669,-97.258978,https://mitehuacan.mx/?ruta=ajalpan
3,Taller Confecciones Sin Nombre,fábrica,134,18.447541,-97.371411,https://mitehuacan.mx/?ruta=ajalpan
3,Bordados La Perseverancia,fábrica,138,18.461437,-97.384441,https://mitehuacan.mx/?ruta=ajalpan
3,Venta Helados Dulce Antojo,fábrica,138,18.465875,-97.382431,https://mitehuacan.mx/?ruta=ajalpan
3,Sastreria En Vivienda Sin Nombre,fábrica,140,18.461446,-97.385171,https://mitehuacan.mx/?ruta=ajalpan
3,Elaboracion De Artesanias De Carrizo Sin Nombre,fábrica,141,18.374155,-97.295915,https://mitehuacan.mx/?ruta=ajalpan
3,Elaboracion De Canastas De Carrizo Sin Nombre,fábrica,141,18.376728,-97.255374,https://mitehuacan.mx/?ruta=ajalpan
3,Artesanias De Canastas De Carrizo Paniagua Cayetano,fábrica,142,18.381621,-97.264135,https://mitehuacan.mx/?ruta=ajalpan
3,Artesanos De Canastas De Carrizo Sin Nombre,fábrica,142,18.381621,-97.264135,https://mitehuacan.mx/?ruta=ajalpan
3,Costuras Chelita,fábrica,142,18.46124,-97.37973,https://mitehuacan.mx/?ruta=ajalpan
3,Elaboracion De Canastas De Carrizo,fábrica,142,18.380217,-97.255782,https://mitehuacan.mx/?ruta=ajalpan
3,Elaboracion Y Venta De Bolis,fábrica,142,18.46124,-97.37973,https://mitehuacan.mx/?ruta=ajalpan
3,Sastreria Rojas,fábrica,143,18.461227,-97.379665,https://mitehuacan.mx/?ruta=ajalpan
3,Helados Sin Nombre,fábrica,146,18.377613,-97.264253,https://mitehuacan.mx/?ruta=ajalpan
3,Artesanos De Canastas De Carrizo Sin Nombre,fábrica,147,18.381666,-97.264137,https://mitehuacan.mx/?ruta=ajalpan
3,Elaboracion De Canastas De Carrizo Sin Nombre,fábrica,147,18.376115,-97.300407,https://mitehuacan.mx/?ruta=ajalpan
3,Estructuras Metalicas Zuñiga,fábrica,149,18.461379,-97.385334,https://mitehuacan.mx/?ruta=ajalpan
3,Manufacturas Janofer,fábrica,149,18.464947,-97.391922,https://mitehuacan.mx/?ruta=ajalpan
3,De Los Santos,gasolinera,2,18.375546,-97.294621,https://mitehuacan.mx/?ruta=ajalpan
3,De Los Santos,gasolinera,2,18.378729,-97.266352,https://mitehuacan.mx/?ruta=ajalpan
3,Estacion De Servicio 0917 Papaloapan,gasolinera,10,18.462798,-97.384736,https://mitehuacan.mx/?ruta=ajalpan
3,Estacion De Servicio,gasolinera,22,18.451109,-97.37057,https://mitehuacan.mx/?ruta=ajalpan
3,Combustibles El Crucero,gasolinera,47,18.400529,-97.329467,https://mitehuacan.mx/?ruta=ajalpan
3,Socorro Romero,gasolinera,64,18.452142,-97.370287,https://mitehuacan.mx/?ruta=ajalpan
3,Estancia Infantil San Diego Chalma,guardería,67,18.441044,-97.367036,https://mitehuacan.mx/?ruta=ajalpan
3,Estancia Infantil La Purisima,guardería,71,18.461997,-97.383397,https://mitehuacan.mx/?ruta=ajalpan
3,Estancia Infantil Comunitaria Los Peques,guardería,119,18.377142,-97.261964,https://mitehuacan.mx/?ruta=ajalpan
3,Herreria Casa Blanca,herrería,4,18.443008,-97.367594,https://mitehuacan.mx/?ruta=ajalpan
3,Balconeria Torres,herrería,6,18.419704,-97.334015,https://mitehuacan.mx/?ruta=ajalpan
3,Balconeria La Casa Del Azador,herrería,7,18.464721,-97.383931,https://mitehuacan.mx/?ruta=ajalpan
3,Herreria Y Anuncios La Fragua,herrería,7,18.464876,-97.388547,https://mitehuacan.mx/?ruta=ajalpan
3,Vidrieria Linares,herrería,7,18.422187,-97.33778,https://mitehuacan.mx/?ruta=ajalpan
3,Balconeria Sin Nombre,herrería,29,18.462859,-97.379632,https://mitehuacan.mx/?ruta=ajalpan
3,Balconeria Sin Nombre,herrería,85,18.379633,-97.258901,https://mitehuacan.mx/?ruta=ajalpan
3,Balconeria Eben Ezer,herrería,86,18.380516,-97.262113,https://mitehuacan.mx/?ruta=ajalpan
3,Taller De Balconeria,herrería,90,18.446873,-97.370664,https://mitehuacan.mx/?ruta=ajalpan
3,Balconeria Espindola,herrería,91,18.463677,-97.388865,https://mitehuacan.mx/?ruta=ajalpan
3,Herreria Estrada,herrería,101,18.379999,-97.26007,https://mitehuacan.mx/?ruta=ajalpan
3,Balconeria Monte Cristo,herrería,113,18.374409,-97.295912,https://mitehuacan.mx/?ruta=ajalpan
3,Taller De Balconeria Express,herrería,115,18.465887,-97.389699,https://mitehuacan.mx/?ruta=ajalpan
3,Herreria Mirely,herrería,125,18.377525,-97.263311,https://mitehuacan.mx/?ruta=ajalpan
3,Herrerias Y Balconeria Sin Nombre,herrería,125,18.461504,-97.383414,https://mitehuacan.mx/?ruta=ajalpan
3,Balconeria Sin Nombre,herrería,129,18.377559,-97.254414,https://mitehuacan.mx/?ruta=ajalpan
3,Balconeria Sin Nombre,herrería,130,18.465954,-97.387628,https://mitehuacan.mx/?ruta=ajalpan
3,Balconeria Sin Nombre,herrería,130,18.420119,-97.336704,https://mitehuacan.mx/?ruta=ajalpan
3,Herreria Rodriguez,herrería,133,18.377131,-97.262353,https://mitehuacan.mx/?ruta=ajalpan
3,Balconeria Sin Nombre,herrería,136,18.380983,-97.262027,https://mitehuacan.mx/?ruta=ajalpan
3,Balconeria Perez,herrería,138,18.465798,-97.382073,https://mitehuacan.mx/?ruta=ajalpan
3,Herreria Hermanos Perez,herrería,138,18.440695,-97.367638,https://mitehuacan.mx/?ruta=ajalpan
3,Taller De Balconeria Sin Nombre,herrería,138,18.4659,-97.383541,https://mitehuacan.mx/?ruta=ajalpan
3,Puerta Automaticas Y Recidenciales Franco,herrería,140,18.461513,-97.387109,https://mitehuacan.mx/?ruta=ajalpan
3,Hospital Municipal De Tehuacan,hospital,7,18.464826,-97.387277,https://mitehuacan.mx/?ruta=ajalpan
3,Centro Preventivo Bienestar Ajalpan,hospital,11,18.377946,-97.25546,https://mitehuacan.mx/?ruta=ajalpan
3,Hospital Konetzin,hospital,41,18.46316,-97.387086,https://mitehuacan.mx/?ruta=ajalpan
3,Hopital Comunitario Ajalpan,hospital,71,18.378409,-97.275082,https://mitehuacan.mx/?ruta=ajalpan
3,Unidad De Salud Imss Bienestar,hospital,96,18.422118,-97.339844,https://mitehuacan.mx/?ruta=ajalpan
3,Capilla de la Oración del Huerto,iglesia,0,18.464441,-97.382532,https://mitehuacan.mx/?ruta=ajalpan
3,San Francisco,iglesia,87,18.462079,-97.39015,https://mitehuacan.mx/?ruta=ajalpan
3,CURATO DE LA IGLESIA DE SAN DIEGO DE ALCALA SAN DIEGO CHALMA,iglesia,111,18.442401,-97.36579,https://mitehuacan.mx/?ruta=ajalpan
3,IGLESIA DE SAN DIEGO DE ALCALA CHALMA,iglesia,115,18.442576,-97.365853,https://mitehuacan.mx/?ruta=ajalpan
3,Parroquia San Juan Bautista,iglesia,134,18.376672,-97.25783,https://mitehuacan.mx/?ruta=ajalpan
3,Cometra,insurance,70,18.463373,-97.385697,https://mitehuacan.mx/?ruta=ajalpan
3,Joyeria Coculco,joyería,1,18.377993,-97.260814,https://mitehuacan.mx/?ruta=ajalpan
3,Joyeria Osorio,joyería,1,18.464835,-97.390085,https://mitehuacan.mx/?ruta=ajalpan
3,Novedades Electronica Y Novedades Mastr,joyería,3,18.462851,-97.390389,https://mitehuacan.mx/?ruta=ajalpan
3,Joyeria Ssou,joyería,4,18.378575,-97.262757,https://mitehuacan.mx/?ruta=ajalpan
3,Joyeria Silvia,joyería,5,18.379834,-97.26238,https://mitehuacan.mx/?ruta=ajalpan
3,La Plazita Venta De Regalos Y Juguetes,joyería,5,18.377939,-97.257366,https://mitehuacan.mx/?ruta=ajalpan
3,Joyeria Mely,joyería,9,18.46296,-97.389987,https://mitehuacan.mx/?ruta=ajalpan
3,Tienda 84 Merag Joyas Puebla,joyería,9,18.462848,-97.386578,https://mitehuacan.mx/?ruta=ajalpan
3,Joyeria Marlyn,joyería,16,18.378649,-97.257178,https://mitehuacan.mx/?ruta=ajalpan
3,Venta De Plata Plata Linda,joyería,17,18.462859,-97.390654,https://mitehuacan.mx/?ruta=ajalpan
3,Venta De Reaglos Sin Nombre,joyería,17,18.462859,-97.390654,https://mitehuacan.mx/?ruta=ajalpan
3,Tienda De Acero Sin Nombre,joyería,34,18.462731,-97.390773,https://mitehuacan.mx/?ruta=ajalpan
3,Joyeria Arth,joyería,81,18.462984,-97.391257,https://mitehuacan.mx/?ruta=ajalpan
3,Tienda De Relojeria Y Joyeria Kairos,joyería,93,18.462078,-97.390761,https://mitehuacan.mx/?ruta=ajalpan
3,Joyeria R&M,joyería,97,18.464435,-97.391452,https://mitehuacan.mx/?ruta=ajalpan
3,Joyeria San Francisco,joyería,102,18.462052,-97.390919,https://mitehuacan.mx/?ruta=ajalpan
3,Relojeria Murguia,joyería,107,18.462058,-97.391023,https://mitehuacan.mx/?ruta=ajalpan
3,Joyeria Brillante,joyería,113,18.465359,-97.391443,https://mitehuacan.mx/?ruta=ajalpan
3,Relojeria Y Regalos Mary,joyería,113,18.461934,-97.390894,https://mitehuacan.mx/?ruta=ajalpan
3,Joyeria Reyes,joyería,116,18.462269,-97.391382,https://mitehuacan.mx/?ruta=ajalpan
3,Joyeria La Moneda,joyería,122,18.461944,-97.391112,https://mitehuacan.mx/?ruta=ajalpan
3,Comercio De Regalos Reparacion De Articulos Personales Casa ,joyería,124,18.461789,-97.390759,https://mitehuacan.mx/?ruta=ajalpan
3,Joyeria Casa Virginia,joyería,126,18.461948,-97.391178,https://mitehuacan.mx/?ruta=ajalpan
3,Relojeria Casa Virginia,joyería,126,18.461948,-97.391178,https://mitehuacan.mx/?ruta=ajalpan
3,Relojeria Murguia,joyería,126,18.461948,-97.391178,https://mitehuacan.mx/?ruta=ajalpan
3,Jugueteria Sin Nombre,juguetería,7,18.378305,-97.261846,https://mitehuacan.mx/?ruta=ajalpan
3,Tienda De Juguetes Miriam,juguetería,7,18.378305,-97.261846,https://mitehuacan.mx/?ruta=ajalpan
3,Tienda De Juguetes Sin Nombre,juguetería,7,18.378305,-97.261846,https://mitehuacan.mx/?ruta=ajalpan
3,Jugueteria La Estrella,juguetería,9,18.379511,-97.261547,https://mitehuacan.mx/?ruta=ajalpan
3,Tienda De Juguetes Sin Nombre,juguetería,18,18.379219,-97.260048,https://mitehuacan.mx/?ruta=ajalpan
3,Tienda De Peluches El Gran Peluche,juguetería,27,18.464595,-97.389276,https://mitehuacan.mx/?ruta=ajalpan
3,Accesorios Videojuegos Niky Games,juguetería,65,18.46235,-97.390762,https://mitehuacan.mx/?ruta=ajalpan
3,Juguetes Sin Nombre,juguetería,87,18.441326,-97.367309,https://mitehuacan.mx/?ruta=ajalpan
3,Tienda De Jugueteria Sin Nombre,juguetería,94,18.37774,-97.263088,https://mitehuacan.mx/?ruta=ajalpan
3,Tienda De Peluches Monarca,juguetería,104,18.463727,-97.386979,https://mitehuacan.mx/?ruta=ajalpan
3,Juguetes Y Regalos Lagunilla,juguetería,108,18.461863,-97.389341,https://mitehuacan.mx/?ruta=ajalpan
3,Jugueteria Sin Nombre,juguetería,126,18.461948,-97.391178,https://mitehuacan.mx/?ruta=ajalpan
3,Novedades Y Juguetes Sin Nombre,juguetería,126,18.461948,-97.391178,https://mitehuacan.mx/?ruta=ajalpan
3,Novedades Y Regalos Sin Nombre,juguetería,126,18.461948,-97.391178,https://mitehuacan.mx/?ruta=ajalpan
3,Tienda De Gorras Y Juguetes,juguetería,126,18.461948,-97.391178,https://mitehuacan.mx/?ruta=ajalpan
3,Tienda De Novedades Rosita,juguetería,126,18.461948,-97.391178,https://mitehuacan.mx/?ruta=ajalpan
3,Venta De Juguetes Sin Nombre,juguetería,126,18.461948,-97.391178,https://mitehuacan.mx/?ruta=ajalpan
3,Gamer Store Reparacion De Videojuegos,juguetería,130,18.465621,-97.391441,https://mitehuacan.mx/?ruta=ajalpan
3,Jugueteria La Lagunilla,juguetería,136,18.461671,-97.390759,https://mitehuacan.mx/?ruta=ajalpan
3,Novedades Actitud,juguetería,143,18.461583,-97.390365,https://mitehuacan.mx/?ruta=ajalpan
3,Tienda De Regalos Alexis,juguetería,148,18.465847,-97.391439,https://mitehuacan.mx/?ruta=ajalpan
3,Laboratorios Clinicos Analizer,laboratorio,1,18.377968,-97.260664,https://mitehuacan.mx/?ruta=ajalpan
3,Laboratorios Clinicos De Tehuacan,laboratorio,1,18.464761,-97.387469,https://mitehuacan.mx/?ruta=ajalpan
3,Uniformes Quirurgicos Rash,laboratorio,3,18.462819,-97.389289,https://mitehuacan.mx/?ruta=ajalpan
3,Laboratorio Diagnostico Clinico,laboratorio,4,18.377916,-97.258761,https://mitehuacan.mx/?ruta=ajalpan
3,Deposito Dental Logan,laboratorio,5,18.464735,-97.384538,https://mitehuacan.mx/?ruta=ajalpan
3,Plaza Ajalpan Ultrasonidos,laboratorio,5,18.37794,-97.257281,https://mitehuacan.mx/?ruta=ajalpan
3,Analisis Clinicos Cedinar,laboratorio,7,18.377985,-97.256825,https://mitehuacan.mx/?ruta=ajalpan
3,Benturi Laboratorio Clinico,laboratorio,7,18.378862,-97.258026,https://mitehuacan.mx/?ruta=ajalpan
3,Ceditsa Laboratorios,laboratorio,7,18.377932,-97.259742,https://mitehuacan.mx/?ruta=ajalpan
3,Laboratorio San Antonio,laboratorio,7,18.379611,-97.261837,https://mitehuacan.mx/?ruta=ajalpan
3,Deposito Dental Del Angel,laboratorio,8,18.462876,-97.387561,https://mitehuacan.mx/?ruta=ajalpan
3,Laboratorios Clinicos Innovalab,laboratorio,8,18.462874,-97.387502,https://mitehuacan.mx/?ruta=ajalpan
3,Laboratorio Cedinar,laboratorio,10,18.378838,-97.264541,https://mitehuacan.mx/?ruta=ajalpan
3,Laboratorios Bioclin,laboratorio,16,18.464605,-97.38695,https://mitehuacan.mx/?ruta=ajalpan
3,Laboratorios Clinicos De Tehuacan,laboratorio,46,18.463283,-97.389305,https://mitehuacan.mx/?ruta=ajalpan
3,Centro Radiologico Digital Maxilofacial,laboratorio,87,18.464577,-97.391346,https://mitehuacan.mx/?ruta=ajalpan
3,Compra Venta De Uniformes Quirurgicos Monstera Scrub,laboratorio,92,18.463319,-97.391369,https://mitehuacan.mx/?ruta=ajalpan
3,Tienda De Productos Dentales Dental Plus,laboratorio,92,18.463319,-97.391369,https://mitehuacan.mx/?ruta=ajalpan
3,Deposito Dental,laboratorio,119,18.465881,-97.390828,https://mitehuacan.mx/?ruta=ajalpan
3,Tintoreria Tehuacan,lavandería,1,18.464819,-97.389175,https://mitehuacan.mx/?ruta=ajalpan
3,Lavanderia Ant,lavandería,2,18.464719,-97.384928,https://mitehuacan.mx/?ruta=ajalpan
3,Lavanderia San Martin,lavandería,2,18.464658,-97.384323,https://mitehuacan.mx/?ruta=ajalpan
3,Tintoreria Puebla,lavandería,2,18.462837,-97.389792,https://mitehuacan.mx/?ruta=ajalpan
3,Lavanderia Del Centro,lavandería,4,18.378988,-97.259491,https://mitehuacan.mx/?ruta=ajalpan
3,Lavanderia Ajalpan,lavandería,7,18.378734,-97.257291,https://mitehuacan.mx/?ruta=ajalpan
3,Lavanderia Coco Wash,lavandería,9,18.462837,-97.386168,https://mitehuacan.mx/?ruta=ajalpan
3,The Best Laundry In Process,lavandería,42,18.443606,-97.3676,https://mitehuacan.mx/?ruta=ajalpan
3,Enolav Lavanderia,lavandería,62,18.465311,-97.386939,https://mitehuacan.mx/?ruta=ajalpan
3,Planchado De Pantalon Sin Nombre,lavandería,65,18.421641,-97.335769,https://mitehuacan.mx/?ruta=ajalpan
3,Tintoreria Premier,lavandería,71,18.465349,-97.385242,https://mitehuacan.mx/?ruta=ajalpan
3,Lavanderia Wool Textil,lavandería,75,18.379675,-97.259638,https://mitehuacan.mx/?ruta=ajalpan
3,Lavanderia Independencia,lavandería,76,18.461929,-97.382673,https://mitehuacan.mx/?ruta=ajalpan
3,Lavanderia Perfect Wash,lavandería,127,18.465954,-97.388283,https://mitehuacan.mx/?ruta=ajalpan
3,Tintoreria Flores Magon,lavandería,140,18.461498,-97.386782,https://mitehuacan.mx/?ruta=ajalpan
3,TONY super papelería,librería,6,18.462822,-97.386437,https://mitehuacan.mx/?ruta=ajalpan
3,Librolandia de Tehuacán,librería,87,18.464658,-97.391339,https://mitehuacan.mx/?ruta=ajalpan
3,Pescaderia Sin Nombre,mariscos,4,18.379167,-97.260707,https://mitehuacan.mx/?ruta=ajalpan
3,Marisqueria El Pescador,mariscos,5,18.375595,-97.294758,https://mitehuacan.mx/?ruta=ajalpan
3,Taqueria Sin Nombre,mariscos,5,18.375564,-97.295035,https://mitehuacan.mx/?ruta=ajalpan
3,Pescados Y Mariscos Villa Mar,mariscos,7,18.378305,-97.261846,https://mitehuacan.mx/?ruta=ajalpan
3,Venta De Pescado Y Camaron Fresco Sin Nombre,mariscos,7,18.378305,-97.261846,https://mitehuacan.mx/?ruta=ajalpan
3,Pescados Y Mariscos Los Gueritos,mariscos,26,18.378833,-97.260131,https://mitehuacan.mx/?ruta=ajalpan
3,Restaurante Terramar,mariscos,79,18.376396,-97.293457,https://mitehuacan.mx/?ruta=ajalpan
3,Marisqueria La Marea,mariscos,85,18.465519,-97.386941,https://mitehuacan.mx/?ruta=ajalpan
3,Marisqueria Langostino,mariscos,126,18.461948,-97.391178,https://mitehuacan.mx/?ruta=ajalpan
3,Marisqueria Las Palmas,mariscos,126,18.461948,-97.391178,https://mitehuacan.mx/?ruta=ajalpan
3,Marisqueria Puerto De Alvarado,mariscos,126,18.461948,-97.391178,https://mitehuacan.mx/?ruta=ajalpan
3,Pescaderia Puerto De Alvarado,mariscos,126,18.461948,-97.391178,https://mitehuacan.mx/?ruta=ajalpan
3,Restaurante De Pescados Y Mariscos El Puerto Piloto,mariscos,126,18.461948,-97.391178,https://mitehuacan.mx/?ruta=ajalpan
3,Playa Coco,mariscos,142,18.461363,-97.38394,https://mitehuacan.mx/?ruta=ajalpan
3,El Changarrito,mascotas,2,18.375506,-97.295017,https://mitehuacan.mx/?ruta=ajalpan
3,Acuario Agua Vida,mascotas,4,18.462782,-97.388427,https://mitehuacan.mx/?ruta=ajalpan
3,Tienda De Jaulas Y Accesorios De Aves Doña Lety,mascotas,7,18.378305,-97.261846,https://mitehuacan.mx/?ruta=ajalpan
3,Tienda Pajaros Y Accesorios Para Pajaros Sin Nombre,mascotas,7,18.378305,-97.261846,https://mitehuacan.mx/?ruta=ajalpan
3,Venta De Jaulas De Pajaros Sin Nombre,mascotas,7,18.378305,-97.261846,https://mitehuacan.mx/?ruta=ajalpan
3,Tienda De Accesorios Para Mascotas El Canario De Oro,mascotas,27,18.463115,-97.389438,https://mitehuacan.mx/?ruta=ajalpan
3,Nutrimentos Purina,mascotas,69,18.462219,-97.389458,https://mitehuacan.mx/?ruta=ajalpan
3,Tienda De Articulos Para Mascota El Canario De Oro,mascotas,126,18.461948,-97.391178,https://mitehuacan.mx/?ruta=ajalpan
3,Tienda Para Mascotas El Canario De Oro,mascotas,134,18.461631,-97.389464,https://mitehuacan.mx/?ruta=ajalpan
3,Prefabricados Ligeros Navarro,materiales,10,18.462797,-97.384698,https://mitehuacan.mx/?ruta=ajalpan
3,Maquimat Construccion Integral,materiales,14,18.378448,-97.270368,https://mitehuacan.mx/?ruta=ajalpan
3,Tejas Y Acabados Sin Nombre,materiales,19,18.462426,-97.382032,https://mitehuacan.mx/?ruta=ajalpan
3,Materiales El Triunfo De Tehuacan,mayoreo,0,18.376805,-97.282898,https://mitehuacan.mx/?ruta=ajalpan
3,Amsa Tehuacan,mayoreo,1,18.462419,-97.377399,https://mitehuacan.mx/?ruta=ajalpan
3,Comercializadora De Fertilizantes Y Productos Agricolas,mayoreo,1,18.462323,-97.375277,https://mitehuacan.mx/?ruta=ajalpan
3,Mantenimientos Industriales De Tehuacan,mayoreo,1,18.462628,-97.38275,https://mitehuacan.mx/?ruta=ajalpan
3,Maquinas De Cocer Mendez,mayoreo,1,18.462322,-97.375246,https://mitehuacan.mx/?ruta=ajalpan
3,Materiales El Triunfo De Tehuacan,mayoreo,1,18.462505,-97.379408,https://mitehuacan.mx/?ruta=ajalpan
3,Materiales El Triunfo De Tehuacan,mayoreo,1,18.462489,-97.379048,https://mitehuacan.mx/?ruta=ajalpan
3,Materiales Herlo,mayoreo,1,18.37711,-97.280189,https://mitehuacan.mx/?ruta=ajalpan
3,Tambos Bere,mayoreo,1,18.442704,-97.367425,https://mitehuacan.mx/?ruta=ajalpan
3,Venta De Arena De Grava,mayoreo,2,18.378187,-97.270785,https://mitehuacan.mx/?ruta=ajalpan
3,Venta De Materiales Arena Grava Piedra,mayoreo,3,18.378199,-97.270689,https://mitehuacan.mx/?ruta=ajalpan
3,Agroquimicos Agrocentli,mayoreo,4,18.443075,-97.367646,https://mitehuacan.mx/?ruta=ajalpan
3,Fertilizantes Fqm Tehuacan,mayoreo,4,18.443694,-97.368092,https://mitehuacan.mx/?ruta=ajalpan
3,Laminas Tehuacan,mayoreo,4,18.462705,-97.38122,https://mitehuacan.mx/?ruta=ajalpan
3,Pronamex Tehuacan,mayoreo,4,18.462459,-97.375667,https://mitehuacan.mx/?ruta=ajalpan
3,Aquatek Sistemas,mayoreo,5,18.464738,-97.384623,https://mitehuacan.mx/?ruta=ajalpan
3,Fertilizantes La Buena Siembra,mayoreo,5,18.375657,-97.294149,https://mitehuacan.mx/?ruta=ajalpan
3,Fertilizantes Quimicos Mas Nutrientes De Tehuacan,mayoreo,5,18.443278,-97.367792,https://mitehuacan.mx/?ruta=ajalpan
3,Materiales Para La Construccion San Diego,mayoreo,5,18.437744,-97.365469,https://mitehuacan.mx/?ruta=ajalpan
3,Insumos Para Maquinas Exito,mayoreo,6,18.378857,-97.257799,https://mitehuacan.mx/?ruta=ajalpan
3,Materiales Alfonso,mayoreo,6,18.375688,-97.293864,https://mitehuacan.mx/?ruta=ajalpan
3,Materiales San Pablo,mayoreo,6,18.423293,-97.340122,https://mitehuacan.mx/?ruta=ajalpan
3,Compra Y Venta De Desperdicios Industriales Juquilita,mayoreo,7,18.375795,-97.292922,https://mitehuacan.mx/?ruta=ajalpan
3,Ferretera Arriaga,mayoreo,7,18.462923,-97.389143,https://mitehuacan.mx/?ruta=ajalpan
3,Polleria Bety,mayoreo,7,18.378305,-97.261846,https://mitehuacan.mx/?ruta=ajalpan
3,Polleria Chave,mayoreo,7,18.378305,-97.261846,https://mitehuacan.mx/?ruta=ajalpan
3,Polleria Doña Mari,mayoreo,7,18.378305,-97.261846,https://mitehuacan.mx/?ruta=ajalpan
3,Polleria Roxi Martinez,mayoreo,7,18.378305,-97.261846,https://mitehuacan.mx/?ruta=ajalpan
3,Reciclado Derivados Yagdaly,mayoreo,7,18.447243,-97.369827,https://mitehuacan.mx/?ruta=ajalpan
3,Compra De Desperdicio Social,mayoreo,8,18.464894,-97.389011,https://mitehuacan.mx/?ruta=ajalpan
3,Pronamex Fertilizantes,mayoreo,8,18.462168,-97.373496,https://mitehuacan.mx/?ruta=ajalpan
3,Barro Blanco,mayoreo,9,18.378709,-97.265712,https://mitehuacan.mx/?ruta=ajalpan
3,Metalicos Puebla,mayoreo,9,18.377942,-97.261121,https://mitehuacan.mx/?ruta=ajalpan
3,Agroquimicos Agrofer,mayoreo,10,18.44049,-97.366154,https://mitehuacan.mx/?ruta=ajalpan
3,Faros Leds Del Sureste,mayoreo,11,18.462759,-97.383277,https://mitehuacan.mx/?ruta=ajalpan
3,Materiales Maria Guadalupe,mayoreo,12,18.448791,-97.370525,https://mitehuacan.mx/?ruta=ajalpan
3,Tienda De Aranceles Metalicos Puebla,mayoreo,14,18.377918,-97.261264,https://mitehuacan.mx/?ruta=ajalpan
3,Tractores Y Equipos De Puebla,mayoreo,14,18.377944,-97.299875,https://mitehuacan.mx/?ruta=ajalpan
3,Sala De Exhibicion De Circulo B,mayoreo,17,18.462859,-97.390654,https://mitehuacan.mx/?ruta=ajalpan
3,Venta De Focos Y Luminaria Distribuciones Jorrta,mayoreo,20,18.462659,-97.389321,https://mitehuacan.mx/?ruta=ajalpan
3,Materiales Olivier,mayoreo,24,18.378249,-97.261128,https://mitehuacan.mx/?ruta=ajalpan
3,Muebles Metalicos Misadely,mayoreo,28,18.378178,-97.299883,https://mitehuacan.mx/?ruta=ajalpan
3,Pepsico Cedis Tehuacan,mayoreo,33,18.423939,-97.343053,https://mitehuacan.mx/?ruta=ajalpan
3,Bodega De Materiales Oivier,mayoreo,37,18.378362,-97.261116,https://mitehuacan.mx/?ruta=ajalpan
3,Recyclo,mayoreo,39,18.375086,-97.295877,https://mitehuacan.mx/?ruta=ajalpan
3,Quality Copier,mayoreo,45,18.464932,-97.390926,https://mitehuacan.mx/?ruta=ajalpan
3,Bodega De Costales Y Plasticos Tehuacan,mayoreo,52,18.461978,-97.378075,https://mitehuacan.mx/?ruta=ajalpan
3,Madereria Maderas Exoticas Katalox,mayoreo,52,18.464282,-97.387032,https://mitehuacan.mx/?ruta=ajalpan
3,Bodega Chatarra Y Pet Sin Nombre,mayoreo,55,18.432097,-97.36285,https://mitehuacan.mx/?ruta=ajalpan
3,Meteriales Y Acabados Aries,mayoreo,56,18.462108,-97.382603,https://mitehuacan.mx/?ruta=ajalpan
3,Madereria Ajalpan,mayoreo,72,18.379694,-97.259903,https://mitehuacan.mx/?ruta=ajalpan
3,Materiales Alvarez,mayoreo,78,18.374785,-97.295285,https://mitehuacan.mx/?ruta=ajalpan
3,Venta De Material Electrico Sin Nombre,mayoreo,81,18.380784,-97.264491,https://mitehuacan.mx/?ruta=ajalpan
3,Venta De Pollitos Sin Nombre,mayoreo,89,18.379677,-97.26508,https://mitehuacan.mx/?ruta=ajalpan
3,Ferreteria Mex,mayoreo,90,18.374858,-97.293486,https://mitehuacan.mx/?ruta=ajalpan
3,Tienda De Tintas Para Imprenta Tinta Y Color Para Las Artes ,mayoreo,94,18.465694,-97.389389,https://mitehuacan.mx/?ruta=ajalpan
3,Edificaciones La Y,mayoreo,101,18.464592,-97.381564,https://mitehuacan.mx/?ruta=ajalpan
3,Bodega De Los Santos Costales,mayoreo,102,18.446889,-97.370797,https://mitehuacan.mx/?ruta=ajalpan
3,Suministros Graficos De Tehuacan,mayoreo,111,18.465848,-97.389387,https://mitehuacan.mx/?ruta=ajalpan
3,Refaccionaria De Maquinas Industriales Sotmarck,mayoreo,114,18.380963,-97.264741,https://mitehuacan.mx/?ruta=ajalpan
3,Refaciones Industriales Rihersa,mayoreo,116,18.465255,-97.381636,https://mitehuacan.mx/?ruta=ajalpan
3,Rosticeria Abby Y Venta De Huevo De Oro,mayoreo,122,18.377459,-97.263062,https://mitehuacan.mx/?ruta=ajalpan
3,Venta De Maquinas Sin Nombre,mayoreo,143,18.377979,-97.254198,https://mitehuacan.mx/?ruta=ajalpan
3,Materiales Rodi Y Raban De Oaxaca,mayoreo,146,18.461384,-97.384898,https://mitehuacan.mx/?ruta=ajalpan
3,Venta De Carrizo Sin Nombre,mayoreo,149,18.374323,-97.293471,https://mitehuacan.mx/?ruta=ajalpan
3,Ajalpan,mercado,43,18.378617,-97.261736,https://mitehuacan.mx/?ruta=ajalpan
3,Tienda De Estambres Y Regalos Monze,mercería,2,18.378004,-97.260871,https://mitehuacan.mx/?ruta=ajalpan
3,Venta De Hilos Rocablanca,mercería,6,18.378802,-97.258806,https://mitehuacan.mx/?ruta=ajalpan
3,Papeleria Y Merceria Mary,mercería,7,18.377991,-97.256749,https://mitehuacan.mx/?ruta=ajalpan
3,Hilos Y Cierres Lobo,mercería,96,18.377169,-97.261294,https://mitehuacan.mx/?ruta=ajalpan
3,El Globito,mercería,100,18.463771,-97.389291,https://mitehuacan.mx/?ruta=ajalpan
3,Estambres El Gato,mercería,106,18.46278,-97.39149,https://mitehuacan.mx/?ruta=ajalpan
3,Tienda De Merceria Y Ropa De Bebe Sin Nombre,mercería,126,18.461948,-97.391178,https://mitehuacan.mx/?ruta=ajalpan
3,Venta De Boneteria Sin Nombre,mercería,130,18.461951,-97.391254,https://mitehuacan.mx/?ruta=ajalpan
3,Grupo Coypus,minera,4,18.462532,-97.377303,https://mitehuacan.mx/?ruta=ajalpan
3,Motel Atardecer,motel,16,18.43854,-97.365629,https://mitehuacan.mx/?ruta=ajalpan
3,Motomarcas,motos,1,18.462653,-97.383689,https://mitehuacan.mx/?ruta=ajalpan
3,Accesorios Para Coches Y Motos El Amarillo,motos,5,18.4447,-97.36876,https://mitehuacan.mx/?ruta=ajalpan
3,Abs Motoracing,motos,6,18.44113,-97.366349,https://mitehuacan.mx/?ruta=ajalpan
3,Bici Motos Coapan,motos,6,18.378853,-97.25759,https://mitehuacan.mx/?ruta=ajalpan
3,Taller Mecanico De Motos Los 2 Jarochos,motos,6,18.42206,-97.337784,https://mitehuacan.mx/?ruta=ajalpan
3,Motocicletas Dinamo Taller,motos,7,18.464878,-97.388603,https://mitehuacan.mx/?ruta=ajalpan
3,Tienda De Accesorios Moto Club,motos,7,18.378305,-97.261846,https://mitehuacan.mx/?ruta=ajalpan
3,Taller De Motos Sin Nombre,motos,8,18.46481,-97.386462,https://mitehuacan.mx/?ruta=ajalpan
3,Agencia De Motos Vento,motos,12,18.378262,-97.271759,https://mitehuacan.mx/?ruta=ajalpan
3,Centro De Servicio,motos,12,18.378259,-97.271777,https://mitehuacan.mx/?ruta=ajalpan
3,Taller De Motos Trumor,motos,25,18.462477,-97.3849,https://mitehuacan.mx/?ruta=ajalpan
3,Taller Mecanico Agr,motos,28,18.377739,-97.272396,https://mitehuacan.mx/?ruta=ajalpan
3,Taller Mecanico De Motocicletas De La Vega,motos,34,18.379464,-97.264324,https://mitehuacan.mx/?ruta=ajalpan
3,Taller De Motos Dany,motos,50,18.378419,-97.259062,https://mitehuacan.mx/?ruta=ajalpan
3,Dinamo Sucursal Tehuacan Puebla,motos,53,18.464359,-97.3894,https://mitehuacan.mx/?ruta=ajalpan
3,Taller De Motos Spark Brothers,motos,85,18.380695,-97.26458,https://mitehuacan.mx/?ruta=ajalpan
3,Motoshop,motos,87,18.378061,-97.2652,https://mitehuacan.mx/?ruta=ajalpan
3,Refaccionaria De Motos Juquilita,motos,105,18.374725,-97.298628,https://mitehuacan.mx/?ruta=ajalpan
3,Taller De Reparacion De Motos Marca Acme,motos,110,18.380333,-97.264984,https://mitehuacan.mx/?ruta=ajalpan
3,Taller De Motos Sin Nombre,motos,127,18.380631,-97.261435,https://mitehuacan.mx/?ruta=ajalpan
3,Transportes Cc Fletes Y Mudanzas,mudanzas,142,18.461296,-97.381144,https://mitehuacan.mx/?ruta=ajalpan
3,Despacho De Asesoria Para Asuntos Del Estado Civil De Las Pe,negocio,0,18.462538,-97.380134,https://mitehuacan.mx/?ruta=ajalpan
3,Moran Doblilladores,negocio,0,18.462588,-97.381233,https://mitehuacan.mx/?ruta=ajalpan
3,Taller Maxi Clutch,negocio,0,18.462581,-97.381005,https://mitehuacan.mx/?ruta=ajalpan
3,Despacho Juridico Asesoria Legal Y Administrativa,negocio,1,18.46482,-97.389108,https://mitehuacan.mx/?ruta=ajalpan
3,Estacionamienton Y Pension De Autos Charlie Brown,negocio,1,18.464842,-97.390436,https://mitehuacan.mx/?ruta=ajalpan
3,Gimnasio Fonseca Gym,negocio,1,18.464832,-97.389886,https://mitehuacan.mx/?ruta=ajalpan
3,Grupo Amaro Llanteras,negocio,1,18.462647,-97.383485,https://mitehuacan.mx/?ruta=ajalpan
3,Grupo Perdidos Y Encontrados,negocio,1,18.462465,-97.378476,https://mitehuacan.mx/?ruta=ajalpan
3,Iglesia Catolica La Oracion Del Huerto,negocio,1,18.464424,-97.382529,https://mitehuacan.mx/?ruta=ajalpan
3,Iglesia De Dios Sociedad Misionera Mundial,negocio,1,18.46482,-97.388975,https://mitehuacan.mx/?ruta=ajalpan
3,Impresos Publi-K-T,negocio,1,18.464812,-97.388776,https://mitehuacan.mx/?ruta=ajalpan
3,Neuroticos Anonimos,negocio,1,18.464816,-97.388881,https://mitehuacan.mx/?ruta=ajalpan
3,Ruta De Combis Los Arcos De Coculco Ajalpan Tehuacan,negocio,1,18.462993,-97.390483,https://mitehuacan.mx/?ruta=ajalpan
3,Ruta De Combis Tehuacan Teotitlan,negocio,1,18.463038,-97.390482,https://mitehuacan.mx/?ruta=ajalpan
3,Servicios De Clutch,negocio,1,18.462632,-97.382911,https://mitehuacan.mx/?ruta=ajalpan
3,Estacionamiento Publico Hernandez,negocio,2,18.464828,-97.389687,https://mitehuacan.mx/?ruta=ajalpan
3,Gramim Financiera,negocio,2,18.464619,-97.382711,https://mitehuacan.mx/?ruta=ajalpan
3,Impresos San Lorenzo,negocio,2,18.464829,-97.389734,https://mitehuacan.mx/?ruta=ajalpan
3,Inprenta Yenny,negocio,2,18.463449,-97.382627,https://mitehuacan.mx/?ruta=ajalpan
3,Servicio Automotriz Taller Mecanico Armando,negocio,2,18.462678,-97.384655,https://mitehuacan.mx/?ruta=ajalpan
3,Soldador De Escapes Sin Nombre,negocio,2,18.378169,-97.270917,https://mitehuacan.mx/?ruta=ajalpan
3,Base De Combis Tehuacan Huajuapan,negocio,3,18.462847,-97.390275,https://mitehuacan.mx/?ruta=ajalpan
3,Base De Combis Tehuacan Teotitlan,negocio,3,18.462848,-97.390281,https://mitehuacan.mx/?ruta=ajalpan
3,Bufet Juridico,negocio,3,18.462623,-97.379429,https://mitehuacan.mx/?ruta=ajalpan
3,Casa De Huespedes El Panalito,negocio,3,18.462849,-97.390342,https://mitehuacan.mx/?ruta=ajalpan
3,Conferencia De Meditacion Movimiento Gnostico,negocio,3,18.462752,-97.387337,https://mitehuacan.mx/?ruta=ajalpan
3,Coorporativo Juridico,negocio,3,18.462819,-97.389289,https://mitehuacan.mx/?ruta=ajalpan
3,Estacionamiento Publico,negocio,3,18.462752,-97.387328,https://mitehuacan.mx/?ruta=ajalpan
3,Estacionamiento Sin Nombre,negocio,3,18.378851,-97.263488,https://mitehuacan.mx/?ruta=ajalpan
3,Grupo Aa Nuevo Dia,negocio,3,18.375344,-97.296901,https://mitehuacan.mx/?ruta=ajalpan
3,Insignia Diseño Y Publicidad,negocio,3,18.462706,-97.385669,https://mitehuacan.mx/?ruta=ajalpan
3,Panaderia Mateos,negocio,3,18.462737,-97.386797,https://mitehuacan.mx/?ruta=ajalpan
3,Radiadores Duran,negocio,3,18.375459,-97.295919,https://mitehuacan.mx/?ruta=ajalpan
3,Taller Bati Clutch,negocio,3,18.378945,-97.264642,https://mitehuacan.mx/?ruta=ajalpan
3,Barbosa Despacho Juridico,negocio,4,18.378767,-97.257764,https://mitehuacan.mx/?ruta=ajalpan
3,Elaboracion Y Venta De Donas La Pecosita,negocio,4,18.462778,-97.388276,https://mitehuacan.mx/?ruta=ajalpan
3,Fiesta Tips Tehuacan,negocio,4,18.462645,-97.379922,https://mitehuacan.mx/?ruta=ajalpan
3,Iglesia Vida Nueva En Integridad Por Su Palabra,negocio,4,18.462599,-97.378851,https://mitehuacan.mx/?ruta=ajalpan
3,Img Estudio Profesional De Danza,negocio,4,18.462763,-97.387736,https://mitehuacan.mx/?ruta=ajalpan
3,Opciones Sacimex,negocio,4,18.377926,-97.256136,https://mitehuacan.mx/?ruta=ajalpan
3,Panaderia Martinez,negocio,4,18.443054,-97.367631,https://mitehuacan.mx/?ruta=ajalpan
3,Panaderia Sin Nombre,negocio,4,18.375552,-97.295129,https://mitehuacan.mx/?ruta=ajalpan
3,Renta De Trajes Paris,negocio,4,18.378945,-97.264699,https://mitehuacan.mx/?ruta=ajalpan
3,Taller De Mofles Alex 2,negocio,4,18.462479,-97.376123,https://mitehuacan.mx/?ruta=ajalpan
3,Biblioteca Historica Y Museo De Ajalpan Jose Gomez Manrique,negocio,5,18.379074,-97.259905,https://mitehuacan.mx/?ruta=ajalpan
3,Estacionamiento Sin Nombre,negocio,5,18.378359,-97.262403,https://mitehuacan.mx/?ruta=ajalpan
3,Frenos De Aire De Puebla,negocio,5,18.462423,-97.374872,https://mitehuacan.mx/?ruta=ajalpan
3,Gestion Social En Apoyo Al Gobierno Del Estado Nacional E In,negocio,5,18.380155,-97.263441,https://mitehuacan.mx/?ruta=ajalpan
3,Imprenta Zb Impresion Arte Y Diseño,negocio,5,18.380394,-97.263812,https://mitehuacan.mx/?ruta=ajalpan
3,Ine,negocio,5,18.379685,-97.262045,https://mitehuacan.mx/?ruta=ajalpan
3,Panaderia Don Elijio,negocio,5,18.464735,-97.38451,https://mitehuacan.mx/?ruta=ajalpan
3,Panaderia Y Pasteleria Mi Pan,negocio,5,18.464844,-97.390559,https://mitehuacan.mx/?ruta=ajalpan
3,Pasteleria Adriana,negocio,5,18.441587,-97.366474,https://mitehuacan.mx/?ruta=ajalpan
3,Radiadores De Mexico,negocio,5,18.462434,-97.375128,https://mitehuacan.mx/?ruta=ajalpan
3,Radiadores Y Mofles Rafa,negocio,5,18.375648,-97.294217,https://mitehuacan.mx/?ruta=ajalpan
3,Casa De Oracion De Ebanezer,negocio,6,18.440874,-97.366283,https://mitehuacan.mx/?ruta=ajalpan
3,Centro De Acondicionamiento Genesis Ajalpan,negocio,6,18.37923,-97.260563,https://mitehuacan.mx/?ruta=ajalpan
3,Confecciones Y Lavados Del Sureste,negocio,6,18.445344,-97.36911,https://mitehuacan.mx/?ruta=ajalpan
3,Estacionamiento Gomez Olivier,negocio,6,18.462785,-97.389318,https://mitehuacan.mx/?ruta=ajalpan
3,Estacionamiento Juarez,negocio,6,18.379644,-97.261933,https://mitehuacan.mx/?ruta=ajalpan
3,Iglesia Evangelica De Los Peregrinos,negocio,6,18.380074,-97.262933,https://mitehuacan.mx/?ruta=ajalpan
3,Oficina De Area Alcoholicos Anonimos,negocio,6,18.462546,-97.382098,https://mitehuacan.mx/?ruta=ajalpan
3,Panificadora Reyes,negocio,6,18.380187,-97.263535,https://mitehuacan.mx/?ruta=ajalpan
3,Pasteleria Pos3Citos,negocio,6,18.440985,-97.366311,https://mitehuacan.mx/?ruta=ajalpan
3,Servicio De Mofles Y Radiadores El Masateco,negocio,6,18.464326,-97.382598,https://mitehuacan.mx/?ruta=ajalpan
3,Supervision Escolar Numero 85,negocio,6,18.464712,-97.383581,https://mitehuacan.mx/?ruta=ajalpan
3,"Autobuses Tehuacan, Coxcatlan Teotitlan Sa De Cv",negocio,7,18.462893,-97.388182,https://mitehuacan.mx/?ruta=ajalpan
3,Elaboracion De Donas Deli Donas,negocio,7,18.464689,-97.387025,https://mitehuacan.mx/?ruta=ajalpan
3,Estacionamiento Y Pension Solca,negocio,7,18.464909,-97.389656,https://mitehuacan.mx/?ruta=ajalpan
3,Gimnasio Adn Fitness Gym,negocio,7,18.462927,-97.3892,https://mitehuacan.mx/?ruta=ajalpan
3,Iglesia San Juan De Dios,negocio,7,18.46484,-97.387646,https://mitehuacan.mx/?ruta=ajalpan
3,Imprenta Grafica,negocio,7,18.378942,-97.264955,https://mitehuacan.mx/?ruta=ajalpan
3,Mayoristas En Publicidad Y Diseño,negocio,7,18.46291,-97.388803,https://mitehuacan.mx/?ruta=ajalpan
3,Panaderia Alcala,negocio,7,18.439459,-97.365934,https://mitehuacan.mx/?ruta=ajalpan
3,Panaderia Sin Nombre,negocio,7,18.377991,-97.256749,https://mitehuacan.mx/?ruta=ajalpan
3,Pasteleria Herrera,negocio,7,18.37886,-97.25796,https://mitehuacan.mx/?ruta=ajalpan
3,Radiadores Baltazar,negocio,7,18.464814,-97.386794,https://mitehuacan.mx/?ruta=ajalpan
3,Escapes Rivera,negocio,8,18.378996,-97.2557,https://mitehuacan.mx/?ruta=ajalpan
3,Panaderia Y Pasteleria San Pablo,negocio,8,18.464808,-97.386338,https://mitehuacan.mx/?ruta=ajalpan
3,Pasteleria Mexicana,negocio,8,18.378046,-97.261486,https://mitehuacan.mx/?ruta=ajalpan
3,Ruta De Combis Tehuacan Altepexi,negocio,8,18.462991,-97.390421,https://mitehuacan.mx/?ruta=ajalpan
3,The Black Kraken Gym,negocio,8,18.377858,-97.260659,https://mitehuacan.mx/?ruta=ajalpan
3,Bodega Pizza Dominos Opp 010927Sa5,negocio,9,18.462843,-97.386367,https://mitehuacan.mx/?ruta=ajalpan
3,Bufette Juridico,negocio,9,18.464925,-97.390528,https://mitehuacan.mx/?ruta=ajalpan
3,Estacionamiento Del Mercado,negocio,9,18.377981,-97.261297,https://mitehuacan.mx/?ruta=ajalpan
3,Estacionamiento Sin Nombre,negocio,9,18.377978,-97.261289,https://mitehuacan.mx/?ruta=ajalpan
3,Pasteleria Norma,negocio,9,18.44018,-97.366087,https://mitehuacan.mx/?ruta=ajalpan
3,Servicio De Estacionamiento Sin Nombre,negocio,9,18.378551,-97.263021,https://mitehuacan.mx/?ruta=ajalpan
3,15 Junta Distrital Ejecutiva Del Ine En Puebla,negocio,10,18.462805,-97.385011,https://mitehuacan.mx/?ruta=ajalpan
3,Elaboracion De Pasteleria Y Venta De Bolis Sin Nombre,negocio,10,18.378838,-97.264541,https://mitehuacan.mx/?ruta=ajalpan
3,Estacionamiento Independencia,negocio,10,18.462965,-97.390119,https://mitehuacan.mx/?ruta=ajalpan
3,Fianzas Guardiana Inbursa Grupo Financiero Inbursa,negocio,10,18.462803,-97.384934,https://mitehuacan.mx/?ruta=ajalpan
3,Panaderia La Especial,negocio,10,18.378293,-97.269614,https://mitehuacan.mx/?ruta=ajalpan
3,Purificadora Agua Inmaculada,negocio,10,18.46281,-97.385182,https://mitehuacan.mx/?ruta=ajalpan
3,Taller Tecno Clutch,negocio,10,18.46479,-97.384878,https://mitehuacan.mx/?ruta=ajalpan
3,Taller Del Torno Diaz,negocio,11,18.378325,-97.269262,https://mitehuacan.mx/?ruta=ajalpan
3,Elaboracion De Pan Sin Nombre,negocio,14,18.378008,-97.25894,https://mitehuacan.mx/?ruta=ajalpan
3,Base De Las Combis De Oxaca - Tehuacan Turisticos Capilla Ab,negocio,15,18.462704,-97.38932,https://mitehuacan.mx/?ruta=ajalpan
3,Salon Campestre El Molino,negocio,16,18.454951,-97.370957,https://mitehuacan.mx/?ruta=ajalpan
3,Baños El Nene,negocio,17,18.462859,-97.390654,https://mitehuacan.mx/?ruta=ajalpan
3,Llanterama,negocio,17,18.462514,-97.374474,https://mitehuacan.mx/?ruta=ajalpan
3,Renta Y Venta De Trajes De Etiqueta Cisnes,negocio,17,18.462859,-97.390654,https://mitehuacan.mx/?ruta=ajalpan
3,Unidad De Servicio Y Recuperacion Alcoholicos Anonimos,negocio,17,18.462859,-97.390654,https://mitehuacan.mx/?ruta=ajalpan
3,Clutch Y Frenos El Tigre,negocio,20,18.375491,-97.293478,https://mitehuacan.mx/?ruta=ajalpan
3,Despacho Juridico Balderas Y Asociados,negocio,21,18.462557,-97.374557,https://mitehuacan.mx/?ruta=ajalpan
3,Comisariado Ejidal De San Diego Chalma,negocio,22,18.442508,-97.36697,https://mitehuacan.mx/?ruta=ajalpan
3,Estancia De Dia Dulce Hogar,negocio,22,18.377951,-97.255346,https://mitehuacan.mx/?ruta=ajalpan
3,Supervision Escolar Zona 025 Con Cabecera Oficial En Ajalpan,negocio,23,18.377697,-97.257131,https://mitehuacan.mx/?ruta=ajalpan
3,Panificadora Rocio,negocio,24,18.441603,-97.366782,https://mitehuacan.mx/?ruta=ajalpan
3,Renta Y Venta De Trajes Milan,negocio,25,18.379891,-97.263251,https://mitehuacan.mx/?ruta=ajalpan
3,Taller De Serigrafia Publimex,negocio,25,18.462159,-97.376623,https://mitehuacan.mx/?ruta=ajalpan
3,La Iglesia De Jesucristo De Los Santos De Los Ultimos Dias,negocio,26,18.377513,-97.279351,https://mitehuacan.mx/?ruta=ajalpan
3,Panaderia Los Arcos,negocio,26,18.378622,-97.26522,https://mitehuacan.mx/?ruta=ajalpan
3,Supervision Escolar Zona 722 Cabecera Oficial San Antonio Ca,negocio,26,18.464944,-97.38531,https://mitehuacan.mx/?ruta=ajalpan
3,Supervicion Escolar No 401 Primaria Y Preescolar Cabecera Of,negocio,28,18.464962,-97.38531,https://mitehuacan.mx/?ruta=ajalpan
3,Asociacion De Alcoholicos Anonimos Union Y Fortaleza Ajalpan,negocio,29,18.379569,-97.261091,https://mitehuacan.mx/?ruta=ajalpan
3,Despacho Juridico Sin Nombre,negocio,29,18.462548,-97.38809,https://mitehuacan.mx/?ruta=ajalpan
3,Nucleo De Oracion Universal,negocio,29,18.378144,-97.258091,https://mitehuacan.mx/?ruta=ajalpan
3,Presidencia Municipal De Ajalpan,negocio,29,18.377621,-97.25816,https://mitehuacan.mx/?ruta=ajalpan
3,Despacho Juridico,negocio,30,18.464968,-97.384645,https://mitehuacan.mx/?ruta=ajalpan
3,Servicio Industrial Arias,negocio,31,18.462331,-97.381609,https://mitehuacan.mx/?ruta=ajalpan
3,Alcoholicos,negocio,32,18.377825,-97.277065,https://mitehuacan.mx/?ruta=ajalpan
3,Estacionamiento Juquilita,negocio,32,18.377755,-97.26127,https://mitehuacan.mx/?ruta=ajalpan
3,Marcado De Pieza Textil Sin Nombre,negocio,32,18.378056,-97.255248,https://mitehuacan.mx/?ruta=ajalpan
3,Parroquia De San Pablo Apostol,negocio,34,18.423267,-97.340944,https://mitehuacan.mx/?ruta=ajalpan
3,Shaddix Fit Studio,negocio,34,18.463097,-97.387086,https://mitehuacan.mx/?ruta=ajalpan
3,Elaboracion De Pan San Diego,negocio,36,18.441441,-97.366839,https://mitehuacan.mx/?ruta=ajalpan
3,Purificadora De Agua San Diego,negocio,36,18.44289,-97.367972,https://mitehuacan.mx/?ruta=ajalpan
3,Baños Publicos Doña Genoveva,negocio,37,18.379362,-97.262276,https://mitehuacan.mx/?ruta=ajalpan
3,Brothers Gym,negocio,37,18.378471,-97.258107,https://mitehuacan.mx/?ruta=ajalpan
3,Consejo Distrital Uninominal De Ajalpan,negocio,38,18.378578,-97.263986,https://mitehuacan.mx/?ruta=ajalpan
3,Panaderia Sin Nombre,negocio,38,18.37829,-97.256398,https://mitehuacan.mx/?ruta=ajalpan
3,Panificadora El Carmen,negocio,38,18.377958,-97.255195,https://mitehuacan.mx/?ruta=ajalpan
3,Torno Hermont,negocio,38,18.462266,-97.381545,https://mitehuacan.mx/?ruta=ajalpan
3,Presidencia Auxiliar De San Diego Chalma,negocio,39,18.442844,-97.367091,https://mitehuacan.mx/?ruta=ajalpan
3,Estacionamiento Publico Sin Nombre,negocio,40,18.463151,-97.387086,https://mitehuacan.mx/?ruta=ajalpan
3,Panaderia Sin Nombre,negocio,41,18.379195,-97.256365,https://mitehuacan.mx/?ruta=ajalpan
3,Baños Publicos Adrian S,negocio,42,18.378898,-97.261057,https://mitehuacan.mx/?ruta=ajalpan
3,Despacho Juridico Hernandez Y Asociados,negocio,43,18.379092,-97.261781,https://mitehuacan.mx/?ruta=ajalpan
3,Iglesia De Dios Septimo Dia Ar,negocio,43,18.377651,-97.300312,https://mitehuacan.mx/?ruta=ajalpan
3,Movimiento Gnostico,negocio,43,18.378494,-97.264892,https://mitehuacan.mx/?ruta=ajalpan
3,Mofles Andrade,negocio,45,18.465126,-97.385934,https://mitehuacan.mx/?ruta=ajalpan
3,Agua Purificadora Tonantzi,negocio,47,18.379752,-97.261144,https://mitehuacan.mx/?ruta=ajalpan
3,Purificadora Agua Inmaculada,negocio,47,18.461897,-97.375465,https://mitehuacan.mx/?ruta=ajalpan
3,Salon Del Reino De Los Testigos De Jehova,negocio,47,18.462212,-97.383393,https://mitehuacan.mx/?ruta=ajalpan
3,Tapiceria La Jarocha,negocio,47,18.378433,-97.265181,https://mitehuacan.mx/?ruta=ajalpan
3,Panaderia Michoacan,negocio,48,18.461932,-97.376266,https://mitehuacan.mx/?ruta=ajalpan
3,Rhinos Fit Ajalpan,negocio,48,18.379204,-97.26217,https://mitehuacan.mx/?ruta=ajalpan
3,Taller De Torno The Barragan,negocio,49,18.378428,-97.259062,https://mitehuacan.mx/?ruta=ajalpan
3,Imprenta Design Estudio,negocio,50,18.419259,-97.334298,https://mitehuacan.mx/?ruta=ajalpan
3,Baños Publicos Del Mercado Municipal,negocio,51,18.378989,-97.261708,https://mitehuacan.mx/?ruta=ajalpan
3,Capilla Espiritu Santo,negocio,51,18.462156,-97.382668,https://mitehuacan.mx/?ruta=ajalpan
3,Iglesia Evangelica Pentecostes Cristo Sana Y Salva,negocio,51,18.376488,-97.299578,https://mitehuacan.mx/?ruta=ajalpan
3,Gimnasio Crypton,negocio,52,18.462264,-97.385627,https://mitehuacan.mx/?ruta=ajalpan
3,Reparadora De Discos De Clutch Platos Opresores Poli Clutch,negocio,52,18.462386,-97.389883,https://mitehuacan.mx/?ruta=ajalpan
3,Taller Mecanico Torno Industrial,negocio,52,18.462334,-97.388172,https://mitehuacan.mx/?ruta=ajalpan
3,Baños Publicos Doña Guera,negocio,53,18.379218,-97.262318,https://mitehuacan.mx/?ruta=ajalpan
3,Jefatura Sector Numero 10,negocio,53,18.465232,-97.387016,https://mitehuacan.mx/?ruta=ajalpan
3,Grupo De Alcoholicos Anonimos Renacimiento,negocio,54,18.462123,-97.381617,https://mitehuacan.mx/?ruta=ajalpan
3,Despachojuridico,negocio,55,18.463287,-97.387079,https://mitehuacan.mx/?ruta=ajalpan
3,Baños Publicos Y Bodega Sin Nombre,negocio,59,18.378564,-97.261094,https://mitehuacan.mx/?ruta=ajalpan
3,Taller De Torno Sanchez,negocio,59,18.463196,-97.383216,https://mitehuacan.mx/?ruta=ajalpan
3,Taller De Alineacion Y Balanceo El Rey,negocio,62,18.377492,-97.300422,https://mitehuacan.mx/?ruta=ajalpan
3,Templo Evangelico Iglesia La Hermosa,negocio,62,18.377998,-97.262947,https://mitehuacan.mx/?ruta=ajalpan
3,Estacionamiento Angels,negocio,63,18.463437,-97.389299,https://mitehuacan.mx/?ruta=ajalpan
3,Panaderia La Flor Del Tepeyac,negocio,64,18.380691,-97.26436,https://mitehuacan.mx/?ruta=ajalpan
3,Biblioteca Teofilo Martin Martin,negocio,69,18.42257,-97.340204,https://mitehuacan.mx/?ruta=ajalpan
3,Estacionamiento Estacionateh,negocio,69,18.462982,-97.391144,https://mitehuacan.mx/?ruta=ajalpan
3,Estacionamiento Reyna,negocio,69,18.464215,-97.389283,https://mitehuacan.mx/?ruta=ajalpan
3,Panaderia Mi Pan,negocio,69,18.463413,-97.387072,https://mitehuacan.mx/?ruta=ajalpan
3,Tienda De Manualidades Sin Nombre,negocio,69,18.379445,-97.258274,https://mitehuacan.mx/?ruta=ajalpan
3,Alcolicos Anonimos Grupo Buena Voluntad,negocio,73,18.379596,-97.255536,https://mitehuacan.mx/?ruta=ajalpan
3,Panificadora Juan Andres Carvajal,negocio,74,18.378271,-97.264139,https://mitehuacan.mx/?ruta=ajalpan
3,Despacho Juridico Marin Y Asociados,negocio,75,18.462069,-97.38603,https://mitehuacan.mx/?ruta=ajalpan
3,Bufete Juridico Y Contable Soriano Zenteno,negocio,76,18.377191,-97.259336,https://mitehuacan.mx/?ruta=ajalpan
3,Pasteles Leo,negocio,76,18.462152,-97.389334,https://mitehuacan.mx/?ruta=ajalpan
3,Bufete Juridico Bg Y Asociados,negocio,78,18.378158,-97.265123,https://mitehuacan.mx/?ruta=ajalpan
3,Centro De Rehabilitacion Hombre Nuevo,negocio,78,18.432149,-97.363261,https://mitehuacan.mx/?ruta=ajalpan
3,Corporativo Juridico Herrera,negocio,78,18.463951,-97.383635,https://mitehuacan.mx/?ruta=ajalpan
3,Elaboracion De Donas Y Empanadas Sin Nombre,negocio,79,18.377127,-97.300344,https://mitehuacan.mx/?ruta=ajalpan
3,Taller De Rectificacion Automotriz Garcia,negocio,79,18.465351,-97.382612,https://mitehuacan.mx/?ruta=ajalpan
3,Vikingos,negocio,79,18.376954,-97.275216,https://mitehuacan.mx/?ruta=ajalpan
3,Iglesia Aduentista Del Septimo Dia,negocio,80,18.463404,-97.383807,https://mitehuacan.mx/?ruta=ajalpan
3,Purificadora San Juan,negocio,80,18.379524,-97.25735,https://mitehuacan.mx/?ruta=ajalpan
3,El Camino Compañerismo Cristiano,negocio,81,18.461879,-97.381627,https://mitehuacan.mx/?ruta=ajalpan
3,Mariachi Tehuacan,negocio,81,18.462045,-97.387029,https://mitehuacan.mx/?ruta=ajalpan
3,Salon De Fiestas La Querencia,negocio,82,18.381083,-97.264029,https://mitehuacan.mx/?ruta=ajalpan
3,Banco Del Bienestar 1894 Tehuacan Teptzingo,negocio,83,18.422577,-97.340511,https://mitehuacan.mx/?ruta=ajalpan
3,Mariachi Mexico Lindo,negocio,83,18.462027,-97.387029,https://mitehuacan.mx/?ruta=ajalpan
3,Presidencia Auxiliar De San Pablo Tepetzingo,negocio,83,18.422669,-97.340685,https://mitehuacan.mx/?ruta=ajalpan
3,Casa Cural,negocio,85,18.442473,-97.366137,https://mitehuacan.mx/?ruta=ajalpan
3,Panaderia Coeto,negocio,87,18.377237,-97.261196,https://mitehuacan.mx/?ruta=ajalpan
3,Sala Audiovisual Tlamachtiloni,negocio,87,18.463965,-97.387042,https://mitehuacan.mx/?ruta=ajalpan
3,Banco Del Bienestar 0580 Ajalpan,negocio,88,18.377086,-97.25838,https://mitehuacan.mx/?ruta=ajalpan
3,Baños Publicos Sin Nombre,negocio,88,18.377086,-97.258496,https://mitehuacan.mx/?ruta=ajalpan
3,Centro Integrador Region Ajalpan,negocio,88,18.377086,-97.258391,https://mitehuacan.mx/?ruta=ajalpan
3,Grupo Musical Mr Chucho Y Sus Hormigas,negocio,88,18.378144,-97.264161,https://mitehuacan.mx/?ruta=ajalpan
3,Inprenta Laura,negocio,88,18.465267,-97.382015,https://mitehuacan.mx/?ruta=ajalpan
3,Matices Impresiones Y Diseños,negocio,88,18.377166,-97.260882,https://mitehuacan.mx/?ruta=ajalpan
3,Provident,negocio,88,18.377087,-97.258499,https://mitehuacan.mx/?ruta=ajalpan
3,Iglesia La Puerta Compañerismo Cristiano,negocio,89,18.379739,-97.259304,https://mitehuacan.mx/?ruta=ajalpan
3,Purificadora Alcala,negocio,89,18.442841,-97.368546,https://mitehuacan.mx/?ruta=ajalpan
3,Fitness Gimnasio,negocio,90,18.377068,-97.260204,https://mitehuacan.mx/?ruta=ajalpan
3,Estacionamiento 3 Norte,negocio,91,18.463455,-97.391364,https://mitehuacan.mx/?ruta=ajalpan
3,Panaderia Sin Nombre,negocio,92,18.378408,-97.254703,https://mitehuacan.mx/?ruta=ajalpan
3,Wondertrip Agencia De Viajes,negocio,92,18.463319,-97.391369,https://mitehuacan.mx/?ruta=ajalpan
3,Estacionamiento De La 3,negocio,93,18.465129,-97.391341,https://mitehuacan.mx/?ruta=ajalpan
3,Estacionamiento Publico Goti Goav,negocio,94,18.461989,-97.389338,https://mitehuacan.mx/?ruta=ajalpan
3,Gimnasio Genesis,negocio,94,18.465165,-97.391341,https://mitehuacan.mx/?ruta=ajalpan
3,Instituto Nacional De Estadica Y Geografia,negocio,94,18.377053,-97.257109,https://mitehuacan.mx/?ruta=ajalpan
3,Local Tehuacan Pue 023,negocio,94,18.465149,-97.391341,https://mitehuacan.mx/?ruta=ajalpan
3,Taller De Serigrafia,negocio,95,18.461738,-97.382033,https://mitehuacan.mx/?ruta=ajalpan
3,Capilla De Guadalupe,negocio,96,18.376766,-97.275462,https://mitehuacan.mx/?ruta=ajalpan
3,Comisariado Ejidal San Juan Ajalpan,negocio,96,18.377035,-97.25711,https://mitehuacan.mx/?ruta=ajalpan
3,Alcoholicos Anonimos Grupocion,negocio,97,18.379716,-97.258537,https://mitehuacan.mx/?ruta=ajalpan
3,Capilla De La Virgen De La Candelaria,negocio,97,18.431622,-97.362801,https://mitehuacan.mx/?ruta=ajalpan
3,Centro De Diseño Y Desarrollo De Moda Urbana,negocio,97,18.463234,-97.374468,https://mitehuacan.mx/?ruta=ajalpan
3,Grafos,negocio,97,18.464435,-97.391452,https://mitehuacan.mx/?ruta=ajalpan
3,Id Impresion Y Diseño,negocio,97,18.464435,-97.391452,https://mitehuacan.mx/?ruta=ajalpan
3,Pixel Servicio De Imprenta Digital,negocio,97,18.464435,-97.391452,https://mitehuacan.mx/?ruta=ajalpan
3,Radiadores Beltran,negocio,97,18.376996,-97.258994,https://mitehuacan.mx/?ruta=ajalpan
3,Entrenamiento Funcional Crossfit Innvictus,negocio,99,18.377925,-97.263637,https://mitehuacan.mx/?ruta=ajalpan
3,Gran Fraternidad Universal Tehuacan,negocio,99,18.464833,-97.391448,https://mitehuacan.mx/?ruta=ajalpan
3,Triton Fitness,negocio,99,18.378046,-97.264178,https://mitehuacan.mx/?ruta=ajalpan
3,Estacionamiento Publico Sin Nombre,negocio,100,18.463856,-97.391461,https://mitehuacan.mx/?ruta=ajalpan
3,Parroquia Del Sagrario Diocesano Templo De San Francisco De ,negocio,101,18.461976,-97.390666,https://mitehuacan.mx/?ruta=ajalpan
3,Taller De Radiadores Siena,negocio,101,18.461834,-97.386034,https://mitehuacan.mx/?ruta=ajalpan
3,Despacho De Abogado,negocio,102,18.463793,-97.389416,https://mitehuacan.mx/?ruta=ajalpan
3,Museo Regional De Altepexi,negocio,102,18.374811,-97.298719,https://mitehuacan.mx/?ruta=ajalpan
3,Tehuacan Spininng Center,negocio,102,18.465766,-97.389388,https://mitehuacan.mx/?ruta=ajalpan
3,Alcoholicos Anonimos Unidad Y Comprension Distrito 3,negocio,103,18.380802,-97.264716,https://mitehuacan.mx/?ruta=ajalpan
3,Renta De Disfraces Show Time,negocio,104,18.465784,-97.389388,https://mitehuacan.mx/?ruta=ajalpan
3,Oficina De La Diocesis De Tehuacan,negocio,106,18.46193,-97.390665,https://mitehuacan.mx/?ruta=ajalpan
3,Elaboracion De Pastelillos Sin Nombre,negocio,107,18.377794,-97.26353,https://mitehuacan.mx/?ruta=ajalpan
3,Elaboracion De Reposteria Sin Nombre,negocio,107,18.377794,-97.26353,https://mitehuacan.mx/?ruta=ajalpan
3,Panaderia La Estrella Rodriguez,negocio,107,18.376712,-97.30037,https://mitehuacan.mx/?ruta=ajalpan
3,Salon De Fiestas El Cholulo,negocio,107,18.380074,-97.260149,https://mitehuacan.mx/?ruta=ajalpan
3,Iglesia Templo De San Diego De Alcala,negocio,108,18.442591,-97.365962,https://mitehuacan.mx/?ruta=ajalpan
3,Granja Acuicola La Soledad,negocio,111,18.444285,-97.367284,https://mitehuacan.mx/?ruta=ajalpan
3,Soluciones Legales Y De Cobranzas Qv,negocio,112,18.465853,-97.389265,https://mitehuacan.mx/?ruta=ajalpan
3,Pasteleria Dany,negocio,113,18.443461,-97.369248,https://mitehuacan.mx/?ruta=ajalpan
3,Taller De Radiadores El Carmen,negocio,113,18.465775,-97.387018,https://mitehuacan.mx/?ruta=ajalpan
3,Agua Purificada Goforlife,negocio,114,18.461714,-97.38597,https://mitehuacan.mx/?ruta=ajalpan
3,Elaboracion Y Venta De Pan Sin Nombre,negocio,114,18.37983,-97.257276,https://mitehuacan.mx/?ruta=ajalpan
3,Restauracion De Imagenes De Yeso Sin Nombre,negocio,115,18.377045,-97.261522,https://mitehuacan.mx/?ruta=ajalpan
3,Baños Publicos Sin Nombre,negocio,116,18.462269,-97.391382,https://mitehuacan.mx/?ruta=ajalpan
3,Centro De Reunion Y Oracion M.I.C,negocio,116,18.461728,-97.387032,https://mitehuacan.mx/?ruta=ajalpan
3,Servicio De Agente De Seguros,negocio,116,18.465545,-97.391337,https://mitehuacan.mx/?ruta=ajalpan
3,Banco Del Bienestar 2602 Altepexi,negocio,117,18.375505,-97.299597,https://mitehuacan.mx/?ruta=ajalpan
3,Centro Espiritual Sin Nombre,negocio,117,18.461939,-97.390998,https://mitehuacan.mx/?ruta=ajalpan
3,Despacho Juridico Sin Nombre,negocio,117,18.465881,-97.390761,https://mitehuacan.mx/?ruta=ajalpan
3,Iglesia Sinai,negocio,117,18.463412,-97.374372,https://mitehuacan.mx/?ruta=ajalpan
3,Asesoria Juridica Sin Nombre,negocio,118,18.46152,-97.381184,https://mitehuacan.mx/?ruta=ajalpan
3,Grupo Familiar Al Anon,negocio,118,18.46544,-97.391443,https://mitehuacan.mx/?ruta=ajalpan
3,Novedades Luci,negocio,118,18.38039,-97.261019,https://mitehuacan.mx/?ruta=ajalpan
3,Mariachi Ajalpense,negocio,119,18.379868,-97.255049,https://mitehuacan.mx/?ruta=ajalpan
3,Despacho Juridico Consultoria Juridica Sin Nombre,negocio,120,18.465891,-97.388399,https://mitehuacan.mx/?ruta=ajalpan
3,Fierro Palacios Abogados,negocio,120,18.465881,-97.390856,https://mitehuacan.mx/?ruta=ajalpan
3,Panaderia Mary,negocio,120,18.379887,-97.25653,https://mitehuacan.mx/?ruta=ajalpan
3,Zumba Sin Nombre,negocio,121,18.380347,-97.265086,https://mitehuacan.mx/?ruta=ajalpan
3,Curato De La Iglesia De San Diego De Alcala San Diego Chalma,negocio,122,18.442589,-97.365791,https://mitehuacan.mx/?ruta=ajalpan
3,Estacionamiento Publico,negocio,123,18.380218,-97.260148,https://mitehuacan.mx/?ruta=ajalpan
3,Auto Ayuda Valle De Guerreros,negocio,124,18.377633,-97.254439,https://mitehuacan.mx/?ruta=ajalpan
3,Despacho Juridico,negocio,124,18.465967,-97.389876,https://mitehuacan.mx/?ruta=ajalpan
3,Agencia De Publicidad Sublime,negocio,125,18.464862,-97.391697,https://mitehuacan.mx/?ruta=ajalpan
3,Baños Publicos Mercado 16 De Marzo,negocio,125,18.461947,-97.391171,https://mitehuacan.mx/?ruta=ajalpan
3,Gimnasio Centro De Alto Rendimiento,negocio,125,18.465958,-97.389041,https://mitehuacan.mx/?ruta=ajalpan
3,Globocer Novedades Y Eventos Sociales,negocio,125,18.461504,-97.383414,https://mitehuacan.mx/?ruta=ajalpan
3,Panificadora Independencia,negocio,125,18.461499,-97.383186,https://mitehuacan.mx/?ruta=ajalpan
3,Desmineralizadora El Rosario Purificadora,negocio,126,18.465773,-97.382534,https://mitehuacan.mx/?ruta=ajalpan
3,Direccion De Fomento Comercial Y Abasto,negocio,126,18.461948,-97.391178,https://mitehuacan.mx/?ruta=ajalpan
3,Pasteleria La Princesa,negocio,126,18.465187,-97.381477,https://mitehuacan.mx/?ruta=ajalpan
3,Baño Publico Sin Nombre,negocio,127,18.374522,-97.29346,https://mitehuacan.mx/?ruta=ajalpan
3,Despacho Juridico,negocio,127,18.465954,-97.388283,https://mitehuacan.mx/?ruta=ajalpan
3,Pasteleria De Leon,negocio,127,18.374832,-97.299107,https://mitehuacan.mx/?ruta=ajalpan
3,Elaboracion De Donitas Sin Nombre,negocio,128,18.379654,-97.268675,https://mitehuacan.mx/?ruta=ajalpan
3,Panaderia Bolillo Dorado,negocio,128,18.465872,-97.385676,https://mitehuacan.mx/?ruta=ajalpan
3,Grupo Todo Por Gratitud,negocio,131,18.465835,-97.383457,https://mitehuacan.mx/?ruta=ajalpan
3,Servicio Automotriz Guzman,negocio,133,18.461414,-97.382685,https://mitehuacan.mx/?ruta=ajalpan
3,Arrendadora Doña Flora,negocio,134,18.461355,-97.38099,https://mitehuacan.mx/?ruta=ajalpan
3,Panteon De San Pablo Tepetzingo,negocio,134,18.418098,-97.334249,https://mitehuacan.mx/?ruta=ajalpan
3,Club De Futbol Independencia,negocio,137,18.463854,-97.379913,https://mitehuacan.mx/?ruta=ajalpan
3,Conversaciones Genesis,negocio,137,18.461287,-97.379958,https://mitehuacan.mx/?ruta=ajalpan
3,Panaderia Lety Coeto,negocio,137,18.376776,-97.261215,https://mitehuacan.mx/?ruta=ajalpan
3,Despacho Juridico Lavarriaga Y Hernandez,negocio,138,18.465912,-97.383967,https://mitehuacan.mx/?ruta=ajalpan
3,Instituto De Fondo Nacional De La Vivienda Para Los Trabajad,negocio,138,18.464864,-97.39182,https://mitehuacan.mx/?ruta=ajalpan
3,Viaksam Soluciones Integrales Cobranza Sociales,negocio,138,18.465893,-97.383275,https://mitehuacan.mx/?ruta=ajalpan
3,Gimnasio Exodo Gym,negocio,139,18.461442,-97.38464,https://mitehuacan.mx/?ruta=ajalpan
3,Imprenta Impresos De Jesus,negocio,139,18.46158,-97.389217,https://mitehuacan.mx/?ruta=ajalpan
3,Estacionamiento San Luis,negocio,140,18.462999,-97.391817,https://mitehuacan.mx/?ruta=ajalpan
3,Mariachi Gavilancillo,negocio,140,18.378102,-97.254232,https://mitehuacan.mx/?ruta=ajalpan
3,Panaderia El Trigal,negocio,141,18.461458,-97.385559,https://mitehuacan.mx/?ruta=ajalpan
3,Articulos Para Fiesta Decoraciones Aurora,negocio,143,18.461583,-97.390432,https://mitehuacan.mx/?ruta=ajalpan
3,Comunidad Cristiana Roca Firme,negocio,144,18.376753,-97.271869,https://mitehuacan.mx/?ruta=ajalpan
3,Iglesia Compañerismo Cristiano La Puerta,negocio,145,18.376142,-97.300405,https://mitehuacan.mx/?ruta=ajalpan
3,Iglesia La Luz Del Mundo,negocio,148,18.461392,-97.385732,https://mitehuacan.mx/?ruta=ajalpan
3,Pasteleria Sin Nombre,negocio,148,18.380183,-97.265374,https://mitehuacan.mx/?ruta=ajalpan
3,Deposito De Agua Purificada Sin Nombre,negocio,149,18.461174,-97.379724,https://mitehuacan.mx/?ruta=ajalpan
3,Una Razon Para Vivir Alcoholicos Anonimos,negocio,149,18.376679,-97.261314,https://mitehuacan.mx/?ruta=ajalpan
3,Paleteria Y Neveria La Michoacana,nieves,3,18.442622,-97.36735,https://mitehuacan.mx/?ruta=ajalpan
3,Heladeria Abril,nieves,4,18.379714,-97.262327,https://mitehuacan.mx/?ruta=ajalpan
3,Neveria Y Paleteria,nieves,4,18.375433,-97.29557,https://mitehuacan.mx/?ruta=ajalpan
3,Paleteria Y Neveria La Michoacana,nieves,5,18.377826,-97.259826,https://mitehuacan.mx/?ruta=ajalpan
3,Paleteria La Michoacana,nieves,10,18.462857,-97.390588,https://mitehuacan.mx/?ruta=ajalpan
3,Paleteria La Flor De Michoacan,nieves,52,18.464279,-97.386956,https://mitehuacan.mx/?ruta=ajalpan
3,Papeleria Y Neveria La Michoacana,nieves,56,18.46244,-97.390763,https://mitehuacan.mx/?ruta=ajalpan
3,Venta De Paletas De Hielo Doña Robe,nieves,72,18.442336,-97.368001,https://mitehuacan.mx/?ruta=ajalpan
3,Paqueteria Tres Guerras,paquetería,9,18.462842,-97.386338,https://mitehuacan.mx/?ruta=ajalpan
3,los arcos de coculco,parque,18,18.378677,-97.265362,https://mitehuacan.mx/?ruta=ajalpan
3,auditorio munisipal,parque,33,18.377579,-97.258617,https://mitehuacan.mx/?ruta=ajalpan
3,Quetzalcoatl,parque,67,18.465235,-97.382542,https://mitehuacan.mx/?ruta=ajalpan
3,Parque infantil,parque,116,18.380918,-97.264793,https://mitehuacan.mx/?ruta=ajalpan
3,Rotonda de la Flores Magon,parque,141,18.461466,-97.386051,https://mitehuacan.mx/?ruta=ajalpan
3,Accesorios Y Modas A&S,perfumería,7,18.378305,-97.261846,https://mitehuacan.mx/?ruta=ajalpan
3,Nails Cosmetics Tehuacan,perfumería,7,18.46491,-97.389703,https://mitehuacan.mx/?ruta=ajalpan
3,Tienda De Perfumes Y Esencias Inspiracion,perfumería,14,18.462717,-97.389454,https://mitehuacan.mx/?ruta=ajalpan
3,Articulos Para Velleza Estilos,perfumería,17,18.462859,-97.390654,https://mitehuacan.mx/?ruta=ajalpan
3,Bodega De Articulos De Belleza Circulo B,perfumería,17,18.462859,-97.390654,https://mitehuacan.mx/?ruta=ajalpan
3,Tienda De Articulos De Belleza Circulo B,perfumería,17,18.462859,-97.390654,https://mitehuacan.mx/?ruta=ajalpan
3,Tienda De Novedades Elen77,perfumería,26,18.377638,-97.260123,https://mitehuacan.mx/?ruta=ajalpan
3,Tienda De Cosmeticos Mi Central De Mayoreo,perfumería,40,18.462631,-97.390767,https://mitehuacan.mx/?ruta=ajalpan
3,Distribuidora De Productos De Belleza Newlook,perfumería,46,18.379224,-97.258156,https://mitehuacan.mx/?ruta=ajalpan
3,Venta De Productos De Belleza Sin Nombre,perfumería,86,18.379594,-97.256399,https://mitehuacan.mx/?ruta=ajalpan
3,Tienda De Chacharas Sin Nombre,perfumería,89,18.463594,-97.387062,https://mitehuacan.mx/?ruta=ajalpan
3,Compra Venta De Maquillaje Y Accesorios,perfumería,92,18.463319,-97.391369,https://mitehuacan.mx/?ruta=ajalpan
3,Distribuidora Jafra,perfumería,92,18.463319,-97.391369,https://mitehuacan.mx/?ruta=ajalpan
3,Tienda De Productos De Belleza Kaprich,perfumería,100,18.462051,-97.390881,https://mitehuacan.mx/?ruta=ajalpan
3,Tienda De Articulos De Belleza Karina,perfumería,110,18.461929,-97.390799,https://mitehuacan.mx/?ruta=ajalpan
3,Perfumes Bravos,perfumería,111,18.465313,-97.391444,https://mitehuacan.mx/?ruta=ajalpan
3,Novedades Y Regalos Sin Nombre,perfumería,112,18.377918,-97.264118,https://mitehuacan.mx/?ruta=ajalpan
3,Venta De Material Para Uñas Sin Nombre,perfumería,114,18.465883,-97.39023,https://mitehuacan.mx/?ruta=ajalpan
3,Novedades Karina,perfumería,115,18.461799,-97.389342,https://mitehuacan.mx/?ruta=ajalpan
3,Tienda De Articulos De Belleza Bissu,perfumería,118,18.462067,-97.391222,https://mitehuacan.mx/?ruta=ajalpan
3,Cosmeticos Accesorios Y Algo Mas Buva,perfumería,133,18.461686,-97.390664,https://mitehuacan.mx/?ruta=ajalpan
3,Venta De Accesorios Para Uñas Y Cosmeticos Georgia,perfumería,141,18.461555,-97.388943,https://mitehuacan.mx/?ruta=ajalpan
3,canchas del curato,playground,146,18.376573,-97.257485,https://mitehuacan.mx/?ruta=ajalpan
3,Plaza Kristal Tehuacán,plaza,10,18.462826,-97.390568,https://mitehuacan.mx/?ruta=ajalpan
3,Rosticeria El Crucero,pollería,4,18.375326,-97.29655,https://mitehuacan.mx/?ruta=ajalpan
3,Polleria Gaby,pollería,6,18.378878,-97.258367,https://mitehuacan.mx/?ruta=ajalpan
3,Polleria La Misericordia,pollería,6,18.423254,-97.340038,https://mitehuacan.mx/?ruta=ajalpan
3,Venta De Pollo Sin Nombre,pollería,6,18.378742,-97.256921,https://mitehuacan.mx/?ruta=ajalpan
3,Polleria Antonia,pollería,7,18.378305,-97.261846,https://mitehuacan.mx/?ruta=ajalpan
3,Polleria Carmelita,pollería,7,18.442274,-97.366945,https://mitehuacan.mx/?ruta=ajalpan
3,Polleria Claudia,pollería,7,18.378305,-97.261846,https://mitehuacan.mx/?ruta=ajalpan
3,Polleria Doña Chali,pollería,7,18.378305,-97.261846,https://mitehuacan.mx/?ruta=ajalpan
3,Polleria Mary,pollería,7,18.378305,-97.261846,https://mitehuacan.mx/?ruta=ajalpan
3,Polleria Nieves,pollería,7,18.378873,-97.256415,https://mitehuacan.mx/?ruta=ajalpan
3,Polleria Santana,pollería,7,18.378305,-97.261846,https://mitehuacan.mx/?ruta=ajalpan
3,Polleria Saritha,pollería,7,18.378305,-97.261846,https://mitehuacan.mx/?ruta=ajalpan
3,Polleria Sin Nombre,pollería,7,18.378305,-97.261846,https://mitehuacan.mx/?ruta=ajalpan
3,Polleria Sin Nombre,pollería,7,18.420131,-97.334508,https://mitehuacan.mx/?ruta=ajalpan
3,Polleria Y Rosticeria Martitha,pollería,7,18.378305,-97.261846,https://mitehuacan.mx/?ruta=ajalpan
3,Polleria Crudi Pollo,pollería,9,18.462954,-97.389826,https://mitehuacan.mx/?ruta=ajalpan
3,Polleria Genesis,pollería,10,18.462526,-97.382658,https://mitehuacan.mx/?ruta=ajalpan
3,Distribuidora De Pollo San Juan,pollería,17,18.37787,-97.261171,https://mitehuacan.mx/?ruta=ajalpan
3,Distribuidora De Pollo San Juan,pollería,24,18.379478,-97.262242,https://mitehuacan.mx/?ruta=ajalpan
3,Carniceria Romss,pollería,25,18.452385,-97.370662,https://mitehuacan.mx/?ruta=ajalpan
3,Polleria Doña Carmen,pollería,45,18.374891,-97.297351,https://mitehuacan.mx/?ruta=ajalpan
3,Venta De Pollo Crudo Sin Nombre,pollería,46,18.374903,-97.296887,https://mitehuacan.mx/?ruta=ajalpan
3,Polleria La Paz,pollería,47,18.464418,-97.389399,https://mitehuacan.mx/?ruta=ajalpan
3,Polleria Sin Nombre,pollería,55,18.462119,-97.382669,https://mitehuacan.mx/?ruta=ajalpan
3,Polleria Lupita,pollería,62,18.440758,-97.366916,https://mitehuacan.mx/?ruta=ajalpan
3,Polleria Sin Nombre,pollería,70,18.461789,-97.377554,https://mitehuacan.mx/?ruta=ajalpan
3,Polleria Rosario,pollería,73,18.465328,-97.384139,https://mitehuacan.mx/?ruta=ajalpan
3,Venta De Pollo Destazado Sin Nombre,pollería,85,18.461554,-97.375461,https://mitehuacan.mx/?ruta=ajalpan
3,Polleria Doña Male,pollería,90,18.440454,-97.367119,https://mitehuacan.mx/?ruta=ajalpan
3,Distribuidora Avicola San Juan,pollería,104,18.463716,-97.38364,https://mitehuacan.mx/?ruta=ajalpan
3,Venta De Pollo Frutas Y Verduras El Mercadito,pollería,108,18.377897,-97.254529,https://mitehuacan.mx/?ruta=ajalpan
3,Polleria San Miguel,pollería,117,18.461546,-97.382397,https://mitehuacan.mx/?ruta=ajalpan
3,Pollo Destazado Sin Nombre,pollería,118,18.461521,-97.381231,https://mitehuacan.mx/?ruta=ajalpan
3,Compra Venta De Pollo Fresco,pollería,124,18.465962,-97.390645,https://mitehuacan.mx/?ruta=ajalpan
3,Polleria Rosita,pollería,125,18.461507,-97.383546,https://mitehuacan.mx/?ruta=ajalpan
3,Polleria Abi,pollería,126,18.461948,-97.391178,https://mitehuacan.mx/?ruta=ajalpan
3,Polleria Adris,pollería,126,18.461948,-97.391178,https://mitehuacan.mx/?ruta=ajalpan
3,Polleria Alex,pollería,126,18.461948,-97.391178,https://mitehuacan.mx/?ruta=ajalpan
3,Polleria Anita,pollería,126,18.461948,-97.391178,https://mitehuacan.mx/?ruta=ajalpan
3,Polleria Conchita,pollería,126,18.461948,-97.391178,https://mitehuacan.mx/?ruta=ajalpan
3,Polleria Don Pollo,pollería,126,18.461948,-97.391178,https://mitehuacan.mx/?ruta=ajalpan
3,Polleria El Pilar,pollería,126,18.461948,-97.391178,https://mitehuacan.mx/?ruta=ajalpan
3,Polleria El Pollo Feliz,pollería,126,18.461948,-97.391178,https://mitehuacan.mx/?ruta=ajalpan
3,Polleria El Rosario,pollería,126,18.461948,-97.391178,https://mitehuacan.mx/?ruta=ajalpan
3,Polleria El Tete,pollería,126,18.461948,-97.391178,https://mitehuacan.mx/?ruta=ajalpan
3,Polleria Juquilita,pollería,126,18.461948,-97.391178,https://mitehuacan.mx/?ruta=ajalpan
3,Polleria Karla,pollería,126,18.461948,-97.391178,https://mitehuacan.mx/?ruta=ajalpan
3,Polleria Lucy,pollería,126,18.461948,-97.391178,https://mitehuacan.mx/?ruta=ajalpan
3,Polleria Lupita,pollería,126,18.461948,-97.391178,https://mitehuacan.mx/?ruta=ajalpan
3,Polleria Maru,pollería,126,18.461948,-97.391178,https://mitehuacan.mx/?ruta=ajalpan
3,Polleria Oralia,pollería,126,18.461948,-97.391178,https://mitehuacan.mx/?ruta=ajalpan
3,Polleria Pollo Travieso,pollería,126,18.461948,-97.391178,https://mitehuacan.mx/?ruta=ajalpan
3,Polleria Teresita,pollería,126,18.461948,-97.391178,https://mitehuacan.mx/?ruta=ajalpan
3,Polleria El Jr,pollería,139,18.377978,-97.254236,https://mitehuacan.mx/?ruta=ajalpan
3,Polleria Sin Nombre,pollería,149,18.380147,-97.257304,https://mitehuacan.mx/?ruta=ajalpan
3,Agencia De Publicidad Publiscitos,publicidad,6,18.378254,-97.262095,https://mitehuacan.mx/?ruta=ajalpan
3,Fuente De Sodas Kary,purificadora,7,18.378305,-97.261846,https://mitehuacan.mx/?ruta=ajalpan
3,Tienda De Refrescos La China,purificadora,8,18.463055,-97.390421,https://mitehuacan.mx/?ruta=ajalpan
3,Deposito De Refrescos Sin Nombre,purificadora,9,18.379152,-97.263938,https://mitehuacan.mx/?ruta=ajalpan
3,Compra Venta De Jugos Refrescos Y Dulces Ponce,purificadora,10,18.462968,-97.390195,https://mitehuacan.mx/?ruta=ajalpan
3,Miscelanea Miguelito,purificadora,11,18.378314,-97.269386,https://mitehuacan.mx/?ruta=ajalpan
3,Distribuidora De Hielo Las Palmas,purificadora,31,18.462337,-97.382664,https://mitehuacan.mx/?ruta=ajalpan
3,Tienda Sin Nombre,purificadora,45,18.37489,-97.297257,https://mitehuacan.mx/?ruta=ajalpan
3,Deposito De Refrescos El Chino,purificadora,68,18.378645,-97.261085,https://mitehuacan.mx/?ruta=ajalpan
3,Tienda Sin Nombre,purificadora,72,18.448599,-97.369674,https://mitehuacan.mx/?ruta=ajalpan
3,Tienda Sin Nombre,purificadora,77,18.379587,-97.259071,https://mitehuacan.mx/?ruta=ajalpan
3,Deposito Santa Isabel,purificadora,83,18.377194,-97.30044,https://mitehuacan.mx/?ruta=ajalpan
3,Venta De Agua De Garrafon Y Refrescos Sin Nombre,purificadora,89,18.463978,-97.38778,https://mitehuacan.mx/?ruta=ajalpan
3,Tienda De Abarrotes Andrea,purificadora,97,18.462669,-97.391381,https://mitehuacan.mx/?ruta=ajalpan
3,Venta De Refrescos Y De Tortas Sin Nombre,purificadora,119,18.381387,-97.263514,https://mitehuacan.mx/?ruta=ajalpan
3,Bodega De Refresco Sin Nombre,purificadora,126,18.461948,-97.391178,https://mitehuacan.mx/?ruta=ajalpan
3,Deposito De Agua Sin Nombre,purificadora,127,18.465873,-97.38579,https://mitehuacan.mx/?ruta=ajalpan
3,Venta De Refrescos Sin Nombre,purificadora,136,18.377704,-97.264237,https://mitehuacan.mx/?ruta=ajalpan
3,Venta Refrescos Sin Nombre,purificadora,139,18.461575,-97.388942,https://mitehuacan.mx/?ruta=ajalpan
3,Regalos Sophy,regalos,1,18.37797,-97.260693,https://mitehuacan.mx/?ruta=ajalpan
3,Tienda De Globos Globimagic,regalos,1,18.464834,-97.38999,https://mitehuacan.mx/?ruta=ajalpan
3,Novedades Bolaños,regalos,3,18.462843,-97.390143,https://mitehuacan.mx/?ruta=ajalpan
3,Tienda De Novedades Oxigeno,regalos,3,18.378683,-97.263038,https://mitehuacan.mx/?ruta=ajalpan
3,Novedades Miguelin,regalos,4,18.462784,-97.388503,https://mitehuacan.mx/?ruta=ajalpan
3,Novedades Y Cibercafe Independencia,regalos,4,18.462717,-97.381665,https://mitehuacan.mx/?ruta=ajalpan
3,Regalos Y Novedades El Mana,regalos,4,18.378905,-97.258973,https://mitehuacan.mx/?ruta=ajalpan
3,Tienda Novedades Sin Nombre,regalos,4,18.378523,-97.262606,https://mitehuacan.mx/?ruta=ajalpan
3,Venta De Regalos Y Juguetes Giby,regalos,4,18.377915,-97.259168,https://mitehuacan.mx/?ruta=ajalpan
3,Tienda De Regalos Y Novedades,regalos,5,18.444489,-97.368732,https://mitehuacan.mx/?ruta=ajalpan
3,Tienda De Regalos Yuli,regalos,5,18.380369,-97.263745,https://mitehuacan.mx/?ruta=ajalpan
3,Bodega De Novedades Mi Fiesta,regalos,6,18.37782,-97.259608,https://mitehuacan.mx/?ruta=ajalpan
3,Decoracion De Fiesta Sin Nombre,regalos,6,18.37885,-97.259239,https://mitehuacan.mx/?ruta=ajalpan
3,Moda Y Regalos Leslie,regalos,6,18.379201,-97.260441,https://mitehuacan.mx/?ruta=ajalpan
3,Novedades El Trebol,regalos,6,18.379295,-97.260836,https://mitehuacan.mx/?ruta=ajalpan
3,Regalo Sorpresa Happy,regalos,6,18.380238,-97.263694,https://mitehuacan.mx/?ruta=ajalpan
3,Accesorios Y Adornos Para Fiestas Sin Nombre,regalos,7,18.379831,-97.263922,https://mitehuacan.mx/?ruta=ajalpan
3,Novedades Adris,regalos,7,18.377995,-97.256701,https://mitehuacan.mx/?ruta=ajalpan
3,Novedades Maggy,regalos,7,18.378734,-97.257291,https://mitehuacan.mx/?ruta=ajalpan
3,Novedades Maricruz,regalos,7,18.378305,-97.261846,https://mitehuacan.mx/?ruta=ajalpan
3,Puesto De Chacharas Sin Nombre,regalos,7,18.378305,-97.261846,https://mitehuacan.mx/?ruta=ajalpan
3,Tienda De Accesorios Lovely,regalos,7,18.464867,-97.388338,https://mitehuacan.mx/?ruta=ajalpan
3,Tienda De Articulos Para Fiesta Deseo Globos,regalos,7,18.464908,-97.389599,https://mitehuacan.mx/?ruta=ajalpan
3,Tienda De Chacharitas Sin Nombre,regalos,7,18.378305,-97.261846,https://mitehuacan.mx/?ruta=ajalpan
3,Tienda De Juguetes Y Fantasia Sin Nombre,regalos,7,18.378305,-97.261846,https://mitehuacan.mx/?ruta=ajalpan
3,Novedades Confetii,regalos,8,18.379432,-97.263931,https://mitehuacan.mx/?ruta=ajalpan
3,Novedades Y Regalos Mil Cositas,regalos,8,18.378058,-97.261523,https://mitehuacan.mx/?ruta=ajalpan
3,Venta De Regalos Sin Nombre,regalos,9,18.3779,-97.260904,https://mitehuacan.mx/?ruta=ajalpan
3,Novedades Y Regalos Vale Cuquin,regalos,11,18.378843,-97.264086,https://mitehuacan.mx/?ruta=ajalpan
3,Tienda De Regalos Party Mix,regalos,11,18.462974,-97.390375,https://mitehuacan.mx/?ruta=ajalpan
3,Almacen De Central De Mayoreo,regalos,17,18.462859,-97.390654,https://mitehuacan.mx/?ruta=ajalpan
3,Venta De Accesorios Varios Centro Mayorista,regalos,21,18.46265,-97.389321,https://mitehuacan.mx/?ruta=ajalpan
3,Papeleria Y Novedades Vali,regalos,30,18.440759,-97.366603,https://mitehuacan.mx/?ruta=ajalpan
3,Novedades Tere,regalos,32,18.379348,-97.262138,https://mitehuacan.mx/?ruta=ajalpan
3,Tienda De Juguetes Toys Selectos,regalos,33,18.462863,-97.390806,https://mitehuacan.mx/?ruta=ajalpan
3,Tienda De Regalos Sin Nombre,regalos,37,18.462667,-97.390769,https://mitehuacan.mx/?ruta=ajalpan
3,Regalos Sin Nombre,regalos,70,18.440699,-97.366984,https://mitehuacan.mx/?ruta=ajalpan
3,Novedades Jimena,regalos,78,18.442123,-97.367917,https://mitehuacan.mx/?ruta=ajalpan
3,Tienda De Regalos El Regalito,regalos,88,18.37708,-97.259482,https://mitehuacan.mx/?ruta=ajalpan
3,Tienda De Regalos Sin Nombre,regalos,88,18.377117,-97.256892,https://mitehuacan.mx/?ruta=ajalpan
3,Novedades Alis,regalos,92,18.462011,-97.38946,https://mitehuacan.mx/?ruta=ajalpan
3,Tienda De Regalos Ortenzia,regalos,92,18.463319,-97.391369,https://mitehuacan.mx/?ruta=ajalpan
3,Compra De Articulos Para Fiestas Party Sofi,regalos,94,18.463724,-97.389418,https://mitehuacan.mx/?ruta=ajalpan
3,Novedades Lunat Venta De Ropa,regalos,100,18.464664,-97.381571,https://mitehuacan.mx/?ruta=ajalpan
3,Venta De Regalos Y Novedades Glam,regalos,105,18.37798,-97.264109,https://mitehuacan.mx/?ruta=ajalpan
3,Novedades Y Regalos Sin Nombre,regalos,109,18.377903,-97.26479,https://mitehuacan.mx/?ruta=ajalpan
3,Venta De Novedades Y Regalos Sin Nombre,regalos,111,18.38009,-97.260072,https://mitehuacan.mx/?ruta=ajalpan
3,Venta De Peluches Y Novedades Maggy,regalos,116,18.462269,-97.391382,https://mitehuacan.mx/?ruta=ajalpan
3,La Casita,regalos,118,18.465881,-97.390799,https://mitehuacan.mx/?ruta=ajalpan
3,Venta De Novedades Relojeria Cano,regalos,123,18.461731,-97.389463,https://mitehuacan.mx/?ruta=ajalpan
3,Novedades Sin Nombre,regalos,126,18.461948,-97.391178,https://mitehuacan.mx/?ruta=ajalpan
3,Novedades Y Articulos De Temporada Sin Nombre,regalos,126,18.461948,-97.391178,https://mitehuacan.mx/?ruta=ajalpan
3,Novedades Bodega De Mayoreo,regalos,131,18.461658,-97.389463,https://mitehuacan.mx/?ruta=ajalpan
3,Venta De Articulos De Temporada Sin Nombre,regalos,141,18.461558,-97.389152,https://mitehuacan.mx/?ruta=ajalpan
3,Distribuidora Lalo,regalos,143,18.461584,-97.39047,https://mitehuacan.mx/?ruta=ajalpan
3,Novedades Make Up Store,regalos,143,18.461582,-97.390346,https://mitehuacan.mx/?ruta=ajalpan
3,Electronica Y Novedades Memin,regalos,144,18.461586,-97.390659,https://mitehuacan.mx/?ruta=ajalpan
3,Casa Blanca Floreria Y Regalos,regalos,147,18.37712,-97.262761,https://mitehuacan.mx/?ruta=ajalpan
3,Rotulos Y Dibujos Enrique,rótulos,5,18.464734,-97.384491,https://mitehuacan.mx/?ruta=ajalpan
3,Asesoria A Derecho Habientes Mejoravit,servicio,1,18.464835,-97.390085,https://mitehuacan.mx/?ruta=ajalpan
3,Casa De Cobro De Luz Sin Nombre,servicio,1,18.379505,-97.261795,https://mitehuacan.mx/?ruta=ajalpan
3,Centro De Desarrollo Comunitario,servicio,1,18.378043,-97.272003,https://mitehuacan.mx/?ruta=ajalpan
3,Empaque De Ropa En General Sin Nombre,servicio,1,18.462578,-97.380949,https://mitehuacan.mx/?ruta=ajalpan
3,Fumigaciones Sin Nombre,servicio,1,18.464815,-97.388843,https://mitehuacan.mx/?ruta=ajalpan
3,Veterinaria Keiko,servicio,2,18.464721,-97.385108,https://mitehuacan.mx/?ruta=ajalpan
3,Lectura Del Tarot Osiris,servicio,3,18.462819,-97.389289,https://mitehuacan.mx/?ruta=ajalpan
3,Oficinas Administrativas De Telmex,servicio,4,18.462763,-97.387736,https://mitehuacan.mx/?ruta=ajalpan
3,Megacable Cis Ajalpan,servicio,6,18.379248,-97.260637,https://mitehuacan.mx/?ruta=ajalpan
3,Oficinas Administrativa Sin Nombre,servicio,7,18.379731,-97.263924,https://mitehuacan.mx/?ruta=ajalpan
3,Correos De Mexico Sucursal Ajalpan,servicio,8,18.377807,-97.258822,https://mitehuacan.mx/?ruta=ajalpan
3,Megacable,servicio,9,18.462856,-97.386847,https://mitehuacan.mx/?ruta=ajalpan
3,Renta De Inflables Y Rockolas,servicio,10,18.462968,-97.390195,https://mitehuacan.mx/?ruta=ajalpan
3,Curandera Sin Nombre,servicio,11,18.378314,-97.269386,https://mitehuacan.mx/?ruta=ajalpan
3,Veterinaria Cantero,servicio,12,18.421829,-97.337062,https://mitehuacan.mx/?ruta=ajalpan
3,Centro De Desarrollo Comunitario San Diego Chalma,servicio,20,18.447495,-97.369812,https://mitehuacan.mx/?ruta=ajalpan
3,Centro De Intervencion Educativo Aprendiendo Juntos,servicio,38,18.464606,-97.382161,https://mitehuacan.mx/?ruta=ajalpan
3,Red Nacional Ultima Milla,servicio,63,18.465265,-97.384699,https://mitehuacan.mx/?ruta=ajalpan
3,Dif San Pablo Tepetzingo,servicio,70,18.422506,-97.340089,https://mitehuacan.mx/?ruta=ajalpan
3,Dulce Fiesta,servicio,75,18.442682,-97.368273,https://mitehuacan.mx/?ruta=ajalpan
3,Oh Sweent Event,servicio,78,18.378158,-97.265123,https://mitehuacan.mx/?ruta=ajalpan
3,Sevicios Profesionales Sin Nombre,servicio,90,18.463482,-97.391363,https://mitehuacan.mx/?ruta=ajalpan
3,Oal Bienes Raices,servicio,92,18.463319,-97.391369,https://mitehuacan.mx/?ruta=ajalpan
3,Cometra,servicio,96,18.463603,-97.385655,https://mitehuacan.mx/?ruta=ajalpan
3,Cometra Servicios Integrales,servicio,96,18.463603,-97.385678,https://mitehuacan.mx/?ruta=ajalpan
3,El Poderoso Sonido Cartagena,servicio,104,18.463557,-97.379948,https://mitehuacan.mx/?ruta=ajalpan
3,Centro De Aprendizaje Tehuacan,servicio,111,18.380816,-97.264801,https://mitehuacan.mx/?ruta=ajalpan
3,Oficina De Apoyo De Alimentos Pecuarios,servicio,133,18.461574,-97.387033,https://mitehuacan.mx/?ruta=ajalpan
3,Departamento De Agua Potable,servicio de agua,40,18.377515,-97.258148,https://mitehuacan.mx/?ruta=ajalpan
3,Tienda De Telas Del Carmen,telas,2,18.379529,-97.26186,https://mitehuacan.mx/?ruta=ajalpan
3,Hilos Y Especialidades Pegasus,telas,5,18.378889,-97.258605,https://mitehuacan.mx/?ruta=ajalpan
3,Avios Delcar,telas,7,18.378027,-97.256102,https://mitehuacan.mx/?ruta=ajalpan
3,Tienda De Telas Y Rebosos Lupita,telas,7,18.378305,-97.261846,https://mitehuacan.mx/?ruta=ajalpan
3,Comercializadora De Hilos Juquilita,telas,9,18.378647,-97.267905,https://mitehuacan.mx/?ruta=ajalpan
3,Venta De Hilos Duralon,telas,9,18.378837,-97.264646,https://mitehuacan.mx/?ruta=ajalpan
3,Venta De Hilos Y Cierres Romero,telas,16,18.379047,-97.25552,https://mitehuacan.mx/?ruta=ajalpan
3,Base De La Ruta 3 Infonavit Centro,terminal,1,18.462301,-97.374772,https://mitehuacan.mx/?ruta=ajalpan
3,Ruta La Asuncion Tehuacan Azumbilla,terminal,8,18.463028,-97.390421,https://mitehuacan.mx/?ruta=ajalpan
3,Transportadora Turistica Yucunitza,terminal,10,18.462968,-97.390195,https://mitehuacan.mx/?ruta=ajalpan
3,Zinacatepec-Libram-Tehuacan Zt,terminal,11,18.462976,-97.390594,https://mitehuacan.mx/?ruta=ajalpan
3,Base Ruta 10 Verde,terminal,37,18.442888,-97.367985,https://mitehuacan.mx/?ruta=ajalpan
3,Autos Esperanza,tienda,0,18.462603,-97.381802,https://mitehuacan.mx/?ruta=ajalpan
3,Licoreria Monther Y Ropa Tipica Donaji,tienda,0,18.378965,-97.264032,https://mitehuacan.mx/?ruta=ajalpan
3,Pinturas Alvamex,tienda,0,18.462402,-97.377027,https://mitehuacan.mx/?ruta=ajalpan
3,Tienda De Articulos De Limpieza Mas Que Limpio,tienda,0,18.462306,-97.374895,https://mitehuacan.mx/?ruta=ajalpan
3,Bodega De Cristalerias Tenorio,tienda,1,18.464776,-97.387848,https://mitehuacan.mx/?ruta=ajalpan
3,Compra Venta De Empaques Para Regalos Packingmex,tienda,1,18.464835,-97.390085,https://mitehuacan.mx/?ruta=ajalpan
3,Compra Venta De Productos De Limpieza Eco Limpieza Tehuacan,tienda,1,18.46484,-97.390341,https://mitehuacan.mx/?ruta=ajalpan
3,Compra Venta De Suplementos Alimenticios Saya,tienda,1,18.464835,-97.390085,https://mitehuacan.mx/?ruta=ajalpan
3,Distribuidora De Pinturas Tlapalli Dimar,tienda,1,18.379394,-97.261449,https://mitehuacan.mx/?ruta=ajalpan
3,Gl Autopartes,tienda,1,18.377559,-97.276126,https://mitehuacan.mx/?ruta=ajalpan
3,Omega Nutricion,tienda,1,18.464835,-97.390085,https://mitehuacan.mx/?ruta=ajalpan
3,Optica Elvision,tienda,1,18.464835,-97.390085,https://mitehuacan.mx/?ruta=ajalpan
3,Optica Mendoza,tienda,1,18.464831,-97.389838,https://mitehuacan.mx/?ruta=ajalpan
3,Optica Sierra,tienda,1,18.379368,-97.261372,https://mitehuacan.mx/?ruta=ajalpan
3,Oxxo Suc 50Bkk El Molino Pbf,tienda,1,18.462329,-97.37541,https://mitehuacan.mx/?ruta=ajalpan
3,Pasa Tecnologia Impermeable,tienda,1,18.462592,-97.381385,https://mitehuacan.mx/?ruta=ajalpan
3,Productos De Limpiez A Granel,tienda,1,18.462619,-97.382399,https://mitehuacan.mx/?ruta=ajalpan
3,Productos De Limpieza Casa Limpia,tienda,1,18.464821,-97.389071,https://mitehuacan.mx/?ruta=ajalpan
3,Splahs Ingenieria En Bombeo Y Energia Renobables,tienda,1,18.464729,-97.385791,https://mitehuacan.mx/?ruta=ajalpan
3,Tienda De Lentes Suplementos Opticos,tienda,1,18.464838,-97.390227,https://mitehuacan.mx/?ruta=ajalpan
3,Chelas 911,tienda,2,18.440321,-97.36623,https://mitehuacan.mx/?ruta=ajalpan
3,Compra Venta De Copiadoras Sharp,tienda,2,18.464826,-97.389554,https://mitehuacan.mx/?ruta=ajalpan
3,Mijangos Opticos,tienda,2,18.379539,-97.261888,https://mitehuacan.mx/?ruta=ajalpan
3,Optica Reyes,tienda,2,18.464827,-97.389649,https://mitehuacan.mx/?ruta=ajalpan
3,Plasticos Lupita,tienda,2,18.464818,-97.389242,https://mitehuacan.mx/?ruta=ajalpan
3,Tiendas Tres B,tienda,2,18.464828,-97.389687,https://mitehuacan.mx/?ruta=ajalpan
3,Venta De Manteca Sin Nombre,tienda,2,18.378837,-97.256056,https://mitehuacan.mx/?ruta=ajalpan
3,Bodega De Steren Sin Nombre,tienda,3,18.462814,-97.389233,https://mitehuacan.mx/?ruta=ajalpan
3,Carniceria El Angel,tienda,3,18.378802,-97.263317,https://mitehuacan.mx/?ruta=ajalpan
3,Carniceria Los Carnales,tienda,3,18.421458,-97.336693,https://mitehuacan.mx/?ruta=ajalpan
3,Expendio De Pan Bimbo Independencia,tienda,3,18.462854,-97.390512,https://mitehuacan.mx/?ruta=ajalpan
3,Materiales Y Acabados Para La Construcion Maria Guadalupe,tienda,3,18.464663,-97.384522,https://mitehuacan.mx/?ruta=ajalpan
3,Refaccionaria Olgin,tienda,3,18.462688,-97.385006,https://mitehuacan.mx/?ruta=ajalpan
3,Tienda De Ropa Sin Nombre,tienda,3,18.379803,-97.262513,https://mitehuacan.mx/?ruta=ajalpan
3,Tienda Naturista Juquilita,tienda,3,18.462843,-97.390143,https://mitehuacan.mx/?ruta=ajalpan
3,Venta De Articulos Religiosos Isabelita,tienda,3,18.462845,-97.39018,https://mitehuacan.mx/?ruta=ajalpan
3,Venta De Hoja Para Tamales,tienda,3,18.375395,-97.297749,https://mitehuacan.mx/?ruta=ajalpan
3,Vestidos De Presentacion,tienda,3,18.462706,-97.385669,https://mitehuacan.mx/?ruta=ajalpan
3,724 Super 111 Altepexi,tienda,4,18.375416,-97.295702,https://mitehuacan.mx/?ruta=ajalpan
3,Bodega De La Comercial De Tehuacan,tienda,4,18.462727,-97.382059,https://mitehuacan.mx/?ruta=ajalpan
3,Carniceria Herrera,tienda,4,18.380057,-97.26316,https://mitehuacan.mx/?ruta=ajalpan
3,Carniceria Rosalino De Altepexi,tienda,4,18.375918,-97.290812,https://mitehuacan.mx/?ruta=ajalpan
3,Compra Venta De Maiz Sin Nombre,tienda,4,18.377923,-97.25621,https://mitehuacan.mx/?ruta=ajalpan
3,Discos Y Tornillos Distribuidores,tienda,4,18.462674,-97.380509,https://mitehuacan.mx/?ruta=ajalpan
3,Ecc Ajalpan,tienda,4,18.376217,-97.289115,https://mitehuacan.mx/?ruta=ajalpan
3,Gersa 271 Tehuacan I,tienda,4,18.462528,-97.377207,https://mitehuacan.mx/?ruta=ajalpan
3,Lubricantes Juquilita,tienda,4,18.443768,-97.368146,https://mitehuacan.mx/?ruta=ajalpan
3,Miscelanea Jairo,tienda,4,18.37555,-97.295149,https://mitehuacan.mx/?ruta=ajalpan
3,Oficina De Cobranza Coppel,tienda,4,18.377911,-97.259039,https://mitehuacan.mx/?ruta=ajalpan
3,Omnilife De Mexico,tienda,4,18.462718,-97.381723,https://mitehuacan.mx/?ruta=ajalpan
3,Oxxo Suc 509H0 Victoria Pbf,tienda,4,18.378951,-97.263929,https://mitehuacan.mx/?ruta=ajalpan
3,Pasteleria Mexicana,tienda,4,18.377914,-97.258884,https://mitehuacan.mx/?ruta=ajalpan
3,Pinturas Acuario,tienda,4,18.462753,-97.387394,https://mitehuacan.mx/?ruta=ajalpan
3,Pisos Y Azulejos Mega De Tehuacán,tienda,4,18.462756,-97.387486,https://mitehuacan.mx/?ruta=ajalpan
3,Pisos Y Azulejos Sin Nombre,tienda,4,18.462682,-97.38067,https://mitehuacan.mx/?ruta=ajalpan
3,Salchichoneria Carlex,tienda,4,18.377929,-97.256068,https://mitehuacan.mx/?ruta=ajalpan
3,Tienda De Ropa Americana M&M,tienda,4,18.378506,-97.262541,https://mitehuacan.mx/?ruta=ajalpan
3,Tienda De Ropa Bautizos Nandis,tienda,4,18.379231,-97.26097,https://mitehuacan.mx/?ruta=ajalpan
3,Tienda Naturista Centro Botanico Azteca,tienda,4,18.462803,-97.389317,https://mitehuacan.mx/?ruta=ajalpan
3,Trajes Y Vestidos Doña Guera,tienda,4,18.378632,-97.262907,https://mitehuacan.mx/?ruta=ajalpan
3,Venta De Gorras Y Ropa Interior Sin Nombre Novedades,tienda,4,18.462783,-97.388484,https://mitehuacan.mx/?ruta=ajalpan
3,Venta De Herbalife,tienda,4,18.377916,-97.259216,https://mitehuacan.mx/?ruta=ajalpan
3,Venta De Pan De Burro,tienda,4,18.375282,-97.296911,https://mitehuacan.mx/?ruta=ajalpan
3,Venta De Ropa Usada Sin Nombre,tienda,4,18.462784,-97.388494,https://mitehuacan.mx/?ruta=ajalpan
3,Oxxo,tienda,4,18.462292,-97.375522,https://mitehuacan.mx/?ruta=ajalpan
3,650105 Neto Rafael Avila Camacho,tienda,5,18.378079,-97.261147,https://mitehuacan.mx/?ruta=ajalpan
3,Carniceria Carlitos,tienda,5,18.375604,-97.294635,https://mitehuacan.mx/?ruta=ajalpan
3,Carniceria Concepcion,tienda,5,18.378374,-97.262452,https://mitehuacan.mx/?ruta=ajalpan
3,Comercializadora De Granos Y Semillas,tienda,5,18.446662,-97.369526,https://mitehuacan.mx/?ruta=ajalpan
3,Fitnner Center,tienda,5,18.378745,-97.256789,https://mitehuacan.mx/?ruta=ajalpan
3,Plasticos Miguel,tienda,5,18.3797,-97.26208,https://mitehuacan.mx/?ruta=ajalpan
3,Semillas Y Chiles Secos Doña Guera,tienda,5,18.37909,-97.25998,https://mitehuacan.mx/?ruta=ajalpan
3,Todo Limpieza,tienda,5,18.379,-97.259975,https://mitehuacan.mx/?ruta=ajalpan
3,Vinateria Y Venta De Ropa Sin Nombre,tienda,5,18.379058,-97.259829,https://mitehuacan.mx/?ruta=ajalpan
3,Carniceria Ely,tienda,6,18.441423,-97.36642,https://mitehuacan.mx/?ruta=ajalpan
3,Carniceria Herrera,tienda,6,18.378882,-97.258443,https://mitehuacan.mx/?ruta=ajalpan
3,Licoreria Y Cerveceria Don Beto,tienda,6,18.378831,-97.259146,https://mitehuacan.mx/?ruta=ajalpan
3,Lubricantes Y Servicios Piscis,tienda,6,18.441997,-97.366695,https://mitehuacan.mx/?ruta=ajalpan
3,Optica Mr,tienda,6,18.378882,-97.259399,https://mitehuacan.mx/?ruta=ajalpan
3,Oxxo Suc 50Gi2 Cuauhtemoc Norte Pbf,tienda,6,18.377924,-97.259481,https://mitehuacan.mx/?ruta=ajalpan
3,Pintura Alvamex,tienda,6,18.375643,-97.293306,https://mitehuacan.mx/?ruta=ajalpan
3,Tienda Y Novedades El Trebol,tienda,6,18.379295,-97.260836,https://mitehuacan.mx/?ruta=ajalpan
3,Venta De Suplementos Ismerely,tienda,6,18.380236,-97.263857,https://mitehuacan.mx/?ruta=ajalpan
3,Aparatos Ortopedicos Orthomott,tienda,7,18.462891,-97.388139,https://mitehuacan.mx/?ruta=ajalpan
3,Bolsas Y Desechables Lafeliz,tienda,7,18.462925,-97.389172,https://mitehuacan.mx/?ruta=ajalpan
3,Comercializadora Juarez Hermanos,tienda,7,18.378305,-97.261846,https://mitehuacan.mx/?ruta=ajalpan
3,Compra Y Venta De Pan Doña Chayo,tienda,7,18.379686,-97.263925,https://mitehuacan.mx/?ruta=ajalpan
3,Cremeria Y Salchichoneria Alice,tienda,7,18.378305,-97.261846,https://mitehuacan.mx/?ruta=ajalpan
3,Cremeria Y Salchichoneria La Costeñita,tienda,7,18.378305,-97.261846,https://mitehuacan.mx/?ruta=ajalpan
3,Distribuidora De Carnes Majuf,tienda,7,18.378853,-97.257003,https://mitehuacan.mx/?ruta=ajalpan
3,Intima Hogar,tienda,7,18.462888,-97.388018,https://mitehuacan.mx/?ruta=ajalpan
3,Novedades Mariana,tienda,7,18.378305,-97.261846,https://mitehuacan.mx/?ruta=ajalpan
3,Optica Optimex Van,tienda,7,18.46491,-97.389741,https://mitehuacan.mx/?ruta=ajalpan
3,Pasteleria La Artesanal,tienda,7,18.464898,-97.389266,https://mitehuacan.mx/?ruta=ajalpan
3,Pasteleria Puebla,tienda,7,18.37781,-97.259276,https://mitehuacan.mx/?ruta=ajalpan
3,Plasticos Angelica,tienda,7,18.378305,-97.261846,https://mitehuacan.mx/?ruta=ajalpan
3,Plasticos Sin Nombre,tienda,7,18.378305,-97.261846,https://mitehuacan.mx/?ruta=ajalpan
3,Tienda De Boneteria Sin Nombre,tienda,7,18.378305,-97.261846,https://mitehuacan.mx/?ruta=ajalpan
3,Tienda De Lenceriay Boleteriasin Nombre,tienda,7,18.378305,-97.261846,https://mitehuacan.mx/?ruta=ajalpan
3,Tienda De Plasticos Sin Nombre,tienda,7,18.378305,-97.261846,https://mitehuacan.mx/?ruta=ajalpan
3,Tienda De Plasticos Tehuacan,tienda,7,18.378305,-97.261846,https://mitehuacan.mx/?ruta=ajalpan
3,Tienda De Ropa Usada Americana Sin Nombre,tienda,7,18.377844,-97.260508,https://mitehuacan.mx/?ruta=ajalpan
3,Carniceria Carnes Selectas Bruno,tienda,8,18.464677,-97.386949,https://mitehuacan.mx/?ruta=ajalpan
3,Carniceria De La 7,tienda,8,18.464811,-97.386575,https://mitehuacan.mx/?ruta=ajalpan
3,Carniceria La Guadalupana,tienda,8,18.378675,-97.300467,https://mitehuacan.mx/?ruta=ajalpan
3,Carniceria Sin Nombre,tienda,8,18.421318,-97.336252,https://mitehuacan.mx/?ruta=ajalpan
3,Musical Armonia,tienda,8,18.378009,-97.256539,https://mitehuacan.mx/?ruta=ajalpan
3,Optica Opticentro,tienda,8,18.377806,-97.259144,https://mitehuacan.mx/?ruta=ajalpan
3,Optica Pura Vision,tienda,8,18.464913,-97.389912,https://mitehuacan.mx/?ruta=ajalpan
3,Pasteleria La Artesanal,tienda,8,18.462856,-97.390569,https://mitehuacan.mx/?ruta=ajalpan
3,Pinturas Dual Ajalpan,tienda,8,18.378039,-97.261466,https://mitehuacan.mx/?ruta=ajalpan
3,Prodetap Proveedor De Articulos Para Tapiceria,tienda,8,18.464923,-97.390424,https://mitehuacan.mx/?ruta=ajalpan
3,Tienda De Disfraces,tienda,8,18.462871,-97.38739,https://mitehuacan.mx/?ruta=ajalpan
3,Tienda Naturista Bienestar Y Vida,tienda,8,18.379569,-97.261716,https://mitehuacan.mx/?ruta=ajalpan
3,Tinta Comex,tienda,8,18.378836,-97.26474,https://mitehuacan.mx/?ruta=ajalpan
3,Venta De Marmoles Rocadura,tienda,8,18.378859,-97.256576,https://mitehuacan.mx/?ruta=ajalpan
3,Venta De Peliculas Sin Nombre,tienda,8,18.462543,-97.382591,https://mitehuacan.mx/?ruta=ajalpan
3,Vinateria Gemesa,tienda,8,18.378588,-97.255517,https://mitehuacan.mx/?ruta=ajalpan
3,724 Super 114 Ajalpan,tienda,9,18.378524,-97.262963,https://mitehuacan.mx/?ruta=ajalpan
3,Pasteleria La Cereza,tienda,9,18.378007,-97.261373,https://mitehuacan.mx/?ruta=ajalpan
3,Pasteleria Nacional,tienda,9,18.377981,-97.261297,https://mitehuacan.mx/?ruta=ajalpan
3,Pinturas Alvamex,tienda,9,18.377938,-97.261099,https://mitehuacan.mx/?ruta=ajalpan
3,Plasticos San Pedro,tienda,9,18.37956,-97.261688,https://mitehuacan.mx/?ruta=ajalpan
3,Productos Para Limpiemza,tienda,9,18.464797,-97.38539,https://mitehuacan.mx/?ruta=ajalpan
3,Tienda De Adornos Creaciones Magaly,tienda,9,18.377971,-97.261269,https://mitehuacan.mx/?ruta=ajalpan
3,Tienda De Imagenes Religiosas Casa Jose Y Maria,tienda,9,18.377988,-97.261317,https://mitehuacan.mx/?ruta=ajalpan
3,Tiendas Tres B,tienda,9,18.377978,-97.261289,https://mitehuacan.mx/?ruta=ajalpan
3,Bazar Georgina,tienda,10,18.464612,-97.382427,https://mitehuacan.mx/?ruta=ajalpan
3,Pañaleria La Purisima,tienda,10,18.379187,-97.26102,https://mitehuacan.mx/?ruta=ajalpan
3,Lenceria Y Corseteria Pasion Seduccion Fantasia Y Elegancia,tienda,11,18.462976,-97.390594,https://mitehuacan.mx/?ruta=ajalpan
3,Lubricantes San Pablo,tienda,11,18.4151,-97.332121,https://mitehuacan.mx/?ruta=ajalpan
3,Pinturas Y Tlapaleria,tienda,12,18.462731,-97.389319,https://mitehuacan.mx/?ruta=ajalpan
3,Tienda De Electronica Audio Gamer Plus,tienda,12,18.377915,-97.261169,https://mitehuacan.mx/?ruta=ajalpan
3,Bazar Sin Nombre,tienda,13,18.379159,-97.261023,https://mitehuacan.mx/?ruta=ajalpan
3,Pasteleria Deleite,tienda,13,18.377144,-97.299306,https://mitehuacan.mx/?ruta=ajalpan
3,Pinturas Dupont De Ajalpan,tienda,13,18.377906,-97.261169,https://mitehuacan.mx/?ruta=ajalpan
3,Venta De Papas Fritas La Inmaculada,tienda,13,18.462976,-97.390613,https://mitehuacan.mx/?ruta=ajalpan
3,Auto Servicio Jeherza,tienda,14,18.378008,-97.25894,https://mitehuacan.mx/?ruta=ajalpan
3,Panaderia Sin Nombre,tienda,14,18.379026,-97.300642,https://mitehuacan.mx/?ruta=ajalpan
3,Pinturas Berel De Tehuacan,tienda,14,18.464625,-97.387026,https://mitehuacan.mx/?ruta=ajalpan
3,Venta De Cazos,tienda,14,18.37697,-97.299169,https://mitehuacan.mx/?ruta=ajalpan
3,Bazar Sin Nombre,tienda,15,18.37693,-97.299136,https://mitehuacan.mx/?ruta=ajalpan
3,Babys Forever Ajalpan,tienda,16,18.379132,-97.261027,https://mitehuacan.mx/?ruta=ajalpan
3,Venta De Blancos La Morenita Del Tepeyac,tienda,16,18.378047,-97.2554,https://mitehuacan.mx/?ruta=ajalpan
3,Vneta De Peliculas,tienda,16,18.462712,-97.389878,https://mitehuacan.mx/?ruta=ajalpan
3,El Ricon Del Comic,tienda,17,18.462859,-97.390654,https://mitehuacan.mx/?ruta=ajalpan
3,Exotica Sex Shop,tienda,17,18.462859,-97.390654,https://mitehuacan.mx/?ruta=ajalpan
3,Sala De Exhibicion De Lentes Sin Nombre,tienda,17,18.462859,-97.390654,https://mitehuacan.mx/?ruta=ajalpan
3,Venta De Ropa Sin Nombre,tienda,18,18.378775,-97.264051,https://mitehuacan.mx/?ruta=ajalpan
3,Tienda De Impermeabilizantes Impertec,tienda,19,18.463043,-97.38944,https://mitehuacan.mx/?ruta=ajalpan
3,Vanhogar,tienda,20,18.462523,-97.384897,https://mitehuacan.mx/?ruta=ajalpan
3,La Zarza,tienda,21,18.463059,-97.389315,https://mitehuacan.mx/?ruta=ajalpan
3,Plaza Kristal,tienda,21,18.462691,-97.390518,https://mitehuacan.mx/?ruta=ajalpan
3,Centro De Reuniones De Productos Omnilife,tienda,22,18.4645,-97.384757,https://mitehuacan.mx/?ruta=ajalpan
3,Venta De Granos Sin Nombre,tienda,22,18.375646,-97.29581,https://mitehuacan.mx/?ruta=ajalpan
3,Oxxo Suc 50Nw5 Viñas Pbf,tienda,23,18.375878,-97.293523,https://mitehuacan.mx/?ruta=ajalpan
3,Plasticos Sin Nombre,tienda,24,18.375455,-97.293478,https://mitehuacan.mx/?ruta=ajalpan
3,Oxxo Suc 501Ck Saavedra Pbf,tienda,25,18.452357,-97.370661,https://mitehuacan.mx/?ruta=ajalpan
3,Tienda Flores Decoracionesy Regalos San Judas Tadeo,tienda,27,18.3778,-97.261268,https://mitehuacan.mx/?ruta=ajalpan
3,Venta De Productos De Limpieza Sin Nombre,tienda,27,18.37812,-97.259048,https://mitehuacan.mx/?ruta=ajalpan
3,Tienda De Ropa Dulisam,tienda,29,18.379132,-97.258979,https://mitehuacan.mx/?ruta=ajalpan
3,Tienda De Ropa Luci,tienda,29,18.379179,-97.261648,https://mitehuacan.mx/?ruta=ajalpan
3,Venta De Pañales Gely,tienda,29,18.378169,-97.25716,https://mitehuacan.mx/?ruta=ajalpan
3,Venta De Ropa Interior Sadda,tienda,30,18.465115,-97.389394,https://mitehuacan.mx/?ruta=ajalpan
3,Carniceria Villalba,tienda,33,18.377916,-97.300397,https://mitehuacan.mx/?ruta=ajalpan
3,Venta De Carne De Cerdo,tienda,33,18.379105,-97.25815,https://mitehuacan.mx/?ruta=ajalpan
3,Distribuidora De Carne De Cerdo Carniceria Magnolia,tienda,34,18.462967,-97.383154,https://mitehuacan.mx/?ruta=ajalpan
3,Tienda De Pinturas Grupo Carsan,tienda,34,18.37949,-97.264329,https://mitehuacan.mx/?ruta=ajalpan
3,Venta De Ropa Americana,tienda,34,18.463097,-97.387086,https://mitehuacan.mx/?ruta=ajalpan
3,Ropa Americana Las Vegas,tienda,37,18.442397,-97.36764,https://mitehuacan.mx/?ruta=ajalpan
3,Tienda De Chiles Y Semillas Sin Nombre,tienda,38,18.378985,-97.261244,https://mitehuacan.mx/?ruta=ajalpan
3,Optica Visual World,tienda,40,18.464931,-97.390879,https://mitehuacan.mx/?ruta=ajalpan
3,Tienda De Discos Y Peliculas Pacheco,tienda,40,18.379036,-97.261509,https://mitehuacan.mx/?ruta=ajalpan
3,Novedades Importadora Hyf,tienda,42,18.464678,-97.38213,https://mitehuacan.mx/?ruta=ajalpan
3,Bazar Sin Nombre,tienda,43,18.379208,-97.258258,https://mitehuacan.mx/?ruta=ajalpan
3,Carniceria San Francisco,tienda,43,18.377772,-97.300405,https://mitehuacan.mx/?ruta=ajalpan
3,Productos De Limpieza Prisma,tienda,43,18.379196,-97.258154,https://mitehuacan.mx/?ruta=ajalpan
3,Tienda De Tintas Computadoras Y Accesorios Tintas Hm,tienda,43,18.465228,-97.389266,https://mitehuacan.mx/?ruta=ajalpan
3,Centro Naturista El Coyote,tienda,45,18.379113,-97.261894,https://mitehuacan.mx/?ruta=ajalpan
3,Optica Maro,tienda,45,18.378661,-97.260131,https://mitehuacan.mx/?ruta=ajalpan
3,Pinta Comex De Tehuacan,tienda,45,18.46525,-97.389393,https://mitehuacan.mx/?ruta=ajalpan
3,Venta De Vestidos Novias Aranda,tienda,45,18.46251,-97.390668,https://mitehuacan.mx/?ruta=ajalpan
3,Carniceria Castellanos,tienda,46,18.378443,-97.25896,https://mitehuacan.mx/?ruta=ajalpan
3,Suplementos Alimenticios Sin Nombre,tienda,46,18.378299,-97.26013,https://mitehuacan.mx/?ruta=ajalpan
3,Cremeria Guadalupana,tienda,48,18.380498,-97.264291,https://mitehuacan.mx/?ruta=ajalpan
3,Jarcieria Puebla Y Plasticos Mop,tienda,48,18.465265,-97.389266,https://mitehuacan.mx/?ruta=ajalpan
3,Ipesa Pinturas,tienda,50,18.379334,-97.259074,https://mitehuacan.mx/?ruta=ajalpan
3,Tienda Naturista Juquilita,tienda,50,18.462387,-97.389328,https://mitehuacan.mx/?ruta=ajalpan
3,Carniceria Sin Nombre,tienda,51,18.374915,-97.296393,https://mitehuacan.mx/?ruta=ajalpan
3,Bazar Sin Nombre,tienda,52,18.46231,-97.387102,https://mitehuacan.mx/?ruta=ajalpan
3,Tienda De Ropa Americana Sin Nombre,tienda,52,18.379165,-97.262177,https://mitehuacan.mx/?ruta=ajalpan
3,Optica Optimagg,tienda,53,18.463346,-97.389303,https://mitehuacan.mx/?ruta=ajalpan
3,Bazar De Maquinaria Y Refacionaria Usada Sin Nombre,tienda,54,18.378067,-97.255039,https://mitehuacan.mx/?ruta=ajalpan
3,Opticalia,tienda,54,18.464933,-97.391012,https://mitehuacan.mx/?ruta=ajalpan
3,Centro Naturista Jenneli,tienda,57,18.379182,-97.262328,https://mitehuacan.mx/?ruta=ajalpan
3,Gruppo Medico Adrian Guzman,tienda,57,18.462324,-97.389329,https://mitehuacan.mx/?ruta=ajalpan
3,Libreria Luz Y Vida,tienda,58,18.462422,-97.390763,https://mitehuacan.mx/?ruta=ajalpan
3,Pasteleria Leo,tienda,60,18.462981,-97.391058,https://mitehuacan.mx/?ruta=ajalpan
3,Productos De Limpieza Sin Nombre,tienda,60,18.378308,-97.265254,https://mitehuacan.mx/?ruta=ajalpan
3,Panaderia Sin Nombre,tienda,61,18.440758,-97.366906,https://mitehuacan.mx/?ruta=ajalpan
3,Centro Naturista Los Aztecas,tienda,62,18.378591,-97.261091,https://mitehuacan.mx/?ruta=ajalpan
3,Pasteleria La Tradicional,tienda,62,18.46335,-97.387075,https://mitehuacan.mx/?ruta=ajalpan
3,Bodega Tienda Musical Yañez,tienda,63,18.462981,-97.391087,https://mitehuacan.mx/?ruta=ajalpan
3,Carniceria Sin Nombre,tienda,63,18.378018,-97.263029,https://mitehuacan.mx/?ruta=ajalpan
3,Cpmpra Venta De Canastas De Carrizo Sin Nombre,tienda,63,18.374863,-97.29593,https://mitehuacan.mx/?ruta=ajalpan
3,Venta De Ropa De Paca Sin Nombre,tienda,63,18.374862,-97.295911,https://mitehuacan.mx/?ruta=ajalpan
3,Elaboracion De Mezcal Mujer Valiente,tienda,64,18.375871,-97.29926,https://mitehuacan.mx/?ruta=ajalpan
3,Musical Yañez De Tehuacan,tienda,64,18.462981,-97.391096,https://mitehuacan.mx/?ruta=ajalpan
3,Bazar De Ropa Sin Nombre,tienda,65,18.465274,-97.384472,https://mitehuacan.mx/?ruta=ajalpan
3,Carnicos San Francisco,tienda,65,18.37834,-97.264052,https://mitehuacan.mx/?ruta=ajalpan
3,Chiles Secos Y Semillas Mendes,tienda,68,18.378645,-97.261085,https://mitehuacan.mx/?ruta=ajalpan
3,Pisos Y Azulejos Rocca,tienda,68,18.462163,-97.387028,https://mitehuacan.mx/?ruta=ajalpan
3,Venta De Botanas,tienda,70,18.374836,-97.295495,https://mitehuacan.mx/?ruta=ajalpan
3,Distribuidora Independiente De Cafe Gano Excel,tienda,72,18.464109,-97.387034,https://mitehuacan.mx/?ruta=ajalpan
3,Expendio Tehuacan,tienda,72,18.465489,-97.389265,https://mitehuacan.mx/?ruta=ajalpan
3,Plasticos Rosita,tienda,74,18.462174,-97.389459,https://mitehuacan.mx/?ruta=ajalpan
3,Venta Huevo Sin Nombre,tienda,75,18.379569,-97.259072,https://mitehuacan.mx/?ruta=ajalpan
3,Panificadora La Gloria,tienda,76,18.377264,-97.256303,https://mitehuacan.mx/?ruta=ajalpan
3,Pinturas Comex Sucursal Independencia,tienda,76,18.462983,-97.39121,https://mitehuacan.mx/?ruta=ajalpan
3,Tienda De Articulos Religiosos Y Ceras San Judas Tadeo,tienda,77,18.462232,-97.390762,https://mitehuacan.mx/?ruta=ajalpan
3,Carniceria Ramirez,tienda,78,18.442143,-97.367933,https://mitehuacan.mx/?ruta=ajalpan
3,Carniceria San Juan,tienda,80,18.377256,-97.255731,https://mitehuacan.mx/?ruta=ajalpan
3,Carniceria Sin Nombre,tienda,80,18.377239,-97.300437,https://mitehuacan.mx/?ruta=ajalpan
3,Tienda Naturista Sin Nombre,tienda,81,18.377856,-97.263063,https://mitehuacan.mx/?ruta=ajalpan
3,Venta De Ropa Sin Nombre,tienda,81,18.463522,-97.387066,https://mitehuacan.mx/?ruta=ajalpan
3,Venta De Maiz Sin Nombre,tienda,82,18.463415,-97.381535,https://mitehuacan.mx/?ruta=ajalpan
3,Carniceria El Monchis,tienda,83,18.441251,-97.367236,https://mitehuacan.mx/?ruta=ajalpan
3,Venta Renta Soporte Tecnico Sisco Tecnologia Corporativa,tienda,83,18.464856,-97.391299,https://mitehuacan.mx/?ruta=ajalpan
3,Compra-Venta De Articulos Usados De Remate,tienda,85,18.462075,-97.38946,https://mitehuacan.mx/?ruta=ajalpan
3,Gas Global Corporativo,tienda,85,18.463258,-97.377002,https://mitehuacan.mx/?ruta=ajalpan
3,Carniceria Villalba,tienda,87,18.380707,-97.264596,https://mitehuacan.mx/?ruta=ajalpan
3,Compra Venta De Accesorios Para Computacion Mr Web,tienda,87,18.464532,-97.391347,https://mitehuacan.mx/?ruta=ajalpan
3,Compra Venta De Lentes Sin Nombre,tienda,87,18.464296,-97.391349,https://mitehuacan.mx/?ruta=ajalpan
3,Copias Y Productos Ismerely,tienda,87,18.379632,-97.25861,https://mitehuacan.mx/?ruta=ajalpan
3,Papeleria Y Libreria Librolandia,tienda,87,18.46455,-97.391347,https://mitehuacan.mx/?ruta=ajalpan
3,Tienda De Venta De Uniformes Sin Nombre,tienda,87,18.463965,-97.387042,https://mitehuacan.mx/?ruta=ajalpan
3,Venta De Hoja De Tamal Sin Nombre,tienda,87,18.374721,-97.295119,https://mitehuacan.mx/?ruta=ajalpan
3,Compra Venta De Accesorios Para Celular Tecno City,tienda,88,18.464105,-97.391352,https://mitehuacan.mx/?ruta=ajalpan
3,Compra Venta De Equipos De Computo Y Mantenimiento Pineda Te,tienda,88,18.463952,-97.391355,https://mitehuacan.mx/?ruta=ajalpan
3,Terapias Complementarias Apapacholixtli,tienda,88,18.377086,-97.258391,https://mitehuacan.mx/?ruta=ajalpan
3,Cafe Gano Excel,tienda,89,18.463594,-97.387062,https://mitehuacan.mx/?ruta=ajalpan
3,Worldtek,tienda,89,18.463771,-97.391358,https://mitehuacan.mx/?ruta=ajalpan
3,Venta De Trastes Sin Nombre,tienda,90,18.377163,-97.255763,https://mitehuacan.mx/?ruta=ajalpan
3,Distribuidora Multimarcas Michelle,tienda,92,18.463319,-97.391369,https://mitehuacan.mx/?ruta=ajalpan
3,American Clothes Shop,tienda,94,18.46569,-97.389265,https://mitehuacan.mx/?ruta=ajalpan
3,Barnices Y Herrajes Salazar,tienda,96,18.465594,-97.385857,https://mitehuacan.mx/?ruta=ajalpan
3,Jarceria Y Producto De Limpieza La Escoba Magica,tienda,96,18.377175,-97.255231,https://mitehuacan.mx/?ruta=ajalpan
3,Optica Lentes Plus,tienda,97,18.464435,-97.391452,https://mitehuacan.mx/?ruta=ajalpan
3,Pasteleria Leo,tienda,97,18.464435,-97.391452,https://mitehuacan.mx/?ruta=ajalpan
3,Pasteleria Gabanny,tienda,98,18.462613,-97.391381,https://mitehuacan.mx/?ruta=ajalpan
3,Compra Venta De Computadoras Genius,tienda,99,18.464598,-97.39145,https://mitehuacan.mx/?ruta=ajalpan
3,Compra Venta De Computadoras Genius Ct,tienda,99,18.464019,-97.391458,https://mitehuacan.mx/?ruta=ajalpan
3,Compra Venta De Computadoras Y Accesorios Nestore,tienda,99,18.464689,-97.39145,https://mitehuacan.mx/?ruta=ajalpan
3,Plaza Compu Cell,tienda,99,18.464645,-97.39145,https://mitehuacan.mx/?ruta=ajalpan
3,Carniceria La Mejor,tienda,102,18.375603,-97.299498,https://mitehuacan.mx/?ruta=ajalpan
3,Cremeria Y Salchichoneria La Pastora,tienda,102,18.463916,-97.389412,https://mitehuacan.mx/?ruta=ajalpan
3,Blancos Izet,tienda,104,18.375803,-97.299692,https://mitehuacan.mx/?ruta=ajalpan
3,Tienda De De Colchas Concord,tienda,104,18.46373,-97.387055,https://mitehuacan.mx/?ruta=ajalpan
3,Mega Elecktra,tienda,105,18.464143,-97.391514,https://mitehuacan.mx/?ruta=ajalpan
3,Venta De Hoja Para Tamal Sin Nombre,tienda,106,18.374951,-97.29114,https://mitehuacan.mx/?ruta=ajalpan
3,Tienda De Ropa Americana,tienda,107,18.465799,-97.389265,https://mitehuacan.mx/?ruta=ajalpan
3,Chiles Y Semillas Mendez,tienda,108,18.380831,-97.264752,https://mitehuacan.mx/?ruta=ajalpan
3,Venta De Ropa Americana Clothes,tienda,108,18.46582,-97.389387,https://mitehuacan.mx/?ruta=ajalpan
3,Kodak Moments Camaras Y Fotos,tienda,109,18.464941,-97.391538,https://mitehuacan.mx/?ruta=ajalpan
3,La Casa Del Pintor,tienda,109,18.462617,-97.391491,https://mitehuacan.mx/?ruta=ajalpan
3,Coppel Tienda Departamental 3 Sur 125,tienda,110,18.462368,-97.391382,https://mitehuacan.mx/?ruta=ajalpan
3,Tienda De Granos Semillas Y Maiz Sin Nombre,tienda,111,18.377011,-97.261206,https://mitehuacan.mx/?ruta=ajalpan
3,Carniceria Santiago,tienda,113,18.379993,-97.265059,https://mitehuacan.mx/?ruta=ajalpan
3,Venta De Ropa Artesanal Buenos Dias Doña Soco,tienda,113,18.379673,-97.26695,https://mitehuacan.mx/?ruta=ajalpan
3,Bazar Sin Nombre,tienda,114,18.46588,-97.390619,https://mitehuacan.mx/?ruta=ajalpan
3,Panaderia Jose Gumaro Pastelin,tienda,114,18.465875,-97.389387,https://mitehuacan.mx/?ruta=ajalpan
3,Venta De Huevo Sin Nombre,tienda,114,18.381373,-97.264034,https://mitehuacan.mx/?ruta=ajalpan
3,Elaboracion De Artesanias De Carrizo,tienda,115,18.374262,-97.297012,https://mitehuacan.mx/?ruta=ajalpan
3,Colecturia Inmaculadala,tienda,116,18.46184,-97.390665,https://mitehuacan.mx/?ruta=ajalpan
3,Articulos Para El Hogar San Isidro,tienda,118,18.376969,-97.261302,https://mitehuacan.mx/?ruta=ajalpan
3,Bazar Sin Nombre,tienda,118,18.461536,-97.381914,https://mitehuacan.mx/?ruta=ajalpan
3,Panaderia Carvajal,tienda,118,18.376877,-97.256378,https://mitehuacan.mx/?ruta=ajalpan
3,Carniceria Doña Nina,tienda,119,18.380791,-97.261986,https://mitehuacan.mx/?ruta=ajalpan
3,Carniceria Y Polleria Maribel,tienda,119,18.461569,-97.383628,https://mitehuacan.mx/?ruta=ajalpan
3,Artesanias De Carrizo Sin Nombre,tienda,120,18.374215,-97.297375,https://mitehuacan.mx/?ruta=ajalpan
3,Lenceria Alis,tienda,121,18.465881,-97.390894,https://mitehuacan.mx/?ruta=ajalpan
3,Semillas Y Chiles Secos Sin Nombre,tienda,121,18.379824,-97.266275,https://mitehuacan.mx/?ruta=ajalpan
3,Vinos Y Licores Claudia,tienda,121,18.380713,-97.264949,https://mitehuacan.mx/?ruta=ajalpan
3,Comercio De Cortinas Sin Nombre,tienda,122,18.377459,-97.263062,https://mitehuacan.mx/?ruta=ajalpan
3,Tienda De Ropa Sin Nombre,tienda,122,18.465889,-97.387753,https://mitehuacan.mx/?ruta=ajalpan
3,Blancos Concord,tienda,123,18.465744,-97.382469,https://mitehuacan.mx/?ruta=ajalpan
3,Tienda De Plasticos Vero,tienda,123,18.377039,-97.26175,https://mitehuacan.mx/?ruta=ajalpan
3,Carniceria Sin Nombre,tienda,124,18.44349,-97.3694,https://mitehuacan.mx/?ruta=ajalpan
3,Venta De Manteca,tienda,124,18.463718,-97.379597,https://mitehuacan.mx/?ruta=ajalpan
3,Bazar De Ropa Sin Nombre,tienda,125,18.461496,-97.383063,https://mitehuacan.mx/?ruta=ajalpan
3,Abarrotes Y Chiles Secos El Trebol,tienda,126,18.461948,-97.391178,https://mitehuacan.mx/?ruta=ajalpan
3,Bodega Carniceria Victoria,tienda,126,18.461948,-97.391178,https://mitehuacan.mx/?ruta=ajalpan
3,Bodega De Carniceria La Azucena,tienda,126,18.461948,-97.391178,https://mitehuacan.mx/?ruta=ajalpan
3,Bodega De Carniceria La China Poblana,tienda,126,18.461948,-97.391178,https://mitehuacan.mx/?ruta=ajalpan
3,Bodega De Carniceria La Rosita,tienda,126,18.461948,-97.391178,https://mitehuacan.mx/?ruta=ajalpan
3,Bodega De Carniceria Maribel,tienda,126,18.461948,-97.391178,https://mitehuacan.mx/?ruta=ajalpan
3,Bodega De Carniceria Norma,tienda,126,18.461948,-97.391178,https://mitehuacan.mx/?ruta=ajalpan
3,Bodega De Carniceria Sin Nombre,tienda,126,18.461948,-97.391178,https://mitehuacan.mx/?ruta=ajalpan
3,Bodega De Carniceria Y Cremeria Sonia,tienda,126,18.461948,-97.391178,https://mitehuacan.mx/?ruta=ajalpan
3,Bodega De Cremeria Lupita,tienda,126,18.461948,-97.391178,https://mitehuacan.mx/?ruta=ajalpan
3,Bodega De Cremeria Y Salchichoneria Jennifer,tienda,126,18.461948,-97.391178,https://mitehuacan.mx/?ruta=ajalpan
3,Botanas Tipicas,tienda,126,18.461948,-97.391178,https://mitehuacan.mx/?ruta=ajalpan
3,Carniceria Andrea,tienda,126,18.461948,-97.391178,https://mitehuacan.mx/?ruta=ajalpan
3,Carniceria Blanca Estela,tienda,126,18.461948,-97.391178,https://mitehuacan.mx/?ruta=ajalpan
3,Carniceria Carmelita,tienda,126,18.461948,-97.391178,https://mitehuacan.mx/?ruta=ajalpan
3,Carniceria Chilacteca,tienda,126,18.461948,-97.391178,https://mitehuacan.mx/?ruta=ajalpan
3,Carniceria Dany,tienda,126,18.461948,-97.391178,https://mitehuacan.mx/?ruta=ajalpan
3,Carniceria Del Carmen,tienda,126,18.461948,-97.391178,https://mitehuacan.mx/?ruta=ajalpan
3,Carniceria El Torito Cebu,tienda,126,18.461948,-97.391178,https://mitehuacan.mx/?ruta=ajalpan
3,Carniceria Esmeralda,tienda,126,18.461948,-97.391178,https://mitehuacan.mx/?ruta=ajalpan
3,Carniceria Holanda,tienda,126,18.461948,-97.391178,https://mitehuacan.mx/?ruta=ajalpan
3,Carniceria La Azucena,tienda,126,18.461948,-97.391178,https://mitehuacan.mx/?ruta=ajalpan
3,Carniceria La Chileñita,tienda,126,18.461948,-97.391178,https://mitehuacan.mx/?ruta=ajalpan
3,Carniceria La China Poblana,tienda,126,18.461948,-97.391178,https://mitehuacan.mx/?ruta=ajalpan
3,Carniceria La Reina De Mexico,tienda,126,18.461948,-97.391178,https://mitehuacan.mx/?ruta=ajalpan
3,Carniceria La Rosita,tienda,126,18.461948,-97.391178,https://mitehuacan.mx/?ruta=ajalpan
3,Carniceria La Siempre Viva,tienda,126,18.461948,-97.391178,https://mitehuacan.mx/?ruta=ajalpan
3,Carniceria La Surtidora,tienda,126,18.461948,-97.391178,https://mitehuacan.mx/?ruta=ajalpan
3,Carniceria La Tehuacanera,tienda,126,18.461948,-97.391178,https://mitehuacan.mx/?ruta=ajalpan
3,Carniceria Lety,tienda,126,18.461948,-97.391178,https://mitehuacan.mx/?ruta=ajalpan
3,Carniceria Lupita,tienda,126,18.461948,-97.391178,https://mitehuacan.mx/?ruta=ajalpan
3,Carniceria Magnolia,tienda,126,18.461948,-97.391178,https://mitehuacan.mx/?ruta=ajalpan
3,Carniceria Maribel,tienda,126,18.461948,-97.391178,https://mitehuacan.mx/?ruta=ajalpan
3,Carniceria Monte Alban,tienda,126,18.461948,-97.391178,https://mitehuacan.mx/?ruta=ajalpan
3,Carniceria Norma,tienda,126,18.461948,-97.391178,https://mitehuacan.mx/?ruta=ajalpan
3,Carniceria Pavita,tienda,126,18.461948,-97.391178,https://mitehuacan.mx/?ruta=ajalpan
3,Carniceria Pavita 2,tienda,126,18.461948,-97.391178,https://mitehuacan.mx/?ruta=ajalpan
3,Carniceria Premium,tienda,126,18.461948,-97.391178,https://mitehuacan.mx/?ruta=ajalpan
3,Carniceria San Gabriel,tienda,126,18.461948,-97.391178,https://mitehuacan.mx/?ruta=ajalpan
3,Carniceria Santa Fe,tienda,126,18.461948,-97.391178,https://mitehuacan.mx/?ruta=ajalpan
3,Carniceria Sin Nombre,tienda,126,18.461948,-97.391178,https://mitehuacan.mx/?ruta=ajalpan
3,Carniceria Victoria,tienda,126,18.461948,-97.391178,https://mitehuacan.mx/?ruta=ajalpan
3,Carniceria Y Cremeria Juquilita,tienda,126,18.461948,-97.391178,https://mitehuacan.mx/?ruta=ajalpan
3,Carniceria Y Cremeria San Juditas,tienda,126,18.461948,-97.391178,https://mitehuacan.mx/?ruta=ajalpan
3,Chiles Secos Don Juan,tienda,126,18.461948,-97.391178,https://mitehuacan.mx/?ruta=ajalpan
3,Chiles Secos Sin Nombre,tienda,126,18.461948,-97.391178,https://mitehuacan.mx/?ruta=ajalpan
3,Cremeria Del Carmen,tienda,126,18.461948,-97.391178,https://mitehuacan.mx/?ruta=ajalpan
3,Cremeria Juquilita,tienda,126,18.461948,-97.391178,https://mitehuacan.mx/?ruta=ajalpan
3,Cremeria La Chileñita,tienda,126,18.461948,-97.391178,https://mitehuacan.mx/?ruta=ajalpan
3,Cremeria La Juchiteca,tienda,126,18.461948,-97.391178,https://mitehuacan.mx/?ruta=ajalpan
3,Cremeria Lupita,tienda,126,18.461948,-97.391178,https://mitehuacan.mx/?ruta=ajalpan
3,Cremeria Sin Nombre,tienda,126,18.461948,-97.391178,https://mitehuacan.mx/?ruta=ajalpan
3,Cremeria Y Carniceria San Juditas,tienda,126,18.461948,-97.391178,https://mitehuacan.mx/?ruta=ajalpan
3,Cremeria Y Carniceria Sonia,tienda,126,18.461948,-97.391178,https://mitehuacan.mx/?ruta=ajalpan
3,Cremeria Y Salchichoneria Jennifer,tienda,126,18.461948,-97.391178,https://mitehuacan.mx/?ruta=ajalpan
3,Expendio De Bisceras De Res Sin Nombre,tienda,126,18.461948,-97.391178,https://mitehuacan.mx/?ruta=ajalpan
3,Expendio De Pan Petrita 1,tienda,126,18.461948,-97.391178,https://mitehuacan.mx/?ruta=ajalpan
3,Expendio De Pan Petrita 2,tienda,126,18.461948,-97.391178,https://mitehuacan.mx/?ruta=ajalpan
3,Expendio De Viceras Monte Alban,tienda,126,18.461948,-97.391178,https://mitehuacan.mx/?ruta=ajalpan
3,Expendio De Visceras De Res Y Carniceria El Torito,tienda,126,18.461948,-97.391178,https://mitehuacan.mx/?ruta=ajalpan
3,Panaderia Guti Pan,tienda,126,18.461948,-97.391178,https://mitehuacan.mx/?ruta=ajalpan
3,Plasticos Lupita,tienda,126,18.461948,-97.391178,https://mitehuacan.mx/?ruta=ajalpan
3,Plaza Granel,tienda,126,18.461948,-97.391178,https://mitehuacan.mx/?ruta=ajalpan
3,Queseria Rombitos,tienda,126,18.461948,-97.391178,https://mitehuacan.mx/?ruta=ajalpan
3,Surtidora De Carne,tienda,126,18.461948,-97.391178,https://mitehuacan.mx/?ruta=ajalpan
3,Tienda De Sombreros Sin Nombre,tienda,126,18.461948,-97.391178,https://mitehuacan.mx/?ruta=ajalpan
3,Tocineria Chabelita,tienda,126,18.461948,-97.391178,https://mitehuacan.mx/?ruta=ajalpan
3,Venta De Chicharron,tienda,126,18.461948,-97.391178,https://mitehuacan.mx/?ruta=ajalpan
3,Venta De Chiles Secos,tienda,126,18.461948,-97.391178,https://mitehuacan.mx/?ruta=ajalpan
3,Venta De Chiles Secos Gilber,tienda,126,18.461948,-97.391178,https://mitehuacan.mx/?ruta=ajalpan
3,Venta De Chiles Secos Y Carne De Matanza La Coapeñita,tienda,126,18.461948,-97.391178,https://mitehuacan.mx/?ruta=ajalpan
3,Venta De Chiles Y Condimentos Sin Nombre,tienda,126,18.461948,-97.391178,https://mitehuacan.mx/?ruta=ajalpan
3,Venta De Plantas Medicinales Doña Celia,tienda,126,18.461948,-97.391178,https://mitehuacan.mx/?ruta=ajalpan
3,Venta De Semillas Y Condimentos,tienda,126,18.461948,-97.391178,https://mitehuacan.mx/?ruta=ajalpan
3,Venta De Libros Sin Nombre,tienda,127,18.465954,-97.388415,https://mitehuacan.mx/?ruta=ajalpan
3,Venta De Valadoras E Imagenes San Francisco De Asis,tienda,127,18.46174,-97.390664,https://mitehuacan.mx/?ruta=ajalpan
3,Carniceria Angel,tienda,128,18.465865,-97.385136,https://mitehuacan.mx/?ruta=ajalpan
3,Expendio De Tortillas Sin Nombre,tienda,128,18.374408,-97.29849,https://mitehuacan.mx/?ruta=ajalpan
3,Productos De Limpieza Supreme,tienda,129,18.461613,-97.387108,https://mitehuacan.mx/?ruta=ajalpan
3,Venta De Ropa Interior Mi Mosa Store Th,tienda,129,18.466002,-97.389386,https://mitehuacan.mx/?ruta=ajalpan
3,Productos De Limpieza Clean Magic,tienda,131,18.465845,-97.383837,https://mitehuacan.mx/?ruta=ajalpan
3,Venta De Carrizo Sin Nombre,tienda,131,18.374486,-97.293461,https://mitehuacan.mx/?ruta=ajalpan
3,Venta De Canastas De Carrizo Sin Nombre,tienda,133,18.377131,-97.262363,https://mitehuacan.mx/?ruta=ajalpan
3,Venta De Maiz Por Bulto,tienda,135,18.424482,-97.339861,https://mitehuacan.mx/?ruta=ajalpan
3,Adornos Y Novedades Dulce,tienda,138,18.461653,-97.390759,https://mitehuacan.mx/?ruta=ajalpan
3,Bodega De Plasticos Lupita Sin Nombre,tienda,139,18.461573,-97.388857,https://mitehuacan.mx/?ruta=ajalpan
3,Bodega De Plasticos Lupita Sin Nombre,tienda,139,18.461572,-97.388819,https://mitehuacan.mx/?ruta=ajalpan
3,Panaderia Y Cafeteria Xocolatl,tienda,139,18.380372,-97.260146,https://mitehuacan.mx/?ruta=ajalpan
3,Carniceria Julieta,tienda,141,18.465794,-97.381979,https://mitehuacan.mx/?ruta=ajalpan
3,Hojas De Tamal Sin Nombre,tienda,141,18.374465,-97.292729,https://mitehuacan.mx/?ruta=ajalpan
3,Bazar De Ropa Sin Nombre,tienda,142,18.461256,-97.380139,https://mitehuacan.mx/?ruta=ajalpan
3,Venta De Ropa Interior Para Dama Dulce Secreto,tienda,142,18.461576,-97.389853,https://mitehuacan.mx/?ruta=ajalpan
3,Venta De Hierbas Y Plantas Curativas,tienda,143,18.461586,-97.390612,https://mitehuacan.mx/?ruta=ajalpan
3,Venta De Plantas Medicinales Sin Nombre,tienda,143,18.461583,-97.390365,https://mitehuacan.mx/?ruta=ajalpan
3,Venta De Veladoras San Juditas,tienda,143,18.461584,-97.390508,https://mitehuacan.mx/?ruta=ajalpan
3,Venta De Veladoras San Juditas Tadeo,tienda,144,18.461586,-97.390631,https://mitehuacan.mx/?ruta=ajalpan
3,Cremeria-Leche Y Miel Sin Nombre,tienda,146,18.375493,-97.299938,https://mitehuacan.mx/?ruta=ajalpan
3,Plasticos Sin Nombre,tienda,147,18.381138,-97.264987,https://mitehuacan.mx/?ruta=ajalpan
3,Gersa,tiles,41,18.462862,-97.377129,https://mitehuacan.mx/?ruta=ajalpan
3,Tintorería Tehuacán,tintorería,1,18.464826,-97.389153,https://mitehuacan.mx/?ruta=ajalpan
3,BarberShop,tintorería,55,18.464847,-97.391034,https://mitehuacan.mx/?ruta=ajalpan
3,Elaboracion De Tortillas De Mano Sin Nombre,tortillería,1,18.378395,-97.30037,https://mitehuacan.mx/?ruta=ajalpan
3,Elaboracion De Tortillas Sin Nombre,tortillería,1,18.375394,-97.296377,https://mitehuacan.mx/?ruta=ajalpan
3,Tortillas A Mano Sin Nombre,tortillería,1,18.419779,-97.334207,https://mitehuacan.mx/?ruta=ajalpan
3,Elaboracion De Tortillas De Maiz Hechas A Mano Sin Nombre,tortillería,2,18.378762,-97.263234,https://mitehuacan.mx/?ruta=ajalpan
3,Tortilleria Nealtican,tortillería,2,18.442564,-97.367297,https://mitehuacan.mx/?ruta=ajalpan
3,Tortilleria San Pablo,tortillería,2,18.423087,-97.339873,https://mitehuacan.mx/?ruta=ajalpan
3,Venta De Tortillas Sin Nombre,tortillería,2,18.37717,-97.280463,https://mitehuacan.mx/?ruta=ajalpan
3,Elaboracion De Tortillas Sin Nombre,tortillería,5,18.375555,-97.29511,https://mitehuacan.mx/?ruta=ajalpan
3,Elaboracion De Tortillas Sin Nombre,tortillería,5,18.375573,-97.294967,https://mitehuacan.mx/?ruta=ajalpan
3,Molino De Nixtamal Sin Nombre,tortillería,5,18.37556,-97.295072,https://mitehuacan.mx/?ruta=ajalpan
3,Tortillas De Maiz Hechas A Mano Sin Nombre,tortillería,5,18.378927,-97.259617,https://mitehuacan.mx/?ruta=ajalpan
3,Venta De Tortillas Sin Nombre,tortillería,5,18.378744,-97.256836,https://mitehuacan.mx/?ruta=ajalpan
3,Venta De Tortillas Sin Nombre,tortillería,5,18.380224,-97.263354,https://mitehuacan.mx/?ruta=ajalpan
3,Tortillas A Mano Sin Nombre,tortillería,6,18.419751,-97.33407,https://mitehuacan.mx/?ruta=ajalpan
3,Tortillas Mimi,tortillería,6,18.421213,-97.336095,https://mitehuacan.mx/?ruta=ajalpan
3,Tortilleria Y Rosticeria El Mercadito,tortillería,6,18.378518,-97.262521,https://mitehuacan.mx/?ruta=ajalpan
3,Venta De Tortillas Sin Nombre,tortillería,6,18.464718,-97.383808,https://mitehuacan.mx/?ruta=ajalpan
3,Elaboracion De Tortillas Hechas A Mano Sin Nombre,tortillería,7,18.378305,-97.261846,https://mitehuacan.mx/?ruta=ajalpan
3,Elaboracion Y Venta De Tortillas De Harina La Abuela,tortillería,7,18.46289,-97.388101,https://mitehuacan.mx/?ruta=ajalpan
3,Tortilleria Doña Tina,tortillería,7,18.379631,-97.262198,https://mitehuacan.mx/?ruta=ajalpan
3,Elaboracion Y Venta De Tortillas Hechas A Mano Sin Nombre,tortillería,8,18.37847,-97.255511,https://mitehuacan.mx/?ruta=ajalpan
3,Antojitos Ebenezer,tortillería,9,18.423035,-97.339554,https://mitehuacan.mx/?ruta=ajalpan
3,Tortillas Hechas A Mano Sin Nombre,tortillería,9,18.464802,-97.385845,https://mitehuacan.mx/?ruta=ajalpan
3,Elaboracion De Tortillas,tortillería,10,18.462823,-97.385637,https://mitehuacan.mx/?ruta=ajalpan
3,Elaboracion De Tortillas Sin Nombre,tortillería,10,18.378296,-97.269586,https://mitehuacan.mx/?ruta=ajalpan
3,Tortillas De Harina Trigo Ideal,tortillería,10,18.46281,-97.385182,https://mitehuacan.mx/?ruta=ajalpan
3,Venta De Tortillas Sin Nombre,tortillería,10,18.464791,-97.384906,https://mitehuacan.mx/?ruta=ajalpan
3,Tortillas Hechas A Mano Sin Nombre,tortillería,14,18.378008,-97.25894,https://mitehuacan.mx/?ruta=ajalpan
3,Elaboracion Y Venta De Tortillas Sin Nombre,tortillería,15,18.462284,-97.377454,https://mitehuacan.mx/?ruta=ajalpan
3,Elaboracion De Tortillas De Maiz Hechas A Mano Sin Nombre,tortillería,19,18.37905,-97.264986,https://mitehuacan.mx/?ruta=ajalpan
3,Elaboracion De Tortillas De Mano Sin Nombre,tortillería,19,18.377105,-97.299643,https://mitehuacan.mx/?ruta=ajalpan
3,Tortillas Hechas A Mano Sin Nombre,tortillería,24,18.440692,-97.366529,https://mitehuacan.mx/?ruta=ajalpan
3,Venta De Torillas Sin Nombre,tortillería,37,18.375045,-97.296407,https://mitehuacan.mx/?ruta=ajalpan
3,Molino De Nixtamal Guadalupano,tortillería,40,18.440694,-97.36669,https://mitehuacan.mx/?ruta=ajalpan
3,Tortillas Hechas A Mano,tortillería,44,18.442898,-97.367071,https://mitehuacan.mx/?ruta=ajalpan
3,Tortilleria San Diego,tortillería,45,18.442874,-97.368068,https://mitehuacan.mx/?ruta=ajalpan
3,Venta De Tortillas Sin Nombre,tortillería,46,18.374924,-97.296658,https://mitehuacan.mx/?ruta=ajalpan
3,Tortillas De Mano Sin Nombre,tortillería,47,18.375247,-97.293481,https://mitehuacan.mx/?ruta=ajalpan
3,Elaboracion De Tortillas De Maiz Sin Nombre,tortillería,51,18.448155,-97.369773,https://mitehuacan.mx/?ruta=ajalpan
3,Elaboracion De Tortillas De Maiz Sin Nombre,tortillería,53,18.374908,-97.296326,https://mitehuacan.mx/?ruta=ajalpan
3,Tortilleria De Mano Sin Nombre,tortillería,53,18.463153,-97.381561,https://mitehuacan.mx/?ruta=ajalpan
3,Tortillas De Mano Doña Leti,tortillería,55,18.462248,-97.385961,https://mitehuacan.mx/?ruta=ajalpan
3,Tortillas A Mano Sin Nombre,tortillería,61,18.377733,-97.280285,https://mitehuacan.mx/?ruta=ajalpan
3,Venta De Tortillas Sin Nombre,tortillería,61,18.463756,-97.383171,https://mitehuacan.mx/?ruta=ajalpan
3,Venta De Tortillas Sin Nombre,tortillería,62,18.374864,-97.296013,https://mitehuacan.mx/?ruta=ajalpan
3,Tortilleria Sin Nombre,tortillería,64,18.377004,-97.275935,https://mitehuacan.mx/?ruta=ajalpan
3,Venta De Tortillas De Maiz Sin Nombre,tortillería,65,18.374856,-97.295816,https://mitehuacan.mx/?ruta=ajalpan
3,Venta De Tortillas Sin Nombre,tortillería,65,18.46523,-97.382927,https://mitehuacan.mx/?ruta=ajalpan
3,Venta De Tortillas Sin Nombre,tortillería,65,18.465273,-97.384435,https://mitehuacan.mx/?ruta=ajalpan
3,Elaboracion Y Venta De Tortillas Hechas A Mano,tortillería,69,18.377964,-97.26304,https://mitehuacan.mx/?ruta=ajalpan
3,Venta De Tortillas De Mano Doña Vero,tortillería,69,18.465211,-97.382283,https://mitehuacan.mx/?ruta=ajalpan
3,Elaboracion De Tortillas Hechas A Mano Sin Nombre,tortillería,73,18.465317,-97.383769,https://mitehuacan.mx/?ruta=ajalpan
3,Elaboracion De Tortillas Sin Nombre,tortillería,78,18.378912,-97.254874,https://mitehuacan.mx/?ruta=ajalpan
3,Elaboracion De Tortillas A Mano Sin Nombre,tortillería,79,18.440653,-97.367053,https://mitehuacan.mx/?ruta=ajalpan
3,Tortillas Helem,tortillería,80,18.442334,-97.368083,https://mitehuacan.mx/?ruta=ajalpan
3,Tortillas Hechas A Mano Sin Nombre,tortillería,82,18.441382,-97.367285,https://mitehuacan.mx/?ruta=ajalpan
3,Elaboracion De Tortillas Hechas A Mano Sin Nombre,tortillería,85,18.380695,-97.26458,https://mitehuacan.mx/?ruta=ajalpan
3,Elaboracion De Tortillas Sin Nombre,tortillería,87,18.379632,-97.258607,https://mitehuacan.mx/?ruta=ajalpan
3,Elaboracion Y Venta De Tortillas De Mano Juquilita,tortillería,88,18.461982,-97.387029,https://mitehuacan.mx/?ruta=ajalpan
3,Elaboracion De Tortillas De Maiz Sin Nombre,tortillería,89,18.374604,-97.296117,https://mitehuacan.mx/?ruta=ajalpan
3,Elaboracion De Tortillas Hechas A Mano,tortillería,89,18.377148,-97.256228,https://mitehuacan.mx/?ruta=ajalpan
3,Elaboracion De Tortillas Hechas A Mano Sin Nombre,tortillería,89,18.377152,-97.256095,https://mitehuacan.mx/?ruta=ajalpan
3,Elaboracion De Tortillas Sin Nombre,tortillería,89,18.377153,-97.256047,https://mitehuacan.mx/?ruta=ajalpan
3,Molino El Tamarindo,tortillería,90,18.377163,-97.255763,https://mitehuacan.mx/?ruta=ajalpan
3,Venta De Tortillas Hechas A Mano Sin Nombre,tortillería,90,18.379744,-97.255724,https://mitehuacan.mx/?ruta=ajalpan
3,Molino De Nixtamal Sin Nombre,tortillería,91,18.377981,-97.28046,https://mitehuacan.mx/?ruta=ajalpan
3,Tortilleria Tehuacan,tortillería,92,18.462011,-97.38946,https://mitehuacan.mx/?ruta=ajalpan
3,Venta De Tortillas Sin Nombre,tortillería,92,18.374578,-97.296128,https://mitehuacan.mx/?ruta=ajalpan
3,Elaboracion E Tortillas Sin Nombre,tortillería,96,18.377175,-97.255231,https://mitehuacan.mx/?ruta=ajalpan
3,Elaboracion De Tortillas,tortillería,97,18.376972,-97.273644,https://mitehuacan.mx/?ruta=ajalpan
3,Molino De Nixtamal Sin Nombre,tortillería,98,18.378616,-97.254666,https://mitehuacan.mx/?ruta=ajalpan
3,Rosticeria El Gallo,tortillería,98,18.461753,-97.383485,https://mitehuacan.mx/?ruta=ajalpan
3,Antojitos Dani,tortillería,99,18.465648,-97.387017,https://mitehuacan.mx/?ruta=ajalpan
3,Elaboracion De Tortillas De Mano Sin Nombre,tortillería,100,18.37695,-97.300454,https://mitehuacan.mx/?ruta=ajalpan
3,Elaboracion De Tortillas Sin Nombre,tortillería,103,18.375544,-97.299453,https://mitehuacan.mx/?ruta=ajalpan
3,Elaboracion De Tortillas Sin Nombre,tortillería,105,18.374452,-97.296178,https://mitehuacan.mx/?ruta=ajalpan
3,Venta De Tortillas A Mano,tortillería,106,18.461656,-97.382613,https://mitehuacan.mx/?ruta=ajalpan
3,Elaboracion De Tortillas Sin Nombre,tortillería,111,18.378159,-97.254508,https://mitehuacan.mx/?ruta=ajalpan
3,Elaboracion De Tortilla Hechas A Mano Sin Nombre,tortillería,112,18.381355,-97.264033,https://mitehuacan.mx/?ruta=ajalpan
3,Elaboracion De Tortillas Hechas A Mano Sin Nombre,tortillería,112,18.378121,-97.254494,https://mitehuacan.mx/?ruta=ajalpan
3,Elaboracion De Tortillas De Mano Sin Nombre,tortillería,114,18.376603,-97.300376,https://mitehuacan.mx/?ruta=ajalpan
3,Molinos Monte Cristo,tortillería,116,18.374382,-97.295912,https://mitehuacan.mx/?ruta=ajalpan
3,Tortilleria Lucy,tortillería,117,18.461541,-97.38217,https://mitehuacan.mx/?ruta=ajalpan
3,Elaboracion De Tortillas A Mano Sin Nombre,tortillería,118,18.440693,-97.367449,https://mitehuacan.mx/?ruta=ajalpan
3,Elaboracion Y Venta De Tortillas Sin Nombre,tortillería,118,18.461298,-97.376306,https://mitehuacan.mx/?ruta=ajalpan
3,Tortillas Sin Nombre,tortillería,120,18.44278,-97.368858,https://mitehuacan.mx/?ruta=ajalpan
3,Venta De Tortillas,tortillería,122,18.374194,-97.297429,https://mitehuacan.mx/?ruta=ajalpan
3,Elaboracion De Tortillas Sin Nombre,tortillería,124,18.377732,-97.265128,https://mitehuacan.mx/?ruta=ajalpan
3,Elaboracion Y Venta De Tortillas De Mano Sin Nombre,tortillería,124,18.461477,-97.382134,https://mitehuacan.mx/?ruta=ajalpan
3,Tortillas A Mano Sin Nombre,tortillería,124,18.44349,-97.3694,https://mitehuacan.mx/?ruta=ajalpan
3,Molino De Nixtamal Diaz,tortillería,125,18.465888,-97.387089,https://mitehuacan.mx/?ruta=ajalpan
3,Tortilleria Dulce,tortillería,125,18.461503,-97.383357,https://mitehuacan.mx/?ruta=ajalpan
3,Venta De Tortillas Sin Nombre,tortillería,125,18.377282,-97.25463,https://mitehuacan.mx/?ruta=ajalpan
3,Elaboracion Y Venta De Tortillas,tortillería,126,18.461252,-97.37688,https://mitehuacan.mx/?ruta=ajalpan
3,Elaboracion Y Venta De Tortillas Sin Nombre,tortillería,126,18.465962,-97.390759,https://mitehuacan.mx/?ruta=ajalpan
3,Elaboracion De Tortillas Sin Nombre,tortillería,128,18.465864,-97.384975,https://mitehuacan.mx/?ruta=ajalpan
3,Venta De Tortillas Sin Nombre,tortillería,131,18.465819,-97.382775,https://mitehuacan.mx/?ruta=ajalpan
3,Tortillas A Mano Sin Nombre,tortillería,134,18.374507,-97.292992,https://mitehuacan.mx/?ruta=ajalpan
3,Elaboracion De Tortillas Sin Nombre,tortillería,138,18.465902,-97.383588,https://mitehuacan.mx/?ruta=ajalpan
3,Tortillas A Mano Sin Nombre,tortillería,141,18.461451,-97.385322,https://mitehuacan.mx/?ruta=ajalpan
3,Venta De Tortillas Sin Nombre,tortillería,141,18.374395,-97.293464,https://mitehuacan.mx/?ruta=ajalpan
3,Venta De Tortillas Sin Nombre,tortillería,141,18.461551,-97.388791,https://mitehuacan.mx/?ruta=ajalpan
3,Tortilleria Panchita,tortillería,142,18.461579,-97.390119,https://mitehuacan.mx/?ruta=ajalpan
3,Venta De Tortillas A Mano Sin Nombre,tortillería,143,18.439676,-97.367438,https://mitehuacan.mx/?ruta=ajalpan
3,Elaboracion De Tortillas Sin Nombre,tortillería,148,18.378949,-97.254214,https://mitehuacan.mx/?ruta=ajalpan
3,Elaboracion De Tortillas De Maiz,tortillería,149,18.374629,-97.299187,https://mitehuacan.mx/?ruta=ajalpan
3,Transportes Jojoma,transporte,4,18.462559,-97.377919,https://mitehuacan.mx/?ruta=ajalpan
3,Puertas Automaticas Franco,vidriería,1,18.462609,-97.382029,https://mitehuacan.mx/?ruta=ajalpan
3,Vidreria Mendoza,vidriería,1,18.464815,-97.388843,https://mitehuacan.mx/?ruta=ajalpan
3,Vidrios Y Aluminios,vidriería,3,18.375269,-97.297092,https://mitehuacan.mx/?ruta=ajalpan
3,Vidrios Y Aluminios Sin Nombre,vidriería,3,18.37996,-97.264014,https://mitehuacan.mx/?ruta=ajalpan
3,Vidrieria Tecnoalum,vidriería,5,18.380369,-97.263745,https://mitehuacan.mx/?ruta=ajalpan
3,Vidrios Y Aluminios Juquilita,vidriería,6,18.378943,-97.264889,https://mitehuacan.mx/?ruta=ajalpan
3,Vidrios Independencia,vidriería,9,18.462838,-97.386196,https://mitehuacan.mx/?ruta=ajalpan
3,Vidrios Y Aluminios Euroalum De Tehuacan,vidriería,10,18.440618,-97.366181,https://mitehuacan.mx/?ruta=ajalpan
3,Vidrios Y Aluminios San Ginez,vidriería,26,18.464681,-97.382282,https://mitehuacan.mx/?ruta=ajalpan
3,Aluminios Aluvid,vidriería,29,18.464848,-97.390787,https://mitehuacan.mx/?ruta=ajalpan
3,Vidrios Y Aluminios Arquitectonicos De Mexico,vidriería,85,18.46407,-97.389286,https://mitehuacan.mx/?ruta=ajalpan
3,Bodega De Vidrios Y Aluminios Mexico,vidriería,108,18.461629,-97.382034,https://mitehuacan.mx/?ruta=ajalpan
3,Vidrios Y Aluminio De Jesus,vidriería,131,18.465853,-97.384111,https://mitehuacan.mx/?ruta=ajalpan
3,Vidrios Y Aluminios Balderas,vidriería,143,18.37617,-97.300403,https://mitehuacan.mx/?ruta=ajalpan
3,Floreria Karol Z,vivero,2,18.378948,-97.264433,https://mitehuacan.mx/?ruta=ajalpan
3,Floreria A&D,vivero,4,18.443783,-97.368245,https://mitehuacan.mx/?ruta=ajalpan
3,Floreria Del Carmen,vivero,4,18.378767,-97.257736,https://mitehuacan.mx/?ruta=ajalpan
3,Floreria Emmanuel,vivero,4,18.462775,-97.388181,https://mitehuacan.mx/?ruta=ajalpan
3,Floreria Jade,vivero,4,18.462789,-97.388702,https://mitehuacan.mx/?ruta=ajalpan
3,Floreria Lupita,vivero,4,18.375909,-97.290897,https://mitehuacan.mx/?ruta=ajalpan
3,Floreria Magnolia,vivero,4,18.375894,-97.29103,https://mitehuacan.mx/?ruta=ajalpan
3,Floreria Y Decoraciones El Globo,vivero,4,18.377918,-97.258701,https://mitehuacan.mx/?ruta=ajalpan
3,Floreria El Paraiso,vivero,5,18.377824,-97.260017,https://mitehuacan.mx/?ruta=ajalpan
3,Floreria Guadalupe,vivero,5,18.42054,-97.335179,https://mitehuacan.mx/?ruta=ajalpan
3,Floreria Orquidea,vivero,5,18.377935,-97.257689,https://mitehuacan.mx/?ruta=ajalpan
3,Floreria San Juan,vivero,5,18.377823,-97.259722,https://mitehuacan.mx/?ruta=ajalpan
3,Floreria Casa Blanca,vivero,6,18.377929,-97.259623,https://mitehuacan.mx/?ruta=ajalpan
3,Floreria Iris,vivero,6,18.377927,-97.259566,https://mitehuacan.mx/?ruta=ajalpan
3,Flores Juanita,vivero,7,18.378736,-97.257149,https://mitehuacan.mx/?ruta=ajalpan
3,Venta De Plantas Sin Nombre,vivero,7,18.377815,-97.259447,https://mitehuacan.mx/?ruta=ajalpan
3,San Judas Floreria,vivero,8,18.441546,-97.366594,https://mitehuacan.mx/?ruta=ajalpan
3,Floreria V&J,vivero,9,18.464799,-97.38558,https://mitehuacan.mx/?ruta=ajalpan
3,Vivero El Paraiso,vivero,14,18.377021,-97.29921,https://mitehuacan.mx/?ruta=ajalpan
3,Floreria Rosy,vivero,46,18.463283,-97.389305,https://mitehuacan.mx/?ruta=ajalpan
3,Floreria Jamaica,vivero,49,18.374925,-97.296487,https://mitehuacan.mx/?ruta=ajalpan
3,Floreria Singularity,vivero,95,18.380634,-97.262163,https://mitehuacan.mx/?ruta=ajalpan
3,Venta De Flores Sin Nombre,vivero,126,18.461948,-97.391178,https://mitehuacan.mx/?ruta=ajalpan
3,Venta De Hoja De Tamal,vivero,126,18.461948,-97.391178,https://mitehuacan.mx/?ruta=ajalpan
3,Venta De Hojas De Platano Sin Nombre,vivero,126,18.461948,-97.391178,https://mitehuacan.mx/?ruta=ajalpan
3,Floreria D Xochitl,vivero,142,18.461575,-97.389825,https://mitehuacan.mx/?ruta=ajalpan
3,Floreria El Clavel,vivero,142,18.461577,-97.389939,https://mitehuacan.mx/?ruta=ajalpan
3,Floreria San Antonio,vivero,143,18.461586,-97.390593,https://mitehuacan.mx/?ruta=ajalpan
