prioridad,negocio,categoria,dist_m,lat,lon,maps
1,Caseta De Comida Sin Nombre,café,0,18.479009,-97.421187,https://mitehuacan.mx/?ruta=cuayuca
1,Cafeteria Pirillos,café,1,18.470215,-97.393927,https://mitehuacan.mx/?ruta=cuayuca
1,The Italian Coffee Company,café,1,18.471005,-97.394196,https://mitehuacan.mx/?ruta=cuayuca
1,Tienda Escolar Sin Nombre,café,2,18.465123,-97.387018,https://mitehuacan.mx/?ruta=cuayuca
1,Restaurante Drayeck,café,3,18.477961,-97.397836,https://mitehuacan.mx/?ruta=cuayuca
1,Cafeteria Las 3 B,café,5,18.475074,-97.394978,https://mitehuacan.mx/?ruta=cuayuca
1,Cafeteria Sabores,café,6,18.548142,-97.488389,https://mitehuacan.mx/?ruta=cuayuca
1,Cooperativa Escuela Porfirio Cordero Perez,café,6,18.486571,-97.408788,https://mitehuacan.mx/?ruta=cuayuca
1,Jugueria De Frutas El Naranjito,café,6,18.466879,-97.391429,https://mitehuacan.mx/?ruta=cuayuca
1,Punto Cafe,café,6,18.548571,-97.486334,https://mitehuacan.mx/?ruta=cuayuca
1,La Dulce Crepa,café,7,18.548553,-97.485831,https://mitehuacan.mx/?ruta=cuayuca
1,Venta De Pan Casero Mr Dumpling,café,7,18.463368,-97.38943,https://mitehuacan.mx/?ruta=cuayuca
1,Desayunos Panchis,café,8,18.469035,-97.389801,https://mitehuacan.mx/?ruta=cuayuca
1,Jugueria Sin Nombre,café,10,18.489699,-97.404492,https://mitehuacan.mx/?ruta=cuayuca
1,Tienda Escolar Reforma,café,10,18.512561,-97.49477,https://mitehuacan.mx/?ruta=cuayuca
1,Cafeteria La Suiza,café,11,18.459039,-97.389388,https://mitehuacan.mx/?ruta=cuayuca
1,Cafeteria San Francisco,café,11,18.470488,-97.392805,https://mitehuacan.mx/?ruta=cuayuca
1,Cooperativa Escolar Turno Matutino,café,11,18.477033,-97.397059,https://mitehuacan.mx/?ruta=cuayuca
1,Expreso Cafe,café,11,18.470488,-97.392805,https://mitehuacan.mx/?ruta=cuayuca
1,Helados Panchito,café,11,18.470488,-97.392805,https://mitehuacan.mx/?ruta=cuayuca
1,Jugos Y Licuados Karina,café,11,18.470488,-97.392805,https://mitehuacan.mx/?ruta=cuayuca
1,Tienda Escolar,café,11,18.548016,-97.485822,https://mitehuacan.mx/?ruta=cuayuca
1,Tienda Escolar Liberacion Turno Vespertino Numero De Concesi,café,11,18.477033,-97.397059,https://mitehuacan.mx/?ruta=cuayuca
1,Venta De Jugos Y Refrescos San Juditas,café,11,18.470488,-97.392805,https://mitehuacan.mx/?ruta=cuayuca
1,Aguas Frescas Sin Nombre,café,12,18.490169,-97.40475,https://mitehuacan.mx/?ruta=cuayuca
1,Ricafet,café,12,18.46711,-97.393528,https://mitehuacan.mx/?ruta=cuayuca
1,Expendio Titos,café,13,18.512009,-97.493554,https://mitehuacan.mx/?ruta=cuayuca
1,Jugos Y Licuados Don Ofir,café,14,18.475325,-97.433841,https://mitehuacan.mx/?ruta=cuayuca
1,Caseta Metalica Sin Nombre,café,24,18.484546,-97.402084,https://mitehuacan.mx/?ruta=cuayuca
1,Caseta Sin Nombre,café,24,18.484528,-97.402074,https://mitehuacan.mx/?ruta=cuayuca
1,Mokafe Cafeteria,café,27,18.466774,-97.393899,https://mitehuacan.mx/?ruta=cuayuca
1,Cafeteria Sin Nombre,café,28,18.548531,-97.485556,https://mitehuacan.mx/?ruta=cuayuca
1,Elaboracion Y Venta De Bebidas Bobba Go,café,31,18.458623,-97.389801,https://mitehuacan.mx/?ruta=cuayuca
1,La Incluyente Cafeteria Y Panaderia,café,31,18.466737,-97.393899,https://mitehuacan.mx/?ruta=cuayuca
1,Tortas Las Cuñis,café,31,18.469113,-97.393651,https://mitehuacan.mx/?ruta=cuayuca
1,Hemingway Coffe,café,40,18.466656,-97.393901,https://mitehuacan.mx/?ruta=cuayuca
1,Ruta Cafe,café,43,18.459007,-97.388643,https://mitehuacan.mx/?ruta=cuayuca
1,Venta De Aguas Sin Nombre,café,45,18.460548,-97.389868,https://mitehuacan.mx/?ruta=cuayuca
1,Cafeteria Ricatory,café,50,18.462876,-97.387561,https://mitehuacan.mx/?ruta=cuayuca
1,Hamburguesas Burguer Lukas,café,54,18.467461,-97.393003,https://mitehuacan.mx/?ruta=cuayuca
1,Ambrosia,café,59,18.470355,-97.392347,https://mitehuacan.mx/?ruta=cuayuca
1,Cafeteria Entre Aromas & Cafe,café,59,18.46648,-97.393904,https://mitehuacan.mx/?ruta=cuayuca
1,Cafeteria Bombay,café,64,18.466439,-97.393904,https://mitehuacan.mx/?ruta=cuayuca
1,Maple Cafeteria,café,70,18.46634,-97.393037,https://mitehuacan.mx/?ruta=cuayuca
1,All Natural Jugos Tortas Y Licuados,café,81,18.546865,-97.486099,https://mitehuacan.mx/?ruta=cuayuca
1,Hemingway,café,84,18.466255,-97.393907,https://mitehuacan.mx/?ruta=cuayuca
1,Cafeteria Isabella,café,90,18.549067,-97.485214,https://mitehuacan.mx/?ruta=cuayuca
1,Cafeteria Flor De Cafe,café,91,18.461501,-97.390292,https://mitehuacan.mx/?ruta=cuayuca
1,Cefeteria El Eden,café,94,18.476871,-97.396028,https://mitehuacan.mx/?ruta=cuayuca
1,Venta De Jugos Y Licuados Sin Nombre,café,100,18.47958,-97.39998,https://mitehuacan.mx/?ruta=cuayuca
1,Tienda Escolar De La Escuela Benito Juarez,café,102,18.473224,-97.430184,https://mitehuacan.mx/?ruta=cuayuca
1,Cafeteria Ceut,café,106,18.463635,-97.388377,https://mitehuacan.mx/?ruta=cuayuca
1,Cafe Sierra Negra,café,110,18.465978,-97.393045,https://mitehuacan.mx/?ruta=cuayuca
1,Venta De Desayunos Sin Nombre,café,111,18.462891,-97.388139,https://mitehuacan.mx/?ruta=cuayuca
1,Venta De Aguas Frescas Sin Nombre,café,123,18.458655,-97.390673,https://mitehuacan.mx/?ruta=cuayuca
1,Cafeteria A & A Smoothies,café,130,18.465754,-97.391335,https://mitehuacan.mx/?ruta=cuayuca
1,Jugos Hernandez,café,133,18.461786,-97.390665,https://mitehuacan.mx/?ruta=cuayuca
1,Cafeteria Idue Cafe,café,137,18.459066,-97.385896,https://mitehuacan.mx/?ruta=cuayuca
1,Venta De Comida Frutileto,café,141,18.465694,-97.392929,https://mitehuacan.mx/?ruta=cuayuca
1,Accesorios Para Celular Y Reparaciones De Celulares Rg Unloc,celulares,0,18.463287,-97.387079,https://mitehuacan.mx/?ruta=cuayuca
1,Tienda De Accesorios Para Celular Sin Nombre,celulares,0,18.463389,-97.387073,https://mitehuacan.mx/?ruta=cuayuca
1,Accesorios Para Celular Cell Ma-Va,celulares,2,18.462758,-97.389318,https://mitehuacan.mx/?ruta=cuayuca
1,Venta De Audio Y Computo Mitzu Electronicos,celulares,2,18.462677,-97.38932,https://mitehuacan.mx/?ruta=cuayuca
1,Tienda De Telefonos Distribuidor Autorizado Pamec Telcel,celulares,3,18.458618,-97.389317,https://mitehuacan.mx/?ruta=cuayuca
1,Compra Venta De Refacciones Para Celular,celulares,4,18.464343,-97.3894,https://mitehuacan.mx/?ruta=cuayuca
1,Tiendas De Telefonos Distribuidor Autorizado Telcel Pamec,celulares,4,18.461441,-97.389465,https://mitehuacan.mx/?ruta=cuayuca
1,Venta De Accesorios Para Celular Farmacell,celulares,4,18.458602,-97.38727,https://mitehuacan.mx/?ruta=cuayuca
1,Venta De Telefonos Celulares Distribuidor Autorizado Telcel ,celulares,4,18.458583,-97.388607,https://mitehuacan.mx/?ruta=cuayuca
1,Venta De Telefonos Celulares Distribuidor Autorizado Telcel,celulares,5,18.458608,-97.387363,https://mitehuacan.mx/?ruta=cuayuca
1,Seper Celular,celulares,6,18.548244,-97.488215,https://mitehuacan.mx/?ruta=cuayuca
1,Tienda De Accesorios Para Celular Shoppy Phone,celulares,6,18.467054,-97.393512,https://mitehuacan.mx/?ruta=cuayuca
1,Dmaeg Technology In Your Hands,celulares,7,18.469039,-97.389886,https://mitehuacan.mx/?ruta=cuayuca
1,Accesorios Asjari,celulares,8,18.475048,-97.43404,https://mitehuacan.mx/?ruta=cuayuca
1,Macropay,celulares,8,18.459805,-97.389379,https://mitehuacan.mx/?ruta=cuayuca
1,Macropay,celulares,8,18.460041,-97.389377,https://mitehuacan.mx/?ruta=cuayuca
1,Accesorios De Celulares Vale Bu,celulares,9,18.458722,-97.389285,https://mitehuacan.mx/?ruta=cuayuca
1,La Casa De La Tecnologia,celulares,9,18.461866,-97.389462,https://mitehuacan.mx/?ruta=cuayuca
1,Macropay,celulares,10,18.463938,-97.386968,https://mitehuacan.mx/?ruta=cuayuca
1,Venta De Accesorios Para. Celulares,celulares,10,18.461357,-97.387035,https://mitehuacan.mx/?ruta=cuayuca
1,Tienda De Telefonia Genius Movil,celulares,12,18.466822,-97.391325,https://mitehuacan.mx/?ruta=cuayuca
1,Venta De Accesorios Para Celular Redi,celulares,12,18.45875,-97.389393,https://mitehuacan.mx/?ruta=cuayuca
1,Celulares Telcel,celulares,14,18.462859,-97.386954,https://mitehuacan.mx/?ruta=cuayuca
1,Servicel,celulares,20,18.548538,-97.485642,https://mitehuacan.mx/?ruta=cuayuca
1,Tienda De Telefonos Distribuidor Autorizado Pamec Telcel,celulares,20,18.460765,-97.389624,https://mitehuacan.mx/?ruta=cuayuca
1,Venta De Celulares Celular World,celulares,20,18.460765,-97.389624,https://mitehuacan.mx/?ruta=cuayuca
1,Venta De Celulares Grupo Accel,celulares,20,18.460765,-97.389624,https://mitehuacan.mx/?ruta=cuayuca
1,Venta De Accesorios Telefonicos Dido Cell,celulares,25,18.460874,-97.389668,https://mitehuacan.mx/?ruta=cuayuca
1,Grupo Accel,celulares,28,18.547639,-97.486875,https://mitehuacan.mx/?ruta=cuayuca
1,Reparacion Y Accesorios Para Celular Sin Nombre,celulares,28,18.461574,-97.389692,https://mitehuacan.mx/?ruta=cuayuca
1,Venta De Accesorios Telefonicos Y Electronicos La Casa Del C,celulares,31,18.460767,-97.389729,https://mitehuacan.mx/?ruta=cuayuca
1,Venta De Accesorios Para Celular Novedades Hernandez,celulares,32,18.460876,-97.389735,https://mitehuacan.mx/?ruta=cuayuca
1,Tienda De Telefonos Telcel,celulares,33,18.462948,-97.389655,https://mitehuacan.mx/?ruta=cuayuca
1,Accesorios Para Celulares Click,celulares,34,18.471419,-97.392555,https://mitehuacan.mx/?ruta=cuayuca
1,Electronica Osve,celulares,36,18.462754,-97.387432,https://mitehuacan.mx/?ruta=cuayuca
1,King Memori,celulares,43,18.460751,-97.389027,https://mitehuacan.mx/?ruta=cuayuca
1,Tecnology Estore,celulares,44,18.46075,-97.389018,https://mitehuacan.mx/?ruta=cuayuca
1,Black Cell,celulares,47,18.460724,-97.387596,https://mitehuacan.mx/?ruta=cuayuca
1,Unlock Cell Andy Venta De Articulos Para Celulares,celulares,49,18.458629,-97.389972,https://mitehuacan.mx/?ruta=cuayuca
1,House - Cel,celulares,68,18.460746,-97.38879,https://mitehuacan.mx/?ruta=cuayuca
1,Novedades Fabys,celulares,72,18.460746,-97.388752,https://mitehuacan.mx/?ruta=cuayuca
1,Compra Venta De Accesorios Para Celular Accesorios Una Hora ,celulares,77,18.464835,-97.390085,https://mitehuacan.mx/?ruta=cuayuca
1,Compra Venta De Refacciones Para Celulares Iplus Refacciones,celulares,77,18.464835,-97.390085,https://mitehuacan.mx/?ruta=cuayuca
1,Reparacion Y Accesorios Movile Zone,celulares,83,18.460781,-97.390222,https://mitehuacan.mx/?ruta=cuayuca
1,Smart Service,celulares,90,18.46073,-97.388003,https://mitehuacan.mx/?ruta=cuayuca
1,Distribuidor Autorizado Movistar,celulares,91,18.461501,-97.390292,https://mitehuacan.mx/?ruta=cuayuca
1,Venta De Refacciones Para Celulares Celular Center,celulares,91,18.461501,-97.390292,https://mitehuacan.mx/?ruta=cuayuca
1,Venta De Accesorios Para Celular Case Store,celulares,94,18.461582,-97.390318,https://mitehuacan.mx/?ruta=cuayuca
1,Tienda De Telefonos Distribuidor Autorizado Pamec Telcel,celulares,102,18.462848,-97.390304,https://mitehuacan.mx/?ruta=cuayuca
1,Venta De Accesorios Para Celular Compu Planet,celulares,107,18.460787,-97.390449,https://mitehuacan.mx/?ruta=cuayuca
1,Reparacion Y Venta De Accesorios Telefonicos Ganac,celulares,111,18.462891,-97.388139,https://mitehuacan.mx/?ruta=cuayuca
1,Telefonica Movistar,celulares,123,18.462854,-97.390503,https://mitehuacan.mx/?ruta=cuayuca
1,Venta De Accesorios Para Celular Cell Phone,celulares,125,18.460791,-97.39062,https://mitehuacan.mx/?ruta=cuayuca
1,Grupo Accel,celulares,127,18.458657,-97.390711,https://mitehuacan.mx/?ruta=cuayuca
1,Venta De Celulares Cellular Wordl,celulares,127,18.458657,-97.390711,https://mitehuacan.mx/?ruta=cuayuca
1,Accesorios Y Novedades Panda,celulares,129,18.4609,-97.390654,https://mitehuacan.mx/?ruta=cuayuca
1,Compra Venta De Accesorios Para Celular Life Style,celulares,129,18.462976,-97.390565,https://mitehuacan.mx/?ruta=cuayuca
1,Macropay,celulares,129,18.460713,-97.390664,https://mitehuacan.mx/?ruta=cuayuca
1,Celular Wort,celulares,148,18.460796,-97.390838,https://mitehuacan.mx/?ruta=cuayuca
1,Tienda De Accesorios Para El Celular Centro Cell,celulares,149,18.462305,-97.390762,https://mitehuacan.mx/?ruta=cuayuca
1,Centro De Salud Con Servicios Ampliados Cessa Tehuacan,consultorio,0,18.479121,-97.421013,https://mitehuacan.mx/?ruta=cuayuca
1,Clinica Dental Divadent,consultorio,0,18.462473,-97.387098,https://mitehuacan.mx/?ruta=cuayuca
1,Consultorio De Rehabilitacion Medical Fit,consultorio,0,18.462554,-97.387096,https://mitehuacan.mx/?ruta=cuayuca
1,Bioarthirs Tehuacan,consultorio,1,18.474236,-97.392795,https://mitehuacan.mx/?ruta=cuayuca
1,Clinica De Rehabilitacion De Fisioterapia,consultorio,1,18.466563,-97.389381,https://mitehuacan.mx/?ruta=cuayuca
1,Consultorio Dental Macdent,consultorio,1,18.466563,-97.389381,https://mitehuacan.mx/?ruta=cuayuca
1,Consultorio Medico,consultorio,1,18.547373,-97.49005,https://mitehuacan.mx/?ruta=cuayuca
1,Dr Jose Eduardo Freyre Pulido,consultorio,1,18.471426,-97.394385,https://mitehuacan.mx/?ruta=cuayuca
1,Medico Especializada En Audiologia Comunicacion Humana,consultorio,1,18.471426,-97.394385,https://mitehuacan.mx/?ruta=cuayuca
1,Torre Medica,consultorio,1,18.471426,-97.394385,https://mitehuacan.mx/?ruta=cuayuca
1,Torre Medica Sin Nombre,consultorio,1,18.471426,-97.394385,https://mitehuacan.mx/?ruta=cuayuca
1,Consultorio Dental San Pedro,consultorio,2,18.461079,-97.387118,https://mitehuacan.mx/?ruta=cuayuca
1,Consultorio Medico Sin Nombre,consultorio,2,18.461414,-97.38711,https://mitehuacan.mx/?ruta=cuayuca
1,Gabinete De Coaching Y Pnl,consultorio,2,18.467239,-97.394013,https://mitehuacan.mx/?ruta=cuayuca
1,Pro Estetica Dental,consultorio,2,18.474615,-97.43211,https://mitehuacan.mx/?ruta=cuayuca
1,Consultorio Dental Mag,consultorio,3,18.469021,-97.391294,https://mitehuacan.mx/?ruta=cuayuca
1,Mundo Optico,consultorio,3,18.459216,-97.387164,https://mitehuacan.mx/?ruta=cuayuca
1,A M Terapia Fisica Y Rehabilkitacion,consultorio,4,18.475221,-97.39336,https://mitehuacan.mx/?ruta=cuayuca
1,Consultorio De Especialidad En Pediatria Y Nutricion Del Niñ,consultorio,4,18.464264,-97.389402,https://mitehuacan.mx/?ruta=cuayuca
1,Consultorio De Odontologia Integral Am,consultorio,4,18.460644,-97.389474,https://mitehuacan.mx/?ruta=cuayuca
1,Consultorio Dental Consuldent,consultorio,4,18.466923,-97.392368,https://mitehuacan.mx/?ruta=cuayuca
1,Consultorio Dental Prodental,consultorio,4,18.46516,-97.389394,https://mitehuacan.mx/?ruta=cuayuca
1,Consultorio Medico Medicina General,consultorio,4,18.460672,-97.389473,https://mitehuacan.mx/?ruta=cuayuca
1,Laboratorio Dental Los Angeles,consultorio,4,18.465766,-97.389388,https://mitehuacan.mx/?ruta=cuayuca
1,Consultorio De Fisioterapia Rehabilitare,consultorio,5,18.458541,-97.387745,https://mitehuacan.mx/?ruta=cuayuca
1,Consultorio Fundacion Best,consultorio,5,18.458547,-97.387868,https://mitehuacan.mx/?ruta=cuayuca
1,Clinica Dental Vitru,consultorio,6,18.54818,-97.488967,https://mitehuacan.mx/?ruta=cuayuca
1,Consultoriode Terapia Diego,consultorio,6,18.466949,-97.39026,https://mitehuacan.mx/?ruta=cuayuca
1,Clinica Dental Martinez,consultorio,7,18.462931,-97.389276,https://mitehuacan.mx/?ruta=cuayuca
1,Consultorio De Similares,consultorio,7,18.461731,-97.389463,https://mitehuacan.mx/?ruta=cuayuca
1,Consultorio Dental Sin Nombre,consultorio,7,18.469065,-97.390445,https://mitehuacan.mx/?ruta=cuayuca
1,Consultorio Medico,consultorio,7,18.463427,-97.389299,https://mitehuacan.mx/?ruta=cuayuca
1,Consultorio Medico Sin Nombre,consultorio,7,18.548275,-97.488622,https://mitehuacan.mx/?ruta=cuayuca
1,Consultorio Medico Sin Nombre,consultorio,7,18.469049,-97.390104,https://mitehuacan.mx/?ruta=cuayuca
1,Centro Medico Esperanza,consultorio,8,18.470353,-97.394026,https://mitehuacan.mx/?ruta=cuayuca
1,Consultorio Dental Sin Nombre,consultorio,8,18.458699,-97.38884,https://mitehuacan.mx/?ruta=cuayuca
1,Spa Pies Podologia,consultorio,8,18.46702,-97.39208,https://mitehuacan.mx/?ruta=cuayuca
1,Terapias Orientales Contacto Energetico,consultorio,8,18.46702,-97.39208,https://mitehuacan.mx/?ruta=cuayuca
1,Centro De Salud Secretaria De Salud,consultorio,9,18.544631,-97.490701,https://mitehuacan.mx/?ruta=cuayuca
1,Clinica Dental Familiar,consultorio,9,18.467008,-97.391492,https://mitehuacan.mx/?ruta=cuayuca
1,Clinicasca Dental Safir,consultorio,9,18.464296,-97.389281,https://mitehuacan.mx/?ruta=cuayuca
1,Consultorio De Podologia Sin Nombre,consultorio,9,18.459295,-97.3871,https://mitehuacan.mx/?ruta=cuayuca
1,Consultorio Dental Dental Center Rosmed,consultorio,9,18.465093,-97.389266,https://mitehuacan.mx/?ruta=cuayuca
1,Consultorio Dental Mora,consultorio,9,18.461828,-97.387031,https://mitehuacan.mx/?ruta=cuayuca
1,Galez Centro Odontologico,consultorio,9,18.459528,-97.389383,https://mitehuacan.mx/?ruta=cuayuca
1,Local De Servicios Optica Tehuacan,consultorio,9,18.465436,-97.389265,https://mitehuacan.mx/?ruta=cuayuca
1,Unidad Medica El Angel,consultorio,9,18.478335,-97.397937,https://mitehuacan.mx/?ruta=cuayuca
1,Clinica Dental Ardent Odontologia Integral,consultorio,10,18.459148,-97.389387,https://mitehuacan.mx/?ruta=cuayuca
1,Consultorio Dental Del Angel,consultorio,10,18.46541,-97.38694,https://mitehuacan.mx/?ruta=cuayuca
1,Consultorio Medico General,consultorio,10,18.458732,-97.389393,https://mitehuacan.mx/?ruta=cuayuca
1,Bicodent,consultorio,11,18.467742,-97.393875,https://mitehuacan.mx/?ruta=cuayuca
1,Clinica Dental Denti Dent,consultorio,11,18.467886,-97.39387,https://mitehuacan.mx/?ruta=cuayuca
1,Consultorio De Cardiologia Pediatrica,consultorio,11,18.467941,-97.393869,https://mitehuacan.mx/?ruta=cuayuca
1,Consultorio De Ginecologia,consultorio,11,18.467877,-97.393871,https://mitehuacan.mx/?ruta=cuayuca
1,Consultorio De Odontologia,consultorio,11,18.467841,-97.393872,https://mitehuacan.mx/?ruta=cuayuca
1,Consultorio De Traumatologia,consultorio,11,18.467859,-97.393871,https://mitehuacan.mx/?ruta=cuayuca
1,Consultorio Deltan Sin Nombre,consultorio,11,18.458894,-97.38939,https://mitehuacan.mx/?ruta=cuayuca
1,Consultorio Dental,consultorio,11,18.467579,-97.39388,https://mitehuacan.mx/?ruta=cuayuca
1,Consultorio Dental Dental Luna,consultorio,11,18.466352,-97.386947,https://mitehuacan.mx/?ruta=cuayuca
1,Consultorio Medicina General,consultorio,11,18.467923,-97.393869,https://mitehuacan.mx/?ruta=cuayuca
1,Consultorio Medico,consultorio,11,18.467624,-97.393879,https://mitehuacan.mx/?ruta=cuayuca
1,Consultorio Medico,consultorio,11,18.467434,-97.393885,https://mitehuacan.mx/?ruta=cuayuca
1,Consultorio Medico De Otorrinolaringologia,consultorio,11,18.467814,-97.393873,https://mitehuacan.mx/?ruta=cuayuca
1,Consultorio Oftalmologia,consultorio,11,18.467579,-97.39388,https://mitehuacan.mx/?ruta=cuayuca
1,Consultorio Pediatrico Pediacare,consultorio,11,18.467904,-97.39387,https://mitehuacan.mx/?ruta=cuayuca
1,Laser Ocular Reforma,consultorio,11,18.467787,-97.393874,https://mitehuacan.mx/?ruta=cuayuca
1,Masoterapia Sin Nombre,consultorio,11,18.510961,-97.492373,https://mitehuacan.mx/?ruta=cuayuca
1,Consultorio Dental Rosvel,consultorio,12,18.472725,-97.394834,https://mitehuacan.mx/?ruta=cuayuca
1,Consultorio Dental Vitaldent,consultorio,12,18.466697,-97.386949,https://mitehuacan.mx/?ruta=cuayuca
1,Consultorio Medico Torrescano,consultorio,12,18.462645,-97.389454,https://mitehuacan.mx/?ruta=cuayuca
1,Consultorio Medicina Interna,consultorio,14,18.471351,-97.393016,https://mitehuacan.mx/?ruta=cuayuca
1,Consultorio Medico Fundacion Best,consultorio,17,18.474922,-97.432101,https://mitehuacan.mx/?ruta=cuayuca
1,Clinica Dental Sin Nombre,consultorio,19,18.460719,-97.38733,https://mitehuacan.mx/?ruta=cuayuca
1,Consultorio Dental H.G,consultorio,19,18.473326,-97.392645,https://mitehuacan.mx/?ruta=cuayuca
1,Clinica Dental Guadalupe,consultorio,21,18.462807,-97.389138,https://mitehuacan.mx/?ruta=cuayuca
1,Consultorio Medico Rogelio Miranda Ruiz,consultorio,22,18.462947,-97.389551,https://mitehuacan.mx/?ruta=cuayuca
1,Clinica Dental Oral,consultorio,24,18.464753,-97.38727,https://mitehuacan.mx/?ruta=cuayuca
1,Consultorio Dental,consultorio,24,18.471353,-97.392651,https://mitehuacan.mx/?ruta=cuayuca
1,Consultorio Dental,consultorio,24,18.469268,-97.391384,https://mitehuacan.mx/?ruta=cuayuca
1,Servicio De Fisioterapia Medicina Fisica Y Rehabilitacion,consultorio,27,18.462752,-97.387347,https://mitehuacan.mx/?ruta=cuayuca
1,Centro De Apiterapia,consultorio,28,18.471353,-97.392617,https://mitehuacan.mx/?ruta=cuayuca
1,Consultorio Medico Dental,consultorio,28,18.547685,-97.486998,https://mitehuacan.mx/?ruta=cuayuca
1,Clinica Dental Carrera,consultorio,29,18.547411,-97.486294,https://mitehuacan.mx/?ruta=cuayuca
1,Psicologia,consultorio,34,18.468743,-97.391402,https://mitehuacan.mx/?ruta=cuayuca
1,Terapia Fisica Y Rehabilitacion Physiokineur,consultorio,34,18.469356,-97.39129,https://mitehuacan.mx/?ruta=cuayuca
1,Optica Sanatorio De Lentes,consultorio,38,18.462872,-97.387447,https://mitehuacan.mx/?ruta=cuayuca
1,Centro Medico,consultorio,39,18.471045,-97.393828,https://mitehuacan.mx/?ruta=cuayuca
1,Consultorio De Psicologia,consultorio,39,18.471045,-97.393828,https://mitehuacan.mx/?ruta=cuayuca
1,Consultorio Medico De Ginecologia,consultorio,39,18.471045,-97.393828,https://mitehuacan.mx/?ruta=cuayuca
1,Consultorio Medico De Ortopedia,consultorio,39,18.471045,-97.393828,https://mitehuacan.mx/?ruta=cuayuca
1,Consultorio Medico De Urologia,consultorio,39,18.471045,-97.393828,https://mitehuacan.mx/?ruta=cuayuca
1,Consultorio Medico Especialidad Neurocirujano,consultorio,39,18.471045,-97.393828,https://mitehuacan.mx/?ruta=cuayuca
1,Consultorio Medico Ginecologico,consultorio,39,18.471045,-97.393828,https://mitehuacan.mx/?ruta=cuayuca
1,Coonsultorio De Fisoterapia Medica,consultorio,39,18.471045,-97.393828,https://mitehuacan.mx/?ruta=cuayuca
1,Consultorio Medico Villagranadas,consultorio,43,18.469875,-97.394346,https://mitehuacan.mx/?ruta=cuayuca
1,Consultorio Ortopedico Raymundo Velasco Sanchez,consultorio,43,18.469875,-97.394346,https://mitehuacan.mx/?ruta=cuayuca
1,Consultorio Villa Granadas,consultorio,43,18.469875,-97.394346,https://mitehuacan.mx/?ruta=cuayuca
1,Clinica Dental Art,consultorio,48,18.467365,-97.39132,https://mitehuacan.mx/?ruta=cuayuca
1,Consultorio Dental,consultorio,49,18.468632,-97.392139,https://mitehuacan.mx/?ruta=cuayuca
1,Clinica Dental Rangel,consultorio,50,18.462876,-97.387561,https://mitehuacan.mx/?ruta=cuayuca
1,Clinica Dental Solis,consultorio,53,18.462759,-97.387593,https://mitehuacan.mx/?ruta=cuayuca
1,Consultorio De Atencion Psicologica,consultorio,54,18.468607,-97.39344,https://mitehuacan.mx/?ruta=cuayuca
1,Consultorio Dental Sin Nombre,consultorio,54,18.464815,-97.388843,https://mitehuacan.mx/?ruta=cuayuca
1,Servicio Dental Dental 24 Horass,consultorio,55,18.461574,-97.388895,https://mitehuacan.mx/?ruta=cuayuca
1,Dermatologia Estetica Y Salud,consultorio,59,18.469472,-97.394497,https://mitehuacan.mx/?ruta=cuayuca
1,Clinica Dental A&R,consultorio,60,18.464832,-97.389924,https://mitehuacan.mx/?ruta=cuayuca
1,Consultorio Dental Zona Dental,consultorio,60,18.468397,-97.389267,https://mitehuacan.mx/?ruta=cuayuca
1,Consultorio De Ginecologia Y Colposcopia,consultorio,61,18.464812,-97.388776,https://mitehuacan.mx/?ruta=cuayuca
1,Clinica Urologica De Tehuacan,consultorio,63,18.465966,-97.389952,https://mitehuacan.mx/?ruta=cuayuca
1,Olistic Clinic Spa,consultorio,67,18.471286,-97.39502,https://mitehuacan.mx/?ruta=cuayuca
1,Consultorio Medico,consultorio,72,18.471348,-97.393566,https://mitehuacan.mx/?ruta=cuayuca
1,Terapia Fisica Y Rehabilitacion Fisio S O S,consultorio,72,18.471805,-97.393814,https://mitehuacan.mx/?ruta=cuayuca
1,Clinica Dental Orduña,consultorio,74,18.460811,-97.387849,https://mitehuacan.mx/?ruta=cuayuca
1,Optica Fared,consultorio,74,18.473153,-97.392132,https://mitehuacan.mx/?ruta=cuayuca
1,Consultorio Psicologico Efecto Mariposa,consultorio,75,18.465955,-97.388643,https://mitehuacan.mx/?ruta=cuayuca
1,Consultorio Medico,consultorio,78,18.474545,-97.393724,https://mitehuacan.mx/?ruta=cuayuca
1,Consultorio Medico Doctor Jose Federico Lazaro Urbano,consultorio,78,18.479749,-97.399847,https://mitehuacan.mx/?ruta=cuayuca
1,Medicina Tradicional,consultorio,78,18.473327,-97.392085,https://mitehuacan.mx/?ruta=cuayuca
1,Sanatorio Santa Maria,consultorio,78,18.469557,-97.394679,https://mitehuacan.mx/?ruta=cuayuca
1,Nutriologa Consultorio,consultorio,79,18.467645,-97.391318,https://mitehuacan.mx/?ruta=cuayuca
1,Centro De Rehabilitacion Olin,consultorio,84,18.466173,-97.391436,https://mitehuacan.mx/?ruta=cuayuca
1,Clinica Dermatofuncional,consultorio,84,18.466173,-97.391436,https://mitehuacan.mx/?ruta=cuayuca
1,Spa Jenn,consultorio,84,18.466173,-97.391436,https://mitehuacan.mx/?ruta=cuayuca
1,Centro De Podologia De Tehuacan,consultorio,86,18.462784,-97.388522,https://mitehuacan.mx/?ruta=cuayuca
1,Clinica Dental B Y B,consultorio,87,18.476716,-97.397949,https://mitehuacan.mx/?ruta=cuayuca
1,Fisiomaf,consultorio,88,18.508842,-97.487556,https://mitehuacan.mx/?ruta=cuayuca
1,Sanatorio El Nuevo Siglo,consultorio,89,18.465891,-97.388503,https://mitehuacan.mx/?ruta=cuayuca
1,Clinica Tehuacan,consultorio,91,18.472371,-97.393731,https://mitehuacan.mx/?ruta=cuayuca
1,Consultorio Dental Ortidenth,consultorio,91,18.461501,-97.390292,https://mitehuacan.mx/?ruta=cuayuca
1,Consultorio Dental,consultorio,92,18.466101,-97.391436,https://mitehuacan.mx/?ruta=cuayuca
1,Clinica Dental Bravo,consultorio,93,18.46589,-97.387915,https://mitehuacan.mx/?ruta=cuayuca
1,Clinica De Odontologia Integral Arte Dental,consultorio,95,18.466162,-97.394031,https://mitehuacan.mx/?ruta=cuayuca
1,Consultorio Dental,consultorio,95,18.466162,-97.394031,https://mitehuacan.mx/?ruta=cuayuca
1,Consultorio Medico,consultorio,100,18.473496,-97.393764,https://mitehuacan.mx/?ruta=cuayuca
1,Dental Veracruzana,consultorio,100,18.460741,-97.388487,https://mitehuacan.mx/?ruta=cuayuca
1,Km Consultorio Dental,consultorio,100,18.464622,-97.388409,https://mitehuacan.mx/?ruta=cuayuca
1,Consultorio De Medicina Natural,consultorio,103,18.462889,-97.388063,https://mitehuacan.mx/?ruta=cuayuca
1,Consultorio De Similares,consultorio,106,18.460787,-97.39044,https://mitehuacan.mx/?ruta=cuayuca
1,Consultorio Dental Sin Nombre,consultorio,106,18.462849,-97.390342,https://mitehuacan.mx/?ruta=cuayuca
1,Consultorio Medico Farmacias Similares,consultorio,106,18.460787,-97.39044,https://mitehuacan.mx/?ruta=cuayuca
1,Clinica Britania,consultorio,108,18.467845,-97.38927,https://mitehuacan.mx/?ruta=cuayuca
1,Clinica Dental Oral,consultorio,109,18.464794,-97.388322,https://mitehuacan.mx/?ruta=cuayuca
1,Consultorio Dental Sin Nombre,consultorio,109,18.473149,-97.430157,https://mitehuacan.mx/?ruta=cuayuca
1,Consultorio Dental,consultorio,110,18.460896,-97.390474,https://mitehuacan.mx/?ruta=cuayuca
1,Podologia Salud Y Bienestar Para Sus Pies,consultorio,110,18.468056,-97.391412,https://mitehuacan.mx/?ruta=cuayuca
1,Quiropractica Tradicional Y Masajista,consultorio,110,18.460144,-97.388213,https://mitehuacan.mx/?ruta=cuayuca
1,Consultorio Dental,consultorio,111,18.462851,-97.390389,https://mitehuacan.mx/?ruta=cuayuca
1,Consultorio Doctor Sergio Avendano Aguilar,consultorio,111,18.462891,-97.388139,https://mitehuacan.mx/?ruta=cuayuca
1,Optica Galileo,consultorio,114,18.462777,-97.388257,https://mitehuacan.mx/?ruta=cuayuca
1,Optica Visual Blue,consultorio,114,18.464793,-97.388274,https://mitehuacan.mx/?ruta=cuayuca
1,Consultorio Dental Sin Nombre,consultorio,115,18.470292,-97.391818,https://mitehuacan.mx/?ruta=cuayuca
1,Clinica De Columna Ozonoterapia,consultorio,116,18.462777,-97.388238,https://mitehuacan.mx/?ruta=cuayuca
1,Clinica Dental Gara,consultorio,116,18.462775,-97.38819,https://mitehuacan.mx/?ruta=cuayuca
1,Unidad De Cuidado De Heridas,consultorio,116,18.469993,-97.389352,https://mitehuacan.mx/?ruta=cuayuca
1,Centro De Salud Jose Maria Pino Suarez,consultorio,121,18.511273,-97.49467,https://mitehuacan.mx/?ruta=cuayuca
1,Clinica De Control De Peso Rivere,consultorio,124,18.464802,-97.385864,https://mitehuacan.mx/?ruta=cuayuca
1,Huesero,consultorio,128,18.457456,-97.388635,https://mitehuacan.mx/?ruta=cuayuca
1,Consultorio Dental Idental,consultorio,130,18.457501,-97.389772,https://mitehuacan.mx/?ruta=cuayuca
1,Caritas Tehuacan,consultorio,131,18.469285,-97.395182,https://mitehuacan.mx/?ruta=cuayuca
1,Consultorio Dental Haim,consultorio,132,18.465736,-97.391336,https://mitehuacan.mx/?ruta=cuayuca
1,Consultorio Dental May Dental Studio,consultorio,135,18.464926,-97.390632,https://mitehuacan.mx/?ruta=cuayuca
1,Especialidad En Endodoncia Y Periodoncia,consultorio,136,18.465739,-97.392928,https://mitehuacan.mx/?ruta=cuayuca
1,Oncologia Cirugia Laparoscopia,consultorio,136,18.465739,-97.392928,https://mitehuacan.mx/?ruta=cuayuca
1,Consulta De Nutricion,consultorio,137,18.465734,-97.393051,https://mitehuacan.mx/?ruta=cuayuca
1,Consultorio De Psicologia,consultorio,137,18.465734,-97.393051,https://mitehuacan.mx/?ruta=cuayuca
1,Pro Estetica Dental,consultorio,137,18.465734,-97.393051,https://mitehuacan.mx/?ruta=cuayuca
1,Consultorio Medico,consultorio,139,18.462859,-97.390654,https://mitehuacan.mx/?ruta=cuayuca
1,Centro Optico,consultorio,140,18.460675,-97.385823,https://mitehuacan.mx/?ruta=cuayuca
1,Consultorio Dental Consultorio Mona Lisa,consultorio,141,18.457352,-97.388885,https://mitehuacan.mx/?ruta=cuayuca
1,Consultorio De Fisioterapia Axis,consultorio,142,18.475114,-97.397522,https://mitehuacan.mx/?ruta=cuayuca
1,Consultorio Dental Sin Nombre,consultorio,145,18.465621,-97.391441,https://mitehuacan.mx/?ruta=cuayuca
1,Copac,consultorio,145,18.471195,-97.395774,https://mitehuacan.mx/?ruta=cuayuca
1,Consultorio Medico,consultorio,149,18.473328,-97.391412,https://mitehuacan.mx/?ruta=cuayuca
1,Consultorio Particular De Pediatria,consultorio,149,18.473328,-97.391412,https://mitehuacan.mx/?ruta=cuayuca
1,Laboratorio Dental Gasca,dentista,2,18.462586,-97.389323,https://mitehuacan.mx/?ruta=cuayuca
1,Laboratorio Dental,dentista,119,18.46589,-97.388162,https://mitehuacan.mx/?ruta=cuayuca
1,Electronica Y Servicio Sin Nombre,electrónica,0,18.466753,-97.389379,https://mitehuacan.mx/?ruta=cuayuca
1,Taller De Computadoras,electrónica,0,18.462337,-97.387101,https://mitehuacan.mx/?ruta=cuayuca
1,Tecnicel,electrónica,0,18.547715,-97.48995,https://mitehuacan.mx/?ruta=cuayuca
1,Electronica Osorio,electrónica,2,18.462803,-97.389317,https://mitehuacan.mx/?ruta=cuayuca
1,Reparacion De Celulares Global Technology,electrónica,3,18.458612,-97.389194,https://mitehuacan.mx/?ruta=cuayuca
1,Tv Servicio Panasonic,electrónica,3,18.466912,-97.39178,https://mitehuacan.mx/?ruta=cuayuca
1,Arcade G.O.2,electrónica,4,18.458825,-97.387168,https://mitehuacan.mx/?ruta=cuayuca
1,Compra Venta De Accesorios Para Celular Cell Partes Puebla,electrónica,4,18.464001,-97.389409,https://mitehuacan.mx/?ruta=cuayuca
1,Electronica Jensen,electrónica,4,18.468904,-97.389263,https://mitehuacan.mx/?ruta=cuayuca
1,Renta De Videojuegos Y Maquinitas Sin Nombre,electrónica,4,18.464006,-97.389409,https://mitehuacan.mx/?ruta=cuayuca
1,Reparacion De Celulares Playstore,electrónica,4,18.464253,-97.389402,https://mitehuacan.mx/?ruta=cuayuca
1,Servicio De Reparacion Yo Reparo,electrónica,4,18.463676,-97.38942,https://mitehuacan.mx/?ruta=cuayuca
1,Reparacion De Celulares City Cell,electrónica,5,18.46353,-97.389425,https://mitehuacan.mx/?ruta=cuayuca
1,Video Juegos Sin Nombre,electrónica,6,18.548571,-97.486296,https://mitehuacan.mx/?ruta=cuayuca
1,Servicio De Reparacion Electronica Juarez,electrónica,7,18.460718,-97.387216,https://mitehuacan.mx/?ruta=cuayuca
1,Venta De Material De Bocina Y Reparacion Tecnica Universal,electrónica,8,18.460153,-97.389375,https://mitehuacan.mx/?ruta=cuayuca
1,Reparacion Celulares Megatronic,electrónica,9,18.461891,-97.38703,https://mitehuacan.mx/?ruta=cuayuca
1,Reparacion De Celulares Fixcel,electrónica,9,18.463744,-97.389291,https://mitehuacan.mx/?ruta=cuayuca
1,Reparacion De Telefonos Sin Nombre,electrónica,9,18.461293,-97.389346,https://mitehuacan.mx/?ruta=cuayuca
1,Taller De Reparacion De Pantallas Servicio Digitial,electrónica,9,18.464486,-97.389278,https://mitehuacan.mx/?ruta=cuayuca
1,Tecni-Cell,electrónica,9,18.463106,-97.389438,https://mitehuacan.mx/?ruta=cuayuca
1,Maquinitas Tragamonedas,electrónica,10,18.464568,-97.386951,https://mitehuacan.mx/?ruta=cuayuca
1,Reparacel,electrónica,10,18.458653,-97.387108,https://mitehuacan.mx/?ruta=cuayuca
1,Taller De Reparacion Sin Nombre,electrónica,10,18.548371,-97.489774,https://mitehuacan.mx/?ruta=cuayuca
1,Electronica Baltazar,electrónica,11,18.470371,-97.392809,https://mitehuacan.mx/?ruta=cuayuca
1,Peluches Toll,electrónica,18,18.471304,-97.392714,https://mitehuacan.mx/?ruta=cuayuca
1,Tienda Derefacciones De Linea Blanca Y Electrodomesticos,electrónica,22,18.462751,-97.387299,https://mitehuacan.mx/?ruta=cuayuca
1,Renta De Maquinitas,electrónica,25,18.460705,-97.386913,https://mitehuacan.mx/?ruta=cuayuca
1,Renta De Xbox,electrónica,25,18.461573,-97.389661,https://mitehuacan.mx/?ruta=cuayuca
1,Maquinitas Y Videojuegos Sin Nombre,electrónica,30,18.51327,-97.495155,https://mitehuacan.mx/?ruta=cuayuca
1,Venta De Accesorios Celulares Computacion Y Repaciones De Ce,electrónica,53,18.460845,-97.388939,https://mitehuacan.mx/?ruta=cuayuca
1,Steren,electrónica,57,18.462825,-97.388796,https://mitehuacan.mx/?ruta=cuayuca
1,Videojuegos,electrónica,60,18.490995,-97.405366,https://mitehuacan.mx/?ruta=cuayuca
1,Maquinitas Juegos Sin Nombre,electrónica,68,18.461579,-97.390071,https://mitehuacan.mx/?ruta=cuayuca
1,Venta Y Reparacion De Computadoras Equipa.Com,electrónica,70,18.4663,-97.391434,https://mitehuacan.mx/?ruta=cuayuca
1,Instrumentacion Y Control Mantenimiento De Equipo Elctronico,electrónica,71,18.473187,-97.392163,https://mitehuacan.mx/?ruta=cuayuca
1,Taller De Sistemas Audio Fuentes,electrónica,74,18.461486,-97.386431,https://mitehuacan.mx/?ruta=cuayuca
1,Mobile Unlock,electrónica,83,18.460729,-97.387937,https://mitehuacan.mx/?ruta=cuayuca
1,Reparacion De Computadoras Sin Nombre,electrónica,107,18.467051,-97.39501,https://mitehuacan.mx/?ruta=cuayuca
1,Servicios De Computadoras Tehuacan,electrónica,111,18.462891,-97.388139,https://mitehuacan.mx/?ruta=cuayuca
1,Centro De Servicios Incomex,electrónica,120,18.471359,-97.391744,https://mitehuacan.mx/?ruta=cuayuca
1,Reparacion De Celulares Salto Del Agua,electrónica,120,18.460898,-97.390569,https://mitehuacan.mx/?ruta=cuayuca
1,Reparacion De Celulares Androicell,electrónica,124,18.459985,-97.385997,https://mitehuacan.mx/?ruta=cuayuca
1,Taller De Electronica Escorpion,electrónica,129,18.457469,-97.389128,https://mitehuacan.mx/?ruta=cuayuca
1,Tienda De Articulos Para Celular Gsm Un Looker,electrónica,129,18.457474,-97.389213,https://mitehuacan.mx/?ruta=cuayuca
1,Compra Venta De Audios Y Video,electrónica,138,18.460666,-97.390749,https://mitehuacan.mx/?ruta=cuayuca
1,Reparacion De Celulares Sin Nombre,electrónica,139,18.477529,-97.395956,https://mitehuacan.mx/?ruta=cuayuca
1,The Gamer Juegos De Maquinitas,electrónica,141,18.472304,-97.391531,https://mitehuacan.mx/?ruta=cuayuca
1,Electronica Sony,electrónica,142,18.549382,-97.484856,https://mitehuacan.mx/?ruta=cuayuca
1,Mastercell,electrónica,149,18.458461,-97.385803,https://mitehuacan.mx/?ruta=cuayuca
1,Estetica Vero,estética,0,18.458889,-97.389495,https://mitehuacan.mx/?ruta=cuayuca
1,Peluqueria Sin Nombre,estética,0,18.468908,-97.388572,https://mitehuacan.mx/?ruta=cuayuca
1,Estetica Sin Nombre,estética,1,18.469027,-97.391158,https://mitehuacan.mx/?ruta=cuayuca
1,Estetica Unisex Vero,estética,1,18.545318,-97.490611,https://mitehuacan.mx/?ruta=cuayuca
1,Kaily Salon Y Spa,estética,1,18.468983,-97.390306,https://mitehuacan.mx/?ruta=cuayuca
1,Salon De Belleza Divaos,estética,1,18.461776,-97.387107,https://mitehuacan.mx/?ruta=cuayuca
1,Estilos Alta Peluqueria,estética,2,18.47228,-97.394743,https://mitehuacan.mx/?ruta=cuayuca
1,Peluqueria The Barber Club,estética,2,18.468686,-97.393972,https://mitehuacan.mx/?ruta=cuayuca
1,Salon De Belleza Anna,estética,2,18.463874,-97.387047,https://mitehuacan.mx/?ruta=cuayuca
1,Salon De Blleza Pinky Promise,estética,2,18.468804,-97.393969,https://mitehuacan.mx/?ruta=cuayuca
1,Studio De Belleza Naty,estética,2,18.467637,-97.393999,https://mitehuacan.mx/?ruta=cuayuca
1,Barberia Ballesteros,estética,3,18.476398,-97.396799,https://mitehuacan.mx/?ruta=cuayuca
1,Estetica Sin Nombre,estética,3,18.466327,-97.387022,https://mitehuacan.mx/?ruta=cuayuca
1,Barber Shop 10 15,estética,4,18.474769,-97.432797,https://mitehuacan.mx/?ruta=cuayuca
1,Barberia Ballesteros,estética,4,18.474769,-97.432797,https://mitehuacan.mx/?ruta=cuayuca
1,Estetica Nueva Imagen,estética,4,18.458605,-97.387316,https://mitehuacan.mx/?ruta=cuayuca
1,Barberia Joe N M,estética,5,18.548139,-97.488047,https://mitehuacan.mx/?ruta=cuayuca
1,Estetica Unisex,estética,5,18.466941,-97.39008,https://mitehuacan.mx/?ruta=cuayuca
1,Salon De Belleza Sin Nombre,estética,5,18.45863,-97.387693,https://mitehuacan.mx/?ruta=cuayuca
1,Barberia Sin Nombre,estética,6,18.548278,-97.488736,https://mitehuacan.mx/?ruta=cuayuca
1,Estetica Jireh,estética,7,18.469082,-97.390796,https://mitehuacan.mx/?ruta=cuayuca
1,Peluqueria El Sol,estética,7,18.458657,-97.388092,https://mitehuacan.mx/?ruta=cuayuca
1,Salon De Belleza Reine,estética,7,18.46699,-97.391217,https://mitehuacan.mx/?ruta=cuayuca
1,Barberia Black Barber,estética,8,18.469022,-97.389536,https://mitehuacan.mx/?ruta=cuayuca
1,Glen Estudio,estética,8,18.548569,-97.486049,https://mitehuacan.mx/?ruta=cuayuca
1,Decoracion De Uñas Estudio De Uñas Nancy Robles,estética,9,18.465826,-97.389265,https://mitehuacan.mx/?ruta=cuayuca
1,Estitica Unisex Estilo Y Color,estética,9,18.463581,-97.389293,https://mitehuacan.mx/?ruta=cuayuca
1,Instituto De Belleza Essence,estética,9,18.465744,-97.389265,https://mitehuacan.mx/?ruta=cuayuca
1,Joe Barber Shop,estética,9,18.513993,-97.496906,https://mitehuacan.mx/?ruta=cuayuca
1,Peluqueria Y Barberia Papi Chulo,estética,9,18.459492,-97.389383,https://mitehuacan.mx/?ruta=cuayuca
1,Estetica Cocoa Beauty,estética,10,18.466931,-97.394019,https://mitehuacan.mx/?ruta=cuayuca
1,Estetica Glamur,estética,10,18.465872,-97.386943,https://mitehuacan.mx/?ruta=cuayuca
1,Estetica Kary Rios,estética,10,18.46597,-97.389449,https://mitehuacan.mx/?ruta=cuayuca
1,Estetica Madoza,estética,10,18.459869,-97.38955,https://mitehuacan.mx/?ruta=cuayuca
1,Estetica Nicte-Ha,estética,10,18.464469,-97.386953,https://mitehuacan.mx/?ruta=cuayuca
1,Estetica Vero,estética,10,18.458707,-97.387108,https://mitehuacan.mx/?ruta=cuayuca
1,Nails Y Glamour,estética,10,18.469141,-97.391385,https://mitehuacan.mx/?ruta=cuayuca
1,Brisa Nails,estética,11,18.47228,-97.392767,https://mitehuacan.mx/?ruta=cuayuca
1,Clinica Moon Spa,estética,11,18.467832,-97.393872,https://mitehuacan.mx/?ruta=cuayuca
1,Estetica Marisol,estética,11,18.461203,-97.387037,https://mitehuacan.mx/?ruta=cuayuca
1,Estetica Sin Nombre,estética,11,18.464748,-97.387147,https://mitehuacan.mx/?ruta=cuayuca
1,Estetica Sin Nombre,estética,13,18.509648,-97.490007,https://mitehuacan.mx/?ruta=cuayuca
1,Estetica Essence Salon,estética,14,18.546424,-97.49042,https://mitehuacan.mx/?ruta=cuayuca
1,Estetica Unisex Faby,estética,14,18.458492,-97.388671,https://mitehuacan.mx/?ruta=cuayuca
1,Barberia Merimar,estética,16,18.464906,-97.389504,https://mitehuacan.mx/?ruta=cuayuca
1,Peluqueria Sin Nombre,estética,16,18.465889,-97.389196,https://mitehuacan.mx/?ruta=cuayuca
1,Uñas Y Maquillaje Don Nombre,estética,17,18.479634,-97.398695,https://mitehuacan.mx/?ruta=cuayuca
1,Peluqueria De Barrio,estética,19,18.460795,-97.387327,https://mitehuacan.mx/?ruta=cuayuca
1,Salon De Belleza Divine,estética,20,18.464896,-97.389163,https://mitehuacan.mx/?ruta=cuayuca
1,Gina Salon,estética,22,18.458506,-97.387006,https://mitehuacan.mx/?ruta=cuayuca
1,Melendez Beauty Studio,estética,23,18.469151,-97.389344,https://mitehuacan.mx/?ruta=cuayuca
1,Barberia Mamalon,estética,24,18.464826,-97.389582,https://mitehuacan.mx/?ruta=cuayuca
1,Estetica Fashion Nails,estética,28,18.461493,-97.389685,https://mitehuacan.mx/?ruta=cuayuca
1,Salon De Belleza Melani,estética,31,18.468669,-97.389462,https://mitehuacan.mx/?ruta=cuayuca
1,Servicio De Spa,estética,31,18.458623,-97.389801,https://mitehuacan.mx/?ruta=cuayuca
1,Barberia Caballero,estética,33,18.460779,-97.386835,https://mitehuacan.mx/?ruta=cuayuca
1,Body & Face,estética,38,18.469287,-97.389345,https://mitehuacan.mx/?ruta=cuayuca
1,Barberia Enchulame La Greña,estética,39,18.466577,-97.391328,https://mitehuacan.mx/?ruta=cuayuca
1,Centro Depilatorio Depilax Tehuacan,estética,39,18.466669,-97.394023,https://mitehuacan.mx/?ruta=cuayuca
1,Salon De Uñas Nails Marsha,estética,39,18.466669,-97.394023,https://mitehuacan.mx/?ruta=cuayuca
1,Centro Estetico Carmen,estética,40,18.460849,-97.389062,https://mitehuacan.mx/?ruta=cuayuca
1,Barbara Nery Salon De Belleza,estética,42,18.464812,-97.386642,https://mitehuacan.mx/?ruta=cuayuca
1,Estetica Beauty Sazon Am,estética,44,18.46871,-97.392969,https://mitehuacan.mx/?ruta=cuayuca
1,Peluqueria Varela,estética,47,18.46088,-97.389877,https://mitehuacan.mx/?ruta=cuayuca
1,Estetica Unisex Francis,estética,51,18.468481,-97.389359,https://mitehuacan.mx/?ruta=cuayuca
1,Estetica Mago,estética,53,18.464912,-97.389855,https://mitehuacan.mx/?ruta=cuayuca
1,Estetica Osiris Estudio,estética,53,18.466421,-97.390359,https://mitehuacan.mx/?ruta=cuayuca
1,Peluqueria El Arte,estética,54,18.461577,-97.389939,https://mitehuacan.mx/?ruta=cuayuca
1,Estetica Chelys,estética,56,18.464832,-97.389886,https://mitehuacan.mx/?ruta=cuayuca
1,Grupo Maoleon,estética,59,18.472764,-97.394369,https://mitehuacan.mx/?ruta=cuayuca
1,Barberia Ballesteros Barber Shop,estética,60,18.464832,-97.389924,https://mitehuacan.mx/?ruta=cuayuca
1,Barberia Gallardo,estética,63,18.462879,-97.387684,https://mitehuacan.mx/?ruta=cuayuca
1,Barberia Armandos,estética,65,18.473245,-97.392217,https://mitehuacan.mx/?ruta=cuayuca
1,Drean Lashes Aplicacion De Pestañas,estética,65,18.465702,-97.386422,https://mitehuacan.mx/?ruta=cuayuca
1,Peluqueria El Diamante,estética,66,18.464809,-97.386414,https://mitehuacan.mx/?ruta=cuayuca
1,Estetica Marce,estética,67,18.46754,-97.39142,https://mitehuacan.mx/?ruta=cuayuca
1,Estetica Mia,estética,69,18.479768,-97.399762,https://mitehuacan.mx/?ruta=cuayuca
1,Estetica Luisita,estética,71,18.460727,-97.387823,https://mitehuacan.mx/?ruta=cuayuca
1,Estetica Black And Wite,estética,73,18.471356,-97.39219,https://mitehuacan.mx/?ruta=cuayuca
1,Extravaganza,estética,73,18.471775,-97.392187,https://mitehuacan.mx/?ruta=cuayuca
1,Salon Y Spa Yetro,estética,73,18.467591,-97.391318,https://mitehuacan.mx/?ruta=cuayuca
1,Servicio De Tatuajes Ramons Tattoo,estética,77,18.464835,-97.390085,https://mitehuacan.mx/?ruta=cuayuca
1,Spa Oh My Lashes,estética,77,18.464835,-97.390085,https://mitehuacan.mx/?ruta=cuayuca
1,Estetica Athelier,estética,78,18.464917,-97.390092,https://mitehuacan.mx/?ruta=cuayuca
1,Servicio De Tatuajes Veneno,estética,81,18.458423,-97.390239,https://mitehuacan.mx/?ruta=cuayuca
1,Estetica Maribel,estética,84,18.46089,-97.390227,https://mitehuacan.mx/?ruta=cuayuca
1,Estetica Chelita,estética,87,18.460693,-97.386325,https://mitehuacan.mx/?ruta=cuayuca
1,Estetica Diannails,estética,87,18.469731,-97.389349,https://mitehuacan.mx/?ruta=cuayuca
1,Salon De Belleza Nale Studio,estética,89,18.466125,-97.391332,https://mitehuacan.mx/?ruta=cuayuca
1,Estetica Unisex Studio Reforma,estética,95,18.466162,-97.394031,https://mitehuacan.mx/?ruta=cuayuca
1,Estetica Love,estética,98,18.472549,-97.393879,https://mitehuacan.mx/?ruta=cuayuca
1,Estetica Sanlops,estética,98,18.465882,-97.390277,https://mitehuacan.mx/?ruta=cuayuca
1,Aplicacion De Uñas Shey Nails,estética,100,18.464405,-97.388419,https://mitehuacan.mx/?ruta=cuayuca
1,Estetica Liso Beauty Estudio,estética,100,18.467879,-97.392987,https://mitehuacan.mx/?ruta=cuayuca
1,Estetica Sin Nombre,estética,100,18.46465,-97.388408,https://mitehuacan.mx/?ruta=cuayuca
1,Young Skin,estética,102,18.47264,-97.393877,https://mitehuacan.mx/?ruta=cuayuca
1,Ballesteros Barber Shop,estética,104,18.46484,-97.390341,https://mitehuacan.mx/?ruta=cuayuca
1,Salon Spa Nails A Lashes,estética,104,18.475941,-97.432929,https://mitehuacan.mx/?ruta=cuayuca
1,Estetica Angeles,estética,105,18.473114,-97.429846,https://mitehuacan.mx/?ruta=cuayuca
1,Estetica Mariel,estética,105,18.462835,-97.386101,https://mitehuacan.mx/?ruta=cuayuca
1,Esteica Linda,estética,107,18.476225,-97.393259,https://mitehuacan.mx/?ruta=cuayuca
1,Peluqueria Mikels,estética,108,18.547397,-97.485005,https://mitehuacan.mx/?ruta=cuayuca
1,Decoracion De Uñas Sin Nombre,estética,109,18.462778,-97.388304,https://mitehuacan.mx/?ruta=cuayuca
1,Estetica Sin Nombre,estética,111,18.480197,-97.446301,https://mitehuacan.mx/?ruta=cuayuca
1,Estetica Dylan Paul,estética,114,18.473381,-97.431326,https://mitehuacan.mx/?ruta=cuayuca
1,Peluqueria Sin Nombre,estética,117,18.549075,-97.484897,https://mitehuacan.mx/?ruta=cuayuca
1,Peluqueria Rafa,estética,123,18.477241,-97.398699,https://mitehuacan.mx/?ruta=cuayuca
1,Estetica Aurora,estética,124,18.465106,-97.385868,https://mitehuacan.mx/?ruta=cuayuca
1,Peluqueria Los Angeles,estética,124,18.478964,-97.399846,https://mitehuacan.mx/?ruta=cuayuca
1,Peluqueria Mundo,estética,125,18.465649,-97.385855,https://mitehuacan.mx/?ruta=cuayuca
1,Peluqueria Y Estetica El Gran Tocador,estética,127,18.465781,-97.391335,https://mitehuacan.mx/?ruta=cuayuca
1,Servicio De Barberia,estética,127,18.45744,-97.387943,https://mitehuacan.mx/?ruta=cuayuca
1,Barber Shop Big Boy,estética,128,18.457483,-97.389336,https://mitehuacan.mx/?ruta=cuayuca
1,Estetica Ibe,estética,128,18.457452,-97.388493,https://mitehuacan.mx/?ruta=cuayuca
1,Estetica Unisex Estilo,estética,128,18.457479,-97.389279,https://mitehuacan.mx/?ruta=cuayuca
1,Nails Love Boutique,estética,128,18.457497,-97.389649,https://mitehuacan.mx/?ruta=cuayuca
1,Estetica Maybelin,estética,130,18.464802,-97.385807,https://mitehuacan.mx/?ruta=cuayuca
1,Estetica Santos,estética,131,18.513971,-97.49889,https://mitehuacan.mx/?ruta=cuayuca
1,Manhattan Studio,estética,131,18.464926,-97.390594,https://mitehuacan.mx/?ruta=cuayuca
1,Estetica Maldonado,estética,134,18.472182,-97.391603,https://mitehuacan.mx/?ruta=cuayuca
1,Peluqueria El Sol,estética,134,18.459118,-97.390754,https://mitehuacan.mx/?ruta=cuayuca
1,Tienda De Bisuteria Sin Nombre,estética,134,18.459244,-97.390753,https://mitehuacan.mx/?ruta=cuayuca
1,Vicdane Salon,estética,134,18.473631,-97.433092,https://mitehuacan.mx/?ruta=cuayuca
1,Estetica Maya Huel,estética,135,18.476571,-97.398394,https://mitehuacan.mx/?ruta=cuayuca
1,Barber Shop Sin Nombre,estética,136,18.543517,-97.489795,https://mitehuacan.mx/?ruta=cuayuca
1,Salon De Belleza Bloomy Lashes,estética,136,18.465739,-97.392928,https://mitehuacan.mx/?ruta=cuayuca
1,Estetica Fashion Nails,estética,137,18.459724,-97.390751,https://mitehuacan.mx/?ruta=cuayuca
1,Estetica Unisex Ariana,estética,137,18.45976,-97.39075,https://mitehuacan.mx/?ruta=cuayuca
1,Estetica Unisex Sin Nombre,estética,137,18.457364,-97.388164,https://mitehuacan.mx/?ruta=cuayuca
1,Spa Cabina Metamorfosis,estética,137,18.465734,-97.393051,https://mitehuacan.mx/?ruta=cuayuca
1,Tatuajes Black Letters Ink,estética,137,18.465734,-97.393051,https://mitehuacan.mx/?ruta=cuayuca
1,Tienda De Tatuajes Y Piercing Firme Tinta,estética,137,18.457368,-97.388354,https://mitehuacan.mx/?ruta=cuayuca
1,Estetica Viseroy,estética,138,18.473515,-97.432783,https://mitehuacan.mx/?ruta=cuayuca
1,Estudio De Arte Utopia Studio,estética,139,18.462859,-97.390654,https://mitehuacan.mx/?ruta=cuayuca
1,Perforaciones Para El Cuerpo Teocalli,estética,139,18.462859,-97.390654,https://mitehuacan.mx/?ruta=cuayuca
1,Tatoos Y Piercing Hackalo,estética,139,18.462859,-97.390654,https://mitehuacan.mx/?ruta=cuayuca
1,Barberia Kings,estética,146,18.464928,-97.390737,https://mitehuacan.mx/?ruta=cuayuca
1,Peluqueria Y Barberia Sin Nombre,estética,146,18.460673,-97.385766,https://mitehuacan.mx/?ruta=cuayuca
1,Estetica Mari Fer,estética,147,18.549592,-97.489441,https://mitehuacan.mx/?ruta=cuayuca
1,Estetica Unisex Sin Nombre,estética,149,18.458663,-97.390919,https://mitehuacan.mx/?ruta=cuayuca
1,Spa Con Servicios Podologicos Lineosovi,estética,149,18.457333,-97.386628,https://mitehuacan.mx/?ruta=cuayuca
1,Estetica Unisex Interbel,estética,150,18.462495,-97.390763,https://mitehuacan.mx/?ruta=cuayuca
1,Farmaceuticas Del Carmen,farmacia,0,18.469256,-97.393941,https://mitehuacan.mx/?ruta=cuayuca
1,Farmacia San Fancisco,farmacia,0,18.54758,-97.48999,https://mitehuacan.mx/?ruta=cuayuca
1,Farmacia De Apoyo Sucursal 2,farmacia,1,18.47089,-97.394144,https://mitehuacan.mx/?ruta=cuayuca
1,Farmacia De Apoyo Sucursal 16,farmacia,2,18.474581,-97.431958,https://mitehuacan.mx/?ruta=cuayuca
1,Farmacia Optima,farmacia,2,18.475642,-97.39631,https://mitehuacan.mx/?ruta=cuayuca
1,Venta De Productos Farmaceuticos Botica Del Mercado,farmacia,3,18.459667,-97.389483,https://mitehuacan.mx/?ruta=cuayuca
1,Farmacia De Apoyo,farmacia,4,18.477976,-97.397848,https://mitehuacan.mx/?ruta=cuayuca
1,Farmacias Del Ahorro Pue Petl Tehuacan Liberacion,farmacia,4,18.476965,-97.397182,https://mitehuacan.mx/?ruta=cuayuca
1,Farmacia de Apoyo,farmacia,4,18.460864,-97.389397,https://mitehuacan.mx/?ruta=cuayuca
1,Farmacia Y Mas,farmacia,5,18.548117,-97.487687,https://mitehuacan.mx/?ruta=cuayuca
1,Farmacias Similares,farmacia,5,18.474992,-97.395476,https://mitehuacan.mx/?ruta=cuayuca
1,Farmacias Similares,farmacia,6,18.458655,-97.388072,https://mitehuacan.mx/?ruta=cuayuca
1,Farmacias Similares,farmacia,6,18.461701,-97.389463,https://mitehuacan.mx/?ruta=cuayuca
1,Farmacia de Ahorro,farmacia,6,18.460775,-97.389493,https://mitehuacan.mx/?ruta=cuayuca
1,Farmacia Del Centro,farmacia,7,18.548275,-97.488631,https://mitehuacan.mx/?ruta=cuayuca
1,Farmacia San Jose,farmacia,7,18.548556,-97.485869,https://mitehuacan.mx/?ruta=cuayuca
1,Farmacia De Apoyo,farmacia,8,18.477489,-97.439218,https://mitehuacan.mx/?ruta=cuayuca
1,Farmacia Pasteur,farmacia,8,18.460487,-97.389371,https://mitehuacan.mx/?ruta=cuayuca
1,Farmacia San Francisco,farmacia,8,18.470353,-97.394026,https://mitehuacan.mx/?ruta=cuayuca
1,Farmacias San Pio,farmacia,8,18.488992,-97.404104,https://mitehuacan.mx/?ruta=cuayuca
1,Farmacia Esperanza,farmacia,9,18.513782,-97.496591,https://mitehuacan.mx/?ruta=cuayuca
1,Farmacia Apoyo Popular,farmacia,10,18.460893,-97.389336,https://mitehuacan.mx/?ruta=cuayuca
1,Farmacia Lilota,farmacia,10,18.509993,-97.490916,https://mitehuacan.mx/?ruta=cuayuca
1,Farmacia Optima,farmacia,10,18.464232,-97.386957,https://mitehuacan.mx/?ruta=cuayuca
1,Farmacias La Luz,farmacia,10,18.46503,-97.386944,https://mitehuacan.mx/?ruta=cuayuca
1,Farmacias Similares,farmacia,10,18.471386,-97.392783,https://mitehuacan.mx/?ruta=cuayuca
1,Farmacia Farmex,farmacia,12,18.460707,-97.387036,https://mitehuacan.mx/?ruta=cuayuca
1,Farmacias Guadalajara Suc 2780,farmacia,14,18.470449,-97.393838,https://mitehuacan.mx/?ruta=cuayuca
1,Farmacias Similares,farmacia,16,18.475021,-97.432517,https://mitehuacan.mx/?ruta=cuayuca
1,Farmacia de Apoyo,farmacia,16,18.46298,-97.389497,https://mitehuacan.mx/?ruta=cuayuca
1,Farmacias Del Ahorro Pue Pe3O 3 Oriente,farmacia,17,18.460764,-97.389602,https://mitehuacan.mx/?ruta=cuayuca
1,Farmacia De Apoyo Sucursal 24,farmacia,19,18.462946,-97.389518,https://mitehuacan.mx/?ruta=cuayuca
1,Farmacia San Salvador,farmacia,23,18.466808,-97.386849,https://mitehuacan.mx/?ruta=cuayuca
1,Farmacia De Apoyo,farmacia,27,18.462948,-97.389595,https://mitehuacan.mx/?ruta=cuayuca
1,Farmacia Farma Ortiz,farmacia,48,18.468617,-97.391404,https://mitehuacan.mx/?ruta=cuayuca
1,Farmacia Y Perfumeria Victorino,farmacia,76,18.458637,-97.390227,https://mitehuacan.mx/?ruta=cuayuca
1,Venta De Medicamentos Farmacia De La Economia,farmacia,78,18.462787,-97.388598,https://mitehuacan.mx/?ruta=cuayuca
1,Farmacias Similares,farmacia,81,18.46078,-97.390203,https://mitehuacan.mx/?ruta=cuayuca
1,Farma Plus,farmacia,83,18.548383,-97.485046,https://mitehuacan.mx/?ruta=cuayuca
1,Farmacia Juquilita,farmacia,84,18.547672,-97.485187,https://mitehuacan.mx/?ruta=cuayuca
1,Farmacias San Pio,farmacia,89,18.466164,-97.392918,https://mitehuacan.mx/?ruta=cuayuca
1,Farmacia Victorinox,farmacia,92,18.45866,-97.390378,https://mitehuacan.mx/?ruta=cuayuca
1,Farmacias Similares,farmacia,99,18.462888,-97.388024,https://mitehuacan.mx/?ruta=cuayuca
1,Venta De Medicamentos Farmacia El Pastillero,farmacia,105,18.460829,-97.388446,https://mitehuacan.mx/?ruta=cuayuca
1,Farmacia La Sagrada Familia,farmacia,119,18.4762,-97.433422,https://mitehuacan.mx/?ruta=cuayuca
1,Farmacia Sin Nombre,farmacia,120,18.470137,-97.391379,https://mitehuacan.mx/?ruta=cuayuca
1,Farmacia De Genericos,farmacia,123,18.46051,-97.385988,https://mitehuacan.mx/?ruta=cuayuca
1,Farmacia el pastillero,farmacia,140,18.46086,-97.390762,https://mitehuacan.mx/?ruta=cuayuca
1,Tornilleria Y Hules Tehuacan,ferretería,0,18.462382,-97.3871,https://mitehuacan.mx/?ruta=cuayuca
1,Ferrejarceria,ferretería,1,18.489832,-97.404686,https://mitehuacan.mx/?ruta=cuayuca
1,El Ferretero,ferretería,2,18.462812,-97.389317,https://mitehuacan.mx/?ruta=cuayuca
1,Ferretera Arriaga,ferretería,2,18.462252,-97.389331,https://mitehuacan.mx/?ruta=cuayuca
1,Ferremateriales Hermanos Mendoza,ferretería,3,18.475383,-97.426707,https://mitehuacan.mx/?ruta=cuayuca
1,Ferreteria Caysma,ferretería,4,18.548299,-97.489485,https://mitehuacan.mx/?ruta=cuayuca
1,Ferreteria El Ferretero,ferretería,5,18.464915,-97.389396,https://mitehuacan.mx/?ruta=cuayuca
1,Ferreteria El Proveedor Ferretero,ferretería,5,18.46322,-97.389308,https://mitehuacan.mx/?ruta=cuayuca
1,Ferreteria Mexico,ferretería,5,18.46322,-97.389308,https://mitehuacan.mx/?ruta=cuayuca
1,Ferreteria Gomez Ollivier,ferretería,6,18.474921,-97.433475,https://mitehuacan.mx/?ruta=cuayuca
1,Ferreteria La Ferre De Gabriel,ferretería,6,18.467065,-97.393786,https://mitehuacan.mx/?ruta=cuayuca
1,Ecodisa Tienda De Tuberia Para Drenaje Y Agua Potable,ferretería,8,18.475105,-97.434294,https://mitehuacan.mx/?ruta=cuayuca
1,Ferreteria Americana,ferretería,8,18.462606,-97.387019,https://mitehuacan.mx/?ruta=cuayuca
1,Hernandez Moro Ferre Materiales,ferretería,8,18.544533,-97.490735,https://mitehuacan.mx/?ruta=cuayuca
1,Ferreteria Comercial Gonzalez,ferretería,9,18.46087,-97.389517,https://mitehuacan.mx/?ruta=cuayuca
1,Ferreteria King,ferretería,9,18.46426,-97.389282,https://mitehuacan.mx/?ruta=cuayuca
1,Ferretria Rodriguez,ferretería,9,18.514819,-97.498149,https://mitehuacan.mx/?ruta=cuayuca
1,Refacciones Electricas,ferretería,9,18.515664,-97.499411,https://mitehuacan.mx/?ruta=cuayuca
1,Tripay Del Centro,ferretería,9,18.461293,-97.389346,https://mitehuacan.mx/?ruta=cuayuca
1,Distribuciones Jorta,ferretería,10,18.459184,-97.389387,https://mitehuacan.mx/?ruta=cuayuca
1,Ferreteria Arriaga,ferretería,10,18.46086,-97.38705,https://mitehuacan.mx/?ruta=cuayuca
1,Distribuidora De Materiales La Mixteca Solis,ferretería,12,18.474375,-97.430011,https://mitehuacan.mx/?ruta=cuayuca
1,Ferreterias El Charrito,ferretería,14,18.475298,-97.433712,https://mitehuacan.mx/?ruta=cuayuca
1,Ferretera Leon,ferretería,25,18.460874,-97.389668,https://mitehuacan.mx/?ruta=cuayuca
1,Ferreteria Gomez Ollivier,ferretería,26,18.490654,-97.404979,https://mitehuacan.mx/?ruta=cuayuca
1,Tornilleria Independencia,ferretería,31,18.460704,-97.386856,https://mitehuacan.mx/?ruta=cuayuca
1,Papeleria Y Ferreteria Del Centro,ferretería,33,18.547308,-97.486097,https://mitehuacan.mx/?ruta=cuayuca
1,Todo Para Agua Calentadores Solares,ferretería,33,18.468752,-97.391402,https://mitehuacan.mx/?ruta=cuayuca
1,Ferreteria Casa Solec,ferretería,35,18.47533,-97.433064,https://mitehuacan.mx/?ruta=cuayuca
1,Articulos Para Casa Y Negocio Gas Rey,ferretería,41,18.460801,-97.387536,https://mitehuacan.mx/?ruta=cuayuca
1,La Ferre De La 3,ferretería,41,18.469419,-97.391288,https://mitehuacan.mx/?ruta=cuayuca
1,Sucursal El Gallo Ferreteria,ferretería,46,18.460723,-97.387586,https://mitehuacan.mx/?ruta=cuayuca
1,Todo Pa Gas Y Agua Bianchi Gas,ferretería,46,18.460776,-97.386711,https://mitehuacan.mx/?ruta=cuayuca
1,Ferreteria El Ferretero,ferretería,62,18.462839,-97.389925,https://mitehuacan.mx/?ruta=cuayuca
1,Todo Para Gas Y Agua Bianchi Gas,ferretería,63,18.460697,-97.386553,https://mitehuacan.mx/?ruta=cuayuca
1,Tornillera De Tehuacan,ferretería,64,18.462879,-97.387694,https://mitehuacan.mx/?ruta=cuayuca
1,Todo Para Gas Y Agua Bianchi Gas,ferretería,84,18.460743,-97.388639,https://mitehuacan.mx/?ruta=cuayuca
1,Ferreteria Trucar,ferretería,86,18.548254,-97.490654,https://mitehuacan.mx/?ruta=cuayuca
1,Ferreteria Leon,ferretería,88,18.460891,-97.390265,https://mitehuacan.mx/?ruta=cuayuca
1,Ferreteria Arriaga Ferreteria,ferretería,89,18.458444,-97.390331,https://mitehuacan.mx/?ruta=cuayuca
1,Ferreteria Y Tlapaleria Del Mercado,ferretería,120,18.462853,-97.390474,https://mitehuacan.mx/?ruta=cuayuca
1,Ave Ferreteria,ferretería,137,18.459977,-97.390749,https://mitehuacan.mx/?ruta=cuayuca
1,Electrica Codesa,ferretería,149,18.462332,-97.390762,https://mitehuacan.mx/?ruta=cuayuca
1,Motel Luxor,hotel,2,18.475715,-97.396356,https://mitehuacan.mx/?ruta=cuayuca
1,Hotel Ivanna Thais,hotel,6,18.458638,-97.387818,https://mitehuacan.mx/?ruta=cuayuca
1,Hotel & Spa Casa Cantarranas,hotel,7,18.481147,-97.39992,https://mitehuacan.mx/?ruta=cuayuca
1,Motel Bamboo,hotel,7,18.51768,-97.502402,https://mitehuacan.mx/?ruta=cuayuca
1,Casa Cantarranas,hotel,9,18.480958,-97.399842,https://mitehuacan.mx/?ruta=cuayuca
1,Hotel Luxor,hotel,10,18.465447,-97.38694,https://mitehuacan.mx/?ruta=cuayuca
1,Hotel El Campanario,hotel,11,18.462149,-97.389459,https://mitehuacan.mx/?ruta=cuayuca
1,Hotel La Suiza,hotel,11,18.459076,-97.389388,https://mitehuacan.mx/?ruta=cuayuca
1,Hotel Granada,hotel,13,18.4585,-97.388709,https://mitehuacan.mx/?ruta=cuayuca
1,Hotel Casa Amador,hotel,18,18.462867,-97.387258,https://mitehuacan.mx/?ruta=cuayuca
1,Hotel San Lorenzo,hotel,18,18.474636,-97.430894,https://mitehuacan.mx/?ruta=cuayuca
1,Motel El Camino,hotel,18,18.474694,-97.43114,https://mitehuacan.mx/?ruta=cuayuca
1,Hotel Belen,hotel,23,18.464896,-97.389134,https://mitehuacan.mx/?ruta=cuayuca
1,Hotel Casa Del Prado,hotel,45,18.461576,-97.389853,https://mitehuacan.mx/?ruta=cuayuca
1,Hotel Posada Del Viajero,hotel,56,18.462792,-97.388806,https://mitehuacan.mx/?ruta=cuayuca
1,Hotel Granada,hotel,66,18.458022,-97.388704,https://mitehuacan.mx/?ruta=cuayuca
1,Hotel Emperador,hotel,72,18.45823,-97.386627,https://mitehuacan.mx/?ruta=cuayuca
1,Luna Spa,hotel,83,18.548086,-97.485105,https://mitehuacan.mx/?ruta=cuayuca
1,Hotelitto Inn,hotel,87,18.460834,-97.388616,https://mitehuacan.mx/?ruta=cuayuca
1,Hotel Monroy,hotel,95,18.466162,-97.394031,https://mitehuacan.mx/?ruta=cuayuca
1,Hotel Mendoza,hotel,99,18.46069,-97.386211,https://mitehuacan.mx/?ruta=cuayuca
1,Motel Peñafiel,hotel,109,18.485033,-97.403271,https://mitehuacan.mx/?ruta=cuayuca
1,Hotel Alejandrina,hotel,114,18.465881,-97.390939,https://mitehuacan.mx/?ruta=cuayuca
1,Motel Boutique Diamante,hotel,127,18.475858,-97.423841,https://mitehuacan.mx/?ruta=cuayuca
1,Hotel Motel Pasion,hotel,137,18.457369,-97.388401,https://mitehuacan.mx/?ruta=cuayuca
1,Comercializadora Terrecasas,inmobiliaria,6,18.466955,-97.390402,https://mitehuacan.mx/?ruta=cuayuca
1,Gruvasa Inmobiliaria,inmobiliaria,11,18.469991,-97.392819,https://mitehuacan.mx/?ruta=cuayuca
1,Inmoviliaria Fincasa,inmobiliaria,15,18.462927,-97.3892,https://mitehuacan.mx/?ruta=cuayuca
1,Grupo Inmobiliario La Union,inmobiliaria,16,18.462867,-97.387239,https://mitehuacan.mx/?ruta=cuayuca
1,Inmobiliaria,inmobiliaria,55,18.490053,-97.406051,https://mitehuacan.mx/?ruta=cuayuca
1,D D Inmobiliaria,inmobiliaria,86,18.466155,-97.391436,https://mitehuacan.mx/?ruta=cuayuca
1,Administracion Plaza El Mezon,inmobiliaria,91,18.461501,-97.390292,https://mitehuacan.mx/?ruta=cuayuca
1,Inmobiliaria Tehuacan,inmobiliaria,108,18.472948,-97.393873,https://mitehuacan.mx/?ruta=cuayuca
1,Inmobiliaria Multiventas,inmobiliaria,110,18.460896,-97.390474,https://mitehuacan.mx/?ruta=cuayuca
1,Inmobiliaria Jc,inmobiliaria,116,18.470292,-97.391808,https://mitehuacan.mx/?ruta=cuayuca
1,Inmobiliaria La Roca,inmobiliaria,130,18.460678,-97.385918,https://mitehuacan.mx/?ruta=cuayuca
1,Venta De Terrenos Palma,inmobiliaria,139,18.462859,-97.390654,https://mitehuacan.mx/?ruta=cuayuca
1,Inmobiliaria Grupo Independiente De Remates,inmobiliaria,149,18.462287,-97.390762,https://mitehuacan.mx/?ruta=cuayuca
1,Talcheria Lupita,llantera,1,18.474499,-97.431593,https://mitehuacan.mx/?ruta=cuayuca
1,Vulcanizadora El Yuca,llantera,1,18.48817,-97.405503,https://mitehuacan.mx/?ruta=cuayuca
1,Vulcanizadora Sin Nombre,llantera,1,18.547885,-97.489901,https://mitehuacan.mx/?ruta=cuayuca
1,Talacheria Sin Nombre,llantera,2,18.478249,-97.422371,https://mitehuacan.mx/?ruta=cuayuca
1,Vulcanizadora Lagunes,llantera,2,18.488895,-97.405501,https://mitehuacan.mx/?ruta=cuayuca
1,Vulcanizadora Remi,llantera,4,18.475841,-97.426165,https://mitehuacan.mx/?ruta=cuayuca
1,Llantera Leon,llantera,5,18.474815,-97.433005,https://mitehuacan.mx/?ruta=cuayuca
1,Vulcanizadora De Llantas,llantera,5,18.48812,-97.403764,https://mitehuacan.mx/?ruta=cuayuca
1,Multillantas Y Servicios Rodmar,llantera,7,18.475031,-97.433964,https://mitehuacan.mx/?ruta=cuayuca
1,Vulcanizadora Sin Nombre,llantera,7,18.54395,-97.490935,https://mitehuacan.mx/?ruta=cuayuca
1,Vulcanizadora Martinez,llantera,9,18.477641,-97.439463,https://mitehuacan.mx/?ruta=cuayuca
1,Vulcanizadora El Copete,llantera,10,18.459033,-97.387106,https://mitehuacan.mx/?ruta=cuayuca
1,Vulcanizadora Pozos,llantera,10,18.513207,-97.495735,https://mitehuacan.mx/?ruta=cuayuca
1,Compra Venta De Llantas Rodriguez,llantera,11,18.478126,-97.440244,https://mitehuacan.mx/?ruta=cuayuca
1,Talacheria El Mero Pato,llantera,11,18.473587,-97.427998,https://mitehuacan.mx/?ruta=cuayuca
1,Vulcanizadora Y Lubricantes Rojam,llantera,11,18.480587,-97.399392,https://mitehuacan.mx/?ruta=cuayuca
1,Vulcanizadora Y Pension Juanpy,llantera,11,18.479879,-97.443224,https://mitehuacan.mx/?ruta=cuayuca
1,Talacheria Sin Nombre,llantera,12,18.508292,-97.488387,https://mitehuacan.mx/?ruta=cuayuca
1,Vulcanizadora Centro Llantero Sin Nombre,llantera,12,18.468384,-97.393852,https://mitehuacan.mx/?ruta=cuayuca
1,Vulcanizadora Gomez,llantera,12,18.475415,-97.434285,https://mitehuacan.mx/?ruta=cuayuca
1,Vulcanizadora El Guero,llantera,17,18.474786,-97.431526,https://mitehuacan.mx/?ruta=cuayuca
1,Llantas Industriales,llantera,19,18.473559,-97.427903,https://mitehuacan.mx/?ruta=cuayuca
1,Talacheria,llantera,23,18.514545,-97.497191,https://mitehuacan.mx/?ruta=cuayuca
1,Llantera Neumaticar,llantera,43,18.479564,-97.398355,https://mitehuacan.mx/?ruta=cuayuca
1,Venta De Llantas Sin Nombre,llantera,81,18.461412,-97.386367,https://mitehuacan.mx/?ruta=cuayuca
1,Llantera Contreras,llantera,95,18.473506,-97.427008,https://mitehuacan.mx/?ruta=cuayuca
1,Multillantas De Tehuacan,llantera,102,18.473223,-97.427108,https://mitehuacan.mx/?ruta=cuayuca
1,Vitalizadora La Union,llantera,105,18.462178,-97.388102,https://mitehuacan.mx/?ruta=cuayuca
1,Vulcanizadora San Nicolas,llantera,121,18.477103,-97.398581,https://mitehuacan.mx/?ruta=cuayuca
1,Vulcanizadora Roberto,llantera,142,18.45735,-97.389236,https://mitehuacan.mx/?ruta=cuayuca
1,Carpinteria Sin Nombre,muebles,2,18.475414,-97.426656,https://mitehuacan.mx/?ruta=cuayuca
1,Doña Cama Y Don Ropero,muebles,2,18.460593,-97.387134,https://mitehuacan.mx/?ruta=cuayuca
1,Muebleria Bonanza,muebles,2,18.466908,-97.391607,https://mitehuacan.mx/?ruta=cuayuca
1,Muebles Tapia Rusticos,muebles,2,18.467239,-97.394013,https://mitehuacan.mx/?ruta=cuayuca
1,Venta De Muebles Bruno,muebles,2,18.464254,-97.387032,https://mitehuacan.mx/?ruta=cuayuca
1,Mueblería Delfer,muebles,3,18.460443,-97.389475,https://mitehuacan.mx/?ruta=cuayuca
1,Muebleria Ofilinea,muebles,4,18.465594,-97.38939,https://mitehuacan.mx/?ruta=cuayuca
1,Muebleria Sin Nombre,muebles,4,18.458558,-97.388095,https://mitehuacan.mx/?ruta=cuayuca
1,Rb Decoraciones,muebles,4,18.466864,-97.39051,https://mitehuacan.mx/?ruta=cuayuca
1,Articulos Para Tapiceria Anita,muebles,5,18.463522,-97.389425,https://mitehuacan.mx/?ruta=cuayuca
1,Aceros Y Concretos Industriales Y Residenciales,muebles,11,18.479767,-97.443032,https://mitehuacan.mx/?ruta=cuayuca
1,Muebleria Sin Nombre,muebles,11,18.511234,-97.492783,https://mitehuacan.mx/?ruta=cuayuca
1,Muebleria Sin Nombre,muebles,11,18.471918,-97.39277,https://mitehuacan.mx/?ruta=cuayuca
1,Tapiceria Diaz,muebles,16,18.464825,-97.389507,https://mitehuacan.mx/?ruta=cuayuca
1,Carpinteria La 15 Letras,muebles,21,18.467039,-97.389275,https://mitehuacan.mx/?ruta=cuayuca
1,Muebleria Los Angeles,muebles,22,18.460796,-97.387356,https://mitehuacan.mx/?ruta=cuayuca
1,Muebles Secundino,muebles,59,18.468514,-97.391303,https://mitehuacan.mx/?ruta=cuayuca
1,Taller De Tapiceria Sin Nombre,muebles,61,18.464738,-97.386464,https://mitehuacan.mx/?ruta=cuayuca
1,Tapiceria Jose Luis,muebles,64,18.46149,-97.386526,https://mitehuacan.mx/?ruta=cuayuca
1,Muebleria Feria Del Mueble,muebles,76,18.460745,-97.388714,https://mitehuacan.mx/?ruta=cuayuca
1,Carpinteria Lopez,muebles,85,18.549235,-97.485609,https://mitehuacan.mx/?ruta=cuayuca
1,Muebleria Berimoro,muebles,85,18.546978,-97.48658,https://mitehuacan.mx/?ruta=cuayuca
1,Taller De Madera Muebles Y Esculturas,muebles,93,18.458344,-97.390332,https://mitehuacan.mx/?ruta=cuayuca
1,Carpinteria Sin Nombre,muebles,110,18.490205,-97.4037,https://mitehuacan.mx/?ruta=cuayuca
1,Muebleria Doña Cama Y Don Ropero,muebles,118,18.459318,-97.386074,https://mitehuacan.mx/?ruta=cuayuca
1,Muebleria Secundino,muebles,125,18.46283,-97.385912,https://mitehuacan.mx/?ruta=cuayuca
1,Pastelix,panadería,46,18.467348,-97.391525,https://mitehuacan.mx/?ruta=cuayuca
1,Panadería La Paz,panadería,83,18.466174,-97.391306,https://mitehuacan.mx/?ruta=cuayuca
1,Rafaccionaria Autoelectrica Calva,refacciones,0,18.462346,-97.387101,https://mitehuacan.mx/?ruta=cuayuca
1,Accesorios Automotriz Roymar,refacciones,1,18.489803,-97.40467,https://mitehuacan.mx/?ruta=cuayuca
1,Refaccionaria Electrica Automotriz Trumor,refacciones,1,18.489864,-97.40554,https://mitehuacan.mx/?ruta=cuayuca
1,Venta Mofles,refacciones,2,18.474581,-97.431958,https://mitehuacan.mx/?ruta=cuayuca
1,Tractopartes De Suspension Jimenez,refacciones,3,18.477752,-97.423143,https://mitehuacan.mx/?ruta=cuayuca
1,Distribuidora Hidraulica Del Sureste,refacciones,4,18.466491,-97.387023,https://mitehuacan.mx/?ruta=cuayuca
1,Venta De Partes Para Muelles Castillo,refacciones,7,18.469144,-97.392141,https://mitehuacan.mx/?ruta=cuayuca
1,Auto Estereos,refacciones,9,18.514049,-97.49699,https://mitehuacan.mx/?ruta=cuayuca
1,Refaccionaria Rodriguez,refacciones,9,18.5161,-97.500071,https://mitehuacan.mx/?ruta=cuayuca
1,Venta De Accesorios Automotrices Sin Nombre,refacciones,9,18.462063,-97.387029,https://mitehuacan.mx/?ruta=cuayuca
1,Refacciones La Hermita,refacciones,11,18.47799,-97.440023,https://mitehuacan.mx/?ruta=cuayuca
1,Mikels,refacciones,12,18.472789,-97.394861,https://mitehuacan.mx/?ruta=cuayuca
1,Autoelectrica Mejia,refacciones,20,18.473556,-97.427894,https://mitehuacan.mx/?ruta=cuayuca
1,Compra Venta De Accesorios Para Automoviles Blacky,refacciones,45,18.458628,-97.389939,https://mitehuacan.mx/?ruta=cuayuca
1,Refaccionaria Macsa,refacciones,50,18.464889,-97.388878,https://mitehuacan.mx/?ruta=cuayuca
1,Mr Web,refacciones,55,18.460725,-97.387672,https://mitehuacan.mx/?ruta=cuayuca
1,MULTIREFAX,refacciones,61,18.462839,-97.386518,https://mitehuacan.mx/?ruta=cuayuca
1,Autopartes Avendaño,refacciones,63,18.462729,-97.386494,https://mitehuacan.mx/?ruta=cuayuca
1,Partes Automotrices De Emergencia,refacciones,90,18.462968,-97.390195,https://mitehuacan.mx/?ruta=cuayuca
1,Balatas De Tehuacan,refacciones,97,18.462837,-97.386177,https://mitehuacan.mx/?ruta=cuayuca
1,Parabrisas Vitrocar Tehuacan,refacciones,115,18.475548,-97.3975,https://mitehuacan.mx/?ruta=cuayuca
1,Refaccionaria Apymsa,refacciones,117,18.473154,-97.426982,https://mitehuacan.mx/?ruta=cuayuca
1,Parabrisas Luigi,refacciones,125,18.476377,-97.393796,https://mitehuacan.mx/?ruta=cuayuca
1,Representaciones Industriales Y Comerciales Rosas,refacciones,126,18.457431,-97.387555,https://mitehuacan.mx/?ruta=cuayuca
1,Compra Venta De Accesorios Para Automoviles Blaky,refacciones,128,18.457493,-97.389564,https://mitehuacan.mx/?ruta=cuayuca
1,Diez Accesorios,refacciones,139,18.476503,-97.393793,https://mitehuacan.mx/?ruta=cuayuca
1,Caseta Peñafiel,restaurante,0,18.485985,-97.402662,https://mitehuacan.mx/?ruta=cuayuca
1,Desayunos La Tradicional,restaurante,0,18.547669,-97.489964,https://mitehuacan.mx/?ruta=cuayuca
1,Cemas Y Tortas Mama Gallina,restaurante,1,18.547204,-97.490099,https://mitehuacan.mx/?ruta=cuayuca
1,Cocina Economica Juquilita,restaurante,1,18.489832,-97.404686,https://mitehuacan.mx/?ruta=cuayuca
1,Comedor Nami,restaurante,1,18.474509,-97.43164,https://mitehuacan.mx/?ruta=cuayuca
1,Jazmin 213,restaurante,1,18.473021,-97.395103,https://mitehuacan.mx/?ruta=cuayuca
1,Pollos A La Leña Santa Fe,restaurante,1,18.548073,-97.489846,https://mitehuacan.mx/?ruta=cuayuca
1,Pollos Campestre,restaurante,1,18.489803,-97.40467,https://mitehuacan.mx/?ruta=cuayuca
1,Pollos El Dorado,restaurante,1,18.489832,-97.404686,https://mitehuacan.mx/?ruta=cuayuca
1,Pollos Mayas,restaurante,1,18.489803,-97.40467,https://mitehuacan.mx/?ruta=cuayuca
1,Taqueria Eben Ezer,restaurante,1,18.474442,-97.431337,https://mitehuacan.mx/?ruta=cuayuca
1,Taqueria Mariluz,restaurante,1,18.46904,-97.391423,https://mitehuacan.mx/?ruta=cuayuca
1,Venta De Alimentos Los Laureles,restaurante,1,18.469022,-97.391061,https://mitehuacan.mx/?ruta=cuayuca
1,Venta De Carnitas Sin Nombre,restaurante,1,18.461903,-97.387106,https://mitehuacan.mx/?ruta=cuayuca
1,Carnitas El Oasis,restaurante,2,18.487562,-97.40659,https://mitehuacan.mx/?ruta=cuayuca
1,Cocina Economica Divino Niño,restaurante,2,18.544215,-97.490985,https://mitehuacan.mx/?ruta=cuayuca
1,Cocina Economica Sin Nombre,restaurante,2,18.465422,-97.387016,https://mitehuacan.mx/?ruta=cuayuca
1,Desayunos La Esperanza,restaurante,2,18.478336,-97.422235,https://mitehuacan.mx/?ruta=cuayuca
1,Taqueria Kebab,restaurante,2,18.475037,-97.395957,https://mitehuacan.mx/?ruta=cuayuca
1,Taqueria Los Compadres,restaurante,2,18.474581,-97.431958,https://mitehuacan.mx/?ruta=cuayuca
1,Tienda Escolar Colegio Escudo Nacional,restaurante,2,18.548145,-97.489825,https://mitehuacan.mx/?ruta=cuayuca
1,Venta De Hamburguesas. Burguer Daddy,restaurante,2,18.462469,-97.389326,https://mitehuacan.mx/?ruta=cuayuca
1,Antojitos,restaurante,3,18.475284,-97.392854,https://mitehuacan.mx/?ruta=cuayuca
1,Carnita El Cochiloco,restaurante,3,18.475287,-97.426861,https://mitehuacan.mx/?ruta=cuayuca
1,Cocina Economica Norita,restaurante,3,18.458598,-97.388929,https://mitehuacan.mx/?ruta=cuayuca
1,El Carboncito,restaurante,3,18.548097,-97.487488,https://mitehuacan.mx/?ruta=cuayuca
1,Tortas Orozco,restaurante,3,18.462984,-97.389318,https://mitehuacan.mx/?ruta=cuayuca
1,Antojitos Mary Fer,restaurante,4,18.458579,-97.388522,https://mitehuacan.mx/?ruta=cuayuca
1,Antojitos Mexicanos Chaguita,restaurante,4,18.47529,-97.393035,https://mitehuacan.mx/?ruta=cuayuca
1,Cocina Economica Yomi,restaurante,4,18.47772,-97.423194,https://mitehuacan.mx/?ruta=cuayuca
1,Leña Y Vino,restaurante,4,18.482785,-97.415448,https://mitehuacan.mx/?ruta=cuayuca
1,Pizzas Archie S,restaurante,4,18.461133,-97.389468,https://mitehuacan.mx/?ruta=cuayuca
1,Pollos Asados El Flaco,restaurante,4,18.490259,-97.405511,https://mitehuacan.mx/?ruta=cuayuca
1,Restaurant Tres Marias,restaurante,4,18.476145,-97.437316,https://mitehuacan.mx/?ruta=cuayuca
1,Restaurante Bar Infinity,restaurante,4,18.466935,-97.392799,https://mitehuacan.mx/?ruta=cuayuca
1,Restaurante Mis Dos Regalos,restaurante,4,18.458569,-97.388323,https://mitehuacan.mx/?ruta=cuayuca
1,Rosticeria Pollos Guerrero,restaurante,4,18.461468,-97.389465,https://mitehuacan.mx/?ruta=cuayuca
1,Super Tortas Hidalguenses,restaurante,4,18.458581,-97.388569,https://mitehuacan.mx/?ruta=cuayuca
1,Taqueria Juquilita,restaurante,4,18.541705,-97.491854,https://mitehuacan.mx/?ruta=cuayuca
1,Taqueria Vic Taco,restaurante,4,18.463739,-97.389418,https://mitehuacan.mx/?ruta=cuayuca
1,Tilingo Lingo Restaurante,restaurante,4,18.473811,-97.395394,https://mitehuacan.mx/?ruta=cuayuca
1,Venta De Memelas Especiales Sin Nombre,restaurante,4,18.458563,-97.3882,https://mitehuacan.mx/?ruta=cuayuca
1,Antojitos Doña Pili,restaurante,5,18.488182,-97.403796,https://mitehuacan.mx/?ruta=cuayuca
1,Cemitas Mary,restaurante,5,18.458517,-97.387243,https://mitehuacan.mx/?ruta=cuayuca
1,Cocina Economica Don Pepe,restaurante,5,18.476477,-97.42519,https://mitehuacan.mx/?ruta=cuayuca
1,Restaurant Niña Bonita,restaurante,5,18.476484,-97.425179,https://mitehuacan.mx/?ruta=cuayuca
1,Tacos Y Cemas Don Rey,restaurante,5,18.548007,-97.487206,https://mitehuacan.mx/?ruta=cuayuca
1,Taqueria Don Pepe,restaurante,5,18.548164,-97.487229,https://mitehuacan.mx/?ruta=cuayuca
1,Venta De Antojitos Sin Nombre,restaurante,5,18.475135,-97.394587,https://mitehuacan.mx/?ruta=cuayuca
1,Antojitos Mary,restaurante,6,18.548467,-97.486403,https://mitehuacan.mx/?ruta=cuayuca
1,Antojitos Mexicanos Sin Nombre,restaurante,6,18.548246,-97.488234,https://mitehuacan.mx/?ruta=cuayuca
1,Jugueria El Solecito,restaurante,6,18.548282,-97.488897,https://mitehuacan.mx/?ruta=cuayuca
1,La Granja Restaurante,restaurante,6,18.466959,-97.39379,https://mitehuacan.mx/?ruta=cuayuca
1,Puesto De Chicharron Sin Nombre,restaurante,6,18.466969,-97.390725,https://mitehuacan.mx/?ruta=cuayuca
1,Taqueria El Tacotehua,restaurante,6,18.467058,-97.393615,https://mitehuacan.mx/?ruta=cuayuca
1,Taqueria Jayam,restaurante,6,18.548189,-97.489185,https://mitehuacan.mx/?ruta=cuayuca
1,Antojitos La Jarochita,restaurante,7,18.467029,-97.392696,https://mitehuacan.mx/?ruta=cuayuca
1,Cocina Economica Sin Nombre,restaurante,7,18.466984,-97.391075,https://mitehuacan.mx/?ruta=cuayuca
1,Expendio De Barbacoa Los Palomos,restaurante,7,18.475005,-97.433852,https://mitehuacan.mx/?ruta=cuayuca
1,Hamburguesas El Cura,restaurante,7,18.548563,-97.485963,https://mitehuacan.mx/?ruta=cuayuca
1,Restaurant Mi Lupita,restaurante,7,18.460542,-97.389371,https://mitehuacan.mx/?ruta=cuayuca
1,Rosticeria Pollos Fiesta,restaurante,7,18.462931,-97.389276,https://mitehuacan.mx/?ruta=cuayuca
1,Santi Pizzas,restaurante,7,18.548208,-97.48963,https://mitehuacan.mx/?ruta=cuayuca
1,Taqueria El Pastorcito,restaurante,7,18.460641,-97.38937,https://mitehuacan.mx/?ruta=cuayuca
1,Cemitas La Poblanita De Alfre,restaurante,8,18.489006,-97.404111,https://mitehuacan.mx/?ruta=cuayuca
1,Restaurant San Lorenzo,restaurante,8,18.475945,-97.436429,https://mitehuacan.mx/?ruta=cuayuca
1,Taqueria Mel,restaurante,8,18.462371,-97.387024,https://mitehuacan.mx/?ruta=cuayuca
1,Tienda Escolar Partor Rouaix Mendez,restaurante,8,18.542489,-97.491394,https://mitehuacan.mx/?ruta=cuayuca
1,Tortas Lupita,restaurante,8,18.547526,-97.486042,https://mitehuacan.mx/?ruta=cuayuca
1,Venta De Empanadas Sin Nombre,restaurante,8,18.460379,-97.389373,https://mitehuacan.mx/?ruta=cuayuca
1,Cocina Economica Casa Del Comensal,restaurante,9,18.464151,-97.389284,https://mitehuacan.mx/?ruta=cuayuca
1,Cocina Economica Sin Nombre,restaurante,9,18.45925,-97.387101,https://mitehuacan.mx/?ruta=cuayuca
1,Comida Rapida Antojitos Sin Nombre,restaurante,9,18.464694,-97.389274,https://mitehuacan.mx/?ruta=cuayuca
1,Pizzas Alma Mixteco,restaurante,9,18.46464,-97.389275,https://mitehuacan.mx/?ruta=cuayuca
1,Pizzas Yankees,restaurante,9,18.463169,-97.389436,https://mitehuacan.mx/?ruta=cuayuca
1,Pollos Cubanos A La Leña,restaurante,9,18.489476,-97.40437,https://mitehuacan.mx/?ruta=cuayuca
1,Pollos Guerrero Tehuacán 4,restaurante,9,18.462743,-97.387005,https://mitehuacan.mx/?ruta=cuayuca
1,Taqueria Ayvar,restaurante,9,18.477388,-97.439036,https://mitehuacan.mx/?ruta=cuayuca
1,Taqueria Cayu,restaurante,9,18.46426,-97.389282,https://mitehuacan.mx/?ruta=cuayuca
1,Taqueria Estilo Michoacan,restaurante,9,18.465645,-97.389265,https://mitehuacan.mx/?ruta=cuayuca
1,Tasty Burguer,restaurante,9,18.467008,-97.391473,https://mitehuacan.mx/?ruta=cuayuca
1,Antojitos Lucy,restaurante,10,18.477768,-97.439666,https://mitehuacan.mx/?ruta=cuayuca
1,El Comedor De Diana,restaurante,10,18.489534,-97.404401,https://mitehuacan.mx/?ruta=cuayuca
1,Jbs Restaurant Bar,restaurante,10,18.459177,-97.387102,https://mitehuacan.mx/?ruta=cuayuca
1,Pollos Dani,restaurante,10,18.548178,-97.487314,https://mitehuacan.mx/?ruta=cuayuca
1,Pollos Mareados Azados A La Leña,restaurante,10,18.475217,-97.434794,https://mitehuacan.mx/?ruta=cuayuca
1,Restaurante Bar El Pariente,restaurante,10,18.516159,-97.500163,https://mitehuacan.mx/?ruta=cuayuca
1,Restaurante Bar Mr Duff,restaurante,10,18.475249,-97.434934,https://mitehuacan.mx/?ruta=cuayuca
1,Restaurante Bar Oveja Negra,restaurante,10,18.516291,-97.500368,https://mitehuacan.mx/?ruta=cuayuca
1,Taqueria El Jefe,restaurante,10,18.476848,-97.424295,https://mitehuacan.mx/?ruta=cuayuca
1,Taqueria Sin Nombre,restaurante,10,18.513098,-97.495571,https://mitehuacan.mx/?ruta=cuayuca
1,Taqueria Tac Mahal,restaurante,10,18.464831,-97.386947,https://mitehuacan.mx/?ruta=cuayuca
1,Venta De Antojitos Sin Nombre,restaurante,10,18.477133,-97.43858,https://mitehuacan.mx/?ruta=cuayuca
1,Almacen De Cocina Economica Silvia,restaurante,11,18.470488,-97.392805,https://mitehuacan.mx/?ruta=cuayuca
1,Antojitos El Itacate,restaurante,11,18.468728,-97.393848,https://mitehuacan.mx/?ruta=cuayuca
1,Antojitos Magali,restaurante,11,18.470488,-97.392805,https://mitehuacan.mx/?ruta=cuayuca
1,Antojitos Mexicanos Sin Nombre,restaurante,11,18.470488,-97.392805,https://mitehuacan.mx/?ruta=cuayuca
1,Area De Cocina Y Bodega De Cocina Economica Chayito,restaurante,11,18.470488,-97.392805,https://mitehuacan.mx/?ruta=cuayuca
1,Auxiliar De Antojitos El Molcajete,restaurante,11,18.470488,-97.392805,https://mitehuacan.mx/?ruta=cuayuca
1,Carnitas El Porky,restaurante,11,18.464824,-97.389459,https://mitehuacan.mx/?ruta=cuayuca
1,Cemitas La Poblanita,restaurante,11,18.471655,-97.392777,https://mitehuacan.mx/?ruta=cuayuca
1,Cocina Economica Chayito,restaurante,11,18.470488,-97.392805,https://mitehuacan.mx/?ruta=cuayuca
1,Cocina Economica Feli,restaurante,11,18.470488,-97.392805,https://mitehuacan.mx/?ruta=cuayuca
1,Cocina Economica Hermelinda,restaurante,11,18.470488,-97.392805,https://mitehuacan.mx/?ruta=cuayuca
1,Cocina Economica Lucy,restaurante,11,18.470488,-97.392805,https://mitehuacan.mx/?ruta=cuayuca
1,Cocina Economica Mary,restaurante,11,18.470488,-97.392805,https://mitehuacan.mx/?ruta=cuayuca
1,Cocina Economica Rosita,restaurante,11,18.470488,-97.392805,https://mitehuacan.mx/?ruta=cuayuca
1,Cocina Economica Sazon Santa Lucia,restaurante,11,18.46915,-97.391385,https://mitehuacan.mx/?ruta=cuayuca
1,Cocina Economica Silvia,restaurante,11,18.470488,-97.392805,https://mitehuacan.mx/?ruta=cuayuca
1,Cocina Sandy,restaurante,11,18.471827,-97.392773,https://mitehuacan.mx/?ruta=cuayuca
1,El Jacalito De La Guera Barbacoa,restaurante,11,18.472226,-97.392766,https://mitehuacan.mx/?ruta=cuayuca
1,Ke Pollo,restaurante,11,18.469991,-97.392819,https://mitehuacan.mx/?ruta=cuayuca
1,Polleria El Dorado,restaurante,11,18.470488,-97.392805,https://mitehuacan.mx/?ruta=cuayuca
1,Preparacion De Las Alas Del Pollo,restaurante,11,18.472044,-97.392767,https://mitehuacan.mx/?ruta=cuayuca
1,Restaurante Molcajetes,restaurante,11,18.509514,-97.490204,https://mitehuacan.mx/?ruta=cuayuca
1,Torteria La Super Torta,restaurante,11,18.462011,-97.38946,https://mitehuacan.mx/?ruta=cuayuca
1,Tqueria Yajam,restaurante,11,18.509275,-97.489847,https://mitehuacan.mx/?ruta=cuayuca
1,Venta De Antojitos,restaurante,11,18.470488,-97.392805,https://mitehuacan.mx/?ruta=cuayuca
1,Venta De Antojitos El Molcajete,restaurante,11,18.470488,-97.392805,https://mitehuacan.mx/?ruta=cuayuca
1,Venta De Comida Para Llevar El Buen Comer,restaurante,11,18.466253,-97.386946,https://mitehuacan.mx/?ruta=cuayuca
1,Rey De La Birria Taqueria,restaurante,12,18.466552,-97.386948,https://mitehuacan.mx/?ruta=cuayuca
1,Tacos De Birria Sin Nombre,restaurante,12,18.458777,-97.389392,https://mitehuacan.mx/?ruta=cuayuca
1,Taqueria Juquilita,restaurante,12,18.509125,-97.489228,https://mitehuacan.mx/?ruta=cuayuca
1,Taqueria Mixe,restaurante,12,18.474342,-97.42986,https://mitehuacan.mx/?ruta=cuayuca
1,Tortas Sin Nombre,restaurante,12,18.508817,-97.48877,https://mitehuacan.mx/?ruta=cuayuca
1,Antojitos Frida,restaurante,13,18.512039,-97.4936,https://mitehuacan.mx/?ruta=cuayuca
1,Antojitos Mexicanos Doña Mati,restaurante,13,18.510634,-97.491483,https://mitehuacan.mx/?ruta=cuayuca
1,Barbacoa Los Cabritos,restaurante,13,18.511633,-97.492986,https://mitehuacan.mx/?ruta=cuayuca
1,Cocina Economica,restaurante,13,18.490532,-97.405465,https://mitehuacan.mx/?ruta=cuayuca
1,Cocina Mago,restaurante,13,18.509836,-97.490287,https://mitehuacan.mx/?ruta=cuayuca
1,Pollos Asados El Ave,restaurante,13,18.490519,-97.404978,https://mitehuacan.mx/?ruta=cuayuca
1,Taqueria Raquel,restaurante,13,18.507883,-97.487785,https://mitehuacan.mx/?ruta=cuayuca
1,Cafeteria Finca San Agustin,restaurante,14,18.466891,-97.393896,https://mitehuacan.mx/?ruta=cuayuca
1,Carnitas El Altepexano,restaurante,14,18.464824,-97.389488,https://mitehuacan.mx/?ruta=cuayuca
1,La Hamburguesa Magica San Lorenzo,restaurante,14,18.475336,-97.433897,https://mitehuacan.mx/?ruta=cuayuca
1,Tortas Juquilita,restaurante,14,18.547462,-97.486039,https://mitehuacan.mx/?ruta=cuayuca
1,Cafeteria Betina,restaurante,15,18.474688,-97.39567,https://mitehuacan.mx/?ruta=cuayuca
1,Tacos De Guisado Santa Fe,restaurante,15,18.475213,-97.433324,https://mitehuacan.mx/?ruta=cuayuca
1,Venta De Hamburguesas Crazy Foods,restaurante,15,18.469186,-97.391385,https://mitehuacan.mx/?ruta=cuayuca
1,Las Brasas Taqueria,restaurante,16,18.475034,-97.432569,https://mitehuacan.mx/?ruta=cuayuca
1,Pollos Asados Cruzero,restaurante,17,18.490376,-97.404814,https://mitehuacan.mx/?ruta=cuayuca
1,Rosticeria Raquel,restaurante,17,18.468897,-97.3914,https://mitehuacan.mx/?ruta=cuayuca
1,Taqueria El Rey Del Taco,restaurante,17,18.45841,-97.38718,https://mitehuacan.mx/?ruta=cuayuca
1,Venta De Memelitas Antojitos Yuli,restaurante,17,18.461572,-97.389588,https://mitehuacan.mx/?ruta=cuayuca
1,Antojitos Lolita,restaurante,18,18.471304,-97.392714,https://mitehuacan.mx/?ruta=cuayuca
1,Antojitos Mexicanos,restaurante,18,18.471304,-97.392714,https://mitehuacan.mx/?ruta=cuayuca
1,Antojitos Mexicanos Marijo,restaurante,18,18.469214,-97.391385,https://mitehuacan.mx/?ruta=cuayuca
1,Bodega De Cocina Economica Chayito,restaurante,18,18.471304,-97.392714,https://mitehuacan.mx/?ruta=cuayuca
1,Bodega De La Cocina Economica Chayito,restaurante,18,18.471304,-97.392714,https://mitehuacan.mx/?ruta=cuayuca
1,Carnitas Hijos De Jesus,restaurante,18,18.54751,-97.485865,https://mitehuacan.mx/?ruta=cuayuca
1,Cocina Economica Las Comadritas,restaurante,18,18.471304,-97.392714,https://mitehuacan.mx/?ruta=cuayuca
1,Comedor De Antojitos Mexicanos,restaurante,18,18.471304,-97.392714,https://mitehuacan.mx/?ruta=cuayuca
1,Pollos Asados Carmelita,restaurante,18,18.474542,-97.430499,https://mitehuacan.mx/?ruta=cuayuca
1,Preparacion De Tortas Y Sandwich Sin Nombre,restaurante,18,18.471304,-97.392714,https://mitehuacan.mx/?ruta=cuayuca
1,Restaurante El Mandarin,restaurante,18,18.474636,-97.430894,https://mitehuacan.mx/?ruta=cuayuca
1,Restaurante Las Marias,restaurante,18,18.471304,-97.392714,https://mitehuacan.mx/?ruta=cuayuca
1,Taqueria Estilo Michoacan Sucursal 7 Sur,restaurante,18,18.458435,-97.387103,https://mitehuacan.mx/?ruta=cuayuca
1,Venta De Antojitos Perlita,restaurante,18,18.471304,-97.392714,https://mitehuacan.mx/?ruta=cuayuca
1,Venta De Barbacoa Hermanos Lopez,restaurante,18,18.471304,-97.392714,https://mitehuacan.mx/?ruta=cuayuca
1,Pizerias Chepe Pizas,restaurante,19,18.458447,-97.388675,https://mitehuacan.mx/?ruta=cuayuca
1,Taqueria Sin Nombre,restaurante,19,18.547506,-97.486285,https://mitehuacan.mx/?ruta=cuayuca
1,Restaurante La Choza,restaurante,20,18.470638,-97.393835,https://mitehuacan.mx/?ruta=cuayuca
1,Restaurante Sabor Sarabia,restaurante,20,18.473376,-97.392634,https://mitehuacan.mx/?ruta=cuayuca
1,Cocina Economica Franini,restaurante,21,18.490232,-97.405694,https://mitehuacan.mx/?ruta=cuayuca
1,Restaurant Burger Home,restaurante,21,18.474934,-97.431998,https://mitehuacan.mx/?ruta=cuayuca
1,Venta De Antojitos Mexicanos Doña Mari,restaurante,22,18.461558,-97.389218,https://mitehuacan.mx/?ruta=cuayuca
1,Taqueria Los Amigos,restaurante,23,18.475458,-97.392768,https://mitehuacan.mx/?ruta=cuayuca
1,Pollos Guerrero Tehuacán 1,restaurante,24,18.461493,-97.38965,https://mitehuacan.mx/?ruta=cuayuca
1,Venta De Antojitos Mexicanos Comedor Mexicano,restaurante,24,18.464826,-97.389582,https://mitehuacan.mx/?ruta=cuayuca
1,Loncheria Chayo,restaurante,25,18.547407,-97.486181,https://mitehuacan.mx/?ruta=cuayuca
1,Rosticeria Granada,restaurante,25,18.462869,-97.387324,https://mitehuacan.mx/?ruta=cuayuca
1,Taqueria Aurea,restaurante,25,18.547424,-97.486219,https://mitehuacan.mx/?ruta=cuayuca
1,Taqueria La Guadalupana,restaurante,26,18.547393,-97.48615,https://mitehuacan.mx/?ruta=cuayuca
1,Antojitos Aryse,restaurante,27,18.45832,-97.387184,https://mitehuacan.mx/?ruta=cuayuca
1,Cocina Econimica Jefe Roli,restaurante,27,18.465969,-97.389611,https://mitehuacan.mx/?ruta=cuayuca
1,Antojitos Mexicanos Sin Nombre,restaurante,28,18.547549,-97.486631,https://mitehuacan.mx/?ruta=cuayuca
1,Cocina Economica La Flor De Veracruz,restaurante,28,18.464827,-97.38962,https://mitehuacan.mx/?ruta=cuayuca
1,Desayunos Don Rene,restaurante,28,18.461579,-97.389151,https://mitehuacan.mx/?ruta=cuayuca
1,Hamburguesas Wendi,restaurante,28,18.547577,-97.486707,https://mitehuacan.mx/?ruta=cuayuca
1,Taqueria El Cesar 1,restaurante,28,18.516685,-97.500319,https://mitehuacan.mx/?ruta=cuayuca
1,Taqueria El Pariente,restaurante,28,18.490449,-97.405681,https://mitehuacan.mx/?ruta=cuayuca
1,Carnitas Pachecos,restaurante,30,18.513394,-97.49535,https://mitehuacan.mx/?ruta=cuayuca
1,Marisqueria MI LINDO OAXACA,restaurante,30,18.496796,-97.470451,https://mitehuacan.mx/?ruta=cuayuca
1,Antojitos Sin Nombre,restaurante,31,18.475411,-97.396493,https://mitehuacan.mx/?ruta=cuayuca
1,Cocina Economica Sin Nombre,restaurante,32,18.51518,-97.497993,https://mitehuacan.mx/?ruta=cuayuca
1,Cocina Economica Y Elaboracion De Postres Sin Nombre,restaurante,34,18.461427,-97.386813,https://mitehuacan.mx/?ruta=cuayuca
1,Cocina Economica La Coapeñita,restaurante,35,18.490373,-97.405776,https://mitehuacan.mx/?ruta=cuayuca
1,Restaurante Casa Lupita,restaurante,35,18.460799,-97.387479,https://mitehuacan.mx/?ruta=cuayuca
1,Restaurante La Reforma,restaurante,35,18.470955,-97.393829,https://mitehuacan.mx/?ruta=cuayuca
1,Susushi Cocina Japonesa,restaurante,39,18.466669,-97.394023,https://mitehuacan.mx/?ruta=cuayuca
1,Venta De Carne Arabe Doner Kebab,restaurante,39,18.467286,-97.391424,https://mitehuacan.mx/?ruta=cuayuca
1,Restaurante Chiltepe,restaurante,40,18.466611,-97.39303,https://mitehuacan.mx/?ruta=cuayuca
1,Cocina Comida China Jiawang,restaurante,43,18.462734,-97.386683,https://mitehuacan.mx/?ruta=cuayuca
1,La Gran Via Cafe,restaurante,46,18.466602,-97.393902,https://mitehuacan.mx/?ruta=cuayuca
1,Taqueria Chente,restaurante,46,18.477714,-97.39815,https://mitehuacan.mx/?ruta=cuayuca
1,Taqueria El Jefe,restaurante,46,18.458603,-97.386775,https://mitehuacan.mx/?ruta=cuayuca
1,Venta De Hambuerguesas Like,restaurante,47,18.45822,-97.389523,https://mitehuacan.mx/?ruta=cuayuca
1,Venta De Tacos Estilo Michoacan,restaurante,50,18.466481,-97.391433,https://mitehuacan.mx/?ruta=cuayuca
1,Restaurante Denzzo,restaurante,51,18.473522,-97.392328,https://mitehuacan.mx/?ruta=cuayuca
1,Hamburguesas El Betos,restaurante,52,18.468472,-97.389359,https://mitehuacan.mx/?ruta=cuayuca
1,Memelas Y Quesadillas Juquila,restaurante,53,18.464739,-97.38654,https://mitehuacan.mx/?ruta=cuayuca
1,Venta De Comida Taquito De Sal,restaurante,55,18.467428,-97.39132,https://mitehuacan.mx/?ruta=cuayuca
1,Cocina Economica Sin Nombre,restaurante,56,18.458135,-97.389409,https://mitehuacan.mx/?ruta=cuayuca
1,Rosticeria El Fogoncito,restaurante,56,18.475518,-97.433023,https://mitehuacan.mx/?ruta=cuayuca
1,Taqueria El Gran Poblano,restaurante,56,18.462792,-97.388807,https://mitehuacan.mx/?ruta=cuayuca
1,Venta De Hamburguesas Le Crepe,restaurante,57,18.462649,-97.389879,https://mitehuacan.mx/?ruta=cuayuca
1,Cocina Lolita,restaurante,58,18.47168,-97.392323,https://mitehuacan.mx/?ruta=cuayuca
1,Memelitas Y Quesadillas Sin Nombre,restaurante,58,18.490892,-97.404806,https://mitehuacan.mx/?ruta=cuayuca
1,Pizzas Angeloti,restaurante,58,18.471292,-97.393739,https://mitehuacan.mx/?ruta=cuayuca
1,Restaurante El Cerezo,restaurante,58,18.471292,-97.393739,https://mitehuacan.mx/?ruta=cuayuca
1,Taqueria El Flamazo,restaurante,58,18.458116,-97.389409,https://mitehuacan.mx/?ruta=cuayuca
1,Rosticeria Leal,restaurante,61,18.468556,-97.392972,https://mitehuacan.mx/?ruta=cuayuca
1,Venta De Cemas Cemitas La Poblanita,restaurante,62,18.462761,-97.387679,https://mitehuacan.mx/?ruta=cuayuca
1,Comida Rapida Pichos Originales,restaurante,63,18.467543,-97.393,https://mitehuacan.mx/?ruta=cuayuca
1,Tacos El Chino Y Algo Mas,restaurante,64,18.46963,-97.391382,https://mitehuacan.mx/?ruta=cuayuca
1,Restaurante La Casa De Ocaña,restaurante,66,18.466336,-97.391434,https://mitehuacan.mx/?ruta=cuayuca
1,Tacos Y Tortas El Cheef,restaurante,66,18.48796,-97.407116,https://mitehuacan.mx/?ruta=cuayuca
1,Antojitos Ade,restaurante,68,18.465944,-97.386395,https://mitehuacan.mx/?ruta=cuayuca
1,Cocina Economica Donaji,restaurante,69,18.460696,-97.386496,https://mitehuacan.mx/?ruta=cuayuca
1,Bufalo Wings,restaurante,70,18.54743,-97.487377,https://mitehuacan.mx/?ruta=cuayuca
1,Elaboracion De Tortas,restaurante,70,18.475892,-97.393359,https://mitehuacan.mx/?ruta=cuayuca
1,Restaurante Colibri Sabor Y Sason,restaurante,70,18.4742,-97.396324,https://mitehuacan.mx/?ruta=cuayuca
1,Antojitos Juanita,restaurante,71,18.469992,-97.392251,https://mitehuacan.mx/?ruta=cuayuca
1,Taqueria El Tizon Sureño,restaurante,71,18.468466,-97.392974,https://mitehuacan.mx/?ruta=cuayuca
1,Venta De Comida,restaurante,72,18.462284,-97.386423,https://mitehuacan.mx/?ruta=cuayuca
1,Taqueria El Comalito,restaurante,74,18.47978,-97.399819,https://mitehuacan.mx/?ruta=cuayuca
1,Taqueria Sanchez,restaurante,75,18.458345,-97.386541,https://mitehuacan.mx/?ruta=cuayuca
1,Pizzas Sin Nombre,restaurante,78,18.514791,-97.499245,https://mitehuacan.mx/?ruta=cuayuca
1,Tortas Y Hamburguesas Mariels,restaurante,78,18.479749,-97.399847,https://mitehuacan.mx/?ruta=cuayuca
1,Preparacion De Antojitos Sin Nombre,restaurante,79,18.47029,-97.392159,https://mitehuacan.mx/?ruta=cuayuca
1,Taqueria Los Laureles,restaurante,81,18.466289,-97.394028,https://mitehuacan.mx/?ruta=cuayuca
1,Botanero,restaurante,82,18.518108,-97.501572,https://mitehuacan.mx/?ruta=cuayuca
1,Taqueria El Crucero,restaurante,82,18.517822,-97.501136,https://mitehuacan.mx/?ruta=cuayuca
1,A La Burguers,restaurante,83,18.548077,-97.485107,https://mitehuacan.mx/?ruta=cuayuca
1,Tacos El Cesar Ii,restaurante,83,18.547169,-97.485358,https://mitehuacan.mx/?ruta=cuayuca
1,Venta De Antojitos Sin Nombre,restaurante,83,18.466784,-97.386281,https://mitehuacan.mx/?ruta=cuayuca
1,Birrieria Estilo Tijuana El Pariente,restaurante,84,18.468348,-97.392853,https://mitehuacan.mx/?ruta=cuayuca
1,Cocina Economica Vazquez,restaurante,84,18.47624,-97.397601,https://mitehuacan.mx/?ruta=cuayuca
1,Pollos Asados Sin Nombre,restaurante,84,18.547698,-97.485181,https://mitehuacan.mx/?ruta=cuayuca
1,Taqueria El Chino,restaurante,84,18.460835,-97.388645,https://mitehuacan.mx/?ruta=cuayuca
1,Xanisimo,restaurante,84,18.547636,-97.485194,https://mitehuacan.mx/?ruta=cuayuca
1,Loncheria Las Bugambilias,restaurante,85,18.472912,-97.428201,https://mitehuacan.mx/?ruta=cuayuca
1,Pollos Rostizados El Nazareno,restaurante,86,18.462768,-97.387906,https://mitehuacan.mx/?ruta=cuayuca
1,Taqueria Sin Nombre,restaurante,86,18.548958,-97.487877,https://mitehuacan.mx/?ruta=cuayuca
1,Taqueria La Esquina Arabe,restaurante,87,18.547452,-97.485199,https://mitehuacan.mx/?ruta=cuayuca
1,Preparacion De Caracoles Doña Herme,restaurante,91,18.472967,-97.428674,https://mitehuacan.mx/?ruta=cuayuca
1,Fonda Juquilita,restaurante,92,18.462783,-97.388465,https://mitehuacan.mx/?ruta=cuayuca
1,Taqueria El Diablito,restaurante,98,18.476146,-97.39349,https://mitehuacan.mx/?ruta=cuayuca
1,Ventas De Tortas,restaurante,98,18.47304,-97.429259,https://mitehuacan.mx/?ruta=cuayuca
1,Antojitos Kukos Luchs,restaurante,100,18.464469,-97.388416,https://mitehuacan.mx/?ruta=cuayuca
1,Antojitos Tita,restaurante,100,18.464387,-97.38842,https://mitehuacan.mx/?ruta=cuayuca
1,Carnitas Doña Mari,restaurante,100,18.45807,-97.39024,https://mitehuacan.mx/?ruta=cuayuca
1,Fonda Chela,restaurante,100,18.457893,-97.386564,https://mitehuacan.mx/?ruta=cuayuca
1,Venta De Tortas,restaurante,101,18.473074,-97.429524,https://mitehuacan.mx/?ruta=cuayuca
1,Tortas Y Jugos Coctelin,restaurante,102,18.546511,-97.491262,https://mitehuacan.mx/?ruta=cuayuca
1,Servicio De Comida. Restaurant El Cochibil,restaurante,103,18.468008,-97.389269,https://mitehuacan.mx/?ruta=cuayuca
1,Venta De Tortas. Torteria Pal Desayuno,restaurante,104,18.462718,-97.386105,https://mitehuacan.mx/?ruta=cuayuca
1,Pizzas 238,restaurante,106,18.47622,-97.393013,https://mitehuacan.mx/?ruta=cuayuca
1,Salsabor,restaurante,110,18.547393,-97.484985,https://mitehuacan.mx/?ruta=cuayuca
1,Cocina Economica Mi Lupita,restaurante,111,18.473166,-97.430309,https://mitehuacan.mx/?ruta=cuayuca
1,Venta De Memelas Y Quesadillas Sin Nombre,restaurante,111,18.460089,-97.388219,https://mitehuacan.mx/?ruta=cuayuca
1,Antojitos Mexicanos Lety,restaurante,112,18.516352,-97.498426,https://mitehuacan.mx/?ruta=cuayuca
1,Restaurante Santa Clara,restaurante,112,18.516381,-97.498482,https://mitehuacan.mx/?ruta=cuayuca
1,Venta De Memelitas Y Antojitos Sin Nombre,restaurante,113,18.457619,-97.389413,https://mitehuacan.mx/?ruta=cuayuca
1,Venta De Antojitos Mexicanos Sin Nombre,restaurante,117,18.458082,-97.386224,https://mitehuacan.mx/?ruta=cuayuca
1,Antojitos Martinez,restaurante,119,18.4762,-97.433422,https://mitehuacan.mx/?ruta=cuayuca
1,Cocina Las Delicias,restaurante,119,18.473857,-97.433455,https://mitehuacan.mx/?ruta=cuayuca
1,Venta De Comida,restaurante,119,18.473442,-97.43176,https://mitehuacan.mx/?ruta=cuayuca
1,Cocina Economica Sin Nombre,restaurante,120,18.466239,-97.385911,https://mitehuacan.mx/?ruta=cuayuca
1,Rosticeria Super Pollo El Jarocho,restaurante,121,18.457467,-97.387145,https://mitehuacan.mx/?ruta=cuayuca
1,Restaurante Santa Lucia,restaurante,123,18.468631,-97.39512,https://mitehuacan.mx/?ruta=cuayuca
1,Fonda Cecy,restaurante,124,18.46023,-97.385993,https://mitehuacan.mx/?ruta=cuayuca
1,Tacos Genaro,restaurante,124,18.465808,-97.391335,https://mitehuacan.mx/?ruta=cuayuca
1,Pollos Guerrero Tehuacán 2,restaurante,126,18.460791,-97.390633,https://mitehuacan.mx/?ruta=cuayuca
1,Bodega Sin Nombre,restaurante,127,18.458141,-97.386093,https://mitehuacan.mx/?ruta=cuayuca
1,Cocina Economica Sin Nombre,restaurante,127,18.459676,-97.390666,https://mitehuacan.mx/?ruta=cuayuca
1,Rosticeria Pollos Guerrero,restaurante,129,18.460792,-97.390658,https://mitehuacan.mx/?ruta=cuayuca
1,Tacos Estilo Michoacan,restaurante,129,18.462829,-97.385874,https://mitehuacan.mx/?ruta=cuayuca
1,Venta De Carnitas La Soledad,restaurante,130,18.473788,-97.433561,https://mitehuacan.mx/?ruta=cuayuca
1,Aca Las Tortas,restaurante,132,18.458465,-97.385964,https://mitehuacan.mx/?ruta=cuayuca
1,Cocina Adriabynany,restaurante,132,18.473609,-97.432931,https://mitehuacan.mx/?ruta=cuayuca
1,Taqueria Sin Nombre,restaurante,132,18.470138,-97.389353,https://mitehuacan.mx/?ruta=cuayuca
1,Venta De Antojitos Mexicanos Sin Nombre,restaurante,132,18.460678,-97.385899,https://mitehuacan.mx/?ruta=cuayuca
1,Caracoles Santa Julia,restaurante,135,18.474545,-97.436639,https://mitehuacan.mx/?ruta=cuayuca
1,Antojitos Sin Nombre,restaurante,136,18.473494,-97.432641,https://mitehuacan.mx/?ruta=cuayuca
1,Cocina Economica Yarhe,restaurante,136,18.467139,-97.395282,https://mitehuacan.mx/?ruta=cuayuca
1,Venta De Tortillas De Mano Sin Nombre,restaurante,136,18.457357,-97.387861,https://mitehuacan.mx/?ruta=cuayuca
1,Rosticeria El Tiempo,restaurante,137,18.460177,-97.390749,https://mitehuacan.mx/?ruta=cuayuca
1,Taqueria Juquilita,restaurante,138,18.460748,-97.38584,https://mitehuacan.mx/?ruta=cuayuca
1,Antojitos El Bombon,restaurante,139,18.515016,-97.50059,https://mitehuacan.mx/?ruta=cuayuca
1,Venta De Tortas Y Aguas Cristal,restaurante,139,18.462859,-97.390654,https://mitehuacan.mx/?ruta=cuayuca
1,Cocina Economica Trubi,restaurante,141,18.549482,-97.488476,https://mitehuacan.mx/?ruta=cuayuca
1,Vivero Entre Flores Y Mas,restaurante,141,18.4703,-97.39084,https://mitehuacan.mx/?ruta=cuayuca
1,Taqueria Sin Nombre,restaurante,145,18.477284,-97.398973,https://mitehuacan.mx/?ruta=cuayuca
1,Antojitos Santi,restaurante,149,18.474419,-97.436664,https://mitehuacan.mx/?ruta=cuayuca
1,Crunch Chicken,súper,1,18.470849,-97.394126,https://mitehuacan.mx/?ruta=cuayuca
1,Restaurante La Burguer Del Abuelo,súper,2,18.468623,-97.393973,https://mitehuacan.mx/?ruta=cuayuca
1,Comida Japonesa Melche Food,súper,6,18.466957,-97.393837,https://mitehuacan.mx/?ruta=cuayuca
1,Chedraui Tehuacan T046,súper,36,18.462853,-97.386753,https://mitehuacan.mx/?ruta=cuayuca
1,Gran Bodega Tehuacán,súper,49,18.46949,-97.393401,https://mitehuacan.mx/?ruta=cuayuca
1,Chedraui,súper,51,18.463918,-97.386575,https://mitehuacan.mx/?ruta=cuayuca
1,11517 Dominos Pizza Tehuacan Ii,súper,70,18.462844,-97.386427,https://mitehuacan.mx/?ruta=cuayuca
1,Super Mi Es Mi Super,súper,75,18.458481,-97.386504,https://mitehuacan.mx/?ruta=cuayuca
1,Centro Comercial Alatriste,súper,116,18.461037,-97.388238,https://mitehuacan.mx/?ruta=cuayuca
1,Creepi Puercas,súper,139,18.464927,-97.39067,https://mitehuacan.mx/?ruta=cuayuca
1,Servicio Electrico Sin Nombre,taller,0,18.462346,-97.387101,https://mitehuacan.mx/?ruta=cuayuca
1,Taller De Embobinado De Motores Servicio Trujillo,taller,0,18.468933,-97.389169,https://mitehuacan.mx/?ruta=cuayuca
1,Taller De Torno,taller,0,18.463133,-97.387086,https://mitehuacan.mx/?ruta=cuayuca
1,Club De Nutricion Herbalife,taller,1,18.547993,-97.48987,https://mitehuacan.mx/?ruta=cuayuca
1,Mecanica Automotriz,taller,1,18.489832,-97.404686,https://mitehuacan.mx/?ruta=cuayuca
1,Polarizado Martin Y Arturo,taller,1,18.489832,-97.404686,https://mitehuacan.mx/?ruta=cuayuca
1,Servicio Electrico Automotriz Royer,taller,1,18.490189,-97.40549,https://mitehuacan.mx/?ruta=cuayuca
1,Taller De Torno,taller,1,18.463522,-97.387066,https://mitehuacan.mx/?ruta=cuayuca
1,Taller Mecanico Automotriz Los Parientes,taller,1,18.544412,-97.49092,https://mitehuacan.mx/?ruta=cuayuca
1,Venta De Donas Y Frituras Sin Nombre,taller,1,18.547904,-97.489896,https://mitehuacan.mx/?ruta=cuayuca
1,Club De Nutricion Sin Nombre,taller,2,18.461686,-97.387108,https://mitehuacan.mx/?ruta=cuayuca
1,Electrico Automotriz Santiago,taller,2,18.543838,-97.49111,https://mitehuacan.mx/?ruta=cuayuca
1,Jugueria Y Frutas Jugos Por Litro Erik,taller,2,18.46582,-97.387018,https://mitehuacan.mx/?ruta=cuayuca
1,Claudia Lopez Dorantes,taller,3,18.548057,-97.487337,https://mitehuacan.mx/?ruta=cuayuca
1,Direccion De Proteccion Civil Y Bomberos,taller,3,18.472619,-97.394882,https://mitehuacan.mx/?ruta=cuayuca
1,Servicio Automotriz Luna,taller,3,18.459713,-97.387154,https://mitehuacan.mx/?ruta=cuayuca
1,Servicio Mecanico Diesel El Negro,taller,3,18.477981,-97.422788,https://mitehuacan.mx/?ruta=cuayuca
1,Taller De Reparacion De Bocinas,taller,3,18.458616,-97.389289,https://mitehuacan.mx/?ruta=cuayuca
1,Club De Nutricion Herbalife,taller,4,18.465486,-97.389391,https://mitehuacan.mx/?ruta=cuayuca
1,Club De Nutricion Herbalife,taller,4,18.474761,-97.43276,https://mitehuacan.mx/?ruta=cuayuca
1,Jemac Full Service,taller,4,18.476053,-97.425591,https://mitehuacan.mx/?ruta=cuayuca
1,King Audio,taller,4,18.475222,-97.393521,https://mitehuacan.mx/?ruta=cuayuca
1,Servidisel Garcia,taller,4,18.474786,-97.432873,https://mitehuacan.mx/?ruta=cuayuca
1,Taller De Muelles Y Tractocamiones Juquilita,taller,4,18.476276,-97.425498,https://mitehuacan.mx/?ruta=cuayuca
1,Taller Mecanico Los Cuates,taller,4,18.475995,-97.425929,https://mitehuacan.mx/?ruta=cuayuca
1,Club De Nutricion Herbalife,taller,5,18.458633,-97.387732,https://mitehuacan.mx/?ruta=cuayuca
1,Taller De Mantenimiento De Motores Estacionarios,taller,5,18.466838,-97.389875,https://mitehuacan.mx/?ruta=cuayuca
1,Centro De Nutricion Del Eco,taller,6,18.467058,-97.393606,https://mitehuacan.mx/?ruta=cuayuca
1,Joyeria Raymundo,taller,6,18.466879,-97.391429,https://mitehuacan.mx/?ruta=cuayuca
1,Venta De Productos Naturistas Club De Nutricion,taller,6,18.463337,-97.389303,https://mitehuacan.mx/?ruta=cuayuca
1,Bodega De Rectificadora Bravo,taller,7,18.469141,-97.392065,https://mitehuacan.mx/?ruta=cuayuca
1,Club De Nutricion Sin Nombre,taller,7,18.548267,-97.488451,https://mitehuacan.mx/?ruta=cuayuca
1,Gelatinas Fruti Rico,taller,7,18.463323,-97.389432,https://mitehuacan.mx/?ruta=cuayuca
1,Muelles Y Suspensiones Zobek,taller,7,18.469135,-97.391923,https://mitehuacan.mx/?ruta=cuayuca
1,Club De Nutricion Sin Nombre,taller,8,18.474478,-97.392701,https://mitehuacan.mx/?ruta=cuayuca
1,Taller Electrico Sin Nombre,taller,8,18.475105,-97.434294,https://mitehuacan.mx/?ruta=cuayuca
1,Licuados Sin Nombre,taller,9,18.463952,-97.389288,https://mitehuacan.mx/?ruta=cuayuca
1,Sastreria,taller,9,18.473447,-97.392732,https://mitehuacan.mx/?ruta=cuayuca
1,Sastreria De Fajardo,taller,9,18.467012,-97.391691,https://mitehuacan.mx/?ruta=cuayuca
1,Taller Mecanico Sin Nombre,taller,9,18.506672,-97.485598,https://mitehuacan.mx/?ruta=cuayuca
1,Club De Nutricion Herbalife,taller,10,18.459211,-97.389386,https://mitehuacan.mx/?ruta=cuayuca
1,Coco Bongo,taller,10,18.459096,-97.387104,https://mitehuacan.mx/?ruta=cuayuca
1,Complejo Metropolitano De Seguridad Publica Regional,taller,10,18.48026,-97.444566,https://mitehuacan.mx/?ruta=cuayuca
1,Complejo Metropolitano De Seguridad Publica Regional,taller,10,18.48024,-97.444529,https://mitehuacan.mx/?ruta=cuayuca
1,Policia Estatal Area De Seguridad Y Proximidad De Caminos,taller,10,18.480236,-97.444522,https://mitehuacan.mx/?ruta=cuayuca
1,Servicio Cortes,taller,10,18.513144,-97.49564,https://mitehuacan.mx/?ruta=cuayuca
1,Taller Mecanico Automecanica,taller,10,18.465175,-97.386941,https://mitehuacan.mx/?ruta=cuayuca
1,Taller Mecanico Sin Nombre,taller,10,18.51362,-97.49635,https://mitehuacan.mx/?ruta=cuayuca
1,Taller Mecanico Universal,taller,10,18.48033,-97.399228,https://mitehuacan.mx/?ruta=cuayuca
1,Tamales Y Atole En Hojados,taller,10,18.513271,-97.49583,https://mitehuacan.mx/?ruta=cuayuca
1,Unidad De Apoyo Pericial De Tehuacan,taller,10,18.48026,-97.444566,https://mitehuacan.mx/?ruta=cuayuca
1,Club De Nutricion Herbalife,taller,11,18.511511,-97.4932,https://mitehuacan.mx/?ruta=cuayuca
1,Relojeria Casa Virginia,taller,11,18.458867,-97.389391,https://mitehuacan.mx/?ruta=cuayuca
1,Reparacion De Linea Blanca,taller,11,18.511585,-97.493312,https://mitehuacan.mx/?ruta=cuayuca
1,Taller Csg Automotriz,taller,11,18.490058,-97.404689,https://mitehuacan.mx/?ruta=cuayuca
1,Venta De Elotes Gasper,taller,11,18.462174,-97.389459,https://mitehuacan.mx/?ruta=cuayuca
1,Mecanica Industrial Moreno Franco,taller,12,18.466804,-97.389265,https://mitehuacan.mx/?ruta=cuayuca
1,Servicio Diesel Guzman,taller,12,18.479509,-97.44259,https://mitehuacan.mx/?ruta=cuayuca
1,Servicio Electrico Sim,taller,12,18.509017,-97.489067,https://mitehuacan.mx/?ruta=cuayuca
1,Servicios Electromecanico De Tehuacan Seeteh,taller,12,18.475402,-97.434219,https://mitehuacan.mx/?ruta=cuayuca
1,Taller De Relojeria La Abj,taller,12,18.458822,-97.389391,https://mitehuacan.mx/?ruta=cuayuca
1,Reparacion De Bombas Y Motores Sin Nombe,taller,13,18.475398,-97.434199,https://mitehuacan.mx/?ruta=cuayuca
1,Servicio Automotriz Ladino,taller,13,18.484839,-97.452543,https://mitehuacan.mx/?ruta=cuayuca
1,Servicio De Comedor Splash,taller,13,18.478686,-97.441176,https://mitehuacan.mx/?ruta=cuayuca
1,Taller Mecanico El Guero,taller,13,18.484904,-97.452656,https://mitehuacan.mx/?ruta=cuayuca
1,Composturas De Ropa Sin Nombre,taller,15,18.475358,-97.396297,https://mitehuacan.mx/?ruta=cuayuca
1,Expedicion De Licencias,taller,15,18.477309,-97.439531,https://mitehuacan.mx/?ruta=cuayuca
1,Fiscalia General Del Estado De Puebla,taller,15,18.477309,-97.439531,https://mitehuacan.mx/?ruta=cuayuca
1,Procuraduria De La Defensa Del Trabajodelegacion Tehuacan,taller,15,18.477309,-97.439531,https://mitehuacan.mx/?ruta=cuayuca
1,Venta De Donas Y Churros Sin Nombre,taller,15,18.458509,-97.38952,https://mitehuacan.mx/?ruta=cuayuca
1,Servicios Electrico Rendon,taller,16,18.483649,-97.450538,https://mitehuacan.mx/?ruta=cuayuca
1,Mecanica Tek,taller,17,18.483237,-97.449841,https://mitehuacan.mx/?ruta=cuayuca
1,Venta De Aguas Frescas El Numero 1,taller,17,18.461572,-97.389588,https://mitehuacan.mx/?ruta=cuayuca
1,Artesania De Palma,taller,18,18.471304,-97.392714,https://mitehuacan.mx/?ruta=cuayuca
1,Taller De Costura,taller,18,18.471304,-97.392714,https://mitehuacan.mx/?ruta=cuayuca
1,Postres Diseños Mau Artesanales,taller,19,18.468897,-97.391977,https://mitehuacan.mx/?ruta=cuayuca
1,Taller De Suspenso Es Y Muelles Joymar,taller,20,18.473556,-97.427894,https://mitehuacan.mx/?ruta=cuayuca
1,Taller Mecanico Sin Nombre,taller,20,18.548222,-97.490019,https://mitehuacan.mx/?ruta=cuayuca
1,Taller De Hojalateria Y Pintura,taller,24,18.474681,-97.433171,https://mitehuacan.mx/?ruta=cuayuca
1,Vitale Batidos Naturales,taller,25,18.471353,-97.392645,https://mitehuacan.mx/?ruta=cuayuca
1,Taller De Joyeria El Cronometro,taller,28,18.464895,-97.389087,https://mitehuacan.mx/?ruta=cuayuca
1,Taller Electrico Toscano,taller,29,18.489289,-97.405237,https://mitehuacan.mx/?ruta=cuayuca
1,Taller Sin Nombre,taller,29,18.488224,-97.405767,https://mitehuacan.mx/?ruta=cuayuca
1,Electrico Automotriz,taller,30,18.468797,-97.391979,https://mitehuacan.mx/?ruta=cuayuca
1,Taller De Soldadura Y Torno Tony,taller,30,18.469099,-97.393234,https://mitehuacan.mx/?ruta=cuayuca
1,Club E Nutricion Herbalife,taller,31,18.513238,-97.495105,https://mitehuacan.mx/?ruta=cuayuca
1,Atoles Y Tamales Sanchez,taller,32,18.458606,-97.386908,https://mitehuacan.mx/?ruta=cuayuca
1,Papas Fritas Lizs,taller,33,18.464741,-97.38673,https://mitehuacan.mx/?ruta=cuayuca
1,Taller De Joyeria Lrj,taller,33,18.462948,-97.389655,https://mitehuacan.mx/?ruta=cuayuca
1,Taller Mecanico Servicio Automotriz Tobon,taller,33,18.465947,-97.386727,https://mitehuacan.mx/?ruta=cuayuca
1,Pintura Automotriz Cruz,taller,34,18.490158,-97.40584,https://mitehuacan.mx/?ruta=cuayuca
1,Servicio Tecnico Automotriz Bh,taller,36,18.472374,-97.392526,https://mitehuacan.mx/?ruta=cuayuca
1,Venta De Elotes El Esquiton,taller,36,18.466644,-97.392906,https://mitehuacan.mx/?ruta=cuayuca
1,Taller De Hojalateria Sin Nombre,taller,37,18.469101,-97.3933,https://mitehuacan.mx/?ruta=cuayuca
1,Venta De Relojes Relojeria Orient,taller,38,18.462735,-97.386731,https://mitehuacan.mx/?ruta=cuayuca
1,Taller De Joyeria Sin Nombre,taller,40,18.461577,-97.389037,https://mitehuacan.mx/?ruta=cuayuca
1,Reconstructora Y Rectificadora De Motores Del Centro,taller,42,18.4668,-97.386669,https://mitehuacan.mx/?ruta=cuayuca
1,Venta De Papas Sin Nombre,taller,46,18.46075,-97.388999,https://mitehuacan.mx/?ruta=cuayuca
1,Taller Mecanico Cruz Y Mendiola,taller,48,18.488847,-97.40594,https://mitehuacan.mx/?ruta=cuayuca
1,Asistencia Automotriz,taller,51,18.490844,-97.40484,https://mitehuacan.mx/?ruta=cuayuca
1,Servicio Automotriz Calderon,taller,52,18.48817,-97.406356,https://mitehuacan.mx/?ruta=cuayuca
1,Venta De Postres Fruti Rico,taller,53,18.460773,-97.389937,https://mitehuacan.mx/?ruta=cuayuca
1,Taller De Suspenciones Vegar,taller,54,18.461493,-97.386621,https://mitehuacan.mx/?ruta=cuayuca
1,Karamelyto Postres Finos,taller,56,18.473325,-97.393357,https://mitehuacan.mx/?ruta=cuayuca
1,Servicio De Hojalateria Cruz,taller,58,18.490892,-97.404806,https://mitehuacan.mx/?ruta=cuayuca
1,Servicio Guerrero,taller,60,18.490393,-97.404359,https://mitehuacan.mx/?ruta=cuayuca
1,Taller Mecanico Toys Exprex,taller,60,18.516686,-97.501781,https://mitehuacan.mx/?ruta=cuayuca
1,Taller Mecanico Osorio,taller,61,18.488253,-97.406379,https://mitehuacan.mx/?ruta=cuayuca
1,Sastreria Sin Nombre,taller,62,18.465889,-97.38763,https://mitehuacan.mx/?ruta=cuayuca
1,Taller Electrico El Monje,taller,64,18.471612,-97.392275,https://mitehuacan.mx/?ruta=cuayuca
1,Electrica Max Jr,taller,67,18.458039,-97.389525,https://mitehuacan.mx/?ruta=cuayuca
1,Frutas Coco Bongo,taller,67,18.46084,-97.388806,https://mitehuacan.mx/?ruta=cuayuca
1,Laboratorios Diesel Del Centro,taller,69,18.47237,-97.394091,https://mitehuacan.mx/?ruta=cuayuca
1,Nutricion De Herbalife,taller,71,18.470254,-97.392243,https://mitehuacan.mx/?ruta=cuayuca
1,La Mansion Banquetes Y Eventos,taller,78,18.467039,-97.394736,https://mitehuacan.mx/?ruta=cuayuca
1,Elotes Don Chucho,taller,79,18.548647,-97.485087,https://mitehuacan.mx/?ruta=cuayuca
1,Preparación E Hilado De Fibras Duras Naturales Sin Nombre,taller,79,18.47351,-97.39449,https://mitehuacan.mx/?ruta=cuayuca
1,Reparacion De Prendas De Vestir Sin Nombre,taller,80,18.46929,-97.386518,https://mitehuacan.mx/?ruta=cuayuca
1,Taller De Embobinados De Motores Electricos Tecni Embobinado,taller,80,18.466911,-97.38862,https://mitehuacan.mx/?ruta=cuayuca
1,Manzanas Gourmet,taller,82,18.473706,-97.39203,https://mitehuacan.mx/?ruta=cuayuca
1,Club De Nutricion,taller,83,18.549307,-97.487179,https://mitehuacan.mx/?ruta=cuayuca
1,Taller Electrico Industrial Galo,taller,86,18.458296,-97.390239,https://mitehuacan.mx/?ruta=cuayuca
1,Servicio Hernandez Refrigeracion Domestica Y Comercial,taller,88,18.457849,-97.389526,https://mitehuacan.mx/?ruta=cuayuca
1,Master Automotriz,taller,90,18.47815,-97.43887,https://mitehuacan.mx/?ruta=cuayuca
1,Taller Tracto-Mecanica Sanchez,taller,90,18.490324,-97.406344,https://mitehuacan.mx/?ruta=cuayuca
1,Talller De Electrodomesticos,taller,91,18.476073,-97.392758,https://mitehuacan.mx/?ruta=cuayuca
1,Servicio Autoelectrico Jimenez,taller,92,18.471797,-97.392006,https://mitehuacan.mx/?ruta=cuayuca
1,Taller Mecanico Centro Integral Automotriz Romero Tehuacan,taller,96,18.467736,-97.389271,https://mitehuacan.mx/?ruta=cuayuca
1,Papas Juquilita,taller,97,18.465954,-97.388434,https://mitehuacan.mx/?ruta=cuayuca
1,Embobinados Lara,taller,99,18.46076,-97.386209,https://mitehuacan.mx/?ruta=cuayuca
1,Taller De Hojalteria Y Pintura Lobato,taller,99,18.475243,-97.430243,https://mitehuacan.mx/?ruta=cuayuca
1,Tractomecanica Vidal,taller,104,18.488542,-97.40669,https://mitehuacan.mx/?ruta=cuayuca
1,Muelles Vidal,taller,106,18.462779,-97.388333,https://mitehuacan.mx/?ruta=cuayuca
1,Snacks Crispy Fast Food,taller,109,18.465939,-97.386006,https://mitehuacan.mx/?ruta=cuayuca
1,Hojalateria Y Pintura El Pato,taller,110,18.469889,-97.38816,https://mitehuacan.mx/?ruta=cuayuca
1,Club De Herbalife,taller,111,18.467053,-97.395048,https://mitehuacan.mx/?ruta=cuayuca
1,Deshebrado Sin Nombre,taller,111,18.474257,-97.434721,https://mitehuacan.mx/?ruta=cuayuca
1,Venta De Elotes Y Esquites,taller,111,18.46008,-97.38822,https://mitehuacan.mx/?ruta=cuayuca
1,Taller De Suspensiones Automotrices Del Valle,taller,114,18.46244,-97.386025,https://mitehuacan.mx/?ruta=cuayuca
1,Composturas De Prendas De Vestir Sin Nombre,taller,115,18.463991,-97.388149,https://mitehuacan.mx/?ruta=cuayuca
1,Venta De Papas Fritas Y Frituras,taller,116,18.457513,-97.387143,https://mitehuacan.mx/?ruta=cuayuca
1,Rojas Automotriz,taller,118,18.469895,-97.387286,https://mitehuacan.mx/?ruta=cuayuca
1,Mantenimiento Industrial,taller,122,18.467916,-97.395134,https://mitehuacan.mx/?ruta=cuayuca
1,Servicio Automotriz Rrj,taller,123,18.465006,-97.38587,https://mitehuacan.mx/?ruta=cuayuca
1,Taller De Costura Ade,taller,123,18.475491,-97.430372,https://mitehuacan.mx/?ruta=cuayuca
1,Taller Mecanico Sin Nombre,taller,123,18.547368,-97.484873,https://mitehuacan.mx/?ruta=cuayuca
1,Club De Nutricion Herbalife,taller,124,18.488479,-97.407252,https://mitehuacan.mx/?ruta=cuayuca
1,Club Herbalife Color Esperanza,taller,125,18.459196,-97.390668,https://mitehuacan.mx/?ruta=cuayuca
1,Taller Mecanico Automotriz El Primo,taller,125,18.487841,-97.402224,https://mitehuacan.mx/?ruta=cuayuca
1,Bazar La China,taller,126,18.489388,-97.40305,https://mitehuacan.mx/?ruta=cuayuca
1,Club De Nutricion,taller,129,18.457472,-97.389175,https://mitehuacan.mx/?ruta=cuayuca
1,Club De Nutricion Herba Life,taller,129,18.457498,-97.389696,https://mitehuacan.mx/?ruta=cuayuca
1,Sidesa,taller,129,18.484471,-97.454734,https://mitehuacan.mx/?ruta=cuayuca
1,Taller De Reparacion De Maquinaria Servimar,taller,132,18.464802,-97.385788,https://mitehuacan.mx/?ruta=cuayuca
1,Servicio Electrico Carrera,taller,137,18.457373,-97.388591,https://mitehuacan.mx/?ruta=cuayuca
1,Papas Fritas,taller,138,18.460748,-97.38584,https://mitehuacan.mx/?ruta=cuayuca
1,Taller Mecanico Automotriz Juquilita,taller,138,18.54312,-97.492685,https://mitehuacan.mx/?ruta=cuayuca
1,Veterinaria Tehuacanes,veterinaria,1,18.471414,-97.392873,https://mitehuacan.mx/?ruta=cuayuca
1,Clinica Veterinaria La Huella,veterinaria,2,18.467809,-97.393994,https://mitehuacan.mx/?ruta=cuayuca
1,Venta De Alimentos Para Aves Alimentos Balanceados La Granji,veterinaria,2,18.462206,-97.389332,https://mitehuacan.mx/?ruta=cuayuca
1,Veterinaria Trinidad,veterinaria,7,18.548226,-97.487722,https://mitehuacan.mx/?ruta=cuayuca
1,M2 Peritos,veterinaria,9,18.465129,-97.389266,https://mitehuacan.mx/?ruta=cuayuca
1,Venta De Alfalfa,veterinaria,9,18.514476,-97.49762,https://mitehuacan.mx/?ruta=cuayuca
1,Veterinarias Pacheco,veterinaria,11,18.469108,-97.39384,https://mitehuacan.mx/?ruta=cuayuca
1,Veterinaria Santa Cruz,veterinaria,12,18.462491,-97.389456,https://mitehuacan.mx/?ruta=cuayuca
1,Venta De Pacas De Alfalfa,veterinaria,13,18.511109,-97.492198,https://mitehuacan.mx/?ruta=cuayuca
1,Sanfer Salud Animal,veterinaria,14,18.468219,-97.386944,https://mitehuacan.mx/?ruta=cuayuca
1,Venta De Forraje,veterinaria,26,18.513766,-97.495974,https://mitehuacan.mx/?ruta=cuayuca
1,Enlace Veterinario Venta De Medicina Veterinaria,veterinaria,32,18.473313,-97.394885,https://mitehuacan.mx/?ruta=cuayuca
1,Hg Distrubuidora Pecuaria Venta De Medicamentos Veterinarios,veterinaria,50,18.471522,-97.392406,https://mitehuacan.mx/?ruta=cuayuca
1,Veterinaria Catdog,veterinaria,54,18.479823,-97.399627,https://mitehuacan.mx/?ruta=cuayuca
1,Veterinaria Dogxo,veterinaria,60,18.479841,-97.399712,https://mitehuacan.mx/?ruta=cuayuca
1,Veterinaria San Francisco,veterinaria,71,18.477396,-97.398217,https://mitehuacan.mx/?ruta=cuayuca
1,Forrajes Y Alimentos Los Pinos,veterinaria,90,18.508492,-97.486997,https://mitehuacan.mx/?ruta=cuayuca
1,Nutrimentos Plus,veterinaria,97,18.46277,-97.38801,https://mitehuacan.mx/?ruta=cuayuca
1,Bodega De Productos Pecuarios,veterinaria,99,18.471846,-97.391935,https://mitehuacan.mx/?ruta=cuayuca
1,Forrajes Cuayuca,veterinaria,106,18.54894,-97.484931,https://mitehuacan.mx/?ruta=cuayuca
1,Veterinaria Mundo Animal,veterinaria,108,18.465956,-97.391438,https://mitehuacan.mx/?ruta=cuayuca
1,Grupo Isa Tehuacan,veterinaria,121,18.47587,-97.432002,https://mitehuacan.mx/?ruta=cuayuca
1,Veterinaria Bam Bam,veterinaria,121,18.475835,-97.43185,https://mitehuacan.mx/?ruta=cuayuca
1,Comercializacion De Productos Agropecuarios,veterinaria,125,18.473328,-97.391639,https://mitehuacan.mx/?ruta=cuayuca
1,Forrajera Hidalgo,veterinaria,145,18.457336,-97.386714,https://mitehuacan.mx/?ruta=cuayuca
1,Veterinaria San Marcos,veterinaria,145,18.457408,-97.386559,https://mitehuacan.mx/?ruta=cuayuca
1,Alpesur Tehuacan,veterinaria,147,18.457334,-97.386661,https://mitehuacan.mx/?ruta=cuayuca
2,Miscelanea Casa Sanchez,abarrotes,0,18.462337,-97.387101,https://mitehuacan.mx/?ruta=cuayuca
2,Tienda De La Y,abarrotes,0,18.488035,-97.405584,https://mitehuacan.mx/?ruta=cuayuca
2,Abarrotes Vinos Y Licores La Y,abarrotes,1,18.490247,-97.404928,https://mitehuacan.mx/?ruta=cuayuca
2,Helados Y Paletas Holanda,abarrotes,1,18.469078,-97.392409,https://mitehuacan.mx/?ruta=cuayuca
2,Miscelanea Morita,abarrotes,1,18.462319,-97.387101,https://mitehuacan.mx/?ruta=cuayuca
2,Abarrotes Ofeve De Tehuacan,abarrotes,2,18.460184,-97.387143,https://mitehuacan.mx/?ruta=cuayuca
2,Comercio Al Por Mayor De Abarrotes Sin Nombre,abarrotes,2,18.460242,-97.387142,https://mitehuacan.mx/?ruta=cuayuca
2,Mini Super La Guereja,abarrotes,2,18.462785,-97.389318,https://mitehuacan.mx/?ruta=cuayuca
2,Miscelanea El Supercito,abarrotes,2,18.548091,-97.487431,https://mitehuacan.mx/?ruta=cuayuca
2,Miscelanea Perlita,abarrotes,2,18.465857,-97.387019,https://mitehuacan.mx/?ruta=cuayuca
2,Miscelanea Sin Nombre,abarrotes,2,18.546682,-97.490244,https://mitehuacan.mx/?ruta=cuayuca
2,Tienda De Abarrotes Sin Nombre,abarrotes,2,18.546637,-97.490256,https://mitehuacan.mx/?ruta=cuayuca
2,Tienda Sin Nombre,abarrotes,2,18.46031,-97.38714,https://mitehuacan.mx/?ruta=cuayuca
2,Tiendita Sin Nombre,abarrotes,2,18.546259,-97.490352,https://mitehuacan.mx/?ruta=cuayuca
2,Abarrotes La Guadalupana,abarrotes,3,18.460065,-97.389479,https://mitehuacan.mx/?ruta=cuayuca
2,Miscelanea Jardin,abarrotes,3,18.475284,-97.392854,https://mitehuacan.mx/?ruta=cuayuca
2,Miscelanea Yomi,abarrotes,3,18.477738,-97.423165,https://mitehuacan.mx/?ruta=cuayuca
2,Abarrotes Conchita,abarrotes,4,18.4586,-97.387249,https://mitehuacan.mx/?ruta=cuayuca
2,Abarrotes Sin Nombre,abarrotes,4,18.458574,-97.388417,https://mitehuacan.mx/?ruta=cuayuca
2,Miscelanea Las Brisas,abarrotes,4,18.458555,-97.38802,https://mitehuacan.mx/?ruta=cuayuca
2,Miscelanea Lupita,abarrotes,4,18.465431,-97.389391,https://mitehuacan.mx/?ruta=cuayuca
2,Tiendas Don Odi,abarrotes,4,18.547997,-97.487178,https://mitehuacan.mx/?ruta=cuayuca
2,"Comercio Al Por Menor En Tiendas De Abarrotes, Ultramarinos ",abarrotes,5,18.475135,-97.394587,https://mitehuacan.mx/?ruta=cuayuca
2,Miscelanea Crush,abarrotes,5,18.475084,-97.394912,https://mitehuacan.mx/?ruta=cuayuca
2,Miscelanea El Tambor Magico,abarrotes,5,18.466977,-97.394018,https://mitehuacan.mx/?ruta=cuayuca
2,Miscelanea Soledad,abarrotes,5,18.466856,-97.390301,https://mitehuacan.mx/?ruta=cuayuca
2,Miscelanea A Y G,abarrotes,6,18.543681,-97.491028,https://mitehuacan.mx/?ruta=cuayuca
2,Miscelanea Alice,abarrotes,6,18.548322,-97.489845,https://mitehuacan.mx/?ruta=cuayuca
2,Miscelanea Mayito,abarrotes,6,18.466957,-97.390459,https://mitehuacan.mx/?ruta=cuayuca
2,Tienda De Abarrotes Dany,abarrotes,6,18.460761,-97.389492,https://mitehuacan.mx/?ruta=cuayuca
2,Tienda De Snacks Y Bebidas Sin Nombre,abarrotes,6,18.467046,-97.393293,https://mitehuacan.mx/?ruta=cuayuca
2,Mini Super Mx,abarrotes,7,18.518931,-97.504289,https://mitehuacan.mx/?ruta=cuayuca
2,Miscelanea El Guero,abarrotes,7,18.548563,-97.485954,https://mitehuacan.mx/?ruta=cuayuca
2,Miscelanea Juanita,abarrotes,7,18.548204,-97.489536,https://mitehuacan.mx/?ruta=cuayuca
2,Tienda De Abarrotes Mi Tienda,abarrotes,7,18.517954,-97.502812,https://mitehuacan.mx/?ruta=cuayuca
2,Tienda La Chileñita,abarrotes,7,18.518696,-97.503925,https://mitehuacan.mx/?ruta=cuayuca
2,Tienda Serrano,abarrotes,7,18.548215,-97.487551,https://mitehuacan.mx/?ruta=cuayuca
2,Venta De Abarrotes Ultramarinos Y Miscelaneas,abarrotes,7,18.460791,-97.387214,https://mitehuacan.mx/?ruta=cuayuca
2,Abarrotes Ofeve De Tehuacan,abarrotes,8,18.460233,-97.389374,https://mitehuacan.mx/?ruta=cuayuca
2,Abarrotes Ofeve De Tehuacan,abarrotes,8,18.460048,-97.389377,https://mitehuacan.mx/?ruta=cuayuca
2,Auto Servicio Mapetos Mexico,abarrotes,8,18.479667,-97.443489,https://mitehuacan.mx/?ruta=cuayuca
2,Gran Bodega Tehuacan,abarrotes,8,18.46931,-97.39386,https://mitehuacan.mx/?ruta=cuayuca
2,Miscelanea 3Y6,abarrotes,8,18.469123,-97.391385,https://mitehuacan.mx/?ruta=cuayuca
2,Miscelanea Del Centro,abarrotes,8,18.547563,-97.486146,https://mitehuacan.mx/?ruta=cuayuca
2,Miscelanea Karen,abarrotes,8,18.475048,-97.43404,https://mitehuacan.mx/?ruta=cuayuca
2,Miscelanea La Chelita,abarrotes,8,18.544407,-97.490778,https://mitehuacan.mx/?ruta=cuayuca
2,Miscelanea La Chilenita,abarrotes,8,18.547556,-97.486127,https://mitehuacan.mx/?ruta=cuayuca
2,Miscelanea Manos Magicas,abarrotes,8,18.469022,-97.389536,https://mitehuacan.mx/?ruta=cuayuca
2,Miscelanea San Esteban,abarrotes,8,18.46266,-97.387017,https://mitehuacan.mx/?ruta=cuayuca
2,Miscelanea Sin Nombre,abarrotes,8,18.468868,-97.389264,https://mitehuacan.mx/?ruta=cuayuca
2,Miscelanea Y Antojitos La Ermita,abarrotes,8,18.477466,-97.439177,https://mitehuacan.mx/?ruta=cuayuca
2,Tienda De Abarrotes Comercializadora Casa Hernandez,abarrotes,8,18.461609,-97.389347,https://mitehuacan.mx/?ruta=cuayuca
2,Ultramarinos La Magdalena,abarrotes,8,18.547579,-97.486194,https://mitehuacan.mx/?ruta=cuayuca
2,Miscelanea Alan,abarrotes,9,18.463124,-97.389438,https://mitehuacan.mx/?ruta=cuayuca
2,Miscelanea La Tia,abarrotes,9,18.507098,-97.48623,https://mitehuacan.mx/?ruta=cuayuca
2,Miscelanea La Veracruzana 1,abarrotes,9,18.465871,-97.389265,https://mitehuacan.mx/?ruta=cuayuca
2,Miscelanea Lezama,abarrotes,9,18.486559,-97.402766,https://mitehuacan.mx/?ruta=cuayuca
2,Miscelanea Trujillo,abarrotes,9,18.544919,-97.490602,https://mitehuacan.mx/?ruta=cuayuca
2,Novedades Rosi,abarrotes,9,18.516894,-97.501251,https://mitehuacan.mx/?ruta=cuayuca
2,Miscelanea La Guadalupana,abarrotes,10,18.515185,-97.4987,https://mitehuacan.mx/?ruta=cuayuca
2,Miscelanea Rosy,abarrotes,10,18.459422,-97.387096,https://mitehuacan.mx/?ruta=cuayuca
2,Miscelanea Sin Nombre,abarrotes,10,18.477792,-97.439705,https://mitehuacan.mx/?ruta=cuayuca
2,Miselanea Sharom,abarrotes,10,18.516756,-97.501064,https://mitehuacan.mx/?ruta=cuayuca
2,Tienda Burguer,abarrotes,10,18.510647,-97.4919,https://mitehuacan.mx/?ruta=cuayuca
2,Tienda Casa Montes,abarrotes,10,18.51077,-97.492086,https://mitehuacan.mx/?ruta=cuayuca
2,Tienda De Abarrotes La Nueva Sonrisa,abarrotes,10,18.469138,-97.391293,https://mitehuacan.mx/?ruta=cuayuca
2,Tienda De Abarrotes Sin Nombre,abarrotes,10,18.510901,-97.492282,https://mitehuacan.mx/?ruta=cuayuca
2,Tienda Wifi,abarrotes,10,18.510079,-97.491045,https://mitehuacan.mx/?ruta=cuayuca
2,Tiendita La Via,abarrotes,10,18.541156,-97.491994,https://mitehuacan.mx/?ruta=cuayuca
2,Abarrotes Y Semillas Cristo Vive,abarrotes,11,18.470488,-97.392805,https://mitehuacan.mx/?ruta=cuayuca
2,La Super Tienda,abarrotes,11,18.476867,-97.438103,https://mitehuacan.mx/?ruta=cuayuca
2,Mini Super Gamy,abarrotes,11,18.509165,-97.489683,https://mitehuacan.mx/?ruta=cuayuca
2,Miscelanea Chavez,abarrotes,11,18.468438,-97.393852,https://mitehuacan.mx/?ruta=cuayuca
2,Miscelanea Yessica Karina,abarrotes,11,18.470488,-97.392805,https://mitehuacan.mx/?ruta=cuayuca
2,Tienda Sin Nombre,abarrotes,11,18.511327,-97.492924,https://mitehuacan.mx/?ruta=cuayuca
2,Mini Super Gamma,abarrotes,12,18.466822,-97.391325,https://mitehuacan.mx/?ruta=cuayuca
2,Miscelanea La Chilenita,abarrotes,12,18.547234,-97.489957,https://mitehuacan.mx/?ruta=cuayuca
2,Miscelanea Nayeli,abarrotes,12,18.508742,-97.488658,https://mitehuacan.mx/?ruta=cuayuca
2,Miscelanea Rosy,abarrotes,12,18.466497,-97.386948,https://mitehuacan.mx/?ruta=cuayuca
2,Tienda San Judas Tadeo,abarrotes,12,18.508401,-97.488548,https://mitehuacan.mx/?ruta=cuayuca
2,Miscelanea Charito,abarrotes,13,18.511195,-97.492327,https://mitehuacan.mx/?ruta=cuayuca
2,Miscelanea Y Papeleria,abarrotes,13,18.510728,-97.491623,https://mitehuacan.mx/?ruta=cuayuca
2,Tienda Sin Nombre,abarrotes,13,18.510515,-97.491304,https://mitehuacan.mx/?ruta=cuayuca
2,Miscelanea Tellez,abarrotes,14,18.506554,-97.485818,https://mitehuacan.mx/?ruta=cuayuca
2,Miscelanea Nuevo Amanecer,abarrotes,15,18.547866,-97.487127,https://mitehuacan.mx/?ruta=cuayuca
2,Miscelanea Familia Hogar,abarrotes,17,18.483325,-97.449989,https://mitehuacan.mx/?ruta=cuayuca
2,Bodega De La Tienda De Abarrotes Sin Nombre,abarrotes,18,18.471304,-97.392714,https://mitehuacan.mx/?ruta=cuayuca
2,Miscelanea La Vaca Lola,abarrotes,18,18.474638,-97.430903,https://mitehuacan.mx/?ruta=cuayuca
2,Tienda De Abarrotes Sin Nombre,abarrotes,18,18.471304,-97.392714,https://mitehuacan.mx/?ruta=cuayuca
2,Miscelanea Don Claudio,abarrotes,20,18.468867,-97.391297,https://mitehuacan.mx/?ruta=cuayuca
2,Miscelanea Abril,abarrotes,24,18.548484,-97.489638,https://mitehuacan.mx/?ruta=cuayuca
2,Miscelanea Mini,abarrotes,24,18.460782,-97.38692,https://mitehuacan.mx/?ruta=cuayuca
2,Miscelanea Camigary,abarrotes,28,18.469195,-97.389284,https://mitehuacan.mx/?ruta=cuayuca
2,Miscelanea Carmelita,abarrotes,28,18.547473,-97.486424,https://mitehuacan.mx/?ruta=cuayuca
2,Miscelanea La Luz,abarrotes,28,18.467187,-97.391425,https://mitehuacan.mx/?ruta=cuayuca
2,Modeloramita,abarrotes,28,18.547588,-97.486735,https://mitehuacan.mx/?ruta=cuayuca
2,Miscelanea Rey,abarrotes,29,18.516649,-97.500262,https://mitehuacan.mx/?ruta=cuayuca
2,Cremeria Mary,abarrotes,30,18.513369,-97.495311,https://mitehuacan.mx/?ruta=cuayuca
2,Miscelanea Sin Nombre,abarrotes,31,18.548547,-97.487397,https://mitehuacan.mx/?ruta=cuayuca
2,Miscelanea Amada,abarrotes,32,18.49061,-97.405639,https://mitehuacan.mx/?ruta=cuayuca
2,Miscelanea San Juditas,abarrotes,32,18.515343,-97.498239,https://mitehuacan.mx/?ruta=cuayuca
2,Abarrotes Vinos Y Licores Morales,abarrotes,33,18.471513,-97.392564,https://mitehuacan.mx/?ruta=cuayuca
2,Miscelanea Arely,abarrotes,33,18.490522,-97.405697,https://mitehuacan.mx/?ruta=cuayuca
2,Miscelanea Kioto,abarrotes,34,18.465968,-97.389677,https://mitehuacan.mx/?ruta=cuayuca
2,Tienda La Montaña,abarrotes,38,18.458498,-97.386854,https://mitehuacan.mx/?ruta=cuayuca
2,Venta De Dulces Y Miscelanea Yoloxochilt,abarrotes,40,18.460085,-97.38983,https://mitehuacan.mx/?ruta=cuayuca
2,Tienda De Abarrotes Sin Nombre,abarrotes,43,18.507978,-97.486991,https://mitehuacan.mx/?ruta=cuayuca
2,Cremeria Edith,abarrotes,45,18.479703,-97.399452,https://mitehuacan.mx/?ruta=cuayuca
2,Tienda Dani,abarrotes,46,18.475193,-97.426181,https://mitehuacan.mx/?ruta=cuayuca
2,Miscelanea Los Arcos,abarrotes,47,18.458139,-97.387192,https://mitehuacan.mx/?ruta=cuayuca
2,Miscelanea Paola,abarrotes,48,18.490892,-97.405306,https://mitehuacan.mx/?ruta=cuayuca
2,Miscelanea Hogar,abarrotes,50,18.48587,-97.403133,https://mitehuacan.mx/?ruta=cuayuca
2,Miscelanea Viky,abarrotes,50,18.50875,-97.488041,https://mitehuacan.mx/?ruta=cuayuca
2,Miscelanea Juana,abarrotes,54,18.549034,-97.486852,https://mitehuacan.mx/?ruta=cuayuca
2,Miscelanea Rufi,abarrotes,55,18.466476,-97.393033,https://mitehuacan.mx/?ruta=cuayuca
2,Abarrotes El Gallo De Tehuacan,abarrotes,56,18.460806,-97.387678,https://mitehuacan.mx/?ruta=cuayuca
2,Miscelanea Sarahi,abarrotes,57,18.487442,-97.402739,https://mitehuacan.mx/?ruta=cuayuca
2,Abarrotes La Unica,abarrotes,59,18.4586,-97.386652,https://mitehuacan.mx/?ruta=cuayuca
2,Micelabea San Juditas,abarrotes,60,18.470288,-97.39234,https://mitehuacan.mx/?ruta=cuayuca
2,Miscelanea El Puesto De La Abuela,abarrotes,60,18.489384,-97.40609,https://mitehuacan.mx/?ruta=cuayuca
2,Miscelanea La Tiendita,abarrotes,60,18.462958,-97.389911,https://mitehuacan.mx/?ruta=cuayuca
2,Miscelanea Sin Nombre,abarrotes,60,18.549092,-97.486944,https://mitehuacan.mx/?ruta=cuayuca
2,Tienda Canasta Del Ahorro,abarrotes,60,18.47602,-97.434926,https://mitehuacan.mx/?ruta=cuayuca
2,Miscelanea Arylu,abarrotes,61,18.464812,-97.388776,https://mitehuacan.mx/?ruta=cuayuca
2,Miscelanea Geminis,abarrotes,64,18.461417,-97.386528,https://mitehuacan.mx/?ruta=cuayuca
2,Miscelanea La Ideal,abarrotes,64,18.464768,-97.387649,https://mitehuacan.mx/?ruta=cuayuca
2,Abarrotes La Corona De Tehuacan,abarrotes,66,18.460777,-97.390061,https://mitehuacan.mx/?ruta=cuayuca
2,Miscelanea Soriano,abarrotes,66,18.545086,-97.491347,https://mitehuacan.mx/?ruta=cuayuca
2,Miscelanea Leal,abarrotes,67,18.468502,-97.392973,https://mitehuacan.mx/?ruta=cuayuca
2,Miscelanea Casa Moro,abarrotes,68,18.546985,-97.486143,https://mitehuacan.mx/?ruta=cuayuca
2,Abarrotes Mendoza,abarrotes,70,18.460727,-97.387814,https://mitehuacan.mx/?ruta=cuayuca
2,Miscelanea Cordoba Y Areyano,abarrotes,70,18.5485,-97.485159,https://mitehuacan.mx/?ruta=cuayuca
2,Tiendita Sin Nombre,abarrotes,70,18.514211,-97.498242,https://mitehuacan.mx/?ruta=cuayuca
2,Miscelanea La Estrella,abarrotes,72,18.467519,-97.389272,https://mitehuacan.mx/?ruta=cuayuca
2,Miscelanea Sanchez,abarrotes,72,18.466913,-97.388696,https://mitehuacan.mx/?ruta=cuayuca
2,Comercial El Sastre,abarrotes,77,18.473956,-97.432256,https://mitehuacan.mx/?ruta=cuayuca
2,Miscelanea Male 2,abarrotes,77,18.549244,-97.486897,https://mitehuacan.mx/?ruta=cuayuca
2,Tienda Marina,abarrotes,78,18.473771,-97.431537,https://mitehuacan.mx/?ruta=cuayuca
2,Abarrotes La Poblanita,abarrotes,80,18.460837,-97.388683,https://mitehuacan.mx/?ruta=cuayuca
2,Tienda De Abarrotes Sin Nombre,abarrotes,82,18.508289,-97.486817,https://mitehuacan.mx/?ruta=cuayuca
2,Tienda Sin Nombre,abarrotes,82,18.467612,-97.389361,https://mitehuacan.mx/?ruta=cuayuca
2,Miscelanea K K 9,abarrotes,83,18.508765,-97.49027,https://mitehuacan.mx/?ruta=cuayuca
2,Miscelanea La Pasadita,abarrotes,83,18.548058,-97.48511,https://mitehuacan.mx/?ruta=cuayuca
2,Abarrotes La Union,abarrotes,84,18.45835,-97.390239,https://mitehuacan.mx/?ruta=cuayuca
2,La Tiendita De Mari,abarrotes,84,18.477606,-97.398502,https://mitehuacan.mx/?ruta=cuayuca
2,Miscelanea La Concepcion,abarrotes,84,18.467733,-97.392992,https://mitehuacan.mx/?ruta=cuayuca
2,Miscelanea Lopez,abarrotes,85,18.487772,-97.402611,https://mitehuacan.mx/?ruta=cuayuca
2,Miscelanea Mi Tiendita,abarrotes,85,18.464807,-97.386234,https://mitehuacan.mx/?ruta=cuayuca
2,Miscelanea Sin Nombre,abarrotes,86,18.545113,-97.491537,https://mitehuacan.mx/?ruta=cuayuca
2,Tienda De Abarrotes Alba 2,abarrotes,87,18.472931,-97.428362,https://mitehuacan.mx/?ruta=cuayuca
2,Miscelanea Sin Nombre,abarrotes,89,18.467713,-97.390588,https://mitehuacan.mx/?ruta=cuayuca
2,Tienda De Abarrotes Sin Nombre,abarrotes,91,18.514739,-97.499386,https://mitehuacan.mx/?ruta=cuayuca
2,Miscelanea Citlali,abarrotes,92,18.548389,-97.484953,https://mitehuacan.mx/?ruta=cuayuca
2,Tienda Guadalupe,abarrotes,93,18.474101,-97.433446,https://mitehuacan.mx/?ruta=cuayuca
2,Miscelanea Cinco Estrellas,abarrotes,94,18.461523,-97.38624,https://mitehuacan.mx/?ruta=cuayuca
2,Tienda Los Laureles,abarrotes,97,18.543396,-97.490225,https://mitehuacan.mx/?ruta=cuayuca
2,Miscelanea Juquilita,abarrotes,99,18.473758,-97.432306,https://mitehuacan.mx/?ruta=cuayuca
2,Miscelanea Ringo,abarrotes,99,18.457749,-97.389527,https://mitehuacan.mx/?ruta=cuayuca
2,Terminal Independencia,abarrotes,99,18.462847,-97.390275,https://mitehuacan.mx/?ruta=cuayuca
2,Miscelanea La Veracruzana Ii,abarrotes,100,18.464415,-97.388418,https://mitehuacan.mx/?ruta=cuayuca
2,Tienda Dalia,abarrotes,100,18.549094,-97.48808,https://mitehuacan.mx/?ruta=cuayuca
2,Miscelanea Juquilita,abarrotes,101,18.457648,-97.387137,https://mitehuacan.mx/?ruta=cuayuca
2,Miscelanea Angel,abarrotes,102,18.507915,-97.485916,https://mitehuacan.mx/?ruta=cuayuca
2,Miscelanea Alexia,abarrotes,103,18.546679,-97.486213,https://mitehuacan.mx/?ruta=cuayuca
2,Miscelanea Chio,abarrotes,103,18.510783,-97.493633,https://mitehuacan.mx/?ruta=cuayuca
2,Miscelanea San Antonio,abarrotes,105,18.462835,-97.386101,https://mitehuacan.mx/?ruta=cuayuca
2,Miscelanea Adriana,abarrotes,106,18.465962,-97.390939,https://mitehuacan.mx/?ruta=cuayuca
2,Tienda De Abarrotes Lupita,abarrotes,106,18.472839,-97.427568,https://mitehuacan.mx/?ruta=cuayuca
2,Tienda De Abarrotes Sin Nombre,abarrotes,106,18.546436,-97.491322,https://mitehuacan.mx/?ruta=cuayuca
2,Miselanea La Tiendita,abarrotes,107,18.46289,-97.388101,https://mitehuacan.mx/?ruta=cuayuca
2,Tienda De Abarrotes El Señor De La Misericordia,abarrotes,107,18.464856,-97.388054,https://mitehuacan.mx/?ruta=cuayuca
2,Abarrotes Santa Clara,abarrotes,108,18.516354,-97.498501,https://mitehuacan.mx/?ruta=cuayuca
2,Miscelanea El Eden,abarrotes,109,18.476234,-97.393686,https://mitehuacan.mx/?ruta=cuayuca
2,Tienda De Abarrotes Sin Nombre,abarrotes,109,18.475176,-97.429339,https://mitehuacan.mx/?ruta=cuayuca
2,Miscelanea Doña Amalita,abarrotes,110,18.476372,-97.43448,https://mitehuacan.mx/?ruta=cuayuca
2,Tienda De Abarrotes Sin Nombre,abarrotes,110,18.516372,-97.498491,https://mitehuacan.mx/?ruta=cuayuca
2,Miscelanea Ame,abarrotes,111,18.476109,-97.433351,https://mitehuacan.mx/?ruta=cuayuca
2,Miscelanea Sin Nombre,abarrotes,111,18.467053,-97.395048,https://mitehuacan.mx/?ruta=cuayuca
2,Tetragono De Oriente,abarrotes,111,18.476132,-97.433447,https://mitehuacan.mx/?ruta=cuayuca
2,Miscelanea Cristhofer,abarrotes,113,18.475813,-97.432079,https://mitehuacan.mx/?ruta=cuayuca
2,Miscelanea Milagritos,abarrotes,113,18.474939,-97.425456,https://mitehuacan.mx/?ruta=cuayuca
2,Tienda La Morenita,abarrotes,114,18.462982,-97.390421,https://mitehuacan.mx/?ruta=cuayuca
2,Miscelanea Carmen,abarrotes,115,18.469968,-97.389036,https://mitehuacan.mx/?ruta=cuayuca
2,Miscelanea Dulce,abarrotes,116,18.469993,-97.389352,https://mitehuacan.mx/?ruta=cuayuca
2,Miscelanea Negrete,abarrotes,117,18.462832,-97.385987,https://mitehuacan.mx/?ruta=cuayuca
2,Tienda El Comedor,abarrotes,117,18.516416,-97.498442,https://mitehuacan.mx/?ruta=cuayuca
2,Estacionamiento La Corona,abarrotes,118,18.460738,-97.388324,https://mitehuacan.mx/?ruta=cuayuca
2,Miscelanea,abarrotes,118,18.549122,-97.490492,https://mitehuacan.mx/?ruta=cuayuca
2,Miscelanea Ana Laura,abarrotes,118,18.48487,-97.403264,https://mitehuacan.mx/?ruta=cuayuca
2,Miscelanea Casa Ruiz,abarrotes,119,18.48055,-97.447064,https://mitehuacan.mx/?ruta=cuayuca
2,Miscelanea Cuahtemoc,abarrotes,119,18.457909,-97.390336,https://mitehuacan.mx/?ruta=cuayuca
2,Miscelanea Martinez,abarrotes,119,18.4762,-97.433422,https://mitehuacan.mx/?ruta=cuayuca
2,Miscelanea Mendoza,abarrotes,119,18.488432,-97.40724,https://mitehuacan.mx/?ruta=cuayuca
2,Miscelanea Contreras,abarrotes,120,18.515945,-97.501673,https://mitehuacan.mx/?ruta=cuayuca
2,Miscelanea Sin Nombre,abarrotes,120,18.516118,-97.501922,https://mitehuacan.mx/?ruta=cuayuca
2,Tienda De Abarrotes Grocely,abarrotes,120,18.515911,-97.501624,https://mitehuacan.mx/?ruta=cuayuca
2,Miscelanea Araceli,abarrotes,121,18.515429,-97.500918,https://mitehuacan.mx/?ruta=cuayuca
2,Miscelanea Dayanara,abarrotes,121,18.547372,-97.484891,https://mitehuacan.mx/?ruta=cuayuca
2,Miscelanea San Juditas,abarrotes,122,18.545048,-97.491909,https://mitehuacan.mx/?ruta=cuayuca
2,Abarrotes Colibri,abarrotes,123,18.460411,-97.38599,https://mitehuacan.mx/?ruta=cuayuca
2,Miscelanea Casa Pastrana,abarrotes,123,18.479746,-97.445744,https://mitehuacan.mx/?ruta=cuayuca
2,Miscelanea La Familia,abarrotes,123,18.513028,-97.497346,https://mitehuacan.mx/?ruta=cuayuca
2,Miscelanea Mi Tiendita,abarrotes,123,18.475576,-97.430739,https://mitehuacan.mx/?ruta=cuayuca
2,Miscelanea El Angel Iv,abarrotes,124,18.46068,-97.385975,https://mitehuacan.mx/?ruta=cuayuca
2,Miscelanea Chemita,abarrotes,125,18.459216,-97.386009,https://mitehuacan.mx/?ruta=cuayuca
2,Miscelanea Elvia,abarrotes,125,18.46909,-97.385929,https://mitehuacan.mx/?ruta=cuayuca
2,Miscelanea Julie,abarrotes,127,18.549409,-97.489396,https://mitehuacan.mx/?ruta=cuayuca
2,Tienda De Abarrotes Papeleria Plasticos 5 Rosas Y 1 Clavel,abarrotes,127,18.510773,-97.494023,https://mitehuacan.mx/?ruta=cuayuca
2,Abarrotes 3 Estrellas,abarrotes,128,18.458466,-97.386002,https://mitehuacan.mx/?ruta=cuayuca
2,Miscelanea El Palmar,abarrotes,129,18.457417,-97.386957,https://mitehuacan.mx/?ruta=cuayuca
2,Miscelanea Sanchez,abarrotes,129,18.475488,-97.397611,https://mitehuacan.mx/?ruta=cuayuca
2,Miscelanea Sofi,abarrotes,130,18.511401,-97.495008,https://mitehuacan.mx/?ruta=cuayuca
2,Miscelanea Honorario,abarrotes,132,18.512984,-97.497414,https://mitehuacan.mx/?ruta=cuayuca
2,Miscelanea Vasandy,abarrotes,133,18.47754,-97.396032,https://mitehuacan.mx/?ruta=cuayuca
2,Miscelanea Vic-Fher,abarrotes,134,18.488569,-97.407275,https://mitehuacan.mx/?ruta=cuayuca
2,Miscelanea Vero,abarrotes,135,18.488429,-97.402439,https://mitehuacan.mx/?ruta=cuayuca
2,Tienda Sin Nombre,abarrotes,135,18.477355,-97.398904,https://mitehuacan.mx/?ruta=cuayuca
2,Miscelanea Anita,abarrotes,136,18.490137,-97.403381,https://mitehuacan.mx/?ruta=cuayuca
2,Miscelanea La Terminal,abarrotes,136,18.457351,-97.387633,https://mitehuacan.mx/?ruta=cuayuca
2,Tienda De Abarrotes La Jacaranda,abarrotes,136,18.457361,-97.38805,https://mitehuacan.mx/?ruta=cuayuca
2,La Pichi Tiendita,abarrotes,137,18.459995,-97.390749,https://mitehuacan.mx/?ruta=cuayuca
2,Miscelanea Valery,abarrotes,140,18.473679,-97.433518,https://mitehuacan.mx/?ruta=cuayuca
2,Tienda De Abarrotes La Cordobesa,abarrotes,140,18.461164,-97.390761,https://mitehuacan.mx/?ruta=cuayuca
2,Abarrotes La Colmenita,abarrotes,141,18.461662,-97.390759,https://mitehuacan.mx/?ruta=cuayuca
2,Mi Tiendita,abarrotes,141,18.458463,-97.385879,https://mitehuacan.mx/?ruta=cuayuca
2,Tienda Sin Nombre,abarrotes,141,18.545075,-97.492088,https://mitehuacan.mx/?ruta=cuayuca
2,Bodega De Abarrotes Colibri,abarrotes,142,18.460391,-97.385814,https://mitehuacan.mx/?ruta=cuayuca
2,Miscelanea Betsy,abarrotes,142,18.546514,-97.491652,https://mitehuacan.mx/?ruta=cuayuca
2,Miscelanea La Esperanza,abarrotes,142,18.51438,-97.499678,https://mitehuacan.mx/?ruta=cuayuca
2,Tienda Sin Nombre,abarrotes,143,18.477279,-97.398945,https://mitehuacan.mx/?ruta=cuayuca
2,Miscelanea Soriano,abarrotes,146,18.543201,-97.49273,https://mitehuacan.mx/?ruta=cuayuca
2,Miscelanea La Union,abarrotes,147,18.476582,-97.393686,https://mitehuacan.mx/?ruta=cuayuca
2,Miscelanea Lulu,abarrotes,147,18.549436,-97.484848,https://mitehuacan.mx/?ruta=cuayuca
2,Miscelanea Lupita,abarrotes,148,18.479911,-97.40074,https://mitehuacan.mx/?ruta=cuayuca
2,Miscelanea Mary,abarrotes,148,18.470358,-97.390838,https://mitehuacan.mx/?ruta=cuayuca
2,Miscelanea San Pedro,abarrotes,148,18.545031,-97.492175,https://mitehuacan.mx/?ruta=cuayuca
2,Bancomer,banco,8,18.462671,-97.387174,https://mitehuacan.mx/?ruta=cuayuca
2,Banco Forjadores,banco,35,18.467247,-97.391321,https://mitehuacan.mx/?ruta=cuayuca
2,Bbva,banco,82,18.462841,-97.38631,https://mitehuacan.mx/?ruta=cuayuca
2,Bbva Bancomer Tehuacan,banco,84,18.462841,-97.386294,https://mitehuacan.mx/?ruta=cuayuca
2,Escuela Primaria Escudo Nacional,escuela,0,18.547777,-97.489932,https://mitehuacan.mx/?ruta=cuayuca
2,Studio De Baile Fenix Family Dance,escuela,0,18.45888,-97.389495,https://mitehuacan.mx/?ruta=cuayuca
2,Academia De Baile Stage,escuela,1,18.463522,-97.387066,https://mitehuacan.mx/?ruta=cuayuca
2,Escuela Instituto Tehuacan,escuela,1,18.473169,-97.392825,https://mitehuacan.mx/?ruta=cuayuca
2,Bachillerato Universitario Simon Bolivar Tehuacan,escuela,2,18.466463,-97.389382,https://mitehuacan.mx/?ruta=cuayuca
2,Educacion Integral Elide,escuela,2,18.464282,-97.387032,https://mitehuacan.mx/?ruta=cuayuca
2,Escuela Manuel Pereyra Mejia,escuela,2,18.465123,-97.387018,https://mitehuacan.mx/?ruta=cuayuca
2,Meta Aprendizaje De Idiomas,escuela,4,18.475218,-97.393028,https://mitehuacan.mx/?ruta=cuayuca
2,Unidad Escolar Benavente,escuela,4,18.478922,-97.39847,https://mitehuacan.mx/?ruta=cuayuca
2,Centro De Educacion Primaria Y Capacitacion Para Niños Y Niñ,escuela,6,18.486571,-97.408788,https://mitehuacan.mx/?ruta=cuayuca
2,Academia De Ballet Collette,escuela,7,18.466984,-97.391075,https://mitehuacan.mx/?ruta=cuayuca
2,Escuela De Ingles Gaia Institute,escuela,7,18.466979,-97.390952,https://mitehuacan.mx/?ruta=cuayuca
2,Bachillerato General Oficial Pastor Rouaix Mendez,escuela,8,18.542442,-97.491409,https://mitehuacan.mx/?ruta=cuayuca
2,Escuela De Taekwodo 5,escuela,9,18.461293,-97.389346,https://mitehuacan.mx/?ruta=cuayuca
2,Seccion Educativa 414,escuela,9,18.461302,-97.389346,https://mitehuacan.mx/?ruta=cuayuca
2,Escuela Primaria Venustiano Carranza,escuela,10,18.512524,-97.494714,https://mitehuacan.mx/?ruta=cuayuca
2,Centro Universitario Milenium,escuela,11,18.4689,-97.393844,https://mitehuacan.mx/?ruta=cuayuca
2,Escuela Federal Liberacion 21Dpr2972H Turno Vespertino,escuela,11,18.477033,-97.397059,https://mitehuacan.mx/?ruta=cuayuca
2,Escuela Federal Liberacion Clave 21Dpr0417F Turno Matutino,escuela,11,18.477033,-97.397059,https://mitehuacan.mx/?ruta=cuayuca
2,Escuela Narcizo Mendoza Turno Vespertino,escuela,11,18.548007,-97.485824,https://mitehuacan.mx/?ruta=cuayuca
2,Escuela Primaria Federal Narciso Mendoza,escuela,11,18.548016,-97.485822,https://mitehuacan.mx/?ruta=cuayuca
2,Maria Montessori,escuela,11,18.473988,-97.395629,https://mitehuacan.mx/?ruta=cuayuca
2,Unid Campus Tehuacan,escuela,12,18.482045,-97.400498,https://mitehuacan.mx/?ruta=cuayuca
2,Bachillerato General Oficial Emiliano Zapata,escuela,14,18.477305,-97.39752,https://mitehuacan.mx/?ruta=cuayuca
2,Acuatica Abc,escuela,21,18.473762,-97.395633,https://mitehuacan.mx/?ruta=cuayuca
2,Colegio Escudo Nacional Preescolar,escuela,23,18.547033,-97.490352,https://mitehuacan.mx/?ruta=cuayuca
2,Instituto Tecnico Mexico,escuela,24,18.458428,-97.389521,https://mitehuacan.mx/?ruta=cuayuca
2,Morphosis,escuela,31,18.490398,-97.405727,https://mitehuacan.mx/?ruta=cuayuca
2,Academia De Musica Yamaha,escuela,37,18.460763,-97.389788,https://mitehuacan.mx/?ruta=cuayuca
2,Compañia Teatral Del Valle De Tehuacan,escuela,37,18.476972,-97.397563,https://mitehuacan.mx/?ruta=cuayuca
2,Escuela Taekwondo Oriente,escuela,37,18.464813,-97.386689,https://mitehuacan.mx/?ruta=cuayuca
2,Dance Central Estudio Profesional De Danza,escuela,39,18.466669,-97.394023,https://mitehuacan.mx/?ruta=cuayuca
2,Jardin De Niños Royal,escuela,39,18.466577,-97.391328,https://mitehuacan.mx/?ruta=cuayuca
2,Clases De Dibujo Sin Nombre,escuela,48,18.464762,-97.387497,https://mitehuacan.mx/?ruta=cuayuca
2,Escuela Municipal De Danza Folklorica Mexicana,escuela,48,18.464834,-97.387495,https://mitehuacan.mx/?ruta=cuayuca
2,Escuela Nacional De Sistemas Abiertos Sc,escuela,53,18.46645,-97.391329,https://mitehuacan.mx/?ruta=cuayuca
2,Escuela De Taekwondo Deportivo Mexicano Taekwondo,escuela,55,18.467356,-97.389273,https://mitehuacan.mx/?ruta=cuayuca
2,Jardin De Niños Barney,escuela,55,18.467102,-97.394515,https://mitehuacan.mx/?ruta=cuayuca
2,Taller Manitas Creativas,escuela,60,18.466475,-97.393904,https://mitehuacan.mx/?ruta=cuayuca
2,Primaria Colegio Aleman De Tehuacan,escuela,65,18.467106,-97.39461,https://mitehuacan.mx/?ruta=cuayuca
2,Colegio Internacional Discovery,escuela,68,18.484336,-97.414475,https://mitehuacan.mx/?ruta=cuayuca
2,Servicios De Uñas Y Barberia Bel,escuela,70,18.465884,-97.390012,https://mitehuacan.mx/?ruta=cuayuca
2,Academia De Danza Ballerinas,escuela,74,18.47185,-97.393813,https://mitehuacan.mx/?ruta=cuayuca
2,Equidos,escuela,74,18.47185,-97.393813,https://mitehuacan.mx/?ruta=cuayuca
2,Centro De Estudio Y Entretenimiento Arte Sana,escuela,77,18.464835,-97.390085,https://mitehuacan.mx/?ruta=cuayuca
2,Taller De Tejido,escuela,78,18.475957,-97.393699,https://mitehuacan.mx/?ruta=cuayuca
2,Estetica Y Academia Leo,escuela,83,18.464836,-97.390142,https://mitehuacan.mx/?ruta=cuayuca
2,Centro De Capacitacion Y Desarrollo Cecade Tehuacan,escuela,86,18.464849,-97.387855,https://mitehuacan.mx/?ruta=cuayuca
2,Escuela De Tae Kwon Do Juventud Marcial Tehuacan,escuela,86,18.458478,-97.3864,https://mitehuacan.mx/?ruta=cuayuca
2,Academia De Belleza Stilisciima,escuela,87,18.460782,-97.390259,https://mitehuacan.mx/?ruta=cuayuca
2,Escuela De Natacion Balaquarum,escuela,87,18.473673,-97.394487,https://mitehuacan.mx/?ruta=cuayuca
2,Centro Educativo Acty Gym,escuela,88,18.471094,-97.395146,https://mitehuacan.mx/?ruta=cuayuca
2,Bachillerato David Alfaro Siqueiros,escuela,90,18.51364,-97.494724,https://mitehuacan.mx/?ruta=cuayuca
2,Bachillerato Jose Maria Morelos Y Pavon,escuela,90,18.476799,-97.396022,https://mitehuacan.mx/?ruta=cuayuca
2,Bachillerato Jose Maria Morelos Y Pavon Turno Vespertino,escuela,90,18.476799,-97.396022,https://mitehuacan.mx/?ruta=cuayuca
2,Instituto Popular De Estudios Superiores,escuela,90,18.476797,-97.396022,https://mitehuacan.mx/?ruta=cuayuca
2,Barber Shop Instituto De Belleza Karol,escuela,91,18.461501,-97.390292,https://mitehuacan.mx/?ruta=cuayuca
2,Instituto De Belleza Karol,escuela,91,18.461501,-97.390292,https://mitehuacan.mx/?ruta=cuayuca
2,Jardin De Niños Jose Garcicrespo De La Vega,escuela,93,18.473137,-97.429446,https://mitehuacan.mx/?ruta=cuayuca
2,Jardin De Niños Tlanextli,escuela,93,18.473137,-97.429446,https://mitehuacan.mx/?ruta=cuayuca
2,Jardin De Niños Loris Malaguzzi,escuela,95,18.46492,-97.390253,https://mitehuacan.mx/?ruta=cuayuca
2,Escuela De Enfermeria Benavente,escuela,98,18.467817,-97.391315,https://mitehuacan.mx/?ruta=cuayuca
2,Centro Universitario Tehuacan,escuela,99,18.463976,-97.388438,https://mitehuacan.mx/?ruta=cuayuca
2,Instituto Mexicano De Enfermeria,escuela,100,18.476621,-97.395799,https://mitehuacan.mx/?ruta=cuayuca
2,Bachillerato General Escolarizado Diego Rivera,escuela,101,18.466287,-97.39457,https://mitehuacan.mx/?ruta=cuayuca
2,Escuela Primaria Himno Nacional,escuela,102,18.473224,-97.430184,https://mitehuacan.mx/?ruta=cuayuca
2,Jardin De Niños Destellos Magicos,escuela,102,18.474306,-97.394017,https://mitehuacan.mx/?ruta=cuayuca
2,Primaria Benito Juarez,escuela,102,18.473224,-97.430184,https://mitehuacan.mx/?ruta=cuayuca
2,Usa English Clases,escuela,103,18.475923,-97.397613,https://mitehuacan.mx/?ruta=cuayuca
2,Ateneo Universitario En Humanidades Y Ciencias,escuela,106,18.463642,-97.388377,https://mitehuacan.mx/?ruta=cuayuca
2,Colegio Mexico De Tehuacan,escuela,109,18.482137,-97.418505,https://mitehuacan.mx/?ruta=cuayuca
2,Instituto De Belleza Fashion Line,escuela,110,18.460896,-97.390474,https://mitehuacan.mx/?ruta=cuayuca
2,Instituto Juana De Arco,escuela,111,18.473834,-97.39385,https://mitehuacan.mx/?ruta=cuayuca
2,Colegio Sor Juana Ines De La Cruz,escuela,113,18.465881,-97.390416,https://mitehuacan.mx/?ruta=cuayuca
2,Escuela Profesor Manuel Valderrama Turno Matutino,escuela,113,18.472921,-97.391775,https://mitehuacan.mx/?ruta=cuayuca
2,Estetica Y Academia De Belleza Secrets,escuela,113,18.458,-97.390336,https://mitehuacan.mx/?ruta=cuayuca
2,Heroes Del 5 De Mayo Vespertino,escuela,113,18.472921,-97.391775,https://mitehuacan.mx/?ruta=cuayuca
2,Instituto Mozart,escuela,113,18.465951,-97.393046,https://mitehuacan.mx/?ruta=cuayuca
2,Instituto Heslington,escuela,114,18.473039,-97.396263,https://mitehuacan.mx/?ruta=cuayuca
2,Jardin De Niños Clausell,escuela,116,18.46101,-97.386047,https://mitehuacan.mx/?ruta=cuayuca
2,Preescolar Itzcoalt,escuela,116,18.460974,-97.386047,https://mitehuacan.mx/?ruta=cuayuca
2,Preescolar Joaquin Garcia Icazbalceta,escuela,119,18.510733,-97.493823,https://mitehuacan.mx/?ruta=cuayuca
2,Clases De Corte Y Confeccion Moda Y Estilo Sin Nombre,escuela,122,18.457597,-97.386655,https://mitehuacan.mx/?ruta=cuayuca
2,Unidad De Servicio De Apoyo A La Educacion Regular 89 Usaer ,escuela,123,18.512019,-97.495819,https://mitehuacan.mx/?ruta=cuayuca
2,Academia De Belleza Elegance,escuela,129,18.460382,-97.390664,https://mitehuacan.mx/?ruta=cuayuca
2,Clases De Taekwondo,escuela,131,18.473045,-97.430587,https://mitehuacan.mx/?ruta=cuayuca
2,Centro Educativo Transformador De Mexico,escuela,136,18.465739,-97.392928,https://mitehuacan.mx/?ruta=cuayuca
2,Centro De Asistencia Infantil Comunitario,escuela,137,18.459887,-97.39075,https://mitehuacan.mx/?ruta=cuayuca
2,Centro Educativo Prescolar,escuela,137,18.459923,-97.39075,https://mitehuacan.mx/?ruta=cuayuca
2,Ceuni,escuela,145,18.462707,-97.385726,https://mitehuacan.mx/?ruta=cuayuca
2,Papeleria Smira,papelería,5,18.458518,-97.387262,https://mitehuacan.mx/?ruta=cuayuca
2,Regalos Y Papeleria Lili,papelería,5,18.458526,-97.387423,https://mitehuacan.mx/?ruta=cuayuca
2,Papeleria Didactica Premier,papelería,6,18.463337,-97.389303,https://mitehuacan.mx/?ruta=cuayuca
2,Los Barateros Mega Ofertas De Tehuacan,papelería,10,18.459148,-97.389387,https://mitehuacan.mx/?ruta=cuayuca
2,Papeleria Acuarela,papelería,10,18.465392,-97.38694,https://mitehuacan.mx/?ruta=cuayuca
2,La Pape,papelería,11,18.470488,-97.392805,https://mitehuacan.mx/?ruta=cuayuca
2,Mega Ofertas De Tehuacan Sucursal,papelería,11,18.459112,-97.389387,https://mitehuacan.mx/?ruta=cuayuca
2,Papeleria Crist,papelería,12,18.465889,-97.389461,https://mitehuacan.mx/?ruta=cuayuca
2,Papeleria Del Abuelo,papelería,13,18.547518,-97.485912,https://mitehuacan.mx/?ruta=cuayuca
2,Papeleria Gloria,papelería,13,18.462742,-97.386968,https://mitehuacan.mx/?ruta=cuayuca
2,Papeleria La Patrona,papelería,13,18.511079,-97.492152,https://mitehuacan.mx/?ruta=cuayuca
2,Papeleria Lupita,papelería,13,18.511517,-97.492811,https://mitehuacan.mx/?ruta=cuayuca
2,La Red Papeleria,papelería,68,18.475867,-97.393701,https://mitehuacan.mx/?ruta=cuayuca
2,Papeleria Abaco,papelería,74,18.462962,-97.390044,https://mitehuacan.mx/?ruta=cuayuca
2,Papeleria Siglo Xxi,papelería,80,18.468327,-97.391408,https://mitehuacan.mx/?ruta=cuayuca
2,Papeleria La Pape,papelería,81,18.468318,-97.391409,https://mitehuacan.mx/?ruta=cuayuca
2,Papeleria Oly,papelería,81,18.473018,-97.428482,https://mitehuacan.mx/?ruta=cuayuca
2,Papeleria El Trebol,papelería,82,18.465883,-97.390126,https://mitehuacan.mx/?ruta=cuayuca
2,Tony Suc Tehuacan,papelería,86,18.46284,-97.386281,https://mitehuacan.mx/?ruta=cuayuca
2,Papeleria Sin Nombre,papelería,87,18.477946,-97.396808,https://mitehuacan.mx/?ruta=cuayuca
2,Papeleria Aragon,papelería,89,18.462845,-97.39018,https://mitehuacan.mx/?ruta=cuayuca
2,Papeleria Los Angeles,papelería,91,18.465941,-97.386177,https://mitehuacan.mx/?ruta=cuayuca
2,Papeleria Los Peques,papelería,92,18.546778,-97.48619,https://mitehuacan.mx/?ruta=cuayuca
2,Papeleria Comyk,papelería,93,18.469783,-97.38928,https://mitehuacan.mx/?ruta=cuayuca
2,Bodega De Papeleria Multiescolar,papelería,98,18.460893,-97.39036,https://mitehuacan.mx/?ruta=cuayuca
2,Papeleria Tehuacan,papelería,98,18.476142,-97.393016,https://mitehuacan.mx/?ruta=cuayuca
2,Papeleria Diana Carla,papelería,105,18.473114,-97.429846,https://mitehuacan.mx/?ruta=cuayuca
2,Papeleria Sin Nombre,papelería,108,18.476233,-97.393648,https://mitehuacan.mx/?ruta=cuayuca
2,Papeleria Copias Y Regalos Sin Nobre,papelería,112,18.470065,-97.391379,https://mitehuacan.mx/?ruta=cuayuca
2,Papeleria Mary,papelería,113,18.475721,-97.431683,https://mitehuacan.mx/?ruta=cuayuca
2,Papeleria Multiescolar,papelería,113,18.460897,-97.390502,https://mitehuacan.mx/?ruta=cuayuca
2,Papeleria Gabys,papelería,114,18.473185,-97.430478,https://mitehuacan.mx/?ruta=cuayuca
2,Papeleria Panda,papelería,116,18.472746,-97.391755,https://mitehuacan.mx/?ruta=cuayuca
2,Papeleria El Deportivo,papelería,124,18.488479,-97.407252,https://mitehuacan.mx/?ruta=cuayuca
2,Creaciones Pepe,papelería,129,18.457499,-97.389706,https://mitehuacan.mx/?ruta=cuayuca
2,Papeleria Gaby,papelería,129,18.465937,-97.385817,https://mitehuacan.mx/?ruta=cuayuca
2,Papeleria San Francisco,papelería,138,18.460394,-97.390749,https://mitehuacan.mx/?ruta=cuayuca
2,Papeleria Sin Nombre,papelería,142,18.477278,-97.398936,https://mitehuacan.mx/?ruta=cuayuca
2,Papeleria Urishak,papelería,143,18.475642,-97.430236,https://mitehuacan.mx/?ruta=cuayuca
2,Papeleria Rd,papelería,145,18.467144,-97.395368,https://mitehuacan.mx/?ruta=cuayuca
2,Dc Jeans,ropa,0,18.475339,-97.396131,https://mitehuacan.mx/?ruta=cuayuca
2,Venta De Ropa Y Refresco,ropa,0,18.458916,-97.389494,https://mitehuacan.mx/?ruta=cuayuca
2,Venta De Ropa Para Caballero Moda Para Ti,ropa,1,18.458852,-97.389495,https://mitehuacan.mx/?ruta=cuayuca
2,Venta De Ropa Para Dama,ropa,1,18.458753,-97.389497,https://mitehuacan.mx/?ruta=cuayuca
2,Bolchima,ropa,2,18.46713,-97.394015,https://mitehuacan.mx/?ruta=cuayuca
2,Tienda De Ropa Anis Butique,ropa,2,18.465594,-97.387017,https://mitehuacan.mx/?ruta=cuayuca
2,Tienda De Ropa Sin Nombre,ropa,2,18.463965,-97.387042,https://mitehuacan.mx/?ruta=cuayuca
2,Venta De Playeras Para Publicidad. Playeras Invictos,ropa,2,18.462812,-97.389317,https://mitehuacan.mx/?ruta=cuayuca
2,Venta De Ropa De Dama Cv Shop,ropa,2,18.462794,-97.389317,https://mitehuacan.mx/?ruta=cuayuca
2,Venta De Ropa De Dama Sin Nombre,ropa,2,18.459595,-97.389484,https://mitehuacan.mx/?ruta=cuayuca
2,Venta De Ropa Deportiva Modas Adulcin,ropa,2,18.462776,-97.389318,https://mitehuacan.mx/?ruta=cuayuca
2,Venta De Ropa Para Dama Newconcept,ropa,2,18.461296,-97.387111,https://mitehuacan.mx/?ruta=cuayuca
2,Venta De Ropa Sin Nombre,ropa,2,18.462632,-97.389321,https://mitehuacan.mx/?ruta=cuayuca
2,Venta De Ropa Sin Nombre,ropa,2,18.459567,-97.389484,https://mitehuacan.mx/?ruta=cuayuca
2,Desebrado De Pantalon,ropa,3,18.466418,-97.387023,https://mitehuacan.mx/?ruta=cuayuca
2,Maquiladora Sin Nombre,ropa,3,18.477623,-97.423338,https://mitehuacan.mx/?ruta=cuayuca
2,Venta De De Ropa Star Cool,ropa,3,18.460445,-97.389475,https://mitehuacan.mx/?ruta=cuayuca
2,Venta De Ropa Para Hombre Novedades Martinez,ropa,3,18.459821,-97.389481,https://mitehuacan.mx/?ruta=cuayuca
2,Venta De Ropa Sin Nombre,ropa,3,18.45859,-97.388749,https://mitehuacan.mx/?ruta=cuayuca
2,Boutique Kovz Shein,ropa,4,18.460653,-97.389473,https://mitehuacan.mx/?ruta=cuayuca
2,Novedades El Capis,ropa,4,18.458585,-97.388654,https://mitehuacan.mx/?ruta=cuayuca
2,Novedades Lupita,ropa,4,18.46135,-97.389466,https://mitehuacan.mx/?ruta=cuayuca
2,Tienda De Ropa De Hombre Sin Nombre,ropa,4,18.458559,-97.388114,https://mitehuacan.mx/?ruta=cuayuca
2,Tienda De Ropa Sin Nombre,ropa,4,18.458558,-97.388086,https://mitehuacan.mx/?ruta=cuayuca
2,Venta De Articulos Varios,ropa,4,18.461296,-97.389467,https://mitehuacan.mx/?ruta=cuayuca
2,Venta De Ropa Caballero,ropa,4,18.461052,-97.389469,https://mitehuacan.mx/?ruta=cuayuca
2,Venta De Ropa Para Dama Richie Colection,ropa,4,18.460672,-97.389473,https://mitehuacan.mx/?ruta=cuayuca
2,Venta De Ropa Sin Nombre,ropa,4,18.548304,-97.489656,https://mitehuacan.mx/?ruta=cuayuca
2,Venta De Ropa Sin Nombre,ropa,4,18.458567,-97.388275,https://mitehuacan.mx/?ruta=cuayuca
2,Compra Venta De Ropa Para Dama Sin Nombre,ropa,5,18.463522,-97.389425,https://mitehuacan.mx/?ruta=cuayuca
2,Exodos Moda,ropa,5,18.461631,-97.389464,https://mitehuacan.mx/?ruta=cuayuca
2,Industrias Osorio,ropa,5,18.475129,-97.394625,https://mitehuacan.mx/?ruta=cuayuca
2,Novedades Yaret,ropa,5,18.475093,-97.394855,https://mitehuacan.mx/?ruta=cuayuca
2,Venta De Calcetas Tamy Shop,ropa,5,18.466943,-97.390128,https://mitehuacan.mx/?ruta=cuayuca
2,Venta De Pantalones De Mezclilla Sin Nombre,ropa,5,18.458528,-97.38748,https://mitehuacan.mx/?ruta=cuayuca
2,Venta De Ropa Sin Hombre,ropa,5,18.458541,-97.387745,https://mitehuacan.mx/?ruta=cuayuca
2,Venta De Ropa Sin Nombre,ropa,5,18.458541,-97.387745,https://mitehuacan.mx/?ruta=cuayuca
2,Venta De Uniformes De Enfermeria Sin Nombre,ropa,5,18.466857,-97.39033,https://mitehuacan.mx/?ruta=cuayuca
2,Boneteria Y Lenceria Intimos,ropa,6,18.461658,-97.389463,https://mitehuacan.mx/?ruta=cuayuca
2,Boutique Hey Lolita,ropa,6,18.467044,-97.393255,https://mitehuacan.mx/?ruta=cuayuca
2,Maquiladora Confecciones Zarate,ropa,6,18.548194,-97.489308,https://mitehuacan.mx/?ruta=cuayuca
2,Tienda De Ropa Y Accesorios Wear Shyo,ropa,6,18.467061,-97.393682,https://mitehuacan.mx/?ruta=cuayuca
2,Venta De Ropa Autentica,ropa,6,18.461658,-97.389463,https://mitehuacan.mx/?ruta=cuayuca
2,Venta De Ropa Para Dama Oh My God,ropa,6,18.461658,-97.389463,https://mitehuacan.mx/?ruta=cuayuca
2,Boutique De Ropa Alegria,ropa,7,18.469139,-97.392018,https://mitehuacan.mx/?ruta=cuayuca
2,Tienda De Ropa Cactus Shop,ropa,7,18.466958,-97.394018,https://mitehuacan.mx/?ruta=cuayuca
2,Tienda De Ropa Moda Y Estilo Por Shein,ropa,7,18.463437,-97.389299,https://mitehuacan.mx/?ruta=cuayuca
2,Venta De Ropa Baby Metal,ropa,7,18.466906,-97.3929,https://mitehuacan.mx/?ruta=cuayuca
2,Venta De Ropa Modas Zoe,ropa,7,18.461731,-97.389463,https://mitehuacan.mx/?ruta=cuayuca
2,Tienda De Ropa Sin Nombre,ropa,8,18.54753,-97.486053,https://mitehuacan.mx/?ruta=cuayuca
2,Venta De Ropa De Dama Sin Nombre,ropa,8,18.461483,-97.389351,https://mitehuacan.mx/?ruta=cuayuca
2,Venta De Ropa De Dama Y Caballer Boutique Sin Nombre,ropa,8,18.46257,-97.387019,https://mitehuacan.mx/?ruta=cuayuca
2,Venta De Ropa Juvenil Para Dama Sin Nombre,ropa,8,18.459601,-97.389382,https://mitehuacan.mx/?ruta=cuayuca
2,Venta De Ropa Para Bebe Travesuras,ropa,8,18.460279,-97.389374,https://mitehuacan.mx/?ruta=cuayuca
2,Venta De Ropa Para Niño Y Niña Sin Nombre,ropa,8,18.458701,-97.388878,https://mitehuacan.mx/?ruta=cuayuca
2,Venta De Ropa Rags,ropa,8,18.460207,-97.389375,https://mitehuacan.mx/?ruta=cuayuca
2,Venta De Ropa Sin Nombre,ropa,8,18.474478,-97.392701,https://mitehuacan.mx/?ruta=cuayuca
2,Almacenes Dc,ropa,9,18.475557,-97.434975,https://mitehuacan.mx/?ruta=cuayuca
2,Boutique Bremed,ropa,9,18.464414,-97.389279,https://mitehuacan.mx/?ruta=cuayuca
2,Diancarlo Boutique,ropa,9,18.467009,-97.39152,https://mitehuacan.mx/?ruta=cuayuca
2,Lam Boutique,ropa,9,18.458719,-97.389219,https://mitehuacan.mx/?ruta=cuayuca
2,Maquiladora Sin Nombre,ropa,9,18.477278,-97.43884,https://mitehuacan.mx/?ruta=cuayuca
2,Ross Braa Venta De Ropa Para Dama,ropa,9,18.458719,-97.389209,https://mitehuacan.mx/?ruta=cuayuca
2,Tienda De Ropa Selah,ropa,9,18.464966,-97.389266,https://mitehuacan.mx/?ruta=cuayuca
2,Venta De Ropa De Caballero Sin Nombre,ropa,9,18.461211,-97.389344,https://mitehuacan.mx/?ruta=cuayuca
2,Venta De Ropa De Dama Modas Jaky,ropa,9,18.461129,-97.389342,https://mitehuacan.mx/?ruta=cuayuca
2,Venta De Ropa Nahia,ropa,9,18.473591,-97.392728,https://mitehuacan.mx/?ruta=cuayuca
2,Venta De Ropa Novedades Cristy,ropa,9,18.45872,-97.389228,https://mitehuacan.mx/?ruta=cuayuca
2,Boutique Consuelo Fernandez,ropa,10,18.475249,-97.434934,https://mitehuacan.mx/?ruta=cuayuca
2,Ropa Americana Dulce Estilo,ropa,10,18.475249,-97.434934,https://mitehuacan.mx/?ruta=cuayuca
2,Taller De Costura Confecciones Leon,ropa,10,18.507392,-97.486665,https://mitehuacan.mx/?ruta=cuayuca
2,Tienda De Ropa Antonia Vega Distribuidores,ropa,10,18.467109,-97.393893,https://mitehuacan.mx/?ruta=cuayuca
2,Tienda De Ropa Novedades Mary,ropa,10,18.463052,-97.38944,https://mitehuacan.mx/?ruta=cuayuca
2,Venta De Pantalones Mr Jeans,ropa,10,18.466931,-97.394019,https://mitehuacan.mx/?ruta=cuayuca
2,Venta De Ropa De. Dama Novedades Marsy,ropa,10,18.46103,-97.389339,https://mitehuacan.mx/?ruta=cuayuca
2,Venta De Ropa Para Caballeros Batashermen,ropa,10,18.46494,-97.386945,https://mitehuacan.mx/?ruta=cuayuca
2,Venta De Ropa Sin Nombre,ropa,10,18.461403,-97.387035,https://mitehuacan.mx/?ruta=cuayuca
2,Venta De Ropa Sin Nombre,ropa,10,18.512126,-97.49412,https://mitehuacan.mx/?ruta=cuayuca
2,Venta De Uniformes Escolares Azul Garflo,ropa,10,18.460552,-97.387058,https://mitehuacan.mx/?ruta=cuayuca
2,Adeykat Venta De Ropa Y Accesorios,ropa,11,18.470398,-97.392808,https://mitehuacan.mx/?ruta=cuayuca
2,El Mundo Del Rodeo,ropa,11,18.46703,-97.391323,https://mitehuacan.mx/?ruta=cuayuca
2,Tienda De Ropa Sin Nombre,ropa,11,18.470488,-97.392805,https://mitehuacan.mx/?ruta=cuayuca
2,Venta De Calcetines Y Ropa Interior Sin Nombre,ropa,11,18.470488,-97.392805,https://mitehuacan.mx/?ruta=cuayuca
2,Venta De Ropa De Dama,ropa,11,18.462075,-97.38946,https://mitehuacan.mx/?ruta=cuayuca
2,Venta De Ropa Exterior Para Caballero Casual Alducin,ropa,11,18.470488,-97.392805,https://mitehuacan.mx/?ruta=cuayuca
2,Venta De Ropa Para Dama Y Gorras Yoselin,ropa,11,18.458725,-97.389608,https://mitehuacan.mx/?ruta=cuayuca
2,Boutique Koryak,ropa,12,18.508457,-97.488632,https://mitehuacan.mx/?ruta=cuayuca
2,Maquilados De Exportacion,ropa,12,18.487746,-97.406412,https://mitehuacan.mx/?ruta=cuayuca
2,Tienda De Ropa El Jocker,ropa,12,18.462563,-97.389455,https://mitehuacan.mx/?ruta=cuayuca
2,Venta De Mochilas Sin Nombre,ropa,12,18.458768,-97.389392,https://mitehuacan.mx/?ruta=cuayuca
2,Almacenes Dc,ropa,13,18.47537,-97.434064,https://mitehuacan.mx/?ruta=cuayuca
2,Butique Angela,ropa,13,18.509441,-97.489699,https://mitehuacan.mx/?ruta=cuayuca
2,Maquiladora Widaus,ropa,13,18.473654,-97.395234,https://mitehuacan.mx/?ruta=cuayuca
2,Venta De Ropa Sin Nombre,ropa,13,18.460719,-97.387273,https://mitehuacan.mx/?ruta=cuayuca
2,Moda Y Estilo Rous,ropa,14,18.506882,-97.486304,https://mitehuacan.mx/?ruta=cuayuca
2,Compra Venta De Ropa Interior Dulce Tentacion,ropa,15,18.458509,-97.38952,https://mitehuacan.mx/?ruta=cuayuca
2,Venta De Ropa Sin Nombre,ropa,15,18.458726,-97.389646,https://mitehuacan.mx/?ruta=cuayuca
2,Rafaelos Jeans,ropa,16,18.460758,-97.389283,https://mitehuacan.mx/?ruta=cuayuca
2,Topjean,ropa,16,18.474969,-97.432299,https://mitehuacan.mx/?ruta=cuayuca
2,Venta De Ropa Modas Valeria,ropa,17,18.461572,-97.389588,https://mitehuacan.mx/?ruta=cuayuca
2,Compra Venta De Ropa Mundo Cool,ropa,18,18.466767,-97.391326,https://mitehuacan.mx/?ruta=cuayuca
2,Venta De Ropa,ropa,18,18.471304,-97.392714,https://mitehuacan.mx/?ruta=cuayuca
2,Venta De Ropa Para Caballero Modas Fikshion,ropa,18,18.459937,-97.389624,https://mitehuacan.mx/?ruta=cuayuca
2,Venta De Ropa Y Juguetes. Sin Nombre,ropa,18,18.471304,-97.392714,https://mitehuacan.mx/?ruta=cuayuca
2,Confecciones Mon Mar,ropa,19,18.467088,-97.394174,https://mitehuacan.mx/?ruta=cuayuca
2,Venta De Productos Para Bebe Mimos,ropa,19,18.467105,-97.391426,https://mitehuacan.mx/?ruta=cuayuca
2,Venta De Ropa De Hombre Sin Nombre,ropa,19,18.460706,-97.38697,https://mitehuacan.mx/?ruta=cuayuca
2,Venta De Ropa Sin Nombre,ropa,19,18.458507,-97.387035,https://mitehuacan.mx/?ruta=cuayuca
2,Boutique. Fama,ropa,20,18.46274,-97.386901,https://mitehuacan.mx/?ruta=cuayuca
2,Venta De Ropa Sin Nombre,ropa,20,18.458609,-97.387022,https://mitehuacan.mx/?ruta=cuayuca
2,Tienda De Ropa Trapos,ropa,22,18.464907,-97.389561,https://mitehuacan.mx/?ruta=cuayuca
2,Venta De Ropa De Dama Sin Nombre,ropa,22,18.458506,-97.387006,https://mitehuacan.mx/?ruta=cuayuca
2,Venta De Ropa Transformate Jeans,ropa,23,18.462751,-97.387309,https://mitehuacan.mx/?ruta=cuayuca
2,Compra Venta De Ropa Para Dama Creaciones Am,ropa,25,18.458619,-97.389744,https://mitehuacan.mx/?ruta=cuayuca
2,Venta De Ropa Para Dama Sin Nombre,ropa,25,18.460874,-97.389668,https://mitehuacan.mx/?ruta=cuayuca
2,Venta De Ropa Para Caballero Be Rektro,ropa,26,18.45873,-97.38975,https://mitehuacan.mx/?ruta=cuayuca
2,Tienda De Ropa El Gran Remate,ropa,28,18.464821,-97.38909,https://mitehuacan.mx/?ruta=cuayuca
2,Boutique Are Y Kev,ropa,30,18.464741,-97.386757,https://mitehuacan.mx/?ruta=cuayuca
2,Tienda De Ropa Moda Zoe,ropa,31,18.471397,-97.392588,https://mitehuacan.mx/?ruta=cuayuca
2,Venta De Ropa Ferny American Shop,ropa,31,18.46713,-97.389274,https://mitehuacan.mx/?ruta=cuayuca
2,Clothes Y Things,ropa,32,18.548528,-97.485519,https://mitehuacan.mx/?ruta=cuayuca
2,Tienda De Ropa Interior Ferchis,ropa,33,18.462948,-97.389655,https://mitehuacan.mx/?ruta=cuayuca
2,Tienda De Ropa Rock Shop,ropa,33,18.460851,-97.389128,https://mitehuacan.mx/?ruta=cuayuca
2,Venta De Ropa Kids,ropa,35,18.461494,-97.389752,https://mitehuacan.mx/?ruta=cuayuca
2,Alexa Jeans,ropa,37,18.461494,-97.389771,https://mitehuacan.mx/?ruta=cuayuca
2,Tienda De Ropa Johans Boutique,ropa,37,18.464828,-97.389706,https://mitehuacan.mx/?ruta=cuayuca
2,Venta De Ropa Marometas,ropa,38,18.468707,-97.391403,https://mitehuacan.mx/?ruta=cuayuca
2,Oficina Sin Nombre,ropa,40,18.469305,-97.389346,https://mitehuacan.mx/?ruta=cuayuca
2,Venta De Ropa Para Caballeros Estilo Y Cultura 238,ropa,41,18.458604,-97.386823,https://mitehuacan.mx/?ruta=cuayuca
2,Venta De Ropa Shein,ropa,41,18.4582,-97.387113,https://mitehuacan.mx/?ruta=cuayuca
2,Compra Venta De Ropa Para Bebe Sin Nombre,ropa,43,18.458627,-97.389915,https://mitehuacan.mx/?ruta=cuayuca
2,Venta De Ropa Para Dama Sin Nombre,ropa,43,18.458735,-97.389911,https://mitehuacan.mx/?ruta=cuayuca
2,Venta De Ropa Para Niño Y Niña Sin Nombre,ropa,44,18.458496,-97.386798,https://mitehuacan.mx/?ruta=cuayuca
2,Venta De Zapatos Pantalones,ropa,44,18.4607,-97.389858,https://mitehuacan.mx/?ruta=cuayuca
2,Confecciones La Asuncion,ropa,46,18.490296,-97.405927,https://mitehuacan.mx/?ruta=cuayuca
2,Tienda De Ropa 8 24,ropa,47,18.461496,-97.389875,https://mitehuacan.mx/?ruta=cuayuca
2,Tienda De Mochilas,ropa,48,18.461576,-97.389882,https://mitehuacan.mx/?ruta=cuayuca
2,Venta De Camisas Señor Camisas,ropa,48,18.460846,-97.388986,https://mitehuacan.mx/?ruta=cuayuca
2,Venta De Ropa De Dama Sin Nombre,ropa,50,18.460846,-97.388967,https://mitehuacan.mx/?ruta=cuayuca
2,Venta De Ropa Sol Mery,ropa,52,18.458738,-97.389996,https://mitehuacan.mx/?ruta=cuayuca
2,Maquiladora Private Label,ropa,53,18.520833,-97.503611,https://mitehuacan.mx/?ruta=cuayuca
2,Bodega De Mesa De Corte Sin Nombre,ropa,55,18.49084,-97.405692,https://mitehuacan.mx/?ruta=cuayuca
2,Compra Venta De Ropa Para Niños Kiddies,ropa,55,18.458147,-97.389523,https://mitehuacan.mx/?ruta=cuayuca
2,Boutique Banana,ropa,56,18.466463,-97.39291,https://mitehuacan.mx/?ruta=cuayuca
2,Comercializadora Marlot,ropa,56,18.489638,-97.406068,https://mitehuacan.mx/?ruta=cuayuca
2,Mercader Ramos,ropa,56,18.460748,-97.388908,https://mitehuacan.mx/?ruta=cuayuca
2,Venta De Ropa Sin Nombre,ropa,57,18.458739,-97.390044,https://mitehuacan.mx/?ruta=cuayuca
2,Ropa Americana Colibri Clothes,ropa,58,18.471292,-97.393739,https://mitehuacan.mx/?ruta=cuayuca
2,Venta De Ropa Para Dama Sin Nombre,ropa,58,18.460843,-97.388891,https://mitehuacan.mx/?ruta=cuayuca
2,Textiles Las Flores,ropa,60,18.469379,-97.387399,https://mitehuacan.mx/?ruta=cuayuca
2,Venta De Ropa Sin Nombre,ropa,60,18.461578,-97.389996,https://mitehuacan.mx/?ruta=cuayuca
2,Empaque De Pantalon Sin Nombre,ropa,61,18.469457,-97.388354,https://mitehuacan.mx/?ruta=cuayuca
2,Venta De Ropa Creaciones En Tu Moda,ropa,63,18.461498,-97.390027,https://mitehuacan.mx/?ruta=cuayuca
2,Venta De Ropa Para Dama Minguis,ropa,65,18.461498,-97.390046,https://mitehuacan.mx/?ruta=cuayuca
2,Mesa De Corte Bulbo,ropa,66,18.473315,-97.394543,https://mitehuacan.mx/?ruta=cuayuca
2,M Y M Shop,ropa,67,18.548873,-97.489626,https://mitehuacan.mx/?ruta=cuayuca
2,Tienda De Ropa Sunshine,ropa,68,18.46481,-97.38871,https://mitehuacan.mx/?ruta=cuayuca
2,Venta De Ropa Juniors,ropa,68,18.461498,-97.390074,https://mitehuacan.mx/?ruta=cuayuca
2,Medusa Store,ropa,70,18.471756,-97.392214,https://mitehuacan.mx/?ruta=cuayuca
2,Venta De Ropa Para Caballero Y Accesorios Sin Nombre,ropa,70,18.458743,-97.390167,https://mitehuacan.mx/?ruta=cuayuca
2,Venta De Ropa Para Dama D Moda,ropa,71,18.458744,-97.390184,https://mitehuacan.mx/?ruta=cuayuca
2,Tienda De Ropa Pekes,ropa,73,18.461579,-97.390124,https://mitehuacan.mx/?ruta=cuayuca
2,Venta De Ropa De Bebe Valery,ropa,73,18.461579,-97.390119,https://mitehuacan.mx/?ruta=cuayuca
2,Tienda De Camisas S L B,ropa,74,18.466264,-97.391435,https://mitehuacan.mx/?ruta=cuayuca
2,Venta De Ropa Kevin Sport,ropa,75,18.464736,-97.386331,https://mitehuacan.mx/?ruta=cuayuca
2,Compra Venta De Ropa Enly Moda,ropa,77,18.464835,-97.390085,https://mitehuacan.mx/?ruta=cuayuca
2,Compra Venta De Ropa Jovas Shop,ropa,77,18.464835,-97.390085,https://mitehuacan.mx/?ruta=cuayuca
2,Compra Venta De Ropa Y Accesorios Mirandamen Shop,ropa,77,18.464835,-97.390085,https://mitehuacan.mx/?ruta=cuayuca
2,Confecciones De Calidad De La Sarabia,ropa,78,18.470407,-97.392174,https://mitehuacan.mx/?ruta=cuayuca
2,Confecciones La Asuncion,ropa,79,18.49031,-97.406239,https://mitehuacan.mx/?ruta=cuayuca
2,Compra Venta De Ropa Para Dama Novedades Angeles,ropa,80,18.458459,-97.390239,https://mitehuacan.mx/?ruta=cuayuca
2,Compra Venta De Ropa Liz Antony,ropa,81,18.466197,-97.391331,https://mitehuacan.mx/?ruta=cuayuca
2,Eroos Jeans,ropa,81,18.46624,-97.393039,https://mitehuacan.mx/?ruta=cuayuca
2,Boutique Mujer Bonita,ropa,82,18.462884,-97.387864,https://mitehuacan.mx/?ruta=cuayuca
2,Janekos Moda,ropa,82,18.472363,-97.395638,https://mitehuacan.mx/?ruta=cuayuca
2,Novedades Victoria,ropa,83,18.548095,-97.485103,https://mitehuacan.mx/?ruta=cuayuca
2,Rival,ropa,83,18.548077,-97.485107,https://mitehuacan.mx/?ruta=cuayuca
2,Tienda Regalitos,ropa,83,18.471737,-97.392094,https://mitehuacan.mx/?ruta=cuayuca
2,Novedades Erika,ropa,84,18.548746,-97.485072,https://mitehuacan.mx/?ruta=cuayuca
2,Venta De Ropa De Caballero Sin Nombre,ropa,84,18.462767,-97.387887,https://mitehuacan.mx/?ruta=cuayuca
2,Venta De Ropa Monse,ropa,84,18.461581,-97.390223,https://mitehuacan.mx/?ruta=cuayuca
2,Venta De Ropa Si Nombre,ropa,84,18.461581,-97.390223,https://mitehuacan.mx/?ruta=cuayuca
2,Taller De Costura Sin Nombre,ropa,85,18.459805,-97.386374,https://mitehuacan.mx/?ruta=cuayuca
2,Mesa De Corte Sin Nombre,ropa,88,18.491114,-97.405831,https://mitehuacan.mx/?ruta=cuayuca
2,Mochilas Y Regalos Sin Nombre,ropa,90,18.460783,-97.390288,https://mitehuacan.mx/?ruta=cuayuca
2,Bodega De Ropa Colette Fashion,ropa,91,18.461501,-97.390292,https://mitehuacan.mx/?ruta=cuayuca
2,Bodega De Ropa Yanabel Colette,ropa,91,18.461501,-97.390292,https://mitehuacan.mx/?ruta=cuayuca
2,Venta De Ropa En General Modas Livey,ropa,91,18.458748,-97.390366,https://mitehuacan.mx/?ruta=cuayuca
2,Venta De Ropa Y Personaliza2,ropa,91,18.466198,-97.39403,https://mitehuacan.mx/?ruta=cuayuca
2,Venta De Ropa Sin Nombre,ropa,93,18.462839,-97.386215,https://mitehuacan.mx/?ruta=cuayuca
2,Bodega Venta De Rpa Mia Clection,ropa,94,18.461582,-97.390318,https://mitehuacan.mx/?ruta=cuayuca
2,Venta De Ropa Rvainzs Collection,ropa,94,18.460892,-97.390322,https://mitehuacan.mx/?ruta=cuayuca
2,Maquilas De La Dieciseis,ropa,96,18.47436,-97.394119,https://mitehuacan.mx/?ruta=cuayuca
2,Tienda De Ropa Para Mujer Dovi Fashion,ropa,96,18.460832,-97.388531,https://mitehuacan.mx/?ruta=cuayuca
2,Venta Cinturones Juquilita,ropa,97,18.460893,-97.390351,https://mitehuacan.mx/?ruta=cuayuca
2,Venta De Ropa En General Modas Morales,ropa,97,18.45875,-97.390423,https://mitehuacan.mx/?ruta=cuayuca
2,Venta De Ropa Mia Colection,ropa,97,18.461582,-97.390346,https://mitehuacan.mx/?ruta=cuayuca
2,Venta De Ropa Para Caballero Fashion Mens,ropa,99,18.461583,-97.390365,https://mitehuacan.mx/?ruta=cuayuca
2,Venta De Ropa Sin Nonbre,ropa,99,18.462847,-97.390278,https://mitehuacan.mx/?ruta=cuayuca
2,Maquiladora Sin Nombre,ropa,102,18.475209,-97.391766,https://mitehuacan.mx/?ruta=cuayuca
2,Venta De Playeras Sin Nombre,ropa,103,18.460759,-97.386171,https://mitehuacan.mx/?ruta=cuayuca
2,Maquila Sin Nombre,ropa,105,18.478757,-97.397136,https://mitehuacan.mx/?ruta=cuayuca
2,Taller Maquilado De Pantalon,ropa,106,18.474979,-97.42551,https://mitehuacan.mx/?ruta=cuayuca
2,Venta De Ropa Y Accesorios Sin Nombre,ropa,106,18.462849,-97.390342,https://mitehuacan.mx/?ruta=cuayuca
2,Venta De Ropa De Dama Y Caballero Minguis,ropa,107,18.462779,-97.388323,https://mitehuacan.mx/?ruta=cuayuca
2,Ropa Casual Y De Vestir Sin Nombre,ropa,108,18.472011,-97.391848,https://mitehuacan.mx/?ruta=cuayuca
2,Venta De Ropa Moda Bella,ropa,108,18.461503,-97.390453,https://mitehuacan.mx/?ruta=cuayuca
2,Venta De Ropa Sin Nombre,ropa,110,18.461584,-97.39047,https://mitehuacan.mx/?ruta=cuayuca
2,Topjean,ropa,111,18.476143,-97.433494,https://mitehuacan.mx/?ruta=cuayuca
2,Venta De Jeans Mundana,ropa,111,18.462778,-97.388285,https://mitehuacan.mx/?ruta=cuayuca
2,Venta De Ropa Americana Y Decoracion Con.Amorteh,ropa,112,18.457697,-97.386651,https://mitehuacan.mx/?ruta=cuayuca
2,Venta De Ropa Y Lenceria Reciclando Trapos,ropa,112,18.460896,-97.390496,https://mitehuacan.mx/?ruta=cuayuca
2,Lavanderia Fashion Wash,ropa,113,18.469897,-97.387931,https://mitehuacan.mx/?ruta=cuayuca
2,Venta De Ropa Para Hombre Sin Nombre,ropa,113,18.458753,-97.390575,https://mitehuacan.mx/?ruta=cuayuca
2,Venta De Ropa Sexy Moda,ropa,114,18.461504,-97.39051,https://mitehuacan.mx/?ruta=cuayuca
2,Venta De Ropa En General Centro Comercial De Tehuacan,ropa,115,18.460789,-97.390525,https://mitehuacan.mx/?ruta=cuayuca
2,Bonita Boutique,ropa,116,18.462775,-97.38819,https://mitehuacan.mx/?ruta=cuayuca
2,Tienda De Ropa Moda Rosy,ropa,117,18.461505,-97.390539,https://mitehuacan.mx/?ruta=cuayuca
2,Taller De Costura Multi Estilos Sin Nombre,ropa,118,18.459517,-97.38607,https://mitehuacan.mx/?ruta=cuayuca
2,Venta De Ropa De Dama Sin Nombre,ropa,118,18.460738,-97.388316,https://mitehuacan.mx/?ruta=cuayuca
2,Venta De Ropa Modas Yolanda,ropa,118,18.461585,-97.390546,https://mitehuacan.mx/?ruta=cuayuca
2,Venta De Ropa Sin Nombre,ropa,119,18.476081,-97.432907,https://mitehuacan.mx/?ruta=cuayuca
2,Venta De Ropa Sin Nombre,ropa,119,18.457486,-97.387144,https://mitehuacan.mx/?ruta=cuayuca
2,Compra Venta De Ropa En General La Camisa,ropa,120,18.462853,-97.390474,https://mitehuacan.mx/?ruta=cuayuca
2,Taller De Maquila Sin Nombre,ropa,120,18.491406,-97.405897,https://mitehuacan.mx/?ruta=cuayuca
2,Topjean,ropa,120,18.475984,-97.432493,https://mitehuacan.mx/?ruta=cuayuca
2,Confecciones Alarcon,ropa,123,18.46089,-97.385982,https://mitehuacan.mx/?ruta=cuayuca
2,Venta De Ropa En General El Divino Niño,ropa,123,18.458889,-97.390669,https://mitehuacan.mx/?ruta=cuayuca
2,Venta De Ropa Para Niño Y Niña Interior Y Exterior Leon De J,ropa,123,18.458843,-97.39067,https://mitehuacan.mx/?ruta=cuayuca
2,Venta De Ropa Sin Nombre,ropa,123,18.462831,-97.385931,https://mitehuacan.mx/?ruta=cuayuca
2,Carpe Diem Boutique,ropa,124,18.465851,-97.393048,https://mitehuacan.mx/?ruta=cuayuca
2,Venta De Ropa De Niño Y Niña Novedades Nicol,ropa,124,18.459061,-97.390669,https://mitehuacan.mx/?ruta=cuayuca
2,Venta De Ropa Para Dama Queen Fashion,ropa,124,18.458916,-97.390669,https://mitehuacan.mx/?ruta=cuayuca
2,Bolchima,ropa,125,18.462976,-97.390527,https://mitehuacan.mx/?ruta=cuayuca
2,Venta De Cinturones Sin Nombre,ropa,125,18.45916,-97.390668,https://mitehuacan.mx/?ruta=cuayuca
2,Venta De Playeras Sin Nombre,ropa,125,18.459178,-97.390668,https://mitehuacan.mx/?ruta=cuayuca
2,Venta De Ropa Mujer Bonita,ropa,125,18.461506,-97.390615,https://mitehuacan.mx/?ruta=cuayuca
2,Venta De Vestidos Infantiles Britany,ropa,125,18.459206,-97.390668,https://mitehuacan.mx/?ruta=cuayuca
2,Venta De Tines Y Ropa Interior,ropa,126,18.459513,-97.390666,https://mitehuacan.mx/?ruta=cuayuca
2,Boutique Nirvana,ropa,127,18.510689,-97.493892,https://mitehuacan.mx/?ruta=cuayuca
2,Venta De Cinturones Cinturon Casual,ropa,127,18.45954,-97.390666,https://mitehuacan.mx/?ruta=cuayuca
2,Venta De Ropa Creaciones En Tu Moda,ropa,127,18.459567,-97.390666,https://mitehuacan.mx/?ruta=cuayuca
2,Venta De Ropa Fina Para Dama Sin Nombre,ropa,127,18.459649,-97.390666,https://mitehuacan.mx/?ruta=cuayuca
2,Almacenes Flores B,ropa,128,18.4609,-97.390644,https://mitehuacan.mx/?ruta=cuayuca
2,Venta De Ropa Infantil Sin Nombre,ropa,128,18.459767,-97.390665,https://mitehuacan.mx/?ruta=cuayuca
2,Creaciones El Guero,ropa,129,18.460292,-97.390664,https://mitehuacan.mx/?ruta=cuayuca
2,Ropa De Caballero Be Rektro,ropa,129,18.460409,-97.390664,https://mitehuacan.mx/?ruta=cuayuca
2,Ropa Para Hombre Sin Nombre,ropa,129,18.460735,-97.390664,https://mitehuacan.mx/?ruta=cuayuca
2,Venta De Cinturones Cinturon Casual,ropa,129,18.460464,-97.390664,https://mitehuacan.mx/?ruta=cuayuca
2,Venta De Cinturones Sin Nombre,ropa,129,18.460772,-97.390664,https://mitehuacan.mx/?ruta=cuayuca
2,Venta De Ropa Infantil Angelitos,ropa,129,18.460274,-97.390664,https://mitehuacan.mx/?ruta=cuayuca
2,Venta De Ropa Infantil Modas Nicol,ropa,129,18.460545,-97.390664,https://mitehuacan.mx/?ruta=cuayuca
2,Venta De Ropa Mb Jeans,ropa,129,18.460437,-97.390664,https://mitehuacan.mx/?ruta=cuayuca
2,Venta De Ropa Modas Rocio,ropa,129,18.460328,-97.390664,https://mitehuacan.mx/?ruta=cuayuca
2,Venta De Ropa Para Bebe,ropa,129,18.460545,-97.390664,https://mitehuacan.mx/?ruta=cuayuca
2,Venta De Ropa Para Caballero Be Rektro,ropa,129,18.460753,-97.390664,https://mitehuacan.mx/?ruta=cuayuca
2,Venta De Ropa Para Dama Be Rektro,ropa,129,18.460355,-97.390664,https://mitehuacan.mx/?ruta=cuayuca
2,Venta De Ropa Para Dama Creativa,ropa,129,18.460364,-97.390664,https://mitehuacan.mx/?ruta=cuayuca
2,Venta De Ropa Para Dama Modas Reynita,ropa,129,18.460609,-97.390664,https://mitehuacan.mx/?ruta=cuayuca
2,Venta De Ropa Y Lenceria,ropa,129,18.460337,-97.390664,https://mitehuacan.mx/?ruta=cuayuca
2,Venta De Tines Kal C Tin,ropa,129,18.460772,-97.390664,https://mitehuacan.mx/?ruta=cuayuca
2,Venta De Interior,ropa,130,18.46107,-97.390667,https://mitehuacan.mx/?ruta=cuayuca
2,Venta De Ropa Modas Rubi,ropa,130,18.461043,-97.390667,https://mitehuacan.mx/?ruta=cuayuca
2,Venta De Ropa Novedades Lucy,ropa,130,18.461161,-97.390666,https://mitehuacan.mx/?ruta=cuayuca
2,Revelacion Juvenil,ropa,131,18.46126,-97.390665,https://mitehuacan.mx/?ruta=cuayuca
2,Tienda De Ropa Yanabel Collete,ropa,131,18.461369,-97.390664,https://mitehuacan.mx/?ruta=cuayuca
2,Comercializadora Empresarial Nahomi Jeans,ropa,132,18.474518,-97.397103,https://mitehuacan.mx/?ruta=cuayuca
2,Uniformes Abraham,ropa,132,18.458801,-97.390755,https://mitehuacan.mx/?ruta=cuayuca
2,Venta De Ropa De Caballero Sin Nombre,ropa,132,18.458846,-97.390755,https://mitehuacan.mx/?ruta=cuayuca
2,Venta De Ropa Sin Nombre,ropa,132,18.458909,-97.390754,https://mitehuacan.mx/?ruta=cuayuca
2,Maquiladora Lucy Mex,ropa,133,18.549749,-97.486798,https://mitehuacan.mx/?ruta=cuayuca
2,Modas Morales,ropa,133,18.459081,-97.390754,https://mitehuacan.mx/?ruta=cuayuca
2,Venta De Ropa De Dama Sin Nombre,ropa,133,18.459072,-97.390754,https://mitehuacan.mx/?ruta=cuayuca
2,Venta De Ropa Infantil,ropa,133,18.459081,-97.390754,https://mitehuacan.mx/?ruta=cuayuca
2,Venta De Ropa Modas Eben Ezer,ropa,133,18.458945,-97.390754,https://mitehuacan.mx/?ruta=cuayuca
2,Venta De Ropa Sin Nombre,ropa,133,18.459072,-97.390754,https://mitehuacan.mx/?ruta=cuayuca
2,Venta De Ropa Y Uniformes Azzurri,ropa,133,18.458758,-97.390764,https://mitehuacan.mx/?ruta=cuayuca
2,Modas Para,ropa,134,18.459253,-97.390753,https://mitehuacan.mx/?ruta=cuayuca
2,Tienda De Ropa Bermex,ropa,134,18.462976,-97.390613,https://mitehuacan.mx/?ruta=cuayuca
2,Venta De Ropa De Bebe Sin Nombre,ropa,134,18.459145,-97.390753,https://mitehuacan.mx/?ruta=cuayuca
2,Venta De Ropa Infantil Key Fashion,ropa,134,18.459235,-97.390753,https://mitehuacan.mx/?ruta=cuayuca
2,Venta Deropa,ropa,134,18.45919,-97.390753,https://mitehuacan.mx/?ruta=cuayuca
2,Uniformes Deportivos Flomar,ropa,135,18.458758,-97.390783,https://mitehuacan.mx/?ruta=cuayuca
2,Venta De Ropa Infantil,ropa,135,18.459389,-97.390752,https://mitehuacan.mx/?ruta=cuayuca
2,Venta De Uniformes Escolares Sin Nombre,ropa,135,18.459407,-97.390752,https://mitehuacan.mx/?ruta=cuayuca
2,El Corcel De Oro,ropa,136,18.459597,-97.390751,https://mitehuacan.mx/?ruta=cuayuca
2,Modas Nicole,ropa,136,18.459579,-97.390751,https://mitehuacan.mx/?ruta=cuayuca
2,El Machetazo,ropa,137,18.459806,-97.39075,https://mitehuacan.mx/?ruta=cuayuca
2,Importaciones Marin,ropa,137,18.46015,-97.390749,https://mitehuacan.mx/?ruta=cuayuca
2,La Barata,ropa,137,18.459833,-97.39075,https://mitehuacan.mx/?ruta=cuayuca
2,Moda Rebel,ropa,137,18.460014,-97.390749,https://mitehuacan.mx/?ruta=cuayuca
2,Novedades Aldo,ropa,137,18.459977,-97.390749,https://mitehuacan.mx/?ruta=cuayuca
2,Ropa Para Bebe,ropa,137,18.460005,-97.390749,https://mitehuacan.mx/?ruta=cuayuca
2,Venta De Mochilas,ropa,137,18.460104,-97.390749,https://mitehuacan.mx/?ruta=cuayuca
2,Venta De Ropa,ropa,137,18.459724,-97.390751,https://mitehuacan.mx/?ruta=cuayuca
2,Venta De Ropa De Bebe Sin Nombre,ropa,137,18.459787,-97.39075,https://mitehuacan.mx/?ruta=cuayuca
2,Venta De Ropa Para Adulto,ropa,137,18.459869,-97.39075,https://mitehuacan.mx/?ruta=cuayuca
2,Venta De Ropa Para Bebe,ropa,137,18.459959,-97.39075,https://mitehuacan.mx/?ruta=cuayuca
2,Venta De Ropa Para Dama,ropa,137,18.459932,-97.39075,https://mitehuacan.mx/?ruta=cuayuca
2,Venta De Ropa Sin Nombre,ropa,137,18.460204,-97.390749,https://mitehuacan.mx/?ruta=cuayuca
2,Empaque,ropa,138,18.516112,-97.50222,https://mitehuacan.mx/?ruta=cuayuca
2,Moda Infantil Juquilita,ropa,138,18.460575,-97.390749,https://mitehuacan.mx/?ruta=cuayuca
2,Modas Amy,ropa,138,18.460611,-97.390749,https://mitehuacan.mx/?ruta=cuayuca
2,Novedades July,ropa,138,18.460421,-97.390749,https://mitehuacan.mx/?ruta=cuayuca
2,Queen Fashuion,ropa,138,18.46053,-97.390749,https://mitehuacan.mx/?ruta=cuayuca
2,Tienda De Ropa Y Uniformes Mega Familia,ropa,138,18.46034,-97.390749,https://mitehuacan.mx/?ruta=cuayuca
2,Venta De Ropa Niño Y Niña Sol Mery,ropa,138,18.460756,-97.390749,https://mitehuacan.mx/?ruta=cuayuca
2,Venta De Ropa Para Caballero Bee Retro,ropa,138,18.460303,-97.390749,https://mitehuacan.mx/?ruta=cuayuca
2,Venta De Ropa Sin Nombre,ropa,138,18.460267,-97.390749,https://mitehuacan.mx/?ruta=cuayuca
2,Venta De Ropa Sin Nombre,ropa,138,18.460676,-97.385842,https://mitehuacan.mx/?ruta=cuayuca
2,Tienda De Playeras Y Venta De Aerosoles,ropa,139,18.462859,-97.390654,https://mitehuacan.mx/?ruta=cuayuca
2,Tienda De Ropa Sin Nombre,ropa,139,18.462859,-97.390654,https://mitehuacan.mx/?ruta=cuayuca
2,Venta De Ropa Y Tenis Sin Nombre,ropa,139,18.462859,-97.390654,https://mitehuacan.mx/?ruta=cuayuca
2,Compra Venta De Ropa Y Tenis De La Calle,ropa,140,18.464927,-97.390682,https://mitehuacan.mx/?ruta=cuayuca
2,Creaciones En Tu Moda,ropa,141,18.460795,-97.390771,https://mitehuacan.mx/?ruta=cuayuca
2,Tienda De Mochilas El Gran Surtidor,ropa,141,18.461318,-97.390759,https://mitehuacan.mx/?ruta=cuayuca
2,Tienda De Mochilas Y Equipajes Vagabundo,ropa,141,18.4612,-97.390761,https://mitehuacan.mx/?ruta=cuayuca
2,Tienda De Ropa Moda Bella,ropa,141,18.461245,-97.39076,https://mitehuacan.mx/?ruta=cuayuca
2,Tienda De Ropa Modas Erikos,ropa,141,18.461653,-97.390759,https://mitehuacan.mx/?ruta=cuayuca
2,Tienda De Ropa Bermex,ropa,142,18.462976,-97.390688,https://mitehuacan.mx/?ruta=cuayuca
2,Bodega De Confecciones La Asuncion,ropa,145,18.491137,-97.40656,https://mitehuacan.mx/?ruta=cuayuca
2,Creaciones Mayel,ropa,145,18.45901,-97.385822,https://mitehuacan.mx/?ruta=cuayuca
2,Compra Y Venta De Ropa Sin Nombre,ropa,147,18.457311,-97.389431,https://mitehuacan.mx/?ruta=cuayuca
2,Venta De Ropa Ente Art,ropa,147,18.465643,-97.393053,https://mitehuacan.mx/?ruta=cuayuca
2,Tienda De Ropa Malkia,ropa,149,18.474339,-97.391378,https://mitehuacan.mx/?ruta=cuayuca
2,Venta De Ropa Sin Nombre,ropa,149,18.462269,-97.390762,https://mitehuacan.mx/?ruta=cuayuca
2,Zapateria Calza Ahorros,zapatería,2,18.462803,-97.389317,https://mitehuacan.mx/?ruta=cuayuca
2,Venta De Articulos Varios Sin Nombre,zapatería,3,18.46021,-97.389478,https://mitehuacan.mx/?ruta=cuayuca
2,Reparadora De Calzado El Venadito Express,zapatería,4,18.463793,-97.389416,https://mitehuacan.mx/?ruta=cuayuca
2,Reparadora De Calzado Nery,zapatería,4,18.461016,-97.389469,https://mitehuacan.mx/?ruta=cuayuca
2,Zapateria Dica,zapatería,4,18.463165,-97.38931,https://mitehuacan.mx/?ruta=cuayuca
2,Zapateria Sin Nombre,zapatería,4,18.548032,-97.48727,https://mitehuacan.mx/?ruta=cuayuca
2,Zapateria Cruzitos,zapatería,8,18.459923,-97.389378,https://mitehuacan.mx/?ruta=cuayuca
2,Zapateria Leoneza,zapatería,8,18.458703,-97.388906,https://mitehuacan.mx/?ruta=cuayuca
2,Zapateria Sport Shoes,zapatería,8,18.459763,-97.38938,https://mitehuacan.mx/?ruta=cuayuca
2,Reparadora De Calzado El Venado,zapatería,9,18.46464,-97.389275,https://mitehuacan.mx/?ruta=cuayuca
2,Zapateria Calza A La Moda,zapatería,9,18.463178,-97.389436,https://mitehuacan.mx/?ruta=cuayuca
2,Reparadora De Calzado Mavelu,zapatería,10,18.460606,-97.387056,https://mitehuacan.mx/?ruta=cuayuca
2,Zapateria Los 3 Charros,zapatería,10,18.461647,-97.387032,https://mitehuacan.mx/?ruta=cuayuca
2,Reparacion De Calzado Veracruz,zapatería,11,18.470488,-97.392805,https://mitehuacan.mx/?ruta=cuayuca
2,Reparadora De Calzado La Rosita,zapatería,11,18.462075,-97.38946,https://mitehuacan.mx/?ruta=cuayuca
2,Venta De Articulos Para Calzado Sin Nombre,zapatería,13,18.459871,-97.389579,https://mitehuacan.mx/?ruta=cuayuca
2,Zapaterias Ros Fer,zapatería,17,18.458508,-97.387063,https://mitehuacan.mx/?ruta=cuayuca
2,Zapateria Dica,zapatería,24,18.462804,-97.389109,https://mitehuacan.mx/?ruta=cuayuca
2,Zapateria Sin Nombre,zapatería,28,18.547529,-97.486575,https://mitehuacan.mx/?ruta=cuayuca
2,Coppel Calzado Oriente 765,zapatería,41,18.460751,-97.389053,https://mitehuacan.mx/?ruta=cuayuca
2,Reparadora De Calzado California,zapatería,43,18.465968,-97.389763,https://mitehuacan.mx/?ruta=cuayuca
2,Zapateria Montana,zapatería,49,18.469491,-97.391287,https://mitehuacan.mx/?ruta=cuayuca
2,Zapaterias Sports Shoes,zapatería,49,18.460772,-97.389899,https://mitehuacan.mx/?ruta=cuayuca
2,Reparadora De Calzado Sin Nombre,zapatería,56,18.54851,-97.485291,https://mitehuacan.mx/?ruta=cuayuca
2,Venta De Sandalias De Plastico,zapatería,62,18.461578,-97.390014,https://mitehuacan.mx/?ruta=cuayuca
2,Venta De Zapatos De Bebe Zapateria Infantil Pa Chiquitos,zapatería,79,18.460812,-97.387896,https://mitehuacan.mx/?ruta=cuayuca
2,Reparadora De Calzado El Guero,zapatería,83,18.545818,-97.491285,https://mitehuacan.mx/?ruta=cuayuca
2,Zapateria Giorgio Moretto,zapatería,89,18.460834,-97.388597,https://mitehuacan.mx/?ruta=cuayuca
2,Zapateria Ana Maria,zapatería,91,18.458643,-97.390369,https://mitehuacan.mx/?ruta=cuayuca
2,Zapateria Crazy Feet,zapatería,112,18.461504,-97.390491,https://mitehuacan.mx/?ruta=cuayuca
2,Zapateria Ing Roberto,zapatería,113,18.462892,-97.388158,https://mitehuacan.mx/?ruta=cuayuca
2,Renovadora De Calzado Puebla Ii,zapatería,121,18.458755,-97.39065,https://mitehuacan.mx/?ruta=cuayuca
2,Zapateria 3 Hermanos,zapatería,125,18.459233,-97.390668,https://mitehuacan.mx/?ruta=cuayuca
2,Zapaterias Arther,zapatería,128,18.459803,-97.390665,https://mitehuacan.mx/?ruta=cuayuca
2,Zapaterias El Reventon,zapatería,128,18.45993,-97.390665,https://mitehuacan.mx/?ruta=cuayuca
2,Zapateria Ana Maria,zapatería,129,18.460744,-97.390664,https://mitehuacan.mx/?ruta=cuayuca
2,Zapateria Tio Beto,zapatería,129,18.460382,-97.390664,https://mitehuacan.mx/?ruta=cuayuca
2,Venta De Tenis Juquilita,zapatería,133,18.458891,-97.390755,https://mitehuacan.mx/?ruta=cuayuca
2,Zapateria Eduars,zapatería,133,18.459072,-97.390754,https://mitehuacan.mx/?ruta=cuayuca
2,Zapateria El Reventon,zapatería,137,18.460131,-97.390749,https://mitehuacan.mx/?ruta=cuayuca
2,Zapateria Don Zapato,zapatería,139,18.462859,-97.390654,https://mitehuacan.mx/?ruta=cuayuca
2,Zapateria Kristal,zapatería,139,18.462859,-97.390654,https://mitehuacan.mx/?ruta=cuayuca
2,Huaracheria Gloria,zapatería,140,18.461544,-97.390758,https://mitehuacan.mx/?ruta=cuayuca
2,Zapapateria Expres,zapatería,140,18.461616,-97.390758,https://mitehuacan.mx/?ruta=cuayuca
3,Novedades Sin Nombre,accesorios,0,18.458925,-97.389494,https://mitehuacan.mx/?ruta=cuayuca
3,Venta De Moñoz Moñoz Coqueta,accesorios,2,18.459649,-97.389483,https://mitehuacan.mx/?ruta=cuayuca
3,Venta De Accesorios Para Dama Novedades Flor De Abril,accesorios,3,18.460364,-97.389476,https://mitehuacan.mx/?ruta=cuayuca
3,Accesorios Michelle,accesorios,4,18.461178,-97.389468,https://mitehuacan.mx/?ruta=cuayuca
3,Bisuteria Amor Mio,accesorios,4,18.460934,-97.38947,https://mitehuacan.mx/?ruta=cuayuca
3,Tienda Bisuteria Y Cosmeticos Sin Nombre,accesorios,5,18.458544,-97.387792,https://mitehuacan.mx/?ruta=cuayuca
3,Tienda De Maquillaje Mundo Mujer Centro Mayorista,accesorios,5,18.458539,-97.387698,https://mitehuacan.mx/?ruta=cuayuca
3,Venta De Bisuteria Manuela Conplemento De Bisuteria,accesorios,5,18.458536,-97.387641,https://mitehuacan.mx/?ruta=cuayuca
3,Shopping,accesorios,6,18.548183,-97.489043,https://mitehuacan.mx/?ruta=cuayuca
3,Tienda Dechacharas El Baratetito,accesorios,6,18.463346,-97.389303,https://mitehuacan.mx/?ruta=cuayuca
3,Chacharas Venta De Diferentes Articulos De Temporada Sin Nom,accesorios,7,18.460686,-97.389369,https://mitehuacan.mx/?ruta=cuayuca
3,Venta De Ropa Y Gorras Sin Nombre,accesorios,7,18.475031,-97.433964,https://mitehuacan.mx/?ruta=cuayuca
3,Bisuteria Amor Mio,accesorios,8,18.459718,-97.38938,https://mitehuacan.mx/?ruta=cuayuca
3,Venta De Gorras Y Accesorios Gorras Y Accesorios Mg,accesorios,8,18.462706,-97.387016,https://mitehuacan.mx/?ruta=cuayuca
3,Chacharitas Yael,accesorios,9,18.458712,-97.389058,https://mitehuacan.mx/?ruta=cuayuca
3,Venta De Chucherias Farez Bazar,accesorios,9,18.464776,-97.389273,https://mitehuacan.mx/?ruta=cuayuca
3,Gorras Y Playeras El Chino,accesorios,10,18.458732,-97.389393,https://mitehuacan.mx/?ruta=cuayuca
3,Venta De Gorras Yoseline,accesorios,16,18.460872,-97.389583,https://mitehuacan.mx/?ruta=cuayuca
3,Bisuteria Ar,accesorios,17,18.464825,-97.389516,https://mitehuacan.mx/?ruta=cuayuca
3,Tienda De Novedades Aremi,accesorios,22,18.460855,-97.389232,https://mitehuacan.mx/?ruta=cuayuca
3,Venta De Gorras. Gorras Angelito,accesorios,28,18.458503,-97.386949,https://mitehuacan.mx/?ruta=cuayuca
3,Venta De Chacharitas Sin Nombre,accesorios,39,18.458292,-97.389522,https://mitehuacan.mx/?ruta=cuayuca
3,Venta De Mochilas Y Bolsas Sin Nombre,accesorios,55,18.460844,-97.38892,https://mitehuacan.mx/?ruta=cuayuca
3,Venta De Bolsos Y Novedades Anubis,accesorios,59,18.467503,-97.392878,https://mitehuacan.mx/?ruta=cuayuca
3,Venta De Cinturones Y Gorras Publicidad Fercho,accesorios,67,18.460885,-97.390066,https://mitehuacan.mx/?ruta=cuayuca
3,Compra Venta De Ropa Y Accesorios Enchulateh,accesorios,80,18.457921,-97.389526,https://mitehuacan.mx/?ruta=cuayuca
3,Accesorios Andi Dois,accesorios,86,18.465941,-97.386224,https://mitehuacan.mx/?ruta=cuayuca
3,Amatista Bisuteria,accesorios,89,18.466125,-97.391332,https://mitehuacan.mx/?ruta=cuayuca
3,Accesorios N&T,accesorios,91,18.471357,-97.392019,https://mitehuacan.mx/?ruta=cuayuca
3,Tienda De Bolsas Avenida Diez 09,accesorios,107,18.467051,-97.39501,https://mitehuacan.mx/?ruta=cuayuca
3,Venta De Bolsas El Rey De La Bolsa,accesorios,108,18.462779,-97.388314,https://mitehuacan.mx/?ruta=cuayuca
3,Venta De Bisuteria Y Novedades Sarang,accesorios,112,18.458651,-97.390568,https://mitehuacan.mx/?ruta=cuayuca
3,Changarrito De Chacharitas Sin Nombre,accesorios,120,18.549349,-97.489501,https://mitehuacan.mx/?ruta=cuayuca
3,Venta De Moños Nina,accesorios,127,18.4609,-97.390635,https://mitehuacan.mx/?ruta=cuayuca
3,Centro Comercial Casa China,accesorios,129,18.458658,-97.39073,https://mitehuacan.mx/?ruta=cuayuca
3,Venta De Moños Y Accesorios,accesorios,129,18.460274,-97.390664,https://mitehuacan.mx/?ruta=cuayuca
3,Compra Venta De Bisuteria Y Accesorios Para Dama La Bella,accesorios,133,18.462976,-97.390603,https://mitehuacan.mx/?ruta=cuayuca
3,Venta De Gorras Publicidad Y Beisbol,accesorios,133,18.458973,-97.390754,https://mitehuacan.mx/?ruta=cuayuca
3,Cinturon Casual,accesorios,138,18.460493,-97.390749,https://mitehuacan.mx/?ruta=cuayuca
3,Articulos De Bisuteria Fantasias Dany,accesorios,139,18.462859,-97.390654,https://mitehuacan.mx/?ruta=cuayuca
3,Joyeria De Fantasia Y Plata - Plata Linda,accesorios,139,18.462859,-97.390654,https://mitehuacan.mx/?ruta=cuayuca
3,Venta De Accesorios De Acero Inoxidable Tx Acero Inoxidable,accesorios,139,18.462859,-97.390654,https://mitehuacan.mx/?ruta=cuayuca
3,Vicmaly La Casa De Las Muñecas,accesorios,143,18.457349,-97.389273,https://mitehuacan.mx/?ruta=cuayuca
3,Tienda De Bolsas Y Morrales De Plastico Sin Nombre,accesorios,146,18.458028,-97.385941,https://mitehuacan.mx/?ruta=cuayuca
3,Preparatoria Federal,asistencia social,4,18.466677,-97.389415,https://mitehuacan.mx/?ruta=cuayuca
3,Auto Lavado El Dorado,autolavado,1,18.489907,-97.404729,https://mitehuacan.mx/?ruta=cuayuca
3,Auto Lavado Tachirito,autolavado,1,18.548562,-97.487074,https://mitehuacan.mx/?ruta=cuayuca
3,Lavado De Autos Bravo,autolavado,3,18.476476,-97.437865,https://mitehuacan.mx/?ruta=cuayuca
3,Lavado Y Estacionamiento Riko,autolavado,4,18.466922,-97.392339,https://mitehuacan.mx/?ruta=cuayuca
3,Lavado De Autos Zuly,autolavado,7,18.467027,-97.392544,https://mitehuacan.mx/?ruta=cuayuca
3,Lavado De Autos,autolavado,9,18.514056,-97.497,https://mitehuacan.mx/?ruta=cuayuca
3,Lavado De Autos Checo,autolavado,9,18.467015,-97.391805,https://mitehuacan.mx/?ruta=cuayuca
3,Auto Lavado Galvez,autolavado,11,18.468167,-97.393861,https://mitehuacan.mx/?ruta=cuayuca
3,Lavado De Autos Orange,autolavado,11,18.471882,-97.392771,https://mitehuacan.mx/?ruta=cuayuca
3,Lavado De Autos Super Wash,autolavado,11,18.476301,-97.396583,https://mitehuacan.mx/?ruta=cuayuca
3,Autolavado Hernandez,autolavado,26,18.458608,-97.386965,https://mitehuacan.mx/?ruta=cuayuca
3,Autolavado Juarez,autolavado,27,18.487019,-97.402829,https://mitehuacan.mx/?ruta=cuayuca
3,Lavado De Autos Sin Nombre,autolavado,28,18.465891,-97.389082,https://mitehuacan.mx/?ruta=cuayuca
3,El Pato Mojado 2,autolavado,41,18.467025,-97.394385,https://mitehuacan.mx/?ruta=cuayuca
3,Auto Lavado Alvarado,autolavado,55,18.470816,-97.393562,https://mitehuacan.mx/?ruta=cuayuca
3,Auto Lavado El Tiburon,autolavado,66,18.469519,-97.38882,https://mitehuacan.mx/?ruta=cuayuca
3,Lavado Y Engrasado Vidal,autolavado,69,18.487985,-97.407122,https://mitehuacan.mx/?ruta=cuayuca
3,Lavo De Autos Paw Patrol,autolavado,76,18.457874,-97.387127,https://mitehuacan.mx/?ruta=cuayuca
3,Autolavado El Pato Mojado,autolavado,83,18.469799,-97.391282,https://mitehuacan.mx/?ruta=cuayuca
3,Auto Lavado Hudi,autolavado,90,18.468294,-97.392977,https://mitehuacan.mx/?ruta=cuayuca
3,Autolavado Elgallito,autolavado,99,18.54909,-97.488241,https://mitehuacan.mx/?ruta=cuayuca
3,Lavado De Autos Uli,autolavado,107,18.457751,-97.386649,https://mitehuacan.mx/?ruta=cuayuca
3,Autolavado Jacarandas,autolavado,128,18.474602,-97.397109,https://mitehuacan.mx/?ruta=cuayuca
3,Lavado Y Aspirado La Bendicion,autolavado,147,18.473013,-97.426735,https://mitehuacan.mx/?ruta=cuayuca
3,Restaurante - Bar Chelvar,bar,1,18.470886,-97.394142,https://mitehuacan.mx/?ruta=cuayuca
3,Bar Komander 1,bar,2,18.489666,-97.405557,https://mitehuacan.mx/?ruta=cuayuca
3,La Katryna Lounge Antro Bar,bar,3,18.466918,-97.392121,https://mitehuacan.mx/?ruta=cuayuca
3,Bar El Farolito,bar,4,18.458718,-97.387169,https://mitehuacan.mx/?ruta=cuayuca
3,Bar El Nuevo Aterrizaje,bar,4,18.463165,-97.38931,https://mitehuacan.mx/?ruta=cuayuca
3,Bar 69 Club,bar,6,18.463431,-97.389428,https://mitehuacan.mx/?ruta=cuayuca
3,Bar Los Colorines,bar,7,18.4634,-97.389301,https://mitehuacan.mx/?ruta=cuayuca
3,Rodeo Bar,bar,8,18.475906,-97.436307,https://mitehuacan.mx/?ruta=cuayuca
3,Bar Presidente,bar,9,18.467012,-97.391324,https://mitehuacan.mx/?ruta=cuayuca
3,Dlicias Snacks,bar,9,18.544981,-97.49058,https://mitehuacan.mx/?ruta=cuayuca
3,Barbas Beer,bar,11,18.54845,-97.487227,https://mitehuacan.mx/?ruta=cuayuca
3,Restaurant Bar Los Tres Garcia,bar,11,18.467497,-97.393883,https://mitehuacan.mx/?ruta=cuayuca
3,Panchos Bar,bar,17,18.459234,-97.387029,https://mitehuacan.mx/?ruta=cuayuca
3,Albhacar Restaurant Bar,bar,27,18.466725,-97.392904,https://mitehuacan.mx/?ruta=cuayuca
3,Pulqueria La Pasadita,bar,28,18.517011,-97.500819,https://mitehuacan.mx/?ruta=cuayuca
3,Bar El Venadito,bar,35,18.479768,-97.399382,https://mitehuacan.mx/?ruta=cuayuca
3,Hakuna Matata,bar,75,18.477724,-97.398481,https://mitehuacan.mx/?ruta=cuayuca
3,La Vista Bar & Grill,bar,89,18.484263,-97.400659,https://mitehuacan.mx/?ruta=cuayuca
3,Zapata Cerveceria Tehuacan,bar,95,18.466162,-97.394031,https://mitehuacan.mx/?ruta=cuayuca
3,Bar Los Compañeros,bar,98,18.458244,-97.390333,https://mitehuacan.mx/?ruta=cuayuca
3,Cerveceria Bicho,bar,104,18.46814,-97.39298,https://mitehuacan.mx/?ruta=cuayuca
3,Mandala Bar,bar,104,18.468013,-97.392982,https://mitehuacan.mx/?ruta=cuayuca
3,Bar La Malquerida,bar,105,18.467123,-97.394989,https://mitehuacan.mx/?ruta=cuayuca
3,Pulqueria Clarita,bar,117,18.473417,-97.43158,https://mitehuacan.mx/?ruta=cuayuca
3,Bar California,bar,125,18.460752,-97.385963,https://mitehuacan.mx/?ruta=cuayuca
3,Bar El Companero 1,bar,128,18.457498,-97.389678,https://mitehuacan.mx/?ruta=cuayuca
3,Bar Mar,bar,137,18.457377,-97.388733,https://mitehuacan.mx/?ruta=cuayuca
3,Bar Max Le Club,bar,148,18.460904,-97.390834,https://mitehuacan.mx/?ruta=cuayuca
3,Bicicletas Giant,bicicletas,1,18.470938,-97.394166,https://mitehuacan.mx/?ruta=cuayuca
3,Tienda De Bicicletas La Santa Cleta,bicicletas,5,18.466838,-97.389875,https://mitehuacan.mx/?ruta=cuayuca
3,Bici Refacciones Del Centro,bicicletas,8,18.461329,-97.389347,https://mitehuacan.mx/?ruta=cuayuca
3,Taller De Bicicletas Mamut Bicis,bicicletas,8,18.544209,-97.490846,https://mitehuacan.mx/?ruta=cuayuca
3,Bici Reparaciones,bicicletas,10,18.460661,-97.387054,https://mitehuacan.mx/?ruta=cuayuca
3,Bicimundo,bicicletas,11,18.458625,-97.387108,https://mitehuacan.mx/?ruta=cuayuca
3,Bicis Y Refacciones De La 7,bicicletas,12,18.466787,-97.38695,https://mitehuacan.mx/?ruta=cuayuca
3,Venta De Refacciones Para Bicicletas Y Reparacion De Bicicle,bicicletas,13,18.460793,-97.387271,https://mitehuacan.mx/?ruta=cuayuca
3,Bicicletas Y Refacciones Ikki,bicicletas,26,18.460854,-97.389194,https://mitehuacan.mx/?ruta=cuayuca
3,Venta Refacciones Y Bicicletas Bicimundo,bicicletas,32,18.460768,-97.389738,https://mitehuacan.mx/?ruta=cuayuca
3,Taller De Bicicletas Sin Nombre,bicicletas,58,18.469573,-97.391286,https://mitehuacan.mx/?ruta=cuayuca
3,Bicis Extrem,bicicletas,69,18.460809,-97.387801,https://mitehuacan.mx/?ruta=cuayuca
3,Bicicletas Y Refaciones Manolos,bicicletas,88,18.462722,-97.386257,https://mitehuacan.mx/?ruta=cuayuca
3,Fastbike Articulos De Ciclismo,bicicletas,125,18.465667,-97.385855,https://mitehuacan.mx/?ruta=cuayuca
3,Ciclo Sport Benotto,bicicletas,128,18.460093,-97.390664,https://mitehuacan.mx/?ruta=cuayuca
3,Billares Rocker Pool,billar,49,18.462357,-97.389817,https://mitehuacan.mx/?ruta=cuayuca
3,Bar Y Billares Kahomas,billar,128,18.457443,-97.388095,https://mitehuacan.mx/?ruta=cuayuca
3,Cooperativa Acreimex,caja de ahorro,9,18.462865,-97.38718,https://mitehuacan.mx/?ruta=cuayuca
3,Crediclub Suc 80 Tehuacan 2 Reforma,caja de ahorro,11,18.467287,-97.393889,https://mitehuacan.mx/?ruta=cuayuca
3,Libertad Servicios Financieros Sucursal,caja de ahorro,19,18.462868,-97.38727,https://mitehuacan.mx/?ruta=cuayuca
3,Came Tehuacan 101,caja de ahorro,76,18.460767,-97.386433,https://mitehuacan.mx/?ruta=cuayuca
3,Caja Zongolica Suc Tehuacan,caja de ahorro,94,18.464838,-97.390248,https://mitehuacan.mx/?ruta=cuayuca
3,Corporativo Financiero Ahorro Agro,caja de ahorro,118,18.458876,-97.386081,https://mitehuacan.mx/?ruta=cuayuca
3,Casa De Empeños Prenda Sol,casa de empeño,0,18.463287,-97.387079,https://mitehuacan.mx/?ruta=cuayuca
3,Casa De Empeño La Esperanza,casa de empeño,1,18.463793,-97.387051,https://mitehuacan.mx/?ruta=cuayuca
3,Casa Prendaria,casa de empeño,1,18.463712,-97.387056,https://mitehuacan.mx/?ruta=cuayuca
3,Casa De Empeño Surti Empeños,casa de empeño,2,18.462414,-97.389327,https://mitehuacan.mx/?ruta=cuayuca
3,Casa De Empeño De Remate,casa de empeño,4,18.465169,-97.389394,https://mitehuacan.mx/?ruta=cuayuca
3,Casa De Empeño La Esperanza,casa de empeño,4,18.464535,-97.389395,https://mitehuacan.mx/?ruta=cuayuca
3,Casa De Empeño Prendaval,casa de empeño,4,18.464553,-97.389395,https://mitehuacan.mx/?ruta=cuayuca
3,Casa De Empeño Prenda Joya,casa de empeño,6,18.463283,-97.389305,https://mitehuacan.mx/?ruta=cuayuca
3,Prenda Mex Sucursal 1849 Pue,casa de empeño,7,18.460754,-97.389368,https://mitehuacan.mx/?ruta=cuayuca
3,Prestamos Sobre Empeños,casa de empeño,8,18.475079,-97.43418,https://mitehuacan.mx/?ruta=cuayuca
3,Casa De Empeño Respuesta Rapida,casa de empeño,11,18.462346,-97.389457,https://mitehuacan.mx/?ruta=cuayuca
3,Casa De Empeños Presta Teh,casa de empeño,12,18.462545,-97.389455,https://mitehuacan.mx/?ruta=cuayuca
3,Casa De Empeño Prenda Flash,casa de empeño,34,18.4585,-97.386892,https://mitehuacan.mx/?ruta=cuayuca
3,Casa De Empeño Prenda Joya,casa de empeño,83,18.458746,-97.39029,https://mitehuacan.mx/?ruta=cuayuca
3,Prendaval,casa de empeño,138,18.460711,-97.390749,https://mitehuacan.mx/?ruta=cuayuca
3,Cerrajeria Muñoz,cerrajería,2,18.460473,-97.387137,https://mitehuacan.mx/?ruta=cuayuca
3,Servicio De Cerrajeria Cerrajeria Gaba,cerrajería,2,18.462288,-97.38933,https://mitehuacan.mx/?ruta=cuayuca
3,Cerrajeria Arroyo,cerrajería,3,18.460129,-97.389478,https://mitehuacan.mx/?ruta=cuayuca
3,Cerrajeria Najera,cerrajería,3,18.488133,-97.405523,https://mitehuacan.mx/?ruta=cuayuca
3,Cerrajeria Mexicana,cerrajería,4,18.464653,-97.389392,https://mitehuacan.mx/?ruta=cuayuca
3,Cerrajeria Tontepec,cerrajería,12,18.508851,-97.488819,https://mitehuacan.mx/?ruta=cuayuca
3,Cerrajeria La Mexicana,cerrajería,15,18.488126,-97.403869,https://mitehuacan.mx/?ruta=cuayuca
3,Cerrajeria Najera,cerrajería,41,18.471566,-97.392487,https://mitehuacan.mx/?ruta=cuayuca
3,Cerrajeria Najera,cerrajería,51,18.474035,-97.431581,https://mitehuacan.mx/?ruta=cuayuca
3,Cerrajeria Moy,cerrajería,121,18.467427,-97.395139,https://mitehuacan.mx/?ruta=cuayuca
3,Cerrajeria Sin Nombre,cerrajería,135,18.458659,-97.390786,https://mitehuacan.mx/?ruta=cuayuca
3,Pollos Guerrero,comida,1,18.461542,-97.389421,https://mitehuacan.mx/?ruta=cuayuca
3,Pollos Guerrero,comida,8,18.462734,-97.387021,https://mitehuacan.mx/?ruta=cuayuca
3,Tortas Hidalguenses,comida,12,18.458501,-97.388491,https://mitehuacan.mx/?ruta=cuayuca
3,Domino's,comida,46,18.463527,-97.386638,https://mitehuacan.mx/?ruta=cuayuca
3,Pollos Guerrero,comida,131,18.460788,-97.390676,https://mitehuacan.mx/?ruta=cuayuca
3,Sistemas Multimedia Gnu,computación,0,18.547741,-97.489943,https://mitehuacan.mx/?ruta=cuayuca
3,Ciber Mixti,computación,2,18.463965,-97.387042,https://mitehuacan.mx/?ruta=cuayuca
3,Cibercafe The Site,computación,9,18.465572,-97.389265,https://mitehuacan.mx/?ruta=cuayuca
3,Papeleria Dacom,computación,28,18.467184,-97.391322,https://mitehuacan.mx/?ruta=cuayuca
3,Ciber Sin Nombre,computación,33,18.547724,-97.487208,https://mitehuacan.mx/?ruta=cuayuca
3,Internet Sin Nombre,computación,39,18.466577,-97.391328,https://mitehuacan.mx/?ruta=cuayuca
3,Ciber Ing@,computación,65,18.547465,-97.487357,https://mitehuacan.mx/?ruta=cuayuca
3,Cyber Network,computación,87,18.460815,-97.387972,https://mitehuacan.mx/?ruta=cuayuca
3,Ciber Cafe Kings Net,computación,106,18.547401,-97.485023,https://mitehuacan.mx/?ruta=cuayuca
3,Internet La Gloria,computación,107,18.54684,-97.485363,https://mitehuacan.mx/?ruta=cuayuca
3,Ciber Flores,computación,112,18.462834,-97.386035,https://mitehuacan.mx/?ruta=cuayuca
3,Ciber Stauros,computación,139,18.473529,-97.432886,https://mitehuacan.mx/?ruta=cuayuca
3,Internet Nautilus,computación,147,18.457411,-97.390031,https://mitehuacan.mx/?ruta=cuayuca
3,Constructora Toal,construcción,5,18.47429,-97.395697,https://mitehuacan.mx/?ruta=cuayuca
3,Servicios Especializados De Ingenieria,construcción,10,18.47294,-97.392748,https://mitehuacan.mx/?ruta=cuayuca
3,Sistemas Solares Y Electricos De Mexico,construcción,62,18.467401,-97.389173,https://mitehuacan.mx/?ruta=cuayuca
3,Contrucciones Y Maquinaria Coras Sa De Cv,construcción,122,18.467813,-97.395135,https://mitehuacan.mx/?ruta=cuayuca
3,Despacho Contable Sin Nombre,contadores,0,18.4624,-97.387099,https://mitehuacan.mx/?ruta=cuayuca
3,Servicios Contables Integrales,contadores,10,18.47294,-97.392748,https://mitehuacan.mx/?ruta=cuayuca
3,Despacho Contable Asepro,contadores,54,18.468607,-97.39344,https://mitehuacan.mx/?ruta=cuayuca
3,Despacho Mora Morales,contadores,65,18.469668,-97.392038,https://mitehuacan.mx/?ruta=cuayuca
3,Despacho Cap Contadores,contadores,71,18.470037,-97.39225,https://mitehuacan.mx/?ruta=cuayuca
3,Corporativo Fiscal Magno,contadores,73,18.469708,-97.391283,https://mitehuacan.mx/?ruta=cuayuca
3,Servicios De Contabilidad Y Auditoría Sin Nombre,contadores,73,18.469708,-97.391283,https://mitehuacan.mx/?ruta=cuayuca
3,Despacho Contable Fiscal Sebline,contadores,84,18.466173,-97.391436,https://mitehuacan.mx/?ruta=cuayuca
3,Despacho Contable,contadores,95,18.462838,-97.386196,https://mitehuacan.mx/?ruta=cuayuca
3,Despacho Contable Sanchez Zarate Y Asociados,contadores,143,18.469777,-97.395298,https://mitehuacan.mx/?ruta=cuayuca
3,Papeleria Copytec Digital,copias,2,18.475473,-97.39622,https://mitehuacan.mx/?ruta=cuayuca
3,Servicio De Copiado Sin Nombre,copias,2,18.476007,-97.437035,https://mitehuacan.mx/?ruta=cuayuca
3,Servicio De Copiado Sin Nombre,copias,7,18.476569,-97.438099,https://mitehuacan.mx/?ruta=cuayuca
3,Caseta El Carrito,copias,8,18.477511,-97.439253,https://mitehuacan.mx/?ruta=cuayuca
3,Quality Copier,copias,8,18.462588,-97.387019,https://mitehuacan.mx/?ruta=cuayuca
3,Centro De Copiado Quality Sharp,copias,9,18.46474,-97.389273,https://mitehuacan.mx/?ruta=cuayuca
3,Distribuidora Burbujas,copias,11,18.470488,-97.392805,https://mitehuacan.mx/?ruta=cuayuca
3,Codice Digital,copias,12,18.476812,-97.438005,https://mitehuacan.mx/?ruta=cuayuca
3,Articulos Militares El Infante,deportes,2,18.463965,-97.387042,https://mitehuacan.mx/?ruta=cuayuca
3,Venta De Tenis Y Gorras Sin Nombre,deportes,4,18.461215,-97.389468,https://mitehuacan.mx/?ruta=cuayuca
3,Tienda Deportiva Trujillo,deportes,5,18.548166,-97.488645,https://mitehuacan.mx/?ruta=cuayuca
3,Venta De Calzado Panam,deportes,5,18.466924,-97.392899,https://mitehuacan.mx/?ruta=cuayuca
3,Tienda De Deportes Tehuacan Zona Sport,deportes,6,18.463328,-97.389304,https://mitehuacan.mx/?ruta=cuayuca
3,Venta De Playeras Deportivas Sin Nombre,deportes,8,18.459863,-97.389379,https://mitehuacan.mx/?ruta=cuayuca
3,Deportes Dialta,deportes,9,18.461184,-97.389343,https://mitehuacan.mx/?ruta=cuayuca
3,Uniformes Deportivos Barropaz,deportes,9,18.458707,-97.388972,https://mitehuacan.mx/?ruta=cuayuca
3,Zapateria Calza A La Moda,deportes,9,18.458712,-97.389048,https://mitehuacan.mx/?ruta=cuayuca
3,Tienda De Ropa Deportiva Sin Nombre,deportes,11,18.462219,-97.389458,https://mitehuacan.mx/?ruta=cuayuca
3,Zapateria Nueva Moda,deportes,12,18.458795,-97.389392,https://mitehuacan.mx/?ruta=cuayuca
3,Pronosticos,deportes,13,18.473523,-97.395179,https://mitehuacan.mx/?ruta=cuayuca
3,Compra Y Venta De Ropa Deportiva Zas Sport,deportes,28,18.46182,-97.389646,https://mitehuacan.mx/?ruta=cuayuca
3,Venta De Tenis Stop 23,deportes,36,18.466644,-97.392906,https://mitehuacan.mx/?ruta=cuayuca
3,Tienda De Ropa Deportiva Ga Mat Sport,deportes,38,18.46659,-97.391432,https://mitehuacan.mx/?ruta=cuayuca
3,Tienda De Cartuchos Para Caceria Safari,deportes,46,18.460723,-97.387586,https://mitehuacan.mx/?ruta=cuayuca
3,Compra Venta De Tenis Luna Nueva,deportes,66,18.458634,-97.390133,https://mitehuacan.mx/?ruta=cuayuca
3,Venta De Tenis Y Gorras Sin Nombre,deportes,67,18.458634,-97.390142,https://mitehuacan.mx/?ruta=cuayuca
3,Compra Venta De Articulos Deportivos Lily,deportes,77,18.464835,-97.390085,https://mitehuacan.mx/?ruta=cuayuca
3,Zapateria Moda A Tus Pies,deportes,81,18.46158,-97.390195,https://mitehuacan.mx/?ruta=cuayuca
3,Noyolotzin,deportes,108,18.47622,-97.392624,https://mitehuacan.mx/?ruta=cuayuca
3,Zapaterias Venta De Tenis,deportes,124,18.459033,-97.390669,https://mitehuacan.mx/?ruta=cuayuca
3,Zapateria Pirma Orange Sport,deportes,128,18.459785,-97.390665,https://mitehuacan.mx/?ruta=cuayuca
3,Venta De Ropa Deportiva Para Hombre Sin Nombre,deportes,129,18.460726,-97.390664,https://mitehuacan.mx/?ruta=cuayuca
3,Venta De Tenis En General Pirma,deportes,129,18.460319,-97.390664,https://mitehuacan.mx/?ruta=cuayuca
3,Zapateria Juquilita,deportes,129,18.460536,-97.390664,https://mitehuacan.mx/?ruta=cuayuca
3,Articulos Deportivos Barroso,deportes,137,18.460068,-97.390749,https://mitehuacan.mx/?ruta=cuayuca
3,Tienda De Ropa Venta Gorras Y Playeras El Chino,deportes,139,18.462859,-97.390654,https://mitehuacan.mx/?ruta=cuayuca
3,Balneario San Lorenzo,deportivo,143,18.474299,-97.436028,https://mitehuacan.mx/?ruta=cuayuca
3,Caracoles Tiempos Extras,depósito,1,18.477209,-97.423932,https://mitehuacan.mx/?ruta=cuayuca
3,Modelorama,depósito,1,18.489803,-97.40467,https://mitehuacan.mx/?ruta=cuayuca
3,Cedis Tehuacán,depósito,3,18.481915,-97.416761,https://mitehuacan.mx/?ruta=cuayuca
3,La Caguamita Feliz,depósito,3,18.474699,-97.432487,https://mitehuacan.mx/?ruta=cuayuca
3,Six Tecate,depósito,4,18.482006,-97.416605,https://mitehuacan.mx/?ruta=cuayuca
3,Six,depósito,5,18.475129,-97.394625,https://mitehuacan.mx/?ruta=cuayuca
3,Modelorama,depósito,7,18.518895,-97.504232,https://mitehuacan.mx/?ruta=cuayuca
3,Rey Caguamo,depósito,10,18.475249,-97.434934,https://mitehuacan.mx/?ruta=cuayuca
3,Modelorama,depósito,11,18.476555,-97.424714,https://mitehuacan.mx/?ruta=cuayuca
3,Deposito De Cerveza Y Refrescos Sin Nombre,depósito,12,18.508004,-97.487963,https://mitehuacan.mx/?ruta=cuayuca
3,Modelorama San Lorenzo,depósito,14,18.479222,-97.442068,https://mitehuacan.mx/?ruta=cuayuca
3,Sag Tehuacán,depósito,14,18.479222,-97.442068,https://mitehuacan.mx/?ruta=cuayuca
3,Modelorama,depósito,23,18.473313,-97.39498,https://mitehuacan.mx/?ruta=cuayuca
3,Deposito Cerveceria El Depo,depósito,79,18.468225,-97.389268,https://mitehuacan.mx/?ruta=cuayuca
3,Deposito De Cerveza Sin Nombre,depósito,101,18.549007,-97.485031,https://mitehuacan.mx/?ruta=cuayuca
3,Vag Comercializadora,depósito,120,18.475922,-97.432228,https://mitehuacan.mx/?ruta=cuayuca
3,Mueganos El Aguila De Rl De Cv,dulcería,0,18.463287,-97.387079,https://mitehuacan.mx/?ruta=cuayuca
3,Venta De Dulces,dulcería,0,18.463287,-97.387079,https://mitehuacan.mx/?ruta=cuayuca
3,Bodega De Productos Para Panaderia,dulcería,1,18.471468,-97.392871,https://mitehuacan.mx/?ruta=cuayuca
3,Dulceria La Chispa Del Sabor,dulcería,3,18.458611,-97.389175,https://mitehuacan.mx/?ruta=cuayuca
3,Dulceria Candy Pop,dulcería,6,18.54828,-97.488812,https://mitehuacan.mx/?ruta=cuayuca
3,Abarrotes Ofeve Tehuacan,dulcería,10,18.459631,-97.387088,https://mitehuacan.mx/?ruta=cuayuca
3,Venta De Dulces,dulcería,96,18.474359,-97.394157,https://mitehuacan.mx/?ruta=cuayuca
3,Mueganos El Real De Tehuacan,dulcería,97,18.457767,-97.389527,https://mitehuacan.mx/?ruta=cuayuca
3,Venta De Dulces,dulcería,99,18.473049,-97.429326,https://mitehuacan.mx/?ruta=cuayuca
3,Venta De Dulces,dulcería,99,18.473055,-97.429373,https://mitehuacan.mx/?ruta=cuayuca
3,Stereo Luz Fm,energía,37,18.472372,-97.393218,https://mitehuacan.mx/?ruta=cuayuca
3,Radio Comunitaria Hermanos Serdan,energía,109,18.460324,-97.388195,https://mitehuacan.mx/?ruta=cuayuca
3,Protección Civil y Bomberos,fire station,15,18.472529,-97.395026,https://mitehuacan.mx/?ruta=cuayuca
3,Estudio De Fotos Fotogama,fotografía,1,18.458762,-97.389497,https://mitehuacan.mx/?ruta=cuayuca
3,Foto Estudio Lumiere,fotografía,4,18.465522,-97.38939,https://mitehuacan.mx/?ruta=cuayuca
3,Fotografia Y Video Vizuet,fotografía,41,18.466654,-97.394024,https://mitehuacan.mx/?ruta=cuayuca
3,Estudio Meylin,fotografía,48,18.460724,-97.387605,https://mitehuacan.mx/?ruta=cuayuca
3,Estudio Fotografico Alpha Y Omega,fotografía,70,18.465889,-97.387706,https://mitehuacan.mx/?ruta=cuayuca
3,Estudio De Fotos Fujifilm,fotografía,112,18.462713,-97.388158,https://mitehuacan.mx/?ruta=cuayuca
3,Estudio Fotografico Pixelar,fotografía,129,18.472039,-97.391655,https://mitehuacan.mx/?ruta=cuayuca
3,Venta De Platanos Sin Nombre,frutería,0,18.45888,-97.389495,https://mitehuacan.mx/?ruta=cuayuca
3,Venta De Frutas Y Verduras Sin Nombre,frutería,1,18.46898,-97.390249,https://mitehuacan.mx/?ruta=cuayuca
3,Verduras Y Frutas Castro,frutería,3,18.548078,-97.487392,https://mitehuacan.mx/?ruta=cuayuca
3,Comercializadora San Gabriel,frutería,4,18.458723,-97.389541,https://mitehuacan.mx/?ruta=cuayuca
3,Frutas Y Verduras A Y G,frutería,6,18.543754,-97.491003,https://mitehuacan.mx/?ruta=cuayuca
3,Venta De Jitomate Sin Nombre,frutería,7,18.468985,-97.38892,https://mitehuacan.mx/?ruta=cuayuca
3,Verduleria Sin Nombre,frutería,8,18.547592,-97.486231,https://mitehuacan.mx/?ruta=cuayuca
3,Frutas Y Verduras La Soledad,frutería,9,18.513693,-97.496458,https://mitehuacan.mx/?ruta=cuayuca
3,Venta De Fruta Fruteria Chavez,frutería,10,18.459955,-97.387078,https://mitehuacan.mx/?ruta=cuayuca
3,Almacen De Frutas Y Verduras Lesly,frutería,11,18.470488,-97.392805,https://mitehuacan.mx/?ruta=cuayuca
3,Bodega De Frutas Y Verduras,frutería,11,18.470488,-97.392805,https://mitehuacan.mx/?ruta=cuayuca
3,Bodega De Fruteria De Miguel Angel Reyna Hernandez,frutería,11,18.470488,-97.392805,https://mitehuacan.mx/?ruta=cuayuca
3,Frutas Frescas Lupita,frutería,11,18.470488,-97.392805,https://mitehuacan.mx/?ruta=cuayuca
3,Frutas Y Verduras Alfaro,frutería,11,18.470488,-97.392805,https://mitehuacan.mx/?ruta=cuayuca
3,Frutas Y Verduras Doña Gloria,frutería,11,18.546589,-97.490131,https://mitehuacan.mx/?ruta=cuayuca
3,Fruteria El Huerto Del Rey,frutería,11,18.470488,-97.392805,https://mitehuacan.mx/?ruta=cuayuca
3,Venta De Agua Fresca,frutería,11,18.470488,-97.392805,https://mitehuacan.mx/?ruta=cuayuca
3,Venta De Frutas Sin Nombre,frutería,11,18.470488,-97.392805,https://mitehuacan.mx/?ruta=cuayuca
3,Venta De Frutas Y Plasticos Malena,frutería,11,18.470488,-97.392805,https://mitehuacan.mx/?ruta=cuayuca
3,Venta De Frutas Y Verduras,frutería,11,18.470488,-97.392805,https://mitehuacan.mx/?ruta=cuayuca
3,Venta De Frutas Y Verduras Lesly,frutería,11,18.470488,-97.392805,https://mitehuacan.mx/?ruta=cuayuca
3,Venta De Frutas Y Verduras Sin Nombre,frutería,11,18.470488,-97.392805,https://mitehuacan.mx/?ruta=cuayuca
3,Compra Venta De Frutas Y Verduras El Caribe,frutería,14,18.458518,-97.38952,https://mitehuacan.mx/?ruta=cuayuca
3,Almacen De Verduras Y Frutas Viky,frutería,18,18.471304,-97.392714,https://mitehuacan.mx/?ruta=cuayuca
3,Venta De Frutas Y Legumbres Jesus Angel,frutería,18,18.471304,-97.392714,https://mitehuacan.mx/?ruta=cuayuca
3,Venta De Frutas Y Verduras Sin Nombre,frutería,18,18.471304,-97.392714,https://mitehuacan.mx/?ruta=cuayuca
3,Venta De Verduras Y Frutas Vicky,frutería,18,18.471304,-97.392714,https://mitehuacan.mx/?ruta=cuayuca
3,Verduleria Sin Nombre,frutería,18,18.471304,-97.392714,https://mitehuacan.mx/?ruta=cuayuca
3,Frutas Y Verduras Lore,frutería,20,18.547506,-97.485846,https://mitehuacan.mx/?ruta=cuayuca
3,Compra Venta De Frutas Y Verduras Tehuacan,frutería,27,18.458401,-97.389521,https://mitehuacan.mx/?ruta=cuayuca
3,Venta De Frutas Y Verduras Chiapas Y Mary,frutería,28,18.547706,-97.487054,https://mitehuacan.mx/?ruta=cuayuca
3,Venta De Frutas Y Verduras Sin Nombre,frutería,52,18.458492,-97.386722,https://mitehuacan.mx/?ruta=cuayuca
3,Abastecedora Del Campo,frutería,53,18.464815,-97.388852,https://mitehuacan.mx/?ruta=cuayuca
3,Venta De Frutas Y Verduras Sin Nombre,frutería,60,18.458488,-97.386646,https://mitehuacan.mx/?ruta=cuayuca
3,Venta De Verduras Sin Nombre,frutería,62,18.54643,-97.490895,https://mitehuacan.mx/?ruta=cuayuca
3,Frutas Y Verduras La Huerta,frutería,72,18.513053,-97.496531,https://mitehuacan.mx/?ruta=cuayuca
3,Venta De Frutas Y Verduras,frutería,91,18.47383,-97.432288,https://mitehuacan.mx/?ruta=cuayuca
3,Frutas Y Verduras Fruver,frutería,98,18.473037,-97.429231,https://mitehuacan.mx/?ruta=cuayuca
3,Frutas Y Verduras San Nicolas,frutería,106,18.479388,-97.399923,https://mitehuacan.mx/?ruta=cuayuca
3,Frutas Y Verduras Sin Nombre,frutería,110,18.476531,-97.435129,https://mitehuacan.mx/?ruta=cuayuca
3,Venta De Frutas Y Verduras,frutería,119,18.46079,-97.390563,https://mitehuacan.mx/?ruta=cuayuca
3,Venta Frutas Y Verduras,frutería,120,18.47357,-97.432353,https://mitehuacan.mx/?ruta=cuayuca
3,Venta De Jitomate Sin Nombre,frutería,123,18.458655,-97.390673,https://mitehuacan.mx/?ruta=cuayuca
3,Frutas Y Verduras Lupita,frutería,129,18.549323,-97.484971,https://mitehuacan.mx/?ruta=cuayuca
3,Frutas Y Verduras Sin Nombre,frutería,130,18.487758,-97.402122,https://mitehuacan.mx/?ruta=cuayuca
3,Frutas Y Verduras La Abejita,frutería,131,18.512855,-97.497217,https://mitehuacan.mx/?ruta=cuayuca
3,Frutas Y Verduras La Abejita 2,frutería,143,18.515045,-97.500691,https://mitehuacan.mx/?ruta=cuayuca
3,Funeraria Grupo La Paz Asistencia Final,funeraria,0,18.475327,-97.396124,https://mitehuacan.mx/?ruta=cuayuca
3,Funerales Jardin,funeraria,5,18.474972,-97.395599,https://mitehuacan.mx/?ruta=cuayuca
3,Funerales San Antonio,funeraria,11,18.468076,-97.393864,https://mitehuacan.mx/?ruta=cuayuca
3,Funerales Del Carmen,funeraria,18,18.475303,-97.396298,https://mitehuacan.mx/?ruta=cuayuca
3,Servicios Funerarios San Juan,funeraria,36,18.547696,-97.487224,https://mitehuacan.mx/?ruta=cuayuca
3,Funerales Mendoza,funeraria,42,18.458627,-97.389905,https://mitehuacan.mx/?ruta=cuayuca
3,Funerales Del Carmen,funeraria,47,18.547178,-97.485895,https://mitehuacan.mx/?ruta=cuayuca
3,Funerarias Santa Fe,funeraria,70,18.4663,-97.391434,https://mitehuacan.mx/?ruta=cuayuca
3,Funerales Santa Fe,funeraria,95,18.46607,-97.391332,https://mitehuacan.mx/?ruta=cuayuca
3,Velatorios Y Funerales Jardin,funeraria,107,18.468083,-97.391412,https://mitehuacan.mx/?ruta=cuayuca
3,Costura De Diferentes Prends Taller Ccc,fábrica,0,18.462672,-97.387093,https://mitehuacan.mx/?ruta=cuayuca
3,Vimifos,fábrica,1,18.47858,-97.421855,https://mitehuacan.mx/?ruta=cuayuca
3,Bodega Prisma Clean Venta De Productos De Limpieza,fábrica,2,18.475475,-97.426559,https://mitehuacan.mx/?ruta=cuayuca
3,Lavaderos Benji,fábrica,2,18.47736,-97.423715,https://mitehuacan.mx/?ruta=cuayuca
3,Lavaderos Benyi Bodega,fábrica,2,18.477372,-97.423698,https://mitehuacan.mx/?ruta=cuayuca
3,Modista Sin Nombre,fábrica,2,18.461631,-97.387108,https://mitehuacan.mx/?ruta=cuayuca
3,Taller De Mosaicos Torremar Pisos,fábrica,2,18.464689,-97.387025,https://mitehuacan.mx/?ruta=cuayuca
3,Maquiladora La Comer,fábrica,5,18.466843,-97.389998,https://mitehuacan.mx/?ruta=cuayuca
3,Carpinteria Micer,fábrica,6,18.466829,-97.389667,https://mitehuacan.mx/?ruta=cuayuca
3,Recicladora,fábrica,6,18.548192,-97.489261,https://mitehuacan.mx/?ruta=cuayuca
3,Agroinsumos Campo Poblano,fábrica,7,18.518494,-97.50362,https://mitehuacan.mx/?ruta=cuayuca
3,Forrajes Los Cuates,fábrica,7,18.517433,-97.502032,https://mitehuacan.mx/?ruta=cuayuca
3,Figuras De Yeso Sin Nombre,fábrica,8,18.4757,-97.435613,https://mitehuacan.mx/?ruta=cuayuca
3,Imprenta El Sello,fábrica,8,18.46702,-97.39208,https://mitehuacan.mx/?ruta=cuayuca
3,Anaqueles Metalicos Sin Nombre,fábrica,9,18.515391,-97.499002,https://mitehuacan.mx/?ruta=cuayuca
3,Artesanias Sierra,fábrica,9,18.477987,-97.397708,https://mitehuacan.mx/?ruta=cuayuca
3,Tarimas Juquilita,fábrica,9,18.477591,-97.439381,https://mitehuacan.mx/?ruta=cuayuca
3,Bordadora Cardo,fábrica,10,18.47294,-97.392748,https://mitehuacan.mx/?ruta=cuayuca
3,Cruces Y Servicio Luna,fábrica,10,18.461158,-97.387039,https://mitehuacan.mx/?ruta=cuayuca
3,Diseños Y Bordados Adry,fábrica,10,18.47294,-97.392748,https://mitehuacan.mx/?ruta=cuayuca
3,Lonas Avelar,fábrica,10,18.475236,-97.434879,https://mitehuacan.mx/?ruta=cuayuca
3,Sellos De Goma Medrano,fábrica,10,18.465637,-97.386941,https://mitehuacan.mx/?ruta=cuayuca
3,Taller De Balconeria,fábrica,10,18.51332,-97.495903,https://mitehuacan.mx/?ruta=cuayuca
3,Carroceria Recendiz,fábrica,11,18.516608,-97.500864,https://mitehuacan.mx/?ruta=cuayuca
3,Molino Y Algo Mas,fábrica,11,18.470488,-97.392805,https://mitehuacan.mx/?ruta=cuayuca
3,Bordados Dasha,fábrica,12,18.473326,-97.392712,https://mitehuacan.mx/?ruta=cuayuca
3,Cementos Moctezuma Planta Tehuacan,fábrica,13,18.484537,-97.45202,https://mitehuacan.mx/?ruta=cuayuca
3,Zemobil,fábrica,17,18.482587,-97.448715,https://mitehuacan.mx/?ruta=cuayuca
3,Avimex,fábrica,18,18.474594,-97.430716,https://mitehuacan.mx/?ruta=cuayuca
3,Venta De Piñatas,fábrica,23,18.548476,-97.48964,https://mitehuacan.mx/?ruta=cuayuca
3,Centro De Diseño,fábrica,26,18.465961,-97.389108,https://mitehuacan.mx/?ruta=cuayuca
3,Laboratorios Pier,fábrica,28,18.474614,-97.430383,https://mitehuacan.mx/?ruta=cuayuca
3,Carpinteria Sin Nombre,fábrica,32,18.515224,-97.49806,https://mitehuacan.mx/?ruta=cuayuca
3,Teller De Costura Garald,fábrica,38,18.464821,-97.388994,https://mitehuacan.mx/?ruta=cuayuca
3,Molino De Chiles Y Harinas San Pedro,fábrica,40,18.458209,-97.387113,https://mitehuacan.mx/?ruta=cuayuca
3,Tienda De Lonas Y Anuncios Sin Nombre,fábrica,44,18.458257,-97.386939,https://mitehuacan.mx/?ruta=cuayuca
3,Bordados Alan,fábrica,46,18.473327,-97.392389,https://mitehuacan.mx/?ruta=cuayuca
3,Bordados Electronicos,fábrica,48,18.490285,-97.405948,https://mitehuacan.mx/?ruta=cuayuca
3,Constructora Toal S. A De C.V,fábrica,52,18.487197,-97.405936,https://mitehuacan.mx/?ruta=cuayuca
3,Composturas Creaciones Annel,fábrica,53,18.465954,-97.387543,https://mitehuacan.mx/?ruta=cuayuca
3,Composturas De Ropa,fábrica,53,18.468463,-97.389359,https://mitehuacan.mx/?ruta=cuayuca
3,Confecciones Y Composturas De Ropa Sin Nombre,fábrica,53,18.460773,-97.389937,https://mitehuacan.mx/?ruta=cuayuca
3,Confecciones Widaos,fábrica,57,18.547497,-97.487239,https://mitehuacan.mx/?ruta=cuayuca
3,Taller De Talla Y Escultura,fábrica,59,18.469585,-97.391382,https://mitehuacan.mx/?ruta=cuayuca
3,Abarrotes Y Carnes Hermanos Luna,fábrica,61,18.458019,-97.387121,https://mitehuacan.mx/?ruta=cuayuca
3,Bordados Adicap,fábrica,61,18.475294,-97.431929,https://mitehuacan.mx/?ruta=cuayuca
3,Herreria Hernandez,fábrica,61,18.458047,-97.388217,https://mitehuacan.mx/?ruta=cuayuca
3,Bordados R Y V,fábrica,62,18.473269,-97.392239,https://mitehuacan.mx/?ruta=cuayuca
3,Venta De Uniformes,fábrica,63,18.468252,-97.393366,https://mitehuacan.mx/?ruta=cuayuca
3,Elaboracion De Piñatas,fábrica,65,18.478736,-97.442927,https://mitehuacan.mx/?ruta=cuayuca
3,Estructuras Y Montajes Soriano,fábrica,66,18.545086,-97.491347,https://mitehuacan.mx/?ruta=cuayuca
3,Carpinteria De Todo En Madera,fábrica,67,18.466173,-97.386411,https://mitehuacan.mx/?ruta=cuayuca
3,Lesa Textiles,fábrica,75,18.462765,-97.387808,https://mitehuacan.mx/?ruta=cuayuca
3,Piñato Baza,fábrica,75,18.464772,-97.387753,https://mitehuacan.mx/?ruta=cuayuca
3,Taller De Carpinteria,fábrica,76,18.488313,-97.406568,https://mitehuacan.mx/?ruta=cuayuca
3,Venta De Productos De Limpieza Qatara,fábrica,80,18.469775,-97.391381,https://mitehuacan.mx/?ruta=cuayuca
3,Agroquimicos Agro Koh,fábrica,82,18.51815,-97.501635,https://mitehuacan.mx/?ruta=cuayuca
3,Elaboracion Y Venta De Papas Fritas Lupita,fábrica,87,18.466143,-97.391332,https://mitehuacan.mx/?ruta=cuayuca
3,Bordadora Sin Nombre,fábrica,89,18.472952,-97.428541,https://mitehuacan.mx/?ruta=cuayuca
3,Mosaico Moreno,fábrica,92,18.464873,-97.38848,https://mitehuacan.mx/?ruta=cuayuca
3,Laboratorio Y Distribuidor Optico,fábrica,95,18.466162,-97.394031,https://mitehuacan.mx/?ruta=cuayuca
3,Bordados San Miguel,fábrica,99,18.464279,-97.388424,https://mitehuacan.mx/?ruta=cuayuca
3,Confeccion De Disfraces La Magia De Oz,fábrica,100,18.464677,-97.388407,https://mitehuacan.mx/?ruta=cuayuca
3,Taller De Bordado Sin Nombre,fábrica,107,18.470292,-97.391894,https://mitehuacan.mx/?ruta=cuayuca
3,Helados Y Nieves Don Chanito,fábrica,110,18.476591,-97.435355,https://mitehuacan.mx/?ruta=cuayuca
3,Servicios Y Refacciones Para Maquinaria Industrial,fábrica,110,18.474228,-97.434581,https://mitehuacan.mx/?ruta=cuayuca
3,Confeccion De Ropa Sin Nombre,fábrica,112,18.464793,-97.388293,https://mitehuacan.mx/?ruta=cuayuca
3,Carpinteria Flores,fábrica,113,18.475813,-97.432079,https://mitehuacan.mx/?ruta=cuayuca
3,Grupo Jg,fábrica,114,18.460563,-97.386073,https://mitehuacan.mx/?ruta=cuayuca
3,Señorial Sastreria,fábrica,118,18.459155,-97.386076,https://mitehuacan.mx/?ruta=cuayuca
3,Laboratorios Pier,fábrica,122,18.475305,-97.429572,https://mitehuacan.mx/?ruta=cuayuca
3,Sastreria Sin Nombre,fábrica,122,18.461071,-97.38598,https://mitehuacan.mx/?ruta=cuayuca
3,Servicio De Costura Sin Nombre,fábrica,129,18.4575,-97.389744,https://mitehuacan.mx/?ruta=cuayuca
3,Talabarteria La Silla Poblana,fábrica,129,18.460554,-97.390664,https://mitehuacan.mx/?ruta=cuayuca
3,Carpinteria El Chino,fábrica,135,18.460677,-97.38587,https://mitehuacan.mx/?ruta=cuayuca
3,Folders Company,fábrica,135,18.477355,-97.398904,https://mitehuacan.mx/?ruta=cuayuca
3,Confesion De Prendas De Vestir Diseños Cr,fábrica,137,18.457372,-97.388515,https://mitehuacan.mx/?ruta=cuayuca
3,Elaboracion De Piñatas Sin Nombre,fábrica,137,18.457364,-97.388183,https://mitehuacan.mx/?ruta=cuayuca
3,Regalos Y Novedades Mochilas Maty,fábrica,141,18.461435,-97.390758,https://mitehuacan.mx/?ruta=cuayuca
3,Confección En Serie De Camisas Sin Nombre,fábrica,147,18.470358,-97.391009,https://mitehuacan.mx/?ruta=cuayuca
3,Elaboracion De Uniformes Erres Uniformes Y Publicidad,fábrica,147,18.459009,-97.385803,https://mitehuacan.mx/?ruta=cuayuca
3,Servicio De Compostura,fábrica,148,18.457832,-97.386031,https://mitehuacan.mx/?ruta=cuayuca
3,Mayel Diseño Y Produccion De Uniformes,fábrica,149,18.459008,-97.385784,https://mitehuacan.mx/?ruta=cuayuca
3,Gasolineria Tehuacan,gasolinera,1,18.484282,-97.413313,https://mitehuacan.mx/?ruta=cuayuca
3,Gasolinera Peñafiel,gasolinera,2,18.480765,-97.399664,https://mitehuacan.mx/?ruta=cuayuca
3,Oficinas Administrativas,gasolinera,2,18.467696,-97.393997,https://mitehuacan.mx/?ruta=cuayuca
3,Oktan Magnus,gasolinera,4,18.474424,-97.428463,https://mitehuacan.mx/?ruta=cuayuca
3,Pemex,gasolinera,5,18.518912,-97.504057,https://mitehuacan.mx/?ruta=cuayuca
3,Oktan,gasolinera,7,18.474374,-97.427757,https://mitehuacan.mx/?ruta=cuayuca
3,Gasolinera,gasolinera,9,18.480412,-97.399509,https://mitehuacan.mx/?ruta=cuayuca
3,Gasolinera Catalina,gasolinera,12,18.472531,-97.394751,https://mitehuacan.mx/?ruta=cuayuca
3,Servicios San Lorenzo,gasolinera,16,18.475106,-97.432873,https://mitehuacan.mx/?ruta=cuayuca
3,Gasolineria Oktan,gasolinera,24,18.485135,-97.40241,https://mitehuacan.mx/?ruta=cuayuca
3,Oxifuel,gasolinera,63,18.475567,-97.432935,https://mitehuacan.mx/?ruta=cuayuca
3,Estación De Servicio Gualupita,gasolinera,74,18.500009,-97.4745,https://mitehuacan.mx/?ruta=cuayuca
3,Estacion De Servicio,gasolinera,76,18.519119,-97.503186,https://mitehuacan.mx/?ruta=cuayuca
3,Estancia Infantil Caramelos,guardería,7,18.518728,-97.503975,https://mitehuacan.mx/?ruta=cuayuca
3,Estancia Infantil San Lorenzo,guardería,18,18.474649,-97.43095,https://mitehuacan.mx/?ruta=cuayuca
3,Oficina Administrativa De Guarderia,guardería,80,18.473941,-97.392029,https://mitehuacan.mx/?ruta=cuayuca
3,Guarderia Imss 01 Tehuacan,guardería,101,18.473804,-97.393752,https://mitehuacan.mx/?ruta=cuayuca
3,Guarderia Alma De Niño,guardería,119,18.476135,-97.43314,https://mitehuacan.mx/?ruta=cuayuca
3,Estancia Infantil Cedei,guardería,145,18.478885,-97.400028,https://mitehuacan.mx/?ruta=cuayuca
3,Estancia Infantil Corazones Unidos,guardería,149,18.474925,-97.391333,https://mitehuacan.mx/?ruta=cuayuca
3,Balconeria Y Herreria El Pollo,herrería,0,18.468895,-97.388269,https://mitehuacan.mx/?ruta=cuayuca
3,Balconeria Alex,herrería,2,18.544294,-97.490959,https://mitehuacan.mx/?ruta=cuayuca
3,Balconeria Martinez,herrería,2,18.480666,-97.399598,https://mitehuacan.mx/?ruta=cuayuca
3,Herreria Sin Nombre,herrería,2,18.546656,-97.490251,https://mitehuacan.mx/?ruta=cuayuca
3,Puerta Automaticas Y Recidenciales Franco,herrería,2,18.461513,-97.387109,https://mitehuacan.mx/?ruta=cuayuca
3,Mantenimiento Industrial Tesolda,herrería,5,18.548139,-97.488028,https://mitehuacan.mx/?ruta=cuayuca
3,Puertas Y Cortinas Automaticas Tehuacan,herrería,5,18.466834,-97.38978,https://mitehuacan.mx/?ruta=cuayuca
3,Soldadura Electrica En General Juquilita,herrería,5,18.548289,-97.489144,https://mitehuacan.mx/?ruta=cuayuca
3,Herreria Y Balconeria Sin Nombre,herrería,10,18.516404,-97.500545,https://mitehuacan.mx/?ruta=cuayuca
3,Taller De Balconeria Express,herrería,37,18.465887,-97.389699,https://mitehuacan.mx/?ruta=cuayuca
3,Balconeria Hernandez,herrería,39,18.46859,-97.389359,https://mitehuacan.mx/?ruta=cuayuca
3,Balconeria Espindola,herrería,54,18.463677,-97.388865,https://mitehuacan.mx/?ruta=cuayuca
3,Balconeria Sin Nombre,herrería,62,18.465954,-97.387628,https://mitehuacan.mx/?ruta=cuayuca
3,Balconeria Emmanuel,herrería,66,18.469666,-97.391877,https://mitehuacan.mx/?ruta=cuayuca
3,Vidrieria Vilum,herrería,73,18.473168,-97.392146,https://mitehuacan.mx/?ruta=cuayuca
3,Balconeria Sin Nombre,herrería,76,18.545034,-97.491459,https://mitehuacan.mx/?ruta=cuayuca
3,Herreria Y Anuncios La Fragua,herrería,85,18.464876,-97.388547,https://mitehuacan.mx/?ruta=cuayuca
3,Balconeria Sin Nombre,herrería,89,18.547144,-97.490975,https://mitehuacan.mx/?ruta=cuayuca
3,Taller De Herreria Sin Nombre,herrería,117,18.476796,-97.398344,https://mitehuacan.mx/?ruta=cuayuca
3,Balconeria Vidrios Y Aluminios Sin Nombre,herrería,129,18.458284,-97.386024,https://mitehuacan.mx/?ruta=cuayuca
3,Taller De Herreria Soldpay,herrería,139,18.470297,-97.391218,https://mitehuacan.mx/?ruta=cuayuca
3,Balconeria San Juditas,herrería,140,18.47673,-97.43477,https://mitehuacan.mx/?ruta=cuayuca
3,Hereria El Rodeo,herrería,142,18.480868,-97.448022,https://mitehuacan.mx/?ruta=cuayuca
3,Hospital Konetzin,hospital,0,18.46316,-97.387086,https://mitehuacan.mx/?ruta=cuayuca
3,Serme,hospital,11,18.469551,-97.392832,https://mitehuacan.mx/?ruta=cuayuca
3,Hospital General De Zona Num 15 Del Imss,hospital,12,18.475216,-97.395941,https://mitehuacan.mx/?ruta=cuayuca
3,Hospital De La Mujer Y Neonatalogia,hospital,15,18.477375,-97.439643,https://mitehuacan.mx/?ruta=cuayuca
3,Hospital Municipal De Tehuacan,hospital,25,18.464826,-97.387277,https://mitehuacan.mx/?ruta=cuayuca
3,Consultorio De La Dr Briones,hospital,44,18.472365,-97.395249,https://mitehuacan.mx/?ruta=cuayuca
3,La Casona,hostel,55,18.468554,-97.391449,https://mitehuacan.mx/?ruta=cuayuca
3,San Francisco,iglesia,84,18.462079,-97.39015,https://mitehuacan.mx/?ruta=cuayuca
3,Servicio Panamericano de Protección SA de CV,insurance,73,18.47458,-97.392084,https://mitehuacan.mx/?ruta=cuayuca
3,Cometra,insurance,146,18.463373,-97.385697,https://mitehuacan.mx/?ruta=cuayuca
3,Bodega De Novedades Yani,joyería,48,18.459987,-97.389902,https://mitehuacan.mx/?ruta=cuayuca
3,Tienda 84 Merag Joyas Puebla,joyería,54,18.462848,-97.386578,https://mitehuacan.mx/?ruta=cuayuca
3,Joyeria Mely,joyería,68,18.46296,-97.389987,https://mitehuacan.mx/?ruta=cuayuca
3,Joyeria Osorio,joyería,77,18.464835,-97.390085,https://mitehuacan.mx/?ruta=cuayuca
3,Joyeria Y Relojeria El Rubi,joyería,78,18.458504,-97.390238,https://mitehuacan.mx/?ruta=cuayuca
3,Venta De Plata Joyeria Jk,joyería,87,18.458543,-97.39033,https://mitehuacan.mx/?ruta=cuayuca
3,Venta De Joyeria Y Pedreria Jalisco,joyería,91,18.461501,-97.390292,https://mitehuacan.mx/?ruta=cuayuca
3,Novedades Electronica Y Novedades Mastr,joyería,111,18.462851,-97.390389,https://mitehuacan.mx/?ruta=cuayuca
3,Joyeria De Acero Sin Nombre,joyería,129,18.460645,-97.390664,https://mitehuacan.mx/?ruta=cuayuca
3,Venta De Plata Plata Linda,joyería,139,18.462859,-97.390654,https://mitehuacan.mx/?ruta=cuayuca
3,Venta De Reaglos Sin Nombre,joyería,139,18.462859,-97.390654,https://mitehuacan.mx/?ruta=cuayuca
3,Comercio De Regalos Reparacion De Articulos Personales Casa ,joyería,143,18.461789,-97.390759,https://mitehuacan.mx/?ruta=cuayuca
3,Tienda De Relojeria Y Joyeria Kairos,joyería,148,18.462078,-97.390761,https://mitehuacan.mx/?ruta=cuayuca
3,Juguetes Y Regalos Lagunilla,juguetería,3,18.461863,-97.389341,https://mitehuacan.mx/?ruta=cuayuca
3,Jugueteria Y Regalos Dany,juguetería,4,18.548139,-97.487972,https://mitehuacan.mx/?ruta=cuayuca
3,Jugueteria Zhu Fu,juguetería,5,18.458541,-97.387745,https://mitehuacan.mx/?ruta=cuayuca
3,Venta De Juguetes Y Bisuteria Sin Nombre,juguetería,5,18.458517,-97.387233,https://mitehuacan.mx/?ruta=cuayuca
3,Tienda De Peluches El Gran Peluche,juguetería,9,18.464595,-97.389276,https://mitehuacan.mx/?ruta=cuayuca
3,Tienda De Peluches Monarca,juguetería,9,18.463727,-97.386979,https://mitehuacan.mx/?ruta=cuayuca
3,Venta De Carros De Coleccion Sin Nombre,juguetería,39,18.46859,-97.389359,https://mitehuacan.mx/?ruta=cuayuca
3,Venta De Materiales Didacticos Edu Mart,juguetería,78,18.457939,-97.389525,https://mitehuacan.mx/?ruta=cuayuca
3,Venta De Juguetes,juguetería,85,18.457795,-97.387206,https://mitehuacan.mx/?ruta=cuayuca
3,Novedades Actitud,juguetería,99,18.461583,-97.390365,https://mitehuacan.mx/?ruta=cuayuca
3,Tienda De Regalos Alexis,juguetería,120,18.465847,-97.391439,https://mitehuacan.mx/?ruta=cuayuca
3,Novedades Y Accesorios De Mexico,juguetería,124,18.458988,-97.390669,https://mitehuacan.mx/?ruta=cuayuca
3,Jugueteria La Lagunilla,juguetería,141,18.461671,-97.390759,https://mitehuacan.mx/?ruta=cuayuca
3,Gamer Store Reparacion De Videojuegos,juguetería,145,18.465621,-97.391441,https://mitehuacan.mx/?ruta=cuayuca
3,Accesorios Videojuegos Niky Games,juguetería,149,18.46235,-97.390762,https://mitehuacan.mx/?ruta=cuayuca
3,Laboratorio San Angel,laboratorio,1,18.466545,-97.389381,https://mitehuacan.mx/?ruta=cuayuca
3,Ultrasonido Naro Diagnostica,laboratorio,1,18.470875,-97.394138,https://mitehuacan.mx/?ruta=cuayuca
3,Laboratorio Clinico Y Bacteriologico,laboratorio,5,18.458534,-97.387593,https://mitehuacan.mx/?ruta=cuayuca
3,Uniformes Quirurgicos Rash,laboratorio,5,18.462819,-97.389289,https://mitehuacan.mx/?ruta=cuayuca
3,Laboratorios Clinicos De Tehuacan,laboratorio,6,18.463283,-97.389305,https://mitehuacan.mx/?ruta=cuayuca
3,Ultrasonido Parque Ecologico,laboratorio,6,18.467051,-97.393435,https://mitehuacan.mx/?ruta=cuayuca
3,Laboratorio De Diagnostico Molecular Y Clinico Gen Dna,laboratorio,8,18.46702,-97.39208,https://mitehuacan.mx/?ruta=cuayuca
3,Laboratorios Bioclin,laboratorio,10,18.464605,-97.38695,https://mitehuacan.mx/?ruta=cuayuca
3,Laboratorio Clinico Innova Lab,laboratorio,11,18.467968,-97.393868,https://mitehuacan.mx/?ruta=cuayuca
3,Benturi Laboratorio Clinico,laboratorio,12,18.47289,-97.394905,https://mitehuacan.mx/?ruta=cuayuca
3,Laboratorio Clinico,laboratorio,23,18.473326,-97.392607,https://mitehuacan.mx/?ruta=cuayuca
3,Ceditsa Laboratorios,laboratorio,34,18.47135,-97.3932,https://mitehuacan.mx/?ruta=cuayuca
3,Laboratorios Clinicos Innovalab,laboratorio,43,18.462874,-97.387502,https://mitehuacan.mx/?ruta=cuayuca
3,Laboratorios Clinicos De Tehuacan,laboratorio,45,18.464761,-97.387469,https://mitehuacan.mx/?ruta=cuayuca
3,Deposito Dental Del Angel,laboratorio,50,18.462876,-97.387561,https://mitehuacan.mx/?ruta=cuayuca
3,Deposito Dental Universitario,laboratorio,51,18.468585,-97.391301,https://mitehuacan.mx/?ruta=cuayuca
3,Ceditsa Laboratorios,laboratorio,65,18.471294,-97.3935,https://mitehuacan.mx/?ruta=cuayuca
3,Laboratorio Clinico Bioclif,laboratorio,73,18.469604,-97.389348,https://mitehuacan.mx/?ruta=cuayuca
3,Laboratorios De Analisis Clinicos Diagnostica,laboratorio,104,18.46074,-97.388449,https://mitehuacan.mx/?ruta=cuayuca
3,Imagen Ultrasonido,laboratorio,108,18.472948,-97.393873,https://mitehuacan.mx/?ruta=cuayuca
3,Laboratorios Clinicos Alfha,laboratorio,108,18.475336,-97.430299,https://mitehuacan.mx/?ruta=cuayuca
3,Deposito Dental,laboratorio,114,18.465881,-97.390828,https://mitehuacan.mx/?ruta=cuayuca
3,Laboratorio De Analisis Clinicos,laboratorio,118,18.46713,-97.395112,https://mitehuacan.mx/?ruta=cuayuca
3,Deposito Dental Dentstore,laboratorio,135,18.458659,-97.390787,https://mitehuacan.mx/?ruta=cuayuca
3,Lavanderia Lupita,lavandería,1,18.54537,-97.490593,https://mitehuacan.mx/?ruta=cuayuca
3,Lavanderia Mama Mia,lavandería,5,18.466929,-97.389815,https://mitehuacan.mx/?ruta=cuayuca
3,Lavanderia Sin Nombre,lavandería,6,18.548276,-97.488679,https://mitehuacan.mx/?ruta=cuayuca
3,Enolav Lavanderia,lavandería,10,18.465311,-97.386939,https://mitehuacan.mx/?ruta=cuayuca
3,Lavanderia Por Kilo Reforma,lavandería,11,18.469017,-97.393842,https://mitehuacan.mx/?ruta=cuayuca
3,Tintoreria Tehuacan,lavandería,19,18.464819,-97.389175,https://mitehuacan.mx/?ruta=cuayuca
3,Lavanderia Lavamatyc,lavandería,23,18.467142,-97.391426,https://mitehuacan.mx/?ruta=cuayuca
3,Tintoreria Suprema,lavandería,28,18.469301,-97.39129,https://mitehuacan.mx/?ruta=cuayuca
3,Servicio De Lavanderia Expres,lavandería,35,18.545103,-97.491034,https://mitehuacan.mx/?ruta=cuayuca
3,Lava Jean Tehuacan,lavandería,37,18.467193,-97.389274,https://mitehuacan.mx/?ruta=cuayuca
3,Tintoreria Flores Magon,lavandería,37,18.461498,-97.386782,https://mitehuacan.mx/?ruta=cuayuca
3,Lavanderia Gus,lavandería,40,18.468252,-97.393585,https://mitehuacan.mx/?ruta=cuayuca
3,Lavanderia Dr. Wash,lavandería,48,18.46867,-97.392847,https://mitehuacan.mx/?ruta=cuayuca
3,Tintoreria Puebla,lavandería,48,18.462837,-97.389792,https://mitehuacan.mx/?ruta=cuayuca
3,Lavanderia Mora,lavandería,67,18.474977,-97.430381,https://mitehuacan.mx/?ruta=cuayuca
3,Renta De Lavadoras Sin Nombre,lavandería,70,18.47629,-97.397476,https://mitehuacan.mx/?ruta=cuayuca
3,Tintoreria Y Lavanderia La Imperial,lavandería,73,18.469708,-97.391283,https://mitehuacan.mx/?ruta=cuayuca
3,Lavanderia Cuayuca,lavandería,85,18.548527,-97.485014,https://mitehuacan.mx/?ruta=cuayuca
3,Lavanderia Y Planchaduria La Imperial,lavandería,87,18.469731,-97.389349,https://mitehuacan.mx/?ruta=cuayuca
3,Lavanderia Coco Wash,lavandería,97,18.462837,-97.386168,https://mitehuacan.mx/?ruta=cuayuca
3,Lavanderia Eco Clean,lavandería,113,18.475728,-97.431712,https://mitehuacan.mx/?ruta=cuayuca
3,Lavanderia Perfect Wash,lavandería,113,18.465954,-97.388283,https://mitehuacan.mx/?ruta=cuayuca
3,Planchas Y Empaques,lavandería,149,18.476346,-97.43284,https://mitehuacan.mx/?ruta=cuayuca
3,Tintoreria Herrera,lavandería,150,18.467147,-97.395415,https://mitehuacan.mx/?ruta=cuayuca
3,Libreria Promade,librería,5,18.466841,-97.389951,https://mitehuacan.mx/?ruta=cuayuca
3,Libreria Universo Magico,librería,35,18.466701,-97.3939,https://mitehuacan.mx/?ruta=cuayuca
3,TONY super papelería,librería,69,18.462822,-97.386437,https://mitehuacan.mx/?ruta=cuayuca
3,Libreria El Arte De Leer,librería,101,18.466059,-97.393043,https://mitehuacan.mx/?ruta=cuayuca
3,Marisqueria El Peladito,mariscos,6,18.467038,-97.393085,https://mitehuacan.mx/?ruta=cuayuca
3,Marisqueria La Marea,mariscos,10,18.465519,-97.386941,https://mitehuacan.mx/?ruta=cuayuca
3,Marisqueria Rosarito,mariscos,10,18.475249,-97.434934,https://mitehuacan.mx/?ruta=cuayuca
3,Bodega De La Marisqueria Puerto Escondico,mariscos,11,18.470488,-97.392805,https://mitehuacan.mx/?ruta=cuayuca
3,Marisqueria Puerto Escondido,mariscos,11,18.470488,-97.392805,https://mitehuacan.mx/?ruta=cuayuca
3,Marisqueria Puerto Escondido,mariscos,11,18.469991,-97.392819,https://mitehuacan.mx/?ruta=cuayuca
3,Bodega De Mariqueria Las Palmitas,mariscos,18,18.471304,-97.392714,https://mitehuacan.mx/?ruta=cuayuca
3,Pescaderia Y Marisqueria Las Palmas,mariscos,18,18.471304,-97.392714,https://mitehuacan.mx/?ruta=cuayuca
3,Veterinaria Eduardo 2,mascotas,1,18.490023,-97.404797,https://mitehuacan.mx/?ruta=cuayuca
3,Veterinaria Sin Nombre,mascotas,2,18.459576,-97.389484,https://mitehuacan.mx/?ruta=cuayuca
3,Pabsa Mascotas,mascotas,3,18.47505,-97.392773,https://mitehuacan.mx/?ruta=cuayuca
3,Tienda Para Mascotas El Canario De Oro,mascotas,5,18.461631,-97.389464,https://mitehuacan.mx/?ruta=cuayuca
3,Petshop,mascotas,6,18.548199,-97.489412,https://mitehuacan.mx/?ruta=cuayuca
3,Acuario Del Valle,mascotas,8,18.488245,-97.403694,https://mitehuacan.mx/?ruta=cuayuca
3,Tienda De Accesorios Para Mascotas El Canario De Oro,mascotas,9,18.463115,-97.389438,https://mitehuacan.mx/?ruta=cuayuca
3,Nutrimentos Purina,mascotas,11,18.462219,-97.389458,https://mitehuacan.mx/?ruta=cuayuca
3,Nutrimentos Purina,mascotas,18,18.47464,-97.430912,https://mitehuacan.mx/?ruta=cuayuca
3,Venta De Accesorios Y Estetica Canina Terra Rep,mascotas,20,18.467114,-97.391426,https://mitehuacan.mx/?ruta=cuayuca
3,Tienda De Accesorios Para Mascota Tu Amigo Fiel Th,mascotas,25,18.458415,-97.389407,https://mitehuacan.mx/?ruta=cuayuca
3,Venta De Animales De Corral Sin Nombre,mascotas,73,18.458203,-97.386629,https://mitehuacan.mx/?ruta=cuayuca
3,Venta De Articulos Para Mascotas Oh My Can,mascotas,84,18.466173,-97.391436,https://mitehuacan.mx/?ruta=cuayuca
3,Veterinaria Sarabia,mascotas,87,18.469731,-97.389349,https://mitehuacan.mx/?ruta=cuayuca
3,Acuario Agua Vida,mascotas,96,18.462782,-97.388427,https://mitehuacan.mx/?ruta=cuayuca
3,Compra Venta De Alimentos Y Accesorios Para Aves El Piolin,mascotas,121,18.457807,-97.390242,https://mitehuacan.mx/?ruta=cuayuca
3,Bodega De Habarrotes 3 Estrellas Sin Nombre,mascotas,127,18.458384,-97.386022,https://mitehuacan.mx/?ruta=cuayuca
3,Veterinaria Pacheco,mascotas,135,18.457349,-97.387548,https://mitehuacan.mx/?ruta=cuayuca
3,Tienda De Accesorios Para Mascotas Sin Nombre,mascotas,136,18.459597,-97.390751,https://mitehuacan.mx/?ruta=cuayuca
3,Venta De Alimento Para Animales Api-Aba,mascotas,138,18.457411,-97.386702,https://mitehuacan.mx/?ruta=cuayuca
3,2063 Tehuacan Marinela,mayoreo,0,18.481933,-97.447269,https://mitehuacan.mx/?ruta=cuayuca
3,Simbiosis Agricola,mayoreo,0,18.499592,-97.475139,https://mitehuacan.mx/?ruta=cuayuca
3,Venta De Materiales Para La Construccion Sin Nombre,mayoreo,0,18.545891,-97.490435,https://mitehuacan.mx/?ruta=cuayuca
3,Estacion De Combustible De Tehuacan,mayoreo,1,18.484704,-97.412616,https://mitehuacan.mx/?ruta=cuayuca
3,Fierro Viejo,mayoreo,1,18.490189,-97.40549,https://mitehuacan.mx/?ruta=cuayuca
3,Ingenieria Agricola El Altiplano,mayoreo,1,18.474465,-97.43144,https://mitehuacan.mx/?ruta=cuayuca
3,Maderas Y Derivados Cid,mayoreo,1,18.48971,-97.404618,https://mitehuacan.mx/?ruta=cuayuca
3,Materiales San Otilio,mayoreo,1,18.502069,-97.478867,https://mitehuacan.mx/?ruta=cuayuca
3,Servicios Leal,mayoreo,1,18.474634,-97.392784,https://mitehuacan.mx/?ruta=cuayuca
3,Agroquimicos Y Semillas La Coa,mayoreo,2,18.541171,-97.492122,https://mitehuacan.mx/?ruta=cuayuca
3,Comercializadora De Fertilizantes Zero,mayoreo,2,18.469059,-97.391972,https://mitehuacan.mx/?ruta=cuayuca
3,Estacionamiento Auxiliar,mayoreo,2,18.467539,-97.387092,https://mitehuacan.mx/?ruta=cuayuca
3,Fertilizantes Y Semillas Agomag,mayoreo,2,18.546862,-97.490195,https://mitehuacan.mx/?ruta=cuayuca
3,Madereria Maderas Exoticas Katalox,mayoreo,2,18.464282,-97.387032,https://mitehuacan.mx/?ruta=cuayuca
3,Materiales Para Construccion Sin Nombre,mayoreo,2,18.478274,-97.422331,https://mitehuacan.mx/?ruta=cuayuca
3,Oficinas Centrales,mayoreo,2,18.467555,-97.394002,https://mitehuacan.mx/?ruta=cuayuca
3,Venta De Focos Y Luminaria Distribuciones Jorrta,mayoreo,2,18.462659,-97.389321,https://mitehuacan.mx/?ruta=cuayuca
3,Barnices Otto,mayoreo,3,18.458608,-97.389118,https://mitehuacan.mx/?ruta=cuayuca
3,Bombas Sumergibles Conexiones Y Tuberias Hidraulicas Fd,mayoreo,3,18.474702,-97.4325,https://mitehuacan.mx/?ruta=cuayuca
3,Materiales Rodi Y Raban De Oaxaca,mayoreo,3,18.48957,-97.405565,https://mitehuacan.mx/?ruta=cuayuca
3,Proveedor De Materiales E Impermeabilizantes De Tehuacan,mayoreo,3,18.476573,-97.396917,https://mitehuacan.mx/?ruta=cuayuca
3,Comercializadora Vista Nueva,mayoreo,4,18.476242,-97.437477,https://mitehuacan.mx/?ruta=cuayuca
3,Envases Y Tapas De Plastico Jisan,mayoreo,4,18.466884,-97.390984,https://mitehuacan.mx/?ruta=cuayuca
3,Sinergia Materiales Publicitarios,mayoreo,4,18.466878,-97.390832,https://mitehuacan.mx/?ruta=cuayuca
3,Suministros Graficos De Tehuacan,mayoreo,4,18.465848,-97.389387,https://mitehuacan.mx/?ruta=cuayuca
3,Tienda De Tintas Para Imprenta Tinta Y Color Para Las Artes ,mayoreo,4,18.465694,-97.389389,https://mitehuacan.mx/?ruta=cuayuca
3,Venta De Fierro Viejo,mayoreo,4,18.490485,-97.405105,https://mitehuacan.mx/?ruta=cuayuca
3,Agroquimicos Y Semillas La Coa,mayoreo,5,18.458627,-97.387657,https://mitehuacan.mx/?ruta=cuayuca
3,Distribuidora De Maquinaria Agricola Sin Nombre,mayoreo,5,18.458523,-97.387366,https://mitehuacan.mx/?ruta=cuayuca
3,Materiales Para Construccion La Asuncion,mayoreo,5,18.479999,-97.419853,https://mitehuacan.mx/?ruta=cuayuca
3,Tractores Agricolas De Puebla,mayoreo,5,18.493099,-97.465344,https://mitehuacan.mx/?ruta=cuayuca
3,Venta De Muebles Metalicos Tfg,mayoreo,5,18.458517,-97.387252,https://mitehuacan.mx/?ruta=cuayuca
3,Agro Insumos Sin Nombre,mayoreo,7,18.518787,-97.504066,https://mitehuacan.mx/?ruta=cuayuca
3,Agroverdes,mayoreo,7,18.543806,-97.490985,https://mitehuacan.mx/?ruta=cuayuca
3,Electronica Politec,mayoreo,7,18.469123,-97.39162,https://mitehuacan.mx/?ruta=cuayuca
3,Grupo Nitromex,mayoreo,7,18.51887,-97.504194,https://mitehuacan.mx/?ruta=cuayuca
3,Carnemart,mayoreo,8,18.458694,-97.388762,https://mitehuacan.mx/?ruta=cuayuca
3,Dobladora Y Maquiladora San Lorenzo,mayoreo,8,18.475779,-97.435876,https://mitehuacan.mx/?ruta=cuayuca
3,Granitos Y Terrazos El Carmen,mayoreo,8,18.475671,-97.4355,https://mitehuacan.mx/?ruta=cuayuca
3,Materiales El Triunfo De Tehuacan,mayoreo,8,18.487361,-97.403208,https://mitehuacan.mx/?ruta=cuayuca
3,Agro Insumos Sin Nombre,mayoreo,9,18.516012,-97.499934,https://mitehuacan.mx/?ruta=cuayuca
3,Agroquimicos,mayoreo,9,18.513857,-97.496703,https://mitehuacan.mx/?ruta=cuayuca
3,Fertilizantes Y Agroquimicos Grupo Nitromex,mayoreo,9,18.514009,-97.49693,https://mitehuacan.mx/?ruta=cuayuca
3,Flejuser,mayoreo,9,18.47743,-97.439111,https://mitehuacan.mx/?ruta=cuayuca
3,Grupo Nitromex Tehuacan,mayoreo,9,18.51394,-97.496826,https://mitehuacan.mx/?ruta=cuayuca
3,Hidrocomercializaciones De Tehuacan,mayoreo,9,18.473501,-97.392731,https://mitehuacan.mx/?ruta=cuayuca
3,Venta De Policarbonatos Polivinilos,mayoreo,9,18.466888,-97.3929,https://mitehuacan.mx/?ruta=cuayuca
3,Avicola Tehuacan,mayoreo,10,18.467037,-97.386979,https://mitehuacan.mx/?ruta=cuayuca
3,Bodega De Gnavaelectrocontructura,mayoreo,10,18.472886,-97.39275,https://mitehuacan.mx/?ruta=cuayuca
3,Farmadist Otc Tehuacan,mayoreo,10,18.47294,-97.392748,https://mitehuacan.mx/?ruta=cuayuca
3,Gnava Electroconstructora,mayoreo,10,18.473266,-97.392738,https://mitehuacan.mx/?ruta=cuayuca
3,Hospitalar Proovedora De Insumos Medicos,mayoreo,10,18.47294,-97.392748,https://mitehuacan.mx/?ruta=cuayuca
3,Servicio Electronico Sanyo,mayoreo,11,18.468221,-97.39386,https://mitehuacan.mx/?ruta=cuayuca
3,Venta De Huevo Sin Nombre,mayoreo,11,18.470488,-97.392805,https://mitehuacan.mx/?ruta=cuayuca
3,Almacen Avicola Tehuacan,mayoreo,12,18.467767,-97.38696,https://mitehuacan.mx/?ruta=cuayuca
3,Cadeco Tehuacan,mayoreo,12,18.478514,-97.440888,https://mitehuacan.mx/?ruta=cuayuca
3,Grupo Conpremex,mayoreo,12,18.480937,-97.399614,https://mitehuacan.mx/?ruta=cuayuca
3,Multimex,mayoreo,12,18.476681,-97.43777,https://mitehuacan.mx/?ruta=cuayuca
3,El Tomate De Oro,mayoreo,13,18.474413,-97.430142,https://mitehuacan.mx/?ruta=cuayuca
3,Estanterias Metalicas Flejuser,mayoreo,13,18.458507,-97.3871,https://mitehuacan.mx/?ruta=cuayuca
3,Gimtrac,mayoreo,13,18.493983,-97.466529,https://mitehuacan.mx/?ruta=cuayuca
3,Grupo Conpremex,mayoreo,13,18.511733,-97.493137,https://mitehuacan.mx/?ruta=cuayuca
3,Industrial Patrona Tehuacan,mayoreo,13,18.475374,-97.434083,https://mitehuacan.mx/?ruta=cuayuca
3,Grupo Sevi-Basc Truj,mayoreo,15,18.475265,-97.43355,https://mitehuacan.mx/?ruta=cuayuca
3,Bodega Zetuna,mayoreo,17,18.482587,-97.448714,https://mitehuacan.mx/?ruta=cuayuca
3,Ferretera Arriaga,mayoreo,21,18.462923,-97.389143,https://mitehuacan.mx/?ruta=cuayuca
3,Agroquimicos El Tomate De Oro,mayoreo,31,18.47351,-97.427757,https://mitehuacan.mx/?ruta=cuayuca
3,Agroquimicos Al Campo,mayoreo,32,18.515053,-97.4978,https://mitehuacan.mx/?ruta=cuayuca
3,Compra De Desperdicio Social,mayoreo,36,18.464894,-97.389011,https://mitehuacan.mx/?ruta=cuayuca
3,Madereria Los Pinos,mayoreo,41,18.475042,-97.435226,https://mitehuacan.mx/?ruta=cuayuca
3,Maquinaria De Tehuacan,mayoreo,43,18.469103,-97.393357,https://mitehuacan.mx/?ruta=cuayuca
3,Bodega De Musical Sinfonia,mayoreo,47,18.460078,-97.389897,https://mitehuacan.mx/?ruta=cuayuca
3,Farmamigo Tehuacan F191,mayoreo,47,18.471245,-97.393824,https://mitehuacan.mx/?ruta=cuayuca
3,Almacen Socorro Romero Sanchez,mayoreo,49,18.466829,-97.38753,https://mitehuacan.mx/?ruta=cuayuca
3,Bodega De Ferre Materiales Hermanos Mendoza,mayoreo,50,18.475141,-97.4262,https://mitehuacan.mx/?ruta=cuayuca
3,Madereria Manantial,mayoreo,54,18.48086,-97.446412,https://mitehuacan.mx/?ruta=cuayuca
3,Ferreteria Albeluan,mayoreo,61,18.459162,-97.386613,https://mitehuacan.mx/?ruta=cuayuca
3,Dimmeeb,mayoreo,62,18.458784,-97.386618,https://mitehuacan.mx/?ruta=cuayuca
3,Gnava Electroconstructora Bodega,mayoreo,64,18.471612,-97.392275,https://mitehuacan.mx/?ruta=cuayuca
3,Venta De Materiales Para Construccion Sin Nombre,mayoreo,66,18.545738,-97.491136,https://mitehuacan.mx/?ruta=cuayuca
3,Compra De Fierro Viejo,mayoreo,67,18.476511,-97.39759,https://mitehuacan.mx/?ruta=cuayuca
3,Comsa Comercializadora De Sales Minerales Para La Agroindust,mayoreo,67,18.476134,-97.424416,https://mitehuacan.mx/?ruta=cuayuca
3,Agroquimicos Encon,mayoreo,81,18.518651,-97.502398,https://mitehuacan.mx/?ruta=cuayuca
3,Pinturas Doal 3 Norte,mayoreo,85,18.466164,-97.391436,https://mitehuacan.mx/?ruta=cuayuca
3,Comercio De Accesorios De Computo Soluciones Tecnologicas Gm,mayoreo,92,18.457809,-97.389412,https://mitehuacan.mx/?ruta=cuayuca
3,Eurofarming,mayoreo,92,18.468272,-97.392854,https://mitehuacan.mx/?ruta=cuayuca
3,La Casa De La Maquina,mayoreo,102,18.480842,-97.39854,https://mitehuacan.mx/?ruta=cuayuca
3,Mecatronica Inv Inc,mayoreo,104,18.468002,-97.38936,https://mitehuacan.mx/?ruta=cuayuca
3,Materiales Varus,mayoreo,108,18.473431,-97.426906,https://mitehuacan.mx/?ruta=cuayuca
3,Madereria El Roble,mayoreo,117,18.489057,-97.406608,https://mitehuacan.mx/?ruta=cuayuca
3,Motoimplementos Y Equipos De Puebla,mayoreo,119,18.457676,-97.386575,https://mitehuacan.mx/?ruta=cuayuca
3,Recicladora Sin Nombre,mayoreo,125,18.46909,-97.385929,https://mitehuacan.mx/?ruta=cuayuca
3,Recicladora Un Mundo Mejor,mayoreo,126,18.45743,-97.387507,https://mitehuacan.mx/?ruta=cuayuca
3,Venta De Maquinaria Agricola Sin Nombre,mayoreo,134,18.458121,-97.386027,https://mitehuacan.mx/?ruta=cuayuca
3,Sala De Exhibicion De Circulo B,mayoreo,139,18.462859,-97.390654,https://mitehuacan.mx/?ruta=cuayuca
3,Grupo Conpremex,mayoreo,148,18.470389,-97.391377,https://mitehuacan.mx/?ruta=cuayuca
3,Venta De Muebles Metalicos Marleba,mayoreo,149,18.45872,-97.385794,https://mitehuacan.mx/?ruta=cuayuca
3,Mercado Amador Hernandez El portillo,mercado,17,18.470817,-97.392738,https://mitehuacan.mx/?ruta=cuayuca
3,Herbolaria Y Cosmetica Artesanal,mercería,7,18.466979,-97.390952,https://mitehuacan.mx/?ruta=cuayuca
3,Merceria Sin Nombre,mercería,7,18.548241,-97.487958,https://mitehuacan.mx/?ruta=cuayuca
3,El Globito,mercería,9,18.463771,-97.389291,https://mitehuacan.mx/?ruta=cuayuca
3,Merceria El Redil,mercería,10,18.458761,-97.387107,https://mitehuacan.mx/?ruta=cuayuca
3,Tienda De Estambres Sin Nombre,mercería,118,18.459444,-97.386072,https://mitehuacan.mx/?ruta=cuayuca
3,Estambres El Patito,mercería,135,18.459416,-97.390752,https://mitehuacan.mx/?ruta=cuayuca
3,Estambres Rosy,mercería,140,18.472224,-97.391543,https://mitehuacan.mx/?ruta=cuayuca
3,Renta De Maquinaria Pesada,minera,52,18.489231,-97.404889,https://mitehuacan.mx/?ruta=cuayuca
3,Refaccionaria Medrano,motos,2,18.488097,-97.405543,https://mitehuacan.mx/?ruta=cuayuca
3,Refaccionaria Sin Nombre,motos,2,18.541473,-97.491958,https://mitehuacan.mx/?ruta=cuayuca
3,Taller De Motos Sayahe,motos,2,18.541481,-97.491955,https://mitehuacan.mx/?ruta=cuayuca
3,Distribuidora Italika,motos,3,18.466912,-97.391818,https://mitehuacan.mx/?ruta=cuayuca
3,Dinamo Sucursal Tehuacan Puebla,motos,4,18.464359,-97.3894,https://mitehuacan.mx/?ruta=cuayuca
3,Taller De Motos Italika,motos,5,18.548294,-97.489305,https://mitehuacan.mx/?ruta=cuayuca
3,Centro De Servicios Italika 4677,motos,9,18.477446,-97.43914,https://mitehuacan.mx/?ruta=cuayuca
3,Agencia Futur Biker,motos,11,18.476616,-97.424627,https://mitehuacan.mx/?ruta=cuayuca
3,Moto Refacciones Flores,motos,16,18.490576,-97.405011,https://mitehuacan.mx/?ruta=cuayuca
3,Moto Servicio El Guerrero,motos,60,18.548507,-97.485254,https://mitehuacan.mx/?ruta=cuayuca
3,Taller De Motos Sin Nombre,motos,61,18.46481,-97.386462,https://mitehuacan.mx/?ruta=cuayuca
3,Moto Servicio Refacciones Tehuacan,motos,74,18.473158,-97.392137,https://mitehuacan.mx/?ruta=cuayuca
3,Motocicletas Dinamo Taller,motos,79,18.464878,-97.388603,https://mitehuacan.mx/?ruta=cuayuca
3,Moto Servicio Dunlop,motos,103,18.466844,-97.388404,https://mitehuacan.mx/?ruta=cuayuca
3,Taller De Motos El Trono,motos,105,18.479395,-97.399921,https://mitehuacan.mx/?ruta=cuayuca
3,Museo de la evolución,museo,45,18.477382,-97.440199,https://mitehuacan.mx/?ruta=cuayuca
3,Despachojuridico,negocio,0,18.463287,-97.387079,https://mitehuacan.mx/?ruta=cuayuca
3,Elaboracion De Marcos De Madera Sin Nombre,negocio,0,18.468893,-97.38824,https://mitehuacan.mx/?ruta=cuayuca
3,Estacionamiento Publico Sin Nombre,negocio,0,18.463151,-97.387086,https://mitehuacan.mx/?ruta=cuayuca
3,Financiera Siempre Creciendo,negocio,0,18.469581,-97.393936,https://mitehuacan.mx/?ruta=cuayuca
3,Panaderia Mi Pan,negocio,0,18.463413,-97.387072,https://mitehuacan.mx/?ruta=cuayuca
3,Renta Y Venta De Lonas Flores,negocio,0,18.488241,-97.405489,https://mitehuacan.mx/?ruta=cuayuca
3,Shaddix Fit Studio,negocio,0,18.463097,-97.387086,https://mitehuacan.mx/?ruta=cuayuca
3,Capilla De Santiago Apostol,negocio,1,18.468963,-97.389889,https://mitehuacan.mx/?ruta=cuayuca
3,Casa De Huespedes Iris,negocio,1,18.469088,-97.392646,https://mitehuacan.mx/?ruta=cuayuca
3,Panaderia Mary,negocio,1,18.469042,-97.391461,https://mitehuacan.mx/?ruta=cuayuca
3,Registro Publico De La Propiedad Y Comercio De Tehuacan,negocio,1,18.470215,-97.393927,https://mitehuacan.mx/?ruta=cuayuca
3,Renta De Mesas Y Sillas,negocio,1,18.489803,-97.40467,https://mitehuacan.mx/?ruta=cuayuca
3,Taller De Mantenimiento Mecánico Industrial,negocio,1,18.467853,-97.38708,https://mitehuacan.mx/?ruta=cuayuca
3,Tapiceria Los Compadres,negocio,1,18.490137,-97.404864,https://mitehuacan.mx/?ruta=cuayuca
3,Base De Las Combis De Oxaca - Tehuacan Turisticos Capilla Ab,negocio,2,18.462704,-97.38932,https://mitehuacan.mx/?ruta=cuayuca
3,Bufete Laboral Y Fiscal Bringas Y Moreno,negocio,2,18.467881,-97.393992,https://mitehuacan.mx/?ruta=cuayuca
3,Diseño E Impresiones Camaleon,negocio,2,18.4664,-97.389382,https://mitehuacan.mx/?ruta=cuayuca
3,Elaboracion De Donas Deli Donas,negocio,2,18.464689,-97.387025,https://mitehuacan.mx/?ruta=cuayuca
3,Espiga De Oro,negocio,2,18.548172,-97.489817,https://mitehuacan.mx/?ruta=cuayuca
3,Estacionamiento Gomez Olivier,negocio,2,18.462785,-97.389318,https://mitehuacan.mx/?ruta=cuayuca
3,Estacionamiento Publico Goti Goav,negocio,2,18.461989,-97.389338,https://mitehuacan.mx/?ruta=cuayuca
3,Imprenta Y Serigrafia Complejo Grafico Publicitario,negocio,2,18.46827,-97.393982,https://mitehuacan.mx/?ruta=cuayuca
3,Jefatura Sector Numero 10,negocio,2,18.465232,-97.387016,https://mitehuacan.mx/?ruta=cuayuca
3,Mariachi Cocula,negocio,2,18.460355,-97.387139,https://mitehuacan.mx/?ruta=cuayuca
3,Mariachi Mexico Lindo,negocio,2,18.460075,-97.387146,https://mitehuacan.mx/?ruta=cuayuca
3,Mariachi Oro Y Plata,negocio,2,18.460844,-97.387126,https://mitehuacan.mx/?ruta=cuayuca
3,Mariachi Platino Continental,negocio,2,18.460934,-97.387123,https://mitehuacan.mx/?ruta=cuayuca
3,Pasteleria La Artesanal,negocio,2,18.460717,-97.387169,https://mitehuacan.mx/?ruta=cuayuca
3,Pasteles Leo,negocio,2,18.462152,-97.389334,https://mitehuacan.mx/?ruta=cuayuca
3,Sala Audiovisual Tlamachtiloni,negocio,2,18.463965,-97.387042,https://mitehuacan.mx/?ruta=cuayuca
3,Servicio Lazaro,negocio,2,18.490243,-97.405492,https://mitehuacan.mx/?ruta=cuayuca
3,Spartans Gym,negocio,2,18.460437,-97.387138,https://mitehuacan.mx/?ruta=cuayuca
3,Taller De Radiadores El Carmen,negocio,2,18.465775,-97.387018,https://mitehuacan.mx/?ruta=cuayuca
3,Balatas Sin Nombre,negocio,3,18.480167,-97.399284,https://mitehuacan.mx/?ruta=cuayuca
3,Cualquier Lavado,negocio,3,18.519803,-97.503699,https://mitehuacan.mx/?ruta=cuayuca
3,La Iglesia De Jesucristo De Los Santos De Los Ultimos Dias,negocio,3,18.459351,-97.387162,https://mitehuacan.mx/?ruta=cuayuca
3,Muffler Shop,negocio,3,18.475354,-97.426753,https://mitehuacan.mx/?ruta=cuayuca
3,Panificadora El Pan Del Cielo,negocio,3,18.466921,-97.392282,https://mitehuacan.mx/?ruta=cuayuca
3,Presidencia Auxiliar Municipal De Magdalena Cuayucatepec,negocio,3,18.548576,-97.486903,https://mitehuacan.mx/?ruta=cuayuca
3,Salon De Fiestas Real De Guille,negocio,3,18.475269,-97.426889,https://mitehuacan.mx/?ruta=cuayuca
3,Syr Sport,negocio,3,18.474969,-97.392775,https://mitehuacan.mx/?ruta=cuayuca
3,Taller De Servicio De Cluth Tehuacan,negocio,3,18.466418,-97.387023,https://mitehuacan.mx/?ruta=cuayuca
3,Aceros Gym,negocio,4,18.548138,-97.487943,https://mitehuacan.mx/?ruta=cuayuca
3,Alcoholicos Anonimos,negocio,4,18.46126,-97.389467,https://mitehuacan.mx/?ruta=cuayuca
3,Autobuses Costa De Oro Guadalajara Mazatlan Tijuana,negocio,4,18.458561,-97.388143,https://mitehuacan.mx/?ruta=cuayuca
3,Bufet Juridico Lic Jorge Olmos Calderon,negocio,4,18.466923,-97.392368,https://mitehuacan.mx/?ruta=cuayuca
3,Casa De Formacion Religioso Damasco,negocio,4,18.46688,-97.390879,https://mitehuacan.mx/?ruta=cuayuca
3,Despacho De Abogado,negocio,4,18.463793,-97.389416,https://mitehuacan.mx/?ruta=cuayuca
3,Estacionamiento Bravo,negocio,4,18.47655,-97.438002,https://mitehuacan.mx/?ruta=cuayuca
3,Fuente De Adoracion Y Vida,negocio,4,18.473516,-97.395265,https://mitehuacan.mx/?ruta=cuayuca
3,Interbox,negocio,4,18.548042,-97.487298,https://mitehuacan.mx/?ruta=cuayuca
3,Panaderiabel Panis,negocio,4,18.548299,-97.489466,https://mitehuacan.mx/?ruta=cuayuca
3,Panificadora San Francisco De Asis,negocio,4,18.460536,-97.389475,https://mitehuacan.mx/?ruta=cuayuca
3,Renta De Disfraces Show Time,negocio,4,18.465784,-97.389388,https://mitehuacan.mx/?ruta=cuayuca
3,Spin Fitness,negocio,4,18.548102,-97.487536,https://mitehuacan.mx/?ruta=cuayuca
3,Tehuacan Spininng Center,negocio,4,18.465766,-97.389388,https://mitehuacan.mx/?ruta=cuayuca
3,Alcoholicos Anonimos,negocio,5,18.466839,-97.389903,https://mitehuacan.mx/?ruta=cuayuca
3,Coorporativo Juridico,negocio,5,18.462819,-97.389289,https://mitehuacan.mx/?ruta=cuayuca
3,Despacho Juridico,negocio,5,18.466941,-97.39008,https://mitehuacan.mx/?ruta=cuayuca
3,Estacionamiento Publico,negocio,5,18.474972,-97.395599,https://mitehuacan.mx/?ruta=cuayuca
3,Estacionamiento Publico,negocio,5,18.475077,-97.394959,https://mitehuacan.mx/?ruta=cuayuca
3,Maquiladora Maria Cristina,negocio,5,18.475135,-97.394587,https://mitehuacan.mx/?ruta=cuayuca
3,Neuroticos Anonimos,negocio,5,18.466839,-97.389894,https://mitehuacan.mx/?ruta=cuayuca
3,Pasteleria Velvetti,negocio,5,18.54814,-97.48819,https://mitehuacan.mx/?ruta=cuayuca
3,Taller De Balatas Sin Nombre,negocio,5,18.47968,-97.398987,https://mitehuacan.mx/?ruta=cuayuca
3,Estacionamiento Sin Nombre,negocio,6,18.467063,-97.393729,https://mitehuacan.mx/?ruta=cuayuca
3,Parroquia De Santa Maria Magdalena,negocio,6,18.548066,-97.485975,https://mitehuacan.mx/?ruta=cuayuca
3,Sindicato Nacional De Trabajadores Del Seguro Social Represe,negocio,6,18.475072,-97.395575,https://mitehuacan.mx/?ruta=cuayuca
3,Canchas De Tenis,negocio,7,18.468968,-97.388513,https://mitehuacan.mx/?ruta=cuayuca
3,Coth53 Sanitarios Au,negocio,7,18.458673,-97.388423,https://mitehuacan.mx/?ruta=cuayuca
3,Escuela De Boxeo Estilo Cesar,negocio,7,18.469084,-97.390834,https://mitehuacan.mx/?ruta=cuayuca
3,Esculturas Creart,negocio,7,18.469133,-97.391866,https://mitehuacan.mx/?ruta=cuayuca
3,Estacionamiento Angels,negocio,7,18.463437,-97.389299,https://mitehuacan.mx/?ruta=cuayuca
3,Impresora Aguila,negocio,7,18.458664,-97.388196,https://mitehuacan.mx/?ruta=cuayuca
3,Rectificadora Bravo,negocio,7,18.469152,-97.392406,https://mitehuacan.mx/?ruta=cuayuca
3,Estacionamiento Publico Gomez Ollivier,negocio,8,18.460442,-97.389372,https://mitehuacan.mx/?ruta=cuayuca
3,Estacionamiento Publico San Juan,negocio,8,18.458695,-97.388774,https://mitehuacan.mx/?ruta=cuayuca
3,Estacionamiento Sin Nombre,negocio,8,18.460017,-97.389377,https://mitehuacan.mx/?ruta=cuayuca
3,Grupo Radiadores Lezama,negocio,8,18.479602,-97.39897,https://mitehuacan.mx/?ruta=cuayuca
3,Imprenta Mega Graficos Tehuacan,negocio,8,18.46702,-97.39208,https://mitehuacan.mx/?ruta=cuayuca
3,Pasteleria Fina Gretta,negocio,8,18.54754,-97.486082,https://mitehuacan.mx/?ruta=cuayuca
3,Servicios Industriales,negocio,8,18.475046,-97.434031,https://mitehuacan.mx/?ruta=cuayuca
3,Base De La Ruta Ajalpa Tehuacan Camaleonas,negocio,9,18.461265,-97.389345,https://mitehuacan.mx/?ruta=cuayuca
3,Bufet De Abogados,negocio,9,18.514023,-97.496951,https://mitehuacan.mx/?ruta=cuayuca
3,Bufete Juridico Sin Nombre,negocio,9,18.461302,-97.389346,https://mitehuacan.mx/?ruta=cuayuca
3,Despacho Juridic0,negocio,9,18.467012,-97.391672,https://mitehuacan.mx/?ruta=cuayuca
3,Estacionamiento Reyna,negocio,9,18.464215,-97.389283,https://mitehuacan.mx/?ruta=cuayuca
3,Estacionamiento Sin Nombre,negocio,9,18.461265,-97.389345,https://mitehuacan.mx/?ruta=cuayuca
3,Mariachi Mexico Lindo,negocio,9,18.462027,-97.387029,https://mitehuacan.mx/?ruta=cuayuca
3,Mariachi Tehuacan,negocio,9,18.462045,-97.387029,https://mitehuacan.mx/?ruta=cuayuca
3,Marichi Los Gallitos Tehuacanenses,negocio,9,18.459322,-97.387099,https://mitehuacan.mx/?ruta=cuayuca
3,Museo De La Evolucion Tehuacan,negocio,9,18.478526,-97.441537,https://mitehuacan.mx/?ruta=cuayuca
3,Soluciones Legales Y De Cobranzas Qv,negocio,9,18.465853,-97.389265,https://mitehuacan.mx/?ruta=cuayuca
3,Supervision Escolar 414,negocio,9,18.461302,-97.389346,https://mitehuacan.mx/?ruta=cuayuca
3,Supervision Escolar 419,negocio,9,18.461302,-97.389346,https://mitehuacan.mx/?ruta=cuayuca
3,Supervision Escolar 721,negocio,9,18.461302,-97.389346,https://mitehuacan.mx/?ruta=cuayuca
3,Torno Pino Suarez,negocio,9,18.514178,-97.497181,https://mitehuacan.mx/?ruta=cuayuca
3,Transportes Y Turismos Marbe,negocio,9,18.461293,-97.389346,https://mitehuacan.mx/?ruta=cuayuca
3,Centro De Reunion Y Oracion M.I.C,negocio,10,18.461728,-97.387032,https://mitehuacan.mx/?ruta=cuayuca
3,Complejo Metropolitano De Seguridad Publica Regional Tehuaca,negocio,10,18.480256,-97.444559,https://mitehuacan.mx/?ruta=cuayuca
3,Edificio Morelos,negocio,10,18.469841,-97.39385,https://mitehuacan.mx/?ruta=cuayuca
3,Financiera Bnc Azteca Norte,negocio,10,18.47294,-97.392748,https://mitehuacan.mx/?ruta=cuayuca
3,Jesbaam Impresores,negocio,10,18.45906,-97.387105,https://mitehuacan.mx/?ruta=cuayuca
3,Jomagic Ludoteca Infantil,negocio,10,18.47294,-97.392748,https://mitehuacan.mx/?ruta=cuayuca
3,Mariachi De Mi Tierra,negocio,10,18.459521,-97.387092,https://mitehuacan.mx/?ruta=cuayuca
3,Mariachi Jalisco,negocio,10,18.460444,-97.387061,https://mitehuacan.mx/?ruta=cuayuca
3,Mariachi Nuevo Amigo,negocio,10,18.45896,-97.387108,https://mitehuacan.mx/?ruta=cuayuca
3,Mariachi Puebla,negocio,10,18.459114,-97.387104,https://mitehuacan.mx/?ruta=cuayuca
3,Mariachi Real De Mexico,negocio,10,18.460416,-97.387062,https://mitehuacan.mx/?ruta=cuayuca
3,Mariachi Santa Maria,negocio,10,18.458879,-97.38711,https://mitehuacan.mx/?ruta=cuayuca
3,Mariachi Tradicional San Luis,negocio,10,18.460118,-97.387072,https://mitehuacan.mx/?ruta=cuayuca
3,Sindicato Industrial De Trabajadores Embotelladores De Agua ,negocio,10,18.480072,-97.399064,https://mitehuacan.mx/?ruta=cuayuca
3,Taller De Mofles,negocio,10,18.466342,-97.389265,https://mitehuacan.mx/?ruta=cuayuca
3,Auxiliar De Baños Publicos Ala Sur,negocio,11,18.470488,-97.392805,https://mitehuacan.mx/?ruta=cuayuca
3,Baños Publicos Ala Norte,negocio,11,18.470488,-97.392805,https://mitehuacan.mx/?ruta=cuayuca
3,Caseta De Cobro Del Estacionamiento Plaza Montecarlo,negocio,11,18.469991,-97.392819,https://mitehuacan.mx/?ruta=cuayuca
3,Despacho De Abogados,negocio,11,18.469991,-97.392819,https://mitehuacan.mx/?ruta=cuayuca
3,Estacionamiento De Autos El Sabino,negocio,11,18.468149,-97.393862,https://mitehuacan.mx/?ruta=cuayuca
3,Fonacot Tehuacan,negocio,11,18.469991,-97.392819,https://mitehuacan.mx/?ruta=cuayuca
3,Rectificadora De Motores Storm Vulcan,negocio,11,18.46909,-97.39384,https://mitehuacan.mx/?ruta=cuayuca
3,Regalos Y Manualidades Beyco,negocio,11,18.458741,-97.389393,https://mitehuacan.mx/?ruta=cuayuca
3,Bulvo,negocio,12,18.472688,-97.394817,https://mitehuacan.mx/?ruta=cuayuca
3,Corporativo Idisa Sapi De C.V,negocio,12,18.467916,-97.386955,https://mitehuacan.mx/?ruta=cuayuca
3,Idisa Servicios,negocio,12,18.467916,-97.386955,https://mitehuacan.mx/?ruta=cuayuca
3,Novedades Yessica,negocio,12,18.45875,-97.389393,https://mitehuacan.mx/?ruta=cuayuca
3,Radiadores Ema,negocio,12,18.508888,-97.488875,https://mitehuacan.mx/?ruta=cuayuca
3,Valores Y Acciones Mac Sapi De Cv,negocio,12,18.467916,-97.386955,https://mitehuacan.mx/?ruta=cuayuca
3,Corte Laser Pino Suarez,negocio,13,18.509467,-97.489738,https://mitehuacan.mx/?ruta=cuayuca
3,Inspectoria,negocio,13,18.51278,-97.494704,https://mitehuacan.mx/?ruta=cuayuca
3,Mofles,negocio,13,18.509385,-97.489615,https://mitehuacan.mx/?ruta=cuayuca
3,Parque Acuatico Splash,negocio,13,18.478686,-97.441176,https://mitehuacan.mx/?ruta=cuayuca
3,Parroquia,negocio,13,18.512518,-97.494318,https://mitehuacan.mx/?ruta=cuayuca
3,Punto De Verificacion San Lorenzo,negocio,13,18.478641,-97.4411,https://mitehuacan.mx/?ruta=cuayuca
3,Purificadora Vital Pura,negocio,13,18.509411,-97.489654,https://mitehuacan.mx/?ruta=cuayuca
3,Renta De Lonas Y Sillas Aladino,negocio,13,18.484749,-97.452387,https://mitehuacan.mx/?ruta=cuayuca
3,Templo Evangelio Eben Ezer,negocio,13,18.51096,-97.491973,https://mitehuacan.mx/?ruta=cuayuca
3,Archivo Municipal,negocio,14,18.466846,-97.393024,https://mitehuacan.mx/?ruta=cuayuca
3,Oficinas Del Comisariado Ejidal De San Nicolas Tetitzintla,negocio,14,18.477305,-97.39752,https://mitehuacan.mx/?ruta=cuayuca
3,Administracion Centro Integral De Servicios,negocio,15,18.477309,-97.439531,https://mitehuacan.mx/?ruta=cuayuca
3,Coodinacion Regional De Desarrollo Educativo Diez Tehuacan,negocio,15,18.477315,-97.439542,https://mitehuacan.mx/?ruta=cuayuca
3,Defensoria Publica Del Estado,negocio,15,18.477309,-97.439531,https://mitehuacan.mx/?ruta=cuayuca
3,Delegacion Estatal Dif Delegacion Veinte Tehuacan,negocio,15,18.477315,-97.439542,https://mitehuacan.mx/?ruta=cuayuca
3,Gimnasio Adn Fitness Gym,negocio,15,18.462927,-97.3892,https://mitehuacan.mx/?ruta=cuayuca
3,Junta Especial Numero Siete De La Local De Consiliacion Y Bi,negocio,15,18.477309,-97.439531,https://mitehuacan.mx/?ruta=cuayuca
3,Jurisdiccion Sanitaria Numero Diez,negocio,15,18.477309,-97.439531,https://mitehuacan.mx/?ruta=cuayuca
3,Juzgado Primero De Lo Civil,negocio,15,18.477434,-97.439744,https://mitehuacan.mx/?ruta=cuayuca
3,Juzgado Segundo De Lo Civil,negocio,15,18.477358,-97.439614,https://mitehuacan.mx/?ruta=cuayuca
3,Oficina Recaudadora Y Asistencia Al Contribuyente De Tehuaca,negocio,15,18.477319,-97.439549,https://mitehuacan.mx/?ruta=cuayuca
3,Registro Civil,negocio,15,18.477315,-97.439542,https://mitehuacan.mx/?ruta=cuayuca
3,Registro Civil En El Hospital De La Mujer,negocio,15,18.477319,-97.439549,https://mitehuacan.mx/?ruta=cuayuca
3,Secretaria De Comunicaciones Y Transportes,negocio,15,18.488242,-97.404763,https://mitehuacan.mx/?ruta=cuayuca
3,Secretaria De Desarrollo Rural,negocio,15,18.477309,-97.439531,https://mitehuacan.mx/?ruta=cuayuca
3,Secretaria De Infraestructura Movilidad Y Transporte Puebla,negocio,15,18.477309,-97.439531,https://mitehuacan.mx/?ruta=cuayuca
3,Secretaria Del Bienestar Del Gobierno Del Estado De Puebla D,negocio,15,18.477309,-97.439531,https://mitehuacan.mx/?ruta=cuayuca
3,Secretaria General De Gobierno Delegacion Tehuacan,negocio,15,18.477309,-97.439531,https://mitehuacan.mx/?ruta=cuayuca
3,Servicio Nacional De Empleo Unidad Regional Tehuacan,negocio,15,18.477315,-97.439542,https://mitehuacan.mx/?ruta=cuayuca
3,Vista Verde Contry Club,negocio,15,18.484728,-97.411968,https://mitehuacan.mx/?ruta=cuayuca
3,Bar Mr Black,negocio,16,18.468959,-97.392841,https://mitehuacan.mx/?ruta=cuayuca
3,Panaderia Tula,negocio,16,18.469078,-97.389278,https://mitehuacan.mx/?ruta=cuayuca
3,Estacionamiento San Gabriel,negocio,17,18.458488,-97.389407,https://mitehuacan.mx/?ruta=cuayuca
3,Radiadores Montoya,negocio,17,18.48821,-97.403941,https://mitehuacan.mx/?ruta=cuayuca
3,Despacho Mendez,negocio,22,18.48993,-97.405333,https://mitehuacan.mx/?ruta=cuayuca
3,Imprenta Impresos De Jesus,negocio,22,18.46158,-97.389217,https://mitehuacan.mx/?ruta=cuayuca
3,Box Fitness,negocio,23,18.472314,-97.395013,https://mitehuacan.mx/?ruta=cuayuca
3,Base De La Ruta Temalacayuca Tepanco-Tehuacan,negocio,24,18.459445,-97.386956,https://mitehuacan.mx/?ruta=cuayuca
3,Estacionamiento Publico,negocio,25,18.462752,-97.387328,https://mitehuacan.mx/?ruta=cuayuca
3,Centro De Rehabilitacion Renuevate,negocio,26,18.468613,-97.393705,https://mitehuacan.mx/?ruta=cuayuca
3,Conferencia De Meditacion Movimiento Gnostico,negocio,26,18.462752,-97.387337,https://mitehuacan.mx/?ruta=cuayuca
3,Despacho Juridico Asesoria Legal Y Administrativa,negocio,26,18.46482,-97.389108,https://mitehuacan.mx/?ruta=cuayuca
3,Radiadores Baltazar,negocio,26,18.464814,-97.386794,https://mitehuacan.mx/?ruta=cuayuca
3,Transformando Miradas,negocio,26,18.466665,-97.390361,https://mitehuacan.mx/?ruta=cuayuca
3,Estacionamiento Publico Tehuacan,negocio,27,18.458401,-97.389521,https://mitehuacan.mx/?ruta=cuayuca
3,Recicladora Alvarez,negocio,27,18.517229,-97.501163,https://mitehuacan.mx/?ruta=cuayuca
3,Alquileres De Mesas Y Sillas Asis,negocio,28,18.516713,-97.500366,https://mitehuacan.mx/?ruta=cuayuca
3,Estacionamiento Granada,negocio,28,18.460767,-97.3897,https://mitehuacan.mx/?ruta=cuayuca
3,Mariachi Garibaldi,negocio,28,18.460781,-97.386882,https://mitehuacan.mx/?ruta=cuayuca
3,Trajes Tipicos Juarez Rivera Vestuaristas,negocio,28,18.469304,-97.391384,https://mitehuacan.mx/?ruta=cuayuca
3,Casa Latina,negocio,30,18.468797,-97.391979,https://mitehuacan.mx/?ruta=cuayuca
3,Panaderia Mateos,negocio,31,18.462737,-97.386797,https://mitehuacan.mx/?ruta=cuayuca
3,Estacionamiento Y Pension Solca,negocio,32,18.464909,-97.389656,https://mitehuacan.mx/?ruta=cuayuca
3,Pasteleria Pastelin,negocio,32,18.467223,-97.391425,https://mitehuacan.mx/?ruta=cuayuca
3,Supervision Escolar Zona 040 De Escuelas Federales Primarias,negocio,32,18.477615,-97.397209,https://mitehuacan.mx/?ruta=cuayuca
3,Construcciones Y Maquinaria,negocio,33,18.473326,-97.392513,https://mitehuacan.mx/?ruta=cuayuca
3,Estacionamiento Sin Nombre,negocio,33,18.458732,-97.389817,https://mitehuacan.mx/?ruta=cuayuca
3,Gimnasio Centro De Alto Rendimiento,negocio,33,18.465958,-97.389041,https://mitehuacan.mx/?ruta=cuayuca
3,Estacionamiento Publico Hernandez,negocio,35,18.464828,-97.389687,https://mitehuacan.mx/?ruta=cuayuca
3,Jardin De Fiestas Bonampak,negocio,37,18.475079,-97.43197,https://mitehuacan.mx/?ruta=cuayuca
3,Oficina Del Comisariado Ejidal,negocio,37,18.513204,-97.49494,https://mitehuacan.mx/?ruta=cuayuca
3,Taller De Suspensiones Gabriel,negocio,37,18.546427,-97.490648,https://mitehuacan.mx/?ruta=cuayuca
3,Alcoholicos Anonimos,negocio,38,18.469111,-97.393584,https://mitehuacan.mx/?ruta=cuayuca
3,Despacho Juridico,negocio,39,18.466669,-97.394023,https://mitehuacan.mx/?ruta=cuayuca
3,Grupo De 4 Y 5 Paso,negocio,39,18.466669,-97.394023,https://mitehuacan.mx/?ruta=cuayuca
3,Grupo Familiar Al Anon Y Alateen,negocio,39,18.466669,-97.394023,https://mitehuacan.mx/?ruta=cuayuca
3,Taller De Mofles El Chileño,negocio,39,18.475427,-97.396587,https://mitehuacan.mx/?ruta=cuayuca
3,Iglesia De Dios Sociedad Misionera Mundial,negocio,40,18.46482,-97.388975,https://mitehuacan.mx/?ruta=cuayuca
3,Impresos San Lorenzo,negocio,40,18.464829,-97.389734,https://mitehuacan.mx/?ruta=cuayuca
3,Rotulos Diseño Y Produccion Grafica Sigprint,negocio,43,18.467248,-97.389273,https://mitehuacan.mx/?ruta=cuayuca
3,Estacionamiento Los Barateros,negocio,44,18.458247,-97.389523,https://mitehuacan.mx/?ruta=cuayuca
3,Servicios Juridicos Profesionales,negocio,44,18.466624,-97.394024,https://mitehuacan.mx/?ruta=cuayuca
3,Transportes Turisticos Tehuacan Cuicatlan,negocio,44,18.458247,-97.389523,https://mitehuacan.mx/?ruta=cuayuca
3,Casa De Huespedes La Casona,negocio,45,18.468644,-97.391404,https://mitehuacan.mx/?ruta=cuayuca
3,Imprenta Interlinea Grafica,negocio,45,18.469109,-97.393518,https://mitehuacan.mx/?ruta=cuayuca
3,Pasteleria El Danubio,negocio,45,18.458234,-97.389408,https://mitehuacan.mx/?ruta=cuayuca
3,Servicio Mecanico A Tractocamiones Diesel,negocio,45,18.476836,-97.423721,https://mitehuacan.mx/?ruta=cuayuca
3,Panificadora San Jose,negocio,46,18.470287,-97.392473,https://mitehuacan.mx/?ruta=cuayuca
3,Liga De Futbol De Tehuacan,negocio,47,18.474335,-97.395188,https://mitehuacan.mx/?ruta=cuayuca
3,Super Clutch Express,negocio,48,18.489138,-97.404797,https://mitehuacan.mx/?ruta=cuayuca
3,Gimnasio De Box Puño De Oro,negocio,49,18.468653,-97.392632,https://mitehuacan.mx/?ruta=cuayuca
3,Ruta San Gabriel Chilac Tehuacan,negocio,49,18.460749,-97.388972,https://mitehuacan.mx/?ruta=cuayuca
3,Neuroticos Anonimos,negocio,50,18.464816,-97.388881,https://mitehuacan.mx/?ruta=cuayuca
3,Iglesia Tehuacan,negocio,51,18.460774,-97.386664,https://mitehuacan.mx/?ruta=cuayuca
3,Congregacion Nacional Presbiteriana Conservadora Filadelfia,negocio,52,18.458848,-97.38671,https://mitehuacan.mx/?ruta=cuayuca
3,Despacho Juridico,negocio,54,18.468607,-97.39344,https://mitehuacan.mx/?ruta=cuayuca
3,Despacho Juridico Rodriguez Guevara Y Asociados,negocio,54,18.468607,-97.39344,https://mitehuacan.mx/?ruta=cuayuca
3,Sindicato Nacional De Los Trabajadores De La Educacion,negocio,54,18.468607,-97.39344,https://mitehuacan.mx/?ruta=cuayuca
3,Casa Hogar Santa Maria Goreti,negocio,55,18.469383,-97.388146,https://mitehuacan.mx/?ruta=cuayuca
3,Despacho Juridico,negocio,55,18.465967,-97.389876,https://mitehuacan.mx/?ruta=cuayuca
3,Gimnasio Fonseca Gym,negocio,56,18.464832,-97.389886,https://mitehuacan.mx/?ruta=cuayuca
3,Mayoristas En Publicidad Y Diseño,negocio,56,18.46291,-97.388803,https://mitehuacan.mx/?ruta=cuayuca
3,Rectificadora Automotriz Ramos,negocio,56,18.469429,-97.388782,https://mitehuacan.mx/?ruta=cuayuca
3,Reparadora De Discos De Clutch Platos Opresores Poli Clutch,negocio,56,18.462386,-97.389883,https://mitehuacan.mx/?ruta=cuayuca
3,Taller D Torno Sin Nombre,negocio,56,18.458093,-97.388148,https://mitehuacan.mx/?ruta=cuayuca
3,Despacho Juridico Rivera Y Asociados,negocio,58,18.460772,-97.386598,https://mitehuacan.mx/?ruta=cuayuca
3,Base De Ruta San Estaban,negocio,59,18.460698,-97.386591,https://mitehuacan.mx/?ruta=cuayuca
3,Despacho De Abogado Sin Nombre,negocio,59,18.466399,-97.391434,https://mitehuacan.mx/?ruta=cuayuca
3,Pension La Suiza,negocio,59,18.460075,-97.390008,https://mitehuacan.mx/?ruta=cuayuca
3,Tapiceria Sarabia,negocio,60,18.470288,-97.39234,https://mitehuacan.mx/?ruta=cuayuca
3,Estacionamiento Estacionamiento De La 5,negocio,61,18.458089,-97.38941,https://mitehuacan.mx/?ruta=cuayuca
3,Impresos Publi-K-T,negocio,61,18.464812,-97.388776,https://mitehuacan.mx/?ruta=cuayuca
3,Refacciones Y Rectificaciones Rivera,negocio,61,18.469458,-97.388421,https://mitehuacan.mx/?ruta=cuayuca
3,Corporativo Romero Calderon Abogados,negocio,64,18.458633,-97.390114,https://mitehuacan.mx/?ruta=cuayuca
3,Iglesia San Juan De Dios,negocio,64,18.46484,-97.387646,https://mitehuacan.mx/?ruta=cuayuca
3,Sanlon Agua Gurmet,negocio,64,18.473918,-97.431595,https://mitehuacan.mx/?ruta=cuayuca
3,Dralions Fitness And Gym,negocio,65,18.476371,-97.397472,https://mitehuacan.mx/?ruta=cuayuca
3,Purificadora De Agua Pureza,negocio,66,18.545086,-97.491347,https://mitehuacan.mx/?ruta=cuayuca
3,Img Estudio Profesional De Danza,negocio,68,18.462763,-97.387736,https://mitehuacan.mx/?ruta=cuayuca
3,Publimex,negocio,69,18.466345,-97.392913,https://mitehuacan.mx/?ruta=cuayuca
3,Despacho Juridico Sin Nombre,negocio,70,18.46837,-97.390463,https://mitehuacan.mx/?ruta=cuayuca
3,Jefatura Del Sector 06 Telesecundarias Estatales,negocio,71,18.470426,-97.392237,https://mitehuacan.mx/?ruta=cuayuca
3,Cancha De Futbol Joga Bonito,negocio,72,18.468291,-97.389359,https://mitehuacan.mx/?ruta=cuayuca
3,Galerias Leon,negocio,74,18.458744,-97.390205,https://mitehuacan.mx/?ruta=cuayuca
3,Panaderia Y Pasteleria San Pablo,negocio,74,18.464808,-97.386338,https://mitehuacan.mx/?ruta=cuayuca
3,Engrateh,negocio,75,18.466849,-97.38867,https://mitehuacan.mx/?ruta=cuayuca
3,Bodega Pizza Dominos Opp 010927Sa5,negocio,76,18.462843,-97.386367,https://mitehuacan.mx/?ruta=cuayuca
3,Pasteleria Deli-Cake,negocio,76,18.460695,-97.38643,https://mitehuacan.mx/?ruta=cuayuca
3,Panaderia Guti Pan,negocio,77,18.460888,-97.390161,https://mitehuacan.mx/?ruta=cuayuca
3,Iglesia Biblica Misionera,negocio,79,18.47947,-97.397893,https://mitehuacan.mx/?ruta=cuayuca
3,Iglesia Doxa Internacional,negocio,80,18.46621,-97.391435,https://mitehuacan.mx/?ruta=cuayuca
3,Estacionamiento Independencia,negocio,82,18.462965,-97.390119,https://mitehuacan.mx/?ruta=cuayuca
3,Renta De Trajes De Pool,negocio,83,18.468292,-97.391307,https://mitehuacan.mx/?ruta=cuayuca
3,Despacho Juridico Aquino & Flores,negocio,84,18.466173,-97.391436,https://mitehuacan.mx/?ruta=cuayuca
3,American Fitness Tehuacan,negocio,85,18.490092,-97.406327,https://mitehuacan.mx/?ruta=cuayuca
3,Base Ruta 17 San Bartolo Teontepec,negocio,85,18.460764,-97.386342,https://mitehuacan.mx/?ruta=cuayuca
3,Supervision Escolar De La Zona 045 De Telesecundarias Estata,negocio,85,18.459084,-97.386389,https://mitehuacan.mx/?ruta=cuayuca
3,Recicladora Pino Suarez Compra De Carton,negocio,87,18.508979,-97.487767,https://mitehuacan.mx/?ruta=cuayuca
3,Estacionamiento Y Pension Sin Nombre,negocio,89,18.468135,-97.389268,https://mitehuacan.mx/?ruta=cuayuca
3,Oficinas De Sindicato,negocio,89,18.466128,-97.391436,https://mitehuacan.mx/?ruta=cuayuca
3,Zumba Fitnes Sport Woman,negocio,90,18.475823,-97.432955,https://mitehuacan.mx/?ruta=cuayuca
3,Baños Publicos El Meson,negocio,91,18.461501,-97.390292,https://mitehuacan.mx/?ruta=cuayuca
3,Pension De Autos De La 1 Norte,negocio,91,18.466146,-97.392918,https://mitehuacan.mx/?ruta=cuayuca
3,Autobuses Integrados Tlacotepec-Tehuacan,negocio,95,18.458557,-97.386314,https://mitehuacan.mx/?ruta=cuayuca
3,Despacho Juridico,negocio,95,18.466162,-97.394031,https://mitehuacan.mx/?ruta=cuayuca
3,Jm Publicidad,negocio,95,18.476105,-97.3938,https://mitehuacan.mx/?ruta=cuayuca
3,Iglesia De Jesucristo De Los Santos De Los Ultimos Dias,negocio,96,18.474361,-97.394053,https://mitehuacan.mx/?ruta=cuayuca
3,Sanitarios Publicos Ely,negocio,96,18.458272,-97.390333,https://mitehuacan.mx/?ruta=cuayuca
3,Aa Grupo Nuevo Horizonte Tehuacan 4 Y 5 Paso,negocio,97,18.459026,-97.386277,https://mitehuacan.mx/?ruta=cuayuca
3,Salon De Fiesta Quinta Paraiso,negocio,98,18.484381,-97.400622,https://mitehuacan.mx/?ruta=cuayuca
3,Base De Combis Tehuacan Huajuapan,negocio,99,18.462847,-97.390275,https://mitehuacan.mx/?ruta=cuayuca
3,Panificadora La Paz,negocio,99,18.466034,-97.391333,https://mitehuacan.mx/?ruta=cuayuca
3,Plasta Diseño Grafico,negocio,99,18.472511,-97.393801,https://mitehuacan.mx/?ruta=cuayuca
3,Base De Combis Tehuacan Teotitlan,negocio,100,18.462848,-97.390281,https://mitehuacan.mx/?ruta=cuayuca
3,Despacho Juridico Consultoria Juridica Sin Nombre,negocio,100,18.465891,-97.388399,https://mitehuacan.mx/?ruta=cuayuca
3,Gimnasio,negocio,100,18.474303,-97.394358,https://mitehuacan.mx/?ruta=cuayuca
3,Impresiones De Calidad Gomgar,negocio,100,18.469956,-97.39138,https://mitehuacan.mx/?ruta=cuayuca
3,Purificadora De Agua Camcom,negocio,100,18.467121,-97.394941,https://mitehuacan.mx/?ruta=cuayuca
3,Servicio De Diseño Grafico Fonts Impresion Y Diseño,negocio,100,18.457736,-97.389412,https://mitehuacan.mx/?ruta=cuayuca
3,Estacionamiento Sin Nombre,negocio,102,18.466047,-97.392921,https://mitehuacan.mx/?ruta=cuayuca
3,Estacionamiento Karim,negocio,104,18.468085,-97.392981,https://mitehuacan.mx/?ruta=cuayuca
3,Clases De Baile Alpha Woman,negocio,105,18.468098,-97.39131,https://mitehuacan.mx/?ruta=cuayuca
3,Despacho Juridico Sin Nombre,negocio,105,18.462548,-97.38809,https://mitehuacan.mx/?ruta=cuayuca
3,Articulos Para Fiesta Decoraciones Aurora,negocio,106,18.461583,-97.390432,https://mitehuacan.mx/?ruta=cuayuca
3,Casa De Huespedes El Panalito,negocio,106,18.462849,-97.390342,https://mitehuacan.mx/?ruta=cuayuca
3,Imprenta Grafox,negocio,106,18.477303,-97.398555,https://mitehuacan.mx/?ruta=cuayuca
3,Estacionamiento Para Clientes De Distribuidora De Poliester,negocio,107,18.458091,-97.390335,https://mitehuacan.mx/?ruta=cuayuca
3,Panaderia Doña Lore,negocio,107,18.460895,-97.390445,https://mitehuacan.mx/?ruta=cuayuca
3,Lijado De Prendas,negocio,109,18.47417,-97.394476,https://mitehuacan.mx/?ruta=cuayuca
3,Torno Y Soldadura Sin Nombre,negocio,109,18.490635,-97.406426,https://mitehuacan.mx/?ruta=cuayuca
3,Vanguardia Juridica,negocio,110,18.460896,-97.390474,https://mitehuacan.mx/?ruta=cuayuca
3,Biblioteca Joaquin Paredes Colin,negocio,111,18.466014,-97.393911,https://mitehuacan.mx/?ruta=cuayuca
3,Elaboracion Y Venta De Donas La Pecosita,negocio,112,18.462778,-97.388276,https://mitehuacan.mx/?ruta=cuayuca
3,Internado Rafael Ayala Y Ayala,negocio,112,18.469832,-97.387241,https://mitehuacan.mx/?ruta=cuayuca
3,Despacho Juridico,negocio,113,18.465954,-97.388283,https://mitehuacan.mx/?ruta=cuayuca
3,Panaderia Dulce Paraiso,negocio,113,18.476269,-97.392648,https://mitehuacan.mx/?ruta=cuayuca
3,Taller Mecanico Torno Industrial,negocio,113,18.462334,-97.388172,https://mitehuacan.mx/?ruta=cuayuca
3,Despacho Juridico Marin Y Asociados,negocio,114,18.462069,-97.38603,https://mitehuacan.mx/?ruta=cuayuca
3,Despacho Juridico Sin Nombre,negocio,114,18.465881,-97.390761,https://mitehuacan.mx/?ruta=cuayuca
3,Estacionamienton Y Pension De Autos Charlie Brown,negocio,114,18.464842,-97.390436,https://mitehuacan.mx/?ruta=cuayuca
3,Fierro Palacios Abogados,negocio,114,18.465881,-97.390856,https://mitehuacan.mx/?ruta=cuayuca
3,Ruta De Combis Tehuacan Altepexi,negocio,114,18.462991,-97.390421,https://mitehuacan.mx/?ruta=cuayuca
3,"Autobuses Tehuacan, Coxcatlan Teotitlan Sa De Cv",negocio,115,18.462893,-97.388182,https://mitehuacan.mx/?ruta=cuayuca
3,Panaderia Cami,negocio,115,18.457524,-97.387142,https://mitehuacan.mx/?ruta=cuayuca
3,Purificadoran Don Agustin,negocio,115,18.516379,-97.498425,https://mitehuacan.mx/?ruta=cuayuca
3,Taller De Radiadores Siena,negocio,115,18.461834,-97.386034,https://mitehuacan.mx/?ruta=cuayuca
3,Salon De Fiestas Olimpos,negocio,116,18.476777,-97.435813,https://mitehuacan.mx/?ruta=cuayuca
3,Mofles Andrade,negocio,117,18.465126,-97.385934,https://mitehuacan.mx/?ruta=cuayuca
3,Renta De Estructuras Metalicas Y Sonido Sin Nombre,negocio,118,18.479906,-97.44593,https://mitehuacan.mx/?ruta=cuayuca
3,Panificadora Panchita,negocio,119,18.476181,-97.433337,https://mitehuacan.mx/?ruta=cuayuca
3,Salon Jarros Recepciones Sociales,negocio,119,18.473273,-97.431073,https://mitehuacan.mx/?ruta=cuayuca
3,Ruta De Combis Los Arcos De Coculco Ajalpan Tehuacan,negocio,120,18.462993,-97.390483,https://mitehuacan.mx/?ruta=cuayuca
3,Ruta De Combis Tehuacan Teotitlan,negocio,120,18.463038,-97.390482,https://mitehuacan.mx/?ruta=cuayuca
3,Templo La Hermosa,negocio,120,18.549286,-97.488366,https://mitehuacan.mx/?ruta=cuayuca
3,Venta De Articulos De Fiesta Q Shulos,negocio,120,18.458654,-97.390644,https://mitehuacan.mx/?ruta=cuayuca
3,Agua Purificada Goforlife,negocio,122,18.461714,-97.38597,https://mitehuacan.mx/?ruta=cuayuca
3,Asociaciones Y Organizaciones Religiosas Sin Nombre,negocio,122,18.479283,-97.400032,https://mitehuacan.mx/?ruta=cuayuca
3,Tehuacan,negocio,122,18.465873,-97.392925,https://mitehuacan.mx/?ruta=cuayuca
3,Bodega De Gutipan,negocio,123,18.468269,-97.395127,https://mitehuacan.mx/?ruta=cuayuca
3,Bufette Juridico,negocio,124,18.464925,-97.390528,https://mitehuacan.mx/?ruta=cuayuca
3,Transportes Adelas,negocio,124,18.4597,-97.386001,https://mitehuacan.mx/?ruta=cuayuca
3,Alcoholicos Anonimos Union Y Fortaleza,negocio,126,18.457429,-97.387479,https://mitehuacan.mx/?ruta=cuayuca
3,Bufete Juridico Hernandez Y Asociados,negocio,127,18.478971,-97.399883,https://mitehuacan.mx/?ruta=cuayuca
3,Panaderia Y Pasteleria Mi Pan,negocio,127,18.464844,-97.390559,https://mitehuacan.mx/?ruta=cuayuca
3,Asesoria Juridica,negocio,128,18.457445,-97.38818,https://mitehuacan.mx/?ruta=cuayuca
3,Reposteria Besame Mucho,negocio,128,18.457444,-97.388124,https://mitehuacan.mx/?ruta=cuayuca
3,Capilla Del Señor De Tejalpa,negocio,129,18.477933,-97.442707,https://mitehuacan.mx/?ruta=cuayuca
3,Panificadora La Paz,negocio,129,18.4609,-97.390654,https://mitehuacan.mx/?ruta=cuayuca
3,Despacho De Abogados Sin Nombre,negocio,130,18.46733,-97.395225,https://mitehuacan.mx/?ruta=cuayuca
3,Conjunto Social Salon Y Jardin Vikingos,negocio,131,18.473426,-97.432159,https://mitehuacan.mx/?ruta=cuayuca
3,Iglesia Pentecostes Principe De Paz El Triunfo De La Fe,negocio,131,18.469094,-97.385872,https://mitehuacan.mx/?ruta=cuayuca
3,Purificadora Los Pinos,negocio,131,18.51343,-97.498083,https://mitehuacan.mx/?ruta=cuayuca
3,Gimnasio 100 Fitness,negocio,132,18.476958,-97.398612,https://mitehuacan.mx/?ruta=cuayuca
3,Iglesia Evangelica De Hermanos Congregados En El Nombre Del ,negocio,133,18.467065,-97.395256,https://mitehuacan.mx/?ruta=cuayuca
3,Taller Mecanico Teco,negocio,134,18.47026,-97.391274,https://mitehuacan.mx/?ruta=cuayuca
3,Complejo Cultural Del Carmen Y El Calvario,negocio,135,18.465796,-97.393913,https://mitehuacan.mx/?ruta=cuayuca
3,Direccion De Cultura,negocio,135,18.465796,-97.393913,https://mitehuacan.mx/?ruta=cuayuca
3,Direccion De Educacion,negocio,135,18.465796,-97.393913,https://mitehuacan.mx/?ruta=cuayuca
3,Museo Local Del Valle De Tehuacan,negocio,135,18.465796,-97.393913,https://mitehuacan.mx/?ruta=cuayuca
3,Cortona Floreria Boutique Oficina De Atencion A Clientes,negocio,136,18.465739,-97.392928,https://mitehuacan.mx/?ruta=cuayuca
3,Financiera Grameen Carso,negocio,136,18.465739,-97.392928,https://mitehuacan.mx/?ruta=cuayuca
3,Oficina De La Diocesis De Tehuacan,negocio,136,18.46193,-97.390665,https://mitehuacan.mx/?ruta=cuayuca
3,Estudio De Produccion Musical Ente Rec,negocio,137,18.465734,-97.393051,https://mitehuacan.mx/?ruta=cuayuca
3,Parroquia Del Sagrario Diocesano Templo De San Francisco De ,negocio,137,18.461976,-97.390666,https://mitehuacan.mx/?ruta=cuayuca
3,Purificadora De Agua Citlaltepec,negocio,137,18.457375,-97.388657,https://mitehuacan.mx/?ruta=cuayuca
3,Panaderia San Francisco,negocio,138,18.548409,-97.484516,https://mitehuacan.mx/?ruta=cuayuca
3,Sanitarios San Francisco,negocio,138,18.460448,-97.390749,https://mitehuacan.mx/?ruta=cuayuca
3,Baños El Nene,negocio,139,18.462859,-97.390654,https://mitehuacan.mx/?ruta=cuayuca
3,Presidencia Auxiliar Municipal De San Nicolas Tetitzintla,negocio,139,18.479059,-97.400081,https://mitehuacan.mx/?ruta=cuayuca
3,Renta Y Venta De Trajes De Etiqueta Cisnes,negocio,139,18.462859,-97.390654,https://mitehuacan.mx/?ruta=cuayuca
3,Unidad De Servicio Y Recuperacion Alcoholicos Anonimos,negocio,139,18.462859,-97.390654,https://mitehuacan.mx/?ruta=cuayuca
3,Salon Quinta El Magrigal,negocio,141,18.483813,-97.399847,https://mitehuacan.mx/?ruta=cuayuca
3,Diseñografico Limon,negocio,142,18.457404,-97.389842,https://mitehuacan.mx/?ruta=cuayuca
3,Purificadora De Agua Grandin,negocio,142,18.475114,-97.397522,https://mitehuacan.mx/?ruta=cuayuca
3,Panaderia Bolillo Dorado,negocio,144,18.465872,-97.385676,https://mitehuacan.mx/?ruta=cuayuca
3,Panaderia Sin Nombre,negocio,144,18.49165,-97.405879,https://mitehuacan.mx/?ruta=cuayuca
3,Red Ministerial Apostolica Iglesia Del Señor Lids,negocio,146,18.479203,-97.396973,https://mitehuacan.mx/?ruta=cuayuca
3,Panaderia Xadani,negocio,147,18.473598,-97.433444,https://mitehuacan.mx/?ruta=cuayuca
3,Arrendadora Silva,negocio,148,18.470302,-97.389683,https://mitehuacan.mx/?ruta=cuayuca
3,Iglesia La Luz Del Mundo,negocio,148,18.461392,-97.385732,https://mitehuacan.mx/?ruta=cuayuca
3,Panaderia Y Pasteleria Yoyma,negocio,148,18.510389,-97.493787,https://mitehuacan.mx/?ruta=cuayuca
3,Helados El Mejor Sabor De Tehuacan,nieves,1,18.544895,-97.49076,https://mitehuacan.mx/?ruta=cuayuca
3,Venta De Helado Y Paletas Sin Nombre,nieves,2,18.46035,-97.387139,https://mitehuacan.mx/?ruta=cuayuca
3,Paleteria Y Heladeria La Pequeña,nieves,7,18.548239,-97.48793,https://mitehuacan.mx/?ruta=cuayuca
3,Paleteria La Flor De Michoacan,nieves,10,18.464279,-97.386956,https://mitehuacan.mx/?ruta=cuayuca
3,Expendio De Bonice,nieves,16,18.45861,-97.38706,https://mitehuacan.mx/?ruta=cuayuca
3,Helados Don Sebastian,nieves,45,18.466566,-97.393031,https://mitehuacan.mx/?ruta=cuayuca
3,Helados Bambi,nieves,121,18.457546,-97.389414,https://mitehuacan.mx/?ruta=cuayuca
3,Choco Paletas,nieves,130,18.461061,-97.390667,https://mitehuacan.mx/?ruta=cuayuca
3,Paleteria La Michoacana,nieves,132,18.462857,-97.390588,https://mitehuacan.mx/?ruta=cuayuca
3,Papeleria Y Neveria La Michoacana,nieves,150,18.46244,-97.390763,https://mitehuacan.mx/?ruta=cuayuca
3,Notaria Publica No 6,notaría,111,18.465965,-97.392923,https://mitehuacan.mx/?ruta=cuayuca
3,Estafeta Mexicana,paquetería,2,18.468102,-97.393987,https://mitehuacan.mx/?ruta=cuayuca
3,Scm Operaciones Pba,paquetería,4,18.466866,-97.390551,https://mitehuacan.mx/?ruta=cuayuca
3,Estafeta,paquetería,11,18.469991,-97.392819,https://mitehuacan.mx/?ruta=cuayuca
3,Paqueteria Redpack,paquetería,11,18.469991,-97.392819,https://mitehuacan.mx/?ruta=cuayuca
3,Transportes Logist Express,paquetería,17,18.482587,-97.448714,https://mitehuacan.mx/?ruta=cuayuca
3,Fedex,paquetería,45,18.459007,-97.38828,https://mitehuacan.mx/?ruta=cuayuca
3,Paqueteria Tres Guerras,paquetería,80,18.462842,-97.386338,https://mitehuacan.mx/?ruta=cuayuca
3,Estafeta Mexicana,paquetería,110,18.47623,-97.433871,https://mitehuacan.mx/?ruta=cuayuca
3,Parque Monumento a la Madre,parque,4,18.470814,-97.394084,https://mitehuacan.mx/?ruta=cuayuca
3,Parque de la Identidad Tehuacan,parque,42,18.47409,-97.428183,https://mitehuacan.mx/?ruta=cuayuca
3,Parque Ecológico,parque,79,18.466286,-97.393494,https://mitehuacan.mx/?ruta=cuayuca
3,Rotonda de la Flores Magon,parque,114,18.461466,-97.386051,https://mitehuacan.mx/?ruta=cuayuca
3,Parque de San NIcolas Tetitzintla,parque,145,18.479401,-97.400371,https://mitehuacan.mx/?ruta=cuayuca
3,Tienda De Chacharas Sin Nombre,perfumería,1,18.463594,-97.387062,https://mitehuacan.mx/?ruta=cuayuca
3,Perfumeria Y Regalos Paty,perfumería,2,18.543668,-97.491166,https://mitehuacan.mx/?ruta=cuayuca
3,Oficina Administrativa Oriflame Cosmetico Natural Sueco,perfumería,3,18.459469,-97.387159,https://mitehuacan.mx/?ruta=cuayuca
3,Venta De Cosmeticos Y Accesorios,perfumería,3,18.460278,-97.389477,https://mitehuacan.mx/?ruta=cuayuca
3,Novedades Karina,perfumería,4,18.461799,-97.389342,https://mitehuacan.mx/?ruta=cuayuca
3,Distribuidora De Tintes Kulver,perfumería,8,18.459924,-97.389378,https://mitehuacan.mx/?ruta=cuayuca
3,Oficina De Jafra,perfumería,9,18.461311,-97.389346,https://mitehuacan.mx/?ruta=cuayuca
3,Venta De Cosmeticos Despacho 8 Sin Nombre,perfumería,9,18.461293,-97.389346,https://mitehuacan.mx/?ruta=cuayuca
3,Tienda De Perfumes Y Esencias Inspiracion,perfumería,12,18.462717,-97.389454,https://mitehuacan.mx/?ruta=cuayuca
3,Compra Venta De Productos De Belleza Y Barberias Distribuido,perfumería,31,18.458623,-97.389801,https://mitehuacan.mx/?ruta=cuayuca
3,Nails Cosmetics Tehuacan,perfumería,37,18.46491,-97.389703,https://mitehuacan.mx/?ruta=cuayuca
3,Venta De Accesorios Para Uñas Y Cosmeticos Georgia,perfumería,51,18.461555,-97.388943,https://mitehuacan.mx/?ruta=cuayuca
3,Bodega De Articulos De Belleza Kaprich,perfumería,91,18.461501,-97.390292,https://mitehuacan.mx/?ruta=cuayuca
3,Bodega De Articulos Para Belleza Kaprich,perfumería,91,18.461501,-97.390292,https://mitehuacan.mx/?ruta=cuayuca
3,Bodega De Kaprich,perfumería,91,18.461501,-97.390292,https://mitehuacan.mx/?ruta=cuayuca
3,Productos De Belleza Sin Nombre,perfumería,91,18.461501,-97.390292,https://mitehuacan.mx/?ruta=cuayuca
3,Venta De Material Para Uñas Sin Nombre,perfumería,93,18.465883,-97.39023,https://mitehuacan.mx/?ruta=cuayuca
3,Venta De Accesorios Para Uñas May Mendoza,perfumería,117,18.459996,-97.386063,https://mitehuacan.mx/?ruta=cuayuca
3,Oficina De Mary Kay,perfumería,130,18.465753,-97.391695,https://mitehuacan.mx/?ruta=cuayuca
3,Cosmeticos Accesorios Y Algo Mas Buva,perfumería,131,18.461686,-97.390664,https://mitehuacan.mx/?ruta=cuayuca
3,Articulos Para Velleza Estilos,perfumería,139,18.462859,-97.390654,https://mitehuacan.mx/?ruta=cuayuca
3,Bodega De Articulos De Belleza Circulo B,perfumería,139,18.462859,-97.390654,https://mitehuacan.mx/?ruta=cuayuca
3,Tienda De Articulos De Belleza Circulo B,perfumería,139,18.462859,-97.390654,https://mitehuacan.mx/?ruta=cuayuca
3,Tienda De Articulos De Belleza Karina,perfumería,150,18.461929,-97.390799,https://mitehuacan.mx/?ruta=cuayuca
3,Plaza Kristal Tehuacán,plaza,130,18.462826,-97.390568,https://mitehuacan.mx/?ruta=cuayuca
3,Patsa Pollo De Tehuacan,pollería,1,18.475093,-97.39599,https://mitehuacan.mx/?ruta=cuayuca
3,Polleria Lulu,pollería,1,18.469014,-97.390893,https://mitehuacan.mx/?ruta=cuayuca
3,Polleria Lupita,pollería,2,18.546305,-97.490342,https://mitehuacan.mx/?ruta=cuayuca
3,Polleria Sagat,pollería,3,18.46621,-97.389384,https://mitehuacan.mx/?ruta=cuayuca
3,Polleria La Paz,pollería,4,18.464418,-97.389399,https://mitehuacan.mx/?ruta=cuayuca
3,Polleria Los Cheques,pollería,4,18.548303,-97.489618,https://mitehuacan.mx/?ruta=cuayuca
3,Abastecedora De Pollo La Granjita,pollería,5,18.458614,-97.387448,https://mitehuacan.mx/?ruta=cuayuca
3,Crudi- Pollo,pollería,7,18.548234,-97.487854,https://mitehuacan.mx/?ruta=cuayuca
3,Polleria Sin Nombre,pollería,9,18.514344,-97.497425,https://mitehuacan.mx/?ruta=cuayuca
3,Polleria Sin Nombre,pollería,9,18.513892,-97.496755,https://mitehuacan.mx/?ruta=cuayuca
3,Distribuidora Avicola Caballero,pollería,11,18.458547,-97.38952,https://mitehuacan.mx/?ruta=cuayuca
3,Polleria Juquilita,pollería,11,18.470488,-97.392805,https://mitehuacan.mx/?ruta=cuayuca
3,Polleria Lety,pollería,13,18.51133,-97.49253,https://mitehuacan.mx/?ruta=cuayuca
3,Polleria Angel,pollería,14,18.468921,-97.391296,https://mitehuacan.mx/?ruta=cuayuca
3,Carniceria Y Polleria Maribel,pollería,18,18.471304,-97.392714,https://mitehuacan.mx/?ruta=cuayuca
3,Polleria Bon Chicken,pollería,18,18.471304,-97.392714,https://mitehuacan.mx/?ruta=cuayuca
3,Polleria Bonchiken,pollería,18,18.471304,-97.392714,https://mitehuacan.mx/?ruta=cuayuca
3,Polleria Carmelita,pollería,18,18.471304,-97.392714,https://mitehuacan.mx/?ruta=cuayuca
3,Polleria Delgado,pollería,18,18.471304,-97.392714,https://mitehuacan.mx/?ruta=cuayuca
3,Polleria Martita,pollería,18,18.471304,-97.392714,https://mitehuacan.mx/?ruta=cuayuca
3,Polleria Rosy,pollería,18,18.471304,-97.392714,https://mitehuacan.mx/?ruta=cuayuca
3,Polleria Sin Nombre,pollería,18,18.471304,-97.392714,https://mitehuacan.mx/?ruta=cuayuca
3,Polleria Lupita,pollería,20,18.547496,-97.486291,https://mitehuacan.mx/?ruta=cuayuca
3,Paso De Anden Cedis Tehuacan,pollería,21,18.503515,-97.48137,https://mitehuacan.mx/?ruta=cuayuca
3,Polleria Cristo,pollería,28,18.547598,-97.486763,https://mitehuacan.mx/?ruta=cuayuca
3,Polleria Crudi Pollo,pollería,51,18.462954,-97.389826,https://mitehuacan.mx/?ruta=cuayuca
3,Polleria El Shaddai,pollería,56,18.470288,-97.392378,https://mitehuacan.mx/?ruta=cuayuca
3,Polleria Hernandez,pollería,64,18.548846,-97.489634,https://mitehuacan.mx/?ruta=cuayuca
3,Venta De Pollo Gold Chicken,pollería,82,18.467672,-97.391317,https://mitehuacan.mx/?ruta=cuayuca
3,Polleria La Union,pollería,87,18.548809,-97.485062,https://mitehuacan.mx/?ruta=cuayuca
3,Polleria Vale,pollería,103,18.549197,-97.489539,https://mitehuacan.mx/?ruta=cuayuca
3,Compra Venta De Pollo Fresco,pollería,105,18.465962,-97.390645,https://mitehuacan.mx/?ruta=cuayuca
3,Venta De Pollo Fresco Sin Nombre,pollería,107,18.460819,-97.388162,https://mitehuacan.mx/?ruta=cuayuca
3,Pollos San Pedro,pollería,109,18.458472,-97.386182,https://mitehuacan.mx/?ruta=cuayuca
3,Venta De Pollo Fresco Sin Nombre,pollería,118,18.460825,-97.388323,https://mitehuacan.mx/?ruta=cuayuca
3,Venta De Pollo Sin Nombre,pollería,118,18.48487,-97.403264,https://mitehuacan.mx/?ruta=cuayuca
3,Polleria Yankis,pollería,122,18.54737,-97.484882,https://mitehuacan.mx/?ruta=cuayuca
3,Distribuidora De Pollos San Jorge,pollería,130,18.458466,-97.385983,https://mitehuacan.mx/?ruta=cuayuca
3,Polleria Lupita,pollería,130,18.54934,-97.484968,https://mitehuacan.mx/?ruta=cuayuca
3,Venta De Pollo San Pedro,pollería,145,18.458462,-97.385841,https://mitehuacan.mx/?ruta=cuayuca
3,Polleria Golden,pollería,148,18.473607,-97.43352,https://mitehuacan.mx/?ruta=cuayuca
3,Polleria Mary,pollería,148,18.478631,-97.396575,https://mitehuacan.mx/?ruta=cuayuca
3,Venta De Pollo Sin Nombre,pollería,149,18.49019,-97.40693,https://mitehuacan.mx/?ruta=cuayuca
3,Sabia Multimedios,publicidad,133,18.46577,-97.39305,https://mitehuacan.mx/?ruta=cuayuca
3,Pension De Camiones De Carga Peñafiel,purificadora,1,18.478636,-97.421768,https://mitehuacan.mx/?ruta=cuayuca
3,Deposito Tehuacan,purificadora,9,18.477602,-97.397455,https://mitehuacan.mx/?ruta=cuayuca
3,Venta De Dulces Sin Nombre,purificadora,9,18.461256,-97.389345,https://mitehuacan.mx/?ruta=cuayuca
3,Venta De Refrescos Sin Nombre,purificadora,9,18.515622,-97.499349,https://mitehuacan.mx/?ruta=cuayuca
3,Embotelladora Aga De Mexico,purificadora,13,18.493252,-97.465435,https://mitehuacan.mx/?ruta=cuayuca
3,Peñafiel Bebidas,purificadora,14,18.48238,-97.400718,https://mitehuacan.mx/?ruta=cuayuca
3,Venta Refrescos Sin Nombre,purificadora,50,18.461575,-97.388942,https://mitehuacan.mx/?ruta=cuayuca
3,Embotelladora Aga De Mexico,purificadora,67,18.475205,-97.436705,https://mitehuacan.mx/?ruta=cuayuca
3,Venta De Agua De Garrafon Y Refrescos Sin Nombre,purificadora,76,18.463978,-97.38778,https://mitehuacan.mx/?ruta=cuayuca
3,Compra Venta De Jugos Refrescos Y Dulces Ponce,purificadora,90,18.462968,-97.390195,https://mitehuacan.mx/?ruta=cuayuca
3,Miscelanea Bety,purificadora,91,18.471308,-97.392021,https://mitehuacan.mx/?ruta=cuayuca
3,Venta De Refrescos,purificadora,92,18.472981,-97.428787,https://mitehuacan.mx/?ruta=cuayuca
3,Tienda De Refrescos La China,purificadora,113,18.463055,-97.390421,https://mitehuacan.mx/?ruta=cuayuca
3,Distribuidora Y Productora Blanco,purificadora,122,18.475209,-97.391576,https://mitehuacan.mx/?ruta=cuayuca
3,Deposito De Agua Sin Nombre,purificadora,132,18.465873,-97.38579,https://mitehuacan.mx/?ruta=cuayuca
3,Papeleria Miky,regalos,0,18.468917,-97.388809,https://mitehuacan.mx/?ruta=cuayuca
3,Fastacias Y Regalos Anime History,regalos,1,18.458744,-97.389497,https://mitehuacan.mx/?ruta=cuayuca
3,Novedades Da,regalos,1,18.54794,-97.489885,https://mitehuacan.mx/?ruta=cuayuca
3,Venta De Accesorios Varios Centro Mayorista,regalos,2,18.46265,-97.389321,https://mitehuacan.mx/?ruta=cuayuca
3,Venta De Regalos Popy,regalos,2,18.467203,-97.394014,https://mitehuacan.mx/?ruta=cuayuca
3,Tienda De Regalos Fulanitos,regalos,3,18.467298,-97.387097,https://mitehuacan.mx/?ruta=cuayuca
3,Compra De Articulos Para Fiestas Party Sofi,regalos,4,18.463724,-97.389418,https://mitehuacan.mx/?ruta=cuayuca
3,Novedades Sin Nombre,regalos,4,18.461396,-97.389466,https://mitehuacan.mx/?ruta=cuayuca
3,Novedades Zazu,regalos,5,18.458629,-97.387685,https://mitehuacan.mx/?ruta=cuayuca
3,Novedades Bodega De Mayoreo,regalos,6,18.461658,-97.389463,https://mitehuacan.mx/?ruta=cuayuca
3,Novedades Sin Nombre,regalos,6,18.458653,-97.388044,https://mitehuacan.mx/?ruta=cuayuca
3,Tienda De Productos Para Decoraciones Sofi Fiestas,regalos,6,18.467067,-97.393833,https://mitehuacan.mx/?ruta=cuayuca
3,Venta De Articulos Para Fiesta Pa La Pachanga,regalos,6,18.458652,-97.388016,https://mitehuacan.mx/?ruta=cuayuca
3,Novedades Lety,regalos,7,18.517369,-97.501937,https://mitehuacan.mx/?ruta=cuayuca
3,Venta De Novedades Relojeria Cano,regalos,7,18.461731,-97.389463,https://mitehuacan.mx/?ruta=cuayuca
3,Novedades Valeria,regalos,8,18.460116,-97.389376,https://mitehuacan.mx/?ruta=cuayuca
3,Gran Plaza Comercial Los Barateros,regalos,9,18.45957,-97.389382,https://mitehuacan.mx/?ruta=cuayuca
3,Regalo Magico Tehuacan,regalos,9,18.461274,-97.389346,https://mitehuacan.mx/?ruta=cuayuca
3,Venta De Juguetes Regalos Y Articulos De Toda Temporada Sono,regalos,9,18.46122,-97.389344,https://mitehuacan.mx/?ruta=cuayuca
3,Novedades Alis,regalos,11,18.462011,-97.38946,https://mitehuacan.mx/?ruta=cuayuca
3,Novedades Luchy,regalos,11,18.470488,-97.392805,https://mitehuacan.mx/?ruta=cuayuca
3,Novedades Y Regalos,regalos,11,18.51166,-97.493424,https://mitehuacan.mx/?ruta=cuayuca
3,Novedades Angel,regalos,12,18.458849,-97.389391,https://mitehuacan.mx/?ruta=cuayuca
3,Venta De Articulos De Temporada Sin Nombre,regalos,12,18.458759,-97.389392,https://mitehuacan.mx/?ruta=cuayuca
3,Tienda De Regalos El Pincelin,regalos,14,18.548542,-97.485699,https://mitehuacan.mx/?ruta=cuayuca
3,Detalles Y Regalos Chemms,regalos,19,18.46922,-97.391292,https://mitehuacan.mx/?ruta=cuayuca
3,Novedades Jireh,regalos,22,18.479728,-97.399203,https://mitehuacan.mx/?ruta=cuayuca
3,Novedades Valeria,regalos,23,18.458381,-97.387106,https://mitehuacan.mx/?ruta=cuayuca
3,Peluches Y Regalos Aylen,regalos,25,18.54737,-97.485974,https://mitehuacan.mx/?ruta=cuayuca
3,Tienda De Articulos Para Fiesta Deseo Globos,regalos,26,18.464908,-97.389599,https://mitehuacan.mx/?ruta=cuayuca
3,Regalos El Desvan,regalos,28,18.460797,-97.387413,https://mitehuacan.mx/?ruta=cuayuca
3,Tienda De Novedades Tula,regalos,29,18.468678,-97.389265,https://mitehuacan.mx/?ruta=cuayuca
3,Venta De Articulos De Temporada Sin Nombre,regalos,29,18.461558,-97.389152,https://mitehuacan.mx/?ruta=cuayuca
3,Novedades Luisa,regalos,31,18.483854,-97.45117,https://mitehuacan.mx/?ruta=cuayuca
3,Novedades Sin Nombre,regalos,31,18.458501,-97.386921,https://mitehuacan.mx/?ruta=cuayuca
3,Novedades Jame,regalos,34,18.54515,-97.491004,https://mitehuacan.mx/?ruta=cuayuca
3,Venta De Accesorios Electronicos Importaciones Marin,regalos,36,18.458733,-97.389845,https://mitehuacan.mx/?ruta=cuayuca
3,Gran Plaza Comercial Los Barateros,regalos,46,18.458628,-97.389943,https://mitehuacan.mx/?ruta=cuayuca
3,Centro Comercial Los Barateros,regalos,58,18.458631,-97.390057,https://mitehuacan.mx/?ruta=cuayuca
3,Venta De Chucherias Bazar,regalos,58,18.47168,-97.392323,https://mitehuacan.mx/?ruta=cuayuca
3,Tienda De Globos Globimagic,regalos,67,18.464834,-97.38999,https://mitehuacan.mx/?ruta=cuayuca
3,Bonetria Y Novedades My Pink House,regalos,77,18.460745,-97.388706,https://mitehuacan.mx/?ruta=cuayuca
3,Novedades Y Promociones Aylin,regalos,83,18.548221,-97.485078,https://mitehuacan.mx/?ruta=cuayuca
3,Novedades Bolaños,regalos,85,18.462843,-97.390143,https://mitehuacan.mx/?ruta=cuayuca
3,Novedades Miguelin,regalos,88,18.462784,-97.388503,https://mitehuacan.mx/?ruta=cuayuca
3,Creaciones Cecy,regalos,90,18.548854,-97.485055,https://mitehuacan.mx/?ruta=cuayuca
3,Novedades Y Dulces Fany,regalos,90,18.47029,-97.392055,https://mitehuacan.mx/?ruta=cuayuca
3,Bodega De Tienda De Novedades Y Accesorios Buva,regalos,91,18.461501,-97.390292,https://mitehuacan.mx/?ruta=cuayuca
3,Tienda De Accesorios Buva Mayoristas,regalos,91,18.461501,-97.390292,https://mitehuacan.mx/?ruta=cuayuca
3,Novedades Make Up Store,regalos,97,18.461582,-97.390346,https://mitehuacan.mx/?ruta=cuayuca
3,Venta De Regalos Y Abarrotes,regalos,100,18.510763,-97.493557,https://mitehuacan.mx/?ruta=cuayuca
3,Compra Venta De Articulos Para Fiestas Divertiglobo,regalos,101,18.457731,-97.389527,https://mitehuacan.mx/?ruta=cuayuca
3,Tienda De Accesorios Lovely,regalos,107,18.464867,-97.388338,https://mitehuacan.mx/?ruta=cuayuca
3,Regalis,regalos,108,18.472009,-97.395753,https://mitehuacan.mx/?ruta=cuayuca
3,Tienda De Regalos Party Mix,regalos,109,18.462974,-97.390375,https://mitehuacan.mx/?ruta=cuayuca
3,Distribuidora Lalo,regalos,110,18.461584,-97.39047,https://mitehuacan.mx/?ruta=cuayuca
3,Tienda De Regalos Sin Nombre,regalos,113,18.467893,-97.38936,https://mitehuacan.mx/?ruta=cuayuca
3,La Casita,regalos,114,18.465881,-97.390799,https://mitehuacan.mx/?ruta=cuayuca
3,Nayes Shop,regalos,119,18.510704,-97.493777,https://mitehuacan.mx/?ruta=cuayuca
3,Accesorios Y Novedades Tino,regalos,124,18.460284,-97.385992,https://mitehuacan.mx/?ruta=cuayuca
3,Novedades Angelito,regalos,125,18.459214,-97.390668,https://mitehuacan.mx/?ruta=cuayuca
3,Novedades Sin Nombre,regalos,127,18.459676,-97.390666,https://mitehuacan.mx/?ruta=cuayuca
3,Jugueteria Smiles,regalos,128,18.459975,-97.390664,https://mitehuacan.mx/?ruta=cuayuca
3,Articulos Y Novedades Vero,regalos,129,18.460346,-97.390664,https://mitehuacan.mx/?ruta=cuayuca
3,Jugueteria Y Novedades Angelito,regalos,129,18.460527,-97.390664,https://mitehuacan.mx/?ruta=cuayuca
3,Electronica Y Novedades Memin,regalos,130,18.461586,-97.390659,https://mitehuacan.mx/?ruta=cuayuca
3,Ar Siempre A La Moda Ropa Papelera Y Regalos,regalos,131,18.512758,-97.497069,https://mitehuacan.mx/?ruta=cuayuca
3,Venta De Regalos Sin Nombre,regalos,136,18.470294,-97.391619,https://mitehuacan.mx/?ruta=cuayuca
3,Almacen De Central De Mayoreo,regalos,139,18.462859,-97.390654,https://mitehuacan.mx/?ruta=cuayuca
3,Impresiones Mundo Grafico,rótulos,108,18.472011,-97.391848,https://mitehuacan.mx/?ruta=cuayuca
3,Anuncios Expression,rótulos,137,18.457371,-97.388468,https://mitehuacan.mx/?ruta=cuayuca
3,Ace Corp,salud,31,18.468763,-97.391299,https://mitehuacan.mx/?ruta=cuayuca
3,Herbalife,servicio,1,18.470218,-97.393927,https://mitehuacan.mx/?ruta=cuayuca
3,Servicio De Fletes,servicio,2,18.477212,-97.42412,https://mitehuacan.mx/?ruta=cuayuca
3,Asociacion Ganadera Local De Tehuacan,servicio,3,18.475223,-97.393635,https://mitehuacan.mx/?ruta=cuayuca
3,Desarrollo Logistico,servicio,3,18.474601,-97.395749,https://mitehuacan.mx/?ruta=cuayuca
3,Gruas Guadalupe,servicio,4,18.458576,-97.388465,https://mitehuacan.mx/?ruta=cuayuca
3,Lectura Del Tarot Osiris,servicio,5,18.462819,-97.389289,https://mitehuacan.mx/?ruta=cuayuca
3,Terminal De Autobuses Tehuacan Cuayucatepec,servicio,6,18.458655,-97.388073,https://mitehuacan.mx/?ruta=cuayuca
3,Servicios De Mantenimiento Oriente Sa De Cv,servicio,7,18.458675,-97.388452,https://mitehuacan.mx/?ruta=cuayuca
3,Floreria Arlet,servicio,8,18.46702,-97.39208,https://mitehuacan.mx/?ruta=cuayuca
3,Gruas Y Asistencias Aizama,servicio,8,18.475848,-97.436109,https://mitehuacan.mx/?ruta=cuayuca
3,Servicios De Mantenimiento Oriente,servicio,8,18.458696,-97.388804,https://mitehuacan.mx/?ruta=cuayuca
3,Caseta Telefonica Globalfom,servicio,10,18.460921,-97.389337,https://mitehuacan.mx/?ruta=cuayuca
3,Establecimiento Auxiliar De Abarrotera El Gallo,servicio,10,18.461013,-97.387044,https://mitehuacan.mx/?ruta=cuayuca
3,Estetica Canina Tac-Movil,servicio,10,18.459657,-97.387087,https://mitehuacan.mx/?ruta=cuayuca
3,Oficina De Apoyo De Alimentos Pecuarios,servicio,10,18.461574,-97.387033,https://mitehuacan.mx/?ruta=cuayuca
3,Fi Espacios,servicio,11,18.468954,-97.393843,https://mitehuacan.mx/?ruta=cuayuca
3,Inmobiliaria Fi Habitat,servicio,11,18.468918,-97.393844,https://mitehuacan.mx/?ruta=cuayuca
3,Megacable Cis Montecarlo,servicio,11,18.469991,-97.392819,https://mitehuacan.mx/?ruta=cuayuca
3,Avicola Y Porcicola Industrial,servicio,12,18.467916,-97.386955,https://mitehuacan.mx/?ruta=cuayuca
3,Comercializadora De Bebidas,servicio,12,18.483068,-97.400814,https://mitehuacan.mx/?ruta=cuayuca
3,Centro De Regularizacion Escolar Club De Aprendizaje Las Let,servicio,13,18.468823,-97.389264,https://mitehuacan.mx/?ruta=cuayuca
3,Nutek Oficinas Administrativas,servicio,15,18.468536,-97.386937,https://mitehuacan.mx/?ruta=cuayuca
3,Corralon Gruas Garcia,servicio,17,18.483455,-97.450209,https://mitehuacan.mx/?ruta=cuayuca
3,Sala De Juntas Ala Norte,servicio,18,18.471304,-97.392714,https://mitehuacan.mx/?ruta=cuayuca
3,Logistica Y Construccion,servicio,21,18.47524,-97.3963,https://mitehuacan.mx/?ruta=cuayuca
3,Megacable,servicio,26,18.462856,-97.386847,https://mitehuacan.mx/?ruta=cuayuca
3,Laboratorio De Biologia,servicio,42,18.469162,-97.386934,https://mitehuacan.mx/?ruta=cuayuca
3,Laboratorio De Comunicaciones,servicio,50,18.466481,-97.391433,https://mitehuacan.mx/?ruta=cuayuca
3,Fumigaciones Sin Nombre,servicio,54,18.464815,-97.388843,https://mitehuacan.mx/?ruta=cuayuca
3,Hc Construcciones,servicio,54,18.468607,-97.39344,https://mitehuacan.mx/?ruta=cuayuca
3,Lectura De Cartas Adivinatorias Hermanos De La Salud,servicio,55,18.458073,-97.387119,https://mitehuacan.mx/?ruta=cuayuca
3,Camara Nacional De La Industria De Transformacion Delegacion,servicio,56,18.466463,-97.39291,https://mitehuacan.mx/?ruta=cuayuca
3,Camara Nacional De La Industria Del Vestido De Tehuacan,servicio,56,18.466463,-97.39291,https://mitehuacan.mx/?ruta=cuayuca
3,Inmobiliaria Casa Nueva,servicio,62,18.468606,-97.393364,https://mitehuacan.mx/?ruta=cuayuca
3,Servicio Panamericano De Proteccion,servicio,66,18.474384,-97.392163,https://mitehuacan.mx/?ruta=cuayuca
3,Oficinas Administrativas De Telmex,servicio,68,18.462763,-97.387736,https://mitehuacan.mx/?ruta=cuayuca
3,Instituto De Nivelacion Academica,servicio,73,18.468444,-97.392851,https://mitehuacan.mx/?ruta=cuayuca
3,Servicio De Ingenieria Nidilexa,servicio,74,18.468271,-97.389267,https://mitehuacan.mx/?ruta=cuayuca
3,Asesoria A Derecho Habientes Mejoravit,servicio,77,18.464835,-97.390085,https://mitehuacan.mx/?ruta=cuayuca
3,Health & Beauty,servicio,82,18.469633,-97.394715,https://mitehuacan.mx/?ruta=cuayuca
3,Renta De Inflables Y Rockolas,servicio,90,18.462968,-97.390195,https://mitehuacan.mx/?ruta=cuayuca
3,Casa De Oracion De La Muerte,servicio,92,18.490337,-97.403981,https://mitehuacan.mx/?ruta=cuayuca
3,Servicio De Asesoria De Seguridad E Higiene,servicio,99,18.467766,-97.389361,https://mitehuacan.mx/?ruta=cuayuca
3,Venta De Caracoles,servicio,100,18.473058,-97.429401,https://mitehuacan.mx/?ruta=cuayuca
3,Alternativas Psicopedagogicas Apsy,servicio,112,18.471933,-97.391809,https://mitehuacan.mx/?ruta=cuayuca
3,Ia Ibr Arquitectura,servicio,131,18.467521,-97.395223,https://mitehuacan.mx/?ruta=cuayuca
3,Caseta Telefonica Enlase,servicio,136,18.457357,-97.387889,https://mitehuacan.mx/?ruta=cuayuca
3,Servicios De Arqitectura Y Planeacion De Edificaciones Resid,servicio,136,18.457362,-97.388088,https://mitehuacan.mx/?ruta=cuayuca
3,Sitarteh Soluciones Industriales,servicio,139,18.470297,-97.39122,https://mitehuacan.mx/?ruta=cuayuca
3,Cometra Servicios Integrales,servicio,147,18.463603,-97.385678,https://mitehuacan.mx/?ruta=cuayuca
3,Cometra,servicio,149,18.463603,-97.385655,https://mitehuacan.mx/?ruta=cuayuca
3,Pozo Cuayucatepec 2,servicio de agua,1,18.541381,-97.492,https://mitehuacan.mx/?ruta=cuayuca
3,Autotransportes De Pasaje Tepeteopan,terminal,22,18.458362,-97.387182,https://mitehuacan.mx/?ruta=cuayuca
3,Ruta De Combis Tehuacan Tlaxiaco,terminal,44,18.458247,-97.389523,https://mitehuacan.mx/?ruta=cuayuca
3,Terminal AU Valles,terminal,51,18.459072,-97.388441,https://mitehuacan.mx/?ruta=cuayuca
3,Ignacio Salvador,terminal,52,18.458492,-97.386721,https://mitehuacan.mx/?ruta=cuayuca
3,Autobuses Tres Estrellas De Tehuacan,terminal,78,18.49028,-97.404098,https://mitehuacan.mx/?ruta=cuayuca
3,Consencionarios De La Ruta C Naranja,terminal,84,18.469065,-97.386331,https://mitehuacan.mx/?ruta=cuayuca
3,Transportadora Turistica Yucunitza,terminal,90,18.462968,-97.390195,https://mitehuacan.mx/?ruta=cuayuca
3,Base De La Ruta Santa Ana Teloxtoc,terminal,92,18.458184,-97.390239,https://mitehuacan.mx/?ruta=cuayuca
3,Ruta La Asuncion Tehuacan Azumbilla,terminal,113,18.463028,-97.390421,https://mitehuacan.mx/?ruta=cuayuca
3,Autotransportes De La Mixteca,terminal,127,18.457435,-97.387726,https://mitehuacan.mx/?ruta=cuayuca
3,Zinacatepec-Libram-Tehuacan Zt,terminal,132,18.462976,-97.390594,https://mitehuacan.mx/?ruta=cuayuca
3,Sociedad Transporte San Simon Tlacuilotepec,terminal,142,18.457833,-97.386098,https://mitehuacan.mx/?ruta=cuayuca
3,Bazar Sin Nombre,tienda,0,18.46231,-97.387102,https://mitehuacan.mx/?ruta=cuayuca
3,Pasteleria La Tradicional,tienda,0,18.46335,-97.387075,https://mitehuacan.mx/?ruta=cuayuca
3,Plasticos Lupita,tienda,0,18.458907,-97.389494,https://mitehuacan.mx/?ruta=cuayuca
3,Tiendas Tres B,tienda,0,18.470403,-97.392905,https://mitehuacan.mx/?ruta=cuayuca
3,Venta De Ropa Americana,tienda,0,18.463097,-97.387086,https://mitehuacan.mx/?ruta=cuayuca
3,Automotriz Nova Compra Venta De Autos,tienda,1,18.488586,-97.405478,https://mitehuacan.mx/?ruta=cuayuca
3,Bazar La China,tienda,1,18.490045,-97.40481,https://mitehuacan.mx/?ruta=cuayuca
3,Cafe Gano Excel,tienda,1,18.463594,-97.387062,https://mitehuacan.mx/?ruta=cuayuca
3,Chevrolet Montoto Tehuacan,tienda,1,18.47802,-97.422928,https://mitehuacan.mx/?ruta=cuayuca
3,Chirey Tehuacan,tienda,1,18.478052,-97.422877,https://mitehuacan.mx/?ruta=cuayuca
3,Global Gas,tienda,1,18.486352,-97.40287,https://mitehuacan.mx/?ruta=cuayuca
3,Interceramic,tienda,1,18.477604,-97.423559,https://mitehuacan.mx/?ruta=cuayuca
3,Jac Store Tehuacan,tienda,1,18.474655,-97.428032,https://mitehuacan.mx/?ruta=cuayuca
3,Kia Manantial,tienda,1,18.478148,-97.422737,https://mitehuacan.mx/?ruta=cuayuca
3,Modas Ericos,tienda,1,18.458852,-97.389495,https://mitehuacan.mx/?ruta=cuayuca
3,Montoto Automotriz,tienda,1,18.477648,-97.423495,https://mitehuacan.mx/?ruta=cuayuca
3,Panaderia Guti-Pan,tienda,1,18.548158,-97.487191,https://mitehuacan.mx/?ruta=cuayuca
3,Pasteleria La Princesa,tienda,1,18.458807,-97.389496,https://mitehuacan.mx/?ruta=cuayuca
3,Pasteles Jerusalen,tienda,1,18.489803,-97.40467,https://mitehuacan.mx/?ruta=cuayuca
3,Pomos Y Chelas,tienda,1,18.489803,-97.40467,https://mitehuacan.mx/?ruta=cuayuca
3,Productos De Limpieza Dogo,tienda,1,18.469031,-97.391242,https://mitehuacan.mx/?ruta=cuayuca
3,Refaccionaria El Piston 2,tienda,1,18.490223,-97.404914,https://mitehuacan.mx/?ruta=cuayuca
3,Tienda De De Colchas Concord,tienda,1,18.46373,-97.387055,https://mitehuacan.mx/?ruta=cuayuca
3,Venta De Especies Sin Nombre,tienda,1,18.544447,-97.490908,https://mitehuacan.mx/?ruta=cuayuca
3,Venta De Pan Sin Nombre,tienda,1,18.458753,-97.389497,https://mitehuacan.mx/?ruta=cuayuca
3,Venta De Ropa Sin Nombre,tienda,1,18.463522,-97.387066,https://mitehuacan.mx/?ruta=cuayuca
3,650191 Neto Tehuacan 5 Sur,tienda,2,18.459564,-97.389484,https://mitehuacan.mx/?ruta=cuayuca
3,Carniceria Trujillo,tienda,2,18.548345,-97.487121,https://mitehuacan.mx/?ruta=cuayuca
3,Chiles Secos Y Semillas San Juditas Ii,tienda,2,18.5482,-97.489809,https://mitehuacan.mx/?ruta=cuayuca
3,Distribuidora De Polister,tienda,2,18.474581,-97.431958,https://mitehuacan.mx/?ruta=cuayuca
3,Distribuidora Independiente De Cafe Gano Excel,tienda,2,18.464109,-97.387034,https://mitehuacan.mx/?ruta=cuayuca
3,Gruppo Medico Adrian Guzman,tienda,2,18.462324,-97.389329,https://mitehuacan.mx/?ruta=cuayuca
3,Interceramic Tehuacan,tienda,2,18.477353,-97.423918,https://mitehuacan.mx/?ruta=cuayuca
3,Pinturas Berel De Tehuacan,tienda,2,18.464625,-97.387026,https://mitehuacan.mx/?ruta=cuayuca
3,Pinturas Y Tlapaleria,tienda,2,18.462731,-97.389319,https://mitehuacan.mx/?ruta=cuayuca
3,Productos De Limpieza Prisma,tienda,2,18.475546,-97.426445,https://mitehuacan.mx/?ruta=cuayuca
3,Productos De Limpieza Supreme,tienda,2,18.461613,-97.387108,https://mitehuacan.mx/?ruta=cuayuca
3,Refaccionaria Vecar,tienda,2,18.466336,-97.389383,https://mitehuacan.mx/?ruta=cuayuca
3,Tienda De Lenceria Gigil,tienda,2,18.468246,-97.393983,https://mitehuacan.mx/?ruta=cuayuca
3,Tienda De Venta De Uniformes Sin Nombre,tienda,2,18.463965,-97.387042,https://mitehuacan.mx/?ruta=cuayuca
3,Tienda Naturista Centro Botanico Azteca,tienda,2,18.462803,-97.389317,https://mitehuacan.mx/?ruta=cuayuca
3,Tienda Naturista Juquilita,tienda,2,18.462387,-97.389328,https://mitehuacan.mx/?ruta=cuayuca
3,Tienda Naturista Natures Sunshine,tienda,2,18.46761,-97.394,https://mitehuacan.mx/?ruta=cuayuca
3,Tiendas Neto,tienda,2,18.459439,-97.389486,https://mitehuacan.mx/?ruta=cuayuca
3,Tornilleria La Tuerquita,tienda,2,18.546781,-97.490217,https://mitehuacan.mx/?ruta=cuayuca
3,Venta De Colchas Para La Casa,tienda,2,18.467384,-97.394009,https://mitehuacan.mx/?ruta=cuayuca
3,Venta De Lenceria Sin Nombre,tienda,2,18.459632,-97.389483,https://mitehuacan.mx/?ruta=cuayuca
3,Venta De Productos De Limpieza Sandra Antonia,tienda,2,18.47822,-97.422416,https://mitehuacan.mx/?ruta=cuayuca
3,Cruces Y Coronas San Angel,tienda,3,18.458601,-97.388986,https://mitehuacan.mx/?ruta=cuayuca
3,Electronica Lamparas Mr Web,tienda,3,18.460138,-97.389478,https://mitehuacan.mx/?ruta=cuayuca
3,Funerales Velez,tienda,3,18.458612,-97.389204,https://mitehuacan.mx/?ruta=cuayuca
3,La Zarza,tienda,3,18.463059,-97.389315,https://mitehuacan.mx/?ruta=cuayuca
3,Optica Look Vission,tienda,3,18.458615,-97.38926,https://mitehuacan.mx/?ruta=cuayuca
3,Oxxo Suc 50Edh Polideportivo Pbf,tienda,3,18.487395,-97.406968,https://mitehuacan.mx/?ruta=cuayuca
3,Pasteleria La Princesa,tienda,3,18.49046,-97.405053,https://mitehuacan.mx/?ruta=cuayuca
3,Tienda De Lenceria La Chica De Hoy,tienda,3,18.459956,-97.38948,https://mitehuacan.mx/?ruta=cuayuca
3,Toyota Tehuacan,tienda,3,18.474888,-97.427456,https://mitehuacan.mx/?ruta=cuayuca
3,Toyota Tehuacan,tienda,3,18.474803,-97.427588,https://mitehuacan.mx/?ruta=cuayuca
3,Venta De Cruces La Gloria De Dios,tienda,3,18.458613,-97.389232,https://mitehuacan.mx/?ruta=cuayuca
3,Venta De Marcos Fotograficos Marcos De Tehuacan,tienda,3,18.460029,-97.389479,https://mitehuacan.mx/?ruta=cuayuca
3,Venta De Pinturas Alvamex,tienda,3,18.546921,-97.490185,https://mitehuacan.mx/?ruta=cuayuca
3,Abarrotes Vinos Y Licores Fandango,tienda,4,18.458571,-97.38837,https://mitehuacan.mx/?ruta=cuayuca
3,Becondom Sex Shop,tienda,4,18.466926,-97.392491,https://mitehuacan.mx/?ruta=cuayuca
3,Boutique Chanel,tienda,4,18.475289,-97.392997,https://mitehuacan.mx/?ruta=cuayuca
3,Cremeria Y Salchichoneria La Pastora,tienda,4,18.463916,-97.389412,https://mitehuacan.mx/?ruta=cuayuca
3,Decoraciones Milla Y Juan,tienda,4,18.460626,-97.389474,https://mitehuacan.mx/?ruta=cuayuca
3,Oxxo Suc 50Twh Imss Tehuacan Pbf,tienda,4,18.474652,-97.395764,https://mitehuacan.mx/?ruta=cuayuca
3,Panaderia Jose Gumaro Pastelin,tienda,4,18.465875,-97.389387,https://mitehuacan.mx/?ruta=cuayuca
3,Pinta Comex De Tehuacan,tienda,4,18.46525,-97.389393,https://mitehuacan.mx/?ruta=cuayuca
3,Venta De Bocinas Y Accesorios Sin Nombre,tienda,4,18.461088,-97.389469,https://mitehuacan.mx/?ruta=cuayuca
3,Venta De Ropa Americana Clothes,tienda,4,18.46582,-97.389387,https://mitehuacan.mx/?ruta=cuayuca
3,Venta De Ropa Interior Mi Mosa Store Th,tienda,4,18.466002,-97.389386,https://mitehuacan.mx/?ruta=cuayuca
3,Venta De Ropa Interior Sadda,tienda,4,18.465115,-97.389394,https://mitehuacan.mx/?ruta=cuayuca
3,Volkswagen Bonn Tehuacan,tienda,4,18.476071,-97.425561,https://mitehuacan.mx/?ruta=cuayuca
3,724 Super 107 Tehuacan San Lorenzo,tienda,5,18.474825,-97.433047,https://mitehuacan.mx/?ruta=cuayuca
3,Bonn Tehuacan,tienda,5,18.476645,-97.424932,https://mitehuacan.mx/?ruta=cuayuca
3,Centro Naturista Jupiter,tienda,5,18.458545,-97.38783,https://mitehuacan.mx/?ruta=cuayuca
3,Clinica Optica Mundo Optico,tienda,5,18.458525,-97.387413,https://mitehuacan.mx/?ruta=cuayuca
3,Expendio De Huevo Sin Nombre,tienda,5,18.458616,-97.387486,https://mitehuacan.mx/?ruta=cuayuca
3,Expendio De Pan La Antigua,tienda,5,18.458631,-97.387704,https://mitehuacan.mx/?ruta=cuayuca
3,Jarcieria Puebla Y Plasticos Mop,tienda,5,18.458522,-97.387338,https://mitehuacan.mx/?ruta=cuayuca
3,Oxxo Suc 50Yqp Purisima Pbf,tienda,5,18.458519,-97.387287,https://mitehuacan.mx/?ruta=cuayuca
3,Pasteleria Cristal,tienda,5,18.458524,-97.387394,https://mitehuacan.mx/?ruta=cuayuca
3,San Lorenzo Teotipilco,tienda,5,18.476602,-97.424998,https://mitehuacan.mx/?ruta=cuayuca
3,Tienda Naturista Tehuacan,tienda,5,18.458625,-97.387619,https://mitehuacan.mx/?ruta=cuayuca
3,Venta De Instrumentos Musical Tehuacan,tienda,5,18.466933,-97.389891,https://mitehuacan.mx/?ruta=cuayuca
3,Venta De Telas Y Servilletas Sin Nombre,tienda,5,18.458516,-97.387214,https://mitehuacan.mx/?ruta=cuayuca
3,Bazar De Ropa Sin Nombre,tienda,6,18.466949,-97.39026,https://mitehuacan.mx/?ruta=cuayuca
3,Comex,tienda,6,18.474853,-97.433198,https://mitehuacan.mx/?ruta=cuayuca
3,Optica Optimagg,tienda,6,18.463346,-97.389303,https://mitehuacan.mx/?ruta=cuayuca
3,Oxxo Suc 50N5G Identidad Pbf,tienda,6,18.474276,-97.428989,https://mitehuacan.mx/?ruta=cuayuca
3,Bazar De Ropa Sin Nombre,tienda,7,18.469081,-97.390777,https://mitehuacan.mx/?ruta=cuayuca
3,Bodega Sin Nombre,tienda,7,18.45866,-97.388149,https://mitehuacan.mx/?ruta=cuayuca
3,Coth56 Servicio Total A Bordo Tehuacan Au,tienda,7,18.458667,-97.388338,https://mitehuacan.mx/?ruta=cuayuca
3,Cremeria Real,tienda,7,18.548272,-97.488527,https://mitehuacan.mx/?ruta=cuayuca
3,Granos Y Semillas Juanita,tienda,7,18.548271,-97.488489,https://mitehuacan.mx/?ruta=cuayuca
3,Mezcal La Perla De Oaxaca,tienda,7,18.458658,-97.388111,https://mitehuacan.mx/?ruta=cuayuca
3,Pasteleria Del Centro,tienda,7,18.518872,-97.504197,https://mitehuacan.mx/?ruta=cuayuca
3,Pasteleria La Sabrocita,tienda,7,18.548142,-97.488427,https://mitehuacan.mx/?ruta=cuayuca
3,Plasticos Juquilita,tienda,7,18.460587,-97.38937,https://mitehuacan.mx/?ruta=cuayuca
3,Venta De Accesorios Y Molde Para Pasteleria Chios,tienda,7,18.460605,-97.38937,https://mitehuacan.mx/?ruta=cuayuca
3,Blancos Conde,tienda,8,18.458685,-97.388613,https://mitehuacan.mx/?ruta=cuayuca
3,Carniceria Adelita,tienda,8,18.54755,-97.48611,https://mitehuacan.mx/?ruta=cuayuca
3,Carniceria Huerta,tienda,8,18.547536,-97.48607,https://mitehuacan.mx/?ruta=cuayuca
3,Carniceria Romms Cerdo De Calidad,tienda,8,18.46702,-97.392071,https://mitehuacan.mx/?ruta=cuayuca
3,Coth51 Delimart Au,tienda,8,18.458687,-97.388656,https://mitehuacan.mx/?ruta=cuayuca
3,Expendio De Huevo,tienda,8,18.46702,-97.39208,https://mitehuacan.mx/?ruta=cuayuca
3,Expendio De Pan De Burro Disney,tienda,8,18.458685,-97.388613,https://mitehuacan.mx/?ruta=cuayuca
3,Ivaliss Closhop,tienda,8,18.460374,-97.389373,https://mitehuacan.mx/?ruta=cuayuca
3,Pasteleria Beyle,tienda,8,18.475105,-97.434294,https://mitehuacan.mx/?ruta=cuayuca
3,Velatorios Machorro,tienda,8,18.467023,-97.39226,https://mitehuacan.mx/?ruta=cuayuca
3,Venta De Libros El Santuario Del Anime,tienda,8,18.467024,-97.392355,https://mitehuacan.mx/?ruta=cuayuca
3,Venta De Productos Naturistas Sana,tienda,8,18.458695,-97.388783,https://mitehuacan.mx/?ruta=cuayuca
3,Venta De Sombreros Y Pan El Vaquero,tienda,8,18.458692,-97.388736,https://mitehuacan.mx/?ruta=cuayuca
3,Venta De Suplementos L Vid New,tienda,8,18.46702,-97.39208,https://mitehuacan.mx/?ruta=cuayuca
3,724 Super 101 Tehuacan Parque Ecologico,tienda,9,18.467053,-97.392895,https://mitehuacan.mx/?ruta=cuayuca
3,American Clothes Shop,tienda,9,18.46569,-97.389265,https://mitehuacan.mx/?ruta=cuayuca
3,Expendio De Pan De Burro Sin Nombre,tienda,9,18.458705,-97.388935,https://mitehuacan.mx/?ruta=cuayuca
3,Expendio Tehuacan,tienda,9,18.465489,-97.389265,https://mitehuacan.mx/?ruta=cuayuca
3,Jarcieria Puebla Y Plasticos Mop,tienda,9,18.465265,-97.389266,https://mitehuacan.mx/?ruta=cuayuca
3,La Casa De La Novia Venta De Vestidos Para Fiesta,tienda,9,18.458564,-97.38952,https://mitehuacan.mx/?ruta=cuayuca
3,Pasteleria La Artesanal,tienda,9,18.464898,-97.389266,https://mitehuacan.mx/?ruta=cuayuca
3,Pasteleria La Ideal,tienda,9,18.461238,-97.389345,https://mitehuacan.mx/?ruta=cuayuca
3,Pisos Y Azulejos Rocca,tienda,9,18.462163,-97.387028,https://mitehuacan.mx/?ruta=cuayuca
3,Shopping Americano,tienda,9,18.544739,-97.490664,https://mitehuacan.mx/?ruta=cuayuca
3,Sombrereria Coxcatlan,tienda,9,18.458721,-97.389257,https://mitehuacan.mx/?ruta=cuayuca
3,Tienda De Ropa Americana,tienda,9,18.465799,-97.389265,https://mitehuacan.mx/?ruta=cuayuca
3,Tienda De Tintas Computadoras Y Accesorios Tintas Hm,tienda,9,18.465228,-97.389266,https://mitehuacan.mx/?ruta=cuayuca
3,Veladoras San Judas Tadeo,tienda,9,18.458718,-97.389191,https://mitehuacan.mx/?ruta=cuayuca
3,Venta De Pan De Burro,tienda,9,18.458715,-97.389105,https://mitehuacan.mx/?ruta=cuayuca
3,Venta De Pinturas Pinturas Estrada,tienda,9,18.461293,-97.389346,https://mitehuacan.mx/?ruta=cuayuca
3,Venta De Ropa Interior Secret Fantasy,tienda,9,18.458724,-97.389323,https://mitehuacan.mx/?ruta=cuayuca
3,Autos Sanchez Hermanos,tienda,10,18.477868,-97.439826,https://mitehuacan.mx/?ruta=cuayuca
3,Carniceria Carnes Selectas Bruno,tienda,10,18.464677,-97.386949,https://mitehuacan.mx/?ruta=cuayuca
3,Expendio Bimbo,tienda,10,18.460975,-97.389338,https://mitehuacan.mx/?ruta=cuayuca
3,Latinos,tienda,10,18.458797,-97.387107,https://mitehuacan.mx/?ruta=cuayuca
3,Miscelanea Logui,tienda,10,18.512989,-97.49541,https://mitehuacan.mx/?ruta=cuayuca
3,Pinturas Comex,tienda,10,18.472859,-97.39275,https://mitehuacan.mx/?ruta=cuayuca
3,Pinturas Recubrimientos Y Algo Mas De Tehuacan,tienda,10,18.472823,-97.392751,https://mitehuacan.mx/?ruta=cuayuca
3,Sombreria Tehuacan,tienda,10,18.461102,-97.389341,https://mitehuacan.mx/?ruta=cuayuca
3,Surcursal De Miel San Miguel Tehuacan,tienda,10,18.459266,-97.389386,https://mitehuacan.mx/?ruta=cuayuca
3,Tienda De Impermeabilizantes Impertec,tienda,10,18.463043,-97.38944,https://mitehuacan.mx/?ruta=cuayuca
3,Van Hogar Productos De Limpieza,tienda,10,18.473375,-97.392729,https://mitehuacan.mx/?ruta=cuayuca
3,Venta De Miel Mielisima,tienda,10,18.479695,-97.399052,https://mitehuacan.mx/?ruta=cuayuca
3,Venta De Sabanas Y Cobijas Blancos Banderas,tienda,10,18.459166,-97.389387,https://mitehuacan.mx/?ruta=cuayuca
3,Venta De Trajes Charros Charreria Maru,tienda,10,18.461068,-97.387042,https://mitehuacan.mx/?ruta=cuayuca
3,Bazar Chilis,tienda,11,18.47228,-97.392767,https://mitehuacan.mx/?ruta=cuayuca
3,Bodega De Carlos Alfredo Galvez,tienda,11,18.470488,-97.392805,https://mitehuacan.mx/?ruta=cuayuca
3,Bodega De Carniceria Angus,tienda,11,18.470488,-97.392805,https://mitehuacan.mx/?ruta=cuayuca
3,Bodega De Steren Sin Nombre,tienda,11,18.462814,-97.389233,https://mitehuacan.mx/?ruta=cuayuca
3,Carniceria Angus,tienda,11,18.470488,-97.392805,https://mitehuacan.mx/?ruta=cuayuca
3,Carniceria Galicia,tienda,11,18.470488,-97.392805,https://mitehuacan.mx/?ruta=cuayuca
3,Carniceria Jomalagi,tienda,11,18.470488,-97.392805,https://mitehuacan.mx/?ruta=cuayuca
3,Carniceria Yajan,tienda,11,18.509218,-97.489763,https://mitehuacan.mx/?ruta=cuayuca
3,Compra-Venta De Articulos Usados De Remate,tienda,11,18.462075,-97.38946,https://mitehuacan.mx/?ruta=cuayuca
3,Flama Gas,tienda,11,18.545977,-97.490298,https://mitehuacan.mx/?ruta=cuayuca
3,Hitti Motors,tienda,11,18.479008,-97.442402,https://mitehuacan.mx/?ruta=cuayuca
3,Lacteria Mexicana Sukrema,tienda,11,18.470488,-97.392805,https://mitehuacan.mx/?ruta=cuayuca
3,Opticas Verlyn,tienda,11,18.468004,-97.393867,https://mitehuacan.mx/?ruta=cuayuca
3,Opticas Verlyn,tienda,11,18.46766,-97.393878,https://mitehuacan.mx/?ruta=cuayuca
3,Oxxo Suc 50Rqj Olimpia Pbf,tienda,11,18.4693,-97.392838,https://mitehuacan.mx/?ruta=cuayuca
3,Panaderia Guti Pan,tienda,11,18.470488,-97.392805,https://mitehuacan.mx/?ruta=cuayuca
3,Plasticos Rosita,tienda,11,18.462174,-97.389459,https://mitehuacan.mx/?ruta=cuayuca
3,Semillas Y Chiles Secos Sin Nombre,tienda,11,18.470488,-97.392805,https://mitehuacan.mx/?ruta=cuayuca
3,Taller Dasop,tienda,11,18.467579,-97.39388,https://mitehuacan.mx/?ruta=cuayuca
3,724 Super 109 Tehuacan 5 Sur,tienda,12,18.458786,-97.389392,https://mitehuacan.mx/?ruta=cuayuca
3,Panaderia Villa Fiesta,tienda,12,18.508937,-97.488949,https://mitehuacan.mx/?ruta=cuayuca
3,Pinturas Alvamex,tienda,12,18.508968,-97.488994,https://mitehuacan.mx/?ruta=cuayuca
3,Plasticos Lupita,tienda,12,18.464818,-97.389242,https://mitehuacan.mx/?ruta=cuayuca
3,Plasticos Lupita,tienda,12,18.458786,-97.389392,https://mitehuacan.mx/?ruta=cuayuca
3,Tienda Y Venta De Plasticos Sin Nombre,tienda,12,18.508363,-97.488492,https://mitehuacan.mx/?ruta=cuayuca
3,Ventas De Computadoras Genius,tienda,12,18.458786,-97.389392,https://mitehuacan.mx/?ruta=cuayuca
3,Oxxo,tienda,12,18.487534,-97.406857,https://mitehuacan.mx/?ruta=cuayuca
3,Cupat,tienda,13,18.472366,-97.394936,https://mitehuacan.mx/?ruta=cuayuca
3,Distribuidora De Poliester,tienda,13,18.547702,-97.489831,https://mitehuacan.mx/?ruta=cuayuca
3,Gas Uno De Puebla,tienda,13,18.48181,-97.446591,https://mitehuacan.mx/?ruta=cuayuca
3,Oxxo Suc 50Qej Penafiel Pbf,tienda,13,18.483667,-97.401136,https://mitehuacan.mx/?ruta=cuayuca
3,Tienda De Articulos Religiosos Y De Onix El Rincon De Maria,tienda,13,18.473504,-97.395171,https://mitehuacan.mx/?ruta=cuayuca
3,Pasteleria Cristal,tienda,15,18.475237,-97.433427,https://mitehuacan.mx/?ruta=cuayuca
3,Oxxo,tienda,15,18.469236,-97.392751,https://mitehuacan.mx/?ruta=cuayuca
3,Autos Seminuevos Sanchez Hermanos Cars,tienda,16,18.483787,-97.450777,https://mitehuacan.mx/?ruta=cuayuca
3,Super Magg,tienda,16,18.475168,-97.433134,https://mitehuacan.mx/?ruta=cuayuca
3,Floreria Y Novedades Han-Jung,tienda,17,18.460758,-97.389274,https://mitehuacan.mx/?ruta=cuayuca
3,Oxxo,tienda,17,18.483765,-97.401146,https://mitehuacan.mx/?ruta=cuayuca
3,Almacen De Carniceria La Favorita,tienda,18,18.471304,-97.39271,https://mitehuacan.mx/?ruta=cuayuca
3,Almacen De Carniceria Taur0,tienda,18,18.471304,-97.392714,https://mitehuacan.mx/?ruta=cuayuca
3,Bodega De Carniceria Emmanuel,tienda,18,18.471304,-97.392714,https://mitehuacan.mx/?ruta=cuayuca
3,Bodega De La Carniceria Y Polleria Maribel,tienda,18,18.471304,-97.392714,https://mitehuacan.mx/?ruta=cuayuca
3,Bolsas Y Desechables Lafeliz,tienda,18,18.462925,-97.389172,https://mitehuacan.mx/?ruta=cuayuca
3,Carniceria El Buen El Buen Trato,tienda,18,18.471304,-97.392714,https://mitehuacan.mx/?ruta=cuayuca
3,Carniceria Emmanuel,tienda,18,18.471304,-97.392714,https://mitehuacan.mx/?ruta=cuayuca
3,Carniceria La Favorita,tienda,18,18.471304,-97.392714,https://mitehuacan.mx/?ruta=cuayuca
3,Carniceria Tauro,tienda,18,18.471304,-97.392714,https://mitehuacan.mx/?ruta=cuayuca
3,Cremeria Y Salchichoneria Yenifer,tienda,18,18.471304,-97.392714,https://mitehuacan.mx/?ruta=cuayuca
3,El Novillero Del Caribe Productos Carnicos,tienda,18,18.471304,-97.392714,https://mitehuacan.mx/?ruta=cuayuca
3,Productos De Limpieza Sin Nombre,tienda,18,18.466864,-97.38921,https://mitehuacan.mx/?ruta=cuayuca
3,Venta De Plasticos,tienda,18,18.471304,-97.392714,https://mitehuacan.mx/?ruta=cuayuca
3,Tienda De Articulos Religiosos Sin Nombre,tienda,19,18.460764,-97.389621,https://mitehuacan.mx/?ruta=cuayuca
3,Venta De Lenceria Sensual,tienda,19,18.461492,-97.389609,https://mitehuacan.mx/?ruta=cuayuca
3,Compra Venta De Copiadoras Sharp,tienda,21,18.464826,-97.389554,https://mitehuacan.mx/?ruta=cuayuca
3,Venta De Ropa Interior Y Lenceria Sin Nombre,tienda,21,18.460765,-97.389634,https://mitehuacan.mx/?ruta=cuayuca
3,Bodega Sin Nombre De Servicio Electronico Digital Jensen,tienda,22,18.468741,-97.389264,https://mitehuacan.mx/?ruta=cuayuca
3,Cremeria Mateo,tienda,22,18.547398,-97.486054,https://mitehuacan.mx/?ruta=cuayuca
3,Autos Semi Nuevos Tehuacan,tienda,24,18.484546,-97.402084,https://mitehuacan.mx/?ruta=cuayuca
3,Carniceria Aurora,tienda,24,18.547381,-97.486058,https://mitehuacan.mx/?ruta=cuayuca
3,7/24 Mix,tienda,25,18.467199,-97.392854,https://mitehuacan.mx/?ruta=cuayuca
3,Comercializadora Osorio,tienda,26,18.458344,-97.387107,https://mitehuacan.mx/?ruta=cuayuca
3,Chiles Secos Y Semillas,tienda,27,18.547494,-97.48578,https://mitehuacan.mx/?ruta=cuayuca
3,Bodega Aurrera Express,tienda,27,18.476149,-97.396303,https://mitehuacan.mx/?ruta=cuayuca
3,Articulos Para El Hogar,tienda,28,18.54757,-97.486687,https://mitehuacan.mx/?ruta=cuayuca
3,Chiles Secos Y Semillas Del Centro,tienda,28,18.547454,-97.486376,https://mitehuacan.mx/?ruta=cuayuca
3,Productos De Limpieza,tienda,28,18.547505,-97.486511,https://mitehuacan.mx/?ruta=cuayuca
3,Plasticos Y Novedades,tienda,29,18.547424,-97.48632,https://mitehuacan.mx/?ruta=cuayuca
3,San Judas Tadeo,tienda,29,18.458318,-97.387108,https://mitehuacan.mx/?ruta=cuayuca
3,Productos De Limpieza Casa Limpia,tienda,30,18.464821,-97.389071,https://mitehuacan.mx/?ruta=cuayuca
3,Floreria Y Novedades Las Americas,tienda,31,18.458623,-97.389801,https://mitehuacan.mx/?ruta=cuayuca
3,Optica Reyes,tienda,31,18.464827,-97.389649,https://mitehuacan.mx/?ruta=cuayuca
3,Estacionamiento De Musical Sinfonia,tienda,32,18.460768,-97.389742,https://mitehuacan.mx/?ruta=cuayuca
3,Pasteleria Beyle,tienda,32,18.478328,-97.398397,https://mitehuacan.mx/?ruta=cuayuca
3,Pinturas Acuario,tienda,32,18.462753,-97.387394,https://mitehuacan.mx/?ruta=cuayuca
3,Tienda De Disfraces,tienda,32,18.462871,-97.38739,https://mitehuacan.mx/?ruta=cuayuca
3,651627 Neto Tehuacan Portes Gil,tienda,33,18.479511,-97.398438,https://mitehuacan.mx/?ruta=cuayuca
3,Bazar,tienda,34,18.513328,-97.496323,https://mitehuacan.mx/?ruta=cuayuca
3,Tienda Naturista San Benito,tienda,34,18.458334,-97.389408,https://mitehuacan.mx/?ruta=cuayuca
3,Tiendas Tres B,tienda,35,18.464828,-97.389687,https://mitehuacan.mx/?ruta=cuayuca
3,Artesanias Cactus,tienda,36,18.466647,-97.393029,https://mitehuacan.mx/?ruta=cuayuca
3,Jarcieria J G,tienda,36,18.458605,-97.38687,https://mitehuacan.mx/?ruta=cuayuca
3,Libreria Palabra De Dios A Tu Vida,tienda,36,18.467095,-97.394335,https://mitehuacan.mx/?ruta=cuayuca
3,Funerales De Jesus,tienda,37,18.458625,-97.389858,https://mitehuacan.mx/?ruta=cuayuca
3,Musical Sinfonia,tienda,37,18.460763,-97.389788,https://mitehuacan.mx/?ruta=cuayuca
3,Deli Mart,tienda,40,18.458975,-97.388646,https://mitehuacan.mx/?ruta=cuayuca
3,Optica Optimex Van,tienda,41,18.46491,-97.389741,https://mitehuacan.mx/?ruta=cuayuca
3,Oxxo Suc 5050S Super Oktan Pbf,tienda,41,18.485735,-97.453005,https://mitehuacan.mx/?ruta=cuayuca
3,Pisos Y Azulejos Mega De Tehuacán,tienda,41,18.462756,-97.387486,https://mitehuacan.mx/?ruta=cuayuca
3,Cremeria Magos,tienda,42,18.471354,-97.392484,https://mitehuacan.mx/?ruta=cuayuca
3,Productos De Limpieza Grupo Ginez,tienda,43,18.490784,-97.404883,https://mitehuacan.mx/?ruta=cuayuca
3,Tienda Naturista Bienestar Y Vida,tienda,44,18.458173,-97.387115,https://mitehuacan.mx/?ruta=cuayuca
3,Venta De Ropa Americana. Paca La Frontera,tienda,44,18.460847,-97.389024,https://mitehuacan.mx/?ruta=cuayuca
3,Cremeria La Cañada,tienda,45,18.460557,-97.389867,https://mitehuacan.mx/?ruta=cuayuca
3,Venta De Ropa Interior Para Dama Dulce Secreto,tienda,45,18.461576,-97.389853,https://mitehuacan.mx/?ruta=cuayuca
3,Global Gas Estacion De Carburacion,tienda,46,18.475388,-97.425898,https://mitehuacan.mx/?ruta=cuayuca
3,Venta De Accesorios Para Computadora Improving Tecnology,tienda,47,18.468626,-97.391404,https://mitehuacan.mx/?ruta=cuayuca
3,Bazar Sin Nombre,tienda,48,18.548236,-97.490285,https://mitehuacan.mx/?ruta=cuayuca
3,Carniceria De La 7,tienda,49,18.464811,-97.386575,https://mitehuacan.mx/?ruta=cuayuca
3,Carniceria Galicia,tienda,50,18.479717,-97.399517,https://mitehuacan.mx/?ruta=cuayuca
3,Compra Venta De Muebles Usados Sin Nombre,tienda,50,18.467311,-97.389273,https://mitehuacan.mx/?ruta=cuayuca
3,Venta De Pan De Burro,tienda,50,18.460749,-97.388961,https://mitehuacan.mx/?ruta=cuayuca
3,Carniceria Monce,tienda,51,18.548738,-97.489666,https://mitehuacan.mx/?ruta=cuayuca
3,Optica Mendoza,tienda,51,18.464831,-97.389838,https://mitehuacan.mx/?ruta=cuayuca
3,Pasteleria Cristal,tienda,52,18.458629,-97.39,https://mitehuacan.mx/?ruta=cuayuca
3,Miel San Miguel,tienda,53,18.479458,-97.398178,https://mitehuacan.mx/?ruta=cuayuca
3,Venta De Pinturas Pintugama Tehuacan,tienda,53,18.458602,-97.386709,https://mitehuacan.mx/?ruta=cuayuca
3,Muelles Y Tornillos San Javier,tienda,54,18.489315,-97.404962,https://mitehuacan.mx/?ruta=cuayuca
3,Tienda De Lenceria Pasion 360,tienda,55,18.458739,-97.390025,https://mitehuacan.mx/?ruta=cuayuca
3,Vneta De Peliculas,tienda,57,18.462712,-97.389878,https://mitehuacan.mx/?ruta=cuayuca
3,Vestidos Para 15 Años Miss 15 Queen,tienda,58,18.460883,-97.389981,https://mitehuacan.mx/?ruta=cuayuca
3,Articulos De Limpieza Sin Nombre,tienda,59,18.469477,-97.389347,https://mitehuacan.mx/?ruta=cuayuca
3,Bodega De Plasticos Lupita Sin Nombre,tienda,59,18.461573,-97.388857,https://mitehuacan.mx/?ruta=cuayuca
3,Cedi Herbalia,tienda,59,18.460725,-97.387709,https://mitehuacan.mx/?ruta=cuayuca
3,Optica Pura Vision,tienda,59,18.464913,-97.389912,https://mitehuacan.mx/?ruta=cuayuca
3,Opticas Franco,tienda,59,18.467503,-97.392878,https://mitehuacan.mx/?ruta=cuayuca
3,Blancos Fiori,tienda,63,18.47521,-97.392136,https://mitehuacan.mx/?ruta=cuayuca
3,Bodega De Plasticos Lupita Sin Nombre,tienda,63,18.461572,-97.388819,https://mitehuacan.mx/?ruta=cuayuca
3,Pasteleria La Cereza,tienda,63,18.458633,-97.390104,https://mitehuacan.mx/?ruta=cuayuca
3,La Central Del Tapicero,tienda,64,18.460726,-97.387757,https://mitehuacan.mx/?ruta=cuayuca
3,Chiles Secos Y Semillas,tienda,67,18.547406,-97.485402,https://mitehuacan.mx/?ruta=cuayuca
3,Venta De Ceramica Sin Nombre,tienda,67,18.466327,-97.391434,https://mitehuacan.mx/?ruta=cuayuca
3,Cremeria La Abundancia,tienda,70,18.479869,-97.399835,https://mitehuacan.mx/?ruta=cuayuca
3,Calentadores Solares Y Sistemas De Seguridad,tienda,71,18.546958,-97.486149,https://mitehuacan.mx/?ruta=cuayuca
3,Tienda De Ropa Sin Nombre,tienda,75,18.465889,-97.387753,https://mitehuacan.mx/?ruta=cuayuca
3,Venta De Ropa Interior Sin Nombre,tienda,75,18.460728,-97.387861,https://mitehuacan.mx/?ruta=cuayuca
3,Lenceria Sin Nombre,tienda,76,18.460779,-97.390155,https://mitehuacan.mx/?ruta=cuayuca
3,Ropa Tipica La Oaxaqueña La Pequeña,tienda,76,18.461499,-97.39015,https://mitehuacan.mx/?ruta=cuayuca
3,Compra Venta De Empaques Para Regalos Packingmex,tienda,77,18.464835,-97.390085,https://mitehuacan.mx/?ruta=cuayuca
3,Compra Venta De Suplementos Alimenticios Saya,tienda,77,18.464835,-97.390085,https://mitehuacan.mx/?ruta=cuayuca
3,Omega Nutricion,tienda,77,18.464835,-97.390085,https://mitehuacan.mx/?ruta=cuayuca
3,Optica Elvision,tienda,77,18.464835,-97.390085,https://mitehuacan.mx/?ruta=cuayuca
3,Cremeria Vaqueritos,tienda,79,18.45793,-97.389526,https://mitehuacan.mx/?ruta=cuayuca
3,Super Servicio Alatriste,tienda,79,18.458745,-97.390252,https://mitehuacan.mx/?ruta=cuayuca
3,Pomos Y Chelas,tienda,80,18.477229,-97.398216,https://mitehuacan.mx/?ruta=cuayuca
3,Bazar De Ropa Sin Nombre,tienda,82,18.469683,-97.389281,https://mitehuacan.mx/?ruta=cuayuca
3,Paderia Juanita,tienda,83,18.548112,-97.4851,https://mitehuacan.mx/?ruta=cuayuca
3,Tienda Naturista Juquilita,tienda,85,18.462843,-97.390143,https://mitehuacan.mx/?ruta=cuayuca
3,Bodega De Cristalerias Tenorio,tienda,86,18.464776,-97.387848,https://mitehuacan.mx/?ruta=cuayuca
3,Carniceria La Huasteca,tienda,86,18.467709,-97.391317,https://mitehuacan.mx/?ruta=cuayuca
3,Computadoras Genius,tienda,86,18.466155,-97.391436,https://mitehuacan.mx/?ruta=cuayuca
3,Tienda De Suplementos T Articulos Gym Beast Mode,tienda,86,18.466155,-97.391436,https://mitehuacan.mx/?ruta=cuayuca
3,Sex Shop Sensual Boutique,tienda,87,18.466234,-97.394029,https://mitehuacan.mx/?ruta=cuayuca
3,Persianas Y Cortineros Monet,tienda,88,18.466173,-97.392917,https://mitehuacan.mx/?ruta=cuayuca
3,Venta De Cruces Sin Nombre,tienda,88,18.458507,-97.390331,https://mitehuacan.mx/?ruta=cuayuca
3,Venta De Articulos Religiosos Isabelita,tienda,89,18.462845,-97.39018,https://mitehuacan.mx/?ruta=cuayuca
3,Venta De Ropa Usada Sin Nombre,tienda,89,18.462784,-97.388494,https://mitehuacan.mx/?ruta=cuayuca
3,Venta De Gorras Y Ropa Interior Sin Nombre Novedades,tienda,90,18.462783,-97.388484,https://mitehuacan.mx/?ruta=cuayuca
3,Carniceria Costa De Oro,tienda,91,18.48224,-97.399473,https://mitehuacan.mx/?ruta=cuayuca
3,Cremeria Doña Jose,tienda,91,18.547437,-97.485162,https://mitehuacan.mx/?ruta=cuayuca
3,Servicio Automotriz Armando,tienda,91,18.48224,-97.399473,https://mitehuacan.mx/?ruta=cuayuca
3,Veladoras Y Parafinas Maria Milagrosa,tienda,91,18.461501,-97.390292,https://mitehuacan.mx/?ruta=cuayuca
3,Tienda De Lentes Suplementos Opticos,tienda,92,18.464838,-97.390227,https://mitehuacan.mx/?ruta=cuayuca
3,Compra Venta De Granos Y Semillas,tienda,93,18.457723,-97.38721,https://mitehuacan.mx/?ruta=cuayuca
3,Optica Galeon,tienda,93,18.466092,-97.391436,https://mitehuacan.mx/?ruta=cuayuca
3,Venta De Figuras De Onix,tienda,93,18.46781,-97.392866,https://mitehuacan.mx/?ruta=cuayuca
3,Venta De Discos Y Peliculas Sin Nombre,tienda,94,18.458644,-97.390398,https://mitehuacan.mx/?ruta=cuayuca
3,Intima Hogar,tienda,98,18.462888,-97.388018,https://mitehuacan.mx/?ruta=cuayuca
3,Venta De Frituras Sin Nombre,tienda,98,18.46983,-97.38935,https://mitehuacan.mx/?ruta=cuayuca
3,Distribuidora De Beterware,tienda,99,18.473316,-97.393772,https://mitehuacan.mx/?ruta=cuayuca
3,Romss Venta De Carnes,tienda,99,18.460831,-97.388503,https://mitehuacan.mx/?ruta=cuayuca
3,Venta De Libros Sin Nombre,tienda,99,18.465954,-97.388415,https://mitehuacan.mx/?ruta=cuayuca
3,Venta De Plantas Medicinales Sin Nombre,tienda,99,18.461583,-97.390365,https://mitehuacan.mx/?ruta=cuayuca
3,Distribuidora De Productos De Limpieza Mega Limpio,tienda,102,18.466047,-97.392921,https://mitehuacan.mx/?ruta=cuayuca
3,Optica Optivision,tienda,103,18.457713,-97.389527,https://mitehuacan.mx/?ruta=cuayuca
3,Compra Venta De Productos De Limpieza Eco Limpieza Tehuacan,tienda,104,18.46484,-97.390341,https://mitehuacan.mx/?ruta=cuayuca
3,Productos De Limpieza Dogo,tienda,104,18.457621,-97.387138,https://mitehuacan.mx/?ruta=cuayuca
3,Distribuidora Naturista Herbosan,tienda,105,18.460895,-97.390426,https://mitehuacan.mx/?ruta=cuayuca
3,Venta De Cruces Villanueva,tienda,105,18.458648,-97.390502,https://mitehuacan.mx/?ruta=cuayuca
3,Bazar De Ropa Sin Nombre,tienda,106,18.466774,-97.386063,https://mitehuacan.mx/?ruta=cuayuca
3,El Jarocho Carnicerias Suc Tehuacan,tienda,107,18.460739,-97.38842,https://mitehuacan.mx/?ruta=cuayuca
3,Local De Exhibicion De Autos,tienda,108,18.473431,-97.426906,https://mitehuacan.mx/?ruta=cuayuca
3,Tienda De Pañales Mi Bebe,tienda,108,18.460895,-97.390455,https://mitehuacan.mx/?ruta=cuayuca
3,Venta De Ropa Sin Nombre,tienda,108,18.457585,-97.38714,https://mitehuacan.mx/?ruta=cuayuca
3,Aparatos Ortopedicos Orthomott,tienda,111,18.462891,-97.388139,https://mitehuacan.mx/?ruta=cuayuca
3,Gas Natural Y Lp De Tehuacan,tienda,111,18.482449,-97.399369,https://mitehuacan.mx/?ruta=cuayuca
3,Venta De Cafe Cafe La Giralda,tienda,111,18.460788,-97.390487,https://mitehuacan.mx/?ruta=cuayuca
3,Venta De Productos Alimenticios Omnilife,tienda,111,18.457637,-97.389413,https://mitehuacan.mx/?ruta=cuayuca
3,Pasteleria La Cereza,tienda,112,18.46082,-97.388209,https://mitehuacan.mx/?ruta=cuayuca
3,Venta De Ropa Usada Sin Nombre,tienda,112,18.458082,-97.386271,https://mitehuacan.mx/?ruta=cuayuca
3,Prodetap Proveedor De Articulos Para Tapiceria,tienda,113,18.464923,-97.390424,https://mitehuacan.mx/?ruta=cuayuca
3,Vicky Form,tienda,113,18.465953,-97.392923,https://mitehuacan.mx/?ruta=cuayuca
3,Bazar Sin Nombre,tienda,114,18.46588,-97.390619,https://mitehuacan.mx/?ruta=cuayuca
3,Lenceria Alis,tienda,114,18.465881,-97.390894,https://mitehuacan.mx/?ruta=cuayuca
3,Pasteleria Cristal,tienda,114,18.460738,-97.388363,https://mitehuacan.mx/?ruta=cuayuca
3,Venta De Veladoras San Juditas,tienda,114,18.461584,-97.390508,https://mitehuacan.mx/?ruta=cuayuca
3,Bazar De Ropa Usada Sin Nombre,tienda,116,18.476295,-97.393797,https://mitehuacan.mx/?ruta=cuayuca
3,Estacionamiento Privado Abarrotes La Corona,tienda,116,18.460738,-97.388335,https://mitehuacan.mx/?ruta=cuayuca
3,Cerveceria Mi Chelita,tienda,117,18.476805,-97.398342,https://mitehuacan.mx/?ruta=cuayuca
3,Venta De Instrumentos Musicales Ruper Music,tienda,117,18.457583,-97.389414,https://mitehuacan.mx/?ruta=cuayuca
3,Leynez Jarcieria,tienda,118,18.458965,-97.386079,https://mitehuacan.mx/?ruta=cuayuca
3,Compra Venta De Ropa Tipica Rhuama,tienda,119,18.457834,-97.390242,https://mitehuacan.mx/?ruta=cuayuca
3,Cremeria Y Abarrotes Señor Queso,tienda,119,18.47608,-97.432906,https://mitehuacan.mx/?ruta=cuayuca
3,Optica Del Angel,tienda,119,18.460737,-97.388278,https://mitehuacan.mx/?ruta=cuayuca
3,Consultorio De Medicina Omeopata,tienda,122,18.461153,-97.385978,https://mitehuacan.mx/?ruta=cuayuca
3,Carniceria Y Cremeria Bufalo,tienda,123,18.460899,-97.390597,https://mitehuacan.mx/?ruta=cuayuca
3,Venta De Articulos Militares,tienda,123,18.46061,-97.385987,https://mitehuacan.mx/?ruta=cuayuca
3,Expendio De Pan Bimbo Independencia,tienda,124,18.462854,-97.390512,https://mitehuacan.mx/?ruta=cuayuca
3,Plaza Kristal,tienda,124,18.462691,-97.390518,https://mitehuacan.mx/?ruta=cuayuca
3,Barnices Y Herrajes Salazar,tienda,125,18.465594,-97.385857,https://mitehuacan.mx/?ruta=cuayuca
3,La Casa Del Apicultor,tienda,125,18.457434,-97.387222,https://mitehuacan.mx/?ruta=cuayuca
3,Venta De Hierbas Y Plantas Curativas,tienda,125,18.461586,-97.390612,https://mitehuacan.mx/?ruta=cuayuca
3,Venta De Lenceria,tienda,125,18.45916,-97.390668,https://mitehuacan.mx/?ruta=cuayuca
3,Venta De Ropa Usada Sin Nombre,tienda,125,18.459379,-97.386006,https://mitehuacan.mx/?ruta=cuayuca
3,Bodega De Abarrotes 3 Estrellas Sin Nombre,tienda,127,18.458411,-97.386022,https://mitehuacan.mx/?ruta=cuayuca
3,Bodega De Veladora Maria Milagrosa,tienda,127,18.459676,-97.390666,https://mitehuacan.mx/?ruta=cuayuca
3,Dulceria Pikys,tienda,127,18.457438,-97.38788,https://mitehuacan.mx/?ruta=cuayuca
3,Venta De Pinturas Distribuidora De Poliester,tienda,127,18.45781,-97.390337,https://mitehuacan.mx/?ruta=cuayuca
3,Venta De Veladoras San Juditas Tadeo,tienda,127,18.461586,-97.390631,https://mitehuacan.mx/?ruta=cuayuca
3,Optica Bella Luz,tienda,128,18.460228,-97.390664,https://mitehuacan.mx/?ruta=cuayuca
3,Tienda De Ropa De Disfraces,tienda,128,18.45745,-97.388389,https://mitehuacan.mx/?ruta=cuayuca
3,Venta De Ropa Para Primera Comunion Sin Nombre,tienda,128,18.460237,-97.390664,https://mitehuacan.mx/?ruta=cuayuca
3,Venta De Vestidos De Xv Años Sin Nombre,tienda,128,18.460237,-97.390664,https://mitehuacan.mx/?ruta=cuayuca
3,Exclusivos Lulu,tienda,129,18.460726,-97.390664,https://mitehuacan.mx/?ruta=cuayuca
3,Productos De Limpieza Limpia Todo,tienda,129,18.457464,-97.389015,https://mitehuacan.mx/?ruta=cuayuca
3,Vestidos De Novia Reyna Novias,tienda,129,18.460663,-97.390664,https://mitehuacan.mx/?ruta=cuayuca
3,Centro De Blancos Sin Nombre,tienda,130,18.46107,-97.390667,https://mitehuacan.mx/?ruta=cuayuca
3,Centro De Blancos Sin Nombre,tienda,130,18.461007,-97.390668,https://mitehuacan.mx/?ruta=cuayuca
3,Pasteleria La Artesanal,tienda,130,18.462856,-97.390569,https://mitehuacan.mx/?ruta=cuayuca
3,Venta De Blancos Sin Nombre,tienda,130,18.461061,-97.390667,https://mitehuacan.mx/?ruta=cuayuca
3,Cremeria Juquilita,tienda,131,18.473045,-97.430587,https://mitehuacan.mx/?ruta=cuayuca
3,Venta De Blancos Balderas,tienda,131,18.461306,-97.390665,https://mitehuacan.mx/?ruta=cuayuca
3,Lenceria Y Corseteria Pasion Seduccion Fantasia Y Elegancia,tienda,132,18.462976,-97.390594,https://mitehuacan.mx/?ruta=cuayuca
3,Splahs Ingenieria En Bombeo Y Energia Renobables,tienda,132,18.464729,-97.385791,https://mitehuacan.mx/?ruta=cuayuca
3,Tienda De Vestidos Detalles De Comunion Novias Maqueda,tienda,132,18.458819,-97.390755,https://mitehuacan.mx/?ruta=cuayuca
3,Venta De Valadoras E Imagenes San Francisco De Asis,tienda,132,18.46174,-97.390664,https://mitehuacan.mx/?ruta=cuayuca
3,Autos America,tienda,134,18.473289,-97.426712,https://mitehuacan.mx/?ruta=cuayuca
3,Carniceria La Carnic,tienda,134,18.473466,-97.432443,https://mitehuacan.mx/?ruta=cuayuca
3,Colecturia Inmaculadala,tienda,134,18.46184,-97.390665,https://mitehuacan.mx/?ruta=cuayuca
3,Venta De Papas Fritas La Inmaculada,tienda,134,18.462976,-97.390613,https://mitehuacan.mx/?ruta=cuayuca
3,Venta De Pinturas Pintucom De Tehuacan,tienda,135,18.457653,-97.390247,https://mitehuacan.mx/?ruta=cuayuca
3,Luminarias Jpl De Mexico,tienda,136,18.457351,-97.387605,https://mitehuacan.mx/?ruta=cuayuca
3,Afrodita Sex Shop,tienda,137,18.465734,-97.393051,https://mitehuacan.mx/?ruta=cuayuca
3,Creaciones Diana,tienda,137,18.460095,-97.390749,https://mitehuacan.mx/?ruta=cuayuca
3,Carniceria Monce,tienda,138,18.54943,-97.484954,https://mitehuacan.mx/?ruta=cuayuca
3,Expendio De Pan Bimbo,tienda,138,18.45866,-97.390815,https://mitehuacan.mx/?ruta=cuayuca
3,Novedades Lalo,tienda,138,18.460593,-97.390749,https://mitehuacan.mx/?ruta=cuayuca
3,Venta De Articulos Para El Hogar Sin Nombre,tienda,138,18.473515,-97.432783,https://mitehuacan.mx/?ruta=cuayuca
3,El Ricon Del Comic,tienda,139,18.462859,-97.390654,https://mitehuacan.mx/?ruta=cuayuca
3,Exotica Sex Shop,tienda,139,18.462859,-97.390654,https://mitehuacan.mx/?ruta=cuayuca
3,Ink Color,tienda,139,18.457394,-97.389567,https://mitehuacan.mx/?ruta=cuayuca
3,Sala De Exhibicion De Lentes Sin Nombre,tienda,139,18.462859,-97.390654,https://mitehuacan.mx/?ruta=cuayuca
3,Ropa Tipica El Leon De Juda,tienda,140,18.46149,-97.390758,https://mitehuacan.mx/?ruta=cuayuca
3,Tienda De Adornos Para Fiestas Aydu,tienda,140,18.46111,-97.390761,https://mitehuacan.mx/?ruta=cuayuca
3,Tienda De Boneteria Paola,tienda,140,18.461046,-97.390762,https://mitehuacan.mx/?ruta=cuayuca
3,Tienda De Lenceria Fany,tienda,140,18.461481,-97.390758,https://mitehuacan.mx/?ruta=cuayuca
3,Venta De Vestidos Novias Aranda,tienda,140,18.46251,-97.390668,https://mitehuacan.mx/?ruta=cuayuca
3,Adornos Y Novedades Dulce,tienda,141,18.461653,-97.390759,https://mitehuacan.mx/?ruta=cuayuca
3,Artesanias Aby,tienda,141,18.461462,-97.390758,https://mitehuacan.mx/?ruta=cuayuca
3,Tienda De Lenceria La Coqueteria,tienda,141,18.457351,-97.388998,https://mitehuacan.mx/?ruta=cuayuca
3,Botanas Chucherias,tienda,142,18.45735,-97.389112,https://mitehuacan.mx/?ruta=cuayuca
3,Chiles Secos Y Semillas Casa Hermes,tienda,142,18.45735,-97.389112,https://mitehuacan.mx/?ruta=cuayuca
3,Venta De Ropa Para Niño Dios Juquilita,tienda,142,18.45735,-97.389216,https://mitehuacan.mx/?ruta=cuayuca
3,Bodega De Pinturas De Distribuidora De Poliester,tienda,143,18.457563,-97.39025,https://mitehuacan.mx/?ruta=cuayuca
3,Cremeria Jmc,tienda,143,18.457405,-97.38987,https://mitehuacan.mx/?ruta=cuayuca
3,Distribuidoras De Carnes Majuf,tienda,143,18.457348,-97.389417,https://mitehuacan.mx/?ruta=cuayuca
3,Antojitos Mexicanos Silvia,tienda,147,18.460904,-97.390825,https://mitehuacan.mx/?ruta=cuayuca
3,Venta De Cigarrillos Grinders,tienda,147,18.465639,-97.39293,https://mitehuacan.mx/?ruta=cuayuca
3,Productos De Limpieza,tienda,148,18.470358,-97.390781,https://mitehuacan.mx/?ruta=cuayuca
3,Libreria Luz Y Vida,tienda,149,18.462422,-97.390763,https://mitehuacan.mx/?ruta=cuayuca
3,Tienda De Articulos Religiosos Y Ceras San Judas Tadeo,tienda,149,18.462232,-97.390762,https://mitehuacan.mx/?ruta=cuayuca
3,Tintorería Tehuacán,tintorería,21,18.464826,-97.389153,https://mitehuacan.mx/?ruta=cuayuca
3,Tortilleria La Huerta,tortillería,1,18.490374,-97.405003,https://mitehuacan.mx/?ruta=cuayuca
3,Venta De Tortillas Flor,tortillería,1,18.469059,-97.391926,https://mitehuacan.mx/?ruta=cuayuca
3,Antojitos Dani,tortillería,2,18.465648,-97.387017,https://mitehuacan.mx/?ruta=cuayuca
3,Molino De Nixtamal Diaz,tortillería,5,18.465888,-97.387089,https://mitehuacan.mx/?ruta=cuayuca
3,Tortilleria Jireh,tortillería,5,18.458622,-97.387581,https://mitehuacan.mx/?ruta=cuayuca
3,Elaboracion De Tortillas Y Antojitos Chela,tortillería,6,18.548202,-97.489479,https://mitehuacan.mx/?ruta=cuayuca
3,Elaboracion De Tortillas Hechas A Mano Sin Nombre,tortillería,7,18.474955,-97.433626,https://mitehuacan.mx/?ruta=cuayuca
3,Tortilleria Plus,tortillería,7,18.548273,-97.488584,https://mitehuacan.mx/?ruta=cuayuca
3,Venta De Tortillas Sin Nombre,tortillería,7,18.468981,-97.388816,https://mitehuacan.mx/?ruta=cuayuca
3,Elaboracion Y Venta De Tortillas De Mano Juquilita,tortillería,9,18.461982,-97.387029,https://mitehuacan.mx/?ruta=cuayuca
3,Tortilleria Colibri,tortillería,9,18.507154,-97.486313,https://mitehuacan.mx/?ruta=cuayuca
3,Tortilleria Plus,tortillería,9,18.513948,-97.496839,https://mitehuacan.mx/?ruta=cuayuca
3,Molino De Nixtamal Molienda Lichita,tortillería,10,18.513369,-97.495976,https://mitehuacan.mx/?ruta=cuayuca
3,Venta De Tortillas Juquila,tortillería,10,18.510475,-97.491641,https://mitehuacan.mx/?ruta=cuayuca
3,Venta De Tortillas Sin Nombre,tortillería,10,18.516368,-97.500488,https://mitehuacan.mx/?ruta=cuayuca
3,Venta De Tortillas Sin Nombre,tortillería,10,18.476799,-97.424365,https://mitehuacan.mx/?ruta=cuayuca
3,Antojitos Loren,tortillería,11,18.470488,-97.392805,https://mitehuacan.mx/?ruta=cuayuca
3,Bodega De Tortillera De La Señora Esther Lopez Lopez,tortillería,11,18.470488,-97.392805,https://mitehuacan.mx/?ruta=cuayuca
3,Elaboracion De Tortillas A Mano Sin Nombre,tortillería,11,18.470488,-97.392805,https://mitehuacan.mx/?ruta=cuayuca
3,Elaboracion De Tortillas Sin Nombre,tortillería,11,18.470488,-97.392805,https://mitehuacan.mx/?ruta=cuayuca
3,Molino Nixtamal Para Uso Propio,tortillería,11,18.470488,-97.392805,https://mitehuacan.mx/?ruta=cuayuca
3,Tortillas A Mano Sin Nombre,tortillería,11,18.470488,-97.392805,https://mitehuacan.mx/?ruta=cuayuca
3,Tortilleria Feli,tortillería,11,18.470488,-97.392805,https://mitehuacan.mx/?ruta=cuayuca
3,Tortilleria Plus,tortillería,11,18.460762,-97.389539,https://mitehuacan.mx/?ruta=cuayuca
3,Tortilleria Tehuacan,tortillería,11,18.462011,-97.38946,https://mitehuacan.mx/?ruta=cuayuca
3,Venta De Tortillas De Maiz Las Coapeñitas,tortillería,11,18.470488,-97.392805,https://mitehuacan.mx/?ruta=cuayuca
3,Venta De Tortillas Y Juguetes,tortillería,11,18.470488,-97.392805,https://mitehuacan.mx/?ruta=cuayuca
3,Venta De Tortillas A Mano Las Coapeñitas,tortillería,12,18.466651,-97.386949,https://mitehuacan.mx/?ruta=cuayuca
3,Elaboracion De Tortillas Sin Nombre,tortillería,13,18.507773,-97.487622,https://mitehuacan.mx/?ruta=cuayuca
3,Venta De Tortillas Sin Nombre,tortillería,13,18.511281,-97.492457,https://mitehuacan.mx/?ruta=cuayuca
3,Venta De Tortillas Sin Nombre,tortillería,13,18.511547,-97.492856,https://mitehuacan.mx/?ruta=cuayuca
3,Venta De Tortillas Sin Nombre,tortillería,13,18.510814,-97.491753,https://mitehuacan.mx/?ruta=cuayuca
3,Tortillas A Mano,tortillería,14,18.474372,-97.392923,https://mitehuacan.mx/?ruta=cuayuca
3,Tortillas A Mano Sin Nombre,tortillería,16,18.483653,-97.450545,https://mitehuacan.mx/?ruta=cuayuca
3,Molino De Nixtamal Montalvo,tortillería,18,18.471304,-97.392714,https://mitehuacan.mx/?ruta=cuayuca
3,Venta De Tortillas,tortillería,18,18.471304,-97.392714,https://mitehuacan.mx/?ruta=cuayuca
3,Venta De Tortillas Sin Nombre,tortillería,18,18.471304,-97.392714,https://mitehuacan.mx/?ruta=cuayuca
3,Elaboracion De Tortillas,tortillería,20,18.479634,-97.399121,https://mitehuacan.mx/?ruta=cuayuca
3,Elaboracion De Tortillas,tortillería,24,18.474681,-97.433171,https://mitehuacan.mx/?ruta=cuayuca
3,Venta De Tortillas Sin Nombre,tortillería,30,18.468668,-97.389425,https://mitehuacan.mx/?ruta=cuayuca
3,Veta De Tortillas Sin Nombre,tortillería,30,18.513299,-97.495201,https://mitehuacan.mx/?ruta=cuayuca
3,Elaboracion De Tortillas Sin Nombre,tortillería,47,18.547178,-97.485895,https://mitehuacan.mx/?ruta=cuayuca
3,Tortilla De Harina El Molino,tortillería,50,18.468599,-97.391404,https://mitehuacan.mx/?ruta=cuayuca
3,Venta De Tortillas De Mano Sin Nombre,tortillería,62,18.489486,-97.406118,https://mitehuacan.mx/?ruta=cuayuca
3,Venta De Tortillas Sin Nombre,tortillería,66,18.461551,-97.388791,https://mitehuacan.mx/?ruta=cuayuca
3,Tortillas Sin Nombre,tortillería,67,18.515486,-97.500103,https://mitehuacan.mx/?ruta=cuayuca
3,Venta De Tortillas,tortillería,70,18.473855,-97.431603,https://mitehuacan.mx/?ruta=cuayuca
3,Venta De Tortillas,tortillería,70,18.457988,-97.388764,https://mitehuacan.mx/?ruta=cuayuca
3,Tortilleria Panchita,tortillería,73,18.461579,-97.390119,https://mitehuacan.mx/?ruta=cuayuca
3,Tortilleria Limon,tortillería,75,18.460838,-97.38873,https://mitehuacan.mx/?ruta=cuayuca
3,Venta De Tortillas Sin Nombre,tortillería,78,18.467614,-97.390596,https://mitehuacan.mx/?ruta=cuayuca
3,Venta De Tortillas Juquilita,tortillería,80,18.45784,-97.387205,https://mitehuacan.mx/?ruta=cuayuca
3,Venta De Tortillas Sin Nombre,tortillería,80,18.548988,-97.489511,https://mitehuacan.mx/?ruta=cuayuca
3,Elaboracion De Tortillas Sin Nombre,tortillería,81,18.506044,-97.486164,https://mitehuacan.mx/?ruta=cuayuca
3,Elaboracion De Tortillas Juquilita,tortillería,87,18.475135,-97.430267,https://mitehuacan.mx/?ruta=cuayuca
3,Tortilleria Del Centro,tortillería,87,18.547366,-97.485223,https://mitehuacan.mx/?ruta=cuayuca
3,Venta De Tortillas Hechas A Mano Sin Nombre,tortillería,87,18.485385,-97.403268,https://mitehuacan.mx/?ruta=cuayuca
3,Elaboracion De Tortillas Dayis,tortillería,88,18.469847,-97.391381,https://mitehuacan.mx/?ruta=cuayuca
3,Venta De Tortillas,tortillería,90,18.512921,-97.496632,https://mitehuacan.mx/?ruta=cuayuca
3,Elaboracion De Tortillas Hechas A Mano Sin Nombre,tortillería,91,18.47383,-97.432288,https://mitehuacan.mx/?ruta=cuayuca
3,Venta De Tortillas De Mano Sin Nombre,tortillería,93,18.46139,-97.386246,https://mitehuacan.mx/?ruta=cuayuca
3,Venta De Tortillas Sin Nombre,tortillería,93,18.469783,-97.38928,https://mitehuacan.mx/?ruta=cuayuca
3,Tortillas De Mano La Guerita,tortillería,96,18.473764,-97.432226,https://mitehuacan.mx/?ruta=cuayuca
3,Tortilleria Sin Nombre,tortillería,96,18.491187,-97.405848,https://mitehuacan.mx/?ruta=cuayuca
3,Elaboracion Y Venta De Tortillas Sin Nombre,tortillería,105,18.465962,-97.390759,https://mitehuacan.mx/?ruta=cuayuca
3,Elaboracion De Tortillas Hechas A Mano,tortillería,107,18.474043,-97.433723,https://mitehuacan.mx/?ruta=cuayuca
3,Elaboracion Y Venta De Tortillas De Harina La Abuela,tortillería,107,18.46289,-97.388101,https://mitehuacan.mx/?ruta=cuayuca
3,Elaboracion De Tortillas Sin Nombre,tortillería,110,18.516353,-97.498463,https://mitehuacan.mx/?ruta=cuayuca
3,Tortillas Hechas A Mano Sin Nombre,tortillería,112,18.475734,-97.431766,https://mitehuacan.mx/?ruta=cuayuca
3,Elaboracion De Tortillas Hechas A Mano,tortillería,114,18.475594,-97.431137,https://mitehuacan.mx/?ruta=cuayuca
3,Tortilleria La Guerita,tortillería,114,18.479999,-97.400418,https://mitehuacan.mx/?ruta=cuayuca
3,Tortillas Hechas A Mano Sin Nombre,tortillería,115,18.469968,-97.389036,https://mitehuacan.mx/?ruta=cuayuca
3,Venta De Tortillas Doña Maty,tortillería,115,18.480503,-97.446922,https://mitehuacan.mx/?ruta=cuayuca
3,Tortilleria Sin Nombre,tortillería,120,18.474736,-97.425642,https://mitehuacan.mx/?ruta=cuayuca
3,Tortillas De Mano Doña Leti,tortillería,121,18.462248,-97.385961,https://mitehuacan.mx/?ruta=cuayuca
3,Venta De Tortillas Hechas A Mano Sin Nombre,tortillería,124,18.476586,-97.4348,https://mitehuacan.mx/?ruta=cuayuca
3,Tortillas Hechas A Mano Sin Nombre,tortillería,126,18.464802,-97.385845,https://mitehuacan.mx/?ruta=cuayuca
3,Elaboracion De Tortillas Sin Nombre,tortillería,128,18.545736,-97.491753,https://mitehuacan.mx/?ruta=cuayuca
3,Elaboracion De Tortillas Hechas A Mano Sin Nombre,tortillería,129,18.515495,-97.501147,https://mitehuacan.mx/?ruta=cuayuca
3,Elaboracion De Tortillas Sin Nombre,tortillería,129,18.515393,-97.500997,https://mitehuacan.mx/?ruta=cuayuca
3,Venta De Tortillas Hechas A Mano Herradura,tortillería,130,18.479082,-97.399987,https://mitehuacan.mx/?ruta=cuayuca
3,Elaboracion De Tortillas Hechas A Mano,tortillería,131,18.512072,-97.496031,https://mitehuacan.mx/?ruta=cuayuca
3,Elaboracion De Tortillas Sin Nombre,tortillería,131,18.512642,-97.496894,https://mitehuacan.mx/?ruta=cuayuca
3,Tortilleria Sin Nombre,tortillería,132,18.479056,-97.399992,https://mitehuacan.mx/?ruta=cuayuca
3,Tortillas Hechas A Mano Sin Nombre,tortillería,134,18.479235,-97.397123,https://mitehuacan.mx/?ruta=cuayuca
3,Elaboracion Y Venta De Tortillas Hechas A Mano Sin Nombre,tortillería,140,18.490132,-97.403333,https://mitehuacan.mx/?ruta=cuayuca
3,Elaboracion Y Venta De Tortillas Sin Nombre,tortillería,140,18.487739,-97.402009,https://mitehuacan.mx/?ruta=cuayuca
3,Elaboracion De Tortillas Sin Nombre,tortillería,141,18.477355,-97.395824,https://mitehuacan.mx/?ruta=cuayuca
3,Tortillas De Harina Chalya,tortillería,142,18.470301,-97.390651,https://mitehuacan.mx/?ruta=cuayuca
3,Transportes Duba,transporte,1,18.489886,-97.404717,https://mitehuacan.mx/?ruta=cuayuca
3,Auto Express De Tehuacan,transporte,3,18.489068,-97.405527,https://mitehuacan.mx/?ruta=cuayuca
3,Otro Autotransporte Foráneo De Carga General Sin Nombre,transporte,5,18.4764,-97.425307,https://mitehuacan.mx/?ruta=cuayuca
3,Otro Autotransporte Foráneo De Carga General Sin Nombre,transporte,5,18.476462,-97.425213,https://mitehuacan.mx/?ruta=cuayuca
3,Taller Mecanico Diesel,transporte,10,18.476745,-97.424442,https://mitehuacan.mx/?ruta=cuayuca
3,Transportes De Insumos Oriental,transporte,17,18.482573,-97.44869,https://mitehuacan.mx/?ruta=cuayuca
3,Autotransporte Foráneo De Carga General Sin Nombre,transporte,49,18.490081,-97.405994,https://mitehuacan.mx/?ruta=cuayuca
3,Taller De Mantenimiento De Autotransportes Yaxa,transporte,49,18.507303,-97.485884,https://mitehuacan.mx/?ruta=cuayuca
3,Otro Autotransporte Local De Carga Especializado Sin Nombre,transporte,65,18.474941,-97.43031,https://mitehuacan.mx/?ruta=cuayuca
3,Otro Autotransporte Foráneo De Carga General Sin Nombre,transporte,100,18.488599,-97.406478,https://mitehuacan.mx/?ruta=cuayuca
3,Otro Autotransporte Foráneo De Carga General Sin Nombre,transporte,115,18.547069,-97.487585,https://mitehuacan.mx/?ruta=cuayuca
3,Transportes De Carga Negrete,transporte,131,18.457504,-97.38985,https://mitehuacan.mx/?ruta=cuayuca
3,Transportes Mercurio,transporte,134,18.457508,-97.389949,https://mitehuacan.mx/?ruta=cuayuca
3,Vidrieria Flor,vidriería,2,18.543972,-97.491065,https://mitehuacan.mx/?ruta=cuayuca
3,Vidrieria Hernandez,vidriería,5,18.547004,-97.490191,https://mitehuacan.mx/?ruta=cuayuca
3,Vidrios La Purisima,vidriería,5,18.458516,-97.387224,https://mitehuacan.mx/?ruta=cuayuca
3,Vidrios Y Aluminios Vimac,vidriería,5,18.466941,-97.39008,https://mitehuacan.mx/?ruta=cuayuca
3,Aluminios Y Cristales San Lorenzo,vidriería,7,18.475005,-97.433852,https://mitehuacan.mx/?ruta=cuayuca
3,Vidrios Y Aluminios Horus,vidriería,7,18.469131,-97.391809,https://mitehuacan.mx/?ruta=cuayuca
3,Vidrios Y Aluminios Muñoz,vidriería,8,18.469001,-97.389148,https://mitehuacan.mx/?ruta=cuayuca
3,Vidrios Y Aluminios Arquitectonicos De Mexico,vidriería,9,18.46407,-97.389286,https://mitehuacan.mx/?ruta=cuayuca
3,Vidrios Y Aluminios De La 7,vidriería,9,18.459358,-97.387098,https://mitehuacan.mx/?ruta=cuayuca
3,Vidrios Y Aluminios Los Huehues,vidriería,9,18.479784,-97.398882,https://mitehuacan.mx/?ruta=cuayuca
3,Vidrieria Contreras,vidriería,10,18.516243,-97.500294,https://mitehuacan.mx/?ruta=cuayuca
3,Vidreria Mendoza,vidriería,54,18.464815,-97.388843,https://mitehuacan.mx/?ruta=cuayuca
3,Vidrios Y Alumnios Gonzalez,vidriería,71,18.468405,-97.391305,https://mitehuacan.mx/?ruta=cuayuca
3,Vidrios Independencia,vidriería,95,18.462838,-97.386196,https://mitehuacan.mx/?ruta=cuayuca
3,Vidrios Y Aluminios Franco,vidriería,98,18.458097,-97.39024,https://mitehuacan.mx/?ruta=cuayuca
3,Vidrios Y Aluminios Garcia,vidriería,107,18.475869,-97.397615,https://mitehuacan.mx/?ruta=cuayuca
3,Bodega Sin Nombre De Muebles Metalicos Malerba,vidriería,124,18.459524,-97.386004,https://mitehuacan.mx/?ruta=cuayuca
3,Vidrios Y Cristales Lunas,vidriería,127,18.457433,-97.38765,https://mitehuacan.mx/?ruta=cuayuca
3,Venta De Vidrios Y Aluminios Sin Nombre,vidriería,130,18.457417,-97.386929,https://mitehuacan.mx/?ruta=cuayuca
3,Los Pirules,vidriería,141,18.476522,-97.392645,https://mitehuacan.mx/?ruta=cuayuca
3,Vivero El Rosal,vivero,0,18.547472,-97.490021,https://mitehuacan.mx/?ruta=cuayuca
3,Vivero Y Venta De Frutas San Jose,vivero,0,18.545183,-97.490658,https://mitehuacan.mx/?ruta=cuayuca
3,Floreria Mari,vivero,1,18.490063,-97.40482,https://mitehuacan.mx/?ruta=cuayuca
3,Floreria Rivera,vivero,1,18.489796,-97.404666,https://mitehuacan.mx/?ruta=cuayuca
3,Vivero Sin Nombre,vivero,1,18.544546,-97.490876,https://mitehuacan.mx/?ruta=cuayuca
3,Floreria Juquilita,vivero,2,18.548237,-97.487144,https://mitehuacan.mx/?ruta=cuayuca
3,Vivero San Antonio,vivero,3,18.475517,-97.426673,https://mitehuacan.mx/?ruta=cuayuca
3,Vivero Natural Green,vivero,4,18.460708,-97.389473,https://mitehuacan.mx/?ruta=cuayuca
3,Floreria Rosy,vivero,6,18.463283,-97.389305,https://mitehuacan.mx/?ruta=cuayuca
3,Floreria,vivero,9,18.515821,-97.499646,https://mitehuacan.mx/?ruta=cuayuca
3,Floreria Toñita,vivero,9,18.513922,-97.4968,https://mitehuacan.mx/?ruta=cuayuca
3,Floreria Rivera,vivero,10,18.489692,-97.404488,https://mitehuacan.mx/?ruta=cuayuca
3,Floreria Dayana,vivero,12,18.490151,-97.40474,https://mitehuacan.mx/?ruta=cuayuca
3,Floreria Juquila,vivero,12,18.509219,-97.489368,https://mitehuacan.mx/?ruta=cuayuca
3,Floreria Flores Y Colores,vivero,27,18.467178,-97.391425,https://mitehuacan.mx/?ruta=cuayuca
3,Floreria Galaflor,vivero,27,18.547767,-97.487184,https://mitehuacan.mx/?ruta=cuayuca
3,Floreria El Clavel,vivero,30,18.547324,-97.485983,https://mitehuacan.mx/?ruta=cuayuca
3,Floreria Amelia,vivero,34,18.479672,-97.399301,https://mitehuacan.mx/?ruta=cuayuca
3,Floreria D Xochitl,vivero,42,18.461575,-97.389825,https://mitehuacan.mx/?ruta=cuayuca
3,Floreria El Clavel,vivero,54,18.461577,-97.389939,https://mitehuacan.mx/?ruta=cuayuca
3,Floreria Jade,vivero,67,18.462789,-97.388702,https://mitehuacan.mx/?ruta=cuayuca
3,Floreria Arely,vivero,69,18.479769,-97.399766,https://mitehuacan.mx/?ruta=cuayuca
3,Venta De Plantas Y Chacharas Sin Nombre,vivero,71,18.470082,-97.392248,https://mitehuacan.mx/?ruta=cuayuca
3,Vivero Mi Bello Jardin,vivero,85,18.490351,-97.404066,https://mitehuacan.mx/?ruta=cuayuca
3,Bodega De Floreria Detalles,vivero,91,18.461501,-97.390292,https://mitehuacan.mx/?ruta=cuayuca
3,Floreria Adelita,vivero,91,18.461501,-97.390292,https://mitehuacan.mx/?ruta=cuayuca
3,Floreria Angelito,vivero,91,18.461501,-97.390292,https://mitehuacan.mx/?ruta=cuayuca
3,Floreria Detalles,vivero,91,18.461501,-97.390292,https://mitehuacan.mx/?ruta=cuayuca
3,Floreria Emmanuel,vivero,91,18.461501,-97.390292,https://mitehuacan.mx/?ruta=cuayuca
3,Floreria Joselyn,vivero,91,18.461501,-97.390292,https://mitehuacan.mx/?ruta=cuayuca
3,Floreria Juquilita,vivero,91,18.461501,-97.390292,https://mitehuacan.mx/?ruta=cuayuca
3,Floreria Ramos,vivero,91,18.461501,-97.390292,https://mitehuacan.mx/?ruta=cuayuca
3,Floreria Rivera,vivero,91,18.48224,-97.399473,https://mitehuacan.mx/?ruta=cuayuca
3,Floreria Sin Nombre,vivero,91,18.461501,-97.390292,https://mitehuacan.mx/?ruta=cuayuca
3,Floreria Bety,vivero,96,18.461502,-97.39034,https://mitehuacan.mx/?ruta=cuayuca
3,Floreria El Campesino,vivero,100,18.461502,-97.390378,https://mitehuacan.mx/?ruta=cuayuca
3,Floreria Betty,vivero,103,18.461503,-97.390406,https://mitehuacan.mx/?ruta=cuayuca
3,Floreria Emmanuel,vivero,115,18.462775,-97.388181,https://mitehuacan.mx/?ruta=cuayuca
3,Floreria San Antonio,vivero,123,18.461586,-97.390593,https://mitehuacan.mx/?ruta=cuayuca
3,Floreria Emilia Cortez,vivero,126,18.473543,-97.432468,https://mitehuacan.mx/?ruta=cuayuca
3,Vivero Mar Y Vida,vivero,137,18.457377,-97.388752,https://mitehuacan.mx/?ruta=cuayuca
3,Floreria Ld,vivero,140,18.472114,-97.391546,https://mitehuacan.mx/?ruta=cuayuca
3,Arreglos Flor Cerezo,vivero,143,18.457406,-97.38988,https://mitehuacan.mx/?ruta=cuayuca
