prioridad,negocio,categoria,dist_m,lat,lon,maps
1,Tienda Escolar Sin Nombre,café,1,18.465123,-97.387018,https://mitehuacan.mx/?ruta=rc-del-valle
1,Venta De Pan Casero Mr Dumpling,café,2,18.463368,-97.38943,https://mitehuacan.mx/?ruta=rc-del-valle
1,La Curva Antojos,café,10,18.473153,-97.375108,https://mitehuacan.mx/?ruta=rc-del-valle
1,Cafeteria La Suiza,café,15,18.459039,-97.389388,https://mitehuacan.mx/?ruta=rc-del-valle
1,Elaboracion Y Venta De Bebidas Bobba Go,café,26,18.458623,-97.389801,https://mitehuacan.mx/?ruta=rc-del-valle
1,Venta De Aguas Sin Nombre,café,42,18.460548,-97.389868,https://mitehuacan.mx/?ruta=rc-del-valle
1,Desayunos Panchis,café,44,18.469035,-97.389801,https://mitehuacan.mx/?ruta=rc-del-valle
1,Ruta Cafe,café,47,18.459007,-97.388643,https://mitehuacan.mx/?ruta=rc-del-valle
1,Cafeteria Ricatory,café,55,18.462876,-97.387561,https://mitehuacan.mx/?ruta=rc-del-valle
1,Cafeteria Flor De Cafe,café,88,18.461501,-97.390292,https://mitehuacan.mx/?ruta=rc-del-valle
1,Tienda Escoalar Sin Nombre,café,103,18.468199,-97.379875,https://mitehuacan.mx/?ruta=rc-del-valle
1,Tienda Escolar Sin Nombre,café,103,18.468199,-97.379875,https://mitehuacan.mx/?ruta=rc-del-valle
1,Cafeteria Ceut,café,113,18.463635,-97.388377,https://mitehuacan.mx/?ruta=rc-del-valle
1,Venta De Desayunos Sin Nombre,café,116,18.462891,-97.388139,https://mitehuacan.mx/?ruta=rc-del-valle
1,Venta De Aguas Frescas Sin Nombre,café,119,18.458655,-97.390673,https://mitehuacan.mx/?ruta=rc-del-valle
1,Jugos Hernandez,café,128,18.461786,-97.390665,https://mitehuacan.mx/?ruta=rc-del-valle
1,Cafeteria Idue Cafe,café,133,18.459066,-97.385896,https://mitehuacan.mx/?ruta=rc-del-valle
1,Venta De Telefonos Celulares Distribuidor Autorizado Telcel ,celulares,0,18.458583,-97.388607,https://mitehuacan.mx/?ruta=rc-del-valle
1,La Casa De La Tecnologia,celulares,1,18.461866,-97.389462,https://mitehuacan.mx/?ruta=rc-del-valle
1,Tiendas De Telefonos Distribuidor Autorizado Telcel Pamec,celulares,1,18.461441,-97.389465,https://mitehuacan.mx/?ruta=rc-del-valle
1,Venta De Accesorios Para Celulares Caseland,celulares,1,18.469168,-97.384693,https://mitehuacan.mx/?ruta=rc-del-valle
1,Tienda De Telefonos Distribuidor Autorizado Pamec Telcel,celulares,2,18.458618,-97.389317,https://mitehuacan.mx/?ruta=rc-del-valle
1,Macropay,celulares,3,18.463938,-97.386968,https://mitehuacan.mx/?ruta=rc-del-valle
1,Compra Venta De Refacciones Para Celular,celulares,4,18.464343,-97.3894,https://mitehuacan.mx/?ruta=rc-del-valle
1,Accesorios Para Celular Y Reparaciones De Celulares Rg Unloc,celulares,6,18.463287,-97.387079,https://mitehuacan.mx/?ruta=rc-del-valle
1,Tienda De Accesorios Para Celular Sin Nombre,celulares,6,18.463389,-97.387073,https://mitehuacan.mx/?ruta=rc-del-valle
1,Venta De Accesorios Para Celular Farmacell,celulares,6,18.458602,-97.38727,https://mitehuacan.mx/?ruta=rc-del-valle
1,Venta De Accesorios Para. Celulares,celulares,6,18.461357,-97.387035,https://mitehuacan.mx/?ruta=rc-del-valle
1,Venta De Telefonos Celulares Distribuidor Autorizado Telcel,celulares,6,18.458608,-97.387363,https://mitehuacan.mx/?ruta=rc-del-valle
1,Celulares Telcel,celulares,9,18.462859,-97.386954,https://mitehuacan.mx/?ruta=rc-del-valle
1,Macropay,celulares,12,18.460041,-97.389377,https://mitehuacan.mx/?ruta=rc-del-valle
1,Macropay,celulares,13,18.459805,-97.389379,https://mitehuacan.mx/?ruta=rc-del-valle
1,Accesorios De Celulares Vale Bu,celulares,14,18.458722,-97.389285,https://mitehuacan.mx/?ruta=rc-del-valle
1,Accesorios Para Celular Cell Ma-Va,celulares,14,18.462758,-97.389318,https://mitehuacan.mx/?ruta=rc-del-valle
1,Venta De Audio Y Computo Mitzu Electronicos,celulares,14,18.462677,-97.38932,https://mitehuacan.mx/?ruta=rc-del-valle
1,Venta De Accesorios Para Celular Redi,celulares,16,18.45875,-97.389393,https://mitehuacan.mx/?ruta=rc-del-valle
1,Tienda De Telefonos Distribuidor Autorizado Pamec Telcel,celulares,17,18.460765,-97.389624,https://mitehuacan.mx/?ruta=rc-del-valle
1,Venta De Celulares Celular World,celulares,17,18.460765,-97.389624,https://mitehuacan.mx/?ruta=rc-del-valle
1,Venta De Celulares Grupo Accel,celulares,17,18.460765,-97.389624,https://mitehuacan.mx/?ruta=rc-del-valle
1,Tienda De Telefonos Telcel,celulares,22,18.462948,-97.389655,https://mitehuacan.mx/?ruta=rc-del-valle
1,Venta De Accesorios Telefonicos Dido Cell,celulares,22,18.460874,-97.389668,https://mitehuacan.mx/?ruta=rc-del-valle
1,Reparacion Y Accesorios Para Celular Sin Nombre,celulares,25,18.461574,-97.389692,https://mitehuacan.mx/?ruta=rc-del-valle
1,Venta De Accesorios Telefonicos Y Electronicos La Casa Del C,celulares,28,18.460767,-97.389729,https://mitehuacan.mx/?ruta=rc-del-valle
1,Venta De Accesorios Para Celular Novedades Hernandez,celulares,29,18.460876,-97.389735,https://mitehuacan.mx/?ruta=rc-del-valle
1,Electronica Osve,celulares,41,18.462754,-97.387432,https://mitehuacan.mx/?ruta=rc-del-valle
1,Unlock Cell Andy Venta De Articulos Para Celulares,celulares,45,18.458629,-97.389972,https://mitehuacan.mx/?ruta=rc-del-valle
1,King Memori,celulares,46,18.460751,-97.389027,https://mitehuacan.mx/?ruta=rc-del-valle
1,Tecnology Estore,celulares,47,18.46075,-97.389018,https://mitehuacan.mx/?ruta=rc-del-valle
1,Black Cell,celulares,51,18.460724,-97.387596,https://mitehuacan.mx/?ruta=rc-del-valle
1,Dmaeg Technology In Your Hands,celulares,53,18.469039,-97.389886,https://mitehuacan.mx/?ruta=rc-del-valle
1,Compra Venta De Accesorios Para Celular Accesorios Una Hora ,celulares,69,18.464835,-97.390085,https://mitehuacan.mx/?ruta=rc-del-valle
1,Compra Venta De Refacciones Para Celulares Iplus Refacciones,celulares,69,18.464835,-97.390085,https://mitehuacan.mx/?ruta=rc-del-valle
1,House - Cel,celulares,71,18.460746,-97.38879,https://mitehuacan.mx/?ruta=rc-del-valle
1,Novedades Fabys,celulares,75,18.460746,-97.388752,https://mitehuacan.mx/?ruta=rc-del-valle
1,Reparacion Y Accesorios Movile Zone,celulares,80,18.460781,-97.390222,https://mitehuacan.mx/?ruta=rc-del-valle
1,Distribuidor Autorizado Movistar,celulares,88,18.461501,-97.390292,https://mitehuacan.mx/?ruta=rc-del-valle
1,Venta De Refacciones Para Celulares Celular Center,celulares,88,18.461501,-97.390292,https://mitehuacan.mx/?ruta=rc-del-valle
1,Tienda De Telefonos Distribuidor Autorizado Pamec Telcel,celulares,90,18.462848,-97.390304,https://mitehuacan.mx/?ruta=rc-del-valle
1,Venta De Accesorios Para Celular Case Store,celulares,91,18.461582,-97.390318,https://mitehuacan.mx/?ruta=rc-del-valle
1,Smart Service,celulares,94,18.46073,-97.388003,https://mitehuacan.mx/?ruta=rc-del-valle
1,Venta De Accesorios Para Celular Compu Planet,celulares,104,18.460787,-97.390449,https://mitehuacan.mx/?ruta=rc-del-valle
1,Telefonica Movistar,celulares,111,18.462854,-97.390503,https://mitehuacan.mx/?ruta=rc-del-valle
1,Reparacion Y Venta De Accesorios Telefonicos Ganac,celulares,116,18.462891,-97.388139,https://mitehuacan.mx/?ruta=rc-del-valle
1,Compra Venta De Accesorios Para Celular Life Style,celulares,118,18.462976,-97.390565,https://mitehuacan.mx/?ruta=rc-del-valle
1,Venta De Accesorios Para Celular Cell Phone,celulares,122,18.460791,-97.39062,https://mitehuacan.mx/?ruta=rc-del-valle
1,Grupo Accel,celulares,123,18.458657,-97.390711,https://mitehuacan.mx/?ruta=rc-del-valle
1,Venta De Celulares Cellular Wordl,celulares,123,18.458657,-97.390711,https://mitehuacan.mx/?ruta=rc-del-valle
1,Accesorios Y Novedades Panda,celulares,126,18.4609,-97.390654,https://mitehuacan.mx/?ruta=rc-del-valle
1,Macropay,celulares,126,18.460713,-97.390664,https://mitehuacan.mx/?ruta=rc-del-valle
1,Tienda De Accesorios Para El Celular Centro Cell,celulares,138,18.462305,-97.390762,https://mitehuacan.mx/?ruta=rc-del-valle
1,Celular Wort,celulares,145,18.460796,-97.390838,https://mitehuacan.mx/?ruta=rc-del-valle
1,Consultorio De Odontologia Integral Am,consultorio,0,18.460644,-97.389474,https://mitehuacan.mx/?ruta=rc-del-valle
1,Consultorio Medico Medicina General,consultorio,0,18.460672,-97.389473,https://mitehuacan.mx/?ruta=rc-del-valle
1,Consultorio Medico Torrescano,consultorio,0,18.462645,-97.389454,https://mitehuacan.mx/?ruta=rc-del-valle
1,Consultorio De Similares,consultorio,1,18.461731,-97.389463,https://mitehuacan.mx/?ruta=rc-del-valle
1,Mundo Optico,consultorio,1,18.459216,-97.387164,https://mitehuacan.mx/?ruta=rc-del-valle
1,Consultorio De Fisioterapia Rehabilitare,consultorio,2,18.458541,-97.387745,https://mitehuacan.mx/?ruta=rc-del-valle
1,Consultorio Dental San Pedro,consultorio,2,18.461079,-97.387118,https://mitehuacan.mx/?ruta=rc-del-valle
1,Consultorio Fundacion Best,consultorio,2,18.458547,-97.387868,https://mitehuacan.mx/?ruta=rc-del-valle
1,Consultorio Medico Sin Nombre,consultorio,2,18.461414,-97.38711,https://mitehuacan.mx/?ruta=rc-del-valle
1,Consultorio De Especialidad En Pediatria Y Nutricion Del Niñ,consultorio,4,18.464264,-97.389402,https://mitehuacan.mx/?ruta=rc-del-valle
1,Consultorio Dental Prodental,consultorio,4,18.46516,-97.389394,https://mitehuacan.mx/?ruta=rc-del-valle
1,Laboratorio Dental Los Angeles,consultorio,4,18.465766,-97.389388,https://mitehuacan.mx/?ruta=rc-del-valle
1,Clinica De Rehabilitacion De Fisioterapia,consultorio,5,18.466563,-97.389381,https://mitehuacan.mx/?ruta=rc-del-valle
1,Clinica Dental Divadent,consultorio,5,18.462473,-97.387098,https://mitehuacan.mx/?ruta=rc-del-valle
1,Consultorio De Fisioterapia,consultorio,5,18.469131,-97.377882,https://mitehuacan.mx/?ruta=rc-del-valle
1,Consultorio De Podologia Sin Nombre,consultorio,5,18.459295,-97.3871,https://mitehuacan.mx/?ruta=rc-del-valle
1,Consultorio De Rehabilitacion Medical Fit,consultorio,5,18.462554,-97.387096,https://mitehuacan.mx/?ruta=rc-del-valle
1,Consultorio Dental Macdent,consultorio,5,18.466563,-97.389381,https://mitehuacan.mx/?ruta=rc-del-valle
1,Consultorio Dental Mora,consultorio,5,18.461828,-97.387031,https://mitehuacan.mx/?ruta=rc-del-valle
1,Consultorio Medico,consultorio,5,18.469186,-97.380185,https://mitehuacan.mx/?ruta=rc-del-valle
1,Consultorio Dental Del Angel,consultorio,7,18.46541,-97.38694,https://mitehuacan.mx/?ruta=rc-del-valle
1,Consultorio Dental Dental Luna,consultorio,7,18.466352,-97.386947,https://mitehuacan.mx/?ruta=rc-del-valle
1,Consultorio Dental Vitaldent,consultorio,7,18.466697,-97.386949,https://mitehuacan.mx/?ruta=rc-del-valle
1,Consultorio Medico Rogelio Miranda Ruiz,consultorio,11,18.462947,-97.389551,https://mitehuacan.mx/?ruta=rc-del-valle
1,Consultorio Dental Sin Nombre,consultorio,12,18.458699,-97.38884,https://mitehuacan.mx/?ruta=rc-del-valle
1,Consultorio Dental Zona Dental,consultorio,14,18.468397,-97.389267,https://mitehuacan.mx/?ruta=rc-del-valle
1,Galez Centro Odontologico,consultorio,14,18.459528,-97.389383,https://mitehuacan.mx/?ruta=rc-del-valle
1,Clinica Britania,consultorio,15,18.467845,-97.38927,https://mitehuacan.mx/?ruta=rc-del-valle
1,Clinica Dental Ardent Odontologia Integral,consultorio,15,18.459148,-97.389387,https://mitehuacan.mx/?ruta=rc-del-valle
1,Consultorio Medico,consultorio,15,18.463427,-97.389299,https://mitehuacan.mx/?ruta=rc-del-valle
1,Consultorio Medico General,consultorio,15,18.458732,-97.389393,https://mitehuacan.mx/?ruta=rc-del-valle
1,Consultorio Deltan Sin Nombre,consultorio,16,18.458894,-97.38939,https://mitehuacan.mx/?ruta=rc-del-valle
1,Clinicasca Dental Safir,consultorio,17,18.464296,-97.389281,https://mitehuacan.mx/?ruta=rc-del-valle
1,Clinica Dental Martinez,consultorio,18,18.462931,-97.389276,https://mitehuacan.mx/?ruta=rc-del-valle
1,Consultorio Dental Dental Center Rosmed,consultorio,18,18.465093,-97.389266,https://mitehuacan.mx/?ruta=rc-del-valle
1,Local De Servicios Optica Tehuacan,consultorio,18,18.465436,-97.389265,https://mitehuacan.mx/?ruta=rc-del-valle
1,Clinica Dental Sin Nombre,consultorio,23,18.460719,-97.38733,https://mitehuacan.mx/?ruta=rc-del-valle
1,Clinica Dental Oral,consultorio,28,18.464753,-97.38727,https://mitehuacan.mx/?ruta=rc-del-valle
1,Servicio De Fisioterapia Medicina Fisica Y Rehabilitacion,consultorio,32,18.462752,-97.387347,https://mitehuacan.mx/?ruta=rc-del-valle
1,Clinica Dental Guadalupe,consultorio,33,18.462807,-97.389138,https://mitehuacan.mx/?ruta=rc-del-valle
1,Optica Sanatorio De Lentes,consultorio,43,18.462872,-97.387447,https://mitehuacan.mx/?ruta=rc-del-valle
1,Clinica Dental A&R,consultorio,52,18.464832,-97.389924,https://mitehuacan.mx/?ruta=rc-del-valle
1,Clinica Dental Rangel,consultorio,55,18.462876,-97.387561,https://mitehuacan.mx/?ruta=rc-del-valle
1,Clinica Urologica De Tehuacan,consultorio,55,18.465966,-97.389952,https://mitehuacan.mx/?ruta=rc-del-valle
1,Clinica Dental Solis,consultorio,58,18.462759,-97.387593,https://mitehuacan.mx/?ruta=rc-del-valle
1,Servicio Dental Dental 24 Horass,consultorio,60,18.461574,-97.388895,https://mitehuacan.mx/?ruta=rc-del-valle
1,Consultorio Dental Sin Nombre,consultorio,63,18.464815,-97.388843,https://mitehuacan.mx/?ruta=rc-del-valle
1,Consultorio De Ginecologia Y Colposcopia,consultorio,70,18.464812,-97.388776,https://mitehuacan.mx/?ruta=rc-del-valle
1,Consultorio Medico Sin Nombre,consultorio,76,18.469049,-97.390104,https://mitehuacan.mx/?ruta=rc-del-valle
1,Clinica Dental Orduña,consultorio,78,18.460811,-97.387849,https://mitehuacan.mx/?ruta=rc-del-valle
1,Consultorio Psicologico Efecto Mariposa,consultorio,83,18.465955,-97.388643,https://mitehuacan.mx/?ruta=rc-del-valle
1,Consultorio Dental Ortidenth,consultorio,88,18.461501,-97.390292,https://mitehuacan.mx/?ruta=rc-del-valle
1,Consultoriode Terapia Diego,consultorio,89,18.466949,-97.39026,https://mitehuacan.mx/?ruta=rc-del-valle
1,Consultorio Dental Sin Nombre,consultorio,94,18.462849,-97.390342,https://mitehuacan.mx/?ruta=rc-del-valle
1,Clinica Dental Bravo,consultorio,95,18.46589,-97.387915,https://mitehuacan.mx/?ruta=rc-del-valle
1,Centro De Podologia De Tehuacan,consultorio,98,18.462784,-97.388522,https://mitehuacan.mx/?ruta=rc-del-valle
1,Sanatorio El Nuevo Siglo,consultorio,98,18.465891,-97.388503,https://mitehuacan.mx/?ruta=rc-del-valle
1,Consultorio Dental,consultorio,99,18.462851,-97.390389,https://mitehuacan.mx/?ruta=rc-del-valle
1,Consultorio De Similares,consultorio,103,18.460787,-97.39044,https://mitehuacan.mx/?ruta=rc-del-valle
1,Consultorio Medico Farmacias Similares,consultorio,103,18.460787,-97.39044,https://mitehuacan.mx/?ruta=rc-del-valle
1,Dental Veracruzana,consultorio,103,18.460741,-97.388487,https://mitehuacan.mx/?ruta=rc-del-valle
1,Consultorio Dental,consultorio,107,18.460896,-97.390474,https://mitehuacan.mx/?ruta=rc-del-valle
1,Consultorio De Medicina Natural,consultorio,108,18.462889,-97.388063,https://mitehuacan.mx/?ruta=rc-del-valle
1,Km Consultorio Dental,consultorio,109,18.464622,-97.388409,https://mitehuacan.mx/?ruta=rc-del-valle
1,Consultorio Dental Sin Nombre,consultorio,112,18.469065,-97.390445,https://mitehuacan.mx/?ruta=rc-del-valle
1,Unidad De Cuidado De Heridas,consultorio,112,18.469993,-97.389352,https://mitehuacan.mx/?ruta=rc-del-valle
1,Escuela De Formacion En Tecnicas Orientales Neijing,consultorio,115,18.470099,-97.386558,https://mitehuacan.mx/?ruta=rc-del-valle
1,Quiropractica Tradicional Y Masajista,consultorio,115,18.460144,-97.388213,https://mitehuacan.mx/?ruta=rc-del-valle
1,Consultorio Doctor Sergio Avendano Aguilar,consultorio,116,18.462891,-97.388139,https://mitehuacan.mx/?ruta=rc-del-valle
1,Clinica Dental Oral,consultorio,118,18.464794,-97.388322,https://mitehuacan.mx/?ruta=rc-del-valle
1,Clinica De Control De Peso Rivere,consultorio,120,18.464802,-97.385864,https://mitehuacan.mx/?ruta=rc-del-valle
1,Clinica Dental Gara,consultorio,121,18.462775,-97.38819,https://mitehuacan.mx/?ruta=rc-del-valle
1,Optica Visual Blue,consultorio,123,18.464793,-97.388274,https://mitehuacan.mx/?ruta=rc-del-valle
1,Consultorio Dental Idental,consultorio,124,18.457501,-97.389772,https://mitehuacan.mx/?ruta=rc-del-valle
1,Huesero,consultorio,124,18.457456,-97.388635,https://mitehuacan.mx/?ruta=rc-del-valle
1,Clinica De Columna Ozonoterapia,consultorio,126,18.462777,-97.388238,https://mitehuacan.mx/?ruta=rc-del-valle
1,Consultorio Dental May Dental Studio,consultorio,126,18.464926,-97.390632,https://mitehuacan.mx/?ruta=rc-del-valle
1,Optica Galileo,consultorio,126,18.462777,-97.388257,https://mitehuacan.mx/?ruta=rc-del-valle
1,Consultorio Medico,consultorio,127,18.462859,-97.390654,https://mitehuacan.mx/?ruta=rc-del-valle
1,Centro Optico,consultorio,136,18.460675,-97.385823,https://mitehuacan.mx/?ruta=rc-del-valle
1,Consultorio Dental Consultorio Mona Lisa,consultorio,137,18.457352,-97.388885,https://mitehuacan.mx/?ruta=rc-del-valle
1,Consultorio Dental,consultorio,146,18.460744,-97.385726,https://mitehuacan.mx/?ruta=rc-del-valle
1,Consultorio Dental Sin Nombre,consultorio,149,18.46205,-97.390871,https://mitehuacan.mx/?ruta=rc-del-valle
1,Cs3 Nucleos Basicos San Pedro Acoquiaco,consultorio,149,18.467867,-97.382506,https://mitehuacan.mx/?ruta=rc-del-valle
1,Laboratorio Dental Gasca,dentista,14,18.462586,-97.389323,https://mitehuacan.mx/?ruta=rc-del-valle
1,Laboratorio Dental,dentista,121,18.46589,-97.388162,https://mitehuacan.mx/?ruta=rc-del-valle
1,Arcade G.O.2,electrónica,0,18.458825,-97.387168,https://mitehuacan.mx/?ruta=rc-del-valle
1,Tecni-Cell,electrónica,1,18.463106,-97.389438,https://mitehuacan.mx/?ruta=rc-del-valle
1,Reparacion De Celulares City Cell,electrónica,2,18.46353,-97.389425,https://mitehuacan.mx/?ruta=rc-del-valle
1,Reparacion De Celulares Global Technology,electrónica,2,18.458612,-97.389194,https://mitehuacan.mx/?ruta=rc-del-valle
1,Servicio De Reparacion Yo Reparo,electrónica,2,18.463676,-97.38942,https://mitehuacan.mx/?ruta=rc-del-valle
1,Compra Venta De Accesorios Para Celular Cell Partes Puebla,electrónica,3,18.464001,-97.389409,https://mitehuacan.mx/?ruta=rc-del-valle
1,Renta De Videojuegos Y Maquinitas Sin Nombre,electrónica,3,18.464006,-97.389409,https://mitehuacan.mx/?ruta=rc-del-valle
1,Refacciones Para Gas,electrónica,4,18.469265,-97.382573,https://mitehuacan.mx/?ruta=rc-del-valle
1,Reparacion De Celulares Playstore,electrónica,4,18.464253,-97.389402,https://mitehuacan.mx/?ruta=rc-del-valle
1,Reparacion De Televisores,electrónica,4,18.469258,-97.38283,https://mitehuacan.mx/?ruta=rc-del-valle
1,Electronica Y Servicio Sin Nombre,electrónica,5,18.466753,-97.389379,https://mitehuacan.mx/?ruta=rc-del-valle
1,Maquinitas Tragamonedas,electrónica,5,18.464568,-97.386951,https://mitehuacan.mx/?ruta=rc-del-valle
1,Reparacion Celulares Megatronic,electrónica,5,18.461891,-97.38703,https://mitehuacan.mx/?ruta=rc-del-valle
1,Taller De Computadoras,electrónica,5,18.462337,-97.387101,https://mitehuacan.mx/?ruta=rc-del-valle
1,Reparacel,electrónica,6,18.458653,-97.387108,https://mitehuacan.mx/?ruta=rc-del-valle
1,Electronica Jensen,electrónica,7,18.468904,-97.389263,https://mitehuacan.mx/?ruta=rc-del-valle
1,Servicio De Reparacion Electronica Juarez,electrónica,11,18.460718,-97.387216,https://mitehuacan.mx/?ruta=rc-del-valle
1,Reparacion De Telefonos Sin Nombre,electrónica,12,18.461293,-97.389346,https://mitehuacan.mx/?ruta=rc-del-valle
1,Venta De Material De Bocina Y Reparacion Tecnica Universal,electrónica,12,18.460153,-97.389375,https://mitehuacan.mx/?ruta=rc-del-valle
1,Electronica Osorio,electrónica,14,18.462803,-97.389317,https://mitehuacan.mx/?ruta=rc-del-valle
1,Reparacion De Celulares Fixcel,electrónica,16,18.463744,-97.389291,https://mitehuacan.mx/?ruta=rc-del-valle
1,Taller De Reparacion De Pantallas Servicio Digitial,electrónica,17,18.464486,-97.389278,https://mitehuacan.mx/?ruta=rc-del-valle
1,Renta De Maquinitas,electrónica,21,18.460705,-97.386913,https://mitehuacan.mx/?ruta=rc-del-valle
1,Renta De Xbox,electrónica,21,18.461573,-97.389661,https://mitehuacan.mx/?ruta=rc-del-valle
1,Tienda Derefacciones De Linea Blanca Y Electrodomesticos,electrónica,27,18.462751,-97.387299,https://mitehuacan.mx/?ruta=rc-del-valle
1,Venta De Accesorios Celulares Computacion Y Repaciones De Ce,electrónica,55,18.460845,-97.388939,https://mitehuacan.mx/?ruta=rc-del-valle
1,Maquinitas Juegos Sin Nombre,electrónica,65,18.461579,-97.390071,https://mitehuacan.mx/?ruta=rc-del-valle
1,Taller De Sistemas Audio Fuentes,electrónica,69,18.461486,-97.386431,https://mitehuacan.mx/?ruta=rc-del-valle
1,Steren,electrónica,69,18.462825,-97.388796,https://mitehuacan.mx/?ruta=rc-del-valle
1,Mobile Unlock,electrónica,87,18.460729,-97.387937,https://mitehuacan.mx/?ruta=rc-del-valle
1,Servicios De Computadoras Tehuacan,electrónica,116,18.462891,-97.388139,https://mitehuacan.mx/?ruta=rc-del-valle
1,Reparacion De Celulares Salto Del Agua,electrónica,117,18.460898,-97.390569,https://mitehuacan.mx/?ruta=rc-del-valle
1,Reparacion De Celulares Androicell,electrónica,120,18.459985,-97.385997,https://mitehuacan.mx/?ruta=rc-del-valle
1,Taller De Electronica Escorpion,electrónica,124,18.457469,-97.389128,https://mitehuacan.mx/?ruta=rc-del-valle
1,Tienda De Articulos Para Celular Gsm Un Looker,electrónica,124,18.457474,-97.389213,https://mitehuacan.mx/?ruta=rc-del-valle
1,Compra Venta De Audios Y Video,electrónica,135,18.460666,-97.390749,https://mitehuacan.mx/?ruta=rc-del-valle
1,Mastercell,electrónica,145,18.458461,-97.385803,https://mitehuacan.mx/?ruta=rc-del-valle
1,Taller De Reparacion De Celulares Loby Reparaciones,electrónica,147,18.46493,-97.390831,https://mitehuacan.mx/?ruta=rc-del-valle
1,Estetica Sin Nombre,estética,0,18.470009,-97.376865,https://mitehuacan.mx/?ruta=rc-del-valle
1,Estetica Sin Nombre,estética,1,18.466327,-97.387022,https://mitehuacan.mx/?ruta=rc-del-valle
1,Estetica Kary Rios,estética,2,18.46597,-97.389449,https://mitehuacan.mx/?ruta=rc-del-valle
1,Peluqueria Sin Nombre,estética,3,18.468908,-97.388572,https://mitehuacan.mx/?ruta=rc-del-valle
1,Salon De Belleza Divaos,estética,3,18.461776,-97.387107,https://mitehuacan.mx/?ruta=rc-del-valle
1,Estetica Unisex Francis,estética,4,18.468481,-97.389359,https://mitehuacan.mx/?ruta=rc-del-valle
1,Estetica Madoza,estética,5,18.459869,-97.38955,https://mitehuacan.mx/?ruta=rc-del-valle
1,Estetica Nicte-Ha,estética,5,18.464469,-97.386953,https://mitehuacan.mx/?ruta=rc-del-valle
1,Estetica Vero,estética,5,18.458889,-97.389495,https://mitehuacan.mx/?ruta=rc-del-valle
1,Salon De Belleza Anna,estética,5,18.463874,-97.387047,https://mitehuacan.mx/?ruta=rc-del-valle
1,Estetica Nueva Imagen,estética,6,18.458605,-97.387316,https://mitehuacan.mx/?ruta=rc-del-valle
1,Estetica Vero,estética,6,18.458707,-97.387108,https://mitehuacan.mx/?ruta=rc-del-valle
1,Salon De Belleza Ilian,estética,6,18.472824,-97.371788,https://mitehuacan.mx/?ruta=rc-del-valle
1,Barberia Merimar,estética,7,18.464906,-97.389504,https://mitehuacan.mx/?ruta=rc-del-valle
1,Estetica Glamur,estética,7,18.465872,-97.386943,https://mitehuacan.mx/?ruta=rc-del-valle
1,Estetica Marisol,estética,7,18.461203,-97.387037,https://mitehuacan.mx/?ruta=rc-del-valle
1,Salon De Belleza Melani,estética,7,18.468669,-97.389462,https://mitehuacan.mx/?ruta=rc-del-valle
1,Salon De Belleza Sin Nombre,estética,8,18.45863,-97.387693,https://mitehuacan.mx/?ruta=rc-del-valle
1,Estetica Unisex Faby,estética,10,18.458492,-97.388671,https://mitehuacan.mx/?ruta=rc-del-valle
1,Peluqueria El Sol,estética,10,18.458657,-97.388092,https://mitehuacan.mx/?ruta=rc-del-valle
1,Peluqueria Y Barberia Papi Chulo,estética,14,18.459492,-97.389383,https://mitehuacan.mx/?ruta=rc-del-valle
1,Barberia Mamalon,estética,15,18.464826,-97.389582,https://mitehuacan.mx/?ruta=rc-del-valle
1,Estetica Sin Nombre,estética,15,18.464748,-97.387147,https://mitehuacan.mx/?ruta=rc-del-valle
1,Barberia Black Barber,estética,16,18.469022,-97.389536,https://mitehuacan.mx/?ruta=rc-del-valle
1,Estitica Unisex Estilo Y Color,estética,16,18.463581,-97.389293,https://mitehuacan.mx/?ruta=rc-del-valle
1,Decoracion De Uñas Estudio De Uñas Nancy Robles,estética,17,18.465826,-97.389265,https://mitehuacan.mx/?ruta=rc-del-valle
1,Instituto De Belleza Essence,estética,17,18.465744,-97.389265,https://mitehuacan.mx/?ruta=rc-del-valle
1,Gina Salon,estética,18,18.458506,-97.387006,https://mitehuacan.mx/?ruta=rc-del-valle
1,Melendez Beauty Studio,estética,19,18.469151,-97.389344,https://mitehuacan.mx/?ruta=rc-del-valle
1,Peluqueria De Barrio,estética,23,18.460795,-97.387327,https://mitehuacan.mx/?ruta=rc-del-valle
1,Estetica Fashion Nails,estética,24,18.461493,-97.389685,https://mitehuacan.mx/?ruta=rc-del-valle
1,Peluqueria Sin Nombre,estética,25,18.465889,-97.389196,https://mitehuacan.mx/?ruta=rc-del-valle
1,Servicio De Spa,estética,26,18.458623,-97.389801,https://mitehuacan.mx/?ruta=rc-del-valle
1,Barberia Caballero,estética,29,18.460779,-97.386835,https://mitehuacan.mx/?ruta=rc-del-valle
1,Salon De Belleza Divine,estética,29,18.464896,-97.389163,https://mitehuacan.mx/?ruta=rc-del-valle
1,Body & Face,estética,34,18.469287,-97.389345,https://mitehuacan.mx/?ruta=rc-del-valle
1,Estetica Marylu,estética,35,18.473168,-97.374861,https://mitehuacan.mx/?ruta=rc-del-valle
1,Barbara Nery Salon De Belleza,estética,38,18.464812,-97.386642,https://mitehuacan.mx/?ruta=rc-del-valle
1,Centro Estetico Carmen,estética,42,18.460849,-97.389062,https://mitehuacan.mx/?ruta=rc-del-valle
1,Estetica Mago,estética,44,18.464912,-97.389855,https://mitehuacan.mx/?ruta=rc-del-valle
1,Peluqueria Varela,estética,44,18.46088,-97.389877,https://mitehuacan.mx/?ruta=rc-del-valle
1,Estetica Chelys,estética,48,18.464832,-97.389886,https://mitehuacan.mx/?ruta=rc-del-valle
1,Peluqueria El Arte,estética,51,18.461577,-97.389939,https://mitehuacan.mx/?ruta=rc-del-valle
1,Barberia Ballesteros Barber Shop,estética,52,18.464832,-97.389924,https://mitehuacan.mx/?ruta=rc-del-valle
1,Estetica Unisex Scorpion,estética,52,18.472999,-97.376371,https://mitehuacan.mx/?ruta=rc-del-valle
1,Estetica Yare Angy,estética,55,18.469074,-97.376246,https://mitehuacan.mx/?ruta=rc-del-valle
1,Barberia Yahel,estética,60,18.469754,-97.383907,https://mitehuacan.mx/?ruta=rc-del-valle
1,Drean Lashes Aplicacion De Pestañas,estética,62,18.465702,-97.386422,https://mitehuacan.mx/?ruta=rc-del-valle
1,Peluqueria El Diamante,estética,62,18.464809,-97.386414,https://mitehuacan.mx/?ruta=rc-del-valle
1,Barberia Gallardo,estética,68,18.462879,-97.387684,https://mitehuacan.mx/?ruta=rc-del-valle
1,Estetica Livia,estética,68,18.472399,-97.378236,https://mitehuacan.mx/?ruta=rc-del-valle
1,Estetica Athelier,estética,69,18.464917,-97.390092,https://mitehuacan.mx/?ruta=rc-del-valle
1,Servicio De Tatuajes Ramons Tattoo,estética,69,18.464835,-97.390085,https://mitehuacan.mx/?ruta=rc-del-valle
1,Spa Oh My Lashes,estética,69,18.464835,-97.390085,https://mitehuacan.mx/?ruta=rc-del-valle
1,Estetica Unisex,estética,70,18.466941,-97.39008,https://mitehuacan.mx/?ruta=rc-del-valle
1,Estetica Unisex,estética,72,18.468567,-97.382721,https://mitehuacan.mx/?ruta=rc-del-valle
1,Aplicacion De Uñas Sin Nombre,estética,73,18.469763,-97.385701,https://mitehuacan.mx/?ruta=rc-del-valle
1,Estetica Luisita,estética,75,18.460727,-97.387823,https://mitehuacan.mx/?ruta=rc-del-valle
1,Servicio De Tatuajes Veneno,estética,75,18.458423,-97.390239,https://mitehuacan.mx/?ruta=rc-del-valle
1,Estetica Maribel,estética,81,18.46089,-97.390227,https://mitehuacan.mx/?ruta=rc-del-valle
1,Estetica Chelita,estética,83,18.460693,-97.386325,https://mitehuacan.mx/?ruta=rc-del-valle
1,Estetica Diannails,estética,83,18.469731,-97.389349,https://mitehuacan.mx/?ruta=rc-del-valle
1,Estetica Sanlops,estética,90,18.465882,-97.390277,https://mitehuacan.mx/?ruta=rc-del-valle
1,Peluqueria Yoldi,estética,91,18.473333,-97.376943,https://mitehuacan.mx/?ruta=rc-del-valle
1,Ballesteros Barber Shop,estética,96,18.46484,-97.390341,https://mitehuacan.mx/?ruta=rc-del-valle
1,Kaily Salon Y Spa,estética,97,18.468983,-97.390306,https://mitehuacan.mx/?ruta=rc-del-valle
1,Estetica Mariel,estética,99,18.462835,-97.386101,https://mitehuacan.mx/?ruta=rc-del-valle
1,Estetica Osiris Estudio,estética,99,18.466421,-97.390359,https://mitehuacan.mx/?ruta=rc-del-valle
1,Aplicacion De Uñas Shey Nails,estética,108,18.464405,-97.388419,https://mitehuacan.mx/?ruta=rc-del-valle
1,Estetica Sin Nombre,estética,109,18.46465,-97.388408,https://mitehuacan.mx/?ruta=rc-del-valle
1,Estetica Aurora,estética,120,18.465106,-97.385868,https://mitehuacan.mx/?ruta=rc-del-valle
1,Decoracion De Uñas Sin Nombre,estética,121,18.462778,-97.388304,https://mitehuacan.mx/?ruta=rc-del-valle
1,Tatoo Estudio,estética,121,18.472368,-97.378733,https://mitehuacan.mx/?ruta=rc-del-valle
1,Manhattan Studio,estética,122,18.464926,-97.390594,https://mitehuacan.mx/?ruta=rc-del-valle
1,Peluqueria Mundo,estética,122,18.465649,-97.385855,https://mitehuacan.mx/?ruta=rc-del-valle
1,Barber Shop Big Boy,estética,123,18.457483,-97.389336,https://mitehuacan.mx/?ruta=rc-del-valle
1,Estetica Unisex Estilo,estética,123,18.457479,-97.389279,https://mitehuacan.mx/?ruta=rc-del-valle
1,Nails Love Boutique,estética,123,18.457497,-97.389649,https://mitehuacan.mx/?ruta=rc-del-valle
1,Servicio De Barberia,estética,124,18.45744,-97.387943,https://mitehuacan.mx/?ruta=rc-del-valle
1,Estetica Ibe,estética,125,18.457452,-97.388493,https://mitehuacan.mx/?ruta=rc-del-valle
1,Estetica Maybelin,estética,126,18.464802,-97.385807,https://mitehuacan.mx/?ruta=rc-del-valle
1,Estudio De Arte Utopia Studio,estética,127,18.462859,-97.390654,https://mitehuacan.mx/?ruta=rc-del-valle
1,Perforaciones Para El Cuerpo Teocalli,estética,127,18.462859,-97.390654,https://mitehuacan.mx/?ruta=rc-del-valle
1,Tatoos Y Piercing Hackalo,estética,127,18.462859,-97.390654,https://mitehuacan.mx/?ruta=rc-del-valle
1,Peluqueria El Sol,estética,129,18.459118,-97.390754,https://mitehuacan.mx/?ruta=rc-del-valle
1,Tienda De Bisuteria Sin Nombre,estética,130,18.459244,-97.390753,https://mitehuacan.mx/?ruta=rc-del-valle
1,Estetica Fashion Nails,estética,131,18.459724,-97.390751,https://mitehuacan.mx/?ruta=rc-del-valle
1,Estetica Unisex Ariana,estética,131,18.45976,-97.39075,https://mitehuacan.mx/?ruta=rc-del-valle
1,Estetica Unisex Sin Nombre,estética,133,18.457364,-97.388164,https://mitehuacan.mx/?ruta=rc-del-valle
1,Tienda De Tatuajes Y Piercing Firme Tinta,estética,133,18.457368,-97.388354,https://mitehuacan.mx/?ruta=rc-del-valle
1,Barberia Kings,estética,137,18.464928,-97.390737,https://mitehuacan.mx/?ruta=rc-del-valle
1,Estetica Nuevo Amanecer,estética,137,18.467912,-97.383586,https://mitehuacan.mx/?ruta=rc-del-valle
1,Estetica Unisex Interbel,estética,138,18.462495,-97.390763,https://mitehuacan.mx/?ruta=rc-del-valle
1,Peluqueria Y Barberia Sin Nombre,estética,142,18.460673,-97.385766,https://mitehuacan.mx/?ruta=rc-del-valle
1,Barberia Crisis Estudio,estética,144,18.462977,-97.390812,https://mitehuacan.mx/?ruta=rc-del-valle
1,Servicio De Tatuajes Perforaciones Barberia Crisis Estudio,estética,144,18.462977,-97.390812,https://mitehuacan.mx/?ruta=rc-del-valle
1,Estetica Unisex Sin Nombre,estética,145,18.458663,-97.390919,https://mitehuacan.mx/?ruta=rc-del-valle
1,Estetica Estetica Unisex Luz,estética,146,18.457275,-97.389432,https://mitehuacan.mx/?ruta=rc-del-valle
1,Spa Con Servicios Podologicos Lineosovi,estética,146,18.457333,-97.386628,https://mitehuacan.mx/?ruta=rc-del-valle
1,Estetica Jireh,estética,149,18.469082,-97.390796,https://mitehuacan.mx/?ruta=rc-del-valle
1,Farmacia Farmex,farmacia,1,18.469263,-97.376768,https://mitehuacan.mx/?ruta=rc-del-valle
1,Farmacias Similares,farmacia,1,18.461701,-97.389463,https://mitehuacan.mx/?ruta=rc-del-valle
1,Farmacia Niño Doctor,farmacia,2,18.469198,-97.384265,https://mitehuacan.mx/?ruta=rc-del-valle
1,Farmacia San Pedro,farmacia,3,18.469181,-97.383506,https://mitehuacan.mx/?ruta=rc-del-valle
1,Venta De Productos Farmaceuticos Botica Del Mercado,farmacia,3,18.459667,-97.389483,https://mitehuacan.mx/?ruta=rc-del-valle
1,Farmacia de Ahorro,farmacia,3,18.460775,-97.389493,https://mitehuacan.mx/?ruta=rc-del-valle
1,Farmacia Optima,farmacia,4,18.464232,-97.386957,https://mitehuacan.mx/?ruta=rc-del-valle
1,Farmacia San Pedro,farmacia,4,18.46918,-97.380264,https://mitehuacan.mx/?ruta=rc-del-valle
1,Farmacia de Apoyo,farmacia,5,18.46298,-97.389497,https://mitehuacan.mx/?ruta=rc-del-valle
1,Farmacia Start,farmacia,6,18.46917,-97.37751,https://mitehuacan.mx/?ruta=rc-del-valle
1,Farmacia De Apoyo Sucursal 24,farmacia,7,18.462946,-97.389518,https://mitehuacan.mx/?ruta=rc-del-valle
1,Farmacias La Luz,farmacia,7,18.46503,-97.386944,https://mitehuacan.mx/?ruta=rc-del-valle
1,Farmacia de Apoyo,farmacia,7,18.460864,-97.389397,https://mitehuacan.mx/?ruta=rc-del-valle
1,Farmacia Del Valle,farmacia,8,18.471627,-97.377402,https://mitehuacan.mx/?ruta=rc-del-valle
1,Farmacia Farmex,farmacia,8,18.460707,-97.387036,https://mitehuacan.mx/?ruta=rc-del-valle
1,Farmacias Similares,farmacia,10,18.458655,-97.388072,https://mitehuacan.mx/?ruta=rc-del-valle
1,Farmacia Pasteur,farmacia,11,18.460487,-97.389371,https://mitehuacan.mx/?ruta=rc-del-valle
1,Farmacia Apoyo Popular,farmacia,14,18.460893,-97.389336,https://mitehuacan.mx/?ruta=rc-del-valle
1,Farmacias Del Ahorro Pue Pe3O 3 Oriente,farmacia,14,18.460764,-97.389602,https://mitehuacan.mx/?ruta=rc-del-valle
1,Farmacia De Apoyo,farmacia,15,18.462948,-97.389595,https://mitehuacan.mx/?ruta=rc-del-valle
1,Farmacia San Salvador,farmacia,18,18.466808,-97.386849,https://mitehuacan.mx/?ruta=rc-del-valle
1,Farmacia Y Perfumeria Victorino,farmacia,71,18.458637,-97.390227,https://mitehuacan.mx/?ruta=rc-del-valle
1,Farmacias Similares,farmacia,78,18.46078,-97.390203,https://mitehuacan.mx/?ruta=rc-del-valle
1,Farmacia Victorinox,farmacia,88,18.45866,-97.390378,https://mitehuacan.mx/?ruta=rc-del-valle
1,Venta De Medicamentos Farmacia De La Economia,farmacia,90,18.462787,-97.388598,https://mitehuacan.mx/?ruta=rc-del-valle
1,Farmacias Similares,farmacia,104,18.462888,-97.388024,https://mitehuacan.mx/?ruta=rc-del-valle
1,Venta De Medicamentos Farmacia El Pastillero,farmacia,108,18.460829,-97.388446,https://mitehuacan.mx/?ruta=rc-del-valle
1,Farmacia De Genericos,farmacia,119,18.46051,-97.385988,https://mitehuacan.mx/?ruta=rc-del-valle
1,Farmacia el pastillero,farmacia,137,18.46086,-97.390762,https://mitehuacan.mx/?ruta=rc-del-valle
1,Ferreteria Americana,ferretería,3,18.462606,-97.387019,https://mitehuacan.mx/?ruta=rc-del-valle
1,Ferreteria El Ferretero,ferretería,4,18.464915,-97.389396,https://mitehuacan.mx/?ruta=rc-del-valle
1,Tornilleria Y Hules Tehuacan,ferretería,5,18.462382,-97.3871,https://mitehuacan.mx/?ruta=rc-del-valle
1,Ferreteria Arriaga,ferretería,6,18.46086,-97.38705,https://mitehuacan.mx/?ruta=rc-del-valle
1,Ferreteria Comercial Gonzalez,ferretería,6,18.46087,-97.389517,https://mitehuacan.mx/?ruta=rc-del-valle
1,Tripay Del Centro,ferretería,12,18.461293,-97.389346,https://mitehuacan.mx/?ruta=rc-del-valle
1,Ferretera Arriaga,ferretería,13,18.462252,-97.389331,https://mitehuacan.mx/?ruta=rc-del-valle
1,El Ferretero,ferretería,14,18.462812,-97.389317,https://mitehuacan.mx/?ruta=rc-del-valle
1,Distribuciones Jorta,ferretería,15,18.459184,-97.389387,https://mitehuacan.mx/?ruta=rc-del-valle
1,Ferreteria El Proveedor Ferretero,ferretería,15,18.46322,-97.389308,https://mitehuacan.mx/?ruta=rc-del-valle
1,Ferreteria Mexico,ferretería,15,18.46322,-97.389308,https://mitehuacan.mx/?ruta=rc-del-valle
1,Ferreteria King,ferretería,17,18.46426,-97.389282,https://mitehuacan.mx/?ruta=rc-del-valle
1,Ferretera Leon,ferretería,22,18.460874,-97.389668,https://mitehuacan.mx/?ruta=rc-del-valle
1,Tornilleria Independencia,ferretería,27,18.460704,-97.386856,https://mitehuacan.mx/?ruta=rc-del-valle
1,Todo Pa Gas Y Agua Bianchi Gas,ferretería,42,18.460776,-97.386711,https://mitehuacan.mx/?ruta=rc-del-valle
1,Articulos Para Casa Y Negocio Gas Rey,ferretería,45,18.460801,-97.387536,https://mitehuacan.mx/?ruta=rc-del-valle
1,Ferreteria El Ferretero,ferretería,50,18.462839,-97.389925,https://mitehuacan.mx/?ruta=rc-del-valle
1,Sucursal El Gallo Ferreteria,ferretería,50,18.460723,-97.387586,https://mitehuacan.mx/?ruta=rc-del-valle
1,Todo Para Gas Y Agua Bianchi Gas,ferretería,59,18.460697,-97.386553,https://mitehuacan.mx/?ruta=rc-del-valle
1,Tornillera De Tehuacan,ferretería,69,18.462879,-97.387694,https://mitehuacan.mx/?ruta=rc-del-valle
1,Ferreteria Arriaga Ferreteria,ferretería,84,18.458444,-97.390331,https://mitehuacan.mx/?ruta=rc-del-valle
1,Ferreteria Leon,ferretería,85,18.460891,-97.390265,https://mitehuacan.mx/?ruta=rc-del-valle
1,Todo Para Gas Y Agua Bianchi Gas,ferretería,87,18.460743,-97.388639,https://mitehuacan.mx/?ruta=rc-del-valle
1,Ferreteria Y Tlapaleria Del Mercado,ferretería,108,18.462853,-97.390474,https://mitehuacan.mx/?ruta=rc-del-valle
1,Ave Ferreteria,ferretería,132,18.459977,-97.390749,https://mitehuacan.mx/?ruta=rc-del-valle
1,Electrica Codesa,ferretería,138,18.462332,-97.390762,https://mitehuacan.mx/?ruta=rc-del-valle
1,Hotel El Campanario,hotel,0,18.462149,-97.389459,https://mitehuacan.mx/?ruta=rc-del-valle
1,Hotel Luxor,hotel,7,18.465447,-97.38694,https://mitehuacan.mx/?ruta=rc-del-valle
1,Hotel Ivanna Thais,hotel,8,18.458638,-97.387818,https://mitehuacan.mx/?ruta=rc-del-valle
1,Hotel Granada,hotel,9,18.4585,-97.388709,https://mitehuacan.mx/?ruta=rc-del-valle
1,Hotel La Suiza,hotel,15,18.459076,-97.389388,https://mitehuacan.mx/?ruta=rc-del-valle
1,Hotel Casa Amador,hotel,23,18.462867,-97.387258,https://mitehuacan.mx/?ruta=rc-del-valle
1,Hotel Belen,hotel,32,18.464896,-97.389134,https://mitehuacan.mx/?ruta=rc-del-valle
1,Motel New York,hotel,34,18.473087,-97.371607,https://mitehuacan.mx/?ruta=rc-del-valle
1,Hotel Casa Del Prado,hotel,42,18.461576,-97.389853,https://mitehuacan.mx/?ruta=rc-del-valle
1,Hotel Granada,hotel,62,18.458022,-97.388704,https://mitehuacan.mx/?ruta=rc-del-valle
1,Hotel Emperador,hotel,67,18.45823,-97.386627,https://mitehuacan.mx/?ruta=rc-del-valle
1,Hotel Posada Del Viajero,hotel,68,18.462792,-97.388806,https://mitehuacan.mx/?ruta=rc-del-valle
1,Hotelitto Inn,hotel,90,18.460834,-97.388616,https://mitehuacan.mx/?ruta=rc-del-valle
1,Hotel Mendoza,hotel,95,18.46069,-97.386211,https://mitehuacan.mx/?ruta=rc-del-valle
1,Hotel Motel Pasion,hotel,133,18.457369,-97.388401,https://mitehuacan.mx/?ruta=rc-del-valle
1,Grupo Inmobiliario La Union,inmobiliaria,21,18.462867,-97.387239,https://mitehuacan.mx/?ruta=rc-del-valle
1,Inmoviliaria Fincasa,inmobiliaria,26,18.462927,-97.3892,https://mitehuacan.mx/?ruta=rc-del-valle
1,Administracion Plaza El Mezon,inmobiliaria,88,18.461501,-97.390292,https://mitehuacan.mx/?ruta=rc-del-valle
1,Comercializadora Terrecasas,inmobiliaria,104,18.466955,-97.390402,https://mitehuacan.mx/?ruta=rc-del-valle
1,Inmobiliaria Multiventas,inmobiliaria,107,18.460896,-97.390474,https://mitehuacan.mx/?ruta=rc-del-valle
1,Inmobiliaria La Roca,inmobiliaria,126,18.460678,-97.385918,https://mitehuacan.mx/?ruta=rc-del-valle
1,Venta De Terrenos Palma,inmobiliaria,127,18.462859,-97.390654,https://mitehuacan.mx/?ruta=rc-del-valle
1,Inmobiliaria Grupo Independiente De Remates,inmobiliaria,138,18.462287,-97.390762,https://mitehuacan.mx/?ruta=rc-del-valle
1,Vulcanizadora El Potro,llantera,2,18.469271,-97.38319,https://mitehuacan.mx/?ruta=rc-del-valle
1,Vulcanizadora El Copete,llantera,6,18.459033,-97.387106,https://mitehuacan.mx/?ruta=rc-del-valle
1,Talacheria El Botargas,llantera,9,18.473244,-97.375105,https://mitehuacan.mx/?ruta=rc-del-valle
1,Venta De Llantas Sin Nombre,llantera,76,18.461412,-97.386367,https://mitehuacan.mx/?ruta=rc-del-valle
1,Talacheria Sandoval,llantera,95,18.468502,-97.376182,https://mitehuacan.mx/?ruta=rc-del-valle
1,Vitalizadora La Union,llantera,110,18.462178,-97.388102,https://mitehuacan.mx/?ruta=rc-del-valle
1,Vulcanizadora Roberto,llantera,138,18.45735,-97.389236,https://mitehuacan.mx/?ruta=rc-del-valle
1,Mueblería Delfer,muebles,0,18.460443,-97.389475,https://mitehuacan.mx/?ruta=rc-del-valle
1,Muebleria Sin Nombre,muebles,1,18.458558,-97.388095,https://mitehuacan.mx/?ruta=rc-del-valle
1,Articulos Para Tapiceria Anita,muebles,2,18.463522,-97.389425,https://mitehuacan.mx/?ruta=rc-del-valle
1,Doña Cama Y Don Ropero,muebles,2,18.460593,-97.387134,https://mitehuacan.mx/?ruta=rc-del-valle
1,Venta De Muebles Bruno,muebles,3,18.464254,-97.387032,https://mitehuacan.mx/?ruta=rc-del-valle
1,Muebleria Ofilinea,muebles,4,18.465594,-97.38939,https://mitehuacan.mx/?ruta=rc-del-valle
1,Carpinteria Bruno,muebles,8,18.472636,-97.375186,https://mitehuacan.mx/?ruta=rc-del-valle
1,Tapiceria Diaz,muebles,8,18.464825,-97.389507,https://mitehuacan.mx/?ruta=rc-del-valle
1,Carpinteria La 15 Letras,muebles,15,18.467039,-97.389275,https://mitehuacan.mx/?ruta=rc-del-valle
1,Muebleria Los Angeles,muebles,26,18.460796,-97.387356,https://mitehuacan.mx/?ruta=rc-del-valle
1,Taller De Tapiceria Sin Nombre,muebles,57,18.464738,-97.386464,https://mitehuacan.mx/?ruta=rc-del-valle
1,Tapiceria Jose Luis,muebles,59,18.46149,-97.386526,https://mitehuacan.mx/?ruta=rc-del-valle
1,Muebleria Feria Del Mueble,muebles,79,18.460745,-97.388714,https://mitehuacan.mx/?ruta=rc-del-valle
1,Taller De Madera Muebles Y Esculturas,muebles,87,18.458344,-97.390332,https://mitehuacan.mx/?ruta=rc-del-valle
1,Muebleria Doña Cama Y Don Ropero,muebles,114,18.459318,-97.386074,https://mitehuacan.mx/?ruta=rc-del-valle
1,Rb Decoraciones,muebles,115,18.466864,-97.39051,https://mitehuacan.mx/?ruta=rc-del-valle
1,Muebleria Secundino,muebles,119,18.46283,-97.385912,https://mitehuacan.mx/?ruta=rc-del-valle
1,Distribuidora Hidraulica Del Sureste,refacciones,1,18.466491,-97.387023,https://mitehuacan.mx/?ruta=rc-del-valle
1,Venta De Accesorios Automotrices Sin Nombre,refacciones,4,18.462063,-97.387029,https://mitehuacan.mx/?ruta=rc-del-valle
1,Rafaccionaria Autoelectrica Calva,refacciones,5,18.462346,-97.387101,https://mitehuacan.mx/?ruta=rc-del-valle
1,Compra Venta De Accesorios Para Automoviles Blacky,refacciones,41,18.458628,-97.389939,https://mitehuacan.mx/?ruta=rc-del-valle
1,MULTIREFAX,refacciones,55,18.462839,-97.386518,https://mitehuacan.mx/?ruta=rc-del-valle
1,Autopartes Avendaño,refacciones,58,18.462729,-97.386494,https://mitehuacan.mx/?ruta=rc-del-valle
1,Mr Web,refacciones,59,18.460725,-97.387672,https://mitehuacan.mx/?ruta=rc-del-valle
1,Refaccionaria Macsa,refacciones,59,18.464889,-97.388878,https://mitehuacan.mx/?ruta=rc-del-valle
1,Partes Automotrices De Emergencia,refacciones,79,18.462968,-97.390195,https://mitehuacan.mx/?ruta=rc-del-valle
1,Balatas De Tehuacan,refacciones,91,18.462837,-97.386177,https://mitehuacan.mx/?ruta=rc-del-valle
1,Compra Venta De Accesorios Para Automoviles Blaky,refacciones,123,18.457493,-97.389564,https://mitehuacan.mx/?ruta=rc-del-valle
1,Representaciones Industriales Y Comerciales Rosas,refacciones,125,18.457431,-97.387555,https://mitehuacan.mx/?ruta=rc-del-valle
1,Antojitos Mary Fer,restaurante,0,18.458579,-97.388522,https://mitehuacan.mx/?ruta=rc-del-valle
1,Fat Wookie Fast Food,restaurante,0,18.469534,-97.376768,https://mitehuacan.mx/?ruta=rc-del-valle
1,Super Tortas Hidalguenses,restaurante,0,18.458581,-97.388569,https://mitehuacan.mx/?ruta=rc-del-valle
1,Torteria La Super Torta,restaurante,0,18.462011,-97.38946,https://mitehuacan.mx/?ruta=rc-del-valle
1,Cocina Economica Norita,restaurante,1,18.458598,-97.388929,https://mitehuacan.mx/?ruta=rc-del-valle
1,Cocina Economica Sin Nombre,restaurante,1,18.465422,-97.387016,https://mitehuacan.mx/?ruta=rc-del-valle
1,Pizzas Archie S,restaurante,1,18.461133,-97.389468,https://mitehuacan.mx/?ruta=rc-del-valle
1,Pizzas Yankees,restaurante,1,18.463169,-97.389436,https://mitehuacan.mx/?ruta=rc-del-valle
1,Restaurante Mis Dos Regalos,restaurante,1,18.458569,-97.388323,https://mitehuacan.mx/?ruta=rc-del-valle
1,Rosticeria Pollos Guerrero,restaurante,1,18.461468,-97.389465,https://mitehuacan.mx/?ruta=rc-del-valle
1,Venta De Memelas Especiales Sin Nombre,restaurante,1,18.458563,-97.3882,https://mitehuacan.mx/?ruta=rc-del-valle
1,Antojitos Sin Nombre,restaurante,2,18.472963,-97.374045,https://mitehuacan.mx/?ruta=rc-del-valle
1,Carnitas El Porky,restaurante,2,18.464824,-97.389459,https://mitehuacan.mx/?ruta=rc-del-valle
1,Taqueria Junior,restaurante,2,18.471427,-97.376978,https://mitehuacan.mx/?ruta=rc-del-valle
1,Venta De Antojitos Sin Nombre,restaurante,2,18.469271,-97.38319,https://mitehuacan.mx/?ruta=rc-del-valle
1,Venta De Taquitos Doña Mary,restaurante,2,18.469126,-97.384258,https://mitehuacan.mx/?ruta=rc-del-valle
1,Pollos Asados,restaurante,3,18.47221,-97.377519,https://mitehuacan.mx/?ruta=rc-del-valle
1,Taqueria Mel,restaurante,3,18.462371,-97.387024,https://mitehuacan.mx/?ruta=rc-del-valle
1,Taqueria Vic Taco,restaurante,3,18.463739,-97.389418,https://mitehuacan.mx/?ruta=rc-del-valle
1,Venta De Carnitas Sin Nombre,restaurante,3,18.461903,-97.387106,https://mitehuacan.mx/?ruta=rc-del-valle
1,Cemitas Mary,restaurante,4,18.458517,-97.387243,https://mitehuacan.mx/?ruta=rc-del-valle
1,Hamburguesas El Betos,restaurante,4,18.468472,-97.389359,https://mitehuacan.mx/?ruta=rc-del-valle
1,Pollos Guerrero Tehuacán 4,restaurante,4,18.462743,-97.387005,https://mitehuacan.mx/?ruta=rc-del-valle
1,Cocina Economica El Tio Pelu,restaurante,5,18.469131,-97.377882,https://mitehuacan.mx/?ruta=rc-del-valle
1,Cocina Economica Sin Nombre,restaurante,5,18.45925,-97.387101,https://mitehuacan.mx/?ruta=rc-del-valle
1,Venta De Antojitos Sin Nombre,restaurante,5,18.469182,-97.377243,https://mitehuacan.mx/?ruta=rc-del-valle
1,Carnitas El Altepexano,restaurante,6,18.464824,-97.389488,https://mitehuacan.mx/?ruta=rc-del-valle
1,Jbs Restaurant Bar,restaurante,6,18.459177,-97.387102,https://mitehuacan.mx/?ruta=rc-del-valle
1,Taqueria Tac Mahal,restaurante,6,18.464831,-97.386947,https://mitehuacan.mx/?ruta=rc-del-valle
1,Rey De La Birria Taqueria,restaurante,7,18.466552,-97.386948,https://mitehuacan.mx/?ruta=rc-del-valle
1,Venta De Comida Para Llevar El Buen Comer,restaurante,7,18.466253,-97.386946,https://mitehuacan.mx/?ruta=rc-del-valle
1,Restaurant Mi Lupita,restaurante,11,18.460542,-97.389371,https://mitehuacan.mx/?ruta=rc-del-valle
1,Taqueria El Pastorcito,restaurante,11,18.460641,-97.38937,https://mitehuacan.mx/?ruta=rc-del-valle
1,Venta De Empanadas Sin Nombre,restaurante,11,18.460379,-97.389373,https://mitehuacan.mx/?ruta=rc-del-valle
1,Cocina Economica Carmelita,restaurante,13,18.46901,-97.383903,https://mitehuacan.mx/?ruta=rc-del-valle
1,Venta De Hamburguesas. Burguer Daddy,restaurante,13,18.462469,-97.389326,https://mitehuacan.mx/?ruta=rc-del-valle
1,Servicio De Comida. Restaurant El Cochibil,restaurante,14,18.468008,-97.389269,https://mitehuacan.mx/?ruta=rc-del-valle
1,Tortas Orozco,restaurante,14,18.462984,-97.389318,https://mitehuacan.mx/?ruta=rc-del-valle
1,Venta De Memelitas Antojitos Yuli,restaurante,14,18.461572,-97.389588,https://mitehuacan.mx/?ruta=rc-del-valle
1,Pizerias Chepe Pizas,restaurante,15,18.458447,-97.388675,https://mitehuacan.mx/?ruta=rc-del-valle
1,Taqueria El Rey Del Taco,restaurante,15,18.45841,-97.38718,https://mitehuacan.mx/?ruta=rc-del-valle
1,Taqueria Estilo Michoacan Sucursal 7 Sur,restaurante,15,18.458435,-97.387103,https://mitehuacan.mx/?ruta=rc-del-valle
1,Venta De Antojitos Mexicanos Comedor Mexicano,restaurante,15,18.464826,-97.389582,https://mitehuacan.mx/?ruta=rc-del-valle
1,Venta De Comida Para Llevar Sin Nombre,restaurante,15,18.469019,-97.383554,https://mitehuacan.mx/?ruta=rc-del-valle
1,Cocina Economica Casa Del Comensal,restaurante,16,18.464151,-97.389284,https://mitehuacan.mx/?ruta=rc-del-valle
1,Tacos De Birria Sin Nombre,restaurante,16,18.458777,-97.389392,https://mitehuacan.mx/?ruta=rc-del-valle
1,Comida Rapida Antojitos Sin Nombre,restaurante,17,18.464694,-97.389274,https://mitehuacan.mx/?ruta=rc-del-valle
1,Pizzas Alma Mixteco,restaurante,17,18.46464,-97.389275,https://mitehuacan.mx/?ruta=rc-del-valle
1,Taqueria Cayu,restaurante,17,18.46426,-97.389282,https://mitehuacan.mx/?ruta=rc-del-valle
1,Taqueria Estilo Michoacan,restaurante,17,18.465645,-97.389265,https://mitehuacan.mx/?ruta=rc-del-valle
1,Cemitas Del Valle,restaurante,18,18.469,-97.376764,https://mitehuacan.mx/?ruta=rc-del-valle
1,Rosticeria Pollos Fiesta,restaurante,18,18.462931,-97.389276,https://mitehuacan.mx/?ruta=rc-del-valle
1,Taqueria La Barranquita,restaurante,18,18.472454,-97.375112,https://mitehuacan.mx/?ruta=rc-del-valle
1,Cocina Econimica Jefe Roli,restaurante,19,18.465969,-97.389611,https://mitehuacan.mx/?ruta=rc-del-valle
1,Cocina Economica La Flor De Veracruz,restaurante,19,18.464827,-97.38962,https://mitehuacan.mx/?ruta=rc-del-valle
1,Pollos Guerrero Tehuacán 1,restaurante,20,18.461493,-97.38965,https://mitehuacan.mx/?ruta=rc-del-valle
1,Antojitos Aryse,restaurante,25,18.45832,-97.387184,https://mitehuacan.mx/?ruta=rc-del-valle
1,Venta De Antojitos Mexicanos Doña Mari,restaurante,25,18.461558,-97.389218,https://mitehuacan.mx/?ruta=rc-del-valle
1,Cocina Economica Y Elaboracion De Postres Sin Nombre,restaurante,29,18.461427,-97.386813,https://mitehuacan.mx/?ruta=rc-del-valle
1,Rosticeria Granada,restaurante,30,18.462869,-97.387324,https://mitehuacan.mx/?ruta=rc-del-valle
1,Desayunos Don Rene,restaurante,33,18.461579,-97.389151,https://mitehuacan.mx/?ruta=rc-del-valle
1,Cocina Comida China Jiawang,restaurante,38,18.462734,-97.386683,https://mitehuacan.mx/?ruta=rc-del-valle
1,Restaurante Casa Lupita,restaurante,39,18.460799,-97.387479,https://mitehuacan.mx/?ruta=rc-del-valle
1,Taqueria El Jefe,restaurante,42,18.458603,-97.386775,https://mitehuacan.mx/?ruta=rc-del-valle
1,Venta De Hambuerguesas Like,restaurante,42,18.45822,-97.389523,https://mitehuacan.mx/?ruta=rc-del-valle
1,Venta De Hamburguesas Le Crepe,restaurante,45,18.462649,-97.389879,https://mitehuacan.mx/?ruta=rc-del-valle
1,Memelas Y Quesadillas Juquila,restaurante,49,18.464739,-97.38654,https://mitehuacan.mx/?ruta=rc-del-valle
1,Cocina Economica Sin Nombre,restaurante,51,18.458135,-97.389409,https://mitehuacan.mx/?ruta=rc-del-valle
1,Venta De Antojitos Sin Nombre,restaurante,51,18.471965,-97.376921,https://mitehuacan.mx/?ruta=rc-del-valle
1,Crepaps Snaks,restaurante,52,18.468653,-97.384072,https://mitehuacan.mx/?ruta=rc-del-valle
1,Antojitos Alondra,restaurante,53,18.468653,-97.379921,https://mitehuacan.mx/?ruta=rc-del-valle
1,Taqueria El Flamazo,restaurante,53,18.458116,-97.389409,https://mitehuacan.mx/?ruta=rc-del-valle
1,Antojitos Ade,restaurante,65,18.465944,-97.386395,https://mitehuacan.mx/?ruta=rc-del-valle
1,Cocina Economica Donaji,restaurante,65,18.460696,-97.386496,https://mitehuacan.mx/?ruta=rc-del-valle
1,Venta De Cemas Cemitas La Poblanita,restaurante,67,18.462761,-97.387679,https://mitehuacan.mx/?ruta=rc-del-valle
1,Venta De Comida,restaurante,67,18.462284,-97.386423,https://mitehuacan.mx/?ruta=rc-del-valle
1,Taqueria El Gran Poblano,restaurante,68,18.462792,-97.388807,https://mitehuacan.mx/?ruta=rc-del-valle
1,Taqueria Sanchez,restaurante,70,18.458345,-97.386541,https://mitehuacan.mx/?ruta=rc-del-valle
1,Venta De Antojitos Sin Nombre,restaurante,78,18.466784,-97.386281,https://mitehuacan.mx/?ruta=rc-del-valle
1,Taqueria El Chino,restaurante,87,18.460835,-97.388645,https://mitehuacan.mx/?ruta=rc-del-valle
1,Pollos Rostizados El Nazareno,restaurante,91,18.462768,-97.387906,https://mitehuacan.mx/?ruta=rc-del-valle
1,Carnitas Doña Mari,restaurante,94,18.45807,-97.39024,https://mitehuacan.mx/?ruta=rc-del-valle
1,Fonda Chela,restaurante,97,18.457893,-97.386564,https://mitehuacan.mx/?ruta=rc-del-valle
1,Venta De Tortas. Torteria Pal Desayuno,restaurante,99,18.462718,-97.386105,https://mitehuacan.mx/?ruta=rc-del-valle
1,Fonda Juquilita,restaurante,104,18.462783,-97.388465,https://mitehuacan.mx/?ruta=rc-del-valle
1,Barbacoa El Venado,restaurante,105,18.468166,-97.384134,https://mitehuacan.mx/?ruta=rc-del-valle
1,Antojitos Kukos Luchs,restaurante,108,18.464469,-97.388416,https://mitehuacan.mx/?ruta=rc-del-valle
1,Antojitos Tita,restaurante,108,18.464387,-97.38842,https://mitehuacan.mx/?ruta=rc-del-valle
1,Venta De Memelitas Y Antojitos Sin Nombre,restaurante,108,18.457619,-97.389413,https://mitehuacan.mx/?ruta=rc-del-valle
1,Venta De Antojitos Mexicanos Sin Nombre,restaurante,113,18.458082,-97.386224,https://mitehuacan.mx/?ruta=rc-del-valle
1,Cocina Economica Eben Ezer,restaurante,115,18.468052,-97.377752,https://mitehuacan.mx/?ruta=rc-del-valle
1,Comedor Doña Mary,restaurante,115,18.468123,-97.376748,https://mitehuacan.mx/?ruta=rc-del-valle
1,Venta De Memelas Y Quesadillas Sin Nombre,restaurante,115,18.460089,-97.388219,https://mitehuacan.mx/?ruta=rc-del-valle
1,Cocina Economica Sin Nombre,restaurante,117,18.466239,-97.385911,https://mitehuacan.mx/?ruta=rc-del-valle
1,Fonda Cecy,restaurante,120,18.46023,-97.385993,https://mitehuacan.mx/?ruta=rc-del-valle
1,Rosticeria Super Pollo El Jarocho,restaurante,120,18.457467,-97.387145,https://mitehuacan.mx/?ruta=rc-del-valle
1,Cocina Economica Sin Nombre,restaurante,122,18.459676,-97.390666,https://mitehuacan.mx/?ruta=rc-del-valle
1,Bodega Sin Nombre,restaurante,123,18.458141,-97.386093,https://mitehuacan.mx/?ruta=rc-del-valle
1,Pollos Guerrero Tehuacán 2,restaurante,123,18.460791,-97.390633,https://mitehuacan.mx/?ruta=rc-del-valle
1,Tacos Estilo Michoacan,restaurante,123,18.462829,-97.385874,https://mitehuacan.mx/?ruta=rc-del-valle
1,Rosticeria Pollos Guerrero,restaurante,126,18.460792,-97.390658,https://mitehuacan.mx/?ruta=rc-del-valle
1,Venta De Tortas Y Aguas Cristal,restaurante,127,18.462859,-97.390654,https://mitehuacan.mx/?ruta=rc-del-valle
1,Aca Las Tortas,restaurante,128,18.458465,-97.385964,https://mitehuacan.mx/?ruta=rc-del-valle
1,Taqueria Sin Nombre,restaurante,128,18.470138,-97.389353,https://mitehuacan.mx/?ruta=rc-del-valle
1,Venta De Antojitos Mexicanos Sin Nombre,restaurante,128,18.460678,-97.385899,https://mitehuacan.mx/?ruta=rc-del-valle
1,Rosticeria El Tiempo,restaurante,133,18.460177,-97.390749,https://mitehuacan.mx/?ruta=rc-del-valle
1,Venta De Tortillas De Mano Sin Nombre,restaurante,133,18.457357,-97.387861,https://mitehuacan.mx/?ruta=rc-del-valle
1,Taqueria Juquilita,restaurante,134,18.460748,-97.38584,https://mitehuacan.mx/?ruta=rc-del-valle
1,Puesto De Chicharron Sin Nombre,restaurante,138,18.466969,-97.390725,https://mitehuacan.mx/?ruta=rc-del-valle
1,La Nueva Rosticeria,restaurante,149,18.460797,-97.390876,https://mitehuacan.mx/?ruta=rc-del-valle
1,Venta De Comida Para Llevar,restaurante,149,18.470463,-97.385508,https://mitehuacan.mx/?ruta=rc-del-valle
1,Torteria La Torteria Un Gusto,restaurante,150,18.462977,-97.390869,https://mitehuacan.mx/?ruta=rc-del-valle
1,Venta De Alimentos El Cabrito,restaurante,150,18.460906,-97.390881,https://mitehuacan.mx/?ruta=rc-del-valle
1,Sushi- 0,súper,1,18.469151,-97.38495,https://mitehuacan.mx/?ruta=rc-del-valle
1,Chedraui Tehuacan T046,súper,30,18.462853,-97.386753,https://mitehuacan.mx/?ruta=rc-del-valle
1,Chedraui,súper,45,18.463918,-97.386575,https://mitehuacan.mx/?ruta=rc-del-valle
1,11517 Dominos Pizza Tehuacan Ii,súper,65,18.462844,-97.386427,https://mitehuacan.mx/?ruta=rc-del-valle
1,Super Mi Es Mi Super,súper,71,18.458481,-97.386504,https://mitehuacan.mx/?ruta=rc-del-valle
1,Centro Comercial Alatriste,súper,120,18.461037,-97.388238,https://mitehuacan.mx/?ruta=rc-del-valle
1,Creepi Puercas,súper,130,18.464927,-97.39067,https://mitehuacan.mx/?ruta=rc-del-valle
1,Servicio Mecanico Automotriz El Progreso,taller,0,18.46948,-97.376768,https://mitehuacan.mx/?ruta=rc-del-valle
1,Venta De Elotes Gasper,taller,0,18.462174,-97.389459,https://mitehuacan.mx/?ruta=rc-del-valle
1,Gelatinas Fruti Rico,taller,1,18.463323,-97.389432,https://mitehuacan.mx/?ruta=rc-del-valle
1,Jugueria Y Frutas Jugos Por Litro Erik,taller,1,18.46582,-97.387018,https://mitehuacan.mx/?ruta=rc-del-valle
1,Servicio Automotriz Luna,taller,1,18.459713,-97.387154,https://mitehuacan.mx/?ruta=rc-del-valle
1,Taller Automotriz Rally,taller,1,18.470642,-97.376888,https://mitehuacan.mx/?ruta=rc-del-valle
1,Composturas Y Regalos Sin Nombre,taller,2,18.469263,-97.383266,https://mitehuacan.mx/?ruta=rc-del-valle
1,Servicio Electro Mecanico Automotriz,taller,2,18.469263,-97.383266,https://mitehuacan.mx/?ruta=rc-del-valle
1,Servicio Mecanico Automotriz San Pedro,taller,2,18.469318,-97.382819,https://mitehuacan.mx/?ruta=rc-del-valle
1,Taller De Reparacion De Bocinas,taller,2,18.458616,-97.389289,https://mitehuacan.mx/?ruta=rc-del-valle
1,Club De Nutricion Sin Nombre,taller,3,18.461686,-97.387108,https://mitehuacan.mx/?ruta=rc-del-valle
1,Club De Nutricion Herbalife,taller,4,18.465486,-97.389391,https://mitehuacan.mx/?ruta=rc-del-valle
1,Taller De Embobinado De Motores Servicio Trujillo,taller,4,18.468933,-97.389169,https://mitehuacan.mx/?ruta=rc-del-valle
1,Taller Mecanico Diana,taller,4,18.469262,-97.382643,https://mitehuacan.mx/?ruta=rc-del-valle
1,Servicio Electrico Sin Nombre,taller,5,18.462346,-97.387101,https://mitehuacan.mx/?ruta=rc-del-valle
1,Taller De Hojalateria Y Pintura Los Campadres,taller,5,18.469225,-97.38118,https://mitehuacan.mx/?ruta=rc-del-valle
1,Taller De Torno,taller,5,18.463522,-97.387066,https://mitehuacan.mx/?ruta=rc-del-valle
1,Coco Bongo,taller,6,18.459096,-97.387104,https://mitehuacan.mx/?ruta=rc-del-valle
1,Taller De Torno,taller,6,18.463133,-97.387086,https://mitehuacan.mx/?ruta=rc-del-valle
1,Hojalateria Y Pintura Sin Nombre,taller,7,18.47042,-97.376927,https://mitehuacan.mx/?ruta=rc-del-valle
1,Taller Mecanico Automecanica,taller,7,18.465175,-97.386941,https://mitehuacan.mx/?ruta=rc-del-valle
1,Club De Nutricion Herbalife,taller,8,18.458633,-97.387732,https://mitehuacan.mx/?ruta=rc-del-valle
1,Venta De Donas Y Churros Sin Nombre,taller,10,18.458509,-97.38952,https://mitehuacan.mx/?ruta=rc-del-valle
1,Venta De Aguas Frescas El Numero 1,taller,14,18.461572,-97.389588,https://mitehuacan.mx/?ruta=rc-del-valle
1,Club De Nutricion Herbalife,taller,15,18.459211,-97.389386,https://mitehuacan.mx/?ruta=rc-del-valle
1,Taller Mecanico Centro Integral Automotriz Romero Tehuacan,taller,15,18.467736,-97.389271,https://mitehuacan.mx/?ruta=rc-del-valle
1,Venta De Productos Naturistas Club De Nutricion,taller,15,18.463337,-97.389303,https://mitehuacan.mx/?ruta=rc-del-valle
1,Licuados Sin Nombre,taller,16,18.463952,-97.389288,https://mitehuacan.mx/?ruta=rc-del-valle
1,Relojeria Casa Virginia,taller,16,18.458867,-97.389391,https://mitehuacan.mx/?ruta=rc-del-valle
1,Taller De Relojeria La Abj,taller,16,18.458822,-97.389391,https://mitehuacan.mx/?ruta=rc-del-valle
1,Mecanica Industrial Moreno Franco,taller,17,18.466804,-97.389265,https://mitehuacan.mx/?ruta=rc-del-valle
1,Servicio Castillo,taller,22,18.469402,-97.38397,https://mitehuacan.mx/?ruta=rc-del-valle
1,Taller De Joyeria Lrj,taller,22,18.462948,-97.389655,https://mitehuacan.mx/?ruta=rc-del-valle
1,Venta De Postres Sin Nombre,taller,24,18.46932,-97.385707,https://mitehuacan.mx/?ruta=rc-del-valle
1,Reparacion De Prendas De Vestir Sin Nombre,taller,25,18.46929,-97.386518,https://mitehuacan.mx/?ruta=rc-del-valle
1,Atoles Y Tamales Sanchez,taller,28,18.458606,-97.386908,https://mitehuacan.mx/?ruta=rc-del-valle
1,Papas Fritas Lizs,taller,29,18.464741,-97.38673,https://mitehuacan.mx/?ruta=rc-del-valle
1,Taller Mecanico Servicio Automotriz Tobon,taller,30,18.465947,-97.386727,https://mitehuacan.mx/?ruta=rc-del-valle
1,Venta De Relojes Relojeria Orient,taller,33,18.462735,-97.386731,https://mitehuacan.mx/?ruta=rc-del-valle
1,Reconstructora Y Rectificadora De Motores Del Centro,taller,37,18.4668,-97.386669,https://mitehuacan.mx/?ruta=rc-del-valle
1,Taller De Joyeria El Cronometro,taller,37,18.464895,-97.389087,https://mitehuacan.mx/?ruta=rc-del-valle
1,Servicio Automotriz San Angel,taller,38,18.472416,-97.377951,https://mitehuacan.mx/?ruta=rc-del-valle
1,Taller De Joyeria Sin Nombre,taller,45,18.461577,-97.389037,https://mitehuacan.mx/?ruta=rc-del-valle
1,Holateria Y Pintura,taller,48,18.472691,-97.37108,https://mitehuacan.mx/?ruta=rc-del-valle
1,Taller De Mantenimiento De Motores Estacionarios,taller,48,18.466838,-97.389875,https://mitehuacan.mx/?ruta=rc-del-valle
1,Taller De Suspenciones Vegar,taller,49,18.461493,-97.386621,https://mitehuacan.mx/?ruta=rc-del-valle
1,Venta De Papas Sin Nombre,taller,49,18.46075,-97.388999,https://mitehuacan.mx/?ruta=rc-del-valle
1,Venta De Postres Fruti Rico,taller,50,18.460773,-97.389937,https://mitehuacan.mx/?ruta=rc-del-valle
1,Tamaleria,taller,54,18.470008,-97.376265,https://mitehuacan.mx/?ruta=rc-del-valle
1,Servicio Automotriz Sin Nombre,taller,55,18.472229,-97.378111,https://mitehuacan.mx/?ruta=rc-del-valle
1,Hojalateria Y Pintura Zamora,taller,61,18.469763,-97.383907,https://mitehuacan.mx/?ruta=rc-del-valle
1,Electrica Max Jr,taller,62,18.458039,-97.389525,https://mitehuacan.mx/?ruta=rc-del-valle
1,Sastreria Sin Nombre,taller,65,18.465889,-97.38763,https://mitehuacan.mx/?ruta=rc-del-valle
1,Frutas Coco Bongo,taller,70,18.46084,-97.388806,https://mitehuacan.mx/?ruta=rc-del-valle
1,Taller Electrico Industrial Galo,taller,80,18.458296,-97.390239,https://mitehuacan.mx/?ruta=rc-del-valle
1,Servicio Hernandez Refrigeracion Domestica Y Comercial,taller,83,18.457849,-97.389526,https://mitehuacan.mx/?ruta=rc-del-valle
1,Taller De Embobinados De Motores Electricos Tecni Embobinado,taller,85,18.466911,-97.38862,https://mitehuacan.mx/?ruta=rc-del-valle
1,Embobinados Lara,taller,95,18.46076,-97.386209,https://mitehuacan.mx/?ruta=rc-del-valle
1,Rojas Automotriz,taller,98,18.469895,-97.387286,https://mitehuacan.mx/?ruta=rc-del-valle
1,Papas Juquilita,taller,105,18.465954,-97.388434,https://mitehuacan.mx/?ruta=rc-del-valle
1,Snacks Crispy Fast Food,taller,106,18.465939,-97.386006,https://mitehuacan.mx/?ruta=rc-del-valle
1,Hojalateria Y Pintura El Pato,taller,108,18.469889,-97.38816,https://mitehuacan.mx/?ruta=rc-del-valle
1,Taller De Suspensiones Automotrices Del Valle,taller,109,18.46244,-97.386025,https://mitehuacan.mx/?ruta=rc-del-valle
1,Venta De Elotes Y Esquites,taller,115,18.46008,-97.38822,https://mitehuacan.mx/?ruta=rc-del-valle
1,Venta De Papas Fritas Y Frituras,taller,115,18.457513,-97.387143,https://mitehuacan.mx/?ruta=rc-del-valle
1,Muelles Vidal,taller,118,18.462779,-97.388333,https://mitehuacan.mx/?ruta=rc-del-valle
1,Club Herbalife Color Esperanza,taller,120,18.459196,-97.390668,https://mitehuacan.mx/?ruta=rc-del-valle
1,Servicio Automotriz Rrj,taller,120,18.465006,-97.38587,https://mitehuacan.mx/?ruta=rc-del-valle
1,Composturas De Prendas De Vestir Sin Nombre,taller,121,18.463991,-97.388149,https://mitehuacan.mx/?ruta=rc-del-valle
1,Tallar Mecanico Sin Nombre,taller,121,18.473504,-97.378009,https://mitehuacan.mx/?ruta=rc-del-valle
1,Club De Nutricion Herba Life,taller,123,18.457498,-97.389696,https://mitehuacan.mx/?ruta=rc-del-valle
1,Club De Nutricion,taller,124,18.457472,-97.389175,https://mitehuacan.mx/?ruta=rc-del-valle
1,Taller De Reparacion De Maquinaria Servimar,taller,128,18.464802,-97.385788,https://mitehuacan.mx/?ruta=rc-del-valle
1,Servicio Electrico Carrera,taller,133,18.457373,-97.388591,https://mitehuacan.mx/?ruta=rc-del-valle
1,Papas Fritas,taller,134,18.460748,-97.38584,https://mitehuacan.mx/?ruta=rc-del-valle
1,Servicio Diesel Cruz,taller,138,18.467865,-97.384195,https://mitehuacan.mx/?ruta=rc-del-valle
1,Veterinaria Santa Cruz,veterinaria,0,18.462491,-97.389456,https://mitehuacan.mx/?ruta=rc-del-valle
1,Sanfer Salud Animal,veterinaria,9,18.468219,-97.386944,https://mitehuacan.mx/?ruta=rc-del-valle
1,Venta De Alimentos Para Aves Alimentos Balanceados La Granji,veterinaria,13,18.462206,-97.389332,https://mitehuacan.mx/?ruta=rc-del-valle
1,M2 Peritos,veterinaria,18,18.465129,-97.389266,https://mitehuacan.mx/?ruta=rc-del-valle
1,Veterinaria Tu-Can,veterinaria,95,18.469869,-97.375873,https://mitehuacan.mx/?ruta=rc-del-valle
1,Nutrimentos Plus,veterinaria,102,18.46277,-97.38801,https://mitehuacan.mx/?ruta=rc-del-valle
1,Veterinaria San Marcos,veterinaria,142,18.457408,-97.386559,https://mitehuacan.mx/?ruta=rc-del-valle
1,Forrajera Hidalgo,veterinaria,143,18.457336,-97.386714,https://mitehuacan.mx/?ruta=rc-del-valle
1,Alpesur Tehuacan,veterinaria,145,18.457334,-97.386661,https://mitehuacan.mx/?ruta=rc-del-valle
2,Abarrotes Sin Nombre,abarrotes,0,18.458574,-97.388417,https://mitehuacan.mx/?ruta=rc-del-valle
2,"Comercio Al Por Menor En Tiendas De Abarrotes, Ultramarinos ",abarrotes,0,18.471413,-97.37715,https://mitehuacan.mx/?ruta=rc-del-valle
2,Miscelanea Del Valle,abarrotes,0,18.469534,-97.376768,https://mitehuacan.mx/?ruta=rc-del-valle
2,Miscelanea Elvia,abarrotes,0,18.46909,-97.385929,https://mitehuacan.mx/?ruta=rc-del-valle
2,Abarrotes La Guadalupana,abarrotes,1,18.460065,-97.389479,https://mitehuacan.mx/?ruta=rc-del-valle
2,Miscelanea Adris,abarrotes,1,18.471418,-97.377529,https://mitehuacan.mx/?ruta=rc-del-valle
2,Miscelanea Alan,abarrotes,1,18.463124,-97.389438,https://mitehuacan.mx/?ruta=rc-del-valle
2,Miscelanea Asis Ii,abarrotes,1,18.469142,-97.385101,https://mitehuacan.mx/?ruta=rc-del-valle
2,Miscelanea El Fenix,abarrotes,1,18.469996,-97.376768,https://mitehuacan.mx/?ruta=rc-del-valle
2,Miscelanea Las Brisas,abarrotes,1,18.458555,-97.38802,https://mitehuacan.mx/?ruta=rc-del-valle
2,Miscelanea Mariscal,abarrotes,1,18.469251,-97.377194,https://mitehuacan.mx/?ruta=rc-del-valle
2,Miscelanea Perlita,abarrotes,1,18.465857,-97.387019,https://mitehuacan.mx/?ruta=rc-del-valle
2,Abarrotes Ofeve De Tehuacan,abarrotes,2,18.460184,-97.387143,https://mitehuacan.mx/?ruta=rc-del-valle
2,Abarrotes Wendy,abarrotes,2,18.469191,-97.37878,https://mitehuacan.mx/?ruta=rc-del-valle
2,Comercio Al Por Mayor De Abarrotes Sin Nombre,abarrotes,2,18.460242,-97.387142,https://mitehuacan.mx/?ruta=rc-del-valle
2,Miscelanea Chocorrol,abarrotes,2,18.472464,-97.376441,https://mitehuacan.mx/?ruta=rc-del-valle
2,Miscelanea La Del Valle,abarrotes,2,18.473475,-97.375092,https://mitehuacan.mx/?ruta=rc-del-valle
2,Tienda Sin Nombre,abarrotes,2,18.46031,-97.38714,https://mitehuacan.mx/?ruta=rc-del-valle
2,Miscelanea San Esteban,abarrotes,3,18.46266,-97.387017,https://mitehuacan.mx/?ruta=rc-del-valle
2,Tienda De Abarrotes Dany,abarrotes,3,18.460761,-97.389492,https://mitehuacan.mx/?ruta=rc-del-valle
2,Abarrotes Garibay,abarrotes,4,18.469261,-97.382782,https://mitehuacan.mx/?ruta=rc-del-valle
2,Mini Super Udtaj,abarrotes,4,18.469239,-97.383967,https://mitehuacan.mx/?ruta=rc-del-valle
2,Miscelanea Carmona,abarrotes,4,18.470712,-97.376777,https://mitehuacan.mx/?ruta=rc-del-valle
2,Miscelanea Egipto,abarrotes,4,18.46918,-97.380264,https://mitehuacan.mx/?ruta=rc-del-valle
2,Miscelanea Juquilita,abarrotes,4,18.472712,-97.372106,https://mitehuacan.mx/?ruta=rc-del-valle
2,Miscelanea Lupita,abarrotes,4,18.465431,-97.389391,https://mitehuacan.mx/?ruta=rc-del-valle
2,Miscelanea Maria,abarrotes,4,18.472639,-97.373142,https://mitehuacan.mx/?ruta=rc-del-valle
2,Miscelanea Morita,abarrotes,4,18.462319,-97.387101,https://mitehuacan.mx/?ruta=rc-del-valle
2,Miscelanea Ramirez,abarrotes,4,18.472544,-97.376969,https://mitehuacan.mx/?ruta=rc-del-valle
2,Miscelanea Tere,abarrotes,4,18.469224,-97.383144,https://mitehuacan.mx/?ruta=rc-del-valle
2,Abarrotes Conchita,abarrotes,5,18.4586,-97.387249,https://mitehuacan.mx/?ruta=rc-del-valle
2,Miscelanea Casa Sanchez,abarrotes,5,18.462337,-97.387101,https://mitehuacan.mx/?ruta=rc-del-valle
2,Miscelanea Juquilita,abarrotes,5,18.469217,-97.380943,https://mitehuacan.mx/?ruta=rc-del-valle
2,Miscelanea Rosy,abarrotes,5,18.459422,-97.387096,https://mitehuacan.mx/?ruta=rc-del-valle
2,Tienda Sin Nombre,abarrotes,5,18.467612,-97.389361,https://mitehuacan.mx/?ruta=rc-del-valle
2,Miscelanea Rosy,abarrotes,7,18.466497,-97.386948,https://mitehuacan.mx/?ruta=rc-del-valle
2,Miscelanea Sin Nombre,abarrotes,7,18.4728,-97.372292,https://mitehuacan.mx/?ruta=rc-del-valle
2,Tendajon,abarrotes,7,18.47275,-97.373035,https://mitehuacan.mx/?ruta=rc-del-valle
2,Tienda Escolar Sin Nombre,abarrotes,8,18.472952,-97.373948,https://mitehuacan.mx/?ruta=rc-del-valle
2,Miscelanea Sin Nombre,abarrotes,11,18.468868,-97.389264,https://mitehuacan.mx/?ruta=rc-del-valle
2,Venta De Abarrotes Ultramarinos Y Miscelaneas,abarrotes,11,18.460791,-97.387214,https://mitehuacan.mx/?ruta=rc-del-valle
2,Abarrotes Ofeve De Tehuacan,abarrotes,12,18.460233,-97.389374,https://mitehuacan.mx/?ruta=rc-del-valle
2,Abarrotes Ofeve De Tehuacan,abarrotes,12,18.460048,-97.389377,https://mitehuacan.mx/?ruta=rc-del-valle
2,Tienda De Abarrotes Comercializadora Casa Hernandez,abarrotes,12,18.461609,-97.389347,https://mitehuacan.mx/?ruta=rc-del-valle
2,Mini Super La Guereja,abarrotes,14,18.462785,-97.389318,https://mitehuacan.mx/?ruta=rc-del-valle
2,Miscelanea La Estrella,abarrotes,15,18.467519,-97.389272,https://mitehuacan.mx/?ruta=rc-del-valle
2,Miscelanea Manos Magicas,abarrotes,16,18.469022,-97.389536,https://mitehuacan.mx/?ruta=rc-del-valle
2,Miscelanea La Veracruzana 1,abarrotes,17,18.465871,-97.389265,https://mitehuacan.mx/?ruta=rc-del-valle
2,Miscelanea Mini,abarrotes,20,18.460782,-97.38692,https://mitehuacan.mx/?ruta=rc-del-valle
2,Tienda De Abarrotes Del Valle,abarrotes,23,18.469442,-97.377615,https://mitehuacan.mx/?ruta=rc-del-valle
2,Miscelanea Juquilita,abarrotes,24,18.471439,-97.376655,https://mitehuacan.mx/?ruta=rc-del-valle
2,Miscelanea Camigary,abarrotes,25,18.469195,-97.389284,https://mitehuacan.mx/?ruta=rc-del-valle
2,Miscelanea Kioto,abarrotes,26,18.465968,-97.389677,https://mitehuacan.mx/?ruta=rc-del-valle
2,Miscelanea San Pedro,abarrotes,27,18.468884,-97.383921,https://mitehuacan.mx/?ruta=rc-del-valle
2,Miscelanea Laurita,abarrotes,33,18.472398,-97.371551,https://mitehuacan.mx/?ruta=rc-del-valle
2,Miscelanea Luz,abarrotes,33,18.47217,-97.37564,https://mitehuacan.mx/?ruta=rc-del-valle
2,Tienda La Montaña,abarrotes,34,18.458498,-97.386854,https://mitehuacan.mx/?ruta=rc-del-valle
2,Miscelanea Aby,abarrotes,36,18.469435,-97.38563,https://mitehuacan.mx/?ruta=rc-del-valle
2,Venta De Dulces Y Miscelanea Yoloxochilt,abarrotes,36,18.460085,-97.38983,https://mitehuacan.mx/?ruta=rc-del-valle
2,Tiendita Sin Nombre,abarrotes,37,18.470434,-97.376433,https://mitehuacan.mx/?ruta=rc-del-valle
2,Miscelanea Polita,abarrotes,39,18.472116,-97.375639,https://mitehuacan.mx/?ruta=rc-del-valle
2,Miscelanea Sin Nombre,abarrotes,42,18.471408,-97.377956,https://mitehuacan.mx/?ruta=rc-del-valle
2,Miselanea Juanita,abarrotes,43,18.46874,-97.383971,https://mitehuacan.mx/?ruta=rc-del-valle
2,Miscelanea La Esquinita,abarrotes,44,18.472406,-97.378011,https://mitehuacan.mx/?ruta=rc-del-valle
2,Miscelanea Los Arcos,abarrotes,45,18.458139,-97.387192,https://mitehuacan.mx/?ruta=rc-del-valle
2,Miscelanea Maria Luisa,abarrotes,45,18.471854,-97.377998,https://mitehuacan.mx/?ruta=rc-del-valle
2,Miscelanea Santiago,abarrotes,47,18.473259,-97.375719,https://mitehuacan.mx/?ruta=rc-del-valle
2,Miscelanea Castillo,abarrotes,48,18.469638,-97.383973,https://mitehuacan.mx/?ruta=rc-del-valle
2,Miscelanea La Tiendita,abarrotes,49,18.462958,-97.389911,https://mitehuacan.mx/?ruta=rc-del-valle
2,Miscelanea Juquilita,abarrotes,54,18.469672,-97.376254,https://mitehuacan.mx/?ruta=rc-del-valle
2,Abarrotes La Unica,abarrotes,55,18.4586,-97.386652,https://mitehuacan.mx/?ruta=rc-del-valle
2,Miscelanea Geminis,abarrotes,59,18.461417,-97.386528,https://mitehuacan.mx/?ruta=rc-del-valle
2,Tiendita Sin Nombre,abarrotes,59,18.468948,-97.376245,https://mitehuacan.mx/?ruta=rc-del-valle
2,Abarrotes El Gallo De Tehuacan,abarrotes,60,18.460806,-97.387678,https://mitehuacan.mx/?ruta=rc-del-valle
2,Miscelanea Lupita,abarrotes,62,18.468608,-97.380878,https://mitehuacan.mx/?ruta=rc-del-valle
2,Abarrotes La Corona De Tehuacan,abarrotes,63,18.460777,-97.390061,https://mitehuacan.mx/?ruta=rc-del-valle
2,Miscelanea Sin Nombre,abarrotes,64,18.472772,-97.378119,https://mitehuacan.mx/?ruta=rc-del-valle
2,Miscelanea La Ideal,abarrotes,68,18.464768,-97.387649,https://mitehuacan.mx/?ruta=rc-del-valle
2,"Comercio Al Por Menor En Tiendas De Abarrotes, Ultramarinos ",abarrotes,70,18.468448,-97.378293,https://mitehuacan.mx/?ruta=rc-del-valle
2,Miscelanea Arylu,abarrotes,70,18.464812,-97.388776,https://mitehuacan.mx/?ruta=rc-del-valle
2,Tienda Sin Nombre,abarrotes,72,18.473178,-97.37633,https://mitehuacan.mx/?ruta=rc-del-valle
2,Abarrotes Mendoza,abarrotes,74,18.460727,-97.387814,https://mitehuacan.mx/?ruta=rc-del-valle
2,Miscelanea Sin Nombre,abarrotes,74,18.47194,-97.372825,https://mitehuacan.mx/?ruta=rc-del-valle
2,Miscelanea Maceda,abarrotes,77,18.471456,-97.376152,https://mitehuacan.mx/?ruta=rc-del-valle
2,Miscelanea Sanchez,abarrotes,77,18.466913,-97.388696,https://mitehuacan.mx/?ruta=rc-del-valle
2,Abarrotes La Union,abarrotes,78,18.45835,-97.390239,https://mitehuacan.mx/?ruta=rc-del-valle
2,Comercio Al Por Menor En Tiendas De Abarrotes Ultramarinos Y,abarrotes,78,18.471393,-97.378298,https://mitehuacan.mx/?ruta=rc-del-valle
2,Miscelanea,abarrotes,78,18.473435,-97.372305,https://mitehuacan.mx/?ruta=rc-del-valle
2,Miscelanea Mi Tiendita,abarrotes,81,18.464807,-97.386234,https://mitehuacan.mx/?ruta=rc-del-valle
2,Tienda De Abarrotes Sin Nombre,abarrotes,82,18.472786,-97.370765,https://mitehuacan.mx/?ruta=rc-del-valle
2,Abarrotes La Poblanita,abarrotes,83,18.460837,-97.388683,https://mitehuacan.mx/?ruta=rc-del-valle
2,Tendajon Felix,abarrotes,84,18.468357,-97.384157,https://mitehuacan.mx/?ruta=rc-del-valle
2,Miscelanea Dimar,abarrotes,85,18.470042,-97.380545,https://mitehuacan.mx/?ruta=rc-del-valle
2,Miscelanea Sin Nombre,abarrotes,85,18.469879,-97.385623,https://mitehuacan.mx/?ruta=rc-del-valle
2,Miscelanea Sin Nombre,abarrotes,86,18.471844,-97.372689,https://mitehuacan.mx/?ruta=rc-del-valle
2,Miscelanea Yañez,abarrotes,86,18.474368,-97.37497,https://mitehuacan.mx/?ruta=rc-del-valle
2,Terminal Independencia,abarrotes,87,18.462847,-97.390275,https://mitehuacan.mx/?ruta=rc-del-valle
2,Miscelanea La Divina Providencia,abarrotes,88,18.472134,-97.370946,https://mitehuacan.mx/?ruta=rc-del-valle
2,Miscelanea Cinco Estrellas,abarrotes,89,18.461523,-97.38624,https://mitehuacan.mx/?ruta=rc-del-valle
2,Miscelanea Don Goyo,abarrotes,89,18.468531,-97.376245,https://mitehuacan.mx/?ruta=rc-del-valle
2,Miscelanea Sin Nombre,abarrotes,89,18.468452,-97.376367,https://mitehuacan.mx/?ruta=rc-del-valle
2,Miscelanea Soledad,abarrotes,93,18.466856,-97.390301,https://mitehuacan.mx/?ruta=rc-del-valle
2,Miscelanea Ringo,abarrotes,94,18.457749,-97.389527,https://mitehuacan.mx/?ruta=rc-del-valle
2,Miscelanea San Antonio,abarrotes,99,18.462835,-97.386101,https://mitehuacan.mx/?ruta=rc-del-valle
2,Miscelanea Juquilita,abarrotes,100,18.457648,-97.387137,https://mitehuacan.mx/?ruta=rc-del-valle
2,Tienda La Morenita,abarrotes,103,18.462982,-97.390421,https://mitehuacan.mx/?ruta=rc-del-valle
2,Miscelanea La Veracruzana Ii,abarrotes,108,18.464415,-97.388418,https://mitehuacan.mx/?ruta=rc-del-valle
2,Miscelanea Carmita,abarrotes,110,18.470105,-97.385616,https://mitehuacan.mx/?ruta=rc-del-valle
2,Miscelanea Doña Flor,abarrotes,110,18.469592,-97.37572,https://mitehuacan.mx/?ruta=rc-del-valle
2,Miscelanea Mayito,abarrotes,110,18.466957,-97.390459,https://mitehuacan.mx/?ruta=rc-del-valle
2,Miscelanea Carmen,abarrotes,111,18.469968,-97.389036,https://mitehuacan.mx/?ruta=rc-del-valle
2,Miscelanea Negrete,abarrotes,111,18.462832,-97.385987,https://mitehuacan.mx/?ruta=rc-del-valle
2,Miscelanea Victoria,abarrotes,111,18.474453,-97.375738,https://mitehuacan.mx/?ruta=rc-del-valle
2,Tienda De Abarrotes El Señor De La Misericordia,abarrotes,111,18.464856,-97.388054,https://mitehuacan.mx/?ruta=rc-del-valle
2,Miscelanea Dulce,abarrotes,112,18.469993,-97.389352,https://mitehuacan.mx/?ruta=rc-del-valle
2,Miselanea La Tiendita,abarrotes,112,18.46289,-97.388101,https://mitehuacan.mx/?ruta=rc-del-valle
2,Miscelanea Cuahtemoc,abarrotes,113,18.457909,-97.390336,https://mitehuacan.mx/?ruta=rc-del-valle
2,Abarrotes Mary,abarrotes,114,18.473141,-97.378429,https://mitehuacan.mx/?ruta=rc-del-valle
2,Mina,abarrotes,116,18.474631,-97.375016,https://mitehuacan.mx/?ruta=rc-del-valle
2,Abarrotes Colibri,abarrotes,119,18.460411,-97.38599,https://mitehuacan.mx/?ruta=rc-del-valle
2,Miscelanea El Angel Iv,abarrotes,120,18.46068,-97.385975,https://mitehuacan.mx/?ruta=rc-del-valle
2,Estacionamiento La Corona,abarrotes,121,18.460738,-97.388324,https://mitehuacan.mx/?ruta=rc-del-valle
2,Miscelanea Chemita,abarrotes,121,18.459216,-97.386009,https://mitehuacan.mx/?ruta=rc-del-valle
2,Abarrotes 3 Estrellas,abarrotes,124,18.458466,-97.386002,https://mitehuacan.mx/?ruta=rc-del-valle
2,Miscelanea Sin Nombre,abarrotes,124,18.467713,-97.390588,https://mitehuacan.mx/?ruta=rc-del-valle
2,Miscelanea Sin Nombre,abarrotes,126,18.47262,-97.378782,https://mitehuacan.mx/?ruta=rc-del-valle
2,Miscelanea El Palmar,abarrotes,127,18.457417,-97.386957,https://mitehuacan.mx/?ruta=rc-del-valle
2,Miscelanea Loma Bonita,abarrotes,127,18.471708,-97.370929,https://mitehuacan.mx/?ruta=rc-del-valle
2,La Pichi Tiendita,abarrotes,132,18.459995,-97.390749,https://mitehuacan.mx/?ruta=rc-del-valle
2,Miscelanea Paredes,abarrotes,132,18.4715,-97.371528,https://mitehuacan.mx/?ruta=rc-del-valle
2,Bodega De Miscelanea Sin Nombre,abarrotes,133,18.467926,-97.383928,https://mitehuacan.mx/?ruta=rc-del-valle
2,Tienda De Abarrotes La Jacaranda,abarrotes,133,18.457361,-97.38805,https://mitehuacan.mx/?ruta=rc-del-valle
2,Miscelanea La Terminal,abarrotes,134,18.457351,-97.387633,https://mitehuacan.mx/?ruta=rc-del-valle
2,Miscelanea Don Carmelo,abarrotes,136,18.470533,-97.382752,https://mitehuacan.mx/?ruta=rc-del-valle
2,Abarrotes La Colmenita,abarrotes,137,18.461662,-97.390759,https://mitehuacan.mx/?ruta=rc-del-valle
2,Mi Tiendita,abarrotes,137,18.458463,-97.385879,https://mitehuacan.mx/?ruta=rc-del-valle
2,Tienda De Abarrotes La Cordobesa,abarrotes,137,18.461164,-97.390761,https://mitehuacan.mx/?ruta=rc-del-valle
2,Bodega De Abarrotes Colibri,abarrotes,138,18.460391,-97.385814,https://mitehuacan.mx/?ruta=rc-del-valle
2,Miscelanea Hernandez,abarrotes,138,18.467906,-97.383444,https://mitehuacan.mx/?ruta=rc-del-valle
2,Miscelanea Sin Nombre,abarrotes,144,18.467788,-97.38447,https://mitehuacan.mx/?ruta=rc-del-valle
2,Tiendita Chio,abarrotes,148,18.468165,-97.375833,https://mitehuacan.mx/?ruta=rc-del-valle
2,Bancomer,banco,13,18.462671,-97.387174,https://mitehuacan.mx/?ruta=rc-del-valle
2,Bbva,banco,77,18.462841,-97.38631,https://mitehuacan.mx/?ruta=rc-del-valle
2,Bbva Bancomer Tehuacan,banco,79,18.462841,-97.386294,https://mitehuacan.mx/?ruta=rc-del-valle
2,Escuela Manuel Pereyra Mejia,escuela,1,18.465123,-97.387018,https://mitehuacan.mx/?ruta=rc-del-valle
2,Educacion Integral Elide,escuela,3,18.464282,-97.387032,https://mitehuacan.mx/?ruta=rc-del-valle
2,Academia De Baile Stage,escuela,5,18.463522,-97.387066,https://mitehuacan.mx/?ruta=rc-del-valle
2,Bachillerato Universitario Simon Bolivar Tehuacan,escuela,5,18.466463,-97.389382,https://mitehuacan.mx/?ruta=rc-del-valle
2,Studio De Baile Fenix Family Dance,escuela,5,18.45888,-97.389495,https://mitehuacan.mx/?ruta=rc-del-valle
2,Escuela Primaria Benito Juarez,escuela,8,18.472943,-97.373947,https://mitehuacan.mx/?ruta=rc-del-valle
2,Escuela De Taekwodo 5,escuela,12,18.461293,-97.389346,https://mitehuacan.mx/?ruta=rc-del-valle
2,Seccion Educativa 414,escuela,12,18.461302,-97.389346,https://mitehuacan.mx/?ruta=rc-del-valle
2,Escuela De Taekwondo Deportivo Mexicano Taekwondo,escuela,15,18.467356,-97.389273,https://mitehuacan.mx/?ruta=rc-del-valle
2,Instituto Tecnico Mexico,escuela,19,18.458428,-97.389521,https://mitehuacan.mx/?ruta=rc-del-valle
2,Escuela Taekwondo Oriente,escuela,33,18.464813,-97.386689,https://mitehuacan.mx/?ruta=rc-del-valle
2,Academia De Musica Yamaha,escuela,34,18.460763,-97.389788,https://mitehuacan.mx/?ruta=rc-del-valle
2,Clases De Dibujo Sin Nombre,escuela,52,18.464762,-97.387497,https://mitehuacan.mx/?ruta=rc-del-valle
2,Escuela Municipal De Danza Folklorica Mexicana,escuela,52,18.464834,-97.387495,https://mitehuacan.mx/?ruta=rc-del-valle
2,Centro De Atencion Infantil Comunitario San Pedro Dif,escuela,55,18.468647,-97.380298,https://mitehuacan.mx/?ruta=rc-del-valle
2,Servicios De Uñas Y Barberia Bel,escuela,62,18.465884,-97.390012,https://mitehuacan.mx/?ruta=rc-del-valle
2,Jardin De Niños Valle De Tehuacan,escuela,63,18.473062,-97.377545,https://mitehuacan.mx/?ruta=rc-del-valle
2,Cedex Lazaro Cardenas,escuela,67,18.468602,-97.382491,https://mitehuacan.mx/?ruta=rc-del-valle
2,Ieea Instuto Estatal De Educacion Para Los Adultos,escuela,67,18.468601,-97.382472,https://mitehuacan.mx/?ruta=rc-del-valle
2,Centro De Estudio Y Entretenimiento Arte Sana,escuela,69,18.464835,-97.390085,https://mitehuacan.mx/?ruta=rc-del-valle
2,Estetica Y Academia Leo,escuela,75,18.464836,-97.390142,https://mitehuacan.mx/?ruta=rc-del-valle
2,Escuela De Tae Kwon Do Juventud Marcial Tehuacan,escuela,82,18.458478,-97.3864,https://mitehuacan.mx/?ruta=rc-del-valle
2,Academia De Belleza Stilisciima,escuela,84,18.460782,-97.390259,https://mitehuacan.mx/?ruta=rc-del-valle
2,Jardin De Niños Loris Malaguzzi,escuela,86,18.46492,-97.390253,https://mitehuacan.mx/?ruta=rc-del-valle
2,Barber Shop Instituto De Belleza Karol,escuela,88,18.461501,-97.390292,https://mitehuacan.mx/?ruta=rc-del-valle
2,Instituto De Belleza Karol,escuela,88,18.461501,-97.390292,https://mitehuacan.mx/?ruta=rc-del-valle
2,Centro De Capacitacion Y Desarrollo Cecade Tehuacan,escuela,90,18.464849,-97.387855,https://mitehuacan.mx/?ruta=rc-del-valle
2,Escuela Primaria Braulio Rodriguez,escuela,103,18.468199,-97.379875,https://mitehuacan.mx/?ruta=rc-del-valle
2,Escuela Primaria Lazaro Cardenas,escuela,103,18.468199,-97.379875,https://mitehuacan.mx/?ruta=rc-del-valle
2,Colegio Sor Juana Ines De La Cruz,escuela,104,18.465881,-97.390416,https://mitehuacan.mx/?ruta=rc-del-valle
2,Centro Universitario Tehuacan,escuela,106,18.463976,-97.388438,https://mitehuacan.mx/?ruta=rc-del-valle
2,Estetica Y Academia De Belleza Secrets,escuela,106,18.458,-97.390336,https://mitehuacan.mx/?ruta=rc-del-valle
2,Instituto De Belleza Fashion Line,escuela,107,18.460896,-97.390474,https://mitehuacan.mx/?ruta=rc-del-valle
2,Jardin De Niños Clausell,escuela,112,18.46101,-97.386047,https://mitehuacan.mx/?ruta=rc-del-valle
2,Preescolar Itzcoalt,escuela,112,18.460974,-97.386047,https://mitehuacan.mx/?ruta=rc-del-valle
2,Ateneo Universitario En Humanidades Y Ciencias,escuela,113,18.463642,-97.388377,https://mitehuacan.mx/?ruta=rc-del-valle
2,Clases De Corte Y Confeccion Moda Y Estilo Sin Nombre,escuela,119,18.457597,-97.386655,https://mitehuacan.mx/?ruta=rc-del-valle
2,Academia De Belleza Elegance,escuela,125,18.460382,-97.390664,https://mitehuacan.mx/?ruta=rc-del-valle
2,Centro De Asistencia Infantil Comunitario,escuela,132,18.459887,-97.39075,https://mitehuacan.mx/?ruta=rc-del-valle
2,Centro Educativo Prescolar,escuela,132,18.459923,-97.39075,https://mitehuacan.mx/?ruta=rc-del-valle
2,Ceuni,escuela,139,18.462707,-97.385726,https://mitehuacan.mx/?ruta=rc-del-valle
2,Papeleria Del Sol,papelería,1,18.469243,-97.377536,https://mitehuacan.mx/?ruta=rc-del-valle
2,Papeleria Luna,papelería,1,18.469187,-97.384417,https://mitehuacan.mx/?ruta=rc-del-valle
2,Papeleria Toños,papelería,2,18.469198,-97.384265,https://mitehuacan.mx/?ruta=rc-del-valle
2,Papeleria Crist,papelería,3,18.465889,-97.389461,https://mitehuacan.mx/?ruta=rc-del-valle
2,Papeleria Sin Nombre,papelería,3,18.472658,-97.372933,https://mitehuacan.mx/?ruta=rc-del-valle
2,Regalos Y Papeleria Lili,papelería,3,18.458526,-97.387423,https://mitehuacan.mx/?ruta=rc-del-valle
2,Papeleria Itzae,papelería,4,18.472556,-97.376665,https://mitehuacan.mx/?ruta=rc-del-valle
2,Papeleria Smira,papelería,4,18.458518,-97.387262,https://mitehuacan.mx/?ruta=rc-del-valle
2,Papeleria Lupita,papelería,5,18.469206,-97.380649,https://mitehuacan.mx/?ruta=rc-del-valle
2,Papeleria Acuarela,papelería,7,18.465392,-97.38694,https://mitehuacan.mx/?ruta=rc-del-valle
2,Papeleria Gloria,papelería,8,18.462742,-97.386968,https://mitehuacan.mx/?ruta=rc-del-valle
2,Papeleria Javier,papelería,14,18.473565,-97.375369,https://mitehuacan.mx/?ruta=rc-del-valle
2,Los Barateros Mega Ofertas De Tehuacan,papelería,15,18.459148,-97.389387,https://mitehuacan.mx/?ruta=rc-del-valle
2,Mega Ofertas De Tehuacan Sucursal,papelería,15,18.459112,-97.389387,https://mitehuacan.mx/?ruta=rc-del-valle
2,Papeleria Didactica Premier,papelería,15,18.463337,-97.389303,https://mitehuacan.mx/?ruta=rc-del-valle
2,Papeleria Y Regalos,papelería,23,18.471204,-97.377477,https://mitehuacan.mx/?ruta=rc-del-valle
2,Papeleria Sin Nombre,papelería,27,18.473269,-97.374367,https://mitehuacan.mx/?ruta=rc-del-valle
2,Papeleria El Mundo De Adri,papelería,28,18.473263,-97.374686,https://mitehuacan.mx/?ruta=rc-del-valle
2,Papeleria Aral,papelería,34,18.472143,-97.376226,https://mitehuacan.mx/?ruta=rc-del-valle
2,Papeleria Marvi,papelería,59,18.469836,-97.382746,https://mitehuacan.mx/?ruta=rc-del-valle
2,Papeleria Abaco,papelería,63,18.462962,-97.390044,https://mitehuacan.mx/?ruta=rc-del-valle
2,Papeleria Y Merceria De Todo Un Poco,papelería,65,18.468497,-97.37794,https://mitehuacan.mx/?ruta=rc-del-valle
2,Papeleria El Trebol,papelería,74,18.465883,-97.390126,https://mitehuacan.mx/?ruta=rc-del-valle
2,Papeleria Aragon,papelería,77,18.462845,-97.39018,https://mitehuacan.mx/?ruta=rc-del-valle
2,Tony Suc Tehuacan,papelería,80,18.46284,-97.386281,https://mitehuacan.mx/?ruta=rc-del-valle
2,Papeleria Los Angeles,papelería,88,18.465941,-97.386177,https://mitehuacan.mx/?ruta=rc-del-valle
2,Mini Papeleria Sin Nombre,papelería,89,18.471847,-97.372205,https://mitehuacan.mx/?ruta=rc-del-valle
2,Papeleria Comyk,papelería,90,18.469783,-97.38928,https://mitehuacan.mx/?ruta=rc-del-valle
2,Bodega De Papeleria Multiescolar,papelería,95,18.460893,-97.39036,https://mitehuacan.mx/?ruta=rc-del-valle
2,Papeleria Lolys,papelería,101,18.46825,-97.376832,https://mitehuacan.mx/?ruta=rc-del-valle
2,Papeleria Multiescolar,papelería,110,18.460897,-97.390502,https://mitehuacan.mx/?ruta=rc-del-valle
2,Papeleria El Peluche,papelería,114,18.468122,-97.376957,https://mitehuacan.mx/?ruta=rc-del-valle
2,Creaciones Pepe,papelería,123,18.457499,-97.389706,https://mitehuacan.mx/?ruta=rc-del-valle
2,Papeleria Gaby,papelería,126,18.465937,-97.385817,https://mitehuacan.mx/?ruta=rc-del-valle
2,Papeleria Sin Nombre,papelería,128,18.470984,-97.375622,https://mitehuacan.mx/?ruta=rc-del-valle
2,Papeleria San Francisco,papelería,134,18.460394,-97.390749,https://mitehuacan.mx/?ruta=rc-del-valle
2,Papeleria Y Regalos Deto,papelería,137,18.467912,-97.383586,https://mitehuacan.mx/?ruta=rc-del-valle
2,Boneteria Y Lenceria Intimos,ropa,0,18.461658,-97.389463,https://mitehuacan.mx/?ruta=rc-del-valle
2,Boutique Kovz Shein,ropa,0,18.460653,-97.389473,https://mitehuacan.mx/?ruta=rc-del-valle
2,Novedades El Capis,ropa,0,18.458585,-97.388654,https://mitehuacan.mx/?ruta=rc-del-valle
2,Tienda De Ropa El Jocker,ropa,0,18.462563,-97.389455,https://mitehuacan.mx/?ruta=rc-del-valle
2,Venta De De Ropa Star Cool,ropa,0,18.460445,-97.389475,https://mitehuacan.mx/?ruta=rc-del-valle
2,Venta De Ropa Autentica,ropa,0,18.461658,-97.389463,https://mitehuacan.mx/?ruta=rc-del-valle
2,Venta De Ropa De Dama,ropa,0,18.462075,-97.38946,https://mitehuacan.mx/?ruta=rc-del-valle
2,Venta De Ropa Para Dama Oh My God,ropa,0,18.461658,-97.389463,https://mitehuacan.mx/?ruta=rc-del-valle
2,Venta De Ropa Para Dama Richie Colection,ropa,0,18.460672,-97.389473,https://mitehuacan.mx/?ruta=rc-del-valle
2,Desebrado De Pantalon,ropa,1,18.466418,-97.387023,https://mitehuacan.mx/?ruta=rc-del-valle
2,Exodos Moda,ropa,1,18.461631,-97.389464,https://mitehuacan.mx/?ruta=rc-del-valle
2,Novedades Lupita,ropa,1,18.46135,-97.389466,https://mitehuacan.mx/?ruta=rc-del-valle
2,Tienda De Ropa Anis Butique,ropa,1,18.465594,-97.387017,https://mitehuacan.mx/?ruta=rc-del-valle
2,Tienda De Ropa De Hombre Sin Nombre,ropa,1,18.458559,-97.388114,https://mitehuacan.mx/?ruta=rc-del-valle
2,Tienda De Ropa Novedades Mary,ropa,1,18.463052,-97.38944,https://mitehuacan.mx/?ruta=rc-del-valle
2,Tienda De Ropa Sin Nombre,ropa,1,18.458558,-97.388086,https://mitehuacan.mx/?ruta=rc-del-valle
2,Venta De Articulos Varios,ropa,1,18.461296,-97.389467,https://mitehuacan.mx/?ruta=rc-del-valle
2,Venta De Ropa Caballero,ropa,1,18.461052,-97.389469,https://mitehuacan.mx/?ruta=rc-del-valle
2,Venta De Ropa Modas Zoe,ropa,1,18.461731,-97.389463,https://mitehuacan.mx/?ruta=rc-del-valle
2,Venta De Ropa Para Dama Flamingos,ropa,1,18.469189,-97.384398,https://mitehuacan.mx/?ruta=rc-del-valle
2,Venta De Ropa Sin Nombre,ropa,1,18.45859,-97.388749,https://mitehuacan.mx/?ruta=rc-del-valle
2,Venta De Ropa Sin Nombre,ropa,1,18.458567,-97.388275,https://mitehuacan.mx/?ruta=rc-del-valle
2,Compra Venta De Ropa Para Dama Sin Nombre,ropa,2,18.463522,-97.389425,https://mitehuacan.mx/?ruta=rc-del-valle
2,Deshebrado Sin Nombre,ropa,2,18.471515,-97.377118,https://mitehuacan.mx/?ruta=rc-del-valle
2,Venta De Ropa Para Dama Newconcept,ropa,2,18.461296,-97.387111,https://mitehuacan.mx/?ruta=rc-del-valle
2,Venta De Ropa Para Hombre Novedades Martinez,ropa,2,18.459821,-97.389481,https://mitehuacan.mx/?ruta=rc-del-valle
2,Venta De Ropa Sin Hombre,ropa,2,18.458541,-97.387745,https://mitehuacan.mx/?ruta=rc-del-valle
2,Venta De Ropa Sin Nombre,ropa,2,18.458541,-97.387745,https://mitehuacan.mx/?ruta=rc-del-valle
2,Venta De Pantalones De Mezclilla Sin Nombre,ropa,3,18.458528,-97.38748,https://mitehuacan.mx/?ruta=rc-del-valle
2,Venta De Ropa De Dama Sin Nombre,ropa,3,18.459595,-97.389484,https://mitehuacan.mx/?ruta=rc-del-valle
2,Venta De Ropa De Dama Y Caballer Boutique Sin Nombre,ropa,3,18.46257,-97.387019,https://mitehuacan.mx/?ruta=rc-del-valle
2,Venta De Ropa Sin Nombre,ropa,3,18.459567,-97.389484,https://mitehuacan.mx/?ruta=rc-del-valle
2,Maquila De Ropa En General,ropa,4,18.472526,-97.377539,https://mitehuacan.mx/?ruta=rc-del-valle
2,Tienda De Ropa Sin Nombre,ropa,5,18.463965,-97.387042,https://mitehuacan.mx/?ruta=rc-del-valle
2,Venta De Ropa Para Caballero Moda Para Ti,ropa,5,18.458852,-97.389495,https://mitehuacan.mx/?ruta=rc-del-valle
2,Venta De Ropa Para Dama,ropa,5,18.458753,-97.389497,https://mitehuacan.mx/?ruta=rc-del-valle
2,Venta De Ropa Y Refresco,ropa,5,18.458916,-97.389494,https://mitehuacan.mx/?ruta=rc-del-valle
2,Venta De Ropa Para Caballeros Batashermen,ropa,6,18.46494,-97.386945,https://mitehuacan.mx/?ruta=rc-del-valle
2,Venta De Ropa Sin Nombre,ropa,6,18.461403,-97.387035,https://mitehuacan.mx/?ruta=rc-del-valle
2,Venta De Uniformes Escolares Azul Garflo,ropa,6,18.460552,-97.387058,https://mitehuacan.mx/?ruta=rc-del-valle
2,Venta De Ropa Para Dama Y Gorras Yoselin,ropa,7,18.458725,-97.389608,https://mitehuacan.mx/?ruta=rc-del-valle
2,Compra Venta De Ropa Interior Dulce Tentacion,ropa,10,18.458509,-97.38952,https://mitehuacan.mx/?ruta=rc-del-valle
2,Venta De Ropa De Dama Sin Nombre,ropa,11,18.461483,-97.389351,https://mitehuacan.mx/?ruta=rc-del-valle
2,Venta De Ropa Sin Nombre,ropa,11,18.458726,-97.389646,https://mitehuacan.mx/?ruta=rc-del-valle
2,Venta De Ropa De Caballero Sin Nombre,ropa,12,18.461211,-97.389344,https://mitehuacan.mx/?ruta=rc-del-valle
2,Venta De Ropa Para Bebe Travesuras,ropa,12,18.460279,-97.389374,https://mitehuacan.mx/?ruta=rc-del-valle
2,Venta De Ropa Rags,ropa,12,18.460207,-97.389375,https://mitehuacan.mx/?ruta=rc-del-valle
2,Tienda De Ropa Trapos,ropa,13,18.464907,-97.389561,https://mitehuacan.mx/?ruta=rc-del-valle
2,Venta De Ropa De Dama Modas Jaky,ropa,13,18.461129,-97.389342,https://mitehuacan.mx/?ruta=rc-del-valle
2,Venta De Ropa De. Dama Novedades Marsy,ropa,13,18.46103,-97.389339,https://mitehuacan.mx/?ruta=rc-del-valle
2,Venta De Ropa Para Caballero Modas Fikshion,ropa,13,18.459937,-97.389624,https://mitehuacan.mx/?ruta=rc-del-valle
2,Venta De Ropa Para Niño Y Niña Sin Nombre,ropa,13,18.458701,-97.388878,https://mitehuacan.mx/?ruta=rc-del-valle
2,Lam Boutique,ropa,14,18.458719,-97.389219,https://mitehuacan.mx/?ruta=rc-del-valle
2,Ross Braa Venta De Ropa Para Dama,ropa,14,18.458719,-97.389209,https://mitehuacan.mx/?ruta=rc-del-valle
2,Venta De Playeras Para Publicidad. Playeras Invictos,ropa,14,18.462812,-97.389317,https://mitehuacan.mx/?ruta=rc-del-valle
2,Venta De Ropa De Dama Cv Shop,ropa,14,18.462794,-97.389317,https://mitehuacan.mx/?ruta=rc-del-valle
2,Venta De Ropa Deportiva Modas Adulcin,ropa,14,18.462776,-97.389318,https://mitehuacan.mx/?ruta=rc-del-valle
2,Venta De Ropa Juvenil Para Dama Sin Nombre,ropa,14,18.459601,-97.389382,https://mitehuacan.mx/?ruta=rc-del-valle
2,Venta De Ropa Modas Valeria,ropa,14,18.461572,-97.389588,https://mitehuacan.mx/?ruta=rc-del-valle
2,Venta De Ropa Novedades Cristy,ropa,14,18.45872,-97.389228,https://mitehuacan.mx/?ruta=rc-del-valle
2,Venta De Ropa Sin Nombre,ropa,14,18.462632,-97.389321,https://mitehuacan.mx/?ruta=rc-del-valle
2,Boutique. Fama,ropa,15,18.46274,-97.386901,https://mitehuacan.mx/?ruta=rc-del-valle
2,Tienda De Ropa Moda Y Estilo Por Shein,ropa,15,18.463437,-97.389299,https://mitehuacan.mx/?ruta=rc-del-valle
2,Venta De Ropa De Hombre Sin Nombre,ropa,15,18.460706,-97.38697,https://mitehuacan.mx/?ruta=rc-del-valle
2,Venta De Ropa Ferny American Shop,ropa,15,18.46713,-97.389274,https://mitehuacan.mx/?ruta=rc-del-valle
2,Venta De Ropa Sin Nombre,ropa,15,18.458507,-97.387035,https://mitehuacan.mx/?ruta=rc-del-valle
2,Venta De Mochilas Sin Nombre,ropa,16,18.458768,-97.389392,https://mitehuacan.mx/?ruta=rc-del-valle
2,Venta De Ropa Sin Nombre,ropa,16,18.458609,-97.387022,https://mitehuacan.mx/?ruta=rc-del-valle
2,Boutique Bremed,ropa,17,18.464414,-97.389279,https://mitehuacan.mx/?ruta=rc-del-valle
2,Venta De Ropa Sin Nombre,ropa,17,18.460719,-97.387273,https://mitehuacan.mx/?ruta=rc-del-valle
2,Tienda De Ropa Selah,ropa,18,18.464966,-97.389266,https://mitehuacan.mx/?ruta=rc-del-valle
2,Venta De Ropa De Dama Sin Nombre,ropa,18,18.458506,-97.387006,https://mitehuacan.mx/?ruta=rc-del-valle
2,Rafaelos Jeans,ropa,19,18.460758,-97.389283,https://mitehuacan.mx/?ruta=rc-del-valle
2,Compra Venta De Ropa Para Dama Creaciones Am,ropa,20,18.458619,-97.389744,https://mitehuacan.mx/?ruta=rc-del-valle
2,Tienda De Ropa Interior Ferchis,ropa,22,18.462948,-97.389655,https://mitehuacan.mx/?ruta=rc-del-valle
2,Venta De Ropa Para Caballero Be Rektro,ropa,22,18.45873,-97.38975,https://mitehuacan.mx/?ruta=rc-del-valle
2,Venta De Ropa Para Dama Sin Nombre,ropa,22,18.460874,-97.389668,https://mitehuacan.mx/?ruta=rc-del-valle
2,Boutique Are Y Kev,ropa,26,18.464741,-97.386757,https://mitehuacan.mx/?ruta=rc-del-valle
2,Venta De Ropa Transformate Jeans,ropa,28,18.462751,-97.387309,https://mitehuacan.mx/?ruta=rc-del-valle
2,Tienda De Ropa Johans Boutique,ropa,29,18.464828,-97.389706,https://mitehuacan.mx/?ruta=rc-del-valle
2,Venta De Ropa Kids,ropa,31,18.461494,-97.389752,https://mitehuacan.mx/?ruta=rc-del-valle
2,Alexa Jeans,ropa,33,18.461494,-97.389771,https://mitehuacan.mx/?ruta=rc-del-valle
2,Oficina Sin Nombre,ropa,36,18.469305,-97.389346,https://mitehuacan.mx/?ruta=rc-del-valle
2,Tienda De Ropa Rock Shop,ropa,36,18.460851,-97.389128,https://mitehuacan.mx/?ruta=rc-del-valle
2,Tienda De Ropa El Gran Remate,ropa,37,18.464821,-97.38909,https://mitehuacan.mx/?ruta=rc-del-valle
2,Venta De Ropa Para Caballeros Estilo Y Cultura 238,ropa,37,18.458604,-97.386823,https://mitehuacan.mx/?ruta=rc-del-valle
2,Compra Venta De Ropa Para Bebe Sin Nombre,ropa,39,18.458627,-97.389915,https://mitehuacan.mx/?ruta=rc-del-valle
2,Venta De Ropa Para Dama Sin Nombre,ropa,39,18.458735,-97.389911,https://mitehuacan.mx/?ruta=rc-del-valle
2,Venta De Ropa Shein,ropa,39,18.4582,-97.387113,https://mitehuacan.mx/?ruta=rc-del-valle
2,Venta De Ropa Para Niño Y Niña Sin Nombre,ropa,40,18.458496,-97.386798,https://mitehuacan.mx/?ruta=rc-del-valle
2,Venta De Zapatos Pantalones,ropa,41,18.4607,-97.389858,https://mitehuacan.mx/?ruta=rc-del-valle
2,Tienda De Ropa 8 24,ropa,44,18.461496,-97.389875,https://mitehuacan.mx/?ruta=rc-del-valle
2,Tienda De Mochilas,ropa,45,18.461576,-97.389882,https://mitehuacan.mx/?ruta=rc-del-valle
2,Venta De Ropa Sol Mery,ropa,48,18.458738,-97.389996,https://mitehuacan.mx/?ruta=rc-del-valle
2,Compra Venta De Ropa Para Niños Kiddies,ropa,50,18.458147,-97.389523,https://mitehuacan.mx/?ruta=rc-del-valle
2,Textiles Las Flores,ropa,50,18.469379,-97.387399,https://mitehuacan.mx/?ruta=rc-del-valle
2,Venta De Camisas Señor Camisas,ropa,51,18.460846,-97.388986,https://mitehuacan.mx/?ruta=rc-del-valle
2,Venta De Ropa Francisca,ropa,52,18.471444,-97.376389,https://mitehuacan.mx/?ruta=rc-del-valle
2,Venta De Ropa De Dama Sin Nombre,ropa,53,18.460846,-97.388967,https://mitehuacan.mx/?ruta=rc-del-valle
2,Venta De Ropa Sin Nombre,ropa,53,18.458739,-97.390044,https://mitehuacan.mx/?ruta=rc-del-valle
2,Venta De Ropa Sin Nombre,ropa,57,18.461578,-97.389996,https://mitehuacan.mx/?ruta=rc-del-valle
2,Empaque De Pantalon Sin Nombre,ropa,59,18.469457,-97.388354,https://mitehuacan.mx/?ruta=rc-del-valle
2,Mercader Ramos,ropa,59,18.460748,-97.388908,https://mitehuacan.mx/?ruta=rc-del-valle
2,Venta De Ropa Creaciones En Tu Moda,ropa,60,18.461498,-97.390027,https://mitehuacan.mx/?ruta=rc-del-valle
2,Venta De Ropa Para Dama Sin Nombre,ropa,61,18.460843,-97.388891,https://mitehuacan.mx/?ruta=rc-del-valle
2,Venta De Ropa Para Dama Minguis,ropa,62,18.461498,-97.390046,https://mitehuacan.mx/?ruta=rc-del-valle
2,Venta De Ropa Juniors,ropa,65,18.461498,-97.390074,https://mitehuacan.mx/?ruta=rc-del-valle
2,Venta De Ropa Para Caballero Y Accesorios Sin Nombre,ropa,66,18.458743,-97.390167,https://mitehuacan.mx/?ruta=rc-del-valle
2,Venta De Ropa Para Dama D Moda,ropa,67,18.458744,-97.390184,https://mitehuacan.mx/?ruta=rc-del-valle
2,Compra Venta De Ropa Enly Moda,ropa,69,18.464835,-97.390085,https://mitehuacan.mx/?ruta=rc-del-valle
2,Compra Venta De Ropa Jovas Shop,ropa,69,18.464835,-97.390085,https://mitehuacan.mx/?ruta=rc-del-valle
2,Compra Venta De Ropa Y Accesorios Mirandamen Shop,ropa,69,18.464835,-97.390085,https://mitehuacan.mx/?ruta=rc-del-valle
2,Tienda De Ropa Pekes,ropa,70,18.461579,-97.390124,https://mitehuacan.mx/?ruta=rc-del-valle
2,Venta De Ropa De Bebe Valery,ropa,70,18.461579,-97.390119,https://mitehuacan.mx/?ruta=rc-del-valle
2,Venta De Ropa Kevin Sport,ropa,71,18.464736,-97.386331,https://mitehuacan.mx/?ruta=rc-del-valle
2,Compra Venta De Ropa Para Dama Novedades Angeles,ropa,74,18.458459,-97.390239,https://mitehuacan.mx/?ruta=rc-del-valle
2,Venta De Calcetas Tamy Shop,ropa,75,18.466943,-97.390128,https://mitehuacan.mx/?ruta=rc-del-valle
2,Tienda De Ropa Sunshine,ropa,77,18.46481,-97.38871,https://mitehuacan.mx/?ruta=rc-del-valle
2,Taller De Costura Sin Nombre,ropa,81,18.459805,-97.386374,https://mitehuacan.mx/?ruta=rc-del-valle
2,Venta De Ropa Monse,ropa,81,18.461581,-97.390223,https://mitehuacan.mx/?ruta=rc-del-valle
2,Venta De Ropa Si Nombre,ropa,81,18.461581,-97.390223,https://mitehuacan.mx/?ruta=rc-del-valle
2,Boutique Mujer Bonita,ropa,87,18.462884,-97.387864,https://mitehuacan.mx/?ruta=rc-del-valle
2,Mochilas Y Regalos Sin Nombre,ropa,87,18.460783,-97.390288,https://mitehuacan.mx/?ruta=rc-del-valle
2,Venta De Ropa En General Modas Livey,ropa,87,18.458748,-97.390366,https://mitehuacan.mx/?ruta=rc-del-valle
2,Venta De Ropa Sin Nombre,ropa,87,18.462839,-97.386215,https://mitehuacan.mx/?ruta=rc-del-valle
2,Venta De Ropa Sin Nonbre,ropa,87,18.462847,-97.390278,https://mitehuacan.mx/?ruta=rc-del-valle
2,Bodega De Ropa Colette Fashion,ropa,88,18.461501,-97.390292,https://mitehuacan.mx/?ruta=rc-del-valle
2,Bodega De Ropa Yanabel Colette,ropa,88,18.461501,-97.390292,https://mitehuacan.mx/?ruta=rc-del-valle
2,Venta De Ropa De Caballero Sin Nombre,ropa,89,18.462767,-97.387887,https://mitehuacan.mx/?ruta=rc-del-valle
2,Bodega Venta De Rpa Mia Clection,ropa,91,18.461582,-97.390318,https://mitehuacan.mx/?ruta=rc-del-valle
2,Venta De Ropa Rvainzs Collection,ropa,91,18.460892,-97.390322,https://mitehuacan.mx/?ruta=rc-del-valle
2,Venta De Ropa En General Modas Morales,ropa,93,18.45875,-97.390423,https://mitehuacan.mx/?ruta=rc-del-valle
2,Venta Cinturones Juquilita,ropa,94,18.460893,-97.390351,https://mitehuacan.mx/?ruta=rc-del-valle
2,Venta De Ropa Mia Colection,ropa,94,18.461582,-97.390346,https://mitehuacan.mx/?ruta=rc-del-valle
2,Venta De Ropa Y Accesorios Sin Nombre,ropa,94,18.462849,-97.390342,https://mitehuacan.mx/?ruta=rc-del-valle
2,Venta De Ropa Para Caballero Fashion Mens,ropa,96,18.461583,-97.390365,https://mitehuacan.mx/?ruta=rc-del-valle
2,Venta De Uniformes De Enfermeria Sin Nombre,ropa,96,18.466857,-97.39033,https://mitehuacan.mx/?ruta=rc-del-valle
2,Tienda De Ropa Para Mujer Dovi Fashion,ropa,99,18.460832,-97.388531,https://mitehuacan.mx/?ruta=rc-del-valle
2,Venta De Playeras Sin Nombre,ropa,99,18.460759,-97.386171,https://mitehuacan.mx/?ruta=rc-del-valle
2,Venta De Ropa Moda Bella,ropa,105,18.461503,-97.390453,https://mitehuacan.mx/?ruta=rc-del-valle
2,Venta De Ropa Sin Nombre,ropa,107,18.461584,-97.39047,https://mitehuacan.mx/?ruta=rc-del-valle
2,Compra Venta De Ropa En General La Camisa,ropa,108,18.462853,-97.390474,https://mitehuacan.mx/?ruta=rc-del-valle
2,Venta De Ropa Americana Y Decoracion Con.Amorteh,ropa,109,18.457697,-97.386651,https://mitehuacan.mx/?ruta=rc-del-valle
2,Venta De Ropa Para Hombre Sin Nombre,ropa,109,18.458753,-97.390575,https://mitehuacan.mx/?ruta=rc-del-valle
2,Venta De Ropa Y Lenceria Reciclando Trapos,ropa,109,18.460896,-97.390496,https://mitehuacan.mx/?ruta=rc-del-valle
2,Lavanderia Fashion Wash,ropa,111,18.469897,-97.387931,https://mitehuacan.mx/?ruta=rc-del-valle
2,Venta De Ropa Sexy Moda,ropa,111,18.461504,-97.39051,https://mitehuacan.mx/?ruta=rc-del-valle
2,Venta De Ropa En General Centro Comercial De Tehuacan,ropa,112,18.460789,-97.390525,https://mitehuacan.mx/?ruta=rc-del-valle
2,Bolchima,ropa,114,18.462976,-97.390527,https://mitehuacan.mx/?ruta=rc-del-valle
2,Taller De Costura Multi Estilos Sin Nombre,ropa,114,18.459517,-97.38607,https://mitehuacan.mx/?ruta=rc-del-valle
2,Tienda De Ropa Moda Rosy,ropa,114,18.461505,-97.390539,https://mitehuacan.mx/?ruta=rc-del-valle
2,Venta De Ropa Modas Yolanda,ropa,115,18.461585,-97.390546,https://mitehuacan.mx/?ruta=rc-del-valle
2,Venta De Ropa Sin Nombre,ropa,117,18.462831,-97.385931,https://mitehuacan.mx/?ruta=rc-del-valle
2,Venta De Ropa Sin Nombre,ropa,118,18.457486,-97.387144,https://mitehuacan.mx/?ruta=rc-del-valle
2,Confecciones Alarcon,ropa,119,18.46089,-97.385982,https://mitehuacan.mx/?ruta=rc-del-valle
2,Venta De Ropa De Dama Y Caballero Minguis,ropa,119,18.462779,-97.388323,https://mitehuacan.mx/?ruta=rc-del-valle
2,Venta De Ropa En General El Divino Niño,ropa,119,18.458889,-97.390669,https://mitehuacan.mx/?ruta=rc-del-valle
2,Venta De Ropa Para Dama Queen Fashion,ropa,119,18.458916,-97.390669,https://mitehuacan.mx/?ruta=rc-del-valle
2,Venta De Ropa Para Niño Y Niña Interior Y Exterior Leon De J,ropa,119,18.458843,-97.39067,https://mitehuacan.mx/?ruta=rc-del-valle
2,Venta De Cinturones Sin Nombre,ropa,120,18.45916,-97.390668,https://mitehuacan.mx/?ruta=rc-del-valle
2,Venta De Playeras Sin Nombre,ropa,120,18.459178,-97.390668,https://mitehuacan.mx/?ruta=rc-del-valle
2,Venta De Ropa De Niño Y Niña Novedades Nicol,ropa,120,18.459061,-97.390669,https://mitehuacan.mx/?ruta=rc-del-valle
2,Venta De Vestidos Infantiles Britany,ropa,120,18.459206,-97.390668,https://mitehuacan.mx/?ruta=rc-del-valle
2,Bonita Boutique,ropa,121,18.462775,-97.38819,https://mitehuacan.mx/?ruta=rc-del-valle
2,Venta De Ropa De Dama Sin Nombre,ropa,121,18.460738,-97.388316,https://mitehuacan.mx/?ruta=rc-del-valle
2,Venta De Tines Y Ropa Interior,ropa,121,18.459513,-97.390666,https://mitehuacan.mx/?ruta=rc-del-valle
2,Venta De Cinturones Cinturon Casual,ropa,122,18.45954,-97.390666,https://mitehuacan.mx/?ruta=rc-del-valle
2,Venta De Ropa Creaciones En Tu Moda,ropa,122,18.459567,-97.390666,https://mitehuacan.mx/?ruta=rc-del-valle
2,Venta De Ropa Fina Para Dama Sin Nombre,ropa,122,18.459649,-97.390666,https://mitehuacan.mx/?ruta=rc-del-valle
2,Venta De Ropa Infantil Sin Nombre,ropa,122,18.459767,-97.390665,https://mitehuacan.mx/?ruta=rc-del-valle
2,Venta De Ropa Mujer Bonita,ropa,122,18.461506,-97.390615,https://mitehuacan.mx/?ruta=rc-del-valle
2,Tienda De Ropa Bermex,ropa,123,18.462976,-97.390613,https://mitehuacan.mx/?ruta=rc-del-valle
2,Venta De Jeans Mundana,ropa,123,18.462778,-97.388285,https://mitehuacan.mx/?ruta=rc-del-valle
2,Venta De Ropa Infantil Angelitos,ropa,124,18.460274,-97.390664,https://mitehuacan.mx/?ruta=rc-del-valle
2,Almacenes Flores B,ropa,125,18.4609,-97.390644,https://mitehuacan.mx/?ruta=rc-del-valle
2,Creaciones El Guero,ropa,125,18.460292,-97.390664,https://mitehuacan.mx/?ruta=rc-del-valle
2,Ropa De Caballero Be Rektro,ropa,125,18.460409,-97.390664,https://mitehuacan.mx/?ruta=rc-del-valle
2,Venta De Cinturones Cinturon Casual,ropa,125,18.460464,-97.390664,https://mitehuacan.mx/?ruta=rc-del-valle
2,Venta De Ropa Mb Jeans,ropa,125,18.460437,-97.390664,https://mitehuacan.mx/?ruta=rc-del-valle
2,Venta De Ropa Modas Rocio,ropa,125,18.460328,-97.390664,https://mitehuacan.mx/?ruta=rc-del-valle
2,Venta De Ropa Para Dama Be Rektro,ropa,125,18.460355,-97.390664,https://mitehuacan.mx/?ruta=rc-del-valle
2,Venta De Ropa Para Dama Creativa,ropa,125,18.460364,-97.390664,https://mitehuacan.mx/?ruta=rc-del-valle
2,Venta De Ropa Y Lenceria,ropa,125,18.460337,-97.390664,https://mitehuacan.mx/?ruta=rc-del-valle
2,Ropa Para Hombre Sin Nombre,ropa,126,18.460735,-97.390664,https://mitehuacan.mx/?ruta=rc-del-valle
2,Venta De Ropa Infantil Modas Nicol,ropa,126,18.460545,-97.390664,https://mitehuacan.mx/?ruta=rc-del-valle
2,Venta De Ropa Para Bebe,ropa,126,18.460545,-97.390664,https://mitehuacan.mx/?ruta=rc-del-valle
2,Venta De Ropa Para Caballero Be Rektro,ropa,126,18.460753,-97.390664,https://mitehuacan.mx/?ruta=rc-del-valle
2,Venta De Ropa Para Dama Modas Reynita,ropa,126,18.460609,-97.390664,https://mitehuacan.mx/?ruta=rc-del-valle
2,Revelacion Juvenil,ropa,127,18.46126,-97.390665,https://mitehuacan.mx/?ruta=rc-del-valle
2,Tienda De Playeras Y Venta De Aerosoles,ropa,127,18.462859,-97.390654,https://mitehuacan.mx/?ruta=rc-del-valle
2,Tienda De Ropa Sin Nombre,ropa,127,18.462859,-97.390654,https://mitehuacan.mx/?ruta=rc-del-valle
2,Tienda De Ropa Yanabel Collete,ropa,127,18.461369,-97.390664,https://mitehuacan.mx/?ruta=rc-del-valle
2,Venta De Cinturones Sin Nombre,ropa,127,18.460772,-97.390664,https://mitehuacan.mx/?ruta=rc-del-valle
2,Venta De Interior,ropa,127,18.46107,-97.390667,https://mitehuacan.mx/?ruta=rc-del-valle
2,Venta De Ropa Modas Rubi,ropa,127,18.461043,-97.390667,https://mitehuacan.mx/?ruta=rc-del-valle
2,Venta De Ropa Novedades Lucy,ropa,127,18.461161,-97.390666,https://mitehuacan.mx/?ruta=rc-del-valle
2,Venta De Ropa Y Tenis Sin Nombre,ropa,127,18.462859,-97.390654,https://mitehuacan.mx/?ruta=rc-del-valle
2,Venta De Tines Kal C Tin,ropa,127,18.460772,-97.390664,https://mitehuacan.mx/?ruta=rc-del-valle
2,Uniformes Abraham,ropa,128,18.458801,-97.390755,https://mitehuacan.mx/?ruta=rc-del-valle
2,Venta De Ropa De Caballero Sin Nombre,ropa,128,18.458846,-97.390755,https://mitehuacan.mx/?ruta=rc-del-valle
2,Venta De Ropa Modas Eben Ezer,ropa,128,18.458945,-97.390754,https://mitehuacan.mx/?ruta=rc-del-valle
2,Venta De Ropa Sin Nombre,ropa,128,18.458909,-97.390754,https://mitehuacan.mx/?ruta=rc-del-valle
2,Modas Morales,ropa,129,18.459081,-97.390754,https://mitehuacan.mx/?ruta=rc-del-valle
2,Venta De Ropa De Bebe Sin Nombre,ropa,129,18.459145,-97.390753,https://mitehuacan.mx/?ruta=rc-del-valle
2,Venta De Ropa De Dama Sin Nombre,ropa,129,18.459072,-97.390754,https://mitehuacan.mx/?ruta=rc-del-valle
2,Venta De Ropa Infantil,ropa,129,18.459081,-97.390754,https://mitehuacan.mx/?ruta=rc-del-valle
2,Venta De Ropa Infantil Key Fashion,ropa,129,18.459235,-97.390753,https://mitehuacan.mx/?ruta=rc-del-valle
2,Venta De Ropa Sin Nombre,ropa,129,18.459072,-97.390754,https://mitehuacan.mx/?ruta=rc-del-valle
2,Venta De Ropa Y Uniformes Azzurri,ropa,129,18.458758,-97.390764,https://mitehuacan.mx/?ruta=rc-del-valle
2,Venta Deropa,ropa,129,18.45919,-97.390753,https://mitehuacan.mx/?ruta=rc-del-valle
2,Modas Para,ropa,130,18.459253,-97.390753,https://mitehuacan.mx/?ruta=rc-del-valle
2,Venta De Ropa Infantil,ropa,130,18.459389,-97.390752,https://mitehuacan.mx/?ruta=rc-del-valle
2,Venta De Uniformes Escolares Sin Nombre,ropa,130,18.459407,-97.390752,https://mitehuacan.mx/?ruta=rc-del-valle
2,El Corcel De Oro,ropa,131,18.459597,-97.390751,https://mitehuacan.mx/?ruta=rc-del-valle
2,Modas Nicole,ropa,131,18.459579,-97.390751,https://mitehuacan.mx/?ruta=rc-del-valle
2,Tienda De Ropa Bermex,ropa,131,18.462976,-97.390688,https://mitehuacan.mx/?ruta=rc-del-valle
2,Uniformes Deportivos Flomar,ropa,131,18.458758,-97.390783,https://mitehuacan.mx/?ruta=rc-del-valle
2,Venta De Ropa,ropa,131,18.459724,-97.390751,https://mitehuacan.mx/?ruta=rc-del-valle
2,Venta De Ropa De Bebe Sin Nombre,ropa,131,18.459787,-97.39075,https://mitehuacan.mx/?ruta=rc-del-valle
2,Compra Venta De Ropa Y Tenis De La Calle,ropa,132,18.464927,-97.390682,https://mitehuacan.mx/?ruta=rc-del-valle
2,El Machetazo,ropa,132,18.459806,-97.39075,https://mitehuacan.mx/?ruta=rc-del-valle
2,La Barata,ropa,132,18.459833,-97.39075,https://mitehuacan.mx/?ruta=rc-del-valle
2,Moda Rebel,ropa,132,18.460014,-97.390749,https://mitehuacan.mx/?ruta=rc-del-valle
2,Novedades Aldo,ropa,132,18.459977,-97.390749,https://mitehuacan.mx/?ruta=rc-del-valle
2,Ropa Para Bebe,ropa,132,18.460005,-97.390749,https://mitehuacan.mx/?ruta=rc-del-valle
2,Venta De Ropa Para Adulto,ropa,132,18.459869,-97.39075,https://mitehuacan.mx/?ruta=rc-del-valle
2,Venta De Ropa Para Bebe,ropa,132,18.459959,-97.39075,https://mitehuacan.mx/?ruta=rc-del-valle
2,Venta De Ropa Para Dama,ropa,132,18.459932,-97.39075,https://mitehuacan.mx/?ruta=rc-del-valle
2,Importaciones Marin,ropa,133,18.46015,-97.390749,https://mitehuacan.mx/?ruta=rc-del-valle
2,Venta De Mochilas,ropa,133,18.460104,-97.390749,https://mitehuacan.mx/?ruta=rc-del-valle
2,Venta De Ropa Sin Nombre,ropa,133,18.460267,-97.390749,https://mitehuacan.mx/?ruta=rc-del-valle
2,Venta De Ropa Sin Nombre,ropa,133,18.460204,-97.390749,https://mitehuacan.mx/?ruta=rc-del-valle
2,Novedades July,ropa,134,18.460421,-97.390749,https://mitehuacan.mx/?ruta=rc-del-valle
2,Queen Fashuion,ropa,134,18.46053,-97.390749,https://mitehuacan.mx/?ruta=rc-del-valle
2,Tienda De Ropa Y Uniformes Mega Familia,ropa,134,18.46034,-97.390749,https://mitehuacan.mx/?ruta=rc-del-valle
2,Venta De Ropa Para Caballero Bee Retro,ropa,134,18.460303,-97.390749,https://mitehuacan.mx/?ruta=rc-del-valle
2,Venta De Ropa Sin Nombre,ropa,134,18.460676,-97.385842,https://mitehuacan.mx/?ruta=rc-del-valle
2,Moda Infantil Juquilita,ropa,135,18.460575,-97.390749,https://mitehuacan.mx/?ruta=rc-del-valle
2,Modas Amy,ropa,135,18.460611,-97.390749,https://mitehuacan.mx/?ruta=rc-del-valle
2,Venta De Ropa Niño Y Niña Sol Mery,ropa,135,18.460756,-97.390749,https://mitehuacan.mx/?ruta=rc-del-valle
2,Tienda De Mochilas El Gran Surtidor,ropa,137,18.461318,-97.390759,https://mitehuacan.mx/?ruta=rc-del-valle
2,Tienda De Mochilas Y Equipajes Vagabundo,ropa,137,18.4612,-97.390761,https://mitehuacan.mx/?ruta=rc-del-valle
2,Tienda De Ropa Moda Bella,ropa,137,18.461245,-97.39076,https://mitehuacan.mx/?ruta=rc-del-valle
2,Tienda De Ropa Modas Erikos,ropa,137,18.461653,-97.390759,https://mitehuacan.mx/?ruta=rc-del-valle
2,Creaciones En Tu Moda,ropa,138,18.460795,-97.390771,https://mitehuacan.mx/?ruta=rc-del-valle
2,Venta De Ropa Sin Nombre,ropa,138,18.462269,-97.390762,https://mitehuacan.mx/?ruta=rc-del-valle
2,Tienda De Mochilas Markis Backpacks,ropa,140,18.462803,-97.390777,https://mitehuacan.mx/?ruta=rc-del-valle
2,Tienda De Ropa Sin Nombre,ropa,140,18.462785,-97.390776,https://mitehuacan.mx/?ruta=rc-del-valle
2,Creaciones Mayel,ropa,141,18.45901,-97.385822,https://mitehuacan.mx/?ruta=rc-del-valle
2,Compra Y Venta De Ropa Sin Nombre,ropa,142,18.457311,-97.389431,https://mitehuacan.mx/?ruta=rc-del-valle
2,Bodega Textil Sin Nombre,ropa,147,18.467768,-97.384405,https://mitehuacan.mx/?ruta=rc-del-valle
2,Reparadora De Calzado La Rosita,zapatería,0,18.462075,-97.38946,https://mitehuacan.mx/?ruta=rc-del-valle
2,Reparadora De Calzado Nery,zapatería,1,18.461016,-97.389469,https://mitehuacan.mx/?ruta=rc-del-valle
2,Venta De Articulos Varios Sin Nombre,zapatería,1,18.46021,-97.389478,https://mitehuacan.mx/?ruta=rc-del-valle
2,Zapateria Calza A La Moda,zapatería,1,18.463178,-97.389436,https://mitehuacan.mx/?ruta=rc-del-valle
2,Reparadora De Calzado El Venadito Express,zapatería,3,18.463793,-97.389416,https://mitehuacan.mx/?ruta=rc-del-valle
2,Zapateria Los 3 Charros,zapatería,5,18.461647,-97.387032,https://mitehuacan.mx/?ruta=rc-del-valle
2,Reparadora De Calzado Mavelu,zapatería,6,18.460606,-97.387056,https://mitehuacan.mx/?ruta=rc-del-valle
2,Venta De Articulos Para Calzado Sin Nombre,zapatería,8,18.459871,-97.389579,https://mitehuacan.mx/?ruta=rc-del-valle
2,Zapaterias Ros Fer,zapatería,12,18.458508,-97.387063,https://mitehuacan.mx/?ruta=rc-del-valle
2,Zapateria Cruzitos,zapatería,13,18.459923,-97.389378,https://mitehuacan.mx/?ruta=rc-del-valle
2,Zapateria Leoneza,zapatería,13,18.458703,-97.388906,https://mitehuacan.mx/?ruta=rc-del-valle
2,Zapateria Sport Shoes,zapatería,13,18.459763,-97.38938,https://mitehuacan.mx/?ruta=rc-del-valle
2,Zapateria Calza Ahorros,zapatería,14,18.462803,-97.389317,https://mitehuacan.mx/?ruta=rc-del-valle
2,Zapateria Dica,zapatería,14,18.463165,-97.38931,https://mitehuacan.mx/?ruta=rc-del-valle
2,Reparadora De Calzado El Venado,zapatería,17,18.46464,-97.389275,https://mitehuacan.mx/?ruta=rc-del-valle
2,Reparadora De Calzado California,zapatería,35,18.465968,-97.389763,https://mitehuacan.mx/?ruta=rc-del-valle
2,Zapateria Dica,zapatería,36,18.462804,-97.389109,https://mitehuacan.mx/?ruta=rc-del-valle
2,Coppel Calzado Oriente 765,zapatería,44,18.460751,-97.389053,https://mitehuacan.mx/?ruta=rc-del-valle
2,Zapaterias Sports Shoes,zapatería,46,18.460772,-97.389899,https://mitehuacan.mx/?ruta=rc-del-valle
2,Venta De Sandalias De Plastico,zapatería,59,18.461578,-97.390014,https://mitehuacan.mx/?ruta=rc-del-valle
2,Venta De Zapatos De Bebe Zapateria Infantil Pa Chiquitos,zapatería,83,18.460812,-97.387896,https://mitehuacan.mx/?ruta=rc-del-valle
2,Zapateria Ana Maria,zapatería,86,18.458643,-97.390369,https://mitehuacan.mx/?ruta=rc-del-valle
2,Zapateria Giorgio Moretto,zapatería,92,18.460834,-97.388597,https://mitehuacan.mx/?ruta=rc-del-valle
2,Zapateria Crazy Feet,zapatería,109,18.461504,-97.390491,https://mitehuacan.mx/?ruta=rc-del-valle
2,Renovadora De Calzado Puebla Ii,zapatería,117,18.458755,-97.39065,https://mitehuacan.mx/?ruta=rc-del-valle
2,Zapateria Ing Roberto,zapatería,118,18.462892,-97.388158,https://mitehuacan.mx/?ruta=rc-del-valle
2,Zapateria 3 Hermanos,zapatería,121,18.459233,-97.390668,https://mitehuacan.mx/?ruta=rc-del-valle
2,Zapaterias Arther,zapatería,123,18.459803,-97.390665,https://mitehuacan.mx/?ruta=rc-del-valle
2,Zapaterias El Reventon,zapatería,123,18.45993,-97.390665,https://mitehuacan.mx/?ruta=rc-del-valle
2,Zapateria Tio Beto,zapatería,125,18.460382,-97.390664,https://mitehuacan.mx/?ruta=rc-del-valle
2,Zapateria Ana Maria,zapatería,126,18.460744,-97.390664,https://mitehuacan.mx/?ruta=rc-del-valle
2,Zapateria Don Zapato,zapatería,127,18.462859,-97.390654,https://mitehuacan.mx/?ruta=rc-del-valle
2,Zapateria Kristal,zapatería,127,18.462859,-97.390654,https://mitehuacan.mx/?ruta=rc-del-valle
2,Venta De Tenis Juquilita,zapatería,128,18.458891,-97.390755,https://mitehuacan.mx/?ruta=rc-del-valle
2,Zapateria Eduars,zapatería,129,18.459072,-97.390754,https://mitehuacan.mx/?ruta=rc-del-valle
2,Zapateria El Reventon,zapatería,133,18.460131,-97.390749,https://mitehuacan.mx/?ruta=rc-del-valle
2,Huaracheria Gloria,zapatería,137,18.461544,-97.390758,https://mitehuacan.mx/?ruta=rc-del-valle
2,Zapapateria Expres,zapatería,137,18.461616,-97.390758,https://mitehuacan.mx/?ruta=rc-del-valle
2,Zapaterias El Reventon,zapatería,145,18.462048,-97.390833,https://mitehuacan.mx/?ruta=rc-del-valle
2,Alcala Sucesores Huaracheria,zapatería,148,18.460672,-97.385709,https://mitehuacan.mx/?ruta=rc-del-valle
3,Accesorios Michelle,accesorios,1,18.461178,-97.389468,https://mitehuacan.mx/?ruta=rc-del-valle
3,Bisuteria Amor Mio,accesorios,1,18.460934,-97.38947,https://mitehuacan.mx/?ruta=rc-del-valle
3,Venta De Accesorios Para Dama Novedades Flor De Abril,accesorios,1,18.460364,-97.389476,https://mitehuacan.mx/?ruta=rc-del-valle
3,Tienda Bisuteria Y Cosmeticos Sin Nombre,accesorios,2,18.458544,-97.387792,https://mitehuacan.mx/?ruta=rc-del-valle
3,Tienda De Maquillaje Mundo Mujer Centro Mayorista,accesorios,2,18.458539,-97.387698,https://mitehuacan.mx/?ruta=rc-del-valle
3,Venta De Bisuteria Manuela Conplemento De Bisuteria,accesorios,3,18.458536,-97.387641,https://mitehuacan.mx/?ruta=rc-del-valle
3,Venta De Gorras Y Accesorios Gorras Y Accesorios Mg,accesorios,3,18.462706,-97.387016,https://mitehuacan.mx/?ruta=rc-del-valle
3,Venta De Moñoz Moñoz Coqueta,accesorios,3,18.459649,-97.389483,https://mitehuacan.mx/?ruta=rc-del-valle
3,Novedades Sin Nombre,accesorios,5,18.458925,-97.389494,https://mitehuacan.mx/?ruta=rc-del-valle
3,Bisuteria Ar,accesorios,8,18.464825,-97.389516,https://mitehuacan.mx/?ruta=rc-del-valle
3,Chacharas Venta De Diferentes Articulos De Temporada Sin Nom,accesorios,10,18.460686,-97.389369,https://mitehuacan.mx/?ruta=rc-del-valle
3,Bisuteria Amor Mio,accesorios,13,18.459718,-97.38938,https://mitehuacan.mx/?ruta=rc-del-valle
3,Chacharitas Yael,accesorios,13,18.458712,-97.389058,https://mitehuacan.mx/?ruta=rc-del-valle
3,Venta De Gorras Yoseline,accesorios,13,18.460872,-97.389583,https://mitehuacan.mx/?ruta=rc-del-valle
3,Gorras Y Playeras El Chino,accesorios,15,18.458732,-97.389393,https://mitehuacan.mx/?ruta=rc-del-valle
3,Tienda Dechacharas El Baratetito,accesorios,15,18.463346,-97.389303,https://mitehuacan.mx/?ruta=rc-del-valle
3,Venta De Chucherias Farez Bazar,accesorios,17,18.464776,-97.389273,https://mitehuacan.mx/?ruta=rc-del-valle
3,Venta De Gorras. Gorras Angelito,accesorios,24,18.458503,-97.386949,https://mitehuacan.mx/?ruta=rc-del-valle
3,Tienda De Novedades Aremi,accesorios,25,18.460855,-97.389232,https://mitehuacan.mx/?ruta=rc-del-valle
3,Venta De Chacharitas Sin Nombre,accesorios,34,18.458292,-97.389522,https://mitehuacan.mx/?ruta=rc-del-valle
3,Venta De Mochilas Y Bolsas Sin Nombre,accesorios,57,18.460844,-97.38892,https://mitehuacan.mx/?ruta=rc-del-valle
3,Venta De Cinturones Y Gorras Publicidad Fercho,accesorios,64,18.460885,-97.390066,https://mitehuacan.mx/?ruta=rc-del-valle
3,Compra Venta De Ropa Y Accesorios Enchulateh,accesorios,75,18.457921,-97.389526,https://mitehuacan.mx/?ruta=rc-del-valle
3,Accesorios Andi Dois,accesorios,83,18.465941,-97.386224,https://mitehuacan.mx/?ruta=rc-del-valle
3,Venta De Bisuteria Y Novedades Sarang,accesorios,108,18.458651,-97.390568,https://mitehuacan.mx/?ruta=rc-del-valle
3,Venta De Bolsas El Rey De La Bolsa,accesorios,120,18.462779,-97.388314,https://mitehuacan.mx/?ruta=rc-del-valle
3,Compra Venta De Bisuteria Y Accesorios Para Dama La Bella,accesorios,122,18.462976,-97.390603,https://mitehuacan.mx/?ruta=rc-del-valle
3,Venta De Moños Nina,accesorios,124,18.4609,-97.390635,https://mitehuacan.mx/?ruta=rc-del-valle
3,Venta De Moños Y Accesorios,accesorios,124,18.460274,-97.390664,https://mitehuacan.mx/?ruta=rc-del-valle
3,Centro Comercial Casa China,accesorios,125,18.458658,-97.39073,https://mitehuacan.mx/?ruta=rc-del-valle
3,Articulos De Bisuteria Fantasias Dany,accesorios,127,18.462859,-97.390654,https://mitehuacan.mx/?ruta=rc-del-valle
3,Joyeria De Fantasia Y Plata - Plata Linda,accesorios,127,18.462859,-97.390654,https://mitehuacan.mx/?ruta=rc-del-valle
3,Venta De Accesorios De Acero Inoxidable Tx Acero Inoxidable,accesorios,127,18.462859,-97.390654,https://mitehuacan.mx/?ruta=rc-del-valle
3,Venta De Gorras Publicidad Y Beisbol,accesorios,128,18.458973,-97.390754,https://mitehuacan.mx/?ruta=rc-del-valle
3,Cinturon Casual,accesorios,134,18.460493,-97.390749,https://mitehuacan.mx/?ruta=rc-del-valle
3,Vicmaly La Casa De Las Muñecas,accesorios,138,18.457349,-97.389273,https://mitehuacan.mx/?ruta=rc-del-valle
3,Tienda De Bolsas Y Morrales De Plastico Sin Nombre,accesorios,142,18.458028,-97.385941,https://mitehuacan.mx/?ruta=rc-del-valle
3,Preparatoria Federal,asistencia social,1,18.466677,-97.389415,https://mitehuacan.mx/?ruta=rc-del-valle
3,Auto Lavado El Paisa,autolavado,1,18.469172,-97.384626,https://mitehuacan.mx/?ruta=rc-del-valle
3,Lavado De Autos Sin Nombre,autolavado,3,18.472681,-97.372619,https://mitehuacan.mx/?ruta=rc-del-valle
3,Autolavado Hernandez,autolavado,22,18.458608,-97.386965,https://mitehuacan.mx/?ruta=rc-del-valle
3,Lavado De Autos Sin Nombre,autolavado,37,18.465891,-97.389082,https://mitehuacan.mx/?ruta=rc-del-valle
3,Auto Lavado El Tiburon,autolavado,63,18.469519,-97.38882,https://mitehuacan.mx/?ruta=rc-del-valle
3,Lavo De Autos Paw Patrol,autolavado,75,18.457874,-97.387127,https://mitehuacan.mx/?ruta=rc-del-valle
3,Lavado De Autos San Juditas,autolavado,100,18.468448,-97.37618,https://mitehuacan.mx/?ruta=rc-del-valle
3,Lavado De Autos Uli,autolavado,104,18.457751,-97.386649,https://mitehuacan.mx/?ruta=rc-del-valle
3,Bar El Farolito,bar,0,18.458718,-97.387169,https://mitehuacan.mx/?ruta=rc-del-valle
3,Bar 69 Club,bar,2,18.463431,-97.389428,https://mitehuacan.mx/?ruta=rc-del-valle
3,Panchos Bar,bar,13,18.459234,-97.387029,https://mitehuacan.mx/?ruta=rc-del-valle
3,Bar El Nuevo Aterrizaje,bar,14,18.463165,-97.38931,https://mitehuacan.mx/?ruta=rc-del-valle
3,Bar Los Colorines,bar,15,18.4634,-97.389301,https://mitehuacan.mx/?ruta=rc-del-valle
3,Bar El Guajiro,bar,41,18.468751,-97.384037,https://mitehuacan.mx/?ruta=rc-del-valle
3,Bar Los Compañeros,bar,92,18.458244,-97.390333,https://mitehuacan.mx/?ruta=rc-del-valle
3,Bar California,bar,121,18.460752,-97.385963,https://mitehuacan.mx/?ruta=rc-del-valle
3,Bar El Companero 1,bar,123,18.457498,-97.389678,https://mitehuacan.mx/?ruta=rc-del-valle
3,Bar Mar,bar,133,18.457377,-97.388733,https://mitehuacan.mx/?ruta=rc-del-valle
3,Bar Max Le Club,bar,145,18.460904,-97.390834,https://mitehuacan.mx/?ruta=rc-del-valle
3,Elaboracion De Shampoo,belleza,6,18.469244,-97.381786,https://mitehuacan.mx/?ruta=rc-del-valle
3,Taller De Bicicletas,bicicletas,2,18.471515,-97.377118,https://mitehuacan.mx/?ruta=rc-del-valle
3,Bici Reparaciones,bicicletas,6,18.460661,-97.387054,https://mitehuacan.mx/?ruta=rc-del-valle
3,Bicimundo,bicicletas,7,18.458625,-97.387108,https://mitehuacan.mx/?ruta=rc-del-valle
3,Bicis Y Refacciones De La 7,bicicletas,7,18.466787,-97.38695,https://mitehuacan.mx/?ruta=rc-del-valle
3,Bici Refacciones Del Centro,bicicletas,12,18.461329,-97.389347,https://mitehuacan.mx/?ruta=rc-del-valle
3,Venta De Refacciones Para Bicicletas Y Reparacion De Bicicle,bicicletas,17,18.460793,-97.387271,https://mitehuacan.mx/?ruta=rc-del-valle
3,Bicicletas Y Refacciones Ikki,bicicletas,29,18.460854,-97.389194,https://mitehuacan.mx/?ruta=rc-del-valle
3,Venta Refacciones Y Bicicletas Bicimundo,bicicletas,29,18.460768,-97.389738,https://mitehuacan.mx/?ruta=rc-del-valle
3,Reparacion De Bicicletas Sin Nombre,bicicletas,37,18.473192,-97.374471,https://mitehuacan.mx/?ruta=rc-del-valle
3,Tienda De Bicicletas La Santa Cleta,bicicletas,48,18.466838,-97.389875,https://mitehuacan.mx/?ruta=rc-del-valle
3,Bicis Extrem,bicicletas,73,18.460809,-97.387801,https://mitehuacan.mx/?ruta=rc-del-valle
3,Bicicletas Y Refaciones Manolos,bicicletas,83,18.462722,-97.386257,https://mitehuacan.mx/?ruta=rc-del-valle
3,Taller De Bicicletas,bicicletas,86,18.471911,-97.371628,https://mitehuacan.mx/?ruta=rc-del-valle
3,Fastbike Articulos De Ciclismo,bicicletas,122,18.465667,-97.385855,https://mitehuacan.mx/?ruta=rc-del-valle
3,Ciclo Sport Benotto,bicicletas,124,18.460093,-97.390664,https://mitehuacan.mx/?ruta=rc-del-valle
3,Billares Rocker Pool,billar,38,18.462357,-97.389817,https://mitehuacan.mx/?ruta=rc-del-valle
3,Bar Y Billares Kahomas,billar,125,18.457443,-97.388095,https://mitehuacan.mx/?ruta=rc-del-valle
3,Cooperativa Acreimex,caja de ahorro,15,18.462865,-97.38718,https://mitehuacan.mx/?ruta=rc-del-valle
3,Libertad Servicios Financieros Sucursal,caja de ahorro,24,18.462868,-97.38727,https://mitehuacan.mx/?ruta=rc-del-valle
3,Came Tehuacan 101,caja de ahorro,72,18.460767,-97.386433,https://mitehuacan.mx/?ruta=rc-del-valle
3,Caja Zongolica Suc Tehuacan,caja de ahorro,86,18.464838,-97.390248,https://mitehuacan.mx/?ruta=rc-del-valle
3,Corporativo Financiero Ahorro Agro,caja de ahorro,114,18.458876,-97.386081,https://mitehuacan.mx/?ruta=rc-del-valle
3,Casa De Empeño Respuesta Rapida,casa de empeño,0,18.462346,-97.389457,https://mitehuacan.mx/?ruta=rc-del-valle
3,Casa De Empeños Presta Teh,casa de empeño,0,18.462545,-97.389455,https://mitehuacan.mx/?ruta=rc-del-valle
3,Casa De Empeño De Remate,casa de empeño,4,18.465169,-97.389394,https://mitehuacan.mx/?ruta=rc-del-valle
3,Casa De Empeño Prendaval,casa de empeño,4,18.464553,-97.389395,https://mitehuacan.mx/?ruta=rc-del-valle
3,Casa De Empeño La Esperanza,casa de empeño,5,18.464535,-97.389395,https://mitehuacan.mx/?ruta=rc-del-valle
3,Casa De Empeño La Esperanza,casa de empeño,5,18.463793,-97.387051,https://mitehuacan.mx/?ruta=rc-del-valle
3,Casa Prendaria,casa de empeño,5,18.463712,-97.387056,https://mitehuacan.mx/?ruta=rc-del-valle
3,Casa De Empeños Prenda Sol,casa de empeño,6,18.463287,-97.387079,https://mitehuacan.mx/?ruta=rc-del-valle
3,Prenda Mex Sucursal 1849 Pue,casa de empeño,10,18.460754,-97.389368,https://mitehuacan.mx/?ruta=rc-del-valle
3,Casa De Empeño Surti Empeños,casa de empeño,13,18.462414,-97.389327,https://mitehuacan.mx/?ruta=rc-del-valle
3,Casa De Empeño Prenda Joya,casa de empeño,15,18.463283,-97.389305,https://mitehuacan.mx/?ruta=rc-del-valle
3,Casa De Empeño Prenda Flash,casa de empeño,30,18.4585,-97.386892,https://mitehuacan.mx/?ruta=rc-del-valle
3,Casa De Empeño Prenda Joya,casa de empeño,79,18.458746,-97.39029,https://mitehuacan.mx/?ruta=rc-del-valle
3,Prendaval,casa de empeño,135,18.460711,-97.390749,https://mitehuacan.mx/?ruta=rc-del-valle
3,Cerrajeria Arroyo,cerrajería,1,18.460129,-97.389478,https://mitehuacan.mx/?ruta=rc-del-valle
3,Cerrajeria Muñoz,cerrajería,2,18.460473,-97.387137,https://mitehuacan.mx/?ruta=rc-del-valle
3,Cerrajeria Liam,cerrajería,4,18.469258,-97.38283,https://mitehuacan.mx/?ruta=rc-del-valle
3,Cerrajeria Mexicana,cerrajería,5,18.464653,-97.389392,https://mitehuacan.mx/?ruta=rc-del-valle
3,Servicio De Cerrajeria Cerrajeria Gaba,cerrajería,13,18.462288,-97.38933,https://mitehuacan.mx/?ruta=rc-del-valle
3,Cerrajeria Sin Nombre,cerrajería,131,18.458659,-97.390786,https://mitehuacan.mx/?ruta=rc-del-valle
3,Pollos Guerrero,comida,2,18.462734,-97.387021,https://mitehuacan.mx/?ruta=rc-del-valle
3,Pollos Guerrero,comida,4,18.461542,-97.389421,https://mitehuacan.mx/?ruta=rc-del-valle
3,Tortas Hidalguenses,comida,9,18.458501,-97.388491,https://mitehuacan.mx/?ruta=rc-del-valle
3,Domino's,comida,40,18.463527,-97.386638,https://mitehuacan.mx/?ruta=rc-del-valle
3,Pollos Guerrero,comida,128,18.460788,-97.390676,https://mitehuacan.mx/?ruta=rc-del-valle
3,Ciber Mixti,computación,5,18.463965,-97.387042,https://mitehuacan.mx/?ruta=rc-del-valle
3,Cibercafe The Site,computación,18,18.465572,-97.389265,https://mitehuacan.mx/?ruta=rc-del-valle
3,Ciber Espress-A-T,computación,23,18.472519,-97.377805,https://mitehuacan.mx/?ruta=rc-del-valle
3,Ciber Choche,computación,87,18.468369,-97.376854,https://mitehuacan.mx/?ruta=rc-del-valle
3,Cyber Network,computación,91,18.460815,-97.387972,https://mitehuacan.mx/?ruta=rc-del-valle
3,Ciber Flores,computación,106,18.462834,-97.386035,https://mitehuacan.mx/?ruta=rc-del-valle
3,Internet Nautilus,computación,141,18.457411,-97.390031,https://mitehuacan.mx/?ruta=rc-del-valle
3,Sistemas Solares Y Electricos De Mexico,construcción,26,18.467401,-97.389173,https://mitehuacan.mx/?ruta=rc-del-valle
3,Despacho Contable Sin Nombre,contadores,5,18.4624,-97.387099,https://mitehuacan.mx/?ruta=rc-del-valle
3,Despacho Contable,contadores,89,18.462838,-97.386196,https://mitehuacan.mx/?ruta=rc-del-valle
3,Quality Copier,copias,3,18.462588,-97.387019,https://mitehuacan.mx/?ruta=rc-del-valle
3,Centro De Copiado Quality Sharp,copias,17,18.46474,-97.389273,https://mitehuacan.mx/?ruta=rc-del-valle
3,Tienda De Ropa Deportiva Sin Nombre,deportes,0,18.462219,-97.389458,https://mitehuacan.mx/?ruta=rc-del-valle
3,Venta De Tenis Y Gorras Sin Nombre,deportes,1,18.461215,-97.389468,https://mitehuacan.mx/?ruta=rc-del-valle
3,Articulos Militares El Infante,deportes,5,18.463965,-97.387042,https://mitehuacan.mx/?ruta=rc-del-valle
3,Deportes Dialta,deportes,13,18.461184,-97.389343,https://mitehuacan.mx/?ruta=rc-del-valle
3,Uniformes Deportivos Barropaz,deportes,13,18.458707,-97.388972,https://mitehuacan.mx/?ruta=rc-del-valle
3,Venta De Playeras Deportivas Sin Nombre,deportes,13,18.459863,-97.389379,https://mitehuacan.mx/?ruta=rc-del-valle
3,Zapateria Calza A La Moda,deportes,13,18.458712,-97.389048,https://mitehuacan.mx/?ruta=rc-del-valle
3,Tienda De Deportes Tehuacan Zona Sport,deportes,15,18.463328,-97.389304,https://mitehuacan.mx/?ruta=rc-del-valle
3,Zapateria Nueva Moda,deportes,16,18.458795,-97.389392,https://mitehuacan.mx/?ruta=rc-del-valle
3,Compra Y Venta De Ropa Deportiva Zas Sport,deportes,20,18.46182,-97.389646,https://mitehuacan.mx/?ruta=rc-del-valle
3,Tienda De Cartuchos Para Caceria Safari,deportes,50,18.460723,-97.387586,https://mitehuacan.mx/?ruta=rc-del-valle
3,Compra Venta De Tenis Luna Nueva,deportes,62,18.458634,-97.390133,https://mitehuacan.mx/?ruta=rc-del-valle
3,Venta De Tenis Y Gorras Sin Nombre,deportes,62,18.458634,-97.390142,https://mitehuacan.mx/?ruta=rc-del-valle
3,Compra Venta De Articulos Deportivos Lily,deportes,69,18.464835,-97.390085,https://mitehuacan.mx/?ruta=rc-del-valle
3,Zapateria Moda A Tus Pies,deportes,78,18.46158,-97.390195,https://mitehuacan.mx/?ruta=rc-del-valle
3,Zapaterias Venta De Tenis,deportes,120,18.459033,-97.390669,https://mitehuacan.mx/?ruta=rc-del-valle
3,Zapateria Pirma Orange Sport,deportes,122,18.459785,-97.390665,https://mitehuacan.mx/?ruta=rc-del-valle
3,Venta De Tenis En General Pirma,deportes,125,18.460319,-97.390664,https://mitehuacan.mx/?ruta=rc-del-valle
3,Venta De Ropa Deportiva Para Hombre Sin Nombre,deportes,126,18.460726,-97.390664,https://mitehuacan.mx/?ruta=rc-del-valle
3,Zapateria Juquilita,deportes,126,18.460536,-97.390664,https://mitehuacan.mx/?ruta=rc-del-valle
3,Tienda De Ropa Venta Gorras Y Playeras El Chino,deportes,127,18.462859,-97.390654,https://mitehuacan.mx/?ruta=rc-del-valle
3,Articulos Deportivos Barroso,deportes,133,18.460068,-97.390749,https://mitehuacan.mx/?ruta=rc-del-valle
3,Deposito Cerveceria El Depo,depósito,14,18.468225,-97.389268,https://mitehuacan.mx/?ruta=rc-del-valle
3,Dulceria La Chispa Del Sabor,dulcería,2,18.458611,-97.389175,https://mitehuacan.mx/?ruta=rc-del-valle
3,Abarrotes Ofeve Tehuacan,dulcería,6,18.459631,-97.387088,https://mitehuacan.mx/?ruta=rc-del-valle
3,Mueganos El Aguila De Rl De Cv,dulcería,6,18.463287,-97.387079,https://mitehuacan.mx/?ruta=rc-del-valle
3,Venta De Dulces,dulcería,6,18.463287,-97.387079,https://mitehuacan.mx/?ruta=rc-del-valle
3,Mueganos El Real De Tehuacan,dulcería,92,18.457767,-97.389527,https://mitehuacan.mx/?ruta=rc-del-valle
3,Radio Comunitaria Hermanos Serdan,energía,113,18.460324,-97.388195,https://mitehuacan.mx/?ruta=rc-del-valle
3,Grabacion Servideo,fotografía,1,18.469187,-97.384427,https://mitehuacan.mx/?ruta=rc-del-valle
3,Foto Estudio Lumiere,fotografía,4,18.465522,-97.38939,https://mitehuacan.mx/?ruta=rc-del-valle
3,Estudio De Fotos Fotogama,fotografía,5,18.458762,-97.389497,https://mitehuacan.mx/?ruta=rc-del-valle
3,Estudio Meylin,fotografía,52,18.460724,-97.387605,https://mitehuacan.mx/?ruta=rc-del-valle
3,Estudio Fotografico Alpha Y Omega,fotografía,73,18.465889,-97.387706,https://mitehuacan.mx/?ruta=rc-del-valle
3,Estudio De Fotos Fujifilm,fotografía,117,18.462713,-97.388158,https://mitehuacan.mx/?ruta=rc-del-valle
3,Comercializadora San Gabriel,frutería,1,18.458723,-97.389541,https://mitehuacan.mx/?ruta=rc-del-valle
3,Frutas Y Verduras,frutería,1,18.47005,-97.376767,https://mitehuacan.mx/?ruta=rc-del-valle
3,Venta De Frutas Y Verduras Sin Nombre,frutería,1,18.472425,-97.37742,https://mitehuacan.mx/?ruta=rc-del-valle
3,Venta De Jitomate Sin Nombre,frutería,4,18.468985,-97.38892,https://mitehuacan.mx/?ruta=rc-del-valle
3,Frutas Y Verduras Sin Nombre,frutería,5,18.469181,-97.377225,https://mitehuacan.mx/?ruta=rc-del-valle
3,Frutas Y Verduras Sin Nombre,frutería,5,18.470975,-97.376787,https://mitehuacan.mx/?ruta=rc-del-valle
3,Venta De Platanos Sin Nombre,frutería,5,18.45888,-97.389495,https://mitehuacan.mx/?ruta=rc-del-valle
3,Venta De Fruta Fruteria Chavez,frutería,6,18.459955,-97.387078,https://mitehuacan.mx/?ruta=rc-del-valle
3,Compra Venta De Frutas Y Verduras El Caribe,frutería,9,18.458518,-97.38952,https://mitehuacan.mx/?ruta=rc-del-valle
3,Frutas Y Verduras Sin Nombre,frutería,18,18.469,-97.376764,https://mitehuacan.mx/?ruta=rc-del-valle
3,Compra Venta De Frutas Y Verduras Tehuacan,frutería,22,18.458401,-97.389521,https://mitehuacan.mx/?ruta=rc-del-valle
3,Venta De Frutas Y Verduras Sin Nombre,frutería,48,18.458492,-97.386722,https://mitehuacan.mx/?ruta=rc-del-valle
3,Venta De Frutas Y Verduras Sin Nombre,frutería,56,18.458488,-97.386646,https://mitehuacan.mx/?ruta=rc-del-valle
3,Abastecedora Del Campo,frutería,62,18.464815,-97.388852,https://mitehuacan.mx/?ruta=rc-del-valle
3,Venta De Verduras El Mercadito,frutería,77,18.469999,-97.382745,https://mitehuacan.mx/?ruta=rc-del-valle
3,Venta De Frutas Y Verduras Sin Nombre,frutería,90,18.46898,-97.390249,https://mitehuacan.mx/?ruta=rc-del-valle
3,Venta De Frutas Y Verduras,frutería,116,18.46079,-97.390563,https://mitehuacan.mx/?ruta=rc-del-valle
3,Venta De Jitomate Sin Nombre,frutería,119,18.458655,-97.390673,https://mitehuacan.mx/?ruta=rc-del-valle
3,Verduleria San Angel,frutería,126,18.472755,-97.378752,https://mitehuacan.mx/?ruta=rc-del-valle
3,Funerales Mendoza,funeraria,37,18.458627,-97.389905,https://mitehuacan.mx/?ruta=rc-del-valle
3,Carpinteria Sin Nombre,fábrica,2,18.4692,-97.378913,https://mitehuacan.mx/?ruta=rc-del-valle
3,Taller De Mosaicos Torremar Pisos,fábrica,2,18.464689,-97.387025,https://mitehuacan.mx/?ruta=rc-del-valle
3,Modista Sin Nombre,fábrica,3,18.461631,-97.387108,https://mitehuacan.mx/?ruta=rc-del-valle
3,Composturas De Ropa,fábrica,4,18.468463,-97.389359,https://mitehuacan.mx/?ruta=rc-del-valle
3,Costura De Diferentes Prends Taller Ccc,fábrica,5,18.462672,-97.387093,https://mitehuacan.mx/?ruta=rc-del-valle
3,Cruces Y Servicio Luna,fábrica,6,18.461158,-97.387039,https://mitehuacan.mx/?ruta=rc-del-valle
3,Sellos De Goma Medrano,fábrica,7,18.465637,-97.386941,https://mitehuacan.mx/?ruta=rc-del-valle
3,Carpinteria Sin Nombre,fábrica,22,18.471412,-97.377766,https://mitehuacan.mx/?ruta=rc-del-valle
3,Carpinteria Micer,fábrica,26,18.466829,-97.389667,https://mitehuacan.mx/?ruta=rc-del-valle
3,Centro De Diseño,fábrica,34,18.465961,-97.389108,https://mitehuacan.mx/?ruta=rc-del-valle
3,Molino De Chiles Y Harinas San Pedro,fábrica,38,18.458209,-97.387113,https://mitehuacan.mx/?ruta=rc-del-valle
3,Tienda De Lonas Y Anuncios Sin Nombre,fábrica,41,18.458257,-97.386939,https://mitehuacan.mx/?ruta=rc-del-valle
3,Teller De Costura Garald,fábrica,47,18.464821,-97.388994,https://mitehuacan.mx/?ruta=rc-del-valle
3,Confecciones Y Composturas De Ropa Sin Nombre,fábrica,50,18.460773,-97.389937,https://mitehuacan.mx/?ruta=rc-del-valle
3,Composturas Creaciones Annel,fábrica,56,18.465954,-97.387543,https://mitehuacan.mx/?ruta=rc-del-valle
3,Frituras Silvia,fábrica,56,18.468673,-97.383204,https://mitehuacan.mx/?ruta=rc-del-valle
3,Herreria Hernandez,fábrica,58,18.458047,-97.388217,https://mitehuacan.mx/?ruta=rc-del-valle
3,Abarrotes Y Carnes Hermanos Luna,fábrica,59,18.458019,-97.387121,https://mitehuacan.mx/?ruta=rc-del-valle
3,Maquiladora La Comer,fábrica,61,18.466843,-97.389998,https://mitehuacan.mx/?ruta=rc-del-valle
3,Carpinteria De Todo En Madera,fábrica,64,18.466173,-97.386411,https://mitehuacan.mx/?ruta=rc-del-valle
3,Piñato Baza,fábrica,79,18.464772,-97.387753,https://mitehuacan.mx/?ruta=rc-del-valle
3,Lesa Textiles,fábrica,81,18.462765,-97.387808,https://mitehuacan.mx/?ruta=rc-del-valle
3,Confeccion De Camisa Lorin,fábrica,101,18.470017,-97.385697,https://mitehuacan.mx/?ruta=rc-del-valle
3,Mosaico Moreno,fábrica,101,18.464873,-97.38848,https://mitehuacan.mx/?ruta=rc-del-valle
3,Bordados San Miguel,fábrica,107,18.464279,-97.388424,https://mitehuacan.mx/?ruta=rc-del-valle
3,Confeccion De Disfraces La Magia De Oz,fábrica,109,18.464677,-97.388407,https://mitehuacan.mx/?ruta=rc-del-valle
3,Grupo Jg,fábrica,110,18.460563,-97.386073,https://mitehuacan.mx/?ruta=rc-del-valle
3,Señorial Sastreria,fábrica,114,18.459155,-97.386076,https://mitehuacan.mx/?ruta=rc-del-valle
3,Carpinteria Sin Nombre,fábrica,115,18.468178,-97.382723,https://mitehuacan.mx/?ruta=rc-del-valle
3,Sastreria Sin Nombre,fábrica,119,18.461071,-97.38598,https://mitehuacan.mx/?ruta=rc-del-valle
3,Confeccion De Ropa Sin Nombre,fábrica,121,18.464793,-97.388293,https://mitehuacan.mx/?ruta=rc-del-valle
3,Servicio De Costura Sin Nombre,fábrica,124,18.4575,-97.389744,https://mitehuacan.mx/?ruta=rc-del-valle
3,Talabarteria La Silla Poblana,fábrica,126,18.460554,-97.390664,https://mitehuacan.mx/?ruta=rc-del-valle
3,Carpinteria El Chino,fábrica,131,18.460677,-97.38587,https://mitehuacan.mx/?ruta=rc-del-valle
3,Taller De Marmol Y Onix Jorge Martinez Sanchez,fábrica,132,18.471603,-97.37102,https://mitehuacan.mx/?ruta=rc-del-valle
3,Confesion De Prendas De Vestir Diseños Cr,fábrica,133,18.457372,-97.388515,https://mitehuacan.mx/?ruta=rc-del-valle
3,Elaboracion De Piñatas Sin Nombre,fábrica,133,18.457364,-97.388183,https://mitehuacan.mx/?ruta=rc-del-valle
3,Regalos Y Novedades Mochilas Maty,fábrica,137,18.461435,-97.390758,https://mitehuacan.mx/?ruta=rc-del-valle
3,Elaboracion De Uniformes Erres Uniformes Y Publicidad,fábrica,143,18.459009,-97.385803,https://mitehuacan.mx/?ruta=rc-del-valle
3,Servicio De Compostura,fábrica,144,18.457832,-97.386031,https://mitehuacan.mx/?ruta=rc-del-valle
3,Mayel Diseño Y Produccion De Uniformes,fábrica,145,18.459008,-97.385784,https://mitehuacan.mx/?ruta=rc-del-valle
3,Guarderia Caritas Tehuacan,guardería,126,18.468078,-97.382724,https://mitehuacan.mx/?ruta=rc-del-valle
3,Estancia Infantil Manitas Pintadas,guardería,132,18.467928,-97.383965,https://mitehuacan.mx/?ruta=rc-del-valle
3,Balconeria Y Herreria El Pollo,herrería,2,18.468895,-97.388269,https://mitehuacan.mx/?ruta=rc-del-valle
3,Puerta Automaticas Y Recidenciales Franco,herrería,2,18.461513,-97.387109,https://mitehuacan.mx/?ruta=rc-del-valle
3,Balconeria Hernandez,herrería,4,18.46859,-97.389359,https://mitehuacan.mx/?ruta=rc-del-valle
3,Taller De Balconeria Express,herrería,29,18.465887,-97.389699,https://mitehuacan.mx/?ruta=rc-del-valle
3,Puertas Y Cortinas Automaticas Tehuacan,herrería,38,18.466834,-97.38978,https://mitehuacan.mx/?ruta=rc-del-valle
3,Balconeria Espindola,herrería,61,18.463677,-97.388865,https://mitehuacan.mx/?ruta=rc-del-valle
3,Balconeria Sin Nombre,herrería,65,18.465954,-97.387628,https://mitehuacan.mx/?ruta=rc-del-valle
3,Balconeria Y Herreria Del Valle,herrería,68,18.471002,-97.376195,https://mitehuacan.mx/?ruta=rc-del-valle
3,Herreria Y Anuncios La Fragua,herrería,94,18.464876,-97.388547,https://mitehuacan.mx/?ruta=rc-del-valle
3,Balconeria Vidrios Y Aluminios Sin Nombre,herrería,125,18.458284,-97.386024,https://mitehuacan.mx/?ruta=rc-del-valle
3,Balconeria Marvi,herrería,143,18.46797,-97.376238,https://mitehuacan.mx/?ruta=rc-del-valle
3,Hospital Konetzin,hospital,6,18.46316,-97.387086,https://mitehuacan.mx/?ruta=rc-del-valle
3,Hospital Municipal De Tehuacan,hospital,29,18.464826,-97.387277,https://mitehuacan.mx/?ruta=rc-del-valle
3,Asilo de Ancianos de Tehuacan,hostel,13,18.469413,-97.381052,https://mitehuacan.mx/?ruta=rc-del-valle
3,San Francisco,iglesia,73,18.462079,-97.39015,https://mitehuacan.mx/?ruta=rc-del-valle
3,Cometra,insurance,140,18.463373,-97.385697,https://mitehuacan.mx/?ruta=rc-del-valle
3,Bodega De Novedades Yani,joyería,43,18.459987,-97.389902,https://mitehuacan.mx/?ruta=rc-del-valle
3,Tienda 84 Merag Joyas Puebla,joyería,49,18.462848,-97.386578,https://mitehuacan.mx/?ruta=rc-del-valle
3,Joyeria Mely,joyería,57,18.46296,-97.389987,https://mitehuacan.mx/?ruta=rc-del-valle
3,Joyeria Osorio,joyería,69,18.464835,-97.390085,https://mitehuacan.mx/?ruta=rc-del-valle
3,Joyeria Y Relojeria El Rubi,joyería,73,18.458504,-97.390238,https://mitehuacan.mx/?ruta=rc-del-valle
3,Venta De Plata Joyeria Jk,joyería,83,18.458543,-97.39033,https://mitehuacan.mx/?ruta=rc-del-valle
3,Venta De Joyeria Y Pedreria Jalisco,joyería,88,18.461501,-97.390292,https://mitehuacan.mx/?ruta=rc-del-valle
3,Novedades Electronica Y Novedades Mastr,joyería,99,18.462851,-97.390389,https://mitehuacan.mx/?ruta=rc-del-valle
3,Joyeria De Acero Sin Nombre,joyería,126,18.460645,-97.390664,https://mitehuacan.mx/?ruta=rc-del-valle
3,Venta De Plata Plata Linda,joyería,127,18.462859,-97.390654,https://mitehuacan.mx/?ruta=rc-del-valle
3,Venta De Reaglos Sin Nombre,joyería,127,18.462859,-97.390654,https://mitehuacan.mx/?ruta=rc-del-valle
3,Comercio De Regalos Reparacion De Articulos Personales Casa ,joyería,137,18.461789,-97.390759,https://mitehuacan.mx/?ruta=rc-del-valle
3,Tienda De Relojeria Y Joyeria Kairos,joyería,138,18.462078,-97.390761,https://mitehuacan.mx/?ruta=rc-del-valle
3,Tienda De Acero Sin Nombre,joyería,140,18.462731,-97.390773,https://mitehuacan.mx/?ruta=rc-del-valle
3,Jugueteria Zhu Fu,juguetería,2,18.458541,-97.387745,https://mitehuacan.mx/?ruta=rc-del-valle
3,Tienda De Peluches Monarca,juguetería,3,18.463727,-97.386979,https://mitehuacan.mx/?ruta=rc-del-valle
3,Venta De Carros De Coleccion Sin Nombre,juguetería,4,18.46859,-97.389359,https://mitehuacan.mx/?ruta=rc-del-valle
3,Venta De Juguetes Y Bisuteria Sin Nombre,juguetería,4,18.458517,-97.387233,https://mitehuacan.mx/?ruta=rc-del-valle
3,Juguetes Y Regalos Lagunilla,juguetería,12,18.461863,-97.389341,https://mitehuacan.mx/?ruta=rc-del-valle
3,Tienda De Peluches El Gran Peluche,juguetería,17,18.464595,-97.389276,https://mitehuacan.mx/?ruta=rc-del-valle
3,Venta De Materiales Didacticos Edu Mart,juguetería,73,18.457939,-97.389525,https://mitehuacan.mx/?ruta=rc-del-valle
3,Venta De Juguetes,juguetería,83,18.457795,-97.387206,https://mitehuacan.mx/?ruta=rc-del-valle
3,Novedades Actitud,juguetería,96,18.461583,-97.390365,https://mitehuacan.mx/?ruta=rc-del-valle
3,Novedades Y Accesorios De Mexico,juguetería,120,18.458988,-97.390669,https://mitehuacan.mx/?ruta=rc-del-valle
3,Jugueteria La Lagunilla,juguetería,137,18.461671,-97.390759,https://mitehuacan.mx/?ruta=rc-del-valle
3,Accesorios Videojuegos Niky Games,juguetería,138,18.46235,-97.390762,https://mitehuacan.mx/?ruta=rc-del-valle
3,Laboratorio Clinico Y Bacteriologico,laboratorio,3,18.458534,-97.387593,https://mitehuacan.mx/?ruta=rc-del-valle
3,Laboratorio San Angel,laboratorio,5,18.466545,-97.389381,https://mitehuacan.mx/?ruta=rc-del-valle
3,Laboratorios Bioclin,laboratorio,5,18.464605,-97.38695,https://mitehuacan.mx/?ruta=rc-del-valle
3,Laboratorios Clinicos De Tehuacan,laboratorio,15,18.463283,-97.389305,https://mitehuacan.mx/?ruta=rc-del-valle
3,Uniformes Quirurgicos Rash,laboratorio,17,18.462819,-97.389289,https://mitehuacan.mx/?ruta=rc-del-valle
3,Laboratorios Clinicos De Tehuacan,laboratorio,49,18.464761,-97.387469,https://mitehuacan.mx/?ruta=rc-del-valle
3,Laboratorios Clinicos Innovalab,laboratorio,49,18.462874,-97.387502,https://mitehuacan.mx/?ruta=rc-del-valle
3,Deposito Dental Del Angel,laboratorio,55,18.462876,-97.387561,https://mitehuacan.mx/?ruta=rc-del-valle
3,Laboratorio Clinico Bioclif,laboratorio,69,18.469604,-97.389348,https://mitehuacan.mx/?ruta=rc-del-valle
3,Laboratorios De Analisis Clinicos Diagnostica,laboratorio,107,18.46074,-97.388449,https://mitehuacan.mx/?ruta=rc-del-valle
3,Deposito Dental Dentstore,laboratorio,131,18.458659,-97.390787,https://mitehuacan.mx/?ruta=rc-del-valle
3,Deposito Dental,laboratorio,148,18.465881,-97.390828,https://mitehuacan.mx/?ruta=rc-del-valle
3,Enolav Lavanderia,lavandería,7,18.465311,-97.386939,https://mitehuacan.mx/?ruta=rc-del-valle
3,Lavanderia Zaro,lavandería,11,18.472522,-97.377691,https://mitehuacan.mx/?ruta=rc-del-valle
3,Lava Jean Tehuacan,lavandería,15,18.467193,-97.389274,https://mitehuacan.mx/?ruta=rc-del-valle
3,Tintoreria Tehuacan,lavandería,28,18.464819,-97.389175,https://mitehuacan.mx/?ruta=rc-del-valle
3,Tintoreria Flores Magon,lavandería,32,18.461498,-97.386782,https://mitehuacan.mx/?ruta=rc-del-valle
3,Tintoreria Puebla,lavandería,36,18.462837,-97.389792,https://mitehuacan.mx/?ruta=rc-del-valle
3,Lavanderia Mama Mia,lavandería,42,18.466929,-97.389815,https://mitehuacan.mx/?ruta=rc-del-valle
3,Lavanderia Y Planchaduria La Imperial,lavandería,83,18.469731,-97.389349,https://mitehuacan.mx/?ruta=rc-del-valle
3,Lavanderia Coco Wash,lavandería,92,18.462837,-97.386168,https://mitehuacan.mx/?ruta=rc-del-valle
3,Lavanderia Perfect Wash,lavandería,121,18.465954,-97.388283,https://mitehuacan.mx/?ruta=rc-del-valle
3,Libreria Promade,librería,56,18.466841,-97.389951,https://mitehuacan.mx/?ruta=rc-del-valle
3,TONY super papelería,librería,64,18.462822,-97.386437,https://mitehuacan.mx/?ruta=rc-del-valle
3,Marisqueria La Marea,mariscos,7,18.465519,-97.386941,https://mitehuacan.mx/?ruta=rc-del-valle
3,Papi Ostion Marisqueria,mariscos,22,18.46893,-97.383911,https://mitehuacan.mx/?ruta=rc-del-valle
3,Nutrimentos Purina,mascotas,0,18.462219,-97.389458,https://mitehuacan.mx/?ruta=rc-del-valle
3,Tienda De Accesorios Para Mascotas El Canario De Oro,mascotas,1,18.463115,-97.389438,https://mitehuacan.mx/?ruta=rc-del-valle
3,Tienda Para Mascotas El Canario De Oro,mascotas,1,18.461631,-97.389464,https://mitehuacan.mx/?ruta=rc-del-valle
3,Veterinaria Sin Nombre,mascotas,3,18.459576,-97.389484,https://mitehuacan.mx/?ruta=rc-del-valle
3,Tienda De Accesorios Para Mascota Tu Amigo Fiel Th,mascotas,20,18.458415,-97.389407,https://mitehuacan.mx/?ruta=rc-del-valle
3,Venta De Animales De Corral Sin Nombre,mascotas,69,18.458203,-97.386629,https://mitehuacan.mx/?ruta=rc-del-valle
3,Veterinaria Sarabia,mascotas,83,18.469731,-97.389349,https://mitehuacan.mx/?ruta=rc-del-valle
3,Acuario Agua Vida,mascotas,108,18.462782,-97.388427,https://mitehuacan.mx/?ruta=rc-del-valle
3,Compra Venta De Alimentos Y Accesorios Para Aves El Piolin,mascotas,114,18.457807,-97.390242,https://mitehuacan.mx/?ruta=rc-del-valle
3,Bodega De Habarrotes 3 Estrellas Sin Nombre,mascotas,123,18.458384,-97.386022,https://mitehuacan.mx/?ruta=rc-del-valle
3,Tienda De Accesorios Para Mascotas Sin Nombre,mascotas,131,18.459597,-97.390751,https://mitehuacan.mx/?ruta=rc-del-valle
3,Veterinaria Pacheco,mascotas,134,18.457349,-97.387548,https://mitehuacan.mx/?ruta=rc-del-valle
3,Venta De Alimento Para Animales Api-Aba,mascotas,135,18.457411,-97.386702,https://mitehuacan.mx/?ruta=rc-del-valle
3,Recicladora Sin Nombre,mayoreo,0,18.46909,-97.385929,https://mitehuacan.mx/?ruta=rc-del-valle
3,Barnices Otto,mayoreo,2,18.458608,-97.389118,https://mitehuacan.mx/?ruta=rc-del-valle
3,Compra Venta De Materiales De Reciclaje,mayoreo,3,18.46933,-97.382656,https://mitehuacan.mx/?ruta=rc-del-valle
3,Distribuidora De Maquinaria Agricola Sin Nombre,mayoreo,3,18.458523,-97.387366,https://mitehuacan.mx/?ruta=rc-del-valle
3,Madereria Maderas Exoticas Katalox,mayoreo,3,18.464282,-97.387032,https://mitehuacan.mx/?ruta=rc-del-valle
3,Avicola Tehuacan,mayoreo,4,18.467037,-97.386979,https://mitehuacan.mx/?ruta=rc-del-valle
3,Suministros Graficos De Tehuacan,mayoreo,4,18.465848,-97.389387,https://mitehuacan.mx/?ruta=rc-del-valle
3,Tienda De Tintas Para Imprenta Tinta Y Color Para Las Artes ,mayoreo,4,18.465694,-97.389389,https://mitehuacan.mx/?ruta=rc-del-valle
3,Venta De Muebles Metalicos Tfg,mayoreo,4,18.458517,-97.387252,https://mitehuacan.mx/?ruta=rc-del-valle
3,Mecatronica Inv Inc,mayoreo,5,18.468002,-97.38936,https://mitehuacan.mx/?ruta=rc-del-valle
3,Agroquimicos Y Semillas La Coa,mayoreo,7,18.458627,-97.387657,https://mitehuacan.mx/?ruta=rc-del-valle
3,Almacen Avicola Tehuacan,mayoreo,7,18.467767,-97.38696,https://mitehuacan.mx/?ruta=rc-del-valle
3,Estacionamiento Auxiliar,mayoreo,7,18.467539,-97.387092,https://mitehuacan.mx/?ruta=rc-del-valle
3,Estanterias Metalicas Flejuser,mayoreo,9,18.458507,-97.3871,https://mitehuacan.mx/?ruta=rc-del-valle
3,Carnemart,mayoreo,12,18.458694,-97.388762,https://mitehuacan.mx/?ruta=rc-del-valle
3,Venta De Focos Y Luminaria Distribuciones Jorrta,mayoreo,14,18.462659,-97.389321,https://mitehuacan.mx/?ruta=rc-del-valle
3,Ferretera Arriaga,mayoreo,32,18.462923,-97.389143,https://mitehuacan.mx/?ruta=rc-del-valle
3,Bodega De Musical Sinfonia,mayoreo,43,18.460078,-97.389897,https://mitehuacan.mx/?ruta=rc-del-valle
3,Compra De Desperdicio Social,mayoreo,45,18.464894,-97.389011,https://mitehuacan.mx/?ruta=rc-del-valle
3,Almacen Socorro Romero Sanchez,mayoreo,54,18.466829,-97.38753,https://mitehuacan.mx/?ruta=rc-del-valle
3,Ferreteria Albeluan,mayoreo,57,18.459162,-97.386613,https://mitehuacan.mx/?ruta=rc-del-valle
3,Dimmeeb,mayoreo,58,18.458784,-97.386618,https://mitehuacan.mx/?ruta=rc-del-valle
3,Comercio De Accesorios De Computo Soluciones Tecnologicas Gm,mayoreo,87,18.457809,-97.389412,https://mitehuacan.mx/?ruta=rc-del-valle
3,Motoimplementos Y Equipos De Puebla,mayoreo,115,18.457676,-97.386575,https://mitehuacan.mx/?ruta=rc-del-valle
3,Recicladora Un Mundo Mejor,mayoreo,125,18.45743,-97.387507,https://mitehuacan.mx/?ruta=rc-del-valle
3,Sala De Exhibicion De Circulo B,mayoreo,127,18.462859,-97.390654,https://mitehuacan.mx/?ruta=rc-del-valle
3,Venta De Maquinaria Agricola Sin Nombre,mayoreo,130,18.458121,-97.386027,https://mitehuacan.mx/?ruta=rc-del-valle
3,Materiales Para Construccion Juquilia,mayoreo,134,18.474569,-97.375961,https://mitehuacan.mx/?ruta=rc-del-valle
3,Venta De Muebles Metalicos Marleba,mayoreo,145,18.45872,-97.385794,https://mitehuacan.mx/?ruta=rc-del-valle
3,Sinergia Materiales Publicitarios,mayoreo,149,18.466878,-97.390832,https://mitehuacan.mx/?ruta=rc-del-valle
3,Merceria El Redil,mercería,6,18.458761,-97.387107,https://mitehuacan.mx/?ruta=rc-del-valle
3,El Globito,mercería,16,18.463771,-97.389291,https://mitehuacan.mx/?ruta=rc-del-valle
3,Tienda De Estambres Sin Nombre,mercería,114,18.459444,-97.386072,https://mitehuacan.mx/?ruta=rc-del-valle
3,Estambres El Patito,mercería,130,18.459416,-97.390752,https://mitehuacan.mx/?ruta=rc-del-valle
3,Dinamo Sucursal Tehuacan Puebla,motos,4,18.464359,-97.3894,https://mitehuacan.mx/?ruta=rc-del-valle
3,Taller De Motos Sin Nombre,motos,57,18.46481,-97.386462,https://mitehuacan.mx/?ruta=rc-del-valle
3,Taller De Motor Rivera,motos,77,18.46842,-97.384142,https://mitehuacan.mx/?ruta=rc-del-valle
3,Motocicletas Dinamo Taller,motos,88,18.464878,-97.388603,https://mitehuacan.mx/?ruta=rc-del-valle
3,Moto Servicio Dunlop,motos,108,18.466844,-97.388404,https://mitehuacan.mx/?ruta=rc-del-valle
3,Iglesia Pentecostes Principe De Paz El Triunfo De La Fe,negocio,0,18.469094,-97.385872,https://mitehuacan.mx/?ruta=rc-del-valle
3,Panificadora San Francisco De Asis,negocio,0,18.460536,-97.389475,https://mitehuacan.mx/?ruta=rc-del-valle
3,Alcoholicos Anonimos,negocio,1,18.46126,-97.389467,https://mitehuacan.mx/?ruta=rc-del-valle
3,Autobuses Costa De Oro Guadalajara Mazatlan Tijuana,negocio,1,18.458561,-97.388143,https://mitehuacan.mx/?ruta=rc-del-valle
3,Gyms New Brothers,negocio,1,18.469099,-97.384638,https://mitehuacan.mx/?ruta=rc-del-valle
3,Jardin De Fiestas Loremy,negocio,1,18.46917,-97.384664,https://mitehuacan.mx/?ruta=rc-del-valle
3,Jardin De Fiestas Los Peques,negocio,1,18.469177,-97.384569,https://mitehuacan.mx/?ruta=rc-del-valle
3,Jefatura Sector Numero 10,negocio,1,18.465232,-97.387016,https://mitehuacan.mx/?ruta=rc-del-valle
3,La Iglesia De Jesucristo De Los Santos De Los Ultimos Dias,negocio,1,18.459351,-97.387162,https://mitehuacan.mx/?ruta=rc-del-valle
3,Salon El Cid,negocio,1,18.469211,-97.378107,https://mitehuacan.mx/?ruta=rc-del-valle
3,Taller De Radiadores El Carmen,negocio,1,18.465775,-97.387018,https://mitehuacan.mx/?ruta=rc-del-valle
3,Taller De Servicio De Cluth Tehuacan,negocio,1,18.466418,-97.387023,https://mitehuacan.mx/?ruta=rc-del-valle
3,Elaboracion De Donas Deli Donas,negocio,2,18.464689,-97.387025,https://mitehuacan.mx/?ruta=rc-del-valle
3,Elaboracion De Marcos De Madera Sin Nombre,negocio,2,18.468893,-97.38824,https://mitehuacan.mx/?ruta=rc-del-valle
3,Mariachi Cocula,negocio,2,18.460355,-97.387139,https://mitehuacan.mx/?ruta=rc-del-valle
3,Mariachi Mexico Lindo,negocio,2,18.460075,-97.387146,https://mitehuacan.mx/?ruta=rc-del-valle
3,Mariachi Oro Y Plata,negocio,2,18.460844,-97.387126,https://mitehuacan.mx/?ruta=rc-del-valle
3,Mariachi Platino Continental,negocio,2,18.460934,-97.387123,https://mitehuacan.mx/?ruta=rc-del-valle
3,Spartans Gym,negocio,2,18.460437,-97.387138,https://mitehuacan.mx/?ruta=rc-del-valle
3,Despacho De Abogado,negocio,3,18.463793,-97.389416,https://mitehuacan.mx/?ruta=rc-del-valle
3,Purificadora El Valle,negocio,3,18.472237,-97.37752,https://mitehuacan.mx/?ruta=rc-del-valle
3,Canchas De Tenis,negocio,4,18.468968,-97.388513,https://mitehuacan.mx/?ruta=rc-del-valle
3,Mariachi Mexico Lindo,negocio,4,18.462027,-97.387029,https://mitehuacan.mx/?ruta=rc-del-valle
3,Mariachi Tehuacan,negocio,4,18.462045,-97.387029,https://mitehuacan.mx/?ruta=rc-del-valle
3,Renta De Disfraces Show Time,negocio,4,18.465784,-97.389388,https://mitehuacan.mx/?ruta=rc-del-valle
3,Tehuacan Spininng Center,negocio,4,18.465766,-97.389388,https://mitehuacan.mx/?ruta=rc-del-valle
3,Cancha De Futbol Joga Bonito,negocio,5,18.468291,-97.389359,https://mitehuacan.mx/?ruta=rc-del-valle
3,Centro De Reunion Y Oracion M.I.C,negocio,5,18.461728,-97.387032,https://mitehuacan.mx/?ruta=rc-del-valle
3,Diseño E Impresiones Camaleon,negocio,5,18.4664,-97.389382,https://mitehuacan.mx/?ruta=rc-del-valle
3,Marichi Los Gallitos Tehuacanenses,negocio,5,18.459322,-97.387099,https://mitehuacan.mx/?ruta=rc-del-valle
3,Parroquia La Familia De Jesus,negocio,5,18.472424,-97.375645,https://mitehuacan.mx/?ruta=rc-del-valle
3,Sala Audiovisual Tlamachtiloni,negocio,5,18.463965,-97.387042,https://mitehuacan.mx/?ruta=rc-del-valle
3,Campestre Del Valle,negocio,6,18.469185,-97.379805,https://mitehuacan.mx/?ruta=rc-del-valle
3,Despachojuridico,negocio,6,18.463287,-97.387079,https://mitehuacan.mx/?ruta=rc-del-valle
3,Estacionamiento Publico Sin Nombre,negocio,6,18.463151,-97.387086,https://mitehuacan.mx/?ruta=rc-del-valle
3,Florelis Renta Y Decoracion De Eventos,negocio,6,18.472824,-97.371788,https://mitehuacan.mx/?ruta=rc-del-valle
3,Jesbaam Impresores,negocio,6,18.45906,-97.387105,https://mitehuacan.mx/?ruta=rc-del-valle
3,Mariachi De Mi Tierra,negocio,6,18.459521,-97.387092,https://mitehuacan.mx/?ruta=rc-del-valle
3,Mariachi Jalisco,negocio,6,18.460444,-97.387061,https://mitehuacan.mx/?ruta=rc-del-valle
3,Mariachi Nuevo Amigo,negocio,6,18.45896,-97.387108,https://mitehuacan.mx/?ruta=rc-del-valle
3,Mariachi Puebla,negocio,6,18.459114,-97.387104,https://mitehuacan.mx/?ruta=rc-del-valle
3,Mariachi Real De Mexico,negocio,6,18.460416,-97.387062,https://mitehuacan.mx/?ruta=rc-del-valle
3,Mariachi Santa Maria,negocio,6,18.458879,-97.38711,https://mitehuacan.mx/?ruta=rc-del-valle
3,Mariachi Tradicional San Luis,negocio,6,18.460118,-97.387072,https://mitehuacan.mx/?ruta=rc-del-valle
3,Panaderia Mi Pan,negocio,6,18.463413,-97.387072,https://mitehuacan.mx/?ruta=rc-del-valle
3,Pasteleria La Artesanal,negocio,6,18.460717,-97.387169,https://mitehuacan.mx/?ruta=rc-del-valle
3,Shaddix Fit Studio,negocio,6,18.463097,-97.387086,https://mitehuacan.mx/?ruta=rc-del-valle
3,Taller De Mantenimiento Mecánico Industrial,negocio,6,18.467853,-97.38708,https://mitehuacan.mx/?ruta=rc-del-valle
3,Corporativo Idisa Sapi De C.V,negocio,7,18.467916,-97.386955,https://mitehuacan.mx/?ruta=rc-del-valle
3,Idisa Servicios,negocio,7,18.467916,-97.386955,https://mitehuacan.mx/?ruta=rc-del-valle
3,Valores Y Acciones Mac Sapi De Cv,negocio,7,18.467916,-97.386955,https://mitehuacan.mx/?ruta=rc-del-valle
3,Vid Comunidad Cristiana,negocio,8,18.472726,-97.375174,https://mitehuacan.mx/?ruta=rc-del-valle
3,Impresora Aguila,negocio,10,18.458664,-97.388196,https://mitehuacan.mx/?ruta=rc-del-valle
3,Coth53 Sanitarios Au,negocio,11,18.458673,-97.388423,https://mitehuacan.mx/?ruta=rc-del-valle
3,Estacionamiento Publico Gomez Ollivier,negocio,11,18.460442,-97.389372,https://mitehuacan.mx/?ruta=rc-del-valle
3,Salon Social Colonia Del Valle,negocio,11,18.472588,-97.377438,https://mitehuacan.mx/?ruta=rc-del-valle
3,Base De La Ruta Ajalpa Tehuacan Camaleonas,negocio,12,18.461265,-97.389345,https://mitehuacan.mx/?ruta=rc-del-valle
3,Bufete Juridico Sin Nombre,negocio,12,18.461302,-97.389346,https://mitehuacan.mx/?ruta=rc-del-valle
3,Estacionamiento Publico Goti Goav,negocio,12,18.461989,-97.389338,https://mitehuacan.mx/?ruta=rc-del-valle
3,Estacionamiento Publico San Juan,negocio,12,18.458695,-97.388774,https://mitehuacan.mx/?ruta=rc-del-valle
3,Estacionamiento San Gabriel,negocio,12,18.458488,-97.389407,https://mitehuacan.mx/?ruta=rc-del-valle
3,Estacionamiento Sin Nombre,negocio,12,18.460017,-97.389377,https://mitehuacan.mx/?ruta=rc-del-valle
3,Estacionamiento Sin Nombre,negocio,12,18.461265,-97.389345,https://mitehuacan.mx/?ruta=rc-del-valle
3,Panaderia Tula,negocio,12,18.469078,-97.389278,https://mitehuacan.mx/?ruta=rc-del-valle
3,Supervision Escolar 414,negocio,12,18.461302,-97.389346,https://mitehuacan.mx/?ruta=rc-del-valle
3,Supervision Escolar 419,negocio,12,18.461302,-97.389346,https://mitehuacan.mx/?ruta=rc-del-valle
3,Supervision Escolar 721,negocio,12,18.461302,-97.389346,https://mitehuacan.mx/?ruta=rc-del-valle
3,Transportes Y Turismos Marbe,negocio,12,18.461293,-97.389346,https://mitehuacan.mx/?ruta=rc-del-valle
3,Pasteles Leo,negocio,13,18.462152,-97.389334,https://mitehuacan.mx/?ruta=rc-del-valle
3,Base De Las Combis De Oxaca - Tehuacan Turisticos Capilla Ab,negocio,14,18.462704,-97.38932,https://mitehuacan.mx/?ruta=rc-del-valle
3,Estacionamiento Gomez Olivier,negocio,14,18.462785,-97.389318,https://mitehuacan.mx/?ruta=rc-del-valle
3,Estacionamiento Y Pension Sin Nombre,negocio,14,18.468135,-97.389268,https://mitehuacan.mx/?ruta=rc-del-valle
3,Estacionamiento Angels,negocio,15,18.463437,-97.389299,https://mitehuacan.mx/?ruta=rc-del-valle
3,Rotulos Diseño Y Produccion Grafica Sigprint,negocio,15,18.467248,-97.389273,https://mitehuacan.mx/?ruta=rc-del-valle
3,Grupo Nuevos Horizontes De Alcoholicos Anonimos,negocio,16,18.469074,-97.382719,https://mitehuacan.mx/?ruta=rc-del-valle
3,Novedades Yessica,negocio,16,18.45875,-97.389393,https://mitehuacan.mx/?ruta=rc-del-valle
3,Regalos Y Manualidades Beyco,negocio,16,18.458741,-97.389393,https://mitehuacan.mx/?ruta=rc-del-valle
3,Coorporativo Juridico,negocio,17,18.462819,-97.389289,https://mitehuacan.mx/?ruta=rc-del-valle
3,Estacionamiento Reyna,negocio,17,18.464215,-97.389283,https://mitehuacan.mx/?ruta=rc-del-valle
3,Soluciones Legales Y De Cobranzas Qv,negocio,17,18.465853,-97.389265,https://mitehuacan.mx/?ruta=rc-del-valle
3,Taller De Mofles,negocio,17,18.466342,-97.389265,https://mitehuacan.mx/?ruta=rc-del-valle
3,Base De La Ruta Temalacayuca Tepanco-Tehuacan,negocio,20,18.459445,-97.386956,https://mitehuacan.mx/?ruta=rc-del-valle
3,Estacionamiento Publico Tehuacan,negocio,22,18.458401,-97.389521,https://mitehuacan.mx/?ruta=rc-del-valle
3,Panaderia Favi,negocio,22,18.470414,-97.37707,https://mitehuacan.mx/?ruta=rc-del-valle
3,Radiadores Baltazar,negocio,22,18.464814,-97.386794,https://mitehuacan.mx/?ruta=rc-del-valle
3,Estacionamiento Y Pension Solca,negocio,23,18.464909,-97.389656,https://mitehuacan.mx/?ruta=rc-del-valle
3,Mariachi Garibaldi,negocio,24,18.460781,-97.386882,https://mitehuacan.mx/?ruta=rc-del-valle
3,Estacionamiento Granada,negocio,25,18.460767,-97.3897,https://mitehuacan.mx/?ruta=rc-del-valle
3,Panaderia Lupita,negocio,25,18.473251,-97.374953,https://mitehuacan.mx/?ruta=rc-del-valle
3,Gimnasio Adn Fitness Gym,negocio,26,18.462927,-97.3892,https://mitehuacan.mx/?ruta=rc-del-valle
3,Imprenta Impresos De Jesus,negocio,26,18.46158,-97.389217,https://mitehuacan.mx/?ruta=rc-del-valle
3,Panaderia Mateos,negocio,26,18.462737,-97.386797,https://mitehuacan.mx/?ruta=rc-del-valle
3,Estacionamiento Publico Hernandez,negocio,27,18.464828,-97.389687,https://mitehuacan.mx/?ruta=rc-del-valle
3,Studio Glee Clases De Danza,negocio,28,18.473254,-97.374886,https://mitehuacan.mx/?ruta=rc-del-valle
3,Estacionamiento Sin Nombre,negocio,29,18.458732,-97.389817,https://mitehuacan.mx/?ruta=rc-del-valle
3,Estacionamiento Publico,negocio,30,18.462752,-97.387328,https://mitehuacan.mx/?ruta=rc-del-valle
3,Conferencia De Meditacion Movimiento Gnostico,negocio,31,18.462752,-97.387337,https://mitehuacan.mx/?ruta=rc-del-valle
3,Impresos San Lorenzo,negocio,31,18.464829,-97.389734,https://mitehuacan.mx/?ruta=rc-del-valle
3,Iglesia Cristiana Centro De Fe Esperanza Y Amor,negocio,34,18.472383,-97.371645,https://mitehuacan.mx/?ruta=rc-del-valle
3,Despacho Juridico Asesoria Legal Y Administrativa,negocio,35,18.46482,-97.389108,https://mitehuacan.mx/?ruta=rc-del-valle
3,Estacionamiento Los Barateros,negocio,39,18.458247,-97.389523,https://mitehuacan.mx/?ruta=rc-del-valle
3,Taller Lazer,negocio,39,18.471845,-97.376814,https://mitehuacan.mx/?ruta=rc-del-valle
3,Transportes Turisticos Tehuacan Cuicatlan,negocio,39,18.458247,-97.389523,https://mitehuacan.mx/?ruta=rc-del-valle
3,Pasteleria El Danubio,negocio,40,18.458234,-97.389408,https://mitehuacan.mx/?ruta=rc-del-valle
3,Gimnasio Centro De Alto Rendimiento,negocio,41,18.465958,-97.389041,https://mitehuacan.mx/?ruta=rc-del-valle
3,Instituto Nacional De Las Personas Adultas Mayores,negocio,45,18.469618,-97.383907,https://mitehuacan.mx/?ruta=rc-del-valle
3,Reparadora De Discos De Clutch Platos Opresores Poli Clutch,negocio,45,18.462386,-97.389883,https://mitehuacan.mx/?ruta=rc-del-valle
3,Despacho Juridico,negocio,47,18.465967,-97.389876,https://mitehuacan.mx/?ruta=rc-del-valle
3,Iglesia Tehuacan,negocio,47,18.460774,-97.386664,https://mitehuacan.mx/?ruta=rc-del-valle
3,Congregacion Nacional Presbiteriana Conservadora Filadelfia,negocio,48,18.458848,-97.38671,https://mitehuacan.mx/?ruta=rc-del-valle
3,Gimnasio Fonseca Gym,negocio,48,18.464832,-97.389886,https://mitehuacan.mx/?ruta=rc-del-valle
3,Iglesia De Dios Sociedad Misionera Mundial,negocio,49,18.46482,-97.388975,https://mitehuacan.mx/?ruta=rc-del-valle
3,Neuroticos Anonimos,negocio,50,18.466839,-97.389894,https://mitehuacan.mx/?ruta=rc-del-valle
3,Alcoholicos Anonimos,negocio,51,18.466839,-97.389903,https://mitehuacan.mx/?ruta=rc-del-valle
3,Capilla De Santiago Apostol,negocio,52,18.468963,-97.389889,https://mitehuacan.mx/?ruta=rc-del-valle
3,Casa Hogar Santa Maria Goreti,negocio,52,18.469383,-97.388146,https://mitehuacan.mx/?ruta=rc-del-valle
3,Ruta San Gabriel Chilac Tehuacan,negocio,52,18.460749,-97.388972,https://mitehuacan.mx/?ruta=rc-del-valle
3,Rectificadora Automotriz Ramos,negocio,53,18.469429,-97.388782,https://mitehuacan.mx/?ruta=rc-del-valle
3,Taller D Torno Sin Nombre,negocio,53,18.458093,-97.388148,https://mitehuacan.mx/?ruta=rc-del-valle
3,Cronch Gym,negocio,54,18.471545,-97.376377,https://mitehuacan.mx/?ruta=rc-del-valle
3,Despacho Juridico Rivera Y Asociados,negocio,54,18.460772,-97.386598,https://mitehuacan.mx/?ruta=rc-del-valle
3,Pension La Suiza,negocio,54,18.460075,-97.390008,https://mitehuacan.mx/?ruta=rc-del-valle
3,Base De Ruta San Estaban,negocio,55,18.460698,-97.386591,https://mitehuacan.mx/?ruta=rc-del-valle
3,Estacionamiento Estacionamiento De La 5,negocio,56,18.458089,-97.38941,https://mitehuacan.mx/?ruta=rc-del-valle
3,Elaboracion De Donas,negocio,59,18.472045,-97.373295,https://mitehuacan.mx/?ruta=rc-del-valle
3,Neuroticos Anonimos,negocio,59,18.464816,-97.388881,https://mitehuacan.mx/?ruta=rc-del-valle
3,Refacciones Y Rectificaciones Rivera,negocio,59,18.469458,-97.388421,https://mitehuacan.mx/?ruta=rc-del-valle
3,Corporativo Romero Calderon Abogados,negocio,60,18.458633,-97.390114,https://mitehuacan.mx/?ruta=rc-del-valle
3,Salon Para Fiestas Santa Fe,negocio,62,18.468614,-97.381048,https://mitehuacan.mx/?ruta=rc-del-valle
3,Arrendadora Del Valle,negocio,68,18.473353,-97.3723,https://mitehuacan.mx/?ruta=rc-del-valle
3,Iglesia San Juan De Dios,negocio,68,18.46484,-97.387646,https://mitehuacan.mx/?ruta=rc-del-valle
3,Mayoristas En Publicidad Y Diseño,negocio,68,18.46291,-97.388803,https://mitehuacan.mx/?ruta=rc-del-valle
3,Presidencia Auxiliar De San Pedro Acoquiaco,negocio,68,18.468601,-97.382645,https://mitehuacan.mx/?ruta=rc-del-valle
3,Despacho Juridico,negocio,70,18.466941,-97.39008,https://mitehuacan.mx/?ruta=rc-del-valle
3,Galerias Leon,negocio,70,18.458744,-97.390205,https://mitehuacan.mx/?ruta=rc-del-valle
3,Impresos Publi-K-T,negocio,70,18.464812,-97.388776,https://mitehuacan.mx/?ruta=rc-del-valle
3,Panaderia Y Pasteleria San Pablo,negocio,70,18.464808,-97.386338,https://mitehuacan.mx/?ruta=rc-del-valle
3,Bodega Pizza Dominos Opp 010927Sa5,negocio,71,18.462843,-97.386367,https://mitehuacan.mx/?ruta=rc-del-valle
3,Estacionamiento Independencia,negocio,71,18.462965,-97.390119,https://mitehuacan.mx/?ruta=rc-del-valle
3,Pasteleria Deli-Cake,negocio,72,18.460695,-97.38643,https://mitehuacan.mx/?ruta=rc-del-valle
3,Img Estudio Profesional De Danza,negocio,73,18.462763,-97.387736,https://mitehuacan.mx/?ruta=rc-del-valle
3,Panaderia Guti Pan,negocio,74,18.460888,-97.390161,https://mitehuacan.mx/?ruta=rc-del-valle
3,Engrateh,negocio,79,18.466849,-97.38867,https://mitehuacan.mx/?ruta=rc-del-valle
3,Base Ruta 17 San Bartolo Teontepec,negocio,81,18.460764,-97.386342,https://mitehuacan.mx/?ruta=rc-del-valle
3,Supervision Escolar De La Zona 045 De Telesecundarias Estata,negocio,81,18.459084,-97.386389,https://mitehuacan.mx/?ruta=rc-del-valle
3,Supervision Escolar,negocio,84,18.47146,-97.376085,https://mitehuacan.mx/?ruta=rc-del-valle
3,Purificadora Go For Life,negocio,85,18.474165,-97.375743,https://mitehuacan.mx/?ruta=rc-del-valle
3,Base De Combis Tehuacan Huajuapan,negocio,87,18.462847,-97.390275,https://mitehuacan.mx/?ruta=rc-del-valle
3,Base De Combis Tehuacan Teotitlan,negocio,88,18.462848,-97.390281,https://mitehuacan.mx/?ruta=rc-del-valle
3,Baños Publicos El Meson,negocio,88,18.461501,-97.390292,https://mitehuacan.mx/?ruta=rc-del-valle
3,Internado Rafael Ayala Y Ayala,negocio,90,18.469832,-97.387241,https://mitehuacan.mx/?ruta=rc-del-valle
3,Sanitarios Publicos Ely,negocio,90,18.458272,-97.390333,https://mitehuacan.mx/?ruta=rc-del-valle
3,Autobuses Integrados Tlacotepec-Tehuacan,negocio,91,18.458557,-97.386314,https://mitehuacan.mx/?ruta=rc-del-valle
3,Aa Grupo Nuevo Horizonte Tehuacan 4 Y 5 Paso,negocio,93,18.459026,-97.386277,https://mitehuacan.mx/?ruta=rc-del-valle
3,Casa De Huespedes El Panalito,negocio,94,18.462849,-97.390342,https://mitehuacan.mx/?ruta=rc-del-valle
3,Servicio De Diseño Grafico Fonts Impresion Y Diseño,negocio,95,18.457736,-97.389412,https://mitehuacan.mx/?ruta=rc-del-valle
3,Transformando Miradas,negocio,99,18.466665,-97.390361,https://mitehuacan.mx/?ruta=rc-del-valle
3,Estacionamiento Para Clientes De Distribuidora De Poliester,negocio,100,18.458091,-97.390335,https://mitehuacan.mx/?ruta=rc-del-valle
3,Articulos Para Fiesta Decoraciones Aurora,negocio,103,18.461583,-97.390432,https://mitehuacan.mx/?ruta=rc-del-valle
3,Ruta De Combis Tehuacan Altepexi,negocio,103,18.462991,-97.390421,https://mitehuacan.mx/?ruta=rc-del-valle
3,Panaderia Doña Lore,negocio,104,18.460895,-97.390445,https://mitehuacan.mx/?ruta=rc-del-valle
3,Estacionamienton Y Pension De Autos Charlie Brown,negocio,106,18.464842,-97.390436,https://mitehuacan.mx/?ruta=rc-del-valle
3,Supervision Escolar De Educacion Primaria Zona 156,negocio,106,18.468172,-97.379876,https://mitehuacan.mx/?ruta=rc-del-valle
3,Vanguardia Juridica,negocio,107,18.460896,-97.390474,https://mitehuacan.mx/?ruta=rc-del-valle
3,Iglesia De San Pedro Apostol,negocio,108,18.468217,-97.381654,https://mitehuacan.mx/?ruta=rc-del-valle
3,Despacho Juridico Consultoria Juridica Sin Nombre,negocio,109,18.465891,-97.388399,https://mitehuacan.mx/?ruta=rc-del-valle
3,Ruta De Combis Los Arcos De Coculco Ajalpan Tehuacan,negocio,109,18.462993,-97.390483,https://mitehuacan.mx/?ruta=rc-del-valle
3,Ruta De Combis Tehuacan Teotitlan,negocio,109,18.463038,-97.390482,https://mitehuacan.mx/?ruta=rc-del-valle
3,Despacho Juridico Marin Y Asociados,negocio,110,18.462069,-97.38603,https://mitehuacan.mx/?ruta=rc-del-valle
3,Despacho Juridico Sin Nombre,negocio,110,18.462548,-97.38809,https://mitehuacan.mx/?ruta=rc-del-valle
3,Taller De Radiadores Siena,negocio,110,18.461834,-97.386034,https://mitehuacan.mx/?ruta=rc-del-valle
3,Despacho Juridico Sin Nombre,negocio,112,18.46837,-97.390463,https://mitehuacan.mx/?ruta=rc-del-valle
3,Mofles Andrade,negocio,113,18.465126,-97.385934,https://mitehuacan.mx/?ruta=rc-del-valle
3,Panaderia Cami,negocio,113,18.457524,-97.387142,https://mitehuacan.mx/?ruta=rc-del-valle
3,Bufette Juridico,negocio,115,18.464925,-97.390528,https://mitehuacan.mx/?ruta=rc-del-valle
3,Venta De Articulos De Fiesta Q Shulos,negocio,116,18.458654,-97.390644,https://mitehuacan.mx/?ruta=rc-del-valle
3,Agua Purificada Goforlife,negocio,117,18.461714,-97.38597,https://mitehuacan.mx/?ruta=rc-del-valle
3,Taller De Serigrafia Giomar,negocio,117,18.468036,-97.384427,https://mitehuacan.mx/?ruta=rc-del-valle
3,Taller Mecanico Torno Industrial,negocio,118,18.462334,-97.388172,https://mitehuacan.mx/?ruta=rc-del-valle
3,Panaderia Y Pasteleria Mi Pan,negocio,119,18.464844,-97.390559,https://mitehuacan.mx/?ruta=rc-del-valle
3,Cuarto Y Quinto Paso Grupo Libertad,negocio,120,18.468133,-97.382723,https://mitehuacan.mx/?ruta=rc-del-valle
3,Transportes Adelas,negocio,120,18.4597,-97.386001,https://mitehuacan.mx/?ruta=rc-del-valle
3,"Autobuses Tehuacan, Coxcatlan Teotitlan Sa De Cv",negocio,121,18.462893,-97.388182,https://mitehuacan.mx/?ruta=rc-del-valle
3,Despacho Juridico,negocio,121,18.465954,-97.388283,https://mitehuacan.mx/?ruta=rc-del-valle
3,Elaboracion Y Venta De Donas La Pecosita,negocio,124,18.462778,-97.388276,https://mitehuacan.mx/?ruta=rc-del-valle
3,Reposteria Besame Mucho,negocio,124,18.457444,-97.388124,https://mitehuacan.mx/?ruta=rc-del-valle
3,Alcoholicos Anonimos Union Y Fortaleza,negocio,125,18.457429,-97.387479,https://mitehuacan.mx/?ruta=rc-del-valle
3,Asesoria Juridica,negocio,125,18.457445,-97.38818,https://mitehuacan.mx/?ruta=rc-del-valle
3,Panificadora La Paz,negocio,126,18.4609,-97.390654,https://mitehuacan.mx/?ruta=rc-del-valle
3,Baños El Nene,negocio,127,18.462859,-97.390654,https://mitehuacan.mx/?ruta=rc-del-valle
3,Renta Y Venta De Trajes De Etiqueta Cisnes,negocio,127,18.462859,-97.390654,https://mitehuacan.mx/?ruta=rc-del-valle
3,Unidad De Servicio Y Recuperacion Alcoholicos Anonimos,negocio,127,18.462859,-97.390654,https://mitehuacan.mx/?ruta=rc-del-valle
3,Oficina De La Diocesis De Tehuacan,negocio,128,18.46193,-97.390665,https://mitehuacan.mx/?ruta=rc-del-valle
3,Parroquia Del Sagrario Diocesano Templo De San Francisco De ,negocio,128,18.461976,-97.390666,https://mitehuacan.mx/?ruta=rc-del-valle
3,Purificadora De Agua Citlaltepec,negocio,133,18.457375,-97.388657,https://mitehuacan.mx/?ruta=rc-del-valle
3,Sanitarios San Francisco,negocio,134,18.460448,-97.390749,https://mitehuacan.mx/?ruta=rc-del-valle
3,Diseñografico Limon,negocio,136,18.457404,-97.389842,https://mitehuacan.mx/?ruta=rc-del-valle
3,Despacho Juridico Sin Nombre,negocio,141,18.465881,-97.390761,https://mitehuacan.mx/?ruta=rc-del-valle
3,Panaderia Bolillo Dorado,negocio,141,18.465872,-97.385676,https://mitehuacan.mx/?ruta=rc-del-valle
3,Gimnasio Bl,negocio,142,18.467813,-97.3844,https://mitehuacan.mx/?ruta=rc-del-valle
3,Iglesia La Luz Del Mundo,negocio,144,18.461392,-97.385732,https://mitehuacan.mx/?ruta=rc-del-valle
3,Insignia Diseño Y Publicidad,negocio,145,18.462706,-97.385669,https://mitehuacan.mx/?ruta=rc-del-valle
3,Doble Aa Grupo La Purisima Distrito 18 Area Puebla 2,negocio,147,18.458083,-97.385873,https://mitehuacan.mx/?ruta=rc-del-valle
3,Base De Combis De Santa Ana Teloxtoc,negocio,149,18.457248,-97.389433,https://mitehuacan.mx/?ruta=rc-del-valle
3,Arrendadora Silva,negocio,150,18.470302,-97.389683,https://mitehuacan.mx/?ruta=rc-del-valle
3,Venta De Helado Y Paletas Sin Nombre,nieves,2,18.46035,-97.387139,https://mitehuacan.mx/?ruta=rc-del-valle
3,Paleteria La Flor De Michoacan,nieves,5,18.464279,-97.386956,https://mitehuacan.mx/?ruta=rc-del-valle
3,Expendio De Bonice,nieves,12,18.45861,-97.38706,https://mitehuacan.mx/?ruta=rc-del-valle
3,Helados Bambi,nieves,116,18.457546,-97.389414,https://mitehuacan.mx/?ruta=rc-del-valle
3,Paleteria La Michoacana,nieves,120,18.462857,-97.390588,https://mitehuacan.mx/?ruta=rc-del-valle
3,Choco Paletas,nieves,127,18.461061,-97.390667,https://mitehuacan.mx/?ruta=rc-del-valle
3,Papeleria Y Neveria La Michoacana,nieves,138,18.46244,-97.390763,https://mitehuacan.mx/?ruta=rc-del-valle
3,Fedex,paquetería,48,18.459007,-97.38828,https://mitehuacan.mx/?ruta=rc-del-valle
3,Paqueteria Tres Guerras,paquetería,74,18.462842,-97.386338,https://mitehuacan.mx/?ruta=rc-del-valle
3,Scm Operaciones Pba,paquetería,119,18.466866,-97.390551,https://mitehuacan.mx/?ruta=rc-del-valle
3,Rotonda de la Flores Magon,parque,110,18.461466,-97.386051,https://mitehuacan.mx/?ruta=rc-del-valle
3,Parque de San Pedro,parque,112,18.468183,-97.38202,https://mitehuacan.mx/?ruta=rc-del-valle
3,Tienda De Perfumes Y Esencias Inspiracion,perfumería,0,18.462717,-97.389454,https://mitehuacan.mx/?ruta=rc-del-valle
3,Oficina Administrativa Oriflame Cosmetico Natural Sueco,perfumería,1,18.459469,-97.387159,https://mitehuacan.mx/?ruta=rc-del-valle
3,Venta De Cosmeticos Y Accesorios,perfumería,1,18.460278,-97.389477,https://mitehuacan.mx/?ruta=rc-del-valle
3,Tienda De Chacharas Sin Nombre,perfumería,5,18.463594,-97.387062,https://mitehuacan.mx/?ruta=rc-del-valle
3,Fridas Shop,perfumería,12,18.473154,-97.375089,https://mitehuacan.mx/?ruta=rc-del-valle
3,Novedades Karina,perfumería,12,18.461799,-97.389342,https://mitehuacan.mx/?ruta=rc-del-valle
3,Oficina De Jafra,perfumería,12,18.461311,-97.389346,https://mitehuacan.mx/?ruta=rc-del-valle
3,Venta De Cosmeticos Despacho 8 Sin Nombre,perfumería,12,18.461293,-97.389346,https://mitehuacan.mx/?ruta=rc-del-valle
3,Distribuidora De Tintes Kulver,perfumería,13,18.459924,-97.389378,https://mitehuacan.mx/?ruta=rc-del-valle
3,Compra Venta De Productos De Belleza Y Barberias Distribuido,perfumería,26,18.458623,-97.389801,https://mitehuacan.mx/?ruta=rc-del-valle
3,Nails Cosmetics Tehuacan,perfumería,28,18.46491,-97.389703,https://mitehuacan.mx/?ruta=rc-del-valle
3,Venta De Accesorios Para Uñas Y Cosmeticos Georgia,perfumería,55,18.461555,-97.388943,https://mitehuacan.mx/?ruta=rc-del-valle
3,Venta De Material Para Uñas Sin Nombre,perfumería,85,18.465883,-97.39023,https://mitehuacan.mx/?ruta=rc-del-valle
3,Bodega De Articulos De Belleza Kaprich,perfumería,88,18.461501,-97.390292,https://mitehuacan.mx/?ruta=rc-del-valle
3,Bodega De Articulos Para Belleza Kaprich,perfumería,88,18.461501,-97.390292,https://mitehuacan.mx/?ruta=rc-del-valle
3,Bodega De Kaprich,perfumería,88,18.461501,-97.390292,https://mitehuacan.mx/?ruta=rc-del-valle
3,Productos De Belleza Sin Nombre,perfumería,88,18.461501,-97.390292,https://mitehuacan.mx/?ruta=rc-del-valle
3,Venta De Accesorios Para Uñas May Mendoza,perfumería,113,18.459996,-97.386063,https://mitehuacan.mx/?ruta=rc-del-valle
3,Articulos Para Velleza Estilos,perfumería,127,18.462859,-97.390654,https://mitehuacan.mx/?ruta=rc-del-valle
3,Bodega De Articulos De Belleza Circulo B,perfumería,127,18.462859,-97.390654,https://mitehuacan.mx/?ruta=rc-del-valle
3,Cosmeticos Accesorios Y Algo Mas Buva,perfumería,127,18.461686,-97.390664,https://mitehuacan.mx/?ruta=rc-del-valle
3,Tienda De Articulos De Belleza Circulo B,perfumería,127,18.462859,-97.390654,https://mitehuacan.mx/?ruta=rc-del-valle
3,Tienda De Cosmeticos Mi Central De Mayoreo,perfumería,139,18.462631,-97.390767,https://mitehuacan.mx/?ruta=rc-del-valle
3,Tienda De Articulos De Belleza Karina,perfumería,142,18.461929,-97.390799,https://mitehuacan.mx/?ruta=rc-del-valle
3,Plaza Kristal Tehuacán,plaza,118,18.462826,-97.390568,https://mitehuacan.mx/?ruta=rc-del-valle
3,Polleria Sin Nombre,pollería,1,18.469299,-97.376768,https://mitehuacan.mx/?ruta=rc-del-valle
3,Polleria Isis,pollería,3,18.472677,-97.372695,https://mitehuacan.mx/?ruta=rc-del-valle
3,Polleria La Paz,pollería,4,18.464418,-97.389399,https://mitehuacan.mx/?ruta=rc-del-valle
3,Polleria San Juan,pollería,4,18.473479,-97.37521,https://mitehuacan.mx/?ruta=rc-del-valle
3,Polleria Sagat,pollería,5,18.46621,-97.389384,https://mitehuacan.mx/?ruta=rc-del-valle
3,Venta De Pollo Crudo Sin Nombre,pollería,5,18.469207,-97.380658,https://mitehuacan.mx/?ruta=rc-del-valle
3,Distribuidora Avicola Caballero,pollería,6,18.458547,-97.38952,https://mitehuacan.mx/?ruta=rc-del-valle
3,Abastecedora De Pollo La Granjita,pollería,7,18.458614,-97.387448,https://mitehuacan.mx/?ruta=rc-del-valle
3,Polleria Del Valle,pollería,8,18.471763,-97.377403,https://mitehuacan.mx/?ruta=rc-del-valle
3,Polleria Crudi Pollo,pollería,40,18.462954,-97.389826,https://mitehuacan.mx/?ruta=rc-del-valle
3,Super Polleria,pollería,46,18.472588,-97.378017,https://mitehuacan.mx/?ruta=rc-del-valle
3,Polleria Kos,pollería,99,18.474259,-97.375833,https://mitehuacan.mx/?ruta=rc-del-valle
3,Pollos San Pedro,pollería,105,18.458472,-97.386182,https://mitehuacan.mx/?ruta=rc-del-valle
3,Venta De Pollo Fresco Sin Nombre,pollería,111,18.460819,-97.388162,https://mitehuacan.mx/?ruta=rc-del-valle
3,Venta De Pollo Fresco Sin Nombre,pollería,121,18.460825,-97.388323,https://mitehuacan.mx/?ruta=rc-del-valle
3,Distribuidora De Pollos San Jorge,pollería,126,18.458466,-97.385983,https://mitehuacan.mx/?ruta=rc-del-valle
3,Compra Venta De Pollo Fresco,pollería,128,18.465962,-97.390645,https://mitehuacan.mx/?ruta=rc-del-valle
3,Venta De Pollo San Pedro,pollería,141,18.458462,-97.385841,https://mitehuacan.mx/?ruta=rc-del-valle
3,Venta De Dulces Sin Nombre,purificadora,12,18.461256,-97.389345,https://mitehuacan.mx/?ruta=rc-del-valle
3,Venta Refrescos Sin Nombre,purificadora,55,18.461575,-97.388942,https://mitehuacan.mx/?ruta=rc-del-valle
3,Venta De Agua El Rosario,purificadora,75,18.471784,-97.375726,https://mitehuacan.mx/?ruta=rc-del-valle
3,Compra Venta De Jugos Refrescos Y Dulces Ponce,purificadora,79,18.462968,-97.390195,https://mitehuacan.mx/?ruta=rc-del-valle
3,Venta De Agua De Garrafon Y Refrescos Sin Nombre,purificadora,82,18.463978,-97.38778,https://mitehuacan.mx/?ruta=rc-del-valle
3,Tienda De Refrescos La China,purificadora,103,18.463055,-97.390421,https://mitehuacan.mx/?ruta=rc-del-valle
3,Deposito De Agua Sin Nombre,purificadora,129,18.465873,-97.38579,https://mitehuacan.mx/?ruta=rc-del-valle
3,Novedades Alis,regalos,0,18.462011,-97.38946,https://mitehuacan.mx/?ruta=rc-del-valle
3,Novedades Bodega De Mayoreo,regalos,0,18.461658,-97.389463,https://mitehuacan.mx/?ruta=rc-del-valle
3,Novedades Sin Nombre,regalos,1,18.461396,-97.389466,https://mitehuacan.mx/?ruta=rc-del-valle
3,Venta De Novedades Relojeria Cano,regalos,1,18.461731,-97.389463,https://mitehuacan.mx/?ruta=rc-del-valle
3,Novedades Lupita,regalos,2,18.472464,-97.376441,https://mitehuacan.mx/?ruta=rc-del-valle
3,Regalos Doña Emilia,regalos,2,18.469206,-97.38416,https://mitehuacan.mx/?ruta=rc-del-valle
3,Compra De Articulos Para Fiestas Party Sofi,regalos,3,18.463724,-97.389418,https://mitehuacan.mx/?ruta=rc-del-valle
3,Papeleria Miky,regalos,3,18.468917,-97.388809,https://mitehuacan.mx/?ruta=rc-del-valle
3,Fastacias Y Regalos Anime History,regalos,5,18.458744,-97.389497,https://mitehuacan.mx/?ruta=rc-del-valle
3,Tienda De Regalos Sin Nombre,regalos,5,18.467893,-97.38936,https://mitehuacan.mx/?ruta=rc-del-valle
3,Novedades Zazu,regalos,8,18.458629,-97.387685,https://mitehuacan.mx/?ruta=rc-del-valle
3,Tienda De Regalos Fulanitos,regalos,8,18.467298,-97.387097,https://mitehuacan.mx/?ruta=rc-del-valle
3,Novedades Sin Nombre,regalos,9,18.458653,-97.388044,https://mitehuacan.mx/?ruta=rc-del-valle
3,Venta De Articulos Para Fiesta Pa La Pachanga,regalos,9,18.458652,-97.388016,https://mitehuacan.mx/?ruta=rc-del-valle
3,Novedades Valeria,regalos,12,18.460116,-97.389376,https://mitehuacan.mx/?ruta=rc-del-valle
3,Regalo Magico Tehuacan,regalos,12,18.461274,-97.389346,https://mitehuacan.mx/?ruta=rc-del-valle
3,Venta De Juguetes Regalos Y Articulos De Toda Temporada Sono,regalos,12,18.46122,-97.389344,https://mitehuacan.mx/?ruta=rc-del-valle
3,Gran Plaza Comercial Los Barateros,regalos,14,18.45957,-97.389382,https://mitehuacan.mx/?ruta=rc-del-valle
3,Tienda De Novedades Tula,regalos,14,18.468678,-97.389265,https://mitehuacan.mx/?ruta=rc-del-valle
3,Venta De Accesorios Varios Centro Mayorista,regalos,14,18.46265,-97.389321,https://mitehuacan.mx/?ruta=rc-del-valle
3,Novedades Angel,regalos,16,18.458849,-97.389391,https://mitehuacan.mx/?ruta=rc-del-valle
3,Venta De Articulos De Temporada Sin Nombre,regalos,16,18.458759,-97.389392,https://mitehuacan.mx/?ruta=rc-del-valle
3,Tienda De Articulos Para Fiesta Deseo Globos,regalos,17,18.464908,-97.389599,https://mitehuacan.mx/?ruta=rc-del-valle
3,Novedades Valeria,regalos,20,18.458381,-97.387106,https://mitehuacan.mx/?ruta=rc-del-valle
3,Novedades Sin Nombre,regalos,27,18.458501,-97.386921,https://mitehuacan.mx/?ruta=rc-del-valle
3,Regalos El Desvan,regalos,32,18.460797,-97.387413,https://mitehuacan.mx/?ruta=rc-del-valle
3,Venta De Accesorios Electronicos Importaciones Marin,regalos,32,18.458733,-97.389845,https://mitehuacan.mx/?ruta=rc-del-valle
3,Venta De Articulos De Temporada Sin Nombre,regalos,32,18.461558,-97.389152,https://mitehuacan.mx/?ruta=rc-del-valle
3,Gran Plaza Comercial Los Barateros,regalos,41,18.458628,-97.389943,https://mitehuacan.mx/?ruta=rc-del-valle
3,Centro Comercial Los Barateros,regalos,54,18.458631,-97.390057,https://mitehuacan.mx/?ruta=rc-del-valle
3,Tienda De Globos Globimagic,regalos,59,18.464834,-97.38999,https://mitehuacan.mx/?ruta=rc-del-valle
3,Novedades Bolaños,regalos,73,18.462843,-97.390143,https://mitehuacan.mx/?ruta=rc-del-valle
3,Bonetria Y Novedades My Pink House,regalos,80,18.460745,-97.388706,https://mitehuacan.mx/?ruta=rc-del-valle
3,Bodega De Tienda De Novedades Y Accesorios Buva,regalos,88,18.461501,-97.390292,https://mitehuacan.mx/?ruta=rc-del-valle
3,Tienda De Accesorios Buva Mayoristas,regalos,88,18.461501,-97.390292,https://mitehuacan.mx/?ruta=rc-del-valle
3,Novedades Make Up Store,regalos,94,18.461582,-97.390346,https://mitehuacan.mx/?ruta=rc-del-valle
3,Compra Venta De Articulos Para Fiestas Divertiglobo,regalos,96,18.457731,-97.389527,https://mitehuacan.mx/?ruta=rc-del-valle
3,Tienda De Regalos Party Mix,regalos,98,18.462974,-97.390375,https://mitehuacan.mx/?ruta=rc-del-valle
3,Novedades Miguelin,regalos,100,18.462784,-97.388503,https://mitehuacan.mx/?ruta=rc-del-valle
3,Distribuidora Lalo,regalos,107,18.461584,-97.39047,https://mitehuacan.mx/?ruta=rc-del-valle
3,Tienda De Accesorios Lovely,regalos,116,18.464867,-97.388338,https://mitehuacan.mx/?ruta=rc-del-valle
3,Accesorios Y Novedades Tino,regalos,120,18.460284,-97.385992,https://mitehuacan.mx/?ruta=rc-del-valle
3,Novedades Angelito,regalos,120,18.459214,-97.390668,https://mitehuacan.mx/?ruta=rc-del-valle
3,Novedades Sin Nombre,regalos,122,18.459676,-97.390666,https://mitehuacan.mx/?ruta=rc-del-valle
3,Jugueteria Smiles,regalos,123,18.459975,-97.390664,https://mitehuacan.mx/?ruta=rc-del-valle
3,Articulos Y Novedades Vero,regalos,125,18.460346,-97.390664,https://mitehuacan.mx/?ruta=rc-del-valle
3,Jugueteria Y Novedades Angelito,regalos,125,18.460527,-97.390664,https://mitehuacan.mx/?ruta=rc-del-valle
3,Almacen De Central De Mayoreo,regalos,127,18.462859,-97.390654,https://mitehuacan.mx/?ruta=rc-del-valle
3,Electronica Y Novedades Memin,regalos,127,18.461586,-97.390659,https://mitehuacan.mx/?ruta=rc-del-valle
3,Tienda De Regalos Sin Nombre,regalos,139,18.462667,-97.390769,https://mitehuacan.mx/?ruta=rc-del-valle
3,Tienda De Juguetes Toys Selectos,regalos,143,18.462863,-97.390806,https://mitehuacan.mx/?ruta=rc-del-valle
3,La Casita,regalos,145,18.465881,-97.390799,https://mitehuacan.mx/?ruta=rc-del-valle
3,Anuncios Expression,rótulos,133,18.457371,-97.388468,https://mitehuacan.mx/?ruta=rc-del-valle
3,Gruas Guadalupe,servicio,0,18.458576,-97.388465,https://mitehuacan.mx/?ruta=rc-del-valle
3,Distribuidor Ultracel,servicio,1,18.469272,-97.376768,https://mitehuacan.mx/?ruta=rc-del-valle
3,Servicio De Asesoria De Seguridad E Higiene,servicio,5,18.467766,-97.389361,https://mitehuacan.mx/?ruta=rc-del-valle
3,Establecimiento Auxiliar De Abarrotera El Gallo,servicio,6,18.461013,-97.387044,https://mitehuacan.mx/?ruta=rc-del-valle
3,Estetica Canina Tac-Movil,servicio,6,18.459657,-97.387087,https://mitehuacan.mx/?ruta=rc-del-valle
3,Oficina De Apoyo De Alimentos Pecuarios,servicio,6,18.461574,-97.387033,https://mitehuacan.mx/?ruta=rc-del-valle
3,Avicola Y Porcicola Industrial,servicio,7,18.467916,-97.386955,https://mitehuacan.mx/?ruta=rc-del-valle
3,Terminal De Autobuses Tehuacan Cuayucatepec,servicio,9,18.458655,-97.388073,https://mitehuacan.mx/?ruta=rc-del-valle
3,Nutek Oficinas Administrativas,servicio,10,18.468536,-97.386937,https://mitehuacan.mx/?ruta=rc-del-valle
3,Servicios De Mantenimiento Oriente Sa De Cv,servicio,11,18.458675,-97.388452,https://mitehuacan.mx/?ruta=rc-del-valle
3,Servicios De Mantenimiento Oriente,servicio,12,18.458696,-97.388804,https://mitehuacan.mx/?ruta=rc-del-valle
3,Caseta Telefonica Globalfom,servicio,13,18.460921,-97.389337,https://mitehuacan.mx/?ruta=rc-del-valle
3,Centro De Regularizacion Escolar Club De Aprendizaje Las Let,servicio,14,18.468823,-97.389264,https://mitehuacan.mx/?ruta=rc-del-valle
3,Laboratorio De Biologia,servicio,14,18.469162,-97.386934,https://mitehuacan.mx/?ruta=rc-del-valle
3,Servicio De Ingenieria Nidilexa,servicio,14,18.468271,-97.389267,https://mitehuacan.mx/?ruta=rc-del-valle
3,Lectura Del Tarot Osiris,servicio,17,18.462819,-97.389289,https://mitehuacan.mx/?ruta=rc-del-valle
3,Megacable,servicio,20,18.462856,-97.386847,https://mitehuacan.mx/?ruta=rc-del-valle
3,Lectura De Cartas Adivinatorias Hermanos De La Salud,servicio,53,18.458073,-97.387119,https://mitehuacan.mx/?ruta=rc-del-valle
3,Fumigaciones Sin Nombre,servicio,63,18.464815,-97.388843,https://mitehuacan.mx/?ruta=rc-del-valle
3,Asesoria A Derecho Habientes Mejoravit,servicio,69,18.464835,-97.390085,https://mitehuacan.mx/?ruta=rc-del-valle
3,Oficinas Administrativas De Telmex,servicio,73,18.462763,-97.387736,https://mitehuacan.mx/?ruta=rc-del-valle
3,Renta De Inflables Y Rockolas,servicio,79,18.462968,-97.390195,https://mitehuacan.mx/?ruta=rc-del-valle
3,Estetica Canina,servicio,104,18.473436,-97.377347,https://mitehuacan.mx/?ruta=rc-del-valle
3,Servicio De Clases De Reularizacion,servicio,122,18.471294,-97.375707,https://mitehuacan.mx/?ruta=rc-del-valle
3,Servicios De Arqitectura Y Planeacion De Edificaciones Resid,servicio,133,18.457362,-97.388088,https://mitehuacan.mx/?ruta=rc-del-valle
3,Caseta Telefonica Enlase,servicio,134,18.457357,-97.387889,https://mitehuacan.mx/?ruta=rc-del-valle
3,Cometra Servicios Integrales,servicio,141,18.463603,-97.385678,https://mitehuacan.mx/?ruta=rc-del-valle
3,Cometra,servicio,143,18.463603,-97.385655,https://mitehuacan.mx/?ruta=rc-del-valle
3,Hilos Y Cierres Lupita,telas,5,18.469218,-97.38099,https://mitehuacan.mx/?ruta=rc-del-valle
3,Alianza Del Transporte De Tehuacan Y Su Region,terminal,1,18.472705,-97.371564,https://mitehuacan.mx/?ruta=rc-del-valle
3,Consencionarios De La Ruta C Naranja,terminal,1,18.469065,-97.386331,https://mitehuacan.mx/?ruta=rc-del-valle
3,Autotransportes De Pasaje Tepeteopan,terminal,21,18.458362,-97.387182,https://mitehuacan.mx/?ruta=rc-del-valle
3,Ruta De Combis Tehuacan Tlaxiaco,terminal,39,18.458247,-97.389523,https://mitehuacan.mx/?ruta=rc-del-valle
3,Ignacio Salvador,terminal,48,18.458492,-97.386721,https://mitehuacan.mx/?ruta=rc-del-valle
3,Terminal AU Valles,terminal,55,18.459072,-97.388441,https://mitehuacan.mx/?ruta=rc-del-valle
3,Transportadora Turistica Yucunitza,terminal,79,18.462968,-97.390195,https://mitehuacan.mx/?ruta=rc-del-valle
3,Base De La Ruta Santa Ana Teloxtoc,terminal,86,18.458184,-97.390239,https://mitehuacan.mx/?ruta=rc-del-valle
3,Ruta La Asuncion Tehuacan Azumbilla,terminal,103,18.463028,-97.390421,https://mitehuacan.mx/?ruta=rc-del-valle
3,Zinacatepec-Libram-Tehuacan Zt,terminal,121,18.462976,-97.390594,https://mitehuacan.mx/?ruta=rc-del-valle
3,Autotransportes De La Mixteca,terminal,125,18.457435,-97.387726,https://mitehuacan.mx/?ruta=rc-del-valle
3,Sociedad Transporte San Simon Tlacuilotepec,terminal,138,18.457833,-97.386098,https://mitehuacan.mx/?ruta=rc-del-valle
3,Compra-Venta De Articulos Usados De Remate,tienda,0,18.462075,-97.38946,https://mitehuacan.mx/?ruta=rc-del-valle
3,Decoraciones Milla Y Juan,tienda,0,18.460626,-97.389474,https://mitehuacan.mx/?ruta=rc-del-valle
3,Plasticos Rosita,tienda,0,18.462174,-97.389459,https://mitehuacan.mx/?ruta=rc-del-valle
3,Abarrotes Vinos Y Licores Fandango,tienda,1,18.458571,-97.38837,https://mitehuacan.mx/?ruta=rc-del-valle
3,Bazar De Ropa Americana,tienda,1,18.469172,-97.384635,https://mitehuacan.mx/?ruta=rc-del-valle
3,Carnes De Calidad Ocaña,tienda,1,18.469172,-97.384626,https://mitehuacan.mx/?ruta=rc-del-valle
3,Cruces Y Coronas San Angel,tienda,1,18.458601,-97.388986,https://mitehuacan.mx/?ruta=rc-del-valle
3,Electronica Lamparas Mr Web,tienda,1,18.460138,-97.389478,https://mitehuacan.mx/?ruta=rc-del-valle
3,Tienda De Impermeabilizantes Impertec,tienda,1,18.463043,-97.38944,https://mitehuacan.mx/?ruta=rc-del-valle
3,Venta De Bocinas Y Accesorios Sin Nombre,tienda,1,18.461088,-97.389469,https://mitehuacan.mx/?ruta=rc-del-valle
3,Bazar De Ropa Sin Nombre,tienda,2,18.469176,-97.383554,https://mitehuacan.mx/?ruta=rc-del-valle
3,Centro Naturista Jupiter,tienda,2,18.458545,-97.38783,https://mitehuacan.mx/?ruta=rc-del-valle
3,Funerales Velez,tienda,2,18.458612,-97.389204,https://mitehuacan.mx/?ruta=rc-del-valle
3,Optica Look Vission,tienda,2,18.458615,-97.38926,https://mitehuacan.mx/?ruta=rc-del-valle
3,Productos De Limpieza Supreme,tienda,2,18.461613,-97.387108,https://mitehuacan.mx/?ruta=rc-del-valle
3,Tienda De Lenceria La Chica De Hoy,tienda,2,18.459956,-97.38948,https://mitehuacan.mx/?ruta=rc-del-valle
3,Venta De Cruces La Gloria De Dios,tienda,2,18.458613,-97.389232,https://mitehuacan.mx/?ruta=rc-del-valle
3,Venta De Marcos Fotograficos Marcos De Tehuacan,tienda,2,18.460029,-97.389479,https://mitehuacan.mx/?ruta=rc-del-valle
3,Venta De Productos De Limpieza Brillamas,tienda,2,18.469169,-97.383649,https://mitehuacan.mx/?ruta=rc-del-valle
3,650191 Neto Tehuacan 5 Sur,tienda,3,18.459564,-97.389484,https://mitehuacan.mx/?ruta=rc-del-valle
3,Carniceria Dulce Azucena,tienda,3,18.470585,-97.376771,https://mitehuacan.mx/?ruta=rc-del-valle
3,Carniceria La Carniceria,tienda,3,18.469247,-97.382954,https://mitehuacan.mx/?ruta=rc-del-valle
3,Clinica Optica Mundo Optico,tienda,3,18.458525,-97.387413,https://mitehuacan.mx/?ruta=rc-del-valle
3,Cremeria Y Salchichoneria La Pastora,tienda,3,18.463916,-97.389412,https://mitehuacan.mx/?ruta=rc-del-valle
3,Jarcieria Puebla Y Plasticos Mop,tienda,3,18.458522,-97.387338,https://mitehuacan.mx/?ruta=rc-del-valle
3,Oxxo Suc 501C9 El Mariachi Pbf,tienda,3,18.46933,-97.382659,https://mitehuacan.mx/?ruta=rc-del-valle
3,Pasteleria Cristal,tienda,3,18.458524,-97.387394,https://mitehuacan.mx/?ruta=rc-del-valle
3,Pinturas Berel De Tehuacan,tienda,3,18.464625,-97.387026,https://mitehuacan.mx/?ruta=rc-del-valle
3,Tiendas Neto,tienda,3,18.459439,-97.389486,https://mitehuacan.mx/?ruta=rc-del-valle
3,Venta De Lenceria Sin Nombre,tienda,3,18.459632,-97.389483,https://mitehuacan.mx/?ruta=rc-del-valle
3,Carniceria San Juditas,tienda,4,18.472427,-97.377533,https://mitehuacan.mx/?ruta=rc-del-valle
3,Distribuidora Independiente De Cafe Gano Excel,tienda,4,18.464109,-97.387034,https://mitehuacan.mx/?ruta=rc-del-valle
3,La Casa De La Novia Venta De Vestidos Para Fiesta,tienda,4,18.458564,-97.38952,https://mitehuacan.mx/?ruta=rc-del-valle
3,Oxxo Suc 50Yqp Purisima Pbf,tienda,4,18.458519,-97.387287,https://mitehuacan.mx/?ruta=rc-del-valle
3,Panaderia Jose Gumaro Pastelin,tienda,4,18.465875,-97.389387,https://mitehuacan.mx/?ruta=rc-del-valle
3,Pinta Comex De Tehuacan,tienda,4,18.46525,-97.389393,https://mitehuacan.mx/?ruta=rc-del-valle
3,Pisos Y Azulejos Rocca,tienda,4,18.462163,-97.387028,https://mitehuacan.mx/?ruta=rc-del-valle
3,Productos De Limpieza Sin Nombre,tienda,4,18.472594,-97.373675,https://mitehuacan.mx/?ruta=rc-del-valle
3,Venta De Ropa Americana Clothes,tienda,4,18.46582,-97.389387,https://mitehuacan.mx/?ruta=rc-del-valle
3,Venta De Ropa Interior Mi Mosa Store Th,tienda,4,18.466002,-97.389386,https://mitehuacan.mx/?ruta=rc-del-valle
3,Venta De Ropa Interior Sadda,tienda,4,18.465115,-97.389394,https://mitehuacan.mx/?ruta=rc-del-valle
3,Venta De Telas Y Servilletas Sin Nombre,tienda,4,18.458516,-97.387214,https://mitehuacan.mx/?ruta=rc-del-valle
3,Bazar Sin Nombre,tienda,5,18.46231,-97.387102,https://mitehuacan.mx/?ruta=rc-del-valle
3,Cafe Gano Excel,tienda,5,18.463594,-97.387062,https://mitehuacan.mx/?ruta=rc-del-valle
3,Expendio De Pan,tienda,5,18.469182,-97.377243,https://mitehuacan.mx/?ruta=rc-del-valle
3,Modas Ericos,tienda,5,18.458852,-97.389495,https://mitehuacan.mx/?ruta=rc-del-valle
3,Pasteleria La Princesa,tienda,5,18.458807,-97.389496,https://mitehuacan.mx/?ruta=rc-del-valle
3,Plasticos Lupita,tienda,5,18.458907,-97.389494,https://mitehuacan.mx/?ruta=rc-del-valle
3,Refaccionaria Vecar,tienda,5,18.466336,-97.389383,https://mitehuacan.mx/?ruta=rc-del-valle
3,Tienda De De Colchas Concord,tienda,5,18.46373,-97.387055,https://mitehuacan.mx/?ruta=rc-del-valle
3,Tienda De Venta De Uniformes Sin Nombre,tienda,5,18.463965,-97.387042,https://mitehuacan.mx/?ruta=rc-del-valle
3,Venta De Pan Sin Nombre,tienda,5,18.458753,-97.389497,https://mitehuacan.mx/?ruta=rc-del-valle
3,Venta De Ropa Sin Nombre,tienda,5,18.463522,-97.387066,https://mitehuacan.mx/?ruta=rc-del-valle
3,Carniceria Carnes Selectas Bruno,tienda,6,18.464677,-97.386949,https://mitehuacan.mx/?ruta=rc-del-valle
3,Latinos,tienda,6,18.458797,-97.387107,https://mitehuacan.mx/?ruta=rc-del-valle
3,Pasteleria La Tradicional,tienda,6,18.46335,-97.387075,https://mitehuacan.mx/?ruta=rc-del-valle
3,Venta De Ropa Americana,tienda,6,18.463097,-97.387086,https://mitehuacan.mx/?ruta=rc-del-valle
3,Venta De Trajes Charros Charreria Maru,tienda,6,18.461068,-97.387042,https://mitehuacan.mx/?ruta=rc-del-valle
3,Expendio De Huevo Sin Nombre,tienda,7,18.458616,-97.387486,https://mitehuacan.mx/?ruta=rc-del-valle
3,Tienda Naturista Tehuacan,tienda,7,18.458625,-97.387619,https://mitehuacan.mx/?ruta=rc-del-valle
3,Expendio De Pan La Antigua,tienda,8,18.458631,-97.387704,https://mitehuacan.mx/?ruta=rc-del-valle
3,Venta De Articulos De Limpieza De La 21,tienda,8,18.471264,-97.37679,https://mitehuacan.mx/?ruta=rc-del-valle
3,Bodega Sin Nombre,tienda,10,18.45866,-97.388149,https://mitehuacan.mx/?ruta=rc-del-valle
3,Coth56 Servicio Total A Bordo Tehuacan Au,tienda,10,18.458667,-97.388338,https://mitehuacan.mx/?ruta=rc-del-valle
3,Mezcal La Perla De Oaxaca,tienda,10,18.458658,-97.388111,https://mitehuacan.mx/?ruta=rc-del-valle
3,Blancos Conde,tienda,11,18.458685,-97.388613,https://mitehuacan.mx/?ruta=rc-del-valle
3,Expendio De Pan De Burro Disney,tienda,11,18.458685,-97.388613,https://mitehuacan.mx/?ruta=rc-del-valle
3,Ivaliss Closhop,tienda,11,18.460374,-97.389373,https://mitehuacan.mx/?ruta=rc-del-valle
3,Plasticos Juquilita,tienda,11,18.460587,-97.38937,https://mitehuacan.mx/?ruta=rc-del-valle
3,Venta De Accesorios Y Molde Para Pasteleria Chios,tienda,11,18.460605,-97.38937,https://mitehuacan.mx/?ruta=rc-del-valle
3,Compra Venta De Copiadoras Sharp,tienda,12,18.464826,-97.389554,https://mitehuacan.mx/?ruta=rc-del-valle
3,Coth51 Delimart Au,tienda,12,18.458687,-97.388656,https://mitehuacan.mx/?ruta=rc-del-valle
3,Pasteleria La Ideal,tienda,12,18.461238,-97.389345,https://mitehuacan.mx/?ruta=rc-del-valle
3,Venta De Pinturas Pinturas Estrada,tienda,12,18.461293,-97.389346,https://mitehuacan.mx/?ruta=rc-del-valle
3,Venta De Productos Naturistas Sana,tienda,12,18.458695,-97.388783,https://mitehuacan.mx/?ruta=rc-del-valle
3,Venta De Sombreros Y Pan El Vaquero,tienda,12,18.458692,-97.388736,https://mitehuacan.mx/?ruta=rc-del-valle
3,Expendio Bimbo,tienda,13,18.460975,-97.389338,https://mitehuacan.mx/?ruta=rc-del-valle
3,Expendio De Pan De Burro Sin Nombre,tienda,13,18.458705,-97.388935,https://mitehuacan.mx/?ruta=rc-del-valle
3,Gruppo Medico Adrian Guzman,tienda,13,18.462324,-97.389329,https://mitehuacan.mx/?ruta=rc-del-valle
3,Sombreria Tehuacan,tienda,13,18.461102,-97.389341,https://mitehuacan.mx/?ruta=rc-del-valle
3,Tienda Naturista Juquilita,tienda,13,18.462387,-97.389328,https://mitehuacan.mx/?ruta=rc-del-valle
3,Bodega Sin Nombre De Servicio Electronico Digital Jensen,tienda,14,18.468741,-97.389264,https://mitehuacan.mx/?ruta=rc-del-valle
3,La Zarza,tienda,14,18.463059,-97.389315,https://mitehuacan.mx/?ruta=rc-del-valle
3,Pinturas Y Tlapaleria,tienda,14,18.462731,-97.389319,https://mitehuacan.mx/?ruta=rc-del-valle
3,Sombrereria Coxcatlan,tienda,14,18.458721,-97.389257,https://mitehuacan.mx/?ruta=rc-del-valle
3,Tienda Naturista Centro Botanico Azteca,tienda,14,18.462803,-97.389317,https://mitehuacan.mx/?ruta=rc-del-valle
3,Veladoras San Judas Tadeo,tienda,14,18.458718,-97.389191,https://mitehuacan.mx/?ruta=rc-del-valle
3,Venta De Pan De Burro,tienda,14,18.458715,-97.389105,https://mitehuacan.mx/?ruta=rc-del-valle
3,Venta De Ropa Interior Secret Fantasy,tienda,14,18.458724,-97.389323,https://mitehuacan.mx/?ruta=rc-del-valle
3,Compra Venta De Muebles Usados Sin Nombre,tienda,15,18.467311,-97.389273,https://mitehuacan.mx/?ruta=rc-del-valle
3,Optica Optimagg,tienda,15,18.463346,-97.389303,https://mitehuacan.mx/?ruta=rc-del-valle
3,Surcursal De Miel San Miguel Tehuacan,tienda,15,18.459266,-97.389386,https://mitehuacan.mx/?ruta=rc-del-valle
3,Venta De Sabanas Y Cobijas Blancos Banderas,tienda,15,18.459166,-97.389387,https://mitehuacan.mx/?ruta=rc-del-valle
3,724 Super 109 Tehuacan 5 Sur,tienda,16,18.458786,-97.389392,https://mitehuacan.mx/?ruta=rc-del-valle
3,Plasticos Lupita,tienda,16,18.458786,-97.389392,https://mitehuacan.mx/?ruta=rc-del-valle
3,Tienda De Articulos Religiosos Sin Nombre,tienda,16,18.460764,-97.389621,https://mitehuacan.mx/?ruta=rc-del-valle
3,Venta De Lenceria Sensual,tienda,16,18.461492,-97.389609,https://mitehuacan.mx/?ruta=rc-del-valle
3,Ventas De Computadoras Genius,tienda,16,18.458786,-97.389392,https://mitehuacan.mx/?ruta=rc-del-valle
3,American Clothes Shop,tienda,17,18.46569,-97.389265,https://mitehuacan.mx/?ruta=rc-del-valle
3,Tienda De Ropa Americana,tienda,17,18.465799,-97.389265,https://mitehuacan.mx/?ruta=rc-del-valle
3,Expendio Tehuacan,tienda,18,18.465489,-97.389265,https://mitehuacan.mx/?ruta=rc-del-valle
3,Jarcieria Puebla Y Plasticos Mop,tienda,18,18.465265,-97.389266,https://mitehuacan.mx/?ruta=rc-del-valle
3,Pasteleria La Artesanal,tienda,18,18.464898,-97.389266,https://mitehuacan.mx/?ruta=rc-del-valle
3,Tienda De Tintas Computadoras Y Accesorios Tintas Hm,tienda,18,18.465228,-97.389266,https://mitehuacan.mx/?ruta=rc-del-valle
3,Venta De Ropa Interior Y Lenceria Sin Nombre,tienda,18,18.460765,-97.389634,https://mitehuacan.mx/?ruta=rc-del-valle
3,Floreria Y Novedades Han-Jung,tienda,20,18.460758,-97.389274,https://mitehuacan.mx/?ruta=rc-del-valle
3,Plasticos Lupita,tienda,20,18.464818,-97.389242,https://mitehuacan.mx/?ruta=rc-del-valle
3,Productos De Limpieza Sin Nombre,tienda,22,18.466864,-97.38921,https://mitehuacan.mx/?ruta=rc-del-valle
3,Bodega De Steren Sin Nombre,tienda,23,18.462814,-97.389233,https://mitehuacan.mx/?ruta=rc-del-valle
3,Optica Reyes,tienda,23,18.464827,-97.389649,https://mitehuacan.mx/?ruta=rc-del-valle
3,Venta Ceramica Vivis Manos Magicas,tienda,23,18.468923,-97.383979,https://mitehuacan.mx/?ruta=rc-del-valle
3,Venta De Rpa Sin Nombre,tienda,23,18.469442,-97.377615,https://mitehuacan.mx/?ruta=rc-del-valle
3,Comercializadora Osorio,tienda,24,18.458344,-97.387107,https://mitehuacan.mx/?ruta=rc-del-valle
3,Floreria Y Novedades Las Americas,tienda,26,18.458623,-97.389801,https://mitehuacan.mx/?ruta=rc-del-valle
3,San Judas Tadeo,tienda,26,18.458318,-97.387108,https://mitehuacan.mx/?ruta=rc-del-valle
3,Tiendas Tres B,tienda,27,18.464828,-97.389687,https://mitehuacan.mx/?ruta=rc-del-valle
3,Bolsas Y Desechables Lafeliz,tienda,29,18.462925,-97.389172,https://mitehuacan.mx/?ruta=rc-del-valle
3,Estacionamiento De Musical Sinfonia,tienda,29,18.460768,-97.389742,https://mitehuacan.mx/?ruta=rc-del-valle
3,Tienda Naturista San Benito,tienda,29,18.458334,-97.389408,https://mitehuacan.mx/?ruta=rc-del-valle
3,Funerales De Jesus,tienda,32,18.458625,-97.389858,https://mitehuacan.mx/?ruta=rc-del-valle
3,Jarcieria J G,tienda,32,18.458605,-97.38687,https://mitehuacan.mx/?ruta=rc-del-valle
3,Optica Optimex Van,tienda,32,18.46491,-97.389741,https://mitehuacan.mx/?ruta=rc-del-valle
3,Musical Sinfonia,tienda,34,18.460763,-97.389788,https://mitehuacan.mx/?ruta=rc-del-valle
3,Pinturas Acuario,tienda,37,18.462753,-97.387394,https://mitehuacan.mx/?ruta=rc-del-valle
3,Tienda De Disfraces,tienda,37,18.462871,-97.38739,https://mitehuacan.mx/?ruta=rc-del-valle
3,Productos De Limpieza Casa Limpia,tienda,39,18.464821,-97.389071,https://mitehuacan.mx/?ruta=rc-del-valle
3,Cremeria La Cañada,tienda,42,18.460557,-97.389867,https://mitehuacan.mx/?ruta=rc-del-valle
3,Optica Mendoza,tienda,42,18.464831,-97.389838,https://mitehuacan.mx/?ruta=rc-del-valle
3,Tienda Naturista Bienestar Y Vida,tienda,42,18.458173,-97.387115,https://mitehuacan.mx/?ruta=rc-del-valle
3,Venta De Ropa Interior Para Dama Dulce Secreto,tienda,42,18.461576,-97.389853,https://mitehuacan.mx/?ruta=rc-del-valle
3,Deli Mart,tienda,43,18.458975,-97.388646,https://mitehuacan.mx/?ruta=rc-del-valle
3,Carniceria De La 7,tienda,45,18.464811,-97.386575,https://mitehuacan.mx/?ruta=rc-del-valle
3,Vneta De Peliculas,tienda,45,18.462712,-97.389878,https://mitehuacan.mx/?ruta=rc-del-valle
3,Pasteleria Cristal,tienda,47,18.458629,-97.39,https://mitehuacan.mx/?ruta=rc-del-valle
3,Pisos Y Azulejos Mega De Tehuacán,tienda,47,18.462756,-97.387486,https://mitehuacan.mx/?ruta=rc-del-valle
3,Venta De Ropa Americana. Paca La Frontera,tienda,47,18.460847,-97.389024,https://mitehuacan.mx/?ruta=rc-del-valle
3,Venta De Pinturas Pintugama Tehuacan,tienda,49,18.458602,-97.386709,https://mitehuacan.mx/?ruta=rc-del-valle
3,Optica Pura Vision,tienda,50,18.464913,-97.389912,https://mitehuacan.mx/?ruta=rc-del-valle
3,Venta De Instrumentos Musical Tehuacan,tienda,50,18.466933,-97.389891,https://mitehuacan.mx/?ruta=rc-del-valle
3,Tienda De Lenceria Pasion 360,tienda,51,18.458739,-97.390025,https://mitehuacan.mx/?ruta=rc-del-valle
3,Venta De Pan De Burro,tienda,53,18.460749,-97.388961,https://mitehuacan.mx/?ruta=rc-del-valle
3,Articulos De Limpieza Sin Nombre,tienda,55,18.469477,-97.389347,https://mitehuacan.mx/?ruta=rc-del-valle
3,Vestidos Para 15 Años Miss 15 Queen,tienda,55,18.460883,-97.389981,https://mitehuacan.mx/?ruta=rc-del-valle
3,Articulos De Limpieza Y Plasticos,tienda,58,18.468984,-97.376245,https://mitehuacan.mx/?ruta=rc-del-valle
3,Pasteleria La Cereza,tienda,58,18.458633,-97.390104,https://mitehuacan.mx/?ruta=rc-del-valle
3,Comercio Al Por Menor De Artículos Usados Sin Nombre,tienda,59,18.468621,-97.380362,https://mitehuacan.mx/?ruta=rc-del-valle
3,Carniceria San Angel,tienda,62,18.47047,-97.37745,https://mitehuacan.mx/?ruta=rc-del-valle
3,Cedi Herbalia,tienda,63,18.460725,-97.387709,https://mitehuacan.mx/?ruta=rc-del-valle
3,Bodega De Plasticos Lupita Sin Nombre,tienda,64,18.461573,-97.388857,https://mitehuacan.mx/?ruta=rc-del-valle
3,Bodega De Plasticos Lupita Sin Nombre,tienda,68,18.461572,-97.388819,https://mitehuacan.mx/?ruta=rc-del-valle
3,La Central Del Tapicero,tienda,68,18.460726,-97.387757,https://mitehuacan.mx/?ruta=rc-del-valle
3,Compra Venta De Empaques Para Regalos Packingmex,tienda,69,18.464835,-97.390085,https://mitehuacan.mx/?ruta=rc-del-valle
3,Compra Venta De Suplementos Alimenticios Saya,tienda,69,18.464835,-97.390085,https://mitehuacan.mx/?ruta=rc-del-valle
3,Omega Nutricion,tienda,69,18.464835,-97.390085,https://mitehuacan.mx/?ruta=rc-del-valle
3,Optica Elvision,tienda,69,18.464835,-97.390085,https://mitehuacan.mx/?ruta=rc-del-valle
3,Lenceria Sin Nombre,tienda,73,18.460779,-97.390155,https://mitehuacan.mx/?ruta=rc-del-valle
3,Ropa Tipica La Oaxaqueña La Pequeña,tienda,73,18.461499,-97.39015,https://mitehuacan.mx/?ruta=rc-del-valle
3,Tienda Naturista Juquilita,tienda,73,18.462843,-97.390143,https://mitehuacan.mx/?ruta=rc-del-valle
3,Cremeria Vaqueritos,tienda,74,18.45793,-97.389526,https://mitehuacan.mx/?ruta=rc-del-valle
3,Super Servicio Alatriste,tienda,75,18.458745,-97.390252,https://mitehuacan.mx/?ruta=rc-del-valle
3,Venta De Articulos Religiosos Isabelita,tienda,77,18.462845,-97.39018,https://mitehuacan.mx/?ruta=rc-del-valle
3,Bazar De Ropa Sin Nombre,tienda,78,18.469683,-97.389281,https://mitehuacan.mx/?ruta=rc-del-valle
3,Tienda De Ropa Sin Nombre,tienda,78,18.465889,-97.387753,https://mitehuacan.mx/?ruta=rc-del-valle
3,Venta De Ropa Interior Sin Nombre,tienda,79,18.460728,-97.387861,https://mitehuacan.mx/?ruta=rc-del-valle
3,Venta De Cruces Sin Nombre,tienda,83,18.458507,-97.390331,https://mitehuacan.mx/?ruta=rc-del-valle
3,Tienda De Lentes Suplementos Opticos,tienda,84,18.464838,-97.390227,https://mitehuacan.mx/?ruta=rc-del-valle
3,Veladoras Y Parafinas Maria Milagrosa,tienda,88,18.461501,-97.390292,https://mitehuacan.mx/?ruta=rc-del-valle
3,Bazar De Ropa Sin Nombre,tienda,89,18.466949,-97.39026,https://mitehuacan.mx/?ruta=rc-del-valle
3,Bodega De Cristalerias Tenorio,tienda,89,18.464776,-97.387848,https://mitehuacan.mx/?ruta=rc-del-valle
3,Venta De Discos Y Peliculas Sin Nombre,tienda,90,18.458644,-97.390398,https://mitehuacan.mx/?ruta=rc-del-valle
3,Compra Venta De Granos Y Semillas,tienda,91,18.457723,-97.38721,https://mitehuacan.mx/?ruta=rc-del-valle
3,Venta De Frituras Sin Nombre,tienda,94,18.46983,-97.38935,https://mitehuacan.mx/?ruta=rc-del-valle
3,Compra Venta De Productos De Limpieza Eco Limpieza Tehuacan,tienda,96,18.46484,-97.390341,https://mitehuacan.mx/?ruta=rc-del-valle
3,Venta De Plantas Medicinales Sin Nombre,tienda,96,18.461583,-97.390365,https://mitehuacan.mx/?ruta=rc-del-valle
3,Optica Optivision,tienda,98,18.457713,-97.389527,https://mitehuacan.mx/?ruta=rc-del-valle
3,Bazar De Ropa Sin Nombre,tienda,101,18.466774,-97.386063,https://mitehuacan.mx/?ruta=rc-del-valle
3,Venta De Cruces Villanueva,tienda,101,18.458648,-97.390502,https://mitehuacan.mx/?ruta=rc-del-valle
3,Venta De Ropa Usada Sin Nombre,tienda,101,18.462784,-97.388494,https://mitehuacan.mx/?ruta=rc-del-valle
3,Distribuidora Naturista Herbosan,tienda,102,18.460895,-97.390426,https://mitehuacan.mx/?ruta=rc-del-valle
3,Romss Venta De Carnes,tienda,102,18.460831,-97.388503,https://mitehuacan.mx/?ruta=rc-del-valle
3,Venta De Gorras Y Ropa Interior Sin Nombre Novedades,tienda,102,18.462783,-97.388484,https://mitehuacan.mx/?ruta=rc-del-valle
3,Intima Hogar,tienda,103,18.462888,-97.388018,https://mitehuacan.mx/?ruta=rc-del-valle
3,Productos De Limpieza Dogo,tienda,103,18.457621,-97.387138,https://mitehuacan.mx/?ruta=rc-del-valle
3,Venta De Huevo Sin Nombre,tienda,103,18.468234,-97.383385,https://mitehuacan.mx/?ruta=rc-del-valle
3,Prodetap Proveedor De Articulos Para Tapiceria,tienda,104,18.464923,-97.390424,https://mitehuacan.mx/?ruta=rc-del-valle
3,Tienda De Pañales Mi Bebe,tienda,105,18.460895,-97.390455,https://mitehuacan.mx/?ruta=rc-del-valle
3,Venta De Productos Alimenticios Omnilife,tienda,106,18.457637,-97.389413,https://mitehuacan.mx/?ruta=rc-del-valle
3,Venta De Libros Sin Nombre,tienda,107,18.465954,-97.388415,https://mitehuacan.mx/?ruta=rc-del-valle
3,Venta De Ropa Sin Nombre,tienda,107,18.457585,-97.38714,https://mitehuacan.mx/?ruta=rc-del-valle
3,Venta De Cafe Cafe La Giralda,tienda,108,18.460788,-97.390487,https://mitehuacan.mx/?ruta=rc-del-valle
3,Venta De Ropa Usada Sin Nombre,tienda,108,18.458082,-97.386271,https://mitehuacan.mx/?ruta=rc-del-valle
3,El Jarocho Carnicerias Suc Tehuacan,tienda,110,18.460739,-97.38842,https://mitehuacan.mx/?ruta=rc-del-valle
3,Venta De Veladoras San Juditas,tienda,111,18.461584,-97.390508,https://mitehuacan.mx/?ruta=rc-del-valle
3,Quiosco San Pedro,tienda,111,18.468196,-97.382173,https://mitehuacan.mx/?ruta=rc-del-valle
3,Compra Venta De Ropa Tipica Rhuama,tienda,112,18.457834,-97.390242,https://mitehuacan.mx/?ruta=rc-del-valle
3,Expendio De Pan Bimbo Independencia,tienda,112,18.462854,-97.390512,https://mitehuacan.mx/?ruta=rc-del-valle
3,Venta De Instrumentos Musicales Ruper Music,tienda,112,18.457583,-97.389414,https://mitehuacan.mx/?ruta=rc-del-valle
3,Plaza Kristal,tienda,113,18.462691,-97.390518,https://mitehuacan.mx/?ruta=rc-del-valle
3,Leynez Jarcieria,tienda,114,18.458965,-97.386079,https://mitehuacan.mx/?ruta=rc-del-valle
3,Aparatos Ortopedicos Orthomott,tienda,116,18.462891,-97.388139,https://mitehuacan.mx/?ruta=rc-del-valle
3,Pasteleria Cristal,tienda,116,18.460738,-97.388363,https://mitehuacan.mx/?ruta=rc-del-valle
3,Pasteleria La Cereza,tienda,116,18.46082,-97.388209,https://mitehuacan.mx/?ruta=rc-del-valle
3,Bazar De Ropa Ranita Mote,tienda,117,18.468058,-97.384166,https://mitehuacan.mx/?ruta=rc-del-valle
3,Consultorio De Medicina Omeopata,tienda,118,18.461153,-97.385978,https://mitehuacan.mx/?ruta=rc-del-valle
3,Pasteleria La Artesanal,tienda,118,18.462856,-97.390569,https://mitehuacan.mx/?ruta=rc-del-valle
3,Estacionamiento Privado Abarrotes La Corona,tienda,119,18.460738,-97.388335,https://mitehuacan.mx/?ruta=rc-del-valle
3,Venta De Articulos Militares,tienda,119,18.46061,-97.385987,https://mitehuacan.mx/?ruta=rc-del-valle
3,Carniceria Y Cremeria Bufalo,tienda,120,18.460899,-97.390597,https://mitehuacan.mx/?ruta=rc-del-valle
3,Venta De Lenceria,tienda,120,18.45916,-97.390668,https://mitehuacan.mx/?ruta=rc-del-valle
3,Caseta De Venta De Productos De Limpieza Para El Hogar,tienda,121,18.472367,-97.378733,https://mitehuacan.mx/?ruta=rc-del-valle
3,Lenceria Y Corseteria Pasion Seduccion Fantasia Y Elegancia,tienda,121,18.462976,-97.390594,https://mitehuacan.mx/?ruta=rc-del-valle
3,Venta De Pinturas Distribuidora De Poliester,tienda,121,18.45781,-97.390337,https://mitehuacan.mx/?ruta=rc-del-valle
3,Venta De Ropa Usada Sin Nombre,tienda,121,18.459379,-97.386006,https://mitehuacan.mx/?ruta=rc-del-valle
3,Barnices Y Herrajes Salazar,tienda,122,18.465594,-97.385857,https://mitehuacan.mx/?ruta=rc-del-valle
3,Bodega De Abarrotes 3 Estrellas Sin Nombre,tienda,122,18.458411,-97.386022,https://mitehuacan.mx/?ruta=rc-del-valle
3,Bodega De Veladora Maria Milagrosa,tienda,122,18.459676,-97.390666,https://mitehuacan.mx/?ruta=rc-del-valle
3,Venta De Hierbas Y Plantas Curativas,tienda,122,18.461586,-97.390612,https://mitehuacan.mx/?ruta=rc-del-valle
3,La Casa Del Apicultor,tienda,123,18.457434,-97.387222,https://mitehuacan.mx/?ruta=rc-del-valle
3,Optica Del Angel,tienda,123,18.460737,-97.388278,https://mitehuacan.mx/?ruta=rc-del-valle
3,Venta De Papas Fritas La Inmaculada,tienda,123,18.462976,-97.390613,https://mitehuacan.mx/?ruta=rc-del-valle
3,Optica Bella Luz,tienda,124,18.460228,-97.390664,https://mitehuacan.mx/?ruta=rc-del-valle
3,Productos De Limpieza Limpia Todo,tienda,124,18.457464,-97.389015,https://mitehuacan.mx/?ruta=rc-del-valle
3,Tienda De Ropa De Disfraces,tienda,124,18.45745,-97.388389,https://mitehuacan.mx/?ruta=rc-del-valle
3,Venta De Ropa Para Primera Comunion Sin Nombre,tienda,124,18.460237,-97.390664,https://mitehuacan.mx/?ruta=rc-del-valle
3,Venta De Veladoras San Juditas Tadeo,tienda,124,18.461586,-97.390631,https://mitehuacan.mx/?ruta=rc-del-valle
3,Venta De Vestidos De Xv Años Sin Nombre,tienda,124,18.460237,-97.390664,https://mitehuacan.mx/?ruta=rc-del-valle
3,Dulceria Pikys,tienda,125,18.457438,-97.38788,https://mitehuacan.mx/?ruta=rc-del-valle
3,Bazar Sin Nombre,tienda,126,18.46588,-97.390619,https://mitehuacan.mx/?ruta=rc-del-valle
3,Exclusivos Lulu,tienda,126,18.460726,-97.390664,https://mitehuacan.mx/?ruta=rc-del-valle
3,Vestidos De Novia Reyna Novias,tienda,126,18.460663,-97.390664,https://mitehuacan.mx/?ruta=rc-del-valle
3,Centro De Blancos Sin Nombre,tienda,127,18.46107,-97.390667,https://mitehuacan.mx/?ruta=rc-del-valle
3,Centro De Blancos Sin Nombre,tienda,127,18.461007,-97.390668,https://mitehuacan.mx/?ruta=rc-del-valle
3,El Ricon Del Comic,tienda,127,18.462859,-97.390654,https://mitehuacan.mx/?ruta=rc-del-valle
3,Exotica Sex Shop,tienda,127,18.462859,-97.390654,https://mitehuacan.mx/?ruta=rc-del-valle
3,Sala De Exhibicion De Lentes Sin Nombre,tienda,127,18.462859,-97.390654,https://mitehuacan.mx/?ruta=rc-del-valle
3,Venta De Blancos Balderas,tienda,127,18.461306,-97.390665,https://mitehuacan.mx/?ruta=rc-del-valle
3,Venta De Blancos Sin Nombre,tienda,127,18.461061,-97.390667,https://mitehuacan.mx/?ruta=rc-del-valle
3,Venta De Valadoras E Imagenes San Francisco De Asis,tienda,127,18.46174,-97.390664,https://mitehuacan.mx/?ruta=rc-del-valle
3,Colecturia Inmaculadala,tienda,128,18.46184,-97.390665,https://mitehuacan.mx/?ruta=rc-del-valle
3,Splahs Ingenieria En Bombeo Y Energia Renobables,tienda,128,18.464729,-97.385791,https://mitehuacan.mx/?ruta=rc-del-valle
3,Tienda De Vestidos Detalles De Comunion Novias Maqueda,tienda,128,18.458819,-97.390755,https://mitehuacan.mx/?ruta=rc-del-valle
3,Venta De Pinturas Pintucom De Tehuacan,tienda,128,18.457653,-97.390247,https://mitehuacan.mx/?ruta=rc-del-valle
3,Venta De Vestidos Novias Aranda,tienda,128,18.46251,-97.390668,https://mitehuacan.mx/?ruta=rc-del-valle
3,Expendio De Pan Dulce Paraiso,tienda,129,18.467935,-97.384284,https://mitehuacan.mx/?ruta=rc-del-valle
3,Venta De Ropa Y Bazar,tienda,130,18.471264,-97.375625,https://mitehuacan.mx/?ruta=rc-del-valle
3,Creaciones Diana,tienda,133,18.460095,-97.390749,https://mitehuacan.mx/?ruta=rc-del-valle
3,Luminarias Jpl De Mexico,tienda,133,18.457351,-97.387605,https://mitehuacan.mx/?ruta=rc-del-valle
3,Expendio De Pan Bimbo,tienda,134,18.45866,-97.390815,https://mitehuacan.mx/?ruta=rc-del-valle
3,Ink Color,tienda,134,18.457394,-97.389567,https://mitehuacan.mx/?ruta=rc-del-valle
3,Novedades Lalo,tienda,135,18.460593,-97.390749,https://mitehuacan.mx/?ruta=rc-del-valle
3,Adornos Y Novedades Dulce,tienda,137,18.461653,-97.390759,https://mitehuacan.mx/?ruta=rc-del-valle
3,Artesanias Aby,tienda,137,18.461462,-97.390758,https://mitehuacan.mx/?ruta=rc-del-valle
3,Bodega De Pinturas De Distribuidora De Poliester,tienda,137,18.457563,-97.39025,https://mitehuacan.mx/?ruta=rc-del-valle
3,Botanas Chucherias,tienda,137,18.45735,-97.389112,https://mitehuacan.mx/?ruta=rc-del-valle
3,Chiles Secos Y Semillas Casa Hermes,tienda,137,18.45735,-97.389112,https://mitehuacan.mx/?ruta=rc-del-valle
3,Cremeria Jmc,tienda,137,18.457405,-97.38987,https://mitehuacan.mx/?ruta=rc-del-valle
3,Ropa Tipica El Leon De Juda,tienda,137,18.46149,-97.390758,https://mitehuacan.mx/?ruta=rc-del-valle
3,Tienda De Adornos Para Fiestas Aydu,tienda,137,18.46111,-97.390761,https://mitehuacan.mx/?ruta=rc-del-valle
3,Tienda De Boneteria Paola,tienda,137,18.461046,-97.390762,https://mitehuacan.mx/?ruta=rc-del-valle
3,Tienda De Lenceria Fany,tienda,137,18.461481,-97.390758,https://mitehuacan.mx/?ruta=rc-del-valle
3,Tienda De Lenceria La Coqueteria,tienda,137,18.457351,-97.388998,https://mitehuacan.mx/?ruta=rc-del-valle
3,Distribuidoras De Carnes Majuf,tienda,138,18.457348,-97.389417,https://mitehuacan.mx/?ruta=rc-del-valle
3,Libreria Luz Y Vida,tienda,138,18.462422,-97.390763,https://mitehuacan.mx/?ruta=rc-del-valle
3,Tienda De Articulos Religiosos Y Ceras San Judas Tadeo,tienda,138,18.462232,-97.390762,https://mitehuacan.mx/?ruta=rc-del-valle
3,Venta De Ropa Para Niño Dios Juquilita,tienda,138,18.45735,-97.389216,https://mitehuacan.mx/?ruta=rc-del-valle
3,Antojitos Mexicanos Silvia,tienda,144,18.460904,-97.390825,https://mitehuacan.mx/?ruta=rc-del-valle
3,Vestidos De Presentacion,tienda,145,18.462706,-97.385669,https://mitehuacan.mx/?ruta=rc-del-valle
3,Bazar De Ropa Sin Nombre,tienda,147,18.469081,-97.390777,https://mitehuacan.mx/?ruta=rc-del-valle
3,Tienda De Ropa Para Dama Sin Nombre,tienda,148,18.458663,-97.390948,https://mitehuacan.mx/?ruta=rc-del-valle
3,Tintorería Tehuacán,tintorería,30,18.464826,-97.389153,https://mitehuacan.mx/?ruta=rc-del-valle
3,Tortilleria Tehuacan,tortillería,0,18.462011,-97.38946,https://mitehuacan.mx/?ruta=rc-del-valle
3,Antojitos Dani,tortillería,1,18.465648,-97.387017,https://mitehuacan.mx/?ruta=rc-del-valle
3,Molino De Nixtamal Y Masa Por Kilo Sin Nombre,tortillería,1,18.470077,-97.376767,https://mitehuacan.mx/?ruta=rc-del-valle
3,Venta De Tortillas Hecha A Mano,tortillería,1,18.469164,-97.38474,https://mitehuacan.mx/?ruta=rc-del-valle
3,Venta De Tortillas Sin Nombre,tortillería,2,18.469265,-97.383247,https://mitehuacan.mx/?ruta=rc-del-valle
3,Tortilleria De Mano,tortillería,3,18.471383,-97.377402,https://mitehuacan.mx/?ruta=rc-del-valle
3,Tortilleria De Mano Carmelita,tortillería,3,18.472661,-97.372895,https://mitehuacan.mx/?ruta=rc-del-valle
3,Venta De Tortillas Sin Nombre,tortillería,3,18.468668,-97.389425,https://mitehuacan.mx/?ruta=rc-del-valle
3,Elaboracion Y Venta De Tortillas De Mano Juquilita,tortillería,4,18.461982,-97.387029,https://mitehuacan.mx/?ruta=rc-del-valle
3,Tortillas A Mano Sin Nombre,tortillería,4,18.472717,-97.372001,https://mitehuacan.mx/?ruta=rc-del-valle
3,Venta De Tortillas Sin Nombre,tortillería,4,18.468981,-97.388816,https://mitehuacan.mx/?ruta=rc-del-valle
3,Dulceria Y Tortilleria,tortillería,5,18.46928,-97.377625,https://mitehuacan.mx/?ruta=rc-del-valle
3,Elaboracion De Tortillas Hechas A Mano Sin Nombre,tortillería,5,18.469205,-97.380611,https://mitehuacan.mx/?ruta=rc-del-valle
3,Tortillas De Mano Sin Nombre,tortillería,5,18.472426,-97.377543,https://mitehuacan.mx/?ruta=rc-del-valle
3,Venta De Tortillas A Mano Si Nombre,tortillería,6,18.469074,-97.383902,https://mitehuacan.mx/?ruta=rc-del-valle
3,Molino De Nixtamal Juquilita,tortillería,7,18.47237,-97.376832,https://mitehuacan.mx/?ruta=rc-del-valle
3,Tortilleria Jireh,tortillería,7,18.458622,-97.387581,https://mitehuacan.mx/?ruta=rc-del-valle
3,Venta De Tortillas A Mano Las Coapeñitas,tortillería,7,18.466651,-97.386949,https://mitehuacan.mx/?ruta=rc-del-valle
3,Molino De Nixtamal Diaz,tortillería,8,18.465888,-97.387089,https://mitehuacan.mx/?ruta=rc-del-valle
3,Tortilleria Plus,tortillería,8,18.460762,-97.389539,https://mitehuacan.mx/?ruta=rc-del-valle
3,Molino Y Tortilleria De Mano Sin Nombre,tortillería,33,18.472147,-97.37633,https://mitehuacan.mx/?ruta=rc-del-valle
3,Tortillas A Mano Sin Nombre,tortillería,37,18.47317,-97.374832,https://mitehuacan.mx/?ruta=rc-del-valle
3,Tortillas A Mano,tortillería,49,18.47092,-97.377375,https://mitehuacan.mx/?ruta=rc-del-valle
3,Tortilleria De Mano Cristi,tortillería,56,18.468658,-97.376827,https://mitehuacan.mx/?ruta=rc-del-valle
3,Tortilleria De Mano Sin Nombre,tortillería,57,18.470923,-97.376289,https://mitehuacan.mx/?ruta=rc-del-valle
3,Tortillas A Mano July,tortillería,60,18.472841,-97.378025,https://mitehuacan.mx/?ruta=rc-del-valle
3,Venta De Tortillas Hechas A Mano Si Nombre,tortillería,60,18.46858,-97.384028,https://mitehuacan.mx/?ruta=rc-del-valle
3,Venta De Tortillas,tortillería,66,18.457988,-97.388764,https://mitehuacan.mx/?ruta=rc-del-valle
3,Tortilleria De Mano Sin Nombre,tortillería,67,18.47338,-97.371709,https://mitehuacan.mx/?ruta=rc-del-valle
3,Tortilleria Panchita,tortillería,70,18.461579,-97.390119,https://mitehuacan.mx/?ruta=rc-del-valle
3,Venta De Tortillas Sin Nombre,tortillería,71,18.461551,-97.388791,https://mitehuacan.mx/?ruta=rc-del-valle
3,Venta De Tortillas De Mano,tortillería,72,18.468431,-97.377867,https://mitehuacan.mx/?ruta=rc-del-valle
3,Tortilleria De Mano Sin Nombre,tortillería,74,18.47194,-97.372825,https://mitehuacan.mx/?ruta=rc-del-valle
3,Tortilleria De Mano Sin Nombre,tortillería,75,18.471555,-97.376177,https://mitehuacan.mx/?ruta=rc-del-valle
3,Tortilleria Limon,tortillería,78,18.460838,-97.38873,https://mitehuacan.mx/?ruta=rc-del-valle
3,Venta De Tortillas Juquilita,tortillería,78,18.45784,-97.387205,https://mitehuacan.mx/?ruta=rc-del-valle
3,Venta De Tortillas De Mano Sin Nombre,tortillería,89,18.46139,-97.386246,https://mitehuacan.mx/?ruta=rc-del-valle
3,Venta De Tortillas Sin Nombre,tortillería,90,18.469783,-97.38928,https://mitehuacan.mx/?ruta=rc-del-valle
3,Tortilleria De Maiz,tortillería,99,18.468197,-97.377746,https://mitehuacan.mx/?ruta=rc-del-valle
3,Venta De Tortillas De Mano Y Antojitos,tortillería,105,18.468393,-97.376178,https://mitehuacan.mx/?ruta=rc-del-valle
3,Tortillas Hechas A Mano Sin Nombre,tortillería,111,18.469968,-97.389036,https://mitehuacan.mx/?ruta=rc-del-valle
3,Elaboracion Y Venta De Tortillas De Harina La Abuela,tortillería,112,18.46289,-97.388101,https://mitehuacan.mx/?ruta=rc-del-valle
3,Tortillas De Mano Doña Leti,tortillería,116,18.462248,-97.385961,https://mitehuacan.mx/?ruta=rc-del-valle
3,Venta De Tortillas Hechas A Mano,tortillería,121,18.472492,-97.378739,https://mitehuacan.mx/?ruta=rc-del-valle
3,Tortillas Hechas A Mano Sin Nombre,tortillería,122,18.464802,-97.385845,https://mitehuacan.mx/?ruta=rc-del-valle
3,Venta De Tortillas Sin Nombre,tortillería,125,18.467614,-97.390596,https://mitehuacan.mx/?ruta=rc-del-valle
3,Tortilleria De Mano Sin Nombre,tortillería,128,18.471038,-97.375623,https://mitehuacan.mx/?ruta=rc-del-valle
3,Elaboracion Y Venta De Tortillas Sin Nombre,tortillería,141,18.465962,-97.390759,https://mitehuacan.mx/?ruta=rc-del-valle
3,Elaboracion De Tortillas,tortillería,148,18.462823,-97.385637,https://mitehuacan.mx/?ruta=rc-del-valle
3,Transportes De Carga Negrete,transporte,125,18.457504,-97.38985,https://mitehuacan.mx/?ruta=rc-del-valle
3,Transportes Mercurio,transporte,128,18.457508,-97.389949,https://mitehuacan.mx/?ruta=rc-del-valle
3,Vidrios La Purisima,vidriería,4,18.458516,-97.387224,https://mitehuacan.mx/?ruta=rc-del-valle
3,Vidrios Y Aluminios Muñoz,vidriería,4,18.469001,-97.389148,https://mitehuacan.mx/?ruta=rc-del-valle
3,Vidrios Y Aluminios De La 7,vidriería,5,18.459358,-97.387098,https://mitehuacan.mx/?ruta=rc-del-valle
3,Vidrios Y Aluminios Arquitectonicos De Mexico,vidriería,16,18.46407,-97.389286,https://mitehuacan.mx/?ruta=rc-del-valle
3,Vidreria Mendoza,vidriería,63,18.464815,-97.388843,https://mitehuacan.mx/?ruta=rc-del-valle
3,Vidrios Y Aluminios Vimac,vidriería,70,18.466941,-97.39008,https://mitehuacan.mx/?ruta=rc-del-valle
3,Vidrios Independencia,vidriería,89,18.462838,-97.386196,https://mitehuacan.mx/?ruta=rc-del-valle
3,Vidrios Y Aluminios Franco,vidriería,92,18.458097,-97.39024,https://mitehuacan.mx/?ruta=rc-del-valle
3,Bodega Sin Nombre De Muebles Metalicos Malerba,vidriería,120,18.459524,-97.386004,https://mitehuacan.mx/?ruta=rc-del-valle
3,Vidrios Y Cristales Lunas,vidriería,125,18.457433,-97.38765,https://mitehuacan.mx/?ruta=rc-del-valle
3,Venta De Vidrios Y Aluminios Sin Nombre,vidriería,128,18.457417,-97.386929,https://mitehuacan.mx/?ruta=rc-del-valle
3,Aluminios Aluvid,vidriería,143,18.464848,-97.390787,https://mitehuacan.mx/?ruta=rc-del-valle
3,Vivero Natural Green,vivero,1,18.460708,-97.389473,https://mitehuacan.mx/?ruta=rc-del-valle
3,Floreria Rosy,vivero,15,18.463283,-97.389305,https://mitehuacan.mx/?ruta=rc-del-valle
3,Floreria D Xochitl,vivero,39,18.461575,-97.389825,https://mitehuacan.mx/?ruta=rc-del-valle
3,Floreria El Clavel,vivero,51,18.461577,-97.389939,https://mitehuacan.mx/?ruta=rc-del-valle
3,Floreria Jade,vivero,79,18.462789,-97.388702,https://mitehuacan.mx/?ruta=rc-del-valle
3,Bodega De Floreria Detalles,vivero,88,18.461501,-97.390292,https://mitehuacan.mx/?ruta=rc-del-valle
3,Floreria Adelita,vivero,88,18.461501,-97.390292,https://mitehuacan.mx/?ruta=rc-del-valle
3,Floreria Angelito,vivero,88,18.461501,-97.390292,https://mitehuacan.mx/?ruta=rc-del-valle
3,Floreria Detalles,vivero,88,18.461501,-97.390292,https://mitehuacan.mx/?ruta=rc-del-valle
3,Floreria Emmanuel,vivero,88,18.461501,-97.390292,https://mitehuacan.mx/?ruta=rc-del-valle
3,Floreria Joselyn,vivero,88,18.461501,-97.390292,https://mitehuacan.mx/?ruta=rc-del-valle
3,Floreria Juquilita,vivero,88,18.461501,-97.390292,https://mitehuacan.mx/?ruta=rc-del-valle
3,Floreria Ramos,vivero,88,18.461501,-97.390292,https://mitehuacan.mx/?ruta=rc-del-valle
3,Floreria Sin Nombre,vivero,88,18.461501,-97.390292,https://mitehuacan.mx/?ruta=rc-del-valle
3,Venta De Plantas,vivero,89,18.468531,-97.376245,https://mitehuacan.mx/?ruta=rc-del-valle
3,Vivero Rose Mary,vivero,89,18.470107,-97.382745,https://mitehuacan.mx/?ruta=rc-del-valle
3,Floreria Bety,vivero,93,18.461502,-97.39034,https://mitehuacan.mx/?ruta=rc-del-valle
3,Floreria El Campesino,vivero,97,18.461502,-97.390378,https://mitehuacan.mx/?ruta=rc-del-valle
3,Floreria Betty,vivero,100,18.461503,-97.390406,https://mitehuacan.mx/?ruta=rc-del-valle
3,Floreria Emmanuel,vivero,120,18.462775,-97.388181,https://mitehuacan.mx/?ruta=rc-del-valle
3,Floreria San Antonio,vivero,120,18.461586,-97.390593,https://mitehuacan.mx/?ruta=rc-del-valle
3,Vivero Mar Y Vida,vivero,133,18.457377,-97.388752,https://mitehuacan.mx/?ruta=rc-del-valle
3,Arreglos Flor Cerezo,vivero,137,18.457406,-97.38988,https://mitehuacan.mx/?ruta=rc-del-valle
