prioridad,negocio,categoria,dist_m,lat,lon,maps
1,Jugos Y Tortas Sin Nombre,café,1,18.435111,-97.403761,https://mitehuacan.mx/?ruta=zapotitlan
1,Venta De Jugos Y Licuados Sin Nombre,café,1,18.452587,-97.394487,https://mitehuacan.mx/?ruta=zapotitlan
1,Cafeteria Casa Macarena,café,4,18.453885,-97.39254,https://mitehuacan.mx/?ruta=zapotitlan
1,Heladeria Y Paleteria Creamy,café,4,18.454355,-97.392526,https://mitehuacan.mx/?ruta=zapotitlan
1,Endulzate Cafeteria,café,5,18.45526,-97.392499,https://mitehuacan.mx/?ruta=zapotitlan
1,Cafeteria Del Tec,café,9,18.438471,-97.399785,https://mitehuacan.mx/?ruta=zapotitlan
1,Cherry Food & Coffee,café,21,18.456997,-97.392748,https://mitehuacan.mx/?ruta=zapotitlan
1,Desayunador Merendero Sin Nombre,café,22,18.328141,-97.472188,https://mitehuacan.mx/?ruta=zapotitlan
1,Delicrep,café,23,18.456734,-97.392756,https://mitehuacan.mx/?ruta=zapotitlan
1,Bulgaru Frozen Kefir,café,26,18.454129,-97.392817,https://mitehuacan.mx/?ruta=zapotitlan
1,Beto Coffe,café,29,18.32733,-97.47542,https://mitehuacan.mx/?ruta=zapotitlan
1,Cafeteria Cupcake,café,33,18.45447,-97.394134,https://mitehuacan.mx/?ruta=zapotitlan
1,Dr. Tapioca,café,38,18.457891,-97.393578,https://mitehuacan.mx/?ruta=zapotitlan
1,Finca San Agustin Cafe,café,39,18.457938,-97.392445,https://mitehuacan.mx/?ruta=zapotitlan
1,Cooperativa Escolar Sin Nombre,café,49,18.329612,-97.47067,https://mitehuacan.mx/?ruta=zapotitlan
1,Venta De Comida San Pedro,café,58,18.456585,-97.391976,https://mitehuacan.mx/?ruta=zapotitlan
1,Venta Jugos Sin Nombre,café,75,18.455119,-97.393257,https://mitehuacan.mx/?ruta=zapotitlan
1,La Casita De Dulces,café,86,18.453392,-97.39177,https://mitehuacan.mx/?ruta=zapotitlan
1,Cafeteria Calle Melancolia,café,99,18.454898,-97.391618,https://mitehuacan.mx/?ruta=zapotitlan
1,Cooperativa Escolar Sin Nombre Turno Matutino Escuela Primar,café,109,18.455339,-97.391516,https://mitehuacan.mx/?ruta=zapotitlan
1,Tienda Escolar Primaria Ing Pastor Roauix Turno Vespertino,café,109,18.455339,-97.391516,https://mitehuacan.mx/?ruta=zapotitlan
1,Cooperativa De La Escuela Primaria Jose Maria Morelos,café,113,18.329732,-97.471405,https://mitehuacan.mx/?ruta=zapotitlan
1,Cafe Sierra Negra,café,114,18.457574,-97.391481,https://mitehuacan.mx/?ruta=zapotitlan
1,Venta De Articulos Para Celulares Telcel,celulares,2,18.434052,-97.405369,https://mitehuacan.mx/?ruta=zapotitlan
1,Tienda De Electronica Jl,celulares,96,18.454738,-97.393508,https://mitehuacan.mx/?ruta=zapotitlan
1,Aramis,celulares,110,18.328343,-97.475044,https://mitehuacan.mx/?ruta=zapotitlan
1,Yeyi Cell Accesorios Y Reparacion,celulares,127,18.458698,-97.392199,https://mitehuacan.mx/?ruta=zapotitlan
1,Tienda De Telefonos Distribuidor Autorizado Pamec Telcel,celulares,139,18.458753,-97.394037,https://mitehuacan.mx/?ruta=zapotitlan
1,Servicio Tecnico De Celulares El Vencedor,celulares,145,18.457442,-97.391188,https://mitehuacan.mx/?ruta=zapotitlan
1,Consultorio Medico,consultorio,1,18.456303,-97.39435,https://mitehuacan.mx/?ruta=zapotitlan
1,Consultorio Dental Coi Tehuacan,consultorio,2,18.439932,-97.399351,https://mitehuacan.mx/?ruta=zapotitlan
1,Consultorio Dental Marquez,consultorio,3,18.433223,-97.406631,https://mitehuacan.mx/?ruta=zapotitlan
1,Clinica Dental Juan Yusef,consultorio,5,18.455432,-97.392494,https://mitehuacan.mx/?ruta=zapotitlan
1,Excelsior Atencion Dental,consultorio,5,18.454871,-97.392511,https://mitehuacan.mx/?ruta=zapotitlan
1,Consultorio De Farmacia De Apollo,consultorio,6,18.4518,-97.394564,https://mitehuacan.mx/?ruta=zapotitlan
1,Consultorio Medico Farmacia De Apoyo Sucursal 20 Centro Inte,consultorio,7,18.434242,-97.405011,https://mitehuacan.mx/?ruta=zapotitlan
1,Consultorio Y Farmacia Sin Nombre,consultorio,13,18.328289,-97.47173,https://mitehuacan.mx/?ruta=zapotitlan
1,Consultorio Dental Salazar,consultorio,15,18.453596,-97.394328,https://mitehuacan.mx/?ruta=zapotitlan
1,Consultorio Medico General,consultorio,18,18.457713,-97.393685,https://mitehuacan.mx/?ruta=zapotitlan
1,Consultorio De Control De Peso Salut,consultorio,22,18.45687,-97.392752,https://mitehuacan.mx/?ruta=zapotitlan
1,Clinica Dental Dr Jose Eduardo De Rosas Lopez,consultorio,23,18.456734,-97.392756,https://mitehuacan.mx/?ruta=zapotitlan
1,Consultoria Y Asesoria Psicologica Particular,consultorio,25,18.456481,-97.392761,https://mitehuacan.mx/?ruta=zapotitlan
1,Consultorio Medico,consultorio,25,18.454735,-97.392799,https://mitehuacan.mx/?ruta=zapotitlan
1,Consultrio De Odontopediatria Sin Nombre,consultorio,26,18.453885,-97.392824,https://mitehuacan.mx/?ruta=zapotitlan
1,Unidad Medica San Agustin,consultorio,26,18.457838,-97.392731,https://mitehuacan.mx/?ruta=zapotitlan
1,Consultorio Dental,consultorio,27,18.453564,-97.394221,https://mitehuacan.mx/?ruta=zapotitlan
1,Consultorio Quiropractico,consultorio,37,18.45447,-97.394096,https://mitehuacan.mx/?ruta=zapotitlan
1,Centro Medico Dental Medident,consultorio,38,18.45191,-97.394867,https://mitehuacan.mx/?ruta=zapotitlan
1,Optica Delabli,consultorio,42,18.457983,-97.392728,https://mitehuacan.mx/?ruta=zapotitlan
1,Clinica Dental Sonrisas Increibles,consultorio,50,18.456531,-97.393002,https://mitehuacan.mx/?ruta=zapotitlan
1,Clinica De Fisioterapia Fisica Y Rehabilitacion Yomelly,consultorio,62,18.456536,-97.393116,https://mitehuacan.mx/?ruta=zapotitlan
1,Consultorio Dental,consultorio,65,18.457557,-97.391943,https://mitehuacan.mx/?ruta=zapotitlan
1,Centro De Medicina Alternativa,consultorio,69,18.453452,-97.393827,https://mitehuacan.mx/?ruta=zapotitlan
1,Consultorio Medico,consultorio,72,18.455203,-97.395068,https://mitehuacan.mx/?ruta=zapotitlan
1,Consultorio Pscologico,consultorio,72,18.455112,-97.395073,https://mitehuacan.mx/?ruta=zapotitlan
1,Consultorio Medico,consultorio,81,18.430772,-97.409064,https://mitehuacan.mx/?ruta=zapotitlan
1,Denflix Clinica Dental,consultorio,83,18.455488,-97.393569,https://mitehuacan.mx/?ruta=zapotitlan
1,Tratamiento De Columna Y Cadera,consultorio,88,18.455766,-97.393367,https://mitehuacan.mx/?ruta=zapotitlan
1,Consultorio Dental Sonrie,consultorio,96,18.456002,-97.391615,https://mitehuacan.mx/?ruta=zapotitlan
1,Consultorio Medico Mediem Medicina Empresarial,consultorio,96,18.456002,-97.391615,https://mitehuacan.mx/?ruta=zapotitlan
1,Consultorio Medico De Farmacia De Apollo,consultorio,107,18.458562,-97.392434,https://mitehuacan.mx/?ruta=zapotitlan
1,Consultorio Medico General Villarauz,consultorio,107,18.328279,-97.475388,https://mitehuacan.mx/?ruta=zapotitlan
1,Consultorio Dental,consultorio,114,18.454592,-97.395515,https://mitehuacan.mx/?ruta=zapotitlan
1,Consultorio Medico Dental,consultorio,125,18.4587,-97.392303,https://mitehuacan.mx/?ruta=zapotitlan
1,Consultorio Medico Juan Luna Diaz,consultorio,127,18.458698,-97.392199,https://mitehuacan.mx/?ruta=zapotitlan
1,Consultorio Medico Sin Nombre,consultorio,127,18.32814,-97.47601,https://mitehuacan.mx/?ruta=zapotitlan
1,Consultorio Medico De Fundacion Best,consultorio,134,18.458694,-97.392009,https://mitehuacan.mx/?ruta=zapotitlan
1,Consultorio Medico De Fundacion Best Fin De Semana,consultorio,134,18.458694,-97.392009,https://mitehuacan.mx/?ruta=zapotitlan
1,Consultorio Medico Fundacion Best Vespertino,consultorio,134,18.458694,-97.392009,https://mitehuacan.mx/?ruta=zapotitlan
1,Consultorio Medico General Doctor Pablo Garcia Merino,consultorio,134,18.458748,-97.393867,https://mitehuacan.mx/?ruta=zapotitlan
1,Axel Sport Terapia Fisica,consultorio,135,18.458694,-97.392,https://mitehuacan.mx/?ruta=zapotitlan
1,Clinica Dental Puebla,consultorio,135,18.458694,-97.392,https://mitehuacan.mx/?ruta=zapotitlan
1,Consultorio Medico Agustin Pacheco Merlo,consultorio,135,18.458816,-97.392897,https://mitehuacan.mx/?ruta=zapotitlan
1,Sanaury Control De Peso,consultorio,135,18.458694,-97.392,https://mitehuacan.mx/?ruta=zapotitlan
1,Clinica Fisioterapia Y Rehabilitacion,consultorio,136,18.434633,-97.402243,https://mitehuacan.mx/?ruta=zapotitlan
1,Clinica Dental Integral Rie,consultorio,139,18.458437,-97.391574,https://mitehuacan.mx/?ruta=zapotitlan
1,Grupo Dental Bulas,consultorio,143,18.458843,-97.393721,https://mitehuacan.mx/?ruta=zapotitlan
1,Odontologia Estetica,consultorio,145,18.453608,-97.395852,https://mitehuacan.mx/?ruta=zapotitlan
1,Reparacion De Computadoras Compuservice Soft & Hardware,electrónica,4,18.457352,-97.393711,https://mitehuacan.mx/?ruta=zapotitlan
1,Pc Computo Mantenimiento Y Reparacion De Computadoras,electrónica,14,18.454654,-97.394299,https://mitehuacan.mx/?ruta=zapotitlan
1,Compra Y Venta Maquinas Industriales Sin Nombre,electrónica,36,18.455587,-97.394011,https://mitehuacan.mx/?ruta=zapotitlan
1,Taller De Electronica Montiel,electrónica,49,18.433983,-97.404694,https://mitehuacan.mx/?ruta=zapotitlan
1,Venta De Maquinas Maquinateh,electrónica,53,18.457158,-97.394188,https://mitehuacan.mx/?ruta=zapotitlan
1,Macktronica It & Electric Serviss,electrónica,74,18.45618,-97.395038,https://mitehuacan.mx/?ruta=zapotitlan
1,Game Over Video Juegos,electrónica,116,18.458653,-97.392717,https://mitehuacan.mx/?ruta=zapotitlan
1,Yekcel Reparacion De Celulares,electrónica,139,18.458821,-97.393075,https://mitehuacan.mx/?ruta=zapotitlan
1,Reparacion De Televisiones,electrónica,143,18.456537,-97.391171,https://mitehuacan.mx/?ruta=zapotitlan
1,Aplicacion De Tatuajes Leprosy,estética,5,18.455649,-97.39249,https://mitehuacan.mx/?ruta=zapotitlan
1,Estetica Aby,estética,6,18.328614,-97.47101,https://mitehuacan.mx/?ruta=zapotitlan
1,Barberia Sin Nombre,estética,7,18.327321,-97.474358,https://mitehuacan.mx/?ruta=zapotitlan
1,Estetica Marilyz,estética,8,18.327289,-97.474767,https://mitehuacan.mx/?ruta=zapotitlan
1,Depilacion Laser Olways Perfect Laser Studio,estética,10,18.45535,-97.394274,https://mitehuacan.mx/?ruta=zapotitlan
1,Estetica Laura Salon,estética,11,18.455501,-97.394251,https://mitehuacan.mx/?ruta=zapotitlan
1,El Salon Estetica,estética,12,18.456665,-97.393614,https://mitehuacan.mx/?ruta=zapotitlan
1,Estetica Y Peluqueria Sin Nombre,estética,14,18.327214,-97.475106,https://mitehuacan.mx/?ruta=zapotitlan
1,Estudio Jabali Tatu,estética,16,18.430865,-97.410005,https://mitehuacan.mx/?ruta=zapotitlan
1,Estetica Mariana Mejia,estética,23,18.455499,-97.394137,https://mitehuacan.mx/?ruta=zapotitlan
1,Estetica Pandora,estética,25,18.452862,-97.39284,https://mitehuacan.mx/?ruta=zapotitlan
1,Estetica Venecia,estética,25,18.455042,-97.39279,https://mitehuacan.mx/?ruta=zapotitlan
1,Barberia Marquez,estética,26,18.453387,-97.392832,https://mitehuacan.mx/?ruta=zapotitlan
1,Estetica Blaestetic,estética,26,18.328433,-97.471725,https://mitehuacan.mx/?ruta=zapotitlan
1,La Onda Tattoo Servicio De Tatuajes,estética,26,18.454192,-97.392815,https://mitehuacan.mx/?ruta=zapotitlan
1,Tatuajes Wolcort Tattos,estética,26,18.453369,-97.392832,https://mitehuacan.mx/?ruta=zapotitlan
1,Centro De Belleza Lux,estética,27,18.456382,-97.392779,https://mitehuacan.mx/?ruta=zapotitlan
1,Barberia Cruz,estética,28,18.456371,-97.392784,https://mitehuacan.mx/?ruta=zapotitlan
1,Estetica Unisex Estilos,estética,29,18.328726,-97.470571,https://mitehuacan.mx/?ruta=zapotitlan
1,Spa Hanh,estética,38,18.455496,-97.393995,https://mitehuacan.mx/?ruta=zapotitlan
1,Estetica Angie Hair Glam,estética,42,18.45447,-97.394049,https://mitehuacan.mx/?ruta=zapotitlan
1,Jatzibet Showroom & Nails,estética,42,18.457965,-97.392444,https://mitehuacan.mx/?ruta=zapotitlan
1,Quee Body Spa,estética,48,18.435662,-97.402158,https://mitehuacan.mx/?ruta=zapotitlan
1,Estetica Unisex Sin Nombre,estética,63,18.457557,-97.391962,https://mitehuacan.mx/?ruta=zapotitlan
1,Estetica Sin Nombre,estética,68,18.328865,-97.46988,https://mitehuacan.mx/?ruta=zapotitlan
1,Extencion De Pestañas Ross Lashes,estética,71,18.454411,-97.391897,https://mitehuacan.mx/?ruta=zapotitlan
1,Estetica Sin Nombre,estética,72,18.430844,-97.409108,https://mitehuacan.mx/?ruta=zapotitlan
1,Estetica New Colors,estética,78,18.456573,-97.391786,https://mitehuacan.mx/?ruta=zapotitlan
1,Aplicacion De Uñas Yadis Nails,estética,79,18.457456,-97.391814,https://mitehuacan.mx/?ruta=zapotitlan
1,Estetica Mary,estética,88,18.433714,-97.404456,https://mitehuacan.mx/?ruta=zapotitlan
1,Beauty Salon,estética,96,18.455785,-97.39162,https://mitehuacan.mx/?ruta=zapotitlan
1,Studio K Servicio De Uñas Y Cejas,estética,96,18.455866,-97.391618,https://mitehuacan.mx/?ruta=zapotitlan
1,Estetica Tysharis,estética,98,18.456645,-97.391604,https://mitehuacan.mx/?ruta=zapotitlan
1,Salon De Uñas D Nails,estética,100,18.454373,-97.391621,https://mitehuacan.mx/?ruta=zapotitlan
1,Estetica Dians,estética,107,18.45783,-97.39158,https://mitehuacan.mx/?ruta=zapotitlan
1,Barber Rs,estética,112,18.453926,-97.39152,https://mitehuacan.mx/?ruta=zapotitlan
1,Estetica Sin Nombre,estética,112,18.433437,-97.404479,https://mitehuacan.mx/?ruta=zapotitlan
1,Estetica Violeta,estética,112,18.45379,-97.391518,https://mitehuacan.mx/?ruta=zapotitlan
1,Diamond Joyeria Y Tatuajes,estética,120,18.458624,-97.393269,https://mitehuacan.mx/?ruta=zapotitlan
1,Lady Barber Shop,estética,120,18.454399,-97.391433,https://mitehuacan.mx/?ruta=zapotitlan
1,Barber Shop Cruz,estética,122,18.45856,-97.394127,https://mitehuacan.mx/?ruta=zapotitlan
1,Aplicacion De Tatuajes Corazon Negro Tattoo,estética,131,18.458724,-97.393156,https://mitehuacan.mx/?ruta=zapotitlan
1,Estetica Radiance,estética,131,18.458726,-97.393203,https://mitehuacan.mx/?ruta=zapotitlan
1,Blessed Academy Escuela De Estilismo,estética,135,18.458694,-97.392,https://mitehuacan.mx/?ruta=zapotitlan
1,Aplicacion De Tatuajes Iniestra In,estética,140,18.458446,-97.391574,https://mitehuacan.mx/?ruta=zapotitlan
1,Estetica Centro De Belleza Vanity,estética,149,18.457441,-97.39115,https://mitehuacan.mx/?ruta=zapotitlan
1,Farmasia Sin Nombre,farmacia,2,18.431943,-97.408791,https://mitehuacan.mx/?ruta=zapotitlan
1,Bodega Aurrera Express Coapan,farmacia,3,18.436213,-97.402178,https://mitehuacan.mx/?ruta=zapotitlan
1,Farmacia De Apoyo Sucursal 20,farmacia,3,18.434266,-97.405039,https://mitehuacan.mx/?ruta=zapotitlan
1,Farmacias Similares,farmacia,3,18.433305,-97.406506,https://mitehuacan.mx/?ruta=zapotitlan
1,Farmacia De Apoyo,farmacia,4,18.451816,-97.394545,https://mitehuacan.mx/?ruta=zapotitlan
1,Farmacia Del Niño Doctor,farmacia,91,18.327196,-97.476001,https://mitehuacan.mx/?ruta=zapotitlan
1,Farmacia Juquilita,farmacia,106,18.328981,-97.472227,https://mitehuacan.mx/?ruta=zapotitlan
1,Super Farmacia Del Doctor Villarauz,farmacia,108,18.328279,-97.475416,https://mitehuacan.mx/?ruta=zapotitlan
1,Farmacia De Jesus,farmacia,117,18.328407,-97.475039,https://mitehuacan.mx/?ruta=zapotitlan
1,Farmacia de Apoyo,farmacia,124,18.458722,-97.392464,https://mitehuacan.mx/?ruta=zapotitlan
1,Farmacias Similares,farmacia,135,18.458694,-97.391999,https://mitehuacan.mx/?ruta=zapotitlan
1,Paraiso Fumigaciones Tehuacan,farmacia,135,18.457445,-97.391283,https://mitehuacan.mx/?ruta=zapotitlan
1,Ferreteria La Estancia,ferretería,2,18.452794,-97.39446,https://mitehuacan.mx/?ruta=zapotitlan
1,Ferreteria Cortes,ferretería,5,18.329374,-97.470186,https://mitehuacan.mx/?ruta=zapotitlan
1,Ferreteria Gomez Ollivier,ferretería,5,18.454735,-97.392515,https://mitehuacan.mx/?ruta=zapotitlan
1,Ferre King,ferretería,6,18.328453,-97.471201,https://mitehuacan.mx/?ruta=zapotitlan
1,Electrica E Iluminacion Sari,ferretería,82,18.431574,-97.407841,https://mitehuacan.mx/?ruta=zapotitlan
1,Ferreteria Ilumination,ferretería,94,18.458201,-97.394239,https://mitehuacan.mx/?ruta=zapotitlan
1,Mangueras Y Conexiones La Paz,ferretería,100,18.454228,-97.391622,https://mitehuacan.mx/?ruta=zapotitlan
1,Ferreteria Salas,ferretería,108,18.32728,-97.47617,https://mitehuacan.mx/?ruta=zapotitlan
1,Centro De Servicio,ferretería,112,18.457068,-97.391487,https://mitehuacan.mx/?ruta=zapotitlan
1,Ferremateriales,ferretería,128,18.434793,-97.402143,https://mitehuacan.mx/?ruta=zapotitlan
1,Motel Taj Majal,hotel,2,18.435473,-97.403208,https://mitehuacan.mx/?ruta=zapotitlan
1,Hotel Spring Valley,hotel,7,18.327312,-97.474474,https://mitehuacan.mx/?ruta=zapotitlan
1,Hoteles Solaris De Mexico,hotel,8,18.449036,-97.394944,https://mitehuacan.mx/?ruta=zapotitlan
1,Motel Bugambilias,hotel,30,18.427921,-97.41438,https://mitehuacan.mx/?ruta=zapotitlan
1,Hotel Libramiento,hotel,59,18.439251,-97.400268,https://mitehuacan.mx/?ruta=zapotitlan
1,Motel Zodiaco,hotel,80,18.443392,-97.398586,https://mitehuacan.mx/?ruta=zapotitlan
1,Hotel Meson Zapotitlan,hotel,85,18.32811,-97.475125,https://mitehuacan.mx/?ruta=zapotitlan
1,Motel Make Love,hotel,97,18.446084,-97.397519,https://mitehuacan.mx/?ruta=zapotitlan
1,Dicarr Inmobiliaria,inmobiliaria,4,18.443799,-97.397592,https://mitehuacan.mx/?ruta=zapotitlan
1,Residencial Bicentenario,inmobiliaria,14,18.452606,-97.394353,https://mitehuacan.mx/?ruta=zapotitlan
1,Inmobiliaria Y Construcciones La Torre Tehuacan,inmobiliaria,135,18.458694,-97.392,https://mitehuacan.mx/?ruta=zapotitlan
1,Oficina Administrativa De Plaza Ana Maria,inmobiliaria,135,18.458694,-97.392,https://mitehuacan.mx/?ruta=zapotitlan
1,Inmobiliaria Sin Nombre,inmobiliaria,143,18.458843,-97.393721,https://mitehuacan.mx/?ruta=zapotitlan
1,Talacheria Omar,llantera,1,18.434701,-97.404389,https://mitehuacan.mx/?ruta=zapotitlan
1,Vulcanizadora Rodriguez,llantera,2,18.446219,-97.396479,https://mitehuacan.mx/?ruta=zapotitlan
1,Distribuidora De Llantas Tehuacan Hankook,llantera,3,18.439289,-97.399658,https://mitehuacan.mx/?ruta=zapotitlan
1,Talacheria Santa Barbara,llantera,3,18.439791,-97.399418,https://mitehuacan.mx/?ruta=zapotitlan
1,Vulcanizadora Sr De Tejalpa,llantera,3,18.433389,-97.40638,https://mitehuacan.mx/?ruta=zapotitlan
1,Vulcanizadora Trujillo,llantera,3,18.444371,-97.397345,https://mitehuacan.mx/?ruta=zapotitlan
1,Talacheria 24 Hora,llantera,6,18.328474,-97.471176,https://mitehuacan.mx/?ruta=zapotitlan
1,Vulcanizadora Y Auto Lavado Y Engrasado 28 De Noviembre,llantera,12,18.330375,-97.46903,https://mitehuacan.mx/?ruta=zapotitlan
1,Accesorios Royma,refacciones,2,18.435651,-97.402942,https://mitehuacan.mx/?ruta=zapotitlan
1,Aceites Y Lubricantes,refacciones,2,18.432065,-97.408607,https://mitehuacan.mx/?ruta=zapotitlan
1,Bocinas Para Autos Sin Nombre,refacciones,2,18.43206,-97.408614,https://mitehuacan.mx/?ruta=zapotitlan
1,Santillantas,refacciones,2,18.43557,-97.403063,https://mitehuacan.mx/?ruta=zapotitlan
1,Alma Automotriz,refacciones,3,18.445888,-97.396639,https://mitehuacan.mx/?ruta=zapotitlan
1,Refaccionaria Hernandez,refacciones,4,18.454431,-97.394412,https://mitehuacan.mx/?ruta=zapotitlan
1,Refaccionaria Santo Domingo,refacciones,4,18.440736,-97.398983,https://mitehuacan.mx/?ruta=zapotitlan
1,Refaccionaria Ald Refacciones,refacciones,6,18.448416,-97.395528,https://mitehuacan.mx/?ruta=zapotitlan
1,Refaccionaria San Martin,refacciones,7,18.327337,-97.474149,https://mitehuacan.mx/?ruta=zapotitlan
1,Baleros Y Refacciones Fermar,refacciones,9,18.455459,-97.394271,https://mitehuacan.mx/?ruta=zapotitlan
1,Auto Partes Olguin,refacciones,10,18.456318,-97.394245,https://mitehuacan.mx/?ruta=zapotitlan
1,Transmisiones Automaticas Y Direcciones Hidrahulicas Espinos,refacciones,13,18.435893,-97.402398,https://mitehuacan.mx/?ruta=zapotitlan
1,Refacciones Y Servicio Electrico Boher,refacciones,20,18.442021,-97.398556,https://mitehuacan.mx/?ruta=zapotitlan
1,Proveedora Disesel Tehuacan,refacciones,37,18.439565,-97.399881,https://mitehuacan.mx/?ruta=zapotitlan
1,Corporativo Grupo Amaro,refacciones,75,18.455327,-97.39183,https://mitehuacan.mx/?ruta=zapotitlan
1,Oficina Grupo Refaccionaria Dinamica De Tehuacan,refacciones,75,18.455333,-97.391834,https://mitehuacan.mx/?ruta=zapotitlan
1,Bodega Del Transportista,refacciones,100,18.454566,-97.391619,https://mitehuacan.mx/?ruta=zapotitlan
1,Casa Matriz,refacciones,110,18.454786,-97.391513,https://mitehuacan.mx/?ruta=zapotitlan
1,Servicio Electrico Y Automotriz Y Refacciones La 7 Poniente,refacciones,136,18.456657,-97.395616,https://mitehuacan.mx/?ruta=zapotitlan
1,Bodega Central Refaccionaria Dinamica De Tehuacan,refacciones,145,18.452421,-97.395861,https://mitehuacan.mx/?ruta=zapotitlan
1,Bodega Grupo Amaro,refacciones,145,18.452411,-97.395861,https://mitehuacan.mx/?ruta=zapotitlan
1,Antojitos Tradicionales La Coapeña,restaurante,0,18.327593,-97.473081,https://mitehuacan.mx/?ruta=zapotitlan
1,Preparacion De Antojitos Sin Nombre,restaurante,0,18.435029,-97.404095,https://mitehuacan.mx/?ruta=zapotitlan
1,Venta De Antojitos La Dueña,restaurante,0,18.434878,-97.404325,https://mitehuacan.mx/?ruta=zapotitlan
1,Antojitos Sin Nombre,restaurante,1,18.432321,-97.408217,https://mitehuacan.mx/?ruta=zapotitlan
1,Carnitas Santa Anita,restaurante,1,18.432441,-97.408032,https://mitehuacan.mx/?ruta=zapotitlan
1,El Rincon De Los Antojos,restaurante,1,18.454983,-97.394391,https://mitehuacan.mx/?ruta=zapotitlan
1,Comedor De Doña Ely,restaurante,2,18.432805,-97.407498,https://mitehuacan.mx/?ruta=zapotitlan
1,Comedor Sanchez,restaurante,2,18.435707,-97.402858,https://mitehuacan.mx/?ruta=zapotitlan
1,Dely Johns,restaurante,2,18.431899,-97.408858,https://mitehuacan.mx/?ruta=zapotitlan
1,El Jacalito De La Coapeñita,restaurante,2,18.454793,-97.394398,https://mitehuacan.mx/?ruta=zapotitlan
1,La Estacion Del Sabor,restaurante,2,18.431836,-97.408953,https://mitehuacan.mx/?ruta=zapotitlan
1,La Quinta Avenida,restaurante,2,18.32737,-97.474896,https://mitehuacan.mx/?ruta=zapotitlan
1,Pollos Asados Coapan,restaurante,2,18.435799,-97.40272,https://mitehuacan.mx/?ruta=zapotitlan
1,Restauran Bar La Grangita,restaurante,2,18.454793,-97.394398,https://mitehuacan.mx/?ruta=zapotitlan
1,Restaurant Zapotitlan,restaurante,2,18.327772,-97.472571,https://mitehuacan.mx/?ruta=zapotitlan
1,Taqueria Sin Nombre,restaurante,2,18.327393,-97.474602,https://mitehuacan.mx/?ruta=zapotitlan
1,Tortas Adris,restaurante,2,18.455824,-97.394365,https://mitehuacan.mx/?ruta=zapotitlan
1,Vent De Carnitas El Conejo,restaurante,2,18.432993,-97.407187,https://mitehuacan.mx/?ruta=zapotitlan
1,Venta De Tacos De Canasta Sin Nombre,restaurante,2,18.434093,-97.405309,https://mitehuacan.mx/?ruta=zapotitlan
1,Almuerzos Y Comidas La Guerita,restaurante,3,18.43052,-97.41096,https://mitehuacan.mx/?ruta=zapotitlan
1,Comedor Economico El Buen Sazon,restaurante,3,18.430578,-97.410871,https://mitehuacan.mx/?ruta=zapotitlan
1,Restahurante El Paraiso,restaurante,3,18.431605,-97.409296,https://mitehuacan.mx/?ruta=zapotitlan
1,Taqueria El Conde,restaurante,3,18.433792,-97.405766,https://mitehuacan.mx/?ruta=zapotitlan
1,Taqueria Katy,restaurante,3,18.43078,-97.410563,https://mitehuacan.mx/?ruta=zapotitlan
1,Taqueria Los Arcos,restaurante,3,18.327414,-97.474336,https://mitehuacan.mx/?ruta=zapotitlan
1,Taqueria Mixe,restaurante,3,18.433057,-97.407083,https://mitehuacan.mx/?ruta=zapotitlan
1,Venta De Tacos De Canasta,restaurante,3,18.433741,-97.405844,https://mitehuacan.mx/?ruta=zapotitlan
1,Antojitos Mexicanos,restaurante,4,18.431307,-97.409739,https://mitehuacan.mx/?ruta=zapotitlan
1,Carnitas De Altepexi El Cerdito Gigante,restaurante,4,18.432512,-97.407716,https://mitehuacan.mx/?ruta=zapotitlan
1,El Pollo Bronco,restaurante,4,18.432876,-97.407154,https://mitehuacan.mx/?ruta=zapotitlan
1,Restaurante Camino Real,restaurante,4,18.445542,-97.396806,https://mitehuacan.mx/?ruta=zapotitlan
1,Tacos Taco Keto,restaurante,4,18.453731,-97.392542,https://mitehuacan.mx/?ruta=zapotitlan
1,Venta De Antojitos Mexicanos Sin Nombre,restaurante,4,18.328451,-97.471346,https://mitehuacan.mx/?ruta=zapotitlan
1,Antojitos Doña Chabe,restaurante,5,18.457488,-97.39315,https://mitehuacan.mx/?ruta=zapotitlan
1,La Torteria Tehuacan,restaurante,5,18.455269,-97.392499,https://mitehuacan.mx/?ruta=zapotitlan
1,Pizzas New York,restaurante,6,18.456431,-97.392468,https://mitehuacan.mx/?ruta=zapotitlan
1,Taqueria Claudia,restaurante,6,18.328368,-97.471301,https://mitehuacan.mx/?ruta=zapotitlan
1,Tortas Marte,restaurante,6,18.328419,-97.471241,https://mitehuacan.mx/?ruta=zapotitlan
1,Burritos Norteños,restaurante,7,18.437189,-97.400629,https://mitehuacan.mx/?ruta=zapotitlan
1,Fonda Carrillo,restaurante,7,18.327331,-97.474235,https://mitehuacan.mx/?ruta=zapotitlan
1,Antojitos Mexicanos La Ley De Erodes,restaurante,8,18.327289,-97.474767,https://mitehuacan.mx/?ruta=zapotitlan
1,Carnitas Tacota,restaurante,8,18.330654,-97.46878,https://mitehuacan.mx/?ruta=zapotitlan
1,Cosina Economica La Cabaña,restaurante,8,18.331916,-97.467402,https://mitehuacan.mx/?ruta=zapotitlan
1,Taqueria Zapotitla,restaurante,8,18.327301,-97.474624,https://mitehuacan.mx/?ruta=zapotitlan
1,Carnitas Fassby,restaurante,9,18.327344,-97.475239,https://mitehuacan.mx/?ruta=zapotitlan
1,Cocina Economica Mareoyed,restaurante,9,18.327442,-97.47334,https://mitehuacan.mx/?ruta=zapotitlan
1,Antojitos Doña Mode,restaurante,10,18.430736,-97.410299,https://mitehuacan.mx/?ruta=zapotitlan
1,El Rey De La Vida,restaurante,10,18.456558,-97.393656,https://mitehuacan.mx/?ruta=zapotitlan
1,Elaboracion De Tacos De Canasta,restaurante,10,18.432957,-97.407454,https://mitehuacan.mx/?ruta=zapotitlan
1,Cocina Casual Jacinta,restaurante,11,18.455079,-97.394283,https://mitehuacan.mx/?ruta=zapotitlan
1,Barbacoa Las Delicias,restaurante,13,18.429318,-97.412434,https://mitehuacan.mx/?ruta=zapotitlan
1,El Pariente Birrieria Estilo Tijuana,restaurante,13,18.45772,-97.392733,https://mitehuacan.mx/?ruta=zapotitlan
1,Gourmet Doña Leonor,restaurante,17,18.456663,-97.393567,https://mitehuacan.mx/?ruta=zapotitlan
1,Cocina Economica Lunita,restaurante,18,18.434352,-97.405406,https://mitehuacan.mx/?ruta=zapotitlan
1,Torteria Pika Riko,restaurante,19,18.457286,-97.39274,https://mitehuacan.mx/?ruta=zapotitlan
1,Pizzas Angelotti,restaurante,20,18.457784,-97.392732,https://mitehuacan.mx/?ruta=zapotitlan
1,Wajil Restaurante,restaurante,22,18.457766,-97.392448,https://mitehuacan.mx/?ruta=zapotitlan
1,Tacos De Birria Sin Nombre,restaurante,23,18.430263,-97.410796,https://mitehuacan.mx/?ruta=zapotitlan
1,Torteria Delicias,restaurante,25,18.455884,-97.392771,https://mitehuacan.mx/?ruta=zapotitlan
1,Elaboracion De Tacos De Canasta Sin Nombre,restaurante,28,18.434012,-97.404998,https://mitehuacan.mx/?ruta=zapotitlan
1,Elaboracion De Tacos Sin Nombre,restaurante,29,18.434213,-97.404673,https://mitehuacan.mx/?ruta=zapotitlan
1,Venta De Tacos Sin Nombre,restaurante,30,18.430277,-97.410662,https://mitehuacan.mx/?ruta=zapotitlan
1,Venta De Tacos Sin Nombre,restaurante,30,18.43396,-97.405048,https://mitehuacan.mx/?ruta=zapotitlan
1,Cocina Economica Tlayoyos Zacapoaxtla,restaurante,31,18.434371,-97.405605,https://mitehuacan.mx/?ruta=zapotitlan
1,Restaurante La Xhula,restaurante,31,18.452749,-97.39477,https://mitehuacan.mx/?ruta=zapotitlan
1,Loncheria Sin Nombre,restaurante,33,18.439561,-97.399834,https://mitehuacan.mx/?ruta=zapotitlan
1,Elaboracionde Tacos De Canasta Sin Nombre,restaurante,40,18.433819,-97.405094,https://mitehuacan.mx/?ruta=zapotitlan
1,Tacos Y Tortas La Alameda,restaurante,41,18.456528,-97.392917,https://mitehuacan.mx/?ruta=zapotitlan
1,Cocina Economica Estelita,restaurante,42,18.454417,-97.392163,https://mitehuacan.mx/?ruta=zapotitlan
1,Restaurante El Porton De Ruzze,restaurante,42,18.453425,-97.392983,https://mitehuacan.mx/?ruta=zapotitlan
1,Venta De Comida Sin Nombre,restaurante,44,18.453525,-97.392999,https://mitehuacan.mx/?ruta=zapotitlan
1,Elaboracion De Antojitos Sin Nombre,restaurante,45,18.433259,-97.407575,https://mitehuacan.mx/?ruta=zapotitlan
1,Venta De Tacos Sin Nombre,restaurante,46,18.433999,-97.404714,https://mitehuacan.mx/?ruta=zapotitlan
1,Venta De Tacos Y Tostadas,restaurante,46,18.433999,-97.404714,https://mitehuacan.mx/?ruta=zapotitlan
1,Birrieria Los Gueros,restaurante,47,18.457972,-97.393572,https://mitehuacan.mx/?ruta=zapotitlan
1,Cocina San Rafael,restaurante,48,18.45561,-97.394807,https://mitehuacan.mx/?ruta=zapotitlan
1,Venta De Comida Para Llevar,restaurante,48,18.452067,-97.394958,https://mitehuacan.mx/?ruta=zapotitlan
1,Restaurantes Que Preparan Otro Tipo De Alimentos Para Llevar,restaurante,49,18.330974,-97.469204,https://mitehuacan.mx/?ruta=zapotitlan
1,Cocina Economica Flores,restaurante,52,18.45746,-97.39207,https://mitehuacan.mx/?ruta=zapotitlan
1,Cocina Economica Tierra Madre,restaurante,53,18.455891,-97.392033,https://mitehuacan.mx/?ruta=zapotitlan
1,Restaurante Bar Mr Pancho,restaurante,53,18.434342,-97.406032,https://mitehuacan.mx/?ruta=zapotitlan
1,Elaboracion De Tacos Sin Nombre,restaurante,58,18.431923,-97.407713,https://mitehuacan.mx/?ruta=zapotitlan
1,Venta De Comida Happy Tummy,restaurante,59,18.434457,-97.405953,https://mitehuacan.mx/?ruta=zapotitlan
1,Rosticeria Pollo Mix,restaurante,60,18.457558,-97.39199,https://mitehuacan.mx/?ruta=zapotitlan
1,Venta De Antojitos Mexicanos Doña Juanita,restaurante,62,18.327305,-97.475732,https://mitehuacan.mx/?ruta=zapotitlan
1,Venta De Tortas,restaurante,62,18.455525,-97.394943,https://mitehuacan.mx/?ruta=zapotitlan
1,Cocina Economica Doña Mau,restaurante,64,18.439666,-97.400105,https://mitehuacan.mx/?ruta=zapotitlan
1,Taqueria Zaragoza 3,restaurante,66,18.45658,-97.3919,https://mitehuacan.mx/?ruta=zapotitlan
1,Club De Empresarios De Tehuacan,restaurante,68,18.450989,-97.392858,https://mitehuacan.mx/?ruta=zapotitlan
1,Rosticeria Sin Nombre,restaurante,68,18.327301,-97.47579,https://mitehuacan.mx/?ruta=zapotitlan
1,Tacos Don Cosme,restaurante,68,18.45647,-97.391875,https://mitehuacan.mx/?ruta=zapotitlan
1,Elaboracion De Antojitos,restaurante,73,18.430843,-97.409099,https://mitehuacan.mx/?ruta=zapotitlan
1,Elaboracion De Antojitos Sin Nombre,restaurante,73,18.430843,-97.409099,https://mitehuacan.mx/?ruta=zapotitlan
1,Venta De Tacos Sin Nombre,restaurante,73,18.429895,-97.410528,https://mitehuacan.mx/?ruta=zapotitlan
1,Cocina Economica Sin Nombre,restaurante,74,18.45445,-97.393262,https://mitehuacan.mx/?ruta=zapotitlan
1,La Ham Cowboy Truca Hamburguesas,restaurante,76,18.452682,-97.391889,https://mitehuacan.mx/?ruta=zapotitlan
1,Venta De Tacos De Canasta Sin Nombre,restaurante,76,18.432668,-97.406264,https://mitehuacan.mx/?ruta=zapotitlan
1,Venta De Tacos De Canasta Tellez,restaurante,77,18.43265,-97.406264,https://mitehuacan.mx/?ruta=zapotitlan
1,Lico Lico Villa Asiatica,restaurante,79,18.458257,-97.393389,https://mitehuacan.mx/?ruta=zapotitlan
1,Antojitos Mexicanos,restaurante,80,18.330482,-97.467985,https://mitehuacan.mx/?ruta=zapotitlan
1,Taqueria Felix,restaurante,80,18.455992,-97.393359,https://mitehuacan.mx/?ruta=zapotitlan
1,Restaurante Carnitas Coapan,restaurante,81,18.43491,-97.405605,https://mitehuacan.mx/?ruta=zapotitlan
1,La Cochineria,restaurante,82,18.458345,-97.392722,https://mitehuacan.mx/?ruta=zapotitlan
1,Elaboracion De Tacos De Canasta,restaurante,83,18.432595,-97.406261,https://mitehuacan.mx/?ruta=zapotitlan
1,Salento Cosina Economica,restaurante,88,18.454589,-97.395269,https://mitehuacan.mx/?ruta=zapotitlan
1,Desayunador Brunch,restaurante,92,18.455679,-97.393474,https://mitehuacan.mx/?ruta=zapotitlan
1,Restaurant Los Prismas,restaurante,93,18.328273,-97.473956,https://mitehuacan.mx/?ruta=zapotitlan
1,Cocina Economica El Buen Sazon 2,restaurante,95,18.454974,-97.393499,https://mitehuacan.mx/?ruta=zapotitlan
1,Elaboracion De Tortillas,restaurante,98,18.454051,-97.393533,https://mitehuacan.mx/?ruta=zapotitlan
1,Venta De Comida Sin Nombre,restaurante,100,18.429253,-97.411088,https://mitehuacan.mx/?ruta=zapotitlan
1,Cocina Economica El Comedor De Lupita,restaurante,103,18.457595,-97.391585,https://mitehuacan.mx/?ruta=zapotitlan
1,Cocina Economica La Cocina De Ely,restaurante,103,18.457287,-97.39159,https://mitehuacan.mx/?ruta=zapotitlan
1,Cocina Economica Sin Nombre,restaurante,103,18.45837,-97.394129,https://mitehuacan.mx/?ruta=zapotitlan
1,Elaboracion De Antojitos Sin Nombre,restaurante,105,18.431943,-97.406887,https://mitehuacan.mx/?ruta=zapotitlan
1,Venta De Atole Y Tamales,restaurante,107,18.431863,-97.406973,https://mitehuacan.mx/?ruta=zapotitlan
1,Restaurante Ken Gourmet Japones,restaurante,109,18.458525,-97.393273,https://mitehuacan.mx/?ruta=zapotitlan
1,Restaurante Ambar,restaurante,110,18.327189,-97.476182,https://mitehuacan.mx/?ruta=zapotitlan
1,El Retoño De La Flor De Abril,restaurante,112,18.43508,-97.401976,https://mitehuacan.mx/?ruta=zapotitlan
1,Venta De Pollo Asado Sin Nombre,restaurante,115,18.327277,-97.476236,https://mitehuacan.mx/?ruta=zapotitlan
1,Venta De Tacos De Cabeza Sin Nombre,restaurante,116,18.457754,-97.391477,https://mitehuacan.mx/?ruta=zapotitlan
1,Cocina Economica El Buen Sabor,restaurante,117,18.456757,-97.395433,https://mitehuacan.mx/?ruta=zapotitlan
1,Venta De Carnitas El Calvario,restaurante,124,18.453487,-97.391416,https://mitehuacan.mx/?ruta=zapotitlan
1,Venta De Tacos Porky,restaurante,124,18.456547,-97.391351,https://mitehuacan.mx/?ruta=zapotitlan
1,Comida Casera El Sazon De La Abuelita,restaurante,129,18.458292,-97.391574,https://mitehuacan.mx/?ruta=zapotitlan
1,Cocina Economica,restaurante,130,18.439725,-97.400777,https://mitehuacan.mx/?ruta=zapotitlan
1,Venta De Antogitos Bisabor,restaurante,133,18.327881,-97.476279,https://mitehuacan.mx/?ruta=zapotitlan
1,Cocina Economica La Incondicional Del Sabor,restaurante,135,18.458694,-97.392,https://mitehuacan.mx/?ruta=zapotitlan
1,Pizzas Yankees,restaurante,135,18.458694,-97.392,https://mitehuacan.mx/?ruta=zapotitlan
1,Pizzeria Yankees,restaurante,135,18.458694,-97.392,https://mitehuacan.mx/?ruta=zapotitlan
1,Cocina Economica Dulce,restaurante,137,18.456766,-97.395622,https://mitehuacan.mx/?ruta=zapotitlan
1,Rosticeria Pollo Fiesta,restaurante,142,18.458879,-97.392404,https://mitehuacan.mx/?ruta=zapotitlan
1,Restaurante Juliancito,restaurante,146,18.327175,-97.476523,https://mitehuacan.mx/?ruta=zapotitlan
1,Elaboracion De Comida,súper,0,18.457603,-97.392735,https://mitehuacan.mx/?ruta=zapotitlan
1,Comida Rapida Las Alitas,súper,11,18.456725,-97.394219,https://mitehuacan.mx/?ruta=zapotitlan
1,Bodega Aurrera,súper,32,18.450758,-97.394885,https://mitehuacan.mx/?ruta=zapotitlan
1,Bodega Aurrera Reforma Sur 2066,súper,46,18.451273,-97.394978,https://mitehuacan.mx/?ruta=zapotitlan
1,La Pagoda Servicio De Comida Para Llevar,súper,131,18.458724,-97.393156,https://mitehuacan.mx/?ruta=zapotitlan
1,Mecanica Integral De Tehuacan,taller,1,18.42924,-97.412919,https://mitehuacan.mx/?ruta=zapotitlan
1,Taller De Hojalateria Y Pintura Barragan,taller,1,18.329911,-97.469703,https://mitehuacan.mx/?ruta=zapotitlan
1,Reparacion De Ropa Sin Nombre,taller,3,18.43344,-97.406302,https://mitehuacan.mx/?ruta=zapotitlan
1,Taller Mecanico America,taller,3,18.443272,-97.397837,https://mitehuacan.mx/?ruta=zapotitlan
1,Taller Mecanico Angel,taller,3,18.431489,-97.409468,https://mitehuacan.mx/?ruta=zapotitlan
1,Club De Nutricion Sin Nombre,taller,4,18.431916,-97.408619,https://mitehuacan.mx/?ruta=zapotitlan
1,Taller Electrico Automotriz Bosh,taller,4,18.443799,-97.397592,https://mitehuacan.mx/?ruta=zapotitlan
1,Taller Mecanico Rodriguez,taller,4,18.431308,-97.409538,https://mitehuacan.mx/?ruta=zapotitlan
1,Taller Mecanico Sixto,taller,4,18.45384,-97.392541,https://mitehuacan.mx/?ruta=zapotitlan
1,Taller Mecanico El Che,taller,7,18.327342,-97.474092,https://mitehuacan.mx/?ruta=zapotitlan
1,Servicio Mecanico Guevara,taller,8,18.4373,-97.40049,https://mitehuacan.mx/?ruta=zapotitlan
1,Embobinados Tecnicos,taller,9,18.45583,-97.39426,https://mitehuacan.mx/?ruta=zapotitlan
1,Transmisiones Y Direcciones Cortes,taller,10,18.43063,-97.410453,https://mitehuacan.mx/?ruta=zapotitlan
1,Multiservicios Y Llantas,taller,11,18.430456,-97.410704,https://mitehuacan.mx/?ruta=zapotitlan
1,Satreria Tony,taller,11,18.457641,-97.393691,https://mitehuacan.mx/?ruta=zapotitlan
1,Churreria Lisfer,taller,12,18.453406,-97.392472,https://mitehuacan.mx/?ruta=zapotitlan
1,Servicio Automotriz Sin Nombre,taller,35,18.432858,-97.408009,https://mitehuacan.mx/?ruta=zapotitlan
1,Audio Y Alarmas,taller,36,18.456723,-97.394656,https://mitehuacan.mx/?ruta=zapotitlan
1,Metal Mecanica Y Construcciones,taller,38,18.430723,-97.409842,https://mitehuacan.mx/?ruta=zapotitlan
1,Taller Mecanico Don Beto,taller,38,18.439122,-97.400109,https://mitehuacan.mx/?ruta=zapotitlan
1,Venta De Tamales Sin Nombre,taller,38,18.327323,-97.475505,https://mitehuacan.mx/?ruta=zapotitlan
1,Fat Bastard,taller,42,18.457965,-97.392444,https://mitehuacan.mx/?ruta=zapotitlan
1,Taller De Torno,taller,44,18.457026,-97.394307,https://mitehuacan.mx/?ruta=zapotitlan
1,Crepas Miel,taller,46,18.455971,-97.392964,https://mitehuacan.mx/?ruta=zapotitlan
1,Servicio Gamo,taller,48,18.455947,-97.392078,https://mitehuacan.mx/?ruta=zapotitlan
1,Taller De Servicio De Carros Pesados Estacionamiento Y Lavad,taller,49,18.441074,-97.399293,https://mitehuacan.mx/?ruta=zapotitlan
1,Composturas De Maquinas De Coser Sin Nombre,taller,50,18.455584,-97.393878,https://mitehuacan.mx/?ruta=zapotitlan
1,Botanas Mezcladito,taller,53,18.457565,-97.394161,https://mitehuacan.mx/?ruta=zapotitlan
1,Reparacion De Maquinas Sin Nombre,taller,53,18.457601,-97.394159,https://mitehuacan.mx/?ruta=zapotitlan
1,Taller Mecanico Sin Nombre,taller,55,18.455138,-97.393862,https://mitehuacan.mx/?ruta=zapotitlan
1,Desayunos Doña Chabe,taller,60,18.327217,-97.475707,https://mitehuacan.mx/?ruta=zapotitlan
1,Servicio De Composturas Aneth,taller,62,18.433122,-97.408065,https://mitehuacan.mx/?ruta=zapotitlan
1,Servicios Mecanicos Textiles,taller,62,18.457189,-97.394295,https://mitehuacan.mx/?ruta=zapotitlan
1,Taller Mecanico,taller,62,18.442066,-97.398972,https://mitehuacan.mx/?ruta=zapotitlan
1,Taller Mecanico Reforma,taller,64,18.457342,-97.394285,https://mitehuacan.mx/?ruta=zapotitlan
1,Taller Mecanico,taller,68,18.328865,-97.46988,https://mitehuacan.mx/?ruta=zapotitlan
1,Taller Mecanico Huerta,taller,69,18.443853,-97.398238,https://mitehuacan.mx/?ruta=zapotitlan
1,Jarcieria Elaboracion De Sombreros Sin Nombre,taller,73,18.446537,-97.397076,https://mitehuacan.mx/?ruta=zapotitlan
1,Servicio Mecanico Castilla,taller,80,18.454401,-97.395208,https://mitehuacan.mx/?ruta=zapotitlan
1,Taller De Reparacion De Motores Sin Nombre,taller,92,18.439691,-97.400389,https://mitehuacan.mx/?ruta=zapotitlan
1,Taller Electrico Automotriz Rodriguez,taller,92,18.435436,-97.401766,https://mitehuacan.mx/?ruta=zapotitlan
1,Servicios De Preparación De Otros Alimentos Para Consumo Inm,taller,96,18.330415,-97.467844,https://mitehuacan.mx/?ruta=zapotitlan
1,Venta De Elotes Y Esquites El Calvario,taller,102,18.453278,-97.391623,https://mitehuacan.mx/?ruta=zapotitlan
1,Venta De Postres Sin Nombre,taller,103,18.453205,-97.391622,https://mitehuacan.mx/?ruta=zapotitlan
1,Gm Embobinados,taller,109,18.456687,-97.391498,https://mitehuacan.mx/?ruta=zapotitlan
1,Taller De Hojalateria Servicio Santiago,taller,109,18.43207,-97.40662,https://mitehuacan.mx/?ruta=zapotitlan
1,Taller De Reparacion De Autos,taller,109,18.458528,-97.393377,https://mitehuacan.mx/?ruta=zapotitlan
1,Antojitos Mexicanos Y Reposteria,taller,113,18.328986,-97.47235,https://mitehuacan.mx/?ruta=zapotitlan
1,Reparacion Y Mantenimiento De Maquinas De Cocer,taller,113,18.457166,-97.391485,https://mitehuacan.mx/?ruta=zapotitlan
1,Taller Mecanico Transmisiones Automaticas Ezpinoza,taller,116,18.429932,-97.413821,https://mitehuacan.mx/?ruta=zapotitlan
1,Servicio De Electrodomesticos Sin Nombre,taller,133,18.326623,-97.476162,https://mitehuacan.mx/?ruta=zapotitlan
1,Disan Veterinarias,veterinaria,2,18.435728,-97.402826,https://mitehuacan.mx/?ruta=zapotitlan
1,Veterinaria Jimenez,veterinaria,3,18.433155,-97.406933,https://mitehuacan.mx/?ruta=zapotitlan
1,Clinica Veterinaria Vet Scan,veterinaria,4,18.453912,-97.392539,https://mitehuacan.mx/?ruta=zapotitlan
1,Forraje Campo Abierto,veterinaria,4,18.328553,-97.471226,https://mitehuacan.mx/?ruta=zapotitlan
1,Nutrigallos,veterinaria,4,18.432498,-97.407738,https://mitehuacan.mx/?ruta=zapotitlan
1,Centro Veterinario Doctora Nelly,veterinaria,7,18.456683,-97.393965,https://mitehuacan.mx/?ruta=zapotitlan
1,Tienda De Accesorios Para Mascotas,veterinaria,114,18.457248,-97.391484,https://mitehuacan.mx/?ruta=zapotitlan
2,Miscelanea Lupita,abarrotes,0,18.434047,-97.405576,https://mitehuacan.mx/?ruta=zapotitlan
2,Tienda De Abarrotes,abarrotes,0,18.327613,-97.473012,https://mitehuacan.mx/?ruta=zapotitlan
2,Miscelanea Bugambilias,abarrotes,1,18.432697,-97.40766,https://mitehuacan.mx/?ruta=zapotitlan
2,Miscelanea Sin Nombre,abarrotes,1,18.434885,-97.40411,https://mitehuacan.mx/?ruta=zapotitlan
2,Tendajon Casa Juarez,abarrotes,2,18.455724,-97.394368,https://mitehuacan.mx/?ruta=zapotitlan
2,Tienda De Abarrotes Fer-Mar,abarrotes,2,18.327367,-97.474935,https://mitehuacan.mx/?ruta=zapotitlan
2,Tienda De Abarrotes Kei-Marc,abarrotes,2,18.327379,-97.474782,https://mitehuacan.mx/?ruta=zapotitlan
2,Tienda De Abarrotes Sin Nombre,abarrotes,2,18.434194,-97.405158,https://mitehuacan.mx/?ruta=zapotitlan
2,Deposito El Paraiso,abarrotes,3,18.431392,-97.409612,https://mitehuacan.mx/?ruta=zapotitlan
2,Minimarket Mariel,abarrotes,3,18.431515,-97.409429,https://mitehuacan.mx/?ruta=zapotitlan
2,Miscelanea El Paso Del Viajero,abarrotes,3,18.431627,-97.409263,https://mitehuacan.mx/?ruta=zapotitlan
2,Miscelanea Kati,abarrotes,3,18.430755,-97.410602,https://mitehuacan.mx/?ruta=zapotitlan
2,Miscelanea Los Kikos,abarrotes,3,18.433891,-97.405614,https://mitehuacan.mx/?ruta=zapotitlan
2,Miscelanea Michelle,abarrotes,3,18.433587,-97.406079,https://mitehuacan.mx/?ruta=zapotitlan
2,Tienda De Abarrotes La Ruta,abarrotes,3,18.327404,-97.474459,https://mitehuacan.mx/?ruta=zapotitlan
2,Abarrotes 7 24,abarrotes,4,18.328239,-97.471662,https://mitehuacan.mx/?ruta=zapotitlan
2,Cortes Enterprise 3,abarrotes,5,18.328081,-97.471745,https://mitehuacan.mx/?ruta=zapotitlan
2,Deposito Cervantes Id,abarrotes,5,18.328773,-97.470835,https://mitehuacan.mx/?ruta=zapotitlan
2,Miscelanea Pacheco,abarrotes,6,18.328504,-97.471141,https://mitehuacan.mx/?ruta=zapotitlan
2,Tienda De Abarrotes Sin Nombre,abarrotes,6,18.457591,-97.393042,https://mitehuacan.mx/?ruta=zapotitlan
2,Miscelanea Dominguez,abarrotes,7,18.327317,-97.474415,https://mitehuacan.mx/?ruta=zapotitlan
2,Miscelanea Las Margaritas,abarrotes,8,18.330722,-97.468709,https://mitehuacan.mx/?ruta=zapotitlan
2,Miscelanea Natanael,abarrotes,8,18.330546,-97.468894,https://mitehuacan.mx/?ruta=zapotitlan
2,Miscelanea Ade,abarrotes,10,18.432925,-97.406972,https://mitehuacan.mx/?ruta=zapotitlan
2,Miscelanea Guadalupana,abarrotes,10,18.433014,-97.407367,https://mitehuacan.mx/?ruta=zapotitlan
2,Miscelanea Los Tres Victoria,abarrotes,10,18.332538,-97.466699,https://mitehuacan.mx/?ruta=zapotitlan
2,Miscelanea Baños Rojos,abarrotes,11,18.453506,-97.392487,https://mitehuacan.mx/?ruta=zapotitlan
2,Miscelanea La Interoceanica,abarrotes,12,18.327254,-97.475222,https://mitehuacan.mx/?ruta=zapotitlan
2,Tienda De Abarrotes Mary,abarrotes,13,18.456557,-97.393627,https://mitehuacan.mx/?ruta=zapotitlan
2,Tienda De Abarrotes Sin Nombre,abarrotes,14,18.328864,-97.470999,https://mitehuacan.mx/?ruta=zapotitlan
2,Tienda De Abarrotes Perlita Reforma,abarrotes,15,18.454455,-97.394306,https://mitehuacan.mx/?ruta=zapotitlan
2,Miscelanea Providencia,abarrotes,22,18.43963,-97.399689,https://mitehuacan.mx/?ruta=zapotitlan
2,Miscelanea El Antojo,abarrotes,25,18.456038,-97.392768,https://mitehuacan.mx/?ruta=zapotitlan
2,Miscelanea Levy,abarrotes,25,18.452618,-97.392844,https://mitehuacan.mx/?ruta=zapotitlan
2,Miscelanea Santo Domingo,abarrotes,27,18.439556,-97.399777,https://mitehuacan.mx/?ruta=zapotitlan
2,Miscelanea Sin Nombre,abarrotes,31,18.433061,-97.407659,https://mitehuacan.mx/?ruta=zapotitlan
2,Miscelanea El Guero,abarrotes,42,18.457965,-97.392444,https://mitehuacan.mx/?ruta=zapotitlan
2,Tienda De Abarrotes Y Semillas Rebes,abarrotes,43,18.327319,-97.475552,https://mitehuacan.mx/?ruta=zapotitlan
2,Miscelanea Soriano,abarrotes,48,18.430887,-97.40943,https://mitehuacan.mx/?ruta=zapotitlan
2,Miscelanea Torres,abarrotes,49,18.453527,-97.393046,https://mitehuacan.mx/?ruta=zapotitlan
2,Tienda Sin Nombre,abarrotes,53,18.45548,-97.393047,https://mitehuacan.mx/?ruta=zapotitlan
2,Miscelanea Cortes,abarrotes,55,18.455599,-97.39383,https://mitehuacan.mx/?ruta=zapotitlan
2,Miscelanea Ramy,abarrotes,57,18.456096,-97.393801,https://mitehuacan.mx/?ruta=zapotitlan
2,Tienda Cortes Enterpris,abarrotes,59,18.327307,-97.475704,https://mitehuacan.mx/?ruta=zapotitlan
2,Mini Super Guadalupe,abarrotes,62,18.328353,-97.470515,https://mitehuacan.mx/?ruta=zapotitlan
2,Miscelanea Marcos,abarrotes,62,18.433863,-97.404661,https://mitehuacan.mx/?ruta=zapotitlan
2,Miscelanea Jenny,abarrotes,68,18.328865,-97.46988,https://mitehuacan.mx/?ruta=zapotitlan
2,Miscelanea Sin Nombre,abarrotes,71,18.439595,-97.400222,https://mitehuacan.mx/?ruta=zapotitlan
2,Miscelanea Sin Michel,abarrotes,72,18.330131,-97.470413,https://mitehuacan.mx/?ruta=zapotitlan
2,Miscelanea Pati,abarrotes,73,18.430841,-97.40909,https://mitehuacan.mx/?ruta=zapotitlan
2,Miscelanea Luna,abarrotes,76,18.453333,-97.395201,https://mitehuacan.mx/?ruta=zapotitlan
2,Miscelanea San Martin Caballero,abarrotes,76,18.45455,-97.393287,https://mitehuacan.mx/?ruta=zapotitlan
2,Miscelanea La Ruta,abarrotes,79,18.327203,-97.475888,https://mitehuacan.mx/?ruta=zapotitlan
2,Miscelanea Sin Nombre,abarrotes,79,18.43161,-97.407828,https://mitehuacan.mx/?ruta=zapotitlan
2,Miscelanea Sin Nombre,abarrotes,80,18.330482,-97.467985,https://mitehuacan.mx/?ruta=zapotitlan
2,Miscelanea Sin Nombre,abarrotes,82,18.434119,-97.406879,https://mitehuacan.mx/?ruta=zapotitlan
2,Miscelanea Lupita,abarrotes,84,18.454588,-97.395231,https://mitehuacan.mx/?ruta=zapotitlan
2,Miscelanea Ceci,abarrotes,86,18.443397,-97.398644,https://mitehuacan.mx/?ruta=zapotitlan
2,Tienda De Abarrotes Marvin,abarrotes,86,18.328209,-97.47394,https://mitehuacan.mx/?ruta=zapotitlan
2,Miscelanea Juquilita,abarrotes,87,18.454454,-97.393385,https://mitehuacan.mx/?ruta=zapotitlan
2,Miscelanea Lolita,abarrotes,93,18.455317,-97.393486,https://mitehuacan.mx/?ruta=zapotitlan
2,Miscelanea Tellez,abarrotes,93,18.432496,-97.40624,https://mitehuacan.mx/?ruta=zapotitlan
2,Tienda Lobo Abarrotero,abarrotes,96,18.455866,-97.391618,https://mitehuacan.mx/?ruta=zapotitlan
2,Tienda De Abarrotes Girasoles,abarrotes,99,18.454835,-97.391618,https://mitehuacan.mx/?ruta=zapotitlan
2,Abarrotes Estrella De Oriente,abarrotes,100,18.457453,-97.391614,https://mitehuacan.mx/?ruta=zapotitlan
2,Miscelanea Daniela,abarrotes,100,18.453497,-97.395429,https://mitehuacan.mx/?ruta=zapotitlan
2,Miscelanea Garcia,abarrotes,101,18.435198,-97.40552,https://mitehuacan.mx/?ruta=zapotitlan
2,Miscelanea Marcos,abarrotes,101,18.433138,-97.408681,https://mitehuacan.mx/?ruta=zapotitlan
2,Miscelanea Lupita,abarrotes,103,18.454501,-97.395423,https://mitehuacan.mx/?ruta=zapotitlan
2,Miscelanea Toscano,abarrotes,111,18.328345,-97.47511,https://mitehuacan.mx/?ruta=zapotitlan
2,Miscelanea Charly,abarrotes,113,18.453564,-97.391515,https://mitehuacan.mx/?ruta=zapotitlan
2,Miscelanea El Calvario,abarrotes,115,18.453337,-97.3915,https://mitehuacan.mx/?ruta=zapotitlan
2,Tienda Miscelanea Sin Nombre,abarrotes,115,18.453219,-97.391503,https://mitehuacan.mx/?ruta=zapotitlan
2,Tienda Sin Nombre,abarrotes,120,18.432257,-97.406148,https://mitehuacan.mx/?ruta=zapotitlan
2,Miscelanea Don Nacho,abarrotes,129,18.432025,-97.406356,https://mitehuacan.mx/?ruta=zapotitlan
2,Miscelanea La Abejita,abarrotes,133,18.452838,-97.395744,https://mitehuacan.mx/?ruta=zapotitlan
2,Tiendita La Joya,abarrotes,135,18.430483,-97.413295,https://mitehuacan.mx/?ruta=zapotitlan
2,Mini Super Torre Norte,abarrotes,137,18.434619,-97.402251,https://mitehuacan.mx/?ruta=zapotitlan
2,Miscelanea Alexis,abarrotes,137,18.328587,-97.475026,https://mitehuacan.mx/?ruta=zapotitlan
2,Miscelanea Sin Nombre,abarrotes,137,18.327616,-97.476415,https://mitehuacan.mx/?ruta=zapotitlan
2,Miscelanea Liquito,abarrotes,146,18.432899,-97.40473,https://mitehuacan.mx/?ruta=zapotitlan
2,Miscelanea Socorro,abarrotes,146,18.328425,-97.475942,https://mitehuacan.mx/?ruta=zapotitlan
2,Miscelanea Sin Nombre,abarrotes,148,18.32896,-97.473204,https://mitehuacan.mx/?ruta=zapotitlan
2,Centro De Estudios Abiertos Thomas Alva Edison,escuela,0,18.455191,-97.394383,https://mitehuacan.mx/?ruta=zapotitlan
2,Jardin De Niños Mowgly,escuela,0,18.452297,-97.394496,https://mitehuacan.mx/?ruta=zapotitlan
2,Jardin De Niños Aventuras En Pañales,escuela,3,18.453065,-97.394451,https://mitehuacan.mx/?ruta=zapotitlan
2,Universidad Cicap Oficinas,escuela,3,18.444076,-97.39747,https://mitehuacan.mx/?ruta=zapotitlan
2,Bachillerato General Oficial Frida Kahlo,escuela,4,18.430105,-97.411591,https://mitehuacan.mx/?ruta=zapotitlan
2,Instituto Tecnologico De Tehuacan,escuela,9,18.438445,-97.399796,https://mitehuacan.mx/?ruta=zapotitlan
2,Instituto Tecnologico De Tehuacan,escuela,9,18.438453,-97.399793,https://mitehuacan.mx/?ruta=zapotitlan
2,Cima Natacion,escuela,22,18.45687,-97.392752,https://mitehuacan.mx/?ruta=zapotitlan
2,Grupo Isima Tehuacan,escuela,22,18.456879,-97.392752,https://mitehuacan.mx/?ruta=zapotitlan
2,Jardin De Niños Hans Christian Andersen,escuela,26,18.453776,-97.392826,https://mitehuacan.mx/?ruta=zapotitlan
2,Preescolar Y Primaria Instituto Da Vinci,escuela,40,18.456698,-97.393342,https://mitehuacan.mx/?ruta=zapotitlan
2,Taekwondo Doyang Jungle,escuela,48,18.435662,-97.402158,https://mitehuacan.mx/?ruta=zapotitlan
2,Telesecundaria Fray Servando Teresa De Mier,escuela,49,18.329612,-97.47067,https://mitehuacan.mx/?ruta=zapotitlan
2,Jardin De Niños Julia Nava Ruisanchez,escuela,52,18.329682,-97.47063,https://mitehuacan.mx/?ruta=zapotitlan
2,Circulo De Estudios Inea,escuela,54,18.433912,-97.404724,https://mitehuacan.mx/?ruta=zapotitlan
2,Ars Nova Dance Studio,escuela,57,18.453455,-97.39394,https://mitehuacan.mx/?ruta=zapotitlan
2,Heroes Taekwondo Tehuacan,escuela,62,18.456536,-97.393116,https://mitehuacan.mx/?ruta=zapotitlan
2,Say Yes Escuela De Ingles,escuela,70,18.457556,-97.391896,https://mitehuacan.mx/?ruta=zapotitlan
2,Colegio Bertha Von Glumer Preescolar Y Primaria,escuela,73,18.458199,-97.393287,https://mitehuacan.mx/?ruta=zapotitlan
2,Escuela Primaria Diego Rivera Turno Vespertino,escuela,77,18.43382,-97.404483,https://mitehuacan.mx/?ruta=zapotitlan
2,Escuela Primaria Cuauhtemotzin,escuela,81,18.433794,-97.404444,https://mitehuacan.mx/?ruta=zapotitlan
2,Escuela Primaria Club Rotario,escuela,82,18.455133,-97.395166,https://mitehuacan.mx/?ruta=zapotitlan
2,Escuela Primaria Club Rotario Turno Vespertino,escuela,85,18.45564,-97.395149,https://mitehuacan.mx/?ruta=zapotitlan
2,Jardinde Niños Simon Bolivar,escuela,88,18.458335,-97.393281,https://mitehuacan.mx/?ruta=zapotitlan
2,Instituto De Estudios Abiertos Miguel Hidalgo,escuela,91,18.453071,-97.39346,https://mitehuacan.mx/?ruta=zapotitlan
2,Clases De Taekwondo Union De Taekwondo,escuela,92,18.453495,-97.395353,https://mitehuacan.mx/?ruta=zapotitlan
2,Enseñanza Elemental Terminal El Costurero De Mariana,escuela,96,18.455785,-97.39162,https://mitehuacan.mx/?ruta=zapotitlan
2,Preescolar Kiddos Kinder,escuela,98,18.454169,-97.393529,https://mitehuacan.mx/?ruta=zapotitlan
2,Bachillerato Oficial General Ignacio Zaragoza,escuela,102,18.328305,-97.474524,https://mitehuacan.mx/?ruta=zapotitlan
2,Escuela Primaria Ing Pastor Rouaix Turno Vespertino Clave 21,escuela,109,18.455339,-97.391516,https://mitehuacan.mx/?ruta=zapotitlan
2,Escuela Primaria Pastor Roauix Turno Matutino Clave 21Epr042,escuela,109,18.455339,-97.391516,https://mitehuacan.mx/?ruta=zapotitlan
2,Primaria Estatal Jose Maria Morelos,escuela,113,18.329732,-97.471406,https://mitehuacan.mx/?ruta=zapotitlan
2,Primaria Federal Hermanos Serdan,escuela,115,18.329666,-97.471512,https://mitehuacan.mx/?ruta=zapotitlan
2,Jardin De Niños Mirrha,escuela,125,18.440608,-97.40032,https://mitehuacan.mx/?ruta=zapotitlan
2,Studio De Baile Bracil,escuela,135,18.4588,-97.392338,https://mitehuacan.mx/?ruta=zapotitlan
2,Conservatorio De Musica Felix Salas,escuela,142,18.327463,-97.476485,https://mitehuacan.mx/?ruta=zapotitlan
2,Papeleria Cutha,papelería,0,18.32766,-97.472858,https://mitehuacan.mx/?ruta=zapotitlan
2,Papeleria Michel,papelería,3,18.432431,-97.407846,https://mitehuacan.mx/?ruta=zapotitlan
2,Papeleria Y Copias Rodriguez,papelería,3,18.430571,-97.410882,https://mitehuacan.mx/?ruta=zapotitlan
2,Papeleria Agsa,papelería,21,18.43411,-97.404973,https://mitehuacan.mx/?ruta=zapotitlan
2,Papeleria E Impresiones Elsas,papelería,22,18.327334,-97.475362,https://mitehuacan.mx/?ruta=zapotitlan
2,Papeleria Sin Nombre,papelería,26,18.453287,-97.392834,https://mitehuacan.mx/?ruta=zapotitlan
2,Papeleria Maf,papelería,30,18.328873,-97.471216,https://mitehuacan.mx/?ruta=zapotitlan
2,Papeleria Cutha,papelería,50,18.328161,-97.472785,https://mitehuacan.mx/?ruta=zapotitlan
2,Papeleria Claudia,papelería,61,18.433912,-97.404605,https://mitehuacan.mx/?ruta=zapotitlan
2,Papeleria Ferrari,papelería,74,18.457457,-97.391861,https://mitehuacan.mx/?ruta=zapotitlan
2,Papeleria Sin Nombre,papelería,75,18.326662,-97.475115,https://mitehuacan.mx/?ruta=zapotitlan
2,Papeleria Midalu,papelería,84,18.456029,-97.395137,https://mitehuacan.mx/?ruta=zapotitlan
2,Papeleria Guppies,papelería,90,18.453994,-97.393431,https://mitehuacan.mx/?ruta=zapotitlan
2,Papeleria Rubi,papelería,90,18.454419,-97.393416,https://mitehuacan.mx/?ruta=zapotitlan
2,Papeleria San Martin,papelería,96,18.327285,-97.476056,https://mitehuacan.mx/?ruta=zapotitlan
2,Papeleria Mickey,papelería,97,18.456373,-97.391605,https://mitehuacan.mx/?ruta=zapotitlan
2,Papeleria Lupita,papelería,124,18.430758,-97.40839,https://mitehuacan.mx/?ruta=zapotitlan
2,Papeleria Sin Nombre,papelería,126,18.433308,-97.404435,https://mitehuacan.mx/?ruta=zapotitlan
2,Papeleria Y Regalos Jonhy,papelería,135,18.43213,-97.406102,https://mitehuacan.mx/?ruta=zapotitlan
2,Venta De Ropa Moda Y Estilo,ropa,2,18.327444,-97.473946,https://mitehuacan.mx/?ruta=zapotitlan
2,Maquila Guadalupe Textiles,ropa,5,18.441612,-97.398595,https://mitehuacan.mx/?ruta=zapotitlan
2,Maquiladora,ropa,6,18.451672,-97.393792,https://mitehuacan.mx/?ruta=zapotitlan
2,Maquiladora Elemental Denim,ropa,7,18.448612,-97.395437,https://mitehuacan.mx/?ruta=zapotitlan
2,Confecciones Mazara,ropa,9,18.455832,-97.39426,https://mitehuacan.mx/?ruta=zapotitlan
2,Tienda De Ropa Exterior Para Dama Maximo,ropa,11,18.455142,-97.394281,https://mitehuacan.mx/?ruta=zapotitlan
2,Tienda De Ropa Para Caballero,ropa,13,18.457468,-97.392439,https://mitehuacan.mx/?ruta=zapotitlan
2,Terminado De Ropa En General De Tehuacan,ropa,15,18.453804,-97.394322,https://mitehuacan.mx/?ruta=zapotitlan
2,Maquila De Pantalon,ropa,22,18.455558,-97.392333,https://mitehuacan.mx/?ruta=zapotitlan
2,Boutique Luna,ropa,25,18.455992,-97.392769,https://mitehuacan.mx/?ruta=zapotitlan
2,Sr. Camisas Tienda De Ropa,ropa,25,18.454635,-97.392802,https://mitehuacan.mx/?ruta=zapotitlan
2,Venta De Ropa Mava,ropa,25,18.455811,-97.392772,https://mitehuacan.mx/?ruta=zapotitlan
2,Venta De Ropa Infantiles Oscarin,ropa,26,18.453342,-97.392833,https://mitehuacan.mx/?ruta=zapotitlan
2,Tienda De Ropa Sin Nombre,ropa,30,18.32766,-97.474306,https://mitehuacan.mx/?ruta=zapotitlan
2,Modas Kary,ropa,31,18.456491,-97.392235,https://mitehuacan.mx/?ruta=zapotitlan
2,Venta De Ropa Americana,ropa,32,18.45265,-97.394783,https://mitehuacan.mx/?ruta=zapotitlan
2,Minimal Jeans,ropa,36,18.439563,-97.399862,https://mitehuacan.mx/?ruta=zapotitlan
2,Tienda De Ropa Gala,ropa,37,18.456635,-97.392885,https://mitehuacan.mx/?ruta=zapotitlan
2,Venta De Ropa Sin Nombre,ropa,38,18.32774,-97.474238,https://mitehuacan.mx/?ruta=zapotitlan
2,Bodega De Insumos Para Maquiladora,ropa,39,18.446433,-97.396767,https://mitehuacan.mx/?ruta=zapotitlan
2,Winik Tienda De Ropa Para Caballero,ropa,42,18.457965,-97.392444,https://mitehuacan.mx/?ruta=zapotitlan
2,Boutique De Ropa Mi Closet,ropa,46,18.453459,-97.394045,https://mitehuacan.mx/?ruta=zapotitlan
2,Aitana Boutique,ropa,49,18.457982,-97.393297,https://mitehuacan.mx/?ruta=zapotitlan
2,Oficinas Johans,ropa,52,18.455837,-97.393025,https://mitehuacan.mx/?ruta=zapotitlan
2,Uniformes Empresariales Cocktel,ropa,53,18.457303,-97.394178,https://mitehuacan.mx/?ruta=zapotitlan
2,El Rinconcito De Sheiin,ropa,54,18.327311,-97.475656,https://mitehuacan.mx/?ruta=zapotitlan
2,F & F Boutique,ropa,60,18.456475,-97.391951,https://mitehuacan.mx/?ruta=zapotitlan
2,Moda Coquette,ropa,60,18.456475,-97.391951,https://mitehuacan.mx/?ruta=zapotitlan
2,Venta De Ropa Yared,ropa,60,18.456625,-97.394896,https://mitehuacan.mx/?ruta=zapotitlan
2,Venta De Ropa Sin Nombre,ropa,61,18.457558,-97.391981,https://mitehuacan.mx/?ruta=zapotitlan
2,Maquiladora De Ropa De Mezclilla Para Dama Y Caballero Sin N,ropa,68,18.453494,-97.391947,https://mitehuacan.mx/?ruta=zapotitlan
2,Npm De Mexico,ropa,76,18.453403,-97.395198,https://mitehuacan.mx/?ruta=zapotitlan
2,Venta De Uniformes Filipinas Y Medicos Cerebro,ropa,76,18.45549,-97.393635,https://mitehuacan.mx/?ruta=zapotitlan
2,Bodega De Maquiladora,ropa,77,18.446446,-97.397146,https://mitehuacan.mx/?ruta=zapotitlan
2,Venta De Jeans Darling,ropa,86,18.458381,-97.392721,https://mitehuacan.mx/?ruta=zapotitlan
2,Manufacturas Centenario,ropa,88,18.455857,-97.393364,https://mitehuacan.mx/?ruta=zapotitlan
2,Tienda De Ropa Michel,ropa,88,18.328145,-97.475057,https://mitehuacan.mx/?ruta=zapotitlan
2,Industrias Textiles De Tehuacan,ropa,91,18.435158,-97.405424,https://mitehuacan.mx/?ruta=zapotitlan
2,Maquiladora,ropa,98,18.431873,-97.410584,https://mitehuacan.mx/?ruta=zapotitlan
2,Mesa De Corte De Telas,ropa,100,18.454056,-97.391624,https://mitehuacan.mx/?ruta=zapotitlan
2,Ferma Uniformes,ropa,105,18.457767,-97.391581,https://mitehuacan.mx/?ruta=zapotitlan
2,Taller De Costura Sin Nombre,ropa,113,18.432322,-97.406173,https://mitehuacan.mx/?ruta=zapotitlan
2,Tienda De Ropa Novedades Xochitl,ropa,113,18.433559,-97.404265,https://mitehuacan.mx/?ruta=zapotitlan
2,Venta De Ropa De Caballero The Juniors,ropa,113,18.453564,-97.391515,https://mitehuacan.mx/?ruta=zapotitlan
2,Grupo Textil Poblano,ropa,114,18.446002,-97.397738,https://mitehuacan.mx/?ruta=zapotitlan
2,Venta De Ropa Sin Nombre,ropa,121,18.458551,-97.394127,https://mitehuacan.mx/?ruta=zapotitlan
2,Tienda De Ropa Sin Nombre,ropa,125,18.4587,-97.392303,https://mitehuacan.mx/?ruta=zapotitlan
2,Uniformes Premier,ropa,125,18.457447,-97.391377,https://mitehuacan.mx/?ruta=zapotitlan
2,Taller De Costura Sin Nombre,ropa,126,18.434285,-97.402929,https://mitehuacan.mx/?ruta=zapotitlan
2,Local De Ropa Yared,ropa,127,18.45872,-97.393004,https://mitehuacan.mx/?ruta=zapotitlan
2,Venta De Ropa Pekes,ropa,127,18.458605,-97.394127,https://mitehuacan.mx/?ruta=zapotitlan
2,Rv Bolsos,ropa,131,18.458724,-97.393156,https://mitehuacan.mx/?ruta=zapotitlan
2,Boutique Calzado Y Lenceria,ropa,133,18.432015,-97.4063,https://mitehuacan.mx/?ruta=zapotitlan
2,Boutique Good Vibes,ropa,136,18.458751,-97.393955,https://mitehuacan.mx/?ruta=zapotitlan
2,Boutique Paseo Hidalgo,ropa,139,18.45882,-97.393048,https://mitehuacan.mx/?ruta=zapotitlan
2,Boutique Lunas,ropa,143,18.45677,-97.395679,https://mitehuacan.mx/?ruta=zapotitlan
2,Tienda De Ropa Sin Nombre,ropa,144,18.458846,-97.393797,https://mitehuacan.mx/?ruta=zapotitlan
2,Parisina,ropa,147,18.458668,-97.391732,https://mitehuacan.mx/?ruta=zapotitlan
2,Tienda De Ropa Shein,ropa,149,18.458451,-97.39147,https://mitehuacan.mx/?ruta=zapotitlan
2,Venta De Calzado,zapatería,16,18.454229,-97.394313,https://mitehuacan.mx/?ruta=zapotitlan
2,Zapateria Mago,zapatería,23,18.456698,-97.392757,https://mitehuacan.mx/?ruta=zapotitlan
2,Reparadora De Calzado Puebla,zapatería,29,18.456337,-97.392799,https://mitehuacan.mx/?ruta=zapotitlan
2,Reparadora De Calzado Perez,zapatería,45,18.456484,-97.392102,https://mitehuacan.mx/?ruta=zapotitlan
2,Taller De Calzado 3 Hermanos,zapatería,60,18.458146,-97.392725,https://mitehuacan.mx/?ruta=zapotitlan
2,Reparadora De Calzado Dani,zapatería,65,18.455315,-97.393163,https://mitehuacan.mx/?ruta=zapotitlan
2,Reparada De Calzado El Venado,zapatería,86,18.453209,-97.395292,https://mitehuacan.mx/?ruta=zapotitlan
2,Elaboracion De Zapatos Cangurines,zapatería,111,18.435341,-97.405478,https://mitehuacan.mx/?ruta=zapotitlan
2,Taller De Calzado Ciguito,zapatería,118,18.43543,-97.405452,https://mitehuacan.mx/?ruta=zapotitlan
2,Calzado Por Catalogo,zapatería,125,18.4587,-97.392303,https://mitehuacan.mx/?ruta=zapotitlan
2,Reparadora De Calzado Hidalgo,zapatería,127,18.458698,-97.392199,https://mitehuacan.mx/?ruta=zapotitlan
2,Zapateria Pachikitos,zapatería,133,18.458807,-97.392631,https://mitehuacan.mx/?ruta=zapotitlan
2,Venta De Tenis Juquilita,zapatería,139,18.458796,-97.392157,https://mitehuacan.mx/?ruta=zapotitlan
3,Lila Shop,accesorios,13,18.456557,-97.393627,https://mitehuacan.mx/?ruta=zapotitlan
3,Ark Bisuteria,accesorios,107,18.458346,-97.394238,https://mitehuacan.mx/?ruta=zapotitlan
3,Venta De Accesorios Para Niña,accesorios,131,18.458724,-97.393128,https://mitehuacan.mx/?ruta=zapotitlan
3,Venta De Accesorios Cheap Copy,accesorios,132,18.327523,-97.476386,https://mitehuacan.mx/?ruta=zapotitlan
3,Venta De Mochilas Y Bolsas Sin Nombre,accesorios,145,18.458793,-97.391996,https://mitehuacan.mx/?ruta=zapotitlan
3,Autolavado Piolin,autolavado,4,18.431301,-97.409549,https://mitehuacan.mx/?ruta=zapotitlan
3,Autolavado Y Engrasado Martinez,autolavado,4,18.442372,-97.39825,https://mitehuacan.mx/?ruta=zapotitlan
3,Autolavado El Rayo,autolavado,8,18.332168,-97.467116,https://mitehuacan.mx/?ruta=zapotitlan
3,Autolavado Castillo,autolavado,35,18.456634,-97.392866,https://mitehuacan.mx/?ruta=zapotitlan
3,Lavado Y Engrasado Lupita,autolavado,35,18.456945,-97.394312,https://mitehuacan.mx/?ruta=zapotitlan
3,Auto Lavado Car Wash,autolavado,46,18.456544,-97.393305,https://mitehuacan.mx/?ruta=zapotitlan
3,Autolavado Castillo,autolavado,96,18.458298,-97.394129,https://mitehuacan.mx/?ruta=zapotitlan
3,Auto Lavado Splash,autolavado,107,18.328923,-97.472343,https://mitehuacan.mx/?ruta=zapotitlan
3,Lavado Y Engrasado Sin Nombre,autolavado,145,18.439758,-97.400916,https://mitehuacan.mx/?ruta=zapotitlan
3,Centro Botanero La Vaquera,bar,3,18.433569,-97.406107,https://mitehuacan.mx/?ruta=zapotitlan
3,La Biblioteca Video Bar,bar,3,18.445737,-97.396712,https://mitehuacan.mx/?ruta=zapotitlan
3,Centro Botanero,bar,5,18.329365,-97.470196,https://mitehuacan.mx/?ruta=zapotitlan
3,Red Blue Bar,bar,5,18.441372,-97.398701,https://mitehuacan.mx/?ruta=zapotitlan
3,Centro Botanero Barba Roja,bar,10,18.430756,-97.410272,https://mitehuacan.mx/?ruta=zapotitlan
3,Yack Daniels,bar,29,18.456721,-97.39459,https://mitehuacan.mx/?ruta=zapotitlan
3,Bar Drinks Factory,bar,37,18.455554,-97.392191,https://mitehuacan.mx/?ruta=zapotitlan
3,Centro Botanero Kar_ Oke,bar,44,18.327649,-97.471821,https://mitehuacan.mx/?ruta=zapotitlan
3,Venta De Bebidas Balche,bar,53,18.457529,-97.394164,https://mitehuacan.mx/?ruta=zapotitlan
3,Hoster Video Bar,bar,97,18.458481,-97.39272,https://mitehuacan.mx/?ruta=zapotitlan
3,Cerveceando Bar,bar,99,18.439123,-97.400735,https://mitehuacan.mx/?ruta=zapotitlan
3,Taller De Reparacion De Bicicletas Veloz,bicicletas,2,18.433032,-97.407122,https://mitehuacan.mx/?ruta=zapotitlan
3,Taller De Bicicletas Bici Refacciones El Centro,bicicletas,11,18.32744,-97.475099,https://mitehuacan.mx/?ruta=zapotitlan
3,Venta De Bicicletas Tu Bici,bicicletas,20,18.456806,-97.394213,https://mitehuacan.mx/?ruta=zapotitlan
3,Bici Servicio Perez,bicicletas,87,18.432508,-97.406326,https://mitehuacan.mx/?ruta=zapotitlan
3,Prenda Joya,casa de empeño,2,18.431969,-97.408752,https://mitehuacan.mx/?ruta=zapotitlan
3,Casa De Empeño Real Los Arcos 2,casa de empeño,31,18.456524,-97.392822,https://mitehuacan.mx/?ruta=zapotitlan
3,Presta Cash Casa De Remates,casa de empeño,42,18.454569,-97.394036,https://mitehuacan.mx/?ruta=zapotitlan
3,Cerrajeria El Aguila,cerrajería,122,18.457972,-97.391473,https://mitehuacan.mx/?ruta=zapotitlan
3,Cerrajeria Kike,cerrajería,137,18.446916,-97.397576,https://mitehuacan.mx/?ruta=zapotitlan
3,Casa Macarena,coffee,3,18.454036,-97.392546,https://mitehuacan.mx/?ruta=zapotitlan
3,New York Pizza,comida,3,18.456494,-97.392494,https://mitehuacan.mx/?ruta=zapotitlan
3,Taqueria el Tizon Sureño,comida,130,18.45872,-97.393782,https://mitehuacan.mx/?ruta=zapotitlan
3,Yankees Pizzas,comida,133,18.458704,-97.392054,https://mitehuacan.mx/?ruta=zapotitlan
3,Ciber Sin Nombre,computación,3,18.439149,-97.399725,https://mitehuacan.mx/?ruta=zapotitlan
3,Ciber Sin Nombre,computación,98,18.327747,-97.475977,https://mitehuacan.mx/?ruta=zapotitlan
3,Ciber Cas@_Vieja,computación,135,18.328344,-97.475878,https://mitehuacan.mx/?ruta=zapotitlan
3,Servicios Electricos Sin Nombre,construcción,115,18.433165,-97.408879,https://mitehuacan.mx/?ruta=zapotitlan
3,Oficinas De Taller Mecanico Sixto,contadores,4,18.454057,-97.392535,https://mitehuacan.mx/?ruta=zapotitlan
3,Despacho Contable Sin Nombre,contadores,20,18.455499,-97.394166,https://mitehuacan.mx/?ruta=zapotitlan
3,Despacho Contable Ipsum Consultores,contadores,25,18.453097,-97.392837,https://mitehuacan.mx/?ruta=zapotitlan
3,Despacho Contable Sin Nombre,contadores,35,18.456945,-97.394312,https://mitehuacan.mx/?ruta=zapotitlan
3,Despacho Contable Y Fiscal Sin Nombre,contadores,71,18.457568,-97.394333,https://mitehuacan.mx/?ruta=zapotitlan
3,Asesores Soincothdespacho Contable,contadores,84,18.454588,-97.395231,https://mitehuacan.mx/?ruta=zapotitlan
3,Aranda Y Asociados Asesores De Negocios,contadores,88,18.455685,-97.39337,https://mitehuacan.mx/?ruta=zapotitlan
3,Despacho Contable Y Fiscal Sin Nombre,contadores,88,18.458346,-97.39364,https://mitehuacan.mx/?ruta=zapotitlan
3,Despacho Contable Sin Nombre,contadores,97,18.456056,-97.391613,https://mitehuacan.mx/?ruta=zapotitlan
3,Despacho Contable Y Fiscal Gerardo Ramirez Tobon,contadores,99,18.457464,-97.394678,https://mitehuacan.mx/?ruta=zapotitlan
3,Rampah Soluciones Estrategicas,contadores,135,18.458694,-97.392,https://mitehuacan.mx/?ruta=zapotitlan
3,Papeleria Del Tec,copias,9,18.438419,-97.399808,https://mitehuacan.mx/?ruta=zapotitlan
3,Copias Y Novedades Gady,copias,11,18.455501,-97.394251,https://mitehuacan.mx/?ruta=zapotitlan
3,Copytec Digital,copias,28,18.454435,-97.392835,https://mitehuacan.mx/?ruta=zapotitlan
3,Copias Y Papeleria Hidalgo,copias,35,18.457462,-97.392231,https://mitehuacan.mx/?ruta=zapotitlan
3,Papeleria Blancamar,copias,72,18.327391,-97.471759,https://mitehuacan.mx/?ruta=zapotitlan
3,Clonner Tennis,deportes,22,18.45687,-97.392752,https://mitehuacan.mx/?ruta=zapotitlan
3,Complejo Cultural El Calvario,deportes,115,18.452523,-97.391516,https://mitehuacan.mx/?ruta=zapotitlan
3,Venta De Tenis Sport Vpb,deportes,130,18.456762,-97.395556,https://mitehuacan.mx/?ruta=zapotitlan
3,Deposito Santa Maria,depósito,0,18.432613,-97.407787,https://mitehuacan.mx/?ruta=zapotitlan
3,Chelitas Baltazar,depósito,2,18.43199,-97.40872,https://mitehuacan.mx/?ruta=zapotitlan
3,Deposito Baltazar,depósito,2,18.431891,-97.408869,https://mitehuacan.mx/?ruta=zapotitlan
3,Modelorama Coapan,depósito,2,18.435899,-97.402569,https://mitehuacan.mx/?ruta=zapotitlan
3,Cantera Heroes De La Independencia,depósito,4,18.453967,-97.392538,https://mitehuacan.mx/?ruta=zapotitlan
3,Deposito Canelitos,depósito,4,18.453644,-97.394431,https://mitehuacan.mx/?ruta=zapotitlan
3,Deposito De Cerveza Montalvo,depósito,10,18.455287,-97.394276,https://mitehuacan.mx/?ruta=zapotitlan
3,Pue Six Coapan,depósito,94,18.430228,-97.409681,https://mitehuacan.mx/?ruta=zapotitlan
3,Tienda De Venta De Bebidas Sin Nombre,depósito,111,18.328052,-97.475896,https://mitehuacan.mx/?ruta=zapotitlan
3,Tienda De Dulces Importados Happy Munchies,dulcería,1,18.452433,-97.394492,https://mitehuacan.mx/?ruta=zapotitlan
3,Dulceria Escobedo,dulcería,4,18.45441,-97.392525,https://mitehuacan.mx/?ruta=zapotitlan
3,Dulce Tradicion,dulcería,23,18.456734,-97.392756,https://mitehuacan.mx/?ruta=zapotitlan
3,Miscelanea Sin Nombre,dulcería,25,18.455594,-97.392775,https://mitehuacan.mx/?ruta=zapotitlan
3,Asuka Venta De Materias Primas Y Utensilios Para Reposteria,dulcería,42,18.457965,-97.392444,https://mitehuacan.mx/?ruta=zapotitlan
3,Dulceria Yolita,dulcería,78,18.454465,-97.393707,https://mitehuacan.mx/?ruta=zapotitlan
3,Venta De Dulces Tipicos Mueganos El Aguila,dulcería,114,18.457619,-97.39148,https://mitehuacan.mx/?ruta=zapotitlan
3,Malvaez Selfie Studio,fotografía,5,18.455758,-97.392489,https://mitehuacan.mx/?ruta=zapotitlan
3,Foto Estudio Nova.,fotografía,99,18.455006,-97.391618,https://mitehuacan.mx/?ruta=zapotitlan
3,La Casa De La Plata,fotografía,135,18.458694,-97.392,https://mitehuacan.mx/?ruta=zapotitlan
3,Cocos Frios El Coco Feliz,frutería,1,18.433901,-97.4058,https://mitehuacan.mx/?ruta=zapotitlan
3,Frutas Y Verduras Luna De Cactus,frutería,8,18.327282,-97.474862,https://mitehuacan.mx/?ruta=zapotitlan
3,Cruz de Organo,frutería,13,18.334629,-97.457547,https://mitehuacan.mx/?ruta=zapotitlan
3,Venta De Verduras,frutería,15,18.327532,-97.474243,https://mitehuacan.mx/?ruta=zapotitlan
3,Frutas Y Verduras El Rosario,frutería,31,18.456632,-97.392828,https://mitehuacan.mx/?ruta=zapotitlan
3,Venta De Frutas Y Verduras,frutería,36,18.328093,-97.471204,https://mitehuacan.mx/?ruta=zapotitlan
3,Venta De Frutas Y Verduras Sin Nombre,frutería,40,18.453524,-97.392961,https://mitehuacan.mx/?ruta=zapotitlan
3,Venta De Frutas Y Verduras Sin Nombre,frutería,82,18.454452,-97.393338,https://mitehuacan.mx/?ruta=zapotitlan
3,Venta De Frutas Y Verduras,frutería,86,18.456636,-97.395143,https://mitehuacan.mx/?ruta=zapotitlan
3,Xochipilli,frutería,99,18.449932,-97.395773,https://mitehuacan.mx/?ruta=zapotitlan
3,El Expendio,frutería,103,18.457667,-97.391583,https://mitehuacan.mx/?ruta=zapotitlan
3,Frutas Y Verduras Juanita,frutería,123,18.454593,-97.395601,https://mitehuacan.mx/?ruta=zapotitlan
3,Funeraria Alfaro,funeraria,2,18.327442,-97.473965,https://mitehuacan.mx/?ruta=zapotitlan
3,Funerales Del Valle,funeraria,3,18.433594,-97.406068,https://mitehuacan.mx/?ruta=zapotitlan
3,Funerales Del Valle,funeraria,9,18.327435,-97.473369,https://mitehuacan.mx/?ruta=zapotitlan
3,Funerales Guadalupe,funeraria,63,18.454567,-97.393837,https://mitehuacan.mx/?ruta=zapotitlan
3,Funerales Valle De La Luz,funeraria,84,18.454588,-97.395231,https://mitehuacan.mx/?ruta=zapotitlan
3,Velatorios Y Funerales La Paz,funeraria,90,18.454093,-97.393428,https://mitehuacan.mx/?ruta=zapotitlan
3,Elaboracion De Productos Naturales Botanic,fábrica,1,18.330453,-97.469125,https://mitehuacan.mx/?ruta=zapotitlan
3,Elaboracion De Fertilizantes Fertimaxi,fábrica,2,18.333074,-97.46627,https://mitehuacan.mx/?ruta=zapotitlan
3,Tabiquera Sin Nombre,fábrica,2,18.42963,-97.412365,https://mitehuacan.mx/?ruta=zapotitlan
3,Venta De Tarimas Sin Nombre,fábrica,2,18.431802,-97.409003,https://mitehuacan.mx/?ruta=zapotitlan
3,Productos De Limpieza Margut,fábrica,3,18.327917,-97.472254,https://mitehuacan.mx/?ruta=zapotitlan
3,Venta De Piñatas Sin Nombre,fábrica,3,18.433017,-97.406943,https://mitehuacan.mx/?ruta=zapotitlan
3,Taller De Granitos Y Monumentos,fábrica,4,18.440926,-97.398899,https://mitehuacan.mx/?ruta=zapotitlan
3,Elaboracon De Sellos De Goma Ojeda,fábrica,5,18.457587,-97.393694,https://mitehuacan.mx/?ruta=zapotitlan
3,Diseños Loreans,fábrica,7,18.456601,-97.394394,https://mitehuacan.mx/?ruta=zapotitlan
3,Maquiladora Confecciones Correra,fábrica,9,18.455441,-97.394272,https://mitehuacan.mx/?ruta=zapotitlan
3,Productos Naturales Artesanales Barril De Oro,fábrica,9,18.327421,-97.473436,https://mitehuacan.mx/?ruta=zapotitlan
3,La Catedral Del Helado,fábrica,10,18.456719,-97.394328,https://mitehuacan.mx/?ruta=zapotitlan
3,Planta De Produccion Coapan Nutek,fábrica,16,18.428347,-97.414499,https://mitehuacan.mx/?ruta=zapotitlan
3,Helados Y Paletas La Oaxaqueña,fábrica,20,18.453502,-97.392393,https://mitehuacan.mx/?ruta=zapotitlan
3,Taller De Escultura,fábrica,38,18.453561,-97.394117,https://mitehuacan.mx/?ruta=zapotitlan
3,Industrias Faty,fábrica,44,18.446003,-97.397009,https://mitehuacan.mx/?ruta=zapotitlan
3,Bodega Auxiliar De Premezclas De Ganado,fábrica,46,18.440528,-97.399517,https://mitehuacan.mx/?ruta=zapotitlan
3,Fabricación De Fertilizantes Y Composta Sin Nombre,fábrica,46,18.332477,-97.466272,https://mitehuacan.mx/?ruta=zapotitlan
3,Bordados Metropolis,fábrica,53,18.457212,-97.394184,https://mitehuacan.mx/?ruta=zapotitlan
3,Productos Artesanales Apicola,fábrica,57,18.457144,-97.394298,https://mitehuacan.mx/?ruta=zapotitlan
3,Paleteria La Florecita,fábrica,64,18.457288,-97.394288,https://mitehuacan.mx/?ruta=zapotitlan
3,Taller De Artesanias De Onix Sin Nombre,fábrica,64,18.328232,-97.472972,https://mitehuacan.mx/?ruta=zapotitlan
3,Ventas De Productos Naturales Tesoro De Zapotitlan,fábrica,67,18.327211,-97.475774,https://mitehuacan.mx/?ruta=zapotitlan
3,Fabrica De Suela Sintetica Tony,fábrica,69,18.453601,-97.395131,https://mitehuacan.mx/?ruta=zapotitlan
3,Helados Rosita,fábrica,72,18.456577,-97.391843,https://mitehuacan.mx/?ruta=zapotitlan
3,Fabricacion De Cajas De Carton Probox,fábrica,87,18.446541,-97.397218,https://mitehuacan.mx/?ruta=zapotitlan
3,Fabricas De Calcio Sin Nombre,fábrica,89,18.32984,-97.46856,https://mitehuacan.mx/?ruta=zapotitlan
3,Venta De Articulos De Piel Talabarteria La Silla Poblana 2,fábrica,90,18.454406,-97.391717,https://mitehuacan.mx/?ruta=zapotitlan
3,Taller De Artesanias De Onix Gregorio,fábrica,93,18.328273,-97.473956,https://mitehuacan.mx/?ruta=zapotitlan
3,Taller De Onix Sin Nombre,fábrica,95,18.329187,-97.471779,https://mitehuacan.mx/?ruta=zapotitlan
3,Carpinteria Sin Nombre,fábrica,98,18.456641,-97.395256,https://mitehuacan.mx/?ruta=zapotitlan
3,Paleteria Y Neveria La Guadalupana,fábrica,98,18.4566,-97.391605,https://mitehuacan.mx/?ruta=zapotitlan
3,Tabiquera Sin Nombre,fábrica,122,18.43006,-97.409444,https://mitehuacan.mx/?ruta=zapotitlan
3,Taller De Costura Sin Nombre,fábrica,123,18.32828,-97.475776,https://mitehuacan.mx/?ruta=zapotitlan
3,Reparacion Y Costura Sin Nombre,fábrica,124,18.328435,-97.475388,https://mitehuacan.mx/?ruta=zapotitlan
3,Artesanias De Carrizo,fábrica,126,18.431163,-97.412143,https://mitehuacan.mx/?ruta=zapotitlan
3,Taller De Artesanias De Onix Sin Nombre,fábrica,132,18.453505,-97.395732,https://mitehuacan.mx/?ruta=zapotitlan
3,Taller De Onix Si Nombre,fábrica,132,18.328599,-97.474203,https://mitehuacan.mx/?ruta=zapotitlan
3,Taller Maderista Salinas,fábrica,132,18.328599,-97.474203,https://mitehuacan.mx/?ruta=zapotitlan
3,Carpinteria Fraternidad,fábrica,135,18.43113,-97.407628,https://mitehuacan.mx/?ruta=zapotitlan
3,Carpinteria Sin Nombre,fábrica,135,18.4305,-97.413275,https://mitehuacan.mx/?ruta=zapotitlan
3,Tienda De Artesanias De Onix Y Marmol Abigail,fábrica,146,18.327175,-97.476523,https://mitehuacan.mx/?ruta=zapotitlan
3,Gasolinera O Estación De Servicio E08036 San Martin,gasolinera,1,18.332927,-97.466424,https://mitehuacan.mx/?ruta=zapotitlan
3,Petro Zapotitlan,gasolinera,8,18.332171,-97.467113,https://mitehuacan.mx/?ruta=zapotitlan
3,Servicios Tecnologico,gasolinera,10,18.439175,-97.399453,https://mitehuacan.mx/?ruta=zapotitlan
3,Gasolineria Huajuapan,gasolinera,13,18.452716,-97.394358,https://mitehuacan.mx/?ruta=zapotitlan
3,Pemex,gasolinera,17,18.332849,-97.466724,https://mitehuacan.mx/?ruta=zapotitlan
3,Gasolinera Tecnologico,gasolinera,52,18.439125,-97.399036,https://mitehuacan.mx/?ruta=zapotitlan
3,Guarderia Amilu,guardería,88,18.455902,-97.393362,https://mitehuacan.mx/?ruta=zapotitlan
3,Balconeria Sin Nombre,herrería,11,18.328133,-97.47198,https://mitehuacan.mx/?ruta=zapotitlan
3,Puertas Automaticas San Juan,herrería,26,18.454047,-97.39282,https://mitehuacan.mx/?ruta=zapotitlan
3,Balconeria Los Home S,herrería,29,18.327803,-97.471819,https://mitehuacan.mx/?ruta=zapotitlan
3,Balconeria Sin Nombre,herrería,33,18.43072,-97.409931,https://mitehuacan.mx/?ruta=zapotitlan
3,Taller De Balconeria,herrería,83,18.328789,-97.46975,https://mitehuacan.mx/?ruta=zapotitlan
3,Balconeria Cortes,herrería,93,18.328273,-97.473956,https://mitehuacan.mx/?ruta=zapotitlan
3,Herreria Vidal,herrería,141,18.454594,-97.395771,https://mitehuacan.mx/?ruta=zapotitlan
3,Unidad Medica De Tehuacan,hospital,9,18.457042,-97.392462,https://mitehuacan.mx/?ruta=zapotitlan
3,Clinica Medica Sur,hospital,15,18.454157,-97.394314,https://mitehuacan.mx/?ruta=zapotitlan
3,Clinica San Fernando,hospital,22,18.457564,-97.392351,https://mitehuacan.mx/?ruta=zapotitlan
3,Clinica Del Carmen,hospital,91,18.454499,-97.39531,https://mitehuacan.mx/?ruta=zapotitlan
3,Iglesia de San Antonio de Pauda,iglesia,35,18.394612,-97.443511,https://mitehuacan.mx/?ruta=zapotitlan
3,Iglesia de Dios,iglesia,101,18.452432,-97.391656,https://mitehuacan.mx/?ruta=zapotitlan
3,I.B. Emmanuel,iglesia,114,18.458579,-97.393472,https://mitehuacan.mx/?ruta=zapotitlan
3,Euphoria Jewelry Joyeria Y Accesorios,joyería,42,18.457965,-97.392444,https://mitehuacan.mx/?ruta=zapotitlan
3,Venta De Plata B O,joyería,116,18.457449,-97.391463,https://mitehuacan.mx/?ruta=zapotitlan
3,Laboratorio De Analisis Clinicos,laboratorio,2,18.455896,-97.394362,https://mitehuacan.mx/?ruta=zapotitlan
3,Laboratorio De Analisis Clinicos Inmunolab Laboratorios,laboratorio,3,18.433964,-97.405503,https://mitehuacan.mx/?ruta=zapotitlan
3,Laboratorio Medico Del Chopo Sucursal Tehuacan,laboratorio,9,18.456944,-97.392465,https://mitehuacan.mx/?ruta=zapotitlan
3,Venta De Uniformes Hospitalarios,laboratorio,35,18.45792,-97.392729,https://mitehuacan.mx/?ruta=zapotitlan
3,Diagnostica Hidalgo,laboratorio,78,18.455484,-97.393284,https://mitehuacan.mx/?ruta=zapotitlan
3,Deposito Dental Bulas,laboratorio,143,18.458843,-97.393721,https://mitehuacan.mx/?ruta=zapotitlan
3,Lavanderia 360,lavandería,1,18.433755,-97.406024,https://mitehuacan.mx/?ruta=zapotitlan
3,Tintoreria Elegance,lavandería,9,18.455604,-97.394267,https://mitehuacan.mx/?ruta=zapotitlan
3,Lavanderia La Central,lavandería,35,18.431347,-97.40897,https://mitehuacan.mx/?ruta=zapotitlan
3,Lavanderia De Autoservicio Xochipilli,lavandería,42,18.452757,-97.394875,https://mitehuacan.mx/?ruta=zapotitlan
3,Lavanderia Orange Cleaners,lavandería,45,18.455987,-97.392957,https://mitehuacan.mx/?ruta=zapotitlan
3,Lavanderia Lave Ya,lavandería,53,18.435522,-97.40419,https://mitehuacan.mx/?ruta=zapotitlan
3,Lavanderia Blue Wash Line,lavandería,61,18.454446,-97.393139,https://mitehuacan.mx/?ruta=zapotitlan
3,Lavanderia Yarezza,lavandería,92,18.328912,-97.472097,https://mitehuacan.mx/?ruta=zapotitlan
3,Sastreria Emmanuel,lavandería,131,18.457446,-97.391321,https://mitehuacan.mx/?ruta=zapotitlan
3,Distribuidora Editorial Books Land,librería,100,18.456871,-97.391599,https://mitehuacan.mx/?ruta=zapotitlan
3,Cocteles De Mariscos Una Explosion De Sabores,mariscos,9,18.441451,-97.398708,https://mitehuacan.mx/?ruta=zapotitlan
3,Marisqueria Y Cocos Frios Santo Domingo,mariscos,10,18.434341,-97.405293,https://mitehuacan.mx/?ruta=zapotitlan
3,Loncheria Los Popeyes,mariscos,15,18.45365,-97.394326,https://mitehuacan.mx/?ruta=zapotitlan
3,Restaurante De Pescados Y Mariscos Los 14,mariscos,149,18.432675,-97.405026,https://mitehuacan.mx/?ruta=zapotitlan
3,Forraje San Luisito,mascotas,4,18.431993,-97.408511,https://mitehuacan.mx/?ruta=zapotitlan
3,Venta De Alimento Y Accesorios Para Mascotas Animal Track,mascotas,4,18.454138,-97.392533,https://mitehuacan.mx/?ruta=zapotitlan
3,Alimentos Victoria,mascotas,9,18.332624,-97.466609,https://mitehuacan.mx/?ruta=zapotitlan
3,Consultorio Veterinario Sin Nombre,mascotas,12,18.455471,-97.392431,https://mitehuacan.mx/?ruta=zapotitlan
3,Veterinaria Trujillo,mascotas,48,18.455947,-97.392078,https://mitehuacan.mx/?ruta=zapotitlan
3,Acuario Fish Paradise,mascotas,114,18.457302,-97.391484,https://mitehuacan.mx/?ruta=zapotitlan
3,Plasticos Erandi,mascotas,124,18.458017,-97.391472,https://mitehuacan.mx/?ruta=zapotitlan
3,Nutrel Alimentos Victoria,mascotas,147,18.328677,-97.47502,https://mitehuacan.mx/?ruta=zapotitlan
3,Materiales El Triunfo De Tehuacan,mayoreo,0,18.435062,-97.404042,https://mitehuacan.mx/?ruta=zapotitlan
3,Taller Mecanico Automotriz De La Avicola Tehuacan,mayoreo,0,18.43652,-97.401828,https://mitehuacan.mx/?ruta=zapotitlan
3,Madereria Coapan,mayoreo,1,18.432889,-97.40737,https://mitehuacan.mx/?ruta=zapotitlan
3,Venta De Maquinaria Textil Sin Nombre,mayoreo,1,18.456457,-97.394345,https://mitehuacan.mx/?ruta=zapotitlan
3,Aceros Y Materiales Goti Goav,mayoreo,2,18.444629,-97.39723,https://mitehuacan.mx/?ruta=zapotitlan
3,Materiales Cuevas,mayoreo,2,18.436153,-97.402185,https://mitehuacan.mx/?ruta=zapotitlan
3,Venta De Aditivos Autos Oxifuel,mayoreo,2,18.435681,-97.402897,https://mitehuacan.mx/?ruta=zapotitlan
3,Venta De Policarbonato Domos Y Vitrales Luz De Alba,mayoreo,3,18.431214,-97.409684,https://mitehuacan.mx/?ruta=zapotitlan
3,Reciclo Aly,mayoreo,5,18.431901,-97.40864,https://mitehuacan.mx/?ruta=zapotitlan
3,Maquinas De Coser Sin Nombre,mayoreo,11,18.455501,-97.394251,https://mitehuacan.mx/?ruta=zapotitlan
3,Plastika,mayoreo,21,18.457049,-97.392746,https://mitehuacan.mx/?ruta=zapotitlan
3,Grupo Conpremex,mayoreo,27,18.436755,-97.400919,https://mitehuacan.mx/?ruta=zapotitlan
3,Abastecedora Electrica,mayoreo,34,18.456936,-97.394313,https://mitehuacan.mx/?ruta=zapotitlan
3,Venta De Maquinaria Usada Sin Nombre,mayoreo,39,18.455586,-97.393983,https://mitehuacan.mx/?ruta=zapotitlan
3,Materiales De Construccion Necsa Sucursal Coapan,mayoreo,48,18.435662,-97.402158,https://mitehuacan.mx/?ruta=zapotitlan
3,Gumosa Distribuidora,mayoreo,60,18.456625,-97.394896,https://mitehuacan.mx/?ruta=zapotitlan
3,Materiales Guadalupe,mayoreo,62,18.328353,-97.470515,https://mitehuacan.mx/?ruta=zapotitlan
3,Venta De Articulos Para Serigrafia Multigraficas,mayoreo,89,18.454636,-97.393408,https://mitehuacan.mx/?ruta=zapotitlan
3,Refrigeracion Basculas Y Equipos Comerciales Rebecsa,mayoreo,95,18.458401,-97.393383,https://mitehuacan.mx/?ruta=zapotitlan
3,Venta De Lonas Sanmi,mayoreo,101,18.457097,-97.391594,https://mitehuacan.mx/?ruta=zapotitlan
3,Ventade Maquinas Textiles Macointeh,mayoreo,117,18.458506,-97.394128,https://mitehuacan.mx/?ruta=zapotitlan
3,Venta De Refacciones Para Maquinas De Coser Calderi Tehuacan,mayoreo,119,18.458473,-97.394237,https://mitehuacan.mx/?ruta=zapotitlan
3,Proveedora Remco De Tehuacan,mayoreo,122,18.45856,-97.394127,https://mitehuacan.mx/?ruta=zapotitlan
3,Universal Mexico Central Mx,mayoreo,122,18.458505,-97.394236,https://mitehuacan.mx/?ruta=zapotitlan
3,Reciclados Angel,mayoreo,128,18.430017,-97.409421,https://mitehuacan.mx/?ruta=zapotitlan
3,Medicine Depot,mayoreo,135,18.458689,-97.394128,https://mitehuacan.mx/?ruta=zapotitlan
3,Botica Herbolaria San Ildefonso,mayoreo,137,18.458751,-97.393961,https://mitehuacan.mx/?ruta=zapotitlan
3,Refrigeracion Basculas Y Equipos Comerciales,mayoreo,138,18.458692,-97.391933,https://mitehuacan.mx/?ruta=zapotitlan
3,Tienda De Refacciones Agromaq Del Sur,mayoreo,140,18.458796,-97.392129,https://mitehuacan.mx/?ruta=zapotitlan
3,Agroquimicos Urbania,mayoreo,141,18.458699,-97.394237,https://mitehuacan.mx/?ruta=zapotitlan
3,Articulos Para El Hogar Dehogar,mayoreo,143,18.45884,-97.393636,https://mitehuacan.mx/?ruta=zapotitlan
3,Venta De Articulos De Seguridad Industrial Edi Max Extintore,mayoreo,143,18.457023,-97.391193,https://mitehuacan.mx/?ruta=zapotitlan
3,Venta De Cierres Zipper Depot,mercería,10,18.456391,-97.394243,https://mitehuacan.mx/?ruta=zapotitlan
3,Hilos Lobo,mercería,53,18.457511,-97.394165,https://mitehuacan.mx/?ruta=zapotitlan
3,Merceria Telas Del Centro,mercería,67,18.457765,-97.394258,https://mitehuacan.mx/?ruta=zapotitlan
3,Comercializadora Reforma,mercería,104,18.45831,-97.394238,https://mitehuacan.mx/?ruta=zapotitlan
3,Venta De Cierres Y Botones Creaciones Andy,mercería,124,18.458578,-97.394127,https://mitehuacan.mx/?ruta=zapotitlan
3,Merceria Javier Heriberto Velasco Recio,mercería,131,18.458724,-97.393156,https://mitehuacan.mx/?ruta=zapotitlan
3,El Globito,mercería,135,18.458382,-97.391574,https://mitehuacan.mx/?ruta=zapotitlan
3,Entre Costuras Merceria,mercería,145,18.458509,-97.391574,https://mitehuacan.mx/?ruta=zapotitlan
3,Arrendadora Lc,minera,5,18.448112,-97.39567,https://mitehuacan.mx/?ruta=zapotitlan
3,Cantera De Onix Sin Nombre,minera,33,18.36,-97.437222,https://mitehuacan.mx/?ruta=zapotitlan
3,Cantera De Onix La Tendida,minera,54,18.404189,-97.441105,https://mitehuacan.mx/?ruta=zapotitlan
3,Cantera De Onix Sin Nombre,minera,54,18.404189,-97.441105,https://mitehuacan.mx/?ruta=zapotitlan
3,Micrimisal,minera,67,18.328422,-97.472546,https://mitehuacan.mx/?ruta=zapotitlan
3,Salinas Las Chiquitas,minera,79,18.347319,-97.450145,https://mitehuacan.mx/?ruta=zapotitlan
3,Salinas Sin Nombre,minera,79,18.347319,-97.450145,https://mitehuacan.mx/?ruta=zapotitlan
3,Servicio De Transporte Sin Nombre,minera,129,18.44545,-97.398156,https://mitehuacan.mx/?ruta=zapotitlan
3,Trituradora De Piedra,minera,149,18.397785,-97.445748,https://mitehuacan.mx/?ruta=zapotitlan
3,Bicimotos Coapan Express,motos,3,18.430619,-97.410809,https://mitehuacan.mx/?ruta=zapotitlan
3,Refacciones Para Motos Sin Nombre,motos,4,18.328566,-97.47121,https://mitehuacan.mx/?ruta=zapotitlan
3,Motopartes El Chino,motos,9,18.33271,-97.466519,https://mitehuacan.mx/?ruta=zapotitlan
3,De Los Angeles Motors Venta De Motos Yamaha,motos,10,18.45649,-97.39424,https://mitehuacan.mx/?ruta=zapotitlan
3,Motoservicios Feliciano,motos,29,18.432159,-97.407832,https://mitehuacan.mx/?ruta=zapotitlan
3,Motocicletas Italika Distribuidor,motos,53,18.457456,-97.394168,https://mitehuacan.mx/?ruta=zapotitlan
3,Squalos Moto Works,motos,97,18.454603,-97.393513,https://mitehuacan.mx/?ruta=zapotitlan
3,Bar Los Dragones,negocio,0,18.457603,-97.392735,https://mitehuacan.mx/?ruta=zapotitlan
3,Gimnasio Gym,negocio,0,18.457603,-97.392735,https://mitehuacan.mx/?ruta=zapotitlan
3,Venta De Postres Sativa Reposteria,negocio,0,18.455073,-97.394388,https://mitehuacan.mx/?ruta=zapotitlan
3,Bodega De Electrica E Iluminacion Sary,negocio,1,18.42922,-97.412946,https://mitehuacan.mx/?ruta=zapotitlan
3,Despacho Juridico,negocio,1,18.456457,-97.394345,https://mitehuacan.mx/?ruta=zapotitlan
3,Salon De Fiestas Susfel,negocio,2,18.333142,-97.466199,https://mitehuacan.mx/?ruta=zapotitlan
3,Salon Montana,negocio,2,18.435447,-97.403247,https://mitehuacan.mx/?ruta=zapotitlan
3,Tienda De Manualidades Y Adornos Sin Nombre,negocio,2,18.444487,-97.397294,https://mitehuacan.mx/?ruta=zapotitlan
3,Imprenta Digital,negocio,3,18.44422,-97.397409,https://mitehuacan.mx/?ruta=zapotitlan
3,Envios De Paqueteria Envia,negocio,4,18.453718,-97.394428,https://mitehuacan.mx/?ruta=zapotitlan
3,Salon De Fiestas Orange Garden,negocio,4,18.453574,-97.394515,https://mitehuacan.mx/?ruta=zapotitlan
3,Sanitarios Limpios. Game Zone,negocio,4,18.45365,-97.392544,https://mitehuacan.mx/?ruta=zapotitlan
3,Baños Rojos,negocio,5,18.453508,-97.392535,https://mitehuacan.mx/?ruta=zapotitlan
3,Ferreterias Gomez Ollivier,negocio,5,18.455151,-97.392503,https://mitehuacan.mx/?ruta=zapotitlan
3,Grupo Constructor Gomez Olivier,negocio,5,18.455288,-97.392498,https://mitehuacan.mx/?ruta=zapotitlan
3,Supervision De Bachilleratos Generales Ajalpan Puebla Zona E,negocio,5,18.457487,-97.393131,https://mitehuacan.mx/?ruta=zapotitlan
3,Artesanias Y Productos Naturales Aurorita,negocio,8,18.327349,-97.473997,https://mitehuacan.mx/?ruta=zapotitlan
3,Novedades Mokeys,negocio,10,18.456391,-97.394243,https://mitehuacan.mx/?ruta=zapotitlan
3,Torno Industrial,negocio,11,18.455501,-97.394251,https://mitehuacan.mx/?ruta=zapotitlan
3,Taller De Cluch El Pollo,negocio,12,18.454889,-97.39429,https://mitehuacan.mx/?ruta=zapotitlan
3,Carpinteria Sin Nombre,negocio,15,18.453198,-97.394342,https://mitehuacan.mx/?ruta=zapotitlan
3,Serigrafia Prisma,negocio,19,18.431561,-97.408918,https://mitehuacan.mx/?ruta=zapotitlan
3,Bufete Juridico Sin Nombre,negocio,20,18.456806,-97.394213,https://mitehuacan.mx/?ruta=zapotitlan
3,Studio Jump,negocio,22,18.456861,-97.392752,https://mitehuacan.mx/?ruta=zapotitlan
3,Consultorio Juridico Iuscrim,negocio,25,18.456481,-97.392761,https://mitehuacan.mx/?ruta=zapotitlan
3,Despacho Juridico,negocio,25,18.456481,-97.392761,https://mitehuacan.mx/?ruta=zapotitlan
3,Despacho Juridico Dolores,negocio,25,18.456481,-97.392761,https://mitehuacan.mx/?ruta=zapotitlan
3,Despacho Juridico Gaytan,negocio,25,18.456481,-97.392761,https://mitehuacan.mx/?ruta=zapotitlan
3,Sindicato De Maestros De La Seccion 23,negocio,25,18.455079,-97.392789,https://mitehuacan.mx/?ruta=zapotitlan
3,Accion En Comunidad Para El Desarrollo E Integracion,negocio,26,18.454174,-97.392816,https://mitehuacan.mx/?ruta=zapotitlan
3,Despacho Juridico Mendoza Ramos Y Asociados,negocio,26,18.454156,-97.392816,https://mitehuacan.mx/?ruta=zapotitlan
3,Diseño Y Publicidad Tintas Graphisc,negocio,26,18.453405,-97.392832,https://mitehuacan.mx/?ruta=zapotitlan
3,General De Construcciones Dime,negocio,26,18.456165,-97.392769,https://mitehuacan.mx/?ruta=zapotitlan
3,Panaderia Pasteleria Sari,negocio,28,18.456659,-97.393463,https://mitehuacan.mx/?ruta=zapotitlan
3,Renta De Sillas Y Mesas Avemar,negocio,28,18.327595,-97.475156,https://mitehuacan.mx/?ruta=zapotitlan
3,Panaderia La Gloria,negocio,31,18.456909,-97.394315,https://mitehuacan.mx/?ruta=zapotitlan
3,Publicidad Grapi,negocio,32,18.457837,-97.393582,https://mitehuacan.mx/?ruta=zapotitlan
3,Mofles Monterrey,negocio,37,18.45696,-97.394202,https://mitehuacan.mx/?ruta=zapotitlan
3,Purificadora Vidmart,negocio,38,18.456412,-97.393449,https://mitehuacan.mx/?ruta=zapotitlan
3,Sanitarios Publicos Del Tianguis Xochipilli,negocio,38,18.450175,-97.395068,https://mitehuacan.mx/?ruta=zapotitlan
3,Certeza Juridica,negocio,40,18.456039,-97.392152,https://mitehuacan.mx/?ruta=zapotitlan
3,Gimnasio Taurus Gym,negocio,48,18.435662,-97.402158,https://mitehuacan.mx/?ruta=zapotitlan
3,Supervision Escolar Zona 044 Telesecundarias,negocio,49,18.329612,-97.47067,https://mitehuacan.mx/?ruta=zapotitlan
3,Tornos America,negocio,50,18.456258,-97.393454,https://mitehuacan.mx/?ruta=zapotitlan
3,Animal Gim,negocio,52,18.327222,-97.475631,https://mitehuacan.mx/?ruta=zapotitlan
3,Purificadora De Agua Vive Sanamente,negocio,55,18.457459,-97.392041,https://mitehuacan.mx/?ruta=zapotitlan
3,Panaderia La Espiga Dorada,negocio,56,18.327848,-97.475141,https://mitehuacan.mx/?ruta=zapotitlan
3,Flash Oil,negocio,58,18.455827,-97.391981,https://mitehuacan.mx/?ruta=zapotitlan
3,Santiago Coatepec-Tehuacan,negocio,59,18.433925,-97.40462,https://mitehuacan.mx/?ruta=zapotitlan
3,Comunidad Catolica La Buena Nueva,negocio,61,18.458102,-97.393658,https://mitehuacan.mx/?ruta=zapotitlan
3,Em Sublimacion,negocio,64,18.457369,-97.394283,https://mitehuacan.mx/?ruta=zapotitlan
3,Grupos De Familia Al-Anon Hijos Adultos Esperanza Para Hoy,negocio,66,18.455976,-97.393721,https://mitehuacan.mx/?ruta=zapotitlan
3,Taller De Diseño Grafico Y Recuerdos,negocio,71,18.45663,-97.395,https://mitehuacan.mx/?ruta=zapotitlan
3,Salon De Fiestas San Francisco,negocio,72,18.453874,-97.395145,https://mitehuacan.mx/?ruta=zapotitlan
3,Panaderia Don Jose,negocio,73,18.328002,-97.475132,https://mitehuacan.mx/?ruta=zapotitlan
3,Postal Impresion Digital,negocio,73,18.456578,-97.395027,https://mitehuacan.mx/?ruta=zapotitlan
3,Alquiladora De Mesas Y Sillas Casti-Rent,negocio,74,18.327206,-97.475841,https://mitehuacan.mx/?ruta=zapotitlan
3,Santuario Guadalupano,negocio,74,18.45238,-97.391912,https://mitehuacan.mx/?ruta=zapotitlan
3,Factory Fitness Gym,negocio,79,18.439679,-97.400257,https://mitehuacan.mx/?ruta=zapotitlan
3,Gimnasio Genesis,negocio,80,18.458011,-97.394243,https://mitehuacan.mx/?ruta=zapotitlan
3,Rotulos Por Computadora Diseño Grafico Y Serigrafia Señales ,negocio,80,18.454311,-97.395213,https://mitehuacan.mx/?ruta=zapotitlan
3,Click Impresion Digital,negocio,82,18.457555,-97.391782,https://mitehuacan.mx/?ruta=zapotitlan
3,Panaderia Fabi,negocio,84,18.432536,-97.406335,https://mitehuacan.mx/?ruta=zapotitlan
3,Impresion Y Estampado Sericrea,negocio,85,18.431468,-97.407955,https://mitehuacan.mx/?ruta=zapotitlan
3,Servicios Legales,negocio,86,18.454588,-97.39525,https://mitehuacan.mx/?ruta=zapotitlan
3,Alquiladora Toby,negocio,91,18.453768,-97.393439,https://mitehuacan.mx/?ruta=zapotitlan
3,Panificadora Zaragoza,negocio,93,18.430232,-97.409683,https://mitehuacan.mx/?ruta=zapotitlan
3,Xibile Salgado Y Abogados,negocio,95,18.452442,-97.395389,https://mitehuacan.mx/?ruta=zapotitlan
3,Despacho Juridico Gonzalez & Asociados,negocio,97,18.456165,-97.39161,https://mitehuacan.mx/?ruta=zapotitlan
3,Despacho Juridicos Sin Nombre,negocio,97,18.4545,-97.395366,https://mitehuacan.mx/?ruta=zapotitlan
3,Supervicion Zona Escolar 076,negocio,99,18.433697,-97.404297,https://mitehuacan.mx/?ruta=zapotitlan
3,Supervision Escolar De Primarias Federales Zona 158,negocio,100,18.329653,-97.471314,https://mitehuacan.mx/?ruta=zapotitlan
3,Estacionamiento El Paseo Hidalgo,negocio,101,18.458517,-97.392719,https://mitehuacan.mx/?ruta=zapotitlan
3,Salon Del Reino De Los Testigos De Jehova,negocio,106,18.326585,-97.473159,https://mitehuacan.mx/?ruta=zapotitlan
3,Panaderia Cristo Rey,negocio,108,18.454591,-97.395458,https://mitehuacan.mx/?ruta=zapotitlan
3,Supervision Escolar,negocio,108,18.328495,-97.473477,https://mitehuacan.mx/?ruta=zapotitlan
3,Panaderia Y Pasteleria Vales,negocio,109,18.457911,-97.391578,https://mitehuacan.mx/?ruta=zapotitlan
3,Fabrica De Trofeos De Campeones,negocio,113,18.328036,-97.470164,https://mitehuacan.mx/?ruta=zapotitlan
3,Maquiladora Acabados Y Diseños Cuevas,negocio,113,18.44645,-97.397516,https://mitehuacan.mx/?ruta=zapotitlan
3,Tapiceria Tapimex,negocio,114,18.457365,-97.391483,https://mitehuacan.mx/?ruta=zapotitlan
3,Despacho Juridico,negocio,115,18.457545,-97.394856,https://mitehuacan.mx/?ruta=zapotitlan
3,Imprenta Graphico,negocio,117,18.458455,-97.394237,https://mitehuacan.mx/?ruta=zapotitlan
3,Impresiones Y Diseños Indigo,negocio,117,18.456551,-97.391417,https://mitehuacan.mx/?ruta=zapotitlan
3,Mueganos El Aguila,negocio,117,18.457836,-97.391476,https://mitehuacan.mx/?ruta=zapotitlan
3,Aerolineas De Tehuacan,negocio,119,18.450528,-97.392566,https://mitehuacan.mx/?ruta=zapotitlan
3,Iglesia Bautista Emmanuel,negocio,119,18.458618,-97.393373,https://mitehuacan.mx/?ruta=zapotitlan
3,Templo Evangelico Principe De Paz,negocio,123,18.441648,-97.399792,https://mitehuacan.mx/?ruta=zapotitlan
3,Central Mexicana De Servicios Generales De Alcoholicos Anoni,negocio,126,18.434815,-97.402131,https://mitehuacan.mx/?ruta=zapotitlan
3,Purificadora Ha Agua Pureza Revitalizante,negocio,126,18.446001,-97.397863,https://mitehuacan.mx/?ruta=zapotitlan
3,Oficina Administrativa,negocio,128,18.458115,-97.39147,https://mitehuacan.mx/?ruta=zapotitlan
3,Baños Publicos Sin Nombre,negocio,129,18.434769,-97.402158,https://mitehuacan.mx/?ruta=zapotitlan
3,Purificadora De Agua Bepuri,negocio,133,18.326623,-97.476162,https://mitehuacan.mx/?ruta=zapotitlan
3,Baños Publicos,negocio,135,18.458694,-97.392,https://mitehuacan.mx/?ruta=zapotitlan
3,Club De Ajedrez Angel Randy,negocio,135,18.458694,-97.392,https://mitehuacan.mx/?ruta=zapotitlan
3,Despacho Juridico Consultor Juridico,negocio,135,18.458694,-97.392,https://mitehuacan.mx/?ruta=zapotitlan
3,Estacionamiento Guadalupe,negocio,135,18.458382,-97.391574,https://mitehuacan.mx/?ruta=zapotitlan
3,Panteon Auxiliar Las Flores,negocio,135,18.434799,-97.402021,https://mitehuacan.mx/?ruta=zapotitlan
3,Base Autobuses Caltepec-San Luis,negocio,141,18.456942,-97.391205,https://mitehuacan.mx/?ruta=zapotitlan
3,Estacionamiento Angel,negocio,145,18.457442,-97.391188,https://mitehuacan.mx/?ruta=zapotitlan
3,Gimnacio Tiger Gym,negocio,145,18.457442,-97.391188,https://mitehuacan.mx/?ruta=zapotitlan
3,Helados Martinez,nieves,3,18.431113,-97.409842,https://mitehuacan.mx/?ruta=zapotitlan
3,La Michoacana,nieves,3,18.430836,-97.410479,https://mitehuacan.mx/?ruta=zapotitlan
3,Venta De Paletas Sin Nombre,nieves,48,18.433949,-97.40477,https://mitehuacan.mx/?ruta=zapotitlan
3,Venta De Paletas Sin Nombre,nieves,58,18.433918,-97.40679,https://mitehuacan.mx/?ruta=zapotitlan
3,La flor del desierto,nieves,64,18.458158,-97.392406,https://mitehuacan.mx/?ruta=zapotitlan
3,Neveria Y Heladeria La Michoacana,nieves,140,18.457543,-97.391232,https://mitehuacan.mx/?ruta=zapotitlan
3,Sin Esperar Servicio De Reparto,paquetería,135,18.458694,-97.392,https://mitehuacan.mx/?ruta=zapotitlan
3,Parque Paseo Hidalgo,parque,11,18.454291,-97.392669,https://mitehuacan.mx/?ruta=zapotitlan
3,Parque Coapeña,parque,17,18.435863,-97.402373,https://mitehuacan.mx/?ruta=zapotitlan
3,Jardin Bodega Aurrera,parque,24,18.451363,-97.39474,https://mitehuacan.mx/?ruta=zapotitlan
3,Parque El Calvario,parque,51,18.452917,-97.392117,https://mitehuacan.mx/?ruta=zapotitlan
3,Tienda De Uñas Sublime,perfumería,17,18.457704,-97.393686,https://mitehuacan.mx/?ruta=zapotitlan
3,Yatzah Venta De Productos Para Uñas,perfumería,74,18.456261,-97.395036,https://mitehuacan.mx/?ruta=zapotitlan
3,Perfumes Y Esencias Hans Collection,perfumería,122,18.458183,-97.391574,https://mitehuacan.mx/?ruta=zapotitlan
3,Zona de Picnic Paseo Hidalgo,picnic site,11,18.453163,-97.392701,https://mitehuacan.mx/?ruta=zapotitlan
3,Venta De Pintura Y Pastas Texturiedos Textuplax,pinturas,134,18.458225,-97.39147,https://mitehuacan.mx/?ruta=zapotitlan
3,Planta De Alimentos Reproductoras,pollería,2,18.444694,-97.3972,https://mitehuacan.mx/?ruta=zapotitlan
3,Patsa,pollería,8,18.448794,-97.39505,https://mitehuacan.mx/?ruta=zapotitlan
3,Polleria Zapotitlan,pollería,9,18.327266,-97.475071,https://mitehuacan.mx/?ruta=zapotitlan
3,Taller Mecánico Automotriz De Patsa,pollería,15,18.447197,-97.395753,https://mitehuacan.mx/?ruta=zapotitlan
3,Venta De Pollo Fresco Sin Nombre,pollería,55,18.433946,-97.404647,https://mitehuacan.mx/?ruta=zapotitlan
3,Venta Al Por Menor De Pollo Fresco Sin Nombre,pollería,78,18.454451,-97.3933,https://mitehuacan.mx/?ruta=zapotitlan
3,Polleria Bezaleel,pollería,87,18.457455,-97.391738,https://mitehuacan.mx/?ruta=zapotitlan
3,Productos Agropecuarios De Tehuacan,pollería,94,18.451167,-97.395441,https://mitehuacan.mx/?ruta=zapotitlan
3,Polleria Andrea,pollería,97,18.454603,-97.393513,https://mitehuacan.mx/?ruta=zapotitlan
3,Polleria Manzanitas De Felicidad,pollería,100,18.328264,-97.474866,https://mitehuacan.mx/?ruta=zapotitlan
3,Agencia De Publicidad Publi Max,publicidad,113,18.458409,-97.394237,https://mitehuacan.mx/?ruta=zapotitlan
3,Estación De Servicio J01131,purificadora,16,18.44644,-97.396086,https://mitehuacan.mx/?ruta=zapotitlan
3,Dicorsa,purificadora,78,18.453055,-97.395214,https://mitehuacan.mx/?ruta=zapotitlan
3,Accesorios Y Regalos Candy Choc,regalos,0,18.43493,-97.404247,https://mitehuacan.mx/?ruta=zapotitlan
3,Venta De Novedades Sin Nombre,regalos,4,18.457262,-97.393718,https://mitehuacan.mx/?ruta=zapotitlan
3,Tienda De Regalos Karely,regalos,13,18.327514,-97.474243,https://mitehuacan.mx/?ruta=zapotitlan
3,Tienda De Regalos Regalot,regalos,16,18.454301,-97.394311,https://mitehuacan.mx/?ruta=zapotitlan
3,Venta De Novedades La Vida Es Bella,regalos,17,18.457704,-97.393686,https://mitehuacan.mx/?ruta=zapotitlan
3,Novedades Y Regalos Sin Nombre,regalos,21,18.457757,-97.392448,https://mitehuacan.mx/?ruta=zapotitlan
3,Novedades Diamond Gifts,regalos,27,18.455513,-97.394611,https://mitehuacan.mx/?ruta=zapotitlan
3,Novedades Y Regalos El Regalo Prometido,regalos,37,18.327234,-97.475479,https://mitehuacan.mx/?ruta=zapotitlan
3,Novedades Y Regalos Mi Caricatura Favorita,regalos,68,18.327301,-97.47579,https://mitehuacan.mx/?ruta=zapotitlan
3,Regalos De Corazon,regalos,82,18.457455,-97.391785,https://mitehuacan.mx/?ruta=zapotitlan
3,Tienda De Novedades,regalos,99,18.456844,-97.3916,https://mitehuacan.mx/?ruta=zapotitlan
3,Novedades Caro Y Eli,regalos,113,18.328986,-97.47235,https://mitehuacan.mx/?ruta=zapotitlan
3,Venta De Regalos Y Novedades Theots,regalos,117,18.458662,-97.392716,https://mitehuacan.mx/?ruta=zapotitlan
3,Novedades Y Regalos Rivera,regalos,131,18.328526,-97.475097,https://mitehuacan.mx/?ruta=zapotitlan
3,Sweet And Delicius,regalos,131,18.458726,-97.393203,https://mitehuacan.mx/?ruta=zapotitlan
3,Tienda De Regalos Shantal,regalos,134,18.458748,-97.393848,https://mitehuacan.mx/?ruta=zapotitlan
3,Novedades Rossinova,regalos,135,18.458694,-97.392,https://mitehuacan.mx/?ruta=zapotitlan
3,Tienda De Novedades Sin Nombre,regalos,135,18.458799,-97.392309,https://mitehuacan.mx/?ruta=zapotitlan
3,Taller De Rotulos Sin Nombre,rótulos,3,18.433087,-97.406837,https://mitehuacan.mx/?ruta=zapotitlan
3,Boutique Stilos,servicio,2,18.327367,-97.474935,https://mitehuacan.mx/?ruta=zapotitlan
3,Almacen De Soluciones En Abastecimiento Y Logistica,servicio,5,18.447792,-97.39581,https://mitehuacan.mx/?ruta=zapotitlan
3,Bascula Para Autos De Carga Sin Nombre,servicio,7,18.33102,-97.468404,https://mitehuacan.mx/?ruta=zapotitlan
3,Productos Hidrominerles,servicio,14,18.452573,-97.394354,https://mitehuacan.mx/?ruta=zapotitlan
3,Barber Dog Velez,servicio,25,18.455359,-97.39278,https://mitehuacan.mx/?ruta=zapotitlan
3,Prestadores De Servicios Sin Nombre,servicio,31,18.456491,-97.392235,https://mitehuacan.mx/?ruta=zapotitlan
3,Santeria,servicio,43,18.457928,-97.393299,https://mitehuacan.mx/?ruta=zapotitlan
3,Decoraciones Globi Angy,servicio,44,18.328214,-97.472489,https://mitehuacan.mx/?ruta=zapotitlan
3,Paqueteria Chila Travel Usa Mex,servicio,46,18.457461,-97.392127,https://mitehuacan.mx/?ruta=zapotitlan
3,Fubet Marquez,servicio,69,18.327966,-97.475134,https://mitehuacan.mx/?ruta=zapotitlan
3,Desayunos Calientes Escuela Primaria Hermanos Serdan,servicio,109,18.329661,-97.471427,https://mitehuacan.mx/?ruta=zapotitlan
3,Oficina Administrativa Pamec Telcel,servicio,111,18.458451,-97.394128,https://mitehuacan.mx/?ruta=zapotitlan
3,Desayunos Calientes Escuela Jose Maria Morelos,servicio,113,18.329732,-97.471406,https://mitehuacan.mx/?ruta=zapotitlan
3,Oficina De Cobros De Tv Cable Zapotitlan,servicio,126,18.328343,-97.475716,https://mitehuacan.mx/?ruta=zapotitlan
3,Estetica Canina Vets Can,servicio,129,18.456545,-97.391303,https://mitehuacan.mx/?ruta=zapotitlan
3,Servicios De Enfermeria,servicio,141,18.327291,-97.476488,https://mitehuacan.mx/?ruta=zapotitlan
3,Pozo Xochipilli,servicio de agua,32,18.451421,-97.394791,https://mitehuacan.mx/?ruta=zapotitlan
3,Cami,telas,2,18.456065,-97.394357,https://mitehuacan.mx/?ruta=zapotitlan
3,Lonas Avelar,telas,5,18.442077,-97.398384,https://mitehuacan.mx/?ruta=zapotitlan
3,Hilos Y Especialidades Pegasus,telas,11,18.455225,-97.394278,https://mitehuacan.mx/?ruta=zapotitlan
3,Hilos Y Cierres Todo Por Kilo,telas,14,18.454654,-97.394299,https://mitehuacan.mx/?ruta=zapotitlan
3,Telas Mym,telas,51,18.458064,-97.392727,https://mitehuacan.mx/?ruta=zapotitlan
3,Material Para Confeccion Y Reracion De Ropa Nepps,telas,83,18.455488,-97.393569,https://mitehuacan.mx/?ruta=zapotitlan
3,Hilos Y Especialidades Pegasus,telas,114,18.458425,-97.394237,https://mitehuacan.mx/?ruta=zapotitlan
3,Megacable,telecommunication,10,18.457627,-97.393204,https://mitehuacan.mx/?ruta=zapotitlan
3,Union Turistica Cuicateca,terminal,139,18.457543,-97.391239,https://mitehuacan.mx/?ruta=zapotitlan
3,Teatro Comunale,theatre,11,18.454166,-97.392678,https://mitehuacan.mx/?ruta=zapotitlan
3,Estacion De Carburcion Industrial Jorge Carreño,tienda,0,18.446529,-97.396339,https://mitehuacan.mx/?ruta=zapotitlan
3,724 Super 108 Tehuacan Santa Maria Coapan,tienda,1,18.434219,-97.405319,https://mitehuacan.mx/?ruta=zapotitlan
3,Productos Artesanales Regionales Si Nombre,tienda,1,18.32736,-97.47503,https://mitehuacan.mx/?ruta=zapotitlan
3,Compra Venta De Madera Y Carbon Sin Nombre,tienda,2,18.432042,-97.408642,https://mitehuacan.mx/?ruta=zapotitlan
3,Productos De Limpieza Industria Quimica El Sarrito,tienda,2,18.432009,-97.408691,https://mitehuacan.mx/?ruta=zapotitlan
3,Tienda De Aceites Y Lubricantes Royer,tienda,2,18.434463,-97.404751,https://mitehuacan.mx/?ruta=zapotitlan
3,Venta De Articulos De Limpieza Sin Nombre,tienda,2,18.432863,-97.407409,https://mitehuacan.mx/?ruta=zapotitlan
3,Venta De Licores Pomos Y Chelas,tienda,2,18.431987,-97.408724,https://mitehuacan.mx/?ruta=zapotitlan
3,Carnes Magnolia,tienda,3,18.439692,-97.399466,https://mitehuacan.mx/?ruta=zapotitlan
3,Carniceria Benny,tienda,3,18.433069,-97.406865,https://mitehuacan.mx/?ruta=zapotitlan
3,Carniceria Chalmita,tienda,3,18.432101,-97.408359,https://mitehuacan.mx/?ruta=zapotitlan
3,Carniceria Santiago,tienda,3,18.327414,-97.474336,https://mitehuacan.mx/?ruta=zapotitlan
3,Tienda De Aceites Sin Nombre,tienda,3,18.430564,-97.410893,https://mitehuacan.mx/?ruta=zapotitlan
3,Bodega De Productos El Sarrito,tienda,4,18.431301,-97.409549,https://mitehuacan.mx/?ruta=zapotitlan
3,El Artesano Paqueteria Y Arte,tienda,5,18.457494,-97.393292,https://mitehuacan.mx/?ruta=zapotitlan
3,Gasera Centro De Carburacion,tienda,5,18.448087,-97.395681,https://mitehuacan.mx/?ruta=zapotitlan
3,Pinturas Comex Sucursal Hidalgo,tienda,5,18.455446,-97.392494,https://mitehuacan.mx/?ruta=zapotitlan
3,Coatepec Mezcal Artesanal,tienda,6,18.328593,-97.471035,https://mitehuacan.mx/?ruta=zapotitlan
3,Artesanias La Cantera Y Paletas Y Helados Rene,tienda,8,18.327389,-97.473645,https://mitehuacan.mx/?ruta=zapotitlan
3,Central De Abastos De Tehuacan,tienda,8,18.449071,-97.394928,https://mitehuacan.mx/?ruta=zapotitlan
3,Pintura Diamante,tienda,9,18.430877,-97.410097,https://mitehuacan.mx/?ruta=zapotitlan
3,Venta De Plasticos Plasti Olsos,tienda,9,18.456002,-97.394255,https://mitehuacan.mx/?ruta=zapotitlan
3,Farmacia Homeopatica Bongher,tienda,11,18.327496,-97.474243,https://mitehuacan.mx/?ruta=zapotitlan
3,Cruces Yessi,tienda,12,18.434207,-97.404972,https://mitehuacan.mx/?ruta=zapotitlan
3,Mr Gas,tienda,17,18.435859,-97.40238,https://mitehuacan.mx/?ruta=zapotitlan
3,Mh Mega Helth,tienda,20,18.45716,-97.392743,https://mitehuacan.mx/?ruta=zapotitlan
3,Suplementos Alimenticios Mystems Fitness,tienda,21,18.457465,-97.392364,https://mitehuacan.mx/?ruta=zapotitlan
3,Panaderia La Fortaleza,tienda,23,18.434359,-97.405482,https://mitehuacan.mx/?ruta=zapotitlan
3,Bazar Sin Nombre,tienda,25,18.454889,-97.392795,https://mitehuacan.mx/?ruta=zapotitlan
3,Venta De Ropa,tienda,27,18.327584,-97.475091,https://mitehuacan.mx/?ruta=zapotitlan
3,Elegance By Mabel,tienda,38,18.457929,-97.392445,https://mitehuacan.mx/?ruta=zapotitlan
3,Panaderia Mi Pan,tienda,38,18.452191,-97.39486,https://mitehuacan.mx/?ruta=zapotitlan
3,Tienda Naturista Yo Soy Natural,tienda,38,18.456487,-97.392169,https://mitehuacan.mx/?ruta=zapotitlan
3,Carniceria La Doro,tienda,52,18.327819,-97.475076,https://mitehuacan.mx/?ruta=zapotitlan
3,Venta De Ropa Interior Fany Lu,tienda,52,18.432861,-97.406365,https://mitehuacan.mx/?ruta=zapotitlan
3,Carniceria Polo,tienda,57,18.432772,-97.406416,https://mitehuacan.mx/?ruta=zapotitlan
3,Gasera Mr Gas,tienda,57,18.435551,-97.402182,https://mitehuacan.mx/?ruta=zapotitlan
3,Union Regional De Artesanias De Palma Tehuacan-Cuicatlan,tienda,57,18.452558,-97.392068,https://mitehuacan.mx/?ruta=zapotitlan
3,Pinturas Y Accesorios Forestales,tienda,60,18.456625,-97.394896,https://mitehuacan.mx/?ruta=zapotitlan
3,Productos De Limpieza Ae Clean,tienda,64,18.456581,-97.391919,https://mitehuacan.mx/?ruta=zapotitlan
3,Tienda De Plastico Sin Nombre,tienda,70,18.327209,-97.475802,https://mitehuacan.mx/?ruta=zapotitlan
3,Frituras Tehuacan,tienda,72,18.457457,-97.391885,https://mitehuacan.mx/?ruta=zapotitlan
3,Club De Nutricion Herbalife,tienda,76,18.45674,-97.395044,https://mitehuacan.mx/?ruta=zapotitlan
3,Carniceria La Azucena,tienda,79,18.458309,-97.392439,https://mitehuacan.mx/?ruta=zapotitlan
3,Pinturas Pyt 7 Poniente,tienda,82,18.456742,-97.395098,https://mitehuacan.mx/?ruta=zapotitlan
3,La Neni Ropa Americana,tienda,97,18.456373,-97.391605,https://mitehuacan.mx/?ruta=zapotitlan
3,Oxxo Suc 50Vzj Avila Camacho Pbf,tienda,97,18.455635,-97.391621,https://mitehuacan.mx/?ruta=zapotitlan
3,Bazar Sin Nombre,tienda,100,18.454328,-97.391622,https://mitehuacan.mx/?ruta=zapotitlan
3,Bazar De Ropa Bety American Fashion,tienda,102,18.457242,-97.391591,https://mitehuacan.mx/?ruta=zapotitlan
3,Venta De Ropa Usada,tienda,108,18.45858,-97.392718,https://mitehuacan.mx/?ruta=zapotitlan
3,Carniceria Medrano,tienda,109,18.432027,-97.406698,https://mitehuacan.mx/?ruta=zapotitlan
3,Pomos Y Chelas,tienda,112,18.457975,-97.391577,https://mitehuacan.mx/?ruta=zapotitlan
3,Tienda De Blancos Lupita,tienda,115,18.433552,-97.404254,https://mitehuacan.mx/?ruta=zapotitlan
3,Carniceria La Providencia,tienda,120,18.327275,-97.476284,https://mitehuacan.mx/?ruta=zapotitlan
3,Compra Venta De Todo,tienda,120,18.45665,-97.395465,https://mitehuacan.mx/?ruta=zapotitlan
3,Patito Kolo,tienda,126,18.328446,-97.475454,https://mitehuacan.mx/?ruta=zapotitlan
3,Venta De Pinturas Texturplast,tienda,131,18.458162,-97.39147,https://mitehuacan.mx/?ruta=zapotitlan
3,7/24,tienda,131,18.458785,-97.392528,https://mitehuacan.mx/?ruta=zapotitlan
3,Pasteleria Cristal,tienda,132,18.45818,-97.39147,https://mitehuacan.mx/?ruta=zapotitlan
3,724 Super 102 Tehuacan Paseo Hidalgo,tienda,133,18.458804,-97.392536,https://mitehuacan.mx/?ruta=zapotitlan
3,Carniceria Sin Nombre,tienda,134,18.32823,-97.476007,https://mitehuacan.mx/?ruta=zapotitlan
3,Pasteleria La Artesanal,tienda,134,18.458811,-97.392745,https://mitehuacan.mx/?ruta=zapotitlan
3,Max Pan,tienda,135,18.458694,-97.392,https://mitehuacan.mx/?ruta=zapotitlan
3,Tienda Accesorios Importadora Veracruz,tienda,135,18.458816,-97.392894,https://mitehuacan.mx/?ruta=zapotitlan
3,Vestidos Ceremoniales Karylu,tienda,136,18.458799,-97.392271,https://mitehuacan.mx/?ruta=zapotitlan
3,Venta De Lentes Optica Reyes,tienda,137,18.45827,-97.39147,https://mitehuacan.mx/?ruta=zapotitlan
3,Venta De Pinturas La Casa Del Pintor,tienda,137,18.458798,-97.392214,https://mitehuacan.mx/?ruta=zapotitlan
3,Suplementos Alimenticios Centro De Distribucion Bio-4,tienda,140,18.458446,-97.391574,https://mitehuacan.mx/?ruta=zapotitlan
3,Gabanny Postres,tienda,142,18.458833,-97.393437,https://mitehuacan.mx/?ruta=zapotitlan
3,Tehuacan,tienda,143,18.458715,-97.394238,https://mitehuacan.mx/?ruta=zapotitlan
3,Venta De Lenceria Isabela,tienda,147,18.458424,-97.39147,https://mitehuacan.mx/?ruta=zapotitlan
3,Molino De Nixtamal San Pedro,tortillería,0,18.434414,-97.405026,https://mitehuacan.mx/?ruta=zapotitlan
3,Tortilleria La Campesina,tortillería,0,18.327571,-97.473164,https://mitehuacan.mx/?ruta=zapotitlan
3,Elaboracion De Tortillas A Mano Sin Nombre,tortillería,3,18.433459,-97.406274,https://mitehuacan.mx/?ruta=zapotitlan
3,Elaboracion De Tortillas Sin Nombre,tortillería,3,18.432267,-97.408107,https://mitehuacan.mx/?ruta=zapotitlan
3,Elaboracion De Tortillas Sin Nombre,tortillería,3,18.43308,-97.406848,https://mitehuacan.mx/?ruta=zapotitlan
3,Eleboracion De Tortillas A Mano Sin Nombre,tortillería,3,18.433477,-97.406245,https://mitehuacan.mx/?ruta=zapotitlan
3,Venta Ce Tortillas A Mano Los Arcos,tortillería,3,18.327412,-97.474355,https://mitehuacan.mx/?ruta=zapotitlan
3,Elaboracion De Tortillas Sin Nombre,tortillería,4,18.431241,-97.409838,https://mitehuacan.mx/?ruta=zapotitlan
3,Molino De Nixtamal Sin Nombre,tortillería,6,18.432763,-97.40729,https://mitehuacan.mx/?ruta=zapotitlan
3,Elaboracion De Tortillas Sin Nombre,tortillería,11,18.43054,-97.410583,https://mitehuacan.mx/?ruta=zapotitlan
3,Venta De Tortillas A Mano Sin Nombre,tortillería,11,18.32744,-97.475099,https://mitehuacan.mx/?ruta=zapotitlan
3,Molino De Nixtamal Hernandez,tortillería,14,18.433167,-97.40654,https://mitehuacan.mx/?ruta=zapotitlan
3,Venta De Antojitos Sin Nombre,tortillería,14,18.430416,-97.410711,https://mitehuacan.mx/?ruta=zapotitlan
3,Venta De Tortillas De Mano,tortillería,14,18.4546,-97.394301,https://mitehuacan.mx/?ruta=zapotitlan
3,Elaboracion Y Venta De Tortillas,tortillería,25,18.45269,-97.392843,https://mitehuacan.mx/?ruta=zapotitlan
3,Venta De Tortillas Sin Nombre,tortillería,26,18.45364,-97.392828,https://mitehuacan.mx/?ruta=zapotitlan
3,Elaboracion De Tortillas Sin Nombre,tortillería,27,18.432163,-97.40786,https://mitehuacan.mx/?ruta=zapotitlan
3,Molino De Nixtamal San Alejandro,tortillería,30,18.433969,-97.405039,https://mitehuacan.mx/?ruta=zapotitlan
3,Tortillas Hechas A Mano Sin Nombre,tortillería,33,18.434077,-97.404814,https://mitehuacan.mx/?ruta=zapotitlan
3,Elaboracion De Tortillas Sin Nombre,tortillería,37,18.433913,-97.405002,https://mitehuacan.mx/?ruta=zapotitlan
3,Elaboracion De Tortillas A Mano Sin Nombre,tortillería,38,18.433895,-97.40502,https://mitehuacan.mx/?ruta=zapotitlan
3,Elaboracion De Tortillas Sin Nombre,tortillería,41,18.433986,-97.404817,https://mitehuacan.mx/?ruta=zapotitlan
3,Venta De Tortillas De Mano Sin Nombre,tortillería,41,18.430899,-97.409534,https://mitehuacan.mx/?ruta=zapotitlan
3,Elaboracion De Tortillas A Mano Sin Nombre,tortillería,42,18.433198,-97.407618,https://mitehuacan.mx/?ruta=zapotitlan
3,Elaboracion De Tortillas Y Venta De Tacos Sin Nombre,tortillería,42,18.432955,-97.406393,https://mitehuacan.mx/?ruta=zapotitlan
3,Tortillas Sin Nombre,tortillería,46,18.430131,-97.410611,https://mitehuacan.mx/?ruta=zapotitlan
3,Elaboracion De Tortillas A Mano Y Comida Sin Nombre,tortillería,49,18.453428,-97.39305,https://mitehuacan.mx/?ruta=zapotitlan
3,Tortilleria Gely,tortillería,49,18.432085,-97.407617,https://mitehuacan.mx/?ruta=zapotitlan
3,Venta De Tortillas De Mano Sin Nombre,tortillería,53,18.456587,-97.392023,https://mitehuacan.mx/?ruta=zapotitlan
3,Tortillas De Mano Sin Nombre,tortillería,57,18.328815,-97.47009,https://mitehuacan.mx/?ruta=zapotitlan
3,Venta De Tortillas Sin Nombre,tortillería,64,18.440546,-97.399696,https://mitehuacan.mx/?ruta=zapotitlan
3,Tortilleria Ale,tortillería,66,18.329162,-97.469583,https://mitehuacan.mx/?ruta=zapotitlan
3,Tortillas De Mano Maria Bonita,tortillería,68,18.327964,-97.475068,https://mitehuacan.mx/?ruta=zapotitlan
3,Elaboracion De Tortillas Sin Nombre,tortillería,70,18.432715,-97.406284,https://mitehuacan.mx/?ruta=zapotitlan
3,Elaboracion De Tortillas A Mano Doña Cata,tortillería,72,18.433377,-97.407858,https://mitehuacan.mx/?ruta=zapotitlan
3,Elaboracion De Tortillas Sin Nombre,tortillería,73,18.430841,-97.40909,https://mitehuacan.mx/?ruta=zapotitlan
3,Cocina Economica Maria Del Angel,tortillería,81,18.454552,-97.393325,https://mitehuacan.mx/?ruta=zapotitlan
3,Tortilleria La Esperanza,tortillería,81,18.329024,-97.471776,https://mitehuacan.mx/?ruta=zapotitlan
3,Venta De Tortillas Sin Nombre,tortillería,81,18.433103,-97.408407,https://mitehuacan.mx/?ruta=zapotitlan
3,Venta De Tortillas Sin Nombre,tortillería,82,18.440565,-97.399885,https://mitehuacan.mx/?ruta=zapotitlan
3,Venta De Tortillas Sin Nombre,tortillería,82,18.455079,-97.395169,https://mitehuacan.mx/?ruta=zapotitlan
3,Elaboracion De Tortillas Sin Nombre,tortillería,83,18.429802,-97.410495,https://mitehuacan.mx/?ruta=zapotitlan
3,Elaboracion De Tortillas Sin Nombre,tortillería,87,18.43255,-97.406251,https://mitehuacan.mx/?ruta=zapotitlan
3,Tortilleria Sin Nombre,tortillería,91,18.326539,-97.474744,https://mitehuacan.mx/?ruta=zapotitlan
3,Molino De Nixtamal Sin Nombre,tortillería,95,18.327195,-97.47604,https://mitehuacan.mx/?ruta=zapotitlan
3,Tortilleria Guadalupana,tortillería,95,18.328394,-97.473419,https://mitehuacan.mx/?ruta=zapotitlan
3,Cocina Economica Sin Nombre,tortillería,100,18.454174,-97.391623,https://mitehuacan.mx/?ruta=zapotitlan
3,Venta De Tortillas Sin Nombre,tortillería,101,18.328269,-97.474952,https://mitehuacan.mx/?ruta=zapotitlan
3,Elaboracion De Tortillas Sin Nombre,tortillería,102,18.434542,-97.406548,https://mitehuacan.mx/?ruta=zapotitlan
3,Elaboracion De Tortillas Sin Nombre,tortillería,104,18.432034,-97.406765,https://mitehuacan.mx/?ruta=zapotitlan
3,Elaboracion De Tortillas Y Comida Sin Nombre,tortillería,105,18.432389,-97.406203,https://mitehuacan.mx/?ruta=zapotitlan
3,Tortilleria Flor Del Tepellac,tortillería,111,18.328548,-97.473407,https://mitehuacan.mx/?ruta=zapotitlan
3,Elaboracion De Antojitos Sin Nombre,tortillería,114,18.432269,-97.406233,https://mitehuacan.mx/?ruta=zapotitlan
3,Tortilleria De Harina Juquilita,tortillería,115,18.458047,-97.391575,https://mitehuacan.mx/?ruta=zapotitlan
3,Elaboracion De Tortillas Sin Nombre,tortillería,116,18.4536,-97.395577,https://mitehuacan.mx/?ruta=zapotitlan
3,Tortillas Hechas A Mano,tortillería,136,18.429893,-97.409482,https://mitehuacan.mx/?ruta=zapotitlan
3,Elaboracion De Tortillas Sin Nombre,tortillería,138,18.433544,-97.403876,https://mitehuacan.mx/?ruta=zapotitlan
3,Elaboracion De Tortillas Sin Nombre,tortillería,142,18.43341,-97.404012,https://mitehuacan.mx/?ruta=zapotitlan
3,Elaboracion De Tortillas Sin Nombre,tortillería,144,18.428885,-97.410902,https://mitehuacan.mx/?ruta=zapotitlan
3,Elaboracion Y Venta De Tortillas Sin Nombre,tortillería,144,18.43425,-97.402684,https://mitehuacan.mx/?ruta=zapotitlan
3,Tortilleria Norma,tortillería,146,18.433386,-97.403972,https://mitehuacan.mx/?ruta=zapotitlan
3,Elaboracion Y Venta De Tortillas Hechas A Mano,tortillería,150,18.434227,-97.402629,https://mitehuacan.mx/?ruta=zapotitlan
3,Oficina De Transporte,transporte,2,18.446219,-97.396479,https://mitehuacan.mx/?ruta=zapotitlan
3,Transportes Logisticos De Tehuacan,transporte,53,18.453496,-97.392082,https://mitehuacan.mx/?ruta=zapotitlan
3,Vidrios Y Aluminios Mexico,vidriería,1,18.45529,-97.39438,https://mitehuacan.mx/?ruta=zapotitlan
3,Vidrieria Sin Nombre,vidriería,3,18.43056,-97.410899,https://mitehuacan.mx/?ruta=zapotitlan
3,Vidrios Y Aluminio Eurovid,vidriería,3,18.433046,-97.406899,https://mitehuacan.mx/?ruta=zapotitlan
3,Vidrios Y Aluminios Alvarez,vidriería,7,18.327344,-97.474064,https://mitehuacan.mx/?ruta=zapotitlan
3,Vidrios Y Aluminios Dos Mil,vidriería,52,18.32687,-97.475112,https://mitehuacan.mx/?ruta=zapotitlan
3,Superfil Canceleria De Aluminio,vidriería,66,18.454412,-97.391945,https://mitehuacan.mx/?ruta=zapotitlan
3,Vidrios Y Aluminios Siom,vidriería,69,18.432664,-97.406379,https://mitehuacan.mx/?ruta=zapotitlan
3,Vidrios Y Aluminios Mejia,vidriería,76,18.435456,-97.402007,https://mitehuacan.mx/?ruta=zapotitlan
3,Vidrios Y Aluminios Sin Nombre,vidriería,148,18.456772,-97.395721,https://mitehuacan.mx/?ruta=zapotitlan
3,Invernadero Natural Grey,vivero,0,18.438193,-97.400146,https://mitehuacan.mx/?ruta=zapotitlan
3,Floreria Del Carmen,vivero,1,18.456493,-97.394344,https://mitehuacan.mx/?ruta=zapotitlan
3,Floreria Sin Nombre,vivero,2,18.327399,-97.474526,https://mitehuacan.mx/?ruta=zapotitlan
3,Floreria Cihua Cuacualzin,vivero,3,18.433506,-97.406202,https://mitehuacan.mx/?ruta=zapotitlan
3,Floreria Dalia,vivero,3,18.431069,-97.409909,https://mitehuacan.mx/?ruta=zapotitlan
3,Floreria Girasol,vivero,3,18.43247,-97.407784,https://mitehuacan.mx/?ruta=zapotitlan
3,Floreria Cortona,vivero,30,18.456896,-97.394207,https://mitehuacan.mx/?ruta=zapotitlan
3,Plantas Y Novedades La Rosa De Guadalupe,vivero,42,18.327231,-97.475527,https://mitehuacan.mx/?ruta=zapotitlan
3,Floreria Andyari,vivero,98,18.454422,-97.39352,https://mitehuacan.mx/?ruta=zapotitlan
3,Venta Al Por Menor De Plantas Naturales Vivero Jazmin,vivero,99,18.4332,-97.408547,https://mitehuacan.mx/?ruta=zapotitlan
3,Floreria Boutique Lisiantus,vivero,103,18.458305,-97.394238,https://mitehuacan.mx/?ruta=zapotitlan
